GISJOIN,YEAR,STATE,STATEA,COUNTY,COUNTYA,MSA,PLACE,PRETRACTA,TRACTA,POSTTRCTA,URBAN,AREANAME,MCD60,PLACEDC,PLACESC60,SF1,SF2,SF3,SF4,SF5,SF6,GC23,white,black,other
G3600010A0001,1960,New York,36,Albany,001,0160,01000,A,0001,,0030,TRACT A-1 ALBANY CITY,001,3,12,0,0,0,0,1,1,0,3919,128,0
G3600010A0002,1960,New York,36,Albany,001,0160,01000,A,0002,,0030,TRACT A-2 ALBANY CITY,001,3,12,0,0,0,0,0,1,0,2805,930,0
G3600010A0003,1960,New York,36,Albany,001,0160,01000,A,0003,,0030,TRACT A-3 ALBANY CITY,001,3,12,0,0,0,0,1,1,0,5976,60,0
G3600010A0004,1960,New York,36,Albany,001,0160,01000,A,0004,,0030,TRACT A-4 ALBANY CITY,001,3,12,0,0,0,0,1,1,0,5897,91,0
G3600010A0005,1960,New York,36,Albany,001,0160,01000,A,0005,,0030,TRACT A-5 ALBANY CITY,001,3,12,0,0,0,0,1,1,0,7487,48,12
G3600010A0006,1960,New York,36,Albany,001,0160,01000,A,0006,,0030,TRACT A-6 ALBANY CITY,001,3,12,0,0,0,0,1,1,0,4776,9,2
G3600010A0007,1960,New York,36,Albany,001,0160,01000,A,0007,,0030,TRACT A-7 ALBANY CITY,001,3,12,0,0,0,0,1,1,0,6277,200,0
G3600010A0008,1960,New York,36,Albany,001,0160,01000,A,0008,,0030,TRACT A-8 ALBANY CITY,001,3,12,0,0,0,0,1,1,0,3406,174,7
G3600010A0009,1960,New York,36,Albany,001,0160,01000,A,0009,,0030,TRACT A-9 ALBANY CITY,001,3,12,0,0,0,0,0,1,0,3288,1898,21
G3600010A0010,1960,New York,36,Albany,001,0160,01000,A,0010,,0030,TRACT A-10 ALBANY CITY,001,3,12,0,0,0,0,0,1,0,1511,1753,12
G3600010A0011,1960,New York,36,Albany,001,0160,01000,A,0011,,0030,TRACT A-11 ALBANY CITY,001,3,12,0,0,0,0,0,1,0,874,898,9
G3600010A0012,1960,New York,36,Albany,001,0160,01000,A,0012,,0030,TRACT A-12 ALBANY CITY,001,3,12,0,0,0,0,1,1,0,1807,73,17
G3600010A0013,1960,New York,36,Albany,001,0160,01000,A,0013,,0030,TRACT A-13 ALBANY CITY,001,3,12,0,0,0,0,1,1,0,3193,252,10
G3600010A0014,1960,New York,36,Albany,001,0160,01000,A,0014,,0030,TRACT A-14 ALBANY CITY,001,3,12,0,0,0,0,1,1,0,3297,94,4
G3600010A0015,1960,New York,36,Albany,001,0160,01000,A,0015,,0030,TRACT A-15 ALBANY CITY,001,3,12,0,0,0,0,1,1,0,5321,39,31
G3600010A0016,1960,New York,36,Albany,001,0160,01000,A,0016,,0030,TRACT A-16 ALBANY CITY,001,3,12,0,0,0,0,1,1,0,5089,1,8
G3600010A0017,1960,New York,36,Albany,001,0160,01000,A,0017,,0030,TRACT A-17 ALBANY CITY,001,3,12,0,0,0,0,1,1,0,4936,14,30
G3600010A0018,1960,New York,36,Albany,001,0160,01000,A,0018,,0030,TRACT A-18 ALBANY CITY,001,3,12,0,0,0,0,1,1,0,8773,13,0
G3600010A0019,1960,New York,36,Albany,001,0160,01000,A,0019,,0030,TRACT A-19 ALBANY CITY,001,3,12,0,0,0,0,1,1,0,7131,28,2
G3600010A0020,1960,New York,36,Albany,001,0160,01000,A,0020,,0030,TRACT A-20 ALBANY CITY,001,3,12,0,0,0,0,1,1,0,6635,2,5
G3600010A0021,1960,New York,36,Albany,001,0160,01000,A,0021,,0030,TRACT A-21 ALBANY CITY,001,3,12,0,0,0,0,1,1,0,5000,99,40
G3600010A0022,1960,New York,36,Albany,001,0160,01000,A,0022,,0030,TRACT A-22 ALBANY CITY,001,3,12,0,0,0,0,0,1,0,5200,603,5
G3600010A0023,1960,New York,36,Albany,001,0160,01000,A,0023,,0030,TRACT A-23 ALBANY CITY,001,3,12,0,0,0,0,0,1,0,4620,869,9
G3600010A0024,1960,New York,36,Albany,001,0160,01000,A,0024,,0030,TRACT A-24 ALBANY CITY,001,3,12,0,0,0,0,0,1,0,2446,1252,1
G3600010A0025,1960,New York,36,Albany,001,0160,01000,A,0025,,0030,TRACT A-25 ALBANY CITY,001,3,12,0,0,0,0,0,1,0,3784,1180,5
G3600010A0026,1960,New York,36,Albany,001,0160,01000,A,0026,,0030,TRACT A-26 ALBANY CITY,001,3,12,0,1,1,1,1,1,2,5264,28,5
G3600010AC0041,1960,New York,36,Albany,001,0160,,AC,0041,,0030,TRACT AC-41 BETHLEHEM TOWN,003,7,00,0,0,1,1,1,1,0,3434,1,10
G3600010AC0042,1960,New York,36,Albany,001,0160,,AC,0042,,0030,TRACT AC-42 BETHLEHEM TOWN,003,7,00,0,0,1,1,1,1,0,11025,12,0
G3600010AC0043,1960,New York,36,Albany,001,0160,,AC,0043,,,TRACT AC-43 BETHLEHEM TOWN,003,7,00,0,0,1,1,1,1,0,4409,44,1
G3600010AC0044,1960,New York,36,Albany,001,0160,,AC,0044,,,TRACT AC-44 COEYMANS TOWN,004,7,00,0,0,1,1,1,1,0,5462,160,0
G3600010AC0045,1960,New York,36,Albany,001,0160,,AC,0045,,,TRACT AC-45 NEW SCOTLAND TOWN,010,7,00,0,0,1,1,1,1,0,5805,11,2
G3600010AC0046,1960,New York,36,Albany,001,0160,,AC,0046,,,TRACT AC-46 GUILDERLAND TOWN,008,7,00,0,0,1,1,1,1,0,14809,50,0
G3600010AC0047,1960,New York,36,Albany,001,0160,,AC,0047,,,TRACT AC-47 GUILDERLAND TOWN,008,7,00,0,0,1,1,1,1,0,3164,3,4
G3600010AC0048,1960,New York,36,Albany,001,0160,,AC,0048,,,TRACT AC-48 BERNE TOWN,013,7,00,0,0,1,1,1,1,0,4451,3,1
G3600010C0027,1960,New York,36,Albany,001,0160,,C,0027,,0030,TRACT C-27 COHOES CITY,005,4,09,0,0,1,1,1,1,0,3151,0,4
G3600010C0028,1960,New York,36,Albany,001,0160,,C,0028,,0030,TRACT C-28 COHOES CITY,005,4,09,0,0,1,1,1,1,0,6517,1,2
G3600010C0029,1960,New York,36,Albany,001,0160,,C,0029,,0030,TRACT C-29 COHOES CITY,005,4,09,0,0,1,1,1,1,0,4734,0,8
G3600010C0030,1960,New York,36,Albany,001,0160,,C,0030,,0030,TRACT C-30 COHOES CITY,005,4,09,0,0,1,1,1,1,0,5712,0,0
G3600010CO0035,1960,New York,36,Albany,001,0160,,CO,0035,,0030,TRACT CO-35 COLONIE TOWN,006,7,00,0,0,1,1,1,1,0,12479,19,5
G3600010CO0036,1960,New York,36,Albany,001,0160,,CO,0036,,0030,TRACT CO-36 COLONIE TOWN,006,7,00,0,0,1,1,1,1,0,5685,29,3
G3600010CO0037,1960,New York,36,Albany,001,0160,,CO,0037,,,TRACT CO-37 COLONIE TOWN,006,7,00,0,0,1,1,1,1,0,11019,57,11
G3600010CO0038,1960,New York,36,Albany,001,0160,,CO,0038,,,TRACT CO-38 COLONIE TOWN,006,7,00,0,0,1,1,1,1,0,7935,48,7
G3600010CO0039,1960,New York,36,Albany,001,0160,,CO,0039,,0030,TRACT CO-39 COLONIE TOWN,006,4,07,0,0,1,1,1,1,0,6972,15,5
G3600010CO0040,1960,New York,36,Albany,001,0160,,CO,0040,,0030,TRACT CO-40 COLONIE TOWN,006,7,00,0,0,1,1,1,1,0,8469,0,2
G3600010GI0031,1960,New York,36,Albany,001,0160,,GI,0031,,0030,TRACT GI-31 GREEN ISLAND TOWN,007,4,06,0,0,1,1,1,1,0,3533,0,0
G3600010W0032,1960,New York,36,Albany,001,0160,,W,0032,,0030,TRACT W-32 WATERVLIET CITY,012,4,08,0,0,1,1,1,1,0,5110,5,0
G3600010W0033,1960,New York,36,Albany,001,0160,,W,0033,,0030,TRACT W-33 WATERVLIET CITY,012,4,08,0,0,1,1,1,1,0,5112,7,0
G3600010W0034,1960,New York,36,Albany,001,0160,,W,0034,,0030,TRACT W-34 WATERVLIET CITY,012,4,08,0,0,1,1,1,1,0,3673,9,1
G36000500001,1960,New York,36,Bronx,005,5600,51000,,0001,,1450,TRACT 1     NEW YORK CITY BRONX,001,3,15,0,0,1,0,0,0,0,1406,1771,20
G36000500002,1960,New York,36,Bronx,005,5600,51000,,0002,,1450,TRACT 2     NEW YORK CITY BRONX,001,3,15,0,0,0,0,1,1,0,1041,1,1
G36000500003,1960,New York,36,Bronx,005,5600,51000,,0003,,1450,TRACT 3     NEW YORK CITY BRONX,001,3,15,1,1,1,1,1,1,0,0,0,0
G36000500004,1960,New York,36,Bronx,005,5600,51000,,0004,,1450,TRACT 4     NEW YORK CITY BRONX,001,3,15,0,0,0,0,1,1,0,238,1,2
G36000500005,1960,New York,36,Bronx,005,5600,51000,,0005,,1450,TRACT 5     NEW YORK CITY BRONX,001,3,15,0,1,1,1,1,1,0,102,82,0
G36000500006,1960,New York,36,Bronx,005,5600,51000,,0006,,1450,TRACT 6     NEW YORK CITY BRONX,001,3,15,0,0,0,0,1,1,0,775,0,0
G36000500010,1960,New York,36,Bronx,005,5600,51000,,0010,,1450,TRACT 10    NEW YORK CITY BRONX,001,3,15,0,0,0,0,1,1,0,1528,22,2
G36000500011,1960,New York,36,Bronx,005,5600,51000,,0011,,1450,TRACT 11    NEW YORK CITY BRONX,001,3,15,0,0,0,0,1,0,0,1001,34,21
G36000500013,1960,New York,36,Bronx,005,5600,51000,,0013,,1450,TRACT 13    NEW YORK CITY BRONX,001,3,15,1,0,1,0,1,1,0,0,0,0
G36000500014,1960,New York,36,Bronx,005,5600,51000,,0014,,1450,TRACT 14    NEW YORK CITY BRONX,001,3,15,0,0,0,0,1,1,0,613,4,0
G36000500015,1960,New York,36,Bronx,005,5600,51000,,0015,,1450,TRACT 15    NEW YORK CITY BRONX,001,3,15,0,0,1,0,1,1,0,193,126,0
G36000500016,1960,New York,36,Bronx,005,5600,51000,,0016,,1450,TRACT 16    NEW YORK CITY BRONX,001,3,15,0,0,0,0,1,1,0,69,0,0
G36000500017,1960,New York,36,Bronx,005,5600,51000,,0017,,1450,TRACT 17    NEW YORK CITY BRONX,001,3,15,0,0,0,0,0,0,0,2459,607,1
G36000500018,1960,New York,36,Bronx,005,5600,51000,,0018,,1450,TRACT 18    NEW YORK CITY BRONX,001,3,15,0,0,0,0,1,1,0,569,22,0
G36000500020,1960,New York,36,Bronx,005,5600,51000,,0020,,1450,TRACT 20    NEW YORK CITY BRONX,001,3,15,0,0,0,0,0,0,0,6631,2809,51
G36000500023,1960,New York,36,Bronx,005,5600,51000,,0023,,1450,TRACT 23    NEW YORK CITY BRONX,001,3,15,0,0,0,0,0,0,0,4524,412,44
G36000500024,1960,New York,36,Bronx,005,5600,51000,,0024,,1450,TRACT 24    NEW YORK CITY BRONX,001,3,15,1,1,1,1,1,1,0,0,0,0
G36000500025,1960,New York,36,Bronx,005,5600,51000,,0025,,1450,TRACT 25    NEW YORK CITY BRONX,001,3,15,0,0,0,0,0,0,0,8687,1666,27
G360005000270,1960,New York,36,Bronx,005,5600,51000,,0027,0,1450,TRACT 27-0  NEW YORK CITY BRONX,001,3,15,0,0,0,0,0,0,0,4062,1232,30
G360005000271,1960,New York,36,Bronx,005,5600,51000,,0027,1,1450,TRACT 27-1  NEW YORK CITY BRONX,001,3,15,0,0,0,0,0,0,0,9198,530,22
G36000500028,1960,New York,36,Bronx,005,5600,51000,,0028,,1450,TRACT 28    NEW YORK CITY BRONX,001,3,15,0,0,0,0,1,1,0,272,23,0
G36000500031,1960,New York,36,Bronx,005,5600,51000,,0031,,1450,TRACT 31    NEW YORK CITY BRONX,001,3,15,0,0,0,0,1,0,0,2195,132,13
G36000500033,1960,New York,36,Bronx,005,5600,51000,,0033,,1450,TRACT 33    NEW YORK CITY BRONX,001,3,15,0,0,0,0,0,0,0,7020,871,45
G36000500035,1960,New York,36,Bronx,005,5600,51000,,0035,,1450,TRACT 35    NEW YORK CITY BRONX,001,3,15,0,0,0,0,1,0,0,3081,221,5
G36000500036,1960,New York,36,Bronx,005,5600,51000,,0036,,1450,TRACT 36    NEW YORK CITY BRONX,001,3,15,1,1,1,1,1,1,0,0,0,0
G36000500037,1960,New York,36,Bronx,005,5600,51000,,0037,,1450,TRACT 37    NEW YORK CITY BRONX,001,3,15,0,0,1,0,1,1,0,730,12,1
G36000500038,1960,New York,36,Bronx,005,5600,51000,,0038,,1450,TRACT 38    NEW YORK CITY BRONX,001,3,15,0,0,0,0,1,1,0,350,37,19
G36000500039,1960,New York,36,Bronx,005,5600,51000,,0039,,1450,TRACT 39    NEW YORK CITY BRONX,001,3,15,0,0,0,0,0,0,0,9415,1655,51
G360005000400,1960,New York,36,Bronx,005,5600,51000,,0040,0,1450,TRACT 40-0  NEW YORK CITY BRONX,001,3,15,0,0,0,0,1,1,0,879,0,4
G360005000401,1960,New York,36,Bronx,005,5600,51000,,0040,1,1450,TRACT 40-1  NEW YORK CITY BRONX,001,3,15,1,1,1,1,1,1,0,0,0,0
G36000500041,1960,New York,36,Bronx,005,5600,51000,,0041,,1450,TRACT 41    NEW YORK CITY BRONX,001,3,15,0,0,0,0,0,0,0,4215,643,13
G36000500042,1960,New York,36,Bronx,005,5600,51000,,0042,,1450,TRACT 42    NEW YORK CITY BRONX,001,3,15,1,1,1,1,1,1,0,0,0,0
G36000500043,1960,New York,36,Bronx,005,5600,51000,,0043,,1450,TRACT 43    NEW YORK CITY BRONX,001,3,15,0,0,0,0,0,0,0,12280,1415,57
G36000500044,1960,New York,36,Bronx,005,5600,51000,,0044,,1450,TRACT 44    NEW YORK CITY BRONX,001,3,15,0,0,0,0,0,0,0,4322,2209,22
G36000500046,1960,New York,36,Bronx,005,5600,51000,,0046,,1450,TRACT 46    NEW YORK CITY BRONX,001,3,15,0,0,0,0,1,1,0,989,386,0
G36000500047,1960,New York,36,Bronx,005,5600,51000,,0047,,1450,TRACT 47    NEW YORK CITY BRONX,001,3,15,0,0,0,0,0,0,0,4168,4454,28
G36000500048,1960,New York,36,Bronx,005,5600,51000,,0048,,1450,TRACT 48    NEW YORK CITY BRONX,001,3,15,0,0,0,0,1,1,0,3360,20,19
G36000500049,1960,New York,36,Bronx,005,5600,51000,,0049,,1450,TRACT 49    NEW YORK CITY BRONX,001,3,15,0,0,0,0,0,1,0,473,598,21
G36000500050,1960,New York,36,Bronx,005,5600,51000,,0050,,1450,TRACT 50    NEW YORK CITY BRONX,001,3,15,0,0,0,0,1,0,0,8652,330,18
G36000500052,1960,New York,36,Bronx,005,5600,51000,,0052,,1450,TRACT 52    NEW YORK CITY BRONX,001,3,15,0,0,0,0,1,1,0,1869,65,3
G36000500053,1960,New York,36,Bronx,005,5600,51000,,0053,,1450,TRACT 53    NEW YORK CITY BRONX,001,3,15,1,1,1,1,1,1,0,0,0,0
G36000500054,1960,New York,36,Bronx,005,5600,51000,,0054,,1450,TRACT 54    NEW YORK CITY BRONX,001,3,15,0,0,0,0,0,0,0,5011,467,21
G36000500056,1960,New York,36,Bronx,005,5600,51000,,0056,,1450,TRACT 56    NEW YORK CITY BRONX,001,3,15,0,0,0,0,1,0,0,2195,200,0
G36000500057,1960,New York,36,Bronx,005,5600,51000,,0057,,1450,TRACT 57    NEW YORK CITY BRONX,001,3,15,0,0,0,0,0,1,0,781,420,5
G36000500058,1960,New York,36,Bronx,005,5600,51000,,0058,,1450,TRACT 58    NEW YORK CITY BRONX,001,3,15,1,1,1,1,1,1,0,0,0,0
G36000500059,1960,New York,36,Bronx,005,5600,51000,,0059,,1450,TRACT 59    NEW YORK CITY BRONX,001,3,15,0,0,0,0,1,1,0,6624,33,4
G36000500060,1960,New York,36,Bronx,005,5600,51000,,0060,,1450,TRACT 60    NEW YORK CITY BRONX,001,3,15,0,0,0,0,1,1,0,1184,65,0
G36000500061,1960,New York,36,Bronx,005,5600,51000,,0061,,1450,TRACT 61    NEW YORK CITY BRONX,001,3,15,1,1,1,1,1,1,0,0,0,0
G36000500062,1960,New York,36,Bronx,005,5600,51000,,0062,,1450,TRACT 62    NEW YORK CITY BRONX,001,3,15,0,0,0,0,0,0,0,4767,2782,32
G36000500064,1960,New York,36,Bronx,005,5600,51000,,0064,,1450,TRACT 64    NEW YORK CITY BRONX,001,3,15,0,0,0,0,1,1,0,1933,199,0
G36000500065,1960,New York,36,Bronx,005,5600,51000,,0065,,1450,TRACT 65    NEW YORK CITY BRONX,001,3,15,0,0,0,0,0,0,0,5675,518,6
G36000500066,1960,New York,36,Bronx,005,5600,51000,,0066,,1450,TRACT 66    NEW YORK CITY BRONX,001,3,15,0,0,0,0,1,1,0,3314,52,18
G36000500067,1960,New York,36,Bronx,005,5600,51000,,0067,,1450,TRACT 67    NEW YORK CITY BRONX,001,3,15,0,0,0,0,0,0,0,8367,2659,57
G36000500068,1960,New York,36,Bronx,005,5600,51000,,0068,,1450,TRACT 68    NEW YORK CITY BRONX,001,3,15,0,0,0,0,1,1,0,1690,26,3
G36000500069,1960,New York,36,Bronx,005,5600,51000,,0069,,1450,TRACT 69    NEW YORK CITY BRONX,001,3,15,0,0,0,0,1,0,0,6598,383,20
G36000500070,1960,New York,36,Bronx,005,5600,51000,,0070,,1450,TRACT 70    NEW YORK CITY BRONX,001,3,15,0,0,0,0,1,1,0,3103,15,4
G36000500071,1960,New York,36,Bronx,005,5600,51000,,0071,,1450,TRACT 71    NEW YORK CITY BRONX,001,3,15,0,0,0,0,0,0,0,6308,579,21
G36000500072,1960,New York,36,Bronx,005,5600,51000,,0072,,1450,TRACT 72    NEW YORK CITY BRONX,001,3,15,0,0,0,0,1,1,0,4378,2,40
G36000500073,1960,New York,36,Bronx,005,5600,51000,,0073,,1450,TRACT 73    NEW YORK CITY BRONX,001,3,15,0,0,0,0,0,0,0,6057,1106,36
G36000500074,1960,New York,36,Bronx,005,5600,51000,,0074,,1450,TRACT 74    NEW YORK CITY BRONX,001,3,15,0,0,0,1,1,1,0,48,0,0
G36000500075,1960,New York,36,Bronx,005,5600,51000,,0075,,1450,TRACT 75    NEW YORK CITY BRONX,001,3,15,0,0,0,0,0,0,0,8520,4403,31
G36000500077,1960,New York,36,Bronx,005,5600,51000,,0077,,1450,TRACT 77    NEW YORK CITY BRONX,001,3,15,0,0,0,0,0,0,0,3941,2122,16
G36000500078,1960,New York,36,Bronx,005,5600,51000,,0078,,1450,TRACT 78    NEW YORK CITY BRONX,001,3,15,0,0,0,0,1,1,0,4674,5,17
G36000500079,1960,New York,36,Bronx,005,5600,51000,,0079,,1450,TRACT 79    NEW YORK CITY BRONX,001,3,15,0,0,0,0,0,0,0,7231,1338,20
G36000500081,1960,New York,36,Bronx,005,5600,51000,,0081,,1450,TRACT 81    NEW YORK CITY BRONX,001,3,15,1,1,1,1,1,1,0,0,0,0
G36000500083,1960,New York,36,Bronx,005,5600,51000,,0083,,1450,TRACT 83    NEW YORK CITY BRONX,001,3,15,0,0,0,0,0,0,0,11617,872,62
G36000500084,1960,New York,36,Bronx,005,5600,51000,,0084,,1450,TRACT 84    NEW YORK CITY BRONX,001,3,15,0,0,0,0,1,1,0,292,65,0
G36000500085,1960,New York,36,Bronx,005,5600,51000,,0085,,1450,TRACT 85    NEW YORK CITY BRONX,001,3,15,0,0,0,0,0,0,0,6917,2114,30
G36000500086,1960,New York,36,Bronx,005,5600,51000,,0086,,1450,TRACT 86    NEW YORK CITY BRONX,001,3,15,0,0,0,0,1,1,0,3005,233,3
G36000500087,1960,New York,36,Bronx,005,5600,51000,,0087,,1450,TRACT 87    NEW YORK CITY BRONX,001,3,15,0,0,0,0,0,0,0,10143,5764,72
G36000500088,1960,New York,36,Bronx,005,5600,51000,,0088,,1450,TRACT 88    NEW YORK CITY BRONX,001,3,15,0,0,0,0,1,1,0,448,6,0
G36000500089,1960,New York,36,Bronx,005,5600,51000,,0089,,1450,TRACT 89    NEW YORK CITY BRONX,001,3,15,0,0,0,0,0,0,0,5618,541,16
G36000500091,1960,New York,36,Bronx,005,5600,51000,,0091,,1450,TRACT 91    NEW YORK CITY BRONX,001,3,15,0,0,0,0,1,1,0,287,5,0
G36000500092,1960,New York,36,Bronx,005,5600,51000,,0092,,1450,TRACT 92    NEW YORK CITY BRONX,001,3,15,0,0,0,0,1,1,0,4598,31,9
G36000500094,1960,New York,36,Bronx,005,5600,51000,,0094,,1450,TRACT 94    NEW YORK CITY BRONX,001,3,15,0,0,0,0,1,1,0,1055,0,1
G36000500097,1960,New York,36,Bronx,005,5600,51000,,0097,,1450,TRACT 97    NEW YORK CITY BRONX,001,3,15,0,0,0,0,1,1,0,274,72,0
G36000500098,1960,New York,36,Bronx,005,5600,51000,,0098,,1450,TRACT 98    NEW YORK CITY BRONX,001,3,15,0,0,0,0,1,1,0,3087,5,14
G36000500099,1960,New York,36,Bronx,005,5600,51000,,0099,,1450,TRACT 99    NEW YORK CITY BRONX,001,3,15,0,0,0,0,0,0,0,5462,1178,35
G36000500102,1960,New York,36,Bronx,005,5600,51000,,0102,,1450,TRACT 102   NEW YORK CITY BRONX,001,3,15,1,1,1,1,1,1,0,0,0,0
G36000500104,1960,New York,36,Bronx,005,5600,51000,,0104,,1450,TRACT 104   NEW YORK CITY BRONX,001,3,15,0,1,1,1,1,1,0,31,0,0
G36000500105,1960,New York,36,Bronx,005,5600,51000,,0105,,1450,TRACT 105   NEW YORK CITY BRONX,001,3,15,1,1,1,1,1,1,0,0,0,0
G36000500107,1960,New York,36,Bronx,005,5600,51000,,0107,,1450,TRACT 107   NEW YORK CITY BRONX,001,3,15,0,1,1,1,1,1,0,12,5,0
G36000500110,1960,New York,36,Bronx,005,5600,51000,,0110,,1450,TRACT 110   NEW YORK CITY BRONX,001,3,15,0,0,0,0,1,1,0,220,17,1
G360005001150,1960,New York,36,Bronx,005,5600,51000,,0115,0,1450,TRACT 115-0 NEW YORK CITY BRONX,001,3,15,0,0,0,0,1,1,0,1358,83,1
G360005001151,1960,New York,36,Bronx,005,5600,51000,,0115,1,1450,TRACT 115-1 NEW YORK CITY BRONX,001,3,15,0,0,0,0,0,0,0,4792,420,5
G36000500118,1960,New York,36,Bronx,005,5600,51000,,0118,,1450,TRACT 118   NEW YORK CITY BRONX,001,3,15,0,0,0,0,1,1,0,4339,3,6
G36000500119,1960,New York,36,Bronx,005,5600,51000,,0119,,1450,TRACT 119   NEW YORK CITY BRONX,001,3,15,0,0,0,0,0,0,0,8447,1473,54
G36000500121,1960,New York,36,Bronx,005,5600,51000,,0121,,1450,TRACT 121   NEW YORK CITY BRONX,001,3,15,0,0,0,0,0,0,0,8504,1162,21
G36000500123,1960,New York,36,Bronx,005,5600,51000,,0123,,1450,TRACT 123   NEW YORK CITY BRONX,001,3,15,0,0,0,0,0,0,0,6017,1390,24
G36000500125,1960,New York,36,Bronx,005,5600,51000,,0125,,1450,TRACT 125   NEW YORK CITY BRONX,001,3,15,0,0,0,0,0,0,0,4843,2299,21
G36000500127,1960,New York,36,Bronx,005,5600,51000,,0127,,1450,TRACT 127   NEW YORK CITY BRONX,001,3,15,0,0,0,0,0,0,0,9623,1026,21
G36000500129,1960,New York,36,Bronx,005,5600,51000,,0129,,1450,TRACT 129   NEW YORK CITY BRONX,001,3,15,0,0,0,0,0,0,0,7064,3475,49
G36000500130,1960,New York,36,Bronx,005,5600,51000,,0130,,1450,TRACT 130   NEW YORK CITY BRONX,001,3,15,0,0,0,0,1,1,0,946,0,5
G36000500131,1960,New York,36,Bronx,005,5600,51000,,0131,,1450,TRACT 131   NEW YORK CITY BRONX,001,3,15,0,0,0,0,0,0,0,4751,6127,52
G36000500132,1960,New York,36,Bronx,005,5600,51000,,0132,,1450,TRACT 132   NEW YORK CITY BRONX,001,3,15,0,0,0,0,1,1,0,4003,0,0
G36000500133,1960,New York,36,Bronx,005,5600,51000,,0133,,1450,TRACT 133   NEW YORK CITY BRONX,001,3,15,0,0,0,0,0,0,0,1733,4953,13
G36000500135,1960,New York,36,Bronx,005,5600,51000,,0135,,1450,TRACT 135   NEW YORK CITY BRONX,001,3,15,0,0,0,0,0,0,0,1011,5842,11
G36000500137,1960,New York,36,Bronx,005,5600,51000,,0137,,1450,TRACT 137   NEW YORK CITY BRONX,001,3,15,0,0,0,0,0,0,0,567,7422,30
G36000500138,1960,New York,36,Bronx,005,5600,51000,,0138,,1450,TRACT 138   NEW YORK CITY BRONX,001,3,15,0,0,0,0,1,1,0,2677,0,0
G36000500139,1960,New York,36,Bronx,005,5600,51000,,0139,,1450,TRACT 139   NEW YORK CITY BRONX,001,3,15,0,0,0,0,0,0,0,2555,3149,32
G36000500141,1960,New York,36,Bronx,005,5600,51000,,0141,,1450,TRACT 141   NEW YORK CITY BRONX,001,3,15,0,0,0,0,0,0,0,4731,694,46
G36000500143,1960,New York,36,Bronx,005,5600,51000,,0143,,1450,TRACT 143   NEW YORK CITY BRONX,001,3,15,0,0,0,0,0,1,0,1398,497,3
G36000500144,1960,New York,36,Bronx,005,5600,51000,,0144,,1450,TRACT 144   NEW YORK CITY BRONX,001,3,15,0,0,0,0,0,0,0,4200,1540,38
G36000500145,1960,New York,36,Bronx,005,5600,51000,,0145,,1450,TRACT 145   NEW YORK CITY BRONX,001,3,15,0,0,0,0,0,0,0,2125,3356,15
G36000500147,1960,New York,36,Bronx,005,5600,51000,,0147,,1450,TRACT 147   NEW YORK CITY BRONX,001,3,15,0,0,0,0,0,0,0,1851,4417,4
G36000500149,1960,New York,36,Bronx,005,5600,51000,,0149,,1450,TRACT 149   NEW YORK CITY BRONX,001,3,15,0,0,0,0,0,0,0,2127,4796,14
G36000500151,1960,New York,36,Bronx,005,5600,51000,,0151,,1450,TRACT 151   NEW YORK CITY BRONX,001,3,15,0,0,0,0,0,1,0,359,8237,24
G36000500153,1960,New York,36,Bronx,005,5600,51000,,0153,,1450,TRACT 153   NEW YORK CITY BRONX,001,3,15,0,0,0,0,0,0,0,11982,3773,37
G36000500154,1960,New York,36,Bronx,005,5600,51000,,0154,,1450,TRACT 154   NEW YORK CITY BRONX,001,3,15,0,0,0,0,1,1,0,960,0,0
G36000500155,1960,New York,36,Bronx,005,5600,51000,,0155,,1450,TRACT 155   NEW YORK CITY BRONX,001,3,15,0,0,0,0,0,0,0,5095,1412,44
G36000500156,1960,New York,36,Bronx,005,5600,51000,,0156,,1450,TRACT 156   NEW YORK CITY BRONX,001,3,15,0,0,0,0,1,1,0,1485,0,0
G36000500157,1960,New York,36,Bronx,005,5600,51000,,0157,,1450,TRACT 157   NEW YORK CITY BRONX,001,3,15,0,0,0,0,0,0,0,8004,1236,34
G36000500158,1960,New York,36,Bronx,005,5600,51000,,0158,,1450,TRACT 158   NEW YORK CITY BRONX,001,3,15,0,0,0,0,1,1,0,721,0,1
G36000500160,1960,New York,36,Bronx,005,5600,51000,,0160,,1450,TRACT 160   NEW YORK CITY BRONX,001,3,15,0,0,0,0,1,1,0,2831,0,1
G36000500161,1960,New York,36,Bronx,005,5600,51000,,0161,,1450,TRACT 161   NEW YORK CITY BRONX,001,3,15,0,0,0,0,1,0,0,9161,325,42
G36000500162,1960,New York,36,Bronx,005,5600,51000,,0162,,1450,TRACT 162   NEW YORK CITY BRONX,001,3,15,0,0,0,0,1,1,0,1358,1,1
G36000500163,1960,New York,36,Bronx,005,5600,51000,,0163,,1450,TRACT 163   NEW YORK CITY BRONX,001,3,15,1,1,1,1,1,1,0,0,0,0
G36000500164,1960,New York,36,Bronx,005,5600,51000,,0164,,1450,TRACT 164   NEW YORK CITY BRONX,001,3,15,0,0,0,0,1,1,0,1429,0,10
G36000500165,1960,New York,36,Bronx,005,5600,51000,,0165,,1450,TRACT 165   NEW YORK CITY BRONX,001,3,15,0,0,0,0,0,0,0,7365,1041,10
G36000500166,1960,New York,36,Bronx,005,5600,51000,,0166,,1450,TRACT 166   NEW YORK CITY BRONX,001,3,15,0,0,0,0,1,1,0,2057,0,0
G36000500167,1960,New York,36,Bronx,005,5600,51000,,0167,,1450,TRACT 167   NEW YORK CITY BRONX,001,3,15,0,0,0,0,0,0,0,7094,1261,15
G36000500169,1960,New York,36,Bronx,005,5600,51000,,0169,,1450,TRACT 169   NEW YORK CITY BRONX,001,3,15,0,0,0,0,0,0,0,4610,2466,14
G36000500171,1960,New York,36,Bronx,005,5600,51000,,0171,,1450,TRACT 171   NEW YORK CITY BRONX,001,3,15,1,1,1,1,1,1,0,0,0,0
G36000500173,1960,New York,36,Bronx,005,5600,51000,,0173,,1450,TRACT 173   NEW YORK CITY BRONX,001,3,15,0,0,0,0,0,1,0,3935,760,9
G36000500175,1960,New York,36,Bronx,005,5600,51000,,0175,,1450,TRACT 175   NEW YORK CITY BRONX,001,3,15,0,0,0,0,0,0,0,7070,1254,25
G36000500177,1960,New York,36,Bronx,005,5600,51000,,0177,,1450,TRACT 177   NEW YORK CITY BRONX,001,3,15,0,0,0,0,0,0,0,7323,2130,34
G36000500179,1960,New York,36,Bronx,005,5600,51000,,0179,,1450,TRACT 179   NEW YORK CITY BRONX,001,3,15,0,0,0,0,1,1,0,9811,138,23
G36000500181,1960,New York,36,Bronx,005,5600,51000,,0181,,1450,TRACT 181   NEW YORK CITY BRONX,001,3,15,0,0,0,0,0,1,0,7531,463,20
G36000500183,1960,New York,36,Bronx,005,5600,51000,,0183,,1450,TRACT 183   NEW YORK CITY BRONX,001,3,15,0,0,0,0,0,1,0,6960,527,29
G36000500184,1960,New York,36,Bronx,005,5600,51000,,0184,,1450,TRACT 184   NEW YORK CITY BRONX,001,3,15,0,0,0,0,1,1,0,4450,1,6
G36000500187,1960,New York,36,Bronx,005,5600,51000,,0187,,1450,TRACT 187   NEW YORK CITY BRONX,001,3,15,1,1,1,1,1,1,0,0,0,0
G36000500189,1960,New York,36,Bronx,005,5600,51000,,0189,,1450,TRACT 189   NEW YORK CITY BRONX,001,3,15,0,0,0,0,1,1,0,9267,355,18
G36000500191,1960,New York,36,Bronx,005,5600,51000,,0191,,1450,TRACT 191   NEW YORK CITY BRONX,001,3,15,1,1,1,1,1,1,0,0,0,0
G36000500193,1960,New York,36,Bronx,005,5600,51000,,0193,,1450,TRACT 193   NEW YORK CITY BRONX,001,3,15,0,0,0,0,0,1,0,5447,736,21
G36000500194,1960,New York,36,Bronx,005,5600,51000,,0194,,1450,TRACT 194   NEW YORK CITY BRONX,001,3,15,0,0,0,0,1,1,0,1611,0,0
G36000500195,1960,New York,36,Bronx,005,5600,51000,,0195,,1450,TRACT 195   NEW YORK CITY BRONX,001,3,15,0,0,0,0,1,1,0,6725,45,8
G36000500196,1960,New York,36,Bronx,005,5600,51000,,0196,,1450,TRACT 196   NEW YORK CITY BRONX,001,3,15,0,0,1,0,1,1,0,56,0,0
G36000500197,1960,New York,36,Bronx,005,5600,51000,,0197,,1450,TRACT 197   NEW YORK CITY BRONX,001,3,15,0,0,0,0,1,1,0,5405,24,9
G36000500198,1960,New York,36,Bronx,005,5600,51000,,0198,,1450,TRACT 198   NEW YORK CITY BRONX,001,3,15,0,0,0,0,1,1,0,3547,0,3
G36000500199,1960,New York,36,Bronx,005,5600,51000,,0199,,1450,TRACT 199   NEW YORK CITY BRONX,001,3,15,0,0,0,0,1,1,0,8065,220,10
G36000500200,1960,New York,36,Bronx,005,5600,51000,,0200,,1450,TRACT 200   NEW YORK CITY BRONX,001,3,15,0,0,0,0,1,1,0,506,0,0
G36000500201,1960,New York,36,Bronx,005,5600,51000,,0201,,1450,TRACT 201   NEW YORK CITY BRONX,001,3,15,0,0,0,0,1,1,0,4211,46,3
G36000500202,1960,New York,36,Bronx,005,5600,51000,,0202,,1450,TRACT 202   NEW YORK CITY BRONX,001,3,15,0,0,0,0,1,1,0,1874,3,0
G36000500203,1960,New York,36,Bronx,005,5600,51000,,0203,,1450,TRACT 203   NEW YORK CITY BRONX,001,3,15,1,1,1,1,1,1,0,0,0,0
G36000500204,1960,New York,36,Bronx,005,5600,51000,,0204,,1450,TRACT 204   NEW YORK CITY BRONX,001,3,15,0,0,0,0,1,1,0,2688,28,1
G36000500205,1960,New York,36,Bronx,005,5600,51000,,0205,,1450,TRACT 205   NEW YORK CITY BRONX,001,3,15,0,0,0,0,0,1,0,6142,669,16
G360005002060,1960,New York,36,Bronx,005,5600,51000,,0206,0,1450,TRACT 206-0 NEW YORK CITY BRONX,001,3,15,0,0,0,0,1,1,0,1879,10,0
G360005002061,1960,New York,36,Bronx,005,5600,51000,,0206,1,1450,TRACT 206-1 NEW YORK CITY BRONX,001,3,15,0,0,1,0,1,1,0,827,0,13
G36000500207,1960,New York,36,Bronx,005,5600,51000,,0207,,1450,TRACT 207   NEW YORK CITY BRONX,001,3,15,0,0,0,0,1,1,0,1494,106,3
G36000500208,1960,New York,36,Bronx,005,5600,51000,,0208,,1450,TRACT 208   NEW YORK CITY BRONX,001,3,15,0,0,0,0,1,1,0,1711,0,0
G36000500210,1960,New York,36,Bronx,005,5600,51000,,0210,,1450,TRACT 210   NEW YORK CITY BRONX,001,3,15,0,0,0,0,1,1,0,19404,0,1
G36000500211,1960,New York,36,Bronx,005,5600,51000,,0211,,1450,TRACT 211   NEW YORK CITY BRONX,001,3,15,0,0,0,0,1,1,0,6755,136,8
G36000500212,1960,New York,36,Bronx,005,5600,51000,,0212,,1450,TRACT 212   NEW YORK CITY BRONX,001,3,15,0,0,0,0,1,1,0,6509,0,1
G360005002130,1960,New York,36,Bronx,005,5600,51000,,0213,0,1450,TRACT 213-0 NEW YORK CITY BRONX,001,3,15,0,0,0,0,1,1,0,1588,105,5
G360005002131,1960,New York,36,Bronx,005,5600,51000,,0213,1,1450,TRACT 213-1 NEW YORK CITY BRONX,001,3,15,0,0,0,0,1,1,0,6874,67,12
G36000500214,1960,New York,36,Bronx,005,5600,51000,,0214,,1450,TRACT 214   NEW YORK CITY BRONX,001,3,15,0,0,0,0,1,1,0,642,0,7
G36000500215,1960,New York,36,Bronx,005,5600,51000,,0215,,1450,TRACT 215   NEW YORK CITY BRONX,001,3,15,0,0,0,0,1,1,0,12195,153,30
G36000500216,1960,New York,36,Bronx,005,5600,51000,,0216,,1450,TRACT 216   NEW YORK CITY BRONX,001,3,15,0,0,0,0,1,1,0,10571,26,38
G360005002170,1960,New York,36,Bronx,005,5600,51000,,0217,0,1450,TRACT 217-0 NEW YORK CITY BRONX,001,3,15,0,0,0,0,1,1,0,6608,323,52
G360005002171,1960,New York,36,Bronx,005,5600,51000,,0217,1,1450,TRACT 217-1 NEW YORK CITY BRONX,001,3,15,0,0,1,0,1,1,0,806,6,0
G36000500218,1960,New York,36,Bronx,005,5600,51000,,0218,,1450,TRACT 218   NEW YORK CITY BRONX,001,3,15,0,0,0,0,1,1,0,5927,35,17
G36000500219,1960,New York,36,Bronx,005,5600,51000,,0219,,1450,TRACT 219   NEW YORK CITY BRONX,001,3,15,0,0,0,0,1,1,0,986,17,6
G36000500220,1960,New York,36,Bronx,005,5600,51000,,0220,,1450,TRACT 220   NEW YORK CITY BRONX,001,3,15,0,0,0,0,1,1,0,1570,28,0
G36000500221,1960,New York,36,Bronx,005,5600,51000,,0221,,1450,TRACT 221   NEW YORK CITY BRONX,001,3,15,0,0,0,0,1,1,0,7433,71,7
G36000500222,1960,New York,36,Bronx,005,5600,51000,,0222,,1450,TRACT 222   NEW YORK CITY BRONX,001,3,15,1,1,1,1,1,1,0,0,0,0
G36000500223,1960,New York,36,Bronx,005,5600,51000,,0223,,1450,TRACT 223   NEW YORK CITY BRONX,001,3,15,0,0,0,0,1,1,0,8644,45,7
G36000500224,1960,New York,36,Bronx,005,5600,51000,,0224,,1450,TRACT 224   NEW YORK CITY BRONX,001,3,15,0,0,0,0,1,1,0,10932,20,18
G36000500225,1960,New York,36,Bronx,005,5600,51000,,0225,,1450,TRACT 225   NEW YORK CITY BRONX,001,3,15,0,0,0,0,1,1,0,7262,221,19
G360005002270,1960,New York,36,Bronx,005,5600,51000,,0227,0,1450,TRACT 227-0 NEW YORK CITY BRONX,001,3,15,0,0,0,0,1,1,0,5100,56,15
G360005002271,1960,New York,36,Bronx,005,5600,51000,,0227,1,1450,TRACT 227-1 NEW YORK CITY BRONX,001,3,15,0,0,0,0,1,1,0,2633,15,14
G36000500228,1960,New York,36,Bronx,005,5600,51000,,0228,,1450,TRACT 228   NEW YORK CITY BRONX,001,3,15,0,0,0,0,1,1,0,4982,16,3
G360005002290,1960,New York,36,Bronx,005,5600,51000,,0229,0,1450,TRACT 229-0 NEW YORK CITY BRONX,001,3,15,0,0,0,0,1,1,0,3719,231,26
G360005002291,1960,New York,36,Bronx,005,5600,51000,,0229,1,1450,TRACT 229-1 NEW YORK CITY BRONX,001,3,15,0,0,0,0,1,1,0,3454,270,13
G36000500230,1960,New York,36,Bronx,005,5600,51000,,0230,,1450,TRACT 230   NEW YORK CITY BRONX,001,3,15,0,0,0,0,1,1,0,2361,15,2
G36000500231,1960,New York,36,Bronx,005,5600,51000,,0231,,1450,TRACT 231   NEW YORK CITY BRONX,001,3,15,0,0,0,0,1,1,0,2084,127,12
G36000500232,1960,New York,36,Bronx,005,5600,51000,,0232,,1450,TRACT 232   NEW YORK CITY BRONX,001,3,15,0,0,0,0,1,1,0,2243,34,0
G36000500233,1960,New York,36,Bronx,005,5600,51000,,0233,,1450,TRACT 233   NEW YORK CITY BRONX,001,3,15,0,0,0,0,1,1,0,7342,199,31
G36000500234,1960,New York,36,Bronx,005,5600,51000,,0234,,1450,TRACT 234   NEW YORK CITY BRONX,001,3,15,0,0,0,0,1,1,0,2177,0,1
G36000500235,1960,New York,36,Bronx,005,5600,51000,,0235,,1450,TRACT 235   NEW YORK CITY BRONX,001,3,15,0,0,0,0,1,1,0,5842,52,33
G36000500236,1960,New York,36,Bronx,005,5600,51000,,0236,,1450,TRACT 236   NEW YORK CITY BRONX,001,3,15,0,0,0,0,1,1,0,1641,10,2
G36000500237,1960,New York,36,Bronx,005,5600,51000,,0237,,1450,TRACT 237   NEW YORK CITY BRONX,001,3,15,0,0,0,0,1,1,0,8467,36,9
G36000500239,1960,New York,36,Bronx,005,5600,51000,,0239,,1450,TRACT 239   NEW YORK CITY BRONX,001,3,15,0,0,0,0,1,1,0,7548,67,31
G36000500240,1960,New York,36,Bronx,005,5600,51000,,0240,,1450,TRACT 240   NEW YORK CITY BRONX,001,3,15,0,0,0,0,1,1,0,3022,269,0
G36000500241,1960,New York,36,Bronx,005,5600,51000,,0241,,1450,TRACT 241   NEW YORK CITY BRONX,001,3,15,0,0,0,0,0,1,0,6442,543,23
G36000500242,1960,New York,36,Bronx,005,5600,51000,,0242,,1450,TRACT 242   NEW YORK CITY BRONX,001,3,15,0,0,1,0,1,1,0,74,0,0
G36000500243,1960,New York,36,Bronx,005,5600,51000,,0243,,1450,TRACT 243   NEW YORK CITY BRONX,001,3,15,0,0,0,0,1,1,0,5609,65,34
G36000500244,1960,New York,36,Bronx,005,5600,51000,,0244,,1450,TRACT 244   NEW YORK CITY BRONX,001,3,15,0,0,0,0,1,1,0,2139,5,6
G36000500245,1960,New York,36,Bronx,005,5600,51000,,0245,,1450,TRACT 245   NEW YORK CITY BRONX,001,3,15,0,0,0,0,1,1,0,8204,141,31
G36000500246,1960,New York,36,Bronx,005,5600,51000,,0246,,1450,TRACT 246   NEW YORK CITY BRONX,001,3,15,0,0,0,0,1,1,0,2228,1,7
G36000500247,1960,New York,36,Bronx,005,5600,51000,,0247,,1450,TRACT 247   NEW YORK CITY BRONX,001,3,15,0,0,0,0,1,1,0,1052,59,9
G36000500248,1960,New York,36,Bronx,005,5600,51000,,0248,,1450,TRACT 248   NEW YORK CITY BRONX,001,3,15,0,0,0,0,1,1,0,3060,2,7
G36000500249,1960,New York,36,Bronx,005,5600,51000,,0249,,1450,TRACT 249   NEW YORK CITY BRONX,001,3,15,0,1,1,1,1,1,0,369,0,2
G36000500250,1960,New York,36,Bronx,005,5600,51000,,0250,,1450,TRACT 250   NEW YORK CITY BRONX,001,3,15,0,0,0,0,1,1,0,2824,4,0
G36000500251,1960,New York,36,Bronx,005,5600,51000,,0251,,1450,TRACT 251   NEW YORK CITY BRONX,001,3,15,0,0,0,0,1,1,0,9209,189,44
G36000500252,1960,New York,36,Bronx,005,5600,51000,,0252,,1450,TRACT 252   NEW YORK CITY BRONX,001,3,15,0,0,0,0,1,1,0,2955,78,5
G36000500253,1960,New York,36,Bronx,005,5600,51000,,0253,,1450,TRACT 253   NEW YORK CITY BRONX,001,3,15,0,0,0,0,1,1,0,5411,37,21
G36000500254,1960,New York,36,Bronx,005,5600,51000,,0254,,1450,TRACT 254   NEW YORK CITY BRONX,001,3,15,0,0,0,0,1,1,0,2279,0,5
G36000500255,1960,New York,36,Bronx,005,5600,51000,,0255,,1450,TRACT 255   NEW YORK CITY BRONX,001,3,15,0,0,0,0,1,1,0,5823,58,10
G36000500256,1960,New York,36,Bronx,005,5600,51000,,0256,,1450,TRACT 256   NEW YORK CITY BRONX,001,3,15,0,0,0,0,1,1,0,1801,2,0
G36000500257,1960,New York,36,Bronx,005,5600,51000,,0257,,1450,TRACT 257   NEW YORK CITY BRONX,001,3,15,0,0,0,0,1,1,0,1607,189,9
G36000500258,1960,New York,36,Bronx,005,5600,51000,,0258,,1450,TRACT 258   NEW YORK CITY BRONX,001,3,15,0,0,0,0,1,1,0,596,0,0
G36000500261,1960,New York,36,Bronx,005,5600,51000,,0261,,1450,TRACT 261   NEW YORK CITY BRONX,001,3,15,0,0,0,0,1,1,0,3017,114,142
G36000500262,1960,New York,36,Bronx,005,5600,51000,,0262,,1450,TRACT 262   NEW YORK CITY BRONX,001,3,15,1,1,1,1,1,1,0,0,0,0
G36000500263,1960,New York,36,Bronx,005,5600,51000,,0263,,1450,TRACT 263   NEW YORK CITY BRONX,001,3,15,0,0,0,0,1,1,0,5278,26,1
G36000500264,1960,New York,36,Bronx,005,5600,51000,,0264,,1450,TRACT 264   NEW YORK CITY BRONX,001,3,15,0,0,0,0,1,1,0,5362,5,16
G36000500265,1960,New York,36,Bronx,005,5600,51000,,0265,,1450,TRACT 265   NEW YORK CITY BRONX,001,3,15,0,0,0,0,1,1,0,5257,17,5
G36000500266,1960,New York,36,Bronx,005,5600,51000,,0266,,1450,TRACT 266   NEW YORK CITY BRONX,001,3,15,0,0,0,0,1,1,0,8033,6,8
G36000500267,1960,New York,36,Bronx,005,5600,51000,,0267,,1450,TRACT 267   NEW YORK CITY BRONX,001,3,15,0,0,0,0,1,1,0,9788,27,9
G36000500269,1960,New York,36,Bronx,005,5600,51000,,0269,,1450,TRACT 269   NEW YORK CITY BRONX,001,3,15,0,0,0,0,1,1,0,2670,21,14
G36000500271,1960,New York,36,Bronx,005,5600,51000,,0271,,1450,TRACT 271   NEW YORK CITY BRONX,001,3,15,0,0,1,0,0,1,0,1167,443,5
G36000500273,1960,New York,36,Bronx,005,5600,51000,,0273,,1450,TRACT 273   NEW YORK CITY BRONX,001,3,15,0,0,0,0,1,1,0,4714,25,8
G36000500274,1960,New York,36,Bronx,005,5600,51000,,0274,,1450,TRACT 274   NEW YORK CITY BRONX,001,3,15,0,0,0,0,1,1,0,7166,14,0
G36000500276,1960,New York,36,Bronx,005,5600,51000,,0276,,1450,TRACT 276   NEW YORK CITY BRONX,001,3,15,1,1,1,1,1,1,0,0,0,0
G36000500277,1960,New York,36,Bronx,005,5600,51000,,0277,,1450,TRACT 277   NEW YORK CITY BRONX,001,3,15,0,0,0,0,1,1,0,5007,64,11
G36000500279,1960,New York,36,Bronx,005,5600,51000,,0279,,1450,TRACT 279   NEW YORK CITY BRONX,001,3,15,0,0,0,0,1,1,0,5653,11,43
G36000500281,1960,New York,36,Bronx,005,5600,51000,,0281,,1450,TRACT 281   NEW YORK CITY BRONX,001,3,15,0,0,0,0,1,1,0,4797,11,10
G36000500283,1960,New York,36,Bronx,005,5600,51000,,0283,,1450,TRACT 283   NEW YORK CITY BRONX,001,3,15,0,0,1,0,1,1,0,1055,7,5
G36000500284,1960,New York,36,Bronx,005,5600,51000,,0284,,1450,TRACT 284   NEW YORK CITY BRONX,001,3,15,0,0,1,0,1,1,0,310,36,1
G36000500285,1960,New York,36,Bronx,005,5600,51000,,0285,,1450,TRACT 285   NEW YORK CITY BRONX,001,3,15,0,0,0,0,1,1,0,1757,2,30
G36000500286,1960,New York,36,Bronx,005,5600,51000,,0286,,1450,TRACT 286   NEW YORK CITY BRONX,001,3,15,0,0,0,0,1,1,0,1705,9,10
G36000500287,1960,New York,36,Bronx,005,5600,51000,,0287,,1450,TRACT 287   NEW YORK CITY BRONX,001,3,15,0,0,0,0,1,1,0,3006,22,31
G36000500288,1960,New York,36,Bronx,005,5600,51000,,0288,,1450,TRACT 288   NEW YORK CITY BRONX,001,3,15,0,0,0,0,1,1,0,3079,2,7
G36000500289,1960,New York,36,Bronx,005,5600,51000,,0289,,1450,TRACT 289   NEW YORK CITY BRONX,001,3,15,0,0,0,0,1,1,0,3990,5,5
G36000500291,1960,New York,36,Bronx,005,5600,51000,,0291,,1450,TRACT 291   NEW YORK CITY BRONX,001,3,15,0,0,1,0,1,1,0,391,187,0
G36000500293,1960,New York,36,Bronx,005,5600,51000,,0293,,1450,TRACT 293   NEW YORK CITY BRONX,001,3,15,0,0,0,0,1,1,0,4260,18,48
G36000500294,1960,New York,36,Bronx,005,5600,51000,,0294,,1450,TRACT 294   NEW YORK CITY BRONX,001,3,15,1,1,1,1,1,1,0,0,0,0
G36000500295,1960,New York,36,Bronx,005,5600,51000,,0295,,1450,TRACT 295   NEW YORK CITY BRONX,001,3,15,0,0,0,0,1,1,0,3649,9,49
G36000500296,1960,New York,36,Bronx,005,5600,51000,,0296,,1450,TRACT 296   NEW YORK CITY BRONX,001,3,15,0,0,0,0,1,1,0,1519,144,16
G36000500297,1960,New York,36,Bronx,005,5600,51000,,0297,,1450,TRACT 297   NEW YORK CITY BRONX,001,3,15,0,0,0,0,1,1,0,4984,25,50
G36000500299,1960,New York,36,Bronx,005,5600,51000,,0299,,1450,TRACT 299   NEW YORK CITY BRONX,001,3,15,0,0,0,0,1,1,0,540,5,8
G36000500300,1960,New York,36,Bronx,005,5600,51000,,0300,,1450,TRACT 300   NEW YORK CITY BRONX,001,3,15,0,0,0,0,1,1,0,5515,3,7
G36000500301,1960,New York,36,Bronx,005,5600,51000,,0301,,1450,TRACT 301   NEW YORK CITY BRONX,001,3,15,0,0,0,0,1,1,0,1375,10,23
G36000500302,1960,New York,36,Bronx,005,5600,51000,,0302,,1450,TRACT 302   NEW YORK CITY BRONX,001,3,15,0,0,0,0,1,1,0,177,0,0
G36000500304,1960,New York,36,Bronx,005,5600,51000,,0304,,1450,TRACT 304   NEW YORK CITY BRONX,001,3,15,0,0,0,1,1,1,0,83,0,0
G36000500306,1960,New York,36,Bronx,005,5600,51000,,0306,,1450,TRACT 306   NEW YORK CITY BRONX,001,3,15,0,0,0,1,1,1,0,194,1,0
G36000500307,1960,New York,36,Bronx,005,5600,51000,,0307,,1450,TRACT 307   NEW YORK CITY BRONX,001,3,15,0,0,0,0,1,1,0,4307,40,101
G36000500308,1960,New York,36,Bronx,005,5600,51000,,0308,,1450,TRACT 308   NEW YORK CITY BRONX,001,3,15,0,0,0,0,1,1,0,539,0,0
G36000500310,1960,New York,36,Bronx,005,5600,51000,,0310,,1450,TRACT 310   NEW YORK CITY BRONX,001,3,15,0,0,0,0,1,1,0,1576,0,0
G36000500311,1960,New York,36,Bronx,005,5600,51000,,0311,,1450,TRACT 311   NEW YORK CITY BRONX,001,3,15,0,0,0,1,1,1,0,31,0,0
G36000500312,1960,New York,36,Bronx,005,5600,51000,,0312,,1450,TRACT 312   NEW YORK CITY BRONX,001,3,15,0,0,0,0,1,1,0,1798,9,0
G36000500313,1960,New York,36,Bronx,005,5600,51000,,0313,,1450,TRACT 313   NEW YORK CITY BRONX,001,3,15,0,0,0,1,1,1,0,85,1,0
G36000500314,1960,New York,36,Bronx,005,5600,51000,,0314,,1450,TRACT 314   NEW YORK CITY BRONX,001,3,15,0,0,0,0,1,1,0,1987,8,8
G36000500315,1960,New York,36,Bronx,005,5600,51000,,0315,,1450,TRACT 315   NEW YORK CITY BRONX,001,3,15,0,0,0,1,1,1,0,88,8,0
G36000500316,1960,New York,36,Bronx,005,5600,51000,,0316,,1450,TRACT 316   NEW YORK CITY BRONX,001,3,15,0,0,0,0,1,1,0,1874,7,0
G36000500317,1960,New York,36,Bronx,005,5600,51000,,0317,,1450,TRACT 317   NEW YORK CITY BRONX,001,3,15,0,0,0,1,1,1,0,475,3,0
G36000500318,1960,New York,36,Bronx,005,5600,51000,,0318,,1450,TRACT 318   NEW YORK CITY BRONX,001,3,15,0,0,0,0,1,1,0,1570,0,0
G36000500319,1960,New York,36,Bronx,005,5600,51000,,0319,,1450,TRACT 319   NEW YORK CITY BRONX,001,3,15,0,1,1,1,1,1,0,503,1,1
G36000500320,1960,New York,36,Bronx,005,5600,51000,,0320,,1450,TRACT 320   NEW YORK CITY BRONX,001,3,15,0,0,0,0,1,1,0,1962,0,0
G36000500321,1960,New York,36,Bronx,005,5600,51000,,0321,,1450,TRACT 321   NEW YORK CITY BRONX,001,3,15,0,0,0,0,1,1,0,1646,2,42
G36000500322,1960,New York,36,Bronx,005,5600,51000,,0322,,1450,TRACT 322   NEW YORK CITY BRONX,001,3,15,0,0,0,0,1,1,0,1232,2,8
G36000500323,1960,New York,36,Bronx,005,5600,51000,,0323,,1450,TRACT 323   NEW YORK CITY BRONX,001,3,15,0,0,0,0,1,1,0,2321,11,29
G36000500324,1960,New York,36,Bronx,005,5600,51000,,0324,,1450,TRACT 324   NEW YORK CITY BRONX,001,3,15,0,0,0,0,1,1,0,3730,394,24
G36000500326,1960,New York,36,Bronx,005,5600,51000,,0326,,1450,TRACT 326   NEW YORK CITY BRONX,001,3,15,1,1,1,1,1,1,0,0,0,0
G36000500328,1960,New York,36,Bronx,005,5600,51000,,0328,,1450,TRACT 328   NEW YORK CITY BRONX,001,3,15,0,0,0,0,1,1,0,3897,85,5
G36000500329,1960,New York,36,Bronx,005,5600,51000,,0329,,1450,TRACT 329   NEW YORK CITY BRONX,001,3,15,0,0,0,0,1,1,0,1599,8,51
G36000500330,1960,New York,36,Bronx,005,5600,51000,,0330,,1450,TRACT 330   NEW YORK CITY BRONX,001,3,15,0,0,0,0,1,1,0,4099,11,17
G36000500332,1960,New York,36,Bronx,005,5600,51000,,0332,,1450,TRACT 332   NEW YORK CITY BRONX,001,3,15,0,0,0,0,1,1,0,5994,19,9
G36000500333,1960,New York,36,Bronx,005,5600,51000,,0333,,1450,TRACT 333   NEW YORK CITY BRONX,001,3,15,0,0,0,1,1,1,0,565,14,40
G36000500334,1960,New York,36,Bronx,005,5600,51000,,0334,,1450,TRACT 334   NEW YORK CITY BRONX,001,3,15,1,1,1,1,1,1,0,0,0,0
G36000500336,1960,New York,36,Bronx,005,5600,51000,,0336,,1450,TRACT 336   NEW YORK CITY BRONX,001,3,15,0,0,0,0,0,1,0,5574,454,14
G36000500338,1960,New York,36,Bronx,005,5600,51000,,0338,,1450,TRACT 338   NEW YORK CITY BRONX,001,3,15,0,0,0,0,1,1,0,3522,17,2
G36000500339,1960,New York,36,Bronx,005,5600,51000,,0339,,1450,TRACT 339   NEW YORK CITY BRONX,001,3,15,0,0,0,0,1,1,0,1055,3,15
G36000500340,1960,New York,36,Bronx,005,5600,51000,,0340,,1450,TRACT 340   NEW YORK CITY BRONX,001,3,15,0,0,0,0,1,1,0,4582,10,1
G36000500341,1960,New York,36,Bronx,005,5600,51000,,0341,,1450,TRACT 341   NEW YORK CITY BRONX,001,3,15,0,0,0,0,1,1,0,1322,8,23
G36000500342,1960,New York,36,Bronx,005,5600,51000,,0342,,1450,TRACT 342   NEW YORK CITY BRONX,001,3,15,0,0,0,0,1,1,0,1444,7,0
G36000500343,1960,New York,36,Bronx,005,5600,51000,,0343,,1450,TRACT 343   NEW YORK CITY BRONX,001,3,15,0,0,0,0,1,1,0,1348,3,8
G36000500344,1960,New York,36,Bronx,005,5600,51000,,0344,,1450,TRACT 344   NEW YORK CITY BRONX,001,3,15,0,0,0,0,1,1,0,1450,62,0
G36000500345,1960,New York,36,Bronx,005,5600,51000,,0345,,1450,TRACT 345   NEW YORK CITY BRONX,001,3,15,0,0,0,0,1,1,0,961,0,11
G36000500346,1960,New York,36,Bronx,005,5600,51000,,0346,,1450,TRACT 346   NEW YORK CITY BRONX,001,3,15,0,0,0,0,0,1,0,5330,952,38
G36000500347,1960,New York,36,Bronx,005,5600,51000,,0347,,1450,TRACT 347   NEW YORK CITY BRONX,001,3,15,0,0,0,0,1,1,0,518,0,3
G36000500350,1960,New York,36,Bronx,005,5600,51000,,0350,,1450,TRACT 350   NEW YORK CITY BRONX,001,3,15,0,0,0,0,1,1,0,1758,11,0
G36000500351,1960,New York,36,Bronx,005,5600,51000,,0351,,1450,TRACT 351   NEW YORK CITY BRONX,001,3,15,0,0,0,0,1,1,0,1333,12,4
G36000500352,1960,New York,36,Bronx,005,5600,51000,,0352,,1450,TRACT 352   NEW YORK CITY BRONX,001,3,15,0,0,0,0,1,1,0,1946,1,2
G36000500354,1960,New York,36,Bronx,005,5600,51000,,0354,,1450,TRACT 354   NEW YORK CITY BRONX,001,3,15,0,0,0,0,1,1,0,771,0,0
G36000500355,1960,New York,36,Bronx,005,5600,51000,,0355,,1450,TRACT 355   NEW YORK CITY BRONX,001,3,15,0,0,0,1,1,1,0,269,9,9
G36000500356,1960,New York,36,Bronx,005,5600,51000,,0356,,1450,TRACT 356   NEW YORK CITY BRONX,001,3,15,0,0,0,0,1,1,0,990,205,0
G36000500357,1960,New York,36,Bronx,005,5600,51000,,0357,,1450,TRACT 357   NEW YORK CITY BRONX,001,3,15,0,0,0,0,1,1,0,1355,5,9
G36000500358,1960,New York,36,Bronx,005,5600,51000,,0358,,1450,TRACT 358   NEW YORK CITY BRONX,001,3,15,0,0,0,0,1,1,0,1796,61,0
G36000500359,1960,New York,36,Bronx,005,5600,51000,,0359,,1450,TRACT 359   NEW YORK CITY BRONX,001,3,15,0,0,0,0,1,1,0,2402,121,0
G36000500360,1960,New York,36,Bronx,005,5600,51000,,0360,,1450,TRACT 360   NEW YORK CITY BRONX,001,3,15,0,0,0,0,1,1,0,437,245,10
G36000500361,1960,New York,36,Bronx,005,5600,51000,,0361,,1450,TRACT 361   NEW YORK CITY BRONX,001,3,15,0,0,0,0,1,0,0,5629,260,27
G36000500362,1960,New York,36,Bronx,005,5600,51000,,0362,,1450,TRACT 362   NEW YORK CITY BRONX,001,3,15,0,0,0,0,1,1,0,1873,23,7
G36000500363,1960,New York,36,Bronx,005,5600,51000,,0363,,1450,TRACT 363   NEW YORK CITY BRONX,001,3,15,0,0,0,0,0,0,0,10070,572,30
G36000500364,1960,New York,36,Bronx,005,5600,51000,,0364,,1450,TRACT 364   NEW YORK CITY BRONX,001,3,15,0,0,0,0,0,1,0,2058,612,17
G36000500365,1960,New York,36,Bronx,005,5600,51000,,0365,,1450,TRACT 365   NEW YORK CITY BRONX,001,3,15,0,0,0,0,0,0,0,7301,784,38
G36000500366,1960,New York,36,Bronx,005,5600,51000,,0366,,1450,TRACT 366   NEW YORK CITY BRONX,001,3,15,0,0,0,0,1,1,0,465,85,0
G36000500367,1960,New York,36,Bronx,005,5600,51000,,0367,,1450,TRACT 367   NEW YORK CITY BRONX,001,3,15,0,0,0,0,1,1,0,4721,381,31
G36000500368,1960,New York,36,Bronx,005,5600,51000,,0368,,1450,TRACT 368   NEW YORK CITY BRONX,001,3,15,0,0,0,0,1,1,0,1294,175,11
G360005003690,1960,New York,36,Bronx,005,5600,51000,,0369,0,1450,TRACT 369-0 NEW YORK CITY BRONX,001,3,15,0,0,0,0,1,1,0,3457,254,14
G360005003691,1960,New York,36,Bronx,005,5600,51000,,0369,1,1450,TRACT 369-1 NEW YORK CITY BRONX,001,3,15,0,0,0,0,1,0,0,1806,341,1
G36000500370,1960,New York,36,Bronx,005,5600,51000,,0370,,1450,TRACT 370   NEW YORK CITY BRONX,001,3,15,0,0,0,0,1,1,0,2109,30,3
G36000500371,1960,New York,36,Bronx,005,5600,51000,,0371,,1450,TRACT 371   NEW YORK CITY BRONX,001,3,15,0,0,0,0,0,0,0,8037,979,9
G36000500372,1960,New York,36,Bronx,005,5600,51000,,0372,,1450,TRACT 372   NEW YORK CITY BRONX,001,3,15,0,0,0,0,1,1,0,1486,3,2
G36000500373,1960,New York,36,Bronx,005,5600,51000,,0373,,1450,TRACT 373   NEW YORK CITY BRONX,001,3,15,0,0,0,0,0,1,0,7302,520,13
G36000500374,1960,New York,36,Bronx,005,5600,51000,,0374,,1450,TRACT 374   NEW YORK CITY BRONX,001,3,15,0,0,0,0,0,1,0,3519,622,18
G360005003750,1960,New York,36,Bronx,005,5600,51000,,0375,0,1450,TRACT 375-0 NEW YORK CITY BRONX,001,3,15,0,0,0,0,1,0,0,5071,474,8
G360005003751,1960,New York,36,Bronx,005,5600,51000,,0375,1,1450,TRACT 375-1 NEW YORK CITY BRONX,001,3,15,0,0,0,0,1,1,0,3027,156,9
G36000500376,1960,New York,36,Bronx,005,5600,51000,,0376,,1450,TRACT 376   NEW YORK CITY BRONX,001,3,15,0,0,0,0,1,1,0,1640,12,0
G36000500377,1960,New York,36,Bronx,005,5600,51000,,0377,,1450,TRACT 377   NEW YORK CITY BRONX,001,3,15,0,0,0,0,0,0,0,6341,811,31
G36000500378,1960,New York,36,Bronx,005,5600,51000,,0378,,1450,TRACT 378   NEW YORK CITY BRONX,001,3,15,0,0,0,0,1,1,0,2049,16,0
G36000500379,1960,New York,36,Bronx,005,5600,51000,,0379,,1450,TRACT 379   NEW YORK CITY BRONX,001,3,15,0,0,0,0,0,0,0,4975,542,33
G36000500380,1960,New York,36,Bronx,005,5600,51000,,0380,,1450,TRACT 380   NEW YORK CITY BRONX,001,3,15,0,0,0,0,1,1,0,2199,182,1
G36000500381,1960,New York,36,Bronx,005,5600,51000,,0381,,1450,TRACT 381   NEW YORK CITY BRONX,001,3,15,0,0,0,0,1,1,0,5456,59,17
G36000500382,1960,New York,36,Bronx,005,5600,51000,,0382,,1450,TRACT 382   NEW YORK CITY BRONX,001,3,15,0,0,0,0,0,1,0,1780,466,3
G36000500383,1960,New York,36,Bronx,005,5600,51000,,0383,,1450,TRACT 383   NEW YORK CITY BRONX,001,3,15,0,0,0,0,1,0,0,9072,359,10
G36000500385,1960,New York,36,Bronx,005,5600,51000,,0385,,1450,TRACT 385   NEW YORK CITY BRONX,001,3,15,0,0,0,0,1,0,0,6787,384,7
G36000500386,1960,New York,36,Bronx,005,5600,51000,,0386,,1450,TRACT 386   NEW YORK CITY BRONX,001,3,15,0,0,0,0,0,1,0,4985,1700,20
G36000500387,1960,New York,36,Bronx,005,5600,51000,,0387,,1450,TRACT 387   NEW YORK CITY BRONX,001,3,15,0,0,0,0,1,1,0,4337,103,22
G36000500388,1960,New York,36,Bronx,005,5600,51000,,0388,,1450,TRACT 388   NEW YORK CITY BRONX,001,3,15,0,0,0,0,0,1,0,989,875,14
G36000500389,1960,New York,36,Bronx,005,5600,51000,,0389,,1450,TRACT 389   NEW YORK CITY BRONX,001,3,15,0,0,0,0,1,1,0,5626,57,15
G36000500390,1960,New York,36,Bronx,005,5600,51000,,0390,,1450,TRACT 390   NEW YORK CITY BRONX,001,3,15,0,0,0,0,0,1,0,1646,589,5
G36000500391,1960,New York,36,Bronx,005,5600,51000,,0391,,1450,TRACT 391   NEW YORK CITY BRONX,001,3,15,0,0,0,0,1,1,0,7224,72,8
G36000500392,1960,New York,36,Bronx,005,5600,51000,,0392,,1450,TRACT 392   NEW YORK CITY BRONX,001,3,15,0,0,0,0,1,1,0,1426,124,6
G36000500393,1960,New York,36,Bronx,005,5600,51000,,0393,,1450,TRACT 393   NEW YORK CITY BRONX,001,3,15,0,0,0,0,1,1,0,6846,73,3
G36000500394,1960,New York,36,Bronx,005,5600,51000,,0394,,1450,TRACT 394   NEW YORK CITY BRONX,001,3,15,0,0,0,0,1,1,0,4073,135,8
G36000500395,1960,New York,36,Bronx,005,5600,51000,,0395,,1450,TRACT 395   NEW YORK CITY BRONX,001,3,15,0,1,1,1,1,1,0,11,0,0
G36000500396,1960,New York,36,Bronx,005,5600,51000,,0396,,1450,TRACT 396   NEW YORK CITY BRONX,001,3,15,0,0,0,0,0,1,0,2050,883,9
G36000500397,1960,New York,36,Bronx,005,5600,51000,,0397,,1450,TRACT 397   NEW YORK CITY BRONX,001,3,15,0,0,0,0,1,1,0,2183,57,24
G36000500398,1960,New York,36,Bronx,005,5600,51000,,0398,,1450,TRACT 398   NEW YORK CITY BRONX,001,3,15,0,0,0,0,0,1,0,1045,1730,13
G36000500399,1960,New York,36,Bronx,005,5600,51000,,0399,,1450,TRACT 399   NEW YORK CITY BRONX,001,3,15,0,0,0,0,1,1,0,8917,159,10
G36000500401,1960,New York,36,Bronx,005,5600,51000,,0401,,1450,TRACT 401   NEW YORK CITY BRONX,001,3,15,0,0,0,0,1,1,0,4303,9,3
G36000500403,1960,New York,36,Bronx,005,5600,51000,,0403,,1450,TRACT 403   NEW YORK CITY BRONX,001,3,15,0,0,0,0,1,1,0,10829,23,17
G36000500404,1960,New York,36,Bronx,005,5600,51000,,0404,,1450,TRACT 404   NEW YORK CITY BRONX,001,3,15,0,0,0,0,0,1,0,1492,1110,15
G36000500405,1960,New York,36,Bronx,005,5600,51000,,0405,,1450,TRACT 405   NEW YORK CITY BRONX,001,3,15,0,0,0,0,1,1,0,9539,49,90
G36000500406,1960,New York,36,Bronx,005,5600,51000,,0406,,1450,TRACT 406   NEW YORK CITY BRONX,001,3,15,0,0,0,0,0,1,0,2573,486,15
G36000500407,1960,New York,36,Bronx,005,5600,51000,,0407,,1450,TRACT 407   NEW YORK CITY BRONX,001,3,15,0,0,0,0,1,1,0,8677,34,24
G36000500408,1960,New York,36,Bronx,005,5600,51000,,0408,,1450,TRACT 408   NEW YORK CITY BRONX,001,3,15,0,0,0,0,1,1,0,3416,117,1
G36000500409,1960,New York,36,Bronx,005,5600,51000,,0409,,1450,TRACT 409   NEW YORK CITY BRONX,001,3,15,0,1,1,1,1,1,0,0,0,0
G36000500410,1960,New York,36,Bronx,005,5600,51000,,0410,,1450,TRACT 410   NEW YORK CITY BRONX,001,3,15,0,0,1,1,1,1,0,22,0,0
G36000500411,1960,New York,36,Bronx,005,5600,51000,,0411,,1450,TRACT 411   NEW YORK CITY BRONX,001,3,15,0,0,0,0,1,1,0,2734,17,7
G36000500413,1960,New York,36,Bronx,005,5600,51000,,0413,,1450,TRACT 413   NEW YORK CITY BRONX,001,3,15,0,0,0,0,1,1,0,6363,6,17
G36000500414,1960,New York,36,Bronx,005,5600,51000,,0414,,1450,TRACT 414   NEW YORK CITY BRONX,001,3,15,0,0,0,0,1,1,0,3772,12,0
G36000500415,1960,New York,36,Bronx,005,5600,51000,,0415,,1450,TRACT 415   NEW YORK CITY BRONX,001,3,15,0,0,0,0,1,1,0,5536,14,4
G36000500417,1960,New York,36,Bronx,005,5600,51000,,0417,,1450,TRACT 417   NEW YORK CITY BRONX,001,3,15,1,1,1,1,1,1,0,0,0,0
G36000500418,1960,New York,36,Bronx,005,5600,51000,,0418,,1450,TRACT 418   NEW YORK CITY BRONX,001,3,15,0,0,0,0,1,1,0,3045,4,1
G36000500419,1960,New York,36,Bronx,005,5600,51000,,0419,,1450,TRACT 419   NEW YORK CITY BRONX,001,3,15,0,0,0,0,1,1,0,7098,61,15
G36000500420,1960,New York,36,Bronx,005,5600,51000,,0420,,1450,TRACT 420   NEW YORK CITY BRONX,001,3,15,0,0,0,0,1,1,0,3469,76,15
G36000500421,1960,New York,36,Bronx,005,5600,51000,,0421,,1450,TRACT 421   NEW YORK CITY BRONX,001,3,15,0,0,0,0,1,1,0,4985,31,21
G36000500422,1960,New York,36,Bronx,005,5600,51000,,0422,,1450,TRACT 422   NEW YORK CITY BRONX,001,3,15,0,0,0,0,1,1,0,2736,158,0
G36000500423,1960,New York,36,Bronx,005,5600,51000,,0423,,1450,TRACT 423   NEW YORK CITY BRONX,001,3,15,0,0,0,0,1,1,0,3501,19,9
G36000500424,1960,New York,36,Bronx,005,5600,51000,,0424,,1450,TRACT 424   NEW YORK CITY BRONX,001,3,15,0,0,0,0,1,1,0,1807,216,6
G36000500425,1960,New York,36,Bronx,005,5600,51000,,0425,,1450,TRACT 425   NEW YORK CITY BRONX,001,3,15,0,0,0,0,1,1,0,5828,25,15
G36000500426,1960,New York,36,Bronx,005,5600,51000,,0426,,1450,TRACT 426   NEW YORK CITY BRONX,001,3,15,0,0,0,0,1,1,0,3782,39,1
G36000500427,1960,New York,36,Bronx,005,5600,51000,,0427,,1450,TRACT 427   NEW YORK CITY BRONX,001,3,15,1,1,1,1,1,1,0,0,0,0
G36000500428,1960,New York,36,Bronx,005,5600,51000,,0428,,1450,TRACT 428   NEW YORK CITY BRONX,001,3,15,0,0,0,0,1,1,0,1647,0,7
G360005004290,1960,New York,36,Bronx,005,5600,51000,,0429,0,1450,TRACT 429-0 NEW YORK CITY BRONX,001,3,15,0,0,0,0,1,1,0,3090,0,0
G360005004291,1960,New York,36,Bronx,005,5600,51000,,0429,1,1450,TRACT 429-1 NEW YORK CITY BRONX,001,3,15,0,0,0,0,1,1,0,3784,27,9
G36000500430,1960,New York,36,Bronx,005,5600,51000,,0430,,1450,TRACT 430   NEW YORK CITY BRONX,001,3,15,0,0,0,0,1,1,0,2469,1,0
G36000500431,1960,New York,36,Bronx,005,5600,51000,,0431,,1450,TRACT 431   NEW YORK CITY BRONX,001,3,15,0,0,0,0,1,1,0,8472,101,19
G36000500432,1960,New York,36,Bronx,005,5600,51000,,0432,,1450,TRACT 432   NEW YORK CITY BRONX,001,3,15,0,0,0,0,1,1,0,2552,3,7
G36000500433,1960,New York,36,Bronx,005,5600,51000,,0433,,1450,TRACT 433   NEW YORK CITY BRONX,001,3,15,1,1,1,1,1,1,0,0,0,0
G36000500435,1960,New York,36,Bronx,005,5600,51000,,0435,,1450,TRACT 435   NEW YORK CITY BRONX,001,3,15,1,1,1,1,1,1,0,0,0,0
G36000500436,1960,New York,36,Bronx,005,5600,51000,,0436,,1450,TRACT 436   NEW YORK CITY BRONX,001,3,15,0,0,0,0,1,1,0,1964,4,0
G36000500438,1960,New York,36,Bronx,005,5600,51000,,0438,,1450,TRACT 438   NEW YORK CITY BRONX,001,3,15,0,0,0,0,1,1,0,2207,12,0
G36000500440,1960,New York,36,Bronx,005,5600,51000,,0440,,1450,TRACT 440   NEW YORK CITY BRONX,001,3,15,0,0,0,0,1,1,0,862,4,4
G36000500442,1960,New York,36,Bronx,005,5600,51000,,0442,,1450,TRACT 442   NEW YORK CITY BRONX,001,3,15,0,0,0,0,1,1,0,3003,71,2
G36000500446,1960,New York,36,Bronx,005,5600,51000,,0446,,1450,TRACT 446   NEW YORK CITY BRONX,001,3,15,0,0,0,0,1,1,0,827,52,2
G36000500448,1960,New York,36,Bronx,005,5600,51000,,0448,,1450,TRACT 448   NEW YORK CITY BRONX,001,3,15,0,0,0,0,1,1,0,1725,32,1
G360005004490,1960,New York,36,Bronx,005,5600,51000,,0449,0,1450,TRACT 449-0 NEW YORK CITY BRONX,001,3,15,0,0,0,0,1,1,0,2047,15,1
G360005004491,1960,New York,36,Bronx,005,5600,51000,,0449,1,1450,TRACT 449-1 NEW YORK CITY BRONX,001,3,15,0,0,0,0,1,1,0,2418,2,3
G360005004510,1960,New York,36,Bronx,005,5600,51000,,0451,0,1450,TRACT 451-0 NEW YORK CITY BRONX,001,3,15,0,0,0,0,1,1,0,2281,6,0
G360005004511,1960,New York,36,Bronx,005,5600,51000,,0451,1,1450,TRACT 451-1 NEW YORK CITY BRONX,001,3,15,0,0,0,0,1,1,0,2676,12,4
G36000500454,1960,New York,36,Bronx,005,5600,51000,,0454,,1450,TRACT 454   NEW YORK CITY BRONX,001,3,15,0,0,0,0,1,1,0,1610,28,0
G36000500458,1960,New York,36,Bronx,005,5600,51000,,0458,,1450,TRACT 458   NEW YORK CITY BRONX,001,3,15,0,0,0,0,0,0,0,5212,3816,23
G36000500460,1960,New York,36,Bronx,005,5600,51000,,0460,,1450,TRACT 460   NEW YORK CITY BRONX,001,3,15,0,0,0,0,1,1,0,233,38,0
G360005004620,1960,New York,36,Bronx,005,5600,51000,,0462,0,1450,TRACT 462-0 NEW YORK CITY BRONX,001,3,15,0,0,0,0,1,1,0,144,0,0
G360005004621,1960,New York,36,Bronx,005,5600,51000,,0462,1,1450,TRACT 462-1 NEW YORK CITY BRONX,001,3,15,0,0,0,0,0,1,0,1784,521,9
G36000500464,1960,New York,36,Bronx,005,5600,51000,,0464,,1450,TRACT 464   NEW YORK CITY BRONX,001,3,15,0,0,0,0,1,1,0,80,55,0
G36000500484,1960,New York,36,Bronx,005,5600,51000,,0484,,1450,TRACT 484   NEW YORK CITY BRONX,001,3,15,0,0,0,0,1,1,0,1408,0,0
G36000500502,1960,New York,36,Bronx,005,5600,51000,,0502,,1450,TRACT 502   NEW YORK CITY BRONX,001,3,15,0,0,0,0,1,1,0,330,14,0
G36000500504,1960,New York,36,Bronx,005,5600,51000,,0504,,1450,TRACT 504   NEW YORK CITY BRONX,001,3,15,0,0,0,1,1,1,0,92,4,0
G36000500514,1960,New York,36,Bronx,005,5600,51000,,0514,,1450,TRACT 514   NEW YORK CITY BRONX,001,3,15,1,0,1,1,1,1,0,0,0,0
G36000500516,1960,New York,36,Bronx,005,5600,51000,,0516,,1450,TRACT 516   NEW YORK CITY BRONX,001,3,15,0,0,0,0,1,1,0,4275,1,4
G36000500540,1960,New York,36,Bronx,005,5600,51000,,0540,,1450,TRACT 540   NEW YORK CITY BRONX,001,3,15,0,1,1,1,0,1,0,610,748,5
G3600070B0001,1960,New York,36,Broome,007,0960,06607,B,0001,,0250,TRACT B-1 BINGHAMTON CITY,002,3,11,0,0,0,0,1,1,0,4442,15,0
G3600070B0002,1960,New York,36,Broome,007,0960,06607,B,0002,,0250,TRACT B-2 BINGHAMTON CITY,002,3,11,0,0,0,0,1,1,0,5508,19,1
G3600070B0003,1960,New York,36,Broome,007,0960,06607,B,0003,,0250,TRACT B-3 BINGHAMTON CITY,002,3,11,0,0,0,0,1,1,0,4337,120,14
G3600070B0004,1960,New York,36,Broome,007,0960,06607,B,0004,,0250,TRACT B-4 BINGHAMTON CITY,002,3,11,0,0,0,0,1,1,0,4509,5,9
G3600070B0005,1960,New York,36,Broome,007,0960,06607,B,0005,,0250,TRACT B-5 BINGHAMTON CITY,002,3,11,0,0,0,0,1,1,0,3114,7,1
G3600070B0006,1960,New York,36,Broome,007,0960,06607,B,0006,,0250,TRACT B-6 BINGHAMTON CITY,002,3,11,0,0,0,0,1,1,0,3732,70,0
G3600070B0007,1960,New York,36,Broome,007,0960,06607,B,0007,,0250,TRACT B-7 BINGHAMTON CITY,002,3,11,0,0,0,0,1,1,0,5063,39,1
G3600070B0008,1960,New York,36,Broome,007,0960,06607,B,0008,,0250,TRACT B-8 BINGHAMTON CITY,002,3,11,0,0,0,0,1,1,0,3038,190,16
G3600070B0009,1960,New York,36,Broome,007,0960,06607,B,0009,,0250,TRACT B-9 BINGHAMTON CITY,002,3,11,0,0,0,0,1,1,0,2235,7,0
G3600070B0010,1960,New York,36,Broome,007,0960,06607,B,0010,,0250,TRACT B-10 BINGHAMTON CITY,002,3,11,0,0,0,0,1,1,0,2446,54,2
G3600070B0011,1960,New York,36,Broome,007,0960,06607,B,0011,,0250,TRACT B-11 BINGHAMTON CITY,002,3,11,0,0,0,0,0,1,0,2114,490,1
G3600070B0012,1960,New York,36,Broome,007,0960,06607,B,0012,,0250,TRACT B-12 BINGHAMTON CITY,002,3,11,0,0,0,0,1,1,0,2152,53,3
G3600070B0013,1960,New York,36,Broome,007,0960,06607,B,0013,,0250,TRACT B-13 BINGHAMTON CITY,002,3,11,0,0,0,0,1,1,0,3961,45,10
G3600070B0014,1960,New York,36,Broome,007,0960,06607,B,0014,,0250,TRACT B-14 BINGHAMTON CITY,002,3,11,0,0,0,0,1,1,0,6511,4,0
G3600070B0015,1960,New York,36,Broome,007,0960,06607,B,0015,,0250,TRACT B-15 BINGHAMTON CITY,002,3,11,0,0,0,0,1,1,0,6966,3,0
G3600070B0016,1960,New York,36,Broome,007,0960,06607,B,0016,,0250,TRACT B-16 BINGHAMTON CITY,002,3,11,0,0,0,0,1,1,0,3096,0,7
G3600070B0017,1960,New York,36,Broome,007,0960,06607,B,0017,,0250,TRACT B-17 BINGHAMTON CITY,002,3,11,0,0,0,0,1,1,0,5871,12,27
G3600070B0018,1960,New York,36,Broome,007,0960,06607,B,0018,,0250,TRACT B-18 BINGHAMTON CITY,002,3,11,0,0,0,0,1,1,0,5565,54,2
G3600070C0019,1960,New York,36,Broome,007,0960,,C,0019,,,TRACT C-19 BARKER TOWN,001,7,00,0,0,1,1,1,1,0,5271,14,4
G3600070C0020,1960,New York,36,Broome,007,0960,,C,0020,,,TRACT C-20 MAINE TOWN,011,7,00,0,0,1,1,1,1,0,4721,4,0
G3600070C0021,1960,New York,36,Broome,007,0960,,C,0021,,,TRACT C-21 CHENANGO TOWN,004,7,00,0,0,1,1,1,1,0,9854,2,2
G3600070C0022,1960,New York,36,Broome,007,0960,,C,0022,,0250,TRACT C-22 FENTON TOWN,008,7,00,0,0,1,1,1,1,0,5913,1,6
G3600070C0023,1960,New York,36,Broome,007,0960,,C,0023,,,TRACT C-23 COLESVILLE TOWN,005,7,00,0,0,1,1,1,1,0,3760,10,3
G3600070C0024,1960,New York,36,Broome,007,0960,,C,0024,,,TRACT C-24 SANFORD TOWN,013,7,00,0,0,1,1,1,1,0,2482,5,2
G3600070C0025,1960,New York,36,Broome,007,0960,,C,0025,,,TRACT C-25 WINDSOR TOWN,017,7,00,0,0,1,1,1,1,0,4366,7,0
G3600070C0026,1960,New York,36,Broome,007,0960,,C,0026,,,TRACT C-26 KIRKWOOD TOWN,009,7,00,0,0,1,1,1,1,0,4644,6,1
G3600070C0027,1960,New York,36,Broome,007,0960,,C,0027,,,TRACT C-27 BINGHAMTON TOWN,006,7,00,0,0,1,1,1,1,0,7806,16,0
G3600070C0028,1960,New York,36,Broome,007,0960,,C,0028,,0250,TRACT C-28 DICKINSON TOWN,007,7,00,0,0,1,1,1,1,0,6579,12,0
G3600070C0029,1960,New York,36,Broome,007,0960,,C,0029,,,TRACT C-29 UNION TOWN,015,7,00,0,0,1,1,1,1,0,1318,0,0
G3600070C0030,1960,New York,36,Broome,007,0960,,C,0030,,0250,TRACT C-30 UNION TOWN,015,7,00,0,0,1,1,1,1,0,6340,0,7
G3600070C0031,1960,New York,36,Broome,007,0960,,C,0031,,0250,TRACT C-31 UNION TOWN,015,7,00,0,0,1,1,1,1,0,4134,4,5
G3600070C0032,1960,New York,36,Broome,007,0960,,C,0032,,0250,TRACT C-32 UNION TOWN,015,7,00,0,0,1,1,1,1,0,5881,0,9
G3600070C0033,1960,New York,36,Broome,007,0960,,C,0033,,0250,TRACT C-33 UNION TOWN,015,7,00,0,0,1,1,1,1,0,8828,3,1
G3600070C0042,1960,New York,36,Broome,007,0960,,C,0042,,0250,TRACT C-42 BINGHAMTON TOWN,016,7,00,0,0,1,1,1,1,0,3172,8,2
G3600070C0043,1960,New York,36,Broome,007,0960,,C,0043,,0250,TRACT C-43 VESTAL TOWN,016,7,00,0,0,1,1,1,1,0,6143,2,7
G3600070C0044,1960,New York,36,Broome,007,0960,,C,0044,,,TRACT C-44 VESTAL TOWN,016,7,00,0,0,1,1,1,1,0,4055,3,4
G3600070C0045,1960,New York,36,Broome,007,0960,,C,0045,,,TRACT C-45 VESTAL TOWN,016,7,00,0,0,1,1,1,1,0,3404,0,6
G3600070E0034,1960,New York,36,Broome,007,0960,,E,0034,,0250,TRACT E-34 UNION TOWN,015,4,08,0,0,1,1,1,1,0,6120,3,12
G3600070E0035,1960,New York,36,Broome,007,0960,,E,0035,,0250,TRACT E-35 UNION TOWN,015,4,08,0,0,1,1,1,1,0,3812,2,13
G3600070E0036,1960,New York,36,Broome,007,0960,,E,0036,,0250,TRACT E-36 UNION TOWN,015,4,08,0,0,1,1,1,1,0,5139,0,4
G3600070E0037,1960,New York,36,Broome,007,0960,,E,0037,,0250,TRACT E-37 UNION TOWN,015,4,08,0,0,1,1,1,1,0,3664,0,6
G3600070J0038,1960,New York,36,Broome,007,0960,,J,0038,,0250,TRACT J-38 UNION TOWN,015,4,08,0,0,1,1,1,1,0,5743,0,3
G3600070J0039,1960,New York,36,Broome,007,0960,,J,0039,,0250,TRACT J-39 UNION TOWN,015,4,08,0,0,1,1,1,1,0,4332,0,3
G3600070J0040,1960,New York,36,Broome,007,0960,,J,0040,,0250,TRACT J-40 UNION TOWN,015,4,08,0,0,1,1,1,1,0,4764,1,1
G3600070J0041,1960,New York,36,Broome,007,0960,,J,0041,,0250,TRACT J-41 UNION TOWN,015,4,08,0,0,1,1,1,1,0,4269,0,2
G36002900001,1960,New York,36,Erie,029,1280,11000,,0001,,0310,TRACT 1  BUFFALO CITY,006,3,14,0,0,0,0,1,1,0,3115,0,0
G36002900002,1960,New York,36,Erie,029,1280,11000,,0002,,0310,TRACT 2  BUFFALO CITY,006,3,14,0,0,0,0,1,1,0,7156,21,7
G36002900003,1960,New York,36,Erie,029,1280,11000,,0003,,0310,TRACT 3  BUFFALO CITY,006,3,14,0,0,0,0,1,1,0,1445,211,8
G36002900004,1960,New York,36,Erie,029,1280,11000,,0004,,0310,TRACT 4  BUFFALO CITY,006,3,14,0,0,0,0,1,1,0,1417,20,7
G36002900005,1960,New York,36,Erie,029,1280,11000,,0005,,0310,TRACT 5  BUFFALO CITY,006,3,14,1,1,1,1,1,1,2,5340,26,9
G36002900006,1960,New York,36,Erie,029,1280,11000,,0006,,0310,TRACT 6  BUFFALO CITY,006,3,14,0,0,0,0,1,1,0,7888,2,2
G36002900007,1960,New York,36,Erie,029,1280,11000,,0007,,0310,TRACT 7  BUFFALO CITY,006,3,14,0,0,0,0,1,1,0,5590,1,5
G36002900008,1960,New York,36,Erie,029,1280,11000,,0008,,0310,TRACT 8  BUFFALO CITY,006,3,14,0,0,0,0,1,1,0,7627,0,7
G36002900009,1960,New York,36,Erie,029,1280,11000,,0009,,0310,TRACT 9  BUFFALO CITY,006,3,14,0,0,0,0,1,1,0,3649,1,0
G36002900010,1960,New York,36,Erie,029,1280,11000,,0010,,0310,TRACT 10 BUFFALO CITY,006,3,14,0,0,0,0,1,1,0,9155,1,8
G36002900011,1960,New York,36,Erie,029,1280,11000,,0011,,0310,TRACT 11 BUFFALO CITY,006,3,14,0,0,0,0,1,1,0,4916,0,10
G36002900012,1960,New York,36,Erie,029,1280,11000,,0012,,0310,TRACT 12 BUFFALO CITY,006,3,14,0,0,0,0,0,1,0,5970,1621,32
G36002900013,1960,New York,36,Erie,029,1280,11000,,0013,,0310,TRACT 13 BUFFALO CITY,006,3,14,0,1,1,1,1,1,2,4257,1413,56
G36002900014,1960,New York,36,Erie,029,1280,11000,,0014,,0310,TRACT 14 BUFFALO CITY,006,3,14,0,0,0,0,0,1,0,605,9629,57
G36002900015,1960,New York,36,Erie,029,1280,11000,,0015,,0310,TRACT 15 BUFFALO CITY,006,3,14,0,0,0,0,0,1,0,3660,7409,39
G36002900016,1960,New York,36,Erie,029,1280,11000,,0016,,0310,TRACT 16 BUFFALO CITY,006,3,14,0,0,0,0,1,1,0,10285,2,3
G36002900017,1960,New York,36,Erie,029,1280,11000,,0017,,0310,TRACT 17 BUFFALO CITY,006,3,14,0,0,0,0,1,1,0,4735,31,10
G36002900018,1960,New York,36,Erie,029,1280,11000,,0018,,0310,TRACT 18 BUFFALO CITY,006,3,14,0,0,0,0,1,1,0,2493,24,3
G36002900019,1960,New York,36,Erie,029,1280,11000,,0019,,0310,TRACT 19 BUFFALO CITY,006,3,14,0,0,0,0,1,1,0,5248,0,0
G36002900020,1960,New York,36,Erie,029,1280,11000,,0020,,0310,TRACT 20 BUFFALO CITY,006,3,14,0,0,0,0,1,1,0,2869,1,7
G36002900021,1960,New York,36,Erie,029,1280,11000,,0021,,0310,TRACT 21 BUFFALO CITY,006,3,14,0,0,0,0,1,1,0,1179,0,0
G36002900022,1960,New York,36,Erie,029,1280,11000,,0022,,0310,TRACT 22 BUFFALO CITY,006,3,14,0,0,0,0,1,1,0,3245,22,0
G36002900023,1960,New York,36,Erie,029,1280,11000,,0023,,0310,TRACT 23 BUFFALO CITY,006,3,14,0,0,0,0,1,1,0,5413,2,7
G36002900024,1960,New York,36,Erie,029,1280,11000,,0024,,0310,TRACT 24 BUFFALO CITY,006,3,14,0,0,0,0,1,1,0,9158,0,10
G36002900025,1960,New York,36,Erie,029,1280,11000,,0025,,0310,TRACT 25 BUFFALO CITY,006,3,14,0,0,0,0,0,1,0,4433,8851,105
G36002900026,1960,New York,36,Erie,029,1280,11000,,0026,,0310,TRACT 26 BUFFALO CITY,006,3,14,0,0,0,0,0,1,0,2170,2944,21
G36002900027,1960,New York,36,Erie,029,1280,11000,,0027,,0310,TRACT 27 BUFFALO CITY,006,3,14,0,0,0,0,1,1,0,16572,267,12
G36002900028,1960,New York,36,Erie,029,1280,11000,,0028,,0310,TRACT 28 BUFFALO CITY,006,3,14,0,0,0,0,1,1,0,9047,0,5
G36002900029,1960,New York,36,Erie,029,1280,11000,,0029,,0310,TRACT 29 BUFFALO CITY,006,3,14,0,0,0,0,1,1,0,7161,0,1
G36002900030,1960,New York,36,Erie,029,1280,11000,,0030,,0310,TRACT 30 BUFFALO CITY,006,3,14,0,0,0,0,1,1,0,4154,0,2
G36002900031,1960,New York,36,Erie,029,1280,11000,,0031,,0310,TRACT 31 BUFFALO CITY,006,3,14,0,0,0,0,0,1,0,8019,4284,115
G36002900032,1960,New York,36,Erie,029,1280,11000,,0032,,0310,TRACT 32 BUFFALO CITY,006,3,14,0,0,0,0,0,1,0,3435,14872,57
G36002900033,1960,New York,36,Erie,029,1280,11000,,0033,,0310,TRACT 33 BUFFALO CITY,006,3,14,0,0,0,0,0,1,0,4471,11690,77
G36002900034,1960,New York,36,Erie,029,1280,11000,,0034,,0310,TRACT 34 BUFFALO CITY,006,3,14,0,0,0,0,0,1,0,7000,447,13
G36002900035,1960,New York,36,Erie,029,1280,11000,,0035,,0310,TRACT 35 BUFFALO CITY,006,3,14,0,0,0,0,0,1,0,9960,539,15
G36002900036,1960,New York,36,Erie,029,1280,11000,,0036,,0310,TRACT 36 BUFFALO CITY,006,3,14,0,0,0,0,1,1,0,7328,4,7
G36002900037,1960,New York,36,Erie,029,1280,11000,,0037,,0310,TRACT 37 BUFFALO CITY,006,3,14,0,0,0,0,1,1,0,7195,0,4
G36002900038,1960,New York,36,Erie,029,1280,11000,,0038,,0310,TRACT 38 BUFFALO CITY,006,3,14,0,0,0,0,1,1,0,4174,1,3
G36002900039,1960,New York,36,Erie,029,1280,11000,,0039,,0310,TRACT 39 BUFFALO CITY,006,3,14,0,0,0,0,1,1,0,7017,176,22
G36002900040,1960,New York,36,Erie,029,1280,11000,,0040,,0310,TRACT 40 BUFFALO CITY,006,3,14,0,0,0,0,1,1,0,9950,36,18
G36002900041,1960,New York,36,Erie,029,1280,11000,,0041,,0310,TRACT 41 BUFFALO CITY,006,3,14,0,0,0,0,1,1,0,8568,127,8
G36002900042,1960,New York,36,Erie,029,1280,11000,,0042,,0310,TRACT 42 BUFFALO CITY,006,3,14,0,0,0,0,1,1,0,5668,0,3
G36002900043,1960,New York,36,Erie,029,1280,11000,,0043,,0310,TRACT 43 BUFFALO CITY,006,3,14,0,0,0,0,1,1,0,7723,1,12
G36002900044,1960,New York,36,Erie,029,1280,11000,,0044,,0310,TRACT 44 BUFFALO CITY,006,3,14,0,0,0,0,1,1,0,10015,135,10
G36002900045,1960,New York,36,Erie,029,1280,11000,,0045,,0310,TRACT 45 BUFFALO CITY,006,3,14,0,0,0,0,1,1,0,7625,9,0
G36002900046,1960,New York,36,Erie,029,1280,11000,,0046,,0310,TRACT 46 BUFFALO CITY,006,3,14,0,0,0,0,1,1,0,6177,92,17
G36002900047,1960,New York,36,Erie,029,1280,11000,,0047,,0310,TRACT 47 BUFFALO CITY,006,3,14,0,0,0,0,1,1,0,7485,0,8
G36002900048,1960,New York,36,Erie,029,1280,11000,,0048,,0310,TRACT 48 BUFFALO CITY,006,3,14,0,0,0,0,1,1,0,5404,4,8
G36002900049,1960,New York,36,Erie,029,1280,11000,,0049,,0310,TRACT 49 BUFFALO CITY,006,3,14,0,0,0,0,1,1,0,9536,2,11
G36002900050,1960,New York,36,Erie,029,1280,11000,,0050,,0310,TRACT 50 BUFFALO CITY,006,3,14,0,0,0,0,1,1,0,3700,2,4
G36002900051,1960,New York,36,Erie,029,1280,11000,,0051,,0310,TRACT 51 BUFFALO CITY,006,3,14,0,0,0,0,1,1,0,6449,3,0
G36002900052,1960,New York,36,Erie,029,1280,11000,,0052,,0310,TRACT 52 BUFFALO CITY,006,3,14,0,0,0,0,0,1,0,7170,1831,38
G36002900053,1960,New York,36,Erie,029,1280,11000,,0053,,0310,TRACT 53 BUFFALO CITY,006,3,14,0,0,0,0,1,1,0,1205,3,1
G36002900054,1960,New York,36,Erie,029,1280,11000,,0054,,0310,TRACT 54 BUFFALO CITY,006,3,14,0,0,0,0,1,1,0,5273,6,0
G36002900055,1960,New York,36,Erie,029,1280,11000,,0055,,0310,TRACT 55 BUFFALO CITY,006,3,14,0,0,0,0,1,1,0,6856,3,9
G36002900056,1960,New York,36,Erie,029,1280,11000,,0056,,0310,TRACT 56 BUFFALO CITY,006,3,14,0,0,0,0,1,1,0,6320,180,12
G36002900057,1960,New York,36,Erie,029,1280,11000,,0057,,0310,TRACT 57 BUFFALO CITY,006,3,14,0,0,0,0,1,1,0,4391,81,1
G36002900058,1960,New York,36,Erie,029,1280,11000,,0058,,0310,TRACT 58 BUFFALO CITY,006,3,14,0,0,0,0,1,1,0,11100,0,27
G36002900059,1960,New York,36,Erie,029,1280,11000,,0059,,0310,TRACT 59 BUFFALO CITY,006,3,14,0,0,0,0,1,1,0,5665,0,11
G36002900060,1960,New York,36,Erie,029,1280,11000,,0060,,0310,TRACT 60 BUFFALO CITY,006,3,14,0,0,0,0,1,1,0,8946,7,62
G36002900061,1960,New York,36,Erie,029,1280,11000,,0061,,0310,TRACT 61 BUFFALO CITY,006,3,14,0,0,0,0,1,1,0,8714,6,50
G36002900062,1960,New York,36,Erie,029,1280,11000,,0062,,0310,TRACT 62 BUFFALO CITY,006,3,14,0,0,0,0,1,1,0,4947,230,13
G36002900063,1960,New York,36,Erie,029,1280,11000,,0063,,0310,TRACT 63 BUFFALO CITY (combined parts A and B),,,,,,,,,,,10061,16,29
G36002900064,1960,New York,36,Erie,029,1280,11000,,0064,,0310,TRACT 64 BUFFALO CITY,006,3,14,0,0,0,0,1,1,0,1075,5,6
G36002900065,1960,New York,36,Erie,029,1280,11000,,0065,,0310,TRACT 65 BUFFALO CITY (combined parts A and B),,,,,,,,,,,8989,10,30
G36002900066,1960,New York,36,Erie,029,1280,11000,,0066,,0310,TRACT 66 BUFFALO CITY (combined parts A and B),,,,,,,,,,,6868,47,62
G36002900067,1960,New York,36,Erie,029,1280,11000,,0067,,0310,TRACT 67 BUFFALO CITY,006,3,14,0,0,0,0,1,1,0,8726,28,77
G36002900068,1960,New York,36,Erie,029,1280,11000,,0068,,0310,TRACT 68 BUFFALO CITY,006,3,14,0,0,0,0,1,1,0,7568,80,251
G36002900069,1960,New York,36,Erie,029,1280,11000,,0069,,0310,TRACT 69 BUFFALO CITY,006,3,14,0,0,0,0,1,1,0,14303,17,161
G36002900070,1960,New York,36,Erie,029,1280,11000,,0070,,0310,TRACT 70 BUFFALO CITY,006,3,14,0,0,0,0,1,1,0,7215,241,64
G36002900071,1960,New York,36,Erie,029,1280,11000,,0071,,0310,TRACT 71 BUFFALO CITY,006,3,14,1,1,1,1,1,1,2,15268,733,715
G36002900072,1960,New York,36,Erie,029,1280,11000,,0072,,0310,TRACT 72 BUFFALO CITY,006,3,14,0,1,1,1,1,1,2,1622,2454,20
G36002900073,1960,New York,36,Erie,029,1280,,,0073,,0310,TRACT 73 GRAND ISLAND TOWN,015,7,00,0,0,1,1,1,1,0,9568,26,13
G36002900074,1960,New York,36,Erie,029,1280,,,0074,,0310,TRACT 74 TONAWANDA CITY,025,4,09,0,0,1,1,1,1,0,1229,0,0
G36002900075,1960,New York,36,Erie,029,1280,,,0075,,0310,TRACT 75 TONAWANDA CITY,025,4,09,0,0,1,1,1,1,0,2208,0,8
G36002900076,1960,New York,36,Erie,029,1280,,,0076,,0310,TRACT 76 TONAWANDA CITY,025,4,09,0,0,1,1,1,1,0,4450,1,5
G36002900077,1960,New York,36,Erie,029,1280,,,0077,,0310,TRACT 77 TONAWANDA CITY,025,4,09,0,0,1,1,1,1,0,6577,1,17
G36002900078,1960,New York,36,Erie,029,1280,,,0078,,0310,TRACT 78 TONAWANDA CITY,025,4,09,0,0,1,1,1,1,0,7050,9,6
G36002900079A,1960,New York,36,Erie,029,1280,,,0079,A,0310,TRACT 79-A TONAWANDA -U-,026,5,11,0,0,1,1,1,1,0,16975,10,26
G36002900079B,1960,New York,36,Erie,029,1280,,,0079,B,0310,TRACT 79-B TONAWANDA -U-,026,5,11,0,0,1,1,1,1,0,10776,11,17
G36002900080A,1960,New York,36,Erie,029,1280,,,0080,A,0310,TRACT 80-A TONAWANDA -U-,026,5,11,0,0,1,1,1,1,0,8535,2,24
G36002900080B,1960,New York,36,Erie,029,1280,,,0080,B,0310,TRACT 80-B TONAWANDA -U-,026,5,11,0,0,1,1,1,1,0,15248,13,10
G36002900081A,1960,New York,36,Erie,029,1280,,,0081,A,0310,TRACT 81-A TONAWANDA -U-,026,5,11,0,0,1,1,1,1,0,7446,1,5
G36002900081B,1960,New York,36,Erie,029,1280,,,0081,B,0310,TRACT 81-B TONAWANDA -U-,026,5,11,0,0,1,1,1,1,0,6264,5,11
G36002900082A,1960,New York,36,Erie,029,1280,,,0082,A,0310,TRACT 82-A TONAWANDA -U-,026,5,11,0,0,1,1,1,1,0,3890,0,7
G36002900082B,1960,New York,36,Erie,029,1280,,,0082,B,0310,TRACT 82-B TONAWANDA -U-,026,5,11,0,0,1,1,1,1,0,5542,3,3
G36002900083,1960,New York,36,Erie,029,1280,,,0083,,0310,TRACT 83   TONAWANDA -U-,026,5,11,0,0,1,1,1,1,0,5077,0,31
G36002900084,1960,New York,36,Erie,029,1280,,,0084,,0310,TRACT 84   TONAWANDA -U-,026,5,11,0,0,1,1,1,1,0,3791,33,15
G36002900085,1960,New York,36,Erie,029,1280,,,0085,,0310,TRACT 85 TONAWANDA TOWN,026,4,09,0,0,1,1,1,1,0,3305,0,2
G36002900086,1960,New York,36,Erie,029,1280,,,0086,,0310,TRACT 86 TONAWANDA TOWN,026,4,09,0,0,1,1,1,1,0,5979,1,0
G36002900087,1960,New York,36,Erie,029,1280,,,0087,,0310,TRACT 87 TONAWANDA TOWN,026,4,09,0,0,1,1,1,1,0,6740,0,0
G36002900088,1960,New York,36,Erie,029,1280,,,0088,,0310,TRACT 88 TONAWANDA TOWN,026,4,09,0,0,1,1,1,1,0,5233,1,0
G36002900089,1960,New York,36,Erie,029,1280,,,0089,,0310,TRACT 89 AMHERST TOWN,002,4,07,0,0,1,1,1,1,0,6309,4,3
G36002900090,1960,New York,36,Erie,029,1280,,,0090,,,TRACT 90 AMHERST TOWN,002,7,00,0,0,1,1,1,1,0,5033,18,5
G36002900091,1960,New York,36,Erie,029,1280,,,0091,,,TRACT 91 PT AMHERST TOWN,002,9,99,0,0,1,1,1,1,2,7479,25,20
G36002900092,1960,New York,36,Erie,029,1280,,,0092,,,TRACT 92 PT AMHERST TOWN,002,9,99,0,0,1,1,1,1,2,3063,1,4
G36002900093,1960,New York,36,Erie,029,1280,,,0093,,0310,TRACT 93 EGGERTSVILLE TOWN -U-,002,5,10,0,0,1,1,1,1,0,10685,7,19
G36002900094A,1960,New York,36,Erie,029,1280,,,0094,A,0310,TRACT 94-A EGGERTSVILLE TOWN -U-,002,5,10,0,0,1,1,1,1,0,6934,4,16
G36002900094B,1960,New York,36,Erie,029,1280,,,0094,B,0310,TRACT 94-B EGGERTSVILLE TOWN -U-,002,5,10,0,0,1,1,1,1,0,4501,3,8
G36002900095A,1960,New York,36,Erie,029,1280,,,0095,A,0310,TRACT 95-A EGGERTSVILLE TOWN -U-,002,5,10,0,0,1,1,1,1,0,6841,11,3
G36002900095B,1960,New York,36,Erie,029,1280,,,0095,B,0310,TRACT 95-B EGGERTSVILLE TOWN -U-,002,5,10,0,0,1,1,1,1,0,8126,1,11
G36002900096,1960,New York,36,Erie,029,1280,,,0096,,,TRACT 96 PT AMHERST TOWN,002,9,99,0,0,1,1,1,1,2,3693,5,5
G36002900097,1960,New York,36,Erie,029,1280,,,0097,,0310,TRACT 97 CHEEKTOWAGA TOWN,007,4,08,0,0,1,1,1,1,0,5464,1,7
G36002900098,1960,New York,36,Erie,029,1280,,,0098,,0310,TRACT 98 CHEEKTOWAGA TOWN,007,4,08,0,0,1,1,1,1,0,1886,0,1
G36002900099,1960,New York,36,Erie,029,1280,,,0099,,0310,TRACT 99 CHEEKTOWAGA TOWN,007,4,07,0,0,1,1,1,1,0,5798,4,1
G36002900100,1960,New York,36,Erie,029,1280,,,0100,,0310,TRACT 100 PT CHEEKSTOWAGA NORTHWEST -U-,007,9,99,0,0,1,1,1,1,2,9383,0,5
G36002900101A,1960,New York,36,Erie,029,1280,,,0101,A,0310,TRACT 101-A CHEEKSTOWAGA NORTHWEST -U-,007,5,11,0,0,1,1,1,1,0,13829,0,2
G36002900101B,1960,New York,36,Erie,029,1280,,,0101,B,0310,TRACT 101-B CHEEKSTOWAGA NORTHWEST -U-,007,5,11,0,0,1,1,1,1,0,6456,4,12
G36002900102,1960,New York,36,Erie,029,1280,,,0102,,0310,TRACT 102 CHEEKSTOWAGA NORTHWEST -U-,007,5,11,0,0,1,1,1,1,0,9664,3,11
G36002900103,1960,New York,36,Erie,029,1280,,,0103,,0310,TRACT 103 CHEEKSTOWAGA NORTHWEST -U-,007,5,11,0,0,1,1,1,1,0,1914,0,0
G36002900104,1960,New York,36,Erie,029,1280,,,0104,,0310,TRACT 104 CHEEKSTOWAGA NORTHWEST -U-,007,5,11,0,0,1,1,1,1,0,3411,0,1
G36002900105,1960,New York,36,Erie,029,1280,,,0105,,0310,TRACT 105 CHEEKSTOWAGA NORTHWEST -U-,007,5,11,0,0,1,1,1,1,0,3489,0,2
G36002900106,1960,New York,36,Erie,029,1280,,,0106,,0310,TRACT 106 CHEEKSTOWAGA NORTHWEST -U-,007,5,11,0,0,1,1,1,1,0,3831,10,5
G36002900107,1960,New York,36,Erie,029,1280,,,0107,,0310,TRACT 107 PT CHECKTOWAGA TOWN,007,9,99,0,0,1,1,1,1,2,3904,0,0
G36002900108,1960,New York,36,Erie,029,1280,,,0108,,,TRACT 108 CHEEKTOWAGA TOWN,007,7,00,0,0,1,1,1,1,0,3189,17,4
G36002900109,1960,New York,36,Erie,029,1280,,,0109,,0310,TRACT 109 CHEEKTOWAGA TOWN,007,7,00,0,0,1,1,1,1,0,5415,8,0
G36002900110,1960,New York,36,Erie,029,1280,,,0110,,0310,TRACT 110 CHEEKTOWAGA TOWN,007,5,08,0,0,1,1,1,1,0,2832,0,2
G36002900111,1960,New York,36,Erie,029,1280,,,0111,,0310,TRACT 111 CHEEKTOWAGA TOWN,007,5,08,0,0,1,1,1,1,0,3487,3,1
G36002900112,1960,New York,36,Erie,029,1280,,,0112,,0310,TRACT 112 WEST SENECA TOWN,028,5,09,0,0,1,1,1,1,0,3351,3,1
G36002900113,1960,New York,36,Erie,029,1280,,,0113,,,TRACT 113 WEST SENECA TOWN,028,5,09,0,0,1,1,1,1,0,4647,5,12
G36002900114,1960,New York,36,Erie,029,1280,,,0114,,0310,TRACT 114 WEST SENECA TOWN,028,5,09,0,0,1,1,1,1,0,3186,0,2
G36002900115,1960,New York,36,Erie,029,1280,,,0115,,0310,TRACT 115 WEST SENECA TOWN,028,5,09,0,0,1,1,1,1,0,1722,0,0
G36002900116,1960,New York,36,Erie,029,1280,,,0116,,0310,TRACT 116 WEST SENECA TOWN,028,5,09,0,0,1,1,1,1,0,2130,1,1
G36002900117,1960,New York,36,Erie,029,1280,,,0117,,0310,TRACT 117 WEST SENECA TOWN,028,5,09,0,0,1,1,1,1,0,4509,4,2
G36002900118,1960,New York,36,Erie,029,1280,,,0118,,,TRACT 118 WEST SENECA TOWN,028,5,09,0,0,1,1,1,1,0,2745,0,0
G36002900119,1960,New York,36,Erie,029,1280,,,0119,,0310,TRACT 119 WEST SENECA TOWN,028,5,09,0,0,1,1,1,1,0,3157,0,6
G36002900120,1960,New York,36,Erie,029,1280,,,0120,,0310,TRACT 120 WEST SENECA TOWN,028,7,00,0,0,1,1,1,1,0,8158,1,1
G36002900121,1960,New York,36,Erie,029,1280,,,0121,,0310,TRACT 121 LACKAWANNA CITY,018,4,10,0,0,1,1,0,1,0,1992,1632,16
G36002900122,1960,New York,36,Erie,029,1280,,,0122,,0310,TRACT 122 LACKAWANNA CITY,018,4,10,0,0,1,1,0,1,0,4752,1338,14
G36002900123,1960,New York,36,Erie,029,1280,,,0123,,0310,TRACT 123 LACKAWANNA CITY,018,4,10,0,0,1,1,1,1,0,5385,0,0
G36002900124,1960,New York,36,Erie,029,1280,,,0124,,0310,TRACT 124 LACKAWANNA CITY,018,4,10,0,0,1,1,1,1,0,4197,0,2
G36002900125,1960,New York,36,Erie,029,1280,,,0125,,0310,TRACT 125 LACKAWANNA CITY,018,4,10,0,0,1,1,1,1,0,7900,0,5
G36002900126,1960,New York,36,Erie,029,1280,,,0126,,0310,TRACT 126 LACKAWANNA CITY,018,4,10,0,0,1,1,1,1,0,2048,0,0
G36002900127,1960,New York,36,Erie,029,1280,,,0127,,0310,TRACT 127 LACKAWANNA CITY,018,4,10,0,1,1,1,1,1,0,269,1,13
G36002900128,1960,New York,36,Erie,029,1280,,,0128,,0310,TRACT 128 HAMBURG TOWN,016,4,06,0,0,1,1,1,1,0,3907,1,1
G36002900129,1960,New York,36,Erie,029,1280,,,0129,,,TRACT 129 HAMBURG TOWN,016,7,00,0,0,1,1,1,1,0,5973,2,8
G36002900130,1960,New York,36,Erie,029,1280,,,0130,,0310,TRACT 130 HAMBURG TOWN,016,5,08,0,0,1,1,1,1,0,4325,1,1
G36002900131,1960,New York,36,Erie,029,1280,,,0131,,0310,TRACT 131 HAMBURG TOWN,016,7,00,0,0,1,1,1,1,0,10963,8,9
G36002900132,1960,New York,36,Erie,029,1280,,,0132,,,TRACT 132 HAMBURG TOWN,016,7,00,0,0,1,1,1,1,0,6919,5,13
G36002900133,1960,New York,36,Erie,029,1280,,,0133,,,TRACT 133 HAMBURG TOWN,016,4,00,0,0,1,1,1,1,0,3815,0,2
G36002900134,1960,New York,36,Erie,029,1280,,,0134,,,TRACT 134 HAMBURG TOWN,016,7,00,0,0,1,1,1,1,0,5333,0,2
G36002900135,1960,New York,36,Erie,029,1280,,,0135,,,TRACT 135 OCHARD PARK TOWN,023,7,00,0,0,1,1,1,1,0,5393,0,7
G36002900136,1960,New York,36,Erie,029,1280,,,0136,,,TRACT 136 OCHARD PARK TOWN,023,4,00,0,0,1,1,1,1,0,3277,1,0
G36002900137,1960,New York,36,Erie,029,1280,,,0137,,0310,TRACT 137 OCHARD PARK TOWN,023,7,00,0,0,0,1,1,1,0,7160,35,3
G36002900138,1960,New York,36,Erie,029,1280,,,0138,,,TRACT 138 AURORA TOWN,003,7,00,0,0,1,1,1,1,0,6087,5,5
G36002900139,1960,New York,36,Erie,029,1280,,,0139,,,TRACT 139 AURORA TOWN,003,4,00,0,0,1,1,1,1,0,3008,0,0
G36002900140,1960,New York,36,Erie,029,1280,,,0140,,,TRACT 140 AURORA TOWN,003,4,00,0,0,1,1,1,1,0,3783,0,0
G36002900141,1960,New York,36,Erie,029,1280,,,0141,,,TRACT 141 ELMA TOWN,013,7,00,0,0,1,1,1,1,0,7452,1,15
G36002900142,1960,New York,36,Erie,029,1280,,,0142,,,TRACT 142 LANCASTER TOWN,019,7,00,0,0,1,1,1,1,0,7040,84,6
G36002900143,1960,New York,36,Erie,029,1280,,,0143,,0310,TRACT 143 LANCASTER TOWN,019,4,08,0,0,1,1,1,1,0,6474,0,1
G36002900144,1960,New York,36,Erie,029,1280,,,0144,,0310,TRACT 144 LANCASTER TOWN,019,4,08,0,0,1,1,1,1,0,5776,1,2
G36002900145,1960,New York,36,Erie,029,1280,,,0145,,0310,TRACT 145 LANCASTER TOWN,019,4,08,0,0,1,1,1,1,0,6214,1,6
G36002900146,1960,New York,36,Erie,029,1280,,,0146,,,TRACT 146 CLARENCE TOWN,008,7,00,0,0,1,1,1,1,0,7515,8,4
G36002900147,1960,New York,36,Erie,029,1280,,,0147,,,TRACT 147 CLARENCE TOWN,008,7,00,0,0,1,1,1,1,0,5739,1,0
G36002900148,1960,New York,36,Erie,029,1280,,,0148,,,TRACT 148 NEWSTEAD TOWN,021,7,00,0,0,1,1,1,1,0,5793,13,49
G36002900149,1960,New York,36,Erie,029,1280,,,0149,,,TRACT 149 ALDEN TOWN,001,7,00,0,0,1,1,1,1,0,7345,252,18
G36002900150,1960,New York,36,Erie,029,1280,,,0150,,,TRACT 150 HOLLAND TOWN,017,7,00,0,0,1,1,1,1,0,6433,7,26
G36002900151,1960,New York,36,Erie,029,1280,,,0151,,,TRACT 151 COLDEN TOWN,009,7,00,0,0,1,1,1,1,0,4512,9,8
G36002900152,1960,New York,36,Erie,029,1280,,,0152,,,TRACT 152 BOSTON TOWN,004,7,00,0,0,1,1,1,1,0,5097,3,6
G36002900153,1960,New York,36,Erie,029,1280,,,0153,,,TRACT 153 EDEN TOWN,012,5,00,0,0,1,1,1,1,0,6616,9,5
G36002900154,1960,New York,36,Erie,029,1280,,,0154,,0310,TRACT 154 EVANS TOWN,014,7,00,0,0,1,1,1,1,0,5098,6,3
G36002900155,1960,New York,36,Erie,029,1280,,,0155,,,TRACT 155 EVANS TOWN,014,5,00,0,0,1,1,1,1,0,6910,40,21
G36002900156,1960,New York,36,Erie,029,1280,,,0156,,,TRACT 156 BRANT TOWN,005,7,00,0,0,1,1,1,1,0,2153,94,43
G36002900157,1960,New York,36,Erie,029,1280,,,0157,,,TRACT 157 NORTH COLLINS TOWN,022,7,00,0,0,1,1,1,1,0,3783,12,10
G36002900158,1960,New York,36,Erie,029,1280,,,0158,,,TRACT 158 CONCORD TOWN,011,7,00,0,0,1,1,1,1,0,2598,0,2
G36002900159,1960,New York,36,Erie,029,1280,,,0159,,,TRACT 159 CONCORD TOWN,011,4,00,0,0,1,1,1,1,0,3847,3,2
G36002900160,1960,New York,36,Erie,029,1280,,,0160,,,TRACT 160 COLLINS TOWN,010,7,00,0,0,1,1,1,1,0,4144,3,19
G36002900161,1960,New York,36,Erie,029,1280,,,0161,,,TRACT 161 COLLINS TOWN,010,7,00,0,0,1,1,1,1,0,2702,98,18
G36002900162,1960,New York,36,Erie,029,1280,,,0162,,,TRACT 162 CATTARAUGUS INDIAN RESERVATION,029,7,00,0,0,1,1,0,1,0,241,42,1143
G3600430HC0001,1960,New York,36,Herkimer,043,8680,,HC,0001,,,TRACT HC-1 COLUMBIA TOWN,020,7,00,0,0,1,1,1,1,0,4930,24,4
G3600430HC0002,1960,New York,36,Herkimer,043,8680,,HC,0002,,,TRACT HC-2 FRANKFORT TOWN,004,4,00,0,0,1,1,1,1,0,7524,22,4
G3600430HC0005,1960,New York,36,Herkimer,043,8680,,HC,0005,,,TRACT HC-5 GERMAN FLATTS TOWN,005,4,00,0,0,1,1,1,1,0,5535,1,7
G3600430HC0009,1960,New York,36,Herkimer,043,8680,,HC,0009,,,TRACT HC-9 DANUBE TOWN,009,7,00,0,0,1,1,1,1,0,2868,14,0
G3600430HC0010,1960,New York,36,Herkimer,043,8680,,HC,0010,,,TRACT HC-10 MANHEIM TOWN,010,7,00,0,0,1,1,1,1,0,3871,1,0
G3600430HC0013,1960,New York,36,Herkimer,043,8680,,HC,0013,,,TRACT HC-13 HERKIMER TOWN,016,7,00,0,0,1,1,1,1,0,5960,0,12
G3600430HC0014,1960,New York,36,Herkimer,043,8680,,HC,0014,,,TRACT HC-14 FAIRFIELD TOWN,015,7,00,0,0,1,1,1,1,0,3260,0,0
G3600430HC0015,1960,New York,36,Herkimer,043,8680,,HC,0015,,,TRACT HC-15 OHIO TOWN,014,4,00,0,0,1,1,1,1,0,3785,2,16
G3600430HE0011,1960,New York,36,Herkimer,043,8680,,HE,0011,,,TRACT HE-11 HERKIMER TOWN,006,4,00,0,0,1,1,1,1,0,3567,7,1
G3600430HE0012,1960,New York,36,Herkimer,043,8680,,HE,0012,,,TRACT HE-12 HERKIMER TOWN,006,4,00,0,0,1,1,1,1,0,5812,6,3
G3600430IL0003,1960,New York,36,Herkimer,043,8680,,IL,0003,,,TRACT 1L-3 GERMAN FLATTS TOWN,005,4,00,0,0,1,1,1,1,0,5344,0,2
G3600430IL0004,1960,New York,36,Herkimer,043,8680,,IL,0004,,,TRACT 1L-4 GERMAN FLATTS TOWN,005,4,00,0,0,1,1,1,1,0,4839,0,14
G3600430LF0006,1960,New York,36,Herkimer,043,8680,,LF,0006,,,TRACT LF-6 LITTLE FALLS CITY,008,4,00,0,0,1,1,1,1,0,847,0,0
G3600430LF0007,1960,New York,36,Herkimer,043,8680,,LF,0007,,,TRACT LF-7 LITTLE FALLS CITY,008,4,00,0,0,1,1,1,1,0,4443,6,1
G3600430LF0008,1960,New York,36,Herkimer,043,8680,,LF,0008,,,TRACT LF-8 LITTLE FALLS CITY,008,4,00,0,0,1,1,1,1,0,3637,1,0
G36004700001,1960,New York,36,Kings,047,5600,51000,,0001,,1450,TRACT 1      NEW YORK CITY BROOKLYN,001,3,15,0,0,0,0,1,1,0,3531,44,73
G36004700002,1960,New York,36,Kings,047,5600,51000,,0002,,1450,TRACT 2      NEW YORK CITY BROOKLYN,001,3,15,0,0,0,0,1,0,0,1997,19,4
G360047000030,1960,New York,36,Kings,047,5600,51000,,0003,0,1450,TRACT 3-0    NEW YORK CITY BROOKLYN,001,3,15,0,0,0,0,1,1,0,5244,45,44
G360047000031,1960,New York,36,Kings,047,5600,51000,,0003,1,1450,TRACT 3-1    NEW YORK CITY BROOKLYN,001,3,15,0,1,1,1,1,1,2,44,0,0
G36004700005,1960,New York,36,Kings,047,5600,51000,,0005,,1450,TRACT 5      NEW YORK CITY BROOKLYN,001,3,15,0,0,0,0,1,1,0,7693,67,50
G36004700007,1960,New York,36,Kings,047,5600,51000,,0007,,1450,TRACT 7      NEW YORK CITY BROOKLYN,001,3,15,0,0,0,0,1,0,0,3920,135,44
G36004700009,1960,New York,36,Kings,047,5600,51000,,0009,,1450,TRACT 9      NEW YORK CITY BROOKLYN,001,3,15,0,0,0,0,1,1,0,1655,51,74
G36004700011,1960,New York,36,Kings,047,5600,51000,,0011,,1450,TRACT 11     NEW YORK CITY BROOKLYN,001,3,15,0,0,1,0,1,1,0,242,82,2
G36004700013,1960,New York,36,Kings,047,5600,51000,,0013,,1450,TRACT 13     NEW YORK CITY BROOKLYN,001,3,15,0,0,0,0,1,1,0,1939,4,41
G36004700018,1960,New York,36,Kings,047,5600,51000,,0018,,1450,TRACT 18     NEW YORK CITY BROOKLYN,001,3,15,0,1,1,1,1,1,2,100,16,1
G36004700020,1960,New York,36,Kings,047,5600,51000,,0020,,1450,TRACT 20     NEW YORK CITY BROOKLYN,001,3,15,0,0,0,0,1,0,0,4044,1,10
G36004700021,1960,New York,36,Kings,047,5600,51000,,0021,,1450,TRACT 21     NEW YORK CITY BROOKLYN,001,3,15,0,0,1,0,1,1,0,759,46,11
G36004700022,1960,New York,36,Kings,047,5600,51000,,0022,,1450,TRACT 22     NEW YORK CITY BROOKLYN,001,3,15,0,0,0,0,1,0,0,3820,14,19
G36004700023,1960,New York,36,Kings,047,5600,51000,,0023,,1450,TRACT 23     NEW YORK CITY BROOKLYN,001,3,15,0,0,0,0,0,0,0,2434,4141,46
G36004700025,1960,New York,36,Kings,047,5600,51000,,0025,,1450,TRACT 25     NEW YORK CITY BROOKLYN,001,3,15,0,0,0,0,0,0,0,2141,1992,27
G36004700027,1960,New York,36,Kings,047,5600,51000,,0027,,1450,TRACT 27     NEW YORK CITY BROOKLYN,001,3,15,0,0,1,0,0,1,0,157,413,31
G360047000290,1960,New York,36,Kings,047,5600,51000,,0029,0,1450,TRACT 29-0   NEW YORK CITY BROOKLYN,001,3,15,0,0,0,0,0,0,0,1915,2737,56
G360047000291,1960,New York,36,Kings,047,5600,51000,,0029,1,1450,TRACT 29-1   NEW YORK CITY BROOKLYN,001,3,15,0,0,0,0,1,1,0,577,199,45
G36004700030,1960,New York,36,Kings,047,5600,51000,,0030,,1450,TRACT 30     NEW YORK CITY BROOKLYN,001,3,15,0,0,0,0,1,1,0,2050,0,1
G36004700031,1960,New York,36,Kings,047,5600,51000,,0031,,1450,TRACT 31     NEW YORK CITY BROOKLYN,001,3,15,0,0,0,0,0,1,0,2138,834,101
G36004700032,1960,New York,36,Kings,047,5600,51000,,0032,,1450,TRACT 32     NEW YORK CITY BROOKLYN,001,3,15,0,0,0,0,1,1,0,994,1,0
G36004700033,1960,New York,36,Kings,047,5600,51000,,0033,,1450,TRACT 33     NEW YORK CITY BROOKLYN,001,3,15,0,0,0,0,0,0,0,2097,1052,24
G36004700034,1960,New York,36,Kings,047,5600,51000,,0034,,1450,TRACT 34     NEW YORK CITY BROOKLYN,001,3,15,0,0,0,0,1,1,0,2410,1,11
G36004700035,1960,New York,36,Kings,047,5600,51000,,0035,,1450,TRACT 35     NEW YORK CITY BROOKLYN,001,3,15,0,0,0,0,1,0,0,1668,258,17
G36004700036,1960,New York,36,Kings,047,5600,51000,,0036,,1450,TRACT 36     NEW YORK CITY BROOKLYN,001,3,15,0,0,0,0,1,1,0,4448,7,19
G36004700037,1960,New York,36,Kings,047,5600,51000,,0037,,1450,TRACT 37     NEW YORK CITY BROOKLYN,001,3,15,0,0,1,0,1,1,0,501,27,33
G36004700038,1960,New York,36,Kings,047,5600,51000,,0038,,1450,TRACT 38     NEW YORK CITY BROOKLYN,001,3,15,0,0,0,0,1,1,0,2004,3,2
G36004700039,1960,New York,36,Kings,047,5600,51000,,0039,,1450,TRACT 39     NEW YORK CITY BROOKLYN,001,3,15,0,0,0,0,0,0,0,2938,426,122
G36004700040,1960,New York,36,Kings,047,5600,51000,,0040,,1450,TRACT 40     NEW YORK CITY BROOKLYN,001,3,15,0,0,0,0,1,1,0,912,0,0
G36004700041,1960,New York,36,Kings,047,5600,51000,,0041,,1450,TRACT 41     NEW YORK CITY BROOKLYN,001,3,15,0,0,0,0,0,0,0,4274,782,232
G36004700042,1960,New York,36,Kings,047,5600,51000,,0042,,1450,TRACT 42     NEW YORK CITY BROOKLYN,001,3,15,0,0,0,0,1,1,0,1360,0,0
G36004700043,1960,New York,36,Kings,047,5600,51000,,0043,,1450,TRACT 43     NEW YORK CITY BROOKLYN,001,3,15,0,0,0,0,0,0,0,3984,820,115
G36004700044,1960,New York,36,Kings,047,5600,51000,,0044,,1450,TRACT 44     NEW YORK CITY BROOKLYN,001,3,15,0,0,0,0,1,1,0,806,0,0
G36004700045,1960,New York,36,Kings,047,5600,51000,,0045,,1450,TRACT 45     NEW YORK CITY BROOKLYN,001,3,15,0,0,0,0,1,0,0,4697,180,238
G36004700046,1960,New York,36,Kings,047,5600,51000,,0046,,1450,TRACT 46     NEW YORK CITY BROOKLYN,001,3,15,0,0,0,0,1,1,0,1002,2,1
G36004700047,1960,New York,36,Kings,047,5600,51000,,0047,,1450,TRACT 47     NEW YORK CITY BROOKLYN,001,3,15,0,0,0,0,1,0,0,1324,230,23
G36004700048,1960,New York,36,Kings,047,5600,51000,,0048,,1450,TRACT 48     NEW YORK CITY BROOKLYN,001,3,15,0,0,0,1,1,1,0,391,0,0
G36004700049,1960,New York,36,Kings,047,5600,51000,,0049,,1450,TRACT 49     NEW YORK CITY BROOKLYN,001,3,15,0,0,0,0,1,0,0,3285,58,25
G36004700050,1960,New York,36,Kings,047,5600,51000,,0050,,1450,TRACT 50     NEW YORK CITY BROOKLYN,001,3,15,0,0,0,0,1,1,0,2921,9,7
G36004700051,1960,New York,36,Kings,047,5600,51000,,0051,,1450,TRACT 51     NEW YORK CITY BROOKLYN,001,3,15,0,0,0,0,1,0,0,3941,99,82
G360047000520,1960,New York,36,Kings,047,5600,51000,,0052,0,1450,TRACT 52-0   NEW YORK CITY BROOKLYN,001,3,15,0,0,0,0,1,1,0,1163,6,0
G360047000521,1960,New York,36,Kings,047,5600,51000,,0052,1,1450,TRACT 52-1   NEW YORK CITY BROOKLYN,001,3,15,0,0,0,0,1,1,0,3190,16,3
G36004700054,1960,New York,36,Kings,047,5600,51000,,0054,,1450,TRACT 54     NEW YORK CITY BROOKLYN,001,3,15,0,0,0,0,1,1,0,3076,5,10
G36004700055,1960,New York,36,Kings,047,5600,51000,,0055,,1450,TRACT 55     NEW YORK CITY BROOKLYN,001,3,15,0,0,0,0,1,1,0,870,14,1
G360047000560,1960,New York,36,Kings,047,5600,51000,,0056,0,1450,TRACT 56-0   NEW YORK CITY BROOKLYN,001,3,15,0,0,0,0,1,1,0,3311,6,0
G360047000561,1960,New York,36,Kings,047,5600,51000,,0056,1,1450,TRACT 56-1   NEW YORK CITY BROOKLYN,001,3,15,0,0,0,0,1,1,0,1412,0,4
G36004700057,1960,New York,36,Kings,047,5600,51000,,0057,,1450,TRACT 57     NEW YORK CITY BROOKLYN,001,3,15,0,1,1,1,1,1,2,4188,162,13
G36004700058,1960,New York,36,Kings,047,5600,51000,,0058,,1450,TRACT 58     NEW YORK CITY BROOKLYN,001,3,15,0,0,0,0,1,1,0,3861,3,23
G36004700059,1960,New York,36,Kings,047,5600,51000,,0059,,1450,TRACT 59     NEW YORK CITY BROOKLYN,001,3,15,0,0,0,0,1,0,0,2062,31,0
G36004700060,1960,New York,36,Kings,047,5600,51000,,0060,,1450,TRACT 60     NEW YORK CITY BROOKLYN,001,3,15,0,0,0,0,1,1,0,3316,4,30
G36004700062,1960,New York,36,Kings,047,5600,51000,,0062,,1450,TRACT 62     NEW YORK CITY BROOKLYN,001,3,15,0,0,0,0,1,1,0,3219,14,3
G36004700063,1960,New York,36,Kings,047,5600,51000,,0063,,1450,TRACT 63     NEW YORK CITY BROOKLYN,001,3,15,0,0,0,0,1,1,0,2739,2,5
G36004700064,1960,New York,36,Kings,047,5600,51000,,0064,,1450,TRACT 64     NEW YORK CITY BROOKLYN,001,3,15,0,0,0,0,1,1,0,3947,4,6
G36004700065,1960,New York,36,Kings,047,5600,51000,,0065,,1450,TRACT 65     NEW YORK CITY BROOKLYN,001,3,15,0,0,0,0,1,0,0,8821,14,61
G36004700066,1960,New York,36,Kings,047,5600,51000,,0066,,1450,TRACT 66     NEW YORK CITY BROOKLYN,001,3,15,0,0,0,0,1,1,0,3979,6,7
G36004700067,1960,New York,36,Kings,047,5600,51000,,0067,,1450,TRACT 67     NEW YORK CITY BROOKLYN,001,3,15,0,0,0,0,1,0,0,5609,71,35
G36004700068,1960,New York,36,Kings,047,5600,51000,,0068,,1450,TRACT 68     NEW YORK CITY BROOKLYN,001,3,15,0,0,0,0,1,1,0,4579,0,25
G36004700069,1960,New York,36,Kings,047,5600,51000,,0069,,1450,TRACT 69     NEW YORK CITY BROOKLYN,001,3,15,0,0,0,0,1,0,0,4982,306,22
G36004700070,1960,New York,36,Kings,047,5600,51000,,0070,,1450,TRACT 70     NEW YORK CITY BROOKLYN,001,3,15,0,0,0,0,1,1,0,1819,1,1
G36004700071,1960,New York,36,Kings,047,5600,51000,,0071,,1450,TRACT 71     NEW YORK CITY BROOKLYN,001,3,15,0,0,0,0,0,0,0,4527,3307,46
G36004700072,1960,New York,36,Kings,047,5600,51000,,0072,,1450,TRACT 72     NEW YORK CITY BROOKLYN,001,3,15,0,0,1,0,1,1,0,1766,0,0
G36004700074,1960,New York,36,Kings,047,5600,51000,,0074,,1450,TRACT 74     NEW YORK CITY BROOKLYN,001,3,15,0,0,0,0,1,1,0,4649,0,40
G36004700075,1960,New York,36,Kings,047,5600,51000,,0075,,1450,TRACT 75     NEW YORK CITY BROOKLYN,001,3,15,0,0,0,0,1,0,0,6181,33,29
G36004700076,1960,New York,36,Kings,047,5600,51000,,0076,,1450,TRACT 76     NEW YORK CITY BROOKLYN,001,3,15,0,0,0,0,1,1,0,3760,6,17
G36004700077,1960,New York,36,Kings,047,5600,51000,,0077,,1450,TRACT 77     NEW YORK CITY BROOKLYN,001,3,15,0,0,0,0,1,0,0,5453,77,7
G36004700078,1960,New York,36,Kings,047,5600,51000,,0078,,1450,TRACT 78     NEW YORK CITY BROOKLYN,001,3,15,0,0,0,0,1,0,0,4643,6,11
G36004700080,1960,New York,36,Kings,047,5600,51000,,0080,,1450,TRACT 80     NEW YORK CITY BROOKLYN,001,3,15,0,0,0,0,1,0,0,3536,4,10
G36004700082,1960,New York,36,Kings,047,5600,51000,,0082,,1450,TRACT 82     NEW YORK CITY BROOKLYN,001,3,15,0,0,0,0,1,1,0,3713,6,2
G36004700084,1960,New York,36,Kings,047,5600,51000,,0084,,1450,TRACT 84     NEW YORK CITY BROOKLYN,001,3,15,0,0,0,0,1,1,0,3415,54,13
G36004700085,1960,New York,36,Kings,047,5600,51000,,0085,,1450,TRACT 85     NEW YORK CITY BROOKLYN,001,3,15,0,0,0,0,0,0,0,4796,6024,27
G36004700086,1960,New York,36,Kings,047,5600,51000,,0086,,1450,TRACT 86     NEW YORK CITY BROOKLYN,001,3,15,1,1,1,1,1,1,0,0,0,0
G36004700088,1960,New York,36,Kings,047,5600,51000,,0088,,1450,TRACT 88     NEW YORK CITY BROOKLYN,001,3,15,0,0,0,0,1,1,0,2894,12,12
G36004700090,1960,New York,36,Kings,047,5600,51000,,0090,,1450,TRACT 90     NEW YORK CITY BROOKLYN,001,3,15,0,0,0,0,1,1,0,2363,8,0
G36004700092,1960,New York,36,Kings,047,5600,51000,,0092,,1450,TRACT 92     NEW YORK CITY BROOKLYN,001,3,15,0,0,0,0,1,1,0,4013,18,8
G36004700093,1960,New York,36,Kings,047,5600,51000,,0093,,1450,TRACT 93     NEW YORK CITY BROOKLYN,001,3,15,0,0,1,0,1,1,0,380,5,0
G36004700094,1960,New York,36,Kings,047,5600,51000,,0094,,1450,TRACT 94     NEW YORK CITY BROOKLYN,001,3,15,0,0,0,0,1,1,0,4246,1,5
G36004700096,1960,New York,36,Kings,047,5600,51000,,0096,,1450,TRACT 96     NEW YORK CITY BROOKLYN,001,3,15,0,0,0,0,1,1,0,4843,0,17
G36004700098,1960,New York,36,Kings,047,5600,51000,,0098,,1450,TRACT 98     NEW YORK CITY BROOKLYN,001,3,15,0,0,0,0,1,1,0,4700,0,29
G36004700100,1960,New York,36,Kings,047,5600,51000,,0100,,1450,TRACT 100    NEW YORK CITY BROOKLYN,001,3,15,0,0,0,0,1,1,0,5307,9,21
G36004700101,1960,New York,36,Kings,047,5600,51000,,0101,,1450,TRACT 101    NEW YORK CITY BROOKLYN,001,3,15,0,0,0,0,1,1,0,4266,12,4
G36004700102,1960,New York,36,Kings,047,5600,51000,,0102,,1450,TRACT 102    NEW YORK CITY BROOKLYN,001,3,15,0,0,0,0,1,1,0,3959,0,14
G36004700104,1960,New York,36,Kings,047,5600,51000,,0104,,1450,TRACT 104    NEW YORK CITY BROOKLYN,001,3,15,0,0,0,0,1,1,0,4331,5,13
G36004700106,1960,New York,36,Kings,047,5600,51000,,0106,,1450,TRACT 106    NEW YORK CITY BROOKLYN,001,3,15,0,0,0,0,1,1,0,3770,3,19
G36004700108,1960,New York,36,Kings,047,5600,51000,,0108,,1450,TRACT 108    NEW YORK CITY BROOKLYN,001,3,15,0,0,0,0,1,1,0,3624,8,6
G36004700110,1960,New York,36,Kings,047,5600,51000,,0110,,1450,TRACT 110    NEW YORK CITY BROOKLYN,001,3,15,0,0,0,0,1,1,0,2049,0,0
G36004700112,1960,New York,36,Kings,047,5600,51000,,0112,,1450,TRACT 112    NEW YORK CITY BROOKLYN,001,3,15,0,0,0,0,1,1,0,5633,63,5
G36004700113,1960,New York,36,Kings,047,5600,51000,,0113,,1450,TRACT 113    NEW YORK CITY BROOKLYN,001,3,15,0,1,1,1,1,1,2,180,2,0
G36004700114,1960,New York,36,Kings,047,5600,51000,,0114,,1450,TRACT 114    NEW YORK CITY BROOKLYN,001,3,15,0,0,0,0,1,1,0,4319,6,15
G36004700116,1960,New York,36,Kings,047,5600,51000,,0116,,1450,TRACT 116    NEW YORK CITY BROOKLYN,001,3,15,0,0,0,0,1,1,0,3207,0,4
G36004700117,1960,New York,36,Kings,047,5600,51000,,0117,,1450,TRACT 117    NEW YORK CITY BROOKLYN,001,3,15,0,0,0,0,1,0,0,3732,59,38
G36004700118,1960,New York,36,Kings,047,5600,51000,,0118,,1450,TRACT 118    NEW YORK CITY BROOKLYN,001,3,15,0,0,0,0,1,1,0,1676,0,7
G36004700119,1960,New York,36,Kings,047,5600,51000,,0119,,1450,TRACT 119    NEW YORK CITY BROOKLYN,001,3,15,0,1,1,1,1,1,0,10,0,0
G36004700120,1960,New York,36,Kings,047,5600,51000,,0120,,1450,TRACT 120    NEW YORK CITY BROOKLYN,001,3,15,0,0,0,0,1,1,0,1137,2,0
G36004700121,1960,New York,36,Kings,047,5600,51000,,0121,,1450,TRACT 121    NEW YORK CITY BROOKLYN,001,3,15,0,0,0,0,1,1,0,2598,23,1
G36004700122,1960,New York,36,Kings,047,5600,51000,,0122,,1450,TRACT 122    NEW YORK CITY BROOKLYN,001,3,15,0,0,0,0,1,1,0,4146,0,11
G36004700123,1960,New York,36,Kings,047,5600,51000,,0123,,1450,TRACT 123    NEW YORK CITY BROOKLYN,001,3,15,0,0,1,0,1,1,0,607,0,0
G36004700124,1960,New York,36,Kings,047,5600,51000,,0124,,1450,TRACT 124    NEW YORK CITY BROOKLYN,001,3,15,0,0,0,0,1,1,0,1850,0,1
G36004700125,1960,New York,36,Kings,047,5600,51000,,0125,,1450,TRACT 125    NEW YORK CITY BROOKLYN,001,3,15,0,0,0,0,1,1,0,1930,23,2
G36004700127,1960,New York,36,Kings,047,5600,51000,,0127,,1450,TRACT 127    NEW YORK CITY BROOKLYN,001,3,15,0,0,0,0,0,0,0,1957,2222,33
G360047001280,1960,New York,36,Kings,047,5600,51000,,0128,0,1450,TRACT 128-0  NEW YORK CITY BROOKLYN,001,3,15,0,0,0,0,1,1,0,1520,0,0
G360047001281,1960,New York,36,Kings,047,5600,51000,,0128,1,1450,TRACT 128-1  NEW YORK CITY BROOKLYN,001,3,15,0,0,0,0,1,1,0,894,0,0
G360047001290,1960,New York,36,Kings,047,5600,51000,,0129,0,1450,TRACT 129-0  NEW YORK CITY BROOKLYN,001,3,15,0,0,0,0,0,0,0,3255,504,21
G360047001291,1960,New York,36,Kings,047,5600,51000,,0129,1,1450,TRACT 129-1  NEW YORK CITY BROOKLYN,001,3,15,0,0,0,0,0,0,0,2416,508,23
G36004700130,1960,New York,36,Kings,047,5600,51000,,0130,,1450,TRACT 130    NEW YORK CITY BROOKLYN,001,3,15,0,0,0,0,1,1,0,5081,1,4
G36004700131,1960,New York,36,Kings,047,5600,51000,,0131,,1450,TRACT 131    NEW YORK CITY BROOKLYN,001,3,15,0,0,0,0,0,0,0,5576,895,15
G36004700132,1960,New York,36,Kings,047,5600,51000,,0132,,1450,TRACT 132    NEW YORK CITY BROOKLYN,001,3,15,0,0,0,0,1,1,0,2173,0,6
G36004700133,1960,New York,36,Kings,047,5600,51000,,0133,,1450,TRACT 133    NEW YORK CITY BROOKLYN,001,3,15,0,0,0,0,1,1,0,5461,61,31
G36004700134,1960,New York,36,Kings,047,5600,51000,,0134,,1450,TRACT 134    NEW YORK CITY BROOKLYN,001,3,15,0,0,0,0,1,1,0,4473,1,5
G36004700135,1960,New York,36,Kings,047,5600,51000,,0135,,1450,TRACT 135    NEW YORK CITY BROOKLYN,001,3,15,0,0,0,0,1,0,0,4631,142,17
G36004700136,1960,New York,36,Kings,047,5600,51000,,0136,,1450,TRACT 136    NEW YORK CITY BROOKLYN,001,3,15,0,0,0,0,1,1,0,4553,7,0
G36004700137,1960,New York,36,Kings,047,5600,51000,,0137,,1450,TRACT 137    NEW YORK CITY BROOKLYN,001,3,15,0,0,0,0,1,1,0,3987,32,39
G36004700138,1960,New York,36,Kings,047,5600,51000,,0138,,1450,TRACT 138    NEW YORK CITY BROOKLYN,001,3,15,0,0,0,0,1,1,0,3784,2,5
G36004700139,1960,New York,36,Kings,047,5600,51000,,0139,,1450,TRACT 139    NEW YORK CITY BROOKLYN,001,3,15,0,0,0,0,1,1,0,4076,4,12
G36004700140,1960,New York,36,Kings,047,5600,51000,,0140,,1450,TRACT 140    NEW YORK CITY BROOKLYN,001,3,15,0,0,0,0,1,1,0,2706,7,5
G36004700141,1960,New York,36,Kings,047,5600,51000,,0141,,1450,TRACT 141    NEW YORK CITY BROOKLYN,001,3,15,0,0,0,0,1,1,0,3021,21,1
G36004700142,1960,New York,36,Kings,047,5600,51000,,0142,,1450,TRACT 142    NEW YORK CITY BROOKLYN,001,3,15,0,0,0,0,1,1,0,3726,5,5
G36004700143,1960,New York,36,Kings,047,5600,51000,,0143,,1450,TRACT 143    NEW YORK CITY BROOKLYN,001,3,15,0,0,0,0,1,1,0,4371,27,10
G36004700144,1960,New York,36,Kings,047,5600,51000,,0144,,1450,TRACT 144    NEW YORK CITY BROOKLYN,001,3,15,0,0,0,0,1,1,0,1413,1,0
G36004700145,1960,New York,36,Kings,047,5600,51000,,0145,,1450,TRACT 145    NEW YORK CITY BROOKLYN,001,3,15,0,0,0,0,1,1,0,5131,3,0
G36004700146,1960,New York,36,Kings,047,5600,51000,,0146,,1450,TRACT 146    NEW YORK CITY BROOKLYN,001,3,15,0,0,0,0,1,1,0,1241,0,0
G36004700147,1960,New York,36,Kings,047,5600,51000,,0147,,1450,TRACT 147    NEW YORK CITY BROOKLYN,001,3,15,0,0,0,0,1,1,0,2860,5,5
G36004700148,1960,New York,36,Kings,047,5600,51000,,0148,,1450,TRACT 148    NEW YORK CITY BROOKLYN,001,3,15,0,0,0,0,1,1,0,1640,1,0
G36004700149,1960,New York,36,Kings,047,5600,51000,,0149,,1450,TRACT 149    NEW YORK CITY BROOKLYN,001,3,15,0,0,0,0,1,1,0,6544,28,33
G36004700150,1960,New York,36,Kings,047,5600,51000,,0150,,1450,TRACT 150    NEW YORK CITY BROOKLYN,001,3,15,0,0,0,0,1,1,0,2072,1,0
G36004700151,1960,New York,36,Kings,047,5600,51000,,0151,,1450,TRACT 151    NEW YORK CITY BROOKLYN,001,3,15,0,0,0,0,1,1,0,4452,10,15
G36004700153,1960,New York,36,Kings,047,5600,51000,,0153,,1450,TRACT 153    NEW YORK CITY BROOKLYN,001,3,15,0,0,0,0,1,1,0,4421,49,22
G36004700154,1960,New York,36,Kings,047,5600,51000,,0154,,1450,TRACT 154    NEW YORK CITY BROOKLYN,001,3,15,1,1,1,1,1,1,0,0,0,0
G36004700155,1960,New York,36,Kings,047,5600,51000,,0155,,1450,TRACT 155    NEW YORK CITY BROOKLYN,001,3,15,0,0,0,0,1,1,0,5018,375,18
G36004700156,1960,New York,36,Kings,047,5600,51000,,0156,,1450,TRACT 156    NEW YORK CITY BROOKLYN,001,3,15,0,0,0,0,1,1,0,2216,149,37
G36004700157,1960,New York,36,Kings,047,5600,51000,,0157,,1450,TRACT 157    NEW YORK CITY BROOKLYN,001,3,15,0,0,0,0,1,1,0,5522,269,32
G36004700158,1960,New York,36,Kings,047,5600,51000,,0158,,1450,TRACT 158    NEW YORK CITY BROOKLYN,001,3,15,0,0,0,0,1,1,0,1485,1,0
G36004700159,1960,New York,36,Kings,047,5600,51000,,0159,,1450,TRACT 159    NEW YORK CITY BROOKLYN,001,3,15,0,0,0,0,0,0,0,6214,602,59
G36004700160,1960,New York,36,Kings,047,5600,51000,,0160,,1450,TRACT 160    NEW YORK CITY BROOKLYN,001,3,15,0,0,0,0,1,1,0,5161,40,30
G36004700161,1960,New York,36,Kings,047,5600,51000,,0161,,1450,TRACT 161    NEW YORK CITY BROOKLYN,001,3,15,0,0,0,0,0,0,0,3328,851,32
G36004700162,1960,New York,36,Kings,047,5600,51000,,0162,,1450,TRACT 162    NEW YORK CITY BROOKLYN,001,3,15,0,0,0,0,1,1,0,2205,3,0
G36004700163,1960,New York,36,Kings,047,5600,51000,,0163,,1450,TRACT 163    NEW YORK CITY BROOKLYN,001,3,15,0,0,0,0,0,1,0,3195,932,42
G36004700164,1960,New York,36,Kings,047,5600,51000,,0164,,1450,TRACT 164    NEW YORK CITY BROOKLYN,001,3,15,0,0,0,0,1,1,0,1132,127,9
G36004700165,1960,New York,36,Kings,047,5600,51000,,0165,,1450,TRACT 165    NEW YORK CITY BROOKLYN,001,3,15,0,0,0,0,1,1,0,5594,160,28
G36004700167,1960,New York,36,Kings,047,5600,51000,,0167,,1450,TRACT 167    NEW YORK CITY BROOKLYN,001,3,15,0,0,0,0,1,1,0,6419,6,9
G36004700168,1960,New York,36,Kings,047,5600,51000,,0168,,1450,TRACT 168    NEW YORK CITY BROOKLYN,001,3,15,0,0,0,0,1,1,0,1890,2,0
G36004700169,1960,New York,36,Kings,047,5600,51000,,0169,,1450,TRACT 169    NEW YORK CITY BROOKLYN,001,3,15,0,0,0,0,1,1,0,5929,3,2
G36004700170,1960,New York,36,Kings,047,5600,51000,,0170,,1450,TRACT 170    NEW YORK CITY BROOKLYN,001,3,15,0,0,0,0,1,1,0,3596,0,0
G36004700171,1960,New York,36,Kings,047,5600,51000,,0171,,1450,TRACT 171    NEW YORK CITY BROOKLYN,001,3,15,0,0,0,0,1,1,0,4405,2,2
G36004700172,1960,New York,36,Kings,047,5600,51000,,0172,,1450,TRACT 172    NEW YORK CITY BROOKLYN,001,3,15,0,0,0,0,1,1,0,3108,2,0
G36004700173,1960,New York,36,Kings,047,5600,51000,,0173,,1450,TRACT 173    NEW YORK CITY BROOKLYN,001,3,15,0,0,0,0,1,1,0,528,5,1
G36004700174,1960,New York,36,Kings,047,5600,51000,,0174,,1450,TRACT 174    NEW YORK CITY BROOKLYN,001,3,15,0,0,0,0,1,1,0,2019,29,5
G36004700175,1960,New York,36,Kings,047,5600,51000,,0175,,1450,TRACT 175    NEW YORK CITY BROOKLYN,001,3,15,0,1,1,1,1,1,0,8,0,0
G36004700176,1960,New York,36,Kings,047,5600,51000,,0176,,1450,TRACT 176    NEW YORK CITY BROOKLYN,001,3,15,0,0,0,0,1,1,0,2583,17,5
G36004700177,1960,New York,36,Kings,047,5600,51000,,0177,,1450,TRACT 177    NEW YORK CITY BROOKLYN,001,3,15,1,1,1,1,1,1,0,0,0,0
G36004700178,1960,New York,36,Kings,047,5600,51000,,0178,,1450,TRACT 178    NEW YORK CITY BROOKLYN,001,3,15,0,0,0,0,1,1,0,2330,154,0
G36004700179,1960,New York,36,Kings,047,5600,51000,,0179,,1450,TRACT 179    NEW YORK CITY BROOKLYN,001,3,15,0,0,0,0,0,1,0,1017,2008,10
G36004700180,1960,New York,36,Kings,047,5600,51000,,0180,,1450,TRACT 180    NEW YORK CITY BROOKLYN,001,3,15,0,0,0,0,1,1,0,3094,2,1
G36004700181,1960,New York,36,Kings,047,5600,51000,,0181,,1450,TRACT 181    NEW YORK CITY BROOKLYN,001,3,15,0,0,0,0,0,0,0,4357,1918,61
G36004700182,1960,New York,36,Kings,047,5600,51000,,0182,,1450,TRACT 182    NEW YORK CITY BROOKLYN,001,3,15,0,0,0,0,1,1,0,2967,0,0
G36004700183,1960,New York,36,Kings,047,5600,51000,,0183,,1450,TRACT 183    NEW YORK CITY BROOKLYN,001,3,15,0,0,0,0,0,0,0,2733,831,22
G36004700184,1960,New York,36,Kings,047,5600,51000,,0184,,1450,TRACT 184    NEW YORK CITY BROOKLYN,001,3,15,0,0,0,0,1,1,0,2695,9,0
G360047001850,1960,New York,36,Kings,047,5600,51000,,0185,0,1450,TRACT 185-0  NEW YORK CITY BROOKLYN,001,3,15,0,0,0,0,0,0,0,3027,3467,27
G360047001851,1960,New York,36,Kings,047,5600,51000,,0185,1,1450,TRACT 185-1  NEW YORK CITY BROOKLYN,001,3,15,0,0,0,0,1,1,0,1389,160,21
G36004700186,1960,New York,36,Kings,047,5600,51000,,0186,,1450,TRACT 186    NEW YORK CITY BROOKLYN,001,3,15,0,0,0,0,1,1,0,2502,0,0
G36004700187,1960,New York,36,Kings,047,5600,51000,,0187,,1450,TRACT 187    NEW YORK CITY BROOKLYN,001,3,15,0,0,0,0,1,1,0,1426,120,15
G36004700188,1960,New York,36,Kings,047,5600,51000,,0188,,1450,TRACT 188    NEW YORK CITY BROOKLYN,001,3,15,0,0,0,0,1,1,0,2868,2,3
G36004700189,1960,New York,36,Kings,047,5600,51000,,0189,,1450,TRACT 189    NEW YORK CITY BROOKLYN,001,3,15,1,0,1,0,1,1,0,27,0,1
G36004700190,1960,New York,36,Kings,047,5600,51000,,0190,,1450,TRACT 190    NEW YORK CITY BROOKLYN,001,3,15,0,0,0,0,1,1,0,4323,9,8
G36004700191,1960,New York,36,Kings,047,5600,51000,,0191,,1450,TRACT 191    NEW YORK CITY BROOKLYN,001,3,15,0,0,0,0,0,1,0,2616,692,11
G36004700192,1960,New York,36,Kings,047,5600,51000,,0192,,1450,TRACT 192    NEW YORK CITY BROOKLYN,001,3,15,0,0,0,0,1,1,0,2523,3,2
G36004700193,1960,New York,36,Kings,047,5600,51000,,0193,,1450,TRACT 193    NEW YORK CITY BROOKLYN,001,3,15,0,0,0,0,1,1,0,2065,182,41
G36004700194,1960,New York,36,Kings,047,5600,51000,,0194,,1450,TRACT 194    NEW YORK CITY BROOKLYN,001,3,15,0,0,0,0,1,1,0,2653,42,7
G36004700195,1960,New York,36,Kings,047,5600,51000,,0195,,1450,TRACT 195    NEW YORK CITY BROOKLYN,001,3,15,0,0,0,0,1,1,0,4030,338,31
G36004700196,1960,New York,36,Kings,047,5600,51000,,0196,,1450,TRACT 196    NEW YORK CITY BROOKLYN,001,3,15,0,0,0,0,1,1,0,4400,6,8
G36004700197,1960,New York,36,Kings,047,5600,51000,,0197,,1450,TRACT 197    NEW YORK CITY BROOKLYN,001,3,15,0,0,0,0,0,1,0,2944,1608,11
G36004700198,1960,New York,36,Kings,047,5600,51000,,0198,,1450,TRACT 198    NEW YORK CITY BROOKLYN,001,3,15,0,0,0,0,1,1,0,2181,2,0
G36004700199,1960,New York,36,Kings,047,5600,51000,,0199,,1450,TRACT 199    NEW YORK CITY BROOKLYN,001,3,15,0,0,0,0,0,1,0,2126,1859,42
G36004700200,1960,New York,36,Kings,047,5600,51000,,0200,,1450,TRACT 200    NEW YORK CITY BROOKLYN,001,3,15,0,0,0,0,1,1,0,2515,0,4
G36004700201,1960,New York,36,Kings,047,5600,51000,,0201,,1450,TRACT 201    NEW YORK CITY BROOKLYN,001,3,15,0,0,0,0,0,1,0,489,4756,79
G36004700202,1960,New York,36,Kings,047,5600,51000,,0202,,1450,TRACT 202    NEW YORK CITY BROOKLYN,001,3,15,0,0,0,0,1,1,0,2276,0,1
G36004700203,1960,New York,36,Kings,047,5600,51000,,0203,,1450,TRACT 203    NEW YORK CITY BROOKLYN,001,3,15,0,0,0,0,0,1,0,1516,798,12
G36004700204,1960,New York,36,Kings,047,5600,51000,,0204,,1450,TRACT 204    NEW YORK CITY BROOKLYN,001,3,15,0,0,0,0,1,1,0,2360,2,0
G36004700205,1960,New York,36,Kings,047,5600,51000,,0205,,1450,TRACT 205    NEW YORK CITY BROOKLYN,001,3,15,0,0,0,0,0,0,0,2643,1064,32
G36004700206,1960,New York,36,Kings,047,5600,51000,,0206,,1450,TRACT 206    NEW YORK CITY BROOKLYN,001,3,15,0,0,0,0,1,1,0,2560,6,0
G36004700207,1960,New York,36,Kings,047,5600,51000,,0207,,1450,TRACT 207    NEW YORK CITY BROOKLYN,001,3,15,0,0,0,0,0,1,0,4151,1159,23
G36004700208,1960,New York,36,Kings,047,5600,51000,,0208,,1450,TRACT 208    NEW YORK CITY BROOKLYN,001,3,15,0,0,0,0,1,1,0,3160,0,7
G36004700210,1960,New York,36,Kings,047,5600,51000,,0210,,1450,TRACT 210    NEW YORK CITY BROOKLYN,001,3,15,0,0,0,0,1,1,0,3775,0,7
G36004700212,1960,New York,36,Kings,047,5600,51000,,0212,,1450,TRACT 212    NEW YORK CITY BROOKLYN,001,3,15,0,0,0,0,1,1,0,3978,2,4
G36004700213,1960,New York,36,Kings,047,5600,51000,,0213,,1450,TRACT 213    NEW YORK CITY BROOKLYN,001,3,15,0,0,0,0,1,1,0,3736,21,0
G36004700214,1960,New York,36,Kings,047,5600,51000,,0214,,1450,TR&CT 214    NEW YORK CITY BROOKLYN,001,3,15,0,0,0,0,1,1,0,2047,0,5
G36004700215,1960,New York,36,Kings,047,5600,51000,,0215,,1450,TRACT 215    NEW YORK CITY BROOKLYN,001,3,15,0,0,0,0,1,1,0,6154,254,42
G36004700216,1960,New York,36,Kings,047,5600,51000,,0216,,1450,TRACT 216    NEW YORK CITY BROOKLYN,001,3,15,0,0,0,0,1,1,0,3139,13,6
G36004700217,1960,New York,36,Kings,047,5600,51000,,0217,,1450,TR1CT 217    NEW YORK CITY BROOKLYN,001,3,15,0,0,0,0,0,1,0,3370,607,12
G36004700218,1960,New York,36,Kings,047,5600,51000,,0218,,1450,TRACT 218    NEW YORK CITY BROOKLYN,001,3,15,0,0,0,0,1,1,0,4185,4,13
G36004700219,1960,New York,36,Kings,047,5600,51000,,0219,,1450,TRACT 219    NEW YORK CITY BROOKLYN,001,3,15,0,0,0,0,0,1,0,1913,2158,30
G36004700220,1960,New York,36,Kings,047,5600,51000,,0220,,1450,TRACT 220    NEW YORK CITY BROOKLYN,001,3,15,0,0,0,0,1,1,0,4441,14,13
G36004700221,1960,New York,36,Kings,047,5600,51000,,0221,,1450,TRACT 221    NEW YORK CITY BROOKLYN,001,3,15,0,0,0,0,0,1,0,753,3477,24
G36004700222,1960,New York,36,Kings,047,5600,51000,,0222,,1450,TRACT 222    NEW YORK CITY BROOKLYN,001,3,15,0,0,0,0,1,1,0,3656,10,15
G36004700223,1960,New York,36,Kings,047,5600,51000,,0223,,1450,TRACT 223    NEW YORK CITY BROOKLYN,001,3,15,0,0,0,0,0,1,0,3458,1825,44
G36004700224,1960,New York,36,Kings,047,5600,51000,,0224,,1450,TRACT 224    NEW YORK CITY BROOKLYN,001,3,15,0,0,0,0,1,1,0,4330,3,5
G36004700225,1960,New York,36,Kings,047,5600,51000,,0225,,1450,TRACT 225    NEW YORK CITY BROOKLYN,001,3,15,0,0,0,0,0,1,0,623,1407,18
G36004700226,1960,New York,36,Kings,047,5600,51000,,0226,,1450,TRACT 226    NEW YORK CITY BROOKLYN,001,3,15,0,0,0,0,1,1,0,1823,1,3
G36004700227,1960,New York,36,Kings,047,5600,51000,,0227,,1450,TRACT 227    NEW YORK CITY BROOKLYN,001,3,15,0,0,0,0,0,1,0,41,4998,27
G36004700228,1960,New York,36,Kings,047,5600,51000,,0228,,1450,TRACT 228    NEW YORK CITY BROOKLYN,001,3,15,0,0,0,0,1,1,0,3125,25,5
G36004700229,1960,New York,36,Kings,047,5600,51000,,0229,,1450,TRACT 229    NEW YORK CITY BROOKLYN,001,3,15,0,0,0,0,0,1,0,530,4644,17
G36004700230,1960,New York,36,Kings,047,5600,51000,,0230,,1450,TRACT 230    NEW YORK CITY BROOKLYN,001,3,15,0,0,0,0,1,1,0,4191,14,4
G36004700231,1960,New York,36,Kings,047,5600,51000,,0231,,1450,TRACT 231    NEW YORK CITY BROOKLYN,001,3,15,0,0,0,0,0,1,0,183,4162,92
G36004700232,1960,New York,36,Kings,047,5600,51000,,0232,,1450,TRACT 232    NEW YORK CITY BROOKLYN,001,3,15,0,0,0,0,1,1,0,6399,25,15
G36004700233,1960,New York,36,Kings,047,5600,51000,,0233,,1450,TRACT 233    NEW YORK CITY BROOKLYN,001,3,15,0,0,0,0,0,1,0,858,2579,33
G36004700234,1960,New York,36,Kings,047,5600,51000,,0234,,1450,TRACT 234    NEW YORK CITY BROOKLYN,001,3,15,0,0,0,0,1,1,0,4285,34,0
G36004700235,1960,New York,36,Kings,047,5600,51000,,0235,,1450,TRACT 235    NEW YORK CITY BROOKLYN,001,3,15,0,0,0,0,1,1,0,2690,402,6
G36004700236,1960,New York,36,Kings,047,5600,51000,,0236,,1450,TRACT 236    NEW YORK CITY BROOKLYN,001,3,15,0,0,0,0,1,1,0,4558,9,0
G36004700237,1960,New York,36,Kings,047,5600,51000,,0237,,1450,TRACT 237    NEW YORK CITY BROOKLYN,001,3,15,0,0,0,0,1,0,0,2674,124,7
G36004700238,1960,New York,36,Kings,047,5600,51000,,0238,,1450,TRACT 238    NEW YORK CITY BROOKLYN,001,3,15,0,0,0,0,1,1,0,3991,9,4
G36004700239,1960,New York,36,Kings,047,5600,51000,,0239,,1450,TRACT 239    NEW YORK CITY BROOKLYN,001,3,15,0,0,0,0,1,1,0,1626,389,7
G36004700240,1960,New York,36,Kings,047,5600,51000,,0240,,1450,TRACT 240    NEW YORK CITY BROOKLYN,001,3,15,0,0,0,0,1,1,0,4214,19,6
G36004700241,1960,New York,36,Kings,047,5600,51000,,0241,,1450,TRACT 241    NEW YORK CITY BROOKLYN,001,3,15,0,0,0,0,0,0,0,1463,1598,16
G36004700242,1960,New York,36,Kings,047,5600,51000,,0242,,1450,TRACT 242    NEW YORK CITY BROOKLYN,001,3,15,0,0,0,0,1,1,0,2798,3,3
G36004700243,1960,New York,36,Kings,047,5600,51000,,0243,,1450,TRACT 243    NEW YORK CITY BROOKLYN,001,3,15,0,0,0,0,0,1,0,570,4179,21
G36004700244,1960,New York,36,Kings,047,5600,51000,,0244,,1450,TRACT 244    NEW YORK CITY BROOKLYN,001,3,15,0,0,0,0,1,1,0,3423,0,6
G36004700245,1960,New York,36,Kings,047,5600,51000,,0245,,1450,TRACT 245    NEW YORK CITY BROOKLYN,001,3,15,0,0,0,0,0,1,0,218,5188,10
G36004700246,1960,New York,36,Kings,047,5600,51000,,0246,,1450,TRACT 246    NEW YORK CITY BROOKLYN,001,3,15,0,0,0,0,1,1,0,3315,0,0
G36004700247,1960,New York,36,Kings,047,5600,51000,,0247,,1450,TRACT 247    NEW YORK CITY BROOKLYN,001,3,15,0,0,0,0,0,1,0,373,2631,5
G36004700248,1960,New York,36,Kings,047,5600,51000,,0248,,1450,TRACT 248    NEW YORK CITY BROOKLYN,001,3,15,0,0,0,0,1,1,0,2508,0,6
G36004700249,1960,New York,36,Kings,047,5600,51000,,0249,,1450,TRACT 249    NEW YORK CITY BROOKLYN,001,3,15,0,0,0,0,0,1,0,102,4815,39
G36004700250,1960,New York,36,Kings,047,5600,51000,,0250,,1450,TRACT 250    NEW YORK CITY BROOKLYN,001,3,15,0,0,0,0,1,1,0,1557,0,0
G36004700251,1960,New York,36,Kings,047,5600,51000,,0251,,1450,TRACT 251    NEW YORK CITY BROOKLYN,001,3,15,0,0,0,0,0,1,0,572,4933,29
G36004700252,1960,New York,36,Kings,047,5600,51000,,0252,,1450,TRACT 252    NEW YORK CITY BROOKLYN,001,3,15,0,0,0,0,1,1,0,5119,1,12
G36004700253,1960,New York,36,Kings,047,5600,51000,,0253,,1450,TRACT 253    NEW YORK CITY BROOKLYN,001,3,15,0,0,0,0,0,0,0,1850,3529,33
G36004700254,1960,New York,36,Kings,047,5600,51000,,0254,,1450,TRACT 254    NEW YORK CITY BROOKLYN,001,3,15,0,0,0,0,1,1,0,3358,5,7
G36004700255,1960,New York,36,Kings,047,5600,51000,,0255,,1450,TRACT 255    NEW YORK CITY BROOKLYN,001,3,15,0,0,0,0,0,0,0,2257,6059,68
G36004700256,1960,New York,36,Kings,047,5600,51000,,0256,,1450,TRACT 256    NEW YORK CITY BROOKLYN,001,3,15,0,0,0,0,1,1,0,2963,7,14
G36004700257,1960,New York,36,Kings,047,5600,51000,,0257,,1450,TRACT 257    NEW YORK CITY BROOKLYN,001,3,15,0,0,0,0,0,0,0,3565,618,34
G36004700258,1960,New York,36,Kings,047,5600,51000,,0258,,1450,TRACT 258    NEW YORK CITY BROOKLYN,001,3,15,0,0,0,0,1,1,0,4484,4,5
G360047002590,1960,New York,36,Kings,047,5600,51000,,0259,0,1450,TRACT 259-0  NEW YORK CITY BROOKLYN,001,3,15,0,0,0,0,0,0,0,2094,1863,26
G360047002591,1960,New York,36,Kings,047,5600,51000,,0259,1,1450,TRACT 259-1  NEW YORK CITY BROOKLYN,001,3,15,0,0,1,0,0,0,0,959,492,0
G36004700260,1960,New York,36,Kings,047,5600,51000,,0260,,1450,TRACT 260    NEW YORK CITY BROOKLYN,001,3,15,0,0,0,0,1,1,0,3598,0,6
G36004700261,1960,New York,36,Kings,047,5600,51000,,0261,,1450,TRACT 261    NEW YORK CITY BROOKLYN,001,3,15,0,0,0,0,0,0,0,4337,3400,32
G36004700262,1960,New York,36,Kings,047,5600,51000,,0262,,1450,TRACT 262    NEW YORK CITY BROOKLYN,001,3,15,0,0,0,0,1,1,0,2597,0,0
G36004700263,1960,New York,36,Kings,047,5600,51000,,0263,,1450,TRACT 263    NEW YORK CITY BROOKLYN,001,3,15,0,0,0,0,0,0,0,574,2065,15
G36004700264,1960,New York,36,Kings,047,5600,51000,,0264,,1450,TRACT 264    NEW YORK CITY BROOKLYN,001,3,15,0,0,0,0,1,1,0,4746,0,10
G36004700265,1960,New York,36,Kings,047,5600,51000,,0265,,1450,TRACT 265    NEW YORK CITY BROOKLYN,001,3,15,0,0,0,0,0,1,0,170,5418,15
G36004700266,1960,New York,36,Kings,047,5600,51000,,0266,,1450,TRACT 266    NEW YORK CITY BROOKLYN,001,3,15,0,0,0,0,1,1,0,3786,0,10
G36004700267,1960,New York,36,Kings,047,5600,51000,,0267,,1450,TRACT 267    NEW YORK CITY BROOKLYN,001,3,15,0,0,0,0,0,1,0,80,5221,11
G36004700268,1960,New York,36,Kings,047,5600,51000,,0268,,1450,TRACT 268    NEW YORK CITY BROOKLYN,001,3,15,0,0,0,0,1,1,0,4643,7,8
G36004700269,1960,New York,36,Kings,047,5600,51000,,0269,,1450,TRACT 269    NEW YORK CITY BROOKLYN,001,3,15,0,0,0,0,0,1,0,40,3406,3
G36004700270,1960,New York,36,Kings,047,5600,51000,,0270,,1450,TRACT 270    NEW YORK CITY BROOKLYN,001,3,15,0,0,0,0,1,1,0,2268,28,1
G360047002710,1960,New York,36,Kings,047,5600,51000,,0271,0,1450,TRACT 271-0  NEW YORK CITY BROOKLYN,001,3,15,0,0,0,0,0,1,0,301,1674,8
G360047002711,1960,New York,36,Kings,047,5600,51000,,0271,1,1450,TRACT 271-1  NEW YORK CITY BROOKLYN,001,3,15,0,0,0,0,0,1,0,104,1603,4
G36004700272,1960,New York,36,Kings,047,5600,51000,,0272,,1450,TRACT 272    NEW YORK CITY BROOKLYN,001,3,15,0,0,0,0,1,1,0,3475,5,20
G36004700273,1960,New York,36,Kings,047,5600,51000,,0273,,1450,TRACT 273    NEW YORK CITY BROOKLYN,001,3,15,0,0,0,0,0,1,0,33,3469,11
G36004700274,1960,New York,36,Kings,047,5600,51000,,0274,,1450,TRACT 274    NEW YORK CITY BROOKLYN,001,3,15,0,0,0,0,1,1,0,3033,0,9
G36004700275,1960,New York,36,Kings,047,5600,51000,,0275,,1450,TRACT 275    NEW YORK CITY BROOKLYN,001,3,15,0,0,0,0,0,1,0,65,4832,31
G36004700276,1960,New York,36,Kings,047,5600,51000,,0276,,1450,TRACT 276    NEW YORK CITY BROOKLYN,001,3,15,0,0,0,0,1,1,0,3289,8,7
G36004700277,1960,New York,36,Kings,047,5600,51000,,0277,,1450,TRACT 277    NEW YORK CITY BROOKLYN,001,3,15,0,0,0,0,0,1,0,116,4344,2
G36004700278,1960,New York,36,Kings,047,5600,51000,,0278,,1450,TRACT 278    NEW YORK CITY BROOKLYN,001,3,15,0,0,0,0,1,1,0,2604,13,3
G36004700279,1960,New York,36,Kings,047,5600,51000,,0279,,1450,TRACT 279    NEW YORK CITY BROOKLYN,001,3,15,0,0,0,0,0,1,0,390,5744,23
G36004700280,1960,New York,36,Kings,047,5600,51000,,0280,,1450,TRACT 280    NEW YORK CITY BROOKLYN,001,3,15,0,0,0,0,1,1,0,1809,118,1
G36004700281,1960,New York,36,Kings,047,5600,51000,,0281,,1450,TRACT 281    NEW YORK CITY BROOKLYN,001,3,15,0,0,0,0,0,0,0,2936,3269,10
G36004700282,1960,New York,36,Kings,047,5600,51000,,0282,,1450,TRACT 282    NEW YORK CITY BROOKLYN,001,3,15,0,0,0,0,1,1,0,2946,9,6
G36004700283,1960,New York,36,Kings,047,5600,51000,,0283,,1450,TRACT 283    NEW YORK CITY BROOKLYN,001,3,15,0,0,0,0,0,0,0,3106,1623,11
G36004700284,1960,New York,36,Kings,047,5600,51000,,0284,,1450,TRACT 284    NEW YORK CITY BROOKLYN,001,3,15,0,0,0,0,1,1,0,3744,31,8
G360047002850,1960,New York,36,Kings,047,5600,51000,,0285,0,1450,TRACT 285-0  NEW YORK CITY BROOKLYN,001,3,15,0,0,0,0,1,0,0,2351,98,32
G360047002851,1960,New York,36,Kings,047,5600,51000,,0285,1,1450,TRACT 285-1  NEW YORK CITY BROOKLYN,001,3,15,0,0,0,0,0,0,0,1690,2827,11
G36004700286,1960,New York,36,Kings,047,5600,51000,,0286,,1450,TRACT 286    NEW YORK CITY BROOKLYN,001,3,15,0,0,0,0,1,1,0,5274,0,5
G36004700287,1960,New York,36,Kings,047,5600,51000,,0287,,1450,TRACT 287    NEW YORK CITY BROOKLYN,001,3,15,0,0,0,0,0,0,0,2039,1355,18
G36004700288,1960,New York,36,Kings,047,5600,51000,,0288,,1450,TRACT 288    NEW YORK CITY BROOKLYN,001,3,15,0,0,0,0,1,1,0,3127,10,13
G36004700289,1960,New York,36,Kings,047,5600,51000,,0289,,1450,TRACT 289    NEW YORK CITY BROOKLYN,001,3,15,0,0,0,0,0,0,0,3512,3338,31
G36004700290,1960,New York,36,Kings,047,5600,51000,,0290,,1450,TRACT 290    NEW YORK CITY BROOKLYN,001,3,15,0,0,0,0,1,1,0,3134,15,6
G36004700291,1960,New York,36,Kings,047,5600,51000,,0291,,1450,TRACT 291    NEW YORK CITY BROOKLYN,001,3,15,0,0,0,0,0,1,0,119,4780,24
G36004700292,1960,New York,36,Kings,047,5600,51000,,0292,,1450,TRACT 292    NEW YORK CITY BROOKLYN,001,3,15,0,0,0,0,1,1,0,2389,1,0
G36004700293,1960,New York,36,Kings,047,5600,51000,,0293,,1450,TR1CT 293    NEW YORK CITY BROOKLYN,001,3,15,0,0,0,0,0,1,0,258,4607,9
G36004700294,1960,New York,36,Kings,047,5600,51000,,0294,,1450,TRACT 294    NEW YORK CITY BROOKLYN,001,3,15,0,0,0,0,1,1,0,1552,13,6
G36004700295,1960,New York,36,Kings,047,5600,51000,,0295,,1450,TRACT 295    NEW YORK CITY BROOKLYN,001,3,15,0,0,0,0,0,1,0,139,4766,28
G36004700296,1960,New York,36,Kings,047,5600,51000,,0296,,1450,TRACT 296    NEW YORK CITY BROOKLYN,001,3,15,0,0,0,0,1,1,0,5124,8,2
G36004700297,1960,New York,36,Kings,047,5600,51000,,0297,,1450,TRACT 297    NEW YORK CITY BROOKLYN,001,3,15,0,0,0,0,0,1,0,139,3878,37
G36004700298,1960,New York,36,Kings,047,5600,51000,,0298,,1450,TRACT 298    NEW YORK CITY BROOKLYN,001,3,15,0,0,0,0,1,1,0,3838,5,12
G36004700299,1960,New York,36,Kings,047,5600,51000,,0299,,1450,TRACT 299    NEW YORK CITY BROOKLYN,001,3,15,0,0,0,0,0,1,0,370,2584,2
G36004700300,1960,New York,36,Kings,047,5600,51000,,0300,,1450,TRACT 300    NEW YORK CITY BROOKLYN,001,3,15,0,0,0,0,1,1,0,2751,1,9
G36004700301,1960,New York,36,Kings,047,5600,51000,,0301,,1450,TRACT 301    NEW YORK CITY BROOKLYN,001,3,15,0,0,0,0,0,1,0,1974,2681,22
G36004700302,1960,New York,36,Kings,047,5600,51000,,0302,,1450,TRACT 302    NEW YORK CITY BROOKLYN,001,3,15,0,0,0,0,1,1,0,3811,0,1
G36004700303,1960,New York,36,Kings,047,5600,51000,,0303,,1450,TRACT 303    NEW YORK CITY BROOKLYN,001,3,15,0,0,0,0,0,0,0,3746,6606,42
G36004700304,1960,New York,36,Kings,047,5600,51000,,0304,,1450,TRACT 304    NEW YORK CITY BROOKLYN,001,3,15,0,0,0,0,1,1,0,2213,0,0
G36004700306,1960,New York,36,Kings,047,5600,51000,,0306,,1450,TRACT 306    NEW YORK CITY BROOKLYN,001,3,15,0,0,0,0,1,1,0,1333,1,0
G36004700307,1960,New York,36,Kings,047,5600,51000,,0307,,1450,TRACT 307    NEW YORK CITY BROOKLYN,001,3,15,0,0,0,0,0,0,0,1320,5511,41
G36004700308,1960,New York,36,Kings,047,5600,51000,,0308,,1450,TRACT 308    NEW YORK CITY BROOKLYN,001,3,15,0,0,0,0,1,1,0,942,0,0
G36004700309,1960,New York,36,Kings,047,5600,51000,,0309,,1450,TRACT 309    NEW YORK CITY BROOKLYN,001,3,15,0,0,0,0,0,1,0,327,1357,31
G36004700311,1960,New York,36,Kings,047,5600,51000,,0311,,1450,TRACT 311    NEW YORK CITY BROOKLYN,001,3,15,0,0,0,0,0,1,0,136,4178,30
G36004700313,1960,New York,36,Kings,047,5600,51000,,0313,,1450,TRACT 313    NEW YORK CITY BROOKLYN,001,3,15,0,0,0,0,0,1,0,1805,3664,9
G36004700314,1960,New York,36,Kings,047,5600,51000,,0314,,1450,TRACT 314    NEW YORK CITY BROOKLYN,001,3,15,0,0,0,0,1,1,0,2062,2,0
G36004700315,1960,New York,36,Kings,047,5600,51000,,0315,,1450,TRACT 315    NEW YORK CITY BROOKLYN,001,3,15,0,0,0,0,0,1,0,2179,4126,59
G36004700316,1960,New York,36,Kings,047,5600,51000,,0316,,1450,TRACT 316    NEW YORK CITY BROOKLYN,001,3,15,1,1,1,1,1,1,0,0,0,0
G360047003170,1960,New York,36,Kings,047,5600,51000,,0317,0,1450,TRACT 317-0  NEW YORK CITY BROOKLYN,001,3,15,0,0,0,0,0,1,0,1768,2540,13
G360047003171,1960,New York,36,Kings,047,5600,51000,,0317,1,1450,TRACT 317-1  NEW YORK CITY BROOKLYN,001,3,15,0,0,0,0,0,1,0,1417,2286,33
G36004700319,1960,New York,36,Kings,047,5600,51000,,0319,,1450,TRACT 319    NEW YORK CITY BROOKLYN,001,3,15,0,0,0,0,0,1,0,2320,683,15
G36004700320,1960,New York,36,Kings,047,5600,51000,,0320,,1450,TRACT 320    NEW YORK CITY BROOKLYN,001,3,15,0,0,0,0,1,1,0,424,0,1
G36004700321,1960,New York,36,Kings,047,5600,51000,,0321,,1450,TRACT 321    NEW YORK CITY BROOKLYN,001,3,15,0,0,0,0,1,1,0,5227,215,15
G36004700323,1960,New York,36,Kings,047,5600,51000,,0323,,1450,TRACT 323    NEW YORK CITY BROOKLYN,001,3,15,0,0,0,0,1,1,0,3290,374,26
G36004700325,1960,New York,36,Kings,047,5600,51000,,0325,,1450,TRACT 325    NEW YORK CITY BROOKLYN,001,3,15,0,0,0,0,1,1,0,2846,124,10
G36004700326,1960,New York,36,Kings,047,5600,51000,,0326,,1450,TRACT 326    NEW YORK CITY BROOKLYN,001,3,15,0,0,0,0,0,0,0,6778,531,53
G36004700327,1960,New York,36,Kings,047,5600,51000,,0327,,1450,TRACT 327    NEW YORK CITY BROOKLYN,001,3,15,0,0,0,0,1,1,0,2786,363,9
G36004700328,1960,New York,36,Kings,047,5600,51000,,0328,,1450,TRACT 328    NEW YORK CITY BROOKLYN,001,3,15,0,0,0,0,1,1,0,5547,282,14
G36004700329,1960,New York,36,Kings,047,5600,51000,,0329,,1450,TRACT 329    NEW YORK CITY BROOKLYN,001,3,15,0,0,0,0,1,1,0,5571,264,4
G36004700330,1960,New York,36,Kings,047,5600,51000,,0330,,1450,TRACT 330    NEW YORK CITY BROOKLYN,001,3,15,0,0,0,0,0,1,0,3260,505,14
G36004700331,1960,New York,36,Kings,047,5600,51000,,0331,,1450,TRACT 331    NEW YORK CITY BROOKLYN,001,3,15,0,0,0,0,1,1,0,4379,93,6
G36004700333,1960,New York,36,Kings,047,5600,51000,,0333,,1450,TRACT 333    NEW YORK CITY BROOKLYN,001,3,15,0,0,0,0,0,1,0,3376,598,23
G36004700335,1960,New York,36,Kings,047,5600,51000,,0335,,1450,TRACT 335    NEW YORK CITY BROOKLYN,001,3,15,0,0,0,0,0,1,0,1857,1274,17
G36004700336,1960,New York,36,Kings,047,5600,51000,,0336,,1450,TRACT 336    NEW YORK CITY BROOKLYN,001,3,15,0,0,0,0,1,1,0,5141,20,9
G36004700337,1960,New York,36,Kings,047,5600,51000,,0337,,1450,TRACT 337    NEW YORK CITY BROOKLYN,001,3,15,0,0,0,0,0,1,0,3085,1381,13
G36004700339,1960,New York,36,Kings,047,5600,51000,,0339,,1450,TRACT 339    NEW YORK CITY BROOKLYN,001,3,15,0,0,0,0,0,1,0,2388,2503,49
G36004700340,1960,New York,36,Kings,047,5600,51000,,0340,,1450,TRACT 340    NEW YORK CITY BROOKLYN,001,3,15,0,0,0,0,1,1,0,2921,163,3
G36004700341,1960,New York,36,Kings,047,5600,51000,,0341,,1450,TRACT 341    NEW YORK CITY BROOKLYN,001,3,15,0,0,0,0,0,1,0,1925,1303,16
G36004700342,1960,New York,36,Kings,047,5600,51000,,0342,,1450,TRACT 342    NEW YORK CITY BROOKLYN,001,3,15,0,0,0,0,0,1,0,4897,420,8
G36004700343,1960,New York,36,Kings,047,5600,51000,,0343,,1450,TRACT 343    NEW YORK CITY BROOKLYN,001,3,15,0,0,0,0,0,0,0,1456,6457,24
G36004700345,1960,New York,36,Kings,047,5600,51000,,0345,,1450,TRACT 345    NEW YORK CITY BROOKLYN,001,3,15,0,0,0,0,0,1,0,1251,1852,8
G36004700347,1960,New York,36,Kings,047,5600,51000,,0347,,1450,TRACT 347    NEW YORK CITY BROOKLYN,001,3,15,0,0,0,0,0,1,0,2900,1164,40
G360047003480,1960,New York,36,Kings,047,5600,51000,,0348,0,1450,TRACT 348-0  NEW YORK CITY BROOKLYN,001,3,15,0,0,0,0,1,1,0,1195,42,0
G360047003481,1960,New York,36,Kings,047,5600,51000,,0348,1,1450,TRACT 348-1  NEW YORK CITY BROOKLYN,001,3,15,0,0,0,0,1,1,0,1236,37,13
G36004700349,1960,New York,36,Kings,047,5600,51000,,0349,,1450,TRACT 349    NEW YORK CITY BROOKLYN,001,3,15,0,0,0,0,1,1,0,5090,299,15
G36004700350,1960,New York,36,Kings,047,5600,51000,,0350,,1450,TRACT 350    NEW YORK CITY BROOKLYN,001,3,15,1,1,1,1,1,1,0,0,0,0
G36004700351,1960,New York,36,Kings,047,5600,51000,,0351,,1450,TRACT 351    NEW YORK CITY BROOKLYN,001,3,15,0,0,0,0,1,1,0,4568,265,17
G36004700352,1960,New York,36,Kings,047,5600,51000,,0352,,1450,TRACT 352    NEW YORK CITY BROOKLYN,001,3,15,0,0,0,0,1,1,0,612,1,0
G36004700353,1960,New York,36,Kings,047,5600,51000,,0353,,1450,TRACT 353    NEW YORK CITY BROOKLYN,001,3,15,0,0,0,0,0,1,0,4409,1323,6
G36004700354,1960,New York,36,Kings,047,5600,51000,,0354,,1450,TRACT 354    NEW YORK CITY BROOKLYN,001,3,15,0,0,0,0,1,1,0,1651,391,12
G36004700355,1960,New York,36,Kings,047,5600,51000,,0355,,1450,TRACT 355    NEW YORK CITY BROOKLYN,001,3,15,0,0,0,0,1,1,0,4994,38,8
G36004700356,1960,New York,36,Kings,047,5600,51000,,0356,,1450,TRACT 356    NEW YORK CITY BROOKLYN,001,3,15,0,0,0,0,0,0,0,3528,472,10
G36004700357,1960,New York,36,Kings,047,5600,51000,,0357,,1450,TRACT 357    NEW YORK CITY BROOKLYN,001,3,15,0,0,0,0,1,1,0,2343,195,30
G36004700359,1960,New York,36,Kings,047,5600,51000,,0359,,1450,TRACT 359    NEW YORK CITY BROOKLYN,001,3,15,0,0,0,0,0,0,0,5438,1262,32
G360047003600,1960,New York,36,Kings,047,5600,51000,,0360,0,1450,TRACT 360-0  NEW YORK CITY BROOKLYN,001,3,15,0,0,0,0,1,1,0,2879,12,1
G360047003601,1960,New York,36,Kings,047,5600,51000,,0360,1,1450,TRACT 360-1  NEW YORK CITY BROOKLYN,001,3,15,0,0,0,0,1,1,0,4507,30,0
G36004700361,1960,New York,36,Kings,047,5600,51000,,0361,,1450,TRACT 361    NEW YORK CITY BROOKLYN,001,3,15,0,0,0,0,0,0,0,2619,1424,22
G36004700362,1960,New York,36,Kings,047,5600,51000,,0362,,1450,TRACT 362    NEW YORK CITY BROOKLYN,001,3,15,0,0,0,0,1,1,0,3859,31,19
G36004700363,1960,New York,36,Kings,047,5600,51000,,0363,,1450,TRACT 363    NEW YORK CITY BROOKLYN,001,3,15,0,0,0,0,0,0,0,6609,4144,120
G36004700364,1960,New York,36,Kings,047,5600,51000,,0364,,1450,TRACT 364    NEW YORK CITY BROOKLYN,001,3,15,0,0,0,0,1,1,0,1940,27,0
G360047003650,1960,New York,36,Kings,047,5600,51000,,0365,0,1450,TRACT 365-0  NEW YORK CITY BROOKLYN,001,3,15,0,0,0,0,0,0,0,1716,896,3
G360047003651,1960,New York,36,Kings,047,5600,51000,,0365,1,1450,TRACT 365-1  NEW YORK CITY BROOKLYN,001,3,15,0,0,0,0,0,1,0,1441,415,14
G36004700366,1960,New York,36,Kings,047,5600,51000,,0366,,1450,TRACT 366    NEW YORK CITY BROOKLYN,001,3,15,0,0,0,0,1,1,0,3151,26,4
G36004700367,1960,New York,36,Kings,047,5600,51000,,0367,,1450,TRACT 367    NEW YORK CITY BROOKLYN,001,3,15,0,0,0,0,1,1,0,1523,126,3
G36004700369,1960,New York,36,Kings,047,5600,51000,,0369,,1450,TRACT 369    NEW YORK CITY BROOKLYN,001,3,15,0,0,0,0,0,0,0,4448,1314,10
G36004700370,1960,New York,36,Kings,047,5600,51000,,0370,,1450,TRACT 370    NEW YORK CITY BROOKLYN,001,3,15,0,0,0,0,1,1,0,5327,6,47
G36004700371,1960,New York,36,Kings,047,5600,51000,,0371,,1450,TRACT 371    NEW YORK CITY BROOKLYN,001,3,15,0,0,0,0,0,0,0,2687,3695,16
G36004700373,1960,New York,36,Kings,047,5600,51000,,0373,,1450,TRACT 373    NEW YORK CITY BROOKLYN,001,3,15,0,0,0,0,0,1,0,1983,2568,53
G36004700374,1960,New York,36,Kings,047,5600,51000,,0374,,1450,TRACT 374    NEW YORK CITY BROOKLYN,001,3,15,0,0,0,0,1,1,0,9102,3,2
G36004700375,1960,New York,36,Kings,047,5600,51000,,0375,,1450,TRACT 375    NEW YORK CITY BROOKLYN,001,3,15,0,0,0,0,0,0,0,2042,2985,43
G36004700377,1960,New York,36,Kings,047,5600,51000,,0377,,1450,TRACT 377    NEW YORK CITY BROOKLYN,001,3,15,0,0,0,0,0,1,0,1174,4324,23
G36004700379,1960,New York,36,Kings,047,5600,51000,,0379,,1450,TRACT 379    NEW YORK CITY BROOKLYN,001,3,15,0,0,0,0,0,1,0,1010,4309,38
G36004700381,1960,New York,36,Kings,047,5600,51000,,0381,,1450,TRACT 381    NEW YORK CITY BROOKLYN,001,3,15,0,0,0,0,0,1,0,584,7222,49
G36004700382,1960,New York,36,Kings,047,5600,51000,,0382,,1450,TRACT 382    NEW YORK CITY BROOKLYN,001,3,15,0,0,0,0,1,1,0,7231,392,10
G36004700383,1960,New York,36,Kings,047,5600,51000,,0383,,1450,TRACT 383    NEW YORK CITY BROOKLYN,001,3,15,0,0,0,0,0,1,0,332,5023,43
G36004700385,1960,New York,36,Kings,047,5600,51000,,0385,,1450,TRACT 385    NEW YORK CITY BROOKLYN,001,3,15,0,0,0,0,0,0,0,965,4008,27
G36004700386,1960,New York,36,Kings,047,5600,51000,,0386,,1450,TRACT 386    NEW YORK CITY BROOKLYN,001,3,15,0,0,0,0,1,1,0,3028,21,10
G36004700387,1960,New York,36,Kings,047,5600,51000,,0387,,1450,TRACT 387    NEW YORK CITY BROOKLYN,001,3,15,0,0,0,0,0,0,0,1531,3766,27
G36004700388,1960,New York,36,Kings,047,5600,51000,,0388,,1450,TRACT 388    NEW YORK CITY BROOKLYN,001,3,15,0,0,0,0,1,1,0,4239,6,5
G36004700389,1960,New York,36,Kings,047,5600,51000,,0389,,1450,TRACT 389    NEW YORK CITY BROOKLYN,001,3,15,0,0,1,0,1,0,0,3738,256,40
G36004700390,1960,New York,36,Kings,047,5600,51000,,0390,,1450,TRACT 390    NEW YORK CITY BROOKLYN,001,3,15,0,0,0,0,1,1,0,2628,3,0
G36004700391,1960,New York,36,Kings,047,5600,51000,,0391,,1450,TRACT 391    NEW YORK CITY BROOKLYN,001,3,15,0,0,0,0,1,0,0,3478,198,7
G36004700392,1960,New York,36,Kings,047,5600,51000,,0392,,1450,TRACT 392    NEW YORK CITY BROOKLYN,001,3,15,0,0,0,0,1,1,0,2726,2,9
G36004700393,1960,New York,36,Kings,047,5600,51000,,0393,,1450,TRACT 393    NEW YORK CITY BROOKLYN,001,3,15,0,0,0,0,1,0,0,2987,284,15
G36004700394,1960,New York,36,Kings,047,5600,51000,,0394,,1450,TRACT 394    NEW YORK CITY BROOKLYN,001,3,15,0,0,0,0,1,1,0,3170,3,5
G36004700395,1960,New York,36,Kings,047,5600,51000,,0395,,1450,TRACT 395    NEW YORK CITY BROOKLYN,001,3,15,0,0,0,0,0,1,0,3155,664,0
G36004700396,1960,New York,36,Kings,047,5600,51000,,0396,,1450,TRACT 396    NEW YORK CITY BROOKLYN,001,3,15,0,0,0,0,1,1,0,2447,3,6
G36004700397,1960,New York,36,Kings,047,5600,51000,,0397,,1450,TRACT 397    NEW YORK CITY BROOKLYN,001,3,15,0,0,0,0,0,1,0,2950,1181,22
G36004700398,1960,New York,36,Kings,047,5600,51000,,0398,,1450,TRACT 398    NEW YORK CITY BROOKLYN,001,3,15,0,0,0,0,1,1,0,2627,0,4
G36004700399,1960,New York,36,Kings,047,5600,51000,,0399,,1450,TRACT 399    NEW YORK CITY BROOKLYN,001,3,15,0,0,0,0,0,1,0,3354,600,1
G36004700400,1960,New York,36,Kings,047,5600,51000,,0400,,1450,TRACT 400    NEW YORK CITY BROOKLYN,001,3,15,0,0,0,0,1,1,0,3603,1,1
G36004700401,1960,New York,36,Kings,047,5600,51000,,0401,,1450,TRACT 401    NEW YORK CITY BROOKLYN,001,3,15,0,0,0,0,0,1,0,2951,1657,2
G36004700402,1960,New York,36,Kings,047,5600,51000,,0402,,1450,TRACT 402    NEW YORK CITY BROOKLYN,001,3,15,0,0,0,0,1,1,0,2806,0,7
G36004700403,1960,New York,36,Kings,047,5600,51000,,0403,,1450,TRACT 403    NEW YORK CITY BROOKLYN,001,3,15,0,0,0,0,0,1,0,2629,1497,18
G36004700404,1960,New York,36,Kings,047,5600,51000,,0404,,1450,TRACT 404    NEW YORK CITY BROOKLYN,001,3,15,0,0,0,0,1,1,0,2538,0,2
G36004700405,1960,New York,36,Kings,047,5600,51000,,0405,,1450,TRACT 405    NEW YORK CITY BROOKLYN,001,3,15,0,0,0,0,0,1,0,1857,429,1
G36004700406,1960,New York,36,Kings,047,5600,51000,,0406,,1450,TRACT 406    NEW YORK CITY BROOKLYN,001,3,15,0,0,0,0,1,1,0,3594,0,0
G36004700407,1960,New York,36,Kings,047,5600,51000,,0407,,1450,TRACT 407    NEW YORK CITY BROOKLYN,001,3,15,0,1,1,1,1,1,0,0,0,0
G36004700408,1960,New York,36,Kings,047,5600,51000,,0408,,1450,TRACT 408    NEW YORK CITY BROOKLYN,001,3,15,0,0,0,0,1,1,0,3336,0,11
G36004700409,1960,New York,36,Kings,047,5600,51000,,0409,,1450,TRACT 409    NEW YORK CITY BROOKLYN,001,3,15,0,0,0,0,1,1,0,3834,108,12
G36004700410,1960,New York,36,Kings,047,5600,51000,,0410,,1450,TRACT 410    NEW YORK CITY BROOKLYN,001,3,15,0,0,0,0,1,1,0,1960,7,0
G36004700411,1960,New York,36,Kings,047,5600,51000,,0411,,1450,TRACT 411    NEW YORK CITY BROOKLYN,001,3,15,0,0,0,0,0,1,0,2612,1038,18
G36004700412,1960,New York,36,Kings,047,5600,51000,,0412,,1450,TRACT 412    NEW YORK CITY BROOKLYN,001,3,15,0,0,0,0,1,1,0,2938,1,5
G36004700413,1960,New York,36,Kings,047,5600,51000,,0413,,1450,TRACT 413    NEW YORK CITY BROOKLYN,001,3,15,0,0,0,0,0,1,0,3742,1058,6
G360047004140,1960,New York,36,Kings,047,5600,51000,,0414,0,1450,TRACT 414-0  NEW YORK CITY BROOKLYN,001,3,15,0,0,0,0,1,1,0,1762,3,5
G360047004141,1960,New York,36,Kings,047,5600,51000,,0414,1,1450,TRACT 414-1  NEW YORK CITY BROOKLYN,001,3,15,0,0,0,0,1,1,0,2185,20,0
G36004700415,1960,New York,36,Kings,047,5600,51000,,0415,,1450,TRACT 415    NEW YORK CITY BROOKLYN,001,3,15,0,0,0,0,0,1,0,4290,481,19
G36004700416,1960,New York,36,Kings,047,5600,51000,,0416,,1450,TRACT 416    NEW YORK CITY BROOKLYN,001,3,15,0,0,0,0,1,1,0,2688,6,1
G36004700417,1960,New York,36,Kings,047,5600,51000,,0417,,1450,TRACT 417    NEW YORK CITY BROOKLYN,001,3,15,0,0,0,0,1,1,0,4431,226,6
G36004700418,1960,New York,36,Kings,047,5600,51000,,0418,,1450,TRACT 418    NEW YORK CITY BROOKLYN,001,3,15,0,0,0,0,1,1,0,2837,18,17
G36004700419,1960,New York,36,Kings,047,5600,51000,,0419,,1450,TRACT 419    NEW YORK CITY BROOKLYN,001,3,15,0,0,0,0,1,1,0,5022,159,7
G36004700420,1960,New York,36,Kings,047,5600,51000,,0420,,1450,TRACT 420    NEW YORK CITY BROOKLYN,001,3,15,0,0,0,0,1,1,0,1929,10,3
G36004700421,1960,New York,36,Kings,047,5600,51000,,0421,,1450,TRACT 421    NEW YORK CITY BROOKLYN,001,3,15,0,0,0,0,1,1,0,4500,86,15
G36004700422,1960,New York,36,Kings,047,5600,51000,,0422,,1450,TRACT 422    NEW YORK CITY BROOKLYN,001,3,15,0,0,0,0,1,1,0,3735,6,6
G36004700423,1960,New York,36,Kings,047,5600,51000,,0423,,1450,TRACT 423    NEW YORK CITY BROOKLYN,001,3,15,0,0,0,0,1,1,0,4847,40,4
G36004700424,1960,New York,36,Kings,047,5600,51000,,0424,,1450,TRACT 424    NEW YORK CITY BROOKLYN,001,3,15,0,0,0,0,1,1,0,3369,17,0
G36004700425,1960,New York,36,Kings,047,5600,51000,,0425,,1450,TRACT 425    NEW YORK CITY BROOKLYN,001,3,15,0,0,0,0,1,0,0,3178,27,0
G36004700426,1960,New York,36,Kings,047,5600,51000,,0426,,1450,TRACT 426    NEW YORK CITY BROOKLYN,001,3,15,0,0,0,0,1,1,0,3796,4,9
G36004700427,1960,New York,36,Kings,047,5600,51000,,0427,,1450,TRACT 427    NEW YORK CITY BROOKLYN,001,3,15,0,0,0,0,1,0,0,6198,21,4
G36004700428,1960,New York,36,Kings,047,5600,51000,,0428,,1450,TRACT 428    NEW YORK CITY BROOKLYN,001,3,15,0,0,0,0,1,1,0,3809,10,9
G36004700429,1960,New York,36,Kings,047,5600,51000,,0429,,1450,TRACT 429    NEW YORK CITY BROOKLYN,001,3,15,0,0,0,0,1,1,0,5505,0,2
G36004700430,1960,New York,36,Kings,047,5600,51000,,0430,,1450,TRACT 430    NEW YORK CITY BROOKLYN,001,3,15,0,0,0,0,1,1,0,3622,24,5
G36004700431,1960,New York,36,Kings,047,5600,51000,,0431,,1450,TRACT 431    NEW YORK CITY BROOKLYN,001,3,15,0,0,0,0,1,1,0,5686,6,3
G36004700432,1960,New York,36,Kings,047,5600,51000,,0432,,1450,TRACT 432    NEW YORK CITY BROOKLYN,001,3,15,0,0,0,0,1,1,0,3516,3,0
G36004700433,1960,New York,36,Kings,047,5600,51000,,0433,,1450,TRACT 433    NEW YORK CITY BROOKLYN,001,3,15,0,0,0,0,1,1,0,6561,49,9
G36004700434,1960,New York,36,Kings,047,5600,51000,,0434,,1450,TRACT 434    NEW YORK CITY BROOKLYN,001,3,15,0,0,0,0,1,1,0,3092,3,6
G36004700435,1960,New York,36,Kings,047,5600,51000,,0435,,1450,TRACT 435    NEW YORK CITY BROOKLYN,001,3,15,0,0,0,0,1,1,0,4314,33,4
G36004700436,1960,New York,36,Kings,047,5600,51000,,0436,,1450,TRACT 436    NEW YORK CITY BROOKLYN,001,3,15,0,0,0,0,1,1,0,4271,20,22
G36004700437,1960,New York,36,Kings,047,5600,51000,,0437,,1450,TRACT 437    NEW YORK CITY BROOKLYN,001,3,15,0,0,0,0,1,1,0,4533,49,1
G36004700438,1960,New York,36,Kings,047,5600,51000,,0438,,1450,TRACT 438    NEW YORK CITY BROOKLYN,001,3,15,0,0,0,0,1,1,0,2732,17,5
G36004700439,1960,New York,36,Kings,047,5600,51000,,0439,,1450,TRACT 439    NEW YORK CITY BROOKLYN,001,3,15,0,0,0,0,1,1,0,3216,1,4
G36004700440,1960,New York,36,Kings,047,5600,51000,,0440,,1450,TRACT 440    NEW YORK CITY BROOKLYN,001,3,15,0,0,0,0,1,1,0,3102,20,5
G36004700441,1960,New York,36,Kings,047,5600,51000,,0441,,1450,TRACT 441    NEW YORK CITY BROOKLYN,001,3,15,0,0,0,0,1,1,0,4269,0,2
G36004700442,1960,New York,36,Kings,047,5600,51000,,0442,,1450,TRACT 442    NEW YORK CITY BROOKLYN,001,3,15,0,0,0,0,1,1,0,2828,10,7
G36004700443,1960,New York,36,Kings,047,5600,51000,,0443,,1450,TRACT 443    NEW YORK CITY BROOKLYN,001,3,15,0,0,0,0,1,1,0,4906,13,30
G36004700444,1960,New York,36,Kings,047,5600,51000,,0444,,1450,TRACT 444    NEW YORK CITY BROOKLYN,001,3,15,0,0,0,0,1,1,0,3437,5,10
G36004700445,1960,New York,36,Kings,047,5600,51000,,0445,,1450,TRACT 445    NEW YORK CITY BROOKLYN,001,3,15,0,0,0,0,1,1,0,3833,0,15
G36004700446,1960,New York,36,Kings,047,5600,51000,,0446,,1450,TRACT 446    NEW YORK CITY BROOKLYN,001,3,15,0,0,0,0,1,1,0,1862,3,0
G36004700447,1960,New York,36,Kings,047,5600,51000,,0447,,1450,TRACT 447    NEW YORK CITY BROOKLYN,001,3,15,0,0,0,0,1,1,0,1850,2,0
G36004700448,1960,New York,36,Kings,047,5600,51000,,0448,,1450,TRACT 448    NEW YORK CITY BROOKLYN,001,3,15,0,0,0,0,1,1,0,1562,4,1
G36004700450,1960,New York,36,Kings,047,5600,51000,,0450,,1450,TRACT 450    NEW YORK CITY BROOKLYN,001,3,15,0,0,0,0,1,1,0,1022,2,5
G36004700452,1960,New York,36,Kings,047,5600,51000,,0452,,1450,TRACT 452    NEW YORK CITY BROOKLYN,001,3,15,0,0,0,0,1,1,0,3073,14,0
G36004700453,1960,New York,36,Kings,047,5600,51000,,0453,,1450,TRACT 453    NEW YORK CITY BROOKLYN,001,3,15,0,0,0,0,1,0,0,3560,177,37
G36004700454,1960,New York,36,Kings,047,5600,51000,,0454,,1450,TRACT 454    NEW YORK CITY BROOKLYN,001,3,15,0,0,0,0,1,1,0,1964,8,0
G36004700455,1960,New York,36,Kings,047,5600,51000,,0455,,1450,TRACT 455    NEW YORK CITY BROOKLYN,001,3,15,0,0,1,0,1,1,0,14,0,0
G36004700456,1960,New York,36,Kings,047,5600,51000,,0456,,1450,TRACT 456    NEW YORK CITY BROOKLYN,001,3,15,0,0,0,0,1,1,0,2607,20,13
G36004700458,1960,New York,36,Kings,047,5600,51000,,0458,,1450,TRACT 458    NEW YORK CITY BROOKLYN,001,3,15,0,0,0,0,1,1,0,1849,29,4
G36004700460,1960,New York,36,Kings,047,5600,51000,,0460,,1450,TRACT 460    NEW YORK CITY BROOKLYN,001,3,15,0,0,0,0,1,1,0,3053,6,0
G360047004620,1960,New York,36,Kings,047,5600,51000,,0462,0,1450,TRACT 462-0  NEW YORK CITY BROOKLYN,001,3,15,0,0,0,0,1,1,0,1938,8,8
G360047004621,1960,New York,36,Kings,047,5600,51000,,0462,1,1450,TRACT 462-1  NEW YORK CITY BROOKLYN,001,3,15,0,0,0,0,1,1,0,1551,1,4
G36004700464,1960,New York,36,Kings,047,5600,51000,,0464,,1450,TRACT 464    NEW YORK CITY BROOKLYN,001,3,15,0,0,0,0,1,1,0,2377,5,0
G36004700465,1960,New York,36,Kings,047,5600,51000,,0465,,1450,TRACT 465    NEW YORK CITY BROOKLYN,001,3,15,0,0,0,0,0,0,0,1322,1982,31
G36004700468,1960,New York,36,Kings,047,5600,51000,,0468,,1450,TRACT 468    NEW YORK CITY BROOKLYN,001,3,15,0,0,0,0,1,1,0,1060,0,0
G36004700469,1960,New York,36,Kings,047,5600,51000,,0469,,1450,TRACT 469    NEW YORK CITY BROOKLYN,001,3,15,1,1,1,1,1,1,0,0,0,0
G36004700470,1960,New York,36,Kings,047,5600,51000,,0470,,1450,TRACT 470    NEW YORK CITY BROOKLYN,001,3,15,0,0,0,0,1,1,0,2639,0,0
G36004700472,1960,New York,36,Kings,047,5600,51000,,0472,,1450,TRACT 472    NEW YORK CITY BROOKLYN,001,3,15,0,0,0,0,1,1,0,3641,1,2
G36004700473,1960,New York,36,Kings,047,5600,51000,,0473,,1450,TRACT 473    NEW YORK CITY BROOKLYN,001,3,15,0,0,0,0,1,1,0,985,65,0
G36004700474,1960,New York,36,Kings,047,5600,51000,,0474,,1450,TRACT 474    NEW YORK CITY BROOKLYN,001,3,15,0,0,0,0,1,1,0,3095,4,0
G36004700475,1960,New York,36,Kings,047,5600,51000,,0475,,1450,TRACT 475    NEW YORK CITY BROOKLYN,001,3,15,0,1,1,1,1,1,0,0,6,0
G36004700476,1960,New York,36,Kings,047,5600,51000,,0476,,1450,TRACT 476    NEW YORK CITY BROOKLYN,001,3,15,0,0,0,0,1,1,0,3282,5,12
G36004700477,1960,New York,36,Kings,047,5600,51000,,0477,,1450,TRACT 477    NEW YORK CITY BROOKLYN,001,3,15,0,0,0,0,1,1,0,2948,21,7
G36004700478,1960,New York,36,Kings,047,5600,51000,,0478,,1450,TRACT 478    NEW YORK CITY BROOKLYN,001,3,15,0,0,0,0,1,1,0,4051,13,6
G36004700480,1960,New York,36,Kings,047,5600,51000,,0480,,1450,TRACT 480    NEW YORK CITY BROOKLYN,001,3,15,0,0,0,0,1,1,0,2759,13,12
G36004700481,1960,New York,36,Kings,047,5600,51000,,0481,,1450,TRACT 481    NEW YORK CITY BROOKLYN,001,3,15,0,0,0,0,1,1,0,3135,0,2
G36004700482,1960,New York,36,Kings,047,5600,51000,,0482,,1450,TRACT 482    NEW YORK CITY BROOKLYN,001,3,15,0,0,0,0,1,1,0,4494,8,15
G36004700483,1960,New York,36,Kings,047,5600,51000,,0483,,1450,TRACT 483    NEW YORK CITY BROOKLYN,001,3,15,0,0,0,0,1,0,0,2644,99,17
G36004700484,1960,New York,36,Kings,047,5600,51000,,0484,,1450,TRACT 484    NEW YORK CITY BROOKLYN,001,3,15,0,0,0,0,1,1,0,4069,46,4
G36004700486,1960,New York,36,Kings,047,5600,51000,,0486,,1450,TRACT 486    NEW YORK CITY BROOKLYN,001,3,15,0,0,0,0,1,1,0,2890,18,22
G36004700487,1960,New York,36,Kings,047,5600,51000,,0487,,1450,TRACT 487    NEW YORK CITY BROOKLYN,001,3,15,0,0,0,0,0,0,0,3703,1926,21
G36004700488,1960,New York,36,Kings,047,5600,51000,,0488,,1450,TRACT 488    NEW YORK CITY BROOKLYN,001,3,15,0,0,0,0,1,1,0,3275,19,0
G36004700489,1960,New York,36,Kings,047,5600,51000,,0489,,1450,TRACT 489    NEW YORK CITY BROOKLYN,001,3,15,0,0,0,0,0,0,0,2115,2015,3
G36004700490,1960,New York,36,Kings,047,5600,51000,,0490,,1450,TRACT 490    NEW YORK CITY BROOKLYN,001,3,15,0,0,0,0,1,1,0,3828,8,0
G36004700491,1960,New York,36,Kings,047,5600,51000,,0491,,1450,TRACT 491    NEW YORK CITY BROOKLYN,001,3,15,0,0,0,0,0,0,0,6316,591,44
G36004700492,1960,New York,36,Kings,047,5600,51000,,0492,,1450,TRACT 492    NEW YORK CITY BROOKLYN,001,3,15,0,0,0,0,1,1,0,2910,33,12
G36004700493,1960,New York,36,Kings,047,5600,51000,,0493,,1450,TRACT 493    NEW YORK CITY BROOKLYN,001,3,15,0,0,0,0,0,0,0,7644,1317,20
G36004700494,1960,New York,36,Kings,047,5600,51000,,0494,,1450,TRACT 494    NEW YORK CITY BROOKLYN,001,3,15,0,0,0,0,1,1,0,4618,24,1
G36004700495,1960,New York,36,Kings,047,5600,51000,,0495,,1450,TRACT 495    NEW YORK CITY BROOKLYN,001,3,15,0,0,0,0,1,1,0,3132,9,17
G36004700496,1960,New York,36,Kings,047,5600,51000,,0496,,1450,TRACT 496    NEW YORK CITY BROOKLYN,001,3,15,0,0,0,0,1,1,0,4044,3,7
G36004700497,1960,New York,36,Kings,047,5600,51000,,0497,,1450,TRACT 497    NEW YORK CITY BROOKLYN,001,3,15,0,0,0,0,1,1,0,3360,0,0
G36004700498,1960,New York,36,Kings,047,5600,51000,,0498,,1450,TRACT 498    NEW YORK CITY BROOKLYN,001,3,15,0,0,0,0,1,1,0,3987,3,3
G36004700499,1960,New York,36,Kings,047,5600,51000,,0499,,1450,TRACT 499    NEW YORK CITY BROOKLYN,001,3,15,0,0,0,0,1,1,0,2091,0,2
G36004700500,1960,New York,36,Kings,047,5600,51000,,0500,,1450,TRACT 500    NEW YORK CITY BROOKLYN,001,3,15,0,0,0,0,1,1,0,4304,21,6
G36004700501,1960,New York,36,Kings,047,5600,51000,,0501,,1450,TRACT 501    NEW YORK CITY BROOKLYN,001,3,15,0,0,0,0,1,1,0,4000,0,0
G360047005020,1960,New York,36,Kings,047,5600,51000,,0502,0,1450,TRACT 502-0  NEW YORK CITY BROOKLYN,001,3,15,0,0,0,0,1,1,0,2121,0,8
G360047005021,1960,New York,36,Kings,047,5600,51000,,0502,1,1450,TRACT 502-1  NEW YORK CITY BROOKLYN,001,3,15,0,0,0,0,1,1,0,2023,3,6
G36004700503,1960,New York,36,Kings,047,5600,51000,,0503,,1450,TRACT 503    NEW YORK CITY BROOKLYN,001,3,15,0,0,0,0,1,1,0,3390,3,0
G36004700504,1960,New York,36,Kings,047,5600,51000,,0504,,1450,TRACT 504    NEW YORK CITY BROOKLYN,001,3,15,0,0,0,0,1,1,0,4161,13,8
G36004700505,1960,New York,36,Kings,047,5600,51000,,0505,,1450,TRACT 505    NEW YORK CITY BROOKLYN,001,3,15,0,0,0,0,0,0,0,3963,875,16
G36004700506,1960,New York,36,Kings,047,5600,51000,,0506,,1450,TRACT 506    NEW YORK CITY BROOKLYN,001,3,15,0,0,0,0,1,1,0,4927,51,16
G36004700507,1960,New York,36,Kings,047,5600,51000,,0507,,1450,TRACT 507    NEW YORK CITY BROOKLYN,001,3,15,0,0,0,0,0,0,0,2252,783,151
G36004700508,1960,New York,36,Kings,047,5600,51000,,0508,,1450,TRACT 508    NEW YORK CITY BROOKLYN,001,3,15,0,0,0,0,1,1,0,10602,87,16
G36004700509,1960,New York,36,Kings,047,5600,51000,,0509,,1450,TRACT 509    NEW YORK CITY BROOKLYN,001,3,15,0,0,0,0,1,0,0,1780,118,5
G36004700510,1960,New York,36,Kings,047,5600,51000,,0510,,1450,TRACT 510    NEW YORK CITY BROOKLYN,001,3,15,0,0,0,0,1,1,0,6706,80,2
G36004700511,1960,New York,36,Kings,047,5600,51000,,0511,,1450,TRACT 511    NEW YORK CITY BROOKLYN,001,3,15,0,0,0,0,1,0,0,4879,240,8
G36004700512,1960,New York,36,Kings,047,5600,51000,,0512,,1450,TRACT 512    NEW YORK CITY BROOKLYN,001,3,15,0,0,0,0,1,1,0,5152,25,3
G36004700513,1960,New York,36,Kings,047,5600,51000,,0513,,1450,TRACT 513    NEW YORK CITY BROOKLYN,001,3,15,0,0,0,0,1,0,0,5376,47,8
G36004700514,1960,New York,36,Kings,047,5600,51000,,0514,,1450,TRACT 514    NEW YORK CITY BROOKLYN,001,3,15,0,0,0,0,1,1,0,5233,45,8
G36004700515,1960,New York,36,Kings,047,5600,51000,,0515,,1450,TRACT 515    NEW YORK CITY BROOKLYN,001,3,15,0,0,0,0,1,1,0,1320,0,1
G36004700516,1960,New York,36,Kings,047,5600,51000,,0516,,1450,TRACT 516    NEW YORK CITY BROOKLYN,001,3,15,0,0,0,0,1,1,0,7484,57,25
G36004700517,1960,New York,36,Kings,047,5600,51000,,0517,,1450,TRACT 517    NEW YORK CITY BROOKLYN,001,3,15,0,0,0,0,1,1,0,1885,0,0
G36004700518,1960,New York,36,Kings,047,5600,51000,,0518,,1450,TRACT 518    NEW YORK CITY BROOKLYN,001,3,15,0,0,0,0,1,1,0,3030,36,11
G36004700519,1960,New York,36,Kings,047,5600,51000,,0519,,1450,TRACT 519    NEW YORK CITY BROOKLYN,001,3,15,0,0,0,0,1,1,0,4198,75,1
G36004700520,1960,New York,36,Kings,047,5600,51000,,0520,,1450,TRACT 520    NEW YORK CITY BROOKLYN,001,3,15,0,0,0,0,1,1,0,3328,30,49
G36004700522,1960,New York,36,Kings,047,5600,51000,,0522,,1450,TRACT 522    NEW YORK CITY BROOKLYN,001,3,15,0,0,0,0,1,1,0,1090,16,0
G36004700523,1960,New York,36,Kings,047,5600,51000,,0523,,1450,TRACT 523    NEW YORK CITY BROOKLYN,001,3,15,0,0,0,0,0,0,0,7723,471,18
G36004700524,1960,New York,36,Kings,047,5600,51000,,0524,,1450,TRACT 524    NEW YORK CITY BROOKLYN,001,3,15,0,0,0,0,1,1,0,2029,11,4
G36004700525,1960,New York,36,Kings,047,5600,51000,,0525,,1450,TRACT 525    NEW YORK CITY BROOKLYN,001,3,15,0,0,0,0,1,0,0,3680,108,81
G36004700526,1960,New York,36,Kings,047,5600,51000,,0526,,1450,TRACT 526    NEW YORK CITY BROOKLYN,001,3,15,0,0,0,0,1,1,0,3336,4,35
G36004700527,1960,New York,36,Kings,047,5600,51000,,0527,,1450,TRACT 527    NEW YORK CITY BROOKLYN,001,3,15,0,0,0,0,1,0,0,9211,285,31
G36004700528,1960,New York,36,Kings,047,5600,51000,,0528,,1450,TRACT 528    NEW YORK CITY BROOKLYN,001,3,15,0,0,0,0,1,1,0,1895,4,9
G36004700529,1960,New York,36,Kings,047,5600,51000,,0529,,1450,TRACT 529    NEW YORK CITY BROOKLYN,001,3,15,0,0,0,0,1,0,0,4495,180,15
G36004700530,1960,New York,36,Kings,047,5600,51000,,0530,,1450,TRACT 530    NEW YORK CITY BROOKLYN,001,3,15,0,0,0,0,1,1,0,3070,31,26
G36004700531,1960,New York,36,Kings,047,5600,51000,,0531,,1450,TRACT 531    NEW YORK CITY BROOKLYN,001,3,15,0,0,0,0,1,0,0,3168,279,28
G36004700532,1960,New York,36,Kings,047,5600,51000,,0532,,1450,TRACT 532    NEW YORK CITY BROOKLYN,001,3,15,0,0,0,0,1,1,0,2598,11,0
G36004700533,1960,New York,36,Kings,047,5600,51000,,0533,,1450,TRACT 533    NEW YORK CITY BROOKLYN,001,3,15,0,0,0,0,1,1,0,6450,162,37
G36004700534,1960,New York,36,Kings,047,5600,51000,,0534,,1450,TRACT 534    NEW YORK CITY BROOKLYN,001,3,15,0,0,0,0,1,1,0,4151,40,30
G36004700535,1960,New York,36,Kings,047,5600,51000,,0535,,1450,TRACT 535    NEW YORK CITY BROOKLYN,001,3,15,0,0,0,0,1,1,0,4446,63,11
G36004700536,1960,New York,36,Kings,047,5600,51000,,0536,,1450,TRACT 536    NEW YORK CITY BROOKLYN,001,3,15,0,0,0,0,1,1,0,895,9,7
G36004700537,1960,New York,36,Kings,047,5600,51000,,0537,,1450,TRACT 537    NEW YORK CITY BROOKLYN,001,3,15,0,0,0,0,0,0,0,2048,753,14
G36004700538,1960,New York,36,Kings,047,5600,51000,,0538,,1450,TRACT 538    NEW YORK CITY BROOKLYN,001,3,15,0,0,0,0,1,1,0,4439,11,6
G36004700539,1960,New York,36,Kings,047,5600,51000,,0539,,1450,TRACT 539    NEW YORK CITY BROOKLYN,001,3,15,0,0,0,0,1,0,0,2581,144,0
G36004700540,1960,New York,36,Kings,047,5600,51000,,0540,,1450,TRACT 540    NEW YORK CITY BROOKLYN,001,3,15,0,0,0,0,1,1,0,2859,13,17
G36004700542,1960,New York,36,Kings,047,5600,51000,,0542,,1450,TRACT 542    NEW YORK CITY BROOKLYN,001,3,15,0,0,0,0,1,1,0,3725,3,9
G36004700543,1960,New York,36,Kings,047,5600,51000,,0543,,1450,TRACT 543    NEW YORK CITY BROOKLYN,001,3,15,0,1,1,1,1,1,2,475,32,2
G36004700544,1960,New York,36,Kings,047,5600,51000,,0544,,1450,TRACT 544    NEW YORK CITY BROOKLYN,001,3,15,0,0,0,0,1,1,0,3289,5,1
G36004700545,1960,New York,36,Kings,047,5600,51000,,0545,,1450,TRACT 545    NEW YORK CITY BROOKLYN,001,3,15,0,0,0,0,1,0,0,3886,169,2
G36004700546,1960,New York,36,Kings,047,5600,51000,,0546,,1450,TRACT 546    NEW YORK CITY BROOKLYN,001,3,15,0,0,0,0,1,1,0,5062,22,1
G36004700547,1960,New York,36,Kings,047,5600,51000,,0547,,1450,TRACT 547    NEW YORK CITY BROOKLYN,001,3,15,0,0,0,0,1,0,0,4384,171,5
G36004700548,1960,New York,36,Kings,047,5600,51000,,0548,,1450,TRACT 548    NEW YORK CITY BROOKLYN,001,3,15,0,0,0,0,1,1,0,2223,23,1
G36004700549,1960,New York,36,Kings,047,5600,51000,,0549,,1450,TRACT 549    NEW YORK CITY BROOKLYN,001,3,15,0,0,0,0,1,0,0,1544,161,8
G36004700550,1960,New York,36,Kings,047,5600,51000,,0550,,1450,TRACT 550    NEW YORK CITY BROOKLYN,001,3,15,0,0,0,0,1,1,0,3813,24,2
G36004700551,1960,New York,36,Kings,047,5600,51000,,0551,,1450,TRACT 551    NEW YORK CITY BROOKLYN,001,3,15,0,0,0,0,1,0,0,5942,258,7
G36004700552,1960,New York,36,Kings,047,5600,51000,,0552,,1450,TRACT 552    NEW YORK CITY BROOKLYN,001,3,15,0,0,0,0,1,1,0,3560,15,3
G36004700553,1960,New York,36,Kings,047,5600,51000,,0553,,1450,TRACT 553    NEW YORK CITY BROOKLYN,001,3,15,0,0,0,0,1,1,0,3100,2,3
G36004700554,1960,New York,36,Kings,047,5600,51000,,0554,,1450,TRACT 554    NEW YORK CITY BROOKLYN,001,3,15,0,0,0,0,1,1,0,4114,11,17
G36004700555,1960,New York,36,Kings,047,5600,51000,,0555,,1450,TRACT 555    NEW YORK CITY BROOKLYN,001,3,15,0,0,0,0,1,1,0,1024,11,0
G36004700556,1960,New York,36,Kings,047,5600,51000,,0556,,1450,TRACT 556    NEW YORK CITY BROOKLYN,001,3,15,0,0,0,0,1,1,0,3300,8,8
G36004700557,1960,New York,36,Kings,047,5600,51000,,0557,,1450,TRACT 557    NEW YORK CITY BROOKLYN,001,3,15,0,0,0,0,1,1,0,1580,2,0
G36004700558,1960,New York,36,Kings,047,5600,51000,,0558,,1450,TRACT 558    NEW YORK CITY BROOKLYN,001,3,15,0,0,0,0,1,1,0,2582,12,0
G36004700559,1960,New York,36,Kings,047,5600,51000,,0559,,1450,TRACT 559    NEW YORK CITY BROOKLYN,001,3,15,0,0,0,0,1,1,0,279,0,0
G36004700560,1960,New York,36,Kings,047,5600,51000,,0560,,1450,TRACT 560    NEW YORK CITY BROOKLYN,001,3,15,0,0,0,0,1,1,0,3772,9,0
G36004700562,1960,New York,36,Kings,047,5600,51000,,0562,,1450,TRACT 562    NEW YORK CITY BROOKLYN,001,3,15,0,0,0,0,1,1,0,1752,7,0
G36004700563,1960,New York,36,Kings,047,5600,51000,,0563,,1450,TRACT 563    NEW YORK CITY BROOKLYN,001,3,15,0,0,0,0,1,1,0,4031,29,0
G36004700564,1960,New York,36,Kings,047,5600,51000,,0564,,1450,TRACT 564    NEW YORK CITY BROOKLYN,001,3,15,0,0,0,0,1,1,0,3084,14,12
G36004700565,1960,New York,36,Kings,047,5600,51000,,0565,,1450,TRACT 565    NEW YORK CITY BROOKLYN,001,3,15,0,0,0,0,1,1,0,4167,5,0
G36004700566,1960,New York,36,Kings,047,5600,51000,,0566,,1450,TRACT 566    NEW YORK CITY BROOKLYN,001,3,15,0,0,0,0,1,1,0,1654,0,4
G36004700567,1960,New York,36,Kings,047,5600,51000,,0567,,1450,TRACT 567    NEW YORK CITY BROOKLYN,001,3,15,0,0,0,0,1,1,0,4348,2,26
G36004700568,1960,New York,36,Kings,047,5600,51000,,0568,,1450,TRACT 568    NEW YORK CITY BROOKLYN,001,3,15,0,0,0,0,1,1,0,1659,0,0
G36004700569,1960,New York,36,Kings,047,5600,51000,,0569,,1450,TRACT 569    NEW YORK CITY BROOKLYN,001,3,15,0,0,0,0,1,1,0,2102,0,0
G36004700570,1960,New York,36,Kings,047,5600,51000,,0570,,1450,TRACT 570    NEW YORK CITY BROOKLYN,001,3,15,0,0,0,0,1,1,0,4852,3,19
G36004700571,1960,New York,36,Kings,047,5600,51000,,0571,,1450,TRACT 571    NEW YORK CITY BROOKLYN,001,3,15,0,0,0,0,1,1,0,5629,9,1
G36004700572,1960,New York,36,Kings,047,5600,51000,,0572,,1450,TRACT 572    NEW YORK CITY BROOKLYN,001,3,15,0,0,0,0,0,1,0,8042,419,13
G36004700573,1960,New York,36,Kings,047,5600,51000,,0573,,1450,TRACT 573    NEW YORK CITY BROOKLYN,001,3,15,0,0,0,0,1,1,0,3152,0,30
G36004700574,1960,New York,36,Kings,047,5600,51000,,0574,,1450,TRACT 574    NEW YORK CITY BROOKLYN,001,3,15,0,0,0,0,1,1,0,2609,5,15
G36004700575,1960,New York,36,Kings,047,5600,51000,,0575,,1450,TRACT 575    NEW YORK CITY BROOKLYN,001,3,15,0,0,0,0,1,1,0,5314,0,2
G36004700576,1960,New York,36,Kings,047,5600,51000,,0576,,1450,TRACT 576    NEW YORK CITY BROOKLYN,001,3,15,0,0,0,0,1,1,0,2831,2,4
G36004700577,1960,New York,36,Kings,047,5600,51000,,0577,,1450,TRACT 577    NEW YORK CITY BROOKLYN,001,3,15,0,0,0,0,1,1,0,433,57,4
G36004700578,1960,New York,36,Kings,047,5600,51000,,0578,,1450,TRACT 578    NEW YORK CITY BROOKLYN,001,3,15,0,0,0,0,1,1,0,2865,6,27
G36004700579,1960,New York,36,Kings,047,5600,51000,,0579,,1450,TRACT 579    NEW YORK CITY BROOKLYN,001,3,15,0,0,0,0,1,1,0,1536,2,0
G36004700580,1960,New York,36,Kings,047,5600,51000,,0580,,1450,TRACT 580    NEW YORK CITY BROOKLYN,001,3,15,0,0,0,0,1,1,0,2607,8,35
G36004700582,1960,New York,36,Kings,047,5600,51000,,0582,,1450,TRACT 582    NEW YORK CITY BROOKLYN,001,3,15,0,0,0,0,1,1,0,2900,12,19
G36004700584,1960,New York,36,Kings,047,5600,51000,,0584,,1450,TRACT 584    NEW YORK CITY BROOKLYN,001,3,15,0,0,0,0,1,1,0,1971,60,14
G36004700586,1960,New York,36,Kings,047,5600,51000,,0586,,1450,TRACT 586    NEW YORK CITY BROOKLYN,001,3,15,0,0,0,0,1,1,0,1646,200,6
G36004700588,1960,New York,36,Kings,047,5600,51000,,0588,,1450,TRACT 588    NEW YORK CITY BROOKLYN,001,3,15,0,0,0,0,1,1,0,2240,0,0
G36004700589,1960,New York,36,Kings,047,5600,51000,,0589,,1450,TRACT 589    NEW YORK CITY BROOKLYN,001,3,15,0,0,0,0,1,1,0,2167,5,4
G36004700590,1960,New York,36,Kings,047,5600,51000,,0590,,1450,TRACT 590    NEW YORK CITY BROOKLYN,001,3,15,0,0,0,0,1,1,0,1271,199,7
G36004700591,1960,New York,36,Kings,047,5600,51000,,0591,,1450,TRACT 591    NEW YORK CITY BROOKLYN,001,3,15,0,0,0,0,1,1,0,5182,0,2
G36004700592,1960,New York,36,Kings,047,5600,51000,,0592,,1450,TRACT 592    NEW YORK CITY BROOKLYN,001,3,15,0,0,0,0,1,1,0,3853,8,9
G36004700593,1960,New York,36,Kings,047,5600,51000,,0593,,1450,TRACT 593    NEW YORK CITY BROOKLYN,001,3,15,0,0,0,0,1,1,0,2936,9,2
G360047005940,1960,New York,36,Kings,047,5600,51000,,0594,0,1450,TRACT 594-0  NEW YORK CITY BROOKLYN,001,3,15,0,0,0,0,1,1,0,8427,19,30
G360047005941,1960,New York,36,Kings,047,5600,51000,,0594,1,1450,TRACT 594-1  NEW YORK CITY BROOKLYN,001,3,15,0,0,0,0,1,1,0,5304,9,1
G36004700596,1960,New York,36,Kings,047,5600,51000,,0596,,1450,TRACT 596    NEW YORK CITY BROOKLYN,001,3,15,0,0,0,0,1,1,0,3485,0,1
G36004700598,1960,New York,36,Kings,047,5600,51000,,0598,,1450,TRACT 598    NEW YORK CITY BROOKLYN,001,3,15,0,0,0,0,1,1,0,1631,3,2
G36004700600,1960,New York,36,Kings,047,5600,51000,,0600,,1450,TRACT 600    NEW YORK CITY BROOKLYN,001,3,15,0,0,0,0,1,1,0,5997,26,10
G36004700606,1960,New York,36,Kings,047,5600,51000,,0606,,1450,TRACT 606    NEW YORK CITY BROOKLYN,001,3,15,0,0,0,0,1,1,0,2566,23,7
G36004700608,1960,New York,36,Kings,047,5600,51000,,0608,,1450,TRACT 608    NEW YORK CITY BROOKLYN,001,3,15,0,0,0,0,1,1,0,2717,9,5
G360047006100,1960,New York,36,Kings,047,5600,51000,,0610,0,1450,TRACT 610-0  NEW YORK CITY BROOKLYN,001,3,15,0,0,0,0,1,1,0,8967,47,8
G360047006101,1960,New York,36,Kings,047,5600,51000,,0610,1,1450,TRACT 610-1  NEW YORK CITY BROOKLYN,001,3,15,0,0,0,0,1,1,0,1968,0,0
G36004700612,1960,New York,36,Kings,047,5600,51000,,0612,,1450,TRACT 612    NEW YORK CITY BROOKLYN,001,3,15,0,0,0,0,1,1,0,1378,13,4
G36004700614,1960,New York,36,Kings,047,5600,51000,,0614,,1450,TRACT 614    NEW YORK CITY BROOKLYN,001,3,15,0,0,0,0,1,1,0,1051,10,3
G36004700616,1960,New York,36,Kings,047,5600,51000,,0616,,1450,TRACT 616    NEW YORK CITY BROOKLYN,001,3,15,0,0,0,0,1,1,0,1972,78,5
G36004700618,1960,New York,36,Kings,047,5600,51000,,0618,,1450,TRACT 618    NEW YORK CITY BROOKLYN,001,3,15,0,0,0,0,1,1,0,1024,12,0
G36004700622,1960,New York,36,Kings,047,5600,51000,,0622,,1450,TRACT 622    NEW YORK CITY BROOKLYN,001,3,15,0,0,0,0,1,1,0,1512,0,0
G36004700626,1960,New York,36,Kings,047,5600,51000,,0626,,1450,TRACT 626    NEW YORK CITY BROOKLYN,001,3,15,0,0,0,0,1,1,0,2536,1,4
G36004700628,1960,New York,36,Kings,047,5600,51000,,0628,,1450,TRACT 628    NEW YORK CITY BROOKLYN,001,3,15,0,0,0,0,1,1,0,5826,4,3
G36004700632,1960,New York,36,Kings,047,5600,51000,,0632,,1450,TRACT 632    NEW YORK CITY BROOKLYN,001,3,15,0,0,0,0,1,1,0,1745,1,0
G36004700634,1960,New York,36,Kings,047,5600,51000,,0634,,1450,TRACT 634    NEW YORK CITY BROOKLYN,001,3,15,1,1,1,1,1,1,0,0,0,0
G36004700636,1960,New York,36,Kings,047,5600,51000,,0636,,1450,TRACT 636    NEW YORK CITY BROOKLYN,001,3,15,0,0,0,0,1,1,0,1481,1,0
G36004700638,1960,New York,36,Kings,047,5600,51000,,0638,,1450,TRACT 638    NEW YORK CITY BROOKLYN,001,3,15,0,0,0,0,1,1,0,1994,6,2
G36004700640,1960,New York,36,Kings,047,5600,51000,,0640,,1450,TRACT 640    NEW YORK CITY BROOKLYN,001,3,15,0,0,0,0,1,1,0,1817,4,13
G36004700642,1960,New York,36,Kings,047,5600,51000,,0642,,1450,TRACT 642    NEW YORK CITY BROOKLYN,001,3,15,0,0,0,0,1,1,0,2565,9,1
G36004700644,1960,New York,36,Kings,047,5600,51000,,0644,,1450,TRACT 644    NEW YORK CITY BROOKLYN,001,3,15,0,0,0,0,1,1,0,2776,1,1
G36004700646,1960,New York,36,Kings,047,5600,51000,,0646,,1450,TRACT 646    NEW YORK CITY BROOKLYN,001,3,15,0,0,0,0,1,1,0,2412,2,11
G36004700648,1960,New York,36,Kings,047,5600,51000,,0648,,1450,TRACT 648    NEW YORK CITY BROOKLYN,001,3,15,0,0,0,0,1,1,0,2278,2,3
G36004700650,1960,New York,36,Kings,047,5600,51000,,0650,,1450,TRACT 650    NEW YORK CITY BROOKLYN,001,3,15,0,0,0,0,1,1,0,1996,3,16
G36004700652,1960,New York,36,Kings,047,5600,51000,,0652,,1450,TRACT 652    NEW YORK CITY BROOKLYN,001,3,15,0,0,0,0,1,1,0,1367,1,4
G36004700654,1960,New York,36,Kings,047,5600,51000,,0654,,1450,TRACT 654    NEW YORK CITY BROOKLYN,001,3,15,0,0,0,0,1,1,0,2005,0,2
G36004700656,1960,New York,36,Kings,047,5600,51000,,0656,,1450,TRACT 656    NEW YORK CITY BROOKLYN,001,3,15,0,0,0,0,1,1,0,2148,0,6
G36004700658,1960,New York,36,Kings,047,5600,51000,,0658,,1450,TRACT 658    NEW YORK CITY BROOKLYN,001,3,15,0,0,0,0,1,1,0,2242,3,3
G36004700660,1960,New York,36,Kings,047,5600,51000,,0660,,1450,TRACT 660    NEW YORK CITY BROOKLYN,001,3,15,0,0,0,0,1,1,0,2097,2,2
G36004700662,1960,New York,36,Kings,047,5600,51000,,0662,,1450,TRACT 662    NEW YORK CITY BROOKLYN,001,3,15,0,0,0,0,1,1,0,1330,0,9
G36004700666,1960,New York,36,Kings,047,5600,51000,,0666,,1450,TRACT 666    NEW YORK CITY BROOKLYN,001,3,15,1,1,1,1,1,1,0,0,0,0
G36004700670,1960,New York,36,Kings,047,5600,51000,,0670,,1450,TRACT 670    NEW YORK CITY BROOKLYN,001,3,15,0,0,0,0,1,1,0,1838,3,4
G36004700672,1960,New York,36,Kings,047,5600,51000,,0672,,1450,TRACT 672    NEW YORK CITY BROOKLYN,001,3,15,0,0,0,0,1,1,0,1365,0,0
G36004700674,1960,New York,36,Kings,047,5600,51000,,0674,,1450,TRACT 674    NEW YORK CITY BROOKLYN,001,3,15,0,0,0,0,1,1,0,2141,4,7
G36004700676,1960,New York,36,Kings,047,5600,51000,,0676,,1450,TRACT 676    NEW YORK CITY BROOKLYN,001,3,15,0,0,0,0,1,1,0,1699,2,0
G36004700678,1960,New York,36,Kings,047,5600,51000,,0678,,1450,TRACT 678    NEW YORK CITY BROOKLYN,001,3,15,0,0,0,0,1,1,0,2324,3,1
G36004700680,1960,New York,36,Kings,047,5600,51000,,0680,,1450,TRACT 680    NEW YORK CITY BROOKLYN,001,3,15,0,0,0,0,1,1,0,2004,0,2
G36004700682,1960,New York,36,Kings,047,5600,51000,,0682,,1450,TRACT 682    NEW YORK CITY BROOKLYN,001,3,15,0,0,0,0,1,1,0,2573,6,6
G36004700686,1960,New York,36,Kings,047,5600,51000,,0686,,1450,TRACT 686    NEW YORK CITY BROOKLYN,001,3,15,0,0,0,0,1,1,0,1670,0,0
G36004700688,1960,New York,36,Kings,047,5600,51000,,0688,,1450,TRACT 688    NEW YORK CITY BROOKLYN,001,3,15,0,0,0,0,1,1,0,1922,0,0
G36004700690,1960,New York,36,Kings,047,5600,51000,,0690,,1450,TRACT 690    NEW YORK CITY BROOKLYN,001,3,15,0,0,0,0,1,1,0,1973,0,1
G36004700692,1960,New York,36,Kings,047,5600,51000,,0692,,1450,TRACT 692    NEW YORK CITY BROOKLYN,001,3,15,0,0,0,0,1,1,0,1595,0,0
G36004700694,1960,New York,36,Kings,047,5600,51000,,0694,,1450,TRACT 694    NEW YORK CITY BROOKLYN,001,3,15,0,0,0,0,1,1,0,116,0,0
G36004700696,1960,New York,36,Kings,047,5600,51000,,0696,,1450,TRACT 696    NEW YORK CITY BROOKLYN,001,3,15,0,0,0,0,1,1,0,1121,0,0
G36004700698,1960,New York,36,Kings,047,5600,51000,,0698,,1450,TRACT 698    NEW YORK CITY BROOKLYN,001,3,15,0,0,0,0,1,1,0,1333,2,2
G36004700700,1960,New York,36,Kings,047,5600,51000,,0700,,1450,TRACT 700    NEW YORK CITY BROOKLYN,001,3,15,0,0,0,0,1,1,0,377,0,1
G36004700702,1960,New York,36,Kings,047,5600,51000,,0702,,1450,TRACT 702    NEW YORK CITY BROOKLYN,001,3,15,0,1,1,1,1,1,2,2845,65,24
G36004700706,1960,New York,36,Kings,047,5600,51000,,0706,,1450,TRACT 706    NEW YORK CITY BROOKLYN,001,3,15,0,0,0,0,1,1,0,785,3,0
G360047007100,1960,New York,36,Kings,047,5600,51000,,0710,0,1450,TRACT 710-0  NEW YORK CITY BROOKLYN,001,3,15,0,0,0,1,1,1,0,105,0,1
G360047007101,1960,New York,36,Kings,047,5600,51000,,0710,1,1450,TRACT 710-1  NEW YORK CITY BROOKLYN,001,3,15,0,1,1,1,1,1,0,0,0,0
G36004700712,1960,New York,36,Kings,047,5600,51000,,0712,,1450,TRACT 712    NEW YORK CITY BROOKLYN,001,3,15,0,0,0,0,1,1,0,554,0,1
G36004700714,1960,New York,36,Kings,047,5600,51000,,0714,,1450,TRACT 714    NEW YORK CITY BROOKLYN,001,3,15,1,1,1,1,1,1,0,0,0,0
G36004700716,1960,New York,36,Kings,047,5600,51000,,0716,,1450,TRACT 716    NEW YORK CITY BROOKLYN,001,3,15,1,1,1,1,1,1,0,0,0,0
G36004700718,1960,New York,36,Kings,047,5600,51000,,0718,,1450,TRACT 718    NEW YORK CITY BROOKLYN,001,3,15,1,1,1,1,1,1,0,0,0,0
G36004700720,1960,New York,36,Kings,047,5600,51000,,0720,,1450,TRACT 720    NEW YORK CITY BROOKLYN,001,3,15,0,1,1,1,1,1,0,16,0,0
G36004700722,1960,New York,36,Kings,047,5600,51000,,0722,,1450,TRACT 722    NEW YORK CITY BROOKLYN,001,3,15,0,0,0,0,1,1,0,2509,1,0
G36004700724,1960,New York,36,Kings,047,5600,51000,,0724,,1450,TRACT 724    NEW YORK CITY BROOKLYN,001,3,15,0,0,0,0,1,1,0,1869,6,0
G36004700726,1960,New York,36,Kings,047,5600,51000,,0726,,1450,TRACT 726    NEW YORK CITY BROOKLYN,001,3,15,0,0,0,0,1,1,0,1657,12,3
G36004700728,1960,New York,36,Kings,047,5600,51000,,0728,,1450,TRACT 728    NEW YORK CITY BROOKLYN,001,3,15,0,0,0,0,1,1,0,2132,2,3
G36004700730,1960,New York,36,Kings,047,5600,51000,,0730,,1450,TRACT 730    NEW YORK CITY BROOKLYN,001,3,15,0,0,0,0,1,1,0,2083,8,0
G36004700732,1960,New York,36,Kings,047,5600,51000,,0732,,1450,TRACT 732    NEW YORK CITY BROOKLYN,001,3,15,0,0,0,0,1,1,0,1957,4,5
G36004700734,1960,New York,36,Kings,047,5600,51000,,0734,,1450,TRACT 734    NEW YORK CITY BROOKLYN,001,3,15,0,0,0,0,1,1,0,1589,0,4
G36004700736,1960,New York,36,Kings,047,5600,51000,,0736,,1450,TRACT 736    NEW YORK CITY BROOKLYN,001,3,15,0,0,0,0,1,1,0,3111,3,10
G36004700738,1960,New York,36,Kings,047,5600,51000,,0738,,1450,TRACT 738    NEW YORK CITY BROOKLYN,001,3,15,0,0,0,0,1,1,0,3426,9,11
G36004700740,1960,New York,36,Kings,047,5600,51000,,0740,,1450,TRACT 740    NEW YORK CITY BROOKLYN,001,3,15,0,0,0,0,1,1,0,2863,4,19
G36004700742,1960,New York,36,Kings,047,5600,51000,,0742,,1450,TRACT 742    NEW YORK CITY BROOKLYN,001,3,15,0,0,0,0,1,1,0,2818,5,4
G36004700744,1960,New York,36,Kings,047,5600,51000,,0744,,1450,TRACT 744    NEW YORK CITY BROOKLYN,001,3,15,0,0,0,0,1,1,0,2095,4,0
G36004700746,1960,New York,36,Kings,047,5600,51000,,0746,,1450,TRACT 746    NEW YORK CITY BROOKLYN,001,3,15,0,0,0,0,1,1,0,2262,3,15
G36004700748,1960,New York,36,Kings,047,5600,51000,,0748,,1450,TRACT 748    NEW YORK CITY BROOKLYN,001,3,15,0,0,0,0,1,1,0,2010,4,0
G36004700750,1960,New York,36,Kings,047,5600,51000,,0750,,1450,TRACT 750    NEW YORK CITY BROOKLYN,001,3,15,0,0,0,0,1,1,0,2754,5,3
G36004700752,1960,New York,36,Kings,047,5600,51000,,0752,,1450,TRACT 752    NEW YORK CITY BROOKLYN,001,3,15,0,0,0,0,1,1,0,1187,25,0
G36004700754,1960,New York,36,Kings,047,5600,51000,,0754,,1450,TRACT 754    NEW YORK CITY BROOKLYN,001,3,15,0,0,0,0,1,1,0,1509,7,0
G36004700756,1960,New York,36,Kings,047,5600,51000,,0756,,1450,TRACT 756    NEW YORK CITY BROOKLYN,001,3,15,0,0,0,0,1,1,0,2065,5,1
G36004700758,1960,New York,36,Kings,047,5600,51000,,0758,,1450,TRACT 758    NEW YORK CITY BROOKLYN,001,3,15,0,0,0,0,1,1,0,1779,15,0
G36004700760,1960,New York,36,Kings,047,5600,51000,,0760,,1450,TRACT 760    NEW YORK CITY BROOKLYN,001,3,15,0,0,0,0,1,1,0,3104,25,0
G36004700762,1960,New York,36,Kings,047,5600,51000,,0762,,1450,TRACT 762    NEW YORK CITY BROOKLYN,001,3,15,0,0,0,0,1,1,0,3771,39,5
G36004700764,1960,New York,36,Kings,047,5600,51000,,0764,,1450,TRACT 764    NEW YORK CITY BROOKLYN,001,3,15,0,0,0,0,1,1,0,3249,42,0
G36004700766,1960,New York,36,Kings,047,5600,51000,,0766,,1450,TRACT 766    NEW YORK CITY BROOKLYN,001,3,15,0,0,0,0,1,1,0,2149,28,1
G36004700770,1960,New York,36,Kings,047,5600,51000,,0770,,1450,TRACT 770    NEW YORK CITY BROOKLYN,001,3,15,0,0,0,0,1,1,0,2592,33,15
G36004700772,1960,New York,36,Kings,047,5600,51000,,0772,,1450,TRACT 772    NEW YORK CITY BROOKLYN,001,3,15,0,0,0,0,1,1,0,2722,15,2
G36004700774,1960,New York,36,Kings,047,5600,51000,,0774,,1450,TRACT 774    NEW YORK CITY BROOKLYN,001,3,15,0,0,0,0,1,1,0,2975,5,3
G36004700776,1960,New York,36,Kings,047,5600,51000,,0776,,1450,TRACT 776    NEW YORK CITY BROOKLYN,001,3,15,0,0,0,0,1,1,0,2733,2,9
G36004700778,1960,New York,36,Kings,047,5600,51000,,0778,,1450,TRACT 778    NEW YORK CITY BROOKLYN,001,3,15,0,0,0,0,1,1,0,430,1,0
G36004700780,1960,New York,36,Kings,047,5600,51000,,0780,,1450,TRACT 780    NEW YORK CITY BROOKLYN,001,3,15,0,0,0,0,1,1,0,2070,0,0
G36004700782,1960,New York,36,Kings,047,5600,51000,,0782,,1450,TRACT 782    NEW YORK CITY BROOKLYN,001,3,15,0,0,0,0,1,1,0,4226,2,18
G36004700784,1960,New York,36,Kings,047,5600,51000,,0784,,1450,TRACT 784    NEW YORK CITY BROOKLYN,001,3,15,0,0,0,0,1,1,0,1983,4,12
G36004700786,1960,New York,36,Kings,047,5600,51000,,0786,,1450,TRACT 786    NEW YORK CITY BROOKLYN,001,3,15,0,0,0,0,1,1,0,2995,6,3
G36004700788,1960,New York,36,Kings,047,5600,51000,,0788,,1450,TRACT 788    NEW YORK CITY BROOKLYN,001,3,15,0,0,0,0,1,1,0,3223,2,17
G36004700790,1960,New York,36,Kings,047,5600,51000,,0790,,1450,TRACT 790    NEW YORK CITY BROOKLYN,001,3,15,0,0,0,0,1,1,0,4447,25,10
G36004700792,1960,New York,36,Kings,047,5600,51000,,0792,,1450,TRACT 792    NEW YORK CITY BROOKLYN,001,3,15,0,0,0,0,0,1,0,3186,505,48
G36004700794,1960,New York,36,Kings,047,5600,51000,,0794,,1450,TRACT 794    NEW YORK CITY BROOKLYN,001,3,15,0,0,0,0,0,1,0,1073,737,10
G36004700796,1960,New York,36,Kings,047,5600,51000,,0796,,1450,TRACT 796    NEW YORK CITY BROOKLYN,001,3,15,0,0,0,0,1,1,0,8113,268,54
G36004700798,1960,New York,36,Kings,047,5600,51000,,0798,,1450,TRACT 798    NEW YORK CITY BROOKLYN,001,3,15,0,0,0,0,0,1,0,7141,500,24
G36004700800,1960,New York,36,Kings,047,5600,51000,,0800,,1450,TRACT 800    NEW YORK CITY BROOKLYN,001,3,15,0,0,0,0,0,1,0,3120,836,12
G36004700802,1960,New York,36,Kings,047,5600,51000,,0802,,1450,TRACT 802    NEW YORK CITY BROOKLYN,001,3,15,0,0,0,0,0,1,0,3760,377,47
G36004700804,1960,New York,36,Kings,047,5600,51000,,0804,,1450,TRACT 804    NEW YORK CITY BROOKLYN,001,3,15,0,0,0,0,1,1,0,3158,206,14
G36004700806,1960,New York,36,Kings,047,5600,51000,,0806,,1450,TRACT 806    NEW YORK CITY BROOKLYN,001,3,15,0,0,0,0,1,1,0,2725,33,8
G36004700810,1960,New York,36,Kings,047,5600,51000,,0810,,1450,TRACT 810    NEW YORK CITY BROOKLYN,001,3,15,0,0,0,0,1,1,0,2244,77,0
G36004700812,1960,New York,36,Kings,047,5600,51000,,0812,,1450,TRACT 812    NEW YORK CITY BROOKLYN,001,3,15,0,0,1,1,0,1,0,1152,465,34
G36004700814,1960,New York,36,Kings,047,5600,51000,,0814,,1450,TRACT 814    NEW YORK CITY BROOKLYN,001,3,15,0,0,0,0,1,1,0,2756,8,10
G36004700816,1960,New York,36,Kings,047,5600,51000,,0816,,1450,TRACT 816    NEW YORK CITY BROOKLYN,001,3,15,0,0,0,0,1,1,0,2746,10,12
G36004700818,1960,New York,36,Kings,047,5600,51000,,0818,,1450,TRACT 818    NEW YORK CITY BROOKLYN,001,3,15,0,0,0,0,1,1,0,3827,28,8
G36004700820,1960,New York,36,Kings,047,5600,51000,,0820,,1450,TRACT 820    NEW YORK CITY BROOKLYN,001,3,15,0,0,0,0,1,1,0,4028,22,23
G36004700822,1960,New York,36,Kings,047,5600,51000,,0822,,1450,TRACT 822    NEW YORK CITY BROOKLYN,001,3,15,0,0,0,0,1,1,0,6783,85,15
G36004700824,1960,New York,36,Kings,047,5600,51000,,0824,,1450,TRACT 824    NEW YORK CITY BROOKLYN,001,3,15,0,0,0,0,1,1,0,4262,62,15
G36004700826,1960,New York,36,Kings,047,5600,51000,,0826,,1450,TRACT 826    NEW YORK CITY BROOKLYN,001,3,15,0,0,0,0,1,1,0,4613,77,52
G36004700828,1960,New York,36,Kings,047,5600,51000,,0828,,1450,TRACT 828    NEW YORK CITY BROOKLYN,001,3,15,0,0,0,0,1,1,0,3382,0,6
G36004700830,1960,New York,36,Kings,047,5600,51000,,0830,,1450,TRACT 830    NEW YORK CITY BROOKLYN,001,3,15,0,0,0,0,1,1,0,5984,4,18
G36004700832,1960,New York,36,Kings,047,5600,51000,,0832,,1450,TRACT 832    NEW YORK CITY BROOKLYN,001,3,15,0,0,0,0,1,1,0,2165,4,1
G36004700834,1960,New York,36,Kings,047,5600,51000,,0834,,1450,TRACT 834    NEW YORK CITY BROOKLYN,001,3,15,0,0,0,0,1,1,0,1645,0,5
G36004700836,1960,New York,36,Kings,047,5600,51000,,0836,,1450,TRACT 836    NEW YORK CITY BROOKLYN,001,3,15,0,0,0,0,1,1,0,2213,0,0
G36004700838,1960,New York,36,Kings,047,5600,51000,,0838,,1450,TRACT 838    NEW YORK CITY BROOKLYN,001,3,15,0,0,0,0,1,1,0,2281,0,5
G36004700840,1960,New York,36,Kings,047,5600,51000,,0840,,1450,TRACT 840    NEW YORK CITY BROOKLYN,001,3,15,0,0,0,0,1,1,0,1857,6,1
G36004700842,1960,New York,36,Kings,047,5600,51000,,0842,,1450,TRACT 842    NEW YORK CITY BROOKLYN,001,3,15,0,0,0,0,1,1,0,1244,0,0
G36004700844,1960,New York,36,Kings,047,5600,51000,,0844,,1450,TRACT 844    NEW YORK CITY BROOKLYN,001,3,15,0,0,0,0,1,1,0,387,2,0
G36004700846,1960,New York,36,Kings,047,5600,51000,,0846,,1450,TRACT 846    NEW YORK CITY BROOKLYN,001,3,15,0,0,0,0,1,1,0,2088,3,12
G36004700848,1960,New York,36,Kings,047,5600,51000,,0848,,1450,TRACT 848    NEW YORK CITY BROOKLYN,001,3,15,0,0,0,0,1,1,0,1651,5,8
G36004700850,1960,New York,36,Kings,047,5600,51000,,0850,,1450,TRACT 850    NEW YORK CITY BROOKLYN,001,3,15,0,0,0,0,1,1,0,1421,0,0
G36004700852,1960,New York,36,Kings,047,5600,51000,,0852,,1450,TRACT 852    NEW YORK CITY BROOKLYN,001,3,15,0,1,1,1,1,1,0,0,0,0
G36004700854,1960,New York,36,Kings,047,5600,51000,,0854,,1450,TRACT 854    NEW YORK CITY BROOKLYN,001,3,15,0,0,0,0,1,1,0,1745,1,1
G36004700856,1960,New York,36,Kings,047,5600,51000,,0856,,1450,TRACT 856    NEW YORK CITY BROOKLYN,001,3,15,0,0,0,0,1,1,0,3567,21,12
G36004700858,1960,New York,36,Kings,047,5600,51000,,0858,,1450,TRACT 858    NEW YORK CITY BROOKLYN,001,3,15,0,0,0,0,1,1,0,2278,5,5
G36004700860,1960,New York,36,Kings,047,5600,51000,,0860,,1450,TRACT 860    NEW YORK CITY BROOKLYN,001,3,15,0,0,0,0,1,1,0,3304,20,11
G36004700862,1960,New York,36,Kings,047,5600,51000,,0862,,1450,TRACT 862    NEW YORK CITY BROOKLYN,001,3,15,0,0,0,0,1,1,0,3002,6,12
G36004700864,1960,New York,36,Kings,047,5600,51000,,0864,,1450,TRACT 864    NEW YORK CITY BROOKLYN,001,3,15,0,0,0,0,1,1,0,1898,1,1
G36004700866,1960,New York,36,Kings,047,5600,51000,,0866,,1450,TRACT 866    NEW YORK CITY BROOKLYN,001,3,15,0,0,0,0,1,1,0,3041,10,2
G36004700868,1960,New York,36,Kings,047,5600,51000,,0868,,1450,TRACT 868    NEW YORK CITY BROOKLYN,001,3,15,0,0,0,0,1,1,0,3078,0,3
G36004700870,1960,New York,36,Kings,047,5600,51000,,0870,,1450,TRACT 870    NEW YORK CITY BROOKLYN,001,3,15,0,0,0,0,1,1,0,3043,10,0
G36004700872,1960,New York,36,Kings,047,5600,51000,,0872,,1450,TRACT 872    NEW YORK CITY BROOKLYN,001,3,15,0,0,0,0,1,1,0,3125,4,1
G360047008740,1960,New York,36,Kings,047,5600,51000,,0874,0,1450,TRACT 874-0  NEW YORK CITY BROOKLYN,001,3,15,0,0,0,0,1,1,0,2444,14,12
G360047008741,1960,New York,36,Kings,047,5600,51000,,0874,1,1450,TRACT 874-1  NEW YORK CITY BROOKLYN,001,3,15,0,0,1,0,1,1,0,3646,339,7
G36004700876,1960,New York,36,Kings,047,5600,51000,,0876,,1450,TRACT 876    NEW YORK CITY BROOKLYN,001,3,15,0,0,0,0,1,1,0,1527,20,12
G36004700878,1960,New York,36,Kings,047,5600,51000,,0878,,1450,TRACT 878    NEW YORK CITY BROOKLYN,001,3,15,0,0,0,0,1,1,0,3286,8,7
G36004700880,1960,New York,36,Kings,047,5600,51000,,0880,,1450,TRACT 880    NEW YORK CITY BROOKLYN,001,3,15,0,0,0,0,1,1,0,3048,1,4
G36004700882,1960,New York,36,Kings,047,5600,51000,,0882,,1450,TRACT 882    NEW YORK CITY BROOKLYN,001,3,15,0,0,0,0,1,1,0,4704,12,1
G36004700884,1960,New York,36,Kings,047,5600,51000,,0884,,1450,TRACT 884    NEW YORK CITY BROOKLYN,001,3,15,0,0,0,0,1,1,0,5209,25,14
G36004700886,1960,New York,36,Kings,047,5600,51000,,0886,,1450,TRACT 886    NEW YORK CITY BROOKLYN,001,3,15,0,0,0,0,1,1,0,4403,21,2
G36004700888,1960,New York,36,Kings,047,5600,51000,,0888,,1450,TRACT 888    NEW YORK CITY BROOKLYN,001,3,15,0,0,0,0,1,1,0,3583,5,3
G36004700890,1960,New York,36,Kings,047,5600,51000,,0890,,1450,TRACT 890    NEW YORK CITY BROOKLYN,001,3,15,0,0,0,0,1,1,0,6198,37,12
G36004700892,1960,New York,36,Kings,047,5600,51000,,0892,,1450,TRACT 892    NEW YORK CITY BROOKLYN,001,3,15,0,0,0,0,1,1,0,4409,20,25
G36004700894,1960,New York,36,Kings,047,5600,51000,,0894,,1450,TRACT 894    NEW YORK CITY BROOKLYN,001,3,15,0,0,0,0,1,1,0,5629,108,28
G36004700896,1960,New York,36,Kings,047,5600,51000,,0896,,1450,TRACT 896    NEW YORK CITY BROOKLYN,001,3,15,0,0,0,0,1,1,0,3168,129,2
G36004700898,1960,New York,36,Kings,047,5600,51000,,0898,,1450,TRACT 898    NEW YORK CITY BROOKLYN,001,3,15,0,0,0,0,1,1,0,2736,336,34
G36004700900,1960,New York,36,Kings,047,5600,51000,,0900,,1450,TRACT 900    NEW YORK CITY BROOKLYN,001,3,15,0,0,0,0,0,0,0,8793,543,46
G36004700902,1960,New York,36,Kings,047,5600,51000,,0902,,1450,TRACT 902    NEW YORK CITY BROOKLYN,001,3,15,0,0,0,0,0,0,0,7645,1674,190
G36004700904,1960,New York,36,Kings,047,5600,51000,,0904,,1450,TRACT 904    NEW YORK CITY BROOKLYN,001,3,15,0,0,0,0,0,0,0,2884,1525,58
G36004700906,1960,New York,36,Kings,047,5600,51000,,0906,,1450,TRACT 906    NEW YORK CITY BROOKLYN,001,3,15,0,0,0,0,0,0,0,3542,3234,31
G36004700908,1960,New York,36,Kings,047,5600,51000,,0908,,1450,TRACT 908    NEW YORK CITY BROOKLYN,001,3,15,0,0,0,0,0,0,0,3443,1489,39
G36004700910,1960,New York,36,Kings,047,5600,51000,,0910,,1450,TRACT 910    NEW YORK CITY BROOKLYN,001,3,15,0,0,0,0,0,0,0,2490,5617,33
G36004700912,1960,New York,36,Kings,047,5600,51000,,0912,,1450,TRACT 912    NEW YORK CITY BROOKLYN,001,3,15,0,0,0,0,0,0,0,1217,5005,22
G36004700914,1960,New York,36,Kings,047,5600,51000,,0914,,1450,TRACT 914    NEW YORK CITY BROOKLYN,001,3,15,0,0,0,0,0,0,0,2783,1676,6
G36004700916,1960,New York,36,Kings,047,5600,51000,,0916,,1450,TRACT 916    NEW YORK CITY BROOKLYN,001,3,15,0,0,0,0,0,0,0,4112,2071,66
G36004700918,1960,New York,36,Kings,047,5600,51000,,0918,,1450,TRACT 918    NEW YORK CITY BROOKLYN,001,3,15,0,0,0,0,0,0,0,6554,1895,14
G36004700920,1960,New York,36,Kings,047,5600,51000,,0920,,1450,TRACT 920    NEW YORK CITY BROOKLYN,001,3,15,0,0,0,0,0,0,0,2938,877,21
G36004700922,1960,New York,36,Kings,047,5600,51000,,0922,,1450,TRACT 922    NEW YORK CITY BROOKLYN,001,3,15,0,0,0,0,1,1,0,2668,101,7
G36004700924,1960,New York,36,Kings,047,5600,51000,,0924,,1450,TRACT 924    NEW YORK CITY BROOKLYN,001,3,15,0,0,0,0,1,1,0,630,0,4
G36004700926,1960,New York,36,Kings,047,5600,51000,,0926,,1450,TRACT 926    NEW YORK CITY BROOKLYN,001,3,15,0,0,1,0,1,1,0,33,0,0
G36004700928,1960,New York,36,Kings,047,5600,51000,,0928,,1450,TRACT 928    NEW YORK CITY BROOKLYN,001,3,15,0,0,0,0,1,1,0,2334,6,3
G36004700930,1960,New York,36,Kings,047,5600,51000,,0930,,1450,TRACT 930    NEW YORK CITY BROOKLYN,001,3,15,0,0,0,0,1,1,0,1747,0,4
G36004700932,1960,New York,36,Kings,047,5600,51000,,0932,,1450,TRACT 932    NEW YORK CITY BROOKLYN,001,3,15,0,0,0,0,1,1,0,327,0,0
G36004700934,1960,New York,36,Kings,047,5600,51000,,0934,,1450,TRACT 934    NEW YORK CITY BROOKLYN,001,3,15,0,0,0,0,1,1,0,2437,3,0
G36004700936,1960,New York,36,Kings,047,5600,51000,,0936,,1450,TRACT 936    NEW YORK CITY BROOKLYN,001,3,15,0,0,0,0,1,1,0,1685,5,1
G36004700938,1960,New York,36,Kings,047,5600,51000,,0938,,1450,TRACT 938    NEW YORK CITY BROOKLYN,001,3,15,0,0,0,0,1,1,0,2539,5,6
G36004700940,1960,New York,36,Kings,047,5600,51000,,0940,,1450,TRACT 940    NEW YORK CITY BROOKLYN,001,3,15,0,0,0,0,1,1,0,1285,4,0
G36004700942,1960,New York,36,Kings,047,5600,51000,,0942,,1450,TRACT 942    NEW YORK CITY BROOKLYN,001,3,15,0,0,0,0,1,1,0,520,0,0
G360047009440,1960,New York,36,Kings,047,5600,51000,,0944,0,1450,TRACT 944-0  NEW YORK CITY BROOKLYN,001,3,15,0,0,0,0,1,1,0,1597,13,8
G360047009441,1960,New York,36,Kings,047,5600,51000,,0944,1,1450,TRACT 944-1  NEW YORK CITY BROOKLYN,001,3,15,0,0,0,0,1,1,0,4132,362,2
G360047009480,1960,New York,36,Kings,047,5600,51000,,0948,0,1450,TRACT 948-0  NEW YORK CITY BROOKLYN,001,3,15,1,1,1,1,1,1,0,0,0,0
G360047009481,1960,New York,36,Kings,047,5600,51000,,0948,1,1450,TRACT 948-1  NEW YORK CITY BROOKLYN,001,3,15,0,1,1,1,1,1,0,4,0,4
G36004700950,1960,New York,36,Kings,047,5600,51000,,0950,,1450,TRACT 950    NEW YORK CITY BROOKLYN,001,3,15,0,0,0,0,1,1,0,262,0,0
G36004700952,1960,New York,36,Kings,047,5600,51000,,0952,,1450,TRACT 952    NEW YORK CITY BROOKLYN,001,3,15,0,0,1,0,1,1,0,36,0,0
G36004700954,1960,New York,36,Kings,047,5600,51000,,0954,,1450,TRACT 954    NEW YORK CITY BROOKLYN,001,3,15,0,0,0,0,1,1,0,722,0,0
G36004700956,1960,New York,36,Kings,047,5600,51000,,0956,,1450,TRACT 956    NEW YORK CITY BROOKLYN,001,3,15,0,0,0,0,1,1,0,593,0,0
G36004700958,1960,New York,36,Kings,047,5600,51000,,0958,,1450,TRACT 958    NEW YORK CITY BROOKLYN,001,3,15,0,0,0,0,1,1,0,998,0,0
G36004700960,1960,New York,36,Kings,047,5600,51000,,0960,,1450,TRACT 960    NEW YORK CITY BROOKLYN,001,3,15,0,0,0,0,1,1,0,653,0,0
G36004700962,1960,New York,36,Kings,047,5600,51000,,0962,,1450,TRACT 962    NEW YORK CITY BROOKLYN,001,3,15,0,0,0,0,1,1,0,1161,0,0
G36004700964,1960,New York,36,Kings,047,5600,51000,,0964,,1450,TRACT 964    NEW YORK CITY BROOKLYN,001,3,15,0,0,0,0,1,1,0,1828,0,1
G36004700966,1960,New York,36,Kings,047,5600,51000,,0966,,1450,TRACT 966    NEW YORK CITY BROOKLYN,001,3,15,0,0,0,0,1,1,0,1938,5,2
G36004700968,1960,New York,36,Kings,047,5600,51000,,0968,,1450,TRACT 968    NEW YORK CITY BROOKLYN,001,3,15,0,0,0,0,1,1,0,1216,0,3
G36004700970,1960,New York,36,Kings,047,5600,51000,,0970,,1450,TRACT 970    NEW YORK CITY BROOKLYN,001,3,15,0,0,0,0,1,1,0,1581,0,0
G36004700972,1960,New York,36,Kings,047,5600,51000,,0972,,1450,TRACT 972    NEW YORK CITY BROOKLYN,001,3,15,0,0,0,0,1,1,0,504,0,0
G36004700974,1960,New York,36,Kings,047,5600,51000,,0974,,1450,TRACT 974    NEW YORK CITY BROOKLYN,001,3,15,0,0,0,0,1,1,0,1265,4,10
G36004700982,1960,New York,36,Kings,047,5600,51000,,0982,,1450,TRACT 982    NEW YORK CITY BROOKLYN,001,3,15,0,0,0,0,0,0,0,3716,3020,13
G36004700984,1960,New York,36,Kings,047,5600,51000,,0984,,1450,TRACT 984    NEW YORK CITY BROOKLYN,001,3,15,0,0,0,0,1,1,0,177,0,0
G36004700986,1960,New York,36,Kings,047,5600,51000,,0986,,1450,TRACT 986    NEW YORK CITY BROOKLYN,001,3,15,0,0,0,0,1,1,0,2076,27,3
G36004700988,1960,New York,36,Kings,047,5600,51000,,0988,,1450,TRACT 988    NEW YORK CITY BROOKLYN,001,3,15,0,0,0,0,1,1,0,1561,17,1
G36004700990,1960,New York,36,Kings,047,5600,51000,,0990,,1450,TRACT 990    NEW YORK CITY BROOKLYN,001,3,15,0,0,0,0,1,1,0,1497,9,0
G36004700992,1960,New York,36,Kings,047,5600,51000,,0992,,1450,TRACT 992    NEW YORK CITY BROOKLYN,001,3,15,0,0,0,0,1,1,0,1083,0,2
G36004700994,1960,New York,36,Kings,047,5600,51000,,0994,,1450,TRACT 994    NEW YORK CITY BROOKLYN,001,3,15,0,0,0,0,1,1,0,1130,4,0
G36004700996,1960,New York,36,Kings,047,5600,51000,,0996,,1450,TRACT 996    NEW YORK CITY BROOKLYN,001,3,15,0,0,0,0,1,1,0,787,0,0
G36004700998,1960,New York,36,Kings,047,5600,51000,,0998,,1450,TRACT 998    NEW YORK CITY BROOKLYN,001,3,15,1,1,1,1,1,1,0,7,0,0
G36004701000,1960,New York,36,Kings,047,5600,51000,,1000,,1450,TRACT 1000   NEW YORK CITY BROOKLYN,001,3,15,0,1,1,1,1,1,0,8,0,0
G36004701002,1960,New York,36,Kings,047,5600,51000,,1002,,1450,TRACT 1002   NEW YORK CITY BROOKLYN,001,3,15,1,1,1,1,1,1,0,0,0,0
G36004701004,1960,New York,36,Kings,047,5600,51000,,1004,,1450,TRACT 1004   NEW YORK CITY BROOKLYN,001,3,15,0,0,1,0,1,1,0,974,0,0
G36004701006,1960,New York,36,Kings,047,5600,51000,,1006,,1450,TRACT 1006   NEW YORK CITY BROOKLYN,001,3,15,0,0,0,0,1,1,0,2154,0,6
G36004701008,1960,New York,36,Kings,047,5600,51000,,1008,,1450,TRACT 1008   NEW YORK CITY BROOKLYN,001,3,15,0,0,0,0,1,1,0,1656,0,2
G36004701010,1960,New York,36,Kings,047,5600,51000,,1010,,1450,TRACT 1010   NEW YORK CITY BROOKLYN,001,3,15,0,0,0,0,1,1,0,1648,0,7
G36004701012,1960,New York,36,Kings,047,5600,51000,,1012,,1450,TRACT 1012   NEW YORK CITY BROOKLYN,001,3,15,0,0,0,0,1,1,0,2128,0,1
G36004701014,1960,New York,36,Kings,047,5600,51000,,1014,,1450,TRACT 1014   NEW YORK CITY BROOKLYN,001,3,15,0,0,0,0,1,1,0,2556,0,0
G36004701016,1960,New York,36,Kings,047,5600,51000,,1016,,1450,TRACT 1016   NEW YORK CITY BROOKLYN,001,3,15,0,0,1,0,1,1,0,267,1,0
G36004701018,1960,New York,36,Kings,047,5600,51000,,1018,,1450,TRACT 1018   NEW YORK CITY BROOKLYN,001,3,15,0,0,0,0,1,1,0,786,2,1
G36004701020,1960,New York,36,Kings,047,5600,51000,,1020,,1450,TRACT 1020   NEW YORK CITY BROOKLYN,001,3,15,0,0,0,0,1,1,0,909,1,0
G36004701022,1960,New York,36,Kings,047,5600,51000,,1022,,1450,TRACT 1022   NEW YORK CITY BROOKLYN,001,3,15,0,0,0,0,1,1,0,966,2,0
G36004701024,1960,New York,36,Kings,047,5600,51000,,1024,,1450,TRACT 1024   NEW YORK CITY BROOKLYN,001,3,15,0,0,0,0,1,1,0,1141,0,1
G36004701026,1960,New York,36,Kings,047,5600,51000,,1026,,1450,TRACT 1026   NEW YORK CITY BROOKLYN,001,3,15,0,0,1,0,1,1,0,299,0,0
G36004701028,1960,New York,36,Kings,047,5600,51000,,1028,,1450,TRACT 1028   NEW YORK CITY BROOKLYN,001,3,15,0,0,0,0,1,1,0,158,1,0
G36004701034,1960,New York,36,Kings,047,5600,51000,,1034,,1450,TRACT 1034   NEW YORK CITY BROOKLYN,001,3,15,0,0,0,0,1,1,0,5975,367,21
G36004701040,1960,New York,36,Kings,047,5600,51000,,1040,,1450,TRACT 1040   NEW YORK CITY BROOKLYN,001,3,15,1,1,1,1,1,1,0,0,0,0
G36004701046,1960,New York,36,Kings,047,5600,51000,,1046,,1450,TRACT 1046   NEW YORK CITY BROOKLYN,001,3,15,1,1,1,1,1,1,0,0,0,0
G36004701056,1960,New York,36,Kings,047,5600,51000,,1056,,1450,TRACT 1056   NEW YORK CITY BROOKLYN,001,3,15,1,1,1,1,1,1,0,0,0,0
G36004701058,1960,New York,36,Kings,047,5600,51000,,1058,,1450,TRACT 1058   NEW YORK CITY BROOKLYN,001,3,15,1,1,1,1,1,1,0,0,0,0
G36004701070,1960,New York,36,Kings,047,5600,51000,,1070,,1450,TRACT 1070   NEW YORK CITY BROOKLYN,001,3,15,1,1,1,1,1,1,0,13,0,0
G36004701078,1960,New York,36,Kings,047,5600,51000,,1078,,1450,TRACT 1078   NEW YORK CITY BROOKLYN,001,3,15,0,0,1,1,1,1,0,24,0,0
G36004701094,1960,New York,36,Kings,047,5600,51000,,1094,,1450,TRACT 1094   NEW YORK CITY BROOKLYN,001,3,15,1,1,1,1,1,1,0,0,0,0
G36004701098,1960,New York,36,Kings,047,5600,51000,,1098,,1450,TRACT 1098   NEW YORK CITY BROOKLYN,001,3,15,0,0,0,0,1,1,0,864,54,1
G36004701100,1960,New York,36,Kings,047,5600,51000,,1100,,1450,TRACT 1100   NEW YORK CITY BROOKLYN,001,3,15,0,0,0,0,1,1,0,682,21,0
G36004701102,1960,New York,36,Kings,047,5600,51000,,1102,,1450,TRACT 1102   NEW YORK CITY BROOKLYN,001,3,15,0,0,0,0,1,1,0,2399,12,4
G36004701106,1960,New York,36,Kings,047,5600,51000,,1106,,1450,TRACT 1106   NEW YORK CITY BROOKLYN,001,3,15,0,0,0,0,0,1,0,5776,410,11
G36004701110,1960,New York,36,Kings,047,5600,51000,,1110,,1450,TRACT 1110   NEW YORK CITY BROOKLYN,001,3,15,0,0,0,0,0,1,0,4053,896,9
G36004701112,1960,New York,36,Kings,047,5600,51000,,1112,,1450,TRACT 1112   NEW YORK CITY BROOKLYN,001,3,15,0,0,0,0,1,1,0,657,20,2
G36004701114,1960,New York,36,Kings,047,5600,51000,,1114,,1450,TRACT 1114   NEW YORK CITY BROOKLYN,001,3,15,0,0,0,0,1,1,0,675,0,11
G36004701118,1960,New York,36,Kings,047,5600,51000,,1118,,1450,TRACT 1118   NEW YORK CITY BROOKLYN,001,3,15,0,0,0,0,1,1,0,2892,79,11
G36004701120,1960,New York,36,Kings,047,5600,51000,,1120,,1450,TRACT 1120   NEW YORK CITY BROOKLYN,001,3,15,0,0,0,0,1,1,0,2833,91,15
G36004701122,1960,New York,36,Kings,047,5600,51000,,1122,,1450,TRACT 1122   NEW YORK CITY BROOKLYN,001,3,15,0,0,0,0,1,1,0,2152,53,1
G36004701124,1960,New York,36,Kings,047,5600,51000,,1124,,1450,TRACT 1124   NEW YORK CITY BROOKLYN,001,3,15,0,0,0,0,1,1,0,3319,316,9
G36004701126,1960,New York,36,Kings,047,5600,51000,,1126,,1450,TRACT 1126   NEW YORK CITY BROOKLYN,001,3,15,0,0,0,0,1,1,0,4245,107,17
G36004701128,1960,New York,36,Kings,047,5600,51000,,1128,,1450,TRACT 1128   NEW YORK CITY BROOKLYN,001,3,15,0,0,0,0,1,1,0,4127,36,9
G36004701130,1960,New York,36,Kings,047,5600,51000,,1130,,1450,TRACT 1130   NEW YORK CITY BROOKLYN,001,3,15,0,0,0,0,1,0,0,7392,244,14
G36004701132,1960,New York,36,Kings,047,5600,51000,,1132,,1450,TRACT 1132   NEW YORK CITY BROOKLYN,001,3,15,0,0,0,0,1,1,0,3569,201,3
G36004701134,1960,New York,36,Kings,047,5600,51000,,1134,,1450,TRACT 1134   NEW YORK CITY BROOKLYN,001,3,15,0,0,0,0,0,0,0,4610,1019,15
G36004701136,1960,New York,36,Kings,047,5600,51000,,1136,,1450,TRACT 1136   NEW YORK CITY BROOKLYN,001,3,15,0,0,0,0,1,1,0,1568,311,1
G36004701138,1960,New York,36,Kings,047,5600,51000,,1138,,1450,TRACT 1138   NEW YORK CITY BROOKLYN,001,3,15,0,0,0,0,0,0,0,1605,551,7
G36004701140,1960,New York,36,Kings,047,5600,51000,,1140,,1450,TRACT 1140   NEW YORK CITY BROOKLYN,001,3,15,0,0,0,0,1,1,0,1174,35,1
G360047011420,1960,New York,36,Kings,047,5600,51000,,1142,0,1450,TRACT 1142-0 NEW YORK CITY BROOKLYN,001,3,15,0,0,0,0,1,1,0,301,0,0
G360047011421,1960,New York,36,Kings,047,5600,51000,,1142,1,1450,TRACT 1142-1 NEW YORK CITY BROOKLYN,001,3,15,0,0,0,0,1,1,0,1002,16,0
G360047011422,1960,New York,36,Kings,047,5600,51000,,1142,2,1450,TRACT 1142-2 NEW YORK CITY BROOKLYN,001,3,15,0,0,0,0,1,1,0,1960,6,0
G36004701146,1960,New York,36,Kings,047,5600,51000,,1146,,1450,TRACT 1146   NEW YORK CITY BROOKLYN,001,3,15,0,0,0,0,1,1,0,2573,13,1
G36004701148,1960,New York,36,Kings,047,5600,51000,,1148,,1450,TRACT 1148   NEW YORK CITY BROOKLYN,001,3,15,0,0,0,0,1,1,0,2509,33,7
G36004701150,1960,New York,36,Kings,047,5600,51000,,1150,,1450,TRACT 1150   NEW YORK CITY BROOKLYN,001,3,15,0,0,0,0,0,1,0,2668,495,12
G36004701152,1960,New York,36,Kings,047,5600,51000,,1152,,1450,TRACT 1152   NEW YORK CITY BROOKLYN,001,3,15,0,0,0,0,1,1,0,3153,135,16
G36004701154,1960,New York,36,Kings,047,5600,51000,,1154,,1450,TRACT 1154   NEW YORK CITY BROOKLYN,001,3,15,0,0,0,0,1,1,0,2423,230,0
G36004701156,1960,New York,36,Kings,047,5600,51000,,1156,,1450,TRACT 1156   NEW YORK CITY BROOKLYN,001,3,15,0,0,0,0,0,0,0,4663,615,3
G36004701158,1960,New York,36,Kings,047,5600,51000,,1158,,1450,TRACT 1158   NEW YORK CITY BROOKLYN,001,3,15,0,0,0,0,0,1,0,3337,872,3
G36004701160,1960,New York,36,Kings,047,5600,51000,,1160,,1450,TRACT 1160   NEW YORK CITY BROOKLYN,001,3,15,0,0,0,0,1,1,0,3422,385,6
G36004701162,1960,New York,36,Kings,047,5600,51000,,1162,,1450,TRACT 1162   NEW YORK CITY BROOKLYN,001,3,15,0,0,0,0,0,0,0,3158,676,18
G36004701164,1960,New York,36,Kings,047,5600,51000,,1164,,1450,TRACT 1164   NEW YORK CITY BROOKLYN,001,3,15,0,0,0,0,0,1,0,4056,612,4
G36004701166,1960,New York,36,Kings,047,5600,51000,,1166,,1450,TRACT 1166   NEW YORK CITY BROOKLYN,001,3,15,0,0,0,0,1,1,0,3289,254,7
G36004701168,1960,New York,36,Kings,047,5600,51000,,1168,,1450,TRACT 1168   NEW YORK CITY BROOKLYN,001,3,15,0,0,0,0,1,1,0,1967,7,3
G36004701170,1960,New York,36,Kings,047,5600,51000,,1170,,1450,TRACT 1170   NEW YORK CITY BROOKLYN,001,3,15,0,0,0,0,1,1,0,1915,16,0
G360047011720,1960,New York,36,Kings,047,5600,51000,,1172,0,1450,TRACT 1172-0 NEW YORK CITY BROOKLYN,001,3,15,0,0,0,0,1,1,0,1861,1,5
G360047011721,1960,New York,36,Kings,047,5600,51000,,1172,1,1450,TRACT 1172-1 NEW YORK CITY BROOKLYN,001,3,15,0,0,0,0,1,1,0,2981,0,0
G36004701174,1960,New York,36,Kings,047,5600,51000,,1174,,1450,TRACT 1174   NEW YORK CITY BROOKLYN,001,3,15,0,0,0,0,1,1,0,2983,0,3
G360047011760,1960,New York,36,Kings,047,5600,51000,,1176,0,1450,TRACT 1176-0 NEW YORK CITY BROOKLYN,001,3,15,0,0,0,0,1,1,0,1945,2,4
G360047011761,1960,New York,36,Kings,047,5600,51000,,1176,1,1450,TRACT 1176-1 NEW YORK CITY BROOKLYN,001,3,15,0,0,0,0,1,1,0,2313,3,2
G36004701178,1960,New York,36,Kings,047,5600,51000,,1178,,1450,TRACT 1178   NEW YORK CITY BROOKLYN,001,3,15,0,0,0,0,1,1,0,1231,12,6
G36004701180,1960,New York,36,Kings,047,5600,51000,,1180,,1450,TRACT 1180   NEW YORK CITY BROOKLYN,001,3,15,0,0,1,1,1,1,0,25,0,0
G360047011820,1960,New York,36,Kings,047,5600,51000,,1182,0,1450,TRACT 1182-0 NEW YORK CITY BROOKLYN,001,3,15,0,0,0,0,1,1,0,2089,0,1
G360047011821,1960,New York,36,Kings,047,5600,51000,,1182,1,1450,TRACT 1182-1 NEW YORK CITY BROOKLYN,001,3,15,0,0,0,0,1,1,0,2159,0,3
G36004701184,1960,New York,36,Kings,047,5600,51000,,1184,,1450,TRACT 1184   NEW YORK CITY BROOKLYN,001,3,15,0,0,0,0,1,1,0,3653,0,3
G36004701186,1960,New York,36,Kings,047,5600,51000,,1186,,1450,TRACT 1186   NEW YORK CITY BROOKLYN,001,3,15,0,0,0,0,1,1,0,2109,0,0
G36004701188,1960,New York,36,Kings,047,5600,51000,,1188,,1450,TRACT 1188   NEW YORK CITY BROOKLYN,001,3,15,0,0,0,0,1,1,0,3408,0,7
G36004701190,1960,New York,36,Kings,047,5600,51000,,1190,,1450,TRACT 1190   NEW YORK CITY BROOKLYN,001,3,15,0,0,0,0,1,1,0,1514,0,4
G36004701192,1960,New York,36,Kings,047,5600,51000,,1192,,1450,TRACT 1192   NEW YORK CITY BROOKLYN,001,3,15,0,0,0,0,1,1,0,3406,167,8
G36004701194,1960,New York,36,Kings,047,5600,51000,,1194,,1450,TRACT 1194   NEW YORK CITY BROOKLYN,001,3,15,0,0,0,0,1,1,0,4148,338,7
G36004701196,1960,New York,36,Kings,047,5600,51000,,1196,,1450,TRACT 1196   NEW YORK CITY BROOKLYN,001,3,15,0,0,0,0,1,1,0,4666,250,7
G36004701200,1960,New York,36,Kings,047,5600,51000,,1200,,1450,TRACT 1200   NEW YORK CITY BROOKLYN,001,3,15,0,0,0,0,1,1,0,1530,8,0
G36004701202,1960,New York,36,Kings,047,5600,51000,,1202,,1450,TRACT 1202   NEW YORK CITY BROOKLYN,001,3,15,0,0,0,0,1,1,0,1094,0,1
G36004701208,1960,New York,36,Kings,047,5600,51000,,1208,,1450,TRACT 1208   NEW YORK CITY BROOKLYN,001,3,15,0,0,0,0,1,1,0,2349,25,4
G36004701210,1960,New York,36,Kings,047,5600,51000,,1210,,1450,TRACT 1210   NEW YORK CITY BROOKLYN,001,3,15,0,0,0,0,0,0,0,3912,1990,4
G36004701214,1960,New York,36,Kings,047,5600,51000,,1214,,1450,TRACT 1214   NEW YORK CITY BROOKLYN,001,3,15,0,0,0,0,0,1,0,5151,676,14
G36004701220,1960,New York,36,Kings,047,5600,51000,,1220,,1450,TRACT 1220   NEW YORK CITY BROOKLYN,001,3,15,0,0,0,0,1,1,0,1020,2,1
G3600530MA0001,1960,New York,36,Madison,053,8160,,MA,0001,,,TRACT MA-1 ONEIDA CITY,013,4,00,0,0,1,1,1,1,0,11553,100,24
G3600530MA0002,1960,New York,36,Madison,053,8160,,MA,0002,,,TRACT MA-2 LENOX TOWN,009,7,00,0,0,1,1,1,1,0,2816,15,2
G3600530MA0003,1960,New York,36,Madison,053,8160,,MA,0003,,,TRACT MA-3 LENOX TOWN,009,4,00,0,0,1,1,1,1,0,4834,62,0
G3600530MA0004,1960,New York,36,Madison,053,8160,,MA,0004,,,TRACT MA-4 SULLIVAN TOWN,016,7,00,0,0,1,1,1,1,0,9333,22,14
G3600530MA0005,1960,New York,36,Madison,053,8160,,MA,0005,,,TRACT MA-5 CAZENOVIA TOWN,002,7,00,0,0,1,1,1,1,0,4954,6,8
G3600530MA0006,1960,New York,36,Madison,053,8160,,MA,0006,,,TRACT MA-6 FENNER TOWN,014,7,00,0,0,1,1,1,1,0,4322,57,1
G3600530MA0007,1960,New York,36,Madison,053,8160,,MA,0007,,,TRACT MA-7 EATON TOWN,004,7,00,0,0,1,1,1,1,0,4350,12,4
G3600530MA0008,1960,New York,36,Madison,053,8160,,MA,0008,,,TRACT MA-8 DERUYTER TOWN,003,7,00,0,0,1,1,1,1,0,2785,17,1
G3600530MA0009,1960,New York,36,Madison,053,8160,,MA,0009,,,TRACT MA-9 HAMILTON TOWN,007,4,00,0,0,1,1,1,1,0,3329,15,4
G3600530MA0010,1960,New York,36,Madison,053,8160,,MA,0010,,,TRACT MA-10 HAMILTON TOWN,011,7,00,0,0,1,1,1,1,0,3985,19,1
G3600530MA0011,1960,New York,36,Madison,053,8160,,MA,0011,,,TRACT MA-11 BROOKFIELD TOWN,001,7,00,0,0,1,1,1,1,0,1985,3,2
G36005500001,1960,New York,36,Monroe,055,6840,63000,,0001,,1770,TRACT 1  ROCHESTER CITY,016,3,13,0,0,0,0,1,1,0,905,107,3
G36005500002,1960,New York,36,Monroe,055,6840,63000,,0002,,1770,TRACT 2  ROCHESTER CITY,016,3,13,0,0,0,0,1,1,0,654,9,1
G36005500003,1960,New York,36,Monroe,055,6840,63000,,0003,,1770,TRACT 3  ROCHESTER CITY,016,3,13,0,0,0,0,0,1,0,649,1399,10
G36005500004,1960,New York,36,Monroe,055,6840,63000,,0004,,1770,TRACT 4  ROCHESTER CITY,016,3,13,0,0,0,0,0,1,0,2505,2635,27
G36005500005,1960,New York,36,Monroe,055,6840,63000,,0005,,1770,TRACT 5  ROCHESTER CITY,016,3,13,0,0,0,0,1,1,0,2357,53,32
G36005500006,1960,New York,36,Monroe,055,6840,63000,,0006,,1770,TRACT 6  ROCHESTER CITY,016,3,13,0,0,0,0,1,1,0,1477,173,6
G36005500007,1960,New York,36,Monroe,055,6840,63000,,0007,,1770,TRACT 7  ROCHESTER CITY,016,3,13,0,0,0,0,1,1,0,1501,95,1
G36005500008,1960,New York,36,Monroe,055,6840,63000,,0008,,1770,TRACT 8  ROCHESTER CITY,016,3,13,0,0,0,0,0,1,0,2685,493,6
G36005500009,1960,New York,36,Monroe,055,6840,63000,,0009,,1770,TRACT 9  ROCHESTER CITY,016,3,13,0,0,0,0,1,1,0,1347,279,14
G36005500010,1960,New York,36,Monroe,055,6840,63000,,0010,,1770,TRACT 10 ROCHESTER CITY,016,3,13,0,0,0,0,1,1,0,4561,219,22
G36005500011,1960,New York,36,Monroe,055,6840,63000,,0011,,1770,TRACT 11 ROCHESTER CITY,016,3,13,0,0,0,0,0,1,0,63,442,0
G36005500012,1960,New York,36,Monroe,055,6840,63000,,0012,,1770,TRACT 12 ROCHESTER CITY,016,3,13,0,0,0,0,0,1,0,297,1422,4
G36005500013,1960,New York,36,Monroe,055,6840,63000,,0013,,1770,TRACT 13 ROCHESTER CITY,016,3,13,0,0,0,0,0,1,0,1703,3301,4
G36005500014,1960,New York,36,Monroe,055,6840,63000,,0014,,1770,TRACT 14 ROCHESTER CITY,016,3,13,0,0,0,0,0,1,0,2962,888,1
G36005500015,1960,New York,36,Monroe,055,6840,63000,,0015,,1770,TRACT 15 ROCHESTER CITY,016,3,13,0,0,0,0,0,1,0,3003,797,1
G36005500016,1960,New York,36,Monroe,055,6840,63000,,0016,,1770,TRACT 16 ROCHESTER CITY,016,3,13,0,0,0,0,1,1,0,2003,41,40
G36005500017,1960,New York,36,Monroe,055,6840,63000,,0017,,1770,TRACT 17 ROCHESTER CITY,016,3,13,0,0,0,0,1,1,0,3113,86,3
G36005500018,1960,New York,36,Monroe,055,6840,63000,,0018,,1770,TRACT 18 ROCHESTER CITY,016,3,13,0,0,0,0,1,1,0,5738,6,7
G36005500019,1960,New York,36,Monroe,055,6840,63000,,0019,,1770,TRACT 19 ROCHESTER CITY,016,3,13,0,0,0,0,1,1,0,4921,0,2
G36005500020,1960,New York,36,Monroe,055,6840,63000,,0020,,1770,TRACT 20 ROCHESTER CITY,016,3,13,0,0,0,0,1,1,0,6340,1,3
G36005500021,1960,New York,36,Monroe,055,6840,63000,,0021,,1770,TRACT 21 ROCHESTER CITY,016,3,13,0,0,0,0,1,1,0,4770,0,0
G36005500022,1960,New York,36,Monroe,055,6840,63000,,0022,,1770,TRACT 22 ROCHESTER CITY,016,3,13,0,0,0,0,1,1,0,3904,1,0
G36005500023,1960,New York,36,Monroe,055,6840,63000,,0023,,1770,TRACT 23 ROCHESTER CITY,016,3,13,0,0,0,0,1,1,0,6154,10,20
G36005500024,1960,New York,36,Monroe,055,6840,63000,,0024,,1770,TRACT 24 ROCHESTER CITY,016,3,13,0,0,0,0,1,1,0,4435,0,4
G36005500025,1960,New York,36,Monroe,055,6840,63000,,0025,,1770,TRACT 25 ROCHESTER CITY,016,3,13,0,0,0,0,1,1,0,2239,120,3
G36005500026,1960,New York,36,Monroe,055,6840,63000,,0026,,1770,TRACT 26 ROCHESTER CITY,016,3,13,0,0,0,0,0,1,0,2961,539,12
G36005500027,1960,New York,36,Monroe,055,6840,63000,,0027,,1770,TRACT 27 ROCHESTER CITY,016,3,13,0,0,0,0,0,1,0,1553,2875,29
G36005500028,1960,New York,36,Monroe,055,6840,63000,,0028,,1770,TRACT 28 ROCHESTER CITY,016,3,13,0,0,0,0,1,1,0,2703,159,30
G36005500029,1960,New York,36,Monroe,055,6840,63000,,0029,,1770,TRACT 29 ROCHESTER CITY,016,3,13,0,0,0,0,1,1,0,4933,6,8
G36005500030,1960,New York,36,Monroe,055,6840,63000,,0030,,1770,TRACT 30 ROCHESTER CITY,016,3,13,0,0,0,0,1,1,0,3312,2,6
G36005500031,1960,New York,36,Monroe,055,6840,63000,,0031,,1770,TRACT 31 ROCHESTER CITY,016,3,13,0,0,0,0,1,1,0,5858,17,17
G36005500032,1960,New York,36,Monroe,055,6840,63000,,0032,,1770,TRACT 32 ROCHESTER CITY,016,3,13,0,0,0,0,1,1,0,2416,129,15
G36005500033,1960,New York,36,Monroe,055,6840,63000,,0033,,1770,TRACT 33 ROCHESTER CITY,016,3,13,0,0,0,0,1,1,0,1645,3,15
G36005500034,1960,New York,36,Monroe,055,6840,63000,,0034,,1770,TRACT 34 ROCHESTER CITY,016,3,13,0,0,0,0,1,1,0,3331,47,15
G36005500035,1960,New York,36,Monroe,055,6840,63000,,0035,,1770,TRACT 35 ROCHESTER CITY,016,3,13,0,0,0,0,1,1,0,2266,0,3
G36005500036,1960,New York,36,Monroe,055,6840,63000,,0036,,1770,TRACT 36 ROCHESTER CITY,016,3,13,0,0,0,0,1,1,0,4224,20,9
G36005500037,1960,New York,36,Monroe,055,6840,63000,,0037,,1770,TRACT 37 ROCHESTER CITY,016,3,13,0,0,0,0,1,1,0,4300,19,6
G36005500038,1960,New York,36,Monroe,055,6840,63000,,0038,,1770,TRACT 38 ROCHESTER CITY,016,3,13,0,0,0,0,0,1,0,12090,404,69
G36005500039,1960,New York,36,Monroe,055,6840,63000,,0039,,1770,TRACT 39 ROCHESTER CITY,016,3,13,0,0,0,0,1,1,0,1889,0,6
G36005500040,1960,New York,36,Monroe,055,6840,63000,,0040,,1770,TRACT 40 ROCHESTER CITY,016,3,13,0,0,0,0,1,1,0,2048,0,0
G36005500041,1960,New York,36,Monroe,055,6840,63000,,0041,,1770,TRACT 41 ROCHESTER CITY,016,3,13,0,0,0,0,1,1,0,3037,0,1
G36005500042,1960,New York,36,Monroe,055,6840,63000,,0042,,1770,TRACT 42 ROCHESTER CITY,016,3,13,0,0,0,0,1,1,0,2802,1,1
G36005500043,1960,New York,36,Monroe,055,6840,63000,,0043,,1770,TRACT 43 ROCHESTER CITY,016,3,13,0,0,0,0,0,1,0,1213,944,2
G36005500044,1960,New York,36,Monroe,055,6840,63000,,0044,,1770,TRACT 44 ROCHESTER CITY,016,3,13,0,0,0,0,0,1,0,3113,719,2
G36005500045,1960,New York,36,Monroe,055,6840,63000,,0045,,1770,TRACT 45 ROCHESTER CITY,016,3,13,0,0,0,0,1,1,0,1515,314,3
G36005500046,1960,New York,36,Monroe,055,6840,63000,,0046,,1770,TRACT 46 ROCHESTER CITY,016,3,13,0,0,0,0,1,1,0,3735,0,2
G36005500047,1960,New York,36,Monroe,055,6840,63000,,0047,,1770,TRACT 47 ROCHESTER CITY,016,3,13,0,0,0,0,1,1,0,2952,0,0
G36005500048,1960,New York,36,Monroe,055,6840,63000,,0048,,1770,TRACT 48 ROCHESTER CITY,016,3,13,0,0,0,0,1,1,0,3150,3,2
G36005500049,1960,New York,36,Monroe,055,6840,63000,,0049,,1770,TRACT 49 ROCHESTER CITY,016,3,13,0,0,0,0,1,1,0,2769,7,0
G36005500050,1960,New York,36,Monroe,055,6840,63000,,0050,,1770,TRACT 50 ROCHESTER CITY,016,3,13,0,0,0,0,1,1,0,3933,1,1
G36005500051,1960,New York,36,Monroe,055,6840,63000,,0051,,1770,TRACT 51 ROCHESTER CITY,016,3,13,0,0,0,0,1,1,0,2283,0,0
G36005500052,1960,New York,36,Monroe,055,6840,63000,,0052,,1770,TRACT 52 ROCHESTER CITY,016,3,13,0,0,0,0,1,1,0,3506,44,3
G36005500053,1960,New York,36,Monroe,055,6840,63000,,0053,,1770,TRACT 53 ROCHESTER CITY,016,3,13,0,0,0,0,1,1,0,3301,14,1
G36005500054,1960,New York,36,Monroe,055,6840,63000,,0054,,1770,TRACT 54 ROCHESTER CITY,016,3,13,0,0,0,0,1,1,0,4957,65,3
G36005500055,1960,New York,36,Monroe,055,6840,63000,,0055,,1770,TRACT 55 ROCHESTER CITY,016,3,13,0,0,0,0,1,1,0,3263,173,17
G36005500056,1960,New York,36,Monroe,055,6840,63000,,0056,,1770,TRACT 56 ROCHESTER CITY,016,3,13,0,0,0,0,1,1,0,3772,103,9
G36005500057,1960,New York,36,Monroe,055,6840,63000,,0057,,1770,TRACT 57 ROCHESTER CITY,016,3,13,0,0,0,0,1,1,0,3042,23,7
G36005500058,1960,New York,36,Monroe,055,6840,63000,,0058,,1770,TRACT 58 ROCHESTER CITY,016,3,13,0,0,0,0,1,1,0,5108,19,6
G36005500059,1960,New York,36,Monroe,055,6840,63000,,0059,,1770,TRACT 59 ROCHESTER CITY,016,3,13,0,0,0,0,1,1,0,2863,371,22
G36005500060,1960,New York,36,Monroe,055,6840,63000,,0060,,1770,TRACT 60 ROCHESTER CITY,016,3,13,0,0,0,0,1,1,0,4626,1,1
G36005500061,1960,New York,36,Monroe,055,6840,63000,,0061,,1770,TRACT 61 ROCHESTER CITY,016,3,13,0,0,0,0,1,1,0,3451,7,0
G36005500062,1960,New York,36,Monroe,055,6840,63000,,0062,,1770,TRACT 62 ROCHESTER CITY,016,3,13,0,0,0,0,1,1,0,4026,4,7
G36005500063,1960,New York,36,Monroe,055,6840,63000,,0063,,1770,TRACT 63 ROCHESTER CITY,016,3,13,0,0,0,0,1,1,0,4678,1,0
G36005500064,1960,New York,36,Monroe,055,6840,63000,,0064,,1770,TRACT 64 ROCHESTER CITY,016,3,13,0,0,0,0,0,1,0,3469,1559,13
G36005500065,1960,New York,36,Monroe,055,6840,63000,,0065,,1770,TRACT 65 ROCHESTER CITY,016,3,13,0,0,0,0,0,1,0,1757,1494,4
G36005500066,1960,New York,36,Monroe,055,6840,63000,,0066,,1770,TRACT 66 ROCHESTER CITY,016,3,13,0,0,0,0,1,1,0,2732,352,6
G36005500067,1960,New York,36,Monroe,055,6840,63000,,0067,,1770,TRACT 67 ROCHESTER CITY,016,3,13,0,0,0,0,1,1,0,3850,6,0
G36005500068,1960,New York,36,Monroe,055,6840,63000,,0068,,1770,TRACT 68 ROCHESTER CITY,016,3,13,0,0,0,0,1,1,0,3606,3,0
G36005500069,1960,New York,36,Monroe,055,6840,63000,,0069,,1770,TRACT 69 ROCHESTER CITY,016,3,13,0,0,0,0,1,1,0,2368,280,19
G36005500070,1960,New York,36,Monroe,055,6840,63000,,0070,,1770,TRACT 70 ROCHESTER CITY,016,3,13,0,0,0,0,1,1,0,3912,15,9
G36005500071,1960,New York,36,Monroe,055,6840,63000,,0071,,1770,TRACT 71 ROCHESTER CITY,016,3,13,0,0,0,0,1,1,0,4106,0,0
G36005500072,1960,New York,36,Monroe,055,6840,63000,,0072,,1770,TRACT 72 ROCHESTER CITY,016,3,13,0,0,0,0,1,1,0,1750,2,1
G36005500073,1960,New York,36,Monroe,055,6840,63000,,0073,,1770,TRACT 73 ROCHESTER CITY,016,3,13,0,0,0,0,1,1,0,1723,0,2
G36005500074,1960,New York,36,Monroe,055,6840,63000,,0074,,1770,TRACT 74 ROCHESTER CITY,016,3,13,0,0,0,0,1,1,0,2490,31,6
G36005500075,1960,New York,36,Monroe,055,6840,63000,,0075,,1770,TRACT 75 ROCHESTER CITY,016,3,13,0,0,0,0,1,1,0,3861,17,18
G36005500076,1960,New York,36,Monroe,055,6840,63000,,0076,,1770,TRACT 76 ROCHESTER CITY,016,3,13,0,0,0,0,1,1,0,4490,7,4
G36005500077,1960,New York,36,Monroe,055,6840,63000,,0077,,1770,TRACT 77 ROCHESTER CITY,016,3,13,0,0,0,0,1,1,0,3821,17,3
G36005500078,1960,New York,36,Monroe,055,6840,63000,,0078,,1770,TRACT 78 ROCHESTER CITY,016,3,13,0,0,0,0,1,1,0,4992,18,0
G36005500079,1960,New York,36,Monroe,055,6840,63000,,0079,,1770,TRACT 79 ROCHESTER CITY,016,3,13,0,0,0,0,1,1,0,2583,6,0
G36005500080,1960,New York,36,Monroe,055,6840,63000,,0080,,1770,TRACT 80 ROCHESTER CITY,016,3,13,0,0,0,0,1,1,0,3422,6,0
G36005500081,1960,New York,36,Monroe,055,6840,63000,,0081,,1770,TRACT 81 ROCHESTER CITY,016,3,13,0,0,0,0,1,1,0,4851,16,2
G36005500082,1960,New York,36,Monroe,055,6840,63000,,0082,,1770,TRACT 82 ROCHESTER CITY,016,3,13,0,0,0,0,1,1,0,3960,20,1
G36005500083,1960,New York,36,Monroe,055,6840,63000,,0083,,1770,TRACT 83 ROCHESTER CITY,016,3,13,0,0,0,0,1,1,0,5763,85,0
G36005500084,1960,New York,36,Monroe,055,6840,63000,,0084,,1770,TRACT 84 ROCHESTER CITY,016,3,13,0,0,0,0,1,1,0,3468,15,2
G36005500085,1960,New York,36,Monroe,055,6840,63000,,0085,,1770,TRACT 85 ROCHESTER CITY,016,3,13,0,0,0,0,1,1,0,3837,4,2
G36005500086,1960,New York,36,Monroe,055,6840,63000,,0086,,1770,TRACT 86 ROCHESTER CITY,016,3,13,0,0,0,0,1,1,0,4953,5,1
G36005500087,1960,New York,36,Monroe,055,6840,63000,,0087,,1770,TRACT 87 ROCHESTER CITY,016,3,13,0,0,0,0,1,1,0,6418,8,2
G36005500088,1960,New York,36,Monroe,055,6840,63000,,0088,,1770,TRACT 88 ROCHESTER CITY,016,3,13,0,0,0,0,1,1,0,2713,0,1
G36005500089,1960,New York,36,Monroe,055,6840,63000,,0089,,1770,TRACT 89 ROCHESTER CITY,016,3,13,1,1,1,1,1,1,0,0,0,0
G36005500090,1960,New York,36,Monroe,055,6840,63000,,0090,,1770,TRACT 90 ROCHESTER CITY,016,3,13,0,0,1,0,1,1,0,578,9,2
G3600550C0001,1960,New York,36,Monroe,055,6840,,C,0001,,1770,TRACT C-1 IRONDEQUOIT TOWN,008,7,00,0,0,1,1,1,1,0,4402,0,2
G3600550C0002,1960,New York,36,Monroe,055,6840,,C,0002,,1770,TRACT C-2 IRONDEQUOIT TOWN,008,7,00,0,0,1,1,1,1,0,4557,2,4
G3600550C0003,1960,New York,36,Monroe,055,6840,,C,0003,,1770,TRACT C-3 IRONDEQUOIT TOWN,008,7,00,0,0,1,1,1,1,0,4683,0,0
G3600550C0004,1960,New York,36,Monroe,055,6840,,C,0004,,1770,TRACT C-4 IRONDEQUOIT TOWN,008,7,00,0,0,1,1,1,1,0,5687,1,0
G3600550C0005,1960,New York,36,Monroe,055,6840,,C,0005,,1770,TRACT C-5 IRONDEQUOIT TOWN,008,7,00,0,0,1,1,1,1,0,4750,8,1
G3600550C0006,1960,New York,36,Monroe,055,6840,,C,0006,,1770,TRACT C-6 IRONDEQUOIT TOWN,008,7,00,0,0,1,1,1,1,0,5539,5,4
G3600550C0007,1960,New York,36,Monroe,055,6840,,C,0007,,1770,TRACT C-7 IRONDEQUOIT TOWN,008,7,00,0,0,1,1,1,1,0,4859,0,0
G3600550C0008,1960,New York,36,Monroe,055,6840,,C,0008,,1770,TRACT C-8 IRONDEQUOIT TOWN,008,7,00,0,0,1,1,1,1,0,4368,3,0
G3600550C0009,1960,New York,36,Monroe,055,6840,,C,0009,,1770,TRACT C-9 IRONDEQUOIT TOWN,008,7,00,0,0,1,1,1,1,0,5116,7,8
G3600550C0010,1960,New York,36,Monroe,055,6840,,C,0010,,1770,TRACT C-10 IRONDEQUOIT TOWN,008,7,00,0,0,1,1,1,1,0,5068,8,0
G3600550C0011,1960,New York,36,Monroe,055,6840,,C,0011,,1770,TRACT C-11 IRONDEQUOIT TOWN,008,7,00,0,0,1,1,1,1,0,6247,0,8
G3600550C0012,1960,New York,36,Monroe,055,6840,,C,0012,,,TRACT C-12 WEBSTER TOWN,019,7,00,0,0,1,1,1,1,0,9099,4,7
G3600550C0013,1960,New York,36,Monroe,055,6840,,C,0013,,,TRACT C-13 WEBSTER TOWN,019,7,00,0,0,1,1,1,1,0,3150,6,6
G3600550C0014,1960,New York,36,Monroe,055,6840,,C,0014,,,TRACT C-14 WEBSTER TOWN,019,7,00,0,0,1,1,1,1,0,4157,0,5
G3600550C0015,1960,New York,36,Monroe,055,6840,,C,0015,,,TRACT C-15 PENFIELD TOWN,012,7,00,0,0,1,1,1,1,0,5965,23,5
G3600550C0016,1960,New York,36,Monroe,055,6840,,C,0016,,1770,TRACT C-16 PENFIELD TOWN,012,7,00,0,0,1,1,1,1,0,6607,0,1
G3600550C0017,1960,New York,36,Monroe,055,6840,,C,0017,,,TRACT C-17 PERINTON TOWN,013,7,00,0,0,1,1,1,1,0,3576,2,4
G3600550C0018,1960,New York,36,Monroe,055,6840,,C,0018,,1770,TRACT C-18 PERINTON TOWN,013,4,07,0,0,1,1,1,1,0,5504,1,2
G3600550C0019,1960,New York,36,Monroe,055,6840,,C,0019,,,TRACT C-19 PERINTON TOWN,013,7,00,0,0,1,1,1,1,0,4009,1,1
G3600550C0020,1960,New York,36,Monroe,055,6840,,C,0020,,1770,TRACT C-20 PERINTON TOWN,013,4,07,0,0,1,1,1,1,0,3210,4,0
G3600550C0021,1960,New York,36,Monroe,055,6840,,C,0021,,1770,TRACT C-21 PITTSFORD TOWN,014,4,07,0,0,1,1,1,1,0,4932,3,3
G3600550C0022,1960,New York,36,Monroe,055,6840,,C,0022,,1770,TRACT C-22 PITTSFORD TOWN,014,7,00,0,0,1,1,1,1,0,5784,5,2
G3600550C0023,1960,New York,36,Monroe,055,6840,,C,0023,,,TRACT C-23 PITTSFORD TOWN,014,7,00,0,0,1,1,1,1,0,4418,8,1
G3600550C0024,1960,New York,36,Monroe,055,6840,,C,0024,,,TRACT C-24 MENDON TOWN,009,7,00,0,0,1,1,1,1,0,3894,5,3
G3600550C0025,1960,New York,36,Monroe,055,6840,,C,0025,,1770,TRACT C-25 BRIGHTON TOWN,001,7,00,0,0,1,1,1,1,0,5266,3,6
G3600550C0026,1960,New York,36,Monroe,055,6840,,C,0026,,1770,TRACT C-26 BRIGHTON TOWN,001,7,00,0,0,1,1,1,1,0,4864,26,5
G3600550C0027,1960,New York,36,Monroe,055,6840,,C,0027,,1770,TRACT C-27 BRIGHTON TOWN,001,7,00,0,0,1,1,1,1,0,5096,7,8
G3600550C0028,1960,New York,36,Monroe,055,6840,,C,0028,,1770,TRACT C-28 BRIGHTON TOWN,001,7,00,0,0,1,1,1,1,0,3942,1,14
G3600550C0029,1960,New York,36,Monroe,055,6840,,C,0029,,1770,TRACT C-29 BRIGHTON TOWN,001,7,00,0,0,1,1,1,1,0,3335,5,3
G3600550C0030,1960,New York,36,Monroe,055,6840,,C,0030,,1770,TRACT C-30 BRIGHTON TOWN,001,7,00,0,0,1,1,1,1,0,5259,9,0
G3600550C0031,1960,New York,36,Monroe,055,6840,,C,0031,,,TRACT C-31 HENRIETTA TOWN,007,5,00,0,0,1,1,1,1,0,7192,2,7
G3600550C0032,1960,New York,36,Monroe,055,6840,,C,0032,,,TRACT C-32 HENRIETTA TOWN,007,7,00,0,0,1,1,1,1,0,4382,9,6
G3600550C0033,1960,New York,36,Monroe,055,6840,,C,0033,,,TRACT C-33 RUSH TOWN,017,7,00,0,0,1,1,1,1,0,2439,105,11
G3600550C0034,1960,New York,36,Monroe,055,6840,,C,0034,,,TRACT C-34 GREECE TOWN,005,7,00,0,0,1,1,1,1,0,3697,1,0
G3600550C0035,1960,New York,36,Monroe,055,6840,,C,0035,,,TRACT C-35 GREECE TOWN,005,7,00,0,0,1,1,1,1,0,5605,2,11
G3600550C0036,1960,New York,36,Monroe,055,6840,,C,0036,,,TRACT C-36 GREECE TOWN,005,7,00,0,0,1,1,1,1,0,6730,2,2
G3600550C0037,1960,New York,36,Monroe,055,6840,,C,0037,,1770,TRACT C-37 GREECE TOWN,005,7,00,0,0,1,1,1,1,0,7059,3,11
G3600550C0038,1960,New York,36,Monroe,055,6840,,C,0038,,1770,TRACT C-38 GREECE TOWN,005,7,00,0,0,1,1,1,1,0,7238,0,1
G3600550C0039,1960,New York,36,Monroe,055,6840,,C,0039,,1770,TRACT C-39 GREECE TOWN,005,7,00,0,0,1,1,1,1,0,6825,0,5
G3600550C0040,1960,New York,36,Monroe,055,6840,,C,0040,,1770,TRACT C-40 GREECE TOWN,005,7,00,0,0,1,1,1,1,0,5798,3,5
G3600550C0041,1960,New York,36,Monroe,055,6840,,C,0041,,1770,TRACT C-41 GREECE TOWN,005,7,00,0,0,1,1,1,1,0,5664,1,7
G3600550C0042,1960,New York,36,Monroe,055,6840,,C,0042,,1770,TRACT C-42 GATES TOWN,004,7,00,0,0,1,1,1,1,0,4003,0,1
G3600550C0043,1960,New York,36,Monroe,055,6840,,C,0043,,1770,TRACT C-43 GATES TOWN,004,7,00,0,0,1,1,1,1,0,4908,5,4
G3600550C0044,1960,New York,36,Monroe,055,6840,,C,0044,,1770,TRACT C-44 GATES TOWN,004,7,00,0,0,1,1,1,1,0,4827,0,7
G3600550C0045,1960,New York,36,Monroe,055,6840,,C,0045,,,TRACT C-45 CHILI TOWN,002,7,00,0,0,1,1,1,1,0,7991,12,16
G3600550C0046,1960,New York,36,Monroe,055,6840,,C,0046,,,TRACT C-46 CHILI TOWN,002,7,00,0,0,1,1,1,1,0,3204,11,3
G3600550C0047,1960,New York,36,Monroe,055,6840,,C,0047,,,TRACT C-47 WHEATLAND TOWN,020,7,00,0,0,1,1,1,1,0,3590,111,10
G3600550C0048,1960,New York,36,Monroe,055,6840,,C,0048,,,TRACT C-48 PARMA TOWN,011,7,00,0,0,1,1,1,1,0,6227,44,6
G3600550C0049,1960,New York,36,Monroe,055,6840,,C,0049,,,TRACT C-49 OGDEN TOWN,010,7,00,0,0,1,1,1,1,0,7247,6,9
G3600550C0050,1960,New York,36,Monroe,055,6840,,C,0050,,,TRACT C-50 RIGA TOWN,015,7,00,0,0,1,1,1,1,0,2781,16,3
G3600550C0051,1960,New York,36,Monroe,055,6840,,C,0051,,,TRACT C-51 HAMLIN TOWN,006,7,00,0,0,1,1,1,1,0,2704,40,11
G3600550C0052,1960,New York,36,Monroe,055,6840,,C,0052,,,TRACT C-52 CLARKSON TOWN,003,7,00,0,0,1,1,1,1,0,2297,41,1
G3600550C0053,1960,New York,36,Monroe,055,6840,,C,0053,,,TRACT C-53 CLARKSON TOWN,018,4,00,0,0,1,1,1,1,0,5242,13,1
G3600550C0054,1960,New York,36,Monroe,055,6840,,C,0054,,,TRACT C-54 SWEDEN TOWN,018,7,00,0,0,1,1,1,1,0,1944,24,0
G3600590CE0112,1960,New York,36,Nassau,059,5600,,CE,0112,,1450,TRACT CE-112 HEMPSTEAD TOWN,002,4,07,0,0,1,1,1,1,0,6746,199,9
G3600590EW0034,1960,New York,36,Nassau,059,5600,,EW,0034,,1450,TRACT EW-34 NORTH HEMPSTEAD TOWN,004,4,06,0,0,1,1,1,1,0,2912,28,0
G3600590FA0204,1960,New York,36,Nassau,059,5600,,FA,0204,,1450,TRACT FA-204 OYSTER BAY TOWN,005,4,07,0,0,0,0,1,1,0,6123,2,3
G3600590FH0016,1960,New York,36,Nassau,059,5600,,FH,0016,,1450,TRACT FH-16 NORTH HEMPSTEAD TOWN,004,7,00,0,0,1,1,1,1,0,4445,144,5
G3600590FP0026,1960,New York,36,Nassau,059,5600,,FP,0026,,1450,TRACT FP-26 NORTH HEMPSTEAD TOWN,004,4,08,0,0,0,0,1,1,0,2377,1,0
G3600590FP0044,1960,New York,36,Nassau,059,5600,,FP,0044,,1450,TRACT FP-44 NORTH HEMPSTEAD TOWN,002,4,08,0,0,0,0,1,1,0,5595,1,10
G3600590FP0045,1960,New York,36,Nassau,059,5600,,FP,0045,,1450,TRACT FP-45 NORTH HEMPSTEAD TOWN,002,4,08,0,0,0,0,1,1,0,4700,0,9
G3600590FP0046,1960,New York,36,Nassau,059,5600,,FP,0046,,1450,TRACT FP-46 NORTH HEMPSTEAD TOWN,002,4,08,0,0,0,0,1,1,0,4786,6,14
G3600590FR0141,1960,New York,36,Nassau,059,5600,,FR,0141,,1450,TRACT FR-141 FREEPORT VILLAGE,002,4,10,0,0,1,1,0,1,0,5178,930,18
G3600590FR0142,1960,New York,36,Nassau,059,5600,,FR,0142,,1450,TRACT FR-142 FREEPORT VILLAGE,002,4,10,0,0,1,1,1,1,0,6031,48,3
G3600590FR0143,1960,New York,36,Nassau,059,5600,,FR,0143,,1450,TRACT FR-143 FREEPORT VILLAGE,002,4,10,0,0,1,1,1,1,0,8534,17,54
G3600590FR0144,1960,New York,36,Nassau,059,5600,,FR,0144,,1450,TRACT FR-144 FREEPORT VILLAGE,002,4,10,0,0,1,1,0,1,0,3111,1387,11
G3600590FR0145,1960,New York,36,Nassau,059,5600,,FR,0145,,1450,TRACT FR-145 FREEPORT VILLAGE,002,4,10,0,0,1,1,1,1,0,9045,25,27
G3600590GC0063,1960,New York,36,Nassau,059,5600,,GC,0063,,1450,TRACT GC-63  HEMPSTEAD TOWN,002,4,09,0,0,1,1,1,1,0,4444,3,8
G3600590GC0064,1960,New York,36,Nassau,059,5600,,GC,0064,,1450,TRACT GC-64  HEMPSTEAD TOWN,002,4,09,0,0,1,1,1,1,0,7098,40,10
G3600590GC0065,1960,New York,36,Nassau,059,5600,,GC,0065,,1450,TRACT GC-65  HEMPSTEAD TOWN,002,4,09,0,0,1,1,1,1,0,7537,45,6
G3600590GC0066,1960,New York,36,Nassau,059,5600,,GC,0066,,1450,TRACT GC-66  HEMPSTEAD TOWN,002,4,09,0,0,1,1,1,1,0,4712,15,30
G3600590GL0170,1960,New York,36,Nassau,059,5600,,GL,0170,,1450,TRACT GL-170 GLEN COVE CITY,001,4,09,0,0,0,0,1,1,0,3057,37,17
G3600590GL0171,1960,New York,36,Nassau,059,5600,,GL,0171,,1450,TRACT GL-171 GLEN COVE CITY,001,4,09,0,0,0,0,1,1,0,6598,180,29
G3600590GL0172,1960,New York,36,Nassau,059,5600,,GL,0172,,1450,TRACT GL-172 GLEN COVE CITY,001,4,09,0,0,0,0,0,1,0,4583,1716,22
G3600590GL0173,1960,New York,36,Nassau,059,5600,,GL,0173,,1450,TRACT GL-173 GLEN COVE CITY,001,4,09,0,0,0,0,1,1,0,7460,99,19
G3600590GN0003,1960,New York,36,Nassau,059,5600,,GN,0003,,1450,TRACT GN-3 NORTH HEMPSTEAD TOWN,004,4,08,0,0,1,1,1,1,0,4013,300,13
G3600590GN0004,1960,New York,36,Nassau,059,5600,,GN,0004,,1450,TRACT GN-4 NORTH HEMPSTEAD TOWN,004,4,08,0,0,1,1,1,1,0,5726,110,9
G3600590GP0007,1960,New York,36,Nassau,059,5600,,GP,0007,,1450,TRACT GP-7 NORTH HEMPSTEAD TOWN,004,4,06,0,0,1,1,1,1,0,4867,51,30
G3600590HE0043,1960,New York,36,Nassau,059,5600,,HE,0043,,1450,TRACT HE-43  HEMPSTEAD TOWN,002,7,00,0,0,1,1,1,1,0,3385,0,12
G3600590HE0047,1960,New York,36,Nassau,059,5600,,HE,0047,,1450,TRACT HE-47  HEMPSTEAD TOWN,002,4,05,0,0,1,1,1,1,0,6836,7,8
G3600590HE0048,1960,New York,36,Nassau,059,5600,,HE,0048,,1450,TRACT HE-48 PT ELMONT CITY U,002,9,99,0,0,1,1,1,1,2,4431,723,9
G3600590HE0049,1960,New York,36,Nassau,059,5600,,HE,0049,,1450,TRACT HE-49 ELMONT -U-,002,5,10,0,0,1,1,1,1,0,8269,15,6
G3600590HE0050,1960,New York,36,Nassau,059,5600,,HE,0050,,1450,TRACT HE-50 ELMONT -U-,002,5,10,0,0,1,1,1,1,0,4510,7,2
G3600590HE0051,1960,New York,36,Nassau,059,5600,,HE,0051,,1450,TRACT HE-51 ELMONT -U-,002,5,10,0,0,1,1,1,1,0,8381,7,22
G3600590HE0052,1960,New York,36,Nassau,059,5600,,HE,0052,,1450,TRACT HE-52 ELMONT -U-,002,5,10,0,0,1,1,1,1,0,4811,3,32
G3600590HE0053,1960,New York,36,Nassau,059,5600,,HE,0053,,1450,TRACT HE-53 FRANKLIN SQUARE -U-,002,5,10,0,0,1,1,1,1,0,7979,10,8
G3600590HE0054,1960,New York,36,Nassau,059,5600,,HE,0054,,1450,TRACT HE-54 FRANKLIN SQUARE -U-,002,5,10,0,0,1,1,1,1,0,6887,5,15
G3600590HE0055,1960,New York,36,Nassau,059,5600,,HE,0055,,1450,TRACT HE-55 FRANKLIN SQUARE -U-,002,5,10,0,0,1,1,1,1,0,5980,1,1
G3600590HE0056,1960,New York,36,Nassau,059,5600,,HE,0056,,1450,TRACT HE-56 FRANKLIN SQUARE -U-,002,5,10,0,0,1,1,1,1,0,5350,8,1
G3600590HE0057,1960,New York,36,Nassau,059,5600,,HE,0057,,1450,TRACT HE-57 FRANKLIN SQUARE -U-,002,5,10,0,0,1,1,1,1,0,6222,13,3
G3600590HE0058,1960,New York,36,Nassau,059,5600,,HE,0058,,1450,TRACT HE-58  HEMPSTEAD TOWN,002,7,00,0,0,1,1,1,1,0,5110,11,12
G3600590HE0059,1960,New York,36,Nassau,059,5600,,HE,0059,,1450,TRACT HE-59  HEMPSTEAD TOWN,002,5,09,0,0,1,1,1,1,0,5921,64,7
G3600590HE0060,1960,New York,36,Nassau,059,5600,,HE,0060,,1450,TRACT HE-60  HEMPSTEAD TOWN,002,5,09,0,0,1,1,1,1,0,7949,12,11
G3600590HE0061,1960,New York,36,Nassau,059,5600,,HE,0061,,1450,TRACT HE-61  HEMPSTEAD TOWN,002,5,09,0,0,1,1,1,1,0,3292,6,5
G3600590HE0062,1960,New York,36,Nassau,059,5600,,HE,0062,,1450,TRACT HE-62  HEMPSTEAD TOWN,002,5,09,0,0,1,1,0,1,0,4982,2514,20
G3600590HE0073,1960,New York,36,Nassau,059,5600,,HE,0073,,1450,TRACT HE-73  HEMPSTEAD TOWN,002,5,09,0,0,1,1,1,1,0,3748,279,40
G3600590HE0074,1960,New York,36,Nassau,059,5600,,HE,0074,,1450,TRACT HE-74  HEMPSTEAD TOWN,002,5,09,0,0,1,1,1,1,0,10976,21,16
G3600590HE0075,1960,New York,36,Nassau,059,5600,,HE,0075,,1450,TRACT HE-75  HEMPSTEAD TOWN,002,5,09,0,0,1,1,0,1,0,6936,987,37
G3600590HE0076,1960,New York,36,Nassau,059,5600,,HE,0076,,1450,TRACT HE-76  HEMPSTEAD TOWN,002,5,08,0,0,1,1,1,1,0,7093,80,10
G3600590HE0077,1960,New York,36,Nassau,059,5600,,HE,0077,,1450,TRACT HE-77 PT EAST MEADOW U,002,5,99,0,0,1,1,1,1,2,6114,9,14
G3600590HE0078,1960,New York,36,Nassau,059,5600,,HE,0078,,1450,TRACT HE-78 EAST MEADOW -U-,002,5,10,0,0,1,1,1,1,0,6848,154,12
G3600590HE0079,1960,New York,36,Nassau,059,5600,,HE,0079,,1450,TRACT HE-79 EAST MEADOW -U-,002,5,10,0,0,1,1,0,1,0,6744,561,82
G3600590HE0080,1960,New York,36,Nassau,059,5600,,HE,0080,,1450,TRACT HE-80 EAST MEADOW -U-,002,5,10,0,0,1,1,1,1,0,7075,19,14
G3600590HE0081,1960,New York,36,Nassau,059,5600,,HE,0081,,1450,TRACT HE-81 EAST MEADOW -U-,002,5,10,0,0,1,1,1,1,0,7682,30,8
G3600590HE0082,1960,New York,36,Nassau,059,5600,,HE,0082,,1450,TRACT HE-82 EAST MEADOW -U-,002,5,10,0,0,1,1,1,1,0,7523,3,17
G3600590HE0083,1960,New York,36,Nassau,059,5600,,HE,0083,,1450,TRACT HE-83 EAST MEADOW -U-,002,5,10,0,0,1,1,1,1,0,7887,16,18
G3600590HE0084,1960,New York,36,Nassau,059,5600,,HE,0084,,1450,TRACT HE-84 LEVITTOWN -U-,002,5,08,0,0,1,1,1,1,0,4058,12,22
G3600590HE0085,1960,New York,36,Nassau,059,5600,,HE,0085,,1450,TRACT HE-85 LEVITTOWN -U-,002,5,08,0,0,1,1,1,1,0,6158,19,2
G3600590HE0086,1960,New York,36,Nassau,059,5600,,HE,0086,,1450,TRACT HE-86 LEVITTOWN -U-,002,5,11,0,0,1,1,1,1,0,5615,6,19
G3600590HE0087,1960,New York,36,Nassau,059,5600,,HE,0087,,1450,TRACT HE-87 LEVITTOWN -U-,002,5,11,0,0,1,1,1,1,0,6094,4,15
G3600590HE0088,1960,New York,36,Nassau,059,5600,,HE,0088,,1450,TRACT HE-88 LEVITTOWN -U-,002,5,11,0,0,1,1,1,1,0,8242,7,28
G3600590HE0089,1960,New York,36,Nassau,059,5600,,HE,0089,,1450,TRACT HE-89 LEVITTOWN -U-,002,5,11,0,0,1,1,1,1,0,6973,10,28
G3600590HE0090,1960,New York,36,Nassau,059,5600,,HE,0090,,1450,TRACT HE-90 LEVITTOWN -U-,002,5,11,0,0,1,1,1,1,0,7238,3,17
G3600590HE0091,1960,New York,36,Nassau,059,5600,,HE,0091,,1450,TRACT HE-91 LEVITTOWN -U-,002,5,11,0,0,1,1,1,1,0,6941,3,15
G3600590HE0092,1960,New York,36,Nassau,059,5600,,HE,0092,,1450,TRACT HE-92 LEVITTOWN -U-,002,5,11,0,0,1,1,1,1,0,7508,1,21
G3600590HE0093,1960,New York,36,Nassau,059,5600,,HE,0093,,1450,TRACT HE-93 LEVITTOWN -U-,002,5,11,0,0,1,1,1,1,0,5542,4,7
G3600590HE0094,1960,New York,36,Nassau,059,5600,,HE,0094,,1450,TRACT HE-94 LEVITTOWN -U-,002,5,11,0,0,1,1,1,1,0,5614,15,6
G3600590HE0095,1960,New York,36,Nassau,059,5600,,HE,0095,,1450,TRACT HE-95 LEVITTOWN -U-,002,5,11,0,0,1,1,1,1,0,5289,4,7
G3600590HE0096,1960,New York,36,Nassau,059,5600,,HE,0096,,1450,TRACT HE-96 WANTAGH -U-,002,5,10,0,0,1,1,1,1,0,6744,10,29
G3600590HE0097,1960,New York,36,Nassau,059,5600,,HE,0097,,1450,TRACT HE-97 WANTAGH -U-,002,5,10,0,0,1,1,1,1,0,4857,8,14
G3600590HE0098,1960,New York,36,Nassau,059,5600,,HE,0098,,1450,TRACT HE-98  HEMPSTEAD TOWN,002,5,08,0,0,1,1,1,1,0,5376,12,12
G3600590HE0099,1960,New York,36,Nassau,059,5600,,HE,0099,,1450,TRACT HE-99  HEMPSTEAD TOWN,002,5,08,0,0,1,1,1,1,0,7712,10,3
G3600590HE0100,1960,New York,36,Nassau,059,5600,,HE,0100,,1450,TRACT HE-100 HEMPSTEAD TOWN,002,5,08,0,0,1,1,1,1,0,4071,37,6
G3600590HE0101,1960,New York,36,Nassau,059,5600,,HE,0101,,1450,TRACT HE-101 HEMPSTEAD TOWN,002,7,00,0,0,1,1,1,1,0,6830,43,13
G3600590HE0102,1960,New York,36,Nassau,059,5600,,HE,0102,,1450,TRACT HE-102 HEMPSTEAD TOWN,002,4,07,0,0,1,1,1,1,0,4369,21,9
G3600590HE0109,1960,New York,36,Nassau,059,5600,,HE,0109,,1450,TRACT HE-109 HEMPSTEAD TOWN,002,7,00,0,0,1,1,1,1,0,6090,131,1
G3600590HE0110,1960,New York,36,Nassau,059,5600,,HE,0110,,1450,TRACT HE-110 HEMPSTEAD TOWN,002,5,08,0,0,1,1,0,1,0,4583,742,20
G3600590HE0111,1960,New York,36,Nassau,059,5600,,HE,0111,,1450,TRACT HE-111 HEMPSTEAD TOWN,002,5,08,0,0,1,1,0,1,0,2927,2084,6
G3600590HE0113,1960,New York,36,Nassau,059,5600,,HE,0113,,1450,TRACT HE-113 HEMPSTEAD TOWN,002,5,08,0,0,1,1,1,1,0,7449,353,6
G3600590HE0114,1960,New York,36,Nassau,059,5600,,HE,0114,,1450,TRACT HE-114 HEMPSTEAD TOWN,002,5,08,0,0,1,1,1,1,0,5949,249,5
G3600590HE0115,1960,New York,36,Nassau,059,5600,,HE,0115,,1450,TRACT HE-115 HEMPSTEAD TOWN,002,4,02,0,0,1,1,1,1,0,3168,375,1
G3600590HE0117,1960,New York,36,Nassau,059,5600,,HE,0117,,1450,TRACT HE-117 HEMPSTEAD TOWN,002,7,00,0,0,1,1,1,1,0,7230,131,37
G3600590HE0121,1960,New York,36,Nassau,059,5600,,HE,0121,,1450,TRACT HE-121 HEMPSTEAD TOWN,002,4,08,0,0,1,1,1,1,0,6904,56,9
G3600590HE0122,1960,New York,36,Nassau,059,5600,,HE,0122,,1450,TRACT HE-122 HEMPSTEAD TOWN,002,7,00,0,0,1,1,1,1,0,6133,83,3
G3600590HE0128,1960,New York,36,Nassau,059,5600,,HE,0128,,1450,TRACT HE-128 HEMPSTEAD TOWN,002,7,00,0,0,1,1,1,1,0,3621,63,1
G3600590HE0129,1960,New York,36,Nassau,059,5600,,HE,0129,,1450,TRACT HE-129 BALDWIN -U-,002,5,10,0,0,1,1,1,1,0,5765,38,13
G3600590HE0130,1960,New York,36,Nassau,059,5600,,HE,0130,,1450,TRACT HE-130 OCEANSIDE -U-,002,5,10,0,0,1,1,1,1,0,6434,16,11
G3600590HE0131,1960,New York,36,Nassau,059,5600,,HE,0131,,1450,TRACT HE-131 OCEANSIDE -U-,002,5,10,0,0,1,1,1,1,0,5320,19,21
G3600590HE0132,1960,New York,36,Nassau,059,5600,,HE,0132,,1450,TRACT HE-132 OCEANSIDE -U-,002,5,10,0,0,1,1,1,1,0,6179,57,12
G3600590HE0133,1960,New York,36,Nassau,059,5600,,HE,0133,,1450,TRACT HE-133 OCEANSIDE -U-,002,5,10,0,0,1,1,1,1,0,8112,27,2
G3600590HE0134,1960,New York,36,Nassau,059,5600,,HE,0134,,1450,TRACT HE-134 OCEANSIDE -U-,002,5,10,0,0,1,1,1,1,0,4180,58,0
G3600590HE0135,1960,New York,36,Nassau,059,5600,,HE,0135,,1450,TRACT HE-135 BALDWIN -U-,002,5,10,0,0,1,1,1,1,0,7390,33,4
G3600590HE0136,1960,New York,36,Nassau,059,5600,,HE,0136,,1450,TRACT HE-136 BALDWIN -U-,002,5,10,0,0,1,1,1,1,0,5487,6,22
G3600590HE0137,1960,New York,36,Nassau,059,5600,,HE,0137,,1450,TRACT HE-137 BALDWIN -U-,002,5,10,0,0,1,1,1,1,0,5148,10,19
G3600590HE0138,1960,New York,36,Nassau,059,5600,,HE,0138,,1450,TRACT HE-138 BALDWIN -U-,002,5,10,0,0,1,1,1,1,0,6240,22,7
G3600590HE0139,1960,New York,36,Nassau,059,5600,,HE,0139,,1450,TRACT HE-139 HEMPSTEAD TOWN,002,5,08,0,0,1,1,0,1,0,5603,429,13
G3600590HE0140,1960,New York,36,Nassau,059,5600,,HE,0140,,1450,TRACT HE-140 HEMPSTEAD TOWN,002,5,08,0,0,1,1,0,1,0,5006,1812,20
G3600590HE0146,1960,New York,36,Nassau,059,5600,,HE,0146,,1450,TRACT HE-146 HEMPSTEAD TOWN,002,5,08,0,0,1,1,1,1,0,4090,2,3
G3600590HE0147,1960,New York,36,Nassau,059,5600,,HE,0147,,1450,TRACT HE-147 HEMPSTEAD TOWN,002,5,08,0,0,1,1,1,1,0,4787,1,1
G3600590HE0148,1960,New York,36,Nassau,059,5600,,HE,0148,,1450,TRACT HE-148 HEMPSTEAD TOWN,002,5,08,0,0,1,1,1,1,0,6313,7,1
G3600590HE0149,1960,New York,36,Nassau,059,5600,,HE,0149,,1450,TRACT HE-149 HEMPSTEAD TOWN,002,5,08,0,0,1,1,1,1,0,7009,122,8
G3600590HE0150,1960,New York,36,Nassau,059,5600,,HE,0150,,1450,TRACT HE-150 HEMPSTEAD TOWN,002,5,08,0,0,1,1,1,1,0,6500,7,10
G3600590HE0151,1960,New York,36,Nassau,059,5600,,HE,0151,,1450,TRACT HE-151 HEMPSTEAD TOWN,002,7,00,0,0,1,1,1,1,0,5671,90,0
G3600590HE0152,1960,New York,36,Nassau,059,5600,,HE,0152,,1450,TRACT HE-152 HEMPSTEAD TOWN,002,5,08,0,0,1,1,1,1,0,6435,70,6
G3600590HE0153,1960,New York,36,Nassau,059,5600,,HE,0153,,1450,TRACT HE-153 HEMPSTEAD TOWN,002,5,08,0,0,1,1,1,1,0,5733,3,1
G3600590HE0154,1960,New York,36,Nassau,059,5600,,HE,0154,,1450,TRACT HE-154 HEMPSTEAD TOWN,002,5,08,0,0,1,1,1,1,0,7037,5,5
G3600590HE0155,1960,New York,36,Nassau,059,5600,,HE,0155,,1450,TRACT HE-155 WANTAGH -U-,002,5,10,0,0,1,1,1,1,0,3611,5,0
G3600590HE0156,1960,New York,36,Nassau,059,5600,,HE,0156,,1450,TRACT HE-156 WANTAGH -U-,002,5,10,0,0,1,1,1,1,0,5783,10,3
G3600590HE0157,1960,New York,36,Nassau,059,5600,,HE,0157,,1450,TRACT HE-157 WANTAGH -U-,002,5,10,0,0,1,1,1,1,0,5401,1,14
G3600590HE0158,1960,New York,36,Nassau,059,5600,,HE,0158,,1450,TRACT HE-158 WANTAGH -U-,002,5,10,0,0,1,1,1,1,0,7661,16,5
G3600590HE0159,1960,New York,36,Nassau,059,5600,,HE,0159,,1450,TRACT HE-159 HEMPSTEAD TOWN,002,5,08,0,0,1,1,1,1,0,5865,7,1
G3600590HE0160,1960,New York,36,Nassau,059,5600,,HE,0160,,1450,TRACT HE-160 HEMPSTEAD TOWN,002,5,08,0,0,1,1,1,1,0,4354,2,1
G3600590HE0161,1960,New York,36,Nassau,059,5600,,HE,0161,,1450,TRACT HE-161 HEMPSTEAD TOWN,002,5,08,0,0,1,1,1,1,0,4477,9,2
G3600590HE0162,1960,New York,36,Nassau,059,5600,,HE,0162,,1450,TRACT HE-162 HEMPSTEAD TOWN,002,7,00,0,0,1,1,1,1,0,6342,46,13
G3600590HE0163,1960,New York,36,Nassau,059,5600,,HE,0163,,1450,TRACT HE-163 HEMPSTEAD TOWN,002,7,00,0,0,1,1,1,1,0,2230,49,1
G3600590HE0169,1960,New York,36,Nassau,059,5600,,HE,0169,,1450,TRACT HE-169 HEMPSTEAD TOWN,002,7,00,0,0,1,1,1,1,0,2314,71,0
G3600590HV0067,1960,New York,36,Nassau,059,5600,,HV,0067,,1450,TRACT HV-67 HEMPSTEAD VILLAGE,002,4,10,0,0,1,1,1,1,0,4593,81,30
G3600590HV0068,1960,New York,36,Nassau,059,5600,,HV,0068,,1450,TRACT HV-68 HEMPSTEAD VILLAGE,002,4,10,0,0,1,1,1,1,0,3837,155,45
G3600590HV0069,1960,New York,36,Nassau,059,5600,,HV,0069,,1450,TRACT HV-69 HEMPSTEAD VILLAGE,002,4,10,0,0,1,1,0,1,0,2388,2211,17
G3600590HV0070,1960,New York,36,Nassau,059,5600,,HV,0070,,1450,TRACT HV-70 HEMPSTEAD VILLAGE,002,4,10,0,0,1,1,0,1,0,1362,5020,37
G3600590HV0071,1960,New York,36,Nassau,059,5600,,HV,0071,,1450,TRACT HV-71 HEMPSTEAD VILLAGE,002,4,10,0,0,1,1,1,1,0,8127,58,13
G3600590HV0072,1960,New York,36,Nassau,059,5600,,HV,0072,,1450,TRACT HV-72 HEMPSTEAD VILLAGE,002,4,10,0,0,1,1,1,1,0,6580,69,18
G3600590KP0001,1960,New York,36,Nassau,059,5600,,KP,0001,,1450,TRACT KP-1 NORTH HEMPSTEAD TOWN,004,4,07,0,0,1,1,1,1,0,4303,402,17
G3600590KP0002,1960,New York,36,Nassau,059,5600,,KP,0002,,1450,TRACT KP-2 NORTH HEMPSTEAD TOWN,004,4,07,0,0,1,1,1,1,0,663,20,5
G3600590LA0116,1960,New York,36,Nassau,059,5600,,LA,0116,,1450,TRACT LA-116 HEMPSTEAD TOWN,002,4,07,0,0,1,1,1,1,0,5583,321,3
G3600590LB0164,1960,New York,36,Nassau,059,5600,,LB,0164,,1450,TRACT LB-164 LONG BEACH CITY,003,4,10,0,0,1,1,1,1,0,5037,20,10
G3600590LB0165,1960,New York,36,Nassau,059,5600,,LB,0165,,1450,TRACT LB-165 LONG BEACH CITY,003,4,10,0,0,1,1,0,1,0,4741,527,10
G3600590LB0166,1960,New York,36,Nassau,059,5600,,LB,0166,,1450,TRACT LB-166 LONG BEACH CITY,003,4,10,0,0,1,1,1,1,0,5355,148,17
G3600590LB0167,1960,New York,36,Nassau,059,5600,,LB,0167,,1450,TRACT LB-167 LONG BEACH CITY,003,4,10,0,0,1,1,1,1,0,6359,133,14
G3600590LB0168,1960,New York,36,Nassau,059,5600,,LB,0168,,1450,TRACT LB-168 LONG BEACH CITY,003,4,10,0,0,1,1,1,1,0,4051,41,10
G3600590LY0118,1960,New York,36,Nassau,059,5600,,LY,0118,,1450,TRACT LY-118 HEMPSTEAD TOWN,002,4,08,0,0,1,1,1,1,0,6387,29,6
G3600590LY0119,1960,New York,36,Nassau,059,5600,,LY,0119,,1450,TRACT LY-119 HEMPSTEAD TOWN,002,4,08,0,0,1,1,1,1,0,6588,39,49
G3600590LY0120,1960,New York,36,Nassau,059,5600,,LY,0120,,1450,TRACT LY-120 HEMPSTEAD TOWN,002,4,08,0,0,1,1,1,1,0,6762,5,16
G3600590MI0035,1960,New York,36,Nassau,059,5600,,MI,0035,,1450,TRACT MI-35 NORTH HEMPSTEAD TOWN,004,4,09,0,0,0,0,1,1,0,6794,4,18
G3600590MI0036,1960,New York,36,Nassau,059,5600,,MI,0036,,1450,TRACT MI-36  HEMPSTEAD TOWN,004,4,09,0,0,0,0,1,1,0,6403,58,37
G3600590MI0037,1960,New York,36,Nassau,059,5600,,MI,0037,,1450,TRACT MI-37  HEMPSTEAD TOWN,004,4,09,0,0,0,0,1,1,0,7198,1,6
G3600590MP0215,1960,New York,36,Nassau,059,5600,,MP,0215,,1450,TRACT MP-215 OYSTER BAY TOWN,005,4,08,0,0,1,1,1,1,0,6455,2,7
G3600590MP0216,1960,New York,36,Nassau,059,5600,,MP,0216,,1450,TRACT MP-216 OYSTER BAY TOWN,005,4,08,0,0,1,1,1,1,0,9208,4,10
G3600590MP0217,1960,New York,36,Nassau,059,5600,,MP,0217,,1450,TRACT MP-217 OYSTER BAY TOWN,005,4,08,0,0,1,1,1,1,0,4195,22,1
G3600590MU0017,1960,New York,36,Nassau,059,5600,,MU,0017,,1450,TRACT MU-17 NORTH HEMPSTEAD TOWN,004,4,06,0,0,1,1,1,1,0,2819,27,1
G3600590NH0005,1960,New York,36,Nassau,059,5600,,NH,0005,,1450,TRACT NH-5 NORTH HEMPSTEAD TOWN,004,4,06,0,0,1,1,0,1,0,5256,416,16
G3600590NH0006,1960,New York,36,Nassau,059,5600,,NH,0006,,1450,TRACT NH-6 NORTH HEMPSTEAD TOWN,004,4,03,0,0,1,1,1,1,0,6275,310,49
G3600590NH0008,1960,New York,36,Nassau,059,5600,,NH,0008,,1450,TRACT NH-8 NORTH HEMPSTEAD TOWN,004,7,00,0,0,1,1,1,1,0,5013,61,35
G3600590NH0009,1960,New York,36,Nassau,059,5600,,NH,0009,,1450,TRACT NH-9 NORTH HEMPSTEAD TOWN,004,4,06,0,0,1,1,1,1,0,3155,142,16
G3600590NH0010,1960,New York,36,Nassau,059,5600,,NH,0010,,1450,TRACT NH-10 NORTH HEMPSTEAD TOWN,004,5,08,0,0,1,1,1,1,0,4585,115,12
G3600590NH0011,1960,New York,36,Nassau,059,5600,,NH,0011,,1450,TRACT NH-11 NORTH HEMPSTEAD TOWN,004,7,00,0,0,1,1,1,1,0,5896,76,17
G3600590NH0012,1960,New York,36,Nassau,059,5600,,NH,0012,,1450,TRACT NH-12 NORTH HEMPSTEAD TOWN,004,4,02,0,0,1,1,1,1,0,6021,60,10
G3600590NH0013,1960,New York,36,Nassau,059,5600,,NH,0013,,1450,TRACT NH-13 NORTH HEMPSTEAD TOWN,004,5,08,0,0,1,1,0,1,0,4867,444,18
G3600590NH0014,1960,New York,36,Nassau,059,5600,,NH,0014,,1450,TRACT NH-14 NORTH HEMPSTEAD TOWN,004,5,08,0,0,1,1,1,1,0,2607,5,6
G3600590NH0015,1960,New York,36,Nassau,059,5600,,NH,0015,,1450,TRACT NH-15 NORTH HEMPSTEAD TOWN,004,7,00,0,0,1,1,1,1,0,3047,42,20
G3600590NH0018,1960,New York,36,Nassau,059,5600,,NH,0018,,1450,TRACT NH-18 NORTH HEMPSTEAD TOWN,004,7,00,0,0,1,1,0,1,0,4028,1414,37
G3600590NH0019,1960,New York,36,Nassau,059,5600,,NH,0019,,1450,TRACT NH-19 NORTH HEMPSTEAD TOWN,004,7,00,0,0,1,1,1,1,0,3384,48,3
G3600590NH0020,1960,New York,36,Nassau,059,5600,,NH,0020,,1450,TRACT NH-20 NORTH HEMPSTEAD TOWN,004,4,02,0,0,1,1,1,1,0,4776,205,7
G3600590NH0021,1960,New York,36,Nassau,059,5600,,NH,0021,,1450,TRACT NH-21 NORTH HEMPSTEAD TOWN,004,7,00,0,0,1,1,1,1,0,7768,331,16
G3600590NH0022,1960,New York,36,Nassau,059,5600,,NH,0022,,1450,TRACT NH-22 NORTH HEMPSTEAD TOWN,004,7,00,0,0,1,1,0,1,0,3738,438,19
G3600590NH0023,1960,New York,36,Nassau,059,5600,,NH,0023,,1450,TRACT NH-23 NORTH HEMPSTEAD TOWN,004,7,00,0,0,1,1,1,1,0,3326,87,11
G3600590NH0024,1960,New York,36,Nassau,059,5600,,NH,0024,,1450,TRACT NH-24 NORTH HEMPSTEAD TOWN,004,7,00,0,0,1,1,1,1,0,5610,14,23
G3600590NH0025,1960,New York,36,Nassau,059,5600,,NH,0025,,1450,TRACT NH-25 NORTH HEMPSTEAD TOWN,004,7,00,0,0,1,1,1,1,0,5282,194,1
G3600590NH0027,1960,New York,36,Nassau,059,5600,,NH,0027,,1450,TRACT NH-27 NORTH HEMPSTEAD TOWN,004,5,08,0,0,1,1,1,1,0,4899,6,27
G3600590NH0028,1960,New York,36,Nassau,059,5600,,NH,0028,,1450,TRACT NH-28 NORTH HEMPSTEAD TOWN,004,5,08,0,0,1,1,1,1,0,7638,13,21
G3600590NH0029,1960,New York,36,Nassau,059,5600,,NH,0029,,1450,TRACT NH-29 NORTH HEMPSTEAD TOWN,004,5,08,0,0,1,1,1,1,0,5279,21,25
G3600590NH0030,1960,New York,36,Nassau,059,5600,,NH,0030,,1450,TRACT NH-30 NORTH HEMPSTEAD TOWN,004,4,08,0,0,1,1,1,1,0,6349,4,26
G3600590NH0031,1960,New York,36,Nassau,059,5600,,NH,0031,,1450,TRACT NH-31 NORTH HEMPSTEAD TOWN,004,5,08,0,0,1,1,1,1,0,6993,48,21
G3600590NH0032,1960,New York,36,Nassau,059,5600,,NH,0032,,1450,TRACT NH-32 NORTH HEMPSTEAD TOWN,004,5,08,0,0,1,1,1,1,0,7929,362,11
G3600590NH0038,1960,New York,36,Nassau,059,5600,,NH,0038,,1450,TRACT NH-38  HEMPSTEAD TOWN,004,7,00,0,0,1,1,1,1,0,5613,9,3
G3600590NH0042,1960,New York,36,Nassau,059,5600,,NH,0042,,1450,TRACT NH-42  HEMPSTEAD TOWN,004,7,00,0,0,1,1,0,1,0,4811,2693,51
G3600590OB0174,1960,New York,36,Nassau,059,5600,,OB,0174,,1450,TRACT OB-174 OYSTER BAY TOWN,005,4,07,0,0,1,1,1,1,0,5567,99,3
G3600590OB0175,1960,New York,36,Nassau,059,5600,,OB,0175,,1450,TRACT OB-175 OYSTER BAY TOWN,005,4,02,0,0,1,1,1,1,0,3794,15,5
G3600590OB0176,1960,New York,36,Nassau,059,5600,,OB,0176,,1450,TRACT OB-176 OYSTER BAY TOWN,005,7,00,0,0,1,1,1,1,0,4198,20,17
G3600590OB0177,1960,New York,36,Nassau,059,5600,,OB,0177,,1450,TRACT OB-177 OYSTER BAY TOWN,005,7,00,0,0,1,1,1,1,0,5357,125,6
G3600590OB0178,1960,New York,36,Nassau,059,5600,,OB,0178,,1450,TRACT OB-178 OYSTER BAY TOWN,005,4,02,0,0,1,1,1,1,0,6124,170,13
G3600590OB0179,1960,New York,36,Nassau,059,5600,,OB,0179,,1450,TRACT OB-179 OYSTER BAY TOWN,005,7,00,0,0,1,1,1,1,0,4428,6,6
G3600590OB0180,1960,New York,36,Nassau,059,5600,,OB,0180,,1450,TRACT OB-180 OYSTER BAY TOWN,005,7,00,0,0,1,1,0,1,0,5532,555,9
G3600590OB0181,1960,New York,36,Nassau,059,5600,,OB,0181,,1450,TRACT OB-181 OYSTER BAY TOWN,005,7,00,0,0,1,1,1,1,0,2761,15,2
G3600590OB0182,1960,New York,36,Nassau,059,5600,,OB,0182,,1450,TRACT OB-182 OYSTER BAY TOWN,005,7,00,0,0,1,1,1,1,0,3898,109,18
G3600590OB0183,1960,New York,36,Nassau,059,5600,,OB,0183,,1450,TRACT OB-183 OYSTER BAY TOWN,005,7,00,0,0,1,1,1,1,0,5047,8,8
G3600590OB0184,1960,New York,36,Nassau,059,5600,,OB,0184,,1450,TRACT OB-184 OYSTER BAY TOWN,005,7,00,0,0,1,1,1,1,0,3474,15,8
G3600590OB0185,1960,New York,36,Nassau,059,5600,,OB,0185,,1450,TRACT OB-185 OYSTER BAY TOWN,005,5,08,0,0,1,1,1,1,0,5930,28,9
G3600590OB0186,1960,New York,36,Nassau,059,5600,,OB,0186,,1450,TRACT OB-186 OYSTER BAY TOWN,005,5,08,0,0,1,1,1,1,0,4693,134,1
G3600590OB0187,1960,New York,36,Nassau,059,5600,,OB,0187,,1450,TRACT OB-187 OYSTER BAY TOWN,005,5,08,0,0,1,1,1,1,0,7120,17,5
G3600590OB0188,1960,New York,36,Nassau,059,5600,,OB,0188,,1450,TRACT OB-188 OYSTER BAY TOWN,005,5,08,0,0,1,1,1,1,0,4371,40,5
G3600590OB0189,1960,New York,36,Nassau,059,5600,,OB,0189,,1450,TRACT OB-189 HICKS VILLE -U-,005,5,11,0,0,1,1,1,1,0,8168,57,21
G3600590OB0190,1960,New York,36,Nassau,059,5600,,OB,0190,,1450,TRACT OB-190 HICKS VILLE -U-,005,5,11,0,0,1,1,1,1,0,7584,8,18
G3600590OB0191,1960,New York,36,Nassau,059,5600,,OB,0191,,1450,TRACT OB-191 HICKS VILLE -U-,005,5,11,0,0,1,1,1,1,0,7418,7,17
G3600590OB0192,1960,New York,36,Nassau,059,5600,,OB,0192,,1450,TRACT OB-192 HICKS VILLE -U-,005,5,11,0,0,1,1,1,1,0,7696,5,5
G3600590OB0193,1960,New York,36,Nassau,059,5600,,OB,0193,,1450,TRACT OB-193 HICKS VILLE -U-,005,5,11,0,0,1,1,1,1,0,6313,17,16
G3600590OB0194,1960,New York,36,Nassau,059,5600,,OB,0194,,1450,TRACT OB-194 HICKS VILLE -U-,005,5,11,0,0,1,1,1,1,0,5492,3,13
G3600590OB0195,1960,New York,36,Nassau,059,5600,,OB,0195,,1450,TRACT OB-195 HICKS VILLE -U-,005,5,11,0,0,1,1,1,1,0,7527,9,11
G3600590OB0196,1960,New York,36,Nassau,059,5600,,OB,0196,,1450,TRACT OB-196 PLAIN VIEW -U-,005,5,10,0,0,1,1,1,1,0,8847,19,2
G3600590OB0197,1960,New York,36,Nassau,059,5600,,OB,0197,,,TRACT OB-197 PT OYSTER BAY TOWN,005,9,99,0,0,1,1,1,1,2,10646,52,24
G3600590OB0198,1960,New York,36,Nassau,059,5600,,OB,0198,,1450,TRACT OB-198 PLAIN VIEW -U-,005,5,10,0,0,1,1,1,1,0,8332,13,6
G3600590OB0199,1960,New York,36,Nassau,059,5600,,OB,0199,,1450,TRACT OB-199 OYSTER BAY TOWN,005,5,09,0,0,1,1,1,1,0,6028,2,2
G3600590OB0200,1960,New York,36,Nassau,059,5600,,OB,0200,,1450,TRACT OB-200 OYSTER BAY TOWN,005,5,09,0,0,1,1,1,1,0,9798,2,8
G3600590OB0201,1960,New York,36,Nassau,059,5600,,OB,0201,,1450,TRACT OB-201 OYSTER BAY TOWN,005,5,09,0,0,1,1,1,1,0,5180,80,13
G3600590OB0202,1960,New York,36,Nassau,059,5600,,OB,0202,,1450,TRACT OB-202 OYSTER BAY TOWN,005,5,09,0,0,1,1,1,1,0,3886,9,0
G3600590OB0203,1960,New York,36,Nassau,059,5600,,OB,0203,,1450,TRACT OB-203 OYSTER BAY TOWN,005,5,09,0,0,1,1,1,1,0,7169,4,4
G3600590OB0205,1960,New York,36,Nassau,059,5600,,OB,0205,,1450,TRACT OB-205 OYSTER BAY TOWN,005,5,08,0,0,1,1,1,1,0,9973,4,13
G3600590OB0206,1960,New York,36,Nassau,059,5600,,OB,0206,,1450,TRACT OB-206 OYSTER BAY TOWN,005,5,08,0,0,1,1,1,1,0,6301,7,20
G3600590OB0207,1960,New York,36,Nassau,059,5600,,OB,0207,,1450,TRACT OB-207 OYSTER BAY TOWN,005,5,09,0,0,1,1,1,1,0,5686,6,1
G3600590OB0208,1960,New York,36,Nassau,059,5600,,OB,0208,,1450,TRACT OB-208 OYSTER BAY TOWN,005,5,09,0,0,1,1,1,1,0,5191,9,8
G3600590OB0209,1960,New York,36,Nassau,059,5600,,OB,0209,,1450,TRACT OB-209 MASSAPEQUA -U-,005,5,10,0,0,1,1,1,1,0,5835,10,7
G3600590OB0210,1960,New York,36,Nassau,059,5600,,OB,0210,,1450,TRACT OB-210 MASSAPEQUA -U-,005,5,10,0,0,1,1,1,1,0,5637,1,5
G3600590OB0211,1960,New York,36,Nassau,059,5600,,OB,0211,,1450,TRACT OB-211 MASSAPEQUA -U-,005,5,10,0,0,1,1,1,1,0,5038,1,2
G3600590OB0212,1960,New York,36,Nassau,059,5600,,OB,0212,,1450,TRACT OB-212 MASSAPEQUA -U-,005,5,10,0,0,1,1,1,1,0,3065,1,4
G3600590OB0213,1960,New York,36,Nassau,059,5600,,OB,0213,,1450,TRACT OB-213 MASSAPEQUA -U-,005,5,10,0,0,1,1,1,1,0,7323,13,9
G3600590OB0214,1960,New York,36,Nassau,059,5600,,OB,0214,,1450,TRACT OB-214 MASSAPEQUA -U-,005,5,10,0,0,1,1,1,1,0,5916,24,9
G3600590OB0218,1960,New York,36,Nassau,059,5600,,OB,0218,,1450,TRACT OB-218 OYSTER BAY TOWN,005,5,08,0,0,1,1,1,1,0,10322,8,5
G3600590OB0219,1960,New York,36,Nassau,059,5600,,OB,0219,,1450,TRACT OB-219 OYSTER BAY TOWN,005,7,00,0,0,1,1,1,1,0,4431,12,1
G3600590OB0220,1960,New York,36,Nassau,059,5600,,OB,0220,,1450,TRACT OB-220 OYSTER BAY TOWN,005,7,00,0,0,1,1,1,1,0,4529,298,2
G3600590RC0123,1960,New York,36,Nassau,059,5600,,RC,0123,,1450,TRACT RC-123 ROCKVILLE CENTER VILLAGE,002,4,10,0,0,0,0,1,1,0,6655,85,33
G3600590RC0124,1960,New York,36,Nassau,059,5600,,RC,0124,,1450,TRACT RC-124 ROCKVILLE CENTER VILLAGE,002,4,10,0,0,0,0,0,1,0,4684,955,5
G3600590RC0125,1960,New York,36,Nassau,059,5600,,RC,0125,,1450,TRACT RC-125 ROCKVILLE CENTER VILLAGE,002,4,10,0,0,0,0,1,1,0,4729,24,5
G3600590RC0126,1960,New York,36,Nassau,059,5600,,RC,0126,,1450,TRACT RC-126 ROCKVILLE CENTER VILLAGE,002,4,10,0,0,0,0,1,1,0,4194,178,1
G3600590RC0127,1960,New York,36,Nassau,059,5600,,RC,0127,,1450,TRACT RC-127 ROCKVILLE CENTER VILLAGE,002,4,10,0,0,0,0,1,1,0,4700,97,10
G3600590VS0103,1960,New York,36,Nassau,059,5600,,VS,0103,,1450,TRACT VS-103 VALLEY STREAM VILLAGE,002,4,10,0,0,1,1,1,1,0,6383,13,6
G3600590VS0104,1960,New York,36,Nassau,059,5600,,VS,0104,,1450,TRACT VS-104 VALLEY STREAM VILLAGE,002,4,10,0,0,1,1,1,1,0,5044,1,0
G3600590VS0105,1960,New York,36,Nassau,059,5600,,VS,0105,,1450,TRACT VS-105 VALLEY STREAM VILLAGE,002,4,10,0,0,1,1,1,1,0,7154,2,16
G3600590VS0106,1960,New York,36,Nassau,059,5600,,VS,0106,,1450,TRACT VS-106 VALLEY STREAM VILLAGE,002,4,10,0,0,1,1,1,1,0,7460,6,0
G3600590VS0107,1960,New York,36,Nassau,059,5600,,VS,0107,,1450,TRACT VS-107 VALLEY STREAM VILLAGE,002,4,10,0,0,1,1,1,1,0,7008,4,7
G3600590VS0108,1960,New York,36,Nassau,059,5600,,VS,0108,,1450,TRACT VS-108 VALLEY STREAM VILLAGE,002,4,10,0,0,1,1,1,1,0,5504,12,9
G3600590WE0039,1960,New York,36,Nassau,059,5600,,WE,0039,,1450,TRACT WE-39  HEMPSTEAD TOWN,004,4,08,0,0,1,1,1,1,0,4255,64,10
G3600590WE0040,1960,New York,36,Nassau,059,5600,,WE,0040,,1450,TRACT WE-40  HEMPSTEAD TOWN,004,4,08,0,0,1,1,1,1,0,7031,44,4
G3600590WE0041,1960,New York,36,Nassau,059,5600,,WE,0041,,1450,TRACT WE-41  HEMPSTEAD TOWN,004,4,08,0,0,1,1,1,1,0,3126,336,18
G3600590WP0033,1960,New York,36,Nassau,059,5600,,WP,0033,,1450,TRACT WP-33 NORTH HEMPSTEAD TOWN,004,4,07,0,0,1,1,1,1,0,8193,42,20
G36006100001,1960,New York,36,New York,061,5600,51000,,0001,,1450,TRACT 1    NEW YORK CITY MANHATTAN,001,3,15,1,1,1,1,1,1,0,0,0,0
G36006100002,1960,New York,36,New York,061,5600,51000,,0002,,1450,TRACT 2    NEW YORK CITY MANHATTAN,001,3,15,0,0,0,0,0,0,0,11560,1815,154
G36006100003,1960,New York,36,New York,061,5600,51000,,0003,,1450,TRACT 3    NEW YORK CITY MANHATTAN,001,3,15,0,0,1,0,1,1,0,13,0,0
G36006100005,1960,New York,36,New York,061,5600,51000,,0005,,1450,TRACT 5    NEW YORK CITY MANHATTAN,001,3,15,0,0,0,0,1,1,0,1127,57,23
G36006100006,1960,New York,36,New York,061,5600,51000,,0006,,1450,TRACT 6    NEW YORK CITY MANHATTAN,001,3,15,0,0,0,0,0,0,0,6860,1079,491
G36006100007,1960,New York,36,New York,061,5600,51000,,0007,,1450,TRACT 7    NEW YORK CITY MANHATTAN,001,3,15,0,0,1,0,1,1,0,54,0,0
G36006100008,1960,New York,36,New York,061,5600,51000,,0008,,1450,TRACT 8    NEW YORK CITY MANHATTAN,001,3,15,0,0,0,0,0,1,0,7679,91,1315
G36006100009,1960,New York,36,New York,061,5600,51000,,0009,,1450,TRACT 9    NEW YORK CITY MANHATTAN,001,3,15,0,1,1,1,1,1,0,728,5,3
G360061000100,1960,New York,36,New York,061,5600,51000,,0010,0,1450,TRACT 10-0 NEW YORK CITY MANHATTAN,001,3,15,0,0,0,1,1,1,0,2365,41,9
G360061000101,1960,New York,36,New York,061,5600,51000,,0010,1,1450,TRACT 10-1 NEW YORK CITY MANHATTAN,001,3,15,0,0,0,0,0,0,0,6806,1575,138
G36006100011,1960,New York,36,New York,061,5600,51000,,0011,,1450,TRACT 11   NEW YORK CITY MANHATTAN,001,3,15,1,1,1,1,1,1,0,0,0,0
G36006100012,1960,New York,36,New York,061,5600,51000,,0012,,1450,TRACT 12   NEW YORK CITY MANHATTAN,001,3,15,0,0,0,0,1,0,0,5397,253,69
G36006100013,1960,New York,36,New York,061,5600,51000,,0013,,1450,TRACT 13   NEW YORK CITY MANHATTAN,001,3,15,0,1,1,1,1,1,2,338,2,1
G36006100014,1960,New York,36,New York,061,5600,51000,,0014,,1450,TRACT 14   NEW YORK CITY MANHATTAN,001,3,15,0,0,0,0,0,0,0,6113,328,464
G36006100015,1960,New York,36,New York,061,5600,51000,,0015,,1450,TRACT 15   NEW YORK CITY MANHATTAN,001,3,15,0,0,0,0,1,1,0,621,24,33
G36006100016,1960,New York,36,New York,061,5600,51000,,0016,,1450,TRACT 16   NEW YORK CITY MANHATTAN,001,3,15,0,0,0,0,0,0,0,3462,166,1896
G36006100018,1960,New York,36,New York,061,5600,51000,,0018,,1450,TRACT 18   NEW YORK CITY MANHATTAN,001,3,15,0,0,0,0,0,0,0,7222,368,1769
G36006100020,1960,New York,36,New York,061,5600,51000,,0020,,1450,TRACT 20   NEW YORK CITY MANHATTAN,001,3,15,0,0,0,0,0,0,0,5549,2138,47
G36006100021,1960,New York,36,New York,061,5600,51000,,0021,,1450,TRACT 21   NEW YORK CITY MANHATTAN,001,3,15,0,0,1,0,1,1,0,162,17,7
G36006100022,1960,New York,36,New York,061,5600,51000,,0022,,1450,TRACT 22   NEW YORK CITY MANHATTAN,001,3,15,0,0,0,0,0,0,0,8607,1027,171
G36006100024,1960,New York,36,New York,061,5600,51000,,0024,,1450,TRACT 24   NEW YORK CITY MANHATTAN,001,3,15,0,0,0,0,0,0,0,5894,1708,119
G36006100025,1960,New York,36,New York,061,5600,51000,,0025,,1450,TRACT 25   NEW YORK CITY MANHATTAN,001,3,15,0,0,0,0,0,0,0,6064,1792,484
G36006100026,1960,New York,36,New York,061,5600,51000,,0026,,1450,TRACT 26   NEW YORK CITY MANHATTAN,001,3,15,0,0,0,0,0,0,0,16389,911,196
G36006100027,1960,New York,36,New York,061,5600,51000,,0027,,1450,TRACT 27   NEW YORK CITY MANHATTAN,001,3,15,0,0,1,0,1,1,0,463,7,127
G36006100028,1960,New York,36,New York,061,5600,51000,,0028,,1450,TRACT 28   NEW YORK CITY MANHATTAN,001,3,15,0,0,0,0,0,0,0,7586,502,113
G36006100029,1960,New York,36,New York,061,5600,51000,,0029,,1450,TRACT 29   NEW YORK CITY MANHATTAN,001,3,15,0,0,0,0,0,1,0,2390,713,3988
G36006100030,1960,New York,36,New York,061,5600,51000,,0030,,1450,TRACT 30   NEW YORK CITY MANHATTAN,001,3,15,0,0,0,0,0,0,0,9336,563,568
G36006100031,1960,New York,36,New York,061,5600,51000,,0031,,1450,TRACT 31   NEW YORK CITY MANHATTAN,001,3,15,1,1,1,1,1,1,0,8,3,0
G36006100032,1960,New York,36,New York,061,5600,51000,,0032,,1450,TRACT 32   NEW YORK CITY MANHATTAN,001,3,15,0,0,0,0,1,0,0,9805,173,73
G36006100033,1960,New York,36,New York,061,5600,51000,,0033,,1450,TRACT 33   NEW YORK CITY MANHATTAN,001,3,15,0,0,1,0,1,1,0,54,1,0
G36006100034,1960,New York,36,New York,061,5600,51000,,0034,,1450,TRACT 34   NEW YORK CITY MANHATTAN,001,3,15,0,0,0,0,1,0,0,9952,263,144
G36006100036,1960,New York,36,New York,061,5600,51000,,0036,,1450,TRACT 36   NEW YORK CITY MANHATTAN,001,3,15,0,0,0,0,0,0,0,8524,792,186
G36006100038,1960,New York,36,New York,061,5600,51000,,0038,,1450,TRACT 38   NEW YORK CITY MANHATTAN,001,3,15,0,0,0,0,0,0,0,11282,387,393
G36006100039,1960,New York,36,New York,061,5600,51000,,0039,,1450,TRACT 39   NEW YORK CITY MANHATTAN,001,3,15,0,0,1,0,1,1,0,138,3,0
G36006100040,1960,New York,36,New York,061,5600,51000,,0040,,1450,TRACT 40   NEW YORK CITY MANHATTAN,001,3,15,0,0,0,0,0,0,0,10057,413,408
G36006100041,1960,New York,36,New York,061,5600,51000,,0041,,1450,TRACT 41   NEW YORK CITY MANHATTAN,001,3,15,0,0,0,0,0,0,0,7232,88,1673
G36006100042,1960,New York,36,New York,061,5600,51000,,0042,,1450,TRACT 42   NEW YORK CITY MANHATTAN,001,3,15,0,0,1,0,1,1,0,985,18,59
G36006100043,1960,New York,36,New York,061,5600,51000,,0043,,1450,TRACT 43   NEW YORK CITY MANHATTAN,001,3,15,0,0,0,0,1,0,0,5636,97,60
G36006100044,1960,New York,36,New York,061,5600,51000,,0044,,1450,TRACT 44   NEW YORK CITY MANHATTAN,001,3,15,0,0,0,0,1,1,0,22315,47,43
G36006100045,1960,New York,36,New York,061,5600,51000,,0045,,1450,TRACT 45   NEW YORK CITY MANHATTAN,001,3,15,0,0,0,0,1,1,0,224,0,0
G36006100047,1960,New York,36,New York,061,5600,51000,,0047,,1450,TRACT 47   NEW YORK CITY MANHATTAN,001,3,15,0,0,0,0,1,1,0,1947,12,0
G36006100048,1960,New York,36,New York,061,5600,51000,,0048,,1450,TRACT 48   NEW YORK CITY MANHATTAN,001,3,15,0,0,0,0,1,0,0,6470,184,208
G36006100049,1960,New York,36,New York,061,5600,51000,,0049,,1450,TRACT 49   NEW YORK CITY MANHATTAN,001,3,15,0,0,0,0,1,1,0,3758,26,3
G36006100050,1960,New York,36,New York,061,5600,51000,,0050,,1450,TRACT 50   NEW YORK CITY MANHATTAN,001,3,15,0,0,0,0,1,1,0,3570,53,35
G36006100051,1960,New York,36,New York,061,5600,51000,,0051,,1450,TRACT 51   NEW YORK CITY MANHATTAN,001,3,15,0,0,0,0,1,1,0,1757,21,9
G36006100052,1960,New York,36,New York,061,5600,51000,,0052,,1450,TRACT 52   NEW YORK CITY MANHATTAN,001,3,15,0,0,1,0,1,1,0,197,4,2
G36006100053,1960,New York,36,New York,061,5600,51000,,0053,,1450,TRACT 53   NEW YORK CITY MANHATTAN,001,3,15,0,0,1,0,1,1,0,336,0,1
G36006100054,1960,New York,36,New York,061,5600,51000,,0054,,1450,TRACT 54   NEW YORK CITY MANHATTAN,001,3,15,0,0,0,0,1,1,0,738,27,8
G36006100055,1960,New York,36,New York,061,5600,51000,,0055,,1450,TRACT 55   NEW YORK CITY MANHATTAN,001,3,15,0,0,0,0,1,1,0,3366,211,28
G36006100056,1960,New York,36,New York,061,5600,51000,,0056,,1450,TRACT 56   NEW YORK CITY MANHATTAN,001,3,15,0,0,0,0,1,1,0,1150,4,15
G36006100057,1960,New York,36,New York,061,5600,51000,,0057,,1450,TRACT 57   NEW YORK CITY MANHATTAN,001,3,15,0,0,1,0,1,1,0,159,1,2
G36006100058,1960,New York,36,New York,061,5600,51000,,0058,,1450,TRACT 58   NEW YORK CITY MANHATTAN,001,3,15,0,0,0,0,1,1,0,450,59,12
G36006100059,1960,New York,36,New York,061,5600,51000,,0059,,1450,TRACT 59   NEW YORK CITY MANHATTAN,001,3,15,0,0,0,0,1,1,0,5005,17,8
G36006100060,1960,New York,36,New York,061,5600,51000,,0060,,1450,TRACT 60   NEW YORK CITY MANHATTAN,001,3,15,0,0,0,0,1,1,0,5765,5,14
G36006100061,1960,New York,36,New York,061,5600,51000,,0061,,1450,TRACT 61   NEW YORK CITY MANHATTAN,001,3,15,0,0,0,0,1,1,0,2378,28,15
G36006100062,1960,New York,36,New York,061,5600,51000,,0062,,1450,TRACT 62   NEW YORK CITY MANHATTAN,001,3,15,0,0,1,0,1,1,0,1690,227,36
G36006100063,1960,New York,36,New York,061,5600,51000,,0063,,1450,TRACT 63   NEW YORK CITY MANHATTAN,001,3,15,0,0,0,0,1,1,0,6667,57,38
G36006100064,1960,New York,36,New York,061,5600,51000,,0064,,1450,TRACT 64   NEW YORK CITY MANHATTAN,001,3,15,0,0,0,0,1,0,0,5565,59,63
G36006100065,1960,New York,36,New York,061,5600,51000,,0065,,1450,TRACT 65   NEW YORK CITY MANHATTAN,001,3,15,0,0,0,0,1,1,0,8062,254,51
G36006100066,1960,New York,36,New York,061,5600,51000,,0066,,1450,TRACT 66   NEW YORK CITY MANHATTAN,001,3,15,0,0,0,0,0,0,0,10112,213,333
G36006100067,1960,New York,36,New York,061,5600,51000,,0067,,1450,TRACT 67   NEW YORK CITY MANHATTAN,001,3,15,0,0,0,0,1,1,0,6879,100,62
G36006100068,1960,New York,36,New York,061,5600,51000,,0068,,1450,TRACT 68   NEW YORK CITY MANHATTAN,001,3,15,0,0,0,0,1,1,0,4567,43,80
G36006100069,1960,New York,36,New York,061,5600,51000,,0069,,1450,TRACT 69   NEW YORK CITY MANHATTAN,001,3,15,0,0,1,0,1,1,0,327,2,0
G36006100070,1960,New York,36,New York,061,5600,51000,,0070,,1450,TRACT 70   NEW YORK CITY MANHATTAN,001,3,15,0,0,0,0,1,0,0,5317,43,57
G36006100071,1960,New York,36,New York,061,5600,51000,,0071,,1450,TRACT 71   NEW YORK CITY MANHATTAN,001,3,15,0,0,0,0,1,1,0,5916,367,27
G36006100072,1960,New York,36,New York,061,5600,51000,,0072,,1450,TRACT 72   NEW YORK CITY MANHATTAN,001,3,15,0,0,0,0,1,1,0,5376,115,58
G36006100073,1960,New York,36,New York,061,5600,51000,,0073,,1450,TRACT 73   NEW YORK CITY MANHATTAN,001,3,15,0,0,0,0,1,1,0,8181,133,55
G36006100074,1960,New York,36,New York,061,5600,51000,,0074,,1450,TRACT 74 NEW YORK CITY MANHATTAN,001,3,15,0,0,0,0,1,1,0,2949,51,24
G36006100075,1960,New York,36,New York,061,5600,51000,,0075,,1450,TRACT 75 NEW YORK CITY MANHATTAN,001,3,15,0,0,0,0,1,1,0,2323,151,14
G36006100076,1960,New York,36,New York,061,5600,51000,,0076,,1450,TRACT 76 NEW YORK CITY MANHATTAN,001,3,15,0,0,0,0,1,1,0,1507,17,29
G36006100077,1960,New York,36,New York,061,5600,51000,,0077,,1450,TRACT 77 NEW YORK CITY MANHATTAN,001,3,15,0,0,0,0,1,1,0,6602,93,43
G36006100078,1960,New York,36,New York,061,5600,51000,,0078,,1450,TRACT 78 NEW YORK CITY MANHATTAN,001,3,15,0,0,0,0,1,1,0,3260,14,19
G36006100079,1960,New York,36,New York,061,5600,51000,,0079,,1450,TRACT 79 NEW YORK CITY MANHATTAN,001,3,15,0,0,0,0,1,1,0,2210,145,30
G36006100080,1960,New York,36,New York,061,5600,51000,,0080,,1450,TRACT 80 NEW YORK CITY MANHATTAN,001,3,15,0,0,0,0,1,1,0,5425,25,23
G36006100081,1960,New York,36,New York,061,5600,51000,,0081,,1450,TRACT 81 NEW YORK CITY MANHATTAN,001,3,15,0,0,0,0,1,0,0,7457,121,56
G36006100082,1960,New York,36,New York,061,5600,51000,,0082,,1450,TRACT 82 NEW YORK CITY MANHATTAN,001,3,15,0,0,0,0,1,1,0,2908,5,6
G36006100083,1960,New York,36,New York,061,5600,51000,,0083,,1450,TRACT 83 NEW YORK CITY MANHATTAN,001,3,15,0,0,0,0,1,0,0,4430,125,47
G36006100084,1960,New York,36,New York,061,5600,51000,,0084,,1450,TRACT 84 NEW YORK CITY MANHATTAN,001,3,15,0,0,1,0,1,1,0,252,16,5
G36006100085,1960,New York,36,New York,061,5600,51000,,0085,,1450,TRACT 85 NEW YORK CITY MANHATTAN,001,3,15,0,1,1,1,1,1,2,207,3,3
G36006100086,1960,New York,36,New York,061,5600,51000,,0086,,1450,TRACT 86 NEW YORK CITY MANHATTAN,001,3,15,0,0,0,0,1,1,0,4837,18,26
G36006100087,1960,New York,36,New York,061,5600,51000,,0087,,1450,TRACT 87 NEW YORK CITY MANHATTAN,001,3,15,0,0,0,0,1,0,0,5815,87,53
G36006100088,1960,New York,36,New York,061,5600,51000,,0088,,1450,TRACT 88 NEW YORK CITY MANHATTAN,001,3,15,0,0,0,0,1,1,0,6169,8,51
G36006100089,1960,New York,36,New York,061,5600,51000,,0089,,1450,TRACT 89 NEW YORK CITY MANHATTAN,001,3,15,0,0,0,0,1,0,0,8535,216,39
G36006100090,1960,New York,36,New York,061,5600,51000,,0090,,1450,TRACT 90 NEW YORK CITY MANHATTAN,001,3,15,0,0,0,0,1,1,0,4156,15,35
G36006100091,1960,New York,36,New York,061,5600,51000,,0091,,1450,TRACT 91 NEW YORK CITY MANHATTAN,001,3,15,0,0,0,0,1,0,0,3864,86,15
G36006100092,1960,New York,36,New York,061,5600,51000,,0092,,1450,TRACT 92 NEW YORK CITY MANHATTAN,001,3,15,0,0,0,0,1,1,0,2748,48,14
G36006100093,1960,New York,36,New York,061,5600,51000,,0093,,1450,TRACT 93 NEW YORK CITY MANHATTAN,001,3,15,0,0,0,0,0,0,0,9138,570,57
G36006100094,1960,New York,36,New York,061,5600,51000,,0094,,1450,TRACT 94 NEW YORK CITY MANHATTAN,001,3,15,0,0,1,0,1,1,0,443,3,0
G36006100095,1960,New York,36,New York,061,5600,51000,,0095,,1450,TRACT 95 NEW YORK CITY MANHATTAN,001,3,15,0,0,1,0,1,0,0,1273,68,31
G36006100096,1960,New York,36,New York,061,5600,51000,,0096,,1450,TRACT 96 NEW YORK CITY MANHATTAN,001,3,15,0,0,1,0,1,1,0,932,28,7
G36006100097,1960,New York,36,New York,061,5600,51000,,0097,,1450,TRACT 97 NEW YORK CITY MANHATTAN,001,3,15,0,0,0,0,0,0,0,3353,775,41
G36006100098,1960,New York,36,New York,061,5600,51000,,0098,,1450,TRACT 98 NEW YORK CITY MANHATTAN,001,3,15,0,0,0,0,1,1,0,7222,36,77
G36006100099,1960,New York,36,New York,061,5600,51000,,0099,,1450,TRACT 99 NEW YORK CITY MANHATTAN,001,3,15,0,0,1,0,1,1,0,739,44,1
G36006100100,1960,New York,36,New York,061,5600,51000,,0100,,1450,TRACT 100 NEW YORK CITY MANHATTAN,001,3,15,0,0,0,0,1,1,0,3217,24,26
G36006100101,1960,New York,36,New York,061,5600,51000,,0101,,1450,TRACT 101 NEW YORK CITY MANHATTAN,001,3,15,0,0,1,0,1,1,0,327,5,1
G36006100102,1960,New York,36,New York,061,5600,51000,,0102,,1450,TRACT 102 NEW YORK CITY MANHATTAN,001,3,15,0,0,1,0,1,1,0,693,1,1
G36006100103,1960,New York,36,New York,061,5600,51000,,0103,,1450,TRACT 103 NEW YORK CITY MANHATTAN,001,3,15,0,0,0,0,1,1,0,1397,185,23
G36006100104,1960,New York,36,New York,061,5600,51000,,0104,,1450,TRACT 104 NEW YORK CITY MANHATTAN,001,3,15,0,0,0,0,1,1,0,1701,18,14
G360061001060,1960,New York,36,New York,061,5600,51000,,0106,0,1450,TRACT 106-0 NEW YORK CITY MANHATTAN,001,3,15,0,0,0,0,1,1,0,7339,35,21
G360061001061,1960,New York,36,New York,061,5600,51000,,0106,1,1450,TRACT 106-1 NEW YORK CITY MANHATTAN,001,3,15,0,0,0,0,1,1,0,2945,6,19
G36006100108,1960,New York,36,New York,061,5600,51000,,0108,,1450,TRACT 108 NEW YORK CITY MANHATTAN,001,3,15,0,0,0,0,1,1,0,6768,35,120
G36006100109,1960,New York,36,New York,061,5600,51000,,0109,,1450,TRACT 109 NEW YORK CITY MANHATTAN,001,3,15,0,0,0,0,1,1,0,259,48,1
G36006100110,1960,New York,36,New York,061,5600,51000,,0110,,1450,TRACT 110 NEW YORK CITY MANHATTAN,001,3,15,0,0,0,0,1,1,0,4468,21,54
G36006100111,1960,New York,36,New York,061,5600,51000,,0111,,1450,TRACT 111 NEW YORK CITY MANHATTAN,001,3,15,0,0,1,0,1,0,0,3815,121,39
G36006100112,1960,New York,36,New York,061,5600,51000,,0112,,1450,TRACT 112 NEW YORK CITY MANHATTAN,001,3,15,0,0,0,0,1,1,0,3951,18,28
G36006100113,1960,New York,36,New York,061,5600,51000,,0113,,1450,TRACT 113 NEW YORK CITY MANHATTAN,001,3,15,0,0,1,0,1,1,0,365,76,9
G36006100114,1960,New York,36,New York,061,5600,51000,,0114,,1450,TRACT 114 NEW YORK CITY MANHATTAN,001,3,15,0,0,0,0,1,1,0,4710,31,21
G36006100115,1960,New York,36,New York,061,5600,51000,,0115,,1450,TRACT 115 NEW YORK CITY MANHATTAN,001,3,15,0,0,0,0,1,1,0,1826,7,16
G36006100116,1960,New York,36,New York,061,5600,51000,,0116,,1450,TRACT 116 NEW YORK CITY MANHATTAN,001,3,15,0,0,0,0,1,1,0,5268,58,126
G36006100117,1960,New York,36,New York,061,5600,51000,,0117,,1450,TRACT 117 NEW YORK CITY MANHATTAN,001,3,15,0,0,1,0,1,1,0,634,1,0
G36006100118,1960,New York,36,New York,061,5600,51000,,0118,,1450,TRACT 118 NEW YORK CITY MANHATTAN,001,3,15,0,0,0,0,1,1,0,7615,210,37
G36006100119,1960,New York,36,New York,061,5600,51000,,0119,,1450,TRACT 119 NEW YORK CITY MANHATTAN,001,3,15,0,0,0,0,1,1,0,1999,262,76
G36006100120,1960,New York,36,New York,061,5600,51000,,0120,,1450,TRACT 120 NEW YORK CITY MANHATTAN,001,3,15,0,0,0,0,1,1,0,3533,32,6
G36006100121,1960,New York,36,New York,061,5600,51000,,0121,,1450,TRACT 121 NEW YORK CITY MANHATTAN,001,3,15,0,0,0,0,1,0,0,7319,77,79
G36006100122,1960,New York,36,New York,061,5600,51000,,0122,,1450,TRACT 122 NEW YORK CITY MANHATTAN,001,3,15,0,0,0,0,1,1,0,5605,57,22
G36006100123,1960,New York,36,New York,061,5600,51000,,0123,,1450,TRACT 123 NEW YORK CITY MANHATTAN,001,3,15,0,1,1,1,1,1,2,698,54,7
G36006100124,1960,New York,36,New York,061,5600,51000,,0124,,1450,TRACT 124 NEW YORK CITY MANHATTAN,001,3,15,0,0,0,0,1,1,0,7209,32,51
G36006100125,1960,New York,36,New York,061,5600,51000,,0125,,1450,TRACT 125 NEW YORK CITY MANHATTAN,001,3,15,0,0,0,0,0,1,0,2759,369,174
G36006100126,1960,New York,36,New York,061,5600,51000,,0126,,1450,TRACT 126 NEW YORK CITY MANHATTAN,001,3,15,0,0,0,0,1,1,0,8801,26,63
G36006100127,1960,New York,36,New York,061,5600,51000,,0127,,1450,TRACT 127 NEW YORK CITY MANHATTAN,001,3,15,0,0,0,0,1,0,0,10434,132,74
G36006100128,1960,New York,36,New York,061,5600,51000,,0128,,1450,TRACT 128 NEW YORK CITY MANHATTAN,001,3,15,0,0,0,0,1,1,0,6398,64,43
G36006100129,1960,New York,36,New York,061,5600,51000,,0129,,1450,TRACT 129 NEW YORK CITY MANHATTAN,001,3,15,0,0,1,0,1,0,0,3043,13,6
G36006100130,1960,New York,36,New York,061,5600,51000,,0130,,1450,TRACT 130 NEW YORK CITY MANHATTAN,001,3,15,0,0,0,0,1,1,0,6811,89,23
G36006100131,1960,New York,36,New York,061,5600,51000,,0131,,1450,TRACT 131 NEW YORK CITY MANHATTAN,001,3,15,0,0,1,0,1,1,0,1401,148,24
G36006100132,1960,New York,36,New York,061,5600,51000,,0132,,1450,TRACT 132 NEW YORK CITY MANHATTAN,001,3,15,0,0,0,0,1,1,0,8524,21,45
G36006100133,1960,New York,36,New York,061,5600,51000,,0133,,1450,TRACT 133 NEW YORK CITY MANHATTAN,001,3,15,0,0,0,0,0,0,0,6453,569,199
G36006100134,1960,New York,36,New York,061,5600,51000,,0134,,1450,TRACT 134 NEW YORK CITY MANHATTAN,001,3,15,0,0,0,0,1,1,0,9953,23,52
G36006100135,1960,New York,36,New York,061,5600,51000,,0135,,1450,TRACT 135 NEW YORK CITY MANHATTAN,001,3,15,0,0,0,0,1,1,0,1449,33,0
G36006100136,1960,New York,36,New York,061,5600,51000,,0136,,1450,TRACT 136 NEW YORK CITY MANHATTAN,001,3,15,0,0,0,0,1,1,0,13047,45,65
G36006100137,1960,New York,36,New York,061,5600,51000,,0137,,1450,TRACT 137 NEW YORK CITY MANHATTAN,001,3,15,0,0,0,0,1,1,0,7238,109,35
G36006100138,1960,New York,36,New York,061,5600,51000,,0138,,1450,TRACT 138 NEW YORK CITY MANHATTAN,001,3,15,0,0,0,0,1,1,0,10064,61,52
G36006100139,1960,New York,36,New York,061,5600,51000,,0139,,1450,TRACT 139 NEW YORK CITY MANHATTAN,001,3,15,0,0,0,0,1,0,0,9126,163,123
G36006100140,1960,New York,36,New York,061,5600,51000,,0140,,1450,TRACT 140 NEW YORK CITY MANHATTAN,001,3,15,0,0,0,0,1,1,0,8103,86,25
G36006100141,1960,New York,36,New York,061,5600,51000,,0141,,1450,TRACT 141 NEW YORK CITY MANHATTAN,001,3,15,0,0,1,0,1,1,0,590,4,0
G36006100142,1960,New York,36,New York,061,5600,51000,,0142,,1450,TRACT 142 NEW YORK CITY MANHATTAN,001,3,15,0,0,0,0,1,1,0,6269,78,23
G36006100143,1960,New York,36,New York,061,5600,51000,,0143,,1450,TRACT 143 NEW YORK CITY MANHATTAN,001,3,15,1,1,1,1,1,1,0,0,0,0
G36006100144,1960,New York,36,New York,061,5600,51000,,0144,,1450,TRACT 144 NEW YORK CITY MANHATTAN,001,3,15,0,0,0,0,1,1,0,9324,44,50
G36006100145,1960,New York,36,New York,061,5600,51000,,0145,,1450,TRACT 145 NEW YORK CITY MANHATTAN,001,3,15,0,0,0,0,1,1,0,2118,30,23
G36006100146,1960,New York,36,New York,061,5600,51000,,0146,,1450,TRACT 146 NEW YORK CITY MANHATTAN,001,3,15,0,0,0,0,1,1,0,9214,76,59
G36006100147,1960,New York,36,New York,061,5600,51000,,0147,,1450,TRACT 147 NEW YORK CITY MANHATTAN,001,3,15,0,0,1,0,1,1,0,480,160,17
G36006100148,1960,New York,36,New York,061,5600,51000,,0148,,1450,TRACT 148 NEW YORK CITY MANHATTAN,001,3,15,0,0,0,0,1,1,0,8107,88,68
G36006100149,1960,New York,36,New York,061,5600,51000,,0149,,1450,TRACT 149 NEW YORK CITY MANHATTAN,001,3,15,0,0,0,0,1,0,0,4447,305,57
G36006100150,1960,New York,36,New York,061,5600,51000,,0150,,1450,TRACT 150 NEW YORK CITY MANHATTAN,001,3,15,0,0,0,0,1,1,0,9161,170,39
G36006100151,1960,New York,36,New York,061,5600,51000,,0151,,1450,TRACT 151 NEW YORK CITY MANHATTAN,001,3,15,0,1,1,1,1,1,2,2960,2611,27
G36006100152,1960,New York,36,New York,061,5600,51000,,0152,,1450,TRACT 152 NEW YORK CITY MANHATTAN,001,3,15,0,0,0,0,1,1,0,2615,15,34
G36006100153,1960,New York,36,New York,061,5600,51000,,0153,,1450,TRACT 153 NEW YORK CITY MANHATTAN,001,3,15,0,0,0,0,1,0,0,8326,231,149
G36006100154,1960,New York,36,New York,061,5600,51000,,0154,,1450,TRACT 154 NEW YORK CITY MANHATTAN,001,3,15,0,0,0,0,1,1,0,7778,42,23
G36006100155,1960,New York,36,New York,061,5600,51000,,0155,,1450,TRACT 155 NEW YORK CITY MANHATTAN,001,3,15,0,0,0,0,1,1,0,591,4,1
G36006100156,1960,New York,36,New York,061,5600,51000,,0156,,1450,TRACT 156 NEW YORK CITY MANHATTAN,001,3,15,0,0,0,0,0,0,0,6330,892,83
G36006100157,1960,New York,36,New York,061,5600,51000,,0157,,1450,TRACT 157 NEW YORK CITY MANHATTAN,001,3,15,0,0,0,0,0,0,0,12510,624,164
G36006100158,1960,New York,36,New York,061,5600,51000,,0158,,1450,TRACT 158 NEW YORK CITY MANHATTAN,001,3,15,0,0,0,0,0,0,0,9922,362,93
G36006100159,1960,New York,36,New York,061,5600,51000,,0159,,1450,TRACT 159 NEW YORK CITY MANHATTAN,001,3,15,0,0,0,0,1,1,0,10401,97,127
G36006100160,1960,New York,36,New York,061,5600,51000,,0160,,1450,TRACT 160 NEW YORK CITY MANHATTAN,001,3,15,0,0,0,0,1,0,0,9129,139,78
G36006100161,1960,New York,36,New York,061,5600,51000,,0161,,1450,TRACT 161 NEW YORK CITY MANHATTAN,001,3,15,0,0,0,0,0,0,0,8754,397,100
G36006100162,1960,New York,36,New York,061,5600,51000,,0162,,1450,TRACT 162 NEW YORK CITY MANHATTAN,001,3,15,0,0,0,0,0,0,0,3647,2178,25
G36006100163,1960,New York,36,New York,061,5600,51000,,0163,,1450,TRACT 163 NEW YORK CITY MANHATTAN,001,3,15,0,0,0,0,0,1,0,9777,412,92
G36006100164,1960,New York,36,New York,061,5600,51000,,0164,,1450,TRACT 164 NEW YORK CITY MANHATTAN,001,3,15,0,0,0,0,0,0,0,8803,4481,55
G36006100165,1960,New York,36,New York,061,5600,51000,,0165,,1450,TRACT 165 NEW YORK CITY MANHATTAN,001,3,15,0,0,0,0,0,0,0,9147,1190,84
G36006100166,1960,New York,36,New York,061,5600,51000,,0166,,1450,TRACT 166 NEW YORK CITY MANHATTAN,001,3,15,0,0,0,0,0,0,0,8057,2860,97
G36006100167,1960,New York,36,New York,061,5600,51000,,0167,,1450,TRACT 167 NEW YORK CITY MANHATTAN,001,3,15,0,0,0,0,0,0,0,8106,437,146
G36006100168,1960,New York,36,New York,061,5600,51000,,0168,,1450,TRACT 168 NEW YORK CITY MANHATTAN,001,3,15,0,0,0,0,0,0,0,6727,2977,68
G36006100169,1960,New York,36,New York,061,5600,51000,,0169,,1450,TRACT 169 NEW YORK CITY MANHATTAN,001,3,15,0,0,0,0,0,0,0,12004,2627,289
G36006100170,1960,New York,36,New York,061,5600,51000,,0170,,1450,TRACT 170 NEW YORK CITY MANHATTAN,001,3,15,0,0,0,0,0,0,0,5699,592,11
G36006100171,1960,New York,36,New York,061,5600,51000,,0171,,1450,TRACT 171 NEW YORK CITY MANHATTAN,001,3,15,0,0,0,0,0,0,0,11693,1021,208
G36006100172,1960,New York,36,New York,061,5600,51000,,0172,,1450,TRACT 172 NEW YORK CITY MANHATTAN,001,3,15,0,0,0,0,0,0,0,8766,1341,22
G36006100173,1960,New York,36,New York,061,5600,51000,,0173,,1450,TRACT 173 NEW YORK CITY MANHATTAN,001,3,15,0,0,0,0,0,0,0,11878,665,159
G36006100174,1960,New York,36,New York,061,5600,51000,,0174,,1450,TRACT 174 NEW YORK CITY MANHATTAN,001,3,15,0,0,0,0,0,0,0,6699,2298,34
G36006100175,1960,New York,36,New York,061,5600,51000,,0175,,1450,TRACT 175 NEW YORK CITY MANHATTAN,001,3,15,0,0,0,0,0,0,0,11408,586,181
G36006100176,1960,New York,36,New York,061,5600,51000,,0176,,1450,TRACT 176 NEW YORK CITY MANHATTAN,001,3,15,1,1,1,1,1,1,0,0,0,0
G36006100177,1960,New York,36,New York,061,5600,51000,,0177,,1450,TRACT 177 NEW YORK CITY MANHATTAN,001,3,15,0,0,0,0,0,0,0,12717,2224,132
G36006100178,1960,New York,36,New York,061,5600,51000,,0178,,1450,TRACT 178 NEW YORK CITY MANHATTAN,001,3,15,0,0,0,0,1,0,0,8049,300,21
G36006100179,1960,New York,36,New York,061,5600,51000,,0179,,1450,TRACT 179 NEW YORK CITY MANHATTAN,001,3,15,0,0,0,0,0,0,0,10728,528,131
G36006100180,1960,New York,36,New York,061,5600,51000,,0180,,1450,TRACT 180 NEW YORK CITY MANHATTAN,001,3,15,0,0,0,0,0,0,0,9514,2773,19
G36006100181,1960,New York,36,New York,061,5600,51000,,0181,,1450,TRACT 181 NEW YORK CITY MANHATTAN,001,3,15,0,0,0,0,0,0,0,9561,811,210
G36006100182,1960,New York,36,New York,061,5600,51000,,0182,,1450,TRACT 182 NEW YORK CITY MANHATTAN,001,3,15,0,0,0,0,0,0,0,7147,5339,33
G36006100183,1960,New York,36,New York,061,5600,51000,,0183,,1450,TRACT 183 NEW YORK CITY MANHATTAN,001,3,15,0,0,0,0,0,0,0,9412,1280,155
G36006100184,1960,New York,36,New York,061,5600,51000,,0184,,1450,TRACT 184 NEW YORK CITY MANHATTAN,001,3,15,0,0,0,0,0,0,0,1558,7920,17
G36006100185,1960,New York,36,New York,061,5600,51000,,0185,,1450,TRACT 185 NEW YORK CITY MANHATTAN,001,3,15,0,0,0,0,1,1,0,1295,182,84
G36006100186,1960,New York,36,New York,061,5600,51000,,0186,,1450,TRACT 186 NEW YORK CITY MANHATTAN,001,3,15,0,0,0,0,0,0,0,2499,7249,35
G36006100187,1960,New York,36,New York,061,5600,51000,,0187,,1450,TRACT 187 NEW YORK CITY MANHATTAN,001,3,15,0,0,0,0,0,0,0,10255,2157,398
G36006100188,1960,New York,36,New York,061,5600,51000,,0188,,1450,TRACT 188 NEW YORK CITY MANHATTAN,001,3,15,0,0,0,0,0,0,0,8212,526,56
G36006100189,1960,New York,36,New York,061,5600,51000,,0189,,1450,TRACT 189 NEW YORK CITY MANHATTAN,001,3,15,0,0,0,0,0,0,0,13584,5839,190
G36006100190,1960,New York,36,New York,061,5600,51000,,0190,,1450,TRACT 190 NEW YORK CITY MANHATTAN,001,3,15,0,0,0,0,0,0,0,358,7520,44
G36006100191,1960,New York,36,New York,061,5600,51000,,0191,,1450,TRACT 191 NEW YORK CITY MANHATTAN,001,3,15,0,0,0,0,0,0,0,10548,1352,413
G36006100192,1960,New York,36,New York,061,5600,51000,,0192,,1450,TRACT 192 NEW YORK CITY MANHATTAN,001,3,15,0,0,0,0,0,0,0,4931,1415,28
G36006100193,1960,New York,36,New York,061,5600,51000,,0193,,1450,TRACT 193 NEW YORK CITY MANHATTAN,001,3,15,0,0,0,0,0,0,0,9433,2460,233
G36006100194,1960,New York,36,New York,061,5600,51000,,0194,,1450,TRACT 194 NEW YORK CITY MANHATTAN,001,3,15,0,0,0,0,0,0,0,7922,2243,98
G36006100195,1960,New York,36,New York,061,5600,51000,,0195,,1450,TRACT 195 NEW YORK CITY MANHATTAN,001,3,15,0,0,0,0,0,0,0,9522,625,382
G36006100196,1960,New York,36,New York,061,5600,51000,,0196,,1450,TRACT 196 NEW YORK CITY MANHATTAN,001,3,15,0,0,0,0,0,0,0,4786,3052,13
G360061001970,1960,New York,36,New York,061,5600,51000,,0197,0,1450,TRACT 197-0 NEW YORK CITY MANHATTAN,001,3,15,0,0,1,1,1,1,0,115,1,2
G360061001971,1960,New York,36,New York,061,5600,51000,,0197,1,1450,TRACT 197-1 NEW YORK CITY MANHATTAN,001,3,15,0,0,0,0,0,1,0,109,3789,17
G36006100198,1960,New York,36,New York,061,5600,51000,,0198,,1450,TRACT 198 NEW YORK CITY MANHATTAN,001,3,15,0,0,0,0,0,0,0,872,4397,20
G36006100199,1960,New York,36,New York,061,5600,51000,,0199,,1450,TRACT 199 NEW YORK CITY MANHATTAN,001,3,15,0,0,0,0,0,0,0,10983,1029,615
G36006100200,1960,New York,36,New York,061,5600,51000,,0200,,1450,TRACT 200 NEW YORK CITY MANHATTAN,001,3,15,0,0,0,0,0,1,0,130,5928,43
G360061002010,1960,New York,36,New York,061,5600,51000,,0201,0,1450,TRACT 201-0 NEW YORK CITY MANHATTAN,001,3,15,0,0,1,0,1,1,0,2514,189,66
G360061002011,1960,New York,36,New York,061,5600,51000,,0201,1,1450,TRACT 201-1 NEW YORK CITY MANHATTAN,001,3,15,0,0,0,0,0,1,0,118,6459,27
G36006100202,1960,New York,36,New York,061,5600,51000,,0202,,1450,TRACT 202 NEW YORK CITY MANHATTAN,001,3,15,0,0,0,0,0,0,0,1735,1379,13
G36006100203,1960,New York,36,New York,061,5600,51000,,0203,,1450,TRACT 203 NEW YORK CITY MANHATTAN,001,3,15,0,0,0,0,1,1,0,3884,99,238
G36006100204,1960,New York,36,New York,061,5600,51000,,0204,,1450,TRACT 204 NEW YORK CITY MANHATTAN,001,3,15,0,0,0,0,0,0,0,913,2204,184
G36006100205,1960,New York,36,New York,061,5600,51000,,0205,,1450,TRACT 205 NEW YORK CITY MANHATTAN,001,3,15,0,0,0,0,0,1,0,5108,696,215
G36006100206,1960,New York,36,New York,061,5600,51000,,0206,,1450,TRACT 206 NEW YORK CITY MANHATTAN,001,3,15,0,0,0,0,0,1,0,177,7678,35
G360061002070,1960,New York,36,New York,061,5600,51000,,0207,0,1450,TRACT 207-0 NEW YORK CITY MANHATTAN,001,3,15,0,0,1,0,0,1,0,3188,515,197
G360061002071,1960,New York,36,New York,061,5600,51000,,0207,1,1450,TRACT 207-1 NEW YORK CITY MANHATTAN,001,3,15,0,0,0,0,0,1,0,31,6402,10
G36006100208,1960,New York,36,New York,061,5600,51000,,0208,,1450,TRACT 208 NEW YORK CITY MANHATTAN,001,3,15,0,0,0,0,0,1,0,44,10311,13
G360061002090,1960,New York,36,New York,061,5600,51000,,0209,0,1450,TRACT 209-0 NEW YORK CITY MANHATTAN,001,3,15,0,0,0,0,0,0,0,1395,4236,67
G360061002091,1960,New York,36,New York,061,5600,51000,,0209,1,1450,TRACT 209-1 NEW YORK CITY MANHATTAN,001,3,15,0,0,0,0,0,1,0,57,2159,8
G36006100210,1960,New York,36,New York,061,5600,51000,,0210,,1450,TRACT 210 NEW YORK CITY MANHATTAN,001,3,15,0,0,0,0,0,0,0,459,8347,18
G36006100211,1960,New York,36,New York,061,5600,51000,,0211,,1450,TRACT 211 NEW YORK CITY MANHATTAN,001,3,15,0,0,0,0,0,0,0,9207,3106,688
G36006100212,1960,New York,36,New York,061,5600,51000,,0212,,1450,TRACT 212 NEW YORK CITY MANHATTAN,001,3,15,0,0,0,0,0,1,0,61,6630,30
G360061002130,1960,New York,36,New York,061,5600,51000,,0213,0,1450,TRACT 213-0 NEW YORK CITY MANHATTAN,001,3,15,0,0,0,0,0,1,0,167,5415,33
G360061002131,1960,New York,36,New York,061,5600,51000,,0213,1,1450,TRACT 213-1 NEW YORK CITY MANHATTAN,001,3,15,0,0,1,0,0,1,0,5,2221,2
G36006100214,1960,New York,36,New York,061,5600,51000,,0214,,1450,TRACT 214 NEW YORK CITY MANHATTAN,001,3,15,0,0,1,0,0,1,0,10,2626,8
G36006100216,1960,New York,36,New York,061,5600,51000,,0216,,1450,TRACT 216 NEW YORK CITY MANHATTAN,001,3,15,0,0,0,0,0,1,0,274,13681,60
G360061002170,1960,New York,36,New York,061,5600,51000,,0217,0,1450,TRACT 217-0 NEW YORK CITY MANHATTAN,001,3,15,0,0,0,0,0,0,0,729,1452,27
G360061002171,1960,New York,36,New York,061,5600,51000,,0217,1,1450,TRACT 217-1 NEW YORK CITY MANHATTAN,001,3,15,0,0,0,0,0,1,0,5,2671,3
G36006100218,1960,New York,36,New York,061,5600,51000,,0218,,1450,TRACT 218 NEW YORK CITY MANHATTAN,001,3,15,0,0,0,0,0,1,0,163,12061,31
G36006100219,1960,New York,36,New York,061,5600,51000,,0219,,1450,TRACT 219 NEW YORK CITY MANHATTAN,001,3,15,0,0,0,0,0,0,0,3316,872,42
G36006100220,1960,New York,36,New York,061,5600,51000,,0220,,1450,TRACT 220 NEW YORK CITY MANHATTAN,001,3,15,0,0,0,0,0,1,0,83,10799,42
G360061002210,1960,New York,36,New York,061,5600,51000,,0221,0,1450,TRACT 221-0 NEW YORK CITY MANHATTAN,001,3,15,0,0,0,0,0,0,0,629,755,4
G360061002211,1960,New York,36,New York,061,5600,51000,,0221,1,1450,TRACT 221-1 NEW YORK CITY MANHATTAN,001,3,15,0,0,0,0,0,1,0,12,4516,13
G36006100222,1960,New York,36,New York,061,5600,51000,,0222,,1450,TRACT 222 NEW YORK CITY MANHATTAN,001,3,15,0,0,0,0,0,1,0,47,6562,20
G36006100223,1960,New York,36,New York,061,5600,51000,,0223,,1450,TRACT 223 NEW YORK CITY MANHATTAN,001,3,15,0,0,0,0,0,0,0,9538,527,240
G36006100224,1960,New York,36,New York,061,5600,51000,,0224,,1450,TRACT 224 NEW YORK CITY MANHATTAN,001,3,15,0,0,0,0,0,0,0,687,12189,28
G36006100225,1960,New York,36,New York,061,5600,51000,,0225,,1450,TRACT 225 NEW YORK CITY MANHATTAN,001,3,15,0,0,0,0,0,0,0,7813,2620,259
G36006100226,1960,New York,36,New York,061,5600,51000,,0226,,1450,TRACT 226 NEW YORK CITY MANHATTAN,001,3,15,0,0,0,0,0,1,0,22,9410,10
G360061002270,1960,New York,36,New York,061,5600,51000,,0227,0,1450,TRACT 227-0 NEW YORK CITY MANHATTAN,001,3,15,0,0,0,0,0,1,0,225,6420,16
G360061002271,1960,New York,36,New York,061,5600,51000,,0227,1,1450,TRACT 227-1 NEW YORK CITY MANHATTAN,001,3,15,0,0,0,0,0,1,0,5,2599,26
G36006100228,1960,New York,36,New York,061,5600,51000,,0228,,1450,TRACT 228 NEW YORK CITY MANHATTAN,001,3,15,0,0,0,0,0,1,0,48,9305,22
G36006100229,1960,New York,36,New York,061,5600,51000,,0229,,1450,TRACT 229 NEW YORK CITY MANHATTAN,001,3,15,0,0,0,0,0,0,0,3832,5660,112
G36006100230,1960,New York,36,New York,061,5600,51000,,0230,,1450,TRACT 230 NEW YORK CITY MANHATTAN,001,3,15,0,0,0,0,0,1,0,37,12648,81
G360061002310,1960,New York,36,New York,061,5600,51000,,0231,0,1450,TRACT 231-0 NEW YORK CITY MANHATTAN,001,3,15,0,0,0,0,0,1,0,98,7824,34
G360061002311,1960,New York,36,New York,061,5600,51000,,0231,1,1450,TRACT 231-1 NEW YORK CITY MANHATTAN,001,3,15,0,0,0,0,0,1,0,26,3821,12
G36006100232,1960,New York,36,New York,061,5600,51000,,0232,,1450,TRACT 232 NEW YORK CITY MANHATTAN,001,3,15,0,0,0,0,0,1,0,33,12627,46
G36006100233,1960,New York,36,New York,061,5600,51000,,0233,,1450,TRACT 233 NEW YORK CITY MANHATTAN,001,3,15,0,0,0,0,0,0,0,1389,7233,73
G36006100234,1960,New York,36,New York,061,5600,51000,,0234,,1450,TRACT 234 NEW YORK CITY MANHATTAN,001,3,15,0,0,0,0,0,1,0,24,7718,24
G360061002350,1960,New York,36,New York,061,5600,51000,,0235,0,1450,TRACT 235-0 NEW YORK CITY MANHATTAN,001,3,15,0,0,0,0,0,1,0,54,6363,36
G360061002351,1960,New York,36,New York,061,5600,51000,,0235,1,1450,TRACT 235-1 NEW YORK CITY MANHATTAN,001,3,15,0,0,0,0,0,1,0,23,3401,14
G36006100236,1960,New York,36,New York,061,5600,51000,,0236,,1450,TRACT 236 NEW YORK CITY MANHATTAN,001,3,15,0,0,0,0,0,1,0,90,4996,17
G36006100237,1960,New York,36,New York,061,5600,51000,,0237,,1450,TRACT 237 NEW YORK CITY MANHATTAN,001,3,15,0,0,0,0,0,0,0,3304,4802,56
G36006100238,1960,New York,36,New York,061,5600,51000,,0238,,1450,TRACT 238 NEW YORK CITY MANHATTAN,001,3,15,0,0,1,0,0,1,0,2807,756,63
G36006100239,1960,New York,36,New York,061,5600,51000,,0239,,1450,TRACT 239 NEW YORK CITY MANHATTAN,001,3,15,0,0,0,0,0,1,0,15,2895,19
G36006100240,1960,New York,36,New York,061,5600,51000,,0240,,1450,TRACT 240 NEW YORK CITY MANHATTAN,001,3,15,0,0,1,0,0,1,0,2888,647,10
G36006100241,1960,New York,36,New York,061,5600,51000,,0241,,1450,TRACT 241 NEW YORK CITY MANHATTAN,001,3,15,0,0,0,0,0,0,0,4185,3361,72
G360061002430,1960,New York,36,New York,061,5600,51000,,0243,0,1450,TRACT 243-0 NEW YORK CITY MANHATTAN,001,3,15,0,0,0,0,0,1,0,355,4558,30
G360061002431,1960,New York,36,New York,061,5600,51000,,0243,1,1450,TRACT 243-1 NEW YORK CITY MANHATTAN,001,3,15,0,0,0,0,0,1,0,145,3502,5
G36006100245,1960,New York,36,New York,061,5600,51000,,0245,,1450,TRACT 245 NEW YORK CITY MANHATTAN,001,3,15,0,0,0,0,0,0,0,10233,4156,68
G36006100247,1960,New York,36,New York,061,5600,51000,,0247,,1450,TRACT 247 NEW YORK CITY MANHATTAN,001,3,15,0,0,0,0,0,1,0,6219,395,47
G36006100249,1960,New York,36,New York,061,5600,51000,,0249,,1450,TRACT 249 NEW YORK CITY MANHATTAN,001,3,15,0,0,1,0,0,1,0,992,688,2
G36006100251,1960,New York,36,New York,061,5600,51000,,0251,,1450,TRACT 251 NEW YORK CITY MANHATTAN,001,3,15,0,0,0,0,0,0,0,2546,499,17
G36006100253,1960,New York,36,New York,061,5600,51000,,0253,,1450,TRACT 253 NEW YORK CITY MANHATTAN,001,3,15,0,0,0,0,1,0,0,11016,243,39
G36006100255,1960,New York,36,New York,061,5600,51000,,0255,,1450,TRACT 255 NEW YORK CITY MANHATTAN,001,3,15,0,0,0,0,1,1,0,6843,45,49
G36006100257,1960,New York,36,New York,061,5600,51000,,0257,,1450,TRACT 257 NEW YORK CITY MANHATTAN,001,3,15,1,1,1,1,1,1,0,0,0,0
G36006100261,1960,New York,36,New York,061,5600,51000,,0261,,1450,TRACT 261 NEW YORK CITY MANHATTAN,001,3,15,0,0,0,0,0,0,0,9795,479,50
G36006100263,1960,New York,36,New York,061,5600,51000,,0263,,1450,TRACT 263 NEW YORK CITY MANHATTAN,001,3,15,0,0,0,0,1,0,0,6425,106,32
G36006100265,1960,New York,36,New York,061,5600,51000,,0265,,1450,TRACT 265 NEW YORK CITY MANHATTAN,001,3,15,0,0,0,0,1,0,0,7862,106,22
G36006100267,1960,New York,36,New York,061,5600,51000,,0267,,1450,TRACT 267 NEW YORK CITY MANHATTAN,001,3,15,0,0,0,0,1,1,0,2475,6,14
G36006100269,1960,New York,36,New York,061,5600,51000,,0269,,1450,TRACT 269 NEW YORK CITY MANHATTAN,001,3,15,0,0,0,0,0,0,0,8486,522,28
G36006100271,1960,New York,36,New York,061,5600,51000,,0271,,1450,TRACT 271 NEW YORK CITY MANHATTAN,001,3,15,0,0,0,0,1,1,0,7973,175,20
G36006100273,1960,New York,36,New York,061,5600,51000,,0273,,1450,TRACT 273 NEW YORK CITY MANHATTAN,001,3,15,0,0,0,0,1,1,0,7214,18,15
G36006100275,1960,New York,36,New York,061,5600,51000,,0275,,1450,TRACT 275 NEW YORK CITY MANHATTAN,001,3,15,0,0,0,0,1,1,0,3373,7,2
G36006100277,1960,New York,36,New York,061,5600,51000,,0277,,1450,TRACT 277 NEW YORK CITY MANHATTAN,001,3,15,0,0,0,0,1,1,0,5502,29,16
G36006100279,1960,New York,36,New York,061,5600,51000,,0279,,1450,TRACT 279 NEW YORK CITY MANHATTAN,001,3,15,0,0,0,0,1,1,0,9812,38,112
G36006100281,1960,New York,36,New York,061,5600,51000,,0281,,1450,TRACT 281 NEW YORK CITY MANHATTAN,001,3,15,0,0,0,0,1,1,0,2966,9,13
G36006100283,1960,New York,36,New York,061,5600,51000,,0283,,1450,TRACT 283 NEW YORK CITY MANHATTAN,001,3,15,0,0,0,0,1,1,0,6032,48,41
G36006100285,1960,New York,36,New York,061,5600,51000,,0285,,1450,TRACT 285 NEW YORK CITY MANHATTAN,001,3,15,0,0,0,0,1,1,0,6467,30,27
G36006100287,1960,New York,36,New York,061,5600,51000,,0287,,1450,TRACT 287 NEW YORK CITY MANHATTAN,001,3,15,0,0,0,0,1,1,0,4370,13,0
G36006100289,1960,New York,36,New York,061,5600,51000,,0289,,1450,TRACT 289 NEW YORK CITY MANHATTAN,001,3,15,0,0,0,0,0,1,0,3912,1340,94
G36006100291,1960,New York,36,New York,061,5600,51000,,0291,,1450,TRACT 291 NEW YORK CITY MANHATTAN,001,3,15,0,0,0,0,1,1,0,10022,129,37
G36006100293,1960,New York,36,New York,061,5600,51000,,0293,,1450,TRACT 293 NEW YORK CITY MANHATTAN,001,3,15,0,0,0,0,1,1,0,7720,67,13
G36006100295,1960,New York,36,New York,061,5600,51000,,0295,,1450,TRACT 295 NEW YORK CITY MANHATTAN,001,3,15,0,0,0,0,1,1,0,7728,6,10
G36006100297,1960,New York,36,New York,061,5600,51000,,0297,,1450,TRACT 297 NEW YORK CITY MANHATTAN,001,3,15,0,0,1,0,1,1,0,453,0,0
G36006100301,1960,New York,36,New York,061,5600,51000,,0301,,1450,TRACT 301 NEW YORK CITY MANHATTAN,001,3,15,1,1,1,1,1,1,0,0,0,0
G36006100303,1960,New York,36,New York,061,5600,51000,,0303,,1450,TRACT 303 NEW YORK CITY MANHATTAN,001,3,15,0,0,0,0,1,1,0,4641,31,14
G36006100307,1960,New York,36,New York,061,5600,51000,,0307,,1450,TRACT 307 NEW YORK CITY MANHATTAN,001,3,15,0,0,0,0,1,1,0,4688,5,3
G36006100309,1960,New York,36,New York,061,5600,51000,,0309,,1450,TRACT 309 NEW YORK CITY MANHATTAN,001,3,15,0,0,0,0,0,1,0,7077,1032,19
G3600630CW0043,1960,New York,36,Niagara,063,1280,,CW,0043,,,TRACT CW-43 CAMBRIA TOWN,001,7,00,0,0,1,1,1,1,0,8889,42,49
G3600630LC0035,1960,New York,36,Niagara,063,1280,,LC,0035,,,TRACT LC-35 LOCKPORT CITY,004,4,00,0,0,1,1,1,1,0,4187,197,2
G3600630LC0036,1960,New York,36,Niagara,063,1280,,LC,0036,,,TRACT LC-36 LOCKPORT CITY,004,4,00,0,0,1,1,1,1,0,5322,182,23
G3600630LC0037,1960,New York,36,Niagara,063,1280,,LC,0037,,,TRACT LC-37 LOCKPORT CITY,004,4,00,0,0,1,1,1,1,0,3605,127,10
G3600630LC0038,1960,New York,36,Niagara,063,1280,,LC,0038,,,TRACT LC-38 LOCKPORT CITY,004,4,00,0,0,1,1,1,1,0,5009,8,3
G3600630LC0039,1960,New York,36,Niagara,063,1280,,LC,0039,,,TRACT LC-39 LOCKPORT CITY,004,4,00,0,0,1,1,1,1,0,7729,36,3
G3600630LE0044,1960,New York,36,Niagara,063,1280,,LE,0044,,0310,TRACT LE-44 LEWISTON TOWN,003,7,00,0,0,1,1,0,1,0,14706,40,874
G3600630LT0034,1960,New York,36,Niagara,063,1280,,LT,0034,,,TRACT LT-34 LOCKPORT TOWN,005,7,00,0,0,1,1,1,1,0,6435,50,7
G3600630NE0042,1960,New York,36,Niagara,063,1280,,NE,0042,,,TRACT NE-42 NEWFANE TOWN,006,7,00,0,0,1,1,1,1,0,8399,82,42
G3600630NF0001,1960,New York,36,Niagara,063,1280,,NF,0001,,0310,TRACT NF-1  NIAGARA FALLS CITY,008,4,12,0,0,0,0,1,1,0,5350,12,5
G3600630NF0002,1960,New York,36,Niagara,063,1280,,NF,0002,,0310,TRACT NF-2  NIAGARA FALLS CITY,008,4,12,0,0,0,0,0,1,0,1464,3964,8
G3600630NF0003,1960,New York,36,Niagara,063,1280,,NF,0003,,0310,TRACT NF-3  NIAGARA FALLS CITY,008,4,12,0,0,0,0,1,1,0,1976,35,11
G3600630NF0004,1960,New York,36,Niagara,063,1280,,NF,0004,,0310,TRACT NF-4  NIAGARA FALLS CITY,008,4,12,0,0,0,0,1,1,0,3252,2,26
G3600630NF0005,1960,New York,36,Niagara,063,1280,,NF,0005,,0310,TRACT NF-5  NIAGARA FALLS CITY,008,4,12,0,0,0,0,1,1,0,4434,30,65
G3600630NF0006,1960,New York,36,Niagara,063,1280,,NF,0006,,0310,TRACT NF-6  NIAGARA FALLS CITY,008,4,12,0,0,0,0,1,1,0,3781,10,52
G3600630NF0007,1960,New York,36,Niagara,063,1280,,NF,0007,,0310,TRACT NF-7  NIAGARA FALLS CITY,008,4,12,0,0,0,0,1,1,0,4061,1,0
G3600630NF0008,1960,New York,36,Niagara,063,1280,,NF,0008,,0310,TRACT NF-8  NIAGARA FALLS CITY,008,4,12,0,0,0,0,1,1,0,1593,6,1
G3600630NF0009,1960,New York,36,Niagara,063,1280,,NF,0009,,0310,TRACT NF-9  NIAGARA FALLS CITY,008,4,12,0,0,0,0,1,1,0,4357,13,22
G3600630NF0010,1960,New York,36,Niagara,063,1280,,NF,0010,,0310,TRACT NF-10 NIAGARA FALLS CITY,008,4,12,0,0,0,0,1,1,0,5091,10,9
G3600630NF0011,1960,New York,36,Niagara,063,1280,,NF,0011,,0310,TRACT NF-11 NIAGARA FALLS CITY,008,4,12,0,0,0,0,1,1,0,3780,0,83
G3600630NF0012,1960,New York,36,Niagara,063,1280,,NF,0012,,0310,TRACT NF-12 NIAGARA FALLS CITY,008,4,12,0,0,0,0,1,1,0,4534,1,36
G3600630NF0013,1960,New York,36,Niagara,063,1280,,NF,0013,,0310,TRACT NF-13 NIAGARA FALLS CITY,008,4,12,0,0,0,0,1,1,0,4706,32,20
G3600630NF0014,1960,New York,36,Niagara,063,1280,,NF,0014,,0310,TRACT NF-14 NIAGARA FALLS CITY,008,4,12,0,0,0,0,1,1,0,3884,5,16
G3600630NF0015,1960,New York,36,Niagara,063,1280,,NF,0015,,0310,TRACT NF-15 NIAGARA FALLS CITY,008,4,12,0,0,0,0,1,1,0,3135,231,101
G3600630NF0016,1960,New York,36,Niagara,063,1280,,NF,0016,,0310,TRACT NF-16 NIAGARA FALLS CITY,008,4,12,0,0,0,0,0,1,0,3761,1183,44
G3600630NF0017,1960,New York,36,Niagara,063,1280,,NF,0017,,0310,TRACT NF-17 NIAGARA FALLS CITY,008,4,12,0,0,0,0,0,1,0,4150,605,22
G3600630NF0018,1960,New York,36,Niagara,063,1280,,NF,0018,,0310,TRACT NF-18 NIAGARA FALLS CITY,008,4,12,0,0,0,0,1,1,0,3049,138,1
G3600630NF0019,1960,New York,36,Niagara,063,1280,,NF,0019,,0310,TRACT NF-19 NIAGARA FALLS CITY,008,4,12,0,0,0,0,1,1,0,2361,31,0
G3600630NF0020,1960,New York,36,Niagara,063,1280,,NF,0020,,0310,TRACT NF-20 NIAGARA FALLS CITY,008,4,12,0,0,0,0,1,1,0,3800,15,14
G3600630NF0021,1960,New York,36,Niagara,063,1280,,NF,0021,,0310,TRACT NF-21 NIAGARA FALLS CITY,008,4,12,0,0,0,0,1,1,0,4327,0,22
G3600630NF0022,1960,New York,36,Niagara,063,1280,,NF,0022,,0310,TRACT NF-22 NIAGARA FALLS CITY,008,4,12,0,0,0,0,1,1,0,5064,21,8
G3600630NF0023,1960,New York,36,Niagara,063,1280,,NF,0023,,0310,TRACT NF-23 NIAGARA FALLS CITY,008,4,12,0,0,0,0,1,1,0,4068,5,6
G3600630NF0024,1960,New York,36,Niagara,063,1280,,NF,0024,,0310,TRACT NF-24 NIAGARA FALLS CITY,008,4,12,0,0,0,0,0,1,0,6233,688,46
G3600630NF0025,1960,New York,36,Niagara,063,1280,,NF,0025,,0310,TRACT NF-25 NIAGARA FALLS CITY,008,4,12,0,0,0,0,1,1,0,2519,0,8
G3600630NT0026,1960,New York,36,Niagara,063,1280,,NT,0026,,,TRACT NT-26 NIAGARA TOWN,007,7,00,0,0,1,1,1,1,0,7340,90,73
G3600630NT0028,1960,New York,36,Niagara,063,1280,,NT,0028,,0310,TRACT NT-28 NORTH TONAWANDA CITY,009,4,10,0,0,1,1,1,1,0,9030,1,12
G3600630NT0029,1960,New York,36,Niagara,063,1280,,NT,0029,,0310,TRACT NT-29 NORTH TONAWANDA CITY,009,4,10,0,0,1,1,1,1,0,6306,0,22
G3600630NT0030,1960,New York,36,Niagara,063,1280,,NT,0030,,0310,TRACT NT-30 NORTH TONAWANDA CITY,009,4,10,0,0,1,1,1,1,0,4953,0,8
G3600630NT0031,1960,New York,36,Niagara,063,1280,,NT,0031,,0310,TRACT NT-31 NORTH TONAWANDA CITY,009,4,10,0,0,1,1,1,1,0,3607,0,11
G3600630NT0032,1960,New York,36,Niagara,063,1280,,NT,0032,,0310,TRACT NT-32 NORTH TONAWANDA CITY,009,4,10,0,0,1,1,1,1,0,4165,1,19
G3600630NT0033,1960,New York,36,Niagara,063,1280,,NT,0033,,0310,TRACT NT-33 NORTH TONAWANDA CITY,009,4,10,0,0,1,1,1,1,0,6604,1,17
G3600630PO0045,1960,New York,36,Niagara,063,1280,,PO,0045,,,TRACT PO-45 PORTER TOWN,011,7,00,0,0,1,1,1,1,0,7168,48,93
G3600630RO0040,1960,New York,36,Niagara,063,1280,,RO,0040,,,TRACT RO-40 ROYALTON TOWN,012,4,00,0,0,1,1,1,1,0,6560,3,22
G3600630SH0041,1960,New York,36,Niagara,063,1280,,SH,0041,,,TRACT SH-41 HARTLAND TOWN,002,7,00,0,0,1,1,1,1,0,6012,27,27
G3600630WP0027,1960,New York,36,Niagara,063,1280,,WP,0027,,,TRACT WP-27 PENDLETON TOWN,014,7,00,0,0,1,1,1,1,0,11521,57,19
G36006500001A,1960,New York,36,Oneida,065,8680,76540,,0001,A,2240,TRACT 1-A  UTICA CITY,022,3,12,0,0,0,0,1,1,0,111,151,2
G36006500001B,1960,New York,36,Oneida,065,8680,76540,,0001,B,2240,TRACT 1-B  UTICA CITY,022,3,12,0,0,0,0,1,1,0,122,7,0
G36006500002A,1960,New York,36,Oneida,065,8680,76540,,0002,A,2240,TRACT 2-A  UTICA CITY,022,3,12,0,0,0,0,0,1,0,335,1451,3
G36006500002B,1960,New York,36,Oneida,065,8680,76540,,0002,B,2240,TRACT 2-B  UTICA CITY,022,3,12,0,0,0,0,1,1,0,787,10,0
G36006500003,1960,New York,36,Oneida,065,8680,76540,,0003,,2240,TRACT 3    UTICA CITY,022,3,12,0,0,0,0,1,1,0,1448,335,1
G36006500004,1960,New York,36,Oneida,065,8680,76540,,0004,,2240,TRACT 4    UTICA CITY,022,3,12,0,0,0,0,1,1,0,1858,101,17
G36006500005,1960,New York,36,Oneida,065,8680,76540,,0005,,2240,TRACT 5    UTICA CITY,022,3,12,0,0,0,0,1,1,0,774,241,7
G36006500006,1960,New York,36,Oneida,065,8680,76540,,0006,,2240,TRACT 6    UTICA CITY,022,3,12,0,0,0,0,1,1,0,2126,44,1
G36006500007A,1960,New York,36,Oneida,065,8680,76540,,0007,A,2240,TRACT 7-A  UTICA CITY,022,3,12,0,0,0,0,1,1,0,5955,13,7
G36006500007B,1960,New York,36,Oneida,065,8680,76540,,0007,B,2240,TRACT 7-B  UTICA CITY,022,3,12,0,0,0,0,1,1,0,5315,3,2
G36006500008A,1960,New York,36,Oneida,065,8680,76540,,0008,A,2240,TRACT 8-A  UTICA CITY,022,3,12,0,0,0,0,1,1,0,1410,48,0
G36006500008B,1960,New York,36,Oneida,065,8680,76540,,0008,B,2240,TRACT 8-B  UTICA CITY,022,3,12,0,0,0,0,1,1,0,6044,18,0
G36006500008C,1960,New York,36,Oneida,065,8680,76540,,0008,C,2240,TRACT 8-C  UTICA CITY,022,3,12,0,0,0,0,1,1,0,5685,207,8
G36006500009,1960,New York,36,Oneida,065,8680,76540,,0009,,2240,TRACT 9    UTICA CITY,022,3,12,0,0,0,0,1,1,0,4605,34,8
G36006500010,1960,New York,36,Oneida,065,8680,76540,,0010,,2240,TRACT 10   UTICA CITY,022,3,12,0,0,0,0,1,1,0,3135,138,2
G36006500011A,1960,New York,36,Oneida,065,8680,76540,,0011,A,2240,TRACT 11-A UTICA CITY,022,3,12,0,0,0,0,1,1,0,2448,33,3
G36006500011B,1960,New York,36,Oneida,065,8680,76540,,0011,B,2240,TRACT 11-B UTICA CITY,022,3,12,0,0,0,0,1,1,0,4063,1,0
G36006500011C,1960,New York,36,Oneida,065,8680,76540,,0011,C,2240,TRACT 11-C UTICA CITY,022,3,12,0,0,0,0,1,1,0,2421,35,6
G36006500012A,1960,New York,36,Oneida,065,8680,76540,,0012,A,2240,TRACT 12-A UTICA CITY,022,3,12,0,0,0,0,1,1,0,4265,20,2
G36006500012B,1960,New York,36,Oneida,065,8680,76540,,0012,B,2240,TRACT 12-B UTICA CITY,022,3,12,0,0,0,0,1,1,0,3761,0,0
G36006500013A,1960,New York,36,Oneida,065,8680,76540,,0013,A,2240,TRACT 13-A UTICA CITY,022,3,12,0,0,0,0,1,1,0,2993,19,0
G36006500013B,1960,New York,36,Oneida,065,8680,76540,,0013,B,2240,TRACT 13-B UTICA CITY,022,3,12,0,0,0,0,1,1,0,5161,0,1
G36006500013C,1960,New York,36,Oneida,065,8680,76540,,0013,C,2240,TRACT 13-C UTICA CITY,022,3,12,0,0,0,0,1,1,0,3722,0,0
G36006500014A,1960,New York,36,Oneida,065,8680,76540,,0014,A,2240,TRACT 14-A UTICA CITY,022,3,12,0,0,0,0,1,1,0,3556,1,0
G36006500014B,1960,New York,36,Oneida,065,8680,76540,,0014,B,2240,TRACT 14-B UTICA CITY,022,3,12,0,0,0,0,1,1,0,2765,17,1
G36006500014C,1960,New York,36,Oneida,065,8680,76540,,0014,C,2240,TRACT 14-C UTICA CITY,022,3,12,0,0,1,0,1,1,0,2430,49,2
G36006500015,1960,New York,36,Oneida,065,8680,76540,,0015,,2240,TRACT 15   UTICA CITY,022,3,12,0,0,0,0,1,1,0,5248,68,4
G36006500016A,1960,New York,36,Oneida,065,8680,76540,,0016,A,2240,TRACT 16-A UTICA CITY,022,3,12,0,0,0,0,1,1,0,3833,18,7
G36006500016B,1960,New York,36,Oneida,065,8680,76540,,0016,B,2240,TRACT 16-B UTICA CITY,022,3,12,0,0,0,0,1,1,0,2783,27,5
G36006500017A,1960,New York,36,Oneida,065,8680,76540,,0017,A,2240,TRACT 17-A UTICA CITY,022,3,12,0,0,0,0,1,1,0,3957,3,3
G36006500017B,1960,New York,36,Oneida,065,8680,76540,,0017,B,2240,TRACT 17-B UTICA CITY,022,3,12,0,0,0,0,1,1,0,4101,0,9
G3600650NH0051,1960,New York,36,Oneida,065,8680,,NH,0051,,2240,TRACT NH-51 NEW HARTFORD TOWN,015,4,05,0,0,1,1,1,1,0,2468,0,0
G3600650NY0034,1960,New York,36,Oneida,065,8680,,NY,0034,,2240,TRACT NY-34 NEW HARTFORD TOWN,015,4,06,0,0,1,1,1,1,0,3788,0,0
G3600650OC0030,1960,New York,36,Oneida,065,8680,,OC,0030,,,TRACT OC-30 WESTMORELAND TOWN,027,7,00,0,0,1,1,1,1,0,4054,29,1
G3600650OC0035,1960,New York,36,Oneida,065,8680,,OC,0035,,2240,TRACT OC-35 WHITESTOWN TOWN,028,7,00,0,0,1,1,1,1,0,6091,1,7
G3600650OC0036,1960,New York,36,Oneida,065,8680,,OC,0036,,2240,TRACT OC-36 WHITESTOWN TOWN,028,7,00,0,0,1,1,1,1,0,790,0,0
G3600650OC0037,1960,New York,36,Oneida,065,8680,,OC,0037,,,TRACT OC-37 FLOYD TOWN,009,7,00,0,0,1,1,1,1,0,6112,29,11
G3600650OC0038,1960,New York,36,Oneida,065,8680,,OC,0038,,,TRACT OC-38 MARCY TOWN,013,7,00,0,0,1,1,1,1,0,3016,83,7
G3600650OC0039,1960,New York,36,Oneida,065,8680,,OC,0039,,,TRACT OC-39 DEERFIELD TOWN,007,7,00,0,0,1,1,1,1,0,3547,6,1
G3600650OC0040,1960,New York,36,Oneida,065,8680,,OC,0040,,,TRACT OC-40 TRENTON TOWN,021,4,00,0,0,1,1,1,1,0,3415,0,2
G3600650OC0041,1960,New York,36,Oneida,065,8680,,OC,0041,,,TRACT OC-41 FORESTPORT TOWN,020,7,00,0,0,1,1,1,1,0,2528,6,1
G3600650OC0042,1960,New York,36,Oneida,065,8680,,OC,0042,,,TRACT OC-42 BOONVILLE TOWN,004,7,00,0,0,1,1,1,1,0,3778,1,7
G3600650OC0043,1960,New York,36,Oneida,065,8680,,OC,0043,,,TRACT OC-43 AVA TOWN,026,7,00,0,0,1,1,1,1,0,6610,17,4
G3600650OC0044,1960,New York,36,Oneida,065,8680,,OC,0044,,,TRACT OC-44 ANNSVILLE TOWN,008,7,00,0,0,1,1,1,1,0,2197,21,0
G3600650OC0045,1960,New York,36,Oneida,065,8680,,OC,0045,,,TRACT OC-45 CAMDEN TOWN,006,7,00,0,0,1,1,1,1,0,4309,9,0
G3600650OC0046,1960,New York,36,Oneida,065,8680,,OC,0046,,,TRACT OC-46 VIENNA TOWN,025,7,00,0,0,1,1,1,1,0,2896,0,0
G3600650OC0047,1960,New York,36,Oneida,065,8680,,OC,0047,,,TRACT OC-47 VERONA TOWN,024,7,00,0,0,1,1,1,1,0,5295,4,6
G3600650OC0049,1960,New York,36,Oneida,065,8680,,OC,0049,,,TRACT OC-49 VERNON TOWN,023,7,00,0,0,1,1,1,1,0,4202,2,20
G3600650OC0050,1960,New York,36,Oneida,065,8680,,OC,0050,,,TRACT OC-50 KIRKLAND TOWN,011,7,00,0,0,1,1,1,1,0,7950,22,6
G3600650OC0052,1960,New York,36,Oneida,065,8680,,OC,0052,,2240,TRACT OC-52 NEW HARTFORD TOWN,015,7,00,0,0,1,1,1,1,0,4734,5,7
G3600650OC0053,1960,New York,36,Oneida,065,8680,,OC,0053,,2240,TRACT OC-53 NEW HARTFORD TOWN,015,7,00,0,0,1,1,1,1,0,5467,3,1
G3600650OC0054,1960,New York,36,Oneida,065,8680,,OC,0054,,,TRACT OC-54 NEW HARTFORD TOWN,015,7,00,0,0,1,1,1,1,0,4150,3,1
G3600650OC0055,1960,New York,36,Oneida,065,8680,,OC,0055,,,TRACT OC-55 PARIS TOWN,016,7,00,0,0,1,1,1,1,0,4206,4,9
G3600650OC0056,1960,New York,36,Oneida,065,8680,,OC,0056,,,TRACT OC-56 AUGUSTA TOWN,014,4,00,0,0,1,1,1,1,0,3901,22,0
G3600650OC0057,1960,New York,36,Oneida,065,8680,,OC,0057,,,TRACT OC-57 BRIDGEWATER TOWN,019,7,00,0,0,1,1,1,1,0,3395,53,0
G3600650OR0031,1960,New York,36,Oneida,065,8680,,OR,0031,,2240,TRACT OR-31 WHITESTOWN TOWN,028,4,04,0,0,1,1,1,1,0,1569,11,0
G3600650R0018,1960,New York,36,Oneida,065,8680,63418,R,0018,,2240,TRACT R-18 ROME CITY,018,3,11,0,0,0,0,1,1,0,2771,171,5
G3600650R0019,1960,New York,36,Oneida,065,8680,63418,R,0019,,2240,TRACT R-19 ROME CITY,018,3,11,0,0,0,0,1,1,0,3056,167,1
G3600650R0020,1960,New York,36,Oneida,065,8680,63418,R,0020,,2240,TRACT R-20 ROME CITY,018,3,11,0,0,0,0,1,1,0,4716,60,15
G3600650R0021,1960,New York,36,Oneida,065,8680,63418,R,0021,,2240,TRACT R-21 ROME CITY,018,3,11,0,0,0,0,1,1,0,3886,6,7
G3600650R0022,1960,New York,36,Oneida,065,8680,63418,R,0022,,2240,TRACT R-22 ROME CITY,018,3,11,0,0,0,0,1,1,0,2959,3,0
G3600650R0023,1960,New York,36,Oneida,065,8680,63418,R,0023,,2240,TRACT R-23 ROME CITY,018,3,11,0,0,0,0,1,1,0,4974,81,10
G3600650R0024,1960,New York,36,Oneida,065,8680,63418,R,0024,,2240,TRACT R-24 ROME CITY,018,3,11,0,0,0,0,1,1,0,5050,141,8
G3600650R0025,1960,New York,36,Oneida,065,8680,63418,R,0025,,2240,TRACT R-25 ROME CITY,018,3,11,0,0,0,0,1,1,0,6056,305,6
G3600650R0026,1960,New York,36,Oneida,065,8680,63418,R,0026,,2240,TRACT R-26 ROME CITY,018,3,11,0,0,1,0,1,1,0,3611,270,41
G3600650R0027,1960,New York,36,Oneida,065,8680,63418,R,0027,,2240,TRACT R-27 ROME CITY,018,3,11,0,0,0,0,1,1,0,5528,16,7
G3600650R0028,1960,New York,36,Oneida,065,8680,63418,R,0028,,2240,TRACT R-28 ROME CITY,018,3,11,0,0,0,0,1,1,0,2958,28,1
G3600650R0029,1960,New York,36,Oneida,065,8680,63418,R,0029,,2240,TRACT R-29 ROME CITY,018,3,11,0,0,0,0,1,1,0,4625,90,17
G3600650SH0048,1960,New York,36,Oneida,065,8680,,SH,0048,,,TRACT SH-48 VERNON TOWN,023,4,00,0,0,1,1,1,1,0,2919,0,3
G3600650WH0032,1960,New York,36,Oneida,065,8680,,WH,0032,,2240,TRACT WH-32 WHITESTOWN TOWN,028,4,06,0,0,1,1,1,1,0,4780,1,3
G3600650YO0033,1960,New York,36,Oneida,065,8680,,YO,0033,,2240,TRACT YO-33 WHITESTOWN TOWN,028,4,06,0,0,1,1,1,1,0,3743,6,0
G36006700001,1960,New York,36,Onondaga,067,8160,73000,,0001,,2110,TRACT 1 SYRACUSE CITY,018,3,12,0,0,1,1,1,1,0,13,0,0
G36006700002,1960,New York,36,Onondaga,067,8160,73000,,0002,,2110,TRACT 2 SYRACUSE CITY,018,3,12,0,0,0,0,1,1,0,4808,23,3
G36006700003,1960,New York,36,Onondaga,067,8160,73000,,0003,,2110,TRACT 3 SYRACUSE CITY,018,3,12,0,0,0,0,1,1,0,2115,0,2
G36006700004,1960,New York,36,Onondaga,067,8160,73000,,0004,,2110,TRACT 4 SYRACUSE CITY,018,3,12,0,0,0,0,1,1,0,5182,2,12
G36006700005,1960,New York,36,Onondaga,067,8160,73000,,0005,,2110,TRACT 5 SYRACUSE CITY,018,3,12,0,0,0,0,1,1,0,2153,0,14
G36006700006,1960,New York,36,Onondaga,067,8160,73000,,0006,,2110,TRACT 6 SYRACUSE CITY,018,3,12,0,0,0,0,1,1,0,3832,0,5
G36006700007,1960,New York,36,Onondaga,067,8160,73000,,0007,,2110,TRACT 7 SYRACUSE CITY,018,3,12,0,0,0,0,1,1,0,1991,1,0
G36006700008,1960,New York,36,Onondaga,067,8160,73000,,0008,,2110,TRACT 8 SYRACUSE CITY,018,3,12,0,0,0,0,1,1,0,3343,0,0
G36006700009,1960,New York,36,Onondaga,067,8160,73000,,0009,,2110,TRACT 9 SYRACUSE CITY,018,3,12,0,0,0,0,1,1,0,4709,10,6
G36006700010,1960,New York,36,Onondaga,067,8160,73000,,0010,,2110,TRACT 10 SYRACUSE CITY,018,3,12,0,0,0,0,1,1,0,5608,58,2
G36006700011,1960,New York,36,Onondaga,067,8160,73000,,0011,,2110,TRACT 11 SYRACUSE CITY,018,3,12,0,0,0,0,1,1,0,259,0,0
G36006700012,1960,New York,36,Onondaga,067,8160,73000,,0012,,2110,TRACT 12 SYRACUSE CITY,018,3,12,0,0,0,0,1,1,0,371,0,0
G36006700013,1960,New York,36,Onondaga,067,8160,73000,,0013,,2110,TRACT 13 SYRACUSE CITY,018,3,12,0,0,0,0,1,1,0,2292,0,24
G36006700014,1960,New York,36,Onondaga,067,8160,73000,,0014,,2110,TRACT 14 SYRACUSE CITY,018,3,12,0,0,0,0,1,1,0,3445,1,1
G36006700015,1960,New York,36,Onondaga,067,8160,73000,,0015,,2110,TRACT 15 SYRACUSE CITY,018,3,12,0,0,0,0,1,1,0,3336,0,8
G36006700016,1960,New York,36,Onondaga,067,8160,73000,,0016,,2110,TRACT 16 SYRACUSE CITY,018,3,12,0,0,0,0,1,1,0,2838,2,15
G36006700017,1960,New York,36,Onondaga,067,8160,73000,,0017,,2110,TRACT 17 SYRACUSE CITY,018,3,12,0,0,0,0,1,1,0,4729,1,4
G36006700018,1960,New York,36,Onondaga,067,8160,73000,,0018,,2110,TRACT 18 SYRACUSE CITY,018,3,12,0,0,0,0,1,1,0,3757,5,0
G36006700019,1960,New York,36,Onondaga,067,8160,73000,,0019,,2110,TRACT 19 SYRACUSE CITY,018,3,12,0,0,0,0,1,1,0,4158,0,1
G36006700020,1960,New York,36,Onondaga,067,8160,73000,,0020,,2110,TRACT 20 SYRACUSE CITY,018,3,12,0,0,0,0,1,1,0,3643,5,6
G36006700021,1960,New York,36,Onondaga,067,8160,73000,,0021,,2110,TRACT 21 SYRACUSE CITY,018,3,12,0,0,0,0,1,1,0,3203,0,8
G36006700022,1960,New York,36,Onondaga,067,8160,73000,,0022,,2110,TRACT 22 SYRACUSE CITY,018,3,12,0,0,0,0,1,1,0,2368,15,7
G36006700023,1960,New York,36,Onondaga,067,8160,73000,,0023,,2110,TRACT 23 SYRACUSE CITY,018,3,12,0,0,0,0,1,1,0,4224,33,55
G36006700024,1960,New York,36,Onondaga,067,8160,73000,,0024,,2110,TRACT 24 SYRACUSE CITY,018,3,12,0,0,0,0,1,1,0,3780,153,40
G36006700025,1960,New York,36,Onondaga,067,8160,73000,,0025,,2110,TRACT 25 SYRACUSE CITY,018,3,12,0,0,0,0,1,1,0,2830,32,6
G36006700026,1960,New York,36,Onondaga,067,8160,73000,,0026,,2110,TRACT 26 SYRACUSE CITY,018,3,12,0,0,0,0,1,1,0,1312,0,0
G36006700027,1960,New York,36,Onondaga,067,8160,73000,,0027,,2110,TRACT 27 SYRACUSE CITY,018,3,12,0,0,0,0,1,1,0,2832,15,0
G36006700028,1960,New York,36,Onondaga,067,8160,73000,,0028,,2110,TRACT 28 SYRACUSE CITY,018,3,12,0,0,0,0,1,1,0,3127,0,2
G36006700029,1960,New York,36,Onondaga,067,8160,73000,,0029,,2110,TRACT 29 SYRACUSE CITY,018,3,12,0,0,0,0,1,1,0,1736,0,7
G36006700030,1960,New York,36,Onondaga,067,8160,73000,,0030,,2110,TRACT 30 SYRACUSE CITY,018,3,12,0,0,0,0,1,1,0,3718,220,67
G36006700031,1960,New York,36,Onondaga,067,8160,73000,,0031,,2110,TRACT 31 SYRACUSE CITY,018,3,12,0,0,0,0,1,1,0,1238,43,24
G36006700032,1960,New York,36,Onondaga,067,8160,73000,,0032,,2110,TRACT 32 SYRACUSE CITY,018,3,12,0,0,0,0,0,1,0,728,2047,22
G36006700033,1960,New York,36,Onondaga,067,8160,73000,,0033,,2110,TRACT 33 SYRACUSE CITY,018,3,12,0,0,0,0,0,1,0,1887,2583,65
G36006700034,1960,New York,36,Onondaga,067,8160,73000,,0034,,2110,TRACT 34 SYRACUSE CITY,018,3,12,0,0,0,0,0,1,0,2699,884,33
G36006700035,1960,New York,36,Onondaga,067,8160,73000,,0035,,2110,TRACT 35 SYRACUSE CITY,018,3,12,0,0,0,0,1,1,0,3544,229,14
G36006700036,1960,New York,36,Onondaga,067,8160,73000,,0036,,2110,TRACT 36 SYRACUSE CITY,018,3,12,0,0,0,0,1,1,0,4658,186,16
G36006700037,1960,New York,36,Onondaga,067,8160,73000,,0037,,2110,TRACT 37 SYRACUSE CITY,018,3,12,0,0,1,0,1,1,0,394,56,4
G36006700038,1960,New York,36,Onondaga,067,8160,73000,,0038,,2110,TRACT 38 SYRACUSE CITY,018,3,12,0,0,0,0,1,1,0,3449,3,17
G36006700039,1960,New York,36,Onondaga,067,8160,73000,,0039,,2110,TRACT 39 SYRACUSE CITY,018,3,12,0,0,0,0,1,1,0,7767,118,41
G36006700040,1960,New York,36,Onondaga,067,8160,73000,,0040,,2110,TRACT 40 SYRACUSE CITY,018,3,12,0,0,0,0,1,1,0,4650,35,76
G36006700041,1960,New York,36,Onondaga,067,8160,73000,,0041,,2110,TRACT 41 SYRACUSE CITY,018,3,12,0,0,0,0,0,1,0,2175,474,80
G36006700042,1960,New York,36,Onondaga,067,8160,73000,,0042,,2110,TRACT 42 SYRACUSE CITY,018,3,12,0,0,0,0,0,1,0,1952,3118,46
G36006700043,1960,New York,36,Onondaga,067,8160,73000,,0043,,2110,TRACT 43 SYRACUSE CITY,018,3,12,0,0,0,0,1,1,0,3492,113,59
G36006700044,1960,New York,36,Onondaga,067,8160,73000,,0044,,2110,TRACT 44 SYRACUSE CITY,018,3,12,0,0,0,0,1,1,0,5235,38,59
G36006700045,1960,New York,36,Onondaga,067,8160,73000,,0045,,2110,TRACT 45 SYRACUSE CITY,018,3,12,0,0,0,0,1,1,0,5473,23,24
G36006700046,1960,New York,36,Onondaga,067,8160,73000,,0046,,2110,TRACT 46 SYRACUSE CITY,018,3,12,0,0,0,0,1,1,0,1829,2,3
G36006700047,1960,New York,36,Onondaga,067,8160,73000,,0047,,2110,TRACT 47 SYRACUSE CITY,018,3,12,0,0,0,0,1,1,0,4261,41,24
G36006700048,1960,New York,36,Onondaga,067,8160,73000,,0048,,2110,TRACT 48 SYRACUSE CITY,018,3,12,0,0,0,0,1,1,0,1966,0,0
G36006700049,1960,New York,36,Onondaga,067,8160,73000,,0049,,2110,TRACT 49 SYRACUSE CITY,018,3,12,0,0,0,0,1,1,0,2105,0,0
G36006700050,1960,New York,36,Onondaga,067,8160,73000,,0050,,2110,TRACT 50 SYRACUSE CITY,018,3,12,0,0,0,0,1,1,0,3981,2,0
G36006700051,1960,New York,36,Onondaga,067,8160,73000,,0051,,2110,TRACT 51 SYRACUSE CITY,018,3,12,0,0,0,0,1,1,0,3767,0,12
G36006700052,1960,New York,36,Onondaga,067,8160,73000,,0052,,2110,TRACT 52 SYRACUSE CITY,018,3,12,0,0,0,0,1,1,0,5702,80,26
G36006700053,1960,New York,36,Onondaga,067,8160,73000,,0053,,2110,TRACT 53 SYRACUSE CITY,018,3,12,0,0,0,0,1,1,0,4107,335,48
G36006700054,1960,New York,36,Onondaga,067,8160,73000,,0054,,2110,TRACT 54 SYRACUSE CITY,018,3,12,0,0,0,0,1,1,0,5825,149,19
G36006700055,1960,New York,36,Onondaga,067,8160,73000,,0055,,2110,TRACT 55 SYRACUSE CITY,018,3,12,0,0,0,0,1,1,0,2252,6,13
G36006700056,1960,New York,36,Onondaga,067,8160,73000,,0056,,2110,TRACT 56 SYRACUSE CITY,018,3,12,0,0,0,0,1,1,0,4164,40,21
G36006700057,1960,New York,36,Onondaga,067,8160,73000,,0057,,2110,TRACT 57 SYRACUSE CITY,018,3,12,0,0,0,0,1,1,0,3254,5,4
G36006700058,1960,New York,36,Onondaga,067,8160,73000,,0058,,2110,TRACT 58 SYRACUSE CITY,018,3,12,0,0,0,0,1,1,0,3756,5,9
G36006700059,1960,New York,36,Onondaga,067,8160,73000,,0059,,2110,TRACT 59 SYRACUSE CITY,018,3,12,0,0,0,0,1,1,0,4140,4,7
G36006700060,1960,New York,36,Onondaga,067,8160,73000,,0060,,2110,TRACT 60 SYRACUSE CITY,018,3,12,0,0,0,0,1,1,0,4914,4,0
G36006700061,1960,New York,36,Onondaga,067,8160,73000,,0061,,2110,TRACT 61 SYRACUSE CITY,018,3,12,0,0,0,0,1,1,0,6681,11,10
G3600670C0062,1960,New York,36,Onondaga,067,8160,,C,0062,,2110,TRACT C-62 CICERO TOWN,003,4,07,0,0,1,1,1,1,0,7398,0,14
G3600670C0063A,1960,New York,36,Onondaga,067,8160,,C,0063,A,,TRACT C-63-A CLAY TOWN,003,7,00,0,0,1,1,1,1,0,5587,9,2
G3600670C0063B,1960,New York,36,Onondaga,067,8160,,C,0063,B,2110,TRACT C-63-B CLAY TOWN,003,7,00,0,0,1,1,1,1,0,6991,15,5
G3600670C0063C,1960,New York,36,Onondaga,067,8160,,C,0063,C,,TRACT C-63-C CICERO TOWN,002,7,00,0,0,1,1,1,1,0,7812,8,28
G3600670C0063D,1960,New York,36,Onondaga,067,8160,,C,0063,D,2110,TRACT C-63-D CICERO TOWN,002,7,00,0,0,1,1,1,1,0,4604,1,11
G3600670C0064,1960,New York,36,Onondaga,067,8160,,C,0064,,,TRACT C-64 LYSANDER TOWN,020,4,00,0,0,1,1,1,1,0,5967,15,3
G3600670C0065A,1960,New York,36,Onondaga,067,8160,,C,0065,A,,TRACT C-65-A LYSANDER TOWN,009,7,00,0,0,1,1,1,1,0,12919,47,28
G3600670C0065B,1960,New York,36,Onondaga,067,8160,,C,0065,B,,TRACT C-65-B ELBRIDGE TOWN,005,7,00,0,0,1,1,1,1,0,4629,9,6
G3600670C0066A,1960,New York,36,Onondaga,067,8160,,C,0066,A,,TRACT C-66-A CAMILLUS TOWN,001,7,00,0,0,1,1,1,1,0,1986,6,1
G3600670C0066B,1960,New York,36,Onondaga,067,8160,,C,0066,B,,TRACT C-66-B CAMILLUS TOWN,001,7,00,0,0,1,1,1,1,0,16266,41,28
G3600670C0067,1960,New York,36,Onondaga,067,8160,,C,0067,,2110,TRACT C-67 GEDDES TOWN,007,4,07,0,0,1,1,1,1,0,8731,0,1
G3600670C0068,1960,New York,36,Onondaga,067,8160,,C,0068,,2110,TRACT C-68 GEDDES TOWN,007,7,00,0,0,1,1,1,1,0,2379,3,2
G3600670C0069,1960,New York,36,Onondaga,067,8160,,C,0069,,2110,TRACT C-69 GEDDES TOWN,007,7,00,0,0,1,1,1,1,0,8556,4,3
G3600670C0070,1960,New York,36,Onondaga,067,8160,,C,0070,,2110,TRACT C-70 SALINA TOWN,015,4,06,0,0,1,1,1,1,0,3486,0,1
G3600670C0071,1960,New York,36,Onondaga,067,8160,,C,0071,,,TRACT C-71 SALINA TOWN,015,7,00,0,0,1,1,1,1,0,10212,5,17
G3600670C0072A,1960,New York,36,Onondaga,067,8160,,C,0072,A,,TRACT C-72-A SALINA TOWN,015,7,00,0,0,1,1,1,1,0,12627,52,21
G3600670C0072B,1960,New York,36,Onondaga,067,8160,,C,0072,B,2110,TRACT C-72-B SALINA TOWN,015,7,00,0,0,1,1,1,1,0,6630,25,0
G3600670C0073,1960,New York,36,Onondaga,067,8160,,C,0073,,2110,TRACT C-73 DE WITT TOWN,004,4,06,0,0,1,1,1,1,0,4683,21,4
G3600670C0074,1960,New York,36,Onondaga,067,8160,,C,0074,,2110,TRACT C-74 DE WITT TOWN,004,7,00,0,0,1,1,1,1,0,5969,0,5
G3600670C0075,1960,New York,36,Onondaga,067,8160,,C,0075,,2110,TRACT C-75 DE WITT TOWN,004,7,00,0,0,1,1,1,1,0,11936,82,40
G3600670C0076A,1960,New York,36,Onondaga,067,8160,,C,0076,A,2110,TRACT C-76-A MANLIUS TOWN,010,7,00,0,0,1,1,1,1,0,7927,3,11
G3600670C0076B,1960,New York,36,Onondaga,067,8160,,C,0076,B,2110,TRACT C-76-B MANLIUS TOWN,010,7,00,0,0,1,1,1,1,0,4092,3,10
G3600670C0076C,1960,New York,36,Onondaga,067,8160,,C,0076,C,,TRACT C-76-C MANLIUS TOWN,010,7,00,0,0,1,1,1,1,0,7287,7,11
G3600670C0077A,1960,New York,36,Onondaga,067,8160,,C,0077,A,,TRACT C-77-A ONONDAGA TOWN,021,7,00,0,0,1,1,0,1,0,4203,2,899
G3600670C0077B,1960,New York,36,Onondaga,067,8160,,C,0077,B,,TRACT C-77-B ONONDAGA TOWN,012,7,00,0,0,1,1,1,1,0,9044,158,64
G3600670C0078,1960,New York,36,Onondaga,067,8160,,C,0078,,,TRACT C-78 MARCELLUS TOWN,011,7,00,0,0,1,1,1,1,0,4526,1,0
G3600670C0079,1960,New York,36,Onondaga,067,8160,,C,0079,,,TRACT C-79 SKANEATELES TOWN,016,7,00,0,0,1,1,1,1,0,6584,17,2
G3600670C0080A,1960,New York,36,Onondaga,067,8160,,C,0080,A,,TRACT C-80-A LAFAYETTE TOWN,014,7,00,0,0,1,1,1,1,0,6800,18,30
G3600670C0080B,1960,New York,36,Onondaga,067,8160,,C,0080,B,,TRACT C-80-B CLAY TOWN,017,7,00,0,0,1,1,1,1,0,5346,5,9
G3600750OS0001,1960,New York,36,Oswego,075,8160,,OS,0001,,,TRACT OS-1 BOYLSTON TOWN,003,7,00,0,0,1,1,1,1,0,2055,27,1
G3600750OS0002,1960,New York,36,Oswego,075,8160,,OS,0002,,,TRACT OS-2 SANDY CREEK TOWN,019,7,00,0,0,1,1,1,1,0,2502,1,3
G3600750OS0003,1960,New York,36,Oswego,075,8160,,OS,0003,,,TRACT OS-3 RICHLAND TOWN,018,7,00,0,0,1,1,1,1,0,4554,0,0
G3600750OS0004,1960,New York,36,Oswego,075,8160,,OS,0004,,,TRACT OS-4 MEXICO TOWN,009,7,00,0,0,1,1,1,1,0,3432,2,1
G3600750OS0005,1960,New York,36,Oswego,075,8160,,OS,0005,,,TRACT OS-5 ALBION TOWN,002,7,00,0,0,1,1,1,1,0,3078,5,5
G3600750OS0006,1960,New York,36,Oswego,075,8160,,OS,0006,,,TRACT OS-6 CONSTANTIA TOWN,004,7,00,0,0,1,1,1,1,0,2728,1,1
G3600750OS0007,1960,New York,36,Oswego,075,8160,,OS,0007,,,TRACT OS-7 HASTINGS TOWN,008,7,00,0,0,1,1,1,1,0,5860,8,6
G3600750OS0008,1960,New York,36,Oswego,075,8160,,OS,0008,,,TRACT OS-8 PALERMO TOWN,015,7,00,0,0,1,1,1,1,0,1656,0,7
G3600750OS0009,1960,New York,36,Oswego,075,8160,,OS,0009,,,TRACT OS-9 SCHROEPPEL TOWN,020,7,00,0,0,1,1,1,1,0,5527,16,11
G3600750OS0010,1960,New York,36,Oswego,075,8160,,OS,0010,,,TRACT OS-10 VOLNEY TOWN,022,7,00,0,0,1,1,1,1,0,3783,1,1
G3600750OS0011,1960,New York,36,Oswego,075,8160,,OS,0011,,,TRACT OS-11 FULTON TOWN,005,4,00,0,0,1,1,1,1,0,14179,71,11
G3600750OS0012,1960,New York,36,Oswego,075,8160,,OS,0012,,,TRACT OS-12 GRANBY TOWN,006,7,00,0,0,1,1,1,1,0,3700,4,0
G3600750OS0013,1960,New York,36,Oswego,075,8160,,OS,0013,,,TRACT OS-13 HANNIBAL TOWN,007,7,00,0,0,1,1,1,1,0,2651,22,0
G3600750OS0014,1960,New York,36,Oswego,075,8160,,OS,0014,,,TRACT OS-14 MINNETTO TOWN,010,7,00,0,0,1,1,1,1,0,4073,12,1
G3600750OS0015,1960,New York,36,Oswego,075,8160,,OS,0015,,,TRACT OS-15 NEW HAVEN TOWN,021,7,00,0,0,1,1,1,1,0,3966,0,1
G3600750OS0016,1960,New York,36,Oswego,075,8160,,OS,0016,,,TRACT OS-16 OSWEGO CITY,013,4,00,0,0,1,1,1,1,0,22125,24,6
G36008100001,1960,New York,36,Queens,081,5600,51000,,0001,,1450,TRACT 1     NEW YORK CITY QUEENS,001,3,15,1,1,1,1,1,1,0,0,0,0
G36008100002,1960,New York,36,Queens,081,5600,51000,,0002,,1450,TRACT 2     NEW YORK CITY QUEENS,001,3,15,0,0,0,0,1,1,0,1973,0,11
G36008100004,1960,New York,36,Queens,081,5600,51000,,0004,,1450,TRACT 4     NEW YORK CITY QUEENS,001,3,15,0,0,0,0,1,1,0,3325,0,0
G36008100006,1960,New York,36,Queens,081,5600,51000,,0006,,1450,TRACT 6     NEW YORK CITY QUEENS,001,3,15,0,0,0,0,1,1,0,2832,0,9
G36008100007,1960,New York,36,Queens,081,5600,51000,,0007,,1450,TRACT 7     NEW YORK CITY QUEENS,001,3,15,0,0,0,0,1,1,0,5408,21,12
G36008100008,1960,New York,36,Queens,081,5600,51000,,0008,,1450,TRACT 8     NEW YORK CITY QUEENS,001,3,15,0,0,0,0,1,1,0,2748,1,0
G36008100010,1960,New York,36,Queens,081,5600,51000,,0010,,1450,TRACT 10    NEW YORK CITY QUEENS,001,3,15,0,0,0,0,1,1,0,2735,1,11
G36008100012,1960,New York,36,Queens,081,5600,51000,,0012,,1450,TRACT 12    NEW YORK CITY QUEENS,001,3,15,0,0,0,0,1,1,0,3305,1,0
G36008100014,1960,New York,36,Queens,081,5600,51000,,0014,,1450,TRACT 14    NEW YORK CITY QUEENS,001,3,15,0,0,0,0,1,1,0,3105,0,0
G36008100016,1960,New York,36,Queens,081,5600,51000,,0016,,1450,TRACT 16    NEW YORK CITY QUEENS,001,3,15,0,0,0,0,1,1,0,2383,0,4
G36008100017,1960,New York,36,Queens,081,5600,51000,,0017,,1450,TRACT 17    NEW YORK CITY QUEENS,001,3,15,0,0,1,0,1,1,0,389,151,1
G36008100018,1960,New York,36,Queens,081,5600,51000,,0018,,1450,TRACT 18    NEW YORK CITY QUEENS,001,3,15,0,0,0,0,1,1,0,2468,1,1
G36008100019,1960,New York,36,Queens,081,5600,51000,,0019,,1450,TRACT 19    NEW YORK CITY QUEENS,001,3,15,0,0,0,0,1,1,0,863,74,2
G36008100020,1960,New York,36,Queens,081,5600,51000,,0020,,1450,TRACT 20    NEW YORK CITY QUEENS,001,3,15,0,0,0,0,1,1,0,1347,106,14
G36008100022,1960,New York,36,Queens,081,5600,51000,,0022,,1450,TRACT 22    NEW YORK CITY QUEENS,001,3,15,0,0,0,0,1,1,0,1695,0,5
G36008100024,1960,New York,36,Queens,081,5600,51000,,0024,,1450,TRACT 24    NEW YORK CITY QUEENS,001,3,15,0,0,0,0,1,1,0,1550,0,0
G36008100025,1960,New York,36,Queens,081,5600,51000,,0025,,1450,TRACT 25    NEW YORK CITY QUEENS,001,3,15,0,0,0,0,0,0,0,5105,5133,51
G36008100026,1960,New York,36,Queens,081,5600,51000,,0026,,1450,TRACT 26    NEW YORK CITY QUEENS,001,3,15,0,0,0,0,1,1,0,1751,0,4
G36008100027,1960,New York,36,Queens,081,5600,51000,,0027,,1450,TRACT 27    NEW YORK CITY QUEENS,001,3,15,0,0,0,0,1,1,0,433,10,0
G36008100028,1960,New York,36,Queens,081,5600,51000,,0028,,1450,TRACT 28    NEW YORK CITY QUEENS,001,3,15,0,0,0,0,1,1,0,2564,3,1
G36008100029,1960,New York,36,Queens,081,5600,51000,,0029,,1450,TRACT 29    NEW YORK CITY QUEENS,001,3,15,0,0,0,0,1,1,0,1339,16,13
G36008100030,1960,New York,36,Queens,081,5600,51000,,0030,,1450,TRACT 30    NEW YORK CITY QUEENS,001,3,15,0,0,0,0,1,1,0,1216,0,0
G36008100031,1960,New York,36,Queens,081,5600,51000,,0031,,1450,TRACT 31    NEW YORK CITY QUEENS,001,3,15,0,0,0,0,1,1,0,1612,4,9
G36008100032,1960,New York,36,Queens,081,5600,51000,,0032,,1450,TRACT 32    NEW YORK CITY QUEENS,001,3,15,0,0,0,0,1,1,0,1303,0,0
G36008100034,1960,New York,36,Queens,081,5600,51000,,0034,,1450,TRACT 34    NEW YORK CITY QUEENS,001,3,15,0,0,0,0,1,1,0,1719,0,2
G36008100035,1960,New York,36,Queens,081,5600,51000,,0035,,1450,TRACT 35    NEW YORK CITY QUEENS,001,3,15,0,0,0,0,1,1,0,490,0,1
G36008100036,1960,New York,36,Queens,081,5600,51000,,0036,,1450,TRACT 36    NEW YORK CITY QUEENS,001,3,15,0,0,0,0,1,1,0,2646,0,0
G36008100037,1960,New York,36,Queens,081,5600,51000,,0037,,1450,TRACT 37    NEW YORK CITY QUEENS,001,3,15,1,1,1,1,1,1,0,0,0,0
G36008100038,1960,New York,36,Queens,081,5600,51000,,0038,,1450,TRACT 38    NEW YORK CITY QUEENS,001,3,15,0,0,0,0,1,1,0,2042,0,1
G36008100039,1960,New York,36,Queens,081,5600,51000,,0039,,1450,TRACT 39    NEW YORK CITY QUEENS,001,3,15,0,0,0,0,1,1,0,1438,6,0
G360081000400,1960,New York,36,Queens,081,5600,51000,,0040,0,1450,TRACT 40-0  NEW YORK CITY QUEENS,001,3,15,0,0,0,0,1,1,0,1835,4,1
G360081000401,1960,New York,36,Queens,081,5600,51000,,0040,1,1450,TRACT 40-1  NEW YORK CITY QUEENS,001,3,15,0,0,0,0,1,1,0,935,2,0
G36008100041,1960,New York,36,Queens,081,5600,51000,,0041,,1450,TRACT 41    NEW YORK CITY QUEENS,001,3,15,0,0,0,0,1,1,0,1023,0,0
G36008100042,1960,New York,36,Queens,081,5600,51000,,0042,,1450,TRACT 42    NEW YORK CITY QUEENS,001,3,15,0,0,0,0,1,1,0,3212,0,9
G36008100043,1960,New York,36,Queens,081,5600,51000,,0043,,1450,TRACT 43    NEW YORK CITY QUEENS,001,3,15,0,0,0,0,0,1,0,3055,850,16
G360081000440,1960,New York,36,Queens,081,5600,51000,,0044,0,1450,TRACT 44-0  NEW YORK CITY QUEENS,001,3,15,0,0,0,0,1,1,0,2513,0,4
G360081000441,1960,New York,36,Queens,081,5600,51000,,0044,1,1450,TRACT 44-1  NEW YORK CITY QUEENS,001,3,15,0,0,0,0,1,1,0,295,18,0
G36008100045,1960,New York,36,Queens,081,5600,51000,,0045,,1450,TRACT 45    NEW YORK CITY QUEENS,001,3,15,0,0,0,0,1,1,0,3651,92,30
G36008100047,1960,New York,36,Queens,081,5600,51000,,0047,,1450,TRACT 47    NEW YORK CITY QUEENS,001,3,15,0,0,0,0,0,1,0,4767,638,17
G36008100049,1960,New York,36,Queens,081,5600,51000,,0049,,1450,TRACT 49    NEW YORK CITY QUEENS,001,3,15,0,0,0,0,1,1,0,414,0,10
G36008100050,1960,New York,36,Queens,081,5600,51000,,0050,,1450,TRACT 50    NEW YORK CITY QUEENS,001,3,15,1,1,1,1,1,1,0,0,0,0
G36008100051,1960,New York,36,Queens,081,5600,51000,,0051,,1450,TRACT 51    NEW YORK CITY QUEENS,001,3,15,0,0,0,0,1,1,0,1910,0,15
G36008100052,1960,New York,36,Queens,081,5600,51000,,0052,,1450,TRACT 52    NEW YORK CITY QUEENS,001,3,15,0,0,0,0,1,1,0,1893,0,1
G36008100053,1960,New York,36,Queens,081,5600,51000,,0053,,1450,TRACT 53    NEW YORK CITY QUEENS,001,3,15,0,0,0,0,1,1,0,5466,3,27
G36008100054,1960,New York,36,Queens,081,5600,51000,,0054,,1450,TRACT 54    NEW YORK CITY QUEENS,001,3,15,0,0,0,0,1,1,0,4740,11,6
G36008100055,1960,New York,36,Queens,081,5600,51000,,0055,,1450,TRACT 55    NEW YORK CITY QUEENS,001,3,15,0,0,0,0,1,1,0,1086,0,23
G36008100057,1960,New York,36,Queens,081,5600,51000,,0057,,1450,TRACT 57    NEW YORK CITY QUEENS,001,3,15,0,0,0,0,1,1,0,4315,26,26
G36008100058,1960,New York,36,Queens,081,5600,51000,,0058,,1450,TRACT 58    NEW YORK CITY QUEENS,001,3,15,0,0,0,0,1,1,0,3942,0,2
G36008100059,1960,New York,36,Queens,081,5600,51000,,0059,,1450,TRACT 59    NEW YORK CITY QUEENS,001,3,15,0,0,0,0,1,1,0,4655,6,12
G36008100061,1960,New York,36,Queens,081,5600,51000,,0061,,1450,TRACT 61    NEW YORK CITY QUEENS,001,3,15,0,0,0,0,1,1,0,6490,2,12
G36008100062,1960,New York,36,Queens,081,5600,51000,,0062,,1450,TRACT 62    NEW YORK CITY QUEENS,001,3,15,0,0,0,0,1,1,0,2236,2,6
G36008100063,1960,New York,36,Queens,081,5600,51000,,0063,,1450,TRACT 63    NEW YORK CITY QUEENS,001,3,15,0,0,0,0,1,1,0,6684,6,19
G36008100065,1960,New York,36,Queens,081,5600,51000,,0065,,1450,TRACT 65    NEW YORK CITY QUEENS,001,3,15,0,0,0,0,1,1,0,8130,1,21
G36008100067,1960,New York,36,Queens,081,5600,51000,,0067,,1450,TRACT 67    NEW YORK CITY QUEENS,001,3,15,0,0,0,0,1,1,0,882,0,2
G36008100069,1960,New York,36,Queens,081,5600,51000,,0069,,1450,TRACT 69    NEW YORK CITY QUEENS,001,3,15,0,0,0,0,1,1,0,3185,12,9
G36008100071,1960,New York,36,Queens,081,5600,51000,,0071,,1450,TRACT 71    NEW YORK CITY QUEENS,001,3,15,0,0,0,0,1,1,0,4381,1,4
G36008100073,1960,New York,36,Queens,081,5600,51000,,0073,,1450,TRACT 73    NEW YORK CITY QUEENS,001,3,15,0,0,0,0,1,1,0,3807,2,8
G36008100075,1960,New York,36,Queens,081,5600,51000,,0075,,1450,TRACT 75    NEW YORK CITY QUEENS,001,3,15,0,0,0,0,1,1,0,3690,0,13
G36008100077,1960,New York,36,Queens,081,5600,51000,,0077,,1450,TRACT 77    NEW YORK CITY QUEENS,001,3,15,0,0,0,0,1,1,0,1332,5,7
G36008100079,1960,New York,36,Queens,081,5600,51000,,0079,,1450,TRACT 79    NEW YORK CITY QUEENS,001,3,15,0,0,0,0,1,1,0,2826,2,2
G36008100081,1960,New York,36,Queens,081,5600,51000,,0081,,1450,TRACT 81    NEW YORK CITY QUEENS,001,3,15,0,0,0,0,1,1,0,797,0,0
G36008100083,1960,New York,36,Queens,081,5600,51000,,0083,,1450,TRACT 83    NEW YORK CITY QUEENS,001,3,15,0,0,0,0,1,1,0,2162,2,4
G36008100086,1960,New York,36,Queens,081,5600,51000,,0086,,1450,TRACT 86    NEW YORK CITY QUEENS,001,3,15,0,0,0,0,1,1,0,2785,0,0
G36008100087,1960,New York,36,Queens,081,5600,51000,,0087,,1450,TRACT 87    NEW YORK CITY QUEENS,001,3,15,0,0,0,0,0,0,0,4079,2118,35
G36008100088,1960,New York,36,Queens,081,5600,51000,,0088,,1450,TRACT 88    NEW YORK CITY QUEENS,001,3,15,0,0,0,0,1,1,0,2140,0,15
G36008100091,1960,New York,36,Queens,081,5600,51000,,0091,,1450,TRACT 91    NEW YORK CITY QUEENS,001,3,15,0,0,0,0,1,1,0,1641,0,4
G36008100094,1960,New York,36,Queens,081,5600,51000,,0094,,1450,TRACT 94    NEW YORK CITY QUEENS,001,3,15,0,0,0,0,1,1,0,2468,0,0
G36008100095,1960,New York,36,Queens,081,5600,51000,,0095,,1450,TRACT 95    NEW YORK CITY QUEENS,001,3,15,0,0,0,0,1,1,0,2994,1,4
G36008100096,1960,New York,36,Queens,081,5600,51000,,0096,,1450,TRACT 96    NEW YORK CITY QUEENS,001,3,15,0,0,0,0,1,1,0,2597,0,0
G36008100097,1960,New York,36,Queens,081,5600,51000,,0097,,1450,TRACT 97    NEW YORK CITY QUEENS,001,3,15,0,0,0,0,1,1,0,4137,0,9
G36008100098,1960,New York,36,Queens,081,5600,51000,,0098,,1450,TRACT 98    NEW YORK CITY QUEENS,001,3,15,0,0,0,0,1,1,0,2130,2,8
G36008100099,1960,New York,36,Queens,081,5600,51000,,0099,,1450,TRACT 99    NEW YORK CITY QUEENS,001,3,15,1,1,1,1,1,1,0,0,0,0
G36008100100,1960,New York,36,Queens,081,5600,51000,,0100,,1450,TRACT 100   NEW YORK CITY QUEENS,001,3,15,0,0,0,0,1,1,0,2674,0,0
G36008100101,1960,New York,36,Queens,081,5600,51000,,0101,,1450,TRACT 101   NEW YORK CITY QUEENS,001,3,15,0,0,0,0,1,1,0,3214,1,12
G36008100102,1960,New York,36,Queens,081,5600,51000,,0102,,1450,TRACT 102   NEW YORK CITY QUEENS,001,3,15,0,0,0,0,1,1,0,1896,0,1
G36008100103,1960,New York,36,Queens,081,5600,51000,,0103,,1450,TRACT 103   NEW YORK CITY QUEENS,001,3,15,0,0,0,0,1,1,0,5051,0,27
G36008100104,1960,New York,36,Queens,081,5600,51000,,0104,,1450,TRACT 104   NEW YORK CITY QUEENS,001,3,15,0,0,0,0,1,1,0,2590,2,0
G36008100105,1960,New York,36,Queens,081,5600,51000,,0105,,1450,TRACT 105   NEW YORK CITY QUEENS,001,3,15,0,0,0,0,1,1,0,5387,1,265
G36008100106,1960,New York,36,Queens,081,5600,51000,,0106,,1450,TRACT 106   NEW YORK CITY QUEENS,001,3,15,0,0,0,0,1,1,0,2479,0,5
G36008100107,1960,New York,36,Queens,081,5600,51000,,0107,,1450,TRACT 107   NEW YORK CITY QUEENS,001,3,15,0,0,0,0,1,1,0,165,0,0
G36008100108,1960,New York,36,Queens,081,5600,51000,,0108,,1450,TRACT 108   NEW YORK CITY QUEENS,001,3,15,0,0,0,0,1,1,0,2153,3,1
G36008100110,1960,New York,36,Queens,081,5600,51000,,0110,,1450,TRACT 110   NEW YORK CITY QUEENS,001,3,15,0,0,0,0,1,1,0,2217,0,0
G36008100111,1960,New York,36,Queens,081,5600,51000,,0111,,1450,TRACT 111   NEW YORK CITY QUEENS,001,3,15,0,0,0,0,1,1,0,3192,1,15
G36008100112,1960,New York,36,Queens,081,5600,51000,,0112,,1450,TRACT 112   NEW YORK CITY QUEENS,001,3,15,0,0,0,0,1,1,0,1944,8,2
G36008100113,1960,New York,36,Queens,081,5600,51000,,0113,,1450,TRACT 113   NEW YORK CITY QUEENS,001,3,15,0,0,0,0,1,1,0,5184,0,6
G36008100114,1960,New York,36,Queens,081,5600,51000,,0114,,1450,TRACT 114   NEW YORK CITY QUEENS,001,3,15,0,0,0,0,1,1,0,1199,73,0
G36008100115,1960,New York,36,Queens,081,5600,51000,,0115,,1450,TRACT 115   NEW YORK CITY QUEENS,001,3,15,0,0,0,0,1,1,0,3633,0,7
G36008100116,1960,New York,36,Queens,081,5600,51000,,0116,,1450,TRACT 116   NEW YORK CITY QUEENS,001,3,15,0,0,0,0,1,1,0,1642,4,0
G36008100117,1960,New York,36,Queens,081,5600,51000,,0117,,1450,TRACT 117   NEW YORK CITY QUEENS,001,3,15,0,0,0,0,1,1,0,4374,2,20
G36008100118,1960,New York,36,Queens,081,5600,51000,,0118,,1450,TRACT 118   NEW YORK CITY QUEENS,001,3,15,0,0,0,0,1,1,0,1773,2,0
G36008100119,1960,New York,36,Queens,081,5600,51000,,0119,,1450,TRACT 119   NEW YORK CITY QUEENS,001,3,15,0,0,0,0,1,1,0,1734,0,0
G36008100120,1960,New York,36,Queens,081,5600,51000,,0120,,1450,TRACT 120   NEW YORK CITY QUEENS,001,3,15,0,0,0,0,1,1,0,1640,7,4
G36008100121,1960,New York,36,Queens,081,5600,51000,,0121,,1450,TRACT 121   NEW YORK CITY QUEENS,001,3,15,0,0,0,0,1,1,0,2384,0,0
G36008100122,1960,New York,36,Queens,081,5600,51000,,0122,,1450,TRACT 122   NEW YORK CITY QUEENS,001,3,15,0,0,0,0,1,1,0,2206,8,3
G36008100123,1960,New York,36,Queens,081,5600,51000,,0123,,1450,TRACT 123   NEW YORK CITY QUEENS,001,3,15,0,0,0,0,1,1,0,2966,0,10
G36008100124,1960,New York,36,Queens,081,5600,51000,,0124,,1450,TRACT 124   NEW YORK CITY QUEENS,001,3,15,0,0,0,0,1,1,0,2115,0,0
G360081001260,1960,New York,36,Queens,081,5600,51000,,0126,0,1450,TRACT 126-0 NEW YORK CITY QUEENS,001,3,15,0,0,0,0,1,1,0,1917,0,5
G360081001261,1960,New York,36,Queens,081,5600,51000,,0126,1,1450,TRACT 126-1 NEW YORK CITY QUEENS,001,3,15,0,0,0,0,1,1,0,2083,1,7
G36008100128,1960,New York,36,Queens,081,5600,51000,,0128,,1450,TRACT 128   NEW YORK CITY QUEENS,001,3,15,0,0,0,0,1,1,0,1913,0,5
G36008100130,1960,New York,36,Queens,081,5600,51000,,0130,,1450,TRACT 130   NEW YORK CITY QUEENS,001,3,15,0,0,0,0,1,1,0,1484,0,0
G36008100132,1960,New York,36,Queens,081,5600,51000,,0132,,1450,TRACT 132   NEW YORK CITY QUEENS,001,3,15,0,0,0,0,1,1,0,1399,1,4
G36008100134,1960,New York,36,Queens,081,5600,51000,,0134,,1450,TRACT 134   NEW YORK CITY QUEENS,001,3,15,0,0,0,0,1,1,0,5253,43,62
G36008100135,1960,New York,36,Queens,081,5600,51000,,0135,,1450,TRACT 135   NEW YORK CITY QUEENS,001,3,15,0,0,0,0,1,1,0,1249,0,0
G36008100136,1960,New York,36,Queens,081,5600,51000,,0136,,1450,TRACT 136   NEW YORK CITY QUEENS,001,3,15,0,0,0,0,1,1,0,2032,13,15
G36008100137,1960,New York,36,Queens,081,5600,51000,,0137,,1450,TRACT 137   NEW YORK CITY QUEENS,001,3,15,0,0,0,0,1,1,0,1440,0,4
G36008100138,1960,New York,36,Queens,081,5600,51000,,0138,,1450,TRACT 138   NEW YORK CITY QUEENS,001,3,15,0,0,0,0,1,1,0,2860,7,45
G36008100140,1960,New York,36,Queens,081,5600,51000,,0140,,1450,TRACT 140   NEW YORK CITY QUEENS,001,3,15,0,0,0,0,1,1,0,2644,0,4
G36008100141,1960,New York,36,Queens,081,5600,51000,,0141,,1450,TRACT 141   NEW YORK CITY QUEENS,001,3,15,0,0,0,0,1,1,0,1931,0,0
G360081001420,1960,New York,36,Queens,081,5600,51000,,0142,0,1450,TRACT 142-0 NEW YORK CITY QUEENS,001,3,15,0,0,0,0,1,1,0,3054,1,4
G360081001421,1960,New York,36,Queens,081,5600,51000,,0142,1,1450,TRACT 142-1 NEW YORK CITY QUEENS,001,3,15,0,0,0,0,1,1,0,2122,2,16
G36008100143,1960,New York,36,Queens,081,5600,51000,,0143,,1450,TRACT 143   NEW YORK CITY QUEENS,001,3,15,0,0,0,0,1,1,0,4408,6,5
G36008100144,1960,New York,36,Queens,081,5600,51000,,0144,,1450,TRACT 144   NEW YORK CITY QUEENS,001,3,15,0,0,0,0,1,1,0,1388,0,0
G36008100145,1960,New York,36,Queens,081,5600,51000,,0145,,1450,TRACT 145   NEW YORK CITY QUEENS,001,3,15,0,0,0,0,1,1,0,2301,0,9
G36008100147,1960,New York,36,Queens,081,5600,51000,,0147,,1450,TRACT 147   NEW YORK CITY QUEENS,001,3,15,0,0,0,0,1,1,0,3282,0,10
G36008100148,1960,New York,36,Queens,081,5600,51000,,0148,,1450,TRACT 148   NEW YORK CITY QUEENS,001,3,15,0,0,0,0,1,1,0,1407,0,0
G36008100149,1960,New York,36,Queens,081,5600,51000,,0149,,1450,TRACT 149   NEW YORK CITY QUEENS,001,3,15,0,0,0,0,1,1,0,2996,0,10
G36008100150,1960,New York,36,Queens,081,5600,51000,,0150,,1450,TRACT 150   NEW YORK CITY QUEENS,001,3,15,0,0,0,0,1,1,0,1730,9,0
G36008100151,1960,New York,36,Queens,081,5600,51000,,0151,,1450,TRACT 151   NEW YORK CITY QUEENS,001,3,15,0,0,0,0,1,1,0,2944,0,36
G36008100152,1960,New York,36,Queens,081,5600,51000,,0152,,1450,TRACT 152   NEW YORK CITY QUEENS,001,3,15,0,0,0,0,1,1,0,1777,41,3
G36008100153,1960,New York,36,Queens,081,5600,51000,,0153,,1450,TRACT 153   NEW YORK CITY QUEENS,001,3,15,0,0,0,0,1,1,0,1947,0,25
G36008100154,1960,New York,36,Queens,081,5600,51000,,0154,,1450,TRACT 154   NEW YORK CITY QUEENS,001,3,15,0,0,0,0,1,1,0,1559,0,1
G36008100155,1960,New York,36,Queens,081,5600,51000,,0155,,1450,TRACT 155   NEW YORK CITY QUEENS,001,3,15,0,0,0,0,1,1,0,2253,0,1
G36008100156,1960,New York,36,Queens,081,5600,51000,,0156,,1450,TRACT 156   NEW YORK CITY QUEENS,001,3,15,0,0,0,0,1,1,0,2308,0,3
G36008100157,1960,New York,36,Queens,081,5600,51000,,0157,,1450,TRACT 157   NEW YORK CITY QUEENS,001,3,15,0,0,0,0,1,1,0,1557,2,0
G36008100158,1960,New York,36,Queens,081,5600,51000,,0158,,1450,TRACT 158   NEW YORK CITY QUEENS,001,3,15,0,0,0,0,1,1,0,5869,251,23
G36008100159,1960,New York,36,Queens,081,5600,51000,,0159,,1450,TRACT 159   NEW YORK CITY QUEENS,001,3,15,0,0,0,0,1,1,0,5001,0,17
G36008100161,1960,New York,36,Queens,081,5600,51000,,0161,,1450,TRACT 161   NEW YORK CITY QUEENS,001,3,15,0,0,0,0,1,1,0,2143,0,0
G36008100163,1960,New York,36,Queens,081,5600,51000,,0163,,1450,TRACT 163   NEW YORK CITY QUEENS,001,3,15,0,0,0,0,0,1,0,5409,1249,63
G36008100164,1960,New York,36,Queens,081,5600,51000,,0164,,1450,TRACT 164   NEW YORK CITY QUEENS,001,3,15,0,0,0,0,1,1,0,2414,20,4
G36008100165,1960,New York,36,Queens,081,5600,51000,,0165,,1450,TRACT 165   NEW YORK CITY QUEENS,001,3,15,0,1,1,1,1,1,0,28,2,0
G36008100166,1960,New York,36,Queens,081,5600,51000,,0166,,1450,TRACT 166   NEW YORK CITY QUEENS,001,3,15,0,0,0,0,1,1,0,2574,0,5
G36008100168,1960,New York,36,Queens,081,5600,51000,,0168,,1450,TRACT 168   NEW YORK CITY QUEENS,001,3,15,0,0,0,0,1,1,0,2115,4,4
G36008100169,1960,New York,36,Queens,081,5600,51000,,0169,,1450,TRACT 169   NEW YORK CITY QUEENS,001,3,15,0,0,0,0,1,1,0,5562,7,7
G36008100170,1960,New York,36,Queens,081,5600,51000,,0170,,1450,TRACT 170   NEW YORK CITY QUEENS,001,3,15,0,0,0,0,1,1,0,1664,303,14
G36008100171,1960,New York,36,Queens,081,5600,51000,,0171,,1450,TRACT 171   NEW YORK CITY QUEENS,001,3,15,0,0,1,1,1,1,0,14,0,0
G36008100172,1960,New York,36,Queens,081,5600,51000,,0172,,1450,TRACT 172   NEW YORK CITY QUEENS,001,3,15,0,0,0,0,1,1,0,1425,415,1
G36008100174,1960,New York,36,Queens,081,5600,51000,,0174,,1450,TRACT 174   NEW YORK CITY QUEENS,001,3,15,0,0,0,0,0,1,0,1328,819,13
G36008100176,1960,New York,36,Queens,081,5600,51000,,0176,,1450,TRACT 176   NEW YORK CITY QUEENS,001,3,15,0,0,0,0,0,1,0,969,781,16
G36008100178,1960,New York,36,Queens,081,5600,51000,,0178,,1450,TRACT 178   NEW YORK CITY QUEENS,001,3,15,0,0,0,0,0,1,0,1059,603,8
G36008100179,1960,New York,36,Queens,081,5600,51000,,0179,,1450,TRACT 179   NEW YORK CITY QUEENS,001,3,15,0,0,0,0,1,1,0,1032,2,0
G36008100180,1960,New York,36,Queens,081,5600,51000,,0180,,1450,TRACT 180   NEW YORK CITY QUEENS,001,3,15,0,0,0,0,1,1,0,500,379,0
G36008100181,1960,New York,36,Queens,081,5600,51000,,0181,,1450,TRACT 181   NEW YORK CITY QUEENS,001,3,15,0,0,0,0,1,1,0,8597,35,27
G36008100182,1960,New York,36,Queens,081,5600,51000,,0182,,1450,TRACT 182   NEW YORK CITY QUEENS,001,3,15,0,0,0,0,0,1,0,642,1495,20
G36008100183,1960,New York,36,Queens,081,5600,51000,,0183,,1450,TRACT 183   NEW YORK CITY QUEENS,001,3,15,0,0,0,0,1,1,0,6308,16,40
G360081001840,1960,New York,36,Queens,081,5600,51000,,0184,0,1450,TRACT 184-0 NEW YORK CITY QUEENS,001,3,15,0,0,0,0,0,1,0,302,1082,5
G360081001841,1960,New York,36,Queens,081,5600,51000,,0184,1,1450,TRACT 184-1 NEW YORK CITY QUEENS,001,3,15,0,0,0,0,0,1,0,282,1845,17
G36008100185,1960,New York,36,Queens,081,5600,51000,,0185,,1450,TRACT 185   NEW YORK CITY QUEENS,001,3,15,0,0,0,0,1,1,0,7564,13,22
G36008100186,1960,New York,36,Queens,081,5600,51000,,0186,,1450,TRACT 186   NEW YORK CITY QUEENS,001,3,15,0,0,0,0,0,1,0,197,1189,1
G36008100187,1960,New York,36,Queens,081,5600,51000,,0187,,1450,TRACT 187   NEW YORK CITY QUEENS,001,3,15,0,0,0,0,1,1,0,3261,0,0
G36008100188,1960,New York,36,Queens,081,5600,51000,,0188,,1450,TRACT 188   NEW YORK CITY QUEENS,001,3,15,0,0,0,0,0,1,0,128,785,1
G36008100189,1960,New York,36,Queens,081,5600,51000,,0189,,1450,TRACT 189   NEW YORK CITY QUEENS,001,3,15,0,0,0,0,1,1,0,2987,2,38
G36008100190,1960,New York,36,Queens,081,5600,51000,,0190,,1450,TRACT 190   NEW YORK CITY QUEENS,001,3,15,0,0,0,0,0,1,0,355,1628,16
G36008100191,1960,New York,36,Queens,081,5600,51000,,0191,,1450,TRACT 191   NEW YORK CITY QUEENS,001,3,15,1,0,1,0,1,1,0,18,0,6
G36008100192,1960,New York,36,Queens,081,5600,51000,,0192,,1450,TRACT 192   NEW YORK CITY QUEENS,001,3,15,0,0,0,0,0,1,0,157,1746,3
G360081001940,1960,New York,36,Queens,081,5600,51000,,0194,0,1450,TRACT 194-0 NEW YORK CITY QUEENS,001,3,15,0,0,0,0,0,1,0,122,646,13
G360081001941,1960,New York,36,Queens,081,5600,51000,,0194,1,1450,TRACT 194-1 NEW YORK CITY QUEENS,001,3,15,0,0,0,0,0,1,0,209,1190,10
G36008100196,1960,New York,36,Queens,081,5600,51000,,0196,,1450,TRACT 196   NEW YORK CITY QUEENS,001,3,15,0,0,0,0,0,1,0,947,1289,16
G36008100197,1960,New York,36,Queens,081,5600,51000,,0197,,1450,TRACT 197   NEW YORK CITY QUEENS,001,3,15,0,0,0,0,1,1,0,832,0,0
G36008100198,1960,New York,36,Queens,081,5600,51000,,0198,,1450,TRACT 198   NEW YORK CITY QUEENS,001,3,15,0,0,0,0,0,1,0,1241,1366,4
G36008100202,1960,New York,36,Queens,081,5600,51000,,0202,,1450,TRACT 202   NEW YORK CITY QUEENS,001,3,15,0,0,0,0,0,1,0,285,1267,2
G36008100204,1960,New York,36,Queens,081,5600,51000,,0204,,1450,TRACT 204   NEW YORK CITY QUEENS,001,3,15,0,0,0,0,0,1,0,1101,1054,1
G360081002050,1960,New York,36,Queens,081,5600,51000,,0205,0,1450,TRACT 205-0 NEW YORK CITY QUEENS,001,3,15,0,0,0,0,1,1,0,833,0,0
G360081002051,1960,New York,36,Queens,081,5600,51000,,0205,1,1450,TRACT 205-1 NEW YORK CITY QUEENS,001,3,15,0,0,0,0,1,1,0,909,1,1
G36008100206,1960,New York,36,Queens,081,5600,51000,,0206,,1450,TRACT 206   NEW YORK CITY QUEENS,001,3,15,0,0,0,0,1,1,0,1265,119,5
G36008100208,1960,New York,36,Queens,081,5600,51000,,0208,,1450,TRACT 208   NEW YORK CITY QUEENS,001,3,15,0,0,0,0,1,1,0,2180,335,9
G36008100212,1960,New York,36,Queens,081,5600,51000,,0212,,1450,TRACT 212   NEW YORK CITY QUEENS,001,3,15,0,0,0,0,1,1,0,1815,3,12
G36008100213,1960,New York,36,Queens,081,5600,51000,,0213,,1450,TRACT 213   NEW YORK CITY QUEENS,001,3,15,0,0,0,1,1,1,0,103,0,1
G36008100214,1960,New York,36,Queens,081,5600,51000,,0214,,1450,TRACT 214   NEW YORK CITY QUEENS,001,3,15,0,0,0,0,1,1,0,5014,12,61
G36008100216,1960,New York,36,Queens,081,5600,51000,,0216,,1450,TRACT 216   NEW YORK CITY QUEENS,001,3,15,0,0,0,0,1,1,0,2337,7,8
G36008100219,1960,New York,36,Queens,081,5600,51000,,0219,,1450,TRACT 219   NEW YORK CITY QUEENS,001,3,15,1,1,1,1,1,1,0,0,0,0
G360081002200,1960,New York,36,Queens,081,5600,51000,,0220,0,1450,TRACT 220-0 NEW YORK CITY QUEENS,001,3,15,0,0,0,0,1,1,0,5695,20,81
G360081002201,1960,New York,36,Queens,081,5600,51000,,0220,1,1450,TRACT 220-1 NEW YORK CITY QUEENS,001,3,15,0,0,0,0,1,1,0,4931,12,71
G36008100229,1960,New York,36,Queens,081,5600,51000,,0229,,1450,TRACT 229   NEW YORK CITY QUEENS,001,3,15,1,1,1,1,1,1,0,0,0,0
G36008100230,1960,New York,36,Queens,081,5600,51000,,0230,,1450,TRACT 230   NEW YORK CITY QUEENS,001,3,15,0,0,0,0,1,1,0,1422,0,5
G36008100232,1960,New York,36,Queens,081,5600,51000,,0232,,1450,TRACT 232   NEW YORK CITY QUEENS,001,3,15,0,0,0,0,1,1,0,3422,27,59
G36008100235,1960,New York,36,Queens,081,5600,51000,,0235,,1450,TRACT 235   NEW YORK CITY QUEENS,001,3,15,0,0,0,0,1,1,0,6155,4,24
G36008100236,1960,New York,36,Queens,081,5600,51000,,0236,,1450,TRACT 236   NEW YORK CITY QUEENS,001,3,15,0,0,0,0,1,1,0,1926,5,21
G36008100238,1960,New York,36,Queens,081,5600,51000,,0238,,1450,TRACT 238   NEW YORK CITY QUEENS,001,3,15,0,0,0,0,1,1,0,2830,14,3
G36008100240,1960,New York,36,Queens,081,5600,51000,,0240,,1450,TRACT 240   NEW YORK CITY QUEENS,001,3,15,0,0,0,0,1,1,0,3710,16,7
G36008100243,1960,New York,36,Queens,081,5600,51000,,0243,,1450,TRACT 243   NEW YORK CITY QUEENS,001,3,15,0,0,0,0,1,1,0,3485,12,12
G36008100244,1960,New York,36,Queens,081,5600,51000,,0244,,1450,TRACT 244   NEW YORK CITY QUEENS,001,3,15,0,0,1,0,1,1,0,35,0,0
G36008100245,1960,New York,36,Queens,081,5600,51000,,0245,,1450,TRACT 245   NEW YORK CITY QUEENS,001,3,15,0,0,0,0,1,1,0,1132,0,3
G36008100246,1960,New York,36,Queens,081,5600,51000,,0246,,1450,TRACT 246   NEW YORK CITY QUEENS,001,3,15,0,0,0,0,1,1,0,268,159,1
G36008100247,1960,New York,36,Queens,081,5600,51000,,0247,,1450,TRACT 247   NEW YORK CITY QUEENS,001,3,15,0,0,0,0,1,1,0,914,0,0
G36008100248,1960,New York,36,Queens,081,5600,51000,,0248,,1450,TRACT 248   NEW YORK CITY QUEENS,001,3,15,0,0,0,0,0,1,0,138,1606,26
G36008100249,1960,New York,36,Queens,081,5600,51000,,0249,,1450,TRACT 249   NEW YORK CITY QUEENS,001,3,15,0,0,0,0,1,1,0,3269,6,7
G36008100250,1960,New York,36,Queens,081,5600,51000,,0250,,1450,TRACT 250   NEW YORK CITY QUEENS,001,3,15,0,0,0,0,0,1,0,273,544,1
G36008100251,1960,New York,36,Queens,081,5600,51000,,0251,,1450,TRACT 251   NEW YORK CITY QUEENS,001,3,15,0,0,0,0,1,1,0,3419,0,24
G36008100252,1960,New York,36,Queens,081,5600,51000,,0252,,1450,TRACT 252   NEW YORK CITY QUEENS,001,3,15,0,0,0,0,0,1,0,1499,5257,16
G36008100253,1960,New York,36,Queens,081,5600,51000,,0253,,1450,TRACT 253   NEW YORK CITY QUEENS,001,3,15,0,0,0,0,1,1,0,6496,13,36
G36008100255,1960,New York,36,Queens,081,5600,51000,,0255,,1450,TRACT 255   NEW YORK CITY QUEENS,001,3,15,0,0,0,0,1,1,0,1331,13,13
G36008100257,1960,New York,36,Queens,081,5600,51000,,0257,,1450,TRACT 257   NEW YORK CITY QUEENS,001,3,15,0,0,0,0,1,1,0,1252,0,0
G36008100258,1960,New York,36,Queens,081,5600,51000,,0258,,1450,TRACT 258   NEW YORK CITY QUEENS,001,3,15,0,0,0,0,0,1,0,33,1809,7
G36008100259,1960,New York,36,Queens,081,5600,51000,,0259,,1450,TRACT 259   NEW YORK CITY QUEENS,001,3,15,0,0,0,0,1,1,0,1949,0,1
G36008100260,1960,New York,36,Queens,081,5600,51000,,0260,,1450,TRACT 260   NEW YORK CITY QUEENS,001,3,15,0,0,0,0,0,1,0,254,1895,17
G36008100261,1960,New York,36,Queens,081,5600,51000,,0261,,1450,TRACT 261   NEW YORK CITY QUEENS,001,3,15,0,0,0,0,1,1,0,5685,4,27
G36008100262,1960,New York,36,Queens,081,5600,51000,,0262,,1450,TRACT 262   NEW YORK CITY QUEENS,001,3,15,0,0,0,0,0,1,0,115,944,0
G36008100263,1960,New York,36,Queens,081,5600,51000,,0263,,1450,TRACT 263   NEW YORK CITY QUEENS,001,3,15,0,0,0,0,1,1,0,3962,9,36
G36008100264,1960,New York,36,Queens,081,5600,51000,,0264,,1450,TRACT 264   NEW YORK CITY QUEENS,001,3,15,0,0,0,0,0,1,0,76,1628,7
G36008100265,1960,New York,36,Queens,081,5600,51000,,0265,,1450,TRACT 265   NEW YORK CITY QUEENS,001,3,15,0,0,0,0,1,1,0,2329,0,33
G36008100266,1960,New York,36,Queens,081,5600,51000,,0266,,1450,TRACT 266   NEW YORK CITY QUEENS,001,3,15,0,0,0,0,0,1,0,53,1057,11
G36008100267,1960,New York,36,Queens,081,5600,51000,,0267,,1450,TRACT 267   NEW YORK CITY QUEENS,001,3,15,0,0,0,0,1,1,0,3904,33,62
G36008100269,1960,New York,36,Queens,081,5600,51000,,0269,,1450,TRACT 269   NEW YORK CITY QUEENS,001,3,15,0,0,0,0,1,1,0,5232,14,42
G36008100270,1960,New York,36,Queens,081,5600,51000,,0270,,1450,TRACT 270   NEW YORK CITY QUEENS,001,3,15,0,0,0,0,0,1,0,113,885,0
G36008100271,1960,New York,36,Queens,081,5600,51000,,0271,,1450,TRACT 271   NEW YORK CITY QUEENS,001,3,15,0,0,0,0,1,1,0,4636,8,15
G36008100272,1960,New York,36,Queens,081,5600,51000,,0272,,1450,TRACT 272   NEW YORK CITY QUEENS,001,3,15,0,0,0,0,0,1,0,258,1364,19
G36008100273,1960,New York,36,Queens,081,5600,51000,,0273,,1450,TRACT 273   NEW YORK CITY QUEENS,001,3,15,0,0,0,0,1,1,0,6540,54,54
G36008100274,1960,New York,36,Queens,081,5600,51000,,0274,,1450,TRACT 274   NEW YORK CITY QUEENS,001,3,15,0,0,0,0,0,1,0,136,634,3
G36008100275,1960,New York,36,Queens,081,5600,51000,,0275,,1450,TRACT 275   NEW YORK CITY QUEENS,001,3,15,0,0,0,0,1,1,0,5436,15,40
G36008100276,1960,New York,36,Queens,081,5600,51000,,0276,,1450,TRACT 276   NEW YORK CITY QUEENS,001,3,15,0,0,0,0,0,1,0,35,683,0
G36008100277,1960,New York,36,Queens,081,5600,51000,,0277,,1450,TRACT 277   NEW YORK CITY QUEENS,001,3,15,0,0,0,0,1,1,0,6798,30,63
G36008100278,1960,New York,36,Queens,081,5600,51000,,0278,,1450,TRACT 278   NEW YORK CITY QUEENS,001,3,15,0,0,0,0,1,1,0,30,289,9
G36008100279,1960,New York,36,Queens,081,5600,51000,,0279,,1450,TRACT 279   NEW YORK CITY QUEENS,001,3,15,0,0,0,0,1,1,0,5415,21,25
G36008100280,1960,New York,36,Queens,081,5600,51000,,0280,,1450,TRACT 280   NEW YORK CITY QUEENS,001,3,15,0,0,0,0,0,1,0,115,1443,7
G36008100281,1960,New York,36,Queens,081,5600,51000,,0281,,1450,TRACT 281   NEW YORK CITY QUEENS,001,3,15,0,0,0,0,1,1,0,5509,17,24
G36008100282,1960,New York,36,Queens,081,5600,51000,,0282,,1450,TRACT 282   NEW YORK CITY QUEENS,001,3,15,0,0,0,0,0,1,0,202,1282,10
G36008100283,1960,New York,36,Queens,081,5600,51000,,0283,,1450,TRACT 283   NEW YORK CITY QUEENS,001,3,15,0,0,0,0,1,1,0,6836,16,8
G36008100284,1960,New York,36,Queens,081,5600,51000,,0284,,1450,TRACT 284   NEW YORK CITY QUEENS,001,3,15,0,0,0,0,0,1,0,391,1691,31
G36008100285,1960,New York,36,Queens,081,5600,51000,,0285,,1450,TRACT 285   NEW YORK CITY QUEENS,001,3,15,0,0,0,0,1,1,0,5008,10,8
G36008100287,1960,New York,36,Queens,081,5600,51000,,0287,,1450,TRACT 287   NEW YORK CITY QUEENS,001,3,15,0,0,0,0,1,1,0,6379,35,15
G36008100288,1960,New York,36,Queens,081,5600,51000,,0288,,1450,TRACT 288   NEW YORK CITY QUEENS,001,3,15,0,0,0,0,0,1,0,538,1765,14
G36008100289,1960,New York,36,Queens,081,5600,51000,,0289,,1450,TRACT 289   NEW YORK CITY QUEENS,001,3,15,0,0,0,0,1,1,0,4438,18,25
G36008100290,1960,New York,36,Queens,081,5600,51000,,0290,,1450,TRACT 290   NEW YORK CITY QUEENS,001,3,15,0,0,0,0,0,1,0,240,1069,1
G36008100291,1960,New York,36,Queens,081,5600,51000,,0291,,1450,TRACT 291   NEW YORK CITY QUEENS,001,3,15,0,0,0,0,1,1,0,4592,8,45
G36008100292,1960,New York,36,Queens,081,5600,51000,,0292,,1450,TRACT 292   NEW YORK CITY QUEENS,001,3,15,0,0,0,0,0,1,0,703,2455,29
G36008100293,1960,New York,36,Queens,081,5600,51000,,0293,,1450,TRACT 293   NEW YORK CITY QUEENS,001,3,15,0,0,0,0,1,1,0,857,0,0
G36008100295,1960,New York,36,Queens,081,5600,51000,,0295,,1450,TRACT 295   NEW YORK CITY QUEENS,001,3,15,0,0,0,0,1,1,0,4196,28,2
G36008100297,1960,New York,36,Queens,081,5600,51000,,0297,,1450,TRACT 297   NEW YORK CITY QUEENS,001,3,15,0,0,0,0,1,1,0,1438,0,5
G36008100299,1960,New York,36,Queens,081,5600,51000,,0299,,1450,TRACT 299   NEW YORK CITY QUEENS,001,3,15,1,1,1,1,1,1,0,15,0,0
G36008100304,1960,New York,36,Queens,081,5600,51000,,0304,,1450,TRACT 304   NEW YORK CITY QUEENS,001,3,15,0,0,0,0,1,1,0,1940,114,7
G36008100309,1960,New York,36,Queens,081,5600,51000,,0309,,1450,TRACT 309   NEW YORK CITY QUEENS,001,3,15,0,0,0,0,1,1,0,8298,1,44
G36008100317,1960,New York,36,Queens,081,5600,51000,,0317,,1450,TRACT 317   NEW YORK CITY QUEENS,001,3,15,0,0,0,0,1,1,0,6075,4,6
G36008100320,1960,New York,36,Queens,081,5600,51000,,0320,,1450,TRACT 320   NEW YORK CITY QUEENS,001,3,15,0,0,0,0,1,1,0,3016,161,0
G36008100327,1960,New York,36,Queens,081,5600,51000,,0327,,1450,TRACT 327   NEW YORK CITY QUEENS,001,3,15,0,0,0,0,1,1,0,2544,4,8
G36008100328,1960,New York,36,Queens,081,5600,51000,,0328,,1450,TRACT 328   NEW YORK CITY QUEENS,001,3,15,0,0,0,0,1,1,0,1073,144,4
G36008100329,1960,New York,36,Queens,081,5600,51000,,0329,,1450,TRACT 329   NEW YORK CITY QUEENS,001,3,15,0,0,0,0,1,1,0,2789,0,9
G36008100330,1960,New York,36,Queens,081,5600,51000,,0330,,1450,TRACT 330   NEW YORK CITY QUEENS,001,3,15,0,0,0,0,0,1,0,2535,2030,30
G36008100331,1960,New York,36,Queens,081,5600,51000,,0331,,1450,TRACT 331   NEW YORK CITY QUEENS,001,3,15,1,1,1,1,1,1,0,0,0,0
G36008100334,1960,New York,36,Queens,081,5600,51000,,0334,,1450,TRACT 334   NEW YORK CITY QUEENS,001,3,15,0,0,0,0,0,1,0,767,1977,17
G36008100337,1960,New York,36,Queens,081,5600,51000,,0337,,1450,TRACT 337   NEW YORK CITY QUEENS,001,3,15,0,0,0,0,1,1,0,2406,0,16
G36008100339,1960,New York,36,Queens,081,5600,51000,,0339,,1450,TRACT 339   NEW YORK CITY QUEENS,001,3,15,0,0,0,0,1,1,0,3100,1,29
G36008100347,1960,New York,36,Queens,081,5600,51000,,0347,,1450,TRACT 347   NEW YORK CITY QUEENS,001,3,15,0,0,0,0,1,1,0,2163,148,15
G36008100351,1960,New York,36,Queens,081,5600,51000,,0351,,1450,TRACT 351   NEW YORK CITY QUEENS,001,3,15,0,0,0,0,1,1,0,4259,3,45
G36008100352,1960,New York,36,Queens,081,5600,51000,,0352,,1450,TRACT 352   NEW YORK CITY QUEENS,001,3,15,0,0,0,0,0,1,0,631,1480,30
G36008100353,1960,New York,36,Queens,081,5600,51000,,0353,,1450,TRACT 353   NEW YORK CITY QUEENS,001,3,15,0,0,0,0,0,1,0,1239,588,2
G36008100355,1960,New York,36,Queens,081,5600,51000,,0355,,1450,TRACT 355   NEW YORK CITY QUEENS,001,3,15,0,0,0,0,0,1,0,1022,1131,3
G36008100358,1960,New York,36,Queens,081,5600,51000,,0358,,1450,TRACT 358   NEW YORK CITY QUEENS,001,3,15,0,0,0,0,1,1,0,3186,4,6
G36008100361,1960,New York,36,Queens,081,5600,51000,,0361,,1450,TRACT 361   NEW YORK CITY QUEENS,001,3,15,0,0,0,0,0,1,0,701,1146,0
G36008100363,1960,New York,36,Queens,081,5600,51000,,0363,,1450,TRACT 363   NEW YORK CITY QUEENS,001,3,15,0,0,0,0,0,1,0,312,1358,28
G36008100365,1960,New York,36,Queens,081,5600,51000,,0365,,1450,TRACT 365   NEW YORK CITY QUEENS,001,3,15,0,0,0,0,0,1,0,190,2169,16
G36008100366,1960,New York,36,Queens,081,5600,51000,,0366,,1450,TRACT 366   NEW YORK CITY QUEENS,001,3,15,0,0,0,0,0,1,0,453,2290,26
G36008100367,1960,New York,36,Queens,081,5600,51000,,0367,,1450,TRACT 367   NEW YORK CITY QUEENS,001,3,15,0,0,0,0,0,1,0,415,1765,10
G36008100368,1960,New York,36,Queens,081,5600,51000,,0368,,1450,TRACT 368   NEW YORK CITY QUEENS,001,3,15,0,0,0,0,0,1,0,340,1830,12
G36008100369,1960,New York,36,Queens,081,5600,51000,,0369,,1450,TRACT 369   NEW YORK CITY QUEENS,001,3,15,0,0,0,0,0,1,0,86,578,8
G36008100371,1960,New York,36,Queens,081,5600,51000,,0371,,1450,TRACT 371   NEW YORK CITY QUEENS,001,3,15,0,0,0,0,0,1,0,132,1081,5
G36008100373,1960,New York,36,Queens,081,5600,51000,,0373,,1450,TRACT 373   NEW YORK CITY QUEENS,001,3,15,0,0,0,0,0,1,0,153,1285,2
G36008100375,1960,New York,36,Queens,081,5600,51000,,0375,,1450,TRACT 375   NEW YORK CITY QUEENS,001,3,15,0,0,0,0,0,1,0,1729,451,12
G36008100376,1960,New York,36,Queens,081,5600,51000,,0376,,1450,TRACT 376   NEW YORK CITY QUEENS,001,3,15,0,0,0,0,0,1,0,1276,4280,53
G36008100377,1960,New York,36,Queens,081,5600,51000,,0377,,1450,TRACT 377   NEW YORK CITY QUEENS,001,3,15,0,0,0,0,0,1,0,312,2042,12
G36008100379,1960,New York,36,Queens,081,5600,51000,,0379,,1450,TRACT 379   NEW YORK CITY QUEENS,001,3,15,0,0,0,0,0,1,0,551,2650,25
G36008100381,1960,New York,36,Queens,081,5600,51000,,0381,,1450,TRACT 381   NEW YORK CITY QUEENS,001,3,15,0,0,0,0,0,1,0,499,2638,36
G36008100383,1960,New York,36,Queens,081,5600,51000,,0383,,1450,TRACT 383   NEW YORK CITY QUEENS,001,3,15,0,0,1,1,1,1,0,10,0,0
G36008100384,1960,New York,36,Queens,081,5600,51000,,0384,,1450,TRACT 384   NEW YORK CITY QUEENS,001,3,15,0,0,0,0,0,1,0,788,1155,10
G36008100394,1960,New York,36,Queens,081,5600,51000,,0394,,1450,TRACT 394   NEW YORK CITY QUEENS,001,3,15,0,0,0,0,0,1,0,597,2091,41
G36008100398,1960,New York,36,Queens,081,5600,51000,,0398,,1450,TRACT 398   NEW YORK CITY QUEENS,001,3,15,0,0,0,0,0,1,0,234,1260,7
G36008100399,1960,New York,36,Queens,081,5600,51000,,0399,,1450,TRACT 399   NEW YORK CITY QUEENS,001,3,15,0,0,0,0,1,1,0,1178,99,25
G36008100400,1960,New York,36,Queens,081,5600,51000,,0400,,1450,TRACT 400   NEW YORK CITY QUEENS,001,3,15,0,0,0,0,0,1,0,288,994,7
G36008100401,1960,New York,36,Queens,081,5600,51000,,0401,,1450,TRACT 401   NEW YORK CITY QUEENS,001,3,15,0,0,0,0,1,1,0,3075,284,11
G36008100402,1960,New York,36,Queens,081,5600,51000,,0402,,1450,TRACT 402   NEW YORK CITY QUEENS,001,3,15,0,0,0,0,0,1,0,276,1145,14
G36008100403,1960,New York,36,Queens,081,5600,51000,,0403,,1450,TRACT 403   NEW YORK CITY QUEENS,001,3,15,0,0,0,0,1,1,0,2698,94,14
G36008100404,1960,New York,36,Queens,081,5600,51000,,0404,,1450,TRACT 404   NEW YORK CITY QUEENS,001,3,15,0,0,0,0,0,1,0,1607,2249,61
G36008100405,1960,New York,36,Queens,081,5600,51000,,0405,,1450,TRACT 405   NEW YORK CITY QUEENS,001,3,15,0,0,0,0,1,1,0,1574,125,3
G36008100407,1960,New York,36,Queens,081,5600,51000,,0407,,1450,TRACT 407   NEW YORK CITY QUEENS,001,3,15,0,0,0,0,0,1,0,3594,679,42
G36008100409,1960,New York,36,Queens,081,5600,51000,,0409,,1450,TRACT 409   NEW YORK CITY QUEENS,001,3,15,0,0,0,0,0,1,0,2004,441,67
G36008100410,1960,New York,36,Queens,081,5600,51000,,0410,,1450,TRACT 410   NEW YORK CITY QUEENS,001,3,15,0,0,0,0,0,1,0,470,506,12
G36008100411,1960,New York,36,Queens,081,5600,51000,,0411,,1450,TRACT 411   NEW YORK CITY QUEENS,001,3,15,0,0,0,0,1,1,0,2134,0,4
G36008100413,1960,New York,36,Queens,081,5600,51000,,0413,,1450,TRACT 413   NEW YORK CITY QUEENS,001,3,15,0,0,0,0,1,1,0,2197,48,0
G36008100414,1960,New York,36,Queens,081,5600,51000,,0414,,1450,TRACT 414   NEW YORK CITY QUEENS,001,3,15,0,0,0,0,0,1,0,53,2766,7
G36008100415,1960,New York,36,Queens,081,5600,51000,,0415,,1450,TRACT 415   NEW YORK CITY QUEENS,001,3,15,0,0,0,0,1,1,0,1895,13,0
G36008100420,1960,New York,36,Queens,081,5600,51000,,0420,,1450,TRACT 420   NEW YORK CITY QUEENS,001,3,15,0,0,0,0,0,1,0,55,738,11
G36008100422,1960,New York,36,Queens,081,5600,51000,,0422,,1450,TRACT 422   NEW YORK CITY QUEENS,001,3,15,0,0,0,0,0,1,0,41,832,3
G36008100424,1960,New York,36,Queens,081,5600,51000,,0424,,1450,TRACT 424   NEW YORK CITY QUEENS,001,3,15,0,0,0,0,0,1,0,47,560,14
G36008100426,1960,New York,36,Queens,081,5600,51000,,0426,,1450,TRACT 426   NEW YORK CITY QUEENS,001,3,15,0,0,1,0,1,1,0,780,79,16
G36008100427,1960,New York,36,Queens,081,5600,51000,,0427,,1450,TRACT 427   NEW YORK CITY QUEENS,001,3,15,0,0,0,0,1,1,0,1935,13,6
G36008100432,1960,New York,36,Queens,081,5600,51000,,0432,,1450,TRACT 432   NEW YORK CITY QUEENS,001,3,15,0,0,0,0,0,1,0,85,1104,4
G36008100434,1960,New York,36,Queens,081,5600,51000,,0434,,1450,TRACT 434   NEW YORK CITY QUEENS,001,3,15,0,0,0,0,0,1,0,40,1286,0
G36008100437,1960,New York,36,Queens,081,5600,51000,,0437,,1450,TRACT 437   NEW YORK CITY QUEENS,001,3,15,0,0,0,0,1,1,0,1849,41,3
G36008100439,1960,New York,36,Queens,081,5600,51000,,0439,,1450,TRACT 439   NEW YORK CITY QUEENS,001,3,15,0,0,0,0,1,1,0,2216,155,1
G36008100440,1960,New York,36,Queens,081,5600,51000,,0440,,1450,TRACT 440   NEW YORK CITY QUEENS,001,3,15,0,0,0,0,0,1,0,324,3579,31
G36008100442,1960,New York,36,Queens,081,5600,51000,,0442,,1450,TRACT 442   NEW YORK CITY QUEENS,001,3,15,0,0,0,0,1,1,0,1108,310,7
G36008100443,1960,New York,36,Queens,081,5600,51000,,0443,,1450,TRACT 443   NEW YORK CITY QUEENS,001,3,15,0,0,0,0,1,1,0,923,42,1
G360081004460,1960,New York,36,Queens,081,5600,51000,,0446,0,1450,TRACT 446-0 NEW YORK CITY QUEENS,001,3,15,0,0,0,0,1,1,0,1099,3,5
G360081004461,1960,New York,36,Queens,081,5600,51000,,0446,1,1450,TRACT 446-1 NEW YORK CITY QUEENS,001,3,15,0,0,0,0,1,1,0,2007,2,16
G36008100448,1960,New York,36,Queens,081,5600,51000,,0448,,1450,TRACT 448   NEW YORK CITY QUEENS,001,3,15,0,0,0,0,1,1,0,1501,0,21
G36008100450,1960,New York,36,Queens,081,5600,51000,,0450,,1450,TRACT 450   NEW YORK CITY QUEENS,001,3,15,0,0,0,0,1,1,0,1504,0,22
G36008100452,1960,New York,36,Queens,081,5600,51000,,0452,,1450,TRACT 452   NEW YORK CITY QUEENS,001,3,15,0,0,0,0,1,1,0,271,0,4
G36008100453,1960,New York,36,Queens,081,5600,51000,,0453,,1450,TRACT 453   NEW YORK CITY QUEENS,001,3,15,0,0,0,0,1,1,0,1356,0,20
G36008100454,1960,New York,36,Queens,081,5600,51000,,0454,,1450,TRACT 454   NEW YORK CITY QUEENS,001,3,15,0,0,0,0,1,1,0,2398,1,38
G36008100455,1960,New York,36,Queens,081,5600,51000,,0455,,1450,TRACT 455   NEW YORK CITY QUEENS,001,3,15,1,1,1,1,1,1,0,0,0,0
G36008100456,1960,New York,36,Queens,081,5600,51000,,0456,,1450,TRACT 456   NEW YORK CITY QUEENS,001,3,15,0,0,0,0,1,1,0,783,2,4
G36008100457,1960,New York,36,Queens,081,5600,51000,,0457,,1450,TRACT 457   NEW YORK CITY QUEENS,001,3,15,0,0,0,0,1,1,0,1544,2,7
G36008100458,1960,New York,36,Queens,081,5600,51000,,0458,,1450,TRACT 458   NEW YORK CITY QUEENS,001,3,15,0,0,0,0,1,1,0,1432,15,0
G36008100459,1960,New York,36,Queens,081,5600,51000,,0459,,1450,TRACT 459   NEW YORK CITY QUEENS,001,3,15,0,0,0,0,1,1,0,1958,0,0
G36008100460,1960,New York,36,Queens,081,5600,51000,,0460,,1450,TRACT 460   NEW YORK CITY QUEENS,001,3,15,0,0,0,0,1,1,0,2606,7,12
G36008100461,1960,New York,36,Queens,081,5600,51000,,0461,,1450,TRACT 461   NEW YORK CITY QUEENS,001,3,15,0,0,0,0,1,1,0,1290,9,14
G36008100462,1960,New York,36,Queens,081,5600,51000,,0462,,1450,TRACT 462   NEW YORK CITY QUEENS,001,3,15,0,0,0,0,1,1,0,2733,6,23
G36008100463,1960,New York,36,Queens,081,5600,51000,,0463,,1450,TRACT 463   NEW YORK CITY QUEENS,001,3,15,0,0,0,0,1,1,0,1920,3,1
G36008100464,1960,New York,36,Queens,081,5600,51000,,0464,,1450,TRACT 464   NEW YORK CITY QUEENS,001,3,15,0,0,0,0,1,1,0,921,5,11
G36008100465,1960,New York,36,Queens,081,5600,51000,,0465,,1450,TRACT 465   NEW YORK CITY QUEENS,001,3,15,0,0,0,0,1,1,0,2294,0,2
G36008100466,1960,New York,36,Queens,081,5600,51000,,0466,,1450,TRACT 466   NEW YORK CITY QUEENS,001,3,15,0,0,0,0,1,1,0,1983,0,0
G36008100467,1960,New York,36,Queens,081,5600,51000,,0467,,1450,TRACT 467   NEW YORK CITY QUEENS,001,3,15,0,0,0,0,1,1,0,2395,0,15
G36008100468,1960,New York,36,Queens,081,5600,51000,,0468,,1450,TRACT 468   NEW YORK CITY QUEENS,001,3,15,0,0,0,0,1,1,0,2714,5,24
G36008100469,1960,New York,36,Queens,081,5600,51000,,0469,,1450,TRACT 469   NEW YORK CITY QUEENS,001,3,15,0,0,0,0,1,1,0,4794,5,47
G36008100470,1960,New York,36,Queens,081,5600,51000,,0470,,1450,TRACT 470   NEW YORK CITY QUEENS,001,3,15,0,0,0,0,1,1,0,2510,2,19
G36008100471,1960,New York,36,Queens,081,5600,51000,,0471,,1450,TRACT 471   NEW YORK CITY QUEENS,001,3,15,0,0,0,0,1,1,0,2089,7,16
G36008100472,1960,New York,36,Queens,081,5600,51000,,0472,,1450,TRACT 472   NEW YORK CITY QUEENS,001,3,15,0,0,0,0,1,1,0,2029,15,13
G36008100473,1960,New York,36,Queens,081,5600,51000,,0473,,1450,TRACT 473   NEW YORK CITY QUEENS,001,3,15,0,0,0,0,1,1,0,1282,0,2
G36008100475,1960,New York,36,Queens,081,5600,51000,,0475,,1450,TRACT 475   NEW YORK CITY QUEENS,001,3,15,0,0,0,0,1,1,0,2228,1,2
G36008100476,1960,New York,36,Queens,081,5600,51000,,0476,,1450,TRACT 476   NEW YORK CITY QUEENS,001,3,15,0,0,0,0,1,1,0,1285,12,1
G36008100478,1960,New York,36,Queens,081,5600,51000,,0478,,1450,TRACT 478   NEW YORK CITY QUEENS,001,3,15,0,0,0,0,1,1,0,5802,9,6
G36008100479,1960,New York,36,Queens,081,5600,51000,,0479,,1450,TRACT 479   NEW YORK CITY QUEENS,001,3,15,0,0,0,0,1,1,0,3404,0,12
G36008100480,1960,New York,36,Queens,081,5600,51000,,0480,,1450,TRACT 480   NEW YORK CITY QUEENS,001,3,15,0,0,0,0,1,1,0,1857,1,14
G36008100481,1960,New York,36,Queens,081,5600,51000,,0481,,1450,TRACT 481   NEW YORK CITY QUEENS,001,3,15,0,0,0,0,1,1,0,3418,13,23
G36008100482,1960,New York,36,Queens,081,5600,51000,,0482,,1450,TRACT 482   NEW YORK CITY QUEENS,001,3,15,0,0,0,0,1,1,0,1085,7,11
G36008100483,1960,New York,36,Queens,081,5600,51000,,0483,,1450,TRACT 483   NEW YORK CITY QUEENS,001,3,15,0,0,0,0,1,1,0,1989,2,6
G36008100484,1960,New York,36,Queens,081,5600,51000,,0484,,1450,TRACT 484   NEW YORK CITY QUEENS,001,3,15,0,0,0,0,1,1,0,4117,4,13
G36008100485,1960,New York,36,Queens,081,5600,51000,,0485,,1450,TRACT 485   NEW YORK CITY QUEENS,001,3,15,0,0,0,0,1,1,0,2401,6,6
G36008100489,1960,New York,36,Queens,081,5600,51000,,0489,,1450,TRACT 489   NEW YORK CITY QUEENS,001,3,15,0,0,0,0,1,1,0,953,0,0
G36008100492,1960,New York,36,Queens,081,5600,51000,,0492,,1450,TRACT 492   NEW YORK CITY QUEENS,001,3,15,0,0,0,0,1,1,0,4872,1,33
G360081004930,1960,New York,36,Queens,081,5600,51000,,0493,0,1450,TRACT 493-0 NEW YORK CITY QUEENS,001,3,15,0,0,0,0,1,1,0,1705,0,7
G360081004931,1960,New York,36,Queens,081,5600,51000,,0493,1,1450,TRACT 493-1 NEW YORK CITY QUEENS,001,3,15,0,0,0,0,1,1,0,2553,0,1
G36008100495,1960,New York,36,Queens,081,5600,51000,,0495,,1450,TRACT 495   NEW YORK CITY QUEENS,001,3,15,0,0,0,0,1,1,0,1146,0,0
G36008100496,1960,New York,36,Queens,081,5600,51000,,0496,,1450,TRACT 496 NEW YORK CITY QUEENS,001,3,15,0,0,0,0,1,1,0,2797,1,19
G36008100497,1960,New York,36,Queens,081,5600,51000,,0497,,1450,TRACT 497 NEW YORK CITY QUEENS,001,3,15,0,0,0,0,1,1,0,2377,0,0
G36008100499,1960,New York,36,Queens,081,5600,51000,,0499,,1450,TRACT 499 NEW YORK CITY QUEENS,001,3,15,0,0,0,0,1,1,0,3300,1,17
G36008100500,1960,New York,36,Queens,081,5600,51000,,0500,,1450,TRACT 500 NEW YORK CITY QUEENS,001,3,15,0,0,0,0,1,1,0,2721,29,13
G360081005020,1960,New York,36,Queens,081,5600,51000,,0502,0,1450,TRACT 502-0 NEW YORK CITY QUEENS,001,3,15,0,0,0,0,0,1,0,751,420,38
G360081005021,1960,New York,36,Queens,081,5600,51000,,0502,1,1450,TRACT 502-1 NEW YORK CITY QUEENS,001,3,15,0,0,0,0,1,1,0,921,250,4
G36008100504,1960,New York,36,Queens,081,5600,51000,,0504,,1450,TRACT 504 NEW YORK CITY QUEENS,001,3,15,0,0,0,0,0,1,0,826,867,5
G36008100505,1960,New York,36,Queens,081,5600,51000,,0505,,1450,TRACT 505 NEW YORK CITY QUEENS,001,3,15,0,0,0,0,1,1,0,940,0,0
G36008100506,1960,New York,36,Queens,081,5600,51000,,0506,,1450,TRACT 506 NEW YORK CITY QUEENS,001,3,15,0,0,0,0,0,1,0,1050,416,8
G36008100507,1960,New York,36,Queens,081,5600,51000,,0507,,1450,TRACT 507 NEW YORK CITY QUEENS,001,3,15,0,0,0,0,1,1,0,2658,8,4
G36008100508,1960,New York,36,Queens,081,5600,51000,,0508,,1450,TRACT 508 NEW YORK CITY QUEENS,001,3,15,0,0,0,0,1,1,0,1890,122,6
G36008100510,1960,New York,36,Queens,081,5600,51000,,0510,,1450,TRACT 510 NEW YORK CITY QUEENS,001,3,15,0,0,0,0,1,1,0,1443,71,6
G36008100511,1960,New York,36,Queens,081,5600,51000,,0511,,1450,TRACT 511 NEW YORK CITY QUEENS,001,3,15,0,0,0,0,1,1,0,2274,0,0
G36008100512,1960,New York,36,Queens,081,5600,51000,,0512,,1450,TRACT 512 NEW YORK CITY QUEENS,001,3,15,0,0,0,0,1,1,0,2386,0,17
G36008100513,1960,New York,36,Queens,081,5600,51000,,0513,,1450,TRACT 513 NEW YORK CITY QUEENS,001,3,15,0,0,0,0,1,1,0,2013,0,0
G36008100515,1960,New York,36,Queens,081,5600,51000,,0515,,1450,TRACT 515 NEW YORK CITY QUEENS,001,3,15,0,0,0,0,1,1,0,3563,14,5
G36008100516,1960,New York,36,Queens,081,5600,51000,,0516,,1450,TRACT 516 NEW YORK CITY QUEENS,001,3,15,0,0,0,0,1,1,0,1802,273,12
G36008100517,1960,New York,36,Queens,081,5600,51000,,0517,,1450,TRACT 517 NEW YORK CITY QUEENS,001,3,15,0,0,0,0,1,1,0,2072,0,0
G36008100518,1960,New York,36,Queens,081,5600,51000,,0518,,1450,TRACT 518 NEW YORK CITY QUEENS,001,3,15,0,0,0,0,0,1,0,1506,416,13
G36008100519,1960,New York,36,Queens,081,5600,51000,,0519,,1450,TRACT 519 NEW YORK CITY QUEENS,001,3,15,0,0,1,0,1,1,0,63,0,0
G36008100520,1960,New York,36,Queens,081,5600,51000,,0520,,1450,TRACT 520 NEW YORK CITY QUEENS,001,3,15,0,0,0,0,1,1,0,1083,401,3
G36008100521,1960,New York,36,Queens,081,5600,51000,,0521,,1450,TRACT 521 NEW YORK CITY QUEENS,001,3,15,0,0,0,0,1,1,0,2139,0,1
G36008100522,1960,New York,36,Queens,081,5600,51000,,0522,,1450,TRACT 522 NEW YORK CITY QUEENS,001,3,15,0,0,0,0,0,1,0,730,741,12
G36008100524,1960,New York,36,Queens,081,5600,51000,,0524,,1450,TRACT 524 NEW YORK CITY QUEENS,001,3,15,0,0,0,0,0,1,0,643,1231,8
G36008100525,1960,New York,36,Queens,081,5600,51000,,0525,,1450,TRACT 525 NEW YORK CITY QUEENS,001,3,15,0,0,0,0,1,1,0,2045,0,0
G36008100526,1960,New York,36,Queens,081,5600,51000,,0526,,1450,TRACT 526 NEW YORK CITY QUEENS,001,3,15,0,0,0,0,0,1,0,529,1446,8
G36008100527,1960,New York,36,Queens,081,5600,51000,,0527,,1450,TRACT 527 NEW YORK CITY QUEENS,001,3,15,0,0,0,0,1,1,0,2713,0,1
G36008100528,1960,New York,36,Queens,081,5600,51000,,0528,,1450,TRACT 528 NEW YORK CITY QUEENS,001,3,15,0,0,0,0,0,1,0,386,981,32
G36008100529,1960,New York,36,Queens,081,5600,51000,,0529,,1450,TRACT 529 NEW YORK CITY QUEENS,001,3,15,0,0,0,0,1,1,0,1003,0,0
G36008100530,1960,New York,36,Queens,081,5600,51000,,0530,,1450,TRACT 530 NEW YORK CITY QUEENS,001,3,15,0,0,0,0,0,1,0,1328,971,10
G36008100532,1960,New York,36,Queens,081,5600,51000,,0532,,1450,TRACT 532 NEW YORK CITY QUEENS,001,3,15,0,0,0,0,0,1,0,1293,648,14
G36008100534,1960,New York,36,Queens,081,5600,51000,,0534,,1450,TRACT 534 NEW YORK CITY QUEENS,001,3,15,0,0,0,0,1,1,0,1647,62,5
G36008100535,1960,New York,36,Queens,081,5600,51000,,0535,,1450,TRACT 535 NEW YORK CITY QUEENS,001,3,15,0,0,0,0,1,1,0,1341,0,0
G36008100536,1960,New York,36,Queens,081,5600,51000,,0536,,1450,TRACT 536 NEW YORK CITY QUEENS,001,3,15,0,0,0,0,1,1,0,1829,11,0
G36008100538,1960,New York,36,Queens,081,5600,51000,,0538,,1450,TRACT 538 NEW YORK CITY QUEENS,001,3,15,0,0,0,0,1,1,0,1611,1,5
G36008100539,1960,New York,36,Queens,081,5600,51000,,0539,,1450,TRACT 539 NEW YORK CITY QUEENS,001,3,15,0,0,0,0,1,1,0,1181,1,1
G36008100540,1960,New York,36,Queens,081,5600,51000,,0540,,1450,TRACT 540 NEW YORK CITY QUEENS,001,3,15,0,0,0,0,1,1,0,3257,0,5
G36008100541,1960,New York,36,Queens,081,5600,51000,,0541,,1450,TRACT 541 NEW YORK CITY QUEENS,001,3,15,0,1,1,1,1,1,0,5,0,0
G36008100542,1960,New York,36,Queens,081,5600,51000,,0542,,1450,TRACT 542 NEW YORK CITY QUEENS,001,3,15,0,0,0,0,1,1,0,4505,0,21
G36008100543,1960,New York,36,Queens,081,5600,51000,,0543,,1450,TRACT 543 NEW YORK CITY QUEENS,001,3,15,0,0,0,0,1,1,0,2599,1,0
G36008100545,1960,New York,36,Queens,081,5600,51000,,0545,,1450,TRACT 545 NEW YORK CITY QUEENS,001,3,15,0,0,0,0,1,1,0,3419,0,1
G36008100547,1960,New York,36,Queens,081,5600,51000,,0547,,1450,TRACT 547 NEW YORK CITY QUEENS,001,3,15,0,0,0,0,1,1,0,3554,1,7
G36008100548,1960,New York,36,Queens,081,5600,51000,,0548,,1450,TRACT 548 NEW YORK CITY QUEENS,001,3,15,0,0,0,0,1,1,0,2082,0,4
G36008100549,1960,New York,36,Queens,081,5600,51000,,0549,,1450,TRACT 549 NEW YORK CITY QUEENS,001,3,15,0,0,0,0,1,1,0,4120,0,0
G36008100551,1960,New York,36,Queens,081,5600,51000,,0551,,1450,TRACT 551 NEW YORK CITY QUEENS,001,3,15,0,0,0,0,1,1,0,4216,0,0
G36008100552,1960,New York,36,Queens,081,5600,51000,,0552,,1450,TRACT 552 NEW YORK CITY QUEENS,001,3,15,0,0,0,0,1,1,0,2446,2,5
G36008100553,1960,New York,36,Queens,081,5600,51000,,0553,,1450,TRACT 553 NEW YORK CITY QUEENS,001,3,15,0,0,0,0,1,1,0,2051,0,1
G36008100554,1960,New York,36,Queens,081,5600,51000,,0554,,1450,TRACT 554 NEW YORK CITY QUEENS,001,3,15,0,0,0,0,1,1,0,2277,0,7
G36008100555,1960,New York,36,Queens,081,5600,51000,,0555,,1450,TRACT 555 NEW YORK CITY QUEENS,001,3,15,0,0,0,0,1,1,0,1809,1,10
G36008100556,1960,New York,36,Queens,081,5600,51000,,0556,,1450,TRACT 556 NEW YORK CITY QUEENS,001,3,15,0,0,0,0,1,1,0,1967,4,0
G36008100557,1960,New York,36,Queens,081,5600,51000,,0557,,1450,TRACT 557 NEW YORK CITY QUEENS,001,3,15,0,0,0,0,1,1,0,3457,0,0
G36008100558,1960,New York,36,Queens,081,5600,51000,,0558,,1450,TRACT 558 NEW YORK CITY QUEENS,001,3,15,0,0,0,0,1,1,0,1666,0,0
G36008100559,1960,New York,36,Queens,081,5600,51000,,0559,,1450,TRACT 559 NEW YORK CITY QUEENS,001,3,15,0,0,0,0,1,1,0,1072,0,1
G36008100560,1960,New York,36,Queens,081,5600,51000,,0560,,1450,TRACT 560 NEW YORK CITY QUEENS,001,3,15,0,0,0,0,1,1,0,1540,0,0
G36008100561,1960,New York,36,Queens,081,5600,51000,,0561,,1450,TRACT 561 NEW YORK CITY QUEENS,001,3,15,0,0,1,1,1,1,0,36,0,0
G36008100562,1960,New York,36,Queens,081,5600,51000,,0562,,1450,TRACT 562 NEW YORK CITY QUEENS,001,3,15,0,0,0,0,1,1,0,1318,0,0
G36008100564,1960,New York,36,Queens,081,5600,51000,,0564,,1450,TRACT 564 NEW YORK CITY QUEENS,001,3,15,0,0,0,0,1,1,0,1562,2,1
G36008100565,1960,New York,36,Queens,081,5600,51000,,0565,,1450,TRACT 565 NEW YORK CITY QUEENS,001,3,15,0,0,0,0,1,1,0,782,1,0
G36008100566,1960,New York,36,Queens,081,5600,51000,,0566,,1450,TRACT 566 NEW YORK CITY QUEENS,001,3,15,0,0,0,0,1,1,0,1193,1,0
G36008100567,1960,New York,36,Queens,081,5600,51000,,0567,,1450,TRACT 567 NEW YORK CITY QUEENS,001,3,15,0,0,0,0,1,1,0,2482,6,0
G36008100568,1960,New York,36,Queens,081,5600,51000,,0568,,1450,TRACT 568 NEW YORK CITY QUEENS,001,3,15,0,0,0,0,1,1,0,3238,2,29
G36008100569,1960,New York,36,Queens,081,5600,51000,,0569,,1450,TRACT 569 NEW YORK CITY QUEENS,001,3,15,0,0,0,0,1,1,0,1786,0,0
G36008100577,1960,New York,36,Queens,081,5600,51000,,0577,,1450,TRACT 577 NEW YORK CITY QUEENS,001,3,15,0,0,0,0,1,1,0,3518,4,5
G36008100578,1960,New York,36,Queens,081,5600,51000,,0578,,1450,TRACT 578 NEW YORK CITY QUEENS,001,3,15,0,0,0,0,1,1,0,2758,3,4
G36008100579,1960,New York,36,Queens,081,5600,51000,,0579,,1450,TRACT 579 NEW YORK CITY QUEENS,001,3,15,0,0,0,0,1,1,0,1800,0,0
G36008100580,1960,New York,36,Queens,081,5600,51000,,0580,,1450,TRACT 580 NEW YORK CITY QUEENS,001,3,15,0,0,0,0,1,1,0,3271,0,14
G36008100581,1960,New York,36,Queens,081,5600,51000,,0581,,1450,TRACT 581 NEW YORK CITY QUEENS,001,3,15,0,0,0,0,1,1,0,2385,1,0
G36008100583,1960,New York,36,Queens,081,5600,51000,,0583,,1450,TRACT 583 NEW YORK CITY QUEENS,001,3,15,0,0,0,0,1,1,0,3246,0,0
G36008100585,1960,New York,36,Queens,081,5600,51000,,0585,,1450,TRACT 585 NEW YORK CITY QUEENS,001,3,15,0,0,0,0,1,1,0,3798,1,5
G36008100587,1960,New York,36,Queens,081,5600,51000,,0587,,1450,TRACT 587 NEW YORK CITY QUEENS,001,3,15,0,0,0,0,1,1,0,3132,4,10
G36008100588,1960,New York,36,Queens,081,5600,51000,,0588,,1450,TRACT 588 NEW YORK CITY QUEENS,001,3,15,0,0,0,0,1,1,0,1070,0,2
G36008100589,1960,New York,36,Queens,081,5600,51000,,0589,,1450,TRACT 589 NEW YORK CITY QUEENS,001,3,15,0,0,0,0,1,1,0,4164,0,1
G36008100590,1960,New York,36,Queens,081,5600,51000,,0590,,1450,TRACT 590 NEW YORK CITY QUEENS,001,3,15,0,0,0,0,1,1,0,1186,0,0
G36008100591,1960,New York,36,Queens,081,5600,51000,,0591,,1450,TRACT 591 NEW YORK CITY QUEENS,001,3,15,0,0,0,0,1,1,0,5042,0,2
G36008100592,1960,New York,36,Queens,081,5600,51000,,0592,,1450,TRACT 592 NEW YORK CITY QUEENS,001,3,15,0,0,0,0,1,1,0,1225,1,0
G36008100593,1960,New York,36,Queens,081,5600,51000,,0593,,1450,TRACT 593 NEW YORK CITY QUEENS,001,3,15,0,0,0,0,1,1,0,3548,0,13
G36008100594,1960,New York,36,Queens,081,5600,51000,,0594,,1450,TRACT 594 NEW YORK CITY QUEENS,001,3,15,0,0,0,0,1,1,0,1738,0,0
G36008100595,1960,New York,36,Queens,081,5600,51000,,0595,,1450,TRACT 595 NEW YORK CITY QUEENS,001,3,15,0,0,0,0,1,1,0,2816,1,0
G36008100596,1960,New York,36,Queens,081,5600,51000,,0596,,1450,TRACT 596 NEW YORK CITY QUEENS,001,3,15,0,0,0,0,1,1,0,1474,2,2
G36008100597,1960,New York,36,Queens,081,5600,51000,,0597,,1450,TRACT 597 NEW YORK CITY QUEENS,001,3,15,0,0,0,0,1,1,0,1163,0,0
G36008100598,1960,New York,36,Queens,081,5600,51000,,0598,,1450,TRACT 598 NEW YORK CITY QUEENS,001,3,15,0,0,0,0,1,1,0,1860,1,9
G36008100599,1960,New York,36,Queens,081,5600,51000,,0599,,1450,TRACT 599 NEW YORK CITY QUEENS,001,3,15,0,0,0,0,1,1,0,1645,0,6
G36008100600,1960,New York,36,Queens,081,5600,51000,,0600,,1450,TRACT 600 NEW YORK CITY QUEENS,001,3,15,0,0,0,0,1,1,0,1260,1,0
G36008100601,1960,New York,36,Queens,081,5600,51000,,0601,,1450,TRACT 601 NEW YORK CITY QUEENS,001,3,15,0,0,0,0,1,1,0,2070,0,0
G36008100602,1960,New York,36,Queens,081,5600,51000,,0602,,1450,TRACT 602 NEW YORK CITY QUEENS,001,3,15,0,0,0,0,1,1,0,973,1,0
G36008100603,1960,New York,36,Queens,081,5600,51000,,0603,,1450,TRACT 603 NEW YORK CITY QUEENS,001,3,15,0,0,0,0,1,1,0,1290,0,0
G36008100604,1960,New York,36,Queens,081,5600,51000,,0604,,1450,TRACT 604 NEW YORK CITY QUEENS,001,3,15,0,0,0,0,1,1,0,874,0,0
G36008100606,1960,New York,36,Queens,081,5600,51000,,0606,,1450,TRACT 606 NEW YORK CITY QUEENS,001,3,15,0,0,0,0,1,1,0,1349,1,9
G36008100607,1960,New York,36,Queens,081,5600,51000,,0607,,1450,TRACT 607 NEW YORK CITY QUEENS,001,3,15,0,0,0,0,1,1,0,1257,0,0
G36008100608,1960,New York,36,Queens,081,5600,51000,,0608,,1450,TRACT 608 NEW YORK CITY QUEENS,001,3,15,0,0,0,0,1,1,0,1328,0,0
G36008100610,1960,New York,36,Queens,081,5600,51000,,0610,,1450,TRACT 610 NEW YORK CITY QUEENS,001,3,15,0,0,0,0,1,1,0,1132,5,9
G36008100612,1960,New York,36,Queens,081,5600,51000,,0612,,1450,TRACT 612 NEW YORK CITY QUEENS,001,3,15,0,0,0,0,1,1,0,1663,0,0
G36008100613,1960,New York,36,Queens,081,5600,51000,,0613,,1450,TRACT 613 NEW YORK CITY QUEENS,001,3,15,0,0,0,0,1,1,0,5325,0,0
G36008100614,1960,New York,36,Queens,081,5600,51000,,0614,,1450,TRACT 614 NEW YORK CITY QUEENS,001,3,15,0,0,0,0,1,1,0,1210,0,0
G360081006160,1960,New York,36,Queens,081,5600,51000,,0616,0,1450,TRACT 616-0 NEW YORK CITY QUEENS,001,3,15,0,0,0,0,1,1,0,2393,5,0
G360081006161,1960,New York,36,Queens,081,5600,51000,,0616,1,1450,TRACT 616-1 NEW YORK CITY QUEENS,001,3,15,0,0,0,0,1,1,0,1111,1,3
G36008100618,1960,New York,36,Queens,081,5600,51000,,0618,,1450,TRACT 618 NEW YORK CITY QUEENS,001,3,15,0,0,0,0,1,1,0,1826,0,1
G36008100619,1960,New York,36,Queens,081,5600,51000,,0619,,1450,TRACT 619 NEW YORK CITY QUEENS,001,3,15,0,0,0,0,1,1,0,2855,1,1
G36008100620,1960,New York,36,Queens,081,5600,51000,,0620,,1450,TRACT 620 NEW YORK CITY QUEENS,001,3,15,0,0,0,0,1,1,0,1516,3,0
G360081006210,1960,New York,36,Queens,081,5600,51000,,0621,0,1450,TRACT 621-0 NEW YORK CITY QUEENS,001,3,15,0,0,0,0,1,1,0,2208,0,0
G360081006211,1960,New York,36,Queens,081,5600,51000,,0621,1,1450,TRACT 621-1 NEW YORK CITY QUEENS,001,3,15,0,0,0,0,1,1,0,907,1,0
G36008100623,1960,New York,36,Queens,081,5600,51000,,0623,,1450,TRACT 623 NEW YORK CITY QUEENS,001,3,15,0,0,0,0,1,1,0,1933,0,0
G36008100624,1960,New York,36,Queens,081,5600,51000,,0624,,1450,TRACT 624 NEW YORK CITY QUEENS,001,3,15,0,0,0,0,1,1,0,782,15,0
G36008100625,1960,New York,36,Queens,081,5600,51000,,0625,,1450,TRACT 625 NEW YORK CITY QUEENS,001,3,15,0,0,0,0,1,1,0,2666,0,0
G36008100626,1960,New York,36,Queens,081,5600,51000,,0626,,1450,TRACT 626 NEW YORK CITY QUEENS,001,3,15,0,0,0,0,1,1,0,2481,24,16
G36008100627,1960,New York,36,Queens,081,5600,51000,,0627,,1450,TRACT 627 NEW YORK CITY QUEENS,001,3,15,0,0,0,0,1,1,0,3012,0,3
G36008100629,1960,New York,36,Queens,081,5600,51000,,0629,,1450,TRACT 629 NEW YORK CITY QUEENS,001,3,15,0,0,0,0,1,1,0,3184,0,3
G36008100630,1960,New York,36,Queens,081,5600,51000,,0630,,1450,TRACT 630 NEW YORK CITY QUEENS,001,3,15,0,0,0,0,1,1,0,1641,1,4
G36008100632,1960,New York,36,Queens,081,5600,51000,,0632,,1450,TRACT 632 NEW YORK CITY QUEENS,001,3,15,0,0,0,0,1,1,0,2180,3,20
G360081006330,1960,New York,36,Queens,081,5600,51000,,0633,0,1450,TRACT 633-0 NEW YORK CITY QUEENS,001,3,15,0,0,0,0,1,1,0,1473,0,0
G360081006331,1960,New York,36,Queens,081,5600,51000,,0633,1,1450,TRACT 633-1 NEW YORK CITY QUEENS,001,3,15,0,0,0,0,1,1,0,1647,0,0
G36008100635,1960,New York,36,Queens,081,5600,51000,,0635,,1450,TRACT 635 NEW YORK CITY QUEENS,001,3,15,0,0,0,0,1,1,0,2858,0,1
G36008100637,1960,New York,36,Queens,081,5600,51000,,0637,,1450,TRACT 637 NEW YORK CITY QUEENS,001,3,15,0,0,0,0,1,1,0,3238,0,1
G36008100638,1960,New York,36,Queens,081,5600,51000,,0638,,1450,TRACT 638 NEW YORK CITY QUEENS,001,3,15,0,0,0,0,1,1,0,3157,0,0
G36008100639,1960,New York,36,Queens,081,5600,51000,,0639,,1450,TRACT 639 NEW YORK CITY QUEENS,001,3,15,0,0,0,0,1,1,0,2235,0,0
G36008100641,1960,New York,36,Queens,081,5600,51000,,0641,,1450,TRACT 641 NEW YORK CITY QUEENS,001,3,15,0,0,0,1,1,1,0,2842,0,2
G36008100645,1960,New York,36,Queens,081,5600,51000,,0645,,1450,TRACT 645 NEW YORK CITY QUEENS,001,3,15,0,0,0,0,1,1,0,1956,0,0
G36008100646,1960,New York,36,Queens,081,5600,51000,,0646,,1450,TRACT 646 NEW YORK CITY QUEENS,001,3,15,0,0,0,0,1,1,0,2854,7,1
G36008100650,1960,New York,36,Queens,081,5600,51000,,0650,,1450,TRACT 650 NEW YORK CITY QUEENS,001,3,15,0,0,0,0,1,1,0,2824,8,27
G36008100653,1960,New York,36,Queens,081,5600,51000,,0653,,1450,TRACT 653 NEW YORK CITY QUEENS,001,3,15,1,1,1,1,1,1,0,7,0,0
G36008100654,1960,New York,36,Queens,081,5600,51000,,0654,,1450,TRACT 654 NEW YORK CITY QUEENS,001,3,15,0,0,0,0,1,1,0,2412,1,1
G36008100655,1960,New York,36,Queens,081,5600,51000,,0655,,1450,TRACT 655 NEW YORK CITY QUEENS,001,3,15,0,0,0,0,1,1,0,808,0,0
G36008100656,1960,New York,36,Queens,081,5600,51000,,0656,,1450,TRACT 656 NEW YORK CITY QUEENS,001,3,15,0,0,0,0,1,1,0,3038,1,0
G360081006570,1960,New York,36,Queens,081,5600,51000,,0657,0,1450,TRACT 657-0 NEW YORK CITY QUEENS,001,3,15,0,0,0,0,1,1,0,2053,1,0
G360081006571,1960,New York,36,Queens,081,5600,51000,,0657,1,1450,TRACT 657-1 NEW YORK CITY QUEENS,001,3,15,0,0,0,0,1,1,0,1275,0,2
G36008100659,1960,New York,36,Queens,081,5600,51000,,0659,,1450,TRACT 659 NEW YORK CITY QUEENS,001,3,15,0,0,0,0,1,1,0,1908,0,0
G36008100660,1960,New York,36,Queens,081,5600,51000,,0660,,1450,TRACT 660 NEW YORK CITY QUEENS,001,3,15,0,0,0,0,1,1,0,2425,1,1
G36008100661,1960,New York,36,Queens,081,5600,51000,,0661,,1450,TRACT 661 NEW YORK CITY QUEENS,001,3,15,0,0,0,0,1,1,0,1484,1,0
G36008100663,1960,New York,36,Queens,081,5600,51000,,0663,,1450,TRACT 663 NEW YORK CITY QUEENS,001,3,15,0,0,0,0,1,1,0,3187,1,3
G36008100664,1960,New York,36,Queens,081,5600,51000,,0664,,1450,TRACT 664 NEW YORK CITY QUEENS,001,3,15,0,0,0,0,1,1,0,3489,1,0
G36008100665,1960,New York,36,Queens,081,5600,51000,,0665,,1450,TRACT 665 NEW YORK CITY QUEENS,001,3,15,0,0,0,0,1,1,0,1159,0,11
G36008100667,1960,New York,36,Queens,081,5600,51000,,0667,,1450,TRACT 667 NEW YORK CITY QUEENS,001,3,15,0,0,0,0,1,1,0,2187,0,0
G36008100669,1960,New York,36,Queens,081,5600,51000,,0669,,1450,TRACT 669 NEW YORK CITY QUEENS,001,3,15,0,0,0,0,1,1,0,1850,0,1
G360081006710,1960,New York,36,Queens,081,5600,51000,,0671,0,1450,TRACT 671-0 NEW YORK CITY QUEENS,001,3,15,0,0,0,0,1,1,0,1433,1,13
G360081006711,1960,New York,36,Queens,081,5600,51000,,0671,1,1450,TRACT 671-1 NEW YORK CITY QUEENS,001,3,15,0,0,0,0,1,1,0,1344,1,9
G36008100677,1960,New York,36,Queens,081,5600,51000,,0677,,1450,TRACT 677 NEW YORK CITY QUEENS,001,3,15,0,0,0,0,1,1,0,2056,0,29
G36008100679,1960,New York,36,Queens,081,5600,51000,,0679,,1450,TRACT 679 NEW YORK CITY QUEENS,001,3,15,0,0,0,0,1,1,0,3888,4,26
G36008100680,1960,New York,36,Queens,081,5600,51000,,0680,,1450,TRACT 680 NEW YORK CITY QUEENS,001,3,15,0,0,0,0,1,1,0,3507,2,11
G36008100682,1960,New York,36,Queens,081,5600,51000,,0682,,1450,TRACT 682 NEW YORK CITY QUEENS,001,3,15,0,0,0,0,1,1,0,1017,0,2
G36008100683,1960,New York,36,Queens,081,5600,51000,,0683,,1450,TRACT 683 NEW YORK CITY QUEENS,001,3,15,0,0,1,0,1,1,0,626,0,4
G36008100687,1960,New York,36,Queens,081,5600,51000,,0687,,1450,TRACT 687 NEW YORK CITY QUEENS,001,3,15,0,0,0,0,1,1,0,3780,0,15
G36008100690,1960,New York,36,Queens,081,5600,51000,,0690,,1450,TRACT 690 NEW YORK CITY QUEENS,001,3,15,0,0,0,0,1,1,0,1333,0,3
G36008100693,1960,New York,36,Queens,081,5600,51000,,0693,,1450,TRACT 693 NEW YORK CITY QUEENS,001,3,15,0,0,0,0,1,1,0,2732,5,12
G36008100694,1960,New York,36,Queens,081,5600,51000,,0694,,1450,TRACT 694 NEW YORK CITY QUEENS,001,3,15,0,0,0,0,1,1,0,1581,26,0
G36008100695,1960,New York,36,Queens,081,5600,51000,,0695,,1450,TRACT 695 NEW YORK CITY QUEENS,001,3,15,0,0,0,0,1,1,0,2243,9,14
G36008100697,1960,New York,36,Queens,081,5600,51000,,0697,,1450,TRACT 697 NEW YORK CITY QUEENS,001,3,15,0,0,0,0,1,1,0,8261,43,56
G36008100703,1960,New York,36,Queens,081,5600,51000,,0703,,1450,TRACT 703 NEW YORK CITY QUEENS,001,3,15,0,0,0,0,1,1,0,2494,1,29
G36008100707,1960,New York,36,Queens,081,5600,51000,,0707,,1450,TRACT 707 NEW YORK CITY QUEENS,001,3,15,0,0,0,0,1,1,0,2134,10,33
G36008100709,1960,New York,36,Queens,081,5600,51000,,0709,,1450,TRACT 709 NEW YORK CITY QUEENS,001,3,15,0,0,0,0,1,1,0,2040,2,29
G36008100711,1960,New York,36,Queens,081,5600,51000,,0711,,1450,TRACT 711 NEW YORK CITY QUEENS,001,3,15,0,0,0,0,1,1,0,3550,6,48
G360081007130,1960,New York,36,Queens,081,5600,51000,,0713,0,1450,TRACT 713-0 NEW YORK CITY QUEENS,001,3,15,0,0,0,0,1,1,0,10983,30,101
G360081007131,1960,New York,36,Queens,081,5600,51000,,0713,1,1450,TRACT 713-1 NEW YORK CITY QUEENS,001,3,15,0,0,0,0,1,1,0,8354,33,64
G36008100714,1960,New York,36,Queens,081,5600,51000,,0714,,1450,TRACT 714 NEW YORK CITY QUEENS,001,3,15,0,0,0,0,1,1,0,253,0,0
G36008100716,1960,New York,36,Queens,081,5600,51000,,0716,,1450,TRACT 716 NEW YORK CITY QUEENS,001,3,15,1,0,1,1,1,1,0,11,0,0
G36008100717,1960,New York,36,Queens,081,5600,51000,,0717,,1450,TRACT 717 NEW YORK CITY QUEENS,001,3,15,0,0,0,0,1,1,0,5088,7,114
G36008100719,1960,New York,36,Queens,081,5600,51000,,0719,,1450,TRACT 719 NEW YORK CITY QUEENS,001,3,15,0,0,0,0,1,1,0,2289,8,31
G36008100721,1960,New York,36,Queens,081,5600,51000,,0721,,1450,TRACT 721 NEW YORK CITY QUEENS,001,3,15,0,0,0,0,1,1,0,6177,21,99
G36008100725,1960,New York,36,Queens,081,5600,51000,,0725,,1450,TRACT 725 NEW YORK CITY QUEENS,001,3,15,0,0,0,0,1,1,0,496,4,1
G36008100727,1960,New York,36,Queens,081,5600,51000,,0727,,1450,TRACT 727 NEW YORK CITY QUEENS,001,3,15,0,0,0,0,1,1,0,1008,9,34
G36008100729,1960,New York,36,Queens,081,5600,51000,,0729,,1450,TRACT 729 NEW YORK CITY QUEENS,001,3,15,0,0,0,0,1,1,0,1571,3,12
G36008100731,1960,New York,36,Queens,081,5600,51000,,0731,,1450,TRACT 731 NEW YORK CITY QUEENS,001,3,15,0,0,0,0,1,1,0,1750,2,21
G36008100733,1960,New York,36,Queens,081,5600,51000,,0733,,1450,TRACT 733 NEW YORK CITY QUEENS,001,3,15,0,0,0,0,1,1,0,1703,5,8
G36008100735,1960,New York,36,Queens,081,5600,51000,,0735,,1450,TRACT 735 NEW YORK CITY QUEENS,001,3,15,0,0,0,0,1,1,0,933,13,12
G36008100737,1960,New York,36,Queens,081,5600,51000,,0737,,1450,TRACT 737 NEW YORK CITY QUEENS,001,3,15,0,0,0,0,1,1,0,2061,2,17
G36008100739,1960,New York,36,Queens,081,5600,51000,,0739,,1450,TRACT 739 NEW YORK CITY QUEENS,001,3,15,0,0,0,0,1,1,0,4859,31,13
G36008100741,1960,New York,36,Queens,081,5600,51000,,0741,,1450,TRACT 741 NEW YORK CITY QUEENS,001,3,15,0,0,0,0,1,1,0,4187,19,107
G36008100743,1960,New York,36,Queens,081,5600,51000,,0743,,1450,TRACT 743 NEW YORK CITY QUEENS,001,3,15,0,0,0,0,1,1,0,5037,12,103
G36008100745,1960,New York,36,Queens,081,5600,51000,,0745,,1450,TRACT 745 NEW YORK CITY QUEENS,001,3,15,0,0,0,0,1,1,0,2573,12,29
G36008100747,1960,New York,36,Queens,081,5600,51000,,0747,,1450,TRACT 747 NEW YORK CITY QUEENS,001,3,15,0,0,0,0,1,1,0,3362,25,63
G36008100751,1960,New York,36,Queens,081,5600,51000,,0751,,1450,TRACT 751 NEW YORK CITY QUEENS,001,3,15,1,1,1,1,1,1,0,0,0,0
G36008100757,1960,New York,36,Queens,081,5600,51000,,0757,,1450,TRACT 757 NEW YORK CITY QUEENS,001,3,15,0,0,0,0,1,1,0,8115,61,70
G36008100766,1960,New York,36,Queens,081,5600,51000,,0766,,1450,TRACT 766 NEW YORK CITY QUEENS,001,3,15,0,0,0,0,1,1,0,970,16,0
G36008100768,1960,New York,36,Queens,081,5600,51000,,0768,,1450,TRACT 768 NEW YORK CITY QUEENS,001,3,15,0,0,0,0,1,1,0,296,160,0
G360081007690,1960,New York,36,Queens,081,5600,51000,,0769,0,1450,TRACT 769-0 NEW YORK CITY QUEENS,001,3,15,0,0,0,0,1,1,0,3903,11,2
G360081007691,1960,New York,36,Queens,081,5600,51000,,0769,1,1450,TRACT 769-1 NEW YORK CITY QUEENS,001,3,15,0,0,0,0,1,1,0,1385,5,1
G36008100771,1960,New York,36,Queens,081,5600,51000,,0771,,1450,TRACT 771 NEW YORK CITY QUEENS,001,3,15,0,0,0,0,1,1,0,870,8,10
G360081007730,1960,New York,36,Queens,081,5600,51000,,0773,0,1450,TRACT 773-0 NEW YORK CITY QUEENS,001,3,15,0,0,1,0,1,1,0,787,9,0
G360081007731,1960,New York,36,Queens,081,5600,51000,,0773,1,1450,TRACT 773-1 NEW YORK CITY QUEENS,001,3,15,0,0,0,0,1,1,0,1525,6,1
G36008100775,1960,New York,36,Queens,081,5600,51000,,0775,,1450,TRACT 775 NEW YORK CITY QUEENS,001,3,15,0,0,0,0,1,1,0,2485,10,1
G360081007790,1960,New York,36,Queens,081,5600,51000,,0779,0,1450,TRACT 779-0 NEW YORK CITY QUEENS,001,3,15,0,0,0,0,0,1,0,12727,143,386
G360081007791,1960,New York,36,Queens,081,5600,51000,,0779,1,1450,TRACT 779-1 NEW YORK CITY QUEENS,001,3,15,0,0,0,0,1,1,0,5952,12,76
G360081007792,1960,New York,36,Queens,081,5600,51000,,0779,2,1450,TRACT 779-2 NEW YORK CITY QUEENS,001,3,15,0,0,0,0,1,1,0,3517,9,12
G360081007793,1960,New York,36,Queens,081,5600,51000,,0779,3,1450,TRACT 779-3 NEW YORK CITY QUEENS,001,3,15,0,0,0,0,1,1,0,5844,15,64
G360081007794,1960,New York,36,Queens,081,5600,51000,,0779,4,1450,TRACT 779-4 NEW YORK CITY QUEENS,001,3,15,0,0,0,1,1,1,0,77,1,0
G36008100788,1960,New York,36,Queens,081,5600,51000,,0788,,1450,TRACT 788 NEW YORK CITY QUEENS,001,3,15,0,0,0,0,0,1,0,646,968,8
G36008100790,1960,New York,36,Queens,081,5600,51000,,0790,,1450,TRACT 790 NEW YORK CITY QUEENS,001,3,15,0,0,0,0,0,1,0,772,903,13
G36008100792,1960,New York,36,Queens,081,5600,51000,,0792,,1450,TRACT 792 NEW YORK CITY QUEENS,001,3,15,0,0,0,0,0,1,0,709,755,22
G36008100793,1960,New York,36,Queens,081,5600,51000,,0793,,1450,TRACT 793 NEW YORK CITY QUEENS,001,3,15,1,1,1,1,1,1,0,0,0,0
G36008100797,1960,New York,36,Queens,081,5600,51000,,0797,,1450,TRACT 797 NEW YORK CITY QUEENS,001,3,15,0,0,0,0,1,1,0,2271,13,48
G36008100799,1960,New York,36,Queens,081,5600,51000,,0799,,1450,TRACT 799 NEW YORK CITY QUEENS,001,3,15,0,0,0,0,1,1,0,2479,9,11
G360081008030,1960,New York,36,Queens,081,5600,51000,,0803,0,1450,TRACT 803-0 NEW YORK CITY QUEENS,001,3,15,0,0,0,0,1,1,0,2640,0,11
G360081008031,1960,New York,36,Queens,081,5600,51000,,0803,1,1450,TRACT 803-1 NEW YORK CITY QUEENS,001,3,15,0,0,0,0,1,1,0,3475,2,3
G36008100809,1960,New York,36,Queens,081,5600,51000,,0809,,1450,TRACT 809 NEW YORK CITY QUEENS,001,3,15,0,0,0,0,1,1,0,8687,7,62
G36008100814,1960,New York,36,Queens,081,5600,51000,,0814,,1450,TRACT 814 NEW YORK CITY QUEENS,001,3,15,0,0,0,0,1,1,0,2720,300,3
G36008100818,1960,New York,36,Queens,081,5600,51000,,0818,,1450,TRACT 818 NEW YORK CITY QUEENS,001,3,15,0,0,0,0,1,1,0,2826,11,0
G36008100837,1960,New York,36,Queens,081,5600,51000,,0837,,1450,TRACT 837 NEW YORK CITY QUEENS,001,3,15,0,0,0,0,1,1,0,4659,1,17
G36008100838,1960,New York,36,Queens,081,5600,51000,,0838,,1450,TRACT 838 NEW YORK CITY QUEENS,001,3,15,0,0,0,0,1,1,0,4029,0,4
G36008100840,1960,New York,36,Queens,081,5600,51000,,0840,,1450,TRACT 840 NEW YORK CITY QUEENS,001,3,15,0,0,0,0,1,1,0,5209,0,8
G36008100845,1960,New York,36,Queens,081,5600,51000,,0845,,1450,TRACT 845 NEW YORK CITY QUEENS,001,3,15,0,0,0,0,1,1,0,1647,44,2
G360081008460,1960,New York,36,Queens,081,5600,51000,,0846,0,1450,TRACT 846-0 NEW YORK CITY QUEENS,001,3,15,0,0,0,0,1,1,0,2495,0,1
G360081008461,1960,New York,36,Queens,081,5600,51000,,0846,1,1450,TRACT 846-1 NEW YORK CITY QUEENS,001,3,15,0,0,0,0,1,1,0,623,0,0
G36008100851,1960,New York,36,Queens,081,5600,51000,,0851,,1450,TRACT 851 NEW YORK CITY QUEENS,001,3,15,0,0,0,0,1,1,0,2999,57,38
G36008100853,1960,New York,36,Queens,081,5600,51000,,0853,,1450,TRACT 853 NEW YORK CITY QUEENS,001,3,15,0,0,0,0,1,1,0,1380,10,40
G36008100855,1960,New York,36,Queens,081,5600,51000,,0855,,1450,TRACT 855 NEW YORK CITY QUEENS,001,3,15,0,0,0,0,1,1,0,2779,17,41
G36008100857,1960,New York,36,Queens,081,5600,51000,,0857,,1450,TRACT 857 NEW YORK CITY QUEENS,001,3,15,0,0,0,0,1,1,0,3096,16,22
G36008100859,1960,New York,36,Queens,081,5600,51000,,0859,,1450,TRACT 859 NEW YORK CITY QUEENS,001,3,15,0,0,0,0,1,1,0,4559,10,57
G36008100861,1960,New York,36,Queens,081,5600,51000,,0861,,1450,TRACT 861 NEW YORK CITY QUEENS,001,3,15,0,0,0,0,1,1,0,1897,34,23
G36008100863,1960,New York,36,Queens,081,5600,51000,,0863,,1450,TRACT 863 NEW YORK CITY QUEENS,001,3,15,0,0,0,0,1,1,0,2107,8,13
G36008100864,1960,New York,36,Queens,081,5600,51000,,0864,,1450,TRACT 864 NEW YORK CITY QUEENS,001,3,15,0,0,0,0,1,1,0,2169,27,13
G36008100865,1960,New York,36,Queens,081,5600,51000,,0865,,1450,TRACT 865 NEW YORK CITY QUEENS,001,3,15,0,0,0,0,1,1,0,1708,39,12
G36008100867,1960,New York,36,Queens,081,5600,51000,,0867,,1450,TRACT 867 NEW YORK CITY QUEENS,001,3,15,0,0,0,0,1,1,0,533,120,0
G36008100871,1960,New York,36,Queens,081,5600,51000,,0871,,1450,TRACT 871 NEW YORK CITY QUEENS,001,3,15,0,0,0,0,0,1,0,1438,843,9
G36008100875,1960,New York,36,Queens,081,5600,51000,,0875,,1450,TRACT 875 NEW YORK CITY QUEENS,001,3,15,0,0,0,0,1,1,0,474,207,0
G36008100878,1960,New York,36,Queens,081,5600,51000,,0878,,1450,TRACT 878 NEW YORK CITY QUEENS,001,3,15,0,0,0,0,1,1,0,585,6,0
G36008100884,1960,New York,36,Queens,081,5600,51000,,0884,,1450,TRACT 884 NEW YORK CITY QUEENS,001,3,15,0,0,0,0,1,1,0,7540,3,11
G36008100889,1960,New York,36,Queens,081,5600,51000,,0889,,1450,TRACT 889 NEW YORK CITY QUEENS,001,3,15,0,0,0,0,0,1,0,8294,668,76
G36008100892,1960,New York,36,Queens,081,5600,51000,,0892,,1450,TRACT 892 NEW YORK CITY QUEENS,001,3,15,0,0,0,0,1,1,0,3194,1,2
G36008100895,1960,New York,36,Queens,081,5600,51000,,0895,,1450,TRACT 895 NEW YORK CITY QUEENS,001,3,15,0,1,1,1,1,1,0,15,0,0
G36008100907,1960,New York,36,Queens,081,5600,51000,,0907,,1450,TRACT 907 NEW YORK CITY QUEENS,001,3,15,0,0,0,0,1,1,0,766,0,0
G360081009160,1960,New York,36,Queens,081,5600,51000,,0916,0,1450,TRACT 916-0 NEW YORK CITY QUEENS,001,3,15,0,0,0,1,1,1,0,1389,0,6
G360081009161,1960,New York,36,Queens,081,5600,51000,,0916,1,1450,TRACT 916-1 NEW YORK CITY QUEENS,001,3,15,0,0,0,0,1,1,0,180,8,3
G36008100918,1960,New York,36,Queens,081,5600,51000,,0918,,1450,TRACT 918 NEW YORK CITY QUEENS,001,3,15,0,0,0,1,1,1,0,90,4,0
G36008100919,1960,New York,36,Queens,081,5600,51000,,0919,,1450,TRACT 919 NEW YORK CITY QUEENS,001,3,15,0,0,0,0,1,1,0,3124,3,28
G36008100922,1960,New York,36,Queens,081,5600,51000,,0922,,1450,TRACT 922 NEW YORK CITY QUEENS,001,3,15,0,0,0,0,1,1,0,2409,57,0
G36008100925,1960,New York,36,Queens,081,5600,51000,,0925,,1450,TRACT 925 NEW YORK CITY QUEENS,001,3,15,0,0,0,0,1,1,0,2724,0,4
G36008100928,1960,New York,36,Queens,081,5600,51000,,0928,,1450,TRACT 928 NEW YORK CITY QUEENS,001,3,15,0,0,0,0,1,1,0,4056,61,0
G36008100929,1960,New York,36,Queens,081,5600,51000,,0929,,1450,TRACT 929 NEW YORK CITY QUEENS,001,3,15,0,0,0,0,1,1,0,4676,0,9
G36008100934,1960,New York,36,Queens,081,5600,51000,,0934,,1450,TRACT 934 NEW YORK CITY QUEENS,001,3,15,0,0,0,0,1,1,0,6579,36,4
G36008100938,1960,New York,36,Queens,081,5600,51000,,0938,,1450,TRACT 938 NEW YORK CITY QUEENS,001,3,15,0,0,0,0,1,1,0,1582,9,8
G36008100939,1960,New York,36,Queens,081,5600,51000,,0939,,1450,TRACT 939 NEW YORK CITY QUEENS,001,3,15,0,0,0,0,1,1,0,2769,0,8
G360081009420,1960,New York,36,Queens,081,5600,51000,,0942,0,1450,TRACT 942-0 NEW YORK CITY QUEENS,001,3,15,0,0,0,0,1,1,0,788,8,0
G360081009421,1960,New York,36,Queens,081,5600,51000,,0942,1,1450,TRACT 942-1 NEW YORK CITY QUEENS,001,3,15,0,0,0,0,0,0,0,4763,4763,18
G36008100945,1960,New York,36,Queens,081,5600,51000,,0945,,1450,TRACT 945 NEW YORK CITY QUEENS,001,3,15,0,0,0,0,1,1,0,2859,7,0
G36008100947,1960,New York,36,Queens,081,5600,51000,,0947,,1450,TRACT 947 NEW YORK CITY QUEENS,001,3,15,0,0,0,0,1,1,0,2039,1,0
G36008100952,1960,New York,36,Queens,081,5600,51000,,0952,,1450,TRACT 952 NEW YORK CITY QUEENS,001,3,15,0,0,0,0,1,1,0,1842,200,0
G36008100962,1960,New York,36,Queens,081,5600,51000,,0962,,1450,TRACT 962 NEW YORK CITY QUEENS,001,3,15,0,0,0,0,1,1,0,2167,44,4
G36008100964,1960,New York,36,Queens,081,5600,51000,,0964,,1450,TRACT 964 NEW YORK CITY QUEENS,001,3,15,0,0,0,0,1,1,0,2090,124,1
G36008100972,1960,New York,36,Queens,081,5600,51000,,0972,,1450,TRACT 972 NEW YORK CITY QUEENS,001,3,15,0,0,0,0,1,1,0,2799,237,4
G36008100973,1960,New York,36,Queens,081,5600,51000,,0973,,1450,TRACT 973 NEW YORK CITY QUEENS,001,3,15,0,0,0,0,1,1,0,2628,2,1
G36008100981,1960,New York,36,Queens,081,5600,51000,,0981,,1450,TRACT 981 NEW YORK CITY QUEENS,001,3,15,0,0,0,0,1,1,0,2110,4,4
G36008100987,1960,New York,36,Queens,081,5600,51000,,0987,,1450,TRACT 987 NEW YORK CITY QUEENS,001,3,15,0,0,0,0,1,1,0,2671,0,21
G36008100991,1960,New York,36,Queens,081,5600,51000,,0991,,1450,TRACT 991 NEW YORK CITY QUEENS,001,3,15,0,0,0,0,1,1,0,7502,52,106
G36008100992,1960,New York,36,Queens,081,5600,51000,,0992,,1450,TRACT 992 NEW YORK CITY QUEENS,001,3,15,0,0,0,0,1,1,0,2416,216,0
G360081009970,1960,New York,36,Queens,081,5600,51000,,0997,0,1450,TRACT 997-0 NEW YORK CITY QUEENS,001,3,15,0,0,0,0,1,1,0,4249,7,9
G360081009971,1960,New York,36,Queens,081,5600,51000,,0997,1,1450,TRACT 997-1 NEW YORK CITY QUEENS,001,3,15,0,0,0,1,1,1,0,3876,4,7
G36008100998,1960,New York,36,Queens,081,5600,51000,,0998,,1450,TRACT 998 NEW YORK CITY QUEENS,001,3,15,0,0,0,0,1,1,0,7885,17,0
G36008100999,1960,New York,36,Queens,081,5600,51000,,0999,,1450,TRACT 999 NEW YORK CITY QUEENS,001,3,15,0,0,1,0,1,1,0,673,67,11
G36008101008,1960,New York,36,Queens,081,5600,51000,,1008,,1450,TRACT 1008 NEW YORK CITY QUEENS,001,3,15,0,0,0,0,1,1,0,6252,84,12
G36008101010,1960,New York,36,Queens,081,5600,51000,,1010,,1450,TRACT 1010 NEW YORK CITY QUEENS,001,3,15,0,0,0,0,1,1,0,5441,237,8
G36008101017,1960,New York,36,Queens,081,5600,51000,,1017,,1450,TRACT 1017 N Y C0QUEENS,001,3,15,0,0,0,0,1,1,0,8395,6,38
G36008101029,1960,New York,36,Queens,081,5600,51000,,1029,,1450,TRACT 1029 NEW YORK CITY QUEENS,001,3,15,0,0,0,0,1,1,0,1990,3,0
G36008101032,1960,New York,36,Queens,081,5600,51000,,1032,,1450,TRACT 1032 NEW YORK CITY QUEENS,001,3,15,0,0,0,0,0,0,0,7202,1871,39
G36008101033,1960,New York,36,Queens,081,5600,51000,,1033,,1450,TRACT 1033 NEW YORK CITY QUEENS,001,3,15,0,0,0,0,1,1,0,4361,5,9
G36008101039,1960,New York,36,Queens,081,5600,51000,,1039,,1450,TRACT 1039 NEW YORK CITY QUEENS,001,3,15,0,0,0,0,1,1,0,5588,2,22
G36008101047,1960,New York,36,Queens,081,5600,51000,,1047,,1450,TRACT 1047 NEW YORK CITY QUEENS,001,3,15,0,0,0,0,1,1,0,4697,9,20
G36008101059,1960,New York,36,Queens,081,5600,51000,,1059,,1450,TRACT 1059 NEW YORK CITY QUEENS,001,3,15,0,0,0,0,1,1,0,4311,13,1
G36008101072,1960,New York,36,Queens,081,5600,51000,,1072,,1450,TRACT 1072 NEW YORK CITY QUEENS,001,3,15,0,0,0,0,1,1,0,2878,0,0
G360081010810,1960,New York,36,Queens,081,5600,51000,,1081,0,1450,TRACT 1081-0 NEW YORK CITY QUEENS,001,3,15,0,0,0,0,1,1,0,278,10,0
G360081010811,1960,New York,36,Queens,081,5600,51000,,1081,1,1450,TRACT 1081-1 NEW YORK CITY QUEENS,001,3,15,0,0,0,1,1,1,0,1182,5,0
G36008101083,1960,New York,36,Queens,081,5600,51000,,1083,,1450,TRACT 1083 NEW YORK CITY QUEENS,001,3,15,0,0,0,0,1,1,0,1902,4,0
G36008101091,1960,New York,36,Queens,081,5600,51000,,1091,,1450,TRACT 1091 NEW YORK CITY QUEENS,001,3,15,0,0,0,0,1,1,0,2120,28,6
G36008101097,1960,New York,36,Queens,081,5600,51000,,1097,,1450,TRACT 1097 NEW YORK CITY QUEENS,001,3,15,0,0,0,0,1,1,0,1970,4,1
G36008101099,1960,New York,36,Queens,081,5600,51000,,1099,,1450,TRACT 1099 NEW YORK CITY QUEENS,001,3,15,0,0,0,0,1,1,0,4077,0,17
G36008101113,1960,New York,36,Queens,081,5600,51000,,1113,,1450,TRACT 1113 NEW YORK CITY QUEENS,001,3,15,0,0,0,0,1,1,0,2327,114,14
G36008101123,1960,New York,36,Queens,081,5600,51000,,1123,,1450,TRACT 1123 NEW YORK CITY QUEENS,001,3,15,0,0,0,0,1,1,0,1728,283,5
G36008101129,1960,New York,36,Queens,081,5600,51000,,1129,,1450,TRACT 1129 NEW YORK CITY QUEENS,001,3,15,0,0,0,0,1,1,0,1902,9,3
G36008101133,1960,New York,36,Queens,081,5600,51000,,1133,,1450,TRACT 1133 NEW YORK CITY QUEENS,001,3,15,0,0,0,0,1,1,0,1957,0,24
G36008101139,1960,New York,36,Queens,081,5600,51000,,1139,,1450,TRACT 1139 NEW YORK CITY QUEENS,001,3,15,0,0,0,0,1,1,0,3893,3,24
G36008101141,1960,New York,36,Queens,081,5600,51000,,1141,,1450,TRACT 1141 NEW YORK CITY QUEENS,001,3,15,0,0,0,0,1,1,0,2842,2,41
G36008101147,1960,New York,36,Queens,081,5600,51000,,1147,,1450,TRACT 1147 NEW YORK CITY QUEENS,001,3,15,0,0,0,0,1,1,0,2065,4,5
G36008101151,1960,New York,36,Queens,081,5600,51000,,1151,,1450,TRACT 1151 NEW YORK CITY QUEENS,001,3,15,0,0,0,0,1,1,0,1351,4,0
G36008101155,1960,New York,36,Queens,081,5600,51000,,1155,,1450,TRACT 1155 NEW YORK CITY QUEENS,001,3,15,0,0,0,0,1,1,0,2066,4,3
G36008101157,1960,New York,36,Queens,081,5600,51000,,1157,,1450,TRACT 1157 NEW YORK CITY QUEENS,001,3,15,0,0,0,0,1,1,0,2350,1,30
G36008101159,1960,New York,36,Queens,081,5600,51000,,1159,,1450,TRACT 1159 NEW YORK CITY QUEENS,001,3,15,0,0,0,0,1,1,0,3033,10,15
G36008101161,1960,New York,36,Queens,081,5600,51000,,1161,,1450,TRACT 1161 NEW YORK CITY QUEENS,001,3,15,0,0,0,0,1,1,0,1410,20,19
G36008101163,1960,New York,36,Queens,081,5600,51000,,1163,,1450,TRACT 1163 NEW YORK CITY QUEENS,001,3,15,0,0,0,0,1,1,0,3592,14,29
G36008101167,1960,New York,36,Queens,081,5600,51000,,1167,,1450,TRACT 1167 NEW YORK CITY QUEENS,001,3,15,0,0,0,0,1,1,0,1294,3,9
G36008101171,1960,New York,36,Queens,081,5600,51000,,1171,,1450,TRACT 1171 NEW YORK CITY QUEENS,001,3,15,0,0,0,0,1,1,0,2555,3,12
G36008101175,1960,New York,36,Queens,081,5600,51000,,1175,,1450,TRACT 1175 NEW YORK CITY QUEENS,001,3,15,0,0,0,0,1,1,0,4686,9,32
G36008101181,1960,New York,36,Queens,081,5600,51000,,1181,,1450,TRACT 1181 NEW YORK CITY QUEENS,001,3,15,0,0,0,0,1,1,0,1775,1,1
G36008101185,1960,New York,36,Queens,081,5600,51000,,1185,,1450,TRACT 1185 NEW YORK CITY QUEENS,001,3,15,0,0,0,0,1,1,0,1569,3,9
G36008101187,1960,New York,36,Queens,081,5600,51000,,1187,,1450,TRACT 1187 NEW YORK CITY QUEENS,001,3,15,0,0,0,0,1,1,0,1763,0,4
G36008101189,1960,New York,36,Queens,081,5600,51000,,1189,,1450,TRACT 1189 NEW YORK CITY QUEENS,001,3,15,0,0,0,0,1,1,0,1685,1,22
G36008101191,1960,New York,36,Queens,081,5600,51000,,1191,,1450,TRACT 1191 NEW YORK CITY QUEENS,001,3,15,0,0,0,0,1,1,0,2092,1,13
G36008101193,1960,New York,36,Queens,081,5600,51000,,1193,,1450,TRACT 1193 NEW YORK CITY QUEENS,001,3,15,0,0,0,0,1,1,0,1963,11,4
G36008101195,1960,New York,36,Queens,081,5600,51000,,1195,,1450,TRACT 1195 NEW YORK CITY QUEENS,001,3,15,0,0,0,0,1,1,0,1395,1,7
G36008101197,1960,New York,36,Queens,081,5600,51000,,1197,,1450,TRACT 1197 NEW YORK CITY QUEENS,001,3,15,0,1,1,1,1,1,0,0,0,0
G36008101199,1960,New York,36,Queens,081,5600,51000,,1199,,1450,TRACT 1199 NEW YORK CITY QUEENS,001,3,15,0,0,0,0,1,1,0,1500,0,0
G36008101201,1960,New York,36,Queens,081,5600,51000,,1201,,1450,TRACT 1201 NEW YORK CITY QUEENS,001,3,15,0,0,0,0,1,1,0,1187,85,10
G36008101203,1960,New York,36,Queens,081,5600,51000,,1203,,1450,TRACT 1203 NEW YORK CITY QUEENS,001,3,15,0,0,0,0,1,1,0,1367,0,8
G36008101205,1960,New York,36,Queens,081,5600,51000,,1205,,1450,TRACT 1205 NEW YORK CITY QUEENS,001,3,15,0,0,0,0,1,1,0,1255,224,20
G36008101207,1960,New York,36,Queens,081,5600,51000,,1207,,1450,TRACT 1207 NEW YORK CITY QUEENS,001,3,15,0,0,0,0,1,1,0,2373,0,13
G36008101211,1960,New York,36,Queens,081,5600,51000,,1211,,1450,TRACT 1211 NEW YORK CITY QUEENS,001,3,15,1,1,1,1,1,1,0,0,0,0
G36008101215,1960,New York,36,Queens,081,5600,51000,,1215,,1450,TRACT 1215 NEW YORK CITY QUEENS,001,3,15,0,0,0,0,1,1,0,3574,3,15
G36008101223,1960,New York,36,Queens,081,5600,51000,,1223,,1450,TRACT 1223 NEW YORK CITY QUEENS,001,3,15,0,0,0,0,1,1,0,2909,2,7
G360081012270,1960,New York,36,Queens,081,5600,51000,,1227,0,1450,TRACT 1227-0 NEW YORK CITY QUEENS,001,3,15,0,0,0,0,1,1,0,9706,112,27
G360081012271,1960,New York,36,Queens,081,5600,51000,,1227,1,1450,TRACT 1227-1 NEW YORK CITY QUEENS,001,3,15,0,0,0,0,0,1,0,7939,690,2
G36008101241,1960,New York,36,Queens,081,5600,51000,,1241,,1450,TRACT 1241 NEW YORK CITY QUEENS,001,3,15,0,0,0,0,1,1,0,3602,203,26
G36008101247,1960,New York,36,Queens,081,5600,51000,,1247,,1450,TRACT 1247 NEW YORK CITY QUEENS,001,3,15,0,0,0,0,1,1,0,4217,24,15
G36008101257,1960,New York,36,Queens,081,5600,51000,,1257,,1450,TRACT 1257 NEW YORK CITY QUEENS,001,3,15,0,0,0,0,0,1,0,1207,1232,21
G36008101265,1960,New York,36,Queens,081,5600,51000,,1265,,1450,TRACT 1265 NEW YORK CITY QUEENS,001,3,15,0,0,0,0,1,1,0,1360,0,17
G36008101267,1960,New York,36,Queens,081,5600,51000,,1267,,1450,TRACT 1267 NEW YORK CITY QUEENS,001,3,15,0,0,0,0,1,1,0,2581,204,34
G36008101273,1960,New York,36,Queens,081,5600,51000,,1273,,1450,TRACT 1273 NEW YORK CITY QUEENS,001,3,15,0,0,0,0,1,1,0,1352,15,8
G36008101275,1960,New York,36,Queens,081,5600,51000,,1275,,1450,TRACT 1275 NEW YORK CITY QUEENS,001,3,15,0,0,0,0,1,1,0,2756,45,23
G36008101283,1960,New York,36,Queens,081,5600,51000,,1283,,1450,TRACT 1283 NEW YORK CITY QUEENS,001,3,15,1,1,1,1,1,1,0,0,0,0
G360081012910,1960,New York,36,Queens,081,5600,51000,,1291,0,1450,TRACT 1291-0 NEW YORK CITY QUEENS,001,3,15,0,0,0,0,1,1,0,12022,21,37
G360081012911,1960,New York,36,Queens,081,5600,51000,,1291,1,1450,TRACT 1291-1 NEW YORK CITY QUEENS,001,3,15,0,0,0,0,1,1,0,4087,31,8
G36008101301,1960,New York,36,Queens,081,5600,51000,,1301,,1450,TRACT 1301 NEW YORK CITY QUEENS,001,3,15,0,0,0,0,1,1,0,5464,9,6
G36008101319,1960,New York,36,Queens,081,5600,51000,,1319,,1450,TRACT 1319 NEW YORK CITY QUEENS,001,3,15,1,1,1,1,1,1,0,0,0,0
G36008101333,1960,New York,36,Queens,081,5600,51000,,1333,,1450,TRACT 1333 NEW YORK CITY QUEENS,001,3,15,0,0,0,0,1,1,0,4548,13,21
G36008101339,1960,New York,36,Queens,081,5600,51000,,1339,,1450,TRACT 1339 NEW YORK CITY QUEENS,001,3,15,0,0,0,0,1,1,0,1469,1,0
G36008101341,1960,New York,36,Queens,081,5600,51000,,1341,,1450,TRACT 1341 NEW YORK CITY QUEENS,001,3,15,0,0,0,0,1,1,0,3408,6,23
G36008101347,1960,New York,36,Queens,081,5600,51000,,1347,,1450,TRACT 1347 NEW YORK CITY QUEENS,001,3,15,0,0,0,0,1,1,0,10517,13,60
G36008101367,1960,New York,36,Queens,081,5600,51000,,1367,,1450,TRACT 1367 NEW YORK CITY QUEENS,001,3,15,0,0,0,0,1,1,0,6535,7,19
G36008101377,1960,New York,36,Queens,081,5600,51000,,1377,,1450,TRACT 1377 NEW YORK CITY QUEENS,001,3,15,0,0,0,0,1,1,0,8158,5,101
G36008101385,1960,New York,36,Queens,081,5600,51000,,1385,,1450,TRACT 1385 NEW YORK CITY QUEENS,001,3,15,0,0,0,0,1,1,0,1783,32,1
G36008101399,1960,New York,36,Queens,081,5600,51000,,1399,,1450,TRACT 1399 NEW YORK CITY QUEENS,001,3,15,0,0,0,0,1,1,0,1894,1,6
G36008101403,1960,New York,36,Queens,081,5600,51000,,1403,,1450,TRACT 1403 NEW YORK CITY QUEENS,001,3,15,0,0,0,0,1,1,0,2811,3,0
G360081014090,1960,New York,36,Queens,081,5600,51000,,1409,0,1450,TRACT 1409-0 NEW YORK CITY QUEENS,001,3,15,0,0,0,0,1,1,0,1116,3,0
G360081014091,1960,New York,36,Queens,081,5600,51000,,1409,1,1450,TRACT 1409-1 NEW YORK CITY QUEENS,001,3,15,0,0,0,0,1,1,0,2805,4,13
G360081014170,1960,New York,36,Queens,081,5600,51000,,1417,0,1450,TRACT 1417-0 NEW YORK CITY QUEENS,001,3,15,0,0,0,0,1,1,0,4589,3,19
G360081014171,1960,New York,36,Queens,081,5600,51000,,1417,1,1450,TRACT 1417-1 NEW YORK CITY QUEENS,001,3,15,0,0,0,0,1,1,0,156,0,0
G36008101429,1960,New York,36,Queens,081,5600,51000,,1429,,1450,TRACT 1429 NEW YORK CITY QUEENS,001,3,15,0,0,0,0,1,1,0,4032,1,6
G36008101435,1960,New York,36,Queens,081,5600,51000,,1435,,1450,TRACT 1435 NEW YORK CITY QUEENS,001,3,15,0,0,0,0,1,1,0,2275,1,8
G36008101441,1960,New York,36,Queens,081,5600,51000,,1441,,1450,TRACT 1441 NEW YORK CITY QUEENS,001,3,15,0,0,0,0,1,1,0,3834,4,13
G36008101447,1960,New York,36,Queens,081,5600,51000,,1447,,1450,TRACT 1447 NEW YORK CITY QUEENS,001,3,15,0,0,0,0,0,1,0,1401,964,9
G360081014510,1960,New York,36,Queens,081,5600,51000,,1451,0,1450,TRACT 1451-0 NEW YORK CITY QUEENS,001,3,15,0,0,0,0,1,1,0,1362,1,2
G360081014511,1960,New York,36,Queens,081,5600,51000,,1451,1,1450,TRACT 1451-1 NEW YORK CITY QUEENS,001,3,15,0,0,0,0,1,1,0,2060,225,17
G36008101459,1960,New York,36,Queens,081,5600,51000,,1459,,1450,TRACT 1459 NEW YORK CITY QUEENS,001,3,15,0,0,0,0,1,1,0,2963,0,17
G36008101463,1960,New York,36,Queens,081,5600,51000,,1463,,1450,TRACT 1463 NEW YORK CITY QUEENS,001,3,15,0,0,0,0,1,1,0,2596,53,6
G36008101467,1960,New York,36,Queens,081,5600,51000,,1467,,1450,TRACT 1467 NEW YORK CITY QUEENS,001,3,15,0,0,0,0,1,1,0,2769,19,36
G36008101471,1960,New York,36,Queens,081,5600,51000,,1471,,1450,TRACT 1471 NEW YORK CITY QUEENS,001,3,15,0,0,0,0,1,1,0,2217,1,0
G360081014790,1960,New York,36,Queens,081,5600,51000,,1479,0,1450,TRACT 1479-0 NEW YORK CITY QUEENS,001,3,15,0,0,0,0,1,1,0,436,0,0
G360081014791,1960,New York,36,Queens,081,5600,51000,,1479,1,1450,TRACT 1479-1 NEW YORK CITY QUEENS,001,3,15,0,0,0,0,1,1,0,3363,24,18
G36008101483,1960,New York,36,Queens,081,5600,51000,,1483,,1450,TRACT 1483 NEW YORK CITY QUEENS,001,3,15,0,0,0,0,1,1,0,1974,35,2
G360081015070,1960,New York,36,Queens,081,5600,51000,,1507,0,1450,TRACT 1507-0 NEW YORK CITY QUEENS,001,3,15,0,0,0,0,1,1,0,3355,3,3
G360081015071,1960,New York,36,Queens,081,5600,51000,,1507,1,1450,TRACT 1507-1 NEW YORK CITY QUEENS,001,3,15,0,0,0,0,1,1,0,2894,10,15
G360081015290,1960,New York,36,Queens,081,5600,51000,,1529,0,1450,TRACT 1529-0 NEW YORK CITY QUEENS,001,3,15,0,0,0,0,1,1,0,3708,8,11
G360081015291,1960,New York,36,Queens,081,5600,51000,,1529,1,1450,TRACT 1529-1 NEW YORK CITY QUEENS,001,3,15,0,0,0,0,1,1,0,8013,24,16
G36008101551,1960,New York,36,Queens,081,5600,51000,,1551,,1450,TRACT 1551 NEW YORK CITY QUEENS,001,3,15,0,0,0,0,1,1,0,10986,18,55
G36008101567,1960,New York,36,Queens,081,5600,51000,,1567,,1450,TRACT 1567 NEW YORK CITY QUEENS,001,3,15,0,0,1,0,0,1,0,6259,746,16
G360081015710,1960,New York,36,Queens,081,5600,51000,,1571,0,1450,TRACT 1571-0 NEW YORK CITY QUEENS,001,3,15,0,0,0,0,1,1,0,8693,7,21
G360081015711,1960,New York,36,Queens,081,5600,51000,,1571,1,1450,TRACT 1571-1 NEW YORK CITY QUEENS,001,3,15,0,0,0,0,1,1,0,1463,0,4
G360081015790,1960,New York,36,Queens,081,5600,51000,,1579,0,1450,TRACT 1579-0 NEW YORK CITY QUEENS,001,3,15,0,0,0,0,1,1,0,6312,7,26
G360081015791,1960,New York,36,Queens,081,5600,51000,,1579,1,1450,TRACT 1579-1 NEW YORK CITY QUEENS,001,3,15,0,0,0,0,1,1,0,4138,6,10
G360081015792,1960,New York,36,Queens,081,5600,51000,,1579,2,1450,TRACT 1579-2 NEW YORK CITY QUEENS,001,3,15,0,0,0,0,1,1,0,4227,4,13
G36008101617,1960,New York,36,Queens,081,5600,51000,,1617,,1450,TRACT 1617 NEW YORK CITY QUEENS,001,3,15,0,0,0,0,1,1,0,4950,2,4
G36008101621,1960,New York,36,Queens,081,5600,51000,,1621,,1450,TRACT 1621 NEW YORK CITY QUEENS,001,3,15,0,0,0,0,1,1,0,4834,1,7
G3600830R0015,1960,New York,36,Rensselaer,083,0160,,R,0015,,0030,TRACT R-15 RENSSELAER CITY,011,4,08,0,0,1,1,1,1,0,5403,63,3
G3600830R0016,1960,New York,36,Rensselaer,083,0160,,R,0016,,0030,TRACT R-16 RENSSELAER CITY,011,4,08,0,0,1,1,1,1,0,4813,214,10
G3600830RC0017,1960,New York,36,Rensselaer,083,0160,,RC,0017,,,TRACT RC-17 HOOSICK TOWN,005,7,00,0,0,1,1,1,1,0,6477,12,1
G3600830RC0018,1960,New York,36,Rensselaer,083,0160,,RC,0018,,,TRACT RC-18 PITTSTOWN TOWN,009,4,00,0,0,1,1,1,1,0,2970,1,2
G3600830RC0019,1960,New York,36,Rensselaer,083,0160,,RC,0019,,,TRACT RC-19 SCHAGHTICOKE TOWN,013,7,00,0,0,1,1,1,1,0,5248,13,8
G3600830RC0020,1960,New York,36,Rensselaer,083,0160,,RC,0020,,,TRACT RC-20 BRUNSWICK TOWN,002,7,00,0,0,1,1,1,1,0,8977,3,24
G3600830RC0021,1960,New York,36,Rensselaer,083,0160,,RC,0021,,,TRACT RC-21 BERLIN TOWN,001,7,00,0,0,1,1,1,1,0,3323,2,2
G3600830RC0022,1960,New York,36,Rensselaer,083,0160,,RC,0022,,,TRACT RC-22 POESTENKILL TOWN,010,7,00,0,0,1,1,1,1,0,7110,6,6
G3600830RC0023,1960,New York,36,Rensselaer,083,0160,,RC,0023,,,TRACT RC-23 NORTH GREENBUSH TOWN,007,7,00,0,0,1,1,1,1,0,8106,50,5
G3600830RC0024,1960,New York,36,Rensselaer,083,0160,,RC,0024,,,TRACT RC-24 EAST GREENBUSH TOWN,003,7,00,0,0,1,1,1,1,0,9076,26,5
G3600830RC0025,1960,New York,36,Rensselaer,083,0160,,RC,0025,,,TRACT RC-25 SCHODACK TOWN,014,7,00,0,0,1,1,1,1,0,8022,15,15
G3600830RC0026,1960,New York,36,Rensselaer,083,0160,,RC,0026,,,TRACT RC-26 NASSAU TOWN,015,7,00,0,0,1,1,1,1,0,5037,45,0
G3600830T0001,1960,New York,36,Rensselaer,083,0160,,T,0001,,0030,TRACT T-1 TROY CITY,016,3,11,0,0,0,0,1,1,0,6144,16,2
G3600830T0002,1960,New York,36,Rensselaer,083,0160,,T,0002,,0030,TRACT T-2 TROY CITY,016,3,11,0,0,0,0,1,1,0,4695,65,6
G3600830T0003,1960,New York,36,Rensselaer,083,0160,,T,0003,,0030,TRACT T-3 TROY CITY,016,3,11,0,0,0,0,1,1,0,4554,0,0
G3600830T0004,1960,New York,36,Rensselaer,083,0160,,T,0004,,0030,TRACT T-4 TROY CITY,016,3,11,0,0,0,0,1,1,0,5452,150,5
G3600830T0005,1960,New York,36,Rensselaer,083,0160,,T,0005,,0030,TRACT T-5 TROY CITY,016,3,11,0,0,0,0,1,1,0,3492,140,3
G3600830T0006,1960,New York,36,Rensselaer,083,0160,,T,0006,,0030,TRACT T-6 TROY CITY,016,3,11,0,0,0,0,0,1,0,4156,745,61
G3600830T0007,1960,New York,36,Rensselaer,083,0160,,T,0007,,0030,TRACT T-7 TROY CITY,016,3,11,0,0,0,0,0,1,0,4603,553,17
G3600830T0008,1960,New York,36,Rensselaer,083,0160,,T,0008,,0030,TRACT T-8 TROY CITY,016,3,11,0,0,0,0,1,1,0,4568,135,11
G3600830T0009,1960,New York,36,Rensselaer,083,0160,,T,0009,,0030,TRACT T-9 TROY CITY,016,3,11,0,0,0,0,1,1,0,4110,51,0
G3600830T0010,1960,New York,36,Rensselaer,083,0160,,T,0010,,0030,TRACT T-10 TROY CITY,016,3,11,0,0,0,0,1,1,0,4263,5,2
G3600830T0011,1960,New York,36,Rensselaer,083,0160,,T,0011,,0030,TRACT T-11 TROY CITY,016,3,11,0,0,0,0,1,1,0,5641,24,2
G3600830T0012,1960,New York,36,Rensselaer,083,0160,,T,0012,,0030,TRACT T-12 TROY CITY,016,3,11,0,0,0,0,1,1,0,4141,22,9
G3600830T0013,1960,New York,36,Rensselaer,083,0160,,T,0013,,0030,TRACT T-13 TROY CITY,016,3,11,0,0,0,0,1,1,0,4501,1,8
G3600830T0014,1960,New York,36,Rensselaer,083,0160,,T,0014,,0030,TRACT T-14 TROY CITY,016,3,11,0,0,0,0,1,1,0,5080,9,50
G36008500003,1960,New York,36,Richmond,085,5600,51000,,0003,,1450,TRACT 3     NEW YORK CITY RICHMOND,001,3,15,0,1,1,1,1,1,2,1564,52,28
G36008500006,1960,New York,36,Richmond,085,5600,51000,,0006,,1450,TRACT 6     NEW YORK CITY RICHMOND,001,3,15,0,0,0,0,1,1,0,1185,9,4
G36008500007,1960,New York,36,Richmond,085,5600,51000,,0007,,1450,TRACT 7     NEW YORK CITY RICHMOND,001,3,15,0,0,0,0,1,1,0,3267,203,13
G36008500008,1960,New York,36,Richmond,085,5600,51000,,0008,,1450,TRACT 8     NEW YORK CITY RICHMOND,001,3,15,0,0,0,0,1,1,0,4224,5,22
G36008500009,1960,New York,36,Richmond,085,5600,51000,,0009,,1450,TRACT 9     NEW YORK CITY RICHMOND,001,3,15,0,0,0,0,1,1,0,1942,105,9
G36008500011,1960,New York,36,Richmond,085,5600,51000,,0011,,1450,TRACT 11    NEW YORK CITY RICHMOND,001,3,15,0,0,0,0,1,1,0,3863,402,10
G36008500015,1960,New York,36,Richmond,085,5600,51000,,0015,,1450,TRACT 15    NEW YORK CITY RICHMOND,001,3,15,0,0,0,0,1,1,0,667,92,29
G36008500017,1960,New York,36,Richmond,085,5600,51000,,0017,,1450,TRACT 17    NEW YORK CITY RICHMOND,001,3,15,0,0,0,0,1,1,0,1571,40,3
G36008500018,1960,New York,36,Richmond,085,5600,51000,,0018,,1450,TRACT 18    NEW YORK CITY RICHMOND,001,3,15,0,1,1,1,1,1,2,800,76,14
G36008500020,1960,New York,36,Richmond,085,5600,51000,,0020,,1450,TRACT 20    NEW YORK CITY RICHMOND,001,3,15,0,0,0,0,1,1,0,2197,24,12
G36008500021,1960,New York,36,Richmond,085,5600,51000,,0021,,1450,TRACT 21    NEW YORK CITY RICHMOND,001,3,15,0,0,0,0,1,1,0,3081,152,21
G36008500027,1960,New York,36,Richmond,085,5600,51000,,0027,,1450,TRACT 27    NEW YORK CITY RICHMOND,001,3,15,0,0,0,0,1,1,0,1513,76,23
G36008500029,1960,New York,36,Richmond,085,5600,51000,,0029,,1450,TRACT 29    NEW YORK CITY RICHMOND,001,3,15,0,0,0,0,1,1,0,2772,104,20
G36008500033,1960,New York,36,Richmond,085,5600,51000,,0033,,1450,TRACT 33    NEW YORK CITY RICHMOND,001,3,15,0,0,0,0,1,1,0,2457,9,12
G36008500036,1960,New York,36,Richmond,085,5600,51000,,0036,,1450,TRACT 36    NEW YORK CITY RICHMOND,001,3,15,0,0,0,0,1,1,0,895,0,1
G36008500039,1960,New York,36,Richmond,085,5600,51000,,0039,,1450,TRACT 39    NEW YORK CITY RICHMOND,001,3,15,0,0,0,0,1,1,0,1880,10,8
G36008500040,1960,New York,36,Richmond,085,5600,51000,,0040,,1450,TRACT 40    NEW YORK CITY RICHMOND,001,3,15,0,0,0,0,1,1,0,2211,29,0
G36008500047,1960,New York,36,Richmond,085,5600,51000,,0047,,1450,TRACT 47    NEW YORK CITY RICHMOND,001,3,15,0,0,0,0,1,1,0,2243,13,3
G36008500050,1960,New York,36,Richmond,085,5600,51000,,0050,,1450,TRACT 50    NEW YORK CITY RICHMOND,001,3,15,0,0,0,0,1,1,0,1989,0,6
G36008500059,1960,New York,36,Richmond,085,5600,51000,,0059,,1450,TRACT 59    NEW YORK CITY RICHMOND,001,3,15,0,0,0,0,1,1,0,2346,5,0
G36008500064,1960,New York,36,Richmond,085,5600,51000,,0064,,1450,TRACT 64    NEW YORK CITY RICHMOND,001,3,15,0,0,0,0,1,1,0,3216,244,9
G36008500065,1960,New York,36,Richmond,085,5600,51000,,0065,,1450,TRACT 65    NEW YORK CITY RICHMOND,001,3,15,0,0,0,0,1,1,0,1934,0,0
G36008500070,1960,New York,36,Richmond,085,5600,51000,,0070,,1450,TRACT 70    NEW YORK CITY RICHMOND,001,3,15,0,0,0,0,1,1,0,4295,0,0
G36008500074,1960,New York,36,Richmond,085,5600,51000,,0074,,1450,TRACT 74    NEW YORK CITY RICHMOND,001,3,15,0,0,0,0,1,1,0,2092,4,10
G36008500075,1960,New York,36,Richmond,085,5600,51000,,0075,,1450,TRACT 75    NEW YORK CITY RICHMOND,001,3,15,0,0,0,0,1,1,0,3100,124,13
G36008500077,1960,New York,36,Richmond,085,5600,51000,,0077,,1450,TRACT 77    NEW YORK CITY RICHMOND,001,3,15,0,0,0,0,0,1,0,1144,556,14
G36008500081,1960,New York,36,Richmond,085,5600,51000,,0081,,1450,TRACT 81    NEW YORK CITY RICHMOND,001,3,15,0,0,0,0,0,1,0,3920,632,18
G36008500089,1960,New York,36,Richmond,085,5600,51000,,0089,,1450,TRACT 89    NEW YORK CITY RICHMOND,001,3,15,0,0,1,0,1,1,0,337,0,1
G36008500091,1960,New York,36,Richmond,085,5600,51000,,0091,,1450,TRACT 91    NEW YORK CITY RICHMOND,001,3,15,0,0,0,0,1,1,0,1064,0,7
G36008500096,1960,New York,36,Richmond,085,5600,51000,,0096,,1450,TRACT 96    NEW YORK CITY RICHMOND,001,3,15,0,0,0,0,1,1,0,4672,1,6
G36008500097,1960,New York,36,Richmond,085,5600,51000,,0097,,1450,TRACT 97    NEW YORK CITY RICHMOND,001,3,15,0,0,0,0,0,1,0,3792,809,6
G36008500105,1960,New York,36,Richmond,085,5600,51000,,0105,,1450,TRACT 105   NEW YORK CITY RICHMOND,001,3,15,0,0,0,0,1,1,0,4616,363,18
G36008500112,1960,New York,36,Richmond,085,5600,51000,,0112,,1450,TRACT 112   NEW YORK CITY RICHMOND,001,3,15,0,0,0,0,1,1,0,4427,9,4
G36008500114,1960,New York,36,Richmond,085,5600,51000,,0114,,1450,TRACT 114   NEW YORK CITY RICHMOND,001,3,15,0,0,0,0,1,1,0,5039,191,9
G36008500121,1960,New York,36,Richmond,085,5600,51000,,0121,,1450,TRACT 121   NEW YORK CITY RICHMOND,001,3,15,0,0,0,0,1,1,0,3521,1,0
G36008500122,1960,New York,36,Richmond,085,5600,51000,,0122,,1450,TRACT 122   NEW YORK CITY RICHMOND,001,3,15,0,0,0,0,1,1,0,4092,0,0
G36008500125,1960,New York,36,Richmond,085,5600,51000,,0125,,1450,TRACT 125   NEW YORK CITY RICHMOND,001,3,15,0,0,0,0,1,1,0,2746,66,0
G36008500128,1960,New York,36,Richmond,085,5600,51000,,0128,,1450,TRACT 128   NEW YORK CITY RICHMOND,001,3,15,0,0,0,0,1,1,0,4833,13,8
G360085001320,1960,New York,36,Richmond,085,5600,51000,,0132,0,1450,TRACT 132-0 NEW YORK CITY RICHMOND,001,3,15,0,0,0,0,1,1,0,2470,1,1
G360085001321,1960,New York,36,Richmond,085,5600,51000,,0132,1,1450,TRACT 132-1 NEW YORK CITY RICHMOND,001,3,15,0,0,0,0,1,1,0,2604,1,1
G360085001330,1960,New York,36,Richmond,085,5600,51000,,0133,0,1450,TRACT 133-0 NEW YORK CITY RICHMOND,001,3,15,0,0,0,1,1,1,0,50,13,0
G360085001331,1960,New York,36,Richmond,085,5600,51000,,0133,1,1450,TRACT 133-1 NEW YORK CITY RICHMOND,001,3,15,0,0,0,0,0,1,0,2728,709,0
G36008500134,1960,New York,36,Richmond,085,5600,51000,,0134,,1450,TRACT 134   NEW YORK CITY RICHMOND,001,3,15,0,0,0,0,1,1,0,3225,0,17
G36008500138,1960,New York,36,Richmond,085,5600,51000,,0138,,1450,TRACT 138   NEW YORK CITY RICHMOND,001,3,15,0,0,0,0,1,1,0,1881,1,7
G36008500141,1960,New York,36,Richmond,085,5600,51000,,0141,,1450,TRACT 141   NEW YORK CITY RICHMOND,001,3,15,0,0,0,0,1,1,0,1652,22,0
G36008500146,1960,New York,36,Richmond,085,5600,51000,,0146,,1450,TRACT 146   NEW YORK CITY RICHMOND,001,3,15,0,0,0,0,1,1,0,3380,2,8
G36008500147,1960,New York,36,Richmond,085,5600,51000,,0147,,1450,TRACT 147   NEW YORK CITY RICHMOND,001,3,15,0,0,0,0,1,1,0,3500,2,5
G36008500151,1960,New York,36,Richmond,085,5600,51000,,0151,,1450,TRACT 151   NEW YORK CITY RICHMOND,001,3,15,0,0,0,0,1,1,0,5173,15,6
G36008500154,1960,New York,36,Richmond,085,5600,51000,,0154,,1450,TRACT 154   NEW YORK CITY RICHMOND,001,3,15,0,0,0,0,1,1,0,394,1,0
G36008500156,1960,New York,36,Richmond,085,5600,51000,,0156,,1450,TRACT 156   NEW YORK CITY RICHMOND,001,3,15,0,0,0,0,1,1,0,7393,14,1
G36008500168,1960,New York,36,Richmond,085,5600,51000,,0168,,1450,TRACT 168   NEW YORK CITY RICHMOND,001,3,15,0,0,0,0,1,1,0,92,0,0
G36008500169,1960,New York,36,Richmond,085,5600,51000,,0169,,1450,TRACT 169   NEW YORK CITY RICHMOND,001,3,15,0,0,0,0,1,1,0,2384,1,15
G36008500170,1960,New York,36,Richmond,085,5600,51000,,0170,,1450,TRACT 170   NEW YORK CITY RICHMOND,001,3,15,0,0,0,0,1,1,0,3586,34,2
G36008500173,1960,New York,36,Richmond,085,5600,51000,,0173,,1450,TRACT 173   NEW YORK CITY RICHMOND,001,3,15,0,0,0,0,1,1,0,1939,241,1
G36008500176,1960,New York,36,Richmond,085,5600,51000,,0176,,1450,TRACT 176   NEW YORK CITY RICHMOND,001,3,15,0,0,0,0,1,1,0,1199,0,3
G36008500177,1960,New York,36,Richmond,085,5600,51000,,0177,,1450,TRACT 177   NEW YORK CITY RICHMOND,001,3,15,0,0,0,0,1,1,0,2911,8,1
G36008500179,1960,New York,36,Richmond,085,5600,51000,,0179,,1450,TRACT 179   NEW YORK CITY RICHMOND,001,3,15,0,0,0,0,1,1,0,1884,1,5
G36008500185,1960,New York,36,Richmond,085,5600,51000,,0185,,1450,TRACT 185   NEW YORK CITY RICHMOND,001,3,15,0,0,1,0,1,1,0,433,195,38
G36008500187,1960,New York,36,Richmond,085,5600,51000,,0187,,1450,TRACT 187   NEW YORK CITY RICHMOND,001,3,15,0,0,0,0,1,1,0,3605,222,10
G36008500189,1960,New York,36,Richmond,085,5600,51000,,0189,,1450,TRACT 189   NEW YORK CITY RICHMOND,001,3,15,0,0,0,0,1,1,0,3994,105,5
G36008500196,1960,New York,36,Richmond,085,5600,51000,,0196,,1450,TRACT 196   NEW YORK CITY RICHMOND,001,3,15,0,0,0,0,1,1,0,1971,11,6
G36008500197,1960,New York,36,Richmond,085,5600,51000,,0197,,1450,TRACT 197   NEW YORK CITY RICHMOND,001,3,15,0,0,0,0,1,1,0,2051,0,0
G36008500201,1960,New York,36,Richmond,085,5600,51000,,0201,,1450,TRACT 201   NEW YORK CITY RICHMOND,001,3,15,0,0,0,0,1,1,0,3254,14,0
G36008500207,1960,New York,36,Richmond,085,5600,51000,,0207,,1450,TRACT 207   NEW YORK CITY RICHMOND,001,3,15,0,0,0,0,0,1,0,4085,607,5
G36008500208,1960,New York,36,Richmond,085,5600,51000,,0208,,1450,TRACT 208   NEW YORK CITY RICHMOND,001,3,15,0,0,0,0,1,1,0,2113,73,0
G36008500213,1960,New York,36,Richmond,085,5600,51000,,0213,,1450,TRACT 213   NEW YORK CITY RICHMOND,001,3,15,0,0,0,0,1,1,0,4307,9,0
G36008500219,1960,New York,36,Richmond,085,5600,51000,,0219,,1450,TRACT 219   NEW YORK CITY RICHMOND,001,3,15,0,0,0,0,1,1,0,805,34,0
G36008500223,1960,New York,36,Richmond,085,5600,51000,,0223,,1450,TRACT 223   NEW YORK CITY RICHMOND,001,3,15,0,1,1,1,1,1,2,2202,93,1
G36008500226,1960,New York,36,Richmond,085,5600,51000,,0226,,1450,TRACT 226   NEW YORK CITY RICHMOND,001,3,15,0,0,0,0,1,1,0,1699,163,0
G36008500231,1960,New York,36,Richmond,085,5600,51000,,0231,,1450,TRACT 231   NEW YORK CITY RICHMOND,001,3,15,0,0,0,0,1,1,0,1720,65,0
G36008500236,1960,New York,36,Richmond,085,5600,51000,,0236,,1450,TRACT 236   NEW YORK CITY RICHMOND,001,3,15,0,0,0,0,1,0,0,955,155,2
G36008500239,1960,New York,36,Richmond,085,5600,51000,,0239,,1450,TRACT 239   NEW YORK CITY RICHMOND,001,3,15,0,0,0,0,1,1,0,1855,90,7
G36008500244,1960,New York,36,Richmond,085,5600,51000,,0244,,1450,TRACT 244   NEW YORK CITY RICHMOND,001,3,15,0,0,0,0,1,1,0,3026,13,4
G36008500247,1960,New York,36,Richmond,085,5600,51000,,0247,,1450,TRACT 247   NEW YORK CITY RICHMOND,001,3,15,0,0,0,0,1,1,0,1703,11,1
G36008500248,1960,New York,36,Richmond,085,5600,51000,,0248,,1450,TRACT 248   NEW YORK CITY RICHMOND,001,3,15,0,0,0,0,1,1,0,3323,107,0
G36008500251,1960,New York,36,Richmond,085,5600,51000,,0251,,1450,TRACT 251   NEW YORK CITY RICHMOND,001,3,15,0,0,0,0,1,1,0,2907,0,0
G36008500273,1960,New York,36,Richmond,085,5600,51000,,0273,,1450,TRACT 273   NEW YORK CITY RICHMOND,001,3,15,0,0,0,0,0,1,0,5539,1025,37
G36008500277,1960,New York,36,Richmond,085,5600,51000,,0277,,1450,TRACT 277   NEW YORK CITY RICHMOND,001,3,15,0,0,0,0,1,1,0,304,0,0
G36008500279,1960,New York,36,Richmond,085,5600,51000,,0279,,1450,TRACT 279   NEW YORK CITY RICHMOND,001,3,15,0,0,0,0,1,1,0,1175,5,0
G36008500282,1960,New York,36,Richmond,085,5600,51000,,0282,,1450,TRACT 282   NEW YORK CITY RICHMOND,001,3,15,1,1,1,1,1,1,0,0,0,0
G36008500291,1960,New York,36,Richmond,085,5600,51000,,0291,,1450,TRACT 291   NEW YORK CITY RICHMOND,001,3,15,0,0,0,0,1,1,0,2820,0,1
G36008500303,1960,New York,36,Richmond,085,5600,51000,,0303,,1450,TRACT 303   NEW YORK CITY RICHMOND,001,3,15,0,0,0,0,1,1,0,1007,1,4
G360085003190,1960,New York,36,Richmond,085,5600,51000,,0319,0,1450,TRACT 319-0 NEW YORK CITY RICHMOND,001,3,15,0,0,0,0,0,1,0,2172,1035,10
G360085003191,1960,New York,36,Richmond,085,5600,51000,,0319,1,1450,TRACT 319-1 NEW YORK CITY RICHMOND,001,3,15,0,0,0,0,1,1,0,1848,103,0
G36008500323,1960,New York,36,Richmond,085,5600,51000,,0323,,1450,TRACT 323   NEW YORK CITY RICHMOND,001,3,15,0,0,0,0,1,1,0,526,29,0
G3600870CLK0008,1960,New York,36,Rockland,087,5600,,CLK,0008,,,TRACT CLK-8 CLARKSTOWN TOWN,001,7,00,0,0,0,0,1,1,0,6154,47,8
G3600870CLK0009,1960,New York,36,Rockland,087,5600,,CLK,0009,,,TRACT CLK-9 CLARKSTOWN TOWN,001,7,00,0,0,1,1,1,1,0,3098,46,7
G3600870CLK0010,1960,New York,36,Rockland,087,5600,,CLK,0010,,1450,TRACT CLK-10 CLARKSTOWN TOWN,001,4,04,0,0,1,1,1,1,0,1827,5,1
G3600870CLK0011,1960,New York,36,Rockland,087,5600,,CLK,0011,,,TRACT CLK-11 CLARKSTOWN TOWN,001,7,00,0,0,0,0,1,1,0,4057,331,5
G3600870CLK0012A,1960,New York,36,Rockland,087,5600,,CLK,0012,A,,TRACT CLK-12-A CLARKSTOWN TOWN,001,7,00,0,0,0,0,1,1,0,3285,24,0
G3600870CLK0012B,1960,New York,36,Rockland,087,5600,,CLK,0012,B,1450,TRACT CLK-12-B CLARKSTOWN TOWN,001,7,00,0,0,0,0,1,1,0,6477,112,6
G3600870CLK0013,1960,New York,36,Rockland,087,5600,,CLK,0013,,1450,TRACT CLK-13 CLARKSTOWN TOWN,001,7,00,0,0,1,1,1,1,0,6659,331,7
G3600870HAV0004,1960,New York,36,Rockland,087,5600,,HAV,0004,,,TRACT HAV-4 HAVERSTRAW TOWN,002,7,00,0,0,1,1,1,1,0,2895,299,1
G3600870HAV0005,1960,New York,36,Rockland,087,5600,,HAV,0005,,,TRACT HAV-5 HAVERSTRAW TOWN,002,7,00,0,0,0,0,1,1,0,2618,28,0
G3600870HAV0006,1960,New York,36,Rockland,087,5600,,HAV,0006,,,TRACT HAV-6 HAVERSTRAW TOWN,002,4,00,0,0,1,1,1,1,0,4989,29,2
G3600870HAV0007,1960,New York,36,Rockland,087,5600,,HAV,0007,,,TRACT HAV-7 HAVERSTRAW TOWN,002,4,00,0,0,0,0,1,0,0,5415,355,1
G3600870OTN0015A,1960,New York,36,Rockland,087,5600,,OTN,0015,A,1450,TRACT OTN-15-A ORANGETOWN TOWN,003,7,00,0,0,1,1,1,1,0,4665,12,2
G3600870OTN0015B,1960,New York,36,Rockland,087,5600,,OTN,0015,B,1450,TRACT OTN-15-B ORANGETOWN TOWN,003,7,00,0,0,1,1,1,1,0,3806,3,15
G3600870OTN0015C,1960,New York,36,Rockland,087,5600,,OTN,0015,C,,TRACT OTN-15-C ORANGETOWN TOWN,003,7,00,0,0,0,1,1,1,0,3893,0,8
G3600870OTN0016,1960,New York,36,Rockland,087,5600,,OTN,0016,,1450,TRACT OTN-16 ORANGETOWN TOWN,003,7,00,0,0,0,0,1,0,0,6889,180,31
G3600870OTN0017,1960,New York,36,Rockland,087,5600,,OTN,0017,,1450,TRACT OTN-17 CLARKSTOWN TOWN,003,4,07,0,0,0,0,0,1,0,4380,1667,15
G3600870OTN0018,1960,New York,36,Rockland,087,5600,,OTN,0018,,1450,TRACT OTN-18 ORANGETOWN TOWN,003,4,06,0,0,1,1,1,1,0,2764,336,13
G3600870OTN0019,1960,New York,36,Rockland,087,5600,,OTN,0019,,1450,TRACT OTN-19 ORANGETOWN TOWN,003,4,04,0,0,1,1,1,1,0,1946,285,5
G3600870OTN0020,1960,New York,36,Rockland,087,5600,,OTN,0020,,1450,TRACT OTN-20 ORANGETOWN TOWN,003,7,00,0,0,0,0,1,1,0,4488,84,33
G3600870OTN0021,1960,New York,36,Rockland,087,5600,,OTN,0021,,1450,TRACT OTN-21 ORANGETOWN TOWN,003,7,00,0,0,1,1,0,0,0,6652,1031,21
G3600870RAM0022,1960,New York,36,Rockland,087,5600,,RAM,0022,,,TRACT RAM-22 RAMAPO TOWN,004,4,00,0,0,0,0,1,1,0,2564,1,0
G3600870RAM0023,1960,New York,36,Rockland,087,5600,,RAM,0023,,,TRACT RAM-23 RAMAPO TOWN,004,7,00,0,0,1,1,1,1,0,4039,76,17
G3600870RAM0024,1960,New York,36,Rockland,087,5600,,RAM,0024,,,TRACT RAM-24 RAMAPO TOWN,004,7,00,0,0,1,1,1,1,0,7259,98,11
G3600870RAM0025A,1960,New York,36,Rockland,087,5600,,RAM,0025,A,1450,TRACT RAM-25-A RAMAPO TOWN,004,7,00,0,0,1,1,1,1,0,5950,64,1
G3600870RAM0025B,1960,New York,36,Rockland,087,5600,,RAM,0025,B,,TRACT RAM-25-B RAMAPO TOWN,004,7,00,0,0,0,0,1,1,0,2811,70,14
G3600870RAM0026,1960,New York,36,Rockland,087,5600,,RAM,0026,,1450,TRACT RAM-26 RAMAPO TOWN,004,4,07,0,0,1,1,1,1,0,5080,4,10
G3600870RAM0027,1960,New York,36,Rockland,087,5600,,RAM,0027,,1450,TRACT RAM-27 RAMAPO TOWN,004,4,03,0,0,1,1,0,1,0,562,537,15
G3600870SPV0014,1960,New York,36,Rockland,087,5600,,SPV,0014,,1450,TRACT SPV-14 CLARKSTOWN TOWN,004,4,07,0,0,0,0,0,1,0,5863,636,39
G3600870STP0001,1960,New York,36,Rockland,087,5600,,STP,0001,,,TRACT STP-1 STONY POINT TOWN,005,7,00,0,0,0,0,1,1,0,4441,12,9
G3600870STP0002,1960,New York,36,Rockland,087,5600,,STP,0002,,,TRACT STP-2 STONY POINT TOWN,005,5,00,0,0,1,1,1,1,0,2735,2,1
G3600870STP0003,1960,New York,36,Rockland,087,5600,,STP,0003,,,TRACT STP-3 STONY POINT TOWN,005,7,00,0,1,1,1,1,1,0,1390,149,0
G3600910SA0001,1960,New York,36,Saratoga,091,0160,,SA,0001,,,TRACT SA-1 DAY TOWN,005,7,00,0,0,1,1,1,1,0,2050,0,0
G3600910SA0002,1960,New York,36,Saratoga,091,0160,,SA,0002,,,TRACT SA-2 CORINTH TOWN,004,7,00,0,0,1,1,1,1,0,1972,2,0
G3600910SA0003,1960,New York,36,Saratoga,091,0160,,SA,0003,,,TRACT SA-3 CORINTH TOWN,004,4,00,0,0,1,1,1,1,0,3186,1,6
G3600910SA0004,1960,New York,36,Saratoga,091,0160,,SA,0004,,,TRACT SA-4 MOREAU TOWN,014,7,00,0,0,1,1,1,1,0,4275,1,1
G3600910SA0005,1960,New York,36,Saratoga,091,0160,,SA,0005,,,TRACT SA-5 MOREAU TOWN,014,4,00,0,0,1,1,1,1,0,4105,11,13
G3600910SA0006,1960,New York,36,Saratoga,091,0160,,SA,0006,,,TRACT SA-6 GREENFIELD TOWN,016,7,00,0,0,1,1,1,1,0,3087,16,1
G3600910SA0007,1960,New York,36,Saratoga,091,0160,,SA,0007,,,TRACT SA-7 NORTHUMBERLAND TOWN,015,7,00,0,0,1,1,1,1,0,3224,27,4
G3600910SA0008,1960,New York,36,Saratoga,091,0160,,SA,0008,,,TRACT SA-8 BALLSTON TOWN,013,4,00,0,0,1,1,1,1,0,4982,2,7
G3600910SA0009,1960,New York,36,Saratoga,091,0160,,SA,0009,,,TRACT SA-9 GALWAY TOWN,013,7,00,0,0,1,1,1,1,0,4703,5,5
G3600910SA0010,1960,New York,36,Saratoga,091,0160,,SA,0010,,,TRACT SA-10 SARATOGA SPRINGS CITY,018,4,00,0,0,1,1,0,1,0,15916,688,26
G3600910SA0011,1960,New York,36,Saratoga,091,0160,,SA,0011,,,TRACT SA-11 SARATOGA,017,4,00,0,0,1,1,1,1,0,3512,2,1
G3600910SA0012,1960,New York,36,Saratoga,091,0160,,SA,0012,,,TRACT SA-12 STILLWATER TOWN,019,7,00,0,0,1,1,1,1,0,4393,23,0
G3600910SA0013,1960,New York,36,Saratoga,091,0160,,SA,0013,,,TRACT SA-13 MALTA TOWN,011,7,00,0,0,1,1,1,1,0,2222,1,0
G3600910SA0014,1960,New York,36,Saratoga,091,0160,,SA,0014,,,TRACT SA-14 BALLSTON TOWN,001,7,00,0,0,1,1,1,1,0,4906,1,1
G3600910SA0015,1960,New York,36,Saratoga,091,0160,,SA,0015,,,TRACT SA-15 CHARLTON TOWN,002,7,00,0,0,1,1,1,1,0,3023,0,1
G3600910SA0016,1960,New York,36,Saratoga,091,0160,,SA,0016,,,TRACT SA-16 CLIFTON PARK TOWN,003,7,00,0,0,1,1,1,1,0,4506,6,0
G3600910SA0017,1960,New York,36,Saratoga,091,0160,,SA,0017,,,TRACT SA-17 HALFMOON TOWN,010,7,00,0,0,1,1,1,1,0,4114,6,0
G3600910SA0018,1960,New York,36,Saratoga,091,0160,,SA,0018,,,TRACT SA-18 MECHANICVILLE CITY,012,4,00,0,0,1,1,1,1,0,6808,18,5
G3600910SA0019,1960,New York,36,Saratoga,091,0160,,SA,0019,,0030,TRACT SA-19 WATERFORD TOWN,020,7,00,0,0,1,1,1,1,0,4315,1,0
G3600910SA0020,1960,New York,36,Saratoga,091,0160,,SA,0020,,0030,TRACT SA-20 WATERFORD TOWN,020,4,06,0,0,1,1,1,1,0,2911,0,4
G3600930G0022,1960,New York,36,Schenectady,093,0160,,G,0022,,0030,TRACT G-22 GLENVILLE TOWN,002,4,07,0,0,1,1,1,1,0,4333,7,1
G3600930G0023,1960,New York,36,Schenectady,093,0160,,G,0023,,0030,TRACT G-23 GLENVILLE TOWN,002,4,07,0,0,1,1,1,1,0,3275,8,1
G3600930G0024,1960,New York,36,Schenectady,093,0160,,G,0024,,,TRACT G-24 GLENVILLE TOWN,002,7,00,0,0,1,1,1,1,0,8539,1,0
G3600930G0025,1960,New York,36,Schenectady,093,0160,,G,0025,,,TRACT G-25 GLENVILLE TOWN,002,7,00,0,0,1,1,1,1,0,9499,25,18
G3600930N0019,1960,New York,36,Schenectady,093,0160,,N,0019,,0030,TRACT N-19 NISKAYUNA TOWN,003,7,00,0,0,1,1,1,1,0,4143,16,11
G3600930N0020,1960,New York,36,Schenectady,093,0160,,N,0020,,0030,TRACT N-20 NISKAYUNA TOWN,003,7,00,0,0,1,1,1,1,0,5938,2,5
G3600930N0021,1960,New York,36,Schenectady,093,0160,,N,0021,,0030,TRACT N-21 NISKAYUNA TOWN,003,7,00,0,0,1,1,1,1,0,3899,10,8
G3600930PD0031,1960,New York,36,Schenectady,093,0160,,PD,0031,,,TRACT PD-31 DUANESBURG TOWN,001,7,00,0,0,1,1,1,1,0,3973,9,0
G3600930R0026,1960,New York,36,Schenectady,093,0160,,R,0026,,,TRACT R-26 ROTTERDAM TOWN,005,7,00,0,0,1,1,1,1,0,3810,10,2
G3600930R0027,1960,New York,36,Schenectady,093,0160,,R,0027,,0030,TRACT R-27 ROTTERDAM TOWN,005,5,08,0,0,1,1,1,1,0,4663,4,0
G3600930R0028,1960,New York,36,Schenectady,093,0160,,R,0028,,0030,TRACT R-28 ROTTERDAM TOWN,005,5,08,0,0,1,1,1,1,0,2729,2,4
G3600930R0029,1960,New York,36,Schenectady,093,0160,,R,0029,,0030,TRACT R-29 ROTTERDAM TOWN,005,5,08,0,0,1,1,1,1,0,9451,16,2
G3600930R0030,1960,New York,36,Schenectady,093,0160,,R,0030,,,TRACT R-30 ROTTERDAM TOWN,005,7,00,0,0,1,1,1,1,0,6787,8,5
G3600930S0001,1960,New York,36,Schenectady,093,0160,,S,0001,,0030,TRACT S-1  SCHENECTADY CITY,006,3,11,0,0,0,0,1,1,0,5678,111,15
G3600930S0002,1960,New York,36,Schenectady,093,0160,,S,0002,,0030,TRACT S-2  SCHENECTADY CITY,006,3,11,0,0,0,0,1,1,0,3755,17,9
G3600930S0003,1960,New York,36,Schenectady,093,0160,,S,0003,,0030,TRACT S-3  SCHENECTADY CITY,006,3,11,0,0,0,0,1,1,0,2579,136,18
G3600930S0004,1960,New York,36,Schenectady,093,0160,,S,0004,,0030,TRACT S-4  SCHENECTADY CITY,006,3,11,0,0,0,0,1,1,0,3778,39,10
G3600930S0005,1960,New York,36,Schenectady,093,0160,,S,0005,,0030,TRACT S-5  SCHENECTADY CITY,006,3,11,0,0,0,0,1,1,0,6079,0,8
G3600930S0006,1960,New York,36,Schenectady,093,0160,,S,0006,,0030,TRACT S-6  SCHENECTADY CITY,006,3,11,0,0,0,0,1,1,0,4306,19,17
G3600930S0007,1960,New York,36,Schenectady,093,0160,,S,0007,,0030,TRACT S-7  SCHENECTADY CITY,006,3,11,0,0,0,0,1,1,0,5644,57,9
G3600930S0008,1960,New York,36,Schenectady,093,0160,,S,0008,,0030,TRACT S-8  SCHENECTADY CITY,006,3,11,0,0,0,0,1,1,0,4936,87,9
G3600930S0009,1960,New York,36,Schenectady,093,0160,,S,0009,,0030,TRACT S-9  SCHENECTADY CITY,006,3,11,0,0,0,0,1,1,0,5287,276,1
G3600930S0010,1960,New York,36,Schenectady,093,0160,,S,0010,,0030,TRACT S-10 SCHENECTADY CITY,006,3,11,0,0,0,0,0,1,0,4124,833,15
G3600930S0011,1960,New York,36,Schenectady,093,0160,,S,0011,,0030,TRACT S-11 SCHENECTADY CITY,006,3,11,0,0,0,0,1,1,0,2760,195,6
G3600930S0012,1960,New York,36,Schenectady,093,0160,,S,0012,,0030,TRACT S-12 SCHENECTADY CITY,006,3,11,0,0,0,0,1,1,0,3665,28,0
G3600930S0013,1960,New York,36,Schenectady,093,0160,,S,0013,,0030,TRACT S-13 SCHENECTADY CITY,006,3,11,0,0,0,0,1,1,0,4442,22,3
G3600930S0014,1960,New York,36,Schenectady,093,0160,,S,0014,,0030,TRACT S-14 SCHENECTADY CITY,006,3,11,0,0,0,0,1,1,0,4131,64,0
G3600930S0015,1960,New York,36,Schenectady,093,0160,,S,0015,,0030,TRACT S-15 SCHENECTADY CITY,006,3,11,0,0,0,0,1,1,0,3747,26,4
G3600930S0016,1960,New York,36,Schenectady,093,0160,,S,0016,,0030,TRACT S-16 SCHENECTADY CITY,006,3,11,0,0,0,0,1,1,0,4267,1,2
G3600930S0017,1960,New York,36,Schenectady,093,0160,,S,0017,,0030,TRACT S-17 SCHENECTADY CITY,006,3,11,0,0,0,0,1,1,0,4300,108,2
G3600930S0018,1960,New York,36,Schenectady,093,0160,,S,0018,,0030,TRACT S-18 SCHENECTADY CITY,006,3,11,0,0,0,0,1,1,0,6021,34,2
G3601030AM0035,1960,New York,36,Suffolk,103,5600,,AM,0035,,1450,TRACT AM-35 BABYLON TOWN,001,4,07,0,0,1,1,1,1,0,4528,222,4
G3601030AM0036,1960,New York,36,Suffolk,103,5600,,AM,0036,,1450,TRACT AM-36 BABYLON TOWN,001,4,07,0,0,1,1,1,1,0,3559,4,1
G3601030BA0023,1960,New York,36,Suffolk,103,5600,,BA,0023,,,TRACT BA-23 BABYLON TOWN,001,7,00,0,0,1,1,1,1,0,3760,196,6
G3601030BA0024,1960,New York,36,Suffolk,103,5600,,BA,0024,,1450,TRACT BA-24 BABYLON TOWN,001,7,00,0,0,1,1,0,1,0,5916,792,16
G3601030BA0025,1960,New York,36,Suffolk,103,5600,,BA,0025,,1450,TRACT BA-25 BABYLON TOWN,001,7,00,0,0,1,1,0,1,0,1512,2193,0
G3601030BA0026,1960,New York,36,Suffolk,103,5600,,BA,0026,,1450,TRACT BA-26 BABYLON TOWN,001,7,00,0,0,1,1,1,1,0,14315,10,27
G3601030BA0027,1960,New York,36,Suffolk,103,5600,,BA,0027,,1450,TRACT BA-27 BABYLON TOWN,001,7,00,0,0,1,1,0,1,0,7657,419,58
G3601030BA0028,1960,New York,36,Suffolk,103,5600,,BA,0028,,1450,TRACT BA-28 BABYLON TOWN,001,7,00,0,0,1,1,1,1,0,5922,276,11
G3601030BA0029,1960,New York,36,Suffolk,103,5600,,BA,0029,,1450,TRACT BA-29 BABYLON TOWN,001,7,00,0,0,1,1,1,1,0,7012,1,8
G3601030BA0030,1960,New York,36,Suffolk,103,5600,,BA,0030,,1450,TRACT BA-30 BABYLON TOWN,001,7,00,0,0,1,1,1,1,0,5087,29,6
G3601030BA0031,1960,New York,36,Suffolk,103,5600,,BA,0031,,1450,TRACT BA-31 BABYLON TOWN,001,7,00,0,0,1,1,1,1,0,6992,8,8
G3601030BA0032,1960,New York,36,Suffolk,103,5600,,BA,0032,,1450,TRACT BA-32 BABYLON TOWN,001,7,00,0,0,1,1,0,1,0,723,3005,19
G3601030BA0033,1960,New York,36,Suffolk,103,5600,,BA,0033,,1450,TRACT BA-33 BABYLON TOWN,001,7,00,0,0,1,1,0,1,0,1211,3345,66
G3601030BA0034,1960,New York,36,Suffolk,103,5600,,BA,0034,,1450,TRACT BA-34 BABYLON TOWN,001,7,00,0,0,1,1,1,1,0,8891,209,11
G3601030BA0037,1960,New York,36,Suffolk,103,5600,,BA,0037,,1450,TRACT BA-37 BABYLON TOWN,001,5,08,0,0,1,1,0,1,0,9018,458,25
G3601030BA0038,1960,New York,36,Suffolk,103,5600,,BA,0038,,1450,TRACT BA-38 BABYLON TOWN,001,5,08,0,0,1,1,1,1,0,4568,7,5
G3601030BA0043,1960,New York,36,Suffolk,103,5600,,BA,0043,,1450,TRACT BA-43 BABYLON TOWN,001,7,00,0,0,1,1,1,1,0,4351,46,0
G3601030BA0044,1960,New York,36,Suffolk,103,5600,,BA,0044,,,TRACT BA-44 BABYLON TOWN,001,7,00,0,0,1,1,1,1,0,3827,1,1
G3601030BE0093,1960,New York,36,Suffolk,103,5600,,BE,0093,,,TRACT BE-93 BROOKHAVEN TOWN,002,4,00,0,0,1,1,1,1,0,2427,13,21
G3601030BR0080,1960,New York,36,Suffolk,103,5600,,BR,0080,,,TRACT BR-80 BROOKHAVEN TOWN,002,4,00,0,0,1,1,1,1,0,6085,150,2
G3601030BR0081,1960,New York,36,Suffolk,103,5600,,BR,0081,,,TRACT BR-81 BROOKHAVEN TOWN,002,5,00,0,0,1,1,1,1,0,10310,210,16
G3601030BR0082,1960,New York,36,Suffolk,103,5600,,BR,0082,,,TRACT BR-82 BROOKHAVEN TOWN,002,7,00,0,0,1,1,1,1,0,6871,130,10
G3601030BR0083,1960,New York,36,Suffolk,103,5600,,BR,0083,,,TRACT BR-83 BROOKHAVEN TOWN,002,7,00,0,0,1,1,1,1,0,7554,159,3
G3601030BR0084,1960,New York,36,Suffolk,103,5600,,BR,0084,,,TRACT BR-84 BROOKHAVEN TOWN,002,7,00,0,0,1,1,1,1,0,3842,62,3
G3601030BR0085,1960,New York,36,Suffolk,103,5600,,BR,0085,,,TRACT BR-85 BROOKHAVEN TOWN,002,5,00,0,0,1,1,1,1,0,9543,27,14
G3601030BR0086,1960,New York,36,Suffolk,103,5600,,BR,0086,,,TRACT BR-86 BROOKHAVEN TOWN,002,5,00,0,0,1,1,1,1,0,8801,1,1
G3601030BR0087,1960,New York,36,Suffolk,103,5600,,BR,0087,,,TRACT BR-87 BROOKHAVEN TOWN,002,7,00,0,0,1,1,0,1,0,4449,1446,65
G3601030BR0088,1960,New York,36,Suffolk,103,5600,,BR,0088,,1450,TRACT BR-88 BROOKHAVEN TOWN,002,7,00,0,0,1,1,1,1,0,7165,32,8
G3601030BR0091,1960,New York,36,Suffolk,103,5600,,BR,0091,,1450,TRACT BR-91 BROOKHAVEN TOWN,002,7,00,0,0,1,1,1,1,0,9266,113,15
G3601030BR0092,1960,New York,36,Suffolk,103,5600,,BR,0092,,,TRACT BR-92 BROOKHAVEN TOWN,002,7,00,0,0,1,1,1,1,0,6407,263,10
G3601030BR0094,1960,New York,36,Suffolk,103,5600,,BR,0094,,,TRACT BR-94 BROOKHAVEN TOWN,002,5,00,0,0,1,1,0,1,0,4784,713,9
G3601030BR0095,1960,New York,36,Suffolk,103,5600,,BR,0095,,,TRACT BR-95 BROOKHAVEN TOWN,002,5,00,0,0,1,1,1,1,0,5997,21,82
G3601030BR0096,1960,New York,36,Suffolk,103,5600,,BR,0096,,,TRACT BR-96 BROOKHAVEN TOWN,002,5,00,0,0,1,1,1,1,0,3808,152,2
G3601030BV0045,1960,New York,36,Suffolk,103,5600,,BV,0045,,1450,TRACT BV-45 BABYLON TOWN,001,4,08,0,0,1,1,1,1,0,4291,68,18
G3601030BV0046,1960,New York,36,Suffolk,103,5600,,BV,0046,,1450,TRACT BV-46 BABYLON TOWN,001,4,08,0,0,1,1,1,1,0,6629,42,14
G3601030BW0071,1960,New York,36,Suffolk,103,5600,,BW,0071,,1450,TRACT BW-71 ISLIP TOWN,005,4,06,0,0,1,1,1,1,0,3182,11,0
G3601030EH0109,1960,New York,36,Suffolk,103,5600,,EH,0109,,,TRACT EH-109 EAST HAMPTON TOWN,003,4,00,0,0,1,1,1,1,0,4142,142,25
G3601030EH0110,1960,New York,36,Suffolk,103,5600,,EH,0110,,,TRACT EH-110 EAST HAMPTON TOWN,003,9,00,0,1,1,1,1,1,2,4257,241,17
G3601030GR0101,1960,New York,36,Suffolk,103,5600,,GR,0101,,,TRACT GR-101 SOUTHOLD TOWN,010,4,00,0,0,1,1,1,1,0,2268,331,9
G3601030HU0001,1960,New York,36,Suffolk,103,5600,,HU,0001,,,TRACT HU-1  HUNTINGTON TOWN,004,5,00,0,0,1,1,1,1,0,6449,40,8
G3601030HU0002,1960,New York,36,Suffolk,103,5600,,HU,0002,,,TRACT HU-2  HUNTINGTON TOWN,004,5,00,0,0,1,1,1,1,0,5466,22,1
G3601030HU0003,1960,New York,36,Suffolk,103,5600,,HU,0003,,,TRACT HU-3  HUNTINGTON TOWN,004,5,00,0,0,1,1,1,1,0,5173,132,22
G3601030HU0004,1960,New York,36,Suffolk,103,5600,,HU,0004,,,TRACT HU-4  HUNTINGTON TOWN,004,5,00,0,0,1,1,1,1,0,4771,17,1
G3601030HU0005,1960,New York,36,Suffolk,103,5600,,HU,0005,,,TRACT HU-5  HUNTINGTON TOWN,004,5,00,0,0,1,1,1,1,0,4832,16,6
G3601030HU0007,1960,New York,36,Suffolk,103,5600,,HU,0007,,,TRACT HU-7  HUNTINGTON TOWN,004,7,00,0,0,1,1,1,1,0,2403,379,13
G3601030HU0008,1960,New York,36,Suffolk,103,5600,,HU,0008,,,TRACT HU-8  HUNTINGTON TOWN,004,7,00,0,0,1,1,1,1,0,3047,8,1
G3601030HU0009,1960,New York,36,Suffolk,103,5600,,HU,0009,,,TRACT HU-9  HUNTINGTON TOWN,004,5,00,0,0,0,0,1,1,0,4767,315,22
G3601030HU0010,1960,New York,36,Suffolk,103,5600,,HU,0010,,,TRACT HU-10 HUNTINGTON TOWN,004,5,00,0,0,1,1,1,1,0,4865,351,24
G3601030HU0011,1960,New York,36,Suffolk,103,5600,,HU,0011,,,TRACT HU-11 HUNTINGTON TOWN,004,5,00,0,0,1,1,0,1,0,5425,543,29
G3601030HU0012,1960,New York,36,Suffolk,103,5600,,HU,0012,,,TRACT HU-12 HUNTINGTON TOWN,004,5,00,0,0,1,1,1,1,0,6849,106,5
G3601030HU0013,1960,New York,36,Suffolk,103,5600,,HU,0013,,,TRACT HU-13 HUNTINGTON TOWN,004,5,00,0,0,1,1,1,1,0,3211,17,4
G3601030HU0014,1960,New York,36,Suffolk,103,5600,,HU,0014,,,TRACT HU-14 HUNTINGTON TOWN,004,5,00,0,0,1,1,1,1,0,4670,22,8
G3601030HU0015,1960,New York,36,Suffolk,103,5600,,HU,0015,,,TRACT HU-15 HUNTINGTON TOWN,004,5,00,0,0,1,1,0,1,0,7342,438,18
G3601030HU0016,1960,New York,36,Suffolk,103,5600,,HU,0016,,,TRACT HU-16 HUNTINGTON TOWN,004,5,00,0,0,1,1,1,1,0,5974,23,1
G3601030HU0017,1960,New York,36,Suffolk,103,5600,,HU,0017,,,TRACT HU-17 HUNTINGTON TOWN,004,5,00,0,0,1,1,1,1,0,8352,17,12
G3601030HU0018,1960,New York,36,Suffolk,103,5600,,HU,0018,,,TRACT HU-18 HUNTINGTON TOWN,004,5,00,0,0,1,1,1,1,0,5459,14,7
G3601030HU0019,1960,New York,36,Suffolk,103,5600,,HU,0019,,,TRACT HU-19 HUNTINGTON TOWN,004,7,00,0,0,1,1,1,1,0,4749,17,7
G3601030HU0020,1960,New York,36,Suffolk,103,5600,,HU,0020,,,TRACT HU-20 HUNTINGTON TOWN,004,5,00,0,0,1,1,1,1,0,8328,18,15
G3601030HU0021,1960,New York,36,Suffolk,103,5600,,HU,0021,,,TRACT HU-21 HUNTINGTON TOWN,004,7,00,0,0,1,1,1,1,0,6305,12,1
G3601030HU0022,1960,New York,36,Suffolk,103,5600,,HU,0022,,,TRACT HU-22 HUNTINGTON TOWN,004,7,00,0,0,1,1,1,1,0,8966,89,45
G3601030IS0055,1960,New York,36,Suffolk,103,5600,,IS,0055,,1450,TRACT IS-55 ISLIP TOWN,005,7,00,0,0,1,1,0,1,0,9917,2124,71
G3601030IS0056,1960,New York,36,Suffolk,103,5600,,IS,0056,,1450,TRACT IS-56 ISLIP TOWN,005,7,00,0,0,1,1,0,0,0,12083,411,37
G3601030IS0057,1960,New York,36,Suffolk,103,5600,,IS,0057,,1450,TRACT IS-57 ISLIP TOWN,005,7,00,0,0,1,1,1,1,0,7758,28,15
G3601030IS0058,1960,New York,36,Suffolk,103,5600,,IS,0058,,,TRACT IS-58 ISLIP TOWN,005,7,00,0,0,1,1,1,1,0,4173,9,9
G3601030IS0059,1960,New York,36,Suffolk,103,5600,,IS,0059,,1450,TRACT IS-59 ISLIP TOWN,005,7,00,0,0,1,1,0,1,0,10063,414,29
G3601030IS0060,1960,New York,36,Suffolk,103,5600,,IS,0060,,1450,TRACT IS-60 ISLIP TOWN,005,5,08,0,0,1,1,0,0,0,5864,494,12
G3601030IS0061,1960,New York,36,Suffolk,103,5600,,IS,0061,,1450,TRACT IS-61 ISLIP TOWN,005,5,08,0,0,1,1,1,1,0,6325,53,7
G3601030IS0062,1960,New York,36,Suffolk,103,5600,,IS,0062,,1450,TRACT IS-62 ISLIP TOWN,005,7,00,0,0,1,1,1,1,0,8511,274,21
G3601030IS0063,1960,New York,36,Suffolk,103,5600,,IS,0063,,1450,TRACT IS-63 ISLIP TOWN,005,7,00,0,0,1,1,0,0,0,8510,1825,126
G3601030IS0064,1960,New York,36,Suffolk,103,5600,,IS,0064,,1450,TRACT IS-64 ISLIP TOWN,005,7,00,0,0,1,1,1,1,0,6266,6,8
G3601030IS0065,1960,New York,36,Suffolk,103,5600,,IS,0065,,1450,TRACT IS-65 ISLIP TOWN,005,7,00,0,0,1,1,1,1,0,2523,0,9
G3601030IS0066,1960,New York,36,Suffolk,103,5600,,IS,0066,,,TRACT IS-66 ISLIP TOWN,005,7,00,0,0,1,1,1,1,0,5024,18,3
G3601030IS0067,1960,New York,36,Suffolk,103,5600,,IS,0067,,1450,TRACT IS-67 ISLIP TOWN,005,7,00,0,0,1,1,1,1,0,8265,29,19
G3601030IS0068,1960,New York,36,Suffolk,103,5600,,IS,0068,,1450,TRACT IS-68 ISLIP TOWN,005,7,00,0,0,1,1,1,1,0,5396,7,12
G3601030IS0069,1960,New York,36,Suffolk,103,5600,,IS,0069,,1450,TRACT IS-69 ISLIP TOWN,005,7,00,0,0,1,1,1,1,0,8492,9,8
G3601030IS0070,1960,New York,36,Suffolk,103,5600,,IS,0070,,1450,TRACT IS-70 ISLIP TOWN,005,7,00,0,0,1,1,1,1,0,6715,11,2
G3601030IS0072,1960,New York,36,Suffolk,103,5600,,IS,0072,,1450,TRACT IS-72 ISLIP TOWN,005,7,00,0,0,1,1,1,1,0,5007,75,8
G3601030IS0073,1960,New York,36,Suffolk,103,5600,,IS,0073,,1450,TRACT IS-73 ISLIP TOWN,005,7,00,0,0,1,1,0,1,0,4099,582,31
G3601030IS0074,1960,New York,36,Suffolk,103,5600,,IS,0074,,1450,TRACT IS-74 ISLIP TOWN,005,7,00,0,0,1,1,1,1,0,6341,21,0
G3601030IS0075,1960,New York,36,Suffolk,103,5600,,IS,0075,,1450,TRACT IS-75 ISLIP TOWN,005,7,00,0,0,1,1,1,1,0,11465,28,7
G3601030IS0076,1960,New York,36,Suffolk,103,5600,,IS,0076,,1450,TRACT IS-76 ISLIP TOWN,005,7,00,0,0,1,1,1,1,0,2768,6,0
G3601030IS0077,1960,New York,36,Suffolk,103,5600,,IS,0077,,1450,TRACT IS-77 ISLIP TOWN,005,7,00,0,0,1,1,1,1,0,5845,4,0
G3601030IS0078,1960,New York,36,Suffolk,103,5600,,IS,0078,,1450,TRACT IS-78 ISLIP TOWN,005,7,00,0,0,1,1,1,1,0,6433,31,21
G3601030IS0079,1960,New York,36,Suffolk,103,5600,,IS,0079,,1450,TRACT IS-79 ISLIP TOWN,005,7,00,0,0,1,1,1,1,0,5002,6,1
G3601030LI0039,1960,New York,36,Suffolk,103,5600,,LI,0039,,1450,TRACT LI-39 BABYLON TOWN,001,4,09,0,0,0,0,1,1,0,4676,12,4
G3601030LI0040,1960,New York,36,Suffolk,103,5600,,LI,0040,,1450,TRACT LI-40 BABYLON TOWN,001,4,09,0,0,0,0,1,1,0,5891,7,11
G3601030LI0041,1960,New York,36,Suffolk,103,5600,,LI,0041,,1450,TRACT LI-41 BABYLON TOWN,001,4,09,0,0,0,0,1,1,0,5902,4,3
G3601030LI0042,1960,New York,36,Suffolk,103,5600,,LI,0042,,1450,TRACT LI-42 BABYLON TOWN,001,4,09,0,0,0,0,1,1,0,4387,0,8
G3601030NO0006,1960,New York,36,Suffolk,103,5600,,NO,0006,,,TRACT NO-6  HUNTINGTON TOWN,004,4,00,0,0,1,1,1,1,0,5943,16,13
G3601030PA0089,1960,New York,36,Suffolk,103,5600,,PA,0089,,1450,TRACT PA-89 BROOKHAVEN TOWN,002,4,07,0,0,0,0,1,1,0,5533,213,4
G3601030PA0090,1960,New York,36,Suffolk,103,5600,,PA,0090,,1450,TRACT PA-90 BROOKHAVEN TOWN,002,4,07,0,0,0,0,1,1,0,3067,9,12
G3601030RH0097,1960,New York,36,Suffolk,103,5600,,RH,0097,,,TRACT RH-97 RIVERHEAD TOWN,006,7,00,0,0,1,1,0,1,0,3155,476,3
G3601030RH0098,1960,New York,36,Suffolk,103,5600,,RH,0098,,,TRACT RH-98 RIVERHEAD TOWN,006,5,00,0,0,1,1,0,1,0,5145,669,16
G3601030RH0099,1960,New York,36,Suffolk,103,5600,,RH,0099,,,TRACT RH-99 RIVERHEAD TOWN,006,7,00,0,0,1,1,0,1,0,3586,1468,1
G3601030SH0104,1960,New York,36,Suffolk,103,5600,,SH,0104,,,TRACT SH-104 SOUTHAMPTON TOWN,009,5,00,0,0,1,1,0,1,0,4943,764,44
G3601030SH0105,1960,New York,36,Suffolk,103,5600,,SH,0105,,,TRACT SH-105 SOUTHAMPTON TOWN,009,7,00,0,0,1,1,1,1,0,4076,354,6
G3601030SH0106,1960,New York,36,Suffolk,103,5600,,SH,0106,,,TRACT SH-106 SOUTHAMPTON TOWN,009,7,00,0,0,1,1,1,1,0,3835,185,7
G3601030SH0107,1960,New York,36,Suffolk,103,5600,,SH,0107,,,TRACT SH-107 SOUTHAMPTON TOWN,009,4,00,0,0,1,1,0,1,0,7027,1083,189
G3601030SI0103,1960,New York,36,Suffolk,103,5600,,SI,0103,,,TRACT SI-103 SHELTER ISLAND TOWN,007,7,00,0,0,1,1,1,1,0,1297,13,2
G3601030SM0047,1960,New York,36,Suffolk,103,5600,,SM,0047,,,TRACT SM-47 SMITHTOWN TOWN,008,7,00,0,0,1,1,1,1,0,6736,14,19
G3601030SM0048,1960,New York,36,Suffolk,103,5600,,SM,0048,,,TRACT SM-48 SMITHTOWN TOWN,008,5,00,0,0,1,1,0,1,0,7227,1587,22
G3601030SM0049,1960,New York,36,Suffolk,103,5600,,SM,0049,,,TRACT SM-49 SMITHTOWN TOWN,008,5,00,0,0,1,1,1,1,0,7652,93,9
G3601030SM0050,1960,New York,36,Suffolk,103,5600,,SM,0050,,,TRACT SM-50 SMITHTOWN TOWN,008,5,00,0,0,1,1,1,1,0,6619,38,7
G3601030SM0051,1960,New York,36,Suffolk,103,5600,,SM,0051,,,TRACT SM-51 SMITHTOWN TOWN,008,7,00,0,0,1,1,1,1,0,5991,12,4
G3601030SM0052,1960,New York,36,Suffolk,103,5600,,SM,0052,,,TRACT SM-52 SMITHTOWN TOWN,008,7,00,0,0,1,1,1,1,0,6395,16,4
G3601030SM0053,1960,New York,36,Suffolk,103,5600,,SM,0053,,,TRACT SM-53 SMITHTOWN TOWN,008,7,00,0,0,1,1,1,1,0,4828,2,2
G3601030SM0054,1960,New York,36,Suffolk,103,5600,,SM,0054,,,TRACT SM-54 SMITHTOWN TOWN,008,5,00,0,0,1,1,1,1,0,3065,1,4
G3601030SO0100,1960,New York,36,Suffolk,103,5600,,SO,0100,,,TRACT SO-100 SOUTHOLD TOWN,010,7,00,0,0,1,1,1,1,0,4597,393,6
G3601030SO0102,1960,New York,36,Suffolk,103,5600,,SO,0102,,,TRACT SO-102 SOUTHOLD TOWN,010,7,00,0,1,1,1,1,1,2,5431,245,3
G3601030SV0108,1960,New York,36,Suffolk,103,5600,,SV,0108,,,TRACT SV-108 SOUTHAMPTON TOWN,009,4,00,0,0,0,0,0,1,0,3803,752,27
G3601190ARD0106,1960,New York,36,Westchester,119,5560,,ARD,0106,,1450,TRACT ARD-106  GREENBURGH TOWN,004,4,06,0,0,1,1,1,1,0,3970,20,1
G3601190BED0126,1960,New York,36,Westchester,119,5560,,BED,0126,,,TRACT BED-126 BEDFORD TOWN,001,7,00,0,0,1,1,1,1,0,3650,363,8
G3601190BED0127,1960,New York,36,Westchester,119,5560,,BED,0127,,,TRACT BED-127 BEDFORD TOWN,001,7,00,0,0,1,1,1,1,0,2944,34,6
G3601190BED0128,1960,New York,36,Westchester,119,5560,,BED,0128,,1450,TRACT BED-128 BEDFORD TOWN,001,7,00,0,0,1,1,0,1,0,4217,851,3
G3601190BMR0132,1960,New York,36,Westchester,119,5560,,BMR,0132,,1450,TRACT BMR-132 MOUNT PLEASANT TOWN,014,4,07,0,0,1,1,1,1,0,5040,51,14
G3601190BUC0140,1960,New York,36,Westchester,119,5560,,BUC,0140,,1450,TRACT BUC-140 CORTLANDT TOWN,002,4,05,0,0,1,1,1,1,0,2014,1,4
G3601190BXV0046,1960,New York,36,Westchester,119,5560,,BXV,0046,,1450,TRACT BXV-46 EASTCHESTER TOWN,003,4,07,0,0,1,1,1,1,0,3320,15,8
G3601190BXV0047,1960,New York,36,Westchester,119,5560,,BXV,0047,,1450,TRACT BXV-47 EASTCHESTER TOWN,003,4,07,0,0,1,1,1,1,0,3288,105,8
G3601190CRO0138,1960,New York,36,Westchester,119,5560,,CRO,0138,,1450,TRACT CRO-138 CORTLANDT TOWN,002,4,07,0,0,1,1,1,1,0,3242,14,4
G3601190CRO0139,1960,New York,36,Westchester,119,5560,,CRO,0139,,1450,TRACT CRO-139 CORTLANDT TOWN,002,4,07,0,0,1,1,1,1,0,3422,126,4
G3601190CTD0146A,1960,New York,36,Westchester,119,5560,,CTD,0146,A,1450,TRACT CTD-146-A CORTLANDT TOWN,002,7,00,0,0,1,1,1,1,0,5590,342,13
G3601190CTD0146B,1960,New York,36,Westchester,119,5560,,CTD,0146,B,,TRACT CTD-146-B CORTLANDT TOWN,002,7,00,0,0,1,1,1,1,0,4091,71,7
G3601190CTD0147A,1960,New York,36,Westchester,119,5560,,CTD,0147,A,1450,TRACT CTD-147-A CORTLANDT TOWN,002,7,00,0,0,1,1,1,1,0,2773,32,2
G3601190CTD0147B,1960,New York,36,Westchester,119,5560,,CTD,0147,B,,TRACT CTD-147-B CORTLANDT TOWN,002,7,00,0,0,1,1,1,1,0,4569,10,5
G3601190DBF0104,1960,New York,36,Westchester,119,5560,,DBF,0104,,1450,TRACT DBF-104  GREENBURGH TOWN,004,4,07,0,0,1,1,1,1,0,3519,49,12
G3601190DBF0105,1960,New York,36,Westchester,119,5560,,DBF,0105,,1450,TRACT DBF-105  GREENBURGH TOWN,004,4,07,0,0,1,1,1,1,0,5481,169,30
G3601190ECH0049,1960,New York,36,Westchester,119,5560,,ECH,0049,,1450,TRACT ECH-49 EASTCHESTER TOWN,003,7,00,0,0,1,1,1,1,0,2646,9,1
G3601190ECH0050,1960,New York,36,Westchester,119,5560,,ECH,0050,,1450,TRACT ECH-50 EASTCHESTER TOWN,003,7,00,0,0,1,1,1,1,0,7261,36,10
G3601190ECH0051,1960,New York,36,Westchester,119,5560,,ECH,0051,,1450,TRACT ECH-51 EASTCHESTER TOWN,003,7,00,0,0,1,1,1,1,0,5925,6,4
G3601190ECH0052,1960,New York,36,Westchester,119,5560,,ECH,0052,,1450,TRACT ECH-52 EASTCHESTER TOWN,003,7,00,0,0,1,1,1,1,0,4494,49,5
G3601190ELM0112,1960,New York,36,Westchester,119,5560,,ELM,0112,,1450,TRACT ELM-112  GREENBURGH TOWN,004,4,06,0,0,1,1,0,1,0,3357,428,10
G3601190GRB0107,1960,New York,36,Westchester,119,5560,,GRB,0107,,1450,TRACT GRB-107  GREENBURGH TOWN,004,7,00,0,0,1,1,1,1,0,5659,115,22
G3601190GRB0108A,1960,New York,36,Westchester,119,5560,,GRB,0108,A,1450,TRACT GRB-108-A GREENBURGH TOWN,004,7,00,0,0,1,1,1,1,0,4055,49,6
G3601190GRB0108B,1960,New York,36,Westchester,119,5560,,GRB,0108,B,1450,TRACT GRB-108-B GREENBURGH TOWN,004,7,00,0,0,1,1,1,1,0,5753,94,27
G3601190GRB0109A,1960,New York,36,Westchester,119,5560,,GRB,0109,A,1450,TRACT GRB-109-A GREENBURGH TOWN,004,7,00,0,0,1,1,1,1,0,1454,26,3
G3601190GRB0109B,1960,New York,36,Westchester,119,5560,,GRB,0109,B,1450,TRACT GRB-109-B GREENBURGH TOWN,004,7,00,0,0,1,1,0,1,0,3356,1059,14
G3601190GRB0109C,1960,New York,36,Westchester,119,5560,,GRB,0109,C,1450,TRACT GRB-109-C GREENBURGH TOWN,004,7,00,0,0,1,1,0,1,0,1435,2857,1
G3601190GRB0110,1960,New York,36,Westchester,119,5560,,GRB,0110,,1450,TRACT GRB-110  GREENBURGH TOWN,004,7,00,0,0,1,1,0,1,0,1115,529,7
G3601190GRB0111,1960,New York,36,Westchester,119,5560,,GRB,0111,,1450,TRACT GRB-111  GREENBURGH TOWN,004,7,00,0,0,1,1,1,1,0,5877,36,36
G3601190HAR0084A,1960,New York,36,Westchester,119,5560,,HAR,0084,A,1450,TRACT HAR-84-A HARRISON TOWN,005,7,00,0,0,1,1,1,1,0,1615,66,10
G3601190HAR0084B,1960,New York,36,Westchester,119,5560,,HAR,0084,B,1450,TRACT HAR-84-B HARRISON TOWN,005,7,00,0,0,1,1,1,1,0,7120,33,13
G3601190HAR0085,1960,New York,36,Westchester,119,5560,,HAR,0085,,1450,TRACT HAR-85 HARRISON TOWN,005,7,00,0,0,1,1,1,1,0,3283,316,17
G3601190HAR0086,1960,New York,36,Westchester,119,5560,,HAR,0086,,,TRACT HAR-86 HARRISON TOWN,005,7,00,0,0,1,1,1,1,0,2121,22,17
G3601190HAR0087,1960,New York,36,Westchester,119,5560,,HAR,0087,,1450,TRACT HAR-87 HARRISON TOWN,005,7,00,0,0,1,1,1,1,0,4505,62,1
G3601190HAS0102,1960,New York,36,Westchester,119,5560,,HAS,0102,,1450,TRACT HAS-102  GREENBURGH TOWN,004,4,07,0,0,1,1,1,1,0,5040,19,22
G3601190HAS0103,1960,New York,36,Westchester,119,5560,,HAS,0103,,1450,TRACT HAS-103  GREENBURGH TOWN,004,4,07,0,0,1,1,1,1,0,3817,72,9
G3601190IRV0113,1960,New York,36,Westchester,119,5560,,IRV,0113,,1450,TRACT IRV-113 GREENBURGH TOWN,004,4,07,0,0,1,1,1,1,0,5399,85,10
G3601190LAR0071,1960,New York,36,Westchester,119,5560,,LAR,0071,,1450,TRACT LAR-71 MAMARONECK TOWN,007,4,07,0,0,1,1,1,1,0,6611,129,49
G3601190LEW0125,1960,New York,36,Westchester,119,5560,,LEW,0125,,,TRACT LEW-125 LEWISBORO TOWN,006,7,00,0,0,1,1,1,1,0,4003,161,1
G3601190MMT0069,1960,New York,36,Westchester,119,5560,,MMT,0069,,1450,TRACT MMT-69 MAMARONECK TOWN,007,7,00,0,0,1,1,1,1,0,5116,76,9
G3601190MMT0070,1960,New York,36,Westchester,119,5560,,MMT,0070,,1450,TRACT MMT-70 MAMARONECK TOWN,007,7,00,0,0,1,1,1,1,0,6406,138,18
G3601190MMV0072,1960,New York,36,Westchester,119,5560,,MMV,0072,,1450,TRACT MMV-72 MAMARONECK TOWN,007,4,08,0,0,1,1,1,1,0,5774,167,31
G3601190MMV0073,1960,New York,36,Westchester,119,5560,,MMV,0073,,1450,TRACT MMV-73 MAMARONECK TOWN,007,4,08,0,0,1,1,0,1,0,3772,797,14
G3601190MMV0074,1960,New York,36,Westchester,119,5560,,MMV,0074,,1450,TRACT MMV-74 RYE TOWN,019,4,08,0,0,1,1,1,1,0,6809,294,15
G3601190MTK0129,1960,New York,36,Westchester,119,5560,,MTK,0129,,1450,TRACT MTK-129 BEDFORD TOWN,010,4,07,0,0,1,1,1,1,0,2383,242,4
G3601190MTK0130,1960,New York,36,Westchester,119,5560,,MTK,0130,,1450,TRACT MTK-130 BEDFORD TOWN,010,4,07,0,0,1,1,1,1,0,4042,131,3
G3601190MTP0118,1960,New York,36,Westchester,119,5560,,MTP,0118,,1450,TRACT MTP-118 MOUNT PLEASANT TOWN,008,7,00,0,0,1,1,1,1,0,2181,18,12
G3601190MTP0119,1960,New York,36,Westchester,119,5560,,MTP,0119,,,TRACT MTP-119 MOUNT PLEASANT TOWN,008,7,00,0,0,1,1,0,1,0,5674,415,21
G3601190MTP0120,1960,New York,36,Westchester,119,5560,,MTP,0120,,1450,TRACT MTP-120 MOUNT PLEASANT TOWN,008,7,00,0,0,1,1,1,1,0,4636,16,2
G3601190MTP0121,1960,New York,36,Westchester,119,5560,,MTP,0121,,1450,TRACT MTP-121 MOUNT PLEASANT TOWN,008,7,00,0,0,1,1,1,1,0,6678,62,10
G3601190MTV0025,1960,New York,36,Westchester,119,5560,,MTV,0025,,1450,TRACT MTV-25 MOUNT VERNON CITY,009,4,11,0,0,0,0,1,1,0,519,184,0
G3601190MTV0026,1960,New York,36,Westchester,119,5560,,MTV,0026,,1450,TRACT MTV-26 MOUNT VERNON CITY,009,4,11,0,0,0,0,0,1,0,2502,1127,7
G3601190MTV0027,1960,New York,36,Westchester,119,5560,,MTV,0027,,1450,TRACT MTV-27 MOUNT VERNON CITY,009,4,11,0,0,0,0,0,1,0,2113,1852,2
G3601190MTV0028,1960,New York,36,Westchester,119,5560,,MTV,0028,,1450,TRACT MTV-28 MOUNT VERNON CITY,009,4,11,0,0,0,0,0,1,0,879,1966,6
G3601190MTV0029,1960,New York,36,Westchester,119,5560,,MTV,0029,,1450,TRACT MTV-29 MOUNT VERNON CITY,009,4,11,0,0,0,0,0,1,0,1630,4614,15
G3601190MTV0030,1960,New York,36,Westchester,119,5560,,MTV,0030,,1450,TRACT MTV-30 MOUNT VERNON CITY,009,4,11,0,0,0,0,0,1,0,2977,483,2
G3601190MTV0031,1960,New York,36,Westchester,119,5560,,MTV,0031,,1450,TRACT MTV-31 MOUNT VERNON CITY,009,4,11,0,0,0,0,1,1,0,2606,406,11
G3601190MTV0032,1960,New York,36,Westchester,119,5560,,MTV,0032,,1450,TRACT MTV-32 MOUNT VERNON CITY,009,4,11,0,0,0,0,0,1,0,1450,1626,18
G3601190MTV0033,1960,New York,36,Westchester,119,5560,,MTV,0033,,1450,TRACT MTV-33 MOUNT VERNON CITY,009,4,11,0,0,0,0,0,1,0,2602,1190,26
G3601190MTV0034,1960,New York,36,Westchester,119,5560,,MTV,0034,,1450,TRACT MTV-34 MOUNT VERNON CITY,009,4,11,0,0,0,0,0,1,0,4070,596,11
G3601190MTV0035,1960,New York,36,Westchester,119,5560,,MTV,0035,,1450,TRACT MTV-35 MOUNT VERNON CITY,009,4,11,0,0,0,0,1,1,0,2418,287,3
G3601190MTV0036,1960,New York,36,Westchester,119,5560,,MTV,0036,,1450,TRACT MTV-36 MOUNT VERNON CITY,009,4,11,0,0,0,0,1,1,0,4426,199,15
G3601190MTV0037,1960,New York,36,Westchester,119,5560,,MTV,0037,,1450,TRACT MTV-37 MOUNT VERNON CITY,009,4,11,0,0,0,0,1,1,0,3660,22,2
G3601190MTV0038,1960,New York,36,Westchester,119,5560,,MTV,0038,,1450,TRACT MTV-38 MOUNT VERNON CITY,009,4,11,0,0,0,0,1,1,0,3997,65,7
G3601190MTV0039,1960,New York,36,Westchester,119,5560,,MTV,0039,,1450,TRACT MTV-39 MOUNT VERNON CITY,009,4,11,0,0,0,0,1,1,0,3599,45,7
G3601190MTV0040,1960,New York,36,Westchester,119,5560,,MTV,0040,,1450,TRACT MTV-40 MOUNT VERNON CITY,009,4,11,0,0,0,0,1,1,0,4547,99,11
G3601190MTV0041,1960,New York,36,Westchester,119,5560,,MTV,0041,,1450,TRACT MTV-41 MOUNT VERNON CITY,009,4,11,0,0,0,0,1,1,0,3925,32,42
G3601190MTV0042,1960,New York,36,Westchester,119,5560,,MTV,0042,,1450,TRACT MTV-42 MOUNT VERNON CITY,009,4,11,0,0,0,0,1,1,0,5737,43,5
G3601190MTV0043,1960,New York,36,Westchester,119,5560,,MTV,0043,,1450,TRACT MTV-43 MOUNT VERNON CITY,009,4,11,0,0,0,0,1,1,0,1773,10,0
G3601190MTV0044,1960,New York,36,Westchester,119,5560,,MTV,0044,,1450,TRACT MTV-44 MOUNT VERNON CITY,009,4,11,0,0,0,0,1,1,0,3788,64,2
G3601190MTV0045,1960,New York,36,Westchester,119,5560,,MTV,0045,,1450,TRACT MTV-45 MOUNT VERNON CITY,009,4,11,0,0,0,0,1,1,0,1681,8,1
G3601190NOC0123,1960,New York,36,Westchester,119,5560,,NOC,0123,,,TRACT NOC-123 NORTH CASTLE TOWN,012,7,00,0,0,1,1,1,1,0,6665,124,8
G3601190NPM0053,1960,New York,36,Westchester,119,5560,,NPM,0053,,1450,TRACT NPM-53 PELHAM TOWN,016,4,07,0,0,1,1,1,1,0,5041,283,2
G3601190NRO0056,1960,New York,36,Westchester,119,5560,,NRO,0056,,1450,TRACT NRO-56  NEW ROCHELLE CITY,011,4,11,0,0,1,0,1,1,0,606,32,28
G3601190NRO0057A,1960,New York,36,Westchester,119,5560,,NRO,0057,A,1450,TRACT NRO-57-A NEW ROCHELLE CITY,011,4,11,0,0,0,0,1,1,0,5028,37,33
G3601190NRO0057B,1960,New York,36,Westchester,119,5560,,NRO,0057,B,1450,TRACT NRO-57-B NEW ROCHELLE CITY,011,4,11,0,0,0,0,1,1,0,3671,8,8
G3601190NRO0058,1960,New York,36,Westchester,119,5560,,NRO,0058,,1450,TRACT NRO-58  NEW ROCHELLE CITY,011,4,11,0,0,0,0,1,1,0,3376,140,2
G3601190NRO0059A,1960,New York,36,Westchester,119,5560,,NRO,0059,A,1450,TRACT NRO-59-A NEW ROCHELLE CITY,011,4,11,0,0,0,0,1,1,0,4361,77,36
G3601190NRO0059B,1960,New York,36,Westchester,119,5560,,NRO,0059,B,1450,TRACT NRO-59-B NEW ROCHELLE CITY,011,4,11,0,0,0,0,1,1,0,5640,40,72
G3601190NRO0060,1960,New York,36,Westchester,119,5560,,NRO,0060,,1450,TRACT NRO-60  NEW ROCHELLE CITY,011,4,11,0,0,0,0,0,1,0,3668,853,13
G3601190NRO0061,1960,New York,36,Westchester,119,5560,,NRO,0061,,1450,TRACT NRO-61  NEW ROCHELLE CITY,011,4,11,0,0,0,0,0,1,0,2694,498,19
G3601190NRO0062,1960,New York,36,Westchester,119,5560,,NRO,0062,,1450,TRACT NRO-62  NEW ROCHELLE CITY,011,4,11,0,0,0,0,0,1,0,4660,605,13
G3601190NRO0063,1960,New York,36,Westchester,119,5560,,NRO,0063,,1450,TRACT NRO-63  NEW ROCHELLE CITY,011,4,11,0,0,0,0,0,1,0,3541,1936,11
G3601190NRO0064,1960,New York,36,Westchester,119,5560,,NRO,0064,,1450,TRACT NRO-64  NEW ROCHELLE CITY,011,4,11,0,0,0,0,0,1,0,2408,3816,28
G3601190NRO0065,1960,New York,36,Westchester,119,5560,,NRO,0065,,1450,TRACT NRO-65  NEW ROCHELLE CITY,011,4,11,0,0,0,0,0,1,0,4756,1402,16
G3601190NRO0066,1960,New York,36,Westchester,119,5560,,NRO,0066,,1450,TRACT NRO-66  NEW ROCHELLE CITY,011,4,11,0,0,0,0,1,1,0,5953,55,24
G3601190NRO0067,1960,New York,36,Westchester,119,5560,,NRO,0067,,1450,TRACT NRO-67  NEW ROCHELLE CITY,011,4,11,0,0,0,0,1,1,0,5132,260,56
G3601190NRO0068A,1960,New York,36,Westchester,119,5560,,NRO,0068,A,1450,TRACT NRO-68-A NEW ROCHELLE CITY,011,4,11,0,0,0,0,1,1,0,5257,149,11
G3601190NRO0068B,1960,New York,36,Westchester,119,5560,,NRO,0068,B,1450,TRACT NRO-68-B NEW ROCHELLE CITY,011,4,11,0,0,0,0,1,1,0,5582,195,6
G3601190NSM0150,1960,New York,36,Westchester,119,5560,,NSM,0150,,,TRACT NSM-150 NORTH SALEM TOWN,013,7,00,0,0,1,1,1,1,0,2320,21,4
G3601190NTN0116,1960,New York,36,Westchester,119,5560,,NTN,0116,,1450,TRACT NTN-116 MOUNT PLEASANT TOWN,008,4,07,0,0,1,1,0,1,0,5289,624,14
G3601190NTN0117,1960,New York,36,Westchester,119,5560,,NTN,0117,,1450,TRACT NTN-117 MOUNT PLEASANT TOWN,008,4,07,0,0,1,1,1,1,0,2871,14,6
G3601190NWC0131A,1960,New York,36,Westchester,119,5560,,NWC,0131,A,,TRACT NWC-131-A NEW CASTLE TOWN,010,7,00,0,0,1,1,1,1,0,6061,56,13
G3601190NWC0131B,1960,New York,36,Westchester,119,5560,,NWC,0131,B,1450,TRACT NWC-131-B NEW CASTLE TOWN,010,7,00,0,0,1,1,1,1,0,4003,19,11
G3601190OST0137,1960,New York,36,Westchester,119,5560,,OST,0137,,1450,TRACT OST-137 OSSINING TOWN,014,7,00,0,0,1,1,1,1,0,2937,13,17
G3601190OSV0133A,1960,New York,36,Westchester,119,5560,,OSV,0133,A,1450,TRACT OSV-133-A OSSINING TOWN,014,4,08,0,0,1,1,0,1,0,2219,1010,10
G3601190OSV0133B,1960,New York,36,Westchester,119,5560,,OSV,0133,B,1450,TRACT OSV-133-B OSSINING TOWN,014,4,08,0,0,1,1,0,1,0,3601,1437,10
G3601190OSV0134,1960,New York,36,Westchester,119,5560,,OSV,0134,,1450,TRACT OSV-134 OSSINING TOWN,014,4,08,0,0,1,1,1,1,0,4355,8,3
G3601190OSV0135,1960,New York,36,Westchester,119,5560,,OSV,0135,,1450,TRACT OSV-135 OSSINING TOWN,014,4,08,0,0,1,1,1,1,0,3751,29,4
G3601190OSV0136,1960,New York,36,Westchester,119,5560,,OSV,0136,,1450,TRACT OSV-136 OSSINING TOWN,014,4,08,0,0,1,1,1,1,0,2196,28,1
G3601190PCH0078,1960,New York,36,Westchester,119,5560,,PCH,0078,,1450,TRACT PCH-78 RYE TOWN,019,4,09,0,0,1,1,0,1,0,3782,518,4
G3601190PCH0079,1960,New York,36,Westchester,119,5560,,PCH,0079,,1450,TRACT PCH-79 RYE TOWN,019,4,09,0,0,1,1,0,1,0,5169,645,15
G3601190PCH0080,1960,New York,36,Westchester,119,5560,,PCH,0080,,1450,TRACT PCH-80 RYE TOWN,019,4,09,0,0,1,1,0,1,0,3694,691,19
G3601190PCH0081,1960,New York,36,Westchester,119,5560,,PCH,0081,,1450,TRACT PCH-81 RYE TOWN,019,4,09,0,0,1,1,1,1,0,3632,31,12
G3601190PCH0082,1960,New York,36,Westchester,119,5560,,PCH,0082,,1450,TRACT PCH-82 RYE TOWN,019,4,09,0,0,1,1,1,1,0,6728,18,2
G3601190PDG0124,1960,New York,36,Westchester,119,5560,,PDG,0124,,,TRACT PDG-124 POUND RIDGE TOWN,017,7,00,0,0,1,1,1,1,0,2548,16,9
G3601190PEL0054,1960,New York,36,Westchester,119,5560,,PEL,0054,,1450,TRACT PEL-54 PELHAM TOWN,016,4,04,0,0,1,1,1,1,0,1927,31,6
G3601190PKS0141,1960,New York,36,Westchester,119,5560,,PKS,0141,,1450,TRACT PKS-141 PEEKSKILL CITY,015,4,08,0,0,1,1,1,1,0,5667,403,7
G3601190PKS0142,1960,New York,36,Westchester,119,5560,,PKS,0142,,1450,TRACT PKS-142 PEEKSKILL CITY,015,4,08,0,0,1,1,1,1,0,3448,303,2
G3601190PKS0143,1960,New York,36,Westchester,119,5560,,PKS,0143,,1450,TRACT PKS-143 PEEKSKILL CITY,015,4,08,0,0,1,1,0,1,0,2831,1056,7
G3601190PKS0144,1960,New York,36,Westchester,119,5560,,PKS,0144,,1450,TRACT PKS-144 PEEKSKILL CITY,015,4,08,0,0,1,1,1,1,0,1946,130,4
G3601190PKS0145,1960,New York,36,Westchester,119,5560,,PKS,0145,,1450,TRACT PKS-145 PEEKSKILL CITY,015,4,08,0,0,1,1,1,1,0,2684,245,4
G3601190PLV0122,1960,New York,36,Westchester,119,5560,,PLV,0122,,1450,TRACT PLV-122 MOUNT PLEASANT TOWN,008,4,07,0,0,1,1,1,1,0,5855,11,11
G3601190PMR0055,1960,New York,36,Westchester,119,5560,,PMR,0055,,1450,TRACT PMR-55 PELHAM TOWN,016,4,07,0,0,1,1,1,1,0,6032,79,3
G3601190RYC0075,1960,New York,36,Westchester,119,5560,,RYC,0075,,1450,TRACT RYC-75 RYE CITY,018,4,08,0,0,0,0,1,1,0,3417,105,10
G3601190RYC0076,1960,New York,36,Westchester,119,5560,,RYC,0076,,1450,TRACT RYC-76 RYE CITY,018,4,08,0,0,0,0,1,1,0,5479,218,5
G3601190RYC0077,1960,New York,36,Westchester,119,5560,,RYC,0077,,1450,TRACT RYC-77 RYE CITY,018,4,08,0,0,0,0,1,1,0,4862,124,5
G3601190RYT0083,1960,New York,36,Westchester,119,5560,,RYT,0083,,,TRACT RYT-83 RYE TOWN,019,7,00,0,0,1,1,1,1,0,5923,117,29
G3601190SCD0098,1960,New York,36,Westchester,119,5560,,SCD,0098,,1450,TRACT SCD-98  SCARSDALE TOWN,020,4,08,0,0,1,1,1,1,0,4207,277,12
G3601190SCD0099,1960,New York,36,Westchester,119,5560,,SCD,0099,,1450,TRACT SCD-99  SCARSDALE TOWN,020,4,08,0,0,1,1,1,1,0,2852,216,6
G3601190SCD0100,1960,New York,36,Westchester,119,5560,,SCD,0100,,1450,TRACT SCD-100 SCARSDALE TOWN,020,4,08,0,0,1,1,1,1,0,5086,301,25
G3601190SCD0101,1960,New York,36,Westchester,119,5560,,SCD,0101,,1450,TRACT SCD-101 SCARSDALE TOWN,020,4,08,0,0,1,1,1,1,0,4940,39,7
G3601190SOM0149,1960,New York,36,Westchester,119,5560,,SOM,0149,,,TRACT SOM-149 SOMERS TOWN,021,7,00,0,0,1,1,1,1,0,5407,56,5
G3601190TTN0114,1960,New York,36,Westchester,119,5560,,TTN,0114,,1450,TRACT TTN-114  GREENBURGH TOWN,004,4,08,0,0,1,1,1,1,0,5653,26,32
G3601190TTN0115,1960,New York,36,Westchester,119,5560,,TTN,0115,,1450,TRACT TTN-115  GREENBURGH TOWN,004,4,08,0,0,1,1,0,1,0,4751,642,5
G3601190TUC0048,1960,New York,36,Westchester,119,5560,,TUC,0048,,1450,TRACT TUC-48 EASTCHESTER TOWN,003,4,07,0,0,1,1,0,1,0,5448,964,11
G3601190WHP0088,1960,New York,36,Westchester,119,5560,,WHP,0088,,1450,TRACT WHP-88  WHITE PLAINS CITY,022,4,11,0,0,0,0,0,1,0,3499,611,8
G3601190WHP0089,1960,New York,36,Westchester,119,5560,,WHP,0089,,1450,TRACT WHP-89  WHITE PLAINS CITY,022,4,11,0,0,0,0,1,1,0,6427,235,24
G3601190WHP0090,1960,New York,36,Westchester,119,5560,,WHP,0090,,1450,TRACT WHP-90  WHITE PLAINS CITY,022,4,11,0,0,0,0,0,1,0,2421,1068,5
G3601190WHP0091,1960,New York,36,Westchester,119,5560,,WHP,0091,,1450,TRACT WHP-91  WHITE PLAINS CITY,022,4,11,0,0,0,0,0,1,0,4345,439,11
G3601190WHP0092,1960,New York,36,Westchester,119,5560,,WHP,0092,,1450,TRACT WHP-92  WHITE PLAINS CITY,022,4,11,0,0,0,0,0,1,0,5101,808,5
G3601190WHP0093,1960,New York,36,Westchester,119,5560,,WHP,0093,,1450,TRACT WHP-93  WHITE PLAINS CITY,022,4,11,0,0,0,0,0,1,0,2185,2338,19
G3601190WHP0094,1960,New York,36,Westchester,119,5560,,WHP,0094,,1450,TRACT WHP-94  WHITE PLAINS CITY,022,4,11,0,0,0,0,1,1,0,2091,15,6
G3601190WHP0095,1960,New York,36,Westchester,119,5560,,WHP,0095,,1450,TRACT WHP-95  WHITE PLAINS CITY,022,4,11,0,0,0,0,1,1,0,3844,20,12
G3601190WHP0096,1960,New York,36,Westchester,119,5560,,WHP,0096,,1450,TRACT WHP-96  WHITE PLAINS CITY,022,4,11,0,0,0,0,1,1,0,4848,65,11
G3601190WHP0097A,1960,New York,36,Westchester,119,5560,,WHP,0097,A,1450,TRACT WHP-97-A WHITE PLAINS CITY,022,4,11,0,0,0,0,1,1,0,2997,109,5
G3601190WHP0097B,1960,New York,36,Westchester,119,5560,,WHP,0097,B,1450,TRACT WHP-97-B WHITE PLAINS CITY,022,4,11,0,0,0,0,1,1,0,3777,91,11
G3601190WHP0097C,1960,New York,36,Westchester,119,5560,,WHP,0097,C,1450,TRACT WHP-97-C WHITE PLAINS CITY,022,4,11,0,0,0,0,1,1,0,2951,81,2
G3601190YON0001A,1960,New York,36,Westchester,119,5560,,YON,0001,A,1450,TRACT YON-1-A  YONKERS CITY,023,4,12,0,0,0,0,1,1,0,4975,380,1
G3601190YON0001B,1960,New York,36,Westchester,119,5560,,YON,0001,B,1450,TRACT YON-1-B  YONKERS CITY,023,4,12,0,0,0,0,1,1,0,4579,383,5
G3601190YON0002A,1960,New York,36,Westchester,119,5560,,YON,0002,A,1450,TRACT YON-2-A  YONKERS CITY,023,4,12,0,0,0,0,1,1,0,6048,192,8
G3601190YON0002B,1960,New York,36,Westchester,119,5560,,YON,0002,B,1450,TRACT YON-2-B  YONKERS CITY,023,4,12,0,0,0,0,1,1,0,3693,10,15
G3601190YON0002C,1960,New York,36,Westchester,119,5560,,YON,0002,C,1450,TRACT YON-2-C  YONKERS CITY,023,4,12,0,0,0,0,1,1,0,3640,58,13
G3601190YON0003,1960,New York,36,Westchester,119,5560,,YON,0003,,1450,TRACT YON-3   YONKERS CITY,023,4,12,0,0,0,0,0,1,0,3505,973,13
G3601190YON0004A,1960,New York,36,Westchester,119,5560,,YON,0004,A,1450,TRACT YON-4-A  YONKERS CITY,023,4,12,0,0,0,0,0,1,0,3158,665,13
G3601190YON0004B,1960,New York,36,Westchester,119,5560,,YON,0004,B,1450,TRACT YON-4-B  YONKERS CITY,023,4,12,0,0,0,0,0,1,0,5595,1314,12
G3601190YON0005,1960,New York,36,Westchester,119,5560,,YON,0005,,1450,TRACT YON-5   YONKERS CITY,023,4,12,0,0,0,0,0,1,0,6413,857,9
G3601190YON0006,1960,New York,36,Westchester,119,5560,,YON,0006,,1450,TRACT YON-6   YONKERS CITY,023,4,12,0,0,0,0,1,1,0,5702,194,25
G3601190YON0007,1960,New York,36,Westchester,119,5560,,YON,0007,,1450,TRACT YON-7   YONKERS CITY,023,4,12,0,0,0,0,1,1,0,4666,53,2
G3601190YON0008A,1960,New York,36,Westchester,119,5560,,YON,0008,A,1450,TRACT YON-8-A  YONKERS CITY,023,4,12,0,0,0,0,1,1,0,4174,1,3
G3601190YON0008B,1960,New York,36,Westchester,119,5560,,YON,0008,B,1450,TRACT YON-8-B  YONKERS CITY,023,4,12,0,0,0,0,1,1,0,2747,0,1
G3601190YON0008C,1960,New York,36,Westchester,119,5560,,YON,0008,C,1450,TRACT YON-8-C  YONKERS CITY,023,4,12,0,0,0,0,1,1,0,4659,31,5
G3601190YON0009,1960,New York,36,Westchester,119,5560,,YON,0009,,1450,TRACT YON-9   YONKERS CITY,023,4,12,0,0,0,0,1,1,0,2441,39,4
G3601190YON0010,1960,New York,36,Westchester,119,5560,,YON,0010,,1450,TRACT YON-10  YONKERS CITY,023,4,12,0,0,0,0,0,1,0,2846,431,2
G3601190YON0011A,1960,New York,36,Westchester,119,5560,,YON,0011,A,1450,TRACT YON-11-A YONKERS CITY,023,4,12,0,0,0,0,1,1,0,4271,69,9
G3601190YON0011B,1960,New York,36,Westchester,119,5560,,YON,0011,B,1450,TRACT YON-11-B YONKERS CITY,023,4,12,0,0,0,0,1,1,0,4498,49,4
G3601190YON0012,1960,New York,36,Westchester,119,5560,,YON,0012,,1450,TRACT YON-12  YONKERS CITY,023,4,12,0,0,0,0,1,1,0,4539,262,10
G3601190YON0013A,1960,New York,36,Westchester,119,5560,,YON,0013,A,1450,TRACT YON-13-A YONKERS CITY,023,4,12,0,0,0,0,1,1,0,3333,51,28
G3601190YON0013B,1960,New York,36,Westchester,119,5560,,YON,0013,B,1450,TRACT YON-13-B YONKERS CITY,023,4,12,0,0,0,0,1,1,0,3834,36,3
G3601190YON0013C,1960,New York,36,Westchester,119,5560,,YON,0013,C,1450,TRACT YON-13-C YONKERS CITY,023,4,12,0,0,0,0,1,1,0,5323,29,7
G3601190YON0014A,1960,New York,36,Westchester,119,5560,,YON,0014,A,1450,TRACT YON-14-A YONKERS CITY,023,4,12,0,0,0,0,1,1,0,3934,3,3
G3601190YON0014B,1960,New York,36,Westchester,119,5560,,YON,0014,B,1450,TRACT YON-14-B YONKERS CITY,023,4,12,0,0,0,0,1,1,0,2206,20,1
G3601190YON0014C,1960,New York,36,Westchester,119,5560,,YON,0014,C,1450,TRACT YON-14-C YONKERS CITY,023,4,12,0,0,0,0,1,1,0,3416,2,8
G3601190YON0015A,1960,New York,36,Westchester,119,5560,,YON,0015,A,1450,TRACT YON-15-A YONKERS CITY,023,4,12,0,0,0,0,1,1,0,6028,14,6
G3601190YON0015B,1960,New York,36,Westchester,119,5560,,YON,0015,B,1450,TRACT YON-15-B YONKERS CITY,023,4,12,0,0,0,0,1,1,0,3770,3,7
G3601190YON0015C,1960,New York,36,Westchester,119,5560,,YON,0015,C,1450,TRACT YON-15-C YONKERS CITY,023,4,12,0,0,0,0,1,1,0,3582,7,6
G3601190YON0016,1960,New York,36,Westchester,119,5560,,YON,0016,,1450,TRACT YON-16  YONKERS CITY,023,4,12,0,0,0,0,1,1,0,3578,25,5
G3601190YON0017,1960,New York,36,Westchester,119,5560,,YON,0017,,1450,TRACT YON-17  YONKERS CITY,023,4,12,0,0,0,0,1,1,0,6242,33,3
G3601190YON0018,1960,New York,36,Westchester,119,5560,,YON,0018,,1450,TRACT YON-18  YONKERS CITY,023,4,12,0,0,0,0,0,1,0,263,1100,4
G3601190YON0019,1960,New York,36,Westchester,119,5560,,YON,0019,,1450,TRACT YON-19  YONKERS CITY,023,4,12,0,0,0,0,1,1,0,1541,13,11
G3601190YON0020,1960,New York,36,Westchester,119,5560,,YON,0020,,1450,TRACT YON-20  YONKERS CITY,023,4,12,0,0,0,0,1,1,0,4804,4,15
G3601190YON0021A,1960,New York,36,Westchester,119,5560,,YON,0021,A,1450,TRACT YON-21-A YONKERS CITY,023,4,12,0,0,0,0,1,1,0,2821,1,18
G3601190YON0021B,1960,New York,36,Westchester,119,5560,,YON,0021,B,1450,TRACT YON-21-B YONKERS CITY,023,4,12,0,0,0,0,1,1,0,4615,58,24
G3601190YON0021C,1960,New York,36,Westchester,119,5560,,YON,0021,C,1450,TRACT YON-21-C YONKERS CITY,023,4,12,0,0,0,0,1,1,0,3735,21,1
G3601190YON0021D,1960,New York,36,Westchester,119,5560,,YON,0021,D,1450,TRACT YON-21-D YONKERS CITY,023,4,12,0,0,0,0,1,1,0,2920,45,17
G3601190YON0022A,1960,New York,36,Westchester,119,5560,,YON,0022,A,1450,TRACT YON-22-A YONKERS CITY,023,4,12,0,0,0,0,1,1,0,2263,26,4
G3601190YON0022B,1960,New York,36,Westchester,119,5560,,YON,0022,B,1450,TRACT YON-22-B YONKERS CITY,023,4,12,0,0,0,0,1,1,0,5283,30,7
G3601190YON0022C,1960,New York,36,Westchester,119,5560,,YON,0022,C,1450,TRACT YON-22-C YONKERS CITY,023,4,12,0,0,1,0,1,1,0,2119,44,0
G3601190YON0022D,1960,New York,36,Westchester,119,5560,,YON,0022,D,1450,TRACT YON-22-D YONKERS CITY,023,4,12,0,0,0,0,1,1,0,4780,39,13
G3601190YON0023,1960,New York,36,Westchester,119,5560,,YON,0023,,1450,TRACT YON-23  YONKERS CITY,023,4,12,0,0,0,0,1,1,0,3147,54,4
G3601190YON0024A,1960,New York,36,Westchester,119,5560,,YON,0024,A,1450,TRACT YON-24-A YONKERS CITY,023,4,12,0,0,0,0,1,1,0,1224,6,14
G3601190YON0024B,1960,New York,36,Westchester,119,5560,,YON,0024,B,1450,TRACT YON-24-B YONKERS CITY,023,4,12,0,0,0,0,1,1,0,4383,9,9
G3601190YON0024C,1960,New York,36,Westchester,119,5560,,YON,0024,C,1450,TRACT YON-24-C YONKERS CITY,023,4,12,0,0,0,0,1,1,0,5329,13,12
G3601190YON0024D,1960,New York,36,Westchester,119,5560,,YON,0024,D,1450,TRACT YON-24-D YONKERS CITY,023,4,12,0,0,0,0,1,1,0,2797,8,5
G3601190YON0024E,1960,New York,36,Westchester,119,5560,,YON,0024,E,1450,TRACT YON-24-E YONKERS CITY,023,4,12,0,0,0,0,1,1,0,3163,8,0
G3601190YTN0148A,1960,New York,36,Westchester,119,5560,,YTN,0148,A,1450,TRACT YTN-148-A YORKTOWN TOWN,024,7,00,0,0,1,1,1,1,0,5052,33,6
G3601190YTN0148B,1960,New York,36,Westchester,119,5560,,YTN,0148,B,,TRACT YTN-148-B YORKTOWN TOWN,024,7,00,0,0,1,1,1,1,0,6270,4,14
G3601190YTN0148C,1960,New York,36,Westchester,119,5560,,YTN,0148,C,,TRACT YTN-148-C YORKTOWN TOWN,024,7,00,0,0,1,1,1,1,0,5005,59,10