GISJOIN,YEAR,REGIONA,DIVISIONA,STATE,STATEA,COUNTY,COUNTYA,CTY_SUBA,PLACEA,TRACTA,SCSAA,SMSAA,URB_AREAA,AREANAME,CENCNTY,CBD,SEA,white_man,black_man,native_man,japanese_man,chinese_man,filipino_man,hawaiian_man,korean_man,other_man,white_woman,black_woman,native_woman,japanese_woman,chinese_woman,filipino_woman,hawaiian_woman,korean_woman,other_woman
G36000100001,1970,1,2,New York,36,Albany,001,,,0001,,0160,,Tract    1,0,1,F,1335,87,0,0,2,0,0,0,0,1589,100,1,0,0,0,0,1,0
G36000100002,1970,1,2,New York,36,Albany,001,,,0002,,0160,,Tract    2,0,1,F,1506,2198,3,0,10,1,0,0,6,1594,2496,13,1,8,1,0,0,7
G36000100003,1970,1,2,New York,36,Albany,001,,,0003,,0160,,Tract    3,0,1,F,2789,62,0,2,1,0,0,3,5,3209,91,1,2,3,0,0,2,3
G36000100004,1970,1,2,New York,36,Albany,001,,,0004,,0160,,Tract    4,0,1,F,3679,81,1,0,10,1,0,2,21,5150,104,4,2,4,1,0,3,8
G3600010000501,1970,1,2,New York,36,Albany,001,,,000501,,0160,,Tract    5.01,0,1,F,1293,4,1,1,0,0,0,0,3,1804,8,2,0,0,0,0,0,5
G3600010000502,1970,1,2,New York,36,Albany,001,,,000502,,0160,,Tract    5.02,0,1,F,1963,25,0,2,17,0,0,1,6,2536,17,0,4,12,2,0,3,3
G36000100006,1970,1,2,New York,36,Albany,001,,,0006,,0160,,Tract    6,0,1,F,1721,57,8,0,2,0,0,1,8,2088,72,3,1,1,0,0,1,5
G36000100007,1970,1,2,New York,36,Albany,001,,,0007,,0160,,Tract    7,0,1,F,2358,456,10,2,5,0,2,5,11,2610,548,10,4,3,0,3,4,10
G36000100008,1970,1,2,New York,36,Albany,001,,,0008,,0160,,Tract    8,0,1,F,1096,138,2,0,1,0,0,0,1,1305,159,2,0,0,1,0,0,0
G36000100011,1970,1,2,New York,36,Albany,001,,,0011,,0160,,Tract   11,0,0,F,1207,328,2,1,11,0,0,1,8,1116,320,0,3,3,1,0,0,3
G36000100014,1970,1,2,New York,36,Albany,001,,,0014,,0160,,Tract   14,0,1,F,1345,89,3,2,3,0,0,0,7,1766,81,1,3,3,0,0,0,1
G36000100015,1970,1,2,New York,36,Albany,001,,,0015,,0160,,Tract   15,0,1,F,2037,73,4,6,3,1,0,7,9,2678,109,1,4,3,0,0,4,5
G36000100016,1970,1,2,New York,36,Albany,001,,,0016,,0160,,Tract   16,0,1,F,2185,31,1,3,4,1,0,0,5,2810,26,0,4,5,0,0,5,4
G36000100017,1970,1,2,New York,36,Albany,001,,,0017,,0160,,Tract   17,0,1,F,2052,18,0,0,9,16,1,7,3,2595,32,1,0,9,21,1,7,5
G3600010001801,1970,1,2,New York,36,Albany,001,,,001801,,0160,,Tract   18.01,0,1,F,2712,8,0,4,5,7,0,4,6,3586,14,1,4,3,2,0,0,5
G3600010001802,1970,1,2,New York,36,Albany,001,,,001802,,0160,,Tract   18.02,0,1,F,2161,2,0,0,1,0,0,0,4,2444,2,1,0,0,1,0,0,4
G3600010001901,1970,1,2,New York,36,Albany,001,,,001901,,0160,,Tract   19.01,0,1,F,1631,20,0,1,0,1,0,0,1,1840,20,0,2,0,1,0,0,0
G3600010001902,1970,1,2,New York,36,Albany,001,,,001902,,0160,,Tract   19.02,0,1,F,1574,5,1,0,0,0,0,0,0,1777,16,1,1,1,0,0,0,0
G36000100020,1970,1,2,New York,36,Albany,001,,,0020,,0160,,Tract   20,0,1,F,2955,28,1,6,1,0,0,1,1,3630,20,3,7,0,0,0,1,1
G36000100021,1970,1,2,New York,36,Albany,001,,,0021,,0160,,Tract   21,0,1,F,2270,172,3,8,5,12,0,3,10,2041,91,1,11,4,9,0,2,13
G36000100022,1970,1,2,New York,36,Albany,001,,,0022,,0160,,Tract   22,0,1,F,1233,282,4,1,3,0,0,0,5,1402,286,9,0,0,0,0,0,12
G36000100023,1970,1,2,New York,36,Albany,001,,,0023,,0160,,Tract   23,0,1,F,1116,781,11,0,5,0,0,0,8,1380,848,5,0,5,0,0,0,13
G36000100024,1970,1,2,New York,36,Albany,001,,,0024,,0160,,Tract   24,0,1,F,285,523,1,0,0,0,0,0,0,295,581,1,0,0,0,0,0,0
G36000100025,1970,1,2,New York,36,Albany,001,,,0025,,0160,,Tract   25,0,1,F,1059,1064,5,2,0,0,0,0,5,1207,1262,7,1,0,1,0,0,6
G36000100026,1970,1,2,New York,36,Albany,001,,,0026,,0160,,Tract   26,0,1,F,2096,143,1,0,0,0,0,0,0,2671,151,1,0,0,0,0,0,0
G3600010002699,1970,1,2,New York,36,Albany,001,,,002699,,0160,,Tract   26.99,0,1,F,70,3,0,0,0,4,0,0,1,0,0,0,0,0,0,0,0,0
G36000100127,1970,1,2,New York,36,Albany,001,,,0127,,0160,,Tract  127,0,1,F,1271,1,1,0,0,0,0,0,0,1419,1,0,0,0,0,0,0,0
G36000100128,1970,1,2,New York,36,Albany,001,,,0128,,0160,,Tract  128,0,1,F,2728,2,4,1,0,0,0,0,2,3073,2,1,2,0,1,0,0,1
G36000100129,1970,1,2,New York,36,Albany,001,,,0129,,0160,,Tract  129,0,1,F,2081,0,1,0,0,0,0,0,4,2249,0,2,1,0,0,0,1,2
G36000100130,1970,1,2,New York,36,Albany,001,,,0130,,0160,,Tract  130,0,1,F,2728,1,0,0,0,0,0,0,2,3067,0,0,3,0,0,1,0,0
G36000100131,1970,1,2,New York,36,Albany,001,,,0131,,0160,,Tract  131,0,1,F,1577,2,0,0,1,0,0,0,0,1715,0,0,1,0,0,0,0,1
G36000100132,1970,1,2,New York,36,Albany,001,,,0132,,0160,,Tract  132,0,1,F,2039,13,1,1,2,0,0,0,1,2305,7,1,2,0,0,0,2,0
G36000100133,1970,1,2,New York,36,Albany,001,,,0133,,0160,,Tract  133,0,1,F,2248,9,0,0,0,0,0,0,6,2540,6,0,1,0,0,0,0,3
G36000100134,1970,1,2,New York,36,Albany,001,,,0134,,0160,,Tract  134,0,1,F,1456,0,0,0,0,0,0,0,0,1756,1,0,1,0,2,0,0,1
G3600010013501,1970,1,2,New York,36,Albany,001,,,013501,,0160,,Tract  135.01,0,1,F,4765,13,0,3,1,8,3,0,6,5319,12,3,7,3,2,1,0,8
G3600010013502,1970,1,2,New York,36,Albany,001,,,013502,,0160,,Tract  135.02,0,1,F,3211,23,1,0,3,1,0,0,2,3396,22,2,1,4,0,0,1,8
G36000100136,1970,1,2,New York,36,Albany,001,,,0136,,0160,,Tract  136,0,1,F,4608,42,0,0,8,2,0,2,2,4382,34,0,0,3,5,0,5,2
G3600010013701,1970,1,2,New York,36,Albany,001,,,013701,,0160,,Tract  137.01,0,1,F,4279,16,0,2,10,6,1,6,11,4469,14,1,3,9,5,0,7,6
G3600010013702,1970,1,2,New York,36,Albany,001,,,013702,,0160,,Tract  137.02,0,1,F,3533,58,3,4,0,2,0,0,2,3670,25,0,1,0,0,0,0,1
G36000100138,1970,1,2,New York,36,Albany,001,,,0138,,0160,,Tract  138,0,1,F,4297,115,0,1,4,0,1,2,3,4408,138,0,4,5,0,1,1,7
G36000100139,1970,1,2,New York,36,Albany,001,,,0139,,0160,,Tract  139,0,1,F,4097,89,4,1,5,6,0,2,0,4395,86,3,0,3,8,0,2,0
G36000100140,1970,1,2,New York,36,Albany,001,,,0140,,0160,,Tract  140,0,1,F,4559,22,4,2,0,1,0,0,3,4756,23,9,7,0,3,0,0,2
G36000100141,1970,1,2,New York,36,Albany,001,,,0141,,0160,,Tract  141,0,1,F,1398,6,1,0,0,1,0,1,0,1481,4,2,0,0,1,0,1,1
G3600010014201,1970,1,2,New York,36,Albany,001,,,014201,,0160,,Tract  142.01,0,1,F,2477,3,0,0,3,3,0,0,7,2531,2,2,0,8,3,0,0,2
G3600010014202,1970,1,2,New York,36,Albany,001,,,014202,,0160,,Tract  142.02,0,1,F,2272,8,0,1,0,0,0,0,4,2526,7,0,1,0,0,0,1,1
G3600010014203,1970,1,2,New York,36,Albany,001,,,014203,,0160,,Tract  142.03,0,1,F,2502,3,1,2,3,0,0,0,3,2683,9,3,0,4,0,0,0,2
G3600010014301,1970,1,2,New York,36,Albany,001,,,014301,,0160,,Tract  143.01,0,1,F,1290,37,0,0,0,0,0,0,1,1215,38,0,0,0,3,0,0,2
G3600010014302,1970,1,2,New York,36,Albany,001,,,014302,,0160,,Tract  143.02,0,1,F,1386,7,3,2,0,0,0,0,0,1455,9,1,3,0,1,0,0,0
G36000100144,1970,1,2,New York,36,Albany,001,,,0144,,0160,,Tract  144,0,1,F,3222,70,1,1,0,1,1,0,0,3333,80,3,1,0,0,1,0,1
G3600010014501,1970,1,2,New York,36,Albany,001,,,014501,,0160,,Tract  145.01,0,1,F,2399,3,0,1,0,0,1,1,0,2504,3,0,2,0,0,0,0,0
G3600010014502,1970,1,2,New York,36,Albany,001,,,014502,,0160,,Tract  145.02,0,1,F,1767,8,0,0,0,0,0,0,1,1777,8,1,4,0,0,0,0,1
G3600010014601,1970,1,2,New York,36,Albany,001,,,014601,,0160,,Tract  146.01,0,1,F,1239,10,0,9,3,0,1,3,1,1519,16,0,5,4,0,4,2,2
G3600010014602,1970,1,2,New York,36,Albany,001,,,014602,,0160,,Tract  146.02,0,1,F,3006,60,0,0,8,0,0,0,2,3122,58,0,0,3,1,0,0,5
G3600010014604,1970,1,2,New York,36,Albany,001,,,014604,,0160,,Tract  146.04,0,1,F,1656,17,0,1,2,0,0,0,2,1727,22,3,1,2,0,0,0,2
G3600010014605,1970,1,2,New York,36,Albany,001,,,014605,,0160,,Tract  146.05,0,1,F,1041,2,0,0,1,0,0,0,0,1073,6,1,1,0,0,0,0,0
G3600010014606,1970,1,2,New York,36,Albany,001,,,014606,,0160,,Tract  146.06,0,1,F,1126,2,0,0,2,0,0,0,0,1184,5,0,0,0,0,0,0,0
G3600010014607,1970,1,2,New York,36,Albany,001,,,014607,,0160,,Tract  146.07,0,1,F,2110,7,0,0,2,0,0,4,0,2106,10,1,0,1,0,0,5,0
G36000100147,1970,1,2,New York,36,Albany,001,,,0147,,0160,,Tract  147,0,1,F,894,1,0,0,2,0,0,0,2,917,2,0,0,0,1,0,0,0
G36000100148,1970,1,2,New York,36,Albany,001,,,0148,,0160,,Tract  148,0,1,F,2913,33,2,0,0,0,0,0,4,2847,7,1,1,0,0,0,0,2
G36000500001,1970,1,2,New York,36,Bronx,005,,,0001,A,5600,,Tract    1,0,1,G,1519,3900,20,6,5,5,1,4,83,1,8,0,0,0,0,0,0,0
G36000500002,1970,1,2,New York,36,Bronx,005,,,0002,A,5600,,Tract    2,0,1,G,1255,123,0,1,1,0,0,3,13,1198,113,0,0,1,0,0,4,25
G36000500004,1970,1,2,New York,36,Bronx,005,,,0004,A,5600,,Tract    4,0,1,G,827,93,0,0,0,0,0,0,25,819,127,0,0,0,0,0,0,25
G36000500011,1970,1,2,New York,36,Bronx,005,,,0011,A,5600,,Tract   11,0,1,G,367,80,1,0,0,6,0,0,12,443,76,0,1,0,1,0,0,15
G36000500015,1970,1,2,New York,36,Bronx,005,,,0015,A,5600,,Tract   15,0,1,G,84,43,0,0,0,0,0,0,0,99,57,0,0,0,0,0,0,0
G36000500016,1970,1,2,New York,36,Bronx,005,,,0016,A,5600,,Tract   16,0,1,G,589,71,0,0,0,0,0,0,13,596,69,1,0,0,0,0,0,16
G36000500017,1970,1,2,New York,36,Bronx,005,,,0017,A,5600,,Tract   17,0,1,G,718,278,3,0,1,2,0,0,58,808,330,0,0,1,4,0,0,59
G36000500020,1970,1,2,New York,36,Bronx,005,,,0020,A,5600,,Tract   20,0,1,G,2413,2196,2,0,7,4,0,0,79,2719,2654,8,0,1,6,0,0,71
G36000500023,1970,1,2,New York,36,Bronx,005,,,0023,A,5600,,Tract   23,0,1,G,1431,1062,2,0,10,0,0,0,94,1689,1285,5,0,5,0,0,0,96
G36000500025,1970,1,2,New York,36,Bronx,005,,,0025,A,5600,,Tract   25,0,1,G,2444,823,6,0,2,3,0,0,75,2585,1076,6,0,4,3,0,0,70
G3600050002701,1970,1,2,New York,36,Bronx,005,,,002701,A,5600,,Tract   27.01,0,1,G,1712,865,0,0,19,3,0,0,92,1836,945,0,0,14,1,0,0,122
G3600050002702,1970,1,2,New York,36,Bronx,005,,,002702,A,5600,,Tract   27.02,0,1,G,2647,1072,3,1,0,0,0,0,26,3014,1393,1,1,0,0,0,0,28
G36000500028,1970,1,2,New York,36,Bronx,005,,,0028,A,5600,,Tract   28,0,1,G,837,1235,1,0,14,6,1,2,30,906,1466,4,0,10,2,0,1,37
G36000500031,1970,1,2,New York,36,Bronx,005,,,0031,A,5600,,Tract   31,0,1,G,895,268,0,0,11,0,0,0,21,958,342,1,0,9,0,0,0,28
G36000500033,1970,1,2,New York,36,Bronx,005,,,0033,A,5600,,Tract   33,0,1,G,2165,1578,4,0,1,1,0,0,43,2353,1747,7,0,0,0,0,0,52
G36000500035,1970,1,2,New York,36,Bronx,005,,,0035,A,5600,,Tract   35,0,1,G,1339,690,2,0,4,0,0,0,73,1530,888,1,0,2,3,0,0,71
G36000500036,1970,1,2,New York,36,Bronx,005,,,0036,A,5600,,Tract   36,0,1,G,2942,1115,4,3,23,8,1,8,93,3087,1230,3,5,16,6,1,9,102
G36000500037,1970,1,2,New York,36,Bronx,005,,,0037,A,5600,,Tract   37,0,1,G,102,70,0,0,0,0,0,0,2,102,91,0,0,0,0,0,0,1
G36000500038,1970,1,2,New York,36,Bronx,005,,,0038,A,5600,,Tract   38,0,1,G,264,183,0,1,0,0,0,0,8,270,227,1,1,0,0,0,0,11
G36000500039,1970,1,2,New York,36,Bronx,005,,,0039,A,5600,,Tract   39,0,1,G,3291,2336,5,1,16,2,0,1,59,3366,2752,11,2,9,1,0,0,95
G3600050004001,1970,1,2,New York,36,Bronx,005,,,004001,A,5600,,Tract   40.01,0,1,G,674,7,1,2,26,0,0,0,0,680,8,0,1,25,0,1,0,1
G36000500041,1970,1,2,New York,36,Bronx,005,,,0041,A,5600,,Tract   41,0,1,G,1875,891,2,2,8,1,0,0,38,2063,1018,7,4,3,1,0,0,50
G36000500043,1970,1,2,New York,36,Bronx,005,,,0043,A,5600,,Tract   43,0,1,G,2734,1036,5,0,14,0,0,0,54,3069,1232,11,0,7,2,0,0,58
G36000500044,1970,1,2,New York,36,Bronx,005,,,0044,A,5600,,Tract   44,0,1,G,1449,889,4,0,0,1,0,1,30,1801,1203,12,1,0,1,0,0,32
G36000500046,1970,1,2,New York,36,Bronx,005,,,0046,A,5600,,Tract   46,0,1,G,560,288,0,0,5,1,0,0,6,610,323,0,1,1,0,0,0,6
G36000500047,1970,1,2,New York,36,Bronx,005,,,0047,A,5600,,Tract   47,0,1,G,1604,1718,5,0,2,2,1,0,75,1809,2121,4,2,6,0,0,0,74
G36000500048,1970,1,2,New York,36,Bronx,005,,,0048,A,5600,,Tract   48,0,1,G,1647,189,1,1,9,0,1,0,46,1796,215,1,1,6,0,1,0,42
G36000500049,1970,1,2,New York,36,Bronx,005,,,0049,A,5600,,Tract   49,0,1,G,177,206,1,0,0,1,0,0,9,200,290,0,0,0,0,0,0,20
G36000500050,1970,1,2,New York,36,Bronx,005,,,0050,A,5600,,Tract   50,0,1,G,3519,944,0,3,31,0,1,0,180,3958,1169,4,0,21,0,0,0,187
G36000500052,1970,1,2,New York,36,Bronx,005,,,0052,A,5600,,Tract   52,0,1,G,668,218,4,0,0,0,0,0,14,723,291,2,0,0,0,0,0,19
G36000500054,1970,1,2,New York,36,Bronx,005,,,0054,A,5600,,Tract   54,0,1,G,2012,499,15,0,4,5,0,0,126,2327,629,17,1,7,2,0,0,153
G36000500056,1970,1,2,New York,36,Bronx,005,,,0056,A,5600,,Tract   56,0,1,G,899,284,1,2,0,0,0,1,42,1044,344,3,1,1,0,0,1,40
G36000500057,1970,1,2,New York,36,Bronx,005,,,0057,A,5600,,Tract   57,0,1,G,576,489,2,0,0,1,0,0,11,115,109,1,1,0,0,0,0,8
G36000500058,1970,1,2,New York,36,Bronx,005,,,0058,A,5600,,Tract   58,0,1,G,4,2,0,0,0,0,0,0,3,4,2,0,0,0,0,0,0,2
G3600050005901,1970,1,2,New York,36,Bronx,005,,,005901,A,5600,,Tract   59.01,0,1,G,1518,77,1,2,6,0,0,1,20,1960,82,0,3,0,0,0,1,16
G3600050005902,1970,1,2,New York,36,Bronx,005,,,005902,A,5600,,Tract   59.02,0,1,G,929,55,0,2,11,12,0,0,7,1166,64,0,6,7,15,0,0,5
G36000500060,1970,1,2,New York,36,Bronx,005,,,0060,A,5600,,Tract   60,0,1,G,379,100,0,1,1,1,0,1,5,408,109,0,0,0,0,0,0,6
G36000500061,1970,1,2,New York,36,Bronx,005,,,0061,A,5600,,Tract   61,0,1,G,966,953,7,3,7,0,0,0,24,1171,1232,10,7,12,1,0,0,31
G36000500062,1970,1,2,New York,36,Bronx,005,,,0062,A,5600,,Tract   62,0,1,G,1821,1757,3,0,5,3,0,0,256,2035,2076,2,0,4,2,0,1,266
G36000500064,1970,1,2,New York,36,Bronx,005,,,0064,A,5600,,Tract   64,0,1,G,1167,441,3,1,4,2,0,0,19,1262,524,3,0,10,1,0,1,19
G36000500065,1970,1,2,New York,36,Bronx,005,,,0065,A,5600,,Tract   65,0,1,G,1785,407,4,0,7,0,0,0,42,1842,450,3,0,4,0,0,0,34
G36000500066,1970,1,2,New York,36,Bronx,005,,,0066,A,5600,,Tract   66,0,1,G,1437,169,1,0,20,5,0,2,36,1676,224,2,0,11,2,1,1,43
G36000500067,1970,1,2,New York,36,Bronx,005,,,0067,A,5600,,Tract   67,0,1,G,2575,1555,18,4,27,0,0,0,120,2876,1847,16,3,20,2,0,0,131
G36000500068,1970,1,2,New York,36,Bronx,005,,,0068,A,5600,,Tract   68,0,1,G,1084,133,0,0,12,4,0,0,25,1206,143,0,0,13,0,0,0,28
G36000500069,1970,1,2,New York,36,Bronx,005,,,0069,A,5600,,Tract   69,0,1,G,3003,1628,0,0,16,8,0,0,93,3344,2045,5,1,7,6,0,0,114
G36000500070,1970,1,2,New York,36,Bronx,005,,,0070,A,5600,,Tract   70,0,1,G,1460,58,0,2,15,1,0,0,22,1653,66,0,0,8,3,0,0,16
G36000500071,1970,1,2,New York,36,Bronx,005,,,0071,A,5600,,Tract   71,0,1,G,1671,780,5,0,0,2,0,0,116,1877,854,5,0,0,0,0,0,120
G36000500072,1970,1,2,New York,36,Bronx,005,,,0072,A,5600,,Tract   72,0,1,G,2024,38,0,1,52,1,0,0,5,2276,40,0,0,59,2,0,0,7
G36000500073,1970,1,2,New York,36,Bronx,005,,,0073,A,5600,,Tract   73,0,1,G,1858,923,9,2,0,3,0,0,75,2005,1102,6,1,0,1,0,0,81
G36000500074,1970,1,2,New York,36,Bronx,005,,,0074,A,5600,,Tract   74,0,1,G,725,171,0,1,4,1,0,0,31,753,229,0,0,3,2,0,0,35
G36000500075,1970,1,2,New York,36,Bronx,005,,,0075,A,5600,,Tract   75,0,1,G,2804,2349,18,0,5,1,0,0,219,3025,2712,20,0,6,0,0,0,228
G36000500077,1970,1,2,New York,36,Bronx,005,,,0077,A,5600,,Tract   77,0,1,G,1045,626,4,0,0,0,0,0,18,1166,749,5,0,0,0,0,0,26
G36000500078,1970,1,2,New York,36,Bronx,005,,,0078,A,5600,,Tract   78,0,1,G,2324,66,1,2,25,1,0,2,13,2703,79,1,0,22,3,0,2,8
G36000500079,1970,1,2,New York,36,Bronx,005,,,0079,A,5600,,Tract   79,0,1,G,2851,988,0,0,1,2,0,0,92,2998,1282,5,0,2,0,0,0,117
G36000500081,1970,1,2,New York,36,Bronx,005,,,0081,A,5600,,Tract   81,0,1,G,-2,3,,,,,,,,,,,,,,,,
G3600050008199,1970,1,2,New York,36,Bronx,005,,,008199,A,5600,,Tract   81.99,0,1,G,27,1,0,0,0,0,0,0,0,0,0,0,0,0,0,0,0,0
G36000500083,1970,1,2,New York,36,Bronx,005,,,0083,A,5600,,Tract   83,0,1,G,4521,1001,2,0,17,0,1,0,165,5076,1208,3,0,18,0,1,0,179
G36000500084,1970,1,2,New York,36,Bronx,005,,,0084,A,5600,,Tract   84,0,1,G,446,296,1,0,5,0,0,0,11,480,348,3,1,7,0,0,0,14
G36000500085,1970,1,2,New York,36,Bronx,005,,,0085,A,5600,,Tract   85,0,1,G,2266,1264,4,1,3,1,0,0,60,2694,1543,9,0,7,1,0,1,58
G36000500086,1970,1,2,New York,36,Bronx,005,,,0086,A,5600,,Tract   86,0,1,G,1923,390,0,0,0,1,0,0,30,2104,424,0,0,0,0,0,0,20
G36000500087,1970,1,2,New York,36,Bronx,005,,,0087,A,5600,,Tract   87,0,1,G,4038,2761,21,0,12,4,1,0,226,4375,3267,16,0,16,6,1,0,237
G36000500088,1970,1,2,New York,36,Bronx,005,,,0088,A,5600,,Tract   88,0,1,G,1649,281,0,0,9,0,2,0,8,1705,303,0,0,7,0,0,1,5
G36000500089,1970,1,2,New York,36,Bronx,005,,,0089,A,5600,,Tract   89,0,1,G,2154,559,7,0,4,4,0,1,209,2322,531,6,2,2,2,0,0,213
G36000500091,1970,1,2,New York,36,Bronx,005,,,0091,A,5600,,Tract   91,0,1,G,50,34,0,0,0,0,0,0,0,69,39,0,0,0,0,0,0,2
G36000500092,1970,1,2,New York,36,Bronx,005,,,0092,A,5600,,Tract   92,0,1,G,1976,2,1,2,30,0,0,0,1,2213,3,1,4,28,0,0,0,0
G36000500094,1970,1,2,New York,36,Bronx,005,,,0094,A,5600,,Tract   94,0,1,G,645,0,0,0,0,0,0,0,0,707,0,0,0,0,0,0,0,0
G36000500097,1970,1,2,New York,36,Bronx,005,,,0097,A,5600,,Tract   97,0,1,G,156,18,0,0,0,0,0,0,0,155,9,0,0,0,0,0,0,0
G36000500098,1970,1,2,New York,36,Bronx,005,,,0098,A,5600,,Tract   98,0,1,G,1902,148,0,0,19,3,0,0,7,2054,173,2,0,18,6,0,0,9
G36000500099,1970,1,2,New York,36,Bronx,005,,,0099,A,5600,,Tract   99,0,1,G,1861,1241,7,0,4,1,0,0,146,2175,1384,8,0,0,1,1,0,133
G36000500102,1970,1,2,New York,36,Bronx,005,,,0102,A,5600,,Tract  102,0,1,G,19,0,0,0,0,0,0,0,0,23,0,0,0,0,0,0,0,0
G36000500110,1970,1,2,New York,36,Bronx,005,,,0110,A,5600,,Tract  110,0,1,G,52,2,0,0,0,0,0,0,0,123,2,0,0,0,0,0,0,0
G3600050011501,1970,1,2,New York,36,Bronx,005,,,011501,A,5600,,Tract  115.01,0,1,G,233,528,3,0,0,0,0,0,48,240,606,2,0,0,0,0,0,44
G3600050011502,1970,1,2,New York,36,Bronx,005,,,011502,A,5600,,Tract  115.02,0,1,G,1764,811,8,0,0,0,0,0,192,2072,1018,11,0,0,0,0,0,213
G36000500118,1970,1,2,New York,36,Bronx,005,,,0118,A,5600,,Tract  118,0,1,G,2646,19,1,2,7,1,0,0,2,2135,5,0,1,2,1,0,0,0
G36000500119,1970,1,2,New York,36,Bronx,005,,,0119,A,5600,,Tract  119,0,1,G,2291,2034,7,1,3,1,0,0,133,2396,2523,9,0,5,0,0,0,125
G3600050012101,1970,1,2,New York,36,Bronx,005,,,012101,A,5600,,Tract  121.01,0,1,G,2064,972,3,0,6,0,0,0,117,2360,1198,6,0,5,1,0,0,143
G3600050012102,1970,1,2,New York,36,Bronx,005,,,012102,A,5600,,Tract  121.02,0,1,G,969,286,10,0,1,2,0,0,19,1056,375,7,0,0,1,0,0,15
G36000500123,1970,1,2,New York,36,Bronx,005,,,0123,A,5600,,Tract  123,0,1,G,1687,1176,2,0,4,0,0,0,114,2008,1469,3,0,3,1,0,0,118
G36000500125,1970,1,2,New York,36,Bronx,005,,,0125,A,5600,,Tract  125,0,1,G,1710,1208,2,0,2,1,0,0,167,1863,1529,10,1,0,0,0,0,187
G3600050012701,1970,1,2,New York,36,Bronx,005,,,012701,A,5600,,Tract  127.01,0,1,G,2152,503,1,2,1,0,0,0,66,2283,543,4,0,0,0,0,0,62
G3600050012702,1970,1,2,New York,36,Bronx,005,,,012702,A,5600,,Tract  127.02,0,1,G,1290,696,0,3,3,2,0,0,31,1384,872,7,0,1,0,0,0,33
G3600050012901,1970,1,2,New York,36,Bronx,005,,,012901,A,5600,,Tract  129.01,0,1,G,1371,1264,5,1,8,0,1,0,205,1539,1440,8,1,10,0,1,0,187
G3600050012902,1970,1,2,New York,36,Bronx,005,,,012902,A,5600,,Tract  129.02,0,1,G,640,410,0,0,3,0,0,0,0,652,360,0,4,2,0,0,0,0
G36000500130,1970,1,2,New York,36,Bronx,005,,,0130,A,5600,,Tract  130,0,1,G,461,0,0,0,3,0,0,0,0,475,0,0,0,2,0,0,0,1
G36000500131,1970,1,2,New York,36,Bronx,005,,,0131,A,5600,,Tract  131,0,1,G,1454,2754,7,1,0,2,0,0,163,1609,3147,12,1,0,1,4,0,179
G36000500132,1970,1,2,New York,36,Bronx,005,,,0132,A,5600,,Tract  132,0,1,G,2732,4,0,2,6,0,0,1,0,2762,8,1,5,3,0,0,1,0
G36000500133,1970,1,2,New York,36,Bronx,005,,,0133,A,5600,,Tract  133,0,1,G,1264,3024,19,2,7,3,0,3,152,1356,3543,11,2,3,4,0,1,181
G36000500135,1970,1,2,New York,36,Bronx,005,,,0135,A,5600,,Tract  135,0,1,G,371,2205,1,0,0,1,0,0,23,468,2739,14,0,0,2,0,0,21
G36000500137,1970,1,2,New York,36,Bronx,005,,,0137,A,5600,,Tract  137,0,1,G,331,3027,11,0,4,2,0,1,126,333,3676,13,0,4,3,0,0,93
G36000500138,1970,1,2,New York,36,Bronx,005,,,0138,A,5600,,Tract  138,0,1,G,1699,10,0,0,0,0,0,0,0,1842,9,0,1,0,0,0,0,0
G36000500139,1970,1,2,New York,36,Bronx,005,,,0139,A,5600,,Tract  139,0,1,G,718,1250,4,1,11,2,1,1,97,776,1491,2,0,10,0,0,0,113
G36000500141,1970,1,2,New York,36,Bronx,005,,,0141,A,5600,,Tract  141,0,1,G,1533,875,7,1,7,0,0,0,33,1836,1108,4,2,4,0,0,0,45
G36000500143,1970,1,2,New York,36,Bronx,005,,,0143,A,5600,,Tract  143,0,1,G,335,434,3,0,0,0,0,0,14,374,528,6,0,0,0,0,0,13
G36000500144,1970,1,2,New York,36,Bronx,005,,,0144,A,5600,,Tract  144,0,1,G,1610,816,2,0,5,0,0,0,9,1737,1009,2,3,4,0,0,0,10
G36000500145,1970,1,2,New York,36,Bronx,005,,,0145,A,5600,,Tract  145,0,1,G,941,1886,0,3,6,7,0,0,151,1017,2380,9,3,7,2,0,0,153
G36000500147,1970,1,2,New York,36,Bronx,005,,,0147,A,5600,,Tract  147,0,1,G,2760,3977,10,3,8,1,0,0,269,3119,4948,13,4,7,0,1,0,321
G36000500149,1970,1,2,New York,36,Bronx,005,,,0149,A,5600,,Tract  149,0,1,G,678,2147,3,0,3,4,2,4,127,701,2725,14,0,0,2,0,0,121
G36000500151,1970,1,2,New York,36,Bronx,005,,,0151,A,5600,,Tract  151,0,1,G,179,3321,11,0,1,0,0,0,72,186,3951,13,0,1,0,0,1,75
G36000500153,1970,1,2,New York,36,Bronx,005,,,0153,A,5600,,Tract  153,0,1,G,3150,2896,43,1,5,2,0,0,243,3576,3508,38,4,1,2,0,0,276
G36000500154,1970,1,2,New York,36,Bronx,005,,,0154,A,5600,,Tract  154,0,1,G,597,4,0,2,0,0,0,0,1,679,6,0,0,0,1,0,0,0
G36000500155,1970,1,2,New York,36,Bronx,005,,,0155,A,5600,,Tract  155,0,1,G,1812,1262,3,0,16,2,0,0,111,2040,1628,3,0,7,0,1,0,117
G36000500156,1970,1,2,New York,36,Bronx,005,,,0156,A,5600,,Tract  156,0,1,G,714,2,0,0,0,0,0,0,0,798,3,0,0,0,0,0,0,0
G36000500157,1970,1,2,New York,36,Bronx,005,,,0157,A,5600,,Tract  157,0,1,G,2485,1692,14,0,0,5,0,0,142,2861,2065,20,0,0,4,1,0,174
G36000500158,1970,1,2,New York,36,Bronx,005,,,0158,A,5600,,Tract  158,0,1,G,455,0,0,1,0,0,0,0,0,523,0,0,1,0,0,0,0,0
G36000500160,1970,1,2,New York,36,Bronx,005,,,0160,A,5600,,Tract  160,0,1,G,1823,3,1,0,0,1,0,0,0,1854,8,0,1,0,1,0,0,2
G36000500161,1970,1,2,New York,36,Bronx,005,,,0161,A,5600,,Tract  161,0,1,G,2348,2450,6,0,5,2,0,0,170,2731,3183,6,0,13,1,0,1,179
G36000500162,1970,1,2,New York,36,Bronx,005,,,0162,A,5600,,Tract  162,0,1,G,844,0,0,0,0,0,0,0,2,932,0,0,0,0,0,0,0,3
G36000500164,1970,1,2,New York,36,Bronx,005,,,0164,A,5600,,Tract  164,0,1,G,633,0,0,1,0,0,0,0,8,666,0,0,0,0,0,0,0,3
G36000500165,1970,1,2,New York,36,Bronx,005,,,0165,A,5600,,Tract  165,0,1,G,1862,1339,9,1,0,1,0,0,62,2086,1708,13,0,0,0,1,0,71
G36000500166,1970,1,2,New York,36,Bronx,005,,,0166,A,5600,,Tract  166,0,1,G,1075,0,0,0,0,0,0,0,2,1095,1,0,0,0,0,0,0,2
G36000500167,1970,1,2,New York,36,Bronx,005,,,0167,A,5600,,Tract  167,0,1,G,1998,1078,6,0,5,0,0,0,54,2205,1365,5,0,3,0,0,0,58
G36000500169,1970,1,2,New York,36,Bronx,005,,,0169,A,5600,,Tract  169,0,1,G,1083,950,6,0,0,0,0,0,82,1292,1124,6,1,0,0,0,0,104
G36000500173,1970,1,2,New York,36,Bronx,005,,,0173,A,5600,,Tract  173,0,1,G,1249,975,6,0,5,1,0,0,25,1384,1244,10,0,1,4,0,0,33
G36000500175,1970,1,2,New York,36,Bronx,005,,,0175,A,5600,,Tract  175,0,1,G,1710,2092,6,0,23,7,0,1,63,2049,2783,9,1,8,7,0,1,61
G36000500177,1970,1,2,New York,36,Bronx,005,,,0177,A,5600,,Tract  177,0,1,G,1712,2645,4,0,15,1,0,0,76,1787,3213,9,3,20,1,0,0,90
G36000500179,1970,1,2,New York,36,Bronx,005,,,0179,A,5600,,Tract  179,0,1,G,2992,1496,8,0,11,0,0,0,82,3575,1876,11,1,15,0,0,1,98
G36000500181,1970,1,2,New York,36,Bronx,005,,,0181,A,5600,,Tract  181,0,1,G,2082,1390,1,1,19,0,1,1,53,2524,1731,8,0,15,0,1,0,60
G36000500183,1970,1,2,New York,36,Bronx,005,,,0183,A,5600,,Tract  183,0,1,G,2599,814,5,5,10,9,2,0,45,3089,1032,11,1,9,21,2,0,49
G36000500184,1970,1,2,New York,36,Bronx,005,,,0184,A,5600,,Tract  184,0,1,G,2032,0,0,0,4,1,0,0,2,2210,2,1,0,4,1,0,1,1
G36000500189,1970,1,2,New York,36,Bronx,005,,,0189,A,5600,,Tract  189,0,1,G,3079,994,7,2,4,5,0,3,40,3467,1079,3,3,5,3,0,6,44
G36000500193,1970,1,2,New York,36,Bronx,005,,,0193,A,5600,,Tract  193,0,1,G,1428,1282,0,0,2,0,0,0,61,1589,1616,2,2,2,0,1,1,67
G36000500194,1970,1,2,New York,36,Bronx,005,,,0194,A,5600,,Tract  194,0,1,G,830,1,0,0,0,1,0,0,0,827,0,0,0,0,0,0,0,0
G36000500195,1970,1,2,New York,36,Bronx,005,,,0195,A,5600,,Tract  195,0,1,G,2435,304,4,5,34,4,2,5,11,2990,368,2,4,28,6,1,5,16
G36000500196,1970,1,2,New York,36,Bronx,005,,,0196,A,5600,,Tract  196,0,1,G,244,0,0,0,0,0,0,0,0,295,35,0,0,0,0,0,0,0
G36000500197,1970,1,2,New York,36,Bronx,005,,,0197,A,5600,,Tract  197,0,1,G,1939,309,2,0,55,0,0,2,19,2336,379,5,4,60,2,0,1,18
G36000500198,1970,1,2,New York,36,Bronx,005,,,0198,A,5600,,Tract  198,0,1,G,1583,2,0,0,11,0,0,0,2,1753,3,0,1,7,0,0,0,1
G36000500199,1970,1,2,New York,36,Bronx,005,,,0199,A,5600,,Tract  199,0,1,G,2093,1484,2,5,11,1,0,0,29,2309,1816,7,2,15,0,0,0,40
G36000500201,1970,1,2,New York,36,Bronx,005,,,0201,A,5600,,Tract  201,0,1,G,1297,733,3,0,0,1,0,0,17,1517,907,6,1,0,0,0,0,16
G36000500202,1970,1,2,New York,36,Bronx,005,,,0202,A,5600,,Tract  202,0,1,G,811,3,0,0,2,0,0,0,0,941,7,0,0,2,0,0,0,0
G36000500204,1970,1,2,New York,36,Bronx,005,,,0204,A,5600,,Tract  204,0,1,G,1272,9,0,0,0,0,0,0,1,1372,15,0,0,0,0,1,0,6
G36000500205,1970,1,2,New York,36,Bronx,005,,,0205,A,5600,,Tract  205,0,1,G,2828,1185,11,7,21,1,1,2,69,3196,1483,15,6,11,0,0,0,57
G3600050020601,1970,1,2,New York,36,Bronx,005,,,020601,A,5600,,Tract  206.01,0,1,G,922,0,0,0,0,0,0,0,0,967,4,0,1,0,0,0,0,0
G3600050020602,1970,1,2,New York,36,Bronx,005,,,020602,A,5600,,Tract  206.02,0,1,G,323,0,0,0,0,0,0,0,0,389,0,0,0,0,0,0,0,3
G36000500208,1970,1,2,New York,36,Bronx,005,,,0208,A,5600,,Tract  208,0,1,G,830,1,0,0,13,0,1,0,0,1026,1,0,0,18,1,0,0,1
G36000500210,1970,1,2,New York,36,Bronx,005,,,0210,A,5600,,Tract  210,0,1,G,6860,130,1,2,0,3,0,1,4,8760,183,3,1,1,1,0,1,4
G36000500211,1970,1,2,New York,36,Bronx,005,,,0211,A,5600,,Tract  211,0,1,G,2264,846,6,2,8,0,0,3,22,2542,1027,10,0,1,0,1,1,33
G36000500212,1970,1,2,New York,36,Bronx,005,,,0212,A,5600,,Tract  212,0,1,G,2127,21,0,1,0,0,0,0,1,3073,41,1,2,0,0,1,0,1
G3600050021301,1970,1,2,New York,36,Bronx,005,,,021301,A,5600,,Tract  213.01,0,1,G,334,420,0,0,0,0,0,0,4,373,475,0,0,0,0,0,0,10
G3600050021302,1970,1,2,New York,36,Bronx,005,,,021302,A,5600,,Tract  213.02,0,1,G,2004,893,1,0,11,1,0,0,65,2388,1174,3,1,10,1,1,0,70
G36000500214,1970,1,2,New York,36,Bronx,005,,,0214,A,5600,,Tract  214,0,1,G,311,0,0,0,6,0,0,0,1,335,0,0,0,5,0,0,0,0
G3600050021501,1970,1,2,New York,36,Bronx,005,,,021501,A,5600,,Tract  215.01,0,1,G,1744,524,2,3,11,0,0,1,41,2134,656,6,0,6,0,0,0,40
G3600050021502,1970,1,2,New York,36,Bronx,005,,,021502,A,5600,,Tract  215.02,0,1,G,2208,1325,7,0,11,1,0,2,49,2484,1522,8,0,9,3,0,2,53
G3600050021601,1970,1,2,New York,36,Bronx,005,,,021601,A,5600,,Tract  216.01,0,1,G,1759,10,0,1,20,0,0,0,1,2055,9,0,3,10,0,0,1,8
G3600050021602,1970,1,2,New York,36,Bronx,005,,,021602,A,5600,,Tract  216.02,0,1,G,2044,35,0,1,15,0,0,0,3,2782,41,2,4,13,0,0,0,6
G3600050021701,1970,1,2,New York,36,Bronx,005,,,021701,A,5600,,Tract  217.01,0,1,G,1641,1275,1,7,11,5,0,7,30,1895,1589,6,4,4,1,0,5,34
G3600050021702,1970,1,2,New York,36,Bronx,005,,,021702,A,5600,,Tract  217.02,0,1,G,290,40,0,2,3,0,0,0,3,354,55,1,0,3,1,0,0,2
G36000500218,1970,1,2,New York,36,Bronx,005,,,0218,A,5600,,Tract  218,0,1,G,2802,118,0,3,9,2,0,0,7,3088,129,0,3,10,2,1,1,10
G36000500219,1970,1,2,New York,36,Bronx,005,,,0219,A,5600,,Tract  219,0,1,G,438,49,0,2,13,0,0,0,6,524,45,0,0,8,0,0,0,7
G36000500220,1970,1,2,New York,36,Bronx,005,,,0220,A,5600,,Tract  220,0,1,G,579,53,0,0,3,0,0,0,2,629,73,0,0,1,0,0,0,4
G36000500221,1970,1,2,New York,36,Bronx,005,,,0221,A,5600,,Tract  221,0,1,G,2398,563,6,5,20,0,0,5,43,2898,770,7,8,14,2,0,5,51
G36000500223,1970,1,2,New York,36,Bronx,005,,,0223,A,5600,,Tract  223,0,1,G,3223,284,5,1,37,1,0,9,63,3913,340,5,4,32,2,0,14,77
G3600050022401,1970,1,2,New York,36,Bronx,005,,,022401,A,5600,,Tract  224.01,0,1,G,1149,9,0,0,0,0,0,1,1,1361,4,0,0,2,1,0,1,3
G3600050022402,1970,1,2,New York,36,Bronx,005,,,022402,A,5600,,Tract  224.02,0,1,G,2971,11,0,1,0,0,0,0,0,3539,7,0,2,0,0,0,1,1
G36000500225,1970,1,2,New York,36,Bronx,005,,,0225,A,5600,,Tract  225,0,1,G,2442,601,4,1,41,5,0,8,50,2885,852,3,5,33,6,0,3,63
G3600050022701,1970,1,2,New York,36,Bronx,005,,,022701,A,5600,,Tract  227.01,0,1,G,1730,451,11,4,10,5,0,0,40,2142,587,9,4,8,6,0,0,43
G3600050022702,1970,1,2,New York,36,Bronx,005,,,022702,A,5600,,Tract  227.02,0,1,G,621,24,0,1,0,0,0,0,0,740,24,0,1,0,0,0,3,0
G3600050022703,1970,1,2,New York,36,Bronx,005,,,022703,A,5600,,Tract  227.03,0,1,G,380,16,0,0,0,0,0,1,1,443,10,0,1,0,7,0,3,2
G36000500228,1970,1,2,New York,36,Bronx,005,,,0228,A,5600,,Tract  228,0,1,G,2339,1,0,1,8,1,0,3,1,2704,0,0,2,6,1,0,1,0
G3600050022901,1970,1,2,New York,36,Bronx,005,,,022901,A,5600,,Tract  229.01,0,1,G,1516,605,7,7,37,22,0,20,47,1913,775,8,12,26,30,0,25,62
G3600050022902,1970,1,2,New York,36,Bronx,005,,,022902,A,5600,,Tract  229.02,0,1,G,947,564,2,2,6,1,0,0,15,1158,803,5,2,8,1,0,0,22
G36000500230,1970,1,2,New York,36,Bronx,005,,,0230,A,5600,,Tract  230,0,1,G,1092,7,1,3,16,1,0,0,1,1250,9,2,4,13,4,0,0,1
G36000500231,1970,1,2,New York,36,Bronx,005,,,0231,A,5600,,Tract  231,0,1,G,631,301,0,0,2,4,0,0,23,733,372,3,0,3,5,0,0,28
G36000500232,1970,1,2,New York,36,Bronx,005,,,0232,A,5600,,Tract  232,0,1,G,1119,11,1,1,5,0,0,0,2,1218,14,0,2,7,0,0,0,3
G3600050023301,1970,1,2,New York,36,Bronx,005,,,023301,A,5600,,Tract  233.01,0,1,G,1813,411,2,0,37,6,0,0,17,2208,496,6,2,31,10,0,0,15
G3600050023302,1970,1,2,New York,36,Bronx,005,,,023302,A,5600,,Tract  233.02,0,1,G,1151,112,2,0,12,0,0,0,18,1282,124,1,1,6,4,0,0,15
G36000500234,1970,1,2,New York,36,Bronx,005,,,0234,A,5600,,Tract  234,0,1,G,1012,0,0,0,1,0,0,0,0,1127,0,0,6,1,0,0,0,0
G3600050023501,1970,1,2,New York,36,Bronx,005,,,023501,A,5600,,Tract  235.01,0,1,G,1076,65,1,0,37,0,0,1,24,1340,91,1,1,33,0,0,0,25
G3600050023502,1970,1,2,New York,36,Bronx,005,,,023502,A,5600,,Tract  235.02,0,1,G,1264,117,3,0,31,0,0,0,7,1644,141,2,0,34,0,0,0,9
G36000500236,1970,1,2,New York,36,Bronx,005,,,0236,A,5600,,Tract  236,0,1,G,745,3,0,0,8,0,0,3,2,812,3,0,0,12,0,0,1,6
G3600050023701,1970,1,2,New York,36,Bronx,005,,,023701,A,5600,,Tract  237.01,0,1,G,2850,156,1,5,7,1,1,0,28,3459,167,0,3,4,2,0,0,21
G3600050023702,1970,1,2,New York,36,Bronx,005,,,023702,A,5600,,Tract  237.02,0,1,G,439,38,0,0,11,0,0,0,0,496,48,0,2,14,0,0,0,1
G36000500239,1970,1,2,New York,36,Bronx,005,,,0239,A,5600,,Tract  239,0,1,G,2955,186,2,2,30,4,0,4,10,3514,206,4,6,29,4,0,3,19
G36000500240,1970,1,2,New York,36,Bronx,005,,,0240,A,5600,,Tract  240,0,1,G,1319,119,2,0,0,1,0,0,11,1533,143,0,1,1,4,0,2,11
G36000500241,1970,1,2,New York,36,Bronx,005,,,0241,A,5600,,Tract  241,0,1,G,2413,801,9,2,16,0,0,0,63,2698,961,10,3,17,5,0,1,64
G36000500242,1970,1,2,New York,36,Bronx,005,,,0242,A,5600,,Tract  242,0,1,G,52,10,0,0,0,0,0,0,0,46,7,0,0,0,0,0,0,0
G36000500243,1970,1,2,New York,36,Bronx,005,,,0243,A,5600,,Tract  243,0,1,G,1943,947,4,1,43,1,0,0,94,2123,1103,10,6,28,2,0,0,94
G36000500244,1970,1,2,New York,36,Bronx,005,,,0244,A,5600,,Tract  244,0,1,G,1097,1,0,0,3,0,0,0,0,1182,1,0,0,1,0,0,0,1
G36000500245,1970,1,2,New York,36,Bronx,005,,,0245,A,5600,,Tract  245,0,1,G,2996,653,19,10,18,3,0,6,55,3300,808,12,9,19,4,0,3,71
G36000500246,1970,1,2,New York,36,Bronx,005,,,0246,A,5600,,Tract  246,0,1,G,1063,1,0,0,0,2,0,0,3,1118,0,0,0,0,1,0,0,1
G36000500247,1970,1,2,New York,36,Bronx,005,,,0247,A,5600,,Tract  247,0,1,G,439,164,0,2,1,3,0,5,10,406,191,1,5,2,1,1,3,13
G36000500248,1970,1,2,New York,36,Bronx,005,,,0248,A,5600,,Tract  248,0,1,G,1531,3,0,2,2,0,0,0,0,1725,5,0,1,1,0,0,0,0
G36000500250,1970,1,2,New York,36,Bronx,005,,,0250,A,5600,,Tract  250,0,1,G,1415,1,0,1,0,0,0,0,3,1519,3,0,3,0,0,0,0,4
G36000500251,1970,1,2,New York,36,Bronx,005,,,0251,A,5600,,Tract  251,0,1,G,3326,756,15,10,93,4,2,5,134,3839,972,11,4,78,6,5,2,124
G36000500252,1970,1,2,New York,36,Bronx,005,,,0252,A,5600,,Tract  252,0,1,G,1201,26,0,0,0,0,0,0,1,1337,41,0,0,0,0,0,0,1
G36000500253,1970,1,2,New York,36,Bronx,005,,,0253,A,5600,,Tract  253,0,1,G,2383,82,0,0,28,0,1,2,12,2632,75,0,0,20,1,0,1,6
G36000500254,1970,1,2,New York,36,Bronx,005,,,0254,A,5600,,Tract  254,0,1,G,1112,0,0,3,9,0,0,0,0,1241,1,0,3,8,0,0,0,0
G36000500255,1970,1,2,New York,36,Bronx,005,,,0255,A,5600,,Tract  255,0,1,G,2398,37,1,0,4,5,0,1,7,2622,37,1,2,0,1,0,1,8
G36000500256,1970,1,2,New York,36,Bronx,005,,,0256,A,5600,,Tract  256,0,1,G,844,0,0,0,0,0,0,0,0,982,1,0,0,0,0,0,0,1
G36000500257,1970,1,2,New York,36,Bronx,005,,,0257,A,5600,,Tract  257,0,1,G,638,88,1,3,3,0,0,0,6,732,110,5,4,1,0,0,0,2
G36000500258,1970,1,2,New York,36,Bronx,005,,,0258,A,5600,,Tract  258,0,1,G,220,0,0,0,0,0,0,0,0,252,0,0,0,0,0,0,0,0
G36000500261,1970,1,2,New York,36,Bronx,005,,,0261,A,5600,,Tract  261,0,1,G,1349,130,0,13,41,11,0,1,8,1428,17,0,15,48,36,0,5,3
G36000500263,1970,1,2,New York,36,Bronx,005,,,0263,A,5600,,Tract  263,0,1,G,2191,42,0,2,4,2,0,1,8,2960,66,1,2,3,4,0,3,12
G36000500264,1970,1,2,New York,36,Bronx,005,,,0264,A,5600,,Tract  264,0,1,G,2401,1,0,1,17,0,0,0,2,2730,2,0,0,12,0,0,0,3
G36000500265,1970,1,2,New York,36,Bronx,005,,,0265,A,5600,,Tract  265,0,1,G,2162,5,0,4,9,1,0,1,4,2753,8,0,4,5,0,0,1,1
G3600050026601,1970,1,2,New York,36,Bronx,005,,,026601,A,5600,,Tract  266.01,0,1,G,1345,4,0,0,6,0,0,0,0,1476,4,0,0,3,0,0,1,0
G3600050026602,1970,1,2,New York,36,Bronx,005,,,026602,A,5600,,Tract  266.02,0,1,G,2602,62,0,7,5,2,1,0,3,2947,50,0,2,5,1,0,2,5
G36000500267,1970,1,2,New York,36,Bronx,005,,,0267,A,5600,,Tract  267,0,1,G,4055,26,2,1,11,0,0,4,4,4754,33,1,2,12,1,0,6,3
G36000500269,1970,1,2,New York,36,Bronx,005,,,0269,A,5600,,Tract  269,0,1,G,1216,17,0,0,1,1,0,2,7,1396,16,0,0,1,0,0,1,11
G3600050027101,1970,1,2,New York,36,Bronx,005,,,027101,A,5600,,Tract  271.01,0,1,G,515,282,1,1,2,2,0,0,1,537,359,1,0,1,0,0,0,5
G36000500273,1970,1,2,New York,36,Bronx,005,,,0273,A,5600,,Tract  273,0,1,G,2371,71,2,3,6,2,0,0,4,2688,104,2,1,6,3,0,1,9
G36000500274,1970,1,2,New York,36,Bronx,005,,,0274,A,5600,,Tract  274,0,1,G,4269,5,1,1,4,0,0,2,2,4758,7,2,1,1,0,0,3,2
G36000500277,1970,1,2,New York,36,Bronx,005,,,0277,A,5600,,Tract  277,0,1,G,2307,65,1,9,12,0,0,0,17,2608,79,0,10,15,0,0,0,17
G36000500279,1970,1,2,New York,36,Bronx,005,,,0279,A,5600,,Tract  279,0,1,G,3340,33,0,9,40,1,0,1,18,3769,35,1,8,38,0,0,3,13
G36000500281,1970,1,2,New York,36,Bronx,005,,,0281,A,5600,,Tract  281,0,1,G,1760,17,4,1,0,0,0,0,2,2179,23,0,0,0,1,0,0,5
G36000500283,1970,1,2,New York,36,Bronx,005,,,0283,A,5600,,Tract  283,0,1,G,457,5,0,0,1,0,2,2,3,480,11,0,0,2,0,0,0,3
G36000500284,1970,1,2,New York,36,Bronx,005,,,0284,A,5600,,Tract  284,0,1,G,336,89,0,0,2,1,0,0,2,367,109,0,0,1,4,0,0,5
G36000500285,1970,1,2,New York,36,Bronx,005,,,0285,A,5600,,Tract  285,0,1,G,1429,46,3,9,14,0,0,9,3,1630,77,3,8,17,0,0,3,3
G36000500286,1970,1,2,New York,36,Bronx,005,,,0286,A,5600,,Tract  286,0,1,G,735,9,0,5,4,0,0,0,0,757,4,0,4,7,0,0,0,0
G36000500287,1970,1,2,New York,36,Bronx,005,,,0287,A,5600,,Tract  287,0,1,G,1447,27,0,0,31,0,0,0,3,1579,37,0,0,23,0,0,0,7
G36000500288,1970,1,2,New York,36,Bronx,005,,,0288,A,5600,,Tract  288,0,1,G,1578,8,0,1,10,0,0,1,4,1639,4,0,0,5,1,0,3,4
G36000500289,1970,1,2,New York,36,Bronx,005,,,0289,A,5600,,Tract  289,0,1,G,1971,13,0,0,8,0,0,0,5,2285,24,0,0,3,0,0,0,8
G36000500293,1970,1,2,New York,36,Bronx,005,,,0293,A,5600,,Tract  293,0,1,G,3744,67,1,71,37,2,1,4,13,4028,105,3,81,40,4,0,11,14
G36000500295,1970,1,2,New York,36,Bronx,005,,,0295,A,5600,,Tract  295,0,1,G,2016,13,0,37,21,1,0,10,5,2300,18,0,33,30,0,0,5,7
G36000500296,1970,1,2,New York,36,Bronx,005,,,0296,A,5600,,Tract  296,0,1,G,839,74,0,1,21,7,0,6,7,1107,207,0,1,14,7,0,7,7
G36000500297,1970,1,2,New York,36,Bronx,005,,,0297,A,5600,,Tract  297,0,1,G,2196,18,0,2,14,0,0,1,0,2569,35,0,3,16,1,0,3,0
G36000500300,1970,1,2,New York,36,Bronx,005,,,0300,A,5600,,Tract  300,0,1,G,3012,3,1,5,9,0,0,0,1,3197,5,1,5,11,0,0,0,3
G36000500301,1970,1,2,New York,36,Bronx,005,,,0301,A,5600,,Tract  301,0,1,G,603,4,0,8,3,3,0,0,2,812,7,0,12,4,1,0,0,0
G36000500302,1970,1,2,New York,36,Bronx,005,,,0302,A,5600,,Tract  302,0,1,G,64,0,0,0,0,0,0,0,0,80,0,0,0,0,0,0,0,0
G36000500307,1970,1,2,New York,36,Bronx,005,,,0307,A,5600,,Tract  307,0,1,G,4693,47,2,203,21,1,0,15,7,5019,75,8,215,27,0,0,13,5
G36000500310,1970,1,2,New York,36,Bronx,005,,,0310,A,5600,,Tract  310,0,1,G,1211,0,0,0,0,0,0,0,5,1398,5,0,1,0,1,0,0,3
G36000500312,1970,1,2,New York,36,Bronx,005,,,0312,A,5600,,Tract  312,0,1,G,807,1,0,1,4,0,0,0,0,838,1,0,4,2,1,0,0,0
G36000500314,1970,1,2,New York,36,Bronx,005,,,0314,A,5600,,Tract  314,0,1,G,900,3,0,1,0,0,1,0,0,956,5,0,0,0,0,0,0,0
G36000500316,1970,1,2,New York,36,Bronx,005,,,0316,A,5600,,Tract  316,0,1,G,851,2,2,1,0,1,0,0,3,882,2,1,4,0,0,0,2,3
G36000500317,1970,1,2,New York,36,Bronx,005,,,0317,A,5600,,Tract  317,0,1,G,178,7,0,0,0,0,0,0,0,455,0,0,0,0,0,0,0,0
G36000500318,1970,1,2,New York,36,Bronx,005,,,0318,A,5600,,Tract  318,0,1,G,708,0,0,2,0,0,0,0,0,754,0,1,2,0,0,0,0,0
G36000500319,1970,1,2,New York,36,Bronx,005,,,0319,A,5600,,Tract  319,0,1,G,3,0,0,0,0,0,0,0,0,661,3,0,0,7,0,0,0,3
G36000500320,1970,1,2,New York,36,Bronx,005,,,0320,A,5600,,Tract  320,0,1,G,847,0,0,1,1,2,0,0,3,929,1,0,0,1,3,0,0,3
G36000500322,1970,1,2,New York,36,Bronx,005,,,0322,A,5600,,Tract  322,0,1,G,556,3,0,0,7,2,0,0,0,696,10,0,0,10,1,0,0,0
G36000500323,1970,1,2,New York,36,Bronx,005,,,0323,A,5600,,Tract  323,0,1,G,2911,148,2,210,22,2,0,11,19,3178,189,0,194,14,3,0,10,12
G36000500324,1970,1,2,New York,36,Bronx,005,,,0324,A,5600,,Tract  324,0,1,G,1629,141,1,0,12,0,0,5,3,1760,150,1,0,8,1,0,5,7
G36000500328,1970,1,2,New York,36,Bronx,005,,,0328,A,5600,,Tract  328,0,1,G,1892,85,0,0,9,0,0,0,9,1925,89,0,0,4,2,1,1,9
G36000500329,1970,1,2,New York,36,Bronx,005,,,0329,A,5600,,Tract  329,0,1,G,771,11,0,3,7,0,0,0,2,970,20,0,4,5,0,1,0,3
G36000500330,1970,1,2,New York,36,Bronx,005,,,0330,A,5600,,Tract  330,0,1,G,2041,25,0,0,8,0,0,2,1,2292,44,0,0,7,0,0,3,1
G36000500332,1970,1,2,New York,36,Bronx,005,,,0332,A,5600,,Tract  332,0,1,G,3501,46,0,2,8,0,0,4,8,4093,70,0,1,3,4,0,3,9
G36000500333,1970,1,2,New York,36,Bronx,005,,,0333,A,5600,,Tract  333,0,1,G,189,2,0,5,0,0,0,0,0,226,11,0,6,1,0,0,0,2
G36000500336,1970,1,2,New York,36,Bronx,005,,,0336,A,5600,,Tract  336,0,1,G,2373,314,0,3,12,1,0,1,6,2673,388,0,2,9,0,0,0,10
G36000500338,1970,1,2,New York,36,Bronx,005,,,0338,A,5600,,Tract  338,0,1,G,1411,17,0,0,7,0,0,0,1,1643,24,0,1,4,0,0,0,1
G36000500339,1970,1,2,New York,36,Bronx,005,,,0339,A,5600,,Tract  339,0,1,G,599,6,0,5,18,2,0,3,3,631,10,0,8,16,0,0,5,4
G36000500340,1970,1,2,New York,36,Bronx,005,,,0340,A,5600,,Tract  340,0,1,G,1754,4,0,0,22,1,0,0,7,2020,7,1,0,23,0,0,1,3
G36000500341,1970,1,2,New York,36,Bronx,005,,,0341,A,5600,,Tract  341,0,1,G,728,4,0,7,10,0,0,1,2,864,5,0,9,14,0,0,1,5
G36000500342,1970,1,2,New York,36,Bronx,005,,,0342,A,5600,,Tract  342,0,1,G,689,31,0,0,0,0,0,0,0,721,31,0,0,0,0,0,0,0
G36000500343,1970,1,2,New York,36,Bronx,005,,,0343,A,5600,,Tract  343,0,1,G,710,17,4,0,17,1,0,0,3,757,17,6,0,15,0,0,0,7
G36000500344,1970,1,2,New York,36,Bronx,005,,,0344,A,5600,,Tract  344,0,1,G,626,62,0,0,0,0,0,0,0,690,73,0,0,0,0,0,0,0
G36000500345,1970,1,2,New York,36,Bronx,005,,,0345,A,5600,,Tract  345,0,1,G,1715,62,1,17,19,7,0,2,11,1883,84,1,20,11,6,0,1,16
G36000500346,1970,1,2,New York,36,Bronx,005,,,0346,A,5600,,Tract  346,0,1,G,2045,548,6,0,4,1,0,0,6,2141,620,5,0,0,0,0,2,5
G36000500350,1970,1,2,New York,36,Bronx,005,,,0350,A,5600,,Tract  350,0,1,G,805,32,1,0,0,0,0,0,4,878,41,2,0,0,1,0,0,5
G36000500351,1970,1,2,New York,36,Bronx,005,,,0351,A,5600,,Tract  351,0,1,G,2381,33,0,20,7,5,0,0,22,1542,23,0,18,4,3,0,1,19
G36000500352,1970,1,2,New York,36,Bronx,005,,,0352,A,5600,,Tract  352,0,1,G,833,1,0,0,1,0,0,0,0,915,2,0,0,0,0,0,0,0
G36000500354,1970,1,2,New York,36,Bronx,005,,,0354,A,5600,,Tract  354,0,1,G,371,5,0,0,0,0,0,0,0,475,20,0,0,0,0,0,0,0
G36000500356,1970,1,2,New York,36,Bronx,005,,,0356,A,5600,,Tract  356,0,1,G,429,406,0,0,0,0,0,0,7,431,482,1,0,0,0,0,0,8
G36000500358,1970,1,2,New York,36,Bronx,005,,,0358,A,5600,,Tract  358,0,1,G,1539,1061,5,0,6,0,0,0,56,1613,1287,5,1,11,1,0,0,57
G36000500359,1970,1,2,New York,36,Bronx,005,,,0359,A,5600,,Tract  359,0,1,G,578,545,0,0,0,0,0,0,75,656,663,0,2,0,0,0,0,67
G36000500361,1970,1,2,New York,36,Bronx,005,,,0361,A,5600,,Tract  361,0,1,G,1103,696,0,0,6,1,0,3,23,1244,897,1,0,1,0,0,2,28
G36000500363,1970,1,2,New York,36,Bronx,005,,,0363,A,5600,,Tract  363,0,1,G,3255,2239,6,2,15,1,0,0,196,3778,2751,10,1,10,0,0,0,234
G36000500364,1970,1,2,New York,36,Bronx,005,,,0364,A,5600,,Tract  364,0,1,G,446,727,1,0,7,0,0,0,6,487,890,3,0,3,0,0,1,12
G3600050036501,1970,1,2,New York,36,Bronx,005,,,036501,A,5600,,Tract  365.01,0,1,G,1054,1049,1,0,1,0,0,0,56,1224,1336,2,2,1,0,0,0,58
G3600050036502,1970,1,2,New York,36,Bronx,005,,,036502,A,5600,,Tract  365.02,0,1,G,754,843,4,0,1,1,0,0,60,838,1070,4,0,0,0,0,2,59
G36000500366,1970,1,2,New York,36,Bronx,005,,,0366,A,5600,,Tract  366,0,1,G,133,174,0,0,4,0,0,0,4,177,235,0,0,3,0,0,0,4
G36000500367,1970,1,2,New York,36,Bronx,005,,,0367,A,5600,,Tract  367,0,1,G,1219,1425,4,0,7,2,0,0,161,1358,1733,14,0,7,0,0,0,213
G36000500368,1970,1,2,New York,36,Bronx,005,,,0368,A,5600,,Tract  368,0,1,G,380,309,0,2,2,0,0,0,6,486,372,5,0,4,0,0,0,11
G3600050036901,1970,1,2,New York,36,Bronx,005,,,036901,A,5600,,Tract  369.01,0,1,G,974,842,1,0,0,1,0,0,165,1124,1012,6,1,0,0,0,0,168
G3600050036902,1970,1,2,New York,36,Bronx,005,,,036902,A,5600,,Tract  369.02,0,1,G,657,730,4,0,0,0,0,1,59,704,829,10,0,1,0,0,0,78
G36000500370,1970,1,2,New York,36,Bronx,005,,,0370,A,5600,,Tract  370,0,1,G,1009,118,1,0,5,6,0,0,3,1069,149,2,0,6,6,0,1,9
G36000500371,1970,1,2,New York,36,Bronx,005,,,0371,A,5600,,Tract  371,0,1,G,2040,1613,3,0,2,0,0,0,200,2248,2008,7,0,2,1,0,0,237
G36000500372,1970,1,2,New York,36,Bronx,005,,,0372,A,5600,,Tract  372,0,1,G,785,29,0,1,1,0,0,0,2,877,32,0,1,0,0,0,0,0
G36000500373,1970,1,2,New York,36,Bronx,005,,,0373,A,5600,,Tract  373,0,1,G,2427,1363,6,0,0,1,1,0,123,2792,1674,9,0,1,0,0,0,133
G36000500374,1970,1,2,New York,36,Bronx,005,,,0374,A,5600,,Tract  374,0,1,G,1305,265,1,0,6,3,0,0,9,1469,341,2,0,4,1,0,0,11
G3600050037501,1970,1,2,New York,36,Bronx,005,,,037501,A,5600,,Tract  375.01,0,1,G,831,538,4,0,2,0,0,0,50,870,587,1,1,1,0,0,0,69
G3600050037502,1970,1,2,New York,36,Bronx,005,,,037502,A,5600,,Tract  375.02,0,1,G,668,802,1,2,3,2,0,0,41,811,922,0,3,3,0,0,0,42
G3600050037503,1970,1,2,New York,36,Bronx,005,,,037503,A,5600,,Tract  375.03,0,1,G,1067,247,6,4,21,0,0,2,56,1352,383,9,3,17,0,0,3,49
G36000500376,1970,1,2,New York,36,Bronx,005,,,0376,A,5600,,Tract  376,0,1,G,761,31,0,0,5,0,0,0,1,840,40,0,1,11,0,0,0,0
G36000500377,1970,1,2,New York,36,Bronx,005,,,0377,A,5600,,Tract  377,0,1,G,2111,1286,2,2,10,0,0,0,72,2243,1647,3,2,9,1,0,0,79
G36000500378,1970,1,2,New York,36,Bronx,005,,,0378,A,5600,,Tract  378,0,1,G,1085,92,0,0,2,6,0,0,1,1120,154,1,0,0,6,0,0,1
G36000500379,1970,1,2,New York,36,Bronx,005,,,0379,A,5600,,Tract  379,0,1,G,1319,807,5,3,1,1,0,8,11,1541,1052,4,2,0,4,0,4,17
G36000500380,1970,1,2,New York,36,Bronx,005,,,0380,A,5600,,Tract  380,0,1,G,909,757,3,1,2,2,0,0,23,911,955,1,0,3,1,0,0,21
G36000500381,1970,1,2,New York,36,Bronx,005,,,0381,A,5600,,Tract  381,0,1,G,2049,279,0,0,4,4,0,0,14,2507,350,0,1,5,4,0,0,17
G36000500382,1970,1,2,New York,36,Bronx,005,,,0382,A,5600,,Tract  382,0,1,G,392,534,2,0,0,0,0,0,37,460,712,4,1,0,0,0,0,27
G36000500383,1970,1,2,New York,36,Bronx,005,,,0383,A,5600,,Tract  383,0,1,G,3482,783,6,0,5,11,1,1,77,3920,993,3,1,3,15,0,1,73
G36000500385,1970,1,2,New York,36,Bronx,005,,,0385,A,5600,,Tract  385,0,1,G,2295,1091,2,1,3,0,0,0,53,2545,1382,3,2,5,0,0,0,65
G36000500386,1970,1,2,New York,36,Bronx,005,,,0386,A,5600,,Tract  386,0,1,G,1901,1065,1,0,0,1,0,0,15,2196,1322,3,0,1,1,0,2,16
G36000500387,1970,1,2,New York,36,Bronx,005,,,0387,A,5600,,Tract  387,0,1,G,1622,366,2,0,0,2,0,1,40,1795,511,3,0,0,1,0,0,38
G36000500388,1970,1,2,New York,36,Bronx,005,,,0388,A,5600,,Tract  388,0,1,G,180,792,0,0,6,0,0,0,0,208,973,1,0,7,0,0,0,0
G36000500389,1970,1,2,New York,36,Bronx,005,,,0389,A,5600,,Tract  389,0,1,G,2149,82,1,4,4,24,0,0,16,2301,101,0,2,2,26,0,0,9
G36000500390,1970,1,2,New York,36,Bronx,005,,,0390,A,5600,,Tract  390,0,1,G,475,672,0,0,3,0,0,0,2,566,815,0,0,0,0,0,0,3
G36000500391,1970,1,2,New York,36,Bronx,005,,,0391,A,5600,,Tract  391,0,1,G,3335,174,1,3,2,0,0,0,72,3655,184,0,2,1,1,0,0,76
G36000500392,1970,1,2,New York,36,Bronx,005,,,0392,A,5600,,Tract  392,0,1,G,508,105,0,0,1,0,1,0,0,607,147,0,0,0,0,4,0,0
G36000500393,1970,1,2,New York,36,Bronx,005,,,0393,A,5600,,Tract  393,0,1,G,2558,527,3,0,11,0,0,3,125,2833,660,6,1,9,0,0,0,126
G36000500394,1970,1,2,New York,36,Bronx,005,,,0394,A,5600,,Tract  394,0,1,G,1560,159,0,1,4,0,0,0,4,1791,224,1,1,8,1,0,1,10
G36000500396,1970,1,2,New York,36,Bronx,005,,,0396,A,5600,,Tract  396,0,1,G,522,873,2,0,3,0,0,0,4,584,992,4,0,3,0,0,0,3
G36000500397,1970,1,2,New York,36,Bronx,005,,,0397,A,5600,,Tract  397,0,1,G,619,10,0,0,0,1,0,0,1,708,22,0,0,1,2,0,0,0
G36000500398,1970,1,2,New York,36,Bronx,005,,,0398,A,5600,,Tract  398,0,1,G,144,1001,3,0,0,4,0,0,17,171,1268,1,0,0,2,0,0,23
G3600050039901,1970,1,2,New York,36,Bronx,005,,,039901,A,5600,,Tract  399.01,0,1,G,1829,34,2,0,8,3,0,0,7,2259,43,3,1,7,3,0,0,5
G3600050039902,1970,1,2,New York,36,Bronx,005,,,039902,A,5600,,Tract  399.02,0,1,G,1840,193,3,7,15,3,0,2,18,2150,244,3,2,14,6,0,3,16
G36000500401,1970,1,2,New York,36,Bronx,005,,,0401,A,5600,,Tract  401,0,1,G,1360,6,0,0,3,0,0,0,7,1799,5,0,1,3,0,1,0,8
G3600050040301,1970,1,2,New York,36,Bronx,005,,,040301,A,5600,,Tract  403.01,0,1,G,2741,11,0,1,4,2,0,0,4,3549,17,1,2,5,0,1,1,8
G3600050040302,1970,1,2,New York,36,Bronx,005,,,040302,A,5600,,Tract  403.02,0,1,G,1400,9,0,3,1,2,0,1,3,1798,5,1,4,1,3,0,0,3
G36000500404,1970,1,2,New York,36,Bronx,005,,,0404,A,5600,,Tract  404,0,1,G,314,954,1,1,3,0,0,0,0,330,1071,6,2,2,0,0,0,3
G36000500405,1970,1,2,New York,36,Bronx,005,,,0405,A,5600,,Tract  405,0,1,G,4242,62,1,10,46,11,0,4,17,4903,59,2,10,44,9,0,3,19
G36000500406,1970,1,2,New York,36,Bronx,005,,,0406,A,5600,,Tract  406,0,1,G,805,600,0,2,8,1,1,1,16,913,662,0,0,2,1,0,1,24
G3600050040701,1970,1,2,New York,36,Bronx,005,,,040701,A,5600,,Tract  407.01,0,1,G,1128,1,0,0,3,0,0,0,1,1371,5,1,1,3,0,0,0,0
G3600050040702,1970,1,2,New York,36,Bronx,005,,,040702,A,5600,,Tract  407.02,0,1,G,2599,10,1,1,20,0,0,0,3,3365,16,1,2,16,0,0,1,6
G36000500408,1970,1,2,New York,36,Bronx,005,,,0408,A,5600,,Tract  408,0,1,G,1527,145,2,3,3,5,0,7,29,1657,187,1,3,3,4,0,9,30
G36000500409,1970,1,2,New York,36,Bronx,005,,,0409,A,5600,,Tract  409,0,1,G,760,13,0,0,1,0,0,0,2,788,9,0,0,2,1,0,0,2
G36000500410,1970,1,2,New York,36,Bronx,005,,,0410,A,5600,,Tract  410,0,1,G,7,0,0,0,0,0,0,0,0,11,0,0,0,0,0,0,0,0
G36000500411,1970,1,2,New York,36,Bronx,005,,,0411,A,5600,,Tract  411,0,1,G,1191,7,2,0,8,0,0,0,6,1439,8,3,4,3,1,0,0,9
G36000500413,1970,1,2,New York,36,Bronx,005,,,0413,A,5600,,Tract  413,0,1,G,2754,4,0,1,18,1,0,0,1,3583,4,0,11,22,0,0,0,1
G36000500414,1970,1,2,New York,36,Bronx,005,,,0414,A,5600,,Tract  414,0,1,G,1957,52,2,0,1,0,0,0,7,2216,72,2,1,0,0,0,1,7
G36000500415,1970,1,2,New York,36,Bronx,005,,,0415,A,5600,,Tract  415,0,1,G,2250,17,0,4,1,0,0,0,13,2829,26,0,3,0,0,0,0,8
G36000500418,1970,1,2,New York,36,Bronx,005,,,0418,A,5600,,Tract  418,0,1,G,1391,8,0,1,0,0,0,0,0,1655,12,0,0,2,1,0,0,0
G36000500419,1970,1,2,New York,36,Bronx,005,,,0419,A,5600,,Tract  419,0,1,G,2792,6,1,1,14,1,0,3,6,3208,16,0,2,9,0,1,5,4
G36000500420,1970,1,2,New York,36,Bronx,005,,,0420,A,5600,,Tract  420,0,1,G,1349,88,1,0,1,3,1,0,5,1671,113,3,4,2,8,0,0,8
G36000500421,1970,1,2,New York,36,Bronx,005,,,0421,A,5600,,Tract  421,0,1,G,2173,15,0,4,20,6,0,4,16,2560,29,0,3,13,12,0,4,14
G36000500422,1970,1,2,New York,36,Bronx,005,,,0422,A,5600,,Tract  422,0,1,G,1063,243,0,0,0,0,0,0,1,1178,286,0,0,0,0,0,0,0
G36000500423,1970,1,2,New York,36,Bronx,005,,,0423,A,5600,,Tract  423,0,1,G,1407,19,0,0,10,0,0,1,1,1754,29,1,1,10,0,0,0,5
G36000500424,1970,1,2,New York,36,Bronx,005,,,0424,A,5600,,Tract  424,0,1,G,524,410,6,1,4,1,0,0,2,543,525,3,2,8,1,0,0,7
G36000500425,1970,1,2,New York,36,Bronx,005,,,0425,A,5600,,Tract  425,0,1,G,2458,22,1,2,13,1,0,0,0,2890,19,0,5,15,2,0,1,0
G36000500426,1970,1,2,New York,36,Bronx,005,,,0426,A,5600,,Tract  426,0,1,G,2104,587,1,1,1,0,0,0,20,2240,672,6,2,1,0,0,0,21
G36000500428,1970,1,2,New York,36,Bronx,005,,,0428,A,5600,,Tract  428,0,1,G,828,27,1,0,3,0,0,0,6,839,30,0,0,2,0,0,0,11
G3600050042901,1970,1,2,New York,36,Bronx,005,,,042901,A,5600,,Tract  429.01,0,1,G,1265,2,0,0,0,0,0,0,0,1483,2,0,0,0,0,0,0,0
G3600050042902,1970,1,2,New York,36,Bronx,005,,,042902,A,5600,,Tract  429.02,0,1,G,1453,12,0,0,3,0,0,0,0,1883,30,0,2,2,0,0,0,0
G36000500430,1970,1,2,New York,36,Bronx,005,,,0430,A,5600,,Tract  430,0,1,G,1195,50,0,0,1,0,0,0,4,1332,63,1,0,1,0,0,0,5
G36000500431,1970,1,2,New York,36,Bronx,005,,,0431,A,5600,,Tract  431,0,1,G,3660,125,3,13,18,12,0,7,23,4181,197,3,9,20,17,0,3,18
G36000500432,1970,1,2,New York,36,Bronx,005,,,0432,A,5600,,Tract  432,0,1,G,1039,2,0,0,0,0,0,0,0,1261,3,0,0,0,0,0,0,0
G36000500436,1970,1,2,New York,36,Bronx,005,,,0436,A,5600,,Tract  436,0,1,G,965,5,0,0,0,0,0,0,0,1021,4,1,0,0,0,0,0,0
G36000500438,1970,1,2,New York,36,Bronx,005,,,0438,A,5600,,Tract  438,0,1,G,1311,19,1,0,1,0,0,0,8,1432,22,0,0,0,0,0,0,6
G36000500440,1970,1,2,New York,36,Bronx,005,,,0440,A,5600,,Tract  440,0,1,G,365,2,0,0,1,1,0,0,0,417,5,0,0,3,2,0,0,0
G36000500442,1970,1,2,New York,36,Bronx,005,,,0442,A,5600,,Tract  442,0,1,G,1311,204,3,0,3,0,0,0,2,1439,245,2,1,6,2,0,0,1
G36000500446,1970,1,2,New York,36,Bronx,005,,,0446,A,5600,,Tract  446,0,1,G,348,68,0,0,0,0,0,0,3,383,96,0,0,0,0,0,0,6
G36000500448,1970,1,2,New York,36,Bronx,005,,,0448,A,5600,,Tract  448,0,1,G,800,92,0,1,0,0,0,0,6,805,114,0,1,0,0,0,0,10
G3600050044901,1970,1,2,New York,36,Bronx,005,,,044901,A,5600,,Tract  449.01,0,1,G,1061,8,0,0,0,0,0,0,0,1256,14,0,0,0,1,0,0,3
G3600050044902,1970,1,2,New York,36,Bronx,005,,,044902,A,5600,,Tract  449.02,0,1,G,1128,16,0,0,0,0,0,0,0,1371,27,0,0,0,0,0,0,0
G3600050045101,1970,1,2,New York,36,Bronx,005,,,045101,A,5600,,Tract  451.01,0,1,G,908,2,0,0,4,0,0,0,0,1152,3,1,1,3,0,0,0,1
G3600050045102,1970,1,2,New York,36,Bronx,005,,,045102,A,5600,,Tract  451.02,0,1,G,1198,8,0,1,0,0,0,0,0,1434,7,0,0,0,0,0,0,2
G36000500454,1970,1,2,New York,36,Bronx,005,,,0454,A,5600,,Tract  454,0,1,G,881,69,0,1,2,1,0,0,9,893,64,1,0,3,2,0,0,10
G36000500458,1970,1,2,New York,36,Bronx,005,,,0458,A,5600,,Tract  458,0,1,G,2004,2239,13,3,0,0,0,0,49,2289,2640,9,3,1,1,2,0,64
G36000500460,1970,1,2,New York,36,Bronx,005,,,0460,A,5600,,Tract  460,0,1,G,143,239,0,0,0,2,0,0,7,154,260,0,0,0,3,0,0,5
G3600050046201,1970,1,2,New York,36,Bronx,005,,,046201,A,5600,,Tract  462.01,0,1,G,5020,706,2,1,3,3,0,0,20,5325,836,4,0,1,2,0,1,21
G3600050046202,1970,1,2,New York,36,Bronx,005,,,046202,A,5600,,Tract  462.02,0,1,G,1486,1599,6,4,5,5,0,0,33,1740,1891,6,11,10,1,0,1,51
G36000500484,1970,1,2,New York,36,Bronx,005,,,0484,A,5600,,Tract  484,0,1,G,779,84,0,0,0,2,0,0,10,769,98,0,0,1,0,0,0,14
G36000500502,1970,1,2,New York,36,Bronx,005,,,0502,A,5600,,Tract  502,0,1,G,351,1,0,0,0,0,0,0,0,375,2,0,0,0,1,0,0,0
G36000500516,1970,1,2,New York,36,Bronx,005,,,0516,A,5600,,Tract  516,0,1,G,2365,142,0,1,5,0,0,0,0,2376,35,1,0,4,0,0,1,0
G36000700001,1970,1,2,New York,36,Broome,007,,,0001,,0960,,Tract    1,0,1,E,1789,19,1,2,2,0,0,0,0,2206,15,1,2,1,0,0,0,1
G36000700002,1970,1,2,New York,36,Broome,007,,,0002,,0960,,Tract    2,0,1,E,2010,19,0,0,4,1,1,0,3,2242,16,1,1,0,0,0,0,3
G36000700003,1970,1,2,New York,36,Broome,007,,,0003,,0960,,Tract    3,0,1,E,1461,74,2,1,0,0,0,0,13,1654,62,2,0,0,0,0,1,12
G36000700004,1970,1,2,New York,36,Broome,007,,,0004,,0960,,Tract    4,0,1,E,1459,5,0,0,0,0,0,0,1,1754,12,0,1,0,1,0,0,1
G36000700005,1970,1,2,New York,36,Broome,007,,,0005,,0960,,Tract    5,0,1,E,1317,48,0,0,0,0,0,0,6,1509,40,0,1,1,0,0,1,2
G36000700006,1970,1,2,New York,36,Broome,007,,,0006,,0960,,Tract    6,0,1,E,1434,32,2,0,1,2,0,0,1,1639,42,4,0,0,0,0,0,0
G36000700007,1970,1,2,New York,36,Broome,007,,,0007,,0960,,Tract    7,0,1,E,1974,28,1,2,0,0,0,0,2,2373,26,2,2,0,0,1,0,0
G36000700008,1970,1,2,New York,36,Broome,007,,,0008,,0960,,Tract    8,0,1,E,890,16,0,0,1,1,0,0,1,1020,35,0,0,0,0,0,0,6
G36000700009,1970,1,2,New York,36,Broome,007,,,0009,,0960,,Tract    9,0,1,E,1096,22,0,0,0,0,0,0,3,1188,19,0,0,1,0,0,0,2
G36000700010,1970,1,2,New York,36,Broome,007,,,0010,,0960,,Tract   10,0,1,E,582,28,0,1,12,0,0,0,2,606,14,0,3,2,0,0,0,0
G36000700011,1970,1,2,New York,36,Broome,007,,,0011,,0960,,Tract   11,0,1,E,507,171,5,1,6,0,0,0,1,658,214,1,0,1,0,0,0,1
G36000700012,1970,1,2,New York,36,Broome,007,,,0012,,0960,,Tract   12,0,1,E,499,20,6,0,0,0,0,0,6,422,8,4,0,0,0,0,0,5
G36000700013,1970,1,2,New York,36,Broome,007,,,0013,,0960,,Tract   13,0,1,E,1360,36,2,0,1,1,0,0,4,1953,40,1,0,0,9,0,0,4
G36000700014,1970,1,2,New York,36,Broome,007,,,0014,,0960,,Tract   14,0,1,E,2599,22,0,0,2,0,0,0,4,3273,27,0,2,1,0,0,1,6
G36000700015,1970,1,2,New York,36,Broome,007,,,0015,,0960,,Tract   15,0,1,E,2991,9,0,1,0,3,1,0,2,3415,10,1,1,2,0,0,1,0
G36000700016,1970,1,2,New York,36,Broome,007,,,0016,,0960,,Tract   16,0,1,E,1598,15,0,1,0,0,0,0,3,1764,11,0,0,0,0,0,0,7
G36000700017,1970,1,2,New York,36,Broome,007,,,0017,,0960,,Tract   17,0,1,E,2529,51,0,0,0,0,0,0,0,3165,60,1,2,0,1,1,0,1
G36000700018,1970,1,2,New York,36,Broome,007,,,0018,,0960,,Tract   18,0,1,E,2614,79,0,1,2,2,0,0,6,2890,78,2,0,9,1,0,0,8
G3600070011901,1970,1,2,New York,36,Broome,007,,,011901,,0960,,Tract  119.01,0,1,E,1151,2,1,0,0,0,0,0,0,1122,0,5,0,1,0,0,1,2
G3600070011902,1970,1,2,New York,36,Broome,007,,,011902,,0960,,Tract  119.02,0,1,E,1021,10,0,1,2,0,0,0,0,987,8,0,2,0,0,0,1,0
G3600070011903,1970,1,2,New York,36,Broome,007,,,011903,,0960,,Tract  119.03,0,1,E,939,1,5,0,0,0,0,0,0,966,0,6,0,0,0,0,0,0
G3600070012001,1970,1,2,New York,36,Broome,007,,,012001,,0960,,Tract  120.01,0,1,E,498,0,0,0,0,0,0,0,1,517,1,1,2,0,0,0,0,0
G3600070012002,1970,1,2,New York,36,Broome,007,,,012002,,0960,,Tract  120.02,0,1,E,2904,10,1,1,0,1,0,0,1,2910,10,1,0,0,1,0,1,1
G3600070012101,1970,1,2,New York,36,Broome,007,,,012101,,0960,,Tract  121.01,0,1,E,1932,5,7,0,0,0,0,0,0,1895,3,7,0,0,0,0,0,0
G3600070012102,1970,1,2,New York,36,Broome,007,,,012102,,0960,,Tract  121.02,0,1,E,2185,2,0,2,0,0,0,0,0,2312,1,0,1,0,0,0,0,0
G3600070012103,1970,1,2,New York,36,Broome,007,,,012103,,0960,,Tract  121.03,0,1,E,1939,13,0,0,0,0,0,0,1,1953,6,1,2,0,0,0,0,0
G3600070012201,1970,1,2,New York,36,Broome,007,,,012201,,0960,,Tract  122.01,0,1,E,1546,4,0,0,0,0,0,0,1,1700,7,2,1,0,1,0,0,0
G3600070012202,1970,1,2,New York,36,Broome,007,,,012202,,0960,,Tract  122.02,0,1,E,1724,2,0,0,0,0,0,0,0,1728,1,2,0,0,0,0,0,0
G36000700123,1970,1,2,New York,36,Broome,007,,,0123,,0960,,Tract  123,0,1,E,2213,6,1,0,0,0,0,0,0,2181,12,0,3,0,0,0,1,3
G36000700124,1970,1,2,New York,36,Broome,007,,,0124,,0960,,Tract  124,0,1,E,1284,1,2,0,0,0,0,0,0,1239,1,0,0,0,0,0,0,1
G36000700125,1970,1,2,New York,36,Broome,007,,,0125,,0960,,Tract  125,0,1,E,2797,3,3,0,0,1,0,0,2,2834,0,2,0,0,0,0,2,2
G36000700126,1970,1,2,New York,36,Broome,007,,,0126,,0960,,Tract  126,0,1,E,2841,11,6,0,0,0,0,0,0,2815,6,5,3,0,0,0,0,0
G3600070012701,1970,1,2,New York,36,Broome,007,,,012701,,0960,,Tract  127.01,0,1,E,2638,11,0,0,0,0,0,1,5,2721,16,1,0,0,0,0,2,4
G3600070012702,1970,1,2,New York,36,Broome,007,,,012702,,0960,,Tract  127.02,0,1,E,2410,10,1,1,0,0,0,0,0,2410,10,0,1,0,0,0,1,0
G36000700128,1970,1,2,New York,36,Broome,007,,,0128,,0960,,Tract  128,0,1,E,2682,22,0,0,1,0,0,0,1,2967,12,1,0,0,1,0,0,0
G36000700129,1970,1,2,New York,36,Broome,007,,,0129,,0960,,Tract  129,0,1,E,548,4,0,0,0,0,0,0,0,510,2,0,0,0,0,0,0,0
G36000700130,1970,1,2,New York,36,Broome,007,,,0130,,0960,,Tract  130,0,1,E,2736,9,1,4,2,0,0,0,0,2828,9,0,2,0,0,0,1,2
G36000700131,1970,1,2,New York,36,Broome,007,,,0131,,0960,,Tract  131,0,1,E,1831,9,0,4,3,0,1,0,1,1938,11,0,0,1,0,0,1,1
G3600070013201,1970,1,2,New York,36,Broome,007,,,013201,,0960,,Tract  132.01,0,1,E,1757,9,0,3,0,0,0,0,1,1756,5,0,2,0,0,0,0,0
G3600070013202,1970,1,2,New York,36,Broome,007,,,013202,,0960,,Tract  132.02,0,1,E,1890,27,0,13,11,0,0,0,9,1930,21,0,11,5,0,0,0,8
G3600070013301,1970,1,2,New York,36,Broome,007,,,013301,,0960,,Tract  133.01,0,1,E,2766,12,0,0,1,0,0,1,3,2899,9,4,3,3,1,0,0,8
G3600070013302,1970,1,2,New York,36,Broome,007,,,013302,,0960,,Tract  133.02,0,1,E,3169,12,0,2,2,0,0,0,0,3076,13,1,3,3,0,0,1,0
G36000700134,1970,1,2,New York,36,Broome,007,,,0134,,0960,,Tract  134,0,1,E,2820,17,1,2,0,0,0,0,1,3000,14,4,4,0,0,0,1,0
G36000700135,1970,1,2,New York,36,Broome,007,,,0135,,0960,,Tract  135,0,1,E,1247,38,0,0,4,0,2,0,2,1465,47,0,1,1,0,0,1,1
G36000700136,1970,1,2,New York,36,Broome,007,,,0136,,0960,,Tract  136,0,1,E,2108,7,2,0,2,0,0,0,10,2281,7,1,0,2,0,0,0,8
G36000700137,1970,1,2,New York,36,Broome,007,,,0137,,0960,,Tract  137,0,1,E,1574,25,0,2,4,0,0,0,1,1806,37,0,2,3,0,0,0,1
G36000700138,1970,1,2,New York,36,Broome,007,,,0138,,0960,,Tract  138,0,1,E,2174,0,0,2,1,0,0,1,7,2390,0,0,3,1,0,0,0,4
G36000700139,1970,1,2,New York,36,Broome,007,,,0139,,0960,,Tract  139,0,1,E,1431,1,1,0,1,4,0,4,1,1736,0,1,1,0,4,0,1,3
G36000700140,1970,1,2,New York,36,Broome,007,,,0140,,0960,,Tract  140,0,1,E,1719,11,1,1,1,0,0,1,7,1993,8,0,0,1,0,0,2,3
G36000700141,1970,1,2,New York,36,Broome,007,,,0141,,0960,,Tract  141,0,1,E,2044,3,0,3,0,1,0,1,1,2414,3,1,2,0,0,0,6,0
G36000700142,1970,1,2,New York,36,Broome,007,,,0142,,0960,,Tract  142,0,1,E,976,0,0,0,1,0,0,0,0,1048,0,0,0,1,0,0,0,0
G36000700143,1970,1,2,New York,36,Broome,007,,,0143,,0960,,Tract  143,0,1,E,5530,92,3,15,36,12,0,5,14,5409,83,5,10,35,10,0,8,13
G36000700144,1970,1,2,New York,36,Broome,007,,,0144,,0960,,Tract  144,0,1,E,3236,20,0,1,6,0,0,1,8,3455,11,0,1,3,1,0,1,6
G36000700145,1970,1,2,New York,36,Broome,007,,,0145,,0960,,Tract  145,0,1,E,2156,12,0,1,3,0,0,0,2,2219,5,0,3,1,0,0,0,0
G36000700146,1970,1,2,New York,36,Broome,007,,,0146,,0960,,Tract  146,0,1,E,2283,14,2,0,5,0,0,1,3,2150,8,1,1,7,0,0,1,1
G36001500001,1970,1,2,New York,36,Chemung,015,,,0001,,,,Tract    1,1,1,03,1854,238,6,0,0,3,0,0,0,2267,247,4,1,0,2,0,0,1
G36001500002,1970,1,2,New York,36,Chemung,015,,,0002,,,,Tract    2,1,1,03,1697,64,0,3,0,0,0,2,0,2045,91,0,3,0,0,0,2,1
G36001500003,1970,1,2,New York,36,Chemung,015,,,0003,,,,Tract    3,1,1,03,657,700,12,0,1,0,0,0,0,8,1,0,0,0,0,0,0,0
G36001500004,1970,1,2,New York,36,Chemung,015,,,0004,,,,Tract    4,1,1,03,1323,33,0,0,1,0,0,0,1,1698,62,0,2,0,0,0,2,0
G36001500005,1970,1,2,New York,36,Chemung,015,,,0005,,,,Tract    5,1,1,03,1707,16,0,0,0,0,0,0,0,2086,14,1,3,0,0,0,0,0
G36001500006,1970,1,2,New York,36,Chemung,015,,,0006,,,,Tract    6,1,1,03,1865,40,1,1,0,1,0,0,0,3207,41,6,3,0,0,1,0,1
G36001500007,1970,1,2,New York,36,Chemung,015,,,0007,,,,Tract    7,1,1,03,394,63,0,0,1,0,0,0,4,406,66,0,0,0,0,0,0,0
G36001500008,1970,1,2,New York,36,Chemung,015,,,0008,,,,Tract    8,1,1,03,705,573,1,0,0,0,0,0,11,1067,657,5,1,0,0,0,0,3
G36001500009,1970,1,2,New York,36,Chemung,015,,,0009,,,,Tract    9,1,1,03,2146,45,2,0,1,0,0,0,0,2482,50,2,1,1,0,0,0,0
G36001500010,1970,1,2,New York,36,Chemung,015,,,0010,,,,Tract   10,1,1,03,1976,41,2,2,0,0,0,0,0,2356,38,0,2,0,0,0,0,1
G36001500011,1970,1,2,New York,36,Chemung,015,,,0011,,,,Tract   11,1,1,03,2258,30,1,0,0,0,0,0,2,2490,29,1,0,1,0,0,0,2
G36001500101,1970,1,2,New York,36,Chemung,015,,,0101,,,,Tract  101,1,1,03,1474,4,3,0,0,0,0,0,3,1543,9,2,1,0,0,0,0,5
G36001500102,1970,1,2,New York,36,Chemung,015,,,0102,,,,Tract  102,1,1,03,3021,13,1,1,0,0,0,0,0,2959,8,1,0,0,0,0,0,0
G36001500103,1970,1,2,New York,36,Chemung,015,,,0103,,,,Tract  103,1,1,03,3395,7,1,1,10,0,0,2,3,3394,6,1,2,11,0,0,3,1
G36001500104,1970,1,2,New York,36,Chemung,015,,,0104,,,,Tract  104,1,1,03,2135,16,0,0,0,0,0,0,0,2252,21,1,1,0,1,0,0,0
G36001500105,1970,1,2,New York,36,Chemung,015,,,0105,,,,Tract  105,1,1,03,1639,13,0,0,0,0,0,0,1,1885,21,0,1,0,0,0,0,2
G36001500106,1970,1,2,New York,36,Chemung,015,,,0106,,,,Tract  106,1,1,03,1521,4,0,0,0,0,0,0,0,1620,3,1,0,0,0,0,0,0
G36001500107,1970,1,2,New York,36,Chemung,015,,,0107,,,,Tract  107,1,1,03,2892,7,1,1,0,1,0,0,0,2913,7,1,3,0,0,0,0,0
G36001500108,1970,1,2,New York,36,Chemung,015,,,0108,,,,Tract  108,1,1,03,2305,12,2,1,1,0,0,0,2,2564,13,2,2,0,1,1,0,0
G36001500109,1970,1,2,New York,36,Chemung,015,,,0109,,,,Tract  109,1,1,03,3318,13,2,1,1,0,0,0,3,3733,14,1,1,2,0,0,0,1
G36001500110,1970,1,2,New York,36,Chemung,015,,,0110,,,,Tract  110,1,1,03,1528,7,4,0,0,0,0,0,0,1490,5,10,0,0,0,0,0,1
G36001500111,1970,1,2,New York,36,Chemung,015,,,0111,,,,Tract  111,1,1,03,3777,18,1,1,0,0,0,1,1,4316,10,2,1,0,0,0,2,2
G36001500112,1970,1,2,New York,36,Chemung,015,,,0112,,,,Tract  112,1,1,03,2721,3,0,0,0,0,0,0,1,2839,2,2,1,0,0,0,0,1
G36002700100,1970,1,2,New York,36,Dutchess,027,,,0100,,,,Tract  100,1,1,09,1731,45,2,0,0,0,0,0,0,1880,50,7,1,0,0,0,0,1
G36002700200,1970,1,2,New York,36,Dutchess,027,,,0200,,,,Tract  200,1,1,09,2494,99,2,5,1,0,0,0,2,2506,98,0,4,2,1,0,1,0
G36002700300,1970,1,2,New York,36,Dutchess,027,,,0300,,,,Tract  300,1,1,09,1261,13,0,1,0,0,0,0,1,1310,17,0,1,0,0,0,0,0
G36002700400,1970,1,2,New York,36,Dutchess,027,,,0400,,,,Tract  400,1,1,09,2031,135,5,0,0,0,0,1,1,2119,120,12,0,0,0,0,3,0
G36002700501,1970,1,2,New York,36,Dutchess,027,,,0501,,,,Tract  501,1,1,09,2968,65,1,0,5,0,0,0,10,2974,51,0,1,5,0,0,0,8
G36002700502,1970,1,2,New York,36,Dutchess,027,,,0502,,,,Tract  502,1,1,09,2442,33,1,0,9,0,0,3,11,2434,32,10,0,12,0,0,7,10
G36002700601,1970,1,2,New York,36,Dutchess,027,,,0601,,,,Tract  601,1,1,09,1214,93,2,0,7,6,0,3,21,909,63,0,0,6,1,0,8,7
G36002700602,1970,1,2,New York,36,Dutchess,027,,,0602,,,,Tract  602,1,1,09,2421,137,2,0,2,0,0,0,3,2586,168,2,1,1,0,0,0,1
G36002700603,1970,1,2,New York,36,Dutchess,027,,,0603,,,,Tract  603,1,1,09,1858,45,2,0,30,1,0,0,10,1915,60,2,1,31,0,0,0,9
G36002700701,1970,1,2,New York,36,Dutchess,027,,,0701,,,,Tract  701,1,1,09,2872,30,1,2,10,0,0,0,1,2901,34,0,4,7,1,0,0,2
G36002700702,1970,1,2,New York,36,Dutchess,027,,,0702,,,,Tract  702,1,1,09,1355,0,0,1,1,0,0,0,3,1485,2,0,0,0,0,0,0,2
G36002700703,1970,1,2,New York,36,Dutchess,027,,,0703,,,,Tract  703,1,1,09,2123,46,2,0,3,0,0,0,1,2181,55,1,0,3,0,0,2,0
G36002700704,1970,1,2,New York,36,Dutchess,027,,,0704,,,,Tract  704,1,1,09,1437,17,1,0,2,3,0,0,0,1532,24,0,0,1,2,0,0,0
G36002700801,1970,1,2,New York,36,Dutchess,027,,,0801,,,,Tract  801,1,1,09,2776,24,0,3,6,0,0,0,3,2795,19,0,2,7,2,0,0,2
G36002700802,1970,1,2,New York,36,Dutchess,027,,,0802,,,,Tract  802,1,1,09,2562,29,0,2,25,0,0,0,1,2596,22,0,1,20,3,1,0,1
G36002700900,1970,1,2,New York,36,Dutchess,027,,,0900,,,,Tract  900,1,1,09,1514,10,9,0,3,0,0,0,1,1551,13,10,0,2,0,0,0,1
G36002701000,1970,1,2,New York,36,Dutchess,027,,,1000,,,,Tract 1000,1,1,09,1276,43,0,0,0,1,0,0,4,1355,45,0,1,0,0,0,0,5
G36002701100,1970,1,2,New York,36,Dutchess,027,,,1100,,,,Tract 1100,1,1,09,2273,73,0,1,2,0,0,0,0,2345,65,0,1,3,0,0,0,1
G36002701300,1970,1,2,New York,36,Dutchess,027,,,1300,,,,Tract 1300,1,1,09,2920,37,1,0,2,1,0,0,4,3000,47,0,2,1,1,0,0,5
G36002701401,1970,1,2,New York,36,Dutchess,027,,,1401,,,,Tract 1401,1,1,09,2217,52,0,1,4,2,0,0,3,1636,34,0,0,2,0,0,1,4
G36002701402,1970,1,2,New York,36,Dutchess,027,,,1402,,,,Tract 1402,1,1,09,1974,46,0,6,3,1,0,0,2,2155,72,1,14,4,1,0,0,1
G36002701403,1970,1,2,New York,36,Dutchess,027,,,1403,,,,Tract 1403,1,1,09,3056,184,14,2,35,0,0,0,22,3423,189,8,3,25,2,0,0,11
G36002701404,1970,1,2,New York,36,Dutchess,027,,,1404,,,,Tract 1404,1,1,09,3097,18,0,0,31,2,0,4,2,3096,13,0,0,35,0,0,2,1
G36002701405,1970,1,2,New York,36,Dutchess,027,,,1405,,,,Tract 1405,1,1,09,509,9,0,2,7,1,0,0,0,542,6,0,1,13,0,0,0,0
G36002701406,1970,1,2,New York,36,Dutchess,027,,,1406,,,,Tract 1406,1,1,09,1561,83,2,3,28,0,0,0,5,1482,74,2,2,30,1,0,1,4
G36002701407,1970,1,2,New York,36,Dutchess,027,,,1407,,,,Tract 1407,1,1,09,3405,19,7,3,8,0,5,0,2,3408,20,8,1,13,0,3,0,0
G36002701408,1970,1,2,New York,36,Dutchess,027,,,1408,,,,Tract 1408,1,1,09,1308,20,0,0,0,1,0,0,2,1291,21,0,1,0,0,0,0,0
G36002701500,1970,1,2,New York,36,Dutchess,027,,,1500,,,,Tract 1500,1,1,09,3650,46,2,0,4,0,0,0,6,3806,30,0,0,3,0,0,0,1
G36002701600,1970,1,2,New York,36,Dutchess,027,,,1600,,,,Tract 1600,1,1,09,2661,41,0,0,3,0,0,0,12,2892,37,1,2,1,2,0,0,6
G36002701700,1970,1,2,New York,36,Dutchess,027,,,1700,,,,Tract 1700,1,1,09,1221,15,2,1,2,0,0,0,0,1200,33,1,0,0,0,0,4,0
G36002701901,1970,1,2,New York,36,Dutchess,027,,,1901,,,,Tract 1901,1,1,09,2338,77,2,2,30,0,0,1,9,2352,80,0,0,25,0,0,1,9
G36002701902,1970,1,2,New York,36,Dutchess,027,,,1902,,,,Tract 1902,1,1,09,2447,31,0,1,8,1,0,2,13,2426,33,0,2,10,1,0,2,15
G36002701903,1970,1,2,New York,36,Dutchess,027,,,1903,,,,Tract 1903,1,1,09,2182,87,1,6,18,2,0,6,18,2174,79,1,4,16,6,0,5,20
G36002701904,1970,1,2,New York,36,Dutchess,027,,,1904,,,,Tract 1904,1,1,09,1487,24,0,0,15,0,0,2,1,1452,23,0,0,8,0,0,3,1
G36002702000,1970,1,2,New York,36,Dutchess,027,,,2000,,,,Tract 2000,1,1,09,1863,113,1,0,0,0,0,0,1,2275,143,0,7,1,3,0,0,0
G36002702101,1970,1,2,New York,36,Dutchess,027,,,2101,,,,Tract 2101,1,1,09,1637,36,0,0,2,0,0,0,5,1875,39,0,0,3,0,0,0,6
G36002702102,1970,1,2,New York,36,Dutchess,027,,,2102,,,,Tract 2102,1,1,09,1607,593,2,0,0,0,0,1,8,1700,647,1,0,0,0,0,1,9
G36002702103,1970,1,2,New York,36,Dutchess,027,,,2103,,,,Tract 2103,1,1,09,1941,5,0,0,1,0,0,0,0,1994,12,1,0,1,0,0,0,0
G36002702201,1970,1,2,New York,36,Dutchess,027,,,2201,,,,Tract 2201,1,1,09,1772,586,2,1,2,0,0,0,7,1878,545,2,0,4,0,0,0,10
G36002702202,1970,1,2,New York,36,Dutchess,027,,,2202,,,,Tract 2202,1,1,09,821,428,0,0,0,1,0,0,2,832,445,0,0,0,1,0,0,3
G36002702203,1970,1,2,New York,36,Dutchess,027,,,2203,,,,Tract 2203,1,1,09,296,437,0,0,0,0,0,0,0,324,502,1,0,0,0,0,0,1
G36002702204,1970,1,2,New York,36,Dutchess,027,,,2204,,,,Tract 2204,1,1,09,980,160,0,0,6,1,1,1,1,1269,187,0,0,4,2,0,0,0
G36002702205,1970,1,2,New York,36,Dutchess,027,,,2205,,,,Tract 2205,1,1,09,1394,727,1,1,8,1,1,0,1,1584,820,2,1,3,1,0,0,1
G36002702206,1970,1,2,New York,36,Dutchess,027,,,2206,,,,Tract 2206,1,1,09,1055,121,2,0,6,0,0,0,0,1292,131,1,0,13,0,0,0,1
G36002702207,1970,1,2,New York,36,Dutchess,027,,,2207,,,,Tract 2207,1,1,09,716,219,2,0,2,0,0,0,4,917,239,2,0,2,0,0,0,5
G36002702208,1970,1,2,New York,36,Dutchess,027,,,2208,,,,Tract 2208,1,1,09,1493,80,0,1,5,1,0,0,3,1783,92,0,0,4,0,0,0,0
G36002702209,1970,1,2,New York,36,Dutchess,027,,,2209,,,,Tract 2209,1,1,09,1465,47,2,0,1,0,0,0,1,1786,58,1,0,0,0,0,0,0
G36002702210,1970,1,2,New York,36,Dutchess,027,,,2210,,,,Tract 2210,1,1,09,2054,26,0,1,0,0,0,0,1,2307,26,0,0,0,0,0,0,0
G36002703000,1970,1,2,New York,36,Dutchess,027,,,3000,,,,Tract 3000,1,1,09,2557,57,5,1,24,0,0,2,26,2846,51,4,1,20,1,0,0,12
G36002704100,1970,1,2,New York,36,Dutchess,027,,,4100,,,,Tract 4100,1,1,09,161,1,0,0,0,0,1,1,0,1351,28,0,3,22,0,0,2,7
G36002706100,1970,1,2,New York,36,Dutchess,027,,,6100,,,,Tract 6100,1,1,09,1036,1095,2,0,1,0,0,0,0,48,6,0,0,0,0,0,0,0
G36002706200,1970,1,2,New York,36,Dutchess,027,,,6200,,,,Tract 6200,1,1,09,1366,330,0,1,6,3,0,1,40,1869,368,1,0,0,5,0,4,54
G36002706300,1970,1,2,New York,36,Dutchess,027,,,6300,,,,Tract 6300,1,1,09,1442,125,0,0,1,0,0,0,1,2015,132,0,0,2,0,0,0,1
G36002706400,1970,1,2,New York,36,Dutchess,027,,,6400,,,,Tract 6400,1,1,09,683,519,0,0,1,2,1,0,2,135,91,1,0,0,0,0,0,0
G36002706500,1970,1,2,New York,36,Dutchess,027,,,6500,,,,Tract 6500,1,1,09,1778,353,1,0,2,0,0,0,2,1655,325,4,0,3,0,0,0,2
G36002900001,1970,1,2,New York,36,Erie,029,,,0001,,1280,,Tract    1,0,1,A,1652,0,0,0,0,0,0,1,5,1677,0,1,0,0,1,0,1,6
G36002900002,1970,1,2,New York,36,Erie,029,,,0002,,1280,,Tract    2,0,1,A,3329,8,6,0,0,0,0,0,4,3674,6,11,0,0,0,0,1,4
G36002900003,1970,1,2,New York,36,Erie,029,,,0003,,1280,,Tract    3,0,1,A,494,63,3,0,0,0,0,0,1,557,77,2,0,0,0,0,0,3
G36002900004,1970,1,2,New York,36,Erie,029,,,0004,,1280,,Tract    4,0,1,A,544,7,1,0,0,0,0,0,9,549,5,3,0,0,0,0,0,7
G36002900005,1970,1,2,New York,36,Erie,029,,,0005,,1280,,Tract    5,0,1,A,2090,15,10,0,0,0,0,0,4,2291,20,10,0,0,0,0,0,6
G3600290000599,1970,1,2,New York,36,Erie,029,,,000599,,1280,,Tract    5.99,0,1,A,98,0,0,0,0,1,0,0,0,0,0,0,0,0,0,0,0,0
G36002900006,1970,1,2,New York,36,Erie,029,,,0006,,1280,,Tract    6,0,1,A,3591,1,2,2,0,0,0,0,1,3805,1,3,3,0,0,0,2,3
G36002900007,1970,1,2,New York,36,Erie,029,,,0007,,1280,,Tract    7,0,1,A,2451,3,1,0,0,1,0,0,2,2936,6,2,0,0,0,0,0,1
G36002900008,1970,1,2,New York,36,Erie,029,,,0008,,1280,,Tract    8,0,1,A,3523,0,3,2,0,2,0,1,1,4095,0,4,1,0,5,0,0,4
G36002900009,1970,1,2,New York,36,Erie,029,,,0009,,1280,,Tract    9,0,1,A,1603,0,0,2,0,4,0,0,3,1858,0,2,1,0,3,0,1,3
G36002900010,1970,1,2,New York,36,Erie,029,,,0010,,1280,,Tract   10,0,1,A,4392,0,8,1,0,1,0,0,2,4839,0,8,3,1,3,0,1,2
G36002900011,1970,1,2,New York,36,Erie,029,,,0011,,1280,,Tract   11,0,1,A,2246,0,4,1,0,0,0,0,0,2516,1,3,1,0,0,0,0,1
G36002900012,1970,1,2,New York,36,Erie,029,,,0012,,1280,,Tract   12,0,1,A,1757,710,23,0,0,1,0,0,30,2056,834,23,0,1,1,1,0,27
G3600290001301,1970,1,2,New York,36,Erie,029,,,001301,,1280,,Tract   13.01,0,0,A,109,56,2,0,0,1,0,0,0,26,13,0,0,0,0,0,0,0
G3600290001302,1970,1,2,New York,36,Erie,029,,,001302,,1280,,Tract   13.02,0,1,A,452,753,8,0,0,0,0,0,28,518,884,10,1,0,1,0,0,39
G3600290001401,1970,1,2,New York,36,Erie,029,,,001401,,1280,,Tract   14.01,0,0,A,78,29,2,0,0,0,0,0,0,22,8,0,0,0,0,0,0,0
G3600290001402,1970,1,2,New York,36,Erie,029,,,001402,,1280,,Tract   14.02,0,1,A,42,3895,2,0,1,2,2,4,0,54,4718,5,0,0,1,0,0,1
G36002900015,1970,1,2,New York,36,Erie,029,,,0015,,1280,,Tract   15,0,1,A,699,3314,7,0,1,1,0,0,1,737,3572,11,1,0,1,0,4,1
G36002900016,1970,1,2,New York,36,Erie,029,,,0016,,1280,,Tract   16,0,1,A,3726,82,4,4,1,4,0,0,1,4159,126,2,4,0,4,0,0,4
G36002900017,1970,1,2,New York,36,Erie,029,,,0017,,1280,,Tract   17,0,1,A,1761,40,7,0,1,0,0,0,3,1892,42,2,0,0,1,0,0,1
G36002900018,1970,1,2,New York,36,Erie,029,,,0018,,1280,,Tract   18,0,1,A,992,5,3,0,0,0,0,0,0,981,5,0,0,0,0,0,0,0
G36002900019,1970,1,2,New York,36,Erie,029,,,0019,,1280,,Tract   19,0,1,A,2314,0,1,1,0,0,0,0,0,2488,1,1,0,0,0,0,0,0
G36002900020,1970,1,2,New York,36,Erie,029,,,0020,,1280,,Tract   20,0,1,A,1134,1,2,0,0,0,0,0,1,1243,0,5,0,0,0,0,0,0
G36002900021,1970,1,2,New York,36,Erie,029,,,0021,,1280,,Tract   21,0,1,A,544,1,2,0,1,0,1,0,0,571,0,1,1,0,0,0,0,0
G36002900022,1970,1,2,New York,36,Erie,029,,,0022,,1280,,Tract   22,0,1,A,1316,113,0,0,0,2,0,0,0,1392,126,0,1,0,0,0,1,0
G36002900023,1970,1,2,New York,36,Erie,029,,,0023,,1280,,Tract   23,0,1,A,2188,2,9,1,0,0,0,0,0,2465,0,4,1,0,0,0,0,0
G36002900024,1970,1,2,New York,36,Erie,029,,,0024,,1280,,Tract   24,0,1,A,3863,0,1,2,0,0,0,0,2,4278,2,5,2,0,1,0,1,3
G3600290002501,1970,1,2,New York,36,Erie,029,,,002501,,1280,,Tract   25.01,0,0,A,118,66,6,1,0,0,0,0,1,60,36,2,0,0,0,0,0,3
G3600290002502,1970,1,2,New York,36,Erie,029,,,002502,,1280,,Tract   25.02,0,1,A,309,2914,8,0,0,0,0,0,1,403,3213,14,1,0,0,0,0,0
G36002900026,1970,1,2,New York,36,Erie,029,,,0026,,1280,,Tract   26,0,1,A,162,1714,1,0,0,0,1,2,0,205,1868,1,0,0,0,0,0,0
G3600290002701,1970,1,2,New York,36,Erie,029,,,002701,,1280,,Tract   27.01,0,1,A,1560,1508,1,0,0,0,0,0,5,1748,1795,8,0,0,0,0,0,0
G3600290002702,1970,1,2,New York,36,Erie,029,,,002702,,1280,,Tract   27.02,0,1,A,3663,10,1,2,1,0,0,0,3,4112,17,6,1,0,0,0,0,4
G36002900028,1970,1,2,New York,36,Erie,029,,,0028,,1280,,Tract   28,0,1,A,3569,2,4,0,0,0,0,0,1,3997,4,7,3,0,0,0,2,0
G36002900029,1970,1,2,New York,36,Erie,029,,,0029,,1280,,Tract   29,0,1,A,2982,63,3,1,0,0,0,0,2,3305,75,2,2,0,0,0,0,1
G36002900030,1970,1,2,New York,36,Erie,029,,,0030,,1280,,Tract   30,0,1,A,1736,0,3,1,0,0,0,0,1,2056,2,2,3,0,0,0,0,1
G36002900031,1970,1,2,New York,36,Erie,029,,,0031,,1280,,Tract   31,0,1,A,819,4342,18,1,2,11,0,7,15,1082,4783,12,2,1,12,0,7,21
G3600290003201,1970,1,2,New York,36,Erie,029,,,003201,,1280,,Tract   32.01,0,1,A,40,1328,0,0,0,0,0,0,0,41,1499,0,2,6,1,0,0,1
G3600290003202,1970,1,2,New York,36,Erie,029,,,003202,,1280,,Tract   32.02,0,1,A,309,5165,4,0,1,0,0,0,12,366,5743,11,1,0,0,0,0,8
G3600290003301,1970,1,2,New York,36,Erie,029,,,003301,,1280,,Tract   33.01,0,1,A,119,2785,9,0,0,0,0,0,11,330,3108,8,0,0,0,0,0,8
G3600290003302,1970,1,2,New York,36,Erie,029,,,003302,,1280,,Tract   33.02,0,1,A,279,4105,6,2,2,1,0,1,9,291,4565,7,2,2,5,0,2,16
G36002900034,1970,1,2,New York,36,Erie,029,,,0034,,1280,,Tract   34,0,1,A,1270,2068,5,1,0,1,0,0,12,1455,2332,13,2,0,1,0,2,11
G36002900035,1970,1,2,New York,36,Erie,029,,,0035,,1280,,Tract   35,0,1,A,1712,3017,15,2,0,0,0,0,6,2005,3475,12,2,0,0,0,0,11
G36002900036,1970,1,2,New York,36,Erie,029,,,0036,,1280,,Tract   36,0,1,A,2642,486,8,0,0,6,0,0,2,3150,567,11,1,0,2,0,0,1
G36002900037,1970,1,2,New York,36,Erie,029,,,0037,,1280,,Tract   37,0,1,A,3023,0,0,0,0,1,0,1,2,3439,0,3,2,0,0,0,1,1
G36002900038,1970,1,2,New York,36,Erie,029,,,0038,,1280,,Tract   38,0,1,A,1728,1,3,0,0,0,0,0,1,2048,0,1,0,1,1,0,1,2
G36002900039,1970,1,2,New York,36,Erie,029,,,0039,,1280,,Tract   39,0,1,A,2084,709,8,1,2,1,0,1,3,2536,784,5,0,0,0,0,0,8
G36002900040,1970,1,2,New York,36,Erie,029,,,0040,,1280,,Tract   40,0,1,A,3452,597,18,2,5,1,1,1,1,4080,739,20,5,6,1,1,4,3
G36002900041,1970,1,2,New York,36,Erie,029,,,0041,,1280,,Tract   41,0,1,A,3476,122,3,1,14,3,3,4,5,4132,185,4,2,13,1,4,4,3
G36002900042,1970,1,2,New York,36,Erie,029,,,0042,,1280,,Tract   42,0,1,A,2067,45,2,0,1,0,0,3,2,2481,43,5,0,1,0,0,3,1
G36002900043,1970,1,2,New York,36,Erie,029,,,0043,,1280,,Tract   43,0,1,A,3156,12,4,5,15,0,0,2,9,3788,13,2,4,5,0,0,1,2
G36002900044,1970,1,2,New York,36,Erie,029,,,0044,,1280,,Tract   44,0,1,A,3465,230,5,9,12,0,0,3,4,4314,308,5,13,17,0,0,6,3
G36002900045,1970,1,2,New York,36,Erie,029,,,0045,,1280,,Tract   45,0,1,A,3183,98,0,3,5,0,0,3,6,3892,98,0,4,2,1,0,1,7
G3600290004601,1970,1,2,New York,36,Erie,029,,,004601,,1280,,Tract   46.01,0,1,A,2033,13,1,0,35,1,0,4,7,2257,19,0,1,9,0,0,1,8
G3600290004602,1970,1,2,New York,36,Erie,029,,,004602,,1280,,Tract   46.02,0,1,A,1285,176,11,0,8,1,0,0,1,1080,41,1,1,2,0,1,0,0
G36002900047,1970,1,2,New York,36,Erie,029,,,0047,,1280,,Tract   47,0,1,A,3229,39,4,4,52,3,0,5,17,3804,44,1,6,23,3,0,3,9
G36002900048,1970,1,2,New York,36,Erie,029,,,0048,,1280,,Tract   48,0,1,A,2457,46,0,3,5,0,0,0,4,2817,50,1,6,5,0,0,0,1
G36002900049,1970,1,2,New York,36,Erie,029,,,0049,,1280,,Tract   49,0,1,A,4140,33,11,3,4,0,0,0,7,4887,31,8,9,5,0,0,0,1
G36002900050,1970,1,2,New York,36,Erie,029,,,0050,,1280,,Tract   50,0,1,A,1571,6,0,0,0,0,0,0,2,1739,3,0,1,0,0,0,0,4
G36002900051,1970,1,2,New York,36,Erie,029,,,0051,,1280,,Tract   51,0,1,A,2709,38,4,2,0,0,1,0,2,3195,32,10,0,0,0,1,0,2
G3600290005201,1970,1,2,New York,36,Erie,029,,,005201,,1280,,Tract   52.01,0,1,A,1922,153,7,2,4,9,0,1,0,2460,155,4,5,2,4,0,2,1
G3600290005202,1970,1,2,New York,36,Erie,029,,,005202,,1280,,Tract   52.02,0,1,A,431,1649,1,0,1,0,0,0,10,240,1818,0,0,1,0,0,0,6
G36002900053,1970,1,2,New York,36,Erie,029,,,0053,,1280,,Tract   53,0,1,A,435,37,1,0,0,4,2,0,2,621,39,0,0,1,4,1,1,2
G36002900054,1970,1,2,New York,36,Erie,029,,,0054,,1280,,Tract   54,0,1,A,2006,12,0,0,1,1,0,0,1,2744,21,0,0,2,2,0,0,1
G36002900055,1970,1,2,New York,36,Erie,029,,,0055,,1280,,Tract   55,0,1,A,2695,4,9,0,1,0,0,0,1,2773,0,14,4,0,0,0,2,3
G36002900056,1970,1,2,New York,36,Erie,029,,,0056,,1280,,Tract   56,0,1,A,2554,129,9,2,0,12,0,0,21,2863,160,9,1,1,11,0,0,17
G36002900057,1970,1,2,New York,36,Erie,029,,,0057,,1280,,Tract   57,0,1,A,1852,37,3,1,1,0,0,0,4,2078,34,7,3,1,0,0,1,6
G36002900058,1970,1,2,New York,36,Erie,029,,,0058,,1280,,Tract   58,0,1,A,5091,4,21,1,1,0,0,0,2,5578,2,28,2,0,0,0,0,1
G36002900059,1970,1,2,New York,36,Erie,029,,,0059,,1280,,Tract   59,0,1,A,2379,5,11,0,3,0,0,0,4,2580,5,18,1,2,0,0,1,2
G36002900060,1970,1,2,New York,36,Erie,029,,,0060,,1280,,Tract   60,0,1,A,3235,13,50,0,2,0,0,0,4,3696,16,38,0,1,1,0,1,2
G36002900061,1970,1,2,New York,36,Erie,029,,,0061,,1280,,Tract   61,0,1,A,3409,15,22,1,3,0,0,0,3,3921,18,29,3,1,0,1,0,2
G3600290006201,1970,1,2,New York,36,Erie,029,,,006201,,1280,,Tract   62.01,0,1,A,376,24,0,0,2,0,0,0,2,1145,49,0,0,1,0,0,0,0
G3600290006202,1970,1,2,New York,36,Erie,029,,,006202,,1280,,Tract   62.02,0,1,A,1015,113,5,0,6,3,0,0,0,1163,99,1,0,2,2,0,0,0
G3600290006301,1970,1,2,New York,36,Erie,029,,,006301,,1280,,Tract   63.01,0,1,A,2997,24,8,2,5,1,0,1,6,3612,18,16,8,6,4,0,1,4
G3600290006302,1970,1,2,New York,36,Erie,029,,,006302,,1280,,Tract   63.02,0,1,A,1654,4,5,4,2,2,0,1,4,2048,10,5,0,3,2,0,2,1
G36002900064,1970,1,2,New York,36,Erie,029,,,0064,,1280,,Tract   64,0,1,A,232,230,4,0,0,0,0,2,4,329,242,1,0,0,0,0,1,3
G3600290006501,1970,1,2,New York,36,Erie,029,,,006501,,1280,,Tract   65.01,0,1,A,1939,17,19,0,3,4,0,2,3,2207,24,30,2,5,5,0,5,2
G3600290006502,1970,1,2,New York,36,Erie,029,,,006502,,1280,,Tract   65.02,0,1,A,1385,287,7,0,2,5,0,1,1,2266,298,6,2,1,7,0,2,1
G3600290006601,1970,1,2,New York,36,Erie,029,,,006601,,1280,,Tract   66.01,0,1,A,1718,48,41,4,1,0,0,2,7,1924,47,41,5,0,0,0,1,2
G3600290006602,1970,1,2,New York,36,Erie,029,,,006602,,1280,,Tract   66.02,0,1,A,971,31,3,0,2,1,0,0,10,1400,13,5,1,0,0,0,0,8
G3600290006701,1970,1,2,New York,36,Erie,029,,,006701,,1280,,Tract   67.01,0,1,A,1877,35,19,2,3,3,0,9,4,2787,60,21,5,1,10,1,6,3
G3600290006702,1970,1,2,New York,36,Erie,029,,,006702,,1280,,Tract   67.02,0,1,A,1235,19,7,4,2,1,0,1,3,1937,26,4,4,2,5,0,2,0
G36002900068,1970,1,2,New York,36,Erie,029,,,0068,,1280,,Tract   68,0,1,A,2937,83,101,4,14,3,2,1,12,2722,62,116,1,7,5,2,0,6
G36002900069,1970,1,2,New York,36,Erie,029,,,0069,,1280,,Tract   69,0,1,A,5630,27,85,8,1,0,0,2,15,7080,33,125,3,0,0,1,2,17
G36002900070,1970,1,2,New York,36,Erie,029,,,0070,,1280,,Tract   70,0,1,A,2454,20,53,0,0,0,0,0,15,3004,22,62,0,0,1,0,0,12
G3600290007101,1970,1,2,New York,36,Erie,029,,,007101,,1280,,Tract   71.01,0,1,A,3016,378,149,0,9,4,0,0,40,3583,507,183,2,4,3,1,0,31
G3600290007102,1970,1,2,New York,36,Erie,029,,,007102,,1280,,Tract   71.02,0,1,A,1202,78,88,0,1,0,0,2,11,936,55,74,0,0,0,0,2,10
G3600290007201,1970,1,2,New York,36,Erie,029,,,007201,,1280,,Tract   72.01,0,0,A,635,207,25,0,7,4,0,0,3,278,15,10,0,1,4,0,0,0
G3600290007202,1970,1,2,New York,36,Erie,029,,,007202,,1280,,Tract   72.02,0,1,A,410,31,12,0,0,0,0,0,0,583,12,0,0,0,0,0,0,0
G3600290007299,1970,1,2,New York,36,Erie,029,,,007299,,1280,,Tract   72.99,0,1,A,8,0,0,0,0,0,0,0,0,0,0,0,0,0,0,0,0,0
G3600290007301,1970,1,2,New York,36,Erie,029,,,007301,,1280,,Tract   73.01,0,1,A,2851,9,7,1,0,0,0,0,2,2826,11,7,1,3,0,0,2,1
G3600290007302,1970,1,2,New York,36,Erie,029,,,007302,,1280,,Tract   73.02,0,1,A,4128,41,9,0,0,0,0,0,5,4023,33,9,3,0,0,0,1,4
G36002900074,1970,1,2,New York,36,Erie,029,,,0074,,1280,,Tract   74,0,1,A,524,0,5,0,0,0,0,0,0,530,0,3,0,0,0,0,0,0
G36002900075,1970,1,2,New York,36,Erie,029,,,0075,,1280,,Tract   75,0,1,A,906,1,1,1,0,0,0,0,0,989,0,1,0,0,0,0,0,1
G36002900076,1970,1,2,New York,36,Erie,029,,,0076,,1280,,Tract   76,0,1,A,2421,2,6,0,2,0,0,0,0,2422,4,6,0,1,0,0,0,1
G36002900077,1970,1,2,New York,36,Erie,029,,,0077,,1280,,Tract   77,0,1,A,3009,0,5,0,0,0,0,0,2,3292,1,7,0,0,0,0,0,1
G36002900078,1970,1,2,New York,36,Erie,029,,,0078,,1280,,Tract   78,0,1,A,3757,3,9,0,5,0,0,0,1,3959,3,10,2,4,0,0,0,1
G3600290007901,1970,1,2,New York,36,Erie,029,,,007901,,1280,,Tract   79.01,0,1,A,4986,29,3,1,0,0,0,2,1,5185,35,1,1,1,0,0,3,1
G3600290007902,1970,1,2,New York,36,Erie,029,,,007902,,1280,,Tract   79.02,0,1,A,4878,12,0,2,5,2,1,0,8,5169,16,3,2,10,0,0,0,3
G3600290007903,1970,1,2,New York,36,Erie,029,,,007903,,1280,,Tract   79.03,0,1,A,2742,6,1,1,0,0,0,0,1,2930,7,4,2,0,0,0,0,0
G3600290007904,1970,1,2,New York,36,Erie,029,,,007904,,1280,,Tract   79.04,0,1,A,2622,0,2,3,2,0,0,0,0,2672,2,0,3,5,1,0,0,0
G3600290008001,1970,1,2,New York,36,Erie,029,,,008001,,1280,,Tract   80.01,0,1,A,4123,16,0,5,15,2,0,7,8,4323,18,0,6,19,0,0,7,10
G3600290008002,1970,1,2,New York,36,Erie,029,,,008002,,1280,,Tract   80.02,0,1,A,3653,5,1,1,4,0,0,0,3,4035,10,6,1,5,0,1,0,3
G3600290008003,1970,1,2,New York,36,Erie,029,,,008003,,1280,,Tract   80.03,0,1,A,3526,5,1,1,6,0,0,2,11,3922,7,3,0,5,1,0,2,2
G3600290008101,1970,1,2,New York,36,Erie,029,,,008101,,1280,,Tract   81.01,0,1,A,3572,5,2,4,2,0,0,0,0,3811,8,4,3,1,0,0,0,2
G3600290008102,1970,1,2,New York,36,Erie,029,,,008102,,1280,,Tract   81.02,0,1,A,2872,3,0,2,0,0,0,0,3,3343,6,0,1,0,0,0,1,0
G3600290008201,1970,1,2,New York,36,Erie,029,,,008201,,1280,,Tract   82.01,0,1,A,1665,0,3,0,3,0,0,0,0,1827,1,7,0,2,0,0,1,0
G3600290008202,1970,1,2,New York,36,Erie,029,,,008202,,1280,,Tract   82.02,0,1,A,2432,0,2,0,0,1,0,0,2,2877,0,0,1,0,1,1,1,2
G36002900083,1970,1,2,New York,36,Erie,029,,,0083,,1280,,Tract   83,0,1,A,2233,0,1,0,0,0,0,1,0,2389,0,0,0,0,0,0,2,4
G36002900084,1970,1,2,New York,36,Erie,029,,,0084,,1280,,Tract   84,0,1,A,2023,23,6,0,1,0,0,0,2,1971,17,5,1,1,0,0,0,1
G36002900085,1970,1,2,New York,36,Erie,029,,,0085,,1280,,Tract   85,0,1,A,1501,12,2,2,0,1,0,0,0,1703,11,4,2,0,2,0,0,0
G36002900086,1970,1,2,New York,36,Erie,029,,,0086,,1280,,Tract   86,0,1,A,2746,7,1,4,3,0,0,3,4,3285,8,1,4,2,0,0,4,2
G36002900087,1970,1,2,New York,36,Erie,029,,,0087,,1280,,Tract   87,0,1,A,3053,3,2,0,3,0,0,1,2,3690,3,2,1,3,0,0,2,1
G36002900088,1970,1,2,New York,36,Erie,029,,,0088,,1280,,Tract   88,0,1,A,2369,0,2,1,0,0,1,0,0,2521,0,0,2,0,0,0,0,4
G36002900089,1970,1,2,New York,36,Erie,029,,,0089,,1280,,Tract   89,0,1,A,3132,8,2,2,2,2,0,9,2,3650,10,2,3,1,1,0,9,0
G3600290009001,1970,1,2,New York,36,Erie,029,,,009001,,1280,,Tract   90.01,0,1,A,2066,11,1,0,0,0,0,0,1,2036,12,1,0,0,1,1,0,0
G3600290009002,1970,1,2,New York,36,Erie,029,,,009002,,1280,,Tract   90.02,0,1,A,3778,3,2,2,12,4,0,3,0,3862,8,2,3,6,3,0,4,1
G3600290009101,1970,1,2,New York,36,Erie,029,,,009101,,1280,,Tract   91.01,0,1,A,2135,13,1,0,4,1,0,1,1,2147,13,0,0,3,1,0,1,5
G3600290009102,1970,1,2,New York,36,Erie,029,,,009102,,1280,,Tract   91.02,0,1,A,1684,27,0,2,9,0,0,0,4,1759,23,1,1,9,0,0,0,2
G3600290009103,1970,1,2,New York,36,Erie,029,,,009103,,1280,,Tract   91.03,0,1,A,4087,10,1,15,27,6,0,2,3,4157,19,1,18,22,2,2,9,4
G3600290009104,1970,1,2,New York,36,Erie,029,,,009104,,1280,,Tract   91.04,0,1,A,2796,5,0,5,12,0,0,1,5,2871,5,0,5,7,0,0,3,2
G3600290009105,1970,1,2,New York,36,Erie,029,,,009105,,1280,,Tract   91.05,0,1,A,2104,26,2,3,10,0,0,0,7,2141,26,1,5,6,1,0,0,5
G36002900092,1970,1,2,New York,36,Erie,029,,,0092,,1280,,Tract   92,0,1,A,2785,21,0,3,6,1,0,3,4,2901,19,2,5,5,0,0,5,1
G3600290009301,1970,1,2,New York,36,Erie,029,,,009301,,1280,,Tract   93.01,0,1,A,3380,39,2,18,35,2,0,10,41,3519,27,9,18,21,3,1,7,37
G3600290009302,1970,1,2,New York,36,Erie,029,,,009302,,1280,,Tract   93.02,0,1,A,1813,8,0,0,0,0,1,2,2,2022,9,0,0,0,0,0,2,3
G3600290009401,1970,1,2,New York,36,Erie,029,,,009401,,1280,,Tract   94.01,0,1,A,3036,7,0,11,10,1,0,0,5,4026,12,0,8,11,6,0,0,2
G3600290009402,1970,1,2,New York,36,Erie,029,,,009402,,1280,,Tract   94.02,0,1,A,2629,6,1,1,7,2,0,5,3,2835,10,1,1,2,1,0,4,1
G3600290009501,1970,1,2,New York,36,Erie,029,,,009501,,1280,,Tract   95.01,0,1,A,3281,8,0,3,6,0,0,1,9,3629,12,2,0,3,0,0,0,3
G3600290009502,1970,1,2,New York,36,Erie,029,,,009502,,1280,,Tract   95.02,0,1,A,4197,6,3,5,0,0,0,0,1,4528,9,6,4,1,0,1,1,1
G36002900096,1970,1,2,New York,36,Erie,029,,,0096,,1280,,Tract   96,0,1,A,1675,21,1,0,4,0,0,0,2,2103,12,1,0,3,1,0,1,5
G3600290009701,1970,1,2,New York,36,Erie,029,,,009701,,1280,,Tract   97.01,0,1,A,2112,7,2,0,2,0,0,0,1,2138,9,3,2,3,0,0,0,0
G3600290009702,1970,1,2,New York,36,Erie,029,,,009702,,1280,,Tract   97.02,0,1,A,3843,10,1,3,10,1,0,0,1,3877,12,3,0,2,1,1,0,1
G36002900098,1970,1,2,New York,36,Erie,029,,,0098,,1280,,Tract   98,0,1,A,1093,1,1,0,0,0,0,1,3,1242,1,2,2,0,0,0,0,1
G36002900099,1970,1,2,New York,36,Erie,029,,,0099,,1280,,Tract   99,0,1,A,2487,35,0,0,0,0,0,0,1,2638,53,1,1,0,0,0,0,0
G3600290010001,1970,1,2,New York,36,Erie,029,,,010001,,1280,,Tract  100.01,0,1,A,2441,0,1,0,0,0,0,0,1,2489,0,0,3,0,0,0,0,2
G3600290010002,1970,1,2,New York,36,Erie,029,,,010002,,1280,,Tract  100.02,0,1,A,5927,5,1,2,0,0,0,0,1,6010,6,2,3,0,0,4,0,2
G3600290010101,1970,1,2,New York,36,Erie,029,,,010101,,1280,,Tract  101.01,0,1,A,6412,5,1,2,1,0,0,3,4,6728,4,1,2,1,1,0,2,3
G3600290010102,1970,1,2,New York,36,Erie,029,,,010102,,1280,,Tract  101.02,0,1,A,2751,2,8,2,1,0,0,0,0,2854,3,6,5,4,0,0,1,1
G36002900102,1970,1,2,New York,36,Erie,029,,,0102,,1280,,Tract  102,0,1,A,3879,13,1,5,2,1,0,0,0,4665,18,2,4,1,1,0,0,0
G36002900103,1970,1,2,New York,36,Erie,029,,,0103,,1280,,Tract  103,0,1,A,738,0,0,1,0,0,0,0,0,1049,0,0,2,0,0,0,0,0
G36002900104,1970,1,2,New York,36,Erie,029,,,0104,,1280,,Tract  104,0,1,A,1429,0,0,0,0,0,0,0,1,1656,0,0,0,0,0,0,0,1
G36002900105,1970,1,2,New York,36,Erie,029,,,0105,,1280,,Tract  105,0,1,A,1473,0,0,0,0,0,0,0,0,1611,0,0,1,0,0,0,1,0
G36002900106,1970,1,2,New York,36,Erie,029,,,0106,,1280,,Tract  106,0,1,A,1926,4,0,1,0,1,0,1,0,2015,6,0,3,0,0,0,0,1
G36002900107,1970,1,2,New York,36,Erie,029,,,0107,,1280,,Tract  107,0,1,A,2215,1,0,0,0,0,0,0,0,2332,3,0,0,0,0,0,0,0
G3600290010801,1970,1,2,New York,36,Erie,029,,,010801,,1280,,Tract  108.01,0,1,A,2348,3,1,0,0,0,0,0,1,2333,5,0,0,0,0,0,2,2
G3600290010802,1970,1,2,New York,36,Erie,029,,,010802,,1280,,Tract  108.02,0,1,A,6135,26,4,2,3,1,0,4,5,6127,15,7,7,1,1,0,3,3
G3600290010901,1970,1,2,New York,36,Erie,029,,,010901,,1280,,Tract  109.01,0,1,A,2129,2,2,0,0,0,0,0,0,2212,1,5,0,0,0,0,0,0
G3600290010902,1970,1,2,New York,36,Erie,029,,,010902,,1280,,Tract  109.02,0,1,A,2665,8,3,0,0,0,0,0,0,2733,10,2,0,0,1,0,0,0
G36002900110,1970,1,2,New York,36,Erie,029,,,0110,,1280,,Tract  110,0,1,A,1505,1,1,0,0,0,0,0,0,1565,1,0,0,0,0,0,0,0
G36002900111,1970,1,2,New York,36,Erie,029,,,0111,,1280,,Tract  111,0,1,A,1794,3,0,1,1,0,0,0,0,1776,3,1,0,0,0,0,0,0
G36002900112,1970,1,2,New York,36,Erie,029,,,0112,,1280,,Tract  112,0,1,A,2483,6,0,1,0,0,0,0,0,2498,7,1,1,0,0,0,0,0
G36002900113,1970,1,2,New York,36,Erie,029,,,0113,,1280,,Tract  113,0,1,A,2677,3,2,0,0,0,0,0,0,2798,2,1,1,0,0,0,0,0
G36002900114,1970,1,2,New York,36,Erie,029,,,0114,,1280,,Tract  114,0,1,A,1498,0,3,0,0,0,0,0,0,1599,0,1,2,0,0,0,0,0
G36002900115,1970,1,2,New York,36,Erie,029,,,0115,,1280,,Tract  115,0,1,A,860,0,0,0,0,0,0,0,0,930,0,0,0,0,1,0,0,1
G36002900116,1970,1,2,New York,36,Erie,029,,,0116,,1280,,Tract  116,0,1,A,1199,0,1,1,0,0,0,0,0,1244,0,3,4,0,0,0,0,1
G36002900117,1970,1,2,New York,36,Erie,029,,,0117,,1280,,Tract  117,0,1,A,2530,3,0,2,0,2,0,2,4,2586,2,0,5,0,0,0,1,4
G36002900118,1970,1,2,New York,36,Erie,029,,,0118,,1280,,Tract  118,0,1,A,2033,3,2,1,0,0,0,0,0,2106,3,2,0,1,0,0,0,0
G36002900119,1970,1,2,New York,36,Erie,029,,,0119,,1280,,Tract  119,0,1,A,3586,78,6,0,0,3,0,0,3,3551,48,8,0,0,1,0,0,5
G3600290012001,1970,1,2,New York,36,Erie,029,,,012001,,1280,,Tract  120.01,0,1,A,2994,6,0,0,0,0,0,0,3,3076,5,0,1,0,1,0,0,2
G3600290012002,1970,1,2,New York,36,Erie,029,,,012002,,1280,,Tract  120.02,0,1,A,3899,4,0,6,0,0,0,0,0,3987,3,1,3,0,1,0,1,1
G36002900121,1970,1,2,New York,36,Erie,029,,,0121,,1280,,Tract  121,0,1,A,519,506,0,0,0,0,0,0,32,469,489,0,0,0,0,0,0,13
G36002900122,1970,1,2,New York,36,Erie,029,,,0122,,1280,,Tract  122,0,1,A,1620,830,2,0,0,0,0,0,8,1572,967,5,2,0,0,0,0,5
G36002900123,1970,1,2,New York,36,Erie,029,,,0123,,1280,,Tract  123,0,1,A,2257,2,0,1,0,0,0,0,2,2408,1,1,0,1,0,2,5,0
G36002900124,1970,1,2,New York,36,Erie,029,,,0124,,1280,,Tract  124,0,1,A,1699,0,0,0,0,0,0,1,0,1766,0,1,0,0,0,0,1,0
G3600290012501,1970,1,2,New York,36,Erie,029,,,012501,,1280,,Tract  125.01,0,1,A,3404,1,2,1,0,2,0,0,2,3741,2,0,0,0,5,0,0,1
G3600290012502,1970,1,2,New York,36,Erie,029,,,012502,,1280,,Tract  125.02,0,1,A,1439,13,1,0,0,0,0,0,0,1528,7,0,0,0,0,0,0,0
G36002900126,1970,1,2,New York,36,Erie,029,,,0126,,1280,,Tract  126,0,1,A,1545,13,0,0,0,0,0,0,1,1599,2,0,0,0,0,0,0,0
G36002900127,1970,1,2,New York,36,Erie,029,,,0127,,1280,,Tract  127,0,1,A,43,3,1,0,0,0,0,0,0,110,4,0,0,0,0,0,0,0
G36002900128,1970,1,2,New York,36,Erie,029,,,0128,,1280,,Tract  128,0,1,A,1913,0,0,0,0,0,0,0,0,1994,0,0,1,0,0,0,0,2
G3600290012901,1970,1,2,New York,36,Erie,029,,,012901,,1280,,Tract  129.01,0,1,A,2982,2,7,0,0,0,0,0,2,2987,1,10,1,0,0,0,0,5
G3600290012902,1970,1,2,New York,36,Erie,029,,,012902,,1280,,Tract  129.02,0,1,A,725,0,0,0,0,0,0,0,1,927,0,0,0,0,0,0,0,0
G36002900130,1970,1,2,New York,36,Erie,029,,,0130,,1280,,Tract  130,0,1,A,2340,2,4,0,0,0,0,0,0,2369,2,1,1,0,0,0,1,0
G3600290013101,1970,1,2,New York,36,Erie,029,,,013101,,1280,,Tract  131.01,0,1,A,3143,0,1,0,0,1,0,1,0,3188,2,3,1,0,0,0,0,0
G3600290013102,1970,1,2,New York,36,Erie,029,,,013102,,1280,,Tract  131.02,0,1,A,2782,2,2,4,0,0,0,0,0,2814,2,0,4,0,0,0,0,0
G3600290013201,1970,1,2,New York,36,Erie,029,,,013201,,1280,,Tract  132.01,0,1,A,2412,1,0,2,0,0,0,0,0,2497,2,1,2,0,1,0,0,0
G3600290013202,1970,1,2,New York,36,Erie,029,,,013202,,1280,,Tract  132.02,0,1,A,2099,2,1,0,0,0,0,0,0,2176,0,1,0,0,1,0,0,1
G36002900133,1970,1,2,New York,36,Erie,029,,,0133,,1280,,Tract  133,0,1,A,1983,6,0,0,0,0,0,1,2,2222,5,0,0,0,1,0,1,2
G36002900134,1970,1,2,New York,36,Erie,029,,,0134,,1280,,Tract  134,0,1,A,2802,0,5,1,0,0,0,0,1,3178,1,1,0,0,0,0,1,2
G36002900135,1970,1,2,New York,36,Erie,029,,,0135,,1280,,Tract  135,0,1,A,3643,4,0,1,0,0,0,0,0,3591,5,7,0,0,5,0,1,0
G36002900136,1970,1,2,New York,36,Erie,029,,,0136,,1280,,Tract  136,0,1,A,1757,0,0,5,0,0,0,0,0,1968,1,0,1,0,0,0,0,0
G3600290013701,1970,1,2,New York,36,Erie,029,,,013701,,1280,,Tract  137.01,0,1,A,3148,24,1,0,0,0,0,0,0,3179,24,2,0,1,0,0,0,0
G3600290013702,1970,1,2,New York,36,Erie,029,,,013702,,1280,,Tract  137.02,0,1,A,1298,0,2,0,0,0,0,0,1,1307,1,0,1,0,0,0,0,0
G36002900138,1970,1,2,New York,36,Erie,029,,,0138,,1280,,Tract  138,0,1,A,3759,6,0,2,1,1,0,2,0,3611,4,0,1,2,0,0,4,0
G36002900139,1970,1,2,New York,36,Erie,029,,,0139,,1280,,Tract  139,0,1,A,1540,0,1,0,0,0,0,0,0,1725,0,0,0,0,0,0,0,0
G36002900140,1970,1,2,New York,36,Erie,029,,,0140,,1280,,Tract  140,0,1,A,1749,1,2,1,0,0,0,0,1,2008,1,0,1,0,0,0,1,2
G3600290014101,1970,1,2,New York,36,Erie,029,,,014101,,1280,,Tract  141.01,0,1,A,2464,3,2,0,0,0,1,0,0,2432,3,2,0,0,0,3,0,1
G3600290014102,1970,1,2,New York,36,Erie,029,,,014102,,1280,,Tract  141.02,0,1,A,2518,0,1,5,0,0,0,0,1,2563,1,5,5,0,0,0,1,0
G3600290014201,1970,1,2,New York,36,Erie,029,,,014201,,1280,,Tract  142.01,0,1,A,2818,6,0,0,1,0,0,0,0,2862,7,0,1,1,0,0,0,1
G3600290014202,1970,1,2,New York,36,Erie,029,,,014202,,1280,,Tract  142.02,0,1,A,1827,48,1,0,0,0,0,0,0,1891,36,2,0,0,0,0,0,1
G36002900143,1970,1,2,New York,36,Erie,029,,,0143,,1280,,Tract  143,0,1,A,3768,6,2,1,0,0,0,0,0,4094,9,2,1,0,0,0,0,0
G36002900144,1970,1,2,New York,36,Erie,029,,,0144,,1280,,Tract  144,0,1,A,2569,2,1,1,0,0,0,0,0,2905,1,0,2,0,0,0,1,0
G3600290014501,1970,1,2,New York,36,Erie,029,,,014501,,1280,,Tract  145.01,0,1,A,2080,8,4,0,4,0,0,0,0,2141,5,3,2,5,0,0,1,0
G3600290014502,1970,1,2,New York,36,Erie,029,,,014502,,1280,,Tract  145.02,0,1,A,1741,2,0,0,0,0,0,0,1,1765,3,1,0,0,0,0,0,0
G3600290014601,1970,1,2,New York,36,Erie,029,,,014601,,1280,,Tract  146.01,0,1,A,2816,1,4,0,1,0,0,0,0,2860,1,3,0,0,0,0,0,0
G3600290014602,1970,1,2,New York,36,Erie,029,,,014602,,1280,,Tract  146.02,0,1,A,2181,2,0,0,0,0,0,0,0,2235,5,0,1,1,1,1,0,1
G3600290014701,1970,1,2,New York,36,Erie,029,,,014701,,1280,,Tract  147.01,0,1,A,1503,3,0,0,0,0,0,4,0,1505,2,1,0,0,0,0,2,1
G3600290014702,1970,1,2,New York,36,Erie,029,,,014702,,1280,,Tract  147.02,0,1,A,2530,6,0,0,2,1,0,0,1,2483,4,2,0,3,0,0,0,1
G3600290014801,1970,1,2,New York,36,Erie,029,,,014801,,1280,,Tract  148.01,0,1,A,1370,0,12,0,0,0,0,1,0,1461,0,17,1,0,0,0,0,1
G3600290014802,1970,1,2,New York,36,Erie,029,,,014802,,1280,,Tract  148.02,0,1,A,1718,6,21,0,0,0,0,0,0,1708,10,11,1,0,0,0,0,0
G3600290014901,1970,1,2,New York,36,Erie,029,,,014901,,1280,,Tract  149.01,0,1,A,1321,0,0,0,0,0,0,0,0,1330,0,0,0,0,0,0,0,0
G3600290014902,1970,1,2,New York,36,Erie,029,,,014902,,1280,,Tract  149.02,0,1,A,3566,156,14,0,1,0,0,0,0,3357,36,6,0,0,0,0,0,0
G3600290015001,1970,1,2,New York,36,Erie,029,,,015001,,1280,,Tract  150.01,0,1,A,1640,0,2,0,0,0,0,0,0,1600,0,7,0,0,0,0,0,1
G3600290015002,1970,1,2,New York,36,Erie,029,,,015002,,1280,,Tract  150.02,0,1,A,1303,0,12,0,0,0,0,0,1,1291,0,8,0,0,0,0,1,1
G3600290015003,1970,1,2,New York,36,Erie,029,,,015003,,1280,,Tract  150.03,0,1,A,1567,0,2,0,1,0,0,0,3,1564,1,1,0,0,0,0,0,1
G3600290015101,1970,1,2,New York,36,Erie,029,,,015101,,1280,,Tract  151.01,0,1,A,1498,1,3,0,0,0,0,0,2,1512,1,2,0,0,0,0,0,1
G3600290015102,1970,1,2,New York,36,Erie,029,,,015102,,1280,,Tract  151.02,0,1,A,1231,11,3,0,0,0,0,0,1,1250,6,2,0,0,0,0,0,1
G3600290015201,1970,1,2,New York,36,Erie,029,,,015201,,1280,,Tract  152.01,0,1,A,1386,0,1,0,0,0,0,0,0,1366,0,0,0,0,0,0,0,0
G3600290015202,1970,1,2,New York,36,Erie,029,,,015202,,1280,,Tract  152.02,0,1,A,2191,1,2,0,0,0,0,0,3,2205,1,0,0,0,0,0,1,1
G3600290015301,1970,1,2,New York,36,Erie,029,,,015301,,1280,,Tract  153.01,0,1,A,2415,4,4,0,0,0,0,0,0,2496,6,5,0,0,0,0,0,0
G3600290015302,1970,1,2,New York,36,Erie,029,,,015302,,1280,,Tract  153.02,0,1,A,1331,0,2,0,0,1,0,0,0,1379,0,1,0,0,0,0,0,0
G36002900154,1970,1,2,New York,36,Erie,029,,,0154,,1280,,Tract  154,0,1,A,2876,7,6,0,0,0,0,0,5,2891,10,15,0,0,3,0,0,4
G3600290015501,1970,1,2,New York,36,Erie,029,,,015501,,1280,,Tract  155.01,0,1,A,1288,2,3,0,0,0,0,0,0,1379,1,3,0,0,0,0,0,0
G3600290015502,1970,1,2,New York,36,Erie,029,,,015502,,1280,,Tract  155.02,0,1,A,3013,23,3,0,0,0,0,0,0,2998,30,6,2,0,0,0,0,2
G36002900156,1970,1,2,New York,36,Erie,029,,,0156,,1280,,Tract  156,0,1,A,1276,54,18,0,0,0,0,0,3,1235,47,36,2,0,0,0,0,1
G36002900157,1970,1,2,New York,36,Erie,029,,,0157,,1280,,Tract  157,0,1,A,1957,1,31,0,0,0,0,0,0,2058,1,42,0,0,0,0,0,0
G36002900158,1970,1,2,New York,36,Erie,029,,,0158,,1280,,Tract  158,0,1,A,1618,5,1,3,0,0,0,0,1,1585,4,3,3,0,0,0,0,0
G36002900159,1970,1,2,New York,36,Erie,029,,,0159,,1280,,Tract  159,0,1,A,2053,3,5,0,1,0,0,0,0,2273,3,6,0,6,0,0,0,0
G3600290016001,1970,1,2,New York,36,Erie,029,,,016001,,1280,,Tract  160.01,0,1,A,444,1,19,0,0,0,0,0,1,525,0,20,1,0,0,0,1,0
G3600290016002,1970,1,2,New York,36,Erie,029,,,016002,,1280,,Tract  160.02,0,1,A,1635,1,25,0,7,1,0,3,5,1696,2,18,0,5,1,0,1,3
G36002900161,1970,1,2,New York,36,Erie,029,,,0161,,1280,,Tract  161,0,1,A,987,55,2,0,3,0,0,0,0,899,29,6,0,4,0,0,0,0
G36002900162,1970,1,2,New York,36,Erie,029,,,0162,,1280,,Tract  162,0,1,A,65,5,500,0,0,0,0,0,0,47,3,487,0,0,0,0,0,0
G36004300101,1970,1,2,New York,36,Herkimer,043,,,0101,,8680,,Tract  101,1,1,D,2703,9,5,0,0,1,0,0,1,2608,5,3,1,0,0,0,1,2
G3600430010201,1970,1,2,New York,36,Herkimer,043,,,010201,,8680,,Tract  102.01,1,1,D,2137,1,1,0,0,0,0,0,4,2291,1,4,0,0,0,0,0,4
G3600430010202,1970,1,2,New York,36,Herkimer,043,,,010202,,8680,,Tract  102.02,1,1,D,1653,5,1,0,0,0,0,0,0,1695,7,0,1,0,0,0,0,0
G36004300103,1970,1,2,New York,36,Herkimer,043,,,0103,,8680,,Tract  103,1,1,D,2581,0,0,0,0,1,3,0,1,2814,0,0,1,0,0,4,2,0
G36004300104,1970,1,2,New York,36,Herkimer,043,,,0104,,8680,,Tract  104,1,1,D,2121,2,6,1,0,0,0,0,3,2263,1,4,0,0,0,0,0,0
G3600430010501,1970,1,2,New York,36,Herkimer,043,,,010501,,8680,,Tract  105.01,1,1,D,1536,0,0,0,0,0,0,0,0,1763,0,0,0,0,0,0,1,1
G3600430010502,1970,1,2,New York,36,Herkimer,043,,,010502,,8680,,Tract  105.02,1,1,D,1149,1,1,0,0,0,0,0,0,1170,0,0,0,0,0,0,0,0
G36004300106,1970,1,2,New York,36,Herkimer,043,,,0106,,8680,,Tract  106,1,1,D,292,1,0,0,0,0,0,0,0,300,0,0,0,0,0,0,0,0
G36004300107,1970,1,2,New York,36,Herkimer,043,,,0107,,8680,,Tract  107,1,1,D,1882,1,0,1,0,0,0,0,1,2029,0,0,1,0,0,0,0,5
G36004300108,1970,1,2,New York,36,Herkimer,043,,,0108,,8680,,Tract  108,1,1,D,1425,0,0,0,0,0,0,0,0,1689,0,1,0,0,0,0,0,1
G36004300109,1970,1,2,New York,36,Herkimer,043,,,0109,,8680,,Tract  109,1,1,D,1628,2,1,0,0,0,0,0,0,1533,1,0,0,0,0,0,0,0
G3600430011001,1970,1,2,New York,36,Herkimer,043,,,011001,,8680,,Tract  110.01,1,1,D,1244,0,0,0,0,0,0,0,1,1446,1,0,3,0,0,0,0,2
G3600430011002,1970,1,2,New York,36,Herkimer,043,,,011002,,8680,,Tract  110.02,1,1,D,1439,2,0,0,0,0,0,0,0,1354,0,0,0,0,0,0,0,1
G36004300111,1970,1,2,New York,36,Herkimer,043,,,0111,,8680,,Tract  111,1,1,D,1519,4,1,0,0,0,0,0,0,1640,1,0,1,0,0,0,0,1
G36004300112,1970,1,2,New York,36,Herkimer,043,,,0112,,8680,,Tract  112,1,1,D,2642,1,2,0,2,1,0,0,1,3137,0,0,0,2,2,0,1,2
G3600430011301,1970,1,2,New York,36,Herkimer,043,,,011301,,8680,,Tract  113.01,1,1,D,1247,0,1,0,0,0,0,0,1,1241,0,0,1,0,0,0,0,0
G3600430011302,1970,1,2,New York,36,Herkimer,043,,,011302,,8680,,Tract  113.02,1,1,D,1509,5,0,0,0,0,0,0,2,1511,3,0,0,0,0,1,0,3
G36004300114,1970,1,2,New York,36,Herkimer,043,,,0114,,8680,,Tract  114,1,1,D,2021,4,0,0,0,0,0,0,0,2016,2,0,0,0,0,0,0,0
G36004300115,1970,1,2,New York,36,Herkimer,043,,,0115,,8680,,Tract  115,1,1,D,2069,0,2,1,0,0,0,1,1,2164,2,2,0,0,0,0,1,1
G36004700001,1970,1,2,New York,36,Kings,047,,,0001,A,5600,,Tract    1,0,1,G,2198,145,3,9,21,6,0,0,10,1943,91,2,4,18,4,0,0,8
G36004700002,1970,1,2,New York,36,Kings,047,,,0002,A,5600,,Tract    2,0,1,G,763,57,0,0,5,1,1,0,26,808,53,0,0,3,0,0,0,25
G3600470000301,1970,1,2,New York,36,Kings,047,,,000301,A,5600,,Tract    3.01,0,1,G,2956,93,2,11,7,6,2,1,13,2632,43,3,3,2,4,0,2,9
G36004700005,1970,1,2,New York,36,Kings,047,,,0005,A,5600,,Tract    5,0,1,G,3033,144,5,8,34,0,0,4,13,3180,107,7,6,25,3,0,2,15
G36004700007,1970,1,2,New York,36,Kings,047,,,0007,A,5600,,Tract    7,0,1,G,1754,85,4,6,7,11,1,3,14,1639,71,2,3,1,7,1,0,4
G36004700009,1970,1,2,New York,36,Kings,047,,,0009,A,5600,,Tract    9,0,0,G,919,84,1,2,40,6,0,0,8,752,43,1,3,8,2,0,3,11
G36004700011,1970,1,2,New York,36,Kings,047,,,0011,A,5600,,Tract   11,0,0,G,50,16,0,0,0,3,0,0,1,60,19,0,0,0,0,0,0,2
G36004700013,1970,1,2,New York,36,Kings,047,,,0013,A,5600,,Tract   13,0,1,G,915,291,0,4,17,7,1,3,13,970,314,0,3,13,2,1,3,15
G36004700018,1970,1,2,New York,36,Kings,047,,,0018,A,5600,,Tract   18,0,1,G,230,15,0,0,0,0,0,0,2,195,20,0,0,0,0,0,0,1
G36004700020,1970,1,2,New York,36,Kings,047,,,0020,A,5600,,Tract   20,0,1,G,1621,176,2,0,3,0,0,0,27,1676,180,1,1,4,0,0,0,32
G36004700021,1970,1,2,New York,36,Kings,047,,,0021,A,5600,,Tract   21,0,1,G,208,16,0,0,6,3,0,0,1,181,8,0,0,3,3,0,0,4
G3600470002199,1970,1,2,New York,36,Kings,047,,,002199,A,5600,,Tract   21.99,0,1,G,21,7,0,0,0,1,0,0,0,0,0,0,0,0,0,0,0,0
G36004700022,1970,1,2,New York,36,Kings,047,,,0022,A,5600,,Tract   22,0,1,G,1793,128,0,0,0,13,0,0,35,1921,134,1,1,0,11,0,0,36
G36004700023,1970,1,2,New York,36,Kings,047,,,0023,A,5600,,Tract   23,0,1,G,586,1722,6,0,3,6,0,1,68,604,2132,6,0,5,6,0,3,84
G36004700025,1970,1,2,New York,36,Kings,047,,,0025,A,5600,,Tract   25,0,1,G,451,905,4,0,3,5,0,0,17,505,1264,7,2,2,2,0,0,26
G36004700027,1970,1,2,New York,36,Kings,047,,,0027,A,5600,,Tract   27,0,0,G,104,204,0,0,15,0,0,0,0,73,223,0,0,8,0,0,0,0
G3600470002901,1970,1,2,New York,36,Kings,047,,,002901,A,5600,,Tract   29.01,0,1,G,425,1101,1,1,2,1,0,0,4,456,1560,6,1,3,1,0,0,5
G3600470002902,1970,1,2,New York,36,Kings,047,,,002902,A,5600,,Tract   29.02,0,1,G,130,226,1,0,0,3,0,0,6,142,252,0,0,0,3,0,0,6
G36004700030,1970,1,2,New York,36,Kings,047,,,0030,A,5600,,Tract   30,0,1,G,986,1,0,0,7,0,0,0,0,1084,2,0,1,4,0,0,0,2
G36004700031,1970,1,2,New York,36,Kings,047,,,0031,A,5600,,Tract   31,0,1,G,737,231,10,6,54,33,4,26,50,699,253,7,6,57,48,1,28,43
G36004700033,1970,1,2,New York,36,Kings,047,,,0033,A,5600,,Tract   33,0,0,G,414,528,0,1,7,3,0,0,19,383,616,4,2,9,0,0,0,18
G36004700034,1970,1,2,New York,36,Kings,047,,,0034,A,5600,,Tract   34,0,1,G,1711,0,2,2,4,0,0,0,2,1923,0,1,5,1,0,0,0,1
G36004700035,1970,1,2,New York,36,Kings,047,,,0035,A,5600,,Tract   35,0,0,G,487,290,3,1,7,3,0,0,13,292,279,9,0,9,0,0,0,12
G36004700036,1970,1,2,New York,36,Kings,047,,,0036,A,5600,,Tract   36,0,1,G,1802,1,1,0,4,0,0,0,2,2302,1,1,3,2,0,0,2,1
G36004700037,1970,1,2,New York,36,Kings,047,,,0037,A,5600,,Tract   37,0,0,G,201,75,2,0,22,1,0,0,1,172,58,5,0,3,1,0,0,0
G36004700038,1970,1,2,New York,36,Kings,047,,,0038,A,5600,,Tract   38,0,1,G,895,0,0,0,0,0,0,0,0,961,1,0,0,1,1,0,0,0
G36004700039,1970,1,2,New York,36,Kings,047,,,0039,A,5600,,Tract   39,0,0,G,1027,250,47,0,14,6,1,0,20,777,238,17,0,9,3,0,0,13
G36004700040,1970,1,2,New York,36,Kings,047,,,0040,A,5600,,Tract   40,0,1,G,814,0,0,0,2,0,0,0,0,874,1,0,0,3,0,0,0,0
G36004700041,1970,1,2,New York,36,Kings,047,,,0041,A,5600,,Tract   41,0,1,G,1214,337,34,2,60,7,0,2,14,1216,345,40,2,32,3,1,2,22
G36004700042,1970,1,2,New York,36,Kings,047,,,0042,A,5600,,Tract   42,0,1,G,574,0,0,1,1,0,0,0,0,696,0,0,0,0,0,0,0,0
G36004700043,1970,1,2,New York,36,Kings,047,,,0043,A,5600,,Tract   43,0,1,G,1869,541,6,5,38,7,1,1,15,1505,194,7,0,22,9,0,0,32
G36004700045,1970,1,2,New York,36,Kings,047,,,0045,A,5600,,Tract   45,0,1,G,1955,79,4,4,16,11,1,0,17,1960,69,4,6,21,19,2,0,19
G36004700046,1970,1,2,New York,36,Kings,047,,,0046,A,5600,,Tract   46,0,1,G,489,0,0,0,2,0,0,0,0,531,1,0,0,4,0,0,0,0
G36004700047,1970,1,2,New York,36,Kings,047,,,0047,A,5600,,Tract   47,0,1,G,490,21,0,0,1,13,0,0,22,525,38,0,0,0,0,0,0,24
G36004700048,1970,1,2,New York,36,Kings,047,,,0048,A,5600,,Tract   48,0,1,G,181,0,0,1,0,0,0,0,0,232,1,0,1,0,0,0,0,1
G36004700049,1970,1,2,New York,36,Kings,047,,,0049,A,5600,,Tract   49,0,1,G,1296,55,7,3,8,20,0,7,13,1460,119,6,3,8,23,0,4,10
G36004700050,1970,1,2,New York,36,Kings,047,,,0050,A,5600,,Tract   50,0,1,G,1134,0,0,0,5,0,1,0,0,1479,2,0,1,2,0,0,0,0
G36004700051,1970,1,2,New York,36,Kings,047,,,0051,A,5600,,Tract   51,0,1,G,1649,36,3,0,1,64,0,0,79,1651,43,4,0,0,23,0,0,60
G3600470005201,1970,1,2,New York,36,Kings,047,,,005201,A,5600,,Tract   52.01,0,1,G,674,0,0,2,1,0,0,3,0,802,0,0,2,1,0,0,2,0
G3600470005202,1970,1,2,New York,36,Kings,047,,,005202,A,5600,,Tract   52.02,0,1,G,1441,1,0,1,0,0,0,0,0,1729,0,0,0,0,1,0,0,0
G36004700054,1970,1,2,New York,36,Kings,047,,,0054,A,5600,,Tract   54,0,1,G,1585,4,0,2,1,1,0,0,2,1952,4,0,5,1,0,0,0,1
G36004700055,1970,1,2,New York,36,Kings,047,,,0055,A,5600,,Tract   55,0,1,G,416,156,0,0,4,2,0,0,26,452,172,1,0,0,0,0,0,27
G3600470005599,1970,1,2,New York,36,Kings,047,,,005599,A,5600,,Tract   55.99,0,1,G,22,0,0,0,0,1,0,0,0,0,0,0,0,0,0,0,0,0
G3600470005601,1970,1,2,New York,36,Kings,047,,,005601,A,5600,,Tract   56.01,0,1,G,1348,1,2,4,0,0,0,0,4,1674,1,0,8,0,0,0,1,2
G3600470005602,1970,1,2,New York,36,Kings,047,,,005602,A,5600,,Tract   56.02,0,1,G,624,0,0,0,3,0,0,0,0,814,0,0,1,3,0,0,0,1
G36004700057,1970,1,2,New York,36,Kings,047,,,0057,A,5600,,Tract   57,0,1,G,1179,71,0,0,1,0,1,0,9,1204,79,1,0,0,0,0,0,9
G36004700058,1970,1,2,New York,36,Kings,047,,,0058,A,5600,,Tract   58,0,1,G,1580,2,1,1,17,0,0,0,4,1881,0,2,4,16,0,0,0,0
G36004700059,1970,1,2,New York,36,Kings,047,,,0059,A,5600,,Tract   59,0,1,G,820,226,2,0,0,6,0,0,9,892,307,10,0,0,4,0,0,11
G36004700060,1970,1,2,New York,36,Kings,047,,,0060,A,5600,,Tract   60,0,1,G,1371,1,0,0,30,0,0,0,1,1574,3,0,0,26,0,0,0,0
G36004700062,1970,1,2,New York,36,Kings,047,,,0062,A,5600,,Tract   62,0,1,G,1265,1,1,0,5,1,0,0,0,1685,1,0,1,9,0,0,0,1
G36004700063,1970,1,2,New York,36,Kings,047,,,0063,A,5600,,Tract   63,0,1,G,1194,20,0,0,0,4,0,0,11,1231,14,4,0,0,1,0,0,14
G36004700064,1970,1,2,New York,36,Kings,047,,,0064,A,5600,,Tract   64,0,1,G,1636,5,0,0,27,0,0,0,1,2022,2,1,0,22,0,0,0,1
G36004700065,1970,1,2,New York,36,Kings,047,,,0065,A,5600,,Tract   65,0,1,G,3954,51,1,2,3,6,0,1,16,4062,63,1,1,2,3,0,2,15
G36004700066,1970,1,2,New York,36,Kings,047,,,0066,A,5600,,Tract   66,0,1,G,2116,13,4,2,16,0,0,0,0,2677,10,3,3,18,0,0,1,0
G36004700067,1970,1,2,New York,36,Kings,047,,,0067,A,5600,,Tract   67,0,1,G,2394,46,1,0,3,7,0,0,24,2582,56,1,2,8,2,0,2,19
G36004700068,1970,1,2,New York,36,Kings,047,,,0068,A,5600,,Tract   68,0,1,G,2109,1,0,1,56,0,0,0,7,2435,2,0,3,58,0,0,0,6
G36004700069,1970,1,2,New York,36,Kings,047,,,0069,A,5600,,Tract   69,0,1,G,1655,208,4,0,12,11,6,0,34,1837,225,5,1,9,8,5,0,24
G36004700070,1970,1,2,New York,36,Kings,047,,,0070,A,5600,,Tract   70,0,1,G,757,0,1,1,1,0,0,0,4,897,1,4,2,2,1,0,0,3
G36004700071,1970,1,2,New York,36,Kings,047,,,0071,A,5600,,Tract   71,0,1,G,1431,1562,19,0,7,8,0,2,62,1598,1837,17,2,4,2,0,2,60
G36004700072,1970,1,2,New York,36,Kings,047,,,0072,A,5600,,Tract   72,0,1,G,613,4,1,0,0,0,0,0,37,716,7,1,0,0,0,0,0,41
G36004700074,1970,1,2,New York,36,Kings,047,,,0074,A,5600,,Tract   74,0,1,G,2203,20,0,0,12,9,1,1,31,2440,21,2,1,19,11,0,0,33
G36004700075,1970,1,2,New York,36,Kings,047,,,0075,A,5600,,Tract   75,0,1,G,2875,27,4,0,3,6,0,0,47,2938,34,7,1,3,1,1,0,50
G36004700076,1970,1,2,New York,36,Kings,047,,,0076,A,5600,,Tract   76,0,1,G,1882,68,1,1,6,12,4,7,14,1957,76,2,0,5,15,0,9,8
G36004700077,1970,1,2,New York,36,Kings,047,,,0077,A,5600,,Tract   77,0,1,G,2042,53,0,0,25,5,0,0,3,2252,47,2,2,9,3,2,1,4
G36004700078,1970,1,2,New York,36,Kings,047,,,0078,A,5600,,Tract   78,0,1,G,2232,27,10,1,3,15,1,1,30,2267,27,7,0,3,30,0,1,26
G36004700080,1970,1,2,New York,36,Kings,047,,,0080,A,5600,,Tract   80,0,1,G,1659,54,3,0,14,9,0,0,73,1713,37,2,0,11,16,0,0,74
G36004700082,1970,1,2,New York,36,Kings,047,,,0082,A,5600,,Tract   82,0,1,G,1663,20,5,0,7,7,3,0,7,1878,48,8,0,6,8,0,0,11
G36004700084,1970,1,2,New York,36,Kings,047,,,0084,A,5600,,Tract   84,0,1,G,1545,49,2,0,5,0,0,0,10,1553,56,4,0,2,1,0,0,14
G36004700085,1970,1,2,New York,36,Kings,047,,,0085,A,5600,,Tract   85,0,1,G,1163,2696,5,1,1,2,0,0,57,1436,3469,14,0,1,1,0,0,49
G36004700088,1970,1,2,New York,36,Kings,047,,,0088,A,5600,,Tract   88,0,1,G,1223,12,0,0,3,2,0,0,3,1431,13,1,0,2,1,0,0,9
G36004700090,1970,1,2,New York,36,Kings,047,,,0090,A,5600,,Tract   90,0,1,G,993,7,1,0,5,2,0,0,18,1076,9,6,1,5,0,0,1,22
G36004700092,1970,1,2,New York,36,Kings,047,,,0092,A,5600,,Tract   92,0,1,G,1778,22,4,0,8,9,0,2,12,2126,17,3,1,3,4,0,1,10
G36004700094,1970,1,2,New York,36,Kings,047,,,0094,A,5600,,Tract   94,0,1,G,1902,0,0,3,11,0,0,0,4,1983,3,0,3,9,0,0,0,1
G36004700096,1970,1,2,New York,36,Kings,047,,,0096,A,5600,,Tract   96,0,1,G,2206,7,0,1,18,2,0,0,3,2414,5,0,0,12,2,0,0,7
G36004700098,1970,1,2,New York,36,Kings,047,,,0098,A,5600,,Tract   98,0,1,G,2136,17,4,0,19,3,1,2,15,2319,14,5,0,20,4,0,1,8
G36004700100,1970,1,2,New York,36,Kings,047,,,0100,A,5600,,Tract  100,0,1,G,2360,28,0,3,23,1,1,0,7,2571,18,3,1,10,3,1,0,5
G36004700101,1970,1,2,New York,36,Kings,047,,,0101,A,5600,,Tract  101,0,1,G,1748,29,1,2,0,2,0,0,14,1939,20,2,1,0,2,0,0,14
G36004700102,1970,1,2,New York,36,Kings,047,,,0102,A,5600,,Tract  102,0,1,G,1766,1,4,0,14,3,0,0,0,2014,3,2,0,15,2,0,0,0
G36004700104,1970,1,2,New York,36,Kings,047,,,0104,A,5600,,Tract  104,0,1,G,1846,3,1,1,43,1,0,0,0,2058,3,1,1,39,2,0,2,1
G36004700106,1970,1,2,New York,36,Kings,047,,,0106,A,5600,,Tract  106,0,1,G,1677,0,0,1,10,0,0,0,1,1924,1,0,2,11,0,0,0,1
G36004700108,1970,1,2,New York,36,Kings,047,,,0108,A,5600,,Tract  108,0,1,G,1723,2,1,0,9,0,0,1,3,1827,5,0,0,4,2,0,0,2
G36004700110,1970,1,2,New York,36,Kings,047,,,0110,A,5600,,Tract  110,0,1,G,896,2,2,1,6,0,0,0,0,967,0,1,2,3,0,0,1,0
G36004700112,1970,1,2,New York,36,Kings,047,,,0112,A,5600,,Tract  112,0,1,G,2266,50,3,2,22,5,0,0,9,2636,63,3,4,22,3,0,0,8
G36004700114,1970,1,2,New York,36,Kings,047,,,0114,A,5600,,Tract  114,0,1,G,1753,47,4,4,4,10,0,12,13,1870,68,1,6,9,12,0,11,17
G36004700116,1970,1,2,New York,36,Kings,047,,,0116,A,5600,,Tract  116,0,1,G,1413,0,0,0,9,0,0,0,0,1512,1,0,0,11,0,0,0,0
G36004700117,1970,1,2,New York,36,Kings,047,,,0117,A,5600,,Tract  117,0,1,G,1356,77,2,3,19,0,1,0,3,1413,71,2,0,16,0,0,0,8
G36004700118,1970,1,2,New York,36,Kings,047,,,0118,A,5600,,Tract  118,0,1,G,676,0,0,0,7,1,0,0,0,786,0,0,0,11,3,0,0,1
G36004700120,1970,1,2,New York,36,Kings,047,,,0120,A,5600,,Tract  120,0,1,G,289,0,0,0,16,0,0,0,0,354,0,0,0,9,0,0,0,0
G36004700121,1970,1,2,New York,36,Kings,047,,,0121,A,5600,,Tract  121,0,1,G,1017,41,2,0,4,5,0,1,14,1084,52,1,0,3,2,0,2,16
G36004700122,1970,1,2,New York,36,Kings,047,,,0122,A,5600,,Tract  122,0,1,G,1432,9,2,0,16,1,0,0,11,1738,7,3,1,19,0,0,0,6
G36004700123,1970,1,2,New York,36,Kings,047,,,0123,A,5600,,Tract  123,0,1,G,509,35,2,0,2,0,1,0,7,538,38,3,0,3,0,2,0,6
G36004700124,1970,1,2,New York,36,Kings,047,,,0124,A,5600,,Tract  124,0,1,G,821,1,2,0,5,0,0,0,1,907,0,0,0,4,0,0,0,3
G36004700125,1970,1,2,New York,36,Kings,047,,,0125,A,5600,,Tract  125,0,1,G,714,39,0,0,0,0,0,0,0,708,31,0,0,1,0,0,0,1
G36004700127,1970,1,2,New York,36,Kings,047,,,0127,A,5600,,Tract  127,0,1,G,993,827,4,0,45,4,0,0,50,1057,987,7,1,39,5,1,0,49
G3600470012801,1970,1,2,New York,36,Kings,047,,,012801,A,5600,,Tract  128.01,0,1,G,777,0,0,2,2,0,0,0,2,868,1,0,5,3,0,0,0,1
G3600470012802,1970,1,2,New York,36,Kings,047,,,012802,A,5600,,Tract  128.02,0,1,G,292,0,0,0,0,0,0,1,2,309,0,0,1,0,0,0,0,0
G3600470012901,1970,1,2,New York,36,Kings,047,,,012901,A,5600,,Tract  129.01,0,1,G,1008,384,3,1,5,3,0,0,22,1102,511,4,1,2,2,0,0,20
G3600470012902,1970,1,2,New York,36,Kings,047,,,012902,A,5600,,Tract  129.02,0,1,G,616,410,2,2,15,0,0,0,19,617,476,0,0,9,0,0,0,20
G36004700130,1970,1,2,New York,36,Kings,047,,,0130,A,5600,,Tract  130,0,1,G,2089,0,1,0,1,1,0,0,1,2580,2,0,0,2,0,0,0,1
G36004700131,1970,1,2,New York,36,Kings,047,,,0131,A,5600,,Tract  131,0,1,G,1905,624,12,2,7,3,0,0,56,2121,697,8,4,4,1,0,1,62
G36004700132,1970,1,2,New York,36,Kings,047,,,0132,A,5600,,Tract  132,0,1,G,862,0,1,0,5,1,2,0,0,1033,2,0,0,2,0,0,0,0
G36004700133,1970,1,2,New York,36,Kings,047,,,0133,A,5600,,Tract  133,0,1,G,2138,253,0,2,65,3,0,0,22,2344,327,7,3,59,1,0,0,32
G36004700134,1970,1,2,New York,36,Kings,047,,,0134,A,5600,,Tract  134,0,1,G,1877,3,0,1,10,0,0,0,1,2184,3,1,2,11,0,0,0,2
G36004700135,1970,1,2,New York,36,Kings,047,,,0135,A,5600,,Tract  135,0,1,G,1489,347,6,1,8,0,0,0,136,1703,378,6,1,2,1,0,2,157
G36004700136,1970,1,2,New York,36,Kings,047,,,0136,A,5600,,Tract  136,0,1,G,1814,7,0,0,2,0,0,0,2,2268,11,1,0,2,0,0,1,5
G36004700137,1970,1,2,New York,36,Kings,047,,,0137,A,5600,,Tract  137,0,1,G,1750,75,2,1,36,2,0,2,29,1801,86,1,3,35,1,0,1,37
G36004700138,1970,1,2,New York,36,Kings,047,,,0138,A,5600,,Tract  138,0,1,G,1498,1,0,0,3,0,0,0,0,1919,0,0,0,3,0,0,0,0
G36004700139,1970,1,2,New York,36,Kings,047,,,0139,A,5600,,Tract  139,0,1,G,1984,101,0,4,11,5,0,3,22,2039,96,0,4,6,2,1,1,28
G36004700140,1970,1,2,New York,36,Kings,047,,,0140,A,5600,,Tract  140,0,1,G,996,0,1,0,7,0,0,1,0,1102,0,0,0,9,0,0,0,1
G36004700141,1970,1,2,New York,36,Kings,047,,,0141,A,5600,,Tract  141,0,1,G,1295,10,1,0,2,0,0,0,32,1456,17,3,2,0,0,0,0,24
G36004700142,1970,1,2,New York,36,Kings,047,,,0142,A,5600,,Tract  142,0,1,G,1543,3,0,0,1,0,1,2,1,1878,4,0,0,1,0,1,1,1
G36004700143,1970,1,2,New York,36,Kings,047,,,0143,A,5600,,Tract  143,0,1,G,1672,71,1,2,8,2,0,0,5,1781,69,0,1,5,1,0,0,8
G36004700144,1970,1,2,New York,36,Kings,047,,,0144,A,5600,,Tract  144,0,1,G,631,0,0,0,0,0,0,0,1,729,0,0,0,0,0,0,0,1
G36004700145,1970,1,2,New York,36,Kings,047,,,0145,A,5600,,Tract  145,0,1,G,1846,70,2,4,1,1,0,0,10,1994,64,4,1,0,0,0,0,10
G36004700146,1970,1,2,New York,36,Kings,047,,,0146,A,5600,,Tract  146,0,1,G,471,0,0,0,0,0,0,0,0,568,0,0,0,0,0,0,0,0
G36004700147,1970,1,2,New York,36,Kings,047,,,0147,A,5600,,Tract  147,0,1,G,1231,95,0,1,1,0,0,0,12,1319,59,0,0,0,0,0,0,9
G36004700148,1970,1,2,New York,36,Kings,047,,,0148,A,5600,,Tract  148,0,1,G,730,0,0,0,10,0,0,0,0,797,1,1,0,5,0,0,0,0
G36004700149,1970,1,2,New York,36,Kings,047,,,0149,A,5600,,Tract  149,0,1,G,2962,119,5,0,19,4,0,0,20,3266,118,4,0,17,3,0,0,18
G36004700150,1970,1,2,New York,36,Kings,047,,,0150,A,5600,,Tract  150,0,1,G,882,0,0,0,0,0,0,0,0,1022,0,0,0,0,0,0,0,0
G36004700151,1970,1,2,New York,36,Kings,047,,,0151,A,5600,,Tract  151,0,1,G,1877,21,4,0,22,17,0,0,26,2093,20,3,1,21,14,0,0,24
G36004700153,1970,1,2,New York,36,Kings,047,,,0153,A,5600,,Tract  153,0,1,G,2019,208,1,3,47,19,0,19,13,1920,214,0,3,39,21,0,27,10
G36004700155,1970,1,2,New York,36,Kings,047,,,0155,A,5600,,Tract  155,0,1,G,1698,411,0,0,37,2,7,0,30,1846,459,2,1,33,1,5,0,35
G36004700156,1970,1,2,New York,36,Kings,047,,,0156,A,5600,,Tract  156,0,1,G,529,55,0,0,0,1,0,0,1,365,5,0,0,1,2,0,0,0
G36004700157,1970,1,2,New York,36,Kings,047,,,0157,A,5600,,Tract  157,0,1,G,2063,356,3,3,34,4,0,1,79,2380,406,0,0,30,0,0,2,83
G36004700158,1970,1,2,New York,36,Kings,047,,,0158,A,5600,,Tract  158,0,1,G,667,0,0,0,0,1,0,0,1,751,0,0,1,0,1,0,0,1
G36004700159,1970,1,2,New York,36,Kings,047,,,0159,A,5600,,Tract  159,0,1,G,1998,822,3,13,77,2,0,4,26,2123,865,4,9,67,9,0,4,34
G36004700160,1970,1,2,New York,36,Kings,047,,,0160,A,5600,,Tract  160,0,1,G,1700,5,2,1,11,4,0,0,2,2052,8,1,3,10,5,0,1,0
G36004700161,1970,1,2,New York,36,Kings,047,,,0161,A,5600,,Tract  161,0,1,G,847,920,1,0,20,1,0,0,41,774,983,7,0,11,4,0,0,44
G36004700162,1970,1,2,New York,36,Kings,047,,,0162,A,5600,,Tract  162,0,1,G,815,0,0,0,0,1,0,0,1,1000,3,0,1,0,0,0,0,1
G36004700163,1970,1,2,New York,36,Kings,047,,,0163,A,5600,,Tract  163,0,1,G,802,1279,2,3,24,6,0,4,26,797,1446,5,2,20,8,0,6,31
G36004700164,1970,1,2,New York,36,Kings,047,,,0164,A,5600,,Tract  164,0,1,G,1042,278,4,2,1,26,0,0,10,869,232,1,12,1,29,3,9,8
G36004700165,1970,1,2,New York,36,Kings,047,,,0165,A,5600,,Tract  165,0,1,G,2438,74,2,7,7,1,1,1,12,2917,94,4,8,2,0,0,2,9
G36004700167,1970,1,2,New York,36,Kings,047,,,0167,A,5600,,Tract  167,0,1,G,2969,66,0,2,26,11,0,0,18,3474,64,3,5,19,5,0,2,10
G36004700168,1970,1,2,New York,36,Kings,047,,,0168,A,5600,,Tract  168,0,1,G,874,0,0,0,1,0,0,0,0,932,0,0,0,3,0,0,0,0
G36004700169,1970,1,2,New York,36,Kings,047,,,0169,A,5600,,Tract  169,0,1,G,2712,26,0,1,12,0,1,1,12,3020,28,1,3,18,0,0,0,10
G36004700170,1970,1,2,New York,36,Kings,047,,,0170,A,5600,,Tract  170,0,1,G,1619,0,0,0,5,0,0,0,1,1722,0,0,0,2,0,0,0,2
G36004700171,1970,1,2,New York,36,Kings,047,,,0171,A,5600,,Tract  171,0,1,G,1771,11,0,0,13,0,0,0,3,2007,12,1,4,13,0,1,0,4
G36004700172,1970,1,2,New York,36,Kings,047,,,0172,A,5600,,Tract  172,0,1,G,1454,1,0,0,1,0,0,0,0,1591,1,0,0,0,2,0,0,0
G36004700173,1970,1,2,New York,36,Kings,047,,,0173,A,5600,,Tract  173,0,1,G,252,1,0,0,2,2,0,0,0,212,1,0,0,1,0,0,0,0
G36004700174,1970,1,2,New York,36,Kings,047,,,0174,A,5600,,Tract  174,0,1,G,872,9,1,0,11,0,0,0,0,952,6,0,0,7,0,0,0,1
G36004700176,1970,1,2,New York,36,Kings,047,,,0176,A,5600,,Tract  176,0,1,G,1032,15,0,0,6,0,0,0,1,1159,17,2,1,7,0,0,0,1
G36004700178,1970,1,2,New York,36,Kings,047,,,0178,A,5600,,Tract  178,0,1,G,977,69,0,0,3,1,0,0,0,1107,75,0,1,2,0,0,0,0
G36004700179,1970,1,2,New York,36,Kings,047,,,0179,A,5600,,Tract  179,0,1,G,377,959,6,1,7,9,0,0,23,442,1103,9,1,4,0,0,0,17
G36004700180,1970,1,2,New York,36,Kings,047,,,0180,A,5600,,Tract  180,0,1,G,1342,4,1,1,5,0,0,0,3,1485,0,1,0,5,0,0,0,1
G36004700181,1970,1,2,New York,36,Kings,047,,,0181,A,5600,,Tract  181,0,1,G,952,1481,7,1,6,6,2,2,59,899,1513,8,0,1,5,1,1,56
G36004700182,1970,1,2,New York,36,Kings,047,,,0182,A,5600,,Tract  182,0,1,G,1464,1,0,0,0,0,0,0,0,1705,0,0,0,0,0,0,0,0
G36004700183,1970,1,2,New York,36,Kings,047,,,0183,A,5600,,Tract  183,0,1,G,899,1006,10,0,3,5,2,0,44,895,1100,7,2,2,4,0,0,46
G36004700184,1970,1,2,New York,36,Kings,047,,,0184,A,5600,,Tract  184,0,1,G,1142,0,0,0,0,0,0,0,0,1270,0,0,0,1,0,0,0,0
G3600470018501,1970,1,2,New York,36,Kings,047,,,018501,A,5600,,Tract  185.01,0,1,G,867,1980,4,0,2,3,0,3,60,1014,2709,12,0,8,3,0,0,60
G3600470018502,1970,1,2,New York,36,Kings,047,,,018502,A,5600,,Tract  185.02,0,1,G,654,275,3,0,0,12,1,0,74,368,271,4,0,0,14,0,0,78
G36004700186,1970,1,2,New York,36,Kings,047,,,0186,A,5600,,Tract  186,0,1,G,997,0,0,1,0,0,0,0,0,1151,0,0,0,0,0,0,0,0
G36004700187,1970,1,2,New York,36,Kings,047,,,0187,A,5600,,Tract  187,0,1,G,381,224,0,0,1,22,0,0,5,381,202,0,1,1,20,0,0,4
G36004700188,1970,1,2,New York,36,Kings,047,,,0188,A,5600,,Tract  188,0,1,G,1354,0,0,3,0,0,0,0,0,1513,1,1,2,0,0,0,1,0
G36004700189,1970,1,2,New York,36,Kings,047,,,0189,A,5600,,Tract  189,0,1,G,16,0,0,0,0,0,0,0,0,11,0,0,0,0,0,0,0,0
G36004700190,1970,1,2,New York,36,Kings,047,,,0190,A,5600,,Tract  190,0,1,G,1793,8,0,0,5,1,0,0,0,2023,2,0,1,4,0,0,0,3
G36004700191,1970,1,2,New York,36,Kings,047,,,0191,A,5600,,Tract  191,0,1,G,885,561,1,0,2,12,0,0,54,845,700,1,0,0,5,0,0,66
G36004700192,1970,1,2,New York,36,Kings,047,,,0192,A,5600,,Tract  192,0,1,G,1145,2,0,1,3,0,0,0,1,1180,2,0,2,1,0,0,0,0
G36004700193,1970,1,2,New York,36,Kings,047,,,0193,A,5600,,Tract  193,0,1,G,1015,1029,14,0,8,19,0,3,26,1115,1255,9,4,16,15,1,2,22
G36004700194,1970,1,2,New York,36,Kings,047,,,0194,A,5600,,Tract  194,0,1,G,1096,60,0,0,32,0,0,0,11,1280,36,1,1,34,0,0,1,14
G36004700195,1970,1,2,New York,36,Kings,047,,,0195,A,5600,,Tract  195,0,1,G,1158,837,3,0,14,24,0,2,19,1359,896,5,2,4,37,0,4,7
G36004700196,1970,1,2,New York,36,Kings,047,,,0196,A,5600,,Tract  196,0,1,G,1865,1,0,0,5,0,0,0,2,2122,1,0,0,1,0,0,0,3
G36004700197,1970,1,2,New York,36,Kings,047,,,0197,A,5600,,Tract  197,0,1,G,577,846,1,4,7,35,0,2,26,704,865,4,2,8,39,0,4,22
G36004700198,1970,1,2,New York,36,Kings,047,,,0198,A,5600,,Tract  198,0,1,G,901,1,0,1,4,0,0,0,0,1061,0,0,0,3,0,0,0,0
G36004700199,1970,1,2,New York,36,Kings,047,,,0199,A,5600,,Tract  199,0,1,G,571,1072,3,3,6,2,0,2,7,606,1275,7,2,9,8,0,0,5
G36004700200,1970,1,2,New York,36,Kings,047,,,0200,A,5600,,Tract  200,0,1,G,1145,0,0,0,0,0,0,0,2,1164,1,0,0,0,0,0,0,1
G36004700201,1970,1,2,New York,36,Kings,047,,,0201,A,5600,,Tract  201,0,1,G,141,2269,8,0,8,2,0,0,12,136,2651,5,0,3,2,1,2,14
G36004700202,1970,1,2,New York,36,Kings,047,,,0202,A,5600,,Tract  202,0,1,G,931,0,0,0,0,0,0,0,0,1038,0,0,0,0,0,0,0,0
G36004700203,1970,1,2,New York,36,Kings,047,,,0203,A,5600,,Tract  203,0,1,G,392,554,1,0,0,0,0,0,16,375,663,0,0,0,1,1,0,23
G36004700204,1970,1,2,New York,36,Kings,047,,,0204,A,5600,,Tract  204,0,1,G,1150,0,0,1,6,0,0,0,0,1212,1,0,3,1,0,0,0,0
G36004700205,1970,1,2,New York,36,Kings,047,,,0205,A,5600,,Tract  205,0,1,G,480,1182,0,0,18,1,0,0,18,516,1560,2,0,17,0,0,0,22
G36004700206,1970,1,2,New York,36,Kings,047,,,0206,A,5600,,Tract  206,0,1,G,1125,0,0,0,0,0,0,2,0,1292,0,0,2,0,0,0,3,0
G36004700207,1970,1,2,New York,36,Kings,047,,,0207,A,5600,,Tract  207,0,1,G,906,1471,13,5,28,2,0,0,30,1141,1833,15,3,31,2,1,1,21
G36004700208,1970,1,2,New York,36,Kings,047,,,0208,A,5600,,Tract  208,0,1,G,1272,0,6,0,0,0,0,0,3,1585,0,2,0,0,0,0,0,0
G36004700210,1970,1,2,New York,36,Kings,047,,,0210,A,5600,,Tract  210,0,1,G,1672,3,0,0,6,0,0,0,0,1791,1,0,1,10,0,0,0,0
G36004700212,1970,1,2,New York,36,Kings,047,,,0212,A,5600,,Tract  212,0,1,G,1631,2,2,0,3,0,0,0,4,1924,2,0,2,2,0,0,1,2
G36004700213,1970,1,2,New York,36,Kings,047,,,0213,A,5600,,Tract  213,0,1,G,683,1041,0,2,5,5,0,2,42,824,1241,0,2,3,9,0,5,40
G36004700214,1970,1,2,New York,36,Kings,047,,,0214,A,5600,,Tract  214,0,1,G,818,0,0,0,2,0,0,0,0,888,0,1,0,3,0,0,0,0
G36004700215,1970,1,2,New York,36,Kings,047,,,0215,A,5600,,Tract  215,0,1,G,1474,1335,4,1,9,0,0,0,14,1732,1739,7,0,8,1,0,0,20
G36004700216,1970,1,2,New York,36,Kings,047,,,0216,A,5600,,Tract  216,0,1,G,1462,2,0,1,3,0,0,0,1,1576,1,0,2,2,0,0,0,4
G36004700217,1970,1,2,New York,36,Kings,047,,,0217,A,5600,,Tract  217,0,1,G,772,1163,3,2,24,25,0,5,49,946,1500,5,2,25,30,0,6,61
G36004700218,1970,1,2,New York,36,Kings,047,,,0218,A,5600,,Tract  218,0,1,G,1865,0,0,0,20,0,0,0,3,2011,2,0,0,25,0,0,0,3
G36004700219,1970,1,2,New York,36,Kings,047,,,0219,A,5600,,Tract  219,0,1,G,274,1748,5,0,5,0,0,0,23,395,2179,14,0,1,0,0,0,20
G36004700220,1970,1,2,New York,36,Kings,047,,,0220,A,5600,,Tract  220,0,1,G,1988,7,0,1,22,0,0,0,0,2160,9,2,0,20,1,0,0,9
G36004700221,1970,1,2,New York,36,Kings,047,,,0221,A,5600,,Tract  221,0,1,G,94,1819,0,0,2,1,0,0,6,101,2168,2,0,3,0,0,0,3
G36004700222,1970,1,2,New York,36,Kings,047,,,0222,A,5600,,Tract  222,0,1,G,1631,8,0,2,4,3,0,0,1,1799,4,0,2,2,1,0,0,3
G36004700223,1970,1,2,New York,36,Kings,047,,,0223,A,5600,,Tract  223,0,1,G,571,1628,9,0,15,3,0,2,18,750,2103,4,0,16,4,0,2,19
G36004700224,1970,1,2,New York,36,Kings,047,,,0224,A,5600,,Tract  224,0,1,G,1961,11,0,5,8,0,0,2,8,2097,11,0,3,12,0,0,1,13
G36004700225,1970,1,2,New York,36,Kings,047,,,0225,A,5600,,Tract  225,0,1,G,119,626,3,0,8,0,0,0,5,143,689,7,0,7,0,0,0,8
G36004700226,1970,1,2,New York,36,Kings,047,,,0226,A,5600,,Tract  226,0,1,G,811,2,1,0,4,3,0,0,21,869,5,2,1,4,0,0,0,34
G36004700227,1970,1,2,New York,36,Kings,047,,,0227,A,5600,,Tract  227,0,1,G,47,2173,0,0,12,0,0,0,0,54,2380,9,1,8,0,0,0,0
G36004700228,1970,1,2,New York,36,Kings,047,,,0228,A,5600,,Tract  228,0,1,G,1434,11,0,0,22,6,0,0,9,1665,11,1,0,38,3,0,0,10
G36004700229,1970,1,2,New York,36,Kings,047,,,0229,A,5600,,Tract  229,0,1,G,174,1928,1,0,7,0,1,0,12,194,2370,0,0,8,1,0,0,14
G36004700230,1970,1,2,New York,36,Kings,047,,,0230,A,5600,,Tract  230,0,1,G,1915,19,0,0,10,3,0,1,13,1982,31,0,0,10,0,0,0,10
G36004700231,1970,1,2,New York,36,Kings,047,,,0231,A,5600,,Tract  231,0,1,G,146,1535,2,0,0,5,1,0,6,146,1793,1,0,0,6,0,0,4
G36004700232,1970,1,2,New York,36,Kings,047,,,0232,A,5600,,Tract  232,0,1,G,2850,25,1,1,21,1,0,0,9,3081,33,3,0,13,0,0,0,15
G36004700233,1970,1,2,New York,36,Kings,047,,,0233,A,5600,,Tract  233,0,1,G,775,1748,7,0,1,2,0,0,35,884,2088,7,0,1,0,0,0,39
G36004700234,1970,1,2,New York,36,Kings,047,,,0234,A,5600,,Tract  234,0,1,G,2120,2,1,6,1,1,0,0,1,2185,4,0,4,1,0,0,0,1
G36004700235,1970,1,2,New York,36,Kings,047,,,0235,A,5600,,Tract  235,0,1,G,875,573,7,0,0,3,0,0,20,906,627,11,0,0,3,0,0,23
G36004700236,1970,1,2,New York,36,Kings,047,,,0236,A,5600,,Tract  236,0,1,G,2107,2,0,0,2,0,0,0,8,2418,2,0,0,5,0,0,0,6
G36004700237,1970,1,2,New York,36,Kings,047,,,0237,A,5600,,Tract  237,0,1,G,878,315,1,0,3,0,0,0,34,866,367,0,0,3,0,0,0,37
G36004700238,1970,1,2,New York,36,Kings,047,,,0238,A,5600,,Tract  238,0,1,G,2030,5,0,1,0,0,2,0,5,2141,5,0,1,0,0,1,0,4
G36004700239,1970,1,2,New York,36,Kings,047,,,0239,A,5600,,Tract  239,0,1,G,434,171,0,0,0,0,0,0,6,477,206,0,0,0,0,0,0,5
G36004700240,1970,1,2,New York,36,Kings,047,,,0240,A,5600,,Tract  240,0,1,G,2007,5,0,0,10,0,0,0,7,2333,13,0,1,6,0,0,0,5
G36004700241,1970,1,2,New York,36,Kings,047,,,0241,A,5600,,Tract  241,0,1,G,288,1025,6,0,0,1,0,0,47,363,1335,8,0,0,0,0,0,59
G36004700242,1970,1,2,New York,36,Kings,047,,,0242,A,5600,,Tract  242,0,1,G,1235,0,2,0,0,0,0,0,2,1398,0,2,1,0,0,0,0,2
G36004700243,1970,1,2,New York,36,Kings,047,,,0243,A,5600,,Tract  243,0,1,G,104,1942,4,0,1,2,0,1,64,99,2455,1,0,1,1,0,0,49
G36004700244,1970,1,2,New York,36,Kings,047,,,0244,A,5600,,Tract  244,0,1,G,1494,0,0,0,4,0,0,0,1,1609,2,0,1,6,0,0,0,10
G36004700245,1970,1,2,New York,36,Kings,047,,,0245,A,5600,,Tract  245,0,1,G,153,2366,9,1,0,0,0,0,1,141,2829,21,0,0,1,1,0,7
G36004700246,1970,1,2,New York,36,Kings,047,,,0246,A,5600,,Tract  246,0,1,G,1499,0,0,0,0,0,0,0,2,1663,1,2,3,0,0,0,1,4
G36004700247,1970,1,2,New York,36,Kings,047,,,0247,A,5600,,Tract  247,0,1,G,54,991,2,0,1,0,0,0,5,50,1167,2,0,1,0,0,0,2
G36004700248,1970,1,2,New York,36,Kings,047,,,0248,A,5600,,Tract  248,0,1,G,1168,0,0,0,13,0,0,0,3,1243,0,0,0,13,0,0,0,2
G36004700249,1970,1,2,New York,36,Kings,047,,,0249,A,5600,,Tract  249,0,1,G,52,2193,2,1,0,0,0,0,6,36,2698,3,2,0,0,1,0,6
G36004700250,1970,1,2,New York,36,Kings,047,,,0250,A,5600,,Tract  250,0,1,G,701,0,1,0,4,0,0,0,0,820,0,0,0,1,0,0,0,0
G36004700251,1970,1,2,New York,36,Kings,047,,,0251,A,5600,,Tract  251,0,1,G,76,2151,4,0,0,0,0,0,7,108,2574,9,0,0,0,0,0,21
G36004700252,1970,1,2,New York,36,Kings,047,,,0252,A,5600,,Tract  252,0,1,G,1989,1,2,3,17,0,0,0,3,2286,1,1,3,11,1,0,0,2
G36004700253,1970,1,2,New York,36,Kings,047,,,0253,A,5600,,Tract  253,0,1,G,335,1929,1,0,0,1,0,0,42,328,2223,3,0,0,0,0,0,43
G36004700254,1970,1,2,New York,36,Kings,047,,,0254,A,5600,,Tract  254,0,1,G,1604,0,0,1,24,4,0,0,2,1667,2,0,0,26,2,0,0,4
G36004700255,1970,1,2,New York,36,Kings,047,,,0255,A,5600,,Tract  255,0,1,G,821,2603,7,5,0,2,0,0,31,850,3106,8,10,0,1,0,1,48
G36004700256,1970,1,2,New York,36,Kings,047,,,0256,A,5600,,Tract  256,0,1,G,1383,0,0,0,19,0,0,0,2,1512,0,1,0,14,0,0,0,3
G36004700257,1970,1,2,New York,36,Kings,047,,,0257,A,5600,,Tract  257,0,1,G,1468,668,4,0,2,0,0,0,38,1405,728,5,0,2,0,0,0,43
G36004700258,1970,1,2,New York,36,Kings,047,,,0258,A,5600,,Tract  258,0,1,G,2086,3,1,0,5,1,0,0,3,2346,3,0,0,7,0,0,0,2
G3600470025901,1970,1,2,New York,36,Kings,047,,,025901,A,5600,,Tract  259.01,0,1,G,670,646,3,0,6,2,0,0,19,711,829,0,0,6,4,0,0,11
G3600470025902,1970,1,2,New York,36,Kings,047,,,025902,A,5600,,Tract  259.02,0,1,G,619,923,4,0,3,0,0,0,23,679,1068,5,0,3,0,0,0,24
G36004700260,1970,1,2,New York,36,Kings,047,,,0260,A,5600,,Tract  260,0,1,G,1553,1,0,0,18,0,0,0,1,1732,1,0,0,22,0,0,0,1
G36004700261,1970,1,2,New York,36,Kings,047,,,0261,A,5600,,Tract  261,0,1,G,1248,2177,8,2,5,0,0,0,97,1382,2419,6,3,3,0,0,0,81
G36004700262,1970,1,2,New York,36,Kings,047,,,0262,A,5600,,Tract  262,0,1,G,1108,5,1,0,0,0,0,0,1,1286,3,2,0,0,1,0,0,1
G36004700263,1970,1,2,New York,36,Kings,047,,,0263,A,5600,,Tract  263,0,1,G,115,851,3,0,0,5,0,0,1,76,919,0,0,1,2,0,0,1
G36004700264,1970,1,2,New York,36,Kings,047,,,0264,A,5600,,Tract  264,0,1,G,1930,4,0,1,16,3,0,0,1,2130,4,0,1,14,0,0,0,1
G36004700265,1970,1,2,New York,36,Kings,047,,,0265,A,5600,,Tract  265,0,1,G,37,1599,2,0,0,0,0,0,2,19,1956,4,0,0,0,0,0,9
G36004700266,1970,1,2,New York,36,Kings,047,,,0266,A,5600,,Tract  266,0,1,G,1663,2,0,0,14,3,0,0,1,1872,0,1,2,7,0,0,0,1
G36004700267,1970,1,2,New York,36,Kings,047,,,0267,A,5600,,Tract  267,0,1,G,24,2385,1,0,0,0,0,0,10,19,2798,3,0,2,0,0,0,8
G36004700268,1970,1,2,New York,36,Kings,047,,,0268,A,5600,,Tract  268,0,1,G,2124,4,0,0,4,0,0,0,0,2324,7,0,0,4,1,0,2,2
G36004700269,1970,1,2,New York,36,Kings,047,,,0269,A,5600,,Tract  269,0,1,G,19,1536,6,0,2,0,0,0,2,22,1848,14,0,0,0,0,0,2
G36004700270,1970,1,2,New York,36,Kings,047,,,0270,A,5600,,Tract  270,0,1,G,1118,8,0,0,0,0,0,0,1,1258,13,0,0,0,0,0,0,2
G3600470027101,1970,1,2,New York,36,Kings,047,,,027101,A,5600,,Tract  271.01,0,1,G,14,966,0,0,1,4,0,0,2,124,1211,2,0,2,14,0,0,1
G3600470027102,1970,1,2,New York,36,Kings,047,,,027102,A,5600,,Tract  271.02,0,1,G,19,481,0,0,0,0,0,0,3,23,562,1,0,0,1,0,0,2
G36004700272,1970,1,2,New York,36,Kings,047,,,0272,A,5600,,Tract  272,0,1,G,1193,0,1,2,7,0,0,0,0,1343,1,1,3,6,0,0,0,0
G36004700273,1970,1,2,New York,36,Kings,047,,,0273,A,5600,,Tract  273,0,1,G,21,1429,4,0,7,0,0,0,6,17,1787,7,0,3,0,0,0,7
G36004700274,1970,1,2,New York,36,Kings,047,,,0274,A,5600,,Tract  274,0,1,G,1382,0,0,0,3,0,0,0,0,1545,1,0,0,3,0,0,0,2
G36004700275,1970,1,2,New York,36,Kings,047,,,0275,A,5600,,Tract  275,0,1,G,14,2120,4,0,0,3,0,0,8,16,2685,5,0,0,2,0,0,4
G36004700276,1970,1,2,New York,36,Kings,047,,,0276,A,5600,,Tract  276,0,1,G,1486,3,0,0,17,0,0,0,0,1591,2,0,0,19,0,0,0,0
G36004700277,1970,1,2,New York,36,Kings,047,,,0277,A,5600,,Tract  277,0,1,G,11,1549,1,0,0,0,0,0,4,12,1800,3,0,0,0,0,0,7
G36004700278,1970,1,2,New York,36,Kings,047,,,0278,A,5600,,Tract  278,0,1,G,1267,5,0,0,6,2,0,0,3,1515,8,0,1,3,7,0,0,3
G36004700279,1970,1,2,New York,36,Kings,047,,,0279,A,5600,,Tract  279,0,1,G,158,2452,2,0,0,0,0,1,7,194,2964,3,0,1,0,0,0,5
G36004700280,1970,1,2,New York,36,Kings,047,,,0280,A,5600,,Tract  280,0,1,G,771,20,0,0,10,0,0,0,0,870,31,0,0,7,0,0,0,0
G36004700281,1970,1,2,New York,36,Kings,047,,,0281,A,5600,,Tract  281,0,1,G,880,1667,4,0,0,1,0,0,33,959,2067,10,0,0,0,0,0,47
G36004700282,1970,1,2,New York,36,Kings,047,,,0282,A,5600,,Tract  282,0,1,G,1462,1,0,0,5,2,0,0,5,1560,1,1,0,2,0,0,0,2
G36004700283,1970,1,2,New York,36,Kings,047,,,0283,A,5600,,Tract  283,0,1,G,1089,1154,2,0,7,2,0,0,24,1320,1443,10,0,2,5,0,0,26
G36004700284,1970,1,2,New York,36,Kings,047,,,0284,A,5600,,Tract  284,0,1,G,1611,15,0,0,3,0,0,0,0,1868,13,0,0,2,0,0,0,2
G3600470028501,1970,1,2,New York,36,Kings,047,,,028501,A,5600,,Tract  285.01,0,1,G,90,62,2,0,3,0,0,0,6,86,52,2,0,7,0,0,0,11
G3600470028502,1970,1,2,New York,36,Kings,047,,,028502,A,5600,,Tract  285.02,0,1,G,591,1429,3,0,0,1,0,0,35,682,1638,4,0,0,0,0,0,27
G36004700286,1970,1,2,New York,36,Kings,047,,,0286,A,5600,,Tract  286,0,1,G,2431,9,0,0,30,2,0,3,3,2677,8,1,1,19,1,1,1,3
G36004700287,1970,1,2,New York,36,Kings,047,,,0287,A,5600,,Tract  287,0,1,G,825,800,5,0,9,1,0,0,29,905,1006,3,0,9,0,0,0,40
G36004700288,1970,1,2,New York,36,Kings,047,,,0288,A,5600,,Tract  288,0,1,G,1342,3,0,0,25,0,0,0,3,1517,3,1,1,28,0,0,0,0
G36004700289,1970,1,2,New York,36,Kings,047,,,0289,A,5600,,Tract  289,0,1,G,1047,1598,2,0,2,0,0,0,88,1185,1878,2,2,0,2,0,0,81
G36004700290,1970,1,2,New York,36,Kings,047,,,0290,A,5600,,Tract  290,0,1,G,1596,8,0,0,16,3,0,0,1,1926,11,0,0,14,2,0,0,3
G36004700291,1970,1,2,New York,36,Kings,047,,,0291,A,5600,,Tract  291,0,1,G,27,1841,7,0,1,0,0,0,6,31,2279,13,0,0,0,0,0,8
G36004700292,1970,1,2,New York,36,Kings,047,,,0292,A,5600,,Tract  292,0,1,G,959,9,0,1,2,1,0,0,1,1090,5,1,3,3,1,0,0,2
G36004700293,1970,1,2,New York,36,Kings,047,,,0293,A,5600,,Tract  293,0,1,G,27,1705,1,0,0,0,0,0,6,24,1982,3,0,0,0,0,0,4
G36004700294,1970,1,2,New York,36,Kings,047,,,0294,A,5600,,Tract  294,0,1,G,816,1,1,0,3,0,0,2,3,1039,0,2,0,9,0,4,0,2
G36004700295,1970,1,2,New York,36,Kings,047,,,0295,A,5600,,Tract  295,0,1,G,53,2304,1,0,0,1,0,0,7,53,2796,4,0,0,0,0,1,12
G36004700296,1970,1,2,New York,36,Kings,047,,,0296,A,5600,,Tract  296,0,1,G,2143,4,1,2,12,1,0,0,2,2591,7,2,4,10,0,0,0,0
G36004700297,1970,1,2,New York,36,Kings,047,,,0297,A,5600,,Tract  297,0,1,G,17,1728,3,0,0,4,0,0,11,29,2217,8,0,0,0,0,0,18
G36004700298,1970,1,2,New York,36,Kings,047,,,0298,A,5600,,Tract  298,0,1,G,1641,0,0,0,13,0,0,0,0,1816,1,0,0,14,0,0,0,0
G36004700299,1970,1,2,New York,36,Kings,047,,,0299,A,5600,,Tract  299,0,1,G,26,1167,0,0,0,0,0,0,2,37,1392,2,0,0,0,0,0,6
G36004700300,1970,1,2,New York,36,Kings,047,,,0300,A,5600,,Tract  300,0,1,G,1683,2,0,0,3,0,0,0,1,1829,4,0,0,2,0,0,0,1
G36004700301,1970,1,2,New York,36,Kings,047,,,0301,A,5600,,Tract  301,0,1,G,336,1585,6,0,1,1,0,0,17,362,1881,3,0,1,3,0,0,9
G36004700302,1970,1,2,New York,36,Kings,047,,,0302,A,5600,,Tract  302,0,1,G,1957,1,1,1,1,1,0,0,0,2138,2,3,0,1,6,1,0,0
G36004700303,1970,1,2,New York,36,Kings,047,,,0303,A,5600,,Tract  303,0,1,G,348,3426,10,0,0,0,6,0,10,349,4136,12,0,0,0,2,0,18
G36004700304,1970,1,2,New York,36,Kings,047,,,0304,A,5600,,Tract  304,0,1,G,1792,18,0,1,4,1,0,0,9,1889,18,1,1,7,0,0,2,6
G36004700306,1970,1,2,New York,36,Kings,047,,,0306,A,5600,,Tract  306,0,1,G,713,0,0,0,0,1,0,0,0,737,0,0,0,0,0,0,0,0
G36004700307,1970,1,2,New York,36,Kings,047,,,0307,A,5600,,Tract  307,0,1,G,218,2530,7,1,2,1,0,0,12,355,3386,11,0,0,1,1,0,18
G36004700308,1970,1,2,New York,36,Kings,047,,,0308,A,5600,,Tract  308,0,1,G,1072,10,0,0,12,0,0,0,0,1137,18,0,0,16,0,0,0,0
G36004700309,1970,1,2,New York,36,Kings,047,,,0309,A,5600,,Tract  309,0,1,G,32,523,2,0,0,0,0,0,0,29,597,1,0,0,0,0,0,1
G36004700311,1970,1,2,New York,36,Kings,047,,,0311,A,5600,,Tract  311,0,1,G,19,1624,6,0,2,1,0,0,7,18,2035,15,0,3,0,0,0,6
G36004700313,1970,1,2,New York,36,Kings,047,,,0313,A,5600,,Tract  313,0,1,G,58,2865,3,0,0,2,0,0,18,105,3466,5,0,0,0,0,0,22
G36004700314,1970,1,2,New York,36,Kings,047,,,0314,A,5600,,Tract  314,0,1,G,2478,0,1,2,6,2,0,0,1,2623,1,0,1,5,2,0,0,2
G36004700315,1970,1,2,New York,36,Kings,047,,,0315,A,5600,,Tract  315,0,1,G,148,2528,1,1,7,8,0,0,29,164,3335,2,0,10,6,1,0,32
G3600470031701,1970,1,2,New York,36,Kings,047,,,031701,A,5600,,Tract  317.01,0,1,G,154,1905,1,0,13,0,0,0,5,149,2387,1,0,14,0,0,0,2
G3600470031702,1970,1,2,New York,36,Kings,047,,,031702,A,5600,,Tract  317.02,0,1,G,185,1431,6,2,2,0,0,0,14,235,1828,5,1,6,0,0,0,16
G36004700319,1970,1,2,New York,36,Kings,047,,,0319,A,5600,,Tract  319,0,1,G,366,1130,7,0,3,0,0,0,13,414,1465,9,0,9,0,0,0,16
G36004700320,1970,1,2,New York,36,Kings,047,,,0320,A,5600,,Tract  320,0,1,G,135,0,1,0,0,0,0,0,0,127,0,1,0,0,0,0,0,0
G36004700321,1970,1,2,New York,36,Kings,047,,,0321,A,5600,,Tract  321,0,1,G,928,1220,5,1,13,3,3,0,57,1079,1520,2,0,13,3,3,0,63
G36004700323,1970,1,2,New York,36,Kings,047,,,0323,A,5600,,Tract  323,0,1,G,509,1401,3,1,3,2,0,0,9,663,1821,10,3,8,4,3,0,13
G36004700325,1970,1,2,New York,36,Kings,047,,,0325,A,5600,,Tract  325,0,1,G,602,2559,15,0,39,11,0,0,18,717,3068,14,1,45,10,0,0,25
G36004700326,1970,1,2,New York,36,Kings,047,,,0326,A,5600,,Tract  326,0,1,G,2216,420,7,1,18,0,0,0,54,2274,504,9,0,12,0,0,0,59
G36004700327,1970,1,2,New York,36,Kings,047,,,0327,A,5600,,Tract  327,0,1,G,467,831,0,0,11,1,0,1,14,606,1043,2,3,11,1,0,0,11
G36004700328,1970,1,2,New York,36,Kings,047,,,0328,A,5600,,Tract  328,0,1,G,1824,915,8,1,16,4,0,0,38,2034,1087,7,1,15,0,0,1,37
G36004700329,1970,1,2,New York,36,Kings,047,,,0329,A,5600,,Tract  329,0,1,G,1179,1200,4,4,2,0,0,0,18,1400,1608,13,0,4,2,0,1,15
G36004700330,1970,1,2,New York,36,Kings,047,,,0330,A,5600,,Tract  330,0,1,G,808,317,2,0,3,1,0,0,10,913,346,3,0,2,3,0,0,9
G36004700331,1970,1,2,New York,36,Kings,047,,,0331,A,5600,,Tract  331,0,1,G,1060,858,2,0,18,0,0,0,13,1136,1019,1,1,14,0,0,0,13
G36004700333,1970,1,2,New York,36,Kings,047,,,0333,A,5600,,Tract  333,0,1,G,655,1218,0,0,0,6,0,0,51,662,1584,2,2,1,3,0,1,54
G36004700335,1970,1,2,New York,36,Kings,047,,,0335,A,5600,,Tract  335,0,1,G,265,1135,4,1,5,0,0,0,17,249,1405,6,1,4,0,0,0,24
G36004700336,1970,1,2,New York,36,Kings,047,,,0336,A,5600,,Tract  336,0,1,G,2276,44,0,0,0,0,0,0,4,2331,63,0,1,1,0,0,0,7
G36004700337,1970,1,2,New York,36,Kings,047,,,0337,A,5600,,Tract  337,0,1,G,598,1496,1,3,47,0,0,3,13,654,1893,0,3,39,0,0,3,20
G36004700339,1970,1,2,New York,36,Kings,047,,,0339,A,5600,,Tract  339,0,1,G,258,1900,4,0,10,0,0,0,15,330,2544,9,0,6,0,0,0,15
G36004700340,1970,1,2,New York,36,Kings,047,,,0340,A,5600,,Tract  340,0,1,G,1042,215,1,2,5,1,0,0,3,1218,228,1,2,5,2,0,0,5
G36004700341,1970,1,2,New York,36,Kings,047,,,0341,A,5600,,Tract  341,0,1,G,73,1351,3,0,7,0,0,1,3,135,1624,5,2,0,0,1,1,6
G36004700342,1970,1,2,New York,36,Kings,047,,,0342,A,5600,,Tract  342,0,1,G,1170,581,9,0,3,0,1,0,24,1398,801,12,1,2,0,0,0,21
G36004700343,1970,1,2,New York,36,Kings,047,,,0343,A,5600,,Tract  343,0,1,G,222,3289,4,0,3,0,1,0,30,227,3958,7,0,0,0,1,0,23
G36004700345,1970,1,2,New York,36,Kings,047,,,0345,A,5600,,Tract  345,0,1,G,71,1262,1,0,2,0,0,0,15,84,1572,2,0,0,0,0,0,18
G36004700347,1970,1,2,New York,36,Kings,047,,,0347,A,5600,,Tract  347,0,1,G,83,1475,7,0,0,0,0,0,9,104,1935,4,1,1,11,0,0,10
G3600470034801,1970,1,2,New York,36,Kings,047,,,034801,A,5600,,Tract  348.01,0,1,G,371,17,0,3,0,3,0,0,0,354,25,1,1,0,4,0,1,0
G3600470034802,1970,1,2,New York,36,Kings,047,,,034802,A,5600,,Tract  348.02,0,1,G,514,26,1,1,2,0,0,0,2,464,17,3,0,0,0,0,0,2
G36004700349,1970,1,2,New York,36,Kings,047,,,0349,A,5600,,Tract  349,0,1,G,861,1756,5,4,52,1,0,0,31,940,2271,8,5,54,0,0,0,24
G36004700350,1970,1,2,New York,36,Kings,047,,,0350,A,5600,,Tract  350,0,1,G,2123,14,0,0,4,4,0,0,3,2258,22,2,0,2,2,0,0,4
G36004700351,1970,1,2,New York,36,Kings,047,,,0351,A,5600,,Tract  351,0,1,G,981,1347,4,1,8,0,0,0,30,998,1705,5,0,5,1,0,0,54
G36004700352,1970,1,2,New York,36,Kings,047,,,0352,A,5600,,Tract  352,0,1,G,448,13,0,2,0,1,0,0,0,602,23,0,0,0,0,0,0,0
G36004700353,1970,1,2,New York,36,Kings,047,,,0353,A,5600,,Tract  353,0,1,G,711,1957,5,0,3,12,0,0,60,785,2484,8,0,3,8,0,1,92
G36004700354,1970,1,2,New York,36,Kings,047,,,0354,A,5600,,Tract  354,0,1,G,3806,8,0,0,0,0,0,1,0,4129,7,0,1,0,0,1,0,3
G36004700355,1970,1,2,New York,36,Kings,047,,,0355,A,5600,,Tract  355,0,1,G,677,1482,4,0,9,0,0,0,35,748,1922,7,0,13,0,0,1,30
G36004700356,1970,1,2,New York,36,Kings,047,,,0356,A,5600,,Tract  356,0,1,G,4727,9,0,5,3,0,0,0,2,5252,16,1,2,2,0,0,0,3
G36004700357,1970,1,2,New York,36,Kings,047,,,0357,A,5600,,Tract  357,0,1,G,188,1124,8,1,21,7,0,1,27,225,1410,4,0,15,14,0,2,37
G36004700359,1970,1,2,New York,36,Kings,047,,,0359,A,5600,,Tract  359,0,1,G,428,2597,5,0,10,1,0,0,69,496,3403,12,0,4,4,0,1,68
G3600470036001,1970,1,2,New York,36,Kings,047,,,036001,A,5600,,Tract  360.01,0,1,G,1314,5,0,2,0,2,0,0,1,1772,5,0,2,1,3,0,1,1
G3600470036002,1970,1,2,New York,36,Kings,047,,,036002,A,5600,,Tract  360.02,0,1,G,1792,12,0,1,8,0,0,0,0,2315,5,0,5,7,0,0,0,1
G36004700361,1970,1,2,New York,36,Kings,047,,,0361,A,5600,,Tract  361,0,1,G,551,1309,3,0,0,0,0,0,41,581,1752,2,1,0,0,0,0,40
G36004700362,1970,1,2,New York,36,Kings,047,,,0362,A,5600,,Tract  362,0,1,G,1566,27,0,0,14,3,0,0,5,1657,38,0,0,10,1,0,0,4
G36004700363,1970,1,2,New York,36,Kings,047,,,0363,A,5600,,Tract  363,0,1,G,406,2910,4,0,1,0,0,1,11,445,3591,2,0,0,1,0,2,11
G36004700364,1970,1,2,New York,36,Kings,047,,,0364,A,5600,,Tract  364,0,1,G,1142,7,0,0,5,0,0,0,9,1315,8,0,0,4,1,0,1,5
G3600470036501,1970,1,2,New York,36,Kings,047,,,036501,A,5600,,Tract  365.01,0,1,G,384,1180,1,0,0,1,0,0,1,408,1480,1,0,0,0,0,0,9
G3600470036502,1970,1,2,New York,36,Kings,047,,,036502,A,5600,,Tract  365.02,0,1,G,431,197,0,0,0,0,0,0,9,426,200,0,0,0,0,0,0,12
G36004700366,1970,1,2,New York,36,Kings,047,,,0366,A,5600,,Tract  366,0,1,G,1712,11,0,0,8,7,0,1,9,1975,20,1,2,8,7,0,3,9
G36004700367,1970,1,2,New York,36,Kings,047,,,0367,A,5600,,Tract  367,0,1,G,520,230,2,0,0,0,0,3,4,587,298,1,0,0,0,0,2,4
G36004700369,1970,1,2,New York,36,Kings,047,,,0369,A,5600,,Tract  369,0,1,G,1464,2178,5,0,2,0,0,0,56,1574,2626,6,0,1,0,0,0,58
G36004700370,1970,1,2,New York,36,Kings,047,,,0370,A,5600,,Tract  370,0,1,G,2218,0,1,0,8,3,1,1,7,2329,3,0,0,11,5,1,2,1
G36004700371,1970,1,2,New York,36,Kings,047,,,0371,A,5600,,Tract  371,0,1,G,386,2318,3,0,0,2,0,0,22,378,2697,2,0,0,3,0,0,22
G36004700373,1970,1,2,New York,36,Kings,047,,,0373,A,5600,,Tract  373,0,1,G,296,2056,5,0,11,1,0,0,9,362,2557,4,0,9,1,0,0,14
G36004700374,1970,1,2,New York,36,Kings,047,,,0374,A,5600,,Tract  374,0,1,G,4856,125,1,1,10,7,0,3,9,5107,122,3,1,11,13,0,4,11
G36004700375,1970,1,2,New York,36,Kings,047,,,0375,A,5600,,Tract  375,0,1,G,299,1699,8,0,3,0,0,0,32,337,2081,8,0,1,1,0,0,39
G36004700377,1970,1,2,New York,36,Kings,047,,,0377,A,5600,,Tract  377,0,1,G,75,2388,4,1,0,1,0,1,8,118,2822,2,3,2,1,0,0,12
G36004700379,1970,1,2,New York,36,Kings,047,,,0379,A,5600,,Tract  379,0,1,G,133,2279,12,0,3,0,1,0,32,150,2731,15,1,3,0,0,0,24
G36004700381,1970,1,2,New York,36,Kings,047,,,0381,A,5600,,Tract  381,0,1,G,99,3139,6,0,1,0,0,0,11,110,3827,12,0,0,0,0,0,23
G36004700382,1970,1,2,New York,36,Kings,047,,,0382,A,5600,,Tract  382,0,1,G,2731,469,1,0,1,4,0,0,9,3001,532,2,0,2,0,0,0,10
G36004700383,1970,1,2,New York,36,Kings,047,,,0383,A,5600,,Tract  383,0,1,G,68,2407,6,0,0,2,0,0,8,88,2829,14,0,0,0,0,0,10
G36004700385,1970,1,2,New York,36,Kings,047,,,0385,A,5600,,Tract  385,0,1,G,131,2100,1,0,1,0,0,0,10,140,2553,2,0,0,1,0,0,10
G36004700386,1970,1,2,New York,36,Kings,047,,,0386,A,5600,,Tract  386,0,1,G,1670,1,0,0,11,0,0,0,2,1690,1,0,0,8,0,0,0,0
G36004700387,1970,1,2,New York,36,Kings,047,,,0387,A,5600,,Tract  387,0,1,G,231,1934,4,0,0,1,0,0,43,286,2243,7,0,0,1,0,0,47
G36004700388,1970,1,2,New York,36,Kings,047,,,0388,A,5600,,Tract  388,0,1,G,2409,2,2,0,7,1,0,0,6,2557,5,0,0,8,3,0,0,8
G36004700389,1970,1,2,New York,36,Kings,047,,,0389,A,5600,,Tract  389,0,1,G,1423,174,4,2,16,2,0,0,49,1583,229,7,0,10,2,0,0,55
G36004700390,1970,1,2,New York,36,Kings,047,,,0390,A,5600,,Tract  390,0,1,G,1207,0,1,0,0,0,0,2,0,1344,0,1,0,0,1,0,2,2
G36004700391,1970,1,2,New York,36,Kings,047,,,0391,A,5600,,Tract  391,0,1,G,1099,220,3,0,0,0,0,0,54,1292,290,2,1,0,1,0,0,51
G36004700392,1970,1,2,New York,36,Kings,047,,,0392,A,5600,,Tract  392,0,1,G,1511,3,0,3,13,0,0,2,4,1593,5,1,1,24,0,0,2,2
G36004700393,1970,1,2,New York,36,Kings,047,,,0393,A,5600,,Tract  393,0,1,G,1153,769,3,0,5,2,0,0,79,1312,817,3,0,3,1,0,1,70
G36004700394,1970,1,2,New York,36,Kings,047,,,0394,A,5600,,Tract  394,0,1,G,1320,0,0,0,15,0,0,0,3,1464,2,0,0,15,0,0,0,6
G36004700395,1970,1,2,New York,36,Kings,047,,,0395,A,5600,,Tract  395,0,1,G,1021,908,1,0,1,1,0,0,67,1351,1123,4,0,2,0,0,0,64
G36004700396,1970,1,2,New York,36,Kings,047,,,0396,A,5600,,Tract  396,0,1,G,1199,0,0,0,7,0,0,0,2,1297,0,0,0,5,0,0,0,1
G36004700397,1970,1,2,New York,36,Kings,047,,,0397,A,5600,,Tract  397,0,1,G,705,1606,2,0,5,2,0,0,25,765,2039,5,1,6,2,0,0,30
G36004700398,1970,1,2,New York,36,Kings,047,,,0398,A,5600,,Tract  398,0,1,G,1176,0,0,0,2,0,0,1,0,1293,1,0,0,3,0,0,1,1
G36004700399,1970,1,2,New York,36,Kings,047,,,0399,A,5600,,Tract  399,0,1,G,765,1616,4,0,1,2,0,0,36,851,1991,7,0,0,0,0,0,40
G36004700400,1970,1,2,New York,36,Kings,047,,,0400,A,5600,,Tract  400,0,1,G,1611,0,0,0,3,0,0,0,2,1692,0,0,0,3,0,0,0,0
G36004700401,1970,1,2,New York,36,Kings,047,,,0401,A,5600,,Tract  401,0,1,G,680,1865,11,0,0,0,0,0,56,723,2187,7,1,0,0,0,0,74
G36004700402,1970,1,2,New York,36,Kings,047,,,0402,A,5600,,Tract  402,0,1,G,1155,0,0,0,5,0,0,0,0,1298,0,0,0,3,0,0,0,0
G36004700403,1970,1,2,New York,36,Kings,047,,,0403,A,5600,,Tract  403,0,1,G,649,1445,20,0,0,0,0,0,26,888,1753,14,1,0,0,0,0,24
G36004700404,1970,1,2,New York,36,Kings,047,,,0404,A,5600,,Tract  404,0,1,G,1051,2,0,0,0,0,0,0,4,1204,0,0,0,0,0,0,1,1
G36004700405,1970,1,2,New York,36,Kings,047,,,0405,A,5600,,Tract  405,0,1,G,555,1047,1,0,0,0,0,0,8,656,1164,0,0,0,0,0,0,13
G36004700406,1970,1,2,New York,36,Kings,047,,,0406,A,5600,,Tract  406,0,1,G,1596,0,0,1,2,0,0,0,1,1777,5,0,1,2,0,0,1,2
G36004700408,1970,1,2,New York,36,Kings,047,,,0408,A,5600,,Tract  408,0,1,G,1490,0,0,0,5,0,0,0,1,1573,0,1,0,1,0,0,0,1
G36004700409,1970,1,2,New York,36,Kings,047,,,0409,A,5600,,Tract  409,0,1,G,1316,782,2,0,6,0,0,0,52,1423,966,2,1,3,0,0,0,61
G36004700410,1970,1,2,New York,36,Kings,047,,,0410,A,5600,,Tract  410,0,1,G,995,2,0,1,0,0,0,0,0,1077,5,1,1,0,0,0,2,1
G36004700411,1970,1,2,New York,36,Kings,047,,,0411,A,5600,,Tract  411,0,1,G,571,1583,6,0,0,0,0,0,24,593,1771,8,0,0,0,0,0,32
G36004700412,1970,1,2,New York,36,Kings,047,,,0412,A,5600,,Tract  412,0,1,G,1265,4,0,2,0,1,0,0,0,1411,2,1,2,0,2,0,0,2
G36004700413,1970,1,2,New York,36,Kings,047,,,0413,A,5600,,Tract  413,0,1,G,911,1679,1,0,0,2,0,0,38,1045,1939,1,1,0,2,0,0,55
G3600470041401,1970,1,2,New York,36,Kings,047,,,041401,A,5600,,Tract  414.01,0,1,G,836,0,0,0,5,0,0,0,0,839,7,0,0,4,1,0,0,0
G3600470041402,1970,1,2,New York,36,Kings,047,,,041402,A,5600,,Tract  414.02,0,1,G,926,2,1,0,0,0,0,0,0,1025,4,3,0,0,0,1,0,0
G36004700415,1970,1,2,New York,36,Kings,047,,,0415,A,5600,,Tract  415,0,1,G,1150,1634,2,1,0,5,0,0,38,1268,1911,11,0,2,1,0,1,58
G36004700416,1970,1,2,New York,36,Kings,047,,,0416,A,5600,,Tract  416,0,1,G,1328,1,0,1,4,0,2,0,1,1437,2,0,0,4,0,1,1,0
G36004700417,1970,1,2,New York,36,Kings,047,,,0417,A,5600,,Tract  417,0,1,G,1501,760,5,0,5,3,0,0,28,1726,897,4,0,2,2,0,0,30
G36004700418,1970,1,2,New York,36,Kings,047,,,0418,A,5600,,Tract  418,0,1,G,1291,6,0,2,11,0,1,0,0,1336,3,0,1,11,0,0,0,0
G36004700419,1970,1,2,New York,36,Kings,047,,,0419,A,5600,,Tract  419,0,1,G,2290,534,0,0,0,4,0,0,78,2582,678,0,0,0,3,0,0,80
G36004700420,1970,1,2,New York,36,Kings,047,,,0420,A,5600,,Tract  420,0,1,G,806,2,0,5,5,2,0,0,2,873,3,0,3,3,3,0,0,1
G36004700421,1970,1,2,New York,36,Kings,047,,,0421,A,5600,,Tract  421,0,1,G,1824,791,1,0,1,5,0,3,114,2067,870,7,0,0,3,0,1,145
G36004700422,1970,1,2,New York,36,Kings,047,,,0422,A,5600,,Tract  422,0,1,G,1629,1,0,1,11,0,0,0,0,1778,3,0,0,7,1,0,0,1
G36004700423,1970,1,2,New York,36,Kings,047,,,0423,A,5600,,Tract  423,0,1,G,1670,359,1,0,0,0,0,0,23,1918,421,2,0,0,1,0,0,35
G36004700424,1970,1,2,New York,36,Kings,047,,,0424,A,5600,,Tract  424,0,1,G,1588,1,0,0,11,1,0,0,4,1918,1,0,1,10,1,0,0,3
G36004700425,1970,1,2,New York,36,Kings,047,,,0425,A,5600,,Tract  425,0,1,G,1330,57,4,0,1,0,0,0,21,1437,61,1,0,4,0,0,0,26
G36004700426,1970,1,2,New York,36,Kings,047,,,0426,A,5600,,Tract  426,0,1,G,1601,4,0,2,4,2,0,2,0,1864,6,0,2,1,0,0,2,3
G36004700427,1970,1,2,New York,36,Kings,047,,,0427,A,5600,,Tract  427,0,1,G,2727,146,2,2,2,4,0,0,41,2982,155,0,2,3,3,0,0,42
G36004700428,1970,1,2,New York,36,Kings,047,,,0428,A,5600,,Tract  428,0,1,G,1642,0,0,0,5,0,0,0,2,1896,1,0,1,3,0,0,0,0
G36004700429,1970,1,2,New York,36,Kings,047,,,0429,A,5600,,Tract  429,0,1,G,2255,28,0,1,1,2,0,0,13,2503,26,1,1,5,3,1,0,11
G36004700430,1970,1,2,New York,36,Kings,047,,,0430,A,5600,,Tract  430,0,1,G,1525,7,0,1,6,0,0,0,1,1749,9,0,0,11,0,0,1,0
G36004700431,1970,1,2,New York,36,Kings,047,,,0431,A,5600,,Tract  431,0,1,G,2737,107,3,4,13,0,0,0,12,3033,101,3,8,10,1,0,0,22
G36004700432,1970,1,2,New York,36,Kings,047,,,0432,A,5600,,Tract  432,0,1,G,1565,2,0,1,27,0,0,0,3,1838,4,1,2,27,0,0,0,3
G36004700433,1970,1,2,New York,36,Kings,047,,,0433,A,5600,,Tract  433,0,1,G,2694,604,1,0,2,4,0,0,229,2989,745,4,0,3,2,0,0,213
G36004700434,1970,1,2,New York,36,Kings,047,,,0434,A,5600,,Tract  434,0,1,G,1409,6,1,0,7,0,0,0,4,1581,5,0,0,8,1,0,0,8
G36004700435,1970,1,2,New York,36,Kings,047,,,0435,A,5600,,Tract  435,0,1,G,1721,805,0,0,3,1,0,1,63,1926,902,2,0,0,1,0,1,77
G36004700436,1970,1,2,New York,36,Kings,047,,,0436,A,5600,,Tract  436,0,1,G,1804,8,0,1,32,0,0,0,5,2031,11,0,4,24,0,0,1,4
G36004700437,1970,1,2,New York,36,Kings,047,,,0437,A,5600,,Tract  437,0,1,G,1298,455,5,0,1,5,0,0,81,1507,625,5,0,0,4,0,0,99
G36004700438,1970,1,2,New York,36,Kings,047,,,0438,A,5600,,Tract  438,0,1,G,1173,6,0,0,0,0,0,0,0,1297,11,1,0,0,0,0,0,0
G36004700439,1970,1,2,New York,36,Kings,047,,,0439,A,5600,,Tract  439,0,1,G,1270,203,0,0,6,0,0,0,8,1470,215,2,0,7,0,0,0,9
G36004700440,1970,1,2,New York,36,Kings,047,,,0440,A,5600,,Tract  440,0,1,G,1420,4,0,0,4,0,0,0,0,1648,4,0,3,3,0,0,0,1
G36004700441,1970,1,2,New York,36,Kings,047,,,0441,A,5600,,Tract  441,0,1,G,2034,203,0,0,8,5,0,3,10,2256,223,1,0,3,4,0,3,8
G36004700442,1970,1,2,New York,36,Kings,047,,,0442,A,5600,,Tract  442,0,1,G,1364,1,0,0,2,0,0,0,0,1485,5,0,0,5,1,0,0,1
G36004700443,1970,1,2,New York,36,Kings,047,,,0443,A,5600,,Tract  443,0,1,G,2360,3,3,0,5,28,0,13,10,2596,35,3,1,1,38,1,14,13
G36004700444,1970,1,2,New York,36,Kings,047,,,0444,A,5600,,Tract  444,0,1,G,1617,8,1,2,16,0,0,0,4,1855,10,0,1,17,1,0,0,6
G36004700445,1970,1,2,New York,36,Kings,047,,,0445,A,5600,,Tract  445,0,1,G,1772,10,0,1,11,1,1,0,0,2027,15,0,5,7,0,0,0,0
G36004700446,1970,1,2,New York,36,Kings,047,,,0446,A,5600,,Tract  446,0,1,G,755,0,0,1,0,0,0,0,0,881,1,0,0,0,0,0,0,1
G36004700447,1970,1,2,New York,36,Kings,047,,,0447,A,5600,,Tract  447,0,1,G,822,0,0,0,2,3,0,1,0,936,1,3,0,2,0,0,0,3
G36004700448,1970,1,2,New York,36,Kings,047,,,0448,A,5600,,Tract  448,0,1,G,738,0,0,0,4,0,0,0,1,821,0,2,0,6,0,0,0,1
G36004700450,1970,1,2,New York,36,Kings,047,,,0450,A,5600,,Tract  450,0,1,G,675,0,1,1,3,0,0,0,0,740,2,2,0,1,0,0,0,1
G36004700452,1970,1,2,New York,36,Kings,047,,,0452,A,5600,,Tract  452,0,1,G,1409,0,0,0,0,0,0,0,3,1467,3,1,0,0,0,0,0,4
G36004700453,1970,1,2,New York,36,Kings,047,,,0453,A,5600,,Tract  453,0,1,G,1393,192,9,0,13,0,0,0,57,1463,210,2,0,12,0,0,0,46
G36004700454,1970,1,2,New York,36,Kings,047,,,0454,A,5600,,Tract  454,0,1,G,925,2,0,1,2,0,0,0,1,1003,5,1,1,3,0,0,0,0
G36004700455,1970,1,2,New York,36,Kings,047,,,0455,A,5600,,Tract  455,0,1,G,-2,4,,,,,,,,,,,,,,,,
G36004700456,1970,1,2,New York,36,Kings,047,,,0456,A,5600,,Tract  456,0,1,G,1078,0,0,0,10,0,0,0,2,1278,3,0,2,12,0,0,0,3
G36004700458,1970,1,2,New York,36,Kings,047,,,0458,A,5600,,Tract  458,0,1,G,843,2,0,0,0,3,0,0,2,908,7,0,0,0,1,0,0,5
G3600470046001,1970,1,2,New York,36,Kings,047,,,046001,A,5600,,Tract  460.01,0,1,G,1190,2,0,1,6,0,0,0,1,1371,1,1,3,4,0,0,0,5
G3600470046002,1970,1,2,New York,36,Kings,047,,,046002,A,5600,,Tract  460.02,0,1,G,232,2,0,0,0,0,0,0,0,282,5,0,0,0,0,0,0,0
G3600470046201,1970,1,2,New York,36,Kings,047,,,046201,A,5600,,Tract  462.01,0,1,G,1026,6,0,0,5,1,0,0,0,1196,9,0,0,5,1,0,0,1
G3600470046202,1970,1,2,New York,36,Kings,047,,,046202,A,5600,,Tract  462.02,0,1,G,830,1,0,0,0,0,0,0,0,924,1,0,0,0,0,0,0,1
G36004700464,1970,1,2,New York,36,Kings,047,,,0464,A,5600,,Tract  464,0,1,G,1065,4,1,2,0,0,0,0,3,1212,2,0,0,0,0,0,0,2
G36004700465,1970,1,2,New York,36,Kings,047,,,0465,A,5600,,Tract  465,0,1,G,453,870,5,1,1,0,5,0,22,496,1054,6,0,0,1,2,0,33
G36004700468,1970,1,2,New York,36,Kings,047,,,0468,A,5600,,Tract  468,0,1,G,580,0,0,0,0,0,0,0,0,628,0,0,0,1,0,0,0,0
G36004700470,1970,1,2,New York,36,Kings,047,,,0470,A,5600,,Tract  470,0,1,G,1299,0,1,0,2,0,0,0,0,1329,1,0,1,6,0,0,0,0
G36004700472,1970,1,2,New York,36,Kings,047,,,0472,A,5600,,Tract  472,0,1,G,1723,26,0,1,14,0,0,1,10,1772,26,4,1,13,0,0,1,3
G36004700473,1970,1,2,New York,36,Kings,047,,,0473,A,5600,,Tract  473,0,1,G,392,13,0,0,0,0,0,0,1,366,10,0,1,0,0,0,0,2
G36004700474,1970,1,2,New York,36,Kings,047,,,0474,A,5600,,Tract  474,0,1,G,1541,5,2,0,5,0,0,0,8,1520,4,2,0,6,0,0,0,10
G36004700476,1970,1,2,New York,36,Kings,047,,,0476,A,5600,,Tract  476,0,1,G,1671,1,0,1,6,0,0,0,6,1835,0,0,0,10,0,0,0,5
G36004700477,1970,1,2,New York,36,Kings,047,,,0477,A,5600,,Tract  477,0,1,G,1203,14,1,2,0,0,0,0,5,1289,19,5,3,0,0,0,0,4
G36004700478,1970,1,2,New York,36,Kings,047,,,0478,A,5600,,Tract  478,0,1,G,1812,17,0,0,9,1,0,0,2,1983,11,1,0,7,6,0,0,1
G36004700480,1970,1,2,New York,36,Kings,047,,,0480,A,5600,,Tract  480,0,1,G,1208,6,0,2,21,2,0,0,3,1330,6,0,1,19,2,0,0,2
G36004700481,1970,1,2,New York,36,Kings,047,,,0481,A,5600,,Tract  481,0,1,G,1283,25,0,0,4,0,0,0,1,1412,32,0,1,1,0,0,0,1
G36004700482,1970,1,2,New York,36,Kings,047,,,0482,A,5600,,Tract  482,0,1,G,2015,13,1,0,13,2,0,1,1,2388,13,1,0,19,1,0,2,5
G36004700483,1970,1,2,New York,36,Kings,047,,,0483,A,5600,,Tract  483,0,1,G,674,128,1,0,2,5,0,0,1,686,139,2,0,0,2,0,0,1
G36004700484,1970,1,2,New York,36,Kings,047,,,0484,A,5600,,Tract  484,0,1,G,2080,22,0,1,6,1,0,0,3,2276,31,2,4,2,0,0,0,2
G36004700486,1970,1,2,New York,36,Kings,047,,,0486,A,5600,,Tract  486,0,1,G,1246,28,1,0,29,3,0,1,1,1387,55,1,0,21,2,0,0,4
G36004700487,1970,1,2,New York,36,Kings,047,,,0487,A,5600,,Tract  487,0,1,G,999,364,3,0,0,1,0,0,60,1055,417,4,0,0,3,0,0,66
G36004700488,1970,1,2,New York,36,Kings,047,,,0488,A,5600,,Tract  488,0,1,G,1666,6,0,0,9,4,0,2,0,1902,9,0,1,9,0,0,3,1
G36004700489,1970,1,2,New York,36,Kings,047,,,0489,A,5600,,Tract  489,0,1,G,1065,1648,7,1,6,3,1,0,60,1158,1848,13,0,3,0,0,0,75
G36004700490,1970,1,2,New York,36,Kings,047,,,0490,A,5600,,Tract  490,0,1,G,2430,6,2,3,3,3,0,3,8,2702,8,0,3,2,2,0,5,4
G36004700491,1970,1,2,New York,36,Kings,047,,,0491,A,5600,,Tract  491,0,1,G,1867,1002,6,0,48,9,0,3,13,2029,1218,9,1,36,5,0,2,21
G36004700492,1970,1,2,New York,36,Kings,047,,,0492,A,5600,,Tract  492,0,1,G,1380,38,1,0,19,0,0,0,6,1505,38,1,3,23,0,0,0,7
G36004700493,1970,1,2,New York,36,Kings,047,,,0493,A,5600,,Tract  493,0,1,G,2923,474,11,1,10,5,0,5,73,3275,633,13,0,10,10,0,1,64
G36004700494,1970,1,2,New York,36,Kings,047,,,0494,A,5600,,Tract  494,0,1,G,2101,26,0,1,0,0,0,2,0,2609,22,0,2,0,0,0,1,2
G36004700495,1970,1,2,New York,36,Kings,047,,,0495,A,5600,,Tract  495,0,1,G,1281,13,0,0,9,1,0,0,9,1326,14,0,0,4,0,0,0,8
G36004700496,1970,1,2,New York,36,Kings,047,,,0496,A,5600,,Tract  496,0,1,G,1683,1,3,3,22,2,0,0,7,1949,2,1,0,24,1,0,0,7
G36004700497,1970,1,2,New York,36,Kings,047,,,0497,A,5600,,Tract  497,0,1,G,1493,4,3,0,1,0,0,0,2,1629,5,1,0,3,0,0,0,2
G36004700498,1970,1,2,New York,36,Kings,047,,,0498,A,5600,,Tract  498,0,1,G,1725,1,0,6,6,0,0,1,1,2074,1,0,3,4,0,0,4,5
G36004700499,1970,1,2,New York,36,Kings,047,,,0499,A,5600,,Tract  499,0,1,G,955,2,1,0,6,0,0,0,0,1052,1,0,0,7,0,0,1,0
G36004700500,1970,1,2,New York,36,Kings,047,,,0500,A,5600,,Tract  500,0,1,G,1820,14,1,0,8,1,0,0,6,2124,15,2,2,5,1,0,1,8
G36004700501,1970,1,2,New York,36,Kings,047,,,0501,A,5600,,Tract  501,0,1,G,1714,14,3,3,5,1,0,0,0,1902,18,2,3,4,0,0,0,1
G3600470050201,1970,1,2,New York,36,Kings,047,,,050201,A,5600,,Tract  502.01,0,1,G,945,0,0,0,1,6,0,0,0,1022,0,0,0,2,3,0,0,0
G3600470050202,1970,1,2,New York,36,Kings,047,,,050202,A,5600,,Tract  502.02,0,1,G,1135,3,0,0,6,0,0,0,0,1289,3,0,0,9,2,0,0,1
G36004700503,1970,1,2,New York,36,Kings,047,,,0503,A,5600,,Tract  503,0,1,G,1358,113,0,0,5,1,0,0,38,1450,135,0,0,1,0,0,0,34
G36004700504,1970,1,2,New York,36,Kings,047,,,0504,A,5600,,Tract  504,0,1,G,1994,8,0,0,9,2,0,6,3,2290,13,2,0,4,3,0,4,2
G36004700505,1970,1,2,New York,36,Kings,047,,,0505,A,5600,,Tract  505,0,1,G,1791,437,5,0,26,2,0,0,44,2091,598,10,0,25,3,0,0,45
G36004700506,1970,1,2,New York,36,Kings,047,,,0506,A,5600,,Tract  506,0,1,G,2154,61,1,4,73,1,1,3,17,2596,53,0,3,75,1,0,4,19
G36004700507,1970,1,2,New York,36,Kings,047,,,0507,A,5600,,Tract  507,0,1,G,1087,189,4,0,15,14,0,0,20,1205,140,3,0,11,4,0,0,17
G36004700508,1970,1,2,New York,36,Kings,047,,,0508,A,5600,,Tract  508,0,1,G,4030,103,2,2,52,5,0,3,32,5416,143,5,5,40,8,0,1,30
G36004700509,1970,1,2,New York,36,Kings,047,,,0509,A,5600,,Tract  509,0,1,G,587,92,6,0,0,1,0,0,4,637,107,8,0,4,3,0,0,2
G36004700510,1970,1,2,New York,36,Kings,047,,,0510,A,5600,,Tract  510,0,1,G,2717,95,3,3,18,3,0,0,11,3744,125,3,4,14,2,0,0,4
G36004700511,1970,1,2,New York,36,Kings,047,,,0511,A,5600,,Tract  511,0,1,G,2144,288,4,0,51,11,0,1,22,2292,354,6,1,51,4,0,1,24
G36004700512,1970,1,2,New York,36,Kings,047,,,0512,A,5600,,Tract  512,0,1,G,2020,13,7,4,23,7,3,0,0,2728,13,4,8,15,5,0,0,1
G36004700513,1970,1,2,New York,36,Kings,047,,,0513,A,5600,,Tract  513,0,1,G,2530,105,4,1,3,0,0,0,103,2783,143,5,2,3,0,0,0,84
G36004700514,1970,1,2,New York,36,Kings,047,,,0514,A,5600,,Tract  514,0,1,G,2268,32,0,1,18,0,0,2,6,3081,26,2,2,17,0,0,1,3
G36004700515,1970,1,2,New York,36,Kings,047,,,0515,A,5600,,Tract  515,0,1,G,557,37,0,0,0,0,0,0,9,562,22,0,0,0,0,0,0,13
G36004700516,1970,1,2,New York,36,Kings,047,,,0516,A,5600,,Tract  516,0,1,G,3171,201,4,2,43,0,0,1,19,3861,287,5,3,51,0,1,0,18
G36004700517,1970,1,2,New York,36,Kings,047,,,0517,A,5600,,Tract  517,0,1,G,794,7,0,0,4,0,0,0,5,827,7,1,0,4,0,0,0,3
G36004700518,1970,1,2,New York,36,Kings,047,,,0518,A,5600,,Tract  518,0,1,G,1250,13,0,1,27,0,0,4,0,1575,27,0,0,22,0,0,1,0
G36004700519,1970,1,2,New York,36,Kings,047,,,0519,A,5600,,Tract  519,0,1,G,1758,41,0,1,23,1,0,15,7,1841,51,1,1,14,2,0,15,11
G36004700520,1970,1,2,New York,36,Kings,047,,,0520,A,5600,,Tract  520,0,1,G,1612,22,2,0,79,0,0,0,0,1836,28,3,2,64,0,0,0,5
G36004700522,1970,1,2,New York,36,Kings,047,,,0522,A,5600,,Tract  522,0,1,G,473,4,0,0,9,0,0,0,1,523,6,1,0,6,0,0,1,1
G36004700523,1970,1,2,New York,36,Kings,047,,,0523,A,5600,,Tract  523,0,1,G,2666,197,2,0,11,1,0,0,33,2982,225,1,0,2,0,0,0,45
G36004700524,1970,1,2,New York,36,Kings,047,,,0524,A,5600,,Tract  524,0,1,G,967,33,6,1,13,4,0,0,1,1125,46,3,0,12,3,1,0,2
G36004700525,1970,1,2,New York,36,Kings,047,,,0525,A,5600,,Tract  525,0,1,G,1688,156,1,0,1,3,0,0,20,1770,188,1,0,2,4,0,0,30
G36004700526,1970,1,2,New York,36,Kings,047,,,0526,A,5600,,Tract  526,0,1,G,1714,5,0,4,31,0,0,0,4,2086,8,0,12,33,1,0,0,7
G36004700527,1970,1,2,New York,36,Kings,047,,,0527,A,5600,,Tract  527,0,1,G,3990,511,9,2,81,2,0,0,152,4474,627,17,1,53,1,0,0,175
G36004700528,1970,1,2,New York,36,Kings,047,,,0528,A,5600,,Tract  528,0,1,G,802,2,1,0,10,2,0,1,0,939,5,0,0,14,3,0,3,0
G36004700529,1970,1,2,New York,36,Kings,047,,,0529,A,5600,,Tract  529,0,1,G,1613,135,1,1,34,5,0,1,37,1661,149,2,0,16,1,0,1,47
G36004700530,1970,1,2,New York,36,Kings,047,,,0530,A,5600,,Tract  530,0,1,G,1459,36,1,2,17,0,0,0,4,1649,53,2,1,10,0,0,0,7
G36004700531,1970,1,2,New York,36,Kings,047,,,0531,A,5600,,Tract  531,0,1,G,1495,254,10,5,0,6,0,0,27,1519,365,6,1,0,1,0,0,30
G36004700532,1970,1,2,New York,36,Kings,047,,,0532,A,5600,,Tract  532,0,1,G,1048,16,0,1,36,1,0,3,7,1225,17,0,1,33,0,0,2,5
G36004700533,1970,1,2,New York,36,Kings,047,,,0533,A,5600,,Tract  533,0,1,G,3378,120,4,1,1,0,0,0,24,3279,141,1,1,0,5,0,0,19
G36004700534,1970,1,2,New York,36,Kings,047,,,0534,A,5600,,Tract  534,0,1,G,1718,38,2,0,24,0,0,0,3,2140,70,1,0,16,0,0,0,5
G36004700535,1970,1,2,New York,36,Kings,047,,,0535,A,5600,,Tract  535,0,1,G,2224,67,0,0,1,0,0,0,28,2063,68,0,1,0,0,0,0,21
G36004700536,1970,1,2,New York,36,Kings,047,,,0536,A,5600,,Tract  536,0,1,G,382,9,0,0,0,0,0,0,10,419,6,0,0,0,0,0,0,7
G36004700537,1970,1,2,New York,36,Kings,047,,,0537,A,5600,,Tract  537,0,1,G,824,212,0,0,0,2,0,0,20,846,214,0,1,0,0,0,0,18
G36004700538,1970,1,2,New York,36,Kings,047,,,0538,A,5600,,Tract  538,0,1,G,2025,23,0,2,12,0,0,0,0,2639,22,0,1,19,0,1,0,0
G36004700539,1970,1,2,New York,36,Kings,047,,,0539,A,5600,,Tract  539,0,1,G,728,108,0,0,0,0,0,0,13,663,101,0,0,0,0,0,0,9
G36004700540,1970,1,2,New York,36,Kings,047,,,0540,A,5600,,Tract  540,0,1,G,1222,2,1,0,28,0,0,0,5,1434,5,2,0,19,0,0,0,8
G36004700542,1970,1,2,New York,36,Kings,047,,,0542,A,5600,,Tract  542,0,1,G,1699,2,2,2,3,2,0,0,2,2079,1,2,1,4,0,0,0,0
G36004700543,1970,1,2,New York,36,Kings,047,,,0543,A,5600,,Tract  543,0,1,G,156,10,1,0,0,13,0,0,0,71,6,0,2,0,0,0,0,0
G3600470054399,1970,1,2,New York,36,Kings,047,,,054399,A,5600,,Tract  543.99,0,1,G,758,70,0,0,0,42,0,0,4,1,0,0,0,0,0,0,0,0
G36004700544,1970,1,2,New York,36,Kings,047,,,0544,A,5600,,Tract  544,0,1,G,1549,0,0,0,1,0,0,0,1,1836,0,0,2,0,0,0,0,3
G36004700545,1970,1,2,New York,36,Kings,047,,,0545,A,5600,,Tract  545,0,1,G,1596,117,0,0,17,1,0,0,6,1574,175,0,0,12,0,0,0,12
G36004700546,1970,1,2,New York,36,Kings,047,,,0546,A,5600,,Tract  546,0,1,G,1851,19,1,0,0,0,0,0,0,2240,24,2,0,0,1,0,0,2
G36004700547,1970,1,2,New York,36,Kings,047,,,0547,A,5600,,Tract  547,0,1,G,1889,211,0,0,4,1,1,0,14,1903,247,2,1,1,0,0,0,16
G36004700548,1970,1,2,New York,36,Kings,047,,,0548,A,5600,,Tract  548,0,1,G,881,4,0,0,7,0,0,0,1,987,7,0,0,5,0,0,0,2
G36004700549,1970,1,2,New York,36,Kings,047,,,0549,A,5600,,Tract  549,0,1,G,652,42,0,2,0,1,0,0,66,671,58,0,0,0,0,0,0,63
G36004700550,1970,1,2,New York,36,Kings,047,,,0550,A,5600,,Tract  550,0,1,G,1465,18,0,1,1,0,0,0,1,1878,22,0,6,0,0,0,0,0
G36004700551,1970,1,2,New York,36,Kings,047,,,0551,A,5600,,Tract  551,0,1,G,2589,191,0,0,12,0,0,1,50,2635,207,1,0,8,0,0,2,68
G36004700552,1970,1,2,New York,36,Kings,047,,,0552,A,5600,,Tract  552,0,1,G,1368,1,0,0,11,0,0,0,1,1711,5,0,1,5,0,0,0,0
G36004700553,1970,1,2,New York,36,Kings,047,,,0553,A,5600,,Tract  553,0,1,G,1431,42,1,1,3,0,0,1,34,1382,42,1,1,1,0,0,0,33
G36004700554,1970,1,2,New York,36,Kings,047,,,0554,A,5600,,Tract  554,0,1,G,1754,22,5,1,16,0,0,0,5,2165,22,9,0,14,0,0,0,7
G36004700555,1970,1,2,New York,36,Kings,047,,,0555,A,5600,,Tract  555,0,1,G,326,17,0,4,6,0,0,0,29,320,13,0,2,5,0,0,0,28
G36004700556,1970,1,2,New York,36,Kings,047,,,0556,A,5600,,Tract  556,0,1,G,1622,6,0,0,6,0,0,0,0,1889,11,0,0,6,0,0,0,0
G36004700557,1970,1,2,New York,36,Kings,047,,,0557,A,5600,,Tract  557,0,1,G,818,11,0,2,1,0,0,0,5,877,15,0,2,2,0,0,0,7
G36004700558,1970,1,2,New York,36,Kings,047,,,0558,A,5600,,Tract  558,0,1,G,1129,2,0,1,3,0,0,0,2,1312,1,0,1,4,0,0,0,2
G36004700559,1970,1,2,New York,36,Kings,047,,,0559,A,5600,,Tract  559,0,1,G,115,1,0,0,0,0,0,0,5,129,2,0,0,0,0,0,0,4
G36004700560,1970,1,2,New York,36,Kings,047,,,0560,A,5600,,Tract  560,0,1,G,1467,1,0,0,3,0,0,0,0,1744,2,0,1,1,0,0,0,1
G36004700562,1970,1,2,New York,36,Kings,047,,,0562,A,5600,,Tract  562,0,1,G,825,2,0,0,8,0,0,0,2,876,1,0,0,10,0,0,0,0
G36004700563,1970,1,2,New York,36,Kings,047,,,0563,A,5600,,Tract  563,0,1,G,1938,61,0,1,3,2,0,0,23,1950,32,0,0,2,1,0,1,21
G36004700564,1970,1,2,New York,36,Kings,047,,,0564,A,5600,,Tract  564,0,1,G,1397,3,1,2,10,0,0,0,1,1574,4,0,1,9,0,0,0,2
G36004700565,1970,1,2,New York,36,Kings,047,,,0565,A,5600,,Tract  565,0,1,G,1796,22,1,1,15,0,0,0,4,2015,23,4,1,7,0,0,1,4
G36004700566,1970,1,2,New York,36,Kings,047,,,0566,A,5600,,Tract  566,0,1,G,1367,2,0,0,15,0,0,1,0,1546,8,2,1,12,1,0,0,1
G36004700567,1970,1,2,New York,36,Kings,047,,,0567,A,5600,,Tract  567,0,1,G,1896,10,3,2,24,0,0,1,5,1985,5,0,4,15,0,0,0,1
G36004700568,1970,1,2,New York,36,Kings,047,,,0568,A,5600,,Tract  568,0,1,G,703,0,0,0,11,0,0,0,9,756,0,0,0,10,0,0,0,5
G36004700569,1970,1,2,New York,36,Kings,047,,,0569,A,5600,,Tract  569,0,1,G,870,0,0,1,12,0,0,0,0,966,0,0,0,14,2,0,0,0
G36004700570,1970,1,2,New York,36,Kings,047,,,0570,A,5600,,Tract  570,0,1,G,2077,2,1,1,12,0,0,0,5,2213,9,2,1,14,2,0,0,3
G36004700571,1970,1,2,New York,36,Kings,047,,,0571,A,5600,,Tract  571,0,1,G,2443,0,0,1,19,1,0,6,1,2718,0,1,0,19,1,0,3,2
G36004700572,1970,1,2,New York,36,Kings,047,,,0572,A,5600,,Tract  572,0,1,G,2848,450,0,0,2,1,0,0,4,3044,483,0,2,6,0,0,0,2
G36004700573,1970,1,2,New York,36,Kings,047,,,0573,A,5600,,Tract  573,0,1,G,1330,2,0,0,16,1,0,0,3,1473,1,1,0,13,0,0,0,5
G36004700574,1970,1,2,New York,36,Kings,047,,,0574,A,5600,,Tract  574,0,1,G,1197,2,0,2,3,0,0,0,2,1311,3,0,3,4,0,0,0,2
G36004700575,1970,1,2,New York,36,Kings,047,,,0575,A,5600,,Tract  575,0,1,G,2355,11,2,0,1,1,0,0,14,2540,13,2,1,0,1,0,1,13
G36004700576,1970,1,2,New York,36,Kings,047,,,0576,A,5600,,Tract  576,0,1,G,1332,1,0,0,20,0,0,0,0,1517,8,0,0,14,0,0,0,0
G36004700577,1970,1,2,New York,36,Kings,047,,,0577,A,5600,,Tract  577,0,1,G,18,0,0,0,0,0,0,0,0,22,0,0,0,0,0,0,0,0
G3600470057799,1970,1,2,New York,36,Kings,047,,,057799,A,5600,,Tract  577.99,0,1,G,24,5,0,0,0,0,0,0,0,0,0,0,0,0,0,0,0,0
G36004700578,1970,1,2,New York,36,Kings,047,,,0578,A,5600,,Tract  578,0,1,G,1331,6,3,1,14,1,0,0,1,1543,8,2,3,19,0,0,0,0
G36004700579,1970,1,2,New York,36,Kings,047,,,0579,A,5600,,Tract  579,0,1,G,585,2,1,0,0,0,0,0,6,638,4,0,1,0,0,0,0,2
G36004700580,1970,1,2,New York,36,Kings,047,,,0580,A,5600,,Tract  580,0,1,G,1291,0,0,0,13,0,0,0,2,1602,1,0,0,15,0,0,0,0
G36004700582,1970,1,2,New York,36,Kings,047,,,0582,A,5600,,Tract  582,0,1,G,1224,8,1,0,33,0,0,0,4,1383,14,0,0,35,0,0,0,6
G36004700584,1970,1,2,New York,36,Kings,047,,,0584,A,5600,,Tract  584,0,1,G,1915,14,0,1,27,5,0,0,1,2041,18,1,0,37,1,0,0,3
G36004700586,1970,1,2,New York,36,Kings,047,,,0586,A,5600,,Tract  586,0,1,G,863,100,2,0,18,0,0,0,3,921,141,0,0,18,1,0,0,4
G36004700588,1970,1,2,New York,36,Kings,047,,,0588,A,5600,,Tract  588,0,1,G,1877,7,0,0,1,1,0,0,9,2029,9,0,1,1,2,0,0,10
G36004700589,1970,1,2,New York,36,Kings,047,,,0589,A,5600,,Tract  589,0,1,G,1025,5,0,0,1,0,0,0,9,1114,3,0,0,0,0,0,0,6
G36004700590,1970,1,2,New York,36,Kings,047,,,0590,A,5600,,Tract  590,0,1,G,589,102,0,0,6,1,0,0,1,655,112,1,0,9,2,0,0,2
G36004700591,1970,1,2,New York,36,Kings,047,,,0591,A,5600,,Tract  591,0,1,G,2183,29,0,2,0,0,0,0,0,2314,41,1,2,0,0,0,0,0
G36004700592,1970,1,2,New York,36,Kings,047,,,0592,A,5600,,Tract  592,0,1,G,1731,0,0,0,4,0,0,0,0,1994,0,0,2,2,0,0,0,0
G36004700593,1970,1,2,New York,36,Kings,047,,,0593,A,5600,,Tract  593,0,1,G,1321,23,0,0,0,0,0,0,1,1445,25,0,1,0,0,0,0,1
G3600470059401,1970,1,2,New York,36,Kings,047,,,059401,A,5600,,Tract  594.01,0,1,G,3603,9,1,3,28,0,0,0,1,3976,5,1,6,26,0,0,0,1
G3600470059402,1970,1,2,New York,36,Kings,047,,,059402,A,5600,,Tract  594.02,0,1,G,2340,1,1,1,4,0,0,0,0,2503,3,0,2,2,0,0,0,0
G36004700596,1970,1,2,New York,36,Kings,047,,,0596,A,5600,,Tract  596,0,1,G,1457,1,0,0,0,0,0,0,0,1587,1,0,0,1,0,0,0,0
G36004700598,1970,1,2,New York,36,Kings,047,,,0598,A,5600,,Tract  598,0,1,G,1858,11,2,2,4,0,0,0,0,1865,11,4,3,5,0,0,0,0
G36004700600,1970,1,2,New York,36,Kings,047,,,0600,A,5600,,Tract  600,0,1,G,2892,8,3,0,4,0,0,0,3,3073,14,0,3,6,0,0,0,2
G36004700606,1970,1,2,New York,36,Kings,047,,,0606,A,5600,,Tract  606,0,1,G,1390,1,2,0,8,2,0,0,1,1538,3,1,1,9,0,0,0,3
G36004700608,1970,1,2,New York,36,Kings,047,,,0608,A,5600,,Tract  608,0,1,G,1458,6,0,1,6,0,0,0,5,1651,4,0,2,6,0,0,0,0
G3600470061001,1970,1,2,New York,36,Kings,047,,,061001,A,5600,,Tract  610.01,0,1,G,3463,11,0,0,15,1,0,0,3,4296,23,0,2,12,2,0,0,4
G3600470061002,1970,1,2,New York,36,Kings,047,,,061002,A,5600,,Tract  610.02,0,1,G,1171,5,0,1,0,1,0,1,0,1426,8,0,0,0,0,0,2,0
G36004700612,1970,1,2,New York,36,Kings,047,,,0612,A,5600,,Tract  612,0,1,G,583,0,0,0,5,0,0,0,0,607,1,0,1,3,0,0,0,0
G36004700614,1970,1,2,New York,36,Kings,047,,,0614,A,5600,,Tract  614,0,1,G,471,1,0,0,6,0,0,0,0,502,12,0,0,4,0,0,0,0
G36004700616,1970,1,2,New York,36,Kings,047,,,0616,A,5600,,Tract  616,0,1,G,828,13,0,0,0,0,0,0,1,851,23,0,0,0,1,0,0,1
G36004700618,1970,1,2,New York,36,Kings,047,,,0618,A,5600,,Tract  618,0,1,G,476,0,0,0,0,0,0,0,0,459,8,0,0,0,0,0,0,0
G36004700622,1970,1,2,New York,36,Kings,047,,,0622,A,5600,,Tract  622,0,1,G,1552,4,0,0,0,0,0,0,0,1660,1,1,1,0,1,0,1,0
G36004700626,1970,1,2,New York,36,Kings,047,,,0626,A,5600,,Tract  626,0,1,G,1617,1,0,0,3,0,0,0,0,1650,2,0,1,2,0,0,0,0
G36004700628,1970,1,2,New York,36,Kings,047,,,0628,A,5600,,Tract  628,0,1,G,3063,2,1,0,3,0,0,1,4,3086,4,1,1,4,0,0,3,2
G36004700632,1970,1,2,New York,36,Kings,047,,,0632,A,5600,,Tract  632,0,1,G,867,0,0,0,4,0,0,0,0,935,0,0,1,1,0,0,0,0
G36004700636,1970,1,2,New York,36,Kings,047,,,0636,A,5600,,Tract  636,0,1,G,631,0,0,1,0,0,0,0,0,688,0,0,2,0,0,0,0,0
G36004700638,1970,1,2,New York,36,Kings,047,,,0638,A,5600,,Tract  638,0,1,G,872,4,0,0,0,0,0,0,0,932,5,0,1,0,0,0,0,0
G36004700640,1970,1,2,New York,36,Kings,047,,,0640,A,5600,,Tract  640,0,1,G,776,0,0,0,2,1,0,0,0,821,0,0,0,5,0,0,0,0
G36004700642,1970,1,2,New York,36,Kings,047,,,0642,A,5600,,Tract  642,0,1,G,1210,2,0,1,0,0,0,0,0,1277,4,0,0,3,1,1,1,1
G36004700644,1970,1,2,New York,36,Kings,047,,,0644,A,5600,,Tract  644,0,1,G,1142,0,0,1,0,0,0,0,1,1311,0,0,0,0,0,0,0,3
G36004700646,1970,1,2,New York,36,Kings,047,,,0646,A,5600,,Tract  646,0,1,G,1313,2,1,2,8,0,0,0,1,1355,4,1,0,15,0,0,0,0
G36004700648,1970,1,2,New York,36,Kings,047,,,0648,A,5600,,Tract  648,0,1,G,1043,4,0,1,0,0,0,0,2,1107,3,0,0,0,0,0,0,4
G36004700650,1970,1,2,New York,36,Kings,047,,,0650,A,5600,,Tract  650,0,1,G,842,2,0,1,9,1,0,0,0,908,2,0,0,8,0,0,0,0
G36004700652,1970,1,2,New York,36,Kings,047,,,0652,A,5600,,Tract  652,0,1,G,633,0,0,0,0,0,0,0,0,722,2,0,1,0,0,0,0,0
G36004700654,1970,1,2,New York,36,Kings,047,,,0654,A,5600,,Tract  654,0,1,G,898,0,0,1,0,0,0,0,0,980,0,0,1,0,0,0,0,0
G36004700656,1970,1,2,New York,36,Kings,047,,,0656,A,5600,,Tract  656,0,1,G,1128,0,0,1,3,0,0,0,3,1250,0,0,0,4,0,0,0,1
G36004700658,1970,1,2,New York,36,Kings,047,,,0658,A,5600,,Tract  658,0,1,G,978,0,0,0,7,0,0,0,1,1084,1,0,0,4,0,0,0,0
G36004700660,1970,1,2,New York,36,Kings,047,,,0660,A,5600,,Tract  660,0,1,G,969,7,0,0,0,0,0,0,1,1022,4,0,0,0,0,0,0,0
G36004700662,1970,1,2,New York,36,Kings,047,,,0662,A,5600,,Tract  662,0,1,G,599,1,0,0,4,0,0,0,0,688,1,0,0,4,0,0,0,0
G36004700670,1970,1,2,New York,36,Kings,047,,,0670,A,5600,,Tract  670,0,1,G,1446,2,0,0,4,0,0,0,1,1498,1,0,1,4,0,0,0,1
G36004700672,1970,1,2,New York,36,Kings,047,,,0672,A,5600,,Tract  672,0,1,G,620,1,0,0,3,0,0,0,0,697,0,0,0,1,0,0,0,0
G36004700674,1970,1,2,New York,36,Kings,047,,,0674,A,5600,,Tract  674,0,1,G,1013,1,1,1,6,0,0,0,0,1081,0,0,1,12,0,0,0,0
G36004700676,1970,1,2,New York,36,Kings,047,,,0676,A,5600,,Tract  676,0,1,G,759,0,1,0,1,0,0,0,0,780,0,1,0,3,0,0,0,0
G36004700678,1970,1,2,New York,36,Kings,047,,,0678,A,5600,,Tract  678,0,1,G,1230,0,0,0,0,0,0,0,0,1246,0,0,0,0,0,0,0,0
G36004700680,1970,1,2,New York,36,Kings,047,,,0680,A,5600,,Tract  680,0,1,G,956,1,0,0,0,0,0,0,0,1030,1,0,1,0,0,0,0,1
G36004700682,1970,1,2,New York,36,Kings,047,,,0682,A,5600,,Tract  682,0,1,G,1363,2,1,0,1,0,0,0,0,1428,3,0,0,4,0,0,0,0
G36004700686,1970,1,2,New York,36,Kings,047,,,0686,A,5600,,Tract  686,0,1,G,998,1,0,0,12,0,0,0,0,1040,1,0,1,14,0,0,0,0
G36004700688,1970,1,2,New York,36,Kings,047,,,0688,A,5600,,Tract  688,0,1,G,938,0,0,1,0,0,0,1,0,1014,0,0,0,0,0,0,1,0
G36004700690,1970,1,2,New York,36,Kings,047,,,0690,A,5600,,Tract  690,0,1,G,904,1,0,1,2,0,0,0,0,918,2,0,2,4,0,0,0,0
G36004700692,1970,1,2,New York,36,Kings,047,,,0692,A,5600,,Tract  692,0,1,G,1222,0,0,1,0,0,0,0,0,1217,0,0,0,0,0,0,0,0
G36004700696,1970,1,2,New York,36,Kings,047,,,0696,A,5600,,Tract  696,0,1,G,2578,8,0,0,6,0,0,0,1,2592,8,0,1,8,0,0,0,3
G36004700698,1970,1,2,New York,36,Kings,047,,,0698,A,5600,,Tract  698,0,1,G,722,0,0,0,0,0,1,0,1,694,0,0,0,0,0,1,0,0
G36004700700,1970,1,2,New York,36,Kings,047,,,0700,A,5600,,Tract  700,0,1,G,906,0,6,0,11,0,0,0,0,940,3,1,0,7,0,0,0,2
G3600470070201,1970,1,2,New York,36,Kings,047,,,070201,A,5600,,Tract  702.01,0,1,G,4634,3,0,5,10,0,0,0,2,4682,16,0,3,17,1,0,0,1
G3600470070202,1970,1,2,New York,36,Kings,047,,,070202,A,5600,,Tract  702.02,0,1,G,337,17,0,0,1,7,1,0,2,60,4,0,0,0,0,0,0,0
G36004700706,1970,1,2,New York,36,Kings,047,,,0706,A,5600,,Tract  706,0,1,G,1335,0,0,0,1,0,0,0,0,1349,3,0,0,3,0,0,0,0
G36004700720,1970,1,2,New York,36,Kings,047,,,0720,A,5600,,Tract  720,0,1,G,707,0,0,0,0,0,0,0,0,698,0,1,0,0,0,0,0,0
G36004700722,1970,1,2,New York,36,Kings,047,,,0722,A,5600,,Tract  722,0,1,G,1226,1,1,0,3,0,0,1,0,1300,1,3,0,1,0,0,1,0
G36004700724,1970,1,2,New York,36,Kings,047,,,0724,A,5600,,Tract  724,0,1,G,804,1,0,0,0,3,0,0,0,848,1,0,0,0,1,0,0,1
G36004700726,1970,1,2,New York,36,Kings,047,,,0726,A,5600,,Tract  726,0,1,G,1196,1,1,0,0,2,0,0,3,1378,1,1,0,0,0,0,0,1
G36004700728,1970,1,2,New York,36,Kings,047,,,0728,A,5600,,Tract  728,0,1,G,1909,0,1,1,2,0,0,0,0,2029,0,1,0,1,0,0,0,1
G36004700730,1970,1,2,New York,36,Kings,047,,,0730,A,5600,,Tract  730,0,1,G,1023,4,3,0,0,0,0,0,1,1129,10,2,0,0,0,0,0,0
G36004700732,1970,1,2,New York,36,Kings,047,,,0732,A,5600,,Tract  732,0,1,G,385,0,0,0,0,0,0,0,1,414,1,0,1,0,0,0,0,1
G36004700734,1970,1,2,New York,36,Kings,047,,,0734,A,5600,,Tract  734,0,1,G,757,0,0,1,2,0,0,1,0,805,0,0,0,4,0,2,0,0
G36004700736,1970,1,2,New York,36,Kings,047,,,0736,A,5600,,Tract  736,0,1,G,1334,2,0,0,5,2,0,0,2,1523,3,0,0,7,2,0,0,1
G36004700738,1970,1,2,New York,36,Kings,047,,,0738,A,5600,,Tract  738,0,1,G,1296,5,0,0,7,0,0,0,2,1525,3,0,1,5,0,0,0,2
G36004700740,1970,1,2,New York,36,Kings,047,,,0740,A,5600,,Tract  740,0,1,G,1336,15,0,0,11,0,0,0,3,1569,12,5,2,14,1,0,0,2
G36004700742,1970,1,2,New York,36,Kings,047,,,0742,A,5600,,Tract  742,0,1,G,1254,7,1,1,5,0,0,0,0,1378,4,0,0,6,0,0,0,0
G36004700744,1970,1,2,New York,36,Kings,047,,,0744,A,5600,,Tract  744,0,1,G,909,1,0,1,0,0,0,0,0,1018,2,0,1,0,0,0,0,0
G36004700746,1970,1,2,New York,36,Kings,047,,,0746,A,5600,,Tract  746,0,1,G,818,1,1,0,7,2,0,0,0,898,0,2,2,8,1,1,0,0
G36004700748,1970,1,2,New York,36,Kings,047,,,0748,A,5600,,Tract  748,0,1,G,972,1,1,1,2,1,0,0,7,1066,4,2,0,2,2,0,0,5
G36004700750,1970,1,2,New York,36,Kings,047,,,0750,A,5600,,Tract  750,0,1,G,1199,2,0,2,5,1,0,0,0,1393,5,0,0,4,0,0,0,0
G36004700752,1970,1,2,New York,36,Kings,047,,,0752,A,5600,,Tract  752,0,1,G,571,8,0,1,0,0,0,0,0,647,11,1,1,0,0,0,0,0
G36004700754,1970,1,2,New York,36,Kings,047,,,0754,A,5600,,Tract  754,0,1,G,741,0,0,0,0,0,0,0,0,797,5,0,0,0,0,0,0,1
G36004700756,1970,1,2,New York,36,Kings,047,,,0756,A,5600,,Tract  756,0,1,G,1022,1,0,4,0,0,0,0,1,1157,4,0,1,0,0,0,0,1
G36004700758,1970,1,2,New York,36,Kings,047,,,0758,A,5600,,Tract  758,0,1,G,1022,3,0,0,3,0,0,0,2,1116,10,0,1,2,0,0,0,1
G36004700760,1970,1,2,New York,36,Kings,047,,,0760,A,5600,,Tract  760,0,1,G,1235,9,0,0,0,1,0,0,1,1436,17,0,1,0,0,0,0,3
G36004700762,1970,1,2,New York,36,Kings,047,,,0762,A,5600,,Tract  762,0,1,G,1647,32,0,6,6,0,0,0,3,1973,58,1,5,2,0,0,0,0
G36004700764,1970,1,2,New York,36,Kings,047,,,0764,A,5600,,Tract  764,0,1,G,1368,22,0,3,8,0,0,1,6,1615,25,1,1,3,0,0,0,6
G36004700766,1970,1,2,New York,36,Kings,047,,,0766,A,5600,,Tract  766,0,1,G,764,40,1,0,0,0,0,0,4,888,52,0,2,1,0,0,0,9
G36004700770,1970,1,2,New York,36,Kings,047,,,0770,A,5600,,Tract  770,0,1,G,1027,30,0,0,22,0,0,2,14,1209,32,1,0,22,0,0,1,18
G36004700772,1970,1,2,New York,36,Kings,047,,,0772,A,5600,,Tract  772,0,1,G,1402,13,1,1,1,0,0,0,10,1671,23,1,1,0,1,0,0,3
G36004700774,1970,1,2,New York,36,Kings,047,,,0774,A,5600,,Tract  774,0,1,G,1104,5,5,1,4,3,0,0,10,1340,6,3,0,4,0,0,0,9
G36004700776,1970,1,2,New York,36,Kings,047,,,0776,A,5600,,Tract  776,0,1,G,1728,2,0,0,2,1,0,0,0,2087,4,0,1,2,1,0,0,0
G36004700778,1970,1,2,New York,36,Kings,047,,,0778,A,5600,,Tract  778,0,1,G,141,0,0,0,0,0,0,0,0,156,0,0,0,0,0,0,0,0
G36004700780,1970,1,2,New York,36,Kings,047,,,0780,A,5600,,Tract  780,0,1,G,935,0,0,0,0,0,0,0,0,1068,0,1,1,0,0,0,0,0
G36004700782,1970,1,2,New York,36,Kings,047,,,0782,A,5600,,Tract  782,0,1,G,847,956,2,2,7,2,0,0,25,956,1073,4,1,5,8,0,2,18
G36004700784,1970,1,2,New York,36,Kings,047,,,0784,A,5600,,Tract  784,0,1,G,959,6,1,0,2,0,0,0,0,1033,9,2,2,0,0,0,0,0
G36004700786,1970,1,2,New York,36,Kings,047,,,0786,A,5600,,Tract  786,0,1,G,1633,30,1,0,34,1,0,0,5,2098,24,0,0,25,0,0,2,5
G36004700788,1970,1,2,New York,36,Kings,047,,,0788,A,5600,,Tract  788,0,1,G,1127,304,2,1,18,2,1,0,6,1373,337,2,0,14,2,0,0,6
G36004700790,1970,1,2,New York,36,Kings,047,,,0790,A,5600,,Tract  790,0,1,G,1700,378,7,1,46,4,1,2,14,1989,533,16,1,41,2,0,1,15
G36004700792,1970,1,2,New York,36,Kings,047,,,0792,A,5600,,Tract  792,0,1,G,1122,699,3,2,75,0,0,0,28,1208,921,5,1,59,2,0,0,22
G36004700794,1970,1,2,New York,36,Kings,047,,,0794,A,5600,,Tract  794,0,1,G,238,616,4,0,3,0,0,0,2,282,659,2,0,7,0,0,0,4
G36004700796,1970,1,2,New York,36,Kings,047,,,0796,A,5600,,Tract  796,0,1,G,2729,854,6,3,97,8,0,3,19,3276,1089,8,4,86,5,0,2,23
G36004700798,1970,1,2,New York,36,Kings,047,,,0798,A,5600,,Tract  798,0,1,G,2824,561,4,2,146,6,0,0,25,3625,751,2,11,138,10,0,1,23
G36004700800,1970,1,2,New York,36,Kings,047,,,0800,A,5600,,Tract  800,0,1,G,525,1347,1,0,24,4,0,1,15,630,1668,3,2,24,2,0,4,24
G36004700802,1970,1,2,New York,36,Kings,047,,,0802,A,5600,,Tract  802,0,1,G,815,1040,3,1,9,4,0,9,16,960,1352,1,2,12,6,0,6,18
G36004700804,1970,1,2,New York,36,Kings,047,,,0804,A,5600,,Tract  804,0,1,G,556,745,1,0,58,24,0,0,22,626,948,7,1,48,21,0,0,28
G36004700806,1970,1,2,New York,36,Kings,047,,,0806,A,5600,,Tract  806,0,1,G,589,364,0,0,4,0,0,0,7,635,468,0,2,7,0,0,0,10
G36004700810,1970,1,2,New York,36,Kings,047,,,0810,A,5600,,Tract  810,0,1,G,477,570,8,1,0,15,0,11,6,521,740,6,1,2,15,0,9,4
G36004700812,1970,1,2,New York,36,Kings,047,,,0812,A,5600,,Tract  812,0,1,G,273,237,0,0,8,0,0,1,0,388,122,1,0,7,6,0,0,1
G36004700814,1970,1,2,New York,36,Kings,047,,,0814,A,5600,,Tract  814,0,1,G,979,256,3,0,9,9,0,4,11,1093,298,2,3,12,3,0,6,6
G36004700816,1970,1,2,New York,36,Kings,047,,,0816,A,5600,,Tract  816,0,1,G,912,258,0,0,18,0,0,5,5,1032,291,3,0,15,0,0,5,8
G36004700818,1970,1,2,New York,36,Kings,047,,,0818,A,5600,,Tract  818,0,1,G,1584,247,2,5,21,37,0,6,27,1857,333,1,6,15,57,0,6,30
G36004700820,1970,1,2,New York,36,Kings,047,,,0820,A,5600,,Tract  820,0,1,G,1596,362,5,0,46,17,1,11,15,1877,449,5,0,51,20,0,15,18
G36004700822,1970,1,2,New York,36,Kings,047,,,0822,A,5600,,Tract  822,0,1,G,1716,511,0,3,22,3,0,0,24,2118,597,3,6,19,5,0,1,20
G36004700824,1970,1,2,New York,36,Kings,047,,,0824,A,5600,,Tract  824,0,1,G,1759,679,4,0,37,2,0,0,9,1996,866,2,2,25,2,2,0,17
G36004700826,1970,1,2,New York,36,Kings,047,,,0826,A,5600,,Tract  826,0,1,G,1633,523,2,1,64,9,0,0,31,1853,651,5,0,69,7,0,0,24
G36004700828,1970,1,2,New York,36,Kings,047,,,0828,A,5600,,Tract  828,0,1,G,1385,108,0,3,23,0,0,0,3,1748,156,0,4,19,0,0,1,5
G36004700830,1970,1,2,New York,36,Kings,047,,,0830,A,5600,,Tract  830,0,1,G,1702,749,4,2,18,17,0,0,19,2048,995,1,2,15,22,0,2,24
G36004700832,1970,1,2,New York,36,Kings,047,,,0832,A,5600,,Tract  832,0,1,G,949,3,2,0,3,0,0,0,0,1131,5,1,1,5,0,0,0,0
G36004700834,1970,1,2,New York,36,Kings,047,,,0834,A,5600,,Tract  834,0,1,G,773,0,1,1,3,0,1,0,0,855,1,0,0,1,0,0,0,0
G36004700836,1970,1,2,New York,36,Kings,047,,,0836,A,5600,,Tract  836,0,1,G,965,0,0,1,0,0,0,0,1,1057,0,0,0,1,0,0,0,1
G36004700838,1970,1,2,New York,36,Kings,047,,,0838,A,5600,,Tract  838,0,1,G,968,0,0,0,5,0,0,0,1,1049,1,0,0,5,0,0,0,2
G36004700840,1970,1,2,New York,36,Kings,047,,,0840,A,5600,,Tract  840,0,1,G,960,15,0,0,3,4,0,0,5,1065,28,0,0,2,2,0,1,5
G36004700842,1970,1,2,New York,36,Kings,047,,,0842,A,5600,,Tract  842,0,1,G,585,0,0,0,3,0,0,0,0,617,1,0,0,1,0,0,0,0
G36004700844,1970,1,2,New York,36,Kings,047,,,0844,A,5600,,Tract  844,0,1,G,115,0,0,0,2,0,0,0,0,131,0,0,0,1,0,0,0,0
G36004700846,1970,1,2,New York,36,Kings,047,,,0846,A,5600,,Tract  846,0,1,G,955,37,0,2,9,5,0,0,1,1030,49,0,1,11,0,0,0,0
G36004700848,1970,1,2,New York,36,Kings,047,,,0848,A,5600,,Tract  848,0,1,G,645,113,0,0,5,0,0,0,7,670,137,3,1,6,0,0,1,9
G36004700850,1970,1,2,New York,36,Kings,047,,,0850,A,5600,,Tract  850,0,1,G,630,13,0,0,0,0,0,0,0,685,22,0,0,0,0,0,0,1
G36004700852,1970,1,2,New York,36,Kings,047,,,0852,A,5600,,Tract  852,0,1,G,-2,0,,,,,,,,,,,,,,,,
G36004700854,1970,1,2,New York,36,Kings,047,,,0854,A,5600,,Tract  854,0,1,G,694,50,0,3,0,0,0,0,5,834,58,0,1,0,0,0,0,6
G36004700856,1970,1,2,New York,36,Kings,047,,,0856,A,5600,,Tract  856,0,1,G,1439,176,6,10,4,7,0,4,14,1584,207,6,13,2,14,0,7,12
G36004700858,1970,1,2,New York,36,Kings,047,,,0858,A,5600,,Tract  858,0,1,G,835,84,1,1,3,0,0,1,4,948,89,3,0,2,0,0,0,3
G36004700860,1970,1,2,New York,36,Kings,047,,,0860,A,5600,,Tract  860,0,1,G,1288,96,0,0,6,1,0,0,10,1419,115,1,0,6,0,0,0,13
G36004700862,1970,1,2,New York,36,Kings,047,,,0862,A,5600,,Tract  862,0,1,G,1258,92,0,0,6,0,0,3,5,1457,116,1,1,7,0,0,2,13
G36004700864,1970,1,2,New York,36,Kings,047,,,0864,A,5600,,Tract  864,0,1,G,755,200,0,0,4,0,0,0,3,863,213,0,0,2,0,0,0,2
G36004700866,1970,1,2,New York,36,Kings,047,,,0866,A,5600,,Tract  866,0,1,G,1091,245,4,0,2,1,0,0,1,1179,284,4,0,3,4,0,0,4
G36004700868,1970,1,2,New York,36,Kings,047,,,0868,A,5600,,Tract  868,0,1,G,1220,162,0,3,14,0,0,3,6,1362,199,1,0,10,0,0,2,3
G36004700870,1970,1,2,New York,36,Kings,047,,,0870,A,5600,,Tract  870,0,1,G,1011,242,6,4,7,7,0,11,9,1219,271,1,7,6,5,0,5,10
G36004700872,1970,1,2,New York,36,Kings,047,,,0872,A,5600,,Tract  872,0,1,G,1156,246,0,0,17,0,0,6,7,1325,285,1,0,13,0,1,5,7
G3600470087401,1970,1,2,New York,36,Kings,047,,,087401,A,5600,,Tract  874.01,0,1,G,591,889,2,3,16,31,0,3,15,681,1021,3,3,16,53,1,2,16
G3600470087402,1970,1,2,New York,36,Kings,047,,,087402,A,5600,,Tract  874.02,0,1,G,1019,229,0,0,4,0,0,0,2,1079,239,0,0,2,0,0,0,0
G36004700876,1970,1,2,New York,36,Kings,047,,,0876,A,5600,,Tract  876,0,1,G,261,400,0,0,3,2,0,0,2,290,508,0,0,4,1,0,0,2
G36004700878,1970,1,2,New York,36,Kings,047,,,0878,A,5600,,Tract  878,0,1,G,928,334,0,0,12,0,0,0,1,1074,408,0,0,12,0,0,0,1
G36004700880,1970,1,2,New York,36,Kings,047,,,0880,A,5600,,Tract  880,0,1,G,724,541,0,0,7,5,0,0,9,760,689,2,2,11,3,0,0,8
G36004700882,1970,1,2,New York,36,Kings,047,,,0882,A,5600,,Tract  882,0,1,G,1049,1248,8,1,7,23,0,4,30,1101,1498,8,1,15,21,1,4,29
G36004700884,1970,1,2,New York,36,Kings,047,,,0884,A,5600,,Tract  884,0,1,G,879,1526,12,3,54,0,0,0,17,966,1859,15,2,48,0,0,0,10
G36004700886,1970,1,2,New York,36,Kings,047,,,0886,A,5600,,Tract  886,0,1,G,1075,959,1,0,9,1,0,0,18,1189,1195,0,0,2,1,0,0,32
G36004700888,1970,1,2,New York,36,Kings,047,,,0888,A,5600,,Tract  888,0,1,G,1269,380,1,1,18,1,0,0,7,1423,412,0,2,12,1,0,0,16
G36004700890,1970,1,2,New York,36,Kings,047,,,0890,A,5600,,Tract  890,0,1,G,752,1908,6,4,9,8,0,5,52,901,2361,5,5,7,5,1,1,68
G36004700892,1970,1,2,New York,36,Kings,047,,,0892,A,5600,,Tract  892,0,1,G,702,748,2,1,2,4,0,2,27,810,896,3,0,3,0,0,1,36
G36004700894,1970,1,2,New York,36,Kings,047,,,0894,A,5600,,Tract  894,0,1,G,619,2209,4,0,1,2,0,0,16,982,2797,0,0,0,2,0,0,14
G36004700896,1970,1,2,New York,36,Kings,047,,,0896,A,5600,,Tract  896,0,1,G,430,1313,5,2,1,1,0,0,12,456,1546,4,0,2,3,0,1,19
G36004700898,1970,1,2,New York,36,Kings,047,,,0898,A,5600,,Tract  898,0,1,G,381,908,6,0,1,0,0,0,11,487,1206,11,0,1,0,0,0,17
G36004700900,1970,1,2,New York,36,Kings,047,,,0900,A,5600,,Tract  900,0,1,G,1066,3417,3,2,0,0,2,0,37,1235,4516,10,4,1,0,0,0,60
G36004700902,1970,1,2,New York,36,Kings,047,,,0902,A,5600,,Tract  902,0,1,G,479,1408,5,0,7,4,0,0,61,569,1667,7,1,5,11,0,0,56
G36004700904,1970,1,2,New York,36,Kings,047,,,0904,A,5600,,Tract  904,0,1,G,353,588,3,0,4,0,0,0,24,344,675,3,0,1,0,0,0,34
G36004700906,1970,1,2,New York,36,Kings,047,,,0906,A,5600,,Tract  906,0,1,G,909,1839,1,1,0,3,0,0,56,976,2271,2,1,0,2,1,0,64
G36004700908,1970,1,2,New York,36,Kings,047,,,0908,A,5600,,Tract  908,0,1,G,957,1404,2,0,3,5,0,0,30,1022,1701,2,0,2,3,0,0,28
G36004700910,1970,1,2,New York,36,Kings,047,,,0910,A,5600,,Tract  910,0,1,G,550,2592,3,0,0,0,1,0,28,629,3152,1,1,0,1,2,0,22
G36004700912,1970,1,2,New York,36,Kings,047,,,0912,A,5600,,Tract  912,0,1,G,599,3667,1,0,0,1,0,0,12,685,4326,6,0,0,0,0,0,16
G36004700914,1970,1,2,New York,36,Kings,047,,,0914,A,5600,,Tract  914,0,1,G,498,703,0,0,0,1,0,0,16,558,829,0,0,0,0,0,0,16
G36004700916,1970,1,2,New York,36,Kings,047,,,0916,A,5600,,Tract  916,0,1,G,488,1596,2,0,0,0,0,0,28,513,1906,4,0,0,0,0,0,25
G36004700918,1970,1,2,New York,36,Kings,047,,,0918,A,5600,,Tract  918,0,1,G,383,506,1,0,0,0,0,0,10,448,670,6,3,0,0,1,0,14
G36004700920,1970,1,2,New York,36,Kings,047,,,0920,A,5600,,Tract  920,0,1,G,256,871,0,0,5,4,1,0,9,265,1060,2,0,3,2,0,0,18
G36004700922,1970,1,2,New York,36,Kings,047,,,0922,A,5600,,Tract  922,0,1,G,831,697,3,0,2,0,0,0,18,969,796,3,0,6,0,0,0,16
G36004700928,1970,1,2,New York,36,Kings,047,,,0928,A,5600,,Tract  928,0,1,G,1188,135,0,0,9,5,0,12,34,1267,199,0,1,7,10,0,14,30
G36004700930,1970,1,2,New York,36,Kings,047,,,0930,A,5600,,Tract  930,0,1,G,1108,80,1,1,10,0,0,0,1,1164,75,2,1,7,1,0,0,0
G36004700934,1970,1,2,New York,36,Kings,047,,,0934,A,5600,,Tract  934,0,1,G,1092,13,0,3,3,0,0,0,2,1133,15,0,0,2,0,0,0,5
G36004700936,1970,1,2,New York,36,Kings,047,,,0936,A,5600,,Tract  936,0,1,G,713,25,0,0,1,5,0,0,1,762,20,1,1,1,1,0,0,3
G36004700938,1970,1,2,New York,36,Kings,047,,,0938,A,5600,,Tract  938,0,1,G,1050,78,0,2,0,2,0,0,1,1125,84,0,0,1,4,0,0,1
G36004700940,1970,1,2,New York,36,Kings,047,,,0940,A,5600,,Tract  940,0,1,G,670,23,0,1,0,0,0,0,1,579,19,0,0,0,0,0,0,0
G36004700942,1970,1,2,New York,36,Kings,047,,,0942,A,5600,,Tract  942,0,1,G,196,13,0,0,1,0,0,0,4,193,12,0,0,0,0,0,0,3
G3600470094401,1970,1,2,New York,36,Kings,047,,,094401,A,5600,,Tract  944.01,0,1,G,1622,5,1,4,3,0,0,0,1,1676,4,0,1,4,0,0,0,4
G3600470094402,1970,1,2,New York,36,Kings,047,,,094402,A,5600,,Tract  944.02,0,1,G,1531,304,0,0,4,0,0,0,0,1662,294,4,0,3,0,0,0,0
G36004700950,1970,1,2,New York,36,Kings,047,,,0950,A,5600,,Tract  950,0,1,G,1529,0,0,0,7,0,0,0,0,1469,0,0,0,7,0,0,0,0
G36004700954,1970,1,2,New York,36,Kings,047,,,0954,A,5600,,Tract  954,0,1,G,2314,22,0,0,4,0,0,0,2,2387,27,0,0,5,0,1,0,1
G36004700956,1970,1,2,New York,36,Kings,047,,,0956,A,5600,,Tract  956,0,1,G,1633,11,0,0,0,0,0,0,0,1706,12,0,2,0,0,0,0,0
G36004700958,1970,1,2,New York,36,Kings,047,,,0958,A,5600,,Tract  958,0,1,G,1431,0,0,0,5,2,0,0,4,1475,0,0,0,1,3,0,0,5
G36004700960,1970,1,2,New York,36,Kings,047,,,0960,A,5600,,Tract  960,0,1,G,176,10,0,0,0,0,0,0,0,164,11,1,0,0,0,0,0,0
G36004700962,1970,1,2,New York,36,Kings,047,,,0962,A,5600,,Tract  962,0,1,G,731,0,1,0,3,0,0,0,0,729,0,1,0,2,0,0,0,0
G36004700964,1970,1,2,New York,36,Kings,047,,,0964,A,5600,,Tract  964,0,1,G,887,3,0,2,0,0,0,0,0,962,1,0,3,0,0,0,0,0
G36004700966,1970,1,2,New York,36,Kings,047,,,0966,A,5600,,Tract  966,0,1,G,1034,1,0,1,0,2,0,0,3,1139,1,0,0,0,0,0,1,3
G36004700968,1970,1,2,New York,36,Kings,047,,,0968,A,5600,,Tract  968,0,1,G,488,0,0,0,1,0,0,0,1,588,1,2,0,1,0,0,0,0
G36004700970,1970,1,2,New York,36,Kings,047,,,0970,A,5600,,Tract  970,0,1,G,823,0,0,0,0,0,0,0,4,888,0,0,0,0,0,0,0,4
G36004700974,1970,1,2,New York,36,Kings,047,,,0974,A,5600,,Tract  974,0,1,G,622,8,2,0,5,5,0,0,0,650,7,0,0,4,2,0,0,1
G36004700982,1970,1,2,New York,36,Kings,047,,,0982,A,5600,,Tract  982,0,1,G,1195,1271,2,1,3,1,1,1,14,1406,1538,2,3,3,1,0,0,16
G36004700984,1970,1,2,New York,36,Kings,047,,,0984,A,5600,,Tract  984,0,1,G,988,5,0,0,1,0,1,3,2,1037,7,0,0,0,0,1,2,5
G36004700986,1970,1,2,New York,36,Kings,047,,,0986,A,5600,,Tract  986,0,1,G,1426,15,0,2,5,0,0,0,3,1417,13,0,1,8,0,0,0,1
G36004700988,1970,1,2,New York,36,Kings,047,,,0988,A,5600,,Tract  988,0,1,G,1240,10,0,0,2,0,0,1,4,1341,11,0,1,4,0,0,2,2
G36004700990,1970,1,2,New York,36,Kings,047,,,0990,A,5600,,Tract  990,0,1,G,587,4,0,0,0,0,0,0,1,647,6,0,0,0,0,0,1,0
G36004700992,1970,1,2,New York,36,Kings,047,,,0992,A,5600,,Tract  992,0,1,G,790,0,0,0,0,2,0,0,0,823,0,0,0,0,0,0,0,0
G36004700994,1970,1,2,New York,36,Kings,047,,,0994,A,5600,,Tract  994,0,1,G,722,4,0,0,0,0,1,0,0,742,4,0,0,0,0,0,0,0
G36004700996,1970,1,2,New York,36,Kings,047,,,0996,A,5600,,Tract  996,0,1,G,2024,0,0,0,19,0,0,0,1,2154,0,1,0,23,0,0,0,0
G36004700998,1970,1,2,New York,36,Kings,047,,,0998,A,5600,,Tract  998,0,1,G,1823,0,0,0,6,4,0,0,0,1846,2,0,1,4,1,0,0,0
G36004701004,1970,1,2,New York,36,Kings,047,,,1004,A,5600,,Tract 1004,0,1,G,1132,0,0,0,4,0,0,0,0,1175,0,0,0,6,0,0,0,0
G36004701006,1970,1,2,New York,36,Kings,047,,,1006,A,5600,,Tract 1006,0,1,G,1158,0,0,2,0,0,0,0,0,1253,0,0,4,0,0,0,0,1
G36004701008,1970,1,2,New York,36,Kings,047,,,1008,A,5600,,Tract 1008,0,1,G,1018,0,0,0,3,0,0,0,0,1080,0,0,0,1,0,0,0,0
G36004701010,1970,1,2,New York,36,Kings,047,,,1010,A,5600,,Tract 1010,0,1,G,1023,0,0,0,4,0,0,0,0,992,1,0,1,6,1,0,0,0
G36004701012,1970,1,2,New York,36,Kings,047,,,1012,A,5600,,Tract 1012,0,1,G,988,0,0,0,0,0,0,1,0,1050,0,0,0,0,1,0,0,0
G36004701014,1970,1,2,New York,36,Kings,047,,,1014,A,5600,,Tract 1014,0,1,G,1116,0,0,0,0,0,0,0,0,1129,2,0,0,1,0,0,0,0
G36004701016,1970,1,2,New York,36,Kings,047,,,1016,A,5600,,Tract 1016,0,1,G,718,0,0,0,2,0,0,0,0,754,0,0,0,4,0,0,0,0
G36004701018,1970,1,2,New York,36,Kings,047,,,1018,A,5600,,Tract 1018,0,1,G,840,0,0,0,0,0,0,0,0,868,1,0,0,0,0,0,0,0
G36004701020,1970,1,2,New York,36,Kings,047,,,1020,A,5600,,Tract 1020,0,1,G,1041,0,0,0,0,0,0,0,0,1009,0,0,0,0,0,0,0,0
G36004701022,1970,1,2,New York,36,Kings,047,,,1022,A,5600,,Tract 1022,0,1,G,971,16,0,1,4,0,0,0,0,1024,9,0,1,5,1,0,0,0
G36004701024,1970,1,2,New York,36,Kings,047,,,1024,A,5600,,Tract 1024,0,1,G,873,1,0,0,2,1,1,0,0,947,1,0,0,2,1,3,0,1
G36004701026,1970,1,2,New York,36,Kings,047,,,1026,A,5600,,Tract 1026,0,1,G,1229,5,0,0,0,0,0,0,0,1232,7,0,1,0,0,0,0,0
G36004701028,1970,1,2,New York,36,Kings,047,,,1028,A,5600,,Tract 1028,0,1,G,522,0,0,1,4,0,0,0,0,567,1,0,0,2,0,0,0,0
G36004701034,1970,1,2,New York,36,Kings,047,,,1034,A,5600,,Tract 1034,0,1,G,2312,400,0,5,4,0,1,0,6,2399,435,1,5,8,0,0,0,4
G36004701078,1970,1,2,New York,36,Kings,047,,,1078,A,5600,,Tract 1078,0,1,G,1642,435,2,1,4,3,0,0,10,1679,526,1,1,6,2,0,0,12
G36004701098,1970,1,2,New York,36,Kings,047,,,1098,A,5600,,Tract 1098,0,1,G,383,230,0,0,0,0,0,0,6,406,240,0,1,0,0,0,0,8
G36004701100,1970,1,2,New York,36,Kings,047,,,1100,A,5600,,Tract 1100,0,1,G,306,353,0,0,0,0,0,0,5,309,396,0,0,0,0,2,0,7
G36004701102,1970,1,2,New York,36,Kings,047,,,1102,A,5600,,Tract 1102,0,1,G,588,647,3,0,2,3,0,0,10,680,802,5,0,3,2,0,0,15
G36004701106,1970,1,2,New York,36,Kings,047,,,1106,A,5600,,Tract 1106,0,1,G,1785,933,0,1,2,1,0,0,20,1732,1009,1,2,3,3,0,0,17
G36004701110,1970,1,2,New York,36,Kings,047,,,1110,A,5600,,Tract 1110,0,1,G,1456,451,1,3,4,0,0,1,4,1588,491,4,7,5,0,0,2,4
G36004701112,1970,1,2,New York,36,Kings,047,,,1112,A,5600,,Tract 1112,0,1,G,272,209,0,0,2,0,0,0,3,270,248,1,0,6,0,0,0,6
G36004701114,1970,1,2,New York,36,Kings,047,,,1114,A,5600,,Tract 1114,0,1,G,203,188,1,0,0,0,0,0,21,236,234,2,0,0,0,0,0,21
G36004701118,1970,1,2,New York,36,Kings,047,,,1118,A,5600,,Tract 1118,0,1,G,596,974,8,0,13,0,0,0,18,665,1131,10,0,8,0,1,0,25
G36004701120,1970,1,2,New York,36,Kings,047,,,1120,A,5600,,Tract 1120,0,1,G,590,764,0,0,15,0,0,0,27,699,962,1,0,13,0,0,0,30
G36004701122,1970,1,2,New York,36,Kings,047,,,1122,A,5600,,Tract 1122,0,1,G,675,638,5,0,18,0,0,1,22,780,766,6,0,8,0,0,1,38
G36004701124,1970,1,2,New York,36,Kings,047,,,1124,A,5600,,Tract 1124,0,1,G,534,1751,3,1,2,3,0,0,46,623,2061,3,4,2,3,0,0,57
G36004701126,1970,1,2,New York,36,Kings,047,,,1126,A,5600,,Tract 1126,0,1,G,879,1066,3,0,11,0,0,0,103,1022,1319,3,0,8,3,0,0,88
G36004701128,1970,1,2,New York,36,Kings,047,,,1128,A,5600,,Tract 1128,0,1,G,889,1525,6,0,10,0,0,0,38,934,1857,10,0,6,0,0,0,48
G36004701130,1970,1,2,New York,36,Kings,047,,,1130,A,5600,,Tract 1130,0,1,G,1378,1981,1,0,9,4,0,2,73,1449,2326,0,1,5,1,0,1,75
G36004701132,1970,1,2,New York,36,Kings,047,,,1132,A,5600,,Tract 1132,0,1,G,902,1038,3,0,0,0,0,1,35,962,1344,6,0,0,0,0,0,39
G36004701134,1970,1,2,New York,36,Kings,047,,,1134,A,5600,,Tract 1134,0,1,G,489,516,2,0,1,0,0,0,8,556,614,1,0,1,0,0,0,6
G36004701136,1970,1,2,New York,36,Kings,047,,,1136,A,5600,,Tract 1136,0,1,G,364,341,1,0,0,0,0,0,1,444,372,3,0,0,0,0,0,1
G36004701138,1970,1,2,New York,36,Kings,047,,,1138,A,5600,,Tract 1138,0,1,G,407,306,0,0,0,0,0,0,12,455,356,0,0,0,1,0,0,9
G36004701140,1970,1,2,New York,36,Kings,047,,,1140,A,5600,,Tract 1140,0,1,G,305,140,0,0,1,3,0,0,4,449,158,1,0,0,2,0,0,6
G3600470114201,1970,1,2,New York,36,Kings,047,,,114201,A,5600,,Tract 1142.01,0,1,G,517,58,0,0,0,0,0,1,1,579,55,0,0,0,0,0,0,1
G3600470114202,1970,1,2,New York,36,Kings,047,,,114202,A,5600,,Tract 1142.02,0,1,G,992,86,0,0,0,0,0,0,3,1080,99,0,0,1,0,0,0,7
G36004701146,1970,1,2,New York,36,Kings,047,,,1146,A,5600,,Tract 1146,0,1,G,897,135,0,1,0,0,0,0,12,1053,175,1,0,0,0,0,0,14
G36004701148,1970,1,2,New York,36,Kings,047,,,1148,A,5600,,Tract 1148,0,1,G,995,93,0,0,3,0,0,0,16,1118,147,0,0,1,0,0,0,12
G36004701150,1970,1,2,New York,36,Kings,047,,,1150,A,5600,,Tract 1150,0,1,G,808,847,1,1,1,0,0,0,14,849,936,0,0,1,0,0,0,15
G36004701152,1970,1,2,New York,36,Kings,047,,,1152,A,5600,,Tract 1152,0,1,G,962,711,1,0,4,0,0,0,12,1064,811,0,0,2,0,0,0,11
G36004701154,1970,1,2,New York,36,Kings,047,,,1154,A,5600,,Tract 1154,0,1,G,713,340,0,0,0,0,0,0,21,796,458,1,0,0,0,0,0,20
G36004701156,1970,1,2,New York,36,Kings,047,,,1156,A,5600,,Tract 1156,0,1,G,567,499,4,0,1,0,0,0,38,600,605,6,0,0,0,0,0,30
G36004701158,1970,1,2,New York,36,Kings,047,,,1158,A,5600,,Tract 1158,0,1,G,923,1080,2,2,4,0,0,0,56,1065,1273,2,2,6,0,0,0,57
G36004701160,1970,1,2,New York,36,Kings,047,,,1160,A,5600,,Tract 1160,0,1,G,536,1034,1,0,0,0,0,0,28,623,1287,2,0,0,1,0,0,32
G36004701162,1970,1,2,New York,36,Kings,047,,,1162,A,5600,,Tract 1162,0,1,G,654,1439,7,0,1,0,0,0,61,723,1709,1,0,0,0,0,0,65
G36004701164,1970,1,2,New York,36,Kings,047,,,1164,A,5600,,Tract 1164,0,1,G,850,1495,1,0,1,0,0,0,15,922,1777,2,0,2,0,0,0,22
G36004701166,1970,1,2,New York,36,Kings,047,,,1166,A,5600,,Tract 1166,0,1,G,1237,704,2,1,5,0,0,1,6,1286,822,2,1,4,0,0,0,5
G36004701168,1970,1,2,New York,36,Kings,047,,,1168,A,5600,,Tract 1168,0,1,G,948,21,0,0,11,2,0,0,9,972,24,0,1,10,0,0,1,9
G36004701170,1970,1,2,New York,36,Kings,047,,,1170,A,5600,,Tract 1170,0,1,G,609,31,0,0,6,0,0,0,4,695,42,1,0,5,1,0,0,4
G3600470117201,1970,1,2,New York,36,Kings,047,,,117201,A,5600,,Tract 1172.01,0,1,G,754,5,0,0,0,0,0,0,0,872,1,0,0,0,0,0,0,0
G3600470117202,1970,1,2,New York,36,Kings,047,,,117202,A,5600,,Tract 1172.02,0,1,G,1361,8,1,0,4,0,0,0,2,1516,10,1,1,1,0,0,0,1
G36004701174,1970,1,2,New York,36,Kings,047,,,1174,A,5600,,Tract 1174,0,1,G,1492,2,0,0,13,0,0,0,1,1659,2,1,0,8,0,0,1,6
G3600470117601,1970,1,2,New York,36,Kings,047,,,117601,A,5600,,Tract 1176.01,0,1,G,850,2,0,0,0,5,0,0,0,970,4,0,0,0,3,0,0,0
G3600470117602,1970,1,2,New York,36,Kings,047,,,117602,A,5600,,Tract 1176.02,0,1,G,1042,0,0,1,2,0,0,0,0,1194,1,1,1,1,0,0,0,0
G36004701178,1970,1,2,New York,36,Kings,047,,,1178,A,5600,,Tract 1178,0,1,G,559,11,3,0,14,0,0,0,4,634,10,2,0,9,0,0,0,1
G36004701180,1970,1,2,New York,36,Kings,047,,,1180,A,5600,,Tract 1180,0,1,G,5,0,0,0,0,0,0,0,0,5,0,0,0,0,0,0,0,0
G3600470118201,1970,1,2,New York,36,Kings,047,,,118201,A,5600,,Tract 1182.01,0,1,G,898,0,0,0,0,0,1,0,0,1028,0,0,1,0,0,0,0,0
G3600470118202,1970,1,2,New York,36,Kings,047,,,118202,A,5600,,Tract 1182.02,0,1,G,984,12,1,2,0,1,0,2,4,1116,11,9,0,0,1,0,0,3
G36004701184,1970,1,2,New York,36,Kings,047,,,1184,A,5600,,Tract 1184,0,1,G,1590,8,0,2,3,0,0,0,1,1807,4,0,0,4,1,0,0,2
G36004701186,1970,1,2,New York,36,Kings,047,,,1186,A,5600,,Tract 1186,0,1,G,974,6,1,0,12,0,0,0,4,1088,7,0,2,7,1,1,0,4
G36004701188,1970,1,2,New York,36,Kings,047,,,1188,A,5600,,Tract 1188,0,1,G,1579,2,0,0,6,0,0,0,1,1778,7,0,0,12,0,0,0,1
G36004701190,1970,1,2,New York,36,Kings,047,,,1190,A,5600,,Tract 1190,0,1,G,651,4,2,0,2,0,0,0,0,785,2,1,0,2,0,0,0,0
G36004701192,1970,1,2,New York,36,Kings,047,,,1192,A,5600,,Tract 1192,0,1,G,1220,623,0,1,4,0,0,0,31,1286,701,1,4,7,0,0,0,44
G36004701194,1970,1,2,New York,36,Kings,047,,,1194,A,5600,,Tract 1194,0,1,G,1118,1471,3,0,16,1,0,0,18,1162,1680,3,0,14,2,0,0,24
G36004701196,1970,1,2,New York,36,Kings,047,,,1196,A,5600,,Tract 1196,0,1,G,1721,709,2,6,7,4,0,0,50,1971,908,4,10,3,3,0,0,64
G36004701200,1970,1,2,New York,36,Kings,047,,,1200,A,5600,,Tract 1200,0,1,G,733,44,0,1,2,0,0,0,4,842,46,0,2,2,0,0,0,4
G36004701202,1970,1,2,New York,36,Kings,047,,,1202,A,5600,,Tract 1202,0,1,G,516,13,0,1,5,10,0,0,1,568,8,0,0,5,2,0,0,5
G36004701208,1970,1,2,New York,36,Kings,047,,,1208,A,5600,,Tract 1208,0,1,G,1662,159,4,0,11,5,0,0,17,1690,166,2,0,11,2,0,0,11
G36004701210,1970,1,2,New York,36,Kings,047,,,1210,A,5600,,Tract 1210,0,1,G,1072,1026,2,1,4,1,0,0,15,1242,1256,2,0,3,0,0,0,23
G36004701214,1970,1,2,New York,36,Kings,047,,,1214,A,5600,,Tract 1214,0,1,G,1605,696,0,2,1,2,2,0,39,1909,849,2,1,0,0,0,0,35
G36004701220,1970,1,2,New York,36,Kings,047,,,1220,A,5600,,Tract 1220,0,1,G,400,72,1,0,1,0,0,0,0,387,89,0,0,0,0,0,0,0
G36005100301,1970,1,2,New York,36,Livingston,051,,,0301,,6840,,Tract  301,1,1,02,1712,155,5,0,0,0,0,0,0,1811,141,4,0,0,0,0,4,0
G36005100302,1970,1,2,New York,36,Livingston,051,,,0302,,6840,,Tract  302,1,1,02,3722,85,8,0,0,0,0,0,2,3659,100,4,0,0,1,0,0,6
G36005100303,1970,1,2,New York,36,Livingston,051,,,0303,,6840,,Tract  303,1,1,02,1531,32,0,0,0,0,0,0,0,1669,26,0,2,0,0,0,0,0
G36005100304,1970,1,2,New York,36,Livingston,051,,,0304,,6840,,Tract  304,1,1,02,1543,37,0,2,0,0,0,2,1,1705,26,0,1,6,0,0,4,2
G36005100305,1970,1,2,New York,36,Livingston,051,,,0305,,6840,,Tract  305,1,1,02,725,5,0,0,1,0,0,0,144,1482,18,1,0,4,0,0,0,5
G36005100306,1970,1,2,New York,36,Livingston,051,,,0306,,6840,,Tract  306,1,1,02,1635,4,3,0,0,0,0,0,0,1795,7,0,1,0,0,0,0,0
G36005100307,1970,1,2,New York,36,Livingston,051,,,0307,,6840,,Tract  307,1,1,02,2485,24,7,0,2,0,1,1,6,2741,18,6,3,1,0,0,6,3
G36005100308,1970,1,2,New York,36,Livingston,051,,,0308,,6840,,Tract  308,1,1,02,2086,22,0,0,0,0,0,0,0,2075,23,0,1,0,0,0,1,0
G36005100309,1970,1,2,New York,36,Livingston,051,,,0309,,6840,,Tract  309,1,1,02,1602,46,1,0,3,0,0,0,4,1738,21,0,0,1,0,0,0,1
G36005100310,1970,1,2,New York,36,Livingston,051,,,0310,,6840,,Tract  310,1,1,02,832,45,1,0,1,0,0,0,1,851,22,3,0,1,0,0,0,0
G36005100311,1970,1,2,New York,36,Livingston,051,,,0311,,6840,,Tract  311,1,1,02,1617,16,10,0,0,0,0,0,0,1550,13,5,0,0,0,0,0,0
G36005100312,1970,1,2,New York,36,Livingston,051,,,0312,,6840,,Tract  312,1,1,02,1606,1,2,0,0,0,0,0,0,1692,3,1,0,0,0,0,0,0
G36005100313,1970,1,2,New York,36,Livingston,051,,,0313,,6840,,Tract  313,1,1,02,1781,12,1,0,0,0,0,0,0,1764,7,0,0,0,0,0,0,0
G36005100314,1970,1,2,New York,36,Livingston,051,,,0314,,6840,,Tract  314,1,1,02,2564,17,3,0,0,0,0,0,4,2818,20,8,0,0,1,0,0,1
G3600530030101,1970,1,2,New York,36,Madison,053,,,030101,,8160,,Tract  301.01,1,1,C,1430,23,6,0,0,0,0,0,1,1703,20,5,1,0,0,0,0,0
G3600530030102,1970,1,2,New York,36,Madison,053,,,030102,,8160,,Tract  301.02,1,1,C,2675,10,5,0,0,0,0,0,2,3062,6,0,0,0,1,0,0,3
G3600530030103,1970,1,2,New York,36,Madison,053,,,030103,,8160,,Tract  301.03,1,1,C,1296,3,9,0,0,0,0,0,0,1384,3,10,0,0,0,0,0,0
G36005300302,1970,1,2,New York,36,Madison,053,,,0302,,8160,,Tract  302,1,1,C,1933,6,4,0,0,0,0,0,0,1891,3,0,0,0,0,1,0,0
G36005300303,1970,1,2,New York,36,Madison,053,,,0303,,8160,,Tract  303,1,1,C,2416,46,4,0,0,0,0,0,2,2497,61,2,1,0,1,0,0,3
G3600530030401,1970,1,2,New York,36,Madison,053,,,030401,,8160,,Tract  304.01,1,1,C,2900,2,3,0,0,0,1,1,1,2800,1,3,3,0,0,0,0,2
G3600530030402,1970,1,2,New York,36,Madison,053,,,030402,,8160,,Tract  304.02,1,1,C,1307,4,0,0,1,0,0,0,1,1322,2,4,0,2,0,4,0,0
G3600530030403,1970,1,2,New York,36,Madison,053,,,030403,,8160,,Tract  304.03,1,1,C,1769,3,3,0,1,0,1,1,0,1816,2,2,0,1,0,2,2,2
G3600530030501,1970,1,2,New York,36,Madison,053,,,030501,,8160,,Tract  305.01,1,1,C,1242,3,0,0,2,0,0,1,0,1772,6,0,0,3,0,0,1,1
G3600530030502,1970,1,2,New York,36,Madison,053,,,030502,,8160,,Tract  305.02,1,1,C,1544,1,0,2,0,0,0,0,1,1511,0,1,0,0,0,0,0,1
G36005300306,1970,1,2,New York,36,Madison,053,,,0306,,8160,,Tract  306,1,1,C,2525,27,1,0,0,0,0,0,2,2478,25,6,0,0,0,0,0,0
G36005300307,1970,1,2,New York,36,Madison,053,,,0307,,8160,,Tract  307,1,1,C,3091,9,7,0,0,0,0,0,0,2743,14,2,0,0,1,0,0,1
G36005300308,1970,1,2,New York,36,Madison,053,,,0308,,8160,,Tract  308,1,1,C,1561,69,3,0,0,0,0,0,0,1513,5,0,0,0,0,0,0,0
G36005300309,1970,1,2,New York,36,Madison,053,,,0309,,8160,,Tract  309,1,1,C,2541,19,2,1,10,1,0,0,5,1040,7,0,0,5,1,0,0,4
G36005300310,1970,1,2,New York,36,Madison,053,,,0310,,8160,,Tract  310,1,1,C,2247,2,0,0,0,0,0,0,4,2230,3,1,0,1,0,0,0,3
G36005300311,1970,1,2,New York,36,Madison,053,,,0311,,8160,,Tract  311,1,1,C,1058,0,1,0,0,0,0,1,0,1002,2,0,0,0,0,0,0,0
G36005500001,1970,1,2,New York,36,Monroe,055,,,0001,,6840,,Tract    1,0,0,B,263,79,0,0,0,0,0,0,0,87,98,1,1,0,0,0,0,0
G36005500002,1970,1,2,New York,36,Monroe,055,,,0002,,6840,,Tract    2,0,1,B,191,9,0,0,0,0,0,0,0,188,9,3,0,0,0,0,0,0
G36005500003,1970,1,2,New York,36,Monroe,055,,,0003,,6840,,Tract    3,0,1,B,37,252,0,0,0,0,0,0,0,31,245,0,0,0,0,0,0,0
G36005500004,1970,1,2,New York,36,Monroe,055,,,0004,,6840,,Tract    4,0,1,B,418,1197,16,0,0,0,0,0,4,331,1126,12,0,0,0,1,0,0
G36005500005,1970,1,2,New York,36,Monroe,055,,,0005,,6840,,Tract    5,0,0,B,612,146,5,0,4,0,0,0,0,598,151,1,0,5,0,0,0,0
G36005500006,1970,1,2,New York,36,Monroe,055,,,0006,,6840,,Tract    6,0,1,B,431,238,3,0,0,0,0,0,1,448,274,0,0,0,0,0,0,3
G36005500007,1970,1,2,New York,36,Monroe,055,,,0007,,6840,,Tract    7,0,1,B,651,119,4,0,0,0,0,0,10,663,116,1,0,0,0,0,0,13
G36005500008,1970,1,2,New York,36,Monroe,055,,,0008,,6840,,Tract    8,0,1,B,754,670,9,0,0,0,0,0,24,695,680,8,0,0,0,1,0,20
G36005500009,1970,1,2,New York,36,Monroe,055,,,0009,,6840,,Tract    9,0,0,B,442,78,4,0,8,1,0,0,11,231,27,0,1,12,0,0,0,6
G36005500010,1970,1,2,New York,36,Monroe,055,,,0010,,6840,,Tract   10,0,1,B,1773,251,5,0,1,1,1,1,2,2284,276,16,2,2,0,0,0,3
G36005500013,1970,1,2,New York,36,Monroe,055,,,0013,,6840,,Tract   13,0,1,B,216,1493,3,0,0,0,0,0,12,208,1862,4,0,0,0,0,0,16
G36005500014,1970,1,2,New York,36,Monroe,055,,,0014,,6840,,Tract   14,0,1,B,536,1097,11,0,1,0,0,0,10,624,1294,17,0,0,0,0,0,9
G36005500015,1970,1,2,New York,36,Monroe,055,,,0015,,6840,,Tract   15,0,1,B,826,771,1,0,0,0,2,0,22,887,953,3,0,0,0,6,0,21
G36005500016,1970,1,2,New York,36,Monroe,055,,,0016,,6840,,Tract   16,0,1,B,784,14,9,0,5,0,0,0,5,860,20,7,0,4,0,0,0,4
G36005500017,1970,1,2,New York,36,Monroe,055,,,0017,,6840,,Tract   17,0,1,B,1251,47,7,0,0,0,0,0,2,1430,51,10,0,0,0,0,0,7
G36005500018,1970,1,2,New York,36,Monroe,055,,,0018,,6840,,Tract   18,0,1,B,2831,7,1,1,0,0,0,0,1,3052,8,1,5,1,0,0,1,1
G36005500019,1970,1,2,New York,36,Monroe,055,,,0019,,6840,,Tract   19,0,1,B,1536,11,0,1,4,0,0,2,0,1749,9,1,3,5,0,0,0,0
G36005500020,1970,1,2,New York,36,Monroe,055,,,0020,,6840,,Tract   20,0,1,B,3111,60,11,0,5,0,0,0,2,3580,71,7,1,5,0,0,3,0
G36005500021,1970,1,2,New York,36,Monroe,055,,,0021,,6840,,Tract   21,0,1,B,2307,17,2,2,0,0,0,0,2,2684,17,2,2,0,0,0,1,3
G36005500022,1970,1,2,New York,36,Monroe,055,,,0022,,6840,,Tract   22,0,1,B,1621,3,4,0,0,2,0,0,0,1918,2,0,1,0,1,0,0,0
G36005500023,1970,1,2,New York,36,Monroe,055,,,0023,,6840,,Tract   23,0,1,B,2544,68,27,0,0,0,1,0,2,2809,84,16,1,0,2,0,0,0
G36005500024,1970,1,2,New York,36,Monroe,055,,,0024,,6840,,Tract   24,0,1,B,1884,14,7,1,0,0,0,0,0,2166,14,7,1,0,0,0,0,0
G36005500025,1970,1,2,New York,36,Monroe,055,,,0025,,6840,,Tract   25,0,1,B,547,121,0,0,0,0,0,0,6,598,125,1,0,0,0,0,0,3
G36005500026,1970,1,2,New York,36,Monroe,055,,,0026,,6840,,Tract   26,0,1,B,516,995,9,0,0,0,0,0,16,549,1112,8,0,0,0,0,0,6
G36005500027,1970,1,2,New York,36,Monroe,055,,,0027,,6840,,Tract   27,0,1,B,88,1527,2,0,0,0,0,0,1,80,1672,0,0,0,0,0,0,5
G36005500028,1970,1,2,New York,36,Monroe,055,,,0028,,6840,,Tract   28,0,0,B,713,216,7,0,0,1,0,0,6,628,205,4,0,0,0,0,0,2
G36005500029,1970,1,2,New York,36,Monroe,055,,,0029,,6840,,Tract   29,0,1,B,1785,31,5,2,11,3,0,0,6,2725,40,12,3,8,6,0,0,5
G36005500030,1970,1,2,New York,36,Monroe,055,,,0030,,6840,,Tract   30,0,1,B,1151,48,13,2,11,0,0,0,7,1376,53,14,3,3,0,0,1,2
G36005500031,1970,1,2,New York,36,Monroe,055,,,0031,,6840,,Tract   31,0,1,B,2679,29,4,2,2,0,0,0,5,3329,27,6,4,3,2,0,0,8
G36005500032,1970,1,2,New York,36,Monroe,055,,,0032,,6840,,Tract   32,0,1,B,732,272,5,0,0,1,0,1,6,840,312,8,0,1,0,1,1,0
G36005500033,1970,1,2,New York,36,Monroe,055,,,0033,,6840,,Tract   33,0,1,B,681,9,18,0,0,0,0,2,0,806,15,21,0,0,0,0,2,1
G36005500034,1970,1,2,New York,36,Monroe,055,,,0034,,6840,,Tract   34,0,1,B,1272,99,12,0,2,1,0,0,2,1538,109,3,0,6,0,0,0,3
G36005500035,1970,1,2,New York,36,Monroe,055,,,0035,,6840,,Tract   35,0,1,B,909,25,2,0,1,2,0,0,10,1373,19,0,0,0,4,0,1,8
G36005500036,1970,1,2,New York,36,Monroe,055,,,0036,,6840,,Tract   36,0,1,B,1923,52,6,0,2,0,1,5,5,2099,61,12,1,0,0,0,3,6
G36005500037,1970,1,2,New York,36,Monroe,055,,,0037,,6840,,Tract   37,0,1,B,1869,46,2,1,1,0,0,1,7,2213,43,9,1,0,0,0,1,6
G3600550003801,1970,1,2,New York,36,Monroe,055,,,003801,,6840,,Tract   38.01,0,1,B,2842,109,6,21,49,1,0,8,27,3637,90,0,14,38,3,0,9,14
G3600550003802,1970,1,2,New York,36,Monroe,055,,,003802,,6840,,Tract   38.02,0,1,B,1577,23,0,2,7,0,0,0,56,1073,20,0,1,4,0,0,0,32
G3600550003803,1970,1,2,New York,36,Monroe,055,,,003803,,6840,,Tract   38.03,0,1,B,1229,129,1,0,0,1,0,0,1,1651,96,3,1,0,0,0,0,0
G3600550003804,1970,1,2,New York,36,Monroe,055,,,003804,,6840,,Tract   38.04,0,1,B,364,62,0,0,0,0,0,0,0,337,13,0,0,0,0,0,0,0
G36005500039,1970,1,2,New York,36,Monroe,055,,,0039,,6840,,Tract   39,0,1,B,792,25,4,0,1,0,0,0,5,956,43,5,0,0,0,0,0,0
G36005500040,1970,1,2,New York,36,Monroe,055,,,0040,,6840,,Tract   40,0,1,B,916,1,11,0,0,0,0,0,0,1014,1,7,0,0,0,0,0,0
G36005500041,1970,1,2,New York,36,Monroe,055,,,0041,,6840,,Tract   41,0,1,B,1250,48,21,1,0,0,0,0,13,1362,59,12,0,0,0,0,0,12
G36005500042,1970,1,2,New York,36,Monroe,055,,,0042,,6840,,Tract   42,0,1,B,1185,5,3,0,0,0,0,0,1,1347,3,8,1,0,0,0,0,2
G36005500043,1970,1,2,New York,36,Monroe,055,,,0043,,6840,,Tract   43,0,1,B,191,521,2,1,0,0,0,0,9,225,581,3,3,0,0,0,0,12
G36005500044,1970,1,2,New York,36,Monroe,055,,,0044,,6840,,Tract   44,0,1,B,672,1069,2,0,0,0,0,0,10,704,1200,1,0,0,0,0,0,11
G36005500045,1970,1,2,New York,36,Monroe,055,,,0045,,6840,,Tract   45,0,1,B,278,324,2,0,3,0,0,1,5,282,297,1,0,8,0,0,1,6
G36005500046,1970,1,2,New York,36,Monroe,055,,,0046,,6840,,Tract   46,0,1,B,1612,10,3,0,0,0,0,1,3,1917,21,3,0,0,0,0,0,6
G36005500047,1970,1,2,New York,36,Monroe,055,,,0047,,6840,,Tract   47,0,1,B,1314,26,0,0,0,0,0,0,2,1442,31,1,1,0,0,0,0,5
G36005500048,1970,1,2,New York,36,Monroe,055,,,0048,,6840,,Tract   48,0,1,B,1277,10,0,1,0,0,1,0,4,1486,10,0,0,0,0,0,0,3
G36005500049,1970,1,2,New York,36,Monroe,055,,,0049,,6840,,Tract   49,0,1,B,1190,71,1,0,0,0,0,0,2,1285,67,2,0,0,0,0,0,1
G36005500050,1970,1,2,New York,36,Monroe,055,,,0050,,6840,,Tract   50,0,1,B,1678,69,2,0,4,0,0,0,9,1872,66,8,1,2,0,0,0,11
G36005500051,1970,1,2,New York,36,Monroe,055,,,0051,,6840,,Tract   51,0,1,B,927,55,5,0,0,0,0,0,7,1118,57,8,2,0,0,0,0,6
G36005500052,1970,1,2,New York,36,Monroe,055,,,0052,,6840,,Tract   52,0,1,B,1309,297,1,3,0,0,1,0,6,1382,364,3,5,0,0,2,0,5
G36005500053,1970,1,2,New York,36,Monroe,055,,,0053,,6840,,Tract   53,0,1,B,1237,249,2,0,0,0,0,0,6,1368,285,1,1,0,0,0,0,9
G36005500054,1970,1,2,New York,36,Monroe,055,,,0054,,6840,,Tract   54,0,1,B,2137,52,0,0,0,1,0,1,2,2441,51,0,0,0,1,0,0,4
G36005500055,1970,1,2,New York,36,Monroe,055,,,0055,,6840,,Tract   55,0,1,B,918,561,6,1,1,0,3,0,14,1103,559,15,0,1,0,3,0,9
G36005500056,1970,1,2,New York,36,Monroe,055,,,0056,,6840,,Tract   56,0,1,B,1440,313,6,4,0,0,0,0,9,1616,363,7,3,0,0,0,0,13
G36005500057,1970,1,2,New York,36,Monroe,055,,,0057,,6840,,Tract   57,0,1,B,1233,100,17,0,0,0,0,0,3,1466,118,18,2,0,0,0,0,2
G36005500058,1970,1,2,New York,36,Monroe,055,,,0058,,6840,,Tract   58,0,1,B,2204,119,9,1,2,0,0,0,1,2574,162,6,2,6,0,0,1,3
G36005500059,1970,1,2,New York,36,Monroe,055,,,0059,,6840,,Tract   59,0,1,B,1019,342,7,0,0,0,0,1,7,1103,394,4,1,1,0,0,1,6
G36005500060,1970,1,2,New York,36,Monroe,055,,,0060,,6840,,Tract   60,0,1,B,1974,10,7,0,0,1,0,0,0,2413,7,9,1,1,2,0,0,3
G36005500061,1970,1,2,New York,36,Monroe,055,,,0061,,6840,,Tract   61,0,1,B,1537,8,0,0,0,0,0,0,0,1693,11,1,0,0,0,0,0,0
G36005500062,1970,1,2,New York,36,Monroe,055,,,0062,,6840,,Tract   62,0,1,B,1638,83,3,2,0,0,0,4,0,2036,89,5,3,0,0,0,1,1
G36005500063,1970,1,2,New York,36,Monroe,055,,,0063,,6840,,Tract   63,0,1,B,1502,574,9,4,2,0,0,6,9,1665,640,14,6,0,2,0,5,7
G36005500064,1970,1,2,New York,36,Monroe,055,,,0064,,6840,,Tract   64,0,1,B,348,2263,1,0,0,0,0,0,8,392,2449,1,1,0,0,0,1,7
G36005500065,1970,1,2,New York,36,Monroe,055,,,0065,,6840,,Tract   65,0,1,B,202,1317,6,0,0,0,0,0,1,227,1423,6,0,0,0,0,0,5
G36005500066,1970,1,2,New York,36,Monroe,055,,,0066,,6840,,Tract   66,0,1,B,299,1193,10,1,0,0,0,0,11,380,1359,9,0,0,0,0,0,12
G36005500067,1970,1,2,New York,36,Monroe,055,,,0067,,6840,,Tract   67,0,1,B,1364,507,6,0,0,0,0,0,1,1560,572,11,1,0,0,0,0,3
G36005500068,1970,1,2,New York,36,Monroe,055,,,0068,,6840,,Tract   68,0,1,B,1500,35,4,1,1,1,0,0,0,1777,49,7,0,0,1,0,1,1
G36005500069,1970,1,2,New York,36,Monroe,055,,,0069,,6840,,Tract   69,0,1,B,512,821,4,3,5,0,0,0,11,701,938,5,2,3,1,0,0,2
G36005500070,1970,1,2,New York,36,Monroe,055,,,0070,,6840,,Tract   70,0,1,B,1522,344,9,4,7,0,0,0,12,1786,377,6,2,2,1,0,0,7
G36005500071,1970,1,2,New York,36,Monroe,055,,,0071,,6840,,Tract   71,0,1,B,1732,108,3,2,0,0,0,0,6,2030,118,3,0,0,0,0,2,5
G36005500072,1970,1,2,New York,36,Monroe,055,,,0072,,6840,,Tract   72,0,1,B,498,14,4,0,0,0,0,0,2,578,23,7,0,0,0,0,0,1
G36005500073,1970,1,2,New York,36,Monroe,055,,,0073,,6840,,Tract   73,0,1,B,577,7,9,0,0,0,0,0,0,665,6,3,1,0,0,0,0,0
G36005500074,1970,1,2,New York,36,Monroe,055,,,0074,,6840,,Tract   74,0,1,B,934,124,12,1,0,0,0,0,0,1004,153,13,4,0,1,0,0,0
G36005500075,1970,1,2,New York,36,Monroe,055,,,0075,,6840,,Tract   75,0,1,B,1551,95,18,0,0,0,0,1,2,1809,102,7,3,0,2,0,1,0
G36005500076,1970,1,2,New York,36,Monroe,055,,,0076,,6840,,Tract   76,0,1,B,1961,31,3,0,1,0,0,0,1,2240,32,1,2,0,0,1,0,1
G36005500077,1970,1,2,New York,36,Monroe,055,,,0077,,6840,,Tract   77,0,1,B,1740,84,0,1,0,0,0,0,4,2018,120,1,0,0,0,0,0,4
G36005500078,1970,1,2,New York,36,Monroe,055,,,0078,,6840,,Tract   78,0,1,B,2215,55,0,2,2,0,0,0,3,2948,67,0,4,1,0,0,0,2
G36005500079,1970,1,2,New York,36,Monroe,055,,,0079,,6840,,Tract   79,0,1,B,1063,13,2,0,0,0,0,0,4,1141,17,1,0,0,0,0,0,2
G36005500080,1970,1,2,New York,36,Monroe,055,,,0080,,6840,,Tract   80,0,1,B,1382,83,1,2,0,1,0,0,0,1517,97,3,1,1,3,0,0,1
G36005500081,1970,1,2,New York,36,Monroe,055,,,0081,,6840,,Tract   81,0,1,B,2344,29,2,3,4,10,0,0,1,2638,33,3,3,1,2,0,0,2
G36005500082,1970,1,2,New York,36,Monroe,055,,,0082,,6840,,Tract   82,0,1,B,1654,23,0,0,0,2,0,0,2,1889,21,3,1,0,3,0,0,3
G36005500083,1970,1,2,New York,36,Monroe,055,,,0083,,6840,,Tract   83,0,1,B,2954,110,1,0,0,0,0,0,10,3186,95,4,0,0,0,0,0,8
G36005500084,1970,1,2,New York,36,Monroe,055,,,0084,,6840,,Tract   84,0,1,B,1452,20,1,1,0,0,0,0,5,1677,16,3,1,0,0,0,2,5
G36005500085,1970,1,2,New York,36,Monroe,055,,,0085,,6840,,Tract   85,0,1,B,1832,5,0,0,0,0,0,0,0,1960,1,2,0,0,0,0,0,0
G36005500086,1970,1,2,New York,36,Monroe,055,,,0086,,6840,,Tract   86,0,1,B,2774,6,4,3,0,0,0,0,0,2873,5,2,1,1,1,0,0,2
G36005500087,1970,1,2,New York,36,Monroe,055,,,0087,,6840,,Tract   87,0,1,B,2795,22,3,0,1,0,0,0,2,3036,12,6,1,0,1,0,0,5
G36005500088,1970,1,2,New York,36,Monroe,055,,,0088,,6840,,Tract   88,0,1,B,1258,26,0,1,0,0,0,0,4,1456,34,1,1,0,1,0,0,1
G36005500089,1970,1,2,New York,36,Monroe,055,,,0089,,6840,,Tract   89,0,1,B,16,1,0,0,0,0,0,0,0,17,0,0,0,0,0,0,0,0
G36005500090,1970,1,2,New York,36,Monroe,055,,,0090,,6840,,Tract   90,0,0,B,158,36,1,0,0,0,0,0,0,170,45,6,0,0,0,0,0,1
G36005500091,1970,1,2,New York,36,Monroe,055,,,0091,,6840,,Tract   91,0,1,B,128,933,3,0,0,0,0,0,0,107,924,3,0,0,0,0,0,1
G36005500101,1970,1,2,New York,36,Monroe,055,,,0101,,6840,,Tract  101,0,1,B,2548,0,3,1,0,0,0,0,0,2651,0,2,3,0,0,0,0,1
G36005500102,1970,1,2,New York,36,Monroe,055,,,0102,,6840,,Tract  102,0,1,B,2177,6,1,0,3,0,0,0,1,2347,2,1,1,2,0,0,0,0
G36005500103,1970,1,2,New York,36,Monroe,055,,,0103,,6840,,Tract  103,0,1,B,2216,4,0,0,1,0,0,2,1,2451,9,0,1,4,0,0,1,0
G36005500104,1970,1,2,New York,36,Monroe,055,,,0104,,6840,,Tract  104,0,1,B,2913,6,0,0,0,0,0,0,2,3381,4,0,1,0,0,0,0,5
G36005500105,1970,1,2,New York,36,Monroe,055,,,0105,,6840,,Tract  105,0,1,B,2537,7,0,0,0,0,0,0,3,2643,4,1,1,0,0,0,0,2
G3600550010601,1970,1,2,New York,36,Monroe,055,,,010601,,6840,,Tract  106.01,0,1,B,1720,11,1,0,8,0,0,0,3,1811,5,0,0,5,0,0,0,4
G3600550010602,1970,1,2,New York,36,Monroe,055,,,010602,,6840,,Tract  106.02,0,1,B,2281,14,2,0,0,2,0,0,2,2451,9,3,1,0,1,0,0,1
G36005500107,1970,1,2,New York,36,Monroe,055,,,0107,,6840,,Tract  107,0,1,B,2252,2,4,0,0,0,2,0,6,2401,1,4,0,0,0,3,0,4
G36005500108,1970,1,2,New York,36,Monroe,055,,,0108,,6840,,Tract  108,0,1,B,1945,4,2,0,0,0,0,0,2,2088,1,2,0,0,1,0,0,1
G3600550010901,1970,1,2,New York,36,Monroe,055,,,010901,,6840,,Tract  109.01,0,1,B,2268,24,2,0,1,2,0,0,5,2737,27,1,0,1,2,0,0,7
G3600550010902,1970,1,2,New York,36,Monroe,055,,,010902,,6840,,Tract  109.02,0,1,B,2007,7,0,0,0,0,0,0,4,2192,9,1,0,0,0,0,0,0
G36005500110,1970,1,2,New York,36,Monroe,055,,,0110,,6840,,Tract  110,0,1,B,2615,0,1,0,4,0,0,0,1,2716,1,0,0,4,0,0,0,1
G36005500111,1970,1,2,New York,36,Monroe,055,,,0111,,6840,,Tract  111,0,1,B,2862,7,0,0,1,0,0,0,2,3145,6,1,1,0,0,0,0,0
G3600550011201,1970,1,2,New York,36,Monroe,055,,,011201,,6840,,Tract  112.01,0,1,B,1951,0,1,0,3,1,0,0,0,1977,0,2,1,3,1,0,0,0
G3600550011203,1970,1,2,New York,36,Monroe,055,,,011203,,6840,,Tract  112.03,0,1,B,1285,1,0,0,0,0,0,0,1,1311,6,1,1,0,0,0,0,0
G3600550011204,1970,1,2,New York,36,Monroe,055,,,011204,,6840,,Tract  112.04,0,1,B,2749,14,1,2,7,1,0,0,3,2688,8,1,2,5,1,1,0,2
G36005500113,1970,1,2,New York,36,Monroe,055,,,0113,,6840,,Tract  113,0,1,B,3095,12,0,7,9,2,0,0,1,3113,16,0,6,13,4,0,1,0
G36005500114,1970,1,2,New York,36,Monroe,055,,,0114,,6840,,Tract  114,0,1,B,3101,14,1,1,7,0,0,0,2,3279,17,1,0,4,0,0,0,2
G3600550011501,1970,1,2,New York,36,Monroe,055,,,011501,,6840,,Tract  115.01,0,1,B,1472,12,3,0,3,0,0,0,0,1462,12,3,2,2,0,0,0,1
G3600550011503,1970,1,2,New York,36,Monroe,055,,,011503,,6840,,Tract  115.03,0,1,B,2079,6,1,0,2,0,0,0,1,2110,5,0,0,1,0,0,0,1
G3600550011504,1970,1,2,New York,36,Monroe,055,,,011504,,6840,,Tract  115.04,0,1,B,1574,0,3,2,11,0,0,0,0,1538,0,0,2,11,1,0,1,1
G3600550011505,1970,1,2,New York,36,Monroe,055,,,011505,,6840,,Tract  115.05,0,1,B,943,7,0,0,0,0,0,0,0,957,4,0,0,0,0,0,0,0
G3600550011601,1970,1,2,New York,36,Monroe,055,,,011601,,6840,,Tract  116.01,0,1,B,1910,0,0,4,1,0,0,1,0,1975,0,0,3,0,2,0,0,1
G3600550011603,1970,1,2,New York,36,Monroe,055,,,011603,,6840,,Tract  116.03,0,1,B,859,1,2,0,0,0,0,0,0,923,0,1,0,0,1,0,1,0
G3600550011604,1970,1,2,New York,36,Monroe,055,,,011604,,6840,,Tract  116.04,0,1,B,1470,4,0,6,2,0,0,0,2,1510,2,1,3,1,0,0,1,0
G3600550011605,1970,1,2,New York,36,Monroe,055,,,011605,,6840,,Tract  116.05,0,1,B,1383,6,0,0,2,1,0,1,1,1460,1,2,0,2,0,0,1,2
G3600550011701,1970,1,2,New York,36,Monroe,055,,,011701,,6840,,Tract  117.01,0,1,B,3229,7,2,3,0,0,0,1,1,3235,7,1,2,1,0,0,0,0
G3600550011702,1970,1,2,New York,36,Monroe,055,,,011702,,6840,,Tract  117.02,0,1,B,2166,2,0,1,2,0,0,1,1,2170,3,0,0,2,1,0,1,1
G36005500118,1970,1,2,New York,36,Monroe,055,,,0118,,6840,,Tract  118,0,1,B,3124,1,4,0,0,0,0,0,2,3339,3,0,0,0,0,0,0,1
G3600550011901,1970,1,2,New York,36,Monroe,055,,,011901,,6840,,Tract  119.01,0,1,B,1884,0,0,2,0,1,0,0,0,1884,0,1,2,0,0,0,0,0
G3600550011902,1970,1,2,New York,36,Monroe,055,,,011902,,6840,,Tract  119.02,0,1,B,3448,6,2,4,1,1,0,0,0,3519,5,0,3,4,0,0,0,2
G36005500120,1970,1,2,New York,36,Monroe,055,,,0120,,6840,,Tract  120,0,1,B,1692,1,7,1,1,0,0,0,5,1756,3,6,3,3,0,0,0,7
G36005500121,1970,1,2,New York,36,Monroe,055,,,0121,,6840,,Tract  121,0,1,B,2393,8,6,3,0,0,0,0,1,2485,2,7,1,0,0,0,0,2
G3600550012201,1970,1,2,New York,36,Monroe,055,,,012201,,6840,,Tract  122.01,0,1,B,2003,22,1,0,0,0,0,0,1,2424,5,1,1,3,1,0,0,2
G3600550012202,1970,1,2,New York,36,Monroe,055,,,012202,,6840,,Tract  122.02,0,1,B,1713,5,0,0,1,0,0,1,1,1764,8,0,0,3,0,0,0,0
G3600550012301,1970,1,2,New York,36,Monroe,055,,,012301,,6840,,Tract  123.01,0,1,B,2451,7,0,0,5,0,0,0,3,2752,8,0,1,4,0,0,0,0
G3600550012302,1970,1,2,New York,36,Monroe,055,,,012302,,6840,,Tract  123.02,0,1,B,3446,22,0,1,5,0,0,1,3,3448,15,0,2,8,1,0,0,7
G36005500124,1970,1,2,New York,36,Monroe,055,,,0124,,6840,,Tract  124,0,1,B,2225,2,1,0,0,0,0,0,0,2309,3,1,0,0,0,0,0,0
G36005500125,1970,1,2,New York,36,Monroe,055,,,0125,,6840,,Tract  125,0,1,B,2522,12,1,3,2,0,0,1,0,2874,14,0,3,1,0,0,2,0
G36005500126,1970,1,2,New York,36,Monroe,055,,,0126,,6840,,Tract  126,0,1,B,2427,26,1,0,5,2,1,0,2,2909,21,2,0,3,2,0,0,4
G36005500127,1970,1,2,New York,36,Monroe,055,,,0127,,6840,,Tract  127,0,1,B,2213,7,1,5,1,1,0,2,1,2453,27,1,2,3,0,0,5,3
G36005500128,1970,1,2,New York,36,Monroe,055,,,0128,,6840,,Tract  128,0,1,B,2202,13,1,5,17,4,0,2,8,2574,11,1,4,10,4,0,2,10
G36005500129,1970,1,2,New York,36,Monroe,055,,,0129,,6840,,Tract  129,0,1,B,1890,8,1,2,0,0,0,1,0,2088,12,2,2,1,0,0,1,2
G3600550013001,1970,1,2,New York,36,Monroe,055,,,013001,,6840,,Tract  130.01,0,1,B,2455,87,0,7,6,4,0,4,14,2697,106,2,4,8,5,0,7,9
G3600550013002,1970,1,2,New York,36,Monroe,055,,,013002,,6840,,Tract  130.02,0,1,B,2592,14,0,0,11,0,0,1,4,2557,12,0,0,7,0,0,5,4
G3600550013101,1970,1,2,New York,36,Monroe,055,,,013101,,6840,,Tract  131.01,0,1,B,3636,73,6,0,5,0,0,0,8,3628,53,7,1,4,0,0,1,8
G3600550013102,1970,1,2,New York,36,Monroe,055,,,013102,,6840,,Tract  131.02,0,1,B,4683,121,4,1,9,2,0,0,15,3820,121,3,4,12,0,0,1,4
G3600550013202,1970,1,2,New York,36,Monroe,055,,,013202,,6840,,Tract  132.02,0,1,B,2234,26,6,0,2,0,0,2,1,2194,29,2,3,3,0,1,2,2
G3600550013203,1970,1,2,New York,36,Monroe,055,,,013203,,6840,,Tract  132.03,0,1,B,3504,48,0,1,4,0,0,0,8,3523,52,2,7,4,0,0,0,4
G3600550013204,1970,1,2,New York,36,Monroe,055,,,013204,,6840,,Tract  132.04,0,1,B,2556,37,3,0,0,0,0,0,2,2481,34,2,0,0,1,0,1,6
G36005500133,1970,1,2,New York,36,Monroe,055,,,0133,,6840,,Tract  133,0,1,B,1677,131,2,1,0,1,0,1,1,1460,11,1,1,0,0,0,0,0
G36005500134,1970,1,2,New York,36,Monroe,055,,,0134,,6840,,Tract  134,0,1,B,2297,2,1,0,0,0,0,0,1,2291,6,1,0,0,0,0,1,0
G3600550013501,1970,1,2,New York,36,Monroe,055,,,013501,,6840,,Tract  135.01,0,1,B,1414,6,0,0,0,0,0,0,0,1415,5,1,0,0,0,0,0,0
G3600550013502,1970,1,2,New York,36,Monroe,055,,,013502,,6840,,Tract  135.02,0,1,B,2565,8,3,0,3,0,0,0,1,2711,9,1,1,1,1,0,1,2
G3600550013601,1970,1,2,New York,36,Monroe,055,,,013601,,6840,,Tract  136.01,0,1,B,3248,7,2,0,0,1,0,0,3,3491,12,1,2,0,0,0,1,2
G3600550013602,1970,1,2,New York,36,Monroe,055,,,013602,,6840,,Tract  136.02,0,1,B,2679,4,1,0,1,0,0,0,0,2674,3,0,2,1,0,0,0,0
G3600550013701,1970,1,2,New York,36,Monroe,055,,,013701,,6840,,Tract  137.01,0,1,B,1547,2,1,2,0,0,0,0,0,1648,4,1,2,0,0,0,0,0
G3600550013702,1970,1,2,New York,36,Monroe,055,,,013702,,6840,,Tract  137.02,0,1,B,2398,5,0,0,0,2,0,1,0,2482,2,0,1,0,2,0,1,1
G36005500138,1970,1,2,New York,36,Monroe,055,,,0138,,6840,,Tract  138,0,1,B,3207,5,3,0,0,0,0,0,0,3544,1,6,0,0,0,0,0,0
G3600550013901,1970,1,2,New York,36,Monroe,055,,,013901,,6840,,Tract  139.01,0,1,B,2249,0,0,0,0,1,0,0,1,2391,0,0,2,1,0,0,0,2
G3600550013902,1970,1,2,New York,36,Monroe,055,,,013902,,6840,,Tract  139.02,0,1,B,2616,28,1,1,5,3,0,0,3,2881,22,7,4,11,2,0,1,1
G3600550014001,1970,1,2,New York,36,Monroe,055,,,014001,,6840,,Tract  140.01,0,1,B,1260,0,0,0,0,0,1,0,1,1292,0,1,0,0,0,0,0,3
G3600550014003,1970,1,2,New York,36,Monroe,055,,,014003,,6840,,Tract  140.03,0,1,B,3431,21,6,0,1,0,0,0,3,3619,19,12,0,0,1,0,0,1
G3600550014004,1970,1,2,New York,36,Monroe,055,,,014004,,6840,,Tract  140.04,0,1,B,2103,9,1,1,2,0,0,0,2,2221,5,1,2,1,0,0,1,0
G3600550014101,1970,1,2,New York,36,Monroe,055,,,014101,,6840,,Tract  141.01,0,1,B,3817,22,3,3,10,0,0,1,0,3808,18,3,7,8,0,0,3,4
G3600550014102,1970,1,2,New York,36,Monroe,055,,,014102,,6840,,Tract  141.02,0,1,B,1650,2,1,1,3,0,0,0,1,1755,0,3,3,4,0,0,0,1
G3600550014201,1970,1,2,New York,36,Monroe,055,,,014201,,6840,,Tract  142.01,0,1,B,3902,15,1,0,2,1,0,1,1,3823,20,1,0,1,3,0,3,1
G3600550014202,1970,1,2,New York,36,Monroe,055,,,014202,,6840,,Tract  142.02,0,1,B,2105,19,0,0,0,0,0,0,0,2127,23,1,1,0,1,0,0,0
G36005500143,1970,1,2,New York,36,Monroe,055,,,0143,,6840,,Tract  143,0,1,B,4217,6,4,2,0,0,0,0,4,4394,12,9,0,0,0,0,0,1
G36005500144,1970,1,2,New York,36,Monroe,055,,,0144,,6840,,Tract  144,0,1,B,2748,5,7,2,0,0,0,2,0,2964,4,5,2,0,0,0,2,0
G3600550014502,1970,1,2,New York,36,Monroe,055,,,014502,,6840,,Tract  145.02,0,1,B,2832,23,0,0,0,0,0,0,3,2901,27,4,3,0,0,0,1,1
G3600550014503,1970,1,2,New York,36,Monroe,055,,,014503,,6840,,Tract  145.03,0,1,B,2031,8,0,3,2,5,0,0,2,2049,9,1,3,0,4,0,0,3
G3600550014504,1970,1,2,New York,36,Monroe,055,,,014504,,6840,,Tract  145.04,0,1,B,2139,8,3,0,1,1,0,0,0,2178,10,4,0,3,1,0,1,1
G36005500146,1970,1,2,New York,36,Monroe,055,,,0146,,6840,,Tract  146,0,1,B,2665,24,1,1,0,0,1,0,0,2622,29,0,0,0,0,0,1,0
G36005500147,1970,1,2,New York,36,Monroe,055,,,0147,,6840,,Tract  147,0,1,B,2024,60,1,0,1,2,0,0,0,2112,63,1,0,0,1,0,0,0
G3600550014802,1970,1,2,New York,36,Monroe,055,,,014802,,6840,,Tract  148.02,0,1,B,2948,12,1,0,0,0,0,0,1,2812,14,2,1,1,0,0,1,0
G3600550014803,1970,1,2,New York,36,Monroe,055,,,014803,,6840,,Tract  148.03,0,1,B,1250,31,0,0,0,0,0,0,0,1211,21,1,1,0,0,0,0,0
G3600550014804,1970,1,2,New York,36,Monroe,055,,,014804,,6840,,Tract  148.04,0,1,B,1211,3,0,3,0,0,0,0,0,1220,0,1,2,0,0,0,0,0
G3600550014901,1970,1,2,New York,36,Monroe,055,,,014901,,6840,,Tract  149.01,0,1,B,1427,3,6,1,0,0,0,0,1,1481,5,2,3,0,0,0,0,0
G3600550014903,1970,1,2,New York,36,Monroe,055,,,014903,,6840,,Tract  149.03,0,1,B,2194,5,0,2,0,0,0,0,3,2194,4,1,1,0,1,0,0,1
G3600550014904,1970,1,2,New York,36,Monroe,055,,,014904,,6840,,Tract  149.04,0,1,B,2204,18,1,0,0,0,0,0,0,2156,19,2,0,0,1,0,0,0
G36005500150,1970,1,2,New York,36,Monroe,055,,,0150,,6840,,Tract  150,0,1,B,1817,16,2,0,0,0,2,0,3,1880,17,5,2,0,0,0,0,2
G36005500151,1970,1,2,New York,36,Monroe,055,,,0151,,6840,,Tract  151,0,1,B,2043,29,7,0,0,0,0,0,0,2050,29,6,1,0,0,0,0,2
G36005500152,1970,1,2,New York,36,Monroe,055,,,0152,,6840,,Tract  152,0,1,B,1749,33,4,0,0,0,0,0,0,1826,27,3,0,0,0,0,0,0
G3600550015301,1970,1,2,New York,36,Monroe,055,,,015301,,6840,,Tract  153.01,0,1,B,916,13,0,0,0,0,0,0,2,1212,19,2,0,0,0,0,0,7
G3600550015302,1970,1,2,New York,36,Monroe,055,,,015302,,6840,,Tract  153.02,0,1,B,2693,31,6,6,0,0,0,0,8,2914,28,8,2,2,0,0,0,9
G36005500154,1970,1,2,New York,36,Monroe,055,,,0154,,6840,,Tract  154,0,1,B,1797,21,5,3,1,0,0,0,4,1724,12,5,3,4,0,0,0,4
G36005903001,1970,1,2,New York,36,Nassau,059,,,3001,A,5600,,Tract 3001,1,1,G,2228,20,0,0,1,1,0,0,2,2299,209,0,0,3,3,0,0,4
G36005903002,1970,1,2,New York,36,Nassau,059,,,3002,A,5600,,Tract 3002,1,1,G,725,3,0,0,1,0,1,0,0,25,0,0,0,0,0,0,0,0
G36005903003,1970,1,2,New York,36,Nassau,059,,,3003,A,5600,,Tract 3003,1,1,G,2214,210,1,1,8,3,0,0,0,2370,298,2,1,14,1,1,0,2
G36005903004,1970,1,2,New York,36,Nassau,059,,,3004,A,5600,,Tract 3004,1,1,G,2632,47,0,5,6,0,0,2,1,2812,79,1,5,13,0,0,0,2
G36005903005,1970,1,2,New York,36,Nassau,059,,,3005,A,5600,,Tract 3005,1,1,G,2447,32,2,1,6,0,0,0,1,2508,163,1,4,9,0,0,0,0
G36005903006,1970,1,2,New York,36,Nassau,059,,,3006,A,5600,,Tract 3006,1,1,G,3257,91,1,5,15,0,0,0,5,3506,210,1,6,20,2,0,0,6
G36005903007,1970,1,2,New York,36,Nassau,059,,,3007,A,5600,,Tract 3007,1,1,G,2472,66,2,6,16,1,1,0,2,3171,149,1,5,21,0,2,0,6
G36005903008,1970,1,2,New York,36,Nassau,059,,,3008,A,5600,,Tract 3008,1,1,G,2528,20,0,20,7,2,0,0,2,2750,44,0,11,7,0,0,0,4
G36005903009,1970,1,2,New York,36,Nassau,059,,,3009,A,5600,,Tract 3009,1,1,G,1591,84,1,0,3,0,0,3,2,1704,147,1,1,5,0,0,5,2
G36005903010,1970,1,2,New York,36,Nassau,059,,,3010,A,5600,,Tract 3010,1,1,G,2460,21,0,3,12,5,0,0,0,2591,80,0,7,9,1,2,1,3
G3600590301101,1970,1,2,New York,36,Nassau,059,,,301101,A,5600,,Tract 3011.01,1,1,G,2788,1,0,5,3,0,0,4,3,2890,4,1,5,2,0,0,2,2
G3600590301102,1970,1,2,New York,36,Nassau,059,,,301102,A,5600,,Tract 3011.02,1,1,G,2061,19,0,3,14,0,0,0,2,2161,35,1,2,12,0,0,0,2
G36005903012,1970,1,2,New York,36,Nassau,059,,,3012,A,5600,,Tract 3012,1,1,G,2952,28,2,4,4,0,0,5,4,3374,35,3,5,4,0,0,2,3
G36005903013,1970,1,2,New York,36,Nassau,059,,,3013,A,5600,,Tract 3013,1,1,G,2327,166,2,2,14,2,0,3,3,2571,220,7,3,12,2,0,3,4
G36005903014,1970,1,2,New York,36,Nassau,059,,,3014,A,5600,,Tract 3014,1,1,G,1408,6,0,3,8,0,3,2,1,1534,9,1,3,6,0,0,3,0
G36005903015,1970,1,2,New York,36,Nassau,059,,,3015,A,5600,,Tract 3015,1,1,G,1600,1,0,0,5,1,0,0,0,1829,16,1,0,4,1,0,1,1
G36005903016,1970,1,2,New York,36,Nassau,059,,,3016,A,5600,,Tract 3016,1,1,G,2144,5,0,1,1,0,0,0,1,2281,46,2,3,2,0,0,0,0
G36005903017,1970,1,2,New York,36,Nassau,059,,,3017,A,5600,,Tract 3017,1,1,G,1392,0,0,0,0,1,0,0,0,1574,11,0,0,0,0,0,1,1
G36005903018,1970,1,2,New York,36,Nassau,059,,,3018,A,5600,,Tract 3018,1,1,G,1816,506,3,0,15,1,0,0,3,2064,680,3,1,13,1,0,0,3
G36005903019,1970,1,2,New York,36,Nassau,059,,,3019,A,5600,,Tract 3019,1,1,G,1660,3,0,4,0,0,0,0,0,1747,11,0,5,0,1,0,0,1
G36005903020,1970,1,2,New York,36,Nassau,059,,,3020,A,5600,,Tract 3020,1,1,G,2342,63,0,0,18,1,1,0,6,2448,160,1,1,12,0,0,0,8
G3600590302101,1970,1,2,New York,36,Nassau,059,,,302101,A,5600,,Tract 3021.01,1,1,G,2570,10,1,0,6,3,0,1,0,2683,126,1,2,9,3,0,0,3
G3600590302102,1970,1,2,New York,36,Nassau,059,,,302102,A,5600,,Tract 3021.02,1,1,G,1994,1,0,0,0,0,0,0,2,2054,23,0,0,0,0,0,0,5
G36005903022,1970,1,2,New York,36,Nassau,059,,,3022,A,5600,,Tract 3022,1,1,G,1837,166,3,1,13,1,0,0,7,1975,266,2,1,11,0,0,0,5
G36005903023,1970,1,2,New York,36,Nassau,059,,,3023,A,5600,,Tract 3023,1,1,G,2225,1,0,2,6,0,0,0,6,2304,33,0,5,7,0,0,0,6
G36005903024,1970,1,2,New York,36,Nassau,059,,,3024,A,5600,,Tract 3024,1,1,G,3293,3,0,3,7,1,2,0,1,3480,14,0,8,10,0,0,1,2
G3600590302501,1970,1,2,New York,36,Nassau,059,,,302501,A,5600,,Tract 3025.01,1,1,G,1429,10,2,0,11,0,0,2,0,1446,36,1,3,13,0,0,1,0
G3600590302502,1970,1,2,New York,36,Nassau,059,,,302502,A,5600,,Tract 3025.02,1,1,G,1030,9,0,0,12,3,0,0,0,1072,34,1,1,18,3,0,0,3
G36005903026,1970,1,2,New York,36,Nassau,059,,,3026,A,5600,,Tract 3026,1,1,G,918,0,0,0,0,0,0,0,0,1021,0,0,0,0,0,0,0,0
G36005903027,1970,1,2,New York,36,Nassau,059,,,3027,A,5600,,Tract 3027,1,1,G,2742,0,0,0,20,5,1,0,0,2906,3,0,0,19,7,0,0,0
G36005903028,1970,1,2,New York,36,Nassau,059,,,3028,A,5600,,Tract 3028,1,1,G,3746,0,0,2,8,0,0,0,3,4006,2,0,2,10,0,1,0,3
G36005903029,1970,1,2,New York,36,Nassau,059,,,3029,A,5600,,Tract 3029,1,1,G,2226,1,0,0,15,0,0,0,0,2402,4,1,0,19,0,0,0,0
G36005903030,1970,1,2,New York,36,Nassau,059,,,3030,A,5600,,Tract 3030,1,1,G,2788,15,0,1,13,0,0,0,0,2972,4,2,1,16,0,0,0,0
G3600590303101,1970,1,2,New York,36,Nassau,059,,,303101,A,5600,,Tract 3031.01,1,1,G,2139,1,0,0,12,3,0,0,1,2262,22,0,0,15,5,0,0,0
G3600590303102,1970,1,2,New York,36,Nassau,059,,,303102,A,5600,,Tract 3031.02,1,1,G,2227,0,0,0,9,4,0,0,0,2402,3,0,0,5,1,0,0,1
G3600590303201,1970,1,2,New York,36,Nassau,059,,,303201,A,5600,,Tract 3032.01,1,1,G,1742,60,0,1,3,0,0,0,0,1788,82,1,2,8,0,0,0,0
G3600590303202,1970,1,2,New York,36,Nassau,059,,,303202,A,5600,,Tract 3032.02,1,1,G,1703,141,0,0,2,0,0,0,1,1809,143,0,0,2,0,0,0,0
G3600590303301,1970,1,2,New York,36,Nassau,059,,,303301,A,5600,,Tract 3033.01,1,1,G,1931,0,0,1,11,3,0,3,0,2101,1,0,0,11,2,0,2,0
G3600590303302,1970,1,2,New York,36,Nassau,059,,,303302,A,5600,,Tract 3033.02,1,1,G,2318,45,0,0,1,0,0,0,6,2663,47,0,1,2,2,0,0,3
G36005903034,1970,1,2,New York,36,Nassau,059,,,3034,A,5600,,Tract 3034,1,1,G,1324,0,0,0,5,0,0,2,5,1456,5,0,1,4,0,0,4,2
G36005903035,1970,1,2,New York,36,Nassau,059,,,3035,A,5600,,Tract 3035,1,1,G,3530,3,1,1,4,0,0,0,4,3790,2,0,1,6,0,2,1,0
G36005903036,1970,1,2,New York,36,Nassau,059,,,3036,A,5600,,Tract 3036,1,1,G,2795,16,1,3,11,3,0,5,9,3279,16,1,3,8,4,0,5,6
G36005903037,1970,1,2,New York,36,Nassau,059,,,3037,A,5600,,Tract 3037,1,1,G,3952,30,1,17,9,3,0,2,2,4270,34,0,1,8,3,0,1,2
G36005903038,1970,1,2,New York,36,Nassau,059,,,3038,A,5600,,Tract 3038,1,1,G,3024,25,0,4,11,6,0,0,2,3204,22,0,4,18,4,0,0,2
G36005903039,1970,1,2,New York,36,Nassau,059,,,3039,A,5600,,Tract 3039,1,1,G,1944,3,0,0,2,1,0,0,0,2011,16,0,0,4,1,0,2,2
G36005903040,1970,1,2,New York,36,Nassau,059,,,3040,A,5600,,Tract 3040,1,1,G,3527,248,0,3,5,1,0,0,6,3739,293,1,4,1,0,0,0,7
G36005903041,1970,1,2,New York,36,Nassau,059,,,3041,A,5600,,Tract 3041,1,1,G,1349,384,2,0,16,1,0,0,1,1344,428,1,0,12,2,0,1,0
G3600590304201,1970,1,2,New York,36,Nassau,059,,,304201,A,5600,,Tract 3042.01,1,1,G,430,2370,10,0,0,0,0,0,11,469,2757,12,0,0,0,0,0,9
G3600590304202,1970,1,2,New York,36,Nassau,059,,,304202,A,5600,,Tract 3042.02,1,1,G,1187,113,0,0,8,1,0,0,3,1215,115,0,0,9,0,0,0,2
G36005904043,1970,1,2,New York,36,Nassau,059,,,4043,A,5600,,Tract 4043,1,1,G,1338,0,1,0,2,0,0,2,0,1494,1,0,0,1,0,0,6,0
G36005904044,1970,1,2,New York,36,Nassau,059,,,4044,A,5600,,Tract 4044,1,1,G,2735,1,0,0,6,0,0,0,0,3104,2,0,1,7,1,0,0,2
G36005904045,1970,1,2,New York,36,Nassau,059,,,4045,A,5600,,Tract 4045,1,1,G,2478,14,0,0,10,1,0,0,2,2871,29,1,0,10,0,0,0,3
G36005904046,1970,1,2,New York,36,Nassau,059,,,4046,A,5600,,Tract 4046,1,1,G,2459,10,0,1,6,1,0,0,0,2755,11,0,2,4,0,0,0,0
G36005904047,1970,1,2,New York,36,Nassau,059,,,4047,A,5600,,Tract 4047,1,1,G,3080,2,0,4,9,1,0,0,0,3375,4,0,4,6,1,0,0,1
G36005904048,1970,1,2,New York,36,Nassau,059,,,4048,A,5600,,Tract 4048,1,1,G,2270,582,3,1,0,0,0,0,1,2186,560,1,0,0,0,0,0,6
G36005904049,1970,1,2,New York,36,Nassau,059,,,4049,A,5600,,Tract 4049,1,1,G,3996,11,0,7,2,2,0,0,0,4108,10,1,2,5,0,0,0,1
G36005904050,1970,1,2,New York,36,Nassau,059,,,4050,A,5600,,Tract 4050,1,1,G,2144,7,0,0,6,1,0,0,0,2249,5,1,1,5,0,1,0,0
G36005904051,1970,1,2,New York,36,Nassau,059,,,4051,A,5600,,Tract 4051,1,1,G,3577,1,0,0,5,0,2,0,0,3787,2,0,1,4,0,0,0,0
G36005904052,1970,1,2,New York,36,Nassau,059,,,4052,A,5600,,Tract 4052,1,1,G,2334,4,0,0,0,3,0,0,2,2491,5,0,0,0,1,0,0,1
G36005904053,1970,1,2,New York,36,Nassau,059,,,4053,A,5600,,Tract 4053,1,1,G,4016,6,0,0,17,0,0,0,3,4271,4,1,1,6,0,0,0,1
G36005904054,1970,1,2,New York,36,Nassau,059,,,4054,A,5600,,Tract 4054,1,1,G,3671,5,0,3,12,0,1,0,2,3813,5,0,3,13,0,0,1,1
G36005904055,1970,1,2,New York,36,Nassau,059,,,4055,A,5600,,Tract 4055,1,1,G,1789,0,1,0,0,0,0,0,2,1960,0,2,0,0,0,0,1,1
G36005904056,1970,1,2,New York,36,Nassau,059,,,4056,A,5600,,Tract 4056,1,1,G,3394,0,2,4,2,2,0,0,0,3573,2,1,2,4,0,1,2,0
G36005904057,1970,1,2,New York,36,Nassau,059,,,4057,A,5600,,Tract 4057,1,1,G,2719,6,0,4,4,0,0,1,0,2802,4,0,5,4,0,0,3,3
G36005904058,1970,1,2,New York,36,Nassau,059,,,4058,A,5600,,Tract 4058,1,1,G,2313,1,0,1,0,2,0,0,0,2466,0,2,0,1,1,0,0,1
G36005904059,1970,1,2,New York,36,Nassau,059,,,4059,A,5600,,Tract 4059,1,1,G,2767,7,0,1,4,6,0,1,0,2857,19,2,0,4,2,0,0,2
G36005904060,1970,1,2,New York,36,Nassau,059,,,4060,A,5600,,Tract 4060,1,1,G,4047,39,0,5,13,1,0,0,6,4298,46,1,2,10,1,0,1,6
G36005904061,1970,1,2,New York,36,Nassau,059,,,4061,A,5600,,Tract 4061,1,1,G,1536,55,0,1,0,0,0,0,1,1669,88,1,1,3,1,0,0,0
G3600590406201,1970,1,2,New York,36,Nassau,059,,,406201,A,5600,,Tract 4062.01,1,1,G,1370,21,2,1,2,1,1,0,6,1437,25,3,1,0,0,0,0,1
G3600590406202,1970,1,2,New York,36,Nassau,059,,,406202,A,5600,,Tract 4062.02,1,1,G,448,2136,9,1,5,0,0,0,5,480,2359,9,0,6,0,0,0,13
G36005904063,1970,1,2,New York,36,Nassau,059,,,4063,A,5600,,Tract 4063,1,1,G,1901,22,0,0,12,1,0,0,1,2223,25,0,0,8,0,0,0,0
G36005904064,1970,1,2,New York,36,Nassau,059,,,4064,A,5600,,Tract 4064,1,1,G,3111,10,0,1,7,0,0,0,0,3553,9,0,2,8,0,0,0,0
G36005904065,1970,1,2,New York,36,Nassau,059,,,4065,A,5600,,Tract 4065,1,1,G,3725,102,1,4,8,1,0,0,5,4425,153,5,8,8,1,0,1,5
G36005904066,1970,1,2,New York,36,Nassau,059,,,4066,A,5600,,Tract 4066,1,1,G,2847,16,0,2,9,0,0,2,0,3150,19,1,4,7,0,0,1,2
G36005904067,1970,1,2,New York,36,Nassau,059,,,4067,A,5600,,Tract 4067,1,1,G,2204,216,1,7,26,5,2,2,11,2675,261,2,8,12,5,0,2,11
G36005904068,1970,1,2,New York,36,Nassau,059,,,4068,A,5600,,Tract 4068,1,1,G,2083,152,2,6,17,7,0,0,13,2356,191,0,8,12,9,1,0,10
G36005904069,1970,1,2,New York,36,Nassau,059,,,4069,A,5600,,Tract 4069,1,1,G,579,2143,6,0,0,1,0,0,17,744,2615,11,0,1,0,0,0,14
G36005904070,1970,1,2,New York,36,Nassau,059,,,4070,A,5600,,Tract 4070,1,1,G,360,2426,4,3,2,0,0,0,9,375,3075,10,4,3,0,0,0,10
G3600590407101,1970,1,2,New York,36,Nassau,059,,,407101,A,5600,,Tract 4071.01,1,1,G,1011,1064,6,2,1,1,0,0,7,1258,1175,3,2,2,1,0,0,11
G3600590407102,1970,1,2,New York,36,Nassau,059,,,407102,A,5600,,Tract 4071.02,1,1,G,1862,185,0,0,4,0,0,0,6,2119,200,1,2,2,0,0,0,8
G36005904072,1970,1,2,New York,36,Nassau,059,,,4072,A,5600,,Tract 4072,1,1,G,3431,175,3,2,13,2,1,0,5,3840,208,3,3,9,7,0,3,11
G3600590407301,1970,1,2,New York,36,Nassau,059,,,407301,A,5600,,Tract 4073.01,1,1,G,852,283,1,0,4,0,0,0,6,855,292,0,0,3,0,0,0,5
G3600590407302,1970,1,2,New York,36,Nassau,059,,,407302,A,5600,,Tract 4073.02,1,1,G,2535,13,1,0,4,1,0,1,0,2640,1,0,1,5,0,0,0,0
G3600590407303,1970,1,2,New York,36,Nassau,059,,,407303,A,5600,,Tract 4073.03,1,1,G,64,4,0,0,0,0,0,0,0,59,1,0,0,0,0,0,0,0
G36005904074,1970,1,2,New York,36,Nassau,059,,,4074,A,5600,,Tract 4074,1,1,G,3750,90,0,1,4,1,0,2,7,4197,131,0,0,5,0,0,1,5
G36005904075,1970,1,2,New York,36,Nassau,059,,,4075,A,5600,,Tract 4075,1,1,G,3270,808,8,0,12,3,0,0,6,3534,868,11,2,7,2,0,0,22
G36005904076,1970,1,2,New York,36,Nassau,059,,,4076,A,5600,,Tract 4076,1,1,G,3329,2,0,0,5,6,0,0,0,3324,13,0,0,6,7,0,1,2
G36005904077,1970,1,2,New York,36,Nassau,059,,,4077,A,5600,,Tract 4077,1,1,G,2695,0,1,3,7,9,0,0,0,2815,2,2,3,6,5,0,0,0
G36005904078,1970,1,2,New York,36,Nassau,059,,,4078,A,5600,,Tract 4078,1,1,G,3848,346,0,6,4,8,1,6,19,3725,70,0,3,5,11,0,8,18
G36005904079,1970,1,2,New York,36,Nassau,059,,,4079,A,5600,,Tract 4079,1,1,G,2546,85,1,2,10,31,0,0,4,2591,74,1,10,8,28,0,0,3
G36005904080,1970,1,2,New York,36,Nassau,059,,,4080,A,5600,,Tract 4080,1,1,G,3687,11,0,2,4,3,1,0,1,3756,4,1,2,5,4,1,0,2
G36005904081,1970,1,2,New York,36,Nassau,059,,,4081,A,5600,,Tract 4081,1,1,G,3904,1,1,3,5,0,1,0,0,4074,8,1,2,2,1,0,0,0
G36005904082,1970,1,2,New York,36,Nassau,059,,,4082,A,5600,,Tract 4082,1,1,G,3656,1,0,0,6,0,0,0,0,3787,3,0,2,13,1,0,1,1
G36005904083,1970,1,2,New York,36,Nassau,059,,,4083,A,5600,,Tract 4083,1,1,G,4248,9,4,3,0,2,0,0,3,4300,9,7,0,4,2,1,1,2
G36005904084,1970,1,2,New York,36,Nassau,059,,,4084,A,5600,,Tract 4084,1,1,G,2155,9,9,1,7,0,0,0,0,2217,10,4,1,5,0,0,0,1
G36005904085,1970,1,2,New York,36,Nassau,059,,,4085,A,5600,,Tract 4085,1,1,G,3648,1,1,1,1,1,0,0,0,3736,3,2,2,0,0,0,0,1
G36005904086,1970,1,2,New York,36,Nassau,059,,,4086,A,5600,,Tract 4086,1,1,G,2732,1,1,6,7,1,0,0,10,2905,3,1,3,4,1,0,0,3
G36005904087,1970,1,2,New York,36,Nassau,059,,,4087,A,5600,,Tract 4087,1,1,G,2942,3,0,1,12,0,1,3,4,2985,2,0,3,13,0,0,1,3
G36005904088,1970,1,2,New York,36,Nassau,059,,,4088,A,5600,,Tract 4088,1,1,G,3952,1,0,0,11,2,0,0,4,4068,2,0,4,15,2,0,3,7
G36005904089,1970,1,2,New York,36,Nassau,059,,,4089,A,5600,,Tract 4089,1,1,G,3370,8,0,0,13,2,0,0,7,3537,3,0,1,12,5,0,4,7
G36005904090,1970,1,2,New York,36,Nassau,059,,,4090,A,5600,,Tract 4090,1,1,G,3526,0,0,1,3,1,0,0,2,3644,0,1,4,3,2,0,0,2
G36005904091,1970,1,2,New York,36,Nassau,059,,,4091,A,5600,,Tract 4091,1,1,G,3438,1,1,0,3,1,0,0,0,3520,0,0,1,5,0,0,0,0
G36005904092,1970,1,2,New York,36,Nassau,059,,,4092,A,5600,,Tract 4092,1,1,G,3958,6,3,0,8,4,0,0,0,3962,7,0,1,4,5,0,3,3
G36005904093,1970,1,2,New York,36,Nassau,059,,,4093,A,5600,,Tract 4093,1,1,G,2745,0,1,1,2,2,0,0,2,2780,1,0,1,1,0,0,0,2
G36005904094,1970,1,2,New York,36,Nassau,059,,,4094,A,5600,,Tract 4094,1,1,G,2683,1,0,0,1,1,0,0,0,2779,4,0,0,0,0,0,1,0
G36005904095,1970,1,2,New York,36,Nassau,059,,,4095,A,5600,,Tract 4095,1,1,G,2775,0,0,0,3,0,0,0,2,2915,1,0,0,10,0,0,0,0
G36005904096,1970,1,2,New York,36,Nassau,059,,,4096,A,5600,,Tract 4096,1,1,G,3173,1,0,1,6,0,0,0,9,3232,2,0,2,0,0,0,0,7
G36005904097,1970,1,2,New York,36,Nassau,059,,,4097,A,5600,,Tract 4097,1,1,G,2331,1,0,1,11,1,0,0,0,2429,4,0,2,10,0,0,1,0
G36005904098,1970,1,2,New York,36,Nassau,059,,,4098,A,5600,,Tract 4098,1,1,G,2152,25,0,0,3,0,0,0,0,2221,27,0,0,5,0,0,0,0
G36005904099,1970,1,2,New York,36,Nassau,059,,,4099,A,5600,,Tract 4099,1,1,G,3245,7,0,0,4,3,0,0,3,3394,8,0,0,6,1,0,0,1
G36005904100,1970,1,2,New York,36,Nassau,059,,,4100,A,5600,,Tract 4100,1,1,G,1827,1,0,3,4,0,0,0,0,1906,23,0,4,6,0,0,1,1
G36005904101,1970,1,2,New York,36,Nassau,059,,,4101,A,5600,,Tract 4101,1,1,G,3300,4,1,2,4,0,0,1,2,3441,7,1,2,4,0,0,3,2
G36005904102,1970,1,2,New York,36,Nassau,059,,,4102,A,5600,,Tract 4102,1,1,G,1966,0,1,0,3,0,0,1,0,2110,7,0,0,1,0,0,0,2
G36005904103,1970,1,2,New York,36,Nassau,059,,,4103,A,5600,,Tract 4103,1,1,G,3112,2,0,0,6,0,0,0,0,3385,12,0,1,3,0,0,0,0
G36005904104,1970,1,2,New York,36,Nassau,059,,,4104,A,5600,,Tract 4104,1,1,G,2373,0,0,0,9,0,0,0,1,2564,0,0,0,4,0,0,0,0
G36005904105,1970,1,2,New York,36,Nassau,059,,,4105,A,5600,,Tract 4105,1,1,G,3358,0,1,3,11,0,0,2,1,3642,0,3,2,11,0,0,4,2
G36005904106,1970,1,2,New York,36,Nassau,059,,,4106,A,5600,,Tract 4106,1,1,G,4030,2,1,0,3,0,0,0,2,4325,4,0,0,0,0,0,1,2
G36005904107,1970,1,2,New York,36,Nassau,059,,,4107,A,5600,,Tract 4107,1,1,G,3369,3,1,1,4,0,0,0,3,3738,6,1,0,3,0,0,0,2
G36005904108,1970,1,2,New York,36,Nassau,059,,,4108,A,5600,,Tract 4108,1,1,G,3087,1,0,1,5,0,0,0,1,3282,10,0,4,7,1,0,1,0
G36005904109,1970,1,2,New York,36,Nassau,059,,,4109,A,5600,,Tract 4109,1,1,G,3174,4,0,3,2,0,0,0,0,3377,30,0,3,1,0,0,0,1
G36005904110,1970,1,2,New York,36,Nassau,059,,,4110,A,5600,,Tract 4110,1,1,G,2175,288,1,0,0,0,0,0,1,2213,417,0,2,1,0,0,0,3
G36005904111,1970,1,2,New York,36,Nassau,059,,,4111,A,5600,,Tract 4111,1,1,G,976,574,0,1,0,0,0,0,0,1046,730,3,1,0,0,0,0,1
G36005904112,1970,1,2,New York,36,Nassau,059,,,4112,A,5600,,Tract 4112,1,1,G,3160,39,0,1,5,0,0,1,3,3643,73,0,3,4,1,0,4,4
G3600590411301,1970,1,2,New York,36,Nassau,059,,,411301,A,5600,,Tract 4113.01,1,1,G,2453,2,0,0,5,0,0,0,0,2472,24,0,1,2,0,0,0,0
G3600590411302,1970,1,2,New York,36,Nassau,059,,,411302,A,5600,,Tract 4113.02,1,1,G,3860,7,0,1,1,0,0,0,1,3968,72,0,2,1,0,0,0,0
G36005904114,1970,1,2,New York,36,Nassau,059,,,4114,A,5600,,Tract 4114,1,1,G,3272,27,0,2,20,1,0,0,0,3525,90,1,8,11,1,0,0,1
G36005904115,1970,1,2,New York,36,Nassau,059,,,4115,A,5600,,Tract 4115,1,1,G,1641,8,1,1,0,0,0,0,1,1679,136,4,2,0,0,0,0,4
G36005904116,1970,1,2,New York,36,Nassau,059,,,4116,A,5600,,Tract 4116,1,1,G,2957,102,0,0,3,0,1,0,2,3189,295,2,0,4,1,2,2,6
G36005904117,1970,1,2,New York,36,Nassau,059,,,4117,A,5600,,Tract 4117,1,1,G,3197,3,4,1,14,0,0,0,0,3541,24,0,2,8,1,0,0,1
G36005904118,1970,1,2,New York,36,Nassau,059,,,4118,A,5600,,Tract 4118,1,1,G,3657,7,0,1,4,2,0,0,1,4060,9,1,2,1,4,1,0,0
G36005904119,1970,1,2,New York,36,Nassau,059,,,4119,A,5600,,Tract 4119,1,1,G,4064,8,0,2,38,0,0,1,0,4552,14,2,2,36,0,0,0,1
G36005904120,1970,1,2,New York,36,Nassau,059,,,4120,A,5600,,Tract 4120,1,1,G,3421,8,0,3,9,1,0,1,0,3844,9,0,3,5,2,0,0,0
G36005904121,1970,1,2,New York,36,Nassau,059,,,4121,A,5600,,Tract 4121,1,1,G,3206,10,0,4,5,0,0,0,3,3644,16,0,2,3,0,0,1,3
G36005904122,1970,1,2,New York,36,Nassau,059,,,4122,A,5600,,Tract 4122,1,1,G,3138,2,0,2,6,1,0,0,0,3350,13,0,0,5,0,0,0,1
G36005904123,1970,1,2,New York,36,Nassau,059,,,4123,A,5600,,Tract 4123,1,1,G,3568,33,0,2,28,0,0,1,0,4353,42,0,2,27,0,0,0,0
G36005904124,1970,1,2,New York,36,Nassau,059,,,4124,A,5600,,Tract 4124,1,1,G,2108,349,2,4,8,0,0,0,2,2598,517,9,8,4,3,0,0,1
G36005904125,1970,1,2,New York,36,Nassau,059,,,4125,A,5600,,Tract 4125,1,1,G,2409,10,1,1,3,0,4,6,1,2528,25,0,1,2,0,0,5,1
G36005904126,1970,1,2,New York,36,Nassau,059,,,4126,A,5600,,Tract 4126,1,1,G,1985,1,0,0,1,1,0,0,0,2176,60,1,0,2,1,0,0,5
G36005904127,1970,1,2,New York,36,Nassau,059,,,4127,A,5600,,Tract 4127,1,1,G,2184,5,0,1,0,0,0,0,12,2314,17,2,1,0,0,0,0,9
G36005904128,1970,1,2,New York,36,Nassau,059,,,4128,A,5600,,Tract 4128,1,1,G,1596,30,0,0,1,1,0,0,0,1602,40,0,1,2,0,0,1,0
G36005904129,1970,1,2,New York,36,Nassau,059,,,4129,A,5600,,Tract 4129,1,1,G,2754,166,0,0,7,0,0,0,5,2946,184,1,2,10,0,0,0,6
G3600590413001,1970,1,2,New York,36,Nassau,059,,,413001,A,5600,,Tract 4130.01,1,1,G,2153,2,1,0,3,1,0,0,6,2325,6,0,3,2,0,0,0,4
G3600590413002,1970,1,2,New York,36,Nassau,059,,,413002,A,5600,,Tract 4130.02,1,1,G,2511,10,0,0,3,3,0,0,4,2600,16,0,0,2,2,0,1,5
G36005904131,1970,1,2,New York,36,Nassau,059,,,4131,A,5600,,Tract 4131,1,1,G,2497,2,0,0,2,0,0,1,1,2771,1,1,0,3,0,0,0,3
G36005904132,1970,1,2,New York,36,Nassau,059,,,4132,A,5600,,Tract 4132,1,1,G,2795,3,1,1,3,0,0,0,4,2857,14,1,0,3,0,0,0,0
G36005904133,1970,1,2,New York,36,Nassau,059,,,4133,A,5600,,Tract 4133,1,1,G,3732,5,0,0,0,1,0,0,0,3820,12,1,0,0,1,0,1,1
G36005904134,1970,1,2,New York,36,Nassau,059,,,4134,A,5600,,Tract 4134,1,1,G,3516,3,4,0,0,0,0,0,0,3631,15,2,0,0,0,0,0,0
G36005904135,1970,1,2,New York,36,Nassau,059,,,4135,A,5600,,Tract 4135,1,1,G,3634,10,1,1,5,3,1,0,3,3918,17,0,2,7,1,0,1,1
G36005904136,1970,1,2,New York,36,Nassau,059,,,4136,A,5600,,Tract 4136,1,1,G,2564,57,5,0,2,0,0,3,6,2992,69,2,2,2,1,0,2,4
G36005904137,1970,1,2,New York,36,Nassau,059,,,4137,A,5600,,Tract 4137,1,1,G,2854,0,0,5,12,3,0,0,3,3084,2,0,10,17,4,0,0,3
G36005904138,1970,1,2,New York,36,Nassau,059,,,4138,A,5600,,Tract 4138,1,1,G,4501,7,1,4,4,0,0,0,1,4581,24,0,3,3,0,0,0,2
G36005904139,1970,1,2,New York,36,Nassau,059,,,4139,A,5600,,Tract 4139,1,1,G,1561,1539,5,0,2,0,0,2,37,1699,1763,7,0,6,1,0,1,34
G36005904140,1970,1,2,New York,36,Nassau,059,,,4140,A,5600,,Tract 4140,1,1,G,723,3274,11,1,0,3,0,0,11,747,3559,12,1,1,2,1,1,4
G36005904141,1970,1,2,New York,36,Nassau,059,,,4141,A,5600,,Tract 4141,1,1,G,1751,1271,3,0,0,0,0,2,2,1852,1541,4,1,0,1,0,0,6
G36005904142,1970,1,2,New York,36,Nassau,059,,,4142,A,5600,,Tract 4142,1,1,G,2851,841,5,1,7,0,0,0,13,3393,1038,8,2,7,1,0,2,24
G3600590414301,1970,1,2,New York,36,Nassau,059,,,414301,A,5600,,Tract 4143.01,1,1,G,1184,15,0,0,9,1,0,0,0,1509,18,0,0,4,0,0,0,0
G3600590414302,1970,1,2,New York,36,Nassau,059,,,414302,A,5600,,Tract 4143.02,1,1,G,3259,40,2,1,10,3,0,0,10,3700,66,2,2,3,3,1,1,19
G36005904144,1970,1,2,New York,36,Nassau,059,,,4144,A,5600,,Tract 4144,1,1,G,1283,1126,10,0,3,0,0,0,23,1387,1506,16,0,3,0,0,0,31
G3600590414501,1970,1,2,New York,36,Nassau,059,,,414501,A,5600,,Tract 4145.01,1,1,G,2819,0,0,1,4,1,1,0,2,2927,1,0,1,6,0,0,0,2
G3600590414502,1970,1,2,New York,36,Nassau,059,,,414502,A,5600,,Tract 4145.02,1,1,G,2312,1,4,1,4,1,0,0,5,2396,3,1,0,3,0,0,0,1
G36005904146,1970,1,2,New York,36,Nassau,059,,,4146,A,5600,,Tract 4146,1,1,G,1993,4,1,0,5,2,0,0,0,2131,1,1,0,2,3,0,0,0
G36005904147,1970,1,2,New York,36,Nassau,059,,,4147,A,5600,,Tract 4147,1,1,G,2464,1,0,0,2,0,0,0,0,2618,1,0,0,2,0,0,0,0
G36005904148,1970,1,2,New York,36,Nassau,059,,,4148,A,5600,,Tract 4148,1,1,G,3514,1,0,1,2,0,0,0,0,3695,1,0,1,1,0,0,0,0
G36005904149,1970,1,2,New York,36,Nassau,059,,,4149,A,5600,,Tract 4149,1,1,G,3893,60,4,0,1,0,0,0,0,4138,69,8,0,1,2,1,0,0
G36005904150,1970,1,2,New York,36,Nassau,059,,,4150,A,5600,,Tract 4150,1,1,G,3137,4,0,0,6,0,0,0,1,3301,7,1,0,8,0,0,1,0
G3600590415101,1970,1,2,New York,36,Nassau,059,,,415101,A,5600,,Tract 4151.01,1,1,G,1698,16,1,0,2,1,1,0,0,1818,24,0,0,3,4,0,0,0
G3600590415102,1970,1,2,New York,36,Nassau,059,,,415102,A,5600,,Tract 4151.02,1,1,G,3080,5,1,1,2,0,0,0,1,3250,24,3,2,1,0,0,0,7
G3600590415201,1970,1,2,New York,36,Nassau,059,,,415201,A,5600,,Tract 4152.01,1,1,G,2051,2,0,3,5,0,0,1,0,2285,18,4,5,4,0,0,0,0
G3600590415202,1970,1,2,New York,36,Nassau,059,,,415202,A,5600,,Tract 4152.02,1,1,G,2528,2,0,0,2,0,1,0,0,2570,6,0,2,1,1,0,0,2
G36005904153,1970,1,2,New York,36,Nassau,059,,,4153,A,5600,,Tract 4153,1,1,G,3070,1,1,0,0,1,0,0,0,3261,2,3,0,0,3,0,0,2
G3600590415401,1970,1,2,New York,36,Nassau,059,,,415401,A,5600,,Tract 4154.01,1,1,G,3546,4,0,0,2,1,0,0,4,3595,8,0,0,1,0,0,0,2
G3600590415402,1970,1,2,New York,36,Nassau,059,,,415402,A,5600,,Tract 4154.02,1,1,G,2451,4,0,0,7,0,0,0,2,2458,5,0,3,6,0,0,0,3
G36005904155,1970,1,2,New York,36,Nassau,059,,,4155,A,5600,,Tract 4155,1,1,G,1902,1,0,0,2,1,0,0,0,1916,3,0,0,0,0,0,0,4
G36005904156,1970,1,2,New York,36,Nassau,059,,,4156,A,5600,,Tract 4156,1,1,G,2633,3,0,0,3,0,0,0,1,2693,4,1,0,2,0,0,0,1
G36005904157,1970,1,2,New York,36,Nassau,059,,,4157,A,5600,,Tract 4157,1,1,G,3756,3,1,1,6,3,0,0,3,3897,2,0,2,11,3,0,0,1
G36005904158,1970,1,2,New York,36,Nassau,059,,,4158,A,5600,,Tract 4158,1,1,G,4303,0,0,1,12,2,0,0,1,4501,4,0,0,15,1,0,0,3
G36005904159,1970,1,2,New York,36,Nassau,059,,,4159,A,5600,,Tract 4159,1,1,G,3096,9,0,2,0,0,0,0,1,3204,8,0,2,3,0,0,1,0
G36005904160,1970,1,2,New York,36,Nassau,059,,,4160,A,5600,,Tract 4160,1,1,G,2277,1,0,0,2,0,0,0,1,2399,1,0,0,0,0,0,0,0
G36005904161,1970,1,2,New York,36,Nassau,059,,,4161,A,5600,,Tract 4161,1,1,G,3207,0,2,3,6,0,0,2,2,3138,3,2,1,4,0,0,1,1
G3600590416201,1970,1,2,New York,36,Nassau,059,,,416201,A,5600,,Tract 4162.01,1,1,G,1783,20,0,0,5,3,0,0,0,1891,21,0,0,9,1,0,0,1
G3600590416202,1970,1,2,New York,36,Nassau,059,,,416202,A,5600,,Tract 4162.02,1,1,G,2540,35,0,0,3,5,0,1,6,2753,40,0,0,2,2,0,1,8
G36005904163,1970,1,2,New York,36,Nassau,059,,,4163,A,5600,,Tract 4163,1,1,G,1661,4,0,1,0,0,0,0,1,1750,16,1,3,1,0,0,0,1
G36005904164,1970,1,2,New York,36,Nassau,059,,,4164,A,5600,,Tract 4164,1,1,G,3057,20,0,1,1,0,0,2,8,3220,36,0,1,0,0,1,1,4
G36005904165,1970,1,2,New York,36,Nassau,059,,,4165,A,5600,,Tract 4165,1,1,G,1674,663,1,0,14,0,0,0,79,1850,832,2,2,12,0,0,0,100
G36005904166,1970,1,2,New York,36,Nassau,059,,,4166,A,5600,,Tract 4166,1,1,G,2631,167,2,1,5,2,0,0,3,3404,273,2,3,1,0,0,0,5
G36005904167,1970,1,2,New York,36,Nassau,059,,,4167,A,5600,,Tract 4167,1,1,G,3967,92,4,4,6,1,0,0,2,4624,122,2,3,1,2,0,0,1
G36005904168,1970,1,2,New York,36,Nassau,059,,,4168,A,5600,,Tract 4168,1,1,G,2941,12,0,1,0,0,0,2,1,3236,19,1,1,0,1,0,0,1
G36005904169,1970,1,2,New York,36,Nassau,059,,,4169,A,5600,,Tract 4169,1,1,G,2173,11,0,0,0,0,0,0,3,2226,44,0,0,1,0,0,0,0
G36005905170,1970,1,2,New York,36,Nassau,059,,,5170,A,5600,,Tract 5170,1,1,G,1625,14,0,2,14,1,0,2,0,1753,33,0,1,11,2,0,2,0
G36005905171,1970,1,2,New York,36,Nassau,059,,,5171,A,5600,,Tract 5171,1,1,G,3407,114,0,1,9,0,0,0,3,3658,149,0,2,18,0,0,0,3
G36005905172,1970,1,2,New York,36,Nassau,059,,,5172,A,5600,,Tract 5172,1,1,G,2345,609,2,0,5,0,0,1,6,2365,743,10,3,6,0,0,1,6
G36005905173,1970,1,2,New York,36,Nassau,059,,,5173,A,5600,,Tract 5173,1,1,G,4156,28,0,1,9,2,0,0,4,4559,49,3,3,14,4,0,2,10
G36005905174,1970,1,2,New York,36,Nassau,059,,,5174,A,5600,,Tract 5174,1,1,G,2742,51,1,2,2,0,0,2,1,3036,39,2,3,2,1,0,0,6
G36005905175,1970,1,2,New York,36,Nassau,059,,,5175,A,5600,,Tract 5175,1,1,G,1786,4,0,0,2,0,0,1,0,1950,8,0,0,2,0,0,0,0
G36005905176,1970,1,2,New York,36,Nassau,059,,,5176,A,5600,,Tract 5176,1,1,G,2024,1,0,1,9,2,1,0,3,2209,6,0,0,10,5,0,1,2
G3600590517701,1970,1,2,New York,36,Nassau,059,,,517701,A,5600,,Tract 5177.01,1,1,G,2628,72,0,0,6,1,0,2,5,2910,101,3,0,8,0,0,1,3
G3600590517702,1970,1,2,New York,36,Nassau,059,,,517702,A,5600,,Tract 5177.02,1,1,G,1643,19,0,0,6,1,0,4,9,1970,45,1,2,3,1,0,1,7
G3600590517801,1970,1,2,New York,36,Nassau,059,,,517801,A,5600,,Tract 5178.01,1,1,G,1715,8,0,3,6,2,0,0,1,1821,26,1,4,6,1,0,0,2
G3600590517802,1970,1,2,New York,36,Nassau,059,,,517802,A,5600,,Tract 5178.02,1,1,G,1789,96,1,0,4,0,0,0,0,1939,97,2,1,3,0,0,0,0
G36005905179,1970,1,2,New York,36,Nassau,059,,,5179,A,5600,,Tract 5179,1,1,G,3384,2,0,1,10,0,1,0,9,3599,1,2,3,4,0,2,0,3
G36005905180,1970,1,2,New York,36,Nassau,059,,,5180,A,5600,,Tract 5180,1,1,G,3099,140,0,0,3,0,0,0,9,3360,202,2,1,2,0,0,0,4
G36005905181,1970,1,2,New York,36,Nassau,059,,,5181,A,5600,,Tract 5181,1,1,G,1523,35,0,0,6,0,0,0,2,1587,51,0,1,3,0,0,0,2
G3600590518201,1970,1,2,New York,36,Nassau,059,,,518201,A,5600,,Tract 5182.01,1,1,G,1482,7,0,3,7,0,1,0,1,1529,16,1,4,8,0,2,1,3
G3600590518202,1970,1,2,New York,36,Nassau,059,,,518202,A,5600,,Tract 5182.02,1,1,G,2103,13,0,10,7,0,0,0,0,2306,32,0,2,6,0,0,0,0
G36005905183,1970,1,2,New York,36,Nassau,059,,,5183,A,5600,,Tract 5183,1,1,G,2933,7,0,1,9,0,0,0,2,3006,80,0,2,6,0,0,1,1
G36005905184,1970,1,2,New York,36,Nassau,059,,,5184,A,5600,,Tract 5184,1,1,G,1970,10,0,0,3,0,0,0,2,2035,5,1,0,8,0,0,1,1
G3600590518501,1970,1,2,New York,36,Nassau,059,,,518501,A,5600,,Tract 5185.01,1,1,G,2709,60,0,0,10,3,0,0,2,2664,76,1,0,9,3,0,1,3
G3600590518502,1970,1,2,New York,36,Nassau,059,,,518502,A,5600,,Tract 5185.02,1,1,G,1588,2,0,3,11,1,0,3,0,1793,1,0,0,13,0,0,1,1
G36005905186,1970,1,2,New York,36,Nassau,059,,,5186,A,5600,,Tract 5186,1,1,G,2468,0,0,0,6,0,0,0,1,2543,25,0,0,8,0,0,0,1
G36005905187,1970,1,2,New York,36,Nassau,059,,,5187,A,5600,,Tract 5187,1,1,G,3682,1,0,1,7,3,0,0,7,3769,5,0,4,5,4,0,2,4
G36005905188,1970,1,2,New York,36,Nassau,059,,,5188,A,5600,,Tract 5188,1,1,G,2085,0,0,0,4,0,0,0,1,2034,6,0,0,1,0,0,0,1
G36005905189,1970,1,2,New York,36,Nassau,059,,,5189,A,5600,,Tract 5189,1,1,G,4116,11,0,0,5,0,0,0,8,4200,15,4,1,2,0,0,1,6
G36005905190,1970,1,2,New York,36,Nassau,059,,,5190,A,5600,,Tract 5190,1,1,G,3700,4,3,8,12,0,1,0,1,3740,4,1,8,9,0,1,1,1
G36005905191,1970,1,2,New York,36,Nassau,059,,,5191,A,5600,,Tract 5191,1,1,G,2778,1,0,1,4,0,0,0,5,2983,1,0,0,3,0,0,0,1
G36005905192,1970,1,2,New York,36,Nassau,059,,,5192,A,5600,,Tract 5192,1,1,G,3736,5,6,0,5,2,0,0,1,3847,5,6,1,4,2,0,1,1
G36005905193,1970,1,2,New York,36,Nassau,059,,,5193,A,5600,,Tract 5193,1,1,G,2845,5,0,1,12,0,0,4,1,3014,4,0,1,6,2,0,4,1
G36005905194,1970,1,2,New York,36,Nassau,059,,,5194,A,5600,,Tract 5194,1,1,G,2679,0,2,3,2,0,0,0,0,2863,1,4,2,2,1,1,0,0
G36005905195,1970,1,2,New York,36,Nassau,059,,,5195,A,5600,,Tract 5195,1,1,G,3650,5,3,2,7,0,0,0,0,3670,6,1,2,7,0,0,0,0
G3600590519601,1970,1,2,New York,36,Nassau,059,,,519601,A,5600,,Tract 5196.01,1,1,G,2726,2,0,0,6,4,0,1,2,2897,3,0,1,5,2,0,0,4
G3600590519602,1970,1,2,New York,36,Nassau,059,,,519602,A,5600,,Tract 5196.02,1,1,G,1527,2,0,0,0,0,0,0,0,1544,4,0,0,0,0,0,0,0
G3600590519702,1970,1,2,New York,36,Nassau,059,,,519702,A,5600,,Tract 5197.02,1,1,G,2836,1,0,0,8,0,0,0,3,2846,9,0,1,2,0,0,0,2
G3600590519703,1970,1,2,New York,36,Nassau,059,,,519703,A,5600,,Tract 5197.03,1,1,G,2119,4,0,0,3,0,0,0,2,2150,5,0,3,6,0,0,0,2
G3600590519704,1970,1,2,New York,36,Nassau,059,,,519704,A,5600,,Tract 5197.04,1,1,G,2198,3,0,0,6,5,0,0,0,2261,6,2,1,13,3,0,1,1
G3600590519801,1970,1,2,New York,36,Nassau,059,,,519801,A,5600,,Tract 5198.01,1,1,G,1107,0,0,0,1,0,0,0,0,1110,0,0,0,2,0,0,0,0
G3600590519802,1970,1,2,New York,36,Nassau,059,,,519802,A,5600,,Tract 5198.02,1,1,G,3790,4,0,0,9,0,0,3,1,3955,9,0,0,10,0,0,1,1
G36005905199,1970,1,2,New York,36,Nassau,059,,,5199,A,5600,,Tract 5199,1,1,G,3201,1,0,1,11,2,1,0,1,3197,4,0,2,12,0,0,0,0
G3600590520001,1970,1,2,New York,36,Nassau,059,,,520001,A,5600,,Tract 5200.01,1,1,G,3657,3,0,7,4,7,0,0,1,3823,2,0,3,9,2,0,0,2
G3600590520002,1970,1,2,New York,36,Nassau,059,,,520002,A,5600,,Tract 5200.02,1,1,G,2265,0,1,1,7,0,0,0,1,2319,2,0,2,4,0,0,0,0
G36005905201,1970,1,2,New York,36,Nassau,059,,,5201,A,5600,,Tract 5201,1,1,G,3450,20,3,1,10,1,0,3,3,3559,15,2,1,9,0,0,4,3
G36005905202,1970,1,2,New York,36,Nassau,059,,,5202,A,5600,,Tract 5202,1,1,G,1975,1,0,2,0,0,0,0,0,1955,5,1,1,4,1,0,0,0
G36005905203,1970,1,2,New York,36,Nassau,059,,,5203,A,5600,,Tract 5203,1,1,G,3338,13,0,0,7,0,0,0,0,3441,11,0,0,3,0,0,1,0
G36005905204,1970,1,2,New York,36,Nassau,059,,,5204,A,5600,,Tract 5204,1,1,G,4474,12,1,3,7,2,0,3,2,4768,13,2,2,3,3,0,1,1
G3600590520501,1970,1,2,New York,36,Nassau,059,,,520501,A,5600,,Tract 5205.01,1,1,G,2517,1,0,0,6,2,0,0,11,2583,0,1,0,7,1,0,0,16
G3600590520502,1970,1,2,New York,36,Nassau,059,,,520502,A,5600,,Tract 5205.02,1,1,G,3340,3,0,1,5,0,0,1,1,3296,4,1,0,2,0,0,1,4
G36005905206,1970,1,2,New York,36,Nassau,059,,,5206,A,5600,,Tract 5206,1,1,G,4241,12,0,0,0,2,0,0,6,4367,23,1,1,2,1,2,0,2
G36005905207,1970,1,2,New York,36,Nassau,059,,,5207,A,5600,,Tract 5207,1,1,G,3083,5,0,0,2,2,0,0,3,3032,7,0,3,3,0,1,3,0
G36005905208,1970,1,2,New York,36,Nassau,059,,,5208,A,5600,,Tract 5208,1,1,G,2511,0,0,0,3,0,0,0,0,2525,1,0,1,3,1,0,0,0
G36005905209,1970,1,2,New York,36,Nassau,059,,,5209,A,5600,,Tract 5209,1,1,G,2763,0,0,0,0,0,0,1,1,2781,3,1,2,1,0,0,0,1
G36005905210,1970,1,2,New York,36,Nassau,059,,,5210,A,5600,,Tract 5210,1,1,G,3191,0,1,1,5,0,0,0,1,3343,0,3,3,5,1,1,1,1
G36005905211,1970,1,2,New York,36,Nassau,059,,,5211,A,5600,,Tract 5211,1,1,G,2804,1,1,3,4,0,0,0,2,2924,0,0,0,7,1,0,0,2
G36005905212,1970,1,2,New York,36,Nassau,059,,,5212,A,5600,,Tract 5212,1,1,G,1610,2,1,1,3,0,0,0,0,1766,3,0,2,5,0,0,0,0
G3600590521301,1970,1,2,New York,36,Nassau,059,,,521301,A,5600,,Tract 5213.01,1,1,G,1219,0,0,1,7,0,0,0,0,1317,2,0,1,6,0,0,0,0
G3600590521302,1970,1,2,New York,36,Nassau,059,,,521302,A,5600,,Tract 5213.02,1,1,G,3424,6,2,0,2,0,0,0,1,3540,6,2,0,2,0,1,1,2
G36005905214,1970,1,2,New York,36,Nassau,059,,,5214,A,5600,,Tract 5214,1,1,G,3848,2,0,0,2,0,1,0,1,4095,10,0,0,1,0,0,0,0
G36005905215,1970,1,2,New York,36,Nassau,059,,,5215,A,5600,,Tract 5215,1,1,G,3167,0,1,0,6,0,0,0,1,3164,1,1,0,4,0,0,0,1
G3600590521601,1970,1,2,New York,36,Nassau,059,,,521601,A,5600,,Tract 5216.01,1,1,G,2870,2,0,1,0,0,0,0,0,2895,0,0,2,0,0,0,0,0
G3600590521602,1970,1,2,New York,36,Nassau,059,,,521602,A,5600,,Tract 5216.02,1,1,G,2421,0,0,0,4,1,0,2,0,2545,0,0,0,3,0,0,1,1
G36005905217,1970,1,2,New York,36,Nassau,059,,,5217,A,5600,,Tract 5217,1,1,G,2440,0,0,0,6,0,0,0,0,2558,6,0,1,6,0,0,0,1
G3600590521801,1970,1,2,New York,36,Nassau,059,,,521801,A,5600,,Tract 5218.01,1,1,G,2507,0,0,0,3,0,0,0,0,2584,3,0,0,4,0,0,0,0
G3600590521802,1970,1,2,New York,36,Nassau,059,,,521802,A,5600,,Tract 5218.02,1,1,G,2565,1,0,0,0,0,0,4,1,2733,4,1,1,0,0,2,1,3
G36005905219,1970,1,2,New York,36,Nassau,059,,,5219,A,5600,,Tract 5219,1,1,G,2615,0,2,0,5,2,0,1,2,2869,1,1,2,4,1,1,0,3
G36005905220,1970,1,2,New York,36,Nassau,059,,,5220,A,5600,,Tract 5220,1,1,G,2654,474,0,0,5,6,0,0,2,2685,582,1,0,6,5,0,3,1
G36006100001,1970,1,2,New York,36,New York,061,,,0001,A,5600,,Tract    1,0,1,G,4,0,0,0,0,0,0,0,0,3,0,0,0,0,0,0,0,0
G3600610000201,1970,1,2,New York,36,New York,061,,,000201,A,5600,,Tract    2.01,0,1,G,838,133,5,1,30,2,0,0,7,1019,149,2,8,22,0,0,0,10
G3600610000202,1970,1,2,New York,36,New York,061,,,000202,A,5600,,Tract    2.02,0,1,G,3457,553,1,3,164,3,0,0,57,4193,665,4,13,135,3,0,2,58
G36006100005,1970,1,2,New York,36,New York,061,,,0005,A,5600,,Tract    5,0,1,G,2680,177,3,1,2,79,1,0,31,897,42,1,1,0,55,0,0,15
G36006100006,1970,1,2,New York,36,New York,061,,,0006,A,5600,,Tract    6,0,1,G,2185,432,2,0,1374,2,0,0,69,2519,537,1,3,1132,2,0,0,64
G36006100007,1970,1,2,New York,36,New York,061,,,0007,A,5600,,Tract    7,0,1,G,3,0,0,0,0,0,0,0,0,3,0,0,0,0,0,0,0,0
G36006100008,1970,1,2,New York,36,New York,061,,,0008,A,5600,,Tract    8,0,1,G,2362,28,1,5,2297,2,0,1,18,2856,39,3,7,1965,4,0,1,20
G36006100009,1970,1,2,New York,36,New York,061,,,0009,A,5600,,Tract    9,0,1,G,11,0,0,0,1,0,0,0,0,4,0,0,0,0,0,0,0,0
G3600610001001,1970,1,2,New York,36,New York,061,,,001001,A,5600,,Tract   10.01,0,1,G,942,15,0,0,8,0,0,0,1,1058,25,0,1,9,0,0,0,0
G3600610001002,1970,1,2,New York,36,New York,061,,,001002,A,5600,,Tract   10.02,0,1,G,2593,1046,16,3,38,9,0,0,63,2937,1255,17,3,29,7,0,1,95
G36006100012,1970,1,2,New York,36,New York,061,,,0012,A,5600,,Tract   12,0,1,G,1418,42,5,0,15,0,0,0,18,1476,34,10,0,5,0,0,0,11
G36006100013,1970,1,2,New York,36,New York,061,,,0013,A,5600,,Tract   13,0,1,G,78,4,0,0,0,0,0,0,0,72,4,0,0,0,0,0,0,0
G3600610001401,1970,1,2,New York,36,New York,061,,,001401,A,5600,,Tract   14.01,0,1,G,1865,20,0,2,15,0,0,0,3,2194,31,0,1,17,0,0,0,1
G3600610001402,1970,1,2,New York,36,New York,061,,,001402,A,5600,,Tract   14.02,0,1,G,1011,95,3,0,241,2,0,1,46,1029,115,2,0,155,0,0,2,51
G3600610001501,1970,1,2,New York,36,New York,061,,,001501,A,5600,,Tract   15.01,0,1,G,284,29,0,1,25,1,0,1,1,131,12,1,1,9,1,0,0,0
G3600610001502,1970,1,2,New York,36,New York,061,,,001502,A,5600,,Tract   15.02,0,1,G,6,0,0,2,0,0,0,0,0,6,0,0,3,0,0,0,0,0
G36006100016,1970,1,2,New York,36,New York,061,,,0016,A,5600,,Tract   16,0,1,G,1401,142,6,2,2243,11,1,0,53,845,78,3,2,1520,4,0,2,44
G36006100018,1970,1,2,New York,36,New York,061,,,0018,A,5600,,Tract   18,0,1,G,2563,413,0,10,1321,9,1,5,47,2074,305,1,22,912,4,0,1,47
G36006100020,1970,1,2,New York,36,New York,061,,,0020,A,5600,,Tract   20,0,1,G,2305,981,5,1,14,2,0,0,52,2532,1114,6,0,12,2,0,0,74
G36006100021,1970,1,2,New York,36,New York,061,,,0021,A,5600,,Tract   21,0,1,G,75,9,0,2,4,0,1,0,0,39,4,0,2,3,0,0,0,0
G3600610002201,1970,1,2,New York,36,New York,061,,,002201,A,5600,,Tract   22.01,0,1,G,3160,588,6,5,195,10,0,4,112,3024,735,6,7,183,8,1,3,100
G3600610002202,1970,1,2,New York,36,New York,061,,,002202,A,5600,,Tract   22.02,0,1,G,1040,359,10,6,74,3,0,0,114,935,390,6,1,34,2,0,1,115
G36006100024,1970,1,2,New York,36,New York,061,,,0024,A,5600,,Tract   24,0,1,G,2389,718,4,6,17,3,4,0,47,2603,873,6,2,18,2,1,0,62
G36006100025,1970,1,2,New York,36,New York,061,,,0025,A,5600,,Tract   25,0,1,G,1510,530,8,3,442,7,0,0,34,1753,725,4,2,400,0,0,0,53
G3600610002601,1970,1,2,New York,36,New York,061,,,002601,A,5600,,Tract   26.01,0,1,G,3137,776,5,5,77,1,2,2,77,2930,647,7,7,56,0,0,3,67
G3600610002602,1970,1,2,New York,36,New York,061,,,002602,A,5600,,Tract   26.02,0,1,G,2979,489,17,5,71,3,0,1,36,2984,416,10,3,46,0,0,0,47
G36006100027,1970,1,2,New York,36,New York,061,,,0027,A,5600,,Tract   27,0,1,G,450,17,0,3,347,2,0,3,2,519,20,1,1,323,1,0,1,2
G36006100028,1970,1,2,New York,36,New York,061,,,0028,A,5600,,Tract   28,0,1,G,3283,715,10,6,131,7,0,2,98,3180,666,11,6,82,5,0,3,90
G36006100029,1970,1,2,New York,36,New York,061,,,0029,A,5600,,Tract   29,0,1,G,1372,947,9,3,3453,6,0,0,16,919,171,3,2,2485,1,0,1,24
G3600610003001,1970,1,2,New York,36,New York,061,,,003001,A,5600,,Tract   30.01,0,1,G,2337,256,7,5,428,7,0,2,30,2217,258,8,8,268,1,1,3,22
G3600610003002,1970,1,2,New York,36,New York,061,,,003002,A,5600,,Tract   30.02,0,1,G,1425,171,8,5,126,1,0,1,14,1338,148,4,2,101,0,0,0,10
G36006100031,1970,1,2,New York,36,New York,061,,,0031,A,5600,,Tract   31,0,1,G,39,20,0,0,12,0,0,0,0,12,0,0,0,17,0,0,0,0
G36006100032,1970,1,2,New York,36,New York,061,,,0032,A,5600,,Tract   32,0,1,G,4443,316,5,12,170,3,2,2,30,4484,237,7,9,121,4,0,3,22
G36006100033,1970,1,2,New York,36,New York,061,,,0033,A,5600,,Tract   33,0,1,G,56,1,1,2,0,0,0,0,0,32,0,0,1,0,1,0,0,0
G36006100034,1970,1,2,New York,36,New York,061,,,0034,A,5600,,Tract   34,0,1,G,4097,461,13,9,121,3,0,0,71,3983,430,10,10,60,3,0,1,74
G3600610003601,1970,1,2,New York,36,New York,061,,,003601,A,5600,,Tract   36.01,0,1,G,1617,335,1,4,63,5,0,0,34,1188,281,2,3,44,1,0,0,32
G3600610003602,1970,1,2,New York,36,New York,061,,,003602,A,5600,,Tract   36.02,0,1,G,1730,535,4,2,89,0,0,2,8,930,62,0,4,61,1,1,2,6
G36006100038,1970,1,2,New York,36,New York,061,,,0038,A,5600,,Tract   38,0,1,G,4854,386,9,10,245,8,0,6,54,4354,258,9,5,197,7,4,1,49
G36006100039,1970,1,2,New York,36,New York,061,,,0039,A,5600,,Tract   39,0,1,G,70,2,0,3,3,0,0,0,0,63,2,0,3,3,0,0,0,0
G36006100040,1970,1,2,New York,36,New York,061,,,0040,A,5600,,Tract   40,0,1,G,3383,304,16,8,269,20,1,1,27,3279,367,6,8,204,17,1,0,36
G36006100041,1970,1,2,New York,36,New York,061,,,0041,A,5600,,Tract   41,0,1,G,2157,123,13,3,2598,0,0,0,9,1956,64,11,7,2332,0,0,0,21
G36006100042,1970,1,2,New York,36,New York,061,,,0042,A,5600,,Tract   42,0,0,G,615,37,0,2,45,10,0,1,1,717,39,0,3,27,31,1,0,2
G36006100043,1970,1,2,New York,36,New York,061,,,0043,A,5600,,Tract   43,0,0,G,2233,290,22,3,267,0,4,1,58,1806,148,16,1,201,1,4,0,49
G36006100044,1970,1,2,New York,36,New York,061,,,0044,A,5600,,Tract   44,0,1,G,7305,117,1,15,41,51,1,4,36,11255,185,3,19,46,83,1,6,32
G36006100045,1970,1,2,New York,36,New York,061,,,0045,A,5600,,Tract   45,0,0,G,133,1,0,0,0,0,0,0,1,123,4,0,0,0,0,0,0,1
G36006100047,1970,1,2,New York,36,New York,061,,,0047,A,5600,,Tract   47,0,0,G,974,30,0,16,3,1,0,0,0,914,26,3,9,3,0,0,0,1
G36006100048,1970,1,2,New York,36,New York,061,,,0048,A,5600,,Tract   48,0,1,G,2698,161,9,7,115,86,0,7,42,3417,138,11,9,83,175,0,14,45
G36006100049,1970,1,2,New York,36,New York,061,,,0049,A,5600,,Tract   49,0,0,G,1891,40,3,9,7,0,1,0,10,1827,28,4,3,5,3,0,1,11
G36006100050,1970,1,2,New York,36,New York,061,,,0050,A,5600,,Tract   50,0,0,G,1926,24,1,8,13,3,0,6,3,2744,48,2,12,15,24,0,1,5
G36006100051,1970,1,2,New York,36,New York,061,,,0051,A,5600,,Tract   51,0,0,G,908,15,0,1,13,0,0,1,6,921,10,2,1,10,0,0,0,3
G36006100052,1970,1,2,New York,36,New York,061,,,0052,A,5600,,Tract   52,0,0,G,484,8,1,0,3,1,0,4,0,652,20,0,2,5,21,0,9,3
G36006100053,1970,1,2,New York,36,New York,061,,,0053,A,5600,,Tract   53,0,0,G,148,6,0,0,0,0,0,0,5,89,6,0,0,0,0,0,0,2
G36006100054,1970,1,2,New York,36,New York,061,,,0054,A,5600,,Tract   54,0,0,G,1177,33,0,4,7,23,1,1,12,1614,29,0,4,8,43,2,1,7
G3600610005501,1970,1,2,New York,36,New York,061,,,005501,A,5600,,Tract   55.01,0,0,G,1692,72,2,15,11,2,0,8,12,1754,84,4,15,12,5,0,13,11
G3600610005502,1970,1,2,New York,36,New York,061,,,005502,A,5600,,Tract   55.02,0,0,G,326,88,1,1,6,0,0,0,6,207,81,0,0,15,0,0,0,2
G36006100056,1970,1,2,New York,36,New York,061,,,0056,A,5600,,Tract   56,0,0,G,365,12,0,5,1,0,0,1,2,257,5,0,5,0,1,1,0,2
G36006100057,1970,1,2,New York,36,New York,061,,,0057,A,5600,,Tract   57,0,0,G,707,4,1,2,2,0,0,1,0,746,4,0,4,0,0,0,0,1
G36006100058,1970,1,2,New York,36,New York,061,,,0058,A,5600,,Tract   58,0,0,G,184,18,1,5,2,1,0,0,2,123,21,2,1,0,0,0,0,1
G36006100059,1970,1,2,New York,36,New York,061,,,0059,A,5600,,Tract   59,0,0,G,2360,24,0,6,18,2,0,3,5,3332,71,0,6,20,6,0,4,7
G36006100060,1970,1,2,New York,36,New York,061,,,0060,A,5600,,Tract   60,0,1,G,2305,24,2,2,14,2,1,0,2,3007,37,3,7,11,6,0,0,2
G36006100061,1970,1,2,New York,36,New York,061,,,0061,A,5600,,Tract   61,0,0,G,1338,61,2,10,6,2,0,1,5,1695,36,0,2,8,3,0,0,11
G36006100062,1970,1,2,New York,36,New York,061,,,0062,A,5600,,Tract   62,0,1,G,541,101,1,2,4,5,0,0,9,813,102,3,1,12,15,2,0,5
G36006100063,1970,1,2,New York,36,New York,061,,,0063,A,5600,,Tract   63,0,0,G,3073,92,3,12,5,1,0,0,9,3815,134,1,17,12,4,0,1,7
G36006100064,1970,1,2,New York,36,New York,061,,,0064,A,5600,,Tract   64,0,1,G,2139,61,2,4,31,12,0,0,7,3066,59,2,14,56,31,1,1,13
G36006100065,1970,1,2,New York,36,New York,061,,,0065,A,5600,,Tract   65,0,0,G,3056,97,0,12,12,3,1,4,9,2921,66,1,17,8,1,0,1,8
G36006100066,1970,1,2,New York,36,New York,061,,,0066,A,5600,,Tract   66,0,1,G,3731,111,3,14,152,20,1,1,31,4434,83,7,21,123,19,2,2,38
G36006100067,1970,1,2,New York,36,New York,061,,,0067,A,5600,,Tract   67,0,0,G,2633,122,4,7,12,3,1,1,10,2901,80,6,9,7,3,1,2,12
G36006100068,1970,1,2,New York,36,New York,061,,,0068,A,5600,,Tract   68,0,0,G,2228,63,2,10,17,3,2,1,15,2160,33,6,10,15,6,2,0,8
G36006100069,1970,1,2,New York,36,New York,061,,,0069,A,5600,,Tract   69,0,0,G,292,35,0,1,4,0,0,0,2,278,9,0,2,2,0,0,0,1
G36006100070,1970,1,2,New York,36,New York,061,,,0070,A,5600,,Tract   70,0,1,G,2792,105,8,15,31,14,0,3,27,3049,103,2,18,33,21,0,4,24
G36006100071,1970,1,2,New York,36,New York,061,,,0071,A,5600,,Tract   71,0,0,G,2659,59,1,10,12,7,1,1,8,3890,534,3,17,21,16,2,2,10
G36006100072,1970,1,2,New York,36,New York,061,,,0072,A,5600,,Tract   72,0,0,G,2330,49,3,7,20,2,2,0,8,2968,49,8,9,23,2,0,3,7
G36006100073,1970,1,2,New York,36,New York,061,,,0073,A,5600,,Tract   73,0,0,G,3362,113,12,6,26,3,0,3,20,3613,77,8,8,20,0,0,0,17
G36006100074,1970,1,2,New York,36,New York,061,,,0074,A,5600,,Tract   74,0,0,G,1010,46,4,6,6,5,2,1,6,1989,111,9,5,9,8,0,1,3
G36006100075,1970,1,2,New York,36,New York,061,,,0075,A,5600,,Tract   75,0,0,G,1227,191,2,3,3,2,0,0,2,908,55,3,2,1,1,6,0,7
G36006100076,1970,1,2,New York,36,New York,061,,,0076,A,5600,,Tract   76,0,0,G,742,105,3,3,6,22,1,0,24,488,90,2,2,4,14,0,0,13
G36006100077,1970,1,2,New York,36,New York,061,,,0077,A,5600,,Tract   77,0,0,G,2864,98,1,12,14,10,0,2,9,3374,56,3,11,21,7,0,7,12
G36006100078,1970,1,2,New York,36,New York,061,,,0078,A,5600,,Tract   78,0,1,G,1736,26,2,5,17,1,0,0,9,2695,25,1,7,21,8,0,1,13
G36006100079,1970,1,2,New York,36,New York,061,,,0079,A,5600,,Tract   79,0,0,G,1592,116,2,13,17,5,2,2,21,1507,130,1,14,11,4,4,5,17
G36006100080,1970,1,2,New York,36,New York,061,,,0080,A,5600,,Tract   80,0,0,G,2064,17,2,6,3,3,0,0,8,3072,38,4,13,5,8,3,1,9
G36006100081,1970,1,2,New York,36,New York,061,,,0081,A,5600,,Tract   81,0,0,G,3170,234,9,11,17,2,2,2,57,3212,174,10,6,10,4,0,4,48
G36006100082,1970,1,2,New York,36,New York,061,,,0082,A,5600,,Tract   82,0,0,G,1116,9,0,3,0,0,1,0,0,1464,18,1,3,1,0,0,1,2
G36006100083,1970,1,2,New York,36,New York,061,,,0083,A,5600,,Tract   83,0,0,G,1886,189,8,2,6,9,2,0,38,1916,192,10,2,7,2,0,0,40
G36006100084,1970,1,2,New York,36,New York,061,,,0084,A,5600,,Tract   84,0,0,G,149,18,0,4,3,0,0,1,0,109,12,0,1,1,0,0,0,2
G36006100086,1970,1,2,New York,36,New York,061,,,0086,A,5600,,Tract   86,0,1,G,2642,315,2,8,20,4,1,1,27,3032,274,2,13,8,4,0,2,22
G36006100087,1970,1,2,New York,36,New York,061,,,0087,A,5600,,Tract   87,0,0,G,2374,116,5,7,20,3,0,5,74,2272,102,0,7,12,9,1,3,79
G36006100088,1970,1,2,New York,36,New York,061,,,0088,A,5600,,Tract   88,0,1,G,2280,13,1,21,18,11,0,1,15,4055,20,2,14,17,28,2,1,23
G36006100089,1970,1,2,New York,36,New York,061,,,0089,A,5600,,Tract   89,0,0,G,2993,213,9,8,29,10,3,2,46,2766,185,10,11,17,11,1,0,37
G36006100090,1970,1,2,New York,36,New York,061,,,0090,A,5600,,Tract   90,0,1,G,2122,68,2,11,19,5,0,3,32,2630,47,1,18,17,23,0,3,18
G36006100091,1970,1,2,New York,36,New York,061,,,0091,A,5600,,Tract   91,0,0,G,1332,93,6,9,12,1,0,0,18,1357,63,5,7,14,6,0,1,13
G36006100092,1970,1,2,New York,36,New York,061,,,0092,A,5600,,Tract   92,0,0,G,631,15,0,2,6,5,0,0,4,928,17,0,10,12,4,0,0,4
G36006100093,1970,1,2,New York,36,New York,061,,,0093,A,5600,,Tract   93,0,0,G,4247,383,6,7,20,19,3,0,23,4957,373,12,10,20,6,1,1,41
G36006100094,1970,1,2,New York,36,New York,061,,,0094,A,5600,,Tract   94,0,0,G,54,0,0,0,0,0,0,0,0,27,0,0,0,0,0,0,0,0
G36006100095,1970,1,2,New York,36,New York,061,,,0095,A,5600,,Tract   95,0,0,G,284,31,5,2,11,0,0,1,19,425,47,8,2,7,0,0,1,16
G36006100096,1970,1,2,New York,36,New York,061,,,0096,A,5600,,Tract   96,0,0,G,267,28,2,2,2,3,0,0,2,186,12,2,0,2,3,0,0,3
G36006100097,1970,1,2,New York,36,New York,061,,,0097,A,5600,,Tract   97,0,0,G,1911,290,0,3,8,10,1,6,29,2344,299,1,4,5,5,0,6,29
G36006100098,1970,1,2,New York,36,New York,061,,,0098,A,5600,,Tract   98,0,1,G,3117,32,3,15,15,6,0,4,7,3958,30,4,22,23,12,2,3,9
G36006100099,1970,1,2,New York,36,New York,061,,,0099,A,5600,,Tract   99,0,1,G,426,112,1,0,1,1,0,0,3,294,19,0,0,0,1,0,0,1
G36006100100,1970,1,2,New York,36,New York,061,,,0100,A,5600,,Tract  100,0,0,G,829,12,1,7,1,1,0,0,10,1223,10,0,6,3,1,0,0,8
G36006100101,1970,1,2,New York,36,New York,061,,,0101,A,5600,,Tract  101,0,0,G,117,3,1,0,1,3,0,0,0,27,1,0,0,1,3,0,0,0
G36006100102,1970,1,2,New York,36,New York,061,,,0102,A,5600,,Tract  102,0,0,G,234,3,1,1,2,0,0,0,2,198,3,0,1,2,0,0,2,1
G36006100103,1970,1,2,New York,36,New York,061,,,0103,A,5600,,Tract  103,0,0,G,623,93,0,7,3,11,4,4,41,453,18,3,2,5,18,1,0,13
G36006100104,1970,1,2,New York,36,New York,061,,,0104,A,5600,,Tract  104,0,0,G,532,3,0,8,0,0,0,1,1,682,6,1,4,0,0,0,0,1
G3600610010601,1970,1,2,New York,36,New York,061,,,010601,A,5600,,Tract  106.01,0,1,G,3580,13,2,6,2,4,0,0,5,4348,47,0,14,9,0,1,0,4
G3600610010602,1970,1,2,New York,36,New York,061,,,010602,A,5600,,Tract  106.02,0,1,G,1337,4,0,4,12,5,0,0,2,1734,13,1,9,12,1,2,0,1
G36006100108,1970,1,2,New York,36,New York,061,,,0108,A,5600,,Tract  108,0,1,G,3082,23,1,22,13,6,0,1,4,3838,28,1,21,21,9,0,2,4
G36006100109,1970,1,2,New York,36,New York,061,,,0109,A,5600,,Tract  109,0,0,G,197,116,0,0,0,0,0,0,0,5,1,0,0,0,0,0,0,0
G36006100110,1970,1,2,New York,36,New York,061,,,0110,A,5600,,Tract  110,0,1,G,2816,17,2,13,12,0,0,6,5,3574,21,0,14,18,4,1,2,8
G36006100111,1970,1,2,New York,36,New York,061,,,0111,A,5600,,Tract  111,0,0,G,1185,74,13,0,7,5,0,0,4,1541,70,9,8,17,8,0,5,19
G3600610011201,1970,1,2,New York,36,New York,061,,,011201,A,5600,,Tract  112.01,0,0,G,512,1,0,3,0,0,0,0,0,728,4,0,4,2,0,0,2,0
G3600610011202,1970,1,2,New York,36,New York,061,,,011202,A,5600,,Tract  112.02,0,0,G,388,1,0,0,0,0,0,0,0,492,4,0,2,4,0,0,0,1
G3600610011203,1970,1,2,New York,36,New York,061,,,011203,A,5600,,Tract  112.03,0,0,G,535,6,0,0,2,0,0,0,0,915,8,1,5,2,4,0,0,0
G36006100113,1970,1,2,New York,36,New York,061,,,0113,A,5600,,Tract  113,0,0,G,61,42,0,0,1,0,0,0,1,23,3,0,0,0,0,0,0,0
G3600610011401,1970,1,2,New York,36,New York,061,,,011401,A,5600,,Tract  114.01,0,0,G,644,2,0,3,0,2,0,0,1,849,18,0,3,0,0,0,0,1
G3600610011402,1970,1,2,New York,36,New York,061,,,011402,A,5600,,Tract  114.02,0,0,G,1172,4,1,2,5,4,0,0,2,1629,11,1,3,3,1,0,0,0
G36006100115,1970,1,2,New York,36,New York,061,,,0115,A,5600,,Tract  115,0,0,G,619,94,2,2,3,1,1,0,4,509,35,3,0,5,1,0,0,7
G36006100116,1970,1,2,New York,36,New York,061,,,0116,A,5600,,Tract  116,0,1,G,1970,28,0,32,44,38,0,9,11,2634,44,0,25,40,48,0,12,11
G36006100117,1970,1,2,New York,36,New York,061,,,0117,A,5600,,Tract  117,0,1,G,205,22,0,1,0,0,0,0,1,153,26,0,1,0,0,0,0,0
G36006100118,1970,1,2,New York,36,New York,061,,,0118,A,5600,,Tract  118,0,1,G,3577,143,2,12,30,18,0,0,5,5314,113,2,14,31,22,0,3,5
G36006100119,1970,1,2,New York,36,New York,061,,,0119,A,5600,,Tract  119,0,0,G,855,124,2,3,5,3,3,3,5,369,67,2,1,6,1,0,0,0
G36006100120,1970,1,2,New York,36,New York,061,,,0120,A,5600,,Tract  120,0,1,G,1898,5,1,5,8,1,0,0,0,2442,41,0,0,5,4,0,0,3
G36006100121,1970,1,2,New York,36,New York,061,,,0121,A,5600,,Tract  121,0,1,G,2779,75,5,4,71,22,2,0,36,2600,63,6,5,41,59,0,0,22
G36006100122,1970,1,2,New York,36,New York,061,,,0122,A,5600,,Tract  122,0,1,G,2082,11,0,5,8,1,0,2,4,2849,61,1,4,4,4,1,0,5
G36006100124,1970,1,2,New York,36,New York,061,,,0124,A,5600,,Tract  124,0,1,G,2756,34,4,17,29,4,1,15,11,4119,66,4,20,31,12,30,9,23
G36006100125,1970,1,2,New York,36,New York,061,,,0125,A,5600,,Tract  125,0,0,G,837,98,2,14,55,6,1,2,15,327,49,0,1,28,5,0,1,7
G36006100126,1970,1,2,New York,36,New York,061,,,0126,A,5600,,Tract  126,0,1,G,5053,40,2,16,28,13,0,4,8,7965,61,1,17,36,33,1,9,20
G36006100127,1970,1,2,New York,36,New York,061,,,0127,A,5600,,Tract  127,0,1,G,4127,168,4,14,87,38,0,0,57,3811,181,5,11,48,31,2,3,35
G36006100128,1970,1,2,New York,36,New York,061,,,0128,A,5600,,Tract  128,0,1,G,3388,9,1,8,12,2,0,1,0,4370,63,0,10,15,4,1,5,3
G36006100129,1970,1,2,New York,36,New York,061,,,0129,A,5600,,Tract  129,0,1,G,1583,100,3,4,6,3,2,0,21,1300,66,4,0,5,1,1,0,15
G36006100130,1970,1,2,New York,36,New York,061,,,0130,A,5600,,Tract  130,0,1,G,2650,19,0,4,14,3,0,0,3,3666,85,1,17,12,2,2,0,10
G36006100131,1970,1,2,New York,36,New York,061,,,0131,A,5600,,Tract  131,0,0,G,654,23,1,1,4,0,0,0,6,688,9,0,2,9,0,0,0,1
G36006100132,1970,1,2,New York,36,New York,061,,,0132,A,5600,,Tract  132,0,1,G,3751,33,1,20,22,6,0,7,19,5833,48,3,26,27,18,1,13,13
G36006100133,1970,1,2,New York,36,New York,061,,,0133,A,5600,,Tract  133,0,1,G,2279,216,5,1,73,39,0,5,73,2170,218,5,5,54,37,0,3,48
G36006100134,1970,1,2,New York,36,New York,061,,,0134,A,5600,,Tract  134,0,1,G,4359,34,3,17,33,7,0,2,12,5857,31,5,22,44,21,0,1,19
G36006100135,1970,1,2,New York,36,New York,061,,,0135,A,5600,,Tract  135,0,1,G,684,50,1,0,2,0,0,0,4,798,47,0,1,0,0,0,0,10
G36006100136,1970,1,2,New York,36,New York,061,,,0136,A,5600,,Tract  136,0,1,G,6574,96,4,30,32,6,1,9,14,8930,145,7,31,48,16,1,7,17
G36006100137,1970,1,2,New York,36,New York,061,,,0137,A,5600,,Tract  137,0,0,G,2847,62,9,33,15,3,4,0,14,3147,54,3,20,17,12,1,0,6
G36006100138,1970,1,2,New York,36,New York,061,,,0138,A,5600,,Tract  138,0,1,G,4553,59,2,6,37,9,3,4,8,6613,70,2,10,29,17,4,4,12
G36006100139,1970,1,2,New York,36,New York,061,,,0139,A,5600,,Tract  139,0,1,G,3984,225,4,12,63,14,2,10,18,4893,233,8,22,58,33,1,10,18
G36006100140,1970,1,2,New York,36,New York,061,,,0140,A,5600,,Tract  140,0,1,G,3366,10,3,8,12,5,0,0,6,4582,59,4,17,18,2,1,1,6
G36006100142,1970,1,2,New York,36,New York,061,,,0142,A,5600,,Tract  142,0,1,G,2645,18,0,4,7,1,1,1,8,3649,73,0,10,5,3,0,0,7
G3600610014401,1970,1,2,New York,36,New York,061,,,014401,A,5600,,Tract  144.01,0,1,G,2169,45,1,6,13,1,1,0,13,2867,71,0,14,16,7,1,1,19
G3600610014402,1970,1,2,New York,36,New York,061,,,014402,A,5600,,Tract  144.02,0,1,G,2647,35,1,12,15,5,1,1,11,3548,50,2,9,20,5,2,3,5
G36006100145,1970,1,2,New York,36,New York,061,,,0145,A,5600,,Tract  145,0,1,G,911,14,1,7,0,1,2,0,2,1241,24,1,13,1,0,1,0,1
G3600610014601,1970,1,2,New York,36,New York,061,,,014601,A,5600,,Tract  146.01,0,1,G,1360,10,1,10,11,3,0,0,14,1624,9,1,11,16,0,2,0,7
G3600610014602,1970,1,2,New York,36,New York,061,,,014602,A,5600,,Tract  146.02,0,1,G,2640,62,2,8,20,10,0,2,15,3470,77,4,12,29,16,1,3,14
G36006100147,1970,1,2,New York,36,New York,061,,,0147,A,5600,,Tract  147,0,1,G,77,46,0,0,0,0,0,0,0,55,36,1,0,0,0,0,0,0
G3600610014801,1970,1,2,New York,36,New York,061,,,014801,A,5600,,Tract  148.01,0,1,G,1081,6,1,0,2,1,0,0,6,1303,18,0,6,2,2,0,0,4
G3600610014802,1970,1,2,New York,36,New York,061,,,014802,A,5600,,Tract  148.02,0,1,G,2566,26,1,9,21,5,0,0,12,3275,54,1,8,17,10,0,0,18
G36006100149,1970,1,2,New York,36,New York,061,,,0149,A,5600,,Tract  149,0,1,G,983,41,0,6,5,6,0,1,6,1016,22,2,7,3,1,0,1,2
G3600610015001,1970,1,2,New York,36,New York,061,,,015001,A,5600,,Tract  150.01,0,1,G,1063,0,0,2,2,0,0,0,2,1413,33,0,1,3,2,0,0,2
G3600610015002,1970,1,2,New York,36,New York,061,,,015002,A,5600,,Tract  150.02,0,1,G,2799,8,0,13,13,0,0,1,7,3753,64,0,14,10,1,0,3,9
G36006100151,1970,1,2,New York,36,New York,061,,,0151,A,5600,,Tract  151,0,1,G,942,1003,4,7,6,4,0,0,114,1109,1238,5,5,7,1,0,0,135
G3600610015199,1970,1,2,New York,36,New York,061,,,015199,A,5600,,Tract  151.99,0,1,G,37,14,0,0,0,0,0,0,0,0,0,0,0,0,0,0,0,0
G36006100152,1970,1,2,New York,36,New York,061,,,0152,A,5600,,Tract  152,0,1,G,2043,235,4,4,39,3,1,1,15,2634,323,2,3,47,2,0,1,22
G36006100153,1970,1,2,New York,36,New York,061,,,0153,A,5600,,Tract  153,0,1,G,3614,134,5,16,33,35,1,32,32,3972,178,11,25,20,34,2,5,28
G36006100154,1970,1,2,New York,36,New York,061,,,0154,A,5600,,Tract  154,0,1,G,2673,82,3,9,28,5,1,1,14,3157,103,3,2,34,12,2,0,19
G36006100155,1970,1,2,New York,36,New York,061,,,0155,A,5600,,Tract  155,0,1,G,3249,146,2,13,21,24,0,11,31,4344,203,3,23,25,30,0,9,16
G3600610015601,1970,1,2,New York,36,New York,061,,,015601,A,5600,,Tract  156.01,0,1,G,1472,205,3,14,9,4,0,1,33,1580,201,1,5,6,6,1,0,32
G3600610015602,1970,1,2,New York,36,New York,061,,,015602,A,5600,,Tract  156.02,0,1,G,883,419,5,10,4,2,0,1,52,901,509,9,4,5,12,0,1,38
G36006100157,1970,1,2,New York,36,New York,061,,,0157,A,5600,,Tract  157,0,1,G,5012,467,13,37,39,14,0,3,53,5459,488,9,23,39,15,1,1,36
G3600610015801,1970,1,2,New York,36,New York,061,,,015801,A,5600,,Tract  158.01,0,1,G,2388,21,3,2,11,4,0,0,3,3057,61,1,6,13,2,0,0,6
G3600610015802,1970,1,2,New York,36,New York,061,,,015802,A,5600,,Tract  158.02,0,1,G,1330,192,0,4,19,4,0,1,55,1528,215,6,4,20,0,1,1,61
G36006100159,1970,1,2,New York,36,New York,061,,,0159,A,5600,,Tract  159,0,1,G,4775,119,7,21,27,6,2,5,35,5342,120,12,29,30,12,0,3,22
G3600610016001,1970,1,2,New York,36,New York,061,,,016001,A,5600,,Tract  160.01,0,1,G,2142,12,0,4,15,0,0,0,4,2675,41,2,6,22,0,0,1,9
G3600610016002,1970,1,2,New York,36,New York,061,,,016002,A,5600,,Tract  160.02,0,1,G,1327,94,2,4,7,2,0,0,25,1585,141,2,3,11,1,0,0,35
G36006100161,1970,1,2,New York,36,New York,061,,,0161,A,5600,,Tract  161,0,1,G,3540,240,6,28,32,13,0,6,29,3572,219,4,18,28,7,0,5,23
G36006100162,1970,1,2,New York,36,New York,061,,,0162,A,5600,,Tract  162,0,1,G,1370,1453,11,0,3,4,1,0,42,1575,1965,23,0,1,3,0,0,41
G36006100163,1970,1,2,New York,36,New York,061,,,0163,A,5600,,Tract  163,0,1,G,3905,260,2,23,43,11,0,9,33,4317,251,5,21,22,10,2,10,24
G36006100164,1970,1,2,New York,36,New York,061,,,0164,A,5600,,Tract  164,0,1,G,2067,1365,4,0,2,0,0,0,102,2438,1707,12,3,2,0,0,1,130
G36006100165,1970,1,2,New York,36,New York,061,,,0165,A,5600,,Tract  165,0,1,G,2850,488,3,17,15,2,1,2,42,2968,447,2,9,14,5,1,0,30
G36006100166,1970,1,2,New York,36,New York,061,,,0166,A,5600,,Tract  166,0,1,G,2960,1165,13,5,35,8,2,1,172,3160,1442,17,4,29,4,1,0,186
G36006100167,1970,1,2,New York,36,New York,061,,,0167,A,5600,,Tract  167,0,1,G,3473,230,2,34,59,6,2,5,63,3656,262,3,26,56,7,3,5,56
G36006100168,1970,1,2,New York,36,New York,061,,,0168,A,5600,,Tract  168,0,1,G,1748,1138,14,5,3,3,0,0,70,2389,1435,14,2,9,8,0,2,108
G36006100169,1970,1,2,New York,36,New York,061,,,0169,A,5600,,Tract  169,0,1,G,3575,690,7,41,49,9,3,6,38,3634,656,18,41,36,5,1,1,51
G36006100170,1970,1,2,New York,36,New York,061,,,0170,A,5600,,Tract  170,0,1,G,2737,1350,3,7,210,13,0,2,166,3097,1854,6,4,165,20,0,2,204
G36006100171,1970,1,2,New York,36,New York,061,,,0171,A,5600,,Tract  171,0,1,G,4091,491,7,22,29,3,0,5,33,4570,466,8,17,23,10,1,7,44
G3600610017201,1970,1,2,New York,36,New York,061,,,017201,A,5600,,Tract  172.01,0,1,G,1813,873,1,0,4,0,0,0,109,2034,978,8,0,8,1,0,0,135
G3600610017202,1970,1,2,New York,36,New York,061,,,017202,A,5600,,Tract  172.02,0,1,G,1009,295,0,0,1,2,0,0,50,1102,317,1,0,3,2,0,0,75
G36006100173,1970,1,2,New York,36,New York,061,,,0173,A,5600,,Tract  173,0,1,G,3251,500,6,11,26,4,1,0,39,3641,530,7,12,27,0,1,1,43
G3600610017401,1970,1,2,New York,36,New York,061,,,017401,A,5600,,Tract  174.01,0,1,G,1461,831,14,0,5,4,0,0,107,1735,1020,19,0,6,0,0,0,129
G3600610017402,1970,1,2,New York,36,New York,061,,,017402,A,5600,,Tract  174.02,0,1,G,671,531,6,0,0,0,0,0,52,726,531,12,0,0,1,0,0,52
G36006100175,1970,1,2,New York,36,New York,061,,,0175,A,5600,,Tract  175,0,1,G,4346,378,9,17,34,3,0,1,32,5029,416,14,17,25,1,0,3,30
G36006100177,1970,1,2,New York,36,New York,061,,,0177,A,5600,,Tract  177,0,1,G,3271,562,3,15,49,5,1,1,34,4019,648,8,11,50,2,2,3,47
G36006100178,1970,1,2,New York,36,New York,061,,,0178,A,5600,,Tract  178,0,1,G,2312,623,3,1,9,8,0,0,118,2555,743,6,0,4,9,0,0,111
G36006100179,1970,1,2,New York,36,New York,061,,,0179,A,5600,,Tract  179,0,1,G,4072,444,17,26,74,5,3,9,42,4374,436,21,23,53,6,3,13,47
G36006100180,1970,1,2,New York,36,New York,061,,,0180,A,5600,,Tract  180,0,1,G,3231,1716,7,0,3,3,0,0,75,3729,2083,16,0,3,2,0,0,89
G36006100181,1970,1,2,New York,36,New York,061,,,0181,A,5600,,Tract  181,0,1,G,3153,655,8,28,65,7,1,10,63,3791,738,14,44,50,4,0,13,73
G36006100182,1970,1,2,New York,36,New York,061,,,0182,A,5600,,Tract  182,0,1,G,2243,1840,0,0,8,3,0,0,207,2451,2282,8,2,5,1,0,0,208
G36006100183,1970,1,2,New York,36,New York,061,,,0183,A,5600,,Tract  183,0,1,G,3302,812,13,21,83,11,1,3,76,3331,587,21,13,53,6,1,1,55
G36006100184,1970,1,2,New York,36,New York,061,,,0184,A,5600,,Tract  184,0,1,G,1279,3441,13,0,4,0,0,0,173,1366,4128,18,0,4,0,0,0,177
G36006100185,1970,1,2,New York,36,New York,061,,,0185,A,5600,,Tract  185,0,1,G,1320,344,1,22,24,14,0,3,20,1617,447,3,23,23,22,1,4,10
G36006100186,1970,1,2,New York,36,New York,061,,,0186,A,5600,,Tract  186,0,1,G,545,2598,3,0,3,2,0,0,60,633,3137,10,0,4,8,0,0,61
G36006100187,1970,1,2,New York,36,New York,061,,,0187,A,5600,,Tract  187,0,1,G,4423,1009,11,80,122,4,1,19,108,4704,786,16,47,85,6,2,19,118
G36006100188,1970,1,2,New York,36,New York,061,,,0188,A,5600,,Tract  188,0,1,G,2980,476,6,0,8,13,3,0,114,3335,510,7,0,5,9,4,1,136
G36006100189,1970,1,2,New York,36,New York,061,,,0189,A,5600,,Tract  189,0,1,G,4308,2725,31,33,44,11,5,2,171,5068,3325,44,20,33,4,1,3,193
G36006100190,1970,1,2,New York,36,New York,061,,,0190,A,5600,,Tract  190,0,1,G,143,1678,6,1,2,4,0,0,4,102,2098,8,1,2,1,0,0,7
G36006100191,1970,1,2,New York,36,New York,061,,,0191,A,5600,,Tract  191,0,1,G,3995,965,21,195,80,20,0,9,102,4465,1017,11,52,79,13,3,8,96
G36006100192,1970,1,2,New York,36,New York,061,,,0192,A,5600,,Tract  192,0,1,G,2287,1517,4,0,8,7,0,0,114,2544,1749,3,0,4,3,0,1,111
G36006100193,1970,1,2,New York,36,New York,061,,,0193,A,5600,,Tract  193,0,1,G,2892,2070,33,21,27,9,2,3,112,3131,2450,38,15,9,9,1,1,114
G36006100194,1970,1,2,New York,36,New York,061,,,0194,A,5600,,Tract  194,0,1,G,2410,1653,21,1,7,18,0,0,107,2636,2052,25,0,4,4,1,0,130
G36006100195,1970,1,2,New York,36,New York,061,,,0195,A,5600,,Tract  195,0,1,G,3566,287,15,32,152,8,1,11,112,4035,311,13,34,101,25,0,17,103
G36006100196,1970,1,2,New York,36,New York,061,,,0196,A,5600,,Tract  196,0,1,G,1121,1228,12,0,0,1,0,1,61,1135,1451,11,1,0,4,1,1,57
G3600610019701,1970,1,2,New York,36,New York,061,,,019701,A,5600,,Tract  197.01,0,1,G,6,265,1,0,0,0,0,0,1,7,288,2,0,0,0,0,0,0
G3600610019702,1970,1,2,New York,36,New York,061,,,019702,A,5600,,Tract  197.02,0,1,G,18,1333,1,1,1,1,0,0,0,21,1747,0,0,1,0,0,0,4
G36006100198,1970,1,2,New York,36,New York,061,,,0198,A,5600,,Tract  198,0,1,G,188,1456,5,0,1,0,0,0,7,212,1786,3,1,0,0,0,0,4
G36006100199,1970,1,2,New York,36,New York,061,,,0199,A,5600,,Tract  199,0,1,G,6154,507,26,76,282,52,11,44,216,4063,284,13,42,145,57,4,35,55
G36006100200,1970,1,2,New York,36,New York,061,,,0200,A,5600,,Tract  200,0,1,G,30,1744,2,0,1,0,0,0,2,19,1774,9,0,1,4,0,0,0
G3600610020101,1970,1,2,New York,36,New York,061,,,020101,A,5600,,Tract  201.01,0,1,G,405,34,1,2,13,4,0,1,10,530,65,1,3,14,6,0,4,16
G3600610020102,1970,1,2,New York,36,New York,061,,,020102,A,5600,,Tract  201.02,0,1,G,23,2201,3,1,0,0,1,0,5,27,2560,3,1,0,0,0,0,4
G36006100202,1970,1,2,New York,36,New York,061,,,0202,A,5600,,Tract  202,0,1,G,397,738,3,0,0,0,0,0,71,336,763,3,0,0,0,0,0,63
G36006100203,1970,1,2,New York,36,New York,061,,,0203,A,5600,,Tract  203,0,1,G,492,88,0,6,6,0,0,1,17,512,102,0,7,9,2,0,3,32
G36006100204,1970,1,2,New York,36,New York,061,,,0204,A,5600,,Tract  204,0,1,G,126,380,2,0,8,0,0,0,12,132,505,4,0,4,0,0,0,10
G36006100205,1970,1,2,New York,36,New York,061,,,0205,A,5600,,Tract  205,0,1,G,1457,85,3,12,45,10,1,8,13,2632,126,7,29,69,22,0,10,30
G36006100206,1970,1,2,New York,36,New York,061,,,0206,A,5600,,Tract  206,0,1,G,55,2118,0,0,1,5,0,0,12,57,2453,4,0,0,3,0,0,11
G3600610020701,1970,1,2,New York,36,New York,061,,,020701,A,5600,,Tract  207.01,0,1,G,817,191,1,26,65,7,0,9,8,1107,149,1,26,52,8,0,11,8
G3600610020702,1970,1,2,New York,36,New York,061,,,020702,A,5600,,Tract  207.02,0,1,G,153,1660,7,1,5,0,0,0,11,196,2061,7,5,5,0,0,3,4
G36006100208,1970,1,2,New York,36,New York,061,,,0208,A,5600,,Tract  208,0,1,G,26,3241,7,0,1,1,0,0,6,33,3745,5,0,0,0,0,0,4
G3600610020901,1970,1,2,New York,36,New York,061,,,020901,A,5600,,Tract  209.01,0,1,G,549,1785,6,1,49,1,0,0,32,597,2256,7,0,19,0,0,0,33
G3600610020902,1970,1,2,New York,36,New York,061,,,020902,A,5600,,Tract  209.02,0,1,G,18,541,1,1,3,0,0,0,5,14,686,3,0,3,0,0,0,7
G36006100210,1970,1,2,New York,36,New York,061,,,0210,A,5600,,Tract  210,0,1,G,173,3698,5,0,1,0,0,0,41,150,4659,12,0,1,3,0,1,49
G36006100211,1970,1,2,New York,36,New York,061,,,0211,A,5600,,Tract  211,0,1,G,3428,1639,17,52,222,11,2,14,120,3781,2107,20,49,177,5,0,14,136
G36006100212,1970,1,2,New York,36,New York,061,,,0212,A,5600,,Tract  212,0,1,G,38,2975,3,1,1,0,0,0,3,64,3905,7,1,0,1,0,0,4
G3600610021301,1970,1,2,New York,36,New York,061,,,021301,A,5600,,Tract  213.01,0,1,G,64,1825,10,0,3,2,0,0,4,66,2401,6,1,0,0,0,1,8
G3600610021302,1970,1,2,New York,36,New York,061,,,021302,A,5600,,Tract  213.02,0,1,G,7,655,0,0,3,0,0,0,0,9,754,0,0,1,0,0,0,0
G36006100214,1970,1,2,New York,36,New York,061,,,0214,A,5600,,Tract  214,0,1,G,4,1559,1,0,2,0,1,0,3,6,1874,1,1,3,0,1,0,2
G36006100216,1970,1,2,New York,36,New York,061,,,0216,A,5600,,Tract  216,0,1,G,88,4785,11,1,4,5,2,0,17,103,5542,15,0,7,4,2,0,19
G3600610021701,1970,1,2,New York,36,New York,061,,,021701,A,5600,,Tract  217.01,0,1,G,157,508,3,0,2,3,0,0,19,180,594,6,0,2,1,0,0,16
G3600610021702,1970,1,2,New York,36,New York,061,,,021702,A,5600,,Tract  217.02,0,1,G,10,733,3,0,0,0,0,1,0,11,865,2,0,0,0,0,0,0
G36006100218,1970,1,2,New York,36,New York,061,,,0218,A,5600,,Tract  218,0,1,G,18,3857,13,1,3,1,1,0,16,34,4828,11,0,1,0,0,0,20
G36006100219,1970,1,2,New York,36,New York,061,,,0219,A,5600,,Tract  219,0,1,G,1925,1933,12,10,19,9,0,1,100,2152,2241,21,9,15,4,0,1,105
G36006100220,1970,1,2,New York,36,New York,061,,,0220,A,5600,,Tract  220,0,1,G,10,3080,1,0,4,0,1,0,2,16,3483,4,0,4,0,0,0,4
G3600610022101,1970,1,2,New York,36,New York,061,,,022101,A,5600,,Tract  221.01,0,1,G,11,214,0,0,0,0,0,0,0,8,286,2,0,0,0,0,0,1
G3600610022102,1970,1,2,New York,36,New York,061,,,022102,A,5600,,Tract  221.02,0,1,G,7,1490,7,0,0,0,0,0,1,8,1798,7,0,0,1,0,0,4
G36006100222,1970,1,2,New York,36,New York,061,,,0222,A,5600,,Tract  222,0,1,G,19,1561,5,0,4,0,0,1,2,13,1774,3,0,2,0,0,0,3
G36006100223,1970,1,2,New York,36,New York,061,,,0223,A,5600,,Tract  223,0,1,G,3347,836,23,20,65,29,0,0,92,3569,1056,44,14,44,13,0,0,101
G36006100224,1970,1,2,New York,36,New York,061,,,0224,A,5600,,Tract  224,0,1,G,160,3900,5,0,2,0,0,0,10,178,4961,9,0,0,1,0,0,15
G36006100225,1970,1,2,New York,36,New York,061,,,0225,A,5600,,Tract  225,0,1,G,2585,2259,51,12,112,8,1,1,194,3060,2398,43,25,85,5,0,0,196
G36006100226,1970,1,2,New York,36,New York,061,,,0226,A,5600,,Tract  226,0,1,G,15,2841,4,0,0,1,0,0,3,18,3251,5,0,2,0,0,0,2
G3600610022701,1970,1,2,New York,36,New York,061,,,022701,A,5600,,Tract  227.01,0,1,G,66,2242,3,4,6,2,0,2,7,132,2832,3,2,5,0,0,0,9
G3600610022702,1970,1,2,New York,36,New York,061,,,022702,A,5600,,Tract  227.02,0,1,G,4,723,0,0,2,0,0,0,1,7,858,3,0,0,0,0,1,1
G36006100228,1970,1,2,New York,36,New York,061,,,0228,A,5600,,Tract  228,0,1,G,6,3198,5,1,0,0,0,0,6,12,3997,1,0,0,0,0,0,4
G36006100229,1970,1,2,New York,36,New York,061,,,0229,A,5600,,Tract  229,0,1,G,1078,2516,16,7,68,4,0,0,90,1262,3141,20,11,36,6,0,0,98
G36006100230,1970,1,2,New York,36,New York,061,,,0230,A,5600,,Tract  230,0,1,G,154,4612,4,1,1,1,0,0,15,196,5727,9,1,1,0,0,1,13
G3600610023101,1970,1,2,New York,36,New York,061,,,023101,A,5600,,Tract  231.01,0,1,G,37,2812,7,0,6,1,1,0,6,43,3509,17,0,6,4,0,0,5
G3600610023102,1970,1,2,New York,36,New York,061,,,023102,A,5600,,Tract  231.02,0,1,G,14,1129,6,0,0,1,0,0,3,17,1520,6,1,0,1,0,0,3
G36006100232,1970,1,2,New York,36,New York,061,,,0232,A,5600,,Tract  232,0,1,G,267,4820,5,0,0,1,2,6,9,273,6099,7,3,2,5,0,2,7
G36006100233,1970,1,2,New York,36,New York,061,,,0233,A,5600,,Tract  233,0,1,G,402,2393,6,1,10,1,0,4,17,490,3020,7,1,15,2,0,4,16
G36006100234,1970,1,2,New York,36,New York,061,,,0234,A,5600,,Tract  234,0,1,G,22,2654,1,0,4,0,0,0,2,22,3523,7,0,4,0,0,0,5
G3600610023501,1970,1,2,New York,36,New York,061,,,023501,A,5600,,Tract  235.01,0,1,G,137,2281,5,0,1,0,0,3,13,144,2948,10,0,2,1,0,0,24
G3600610023502,1970,1,2,New York,36,New York,061,,,023502,A,5600,,Tract  235.02,0,1,G,9,1011,3,0,4,0,0,0,2,13,1399,5,0,1,0,0,0,1
G36006100236,1970,1,2,New York,36,New York,061,,,0236,A,5600,,Tract  236,0,1,G,86,4049,6,0,4,2,0,1,8,76,5255,8,0,1,1,0,2,20
G36006100237,1970,1,2,New York,36,New York,061,,,0237,A,5600,,Tract  237,0,1,G,798,2271,35,1,13,8,0,0,46,855,2853,37,1,15,5,1,0,70
G36006100238,1970,1,2,New York,36,New York,061,,,0238,A,5600,,Tract  238,0,1,G,292,130,0,0,10,0,0,0,6,331,217,1,0,0,0,0,0,12
G36006100239,1970,1,2,New York,36,New York,061,,,0239,A,5600,,Tract  239,0,1,G,60,1252,3,0,2,0,0,0,3,70,1565,4,0,0,3,0,0,5
G36006100241,1970,1,2,New York,36,New York,061,,,0241,A,5600,,Tract  241,0,1,G,1605,1944,11,11,28,3,3,4,64,1915,2521,15,10,26,2,2,0,68
G3600610024301,1970,1,2,New York,36,New York,061,,,024301,A,5600,,Tract  243.01,0,1,G,148,1543,2,0,0,0,0,0,9,127,1884,5,0,0,4,0,0,10
G3600610024302,1970,1,2,New York,36,New York,061,,,024302,A,5600,,Tract  243.02,0,1,G,1042,3809,6,0,1,2,0,0,53,1070,4554,9,0,0,4,0,1,40
G36006100245,1970,1,2,New York,36,New York,061,,,0245,A,5600,,Tract  245,0,1,G,3545,2257,26,4,39,14,3,4,106,4392,2685,38,3,30,24,0,5,125
G36006100247,1970,1,2,New York,36,New York,061,,,0247,A,5600,,Tract  247,0,1,G,2494,662,3,11,75,6,1,1,40,2692,753,10,9,41,9,0,4,42
G36006100249,1970,1,2,New York,36,New York,061,,,0249,A,5600,,Tract  249,0,1,G,262,333,0,0,2,0,0,0,24,294,452,2,1,0,0,0,0,23
G36006100251,1970,1,2,New York,36,New York,061,,,0251,A,5600,,Tract  251,0,1,G,813,250,8,2,1,3,0,1,38,1184,331,5,1,6,37,0,4,50
G36006100253,1970,1,2,New York,36,New York,061,,,0253,A,5600,,Tract  253,0,1,G,3748,678,56,5,39,13,0,6,202,4460,780,44,6,49,14,0,5,266
G36006100255,1970,1,2,New York,36,New York,061,,,0255,A,5600,,Tract  255,0,1,G,2280,103,5,10,26,14,0,6,58,2837,125,8,14,23,22,0,5,81
G36006100261,1970,1,2,New York,36,New York,061,,,0261,A,5600,,Tract  261,0,1,G,4324,974,42,10,33,6,0,3,119,4733,1106,39,11,21,9,0,1,140
G36006100263,1970,1,2,New York,36,New York,061,,,0263,A,5600,,Tract  263,0,1,G,3019,318,9,0,11,10,1,2,41,3587,397,15,1,12,13,0,0,32
G36006100265,1970,1,2,New York,36,New York,061,,,0265,A,5600,,Tract  265,0,1,G,2789,64,2,4,14,1,0,1,45,3367,73,3,4,20,3,0,2,57
G36006100267,1970,1,2,New York,36,New York,061,,,0267,A,5600,,Tract  267,0,1,G,686,12,0,0,4,0,0,2,4,755,11,0,0,0,0,0,6,3
G36006100269,1970,1,2,New York,36,New York,061,,,0269,A,5600,,Tract  269,0,1,G,3927,411,23,2,24,1,0,0,42,3336,477,19,4,16,1,0,0,61
G36006100271,1970,1,2,New York,36,New York,061,,,0271,A,5600,,Tract  271,0,1,G,3195,155,16,3,21,0,0,0,21,3741,175,15,11,15,0,0,0,31
G36006100273,1970,1,2,New York,36,New York,061,,,0273,A,5600,,Tract  273,0,1,G,2675,15,6,2,5,1,1,1,8,3743,28,5,7,2,4,1,5,11
G36006100275,1970,1,2,New York,36,New York,061,,,0275,A,5600,,Tract  275,0,1,G,1510,36,0,1,4,4,1,0,13,1917,38,0,2,1,3,0,0,10
G36006100277,1970,1,2,New York,36,New York,061,,,0277,A,5600,,Tract  277,0,1,G,2428,155,7,4,17,0,0,0,30,3080,170,13,3,22,1,0,0,26
G36006100279,1970,1,2,New York,36,New York,061,,,0279,A,5600,,Tract  279,0,1,G,3723,201,6,11,37,24,0,20,49,4759,302,7,28,33,40,0,17,45
G36006100281,1970,1,2,New York,36,New York,061,,,0281,A,5600,,Tract  281,0,1,G,1210,6,0,1,1,1,0,0,4,1644,3,2,6,3,3,0,0,1
G36006100283,1970,1,2,New York,36,New York,061,,,0283,A,5600,,Tract  283,0,1,G,2861,161,0,18,23,19,0,1,12,3569,218,3,31,23,18,0,2,14
G36006100285,1970,1,2,New York,36,New York,061,,,0285,A,5600,,Tract  285,0,1,G,2373,152,4,3,20,17,0,3,20,2991,198,17,8,22,20,1,4,28
G36006100287,1970,1,2,New York,36,New York,061,,,0287,A,5600,,Tract  287,0,1,G,1602,15,0,1,6,11,2,0,2,2123,25,0,2,6,11,0,2,5
G36006100289,1970,1,2,New York,36,New York,061,,,0289,A,5600,,Tract  289,0,1,G,1563,700,7,11,11,7,0,1,49,1567,807,7,11,14,1,0,0,49
G36006100291,1970,1,2,New York,36,New York,061,,,0291,A,5600,,Tract  291,0,1,G,4341,305,6,8,64,2,0,0,53,4973,383,7,14,72,2,0,0,63
G36006100293,1970,1,2,New York,36,New York,061,,,0293,A,5600,,Tract  293,0,1,G,2977,139,5,5,7,0,0,2,26,3645,200,4,6,6,0,2,1,36
G36006100295,1970,1,2,New York,36,New York,061,,,0295,A,5600,,Tract  295,0,1,G,3187,32,3,8,7,1,0,0,14,3884,49,3,6,6,1,0,2,19
G36006100297,1970,1,2,New York,36,New York,061,,,0297,A,5600,,Tract  297,0,1,G,-2,4,,,,,,,,,,,,,,,,
G36006100303,1970,1,2,New York,36,New York,061,,,0303,A,5600,,Tract  303,0,1,G,1803,25,0,2,11,1,0,1,4,2292,22,0,2,12,0,0,2,3
G36006100307,1970,1,2,New York,36,New York,061,,,0307,A,5600,,Tract  307,0,1,G,1972,10,1,3,6,1,0,1,10,2277,19,3,2,10,2,0,2,6
G36006100309,1970,1,2,New York,36,New York,061,,,0309,A,5600,,Tract  309,0,1,G,2616,524,2,1,5,1,0,0,14,2983,654,4,1,9,3,0,1,16
G3600610031399,1970,1,2,New York,36,New York,061,,,031399,A,5600,,Tract  313.99,0,1,G,31,5,1,0,0,0,0,0,0,0,0,0,0,0,0,0,0,0
G36006100317,1970,1,2,New York,36,New York,061,,,0317,A,5600,,Tract  317,0,1,G,4,0,0,0,0,0,0,0,0,2,0,0,0,0,0,0,0,0
G3600610031799,1970,1,2,New York,36,New York,061,,,031799,A,5600,,Tract  317.99,0,1,G,164,50,2,1,30,4,0,0,1,47,2,0,0,0,0,0,0,0
G3600610031999,1970,1,2,New York,36,New York,061,,,031999,A,5600,,Tract  319.99,0,1,G,762,64,1,0,0,38,1,0,3,23,1,0,0,0,0,0,0,0
G36006300201,1970,1,2,New York,36,Niagara,063,,,0201,,1280,,Tract  201,1,1,A,2514,54,3,0,0,0,0,1,0,2697,41,2,0,0,1,0,1,1
G36006300202,1970,1,2,New York,36,Niagara,063,,,0202,,1280,,Tract  202,1,1,A,121,1831,3,1,0,0,0,0,3,114,2082,3,3,0,0,0,0,4
G36006300203,1970,1,2,New York,36,Niagara,063,,,0203,,1280,,Tract  203,1,1,A,941,15,4,0,0,0,0,0,3,969,15,3,1,0,1,0,0,2
G36006300204,1970,1,2,New York,36,Niagara,063,,,0204,,1280,,Tract  204,1,1,A,1205,123,4,0,0,0,0,0,1,1384,106,4,3,0,0,0,0,0
G36006300205,1970,1,2,New York,36,Niagara,063,,,0205,,1280,,Tract  205,1,1,A,1434,83,34,0,1,1,0,0,5,1844,88,41,0,1,0,0,0,3
G36006300206,1970,1,2,New York,36,Niagara,063,,,0206,,1280,,Tract  206,1,1,A,1415,99,28,0,0,0,0,0,3,1595,123,38,1,0,0,0,0,2
G36006300207,1970,1,2,New York,36,Niagara,063,,,0207,,1280,,Tract  207,1,1,A,1812,3,4,0,0,0,0,0,1,2017,5,10,0,0,1,0,0,1
G36006300208,1970,1,2,New York,36,Niagara,063,,,0208,,1280,,Tract  208,1,1,A,561,55,3,0,0,0,0,0,0,683,60,4,1,0,0,0,0,0
G36006300209,1970,1,2,New York,36,Niagara,063,,,0209,,1280,,Tract  209,1,1,A,1677,14,23,0,0,0,0,0,1,1872,13,38,2,0,0,0,0,3
G36006300210,1970,1,2,New York,36,Niagara,063,,,0210,,1280,,Tract  210,1,1,A,2073,3,7,0,0,0,0,0,0,2337,2,11,0,0,0,0,0,0
G36006300211,1970,1,2,New York,36,Niagara,063,,,0211,,1280,,Tract  211,1,1,A,1312,55,58,0,2,0,0,1,3,1745,48,45,0,2,0,0,0,5
G36006300212,1970,1,2,New York,36,Niagara,063,,,0212,,1280,,Tract  212,1,1,A,1672,51,11,0,0,5,0,4,8,2116,87,12,1,0,2,0,2,10
G36006300213,1970,1,2,New York,36,Niagara,063,,,0213,,1280,,Tract  213,1,1,A,1704,30,22,0,0,1,0,1,1,1977,33,30,2,0,1,0,2,1
G36006300214,1970,1,2,New York,36,Niagara,063,,,0214,,1280,,Tract  214,1,1,A,1549,12,4,1,0,0,0,0,11,1656,13,10,2,0,0,0,0,6
G36006300215,1970,1,2,New York,36,Niagara,063,,,0215,,1280,,Tract  215,1,0,A,789,99,10,3,0,0,0,0,5,876,103,11,2,0,1,0,0,2
G36006300216,1970,1,2,New York,36,Niagara,063,,,0216,,1280,,Tract  216,1,1,A,544,667,10,0,0,0,0,0,5,609,776,15,0,0,0,0,0,1
G36006300217,1970,1,2,New York,36,Niagara,063,,,0217,,1280,,Tract  217,1,1,A,1461,164,9,0,0,0,0,0,0,1553,169,12,0,0,0,0,0,0
G36006300218,1970,1,2,New York,36,Niagara,063,,,0218,,1280,,Tract  218,1,1,A,1233,194,12,0,0,0,0,0,0,1274,207,8,3,0,0,0,0,0
G36006300219,1970,1,2,New York,36,Niagara,063,,,0219,,1280,,Tract  219,1,1,A,1012,27,3,0,0,0,0,0,0,957,34,0,0,0,0,0,0,0
G36006300220,1970,1,2,New York,36,Niagara,063,,,0220,,1280,,Tract  220,1,1,A,1450,9,10,0,0,0,0,0,0,1567,5,10,1,0,0,0,0,0
G36006300221,1970,1,2,New York,36,Niagara,063,,,0221,,1280,,Tract  221,1,1,A,1729,4,5,0,0,0,0,0,1,1803,3,4,2,0,0,0,0,1
G36006300222,1970,1,2,New York,36,Niagara,063,,,0222,,1280,,Tract  222,1,1,A,2267,19,14,1,0,0,0,0,4,2485,13,10,2,0,0,0,0,4
G36006300223,1970,1,2,New York,36,Niagara,063,,,0223,,1280,,Tract  223,1,1,A,2056,7,8,0,0,0,0,0,0,2257,6,5,0,0,0,0,0,0
G36006300224,1970,1,2,New York,36,Niagara,063,,,0224,,1280,,Tract  224,1,1,A,2228,164,3,0,0,0,0,1,6,2297,183,5,1,0,0,0,3,6
G36006300225,1970,1,2,New York,36,Niagara,063,,,0225,,1280,,Tract  225,1,1,A,1591,2,3,0,0,0,0,3,0,1759,2,5,3,0,0,0,2,0
G36006300226,1970,1,2,New York,36,Niagara,063,,,0226,,1280,,Tract  226,1,1,A,4092,150,10,2,1,1,0,1,0,3950,122,27,7,0,0,0,1,4
G3600630022701,1970,1,2,New York,36,Niagara,063,,,022701,,1280,,Tract  227.01,1,1,A,4914,4,6,0,0,0,0,0,0,4783,4,5,4,0,0,0,1,1
G3600630022702,1970,1,2,New York,36,Niagara,063,,,022702,,1280,,Tract  227.02,1,1,A,2384,1,0,1,0,0,0,1,1,2338,0,2,2,0,1,0,1,1
G3600630022801,1970,1,2,New York,36,Niagara,063,,,022801,,1280,,Tract  228.01,1,1,A,2311,0,5,0,0,0,0,0,0,2353,0,0,0,0,0,0,0,1
G3600630022802,1970,1,2,New York,36,Niagara,063,,,022802,,1280,,Tract  228.02,1,1,A,3040,3,1,2,3,0,0,0,0,2990,3,1,6,4,0,0,0,0
G36006300229,1970,1,2,New York,36,Niagara,063,,,0229,,1280,,Tract  229,1,1,A,3141,0,4,0,1,1,0,1,0,3276,0,6,0,0,1,0,1,0
G36006300230,1970,1,2,New York,36,Niagara,063,,,0230,,1280,,Tract  230,1,1,A,2209,0,6,1,2,0,1,0,1,2412,1,2,2,0,0,0,0,1
G36006300231,1970,1,2,New York,36,Niagara,063,,,0231,,1280,,Tract  231,1,1,A,1638,0,3,1,0,0,0,0,0,1713,0,3,2,0,0,0,1,1
G36006300232,1970,1,2,New York,36,Niagara,063,,,0232,,1280,,Tract  232,1,1,A,1894,0,15,1,0,0,0,0,2,1987,0,5,0,0,0,2,0,0
G36006300233,1970,1,2,New York,36,Niagara,063,,,0233,,1280,,Tract  233,1,1,A,3292,0,4,0,2,0,0,0,0,3642,0,4,6,0,1,0,0,0
G36006300234,1970,1,2,New York,36,Niagara,063,,,0234,,1280,,Tract  234,1,1,A,4133,26,4,1,0,0,0,0,1,3990,16,4,1,0,0,0,0,1
G36006300235,1970,1,2,New York,36,Niagara,063,,,0235,,1280,,Tract  235,1,1,A,1820,183,4,0,0,0,0,0,3,2030,185,4,1,0,0,0,0,1
G36006300236,1970,1,2,New York,36,Niagara,063,,,0236,,1280,,Tract  236,1,1,A,2316,78,4,2,0,0,0,0,11,2510,90,3,5,0,0,0,1,19
G36006300237,1970,1,2,New York,36,Niagara,063,,,0237,,1280,,Tract  237,1,1,A,1128,103,8,0,0,1,0,0,1,1387,87,7,0,0,1,0,0,0
G36006300238,1970,1,2,New York,36,Niagara,063,,,0238,,1280,,Tract  238,1,1,A,2084,35,3,0,0,0,0,0,0,2410,35,3,1,0,0,0,0,1
G36006300239,1970,1,2,New York,36,Niagara,063,,,0239,,1280,,Tract  239,1,1,A,4131,32,1,0,0,0,0,1,1,4638,23,1,2,0,0,0,2,2
G3600630024001,1970,1,2,New York,36,Niagara,063,,,024001,,1280,,Tract  240.01,1,1,A,2726,26,11,0,0,0,0,0,1,2828,20,10,0,0,0,0,3,1
G3600630024002,1970,1,2,New York,36,Niagara,063,,,024002,,1280,,Tract  240.02,1,1,A,1019,13,4,0,0,0,0,0,0,1086,7,3,0,0,0,0,0,0
G3600630024101,1970,1,2,New York,36,Niagara,063,,,024101,,1280,,Tract  241.01,1,1,A,1889,23,4,0,0,0,0,0,0,1898,21,5,0,0,0,0,0,0
G3600630024102,1970,1,2,New York,36,Niagara,063,,,024102,,1280,,Tract  241.02,1,1,A,1303,30,16,0,0,0,1,0,3,1283,27,12,1,0,0,0,1,0
G36006300242,1970,1,2,New York,36,Niagara,063,,,0242,,1280,,Tract  242,1,1,A,4510,78,25,2,3,0,0,0,2,4736,65,28,5,1,0,0,3,1
G3600630024301,1970,1,2,New York,36,Niagara,063,,,024301,,1280,,Tract  243.01,1,1,A,604,0,0,0,0,0,0,0,0,679,0,0,0,0,1,0,0,0
G3600630024302,1970,1,2,New York,36,Niagara,063,,,024302,,1280,,Tract  243.02,1,1,A,1972,12,17,0,0,0,1,0,5,2001,10,12,0,1,1,0,0,0
G3600630024303,1970,1,2,New York,36,Niagara,063,,,024303,,1280,,Tract  243.03,1,1,A,2134,9,3,3,1,0,0,0,0,2034,2,3,3,1,0,0,0,0
G3600630024401,1970,1,2,New York,36,Niagara,063,,,024401,,1280,,Tract  244.01,1,1,A,1568,0,3,0,0,0,0,0,2,1715,0,2,0,0,0,0,0,2
G3600630024402,1970,1,2,New York,36,Niagara,063,,,024402,,1280,,Tract  244.02,1,1,A,6637,12,8,6,9,0,0,4,7,5876,5,14,5,7,0,0,1,5
G3600630024403,1970,1,2,New York,36,Niagara,063,,,024403,,1280,,Tract  244.03,1,1,A,176,0,384,0,0,0,0,0,1,172,0,401,0,0,0,0,0,0
G3600630024501,1970,1,2,New York,36,Niagara,063,,,024501,,1280,,Tract  245.01,1,1,A,1100,0,2,0,0,0,0,0,1,1063,1,1,0,0,0,0,0,1
G3600630024502,1970,1,2,New York,36,Niagara,063,,,024502,,1280,,Tract  245.02,1,1,A,2583,0,27,0,0,1,0,0,2,2623,3,19,0,0,0,0,1,1
G3600650020101,1970,1,2,New York,36,Oneida,065,,,020101,,8680,,Tract  201.01,0,0,D,8,7,0,0,0,0,0,0,0,2,2,0,0,0,0,0,0,0
G3600650020102,1970,1,2,New York,36,Oneida,065,,,020102,,8680,,Tract  201.02,0,1,D,8,2,0,0,0,0,0,0,0,6,2,0,0,0,0,0,0,0
G3600650020201,1970,1,2,New York,36,Oneida,065,,,020201,,8680,,Tract  202.01,0,0,D,73,488,1,0,0,0,0,0,0,47,509,5,0,0,1,0,0,1
G3600650020202,1970,1,2,New York,36,Oneida,065,,,020202,,8680,,Tract  202.02,0,1,D,298,11,0,0,0,0,0,0,0,289,7,0,1,0,0,0,0,1
G36006500203,1970,1,2,New York,36,Oneida,065,,,0203,,8680,,Tract  203,0,0,D,358,64,1,0,5,0,0,0,1,233,77,0,0,8,0,0,0,0
G36006500204,1970,1,2,New York,36,Oneida,065,,,0204,,8680,,Tract  204,0,0,D,480,103,3,0,0,0,0,0,0,436,104,1,0,0,0,0,0,0
G36006500205,1970,1,2,New York,36,Oneida,065,,,0205,,8680,,Tract  205,0,1,D,15,1,0,0,0,0,0,0,0,17,0,1,0,0,0,0,0,0
G36006500206,1970,1,2,New York,36,Oneida,065,,,0206,,8680,,Tract  206,0,1,D,689,61,0,0,0,0,0,0,0,761,52,0,0,0,0,0,0,0
G3600650020701,1970,1,2,New York,36,Oneida,065,,,020701,,8680,,Tract  207.01,0,1,D,2115,154,8,0,1,0,0,0,1,2847,194,9,2,0,0,0,0,2
G3600650020702,1970,1,2,New York,36,Oneida,065,,,020702,,8680,,Tract  207.02,0,1,D,2188,11,4,0,0,0,0,0,0,2743,16,5,0,0,0,0,1,1
G3600650020801,1970,1,2,New York,36,Oneida,065,,,020801,,8680,,Tract  208.01,0,1,D,493,5,0,0,0,0,0,0,0,513,2,0,0,0,0,0,0,0
G3600650020802,1970,1,2,New York,36,Oneida,065,,,020802,,8680,,Tract  208.02,0,1,D,2251,65,1,1,0,0,0,0,4,2521,75,0,1,0,0,0,0,8
G3600650020803,1970,1,2,New York,36,Oneida,065,,,020803,,8680,,Tract  208.03,0,1,D,1835,154,2,0,0,0,0,0,9,2188,174,1,1,1,1,0,0,7
G36006500209,1970,1,2,New York,36,Oneida,065,,,0209,,8680,,Tract  209,0,1,D,1792,44,2,1,0,0,0,0,1,2055,69,3,2,0,0,0,0,3
G36006500210,1970,1,2,New York,36,Oneida,065,,,0210,,8680,,Tract  210,0,1,D,896,235,11,0,2,0,1,0,6,878,205,8,1,0,1,1,0,0
G3600650021101,1970,1,2,New York,36,Oneida,065,,,021101,,8680,,Tract  211.01,0,1,D,812,14,0,1,0,0,1,0,0,1060,17,1,1,0,0,0,0,1
G3600650021102,1970,1,2,New York,36,Oneida,065,,,021102,,8680,,Tract  211.02,0,1,D,1587,14,0,0,0,0,0,0,0,1996,15,4,2,0,0,0,1,1
G3600650021103,1970,1,2,New York,36,Oneida,065,,,021103,,8680,,Tract  211.03,0,1,D,952,50,0,0,0,0,0,0,4,1165,62,0,1,0,0,0,0,2
G3600650021201,1970,1,2,New York,36,Oneida,065,,,021201,,8680,,Tract  212.01,0,1,D,1528,281,3,0,0,0,0,0,0,1753,334,3,1,0,0,1,1,2
G3600650021202,1970,1,2,New York,36,Oneida,065,,,021202,,8680,,Tract  212.02,0,1,D,1625,4,0,0,0,0,0,0,0,1838,4,0,1,0,0,0,0,0
G3600650021301,1970,1,2,New York,36,Oneida,065,,,021301,,8680,,Tract  213.01,0,1,D,1591,128,1,0,3,3,0,0,0,1904,142,0,0,2,2,0,0,0
G3600650021302,1970,1,2,New York,36,Oneida,065,,,021302,,8680,,Tract  213.02,0,1,D,2253,11,0,0,0,0,0,1,0,2523,10,0,0,0,0,0,1,0
G3600650021303,1970,1,2,New York,36,Oneida,065,,,021303,,8680,,Tract  213.03,0,1,D,1976,27,2,0,0,0,0,0,2,2113,28,0,0,0,0,0,0,2
G3600650021401,1970,1,2,New York,36,Oneida,065,,,021401,,8680,,Tract  214.01,0,1,D,1647,23,0,5,0,0,0,0,2,1916,19,0,4,0,0,0,1,2
G3600650021402,1970,1,2,New York,36,Oneida,065,,,021402,,8680,,Tract  214.02,0,1,D,1310,17,1,0,0,0,0,0,0,1429,15,3,0,0,0,0,0,0
G3600650021403,1970,1,2,New York,36,Oneida,065,,,021403,,8680,,Tract  214.03,0,1,D,720,28,1,0,7,0,0,0,0,974,29,0,0,1,0,0,0,0
G3600650021404,1970,1,2,New York,36,Oneida,065,,,021404,,8680,,Tract  214.04,0,1,D,217,19,0,1,0,0,0,0,2,146,17,0,0,3,0,0,0,1
G36006500215,1970,1,2,New York,36,Oneida,065,,,0215,,8680,,Tract  215,0,1,D,1866,369,6,1,2,1,1,1,1,2173,454,2,1,1,1,2,0,1
G3600650021601,1970,1,2,New York,36,Oneida,065,,,021601,,8680,,Tract  216.01,0,1,D,2968,37,0,4,0,0,0,0,0,3137,43,0,5,0,1,0,1,0
G3600650021602,1970,1,2,New York,36,Oneida,065,,,021602,,8680,,Tract  216.02,0,1,D,1578,12,0,2,3,0,0,0,0,1643,21,0,2,3,0,0,0,0
G3600650021701,1970,1,2,New York,36,Oneida,065,,,021701,,8680,,Tract  217.01,0,1,D,2054,2,0,1,1,0,0,0,0,2440,6,0,1,0,0,0,0,0
G3600650021702,1970,1,2,New York,36,Oneida,065,,,021702,,8680,,Tract  217.02,0,1,D,1861,2,0,0,0,0,0,0,0,2119,5,1,2,0,1,0,1,0
G36006500218,1970,1,2,New York,36,Oneida,065,,,0218,,8680,,Tract  218,0,1,D,820,54,0,1,0,0,0,0,4,848,57,0,0,0,1,0,0,5
G36006500219,1970,1,2,New York,36,Oneida,065,,,0219,,8680,,Tract  219,0,1,D,1318,67,0,0,0,0,0,0,0,1400,84,0,0,0,0,0,0,0
G36006500220,1970,1,2,New York,36,Oneida,065,,,0220,,8680,,Tract  220,0,1,D,2201,65,1,1,1,1,1,0,4,2404,68,2,5,0,2,0,0,4
G36006500221,1970,1,2,New York,36,Oneida,065,,,0221,,8680,,Tract  221,0,1,D,1734,16,0,0,0,0,0,0,2,1903,26,1,0,0,1,0,0,0
G36006500222,1970,1,2,New York,36,Oneida,065,,,0222,,8680,,Tract  222,0,1,D,1378,9,1,1,0,0,0,0,0,1575,13,0,0,0,0,0,1,1
G36006500223,1970,1,2,New York,36,Oneida,065,,,0223,,8680,,Tract  223,0,1,D,1903,42,0,0,0,1,0,0,4,2249,39,0,2,0,1,0,2,2
G36006500224,1970,1,2,New York,36,Oneida,065,,,0224,,8680,,Tract  224,0,1,D,2352,99,0,4,0,2,1,0,1,2491,94,0,6,0,3,0,0,2
G36006500225,1970,1,2,New York,36,Oneida,065,,,0225,,8680,,Tract  225,0,1,D,2513,235,2,1,3,0,2,1,8,2655,228,2,5,4,0,0,1,5
G36006500226,1970,1,2,New York,36,Oneida,065,,,0226,,8680,,Tract  226,0,1,D,2690,328,5,3,4,1,1,0,27,1628,162,10,14,2,2,0,3,3
G3600650022701,1970,1,2,New York,36,Oneida,065,,,022701,,8680,,Tract  227.01,0,1,D,1043,2,0,1,0,0,0,0,1,1141,4,0,0,1,1,0,0,1
G3600650022702,1970,1,2,New York,36,Oneida,065,,,022702,,8680,,Tract  227.02,0,1,D,2551,48,2,2,2,0,2,0,8,2555,49,0,3,2,1,0,0,7
G36006500228,1970,1,2,New York,36,Oneida,065,,,0228,,8680,,Tract  228,0,1,D,1532,12,0,0,0,0,0,0,1,1581,6,0,0,0,0,0,0,1
G36006500229,1970,1,2,New York,36,Oneida,065,,,0229,,8680,,Tract  229,0,1,D,2092,81,0,0,0,2,0,0,4,1438,44,0,0,0,4,0,0,0
G36006500230,1970,1,2,New York,36,Oneida,065,,,0230,,8680,,Tract  230,0,1,D,2523,15,3,0,0,1,0,0,1,2533,12,3,0,0,0,0,0,2
G36006500231,1970,1,2,New York,36,Oneida,065,,,0231,,8680,,Tract  231,0,1,D,806,0,0,0,0,0,0,0,2,814,3,0,0,0,1,1,0,0
G36006500232,1970,1,2,New York,36,Oneida,065,,,0232,,8680,,Tract  232,0,1,D,2187,5,1,0,1,0,0,0,0,2574,2,0,0,1,1,0,0,1
G36006500233,1970,1,2,New York,36,Oneida,065,,,0233,,8680,,Tract  233,0,1,D,1620,2,0,0,0,0,0,0,0,1801,1,0,1,0,0,0,0,0
G36006500234,1970,1,2,New York,36,Oneida,065,,,0234,,8680,,Tract  234,0,1,D,1844,5,0,1,0,0,0,0,0,1952,3,0,0,0,0,0,0,0
G3600650023501,1970,1,2,New York,36,Oneida,065,,,023501,,8680,,Tract  235.01,0,1,D,1844,1,2,0,0,1,0,0,0,1916,1,1,1,0,0,0,0,0
G3600650023502,1970,1,2,New York,36,Oneida,065,,,023502,,8680,,Tract  235.02,0,1,D,2435,2,1,0,0,0,0,0,3,2396,1,0,0,0,1,0,1,1
G36006500236,1970,1,2,New York,36,Oneida,065,,,0236,,8680,,Tract  236,0,1,D,549,21,1,0,0,0,0,0,0,436,4,1,0,0,0,0,0,0
G3600650023701,1970,1,2,New York,36,Oneida,065,,,023701,,8680,,Tract  237.01,0,1,D,2564,13,0,0,0,0,0,0,5,2555,10,0,0,0,0,0,0,3
G3600650023702,1970,1,2,New York,36,Oneida,065,,,023702,,8680,,Tract  237.02,0,1,D,1781,16,4,0,0,0,0,0,2,1787,15,2,3,0,0,0,0,4
G36006500238,1970,1,2,New York,36,Oneida,065,,,0238,,8680,,Tract  238,0,1,D,1162,58,1,1,1,0,0,2,9,1439,45,0,0,1,2,0,1,5
G3600650023901,1970,1,2,New York,36,Oneida,065,,,023901,,8680,,Tract  239.01,0,1,D,1335,6,0,0,0,0,0,0,0,1372,5,0,0,0,0,0,0,0
G3600650023902,1970,1,2,New York,36,Oneida,065,,,023902,,8680,,Tract  239.02,0,1,D,649,6,0,0,0,0,0,0,0,724,7,0,0,0,0,0,0,0
G36006500240,1970,1,2,New York,36,Oneida,065,,,0240,,8680,,Tract  240,0,1,D,2214,2,0,1,1,1,0,0,1,2201,1,0,1,5,1,0,0,0
G36006500241,1970,1,2,New York,36,Oneida,065,,,0241,,8680,,Tract  241,0,1,D,1636,4,1,0,0,0,0,0,0,1623,9,0,1,0,0,0,0,0
G36006500242,1970,1,2,New York,36,Oneida,065,,,0242,,8680,,Tract  242,0,1,D,1873,2,1,0,0,0,0,0,0,2068,1,0,1,0,1,0,0,0
G3600650024301,1970,1,2,New York,36,Oneida,065,,,024301,,8680,,Tract  243.01,0,1,D,1512,10,3,0,4,0,1,0,2,1499,7,1,3,5,0,0,0,1
G3600650024302,1970,1,2,New York,36,Oneida,065,,,024302,,8680,,Tract  243.02,0,1,D,1535,16,0,0,0,0,1,0,0,1484,10,1,0,0,0,0,0,0
G3600650024303,1970,1,2,New York,36,Oneida,065,,,024303,,8680,,Tract  243.03,0,1,D,1333,3,0,0,0,0,0,0,0,1272,3,1,0,0,0,1,0,0
G36006500244,1970,1,2,New York,36,Oneida,065,,,0244,,8680,,Tract  244,0,1,D,1269,50,1,0,0,0,0,0,1,1195,9,0,0,0,0,0,0,2
G36006500245,1970,1,2,New York,36,Oneida,065,,,0245,,8680,,Tract  245,0,1,D,2389,3,1,0,0,0,0,0,0,2543,2,1,0,0,0,0,0,3
G36006500246,1970,1,2,New York,36,Oneida,065,,,0246,,8680,,Tract  246,0,1,D,1930,2,2,0,0,0,0,0,0,2037,2,5,0,0,0,1,0,0
G36006500247,1970,1,2,New York,36,Oneida,065,,,0247,,8680,,Tract  247,0,1,D,3096,3,8,2,0,0,0,0,4,3156,3,10,4,1,0,0,0,3
G36006500248,1970,1,2,New York,36,Oneida,065,,,0248,,8680,,Tract  248,0,1,D,1416,1,1,0,0,0,0,0,0,1564,1,1,2,0,0,0,0,0
G36006500249,1970,1,2,New York,36,Oneida,065,,,0249,,8680,,Tract  249,0,1,D,2379,8,6,0,0,0,0,0,0,2458,4,15,0,0,0,0,0,1
G36006500250,1970,1,2,New York,36,Oneida,065,,,0250,,8680,,Tract  250,0,1,D,4925,25,3,2,8,0,0,2,2,4699,9,2,3,4,0,0,2,2
G36006500251,1970,1,2,New York,36,Oneida,065,,,0251,,8680,,Tract  251,0,1,D,1133,1,0,1,0,0,0,0,0,1296,1,1,0,0,0,0,0,0
G36006500252,1970,1,2,New York,36,Oneida,065,,,0252,,8680,,Tract  252,0,1,D,2397,3,0,1,0,3,0,1,1,2503,5,0,0,0,4,0,0,2
G36006500253,1970,1,2,New York,36,Oneida,065,,,0253,,8680,,Tract  253,0,1,D,3664,2,1,6,3,0,0,0,0,3826,0,0,3,3,1,0,0,0
G36006500254,1970,1,2,New York,36,Oneida,065,,,0254,,8680,,Tract  254,0,1,D,2284,6,0,1,2,0,0,0,1,2399,3,2,0,2,0,0,0,0
G36006500255,1970,1,2,New York,36,Oneida,065,,,0255,,8680,,Tract  255,0,1,D,2264,0,3,0,0,0,0,0,0,2308,1,1,2,0,0,0,0,0
G36006500256,1970,1,2,New York,36,Oneida,065,,,0256,,8680,,Tract  256,0,1,D,2022,9,1,0,0,0,0,0,0,2058,7,0,0,0,0,0,0,0
G36006500257,1970,1,2,New York,36,Oneida,065,,,0257,,8680,,Tract  257,0,1,D,1800,29,1,0,0,0,0,0,0,1871,24,0,0,0,0,0,0,1
G36006700001,1970,1,2,New York,36,Onondaga,067,,,0001,,8160,,Tract    1,0,1,C,6,0,0,0,0,0,0,0,0,7,0,0,0,0,0,0,0,0
G36006700002,1970,1,2,New York,36,Onondaga,067,,,0002,,8160,,Tract    2,0,1,C,1979,4,3,1,0,0,0,0,1,2397,9,5,0,0,0,0,0,1
G36006700003,1970,1,2,New York,36,Onondaga,067,,,0003,,8160,,Tract    3,0,1,C,911,1,0,0,0,0,0,0,0,988,0,0,0,0,0,0,0,0
G36006700004,1970,1,2,New York,36,Onondaga,067,,,0004,,8160,,Tract    4,0,1,C,2247,0,6,0,0,0,1,0,1,2767,1,4,1,0,0,1,0,1
G36006700005,1970,1,2,New York,36,Onondaga,067,,,0005,,8160,,Tract    5,0,1,C,826,0,7,0,0,0,0,0,1,963,1,9,0,0,0,0,0,0
G36006700006,1970,1,2,New York,36,Onondaga,067,,,0006,,8160,,Tract    6,0,1,C,1601,1,1,1,0,0,0,0,0,1959,1,6,1,2,0,2,0,0
G36006700007,1970,1,2,New York,36,Onondaga,067,,,0007,,8160,,Tract    7,0,1,C,832,0,2,0,1,0,0,0,1,1018,1,1,0,1,0,0,0,1
G36006700008,1970,1,2,New York,36,Onondaga,067,,,0008,,8160,,Tract    8,0,1,C,1441,1,2,1,0,0,0,0,1,1718,0,3,1,0,0,0,0,3
G36006700009,1970,1,2,New York,36,Onondaga,067,,,0009,,8160,,Tract    9,0,1,C,2063,6,1,0,1,0,0,0,1,2453,11,3,0,0,0,2,1,1
G36006700010,1970,1,2,New York,36,Onondaga,067,,,0010,,8160,,Tract   10,0,1,C,2174,32,1,1,2,0,0,1,0,2801,38,5,4,2,0,0,3,2
G36006700011,1970,1,2,New York,36,Onondaga,067,,,0011,,8160,,Tract   11,0,1,C,94,0,0,0,0,0,0,0,1,98,0,0,0,0,0,0,0,0
G36006700012,1970,1,2,New York,36,Onondaga,067,,,0012,,8160,,Tract   12,0,1,C,93,0,0,0,0,0,0,0,0,84,0,0,0,0,0,0,0,0
G36006700013,1970,1,2,New York,36,Onondaga,067,,,0013,,8160,,Tract   13,0,1,C,793,23,6,0,0,0,0,0,4,938,14,7,0,0,0,0,0,0
G36006700014,1970,1,2,New York,36,Onondaga,067,,,0014,,8160,,Tract   14,0,1,C,1441,1,3,0,0,0,0,0,0,1734,1,7,2,0,0,0,0,0
G36006700015,1970,1,2,New York,36,Onondaga,067,,,0015,,8160,,Tract   15,0,1,C,1358,6,13,0,0,1,0,0,0,1540,3,10,2,0,2,0,0,4
G36006700016,1970,1,2,New York,36,Onondaga,067,,,0016,,8160,,Tract   16,0,1,C,1321,19,12,3,4,0,0,0,8,1819,22,21,4,0,0,0,1,2
G3600670001701,1970,1,2,New York,36,Onondaga,067,,,001701,,8160,,Tract   17.01,0,1,C,1423,25,1,0,3,0,0,0,0,1662,39,1,0,1,0,0,0,2
G3600670001702,1970,1,2,New York,36,Onondaga,067,,,001702,,8160,,Tract   17.02,0,1,C,1670,13,3,0,0,0,0,0,1,1866,7,4,1,0,1,0,0,2
G36006700018,1970,1,2,New York,36,Onondaga,067,,,0018,,8160,,Tract   18,0,1,C,1679,0,1,0,0,0,0,0,0,1935,0,1,0,0,0,0,0,1
G36006700019,1970,1,2,New York,36,Onondaga,067,,,0019,,8160,,Tract   19,0,1,C,2608,9,0,2,0,0,0,0,0,2962,5,2,2,0,0,0,1,0
G36006700020,1970,1,2,New York,36,Onondaga,067,,,0020,,8160,,Tract   20,0,1,C,1530,5,2,3,0,0,0,0,5,1688,2,2,5,0,0,0,0,4
G36006700021,1970,1,2,New York,36,Onondaga,067,,,0021,,8160,,Tract   21,0,1,C,1137,0,2,0,0,0,0,0,3,1397,0,4,1,0,0,1,0,0
G36006700022,1970,1,2,New York,36,Onondaga,067,,,0022,,8160,,Tract   22,0,1,C,814,11,4,0,0,0,0,0,0,817,16,1,1,0,0,0,0,0
G36006700023,1970,1,2,New York,36,Onondaga,067,,,0023,,8160,,Tract   23,0,1,C,1310,25,21,0,1,5,1,0,6,1642,15,15,0,1,10,1,0,3
G36006700024,1970,1,2,New York,36,Onondaga,067,,,0024,,8160,,Tract   24,0,1,C,1393,161,23,2,3,0,0,0,20,1464,171,22,1,1,0,0,0,34
G36006700027,1970,1,2,New York,36,Onondaga,067,,,0027,,8160,,Tract   27,0,1,C,1093,5,1,1,4,0,0,2,1,1411,3,3,1,3,0,0,2,0
G36006700028,1970,1,2,New York,36,Onondaga,067,,,0028,,8160,,Tract   28,0,1,C,1281,0,2,1,0,0,0,0,1,1423,1,2,3,0,0,0,0,1
G36006700029,1970,1,2,New York,36,Onondaga,067,,,0029,,8160,,Tract   29,0,1,C,655,6,7,0,0,0,0,0,0,771,7,5,0,0,0,0,0,1
G36006700030,1970,1,2,New York,36,Onondaga,067,,,0030,,8160,,Tract   30,0,1,C,1207,164,33,0,0,0,1,0,3,1555,226,48,1,0,0,1,0,3
G36006700031,1970,1,2,New York,36,Onondaga,067,,,0031,,8160,,Tract   31,0,0,C,495,45,12,0,2,0,0,0,1,228,17,4,0,0,0,0,0,1
G36006700032,1970,1,2,New York,36,Onondaga,067,,,0032,,8160,,Tract   32,0,0,C,268,58,5,0,1,5,0,1,0,231,17,0,0,0,9,0,0,0
G36006700033,1970,1,2,New York,36,Onondaga,067,,,0033,,8160,,Tract   33,0,1,C,235,309,2,0,0,0,0,0,1,176,247,3,0,0,0,0,0,1
G36006700034,1970,1,2,New York,36,Onondaga,067,,,0034,,8160,,Tract   34,0,1,C,549,491,7,4,2,0,0,0,7,488,484,2,3,1,0,0,0,5
G36006700035,1970,1,2,New York,36,Onondaga,067,,,0035,,8160,,Tract   35,0,1,C,986,635,1,3,14,0,0,0,16,1065,809,5,2,2,0,0,0,9
G3600670003601,1970,1,2,New York,36,Onondaga,067,,,003601,,8160,,Tract   36.01,0,1,C,938,414,5,1,5,1,0,0,1,1039,481,4,1,1,3,0,0,0
G3600670003602,1970,1,2,New York,36,Onondaga,067,,,003602,,8160,,Tract   36.02,0,1,C,950,158,0,4,6,3,0,0,4,965,161,0,3,2,6,0,0,0
G36006700037,1970,1,2,New York,36,Onondaga,067,,,0037,,8160,,Tract   37,0,1,C,5,0,0,0,0,0,0,0,0,16,0,0,1,0,0,0,0,0
G36006700038,1970,1,2,New York,36,Onondaga,067,,,0038,,8160,,Tract   38,0,1,C,1482,12,24,0,0,0,0,0,1,1687,22,22,2,0,0,1,1,1
G36006700039,1970,1,2,New York,36,Onondaga,067,,,0039,,8160,,Tract   39,0,1,C,2750,437,60,5,5,0,0,1,7,3310,504,56,5,1,0,0,0,5
G36006700040,1970,1,2,New York,36,Onondaga,067,,,0040,,8160,,Tract   40,0,1,C,1497,261,75,1,4,0,0,0,4,1457,270,76,0,1,0,0,0,3
G36006700041,1970,1,2,New York,36,Onondaga,067,,,0041,,8160,,Tract   41,0,1,C,144,520,4,0,0,0,0,0,5,174,626,8,0,0,0,0,0,3
G36006700042,1970,1,2,New York,36,Onondaga,067,,,0042,,8160,,Tract   42,0,1,C,491,1174,9,4,0,4,0,3,6,619,1433,14,6,1,4,0,4,3
G36006700043,1970,1,2,New York,36,Onondaga,067,,,0043,,8160,,Tract   43,0,1,C,4992,382,3,7,30,2,4,3,43,4578,413,4,10,14,3,1,5,23
G36006700044,1970,1,2,New York,36,Onondaga,067,,,0044,,8160,,Tract   44,0,1,C,1117,29,0,4,14,0,0,2,20,1130,32,0,9,14,1,0,0,7
G36006700045,1970,1,2,New York,36,Onondaga,067,,,0045,,8160,,Tract   45,0,1,C,2121,241,2,9,6,6,0,1,18,2343,233,2,6,0,11,0,1,9
G36006700046,1970,1,2,New York,36,Onondaga,067,,,0046,,8160,,Tract   46,0,1,C,3045,89,3,2,6,2,0,3,11,3359,80,5,4,5,2,0,1,10
G36006700048,1970,1,2,New York,36,Onondaga,067,,,0048,,8160,,Tract   48,0,1,C,1091,0,0,3,0,0,0,0,0,1217,0,0,1,0,0,0,0,0
G36006700049,1970,1,2,New York,36,Onondaga,067,,,0049,,8160,,Tract   49,0,1,C,945,6,3,0,0,0,0,0,0,1078,6,2,0,0,0,0,0,1
G36006700050,1970,1,2,New York,36,Onondaga,067,,,0050,,8160,,Tract   50,0,1,C,1742,23,1,2,0,0,0,0,2,2008,23,0,5,0,1,0,0,3
G36006700051,1970,1,2,New York,36,Onondaga,067,,,0051,,8160,,Tract   51,0,1,C,1510,75,17,0,1,0,0,1,6,1843,71,22,2,0,0,1,0,1
G36006700052,1970,1,2,New York,36,Onondaga,067,,,0052,,8160,,Tract   52,0,1,C,1119,1401,31,1,2,0,0,0,18,1281,1645,33,1,0,0,0,1,14
G36006700053,1970,1,2,New York,36,Onondaga,067,,,0053,,8160,,Tract   53,0,1,C,806,1158,7,0,0,0,0,0,2,1004,1313,6,1,1,0,0,1,2
G36006700054,1970,1,2,New York,36,Onondaga,067,,,0054,,8160,,Tract   54,0,1,C,1435,1098,33,1,0,0,0,0,8,1680,1120,32,3,0,0,0,1,10
G36006700055,1970,1,2,New York,36,Onondaga,067,,,0055,,8160,,Tract   55,0,1,C,1411,75,2,0,8,1,0,7,7,1746,91,3,3,10,5,0,4,4
G3600670005601,1970,1,2,New York,36,Onondaga,067,,,005601,,8160,,Tract   56.01,0,1,C,932,15,0,0,1,0,0,0,1,1049,19,0,0,3,0,0,0,1
G3600670005602,1970,1,2,New York,36,Onondaga,067,,,005602,,8160,,Tract   56.02,0,1,C,1168,39,3,9,24,3,0,8,12,874,32,1,3,22,10,1,8,14
G36006700057,1970,1,2,New York,36,Onondaga,067,,,0057,,8160,,Tract   57,0,1,C,1407,33,6,0,1,2,0,0,1,1663,44,3,0,1,1,0,0,2
G36006700058,1970,1,2,New York,36,Onondaga,067,,,0058,,8160,,Tract   58,0,1,C,1461,158,3,0,0,0,0,0,9,1766,178,9,0,1,0,0,0,11
G36006700059,1970,1,2,New York,36,Onondaga,067,,,0059,,8160,,Tract   59,0,1,C,1417,199,24,2,0,0,0,0,1,1662,226,25,2,0,1,0,0,0
G36006700060,1970,1,2,New York,36,Onondaga,067,,,0060,,8160,,Tract   60,0,1,C,2306,20,7,4,0,3,0,2,5,2616,30,7,3,1,0,0,2,9
G3600670006101,1970,1,2,New York,36,Onondaga,067,,,006101,,8160,,Tract   61.01,0,1,C,1579,26,8,0,0,0,0,0,4,1974,42,9,2,0,0,0,0,6
G3600670006102,1970,1,2,New York,36,Onondaga,067,,,006102,,8160,,Tract   61.02,0,1,C,288,8,2,2,2,0,0,0,0,298,6,1,2,0,0,0,0,0
G3600670006103,1970,1,2,New York,36,Onondaga,067,,,006103,,8160,,Tract   61.03,0,1,C,1617,4,1,0,1,0,0,0,0,1831,3,1,0,2,1,0,0,0
G36006700101,1970,1,2,New York,36,Onondaga,067,,,0101,,8160,,Tract  101,0,1,C,1097,0,0,0,0,0,4,0,0,1111,0,1,1,1,0,3,0,0
G36006700102,1970,1,2,New York,36,Onondaga,067,,,0102,,8160,,Tract  102,0,1,C,1431,2,4,0,0,0,0,0,0,1466,2,4,0,0,0,0,1,1
G36006700103,1970,1,2,New York,36,Onondaga,067,,,0103,,8160,,Tract  103,0,1,C,2419,2,2,0,1,1,0,1,0,2414,3,1,0,2,1,0,1,0
G36006700104,1970,1,2,New York,36,Onondaga,067,,,0104,,8160,,Tract  104,0,1,C,1617,9,3,0,0,0,0,0,0,1597,12,6,2,0,1,0,0,0
G36006700105,1970,1,2,New York,36,Onondaga,067,,,0105,,8160,,Tract  105,0,1,C,865,5,1,1,0,0,0,0,1,894,4,1,2,0,0,0,2,1
G36006700106,1970,1,2,New York,36,Onondaga,067,,,0106,,8160,,Tract  106,0,1,C,2488,124,1,8,0,0,1,3,6,2292,65,1,11,0,1,0,1,8
G36006700107,1970,1,2,New York,36,Onondaga,067,,,0107,,8160,,Tract  107,0,1,C,1256,4,1,0,0,0,0,0,0,1259,4,3,1,0,0,0,0,0
G36006700108,1970,1,2,New York,36,Onondaga,067,,,0108,,8160,,Tract  108,0,1,C,2997,18,7,2,1,0,0,1,5,3087,16,15,2,1,1,0,0,6
G36006700109,1970,1,2,New York,36,Onondaga,067,,,0109,,8160,,Tract  109,0,1,C,1886,4,0,0,0,0,0,1,3,1863,4,1,2,0,0,0,1,0
G36006700110,1970,1,2,New York,36,Onondaga,067,,,0110,,8160,,Tract  110,0,1,C,3701,32,1,1,7,0,0,5,5,3815,22,2,5,8,0,0,4,10
G36006700111,1970,1,2,New York,36,Onondaga,067,,,0111,,8160,,Tract  111,0,1,C,5343,58,1,1,6,10,0,6,1,5477,59,5,5,6,8,0,5,0
G36006700112,1970,1,2,New York,36,Onondaga,067,,,0112,,8160,,Tract  112,0,1,C,2392,10,4,1,0,0,0,0,5,2382,5,4,3,0,0,0,0,3
G36006700113,1970,1,2,New York,36,Onondaga,067,,,0113,,8160,,Tract  113,0,1,C,1437,2,2,0,0,1,0,0,0,1486,2,2,0,0,0,0,0,0
G36006700114,1970,1,2,New York,36,Onondaga,067,,,0114,,8160,,Tract  114,0,1,C,2634,11,12,0,0,0,0,0,1,2698,16,6,1,0,0,0,1,0
G36006700115,1970,1,2,New York,36,Onondaga,067,,,0115,,8160,,Tract  115,0,1,C,1262,0,1,0,0,0,0,0,3,1188,0,1,1,0,0,0,0,1
G36006700116,1970,1,2,New York,36,Onondaga,067,,,0116,,8160,,Tract  116,0,1,C,2010,10,3,0,0,0,0,1,0,2091,10,2,2,0,0,0,2,0
G36006700117,1970,1,2,New York,36,Onondaga,067,,,0117,,8160,,Tract  117,0,1,C,1115,5,1,0,0,0,0,0,0,1224,6,3,0,0,0,0,0,1
G36006700118,1970,1,2,New York,36,Onondaga,067,,,0118,,8160,,Tract  118,0,1,C,2689,17,6,2,2,0,0,0,2,2630,10,7,2,1,0,1,1,1
G36006700119,1970,1,2,New York,36,Onondaga,067,,,0119,,8160,,Tract  119,0,1,C,2049,6,8,0,0,0,0,0,1,2058,7,3,0,0,0,0,0,1
G36006700120,1970,1,2,New York,36,Onondaga,067,,,0120,,8160,,Tract  120,0,1,C,2680,11,1,0,0,0,0,0,1,2798,8,2,0,0,0,0,0,2
G36006700121,1970,1,2,New York,36,Onondaga,067,,,0121,,8160,,Tract  121,0,1,C,1147,3,3,2,0,0,0,0,0,1080,1,1,1,0,0,0,0,1
G36006700122,1970,1,2,New York,36,Onondaga,067,,,0122,,8160,,Tract  122,0,1,C,759,1,0,1,0,0,0,0,0,772,0,0,0,1,0,0,0,0
G36006700123,1970,1,2,New York,36,Onondaga,067,,,0123,,8160,,Tract  123,0,1,C,2412,2,0,0,2,0,0,1,1,2519,2,1,3,3,0,0,0,0
G36006700124,1970,1,2,New York,36,Onondaga,067,,,0124,,8160,,Tract  124,0,1,C,2946,2,0,1,0,3,0,3,0,2944,2,1,1,0,4,0,2,0
G36006700125,1970,1,2,New York,36,Onondaga,067,,,0125,,8160,,Tract  125,0,1,C,2476,16,7,0,6,0,0,2,1,2639,17,5,0,4,0,0,1,2
G36006700126,1970,1,2,New York,36,Onondaga,067,,,0126,,8160,,Tract  126,0,1,C,2435,3,2,0,2,0,0,1,1,2423,4,3,0,4,0,1,2,1
G36006700127,1970,1,2,New York,36,Onondaga,067,,,0127,,8160,,Tract  127,0,1,C,1055,40,2,0,2,0,0,0,1,1040,14,1,0,0,0,0,0,0
G36006700128,1970,1,2,New York,36,Onondaga,067,,,0128,,8160,,Tract  128,0,1,C,1400,2,2,0,0,0,0,0,0,1526,2,4,0,0,0,0,1,0
G36006700129,1970,1,2,New York,36,Onondaga,067,,,0129,,8160,,Tract  129,0,1,C,1554,4,11,0,0,0,2,0,0,1789,5,8,1,0,1,3,0,0
G36006700130,1970,1,2,New York,36,Onondaga,067,,,0130,,8160,,Tract  130,0,1,C,2290,0,2,1,0,1,0,0,5,2592,3,2,1,0,0,0,0,5
G36006700131,1970,1,2,New York,36,Onondaga,067,,,0131,,8160,,Tract  131,0,1,C,2611,1,0,0,4,0,1,0,3,2736,5,2,0,2,0,1,0,6
G36006700132,1970,1,2,New York,36,Onondaga,067,,,0132,,8160,,Tract  132,0,1,C,2097,2,2,0,0,10,0,0,0,2315,2,2,0,0,13,0,0,0
G36006700133,1970,1,2,New York,36,Onondaga,067,,,0133,,8160,,Tract  133,0,1,C,1534,0,1,1,2,1,0,0,0,1757,1,2,2,4,0,0,0,2
G36006700134,1970,1,2,New York,36,Onondaga,067,,,0134,,8160,,Tract  134,0,1,C,1904,2,1,0,0,0,0,0,0,1892,3,3,0,0,0,0,0,0
G36006700135,1970,1,2,New York,36,Onondaga,067,,,0135,,8160,,Tract  135,0,1,C,1733,8,1,1,8,0,0,0,1,1842,10,0,3,5,0,0,0,2
G36006700136,1970,1,2,New York,36,Onondaga,067,,,0136,,8160,,Tract  136,0,1,C,1866,0,0,0,6,0,0,0,0,1939,0,1,0,3,0,0,0,0
G36006700137,1970,1,2,New York,36,Onondaga,067,,,0137,,8160,,Tract  137,0,1,C,2349,1,2,0,0,0,0,1,0,2498,6,4,0,0,2,0,1,0
G36006700138,1970,1,2,New York,36,Onondaga,067,,,0138,,8160,,Tract  138,0,1,C,1545,5,1,0,1,0,0,0,1,1597,7,1,0,0,0,0,0,1
G36006700139,1970,1,2,New York,36,Onondaga,067,,,0139,,8160,,Tract  139,0,1,C,1762,4,1,1,0,1,0,0,2,1971,5,4,3,0,1,0,0,0
G36006700140,1970,1,2,New York,36,Onondaga,067,,,0140,,8160,,Tract  140,0,1,C,2534,6,5,1,1,0,0,0,2,2637,6,6,3,0,1,0,0,0
G36006700141,1970,1,2,New York,36,Onondaga,067,,,0141,,8160,,Tract  141,0,1,C,866,0,10,0,0,0,0,0,2,911,0,5,0,0,0,0,0,2
G36006700142,1970,1,2,New York,36,Onondaga,067,,,0142,,8160,,Tract  142,0,1,C,2412,12,3,0,1,0,0,0,1,2514,15,4,0,0,2,0,0,0
G36006700143,1970,1,2,New York,36,Onondaga,067,,,0143,,8160,,Tract  143,0,1,C,2096,2,2,1,0,0,0,0,1,2222,2,3,2,0,0,1,0,1
G36006700144,1970,1,2,New York,36,Onondaga,067,,,0144,,8160,,Tract  144,0,1,C,1735,7,0,4,0,0,1,0,0,1841,5,0,2,0,0,0,0,0
G36006700145,1970,1,2,New York,36,Onondaga,067,,,0145,,8160,,Tract  145,0,1,C,2436,16,5,4,2,1,0,1,6,2420,12,7,5,2,0,0,1,4
G36006700146,1970,1,2,New York,36,Onondaga,067,,,0146,,8160,,Tract  146,0,1,C,3402,34,0,5,6,2,0,1,7,3403,39,2,8,9,1,0,1,3
G36006700147,1970,1,2,New York,36,Onondaga,067,,,0147,,8160,,Tract  147,0,1,C,2358,14,0,0,14,1,0,0,2,2558,12,0,1,14,0,0,0,6
G36006700148,1970,1,2,New York,36,Onondaga,067,,,0148,,8160,,Tract  148,0,1,C,1319,0,0,0,0,0,0,0,1,1388,2,0,0,0,0,0,0,1
G36006700149,1970,1,2,New York,36,Onondaga,067,,,0149,,8160,,Tract  149,0,1,C,914,59,3,0,0,0,0,0,0,750,2,5,0,0,0,0,1,0
G36006700150,1970,1,2,New York,36,Onondaga,067,,,0150,,8160,,Tract  150,0,1,C,2404,3,1,0,3,0,0,0,2,2564,7,0,5,2,1,0,1,3
G36006700151,1970,1,2,New York,36,Onondaga,067,,,0151,,8160,,Tract  151,0,1,C,2297,4,0,0,0,0,0,2,0,2366,3,1,1,1,0,0,2,0
G36006700152,1970,1,2,New York,36,Onondaga,067,,,0152,,8160,,Tract  152,0,1,C,3142,6,5,0,0,0,0,0,1,3222,5,3,2,0,0,0,0,0
G36006700153,1970,1,2,New York,36,Onondaga,067,,,0153,,8160,,Tract  153,0,1,C,397,2,0,0,0,0,0,0,0,361,1,0,0,0,0,0,0,0
G36006700154,1970,1,2,New York,36,Onondaga,067,,,0154,,8160,,Tract  154,0,1,C,1068,1,1,0,0,0,0,0,1,1172,0,1,1,0,0,0,0,0
G36006700155,1970,1,2,New York,36,Onondaga,067,,,0155,,8160,,Tract  155,0,1,C,2200,2,2,1,1,0,0,0,6,2172,1,11,1,0,0,0,1,5
G36006700156,1970,1,2,New York,36,Onondaga,067,,,0156,,8160,,Tract  156,0,1,C,1259,8,1,0,0,0,0,0,0,1330,3,1,0,0,0,0,1,0
G36006700157,1970,1,2,New York,36,Onondaga,067,,,0157,,8160,,Tract  157,0,1,C,2214,1,3,2,0,1,0,0,1,2291,11,5,3,0,0,0,0,4
G36006700158,1970,1,2,New York,36,Onondaga,067,,,0158,,8160,,Tract  158,0,1,C,2122,8,11,0,0,0,0,0,1,2244,3,11,1,0,0,0,0,0
G36006700159,1970,1,2,New York,36,Onondaga,067,,,0159,,8160,,Tract  159,0,1,C,28,0,370,0,0,0,0,0,0,25,0,362,0,0,0,0,0,0
G36006700160,1970,1,2,New York,36,Onondaga,067,,,0160,,8160,,Tract  160,0,1,C,2475,0,13,0,1,0,0,0,2,2487,1,14,0,0,1,0,0,0
G36006700161,1970,1,2,New York,36,Onondaga,067,,,0161,,8160,,Tract  161,0,1,C,659,1,2,0,0,0,0,0,0,608,3,4,0,0,0,0,0,0
G36006700162,1970,1,2,New York,36,Onondaga,067,,,0162,,8160,,Tract  162,0,1,C,1528,91,32,0,0,0,0,0,0,1599,92,44,2,0,0,0,0,1
G36006700163,1970,1,2,New York,36,Onondaga,067,,,0163,,8160,,Tract  163,0,1,C,1914,22,5,0,0,1,0,0,0,1950,11,5,0,0,0,0,0,1
G36006700164,1970,1,2,New York,36,Onondaga,067,,,0164,,8160,,Tract  164,0,1,C,1422,8,4,1,0,0,0,0,0,1544,4,2,1,0,0,0,0,0
G36006700165,1970,1,2,New York,36,Onondaga,067,,,0165,,8160,,Tract  165,0,1,C,2830,3,6,0,0,1,0,0,2,2894,2,2,3,0,1,0,0,0
G36006700166,1970,1,2,New York,36,Onondaga,067,,,0166,,8160,,Tract  166,0,1,C,1427,1,0,0,2,0,0,0,2,1616,1,0,2,2,0,0,0,2
G36006700167,1970,1,2,New York,36,Onondaga,067,,,0167,,8160,,Tract  167,0,1,C,2364,4,0,0,2,0,0,0,2,2385,7,0,2,3,0,0,0,1
G36006700168,1970,1,2,New York,36,Onondaga,067,,,0168,,8160,,Tract  168,0,1,C,1314,0,0,0,0,0,0,0,0,1301,0,3,0,0,0,0,0,0
G36006700169,1970,1,2,New York,36,Onondaga,067,,,0169,,8160,,Tract  169,0,1,C,1679,0,0,1,0,0,0,0,2,1825,0,0,1,0,0,0,0,0
G36007300401,1970,1,2,New York,36,Orleans,073,,,0401,,6840,,Tract  401,1,1,01,3290,247,13,0,0,0,1,0,1,3212,250,10,1,1,0,0,0,0
G36007300402,1970,1,2,New York,36,Orleans,073,,,0402,,6840,,Tract  402,1,1,01,1684,44,4,0,0,0,0,0,0,1603,41,2,0,0,0,0,0,0
G36007300403,1970,1,2,New York,36,Orleans,073,,,0403,,6840,,Tract  403,1,1,01,1349,125,2,1,0,0,0,0,2,1258,41,2,2,0,0,0,0,0
G36007300404,1970,1,2,New York,36,Orleans,073,,,0404,,6840,,Tract  404,1,1,01,1724,100,3,0,1,0,0,0,6,1891,98,5,0,0,0,0,0,3
G36007300405,1970,1,2,New York,36,Orleans,073,,,0405,,6840,,Tract  405,1,1,01,1131,94,4,0,0,0,0,0,0,1278,76,1,0,0,0,0,0,0
G36007300406,1970,1,2,New York,36,Orleans,073,,,0406,,6840,,Tract  406,1,1,01,2767,127,4,0,0,0,0,0,1,2867,203,2,1,0,0,0,1,2
G36007300407,1970,1,2,New York,36,Orleans,073,,,0407,,6840,,Tract  407,1,1,01,2216,199,5,0,0,0,0,0,0,2507,188,4,3,0,0,0,0,0
G36007300408,1970,1,2,New York,36,Orleans,073,,,0408,,6840,,Tract  408,1,1,01,3234,69,1,2,0,0,0,0,0,3226,69,2,4,0,0,0,0,0
G36007500201,1970,1,2,New York,36,Oswego,075,,,0201,,8160,,Tract  201,1,1,C,1202,4,0,0,2,0,0,0,0,1169,3,1,0,0,0,0,0,0
G36007500202,1970,1,2,New York,36,Oswego,075,,,0202,,8160,,Tract  202,1,1,C,1337,0,0,0,0,0,0,0,0,1305,0,0,1,0,0,0,0,1
G3600750020301,1970,1,2,New York,36,Oswego,075,,,020301,,8160,,Tract  203.01,1,1,C,1172,2,0,0,0,0,0,0,2,1301,3,0,0,0,0,0,0,0
G3600750020302,1970,1,2,New York,36,Oswego,075,,,020302,,8160,,Tract  203.02,1,1,C,1446,1,1,0,0,0,0,0,2,1385,0,5,1,0,0,0,0,3
G36007500204,1970,1,2,New York,36,Oswego,075,,,0204,,8160,,Tract  204,1,1,C,2030,6,5,0,0,0,0,0,1,2115,6,9,1,0,0,0,1,0
G36007500205,1970,1,2,New York,36,Oswego,075,,,0205,,8160,,Tract  205,1,1,C,1922,7,0,2,1,0,0,0,1,1847,5,3,2,0,0,0,0,1
G36007500206,1970,1,2,New York,36,Oswego,075,,,0206,,8160,,Tract  206,1,1,C,1784,0,0,0,0,0,0,0,0,1754,0,6,1,0,1,0,0,1
G3600750020701,1970,1,2,New York,36,Oswego,075,,,020701,,8160,,Tract  207.01,1,1,C,1278,0,4,0,0,0,0,0,0,1241,0,7,1,0,1,1,1,1
G3600750020702,1970,1,2,New York,36,Oswego,075,,,020702,,8160,,Tract  207.02,1,1,C,1453,0,0,0,0,0,0,0,0,1583,0,0,0,0,0,0,0,0
G3600750020703,1970,1,2,New York,36,Oswego,075,,,020703,,8160,,Tract  207.03,1,1,C,1481,6,1,3,0,0,0,0,2,1505,4,2,1,0,1,0,0,0
G36007500208,1970,1,2,New York,36,Oswego,075,,,0208,,8160,,Tract  208,1,1,C,1141,2,0,1,0,0,0,0,0,1166,5,0,6,0,0,0,0,0
G3600750020901,1970,1,2,New York,36,Oswego,075,,,020901,,8160,,Tract  209.01,1,1,C,1232,3,0,0,0,0,0,0,0,1377,4,0,1,0,0,0,0,0
G3600750020902,1970,1,2,New York,36,Oswego,075,,,020902,,8160,,Tract  209.02,1,1,C,2260,21,5,0,0,0,0,4,0,2221,16,4,1,0,1,0,2,1
G36007500210,1970,1,2,New York,36,Oswego,075,,,0210,,8160,,Tract  210,1,1,C,2299,5,3,0,0,0,0,0,2,2198,7,3,1,0,0,0,0,2
G3600750021101,1970,1,2,New York,36,Oswego,075,,,021101,,8160,,Tract  211.01,1,1,C,2337,14,12,0,0,0,0,0,0,2566,12,12,0,0,0,1,0,0
G3600750021102,1970,1,2,New York,36,Oswego,075,,,021102,,8160,,Tract  211.02,1,1,C,1377,13,0,0,0,0,0,0,0,1557,20,0,0,0,0,0,0,0
G3600750021103,1970,1,2,New York,36,Oswego,075,,,021103,,8160,,Tract  211.03,1,1,C,1582,5,0,0,0,0,0,0,0,1680,7,1,0,0,1,0,0,1
G3600750021104,1970,1,2,New York,36,Oswego,075,,,021104,,8160,,Tract  211.04,1,1,C,1300,3,7,0,0,0,0,0,0,1493,0,2,0,0,0,0,0,0
G36007500212,1970,1,2,New York,36,Oswego,075,,,0212,,8160,,Tract  212,1,1,C,2317,3,1,0,0,0,0,0,5,2387,3,0,0,0,0,0,0,2
G36007500213,1970,1,2,New York,36,Oswego,075,,,0213,,8160,,Tract  213,1,1,C,1561,16,0,0,0,0,0,0,1,1577,8,0,0,0,0,1,0,1
G3600750021401,1970,1,2,New York,36,Oswego,075,,,021401,,8160,,Tract  214.01,1,1,C,1808,3,0,2,0,0,0,0,0,1765,3,0,1,0,0,0,0,1
G3600750021402,1970,1,2,New York,36,Oswego,075,,,021402,,8160,,Tract  214.02,1,1,C,819,0,0,0,0,0,3,0,3,857,0,0,1,0,0,1,0,4
G3600750021501,1970,1,2,New York,36,Oswego,075,,,021501,,8160,,Tract  215.01,1,1,C,935,0,0,0,0,0,0,0,1,908,1,0,0,0,0,0,0,0
G3600750021502,1970,1,2,New York,36,Oswego,075,,,021502,,8160,,Tract  215.02,1,1,C,1797,0,2,0,0,0,0,0,0,1815,0,5,0,0,0,0,0,0
G3600750021601,1970,1,2,New York,36,Oswego,075,,,021601,,8160,,Tract  216.01,1,1,C,1845,1,0,1,0,0,0,0,4,2161,0,3,3,0,0,0,0,3
G3600750021602,1970,1,2,New York,36,Oswego,075,,,021602,,8160,,Tract  216.02,1,1,C,3067,30,1,1,13,2,0,0,10,3566,26,1,0,4,4,0,0,2
G3600750021603,1970,1,2,New York,36,Oswego,075,,,021603,,8160,,Tract  216.03,1,1,C,1817,2,0,1,0,0,0,0,1,1971,0,0,1,0,0,0,0,0
G3600750021604,1970,1,2,New York,36,Oswego,075,,,021604,,8160,,Tract  216.04,1,1,C,2063,5,0,0,2,0,0,0,0,2336,6,0,0,2,0,0,0,1
G3600750021605,1970,1,2,New York,36,Oswego,075,,,021605,,8160,,Tract  216.05,1,1,C,2318,0,3,0,0,0,0,0,0,2556,1,1,1,0,0,0,0,0
G3600750021699,1970,1,2,New York,36,Oswego,075,,,021699,,8160,,Tract  216.99,1,1,C,7,1,0,0,0,0,0,0,0,0,0,0,0,0,0,0,0,0
G36008100001,1970,1,2,New York,36,Queens,081,,,0001,A,5600,,Tract    1,0,1,G,8,0,0,0,0,0,0,0,0,12,0,0,0,0,0,0,0,0
G36008100002,1970,1,2,New York,36,Queens,081,,,0002,A,5600,,Tract    2,0,1,G,967,0,0,0,0,0,0,0,3,1118,1,0,0,0,1,0,0,2
G36008100004,1970,1,2,New York,36,Queens,081,,,0004,A,5600,,Tract    4,0,1,G,1570,1,0,0,8,1,0,0,5,1767,3,1,0,11,1,0,1,2
G36008100006,1970,1,2,New York,36,Queens,081,,,0006,A,5600,,Tract    6,0,1,G,1289,0,0,0,3,1,0,0,0,1453,0,0,1,2,0,0,0,0
G36008100007,1970,1,2,New York,36,Queens,081,,,0007,A,5600,,Tract    7,0,1,G,2329,11,6,2,14,1,0,0,36,2356,15,2,1,11,3,0,0,26
G36008100008,1970,1,2,New York,36,Queens,081,,,0008,A,5600,,Tract    8,0,1,G,1279,0,0,0,4,0,0,0,3,1452,0,0,0,3,0,0,0,3
G36008100010,1970,1,2,New York,36,Queens,081,,,0010,A,5600,,Tract   10,0,1,G,1184,9,1,1,5,0,0,1,2,1413,4,0,1,6,0,1,0,3
G36008100012,1970,1,2,New York,36,Queens,081,,,0012,A,5600,,Tract   12,0,1,G,1409,3,0,1,2,0,0,0,2,1693,4,0,2,2,0,0,0,2
G36008100014,1970,1,2,New York,36,Queens,081,,,0014,A,5600,,Tract   14,0,1,G,1331,0,0,0,3,1,0,0,1,1642,1,0,0,8,0,0,1,0
G36008100016,1970,1,2,New York,36,Queens,081,,,0016,A,5600,,Tract   16,0,1,G,1163,0,0,0,7,0,0,0,0,1344,0,1,1,9,1,0,0,0
G36008100018,1970,1,2,New York,36,Queens,081,,,0018,A,5600,,Tract   18,0,1,G,1090,0,0,1,1,2,0,0,0,1251,0,0,1,1,0,0,0,0
G36008100019,1970,1,2,New York,36,Queens,081,,,0019,A,5600,,Tract   19,0,1,G,484,167,0,0,5,0,0,0,6,424,30,0,0,4,0,0,0,3
G36008100020,1970,1,2,New York,36,Queens,081,,,0020,A,5600,,Tract   20,0,1,G,484,0,0,1,0,0,0,0,0,530,0,0,1,0,0,0,0,1
G36008100022,1970,1,2,New York,36,Queens,081,,,0022,A,5600,,Tract   22,0,1,G,897,0,0,0,2,0,0,0,0,1206,1,0,0,3,0,0,0,0
G36008100024,1970,1,2,New York,36,Queens,081,,,0024,A,5600,,Tract   24,0,1,G,729,1,0,0,0,0,0,0,1,808,0,0,0,0,0,0,0,0
G36008100025,1970,1,2,New York,36,Queens,081,,,0025,A,5600,,Tract   25,0,1,G,1197,2553,9,2,0,1,0,0,38,1808,3366,17,0,1,2,1,0,55
G36008100026,1970,1,2,New York,36,Queens,081,,,0026,A,5600,,Tract   26,0,1,G,781,9,0,1,2,0,0,0,0,894,5,0,0,1,1,0,0,0
G36008100027,1970,1,2,New York,36,Queens,081,,,0027,A,5600,,Tract   27,0,1,G,191,0,0,0,10,0,0,0,0,171,1,0,0,11,0,0,0,0
G36008100028,1970,1,2,New York,36,Queens,081,,,0028,A,5600,,Tract   28,0,1,G,980,1,0,0,1,0,0,0,0,1187,2,0,0,0,1,0,0,1
G36008100029,1970,1,2,New York,36,Queens,081,,,0029,A,5600,,Tract   29,0,1,G,437,6,0,2,9,2,0,0,9,500,5,1,2,11,3,0,0,7
G36008100030,1970,1,2,New York,36,Queens,081,,,0030,A,5600,,Tract   30,0,1,G,525,0,1,0,0,0,0,0,0,549,0,1,0,0,0,0,0,0
G36008100031,1970,1,2,New York,36,Queens,081,,,0031,A,5600,,Tract   31,0,1,G,288,0,0,0,3,0,0,0,0,301,0,0,0,1,0,0,1,0
G36008100032,1970,1,2,New York,36,Queens,081,,,0032,A,5600,,Tract   32,0,1,G,564,10,0,1,0,0,0,0,0,668,17,1,1,0,0,0,0,1
G36008100034,1970,1,2,New York,36,Queens,081,,,0034,A,5600,,Tract   34,0,1,G,766,0,3,0,0,0,0,0,0,860,0,2,0,0,0,0,0,0
G36008100035,1970,1,2,New York,36,Queens,081,,,0035,A,5600,,Tract   35,0,1,G,169,12,2,0,0,0,0,0,5,181,9,4,0,0,0,0,0,5
G36008100036,1970,1,2,New York,36,Queens,081,,,0036,A,5600,,Tract   36,0,1,G,1278,0,0,0,0,0,0,0,0,1481,0,0,0,0,0,0,0,0
G36008100038,1970,1,2,New York,36,Queens,081,,,0038,A,5600,,Tract   38,0,1,G,953,1,0,1,0,0,0,0,1,1037,0,0,0,0,0,0,1,2
G36008100039,1970,1,2,New York,36,Queens,081,,,0039,A,5600,,Tract   39,0,1,G,519,28,0,0,0,0,0,0,8,628,14,0,0,0,0,0,0,3
G3600810004001,1970,1,2,New York,36,Queens,081,,,004001,A,5600,,Tract   40.01,0,1,G,819,5,0,0,0,0,0,0,4,934,5,0,0,0,0,0,0,0
G3600810004002,1970,1,2,New York,36,Queens,081,,,004002,A,5600,,Tract   40.02,0,1,G,422,0,0,0,2,0,0,0,0,536,0,0,0,3,0,0,0,0
G36008100041,1970,1,2,New York,36,Queens,081,,,0041,A,5600,,Tract   41,0,1,G,444,5,0,0,0,0,0,2,0,508,5,0,0,0,0,0,2,0
G36008100042,1970,1,2,New York,36,Queens,081,,,0042,A,5600,,Tract   42,0,1,G,1399,0,0,0,2,0,0,0,2,1552,1,2,0,4,0,0,0,2
G36008100043,1970,1,2,New York,36,Queens,081,,,0043,A,5600,,Tract   43,0,1,G,1189,367,0,1,6,0,0,0,5,1266,410,1,1,7,0,0,0,8
G3600810004401,1970,1,2,New York,36,Queens,081,,,004401,A,5600,,Tract   44.01,0,1,G,1308,1,0,0,4,1,0,0,0,1429,1,0,2,5,1,0,0,0
G3600810004402,1970,1,2,New York,36,Queens,081,,,004402,A,5600,,Tract   44.02,0,1,G,117,0,0,0,0,0,0,0,0,101,0,0,0,0,0,0,0,0
G36008100045,1970,1,2,New York,36,Queens,081,,,0045,A,5600,,Tract   45,0,1,G,1479,30,0,5,13,3,0,0,2,1624,37,0,7,11,3,0,0,2
G36008100047,1970,1,2,New York,36,Queens,081,,,0047,A,5600,,Tract   47,0,1,G,2179,337,0,8,6,0,0,0,13,2430,362,1,10,11,0,0,0,16
G36008100049,1970,1,2,New York,36,Queens,081,,,0049,A,5600,,Tract   49,0,1,G,187,0,0,0,13,1,0,0,1,220,0,0,0,20,1,0,0,2
G36008100050,1970,1,2,New York,36,Queens,081,,,0050,A,5600,,Tract   50,0,1,G,13,0,0,0,0,0,0,0,0,12,0,0,0,0,0,0,0,0
G36008100051,1970,1,2,New York,36,Queens,081,,,0051,A,5600,,Tract   51,0,1,G,829,10,1,1,15,3,0,2,3,887,3,1,2,10,2,0,1,2
G36008100052,1970,1,2,New York,36,Queens,081,,,0052,A,5600,,Tract   52,0,1,G,831,3,0,0,0,2,0,0,2,974,0,0,0,0,1,0,0,1
G36008100053,1970,1,2,New York,36,Queens,081,,,0053,A,5600,,Tract   53,0,1,G,2103,5,1,4,15,2,0,0,3,2578,4,5,7,14,2,0,2,8
G36008100054,1970,1,2,New York,36,Queens,081,,,0054,A,5600,,Tract   54,0,1,G,2116,2,0,1,0,0,0,0,1,2386,1,0,0,0,0,0,0,2
G36008100055,1970,1,2,New York,36,Queens,081,,,0055,A,5600,,Tract   55,0,1,G,384,2,0,1,9,5,0,0,1,421,2,0,3,15,5,0,0,0
G36008100057,1970,1,2,New York,36,Queens,081,,,0057,A,5600,,Tract   57,0,1,G,1911,19,1,4,15,5,0,6,15,2191,4,3,3,12,9,0,12,8
G36008100058,1970,1,2,New York,36,Queens,081,,,0058,A,5600,,Tract   58,0,1,G,2032,0,1,0,0,3,0,0,1,2240,1,0,1,0,1,0,0,1
G36008100059,1970,1,2,New York,36,Queens,081,,,0059,A,5600,,Tract   59,0,1,G,2023,9,1,5,9,0,0,1,3,2411,6,1,3,6,0,0,1,4
G36008100061,1970,1,2,New York,36,Queens,081,,,0061,A,5600,,Tract   61,0,1,G,2910,3,4,4,18,5,0,1,6,3245,4,5,2,19,5,1,1,10
G36008100062,1970,1,2,New York,36,Queens,081,,,0062,A,5600,,Tract   62,0,1,G,6119,48,1,2,24,3,0,0,5,6385,77,6,3,11,1,0,1,6
G36008100063,1970,1,2,New York,36,Queens,081,,,0063,A,5600,,Tract   63,0,1,G,2940,4,0,1,22,0,0,0,9,3286,7,0,1,10,0,4,0,9
G36008100065,1970,1,2,New York,36,Queens,081,,,0065,A,5600,,Tract   65,0,1,G,3293,4,0,1,30,2,0,4,6,3916,7,1,4,30,0,0,4,6
G36008100067,1970,1,2,New York,36,Queens,081,,,0067,A,5600,,Tract   67,0,1,G,644,0,0,0,1,0,0,0,0,764,0,0,2,2,0,0,0,0
G36008100069,1970,1,2,New York,36,Queens,081,,,0069,A,5600,,Tract   69,0,1,G,1755,12,3,1,8,1,0,0,7,1857,18,3,0,3,1,0,0,6
G36008100071,1970,1,2,New York,36,Queens,081,,,0071,A,5600,,Tract   71,0,1,G,1951,1,2,3,16,2,2,1,1,2272,1,2,8,13,2,1,2,0
G36008100073,1970,1,2,New York,36,Queens,081,,,0073,A,5600,,Tract   73,0,1,G,2210,6,2,4,20,3,0,5,2,2559,5,0,5,23,3,0,7,1
G36008100075,1970,1,2,New York,36,Queens,081,,,0075,A,5600,,Tract   75,0,1,G,1904,7,1,12,23,6,0,4,6,2268,9,2,11,21,6,1,3,3
G36008100077,1970,1,2,New York,36,Queens,081,,,0077,A,5600,,Tract   77,0,1,G,558,0,0,2,4,0,0,0,1,642,4,2,0,2,0,0,0,0
G36008100079,1970,1,2,New York,36,Queens,081,,,0079,A,5600,,Tract   79,0,1,G,1407,2,1,4,3,3,0,0,3,1530,1,0,3,3,0,0,0,5
G36008100081,1970,1,2,New York,36,Queens,081,,,0081,A,5600,,Tract   81,0,1,G,254,1,0,1,0,0,0,0,0,286,1,0,1,0,1,0,0,0
G36008100083,1970,1,2,New York,36,Queens,081,,,0083,A,5600,,Tract   83,0,1,G,901,13,2,2,1,0,0,3,15,1028,16,2,4,0,0,0,0,10
G36008100086,1970,1,2,New York,36,Queens,081,,,0086,A,5600,,Tract   86,0,1,G,1203,6,0,0,0,0,0,0,0,1349,6,3,0,0,0,0,0,1
G36008100087,1970,1,2,New York,36,Queens,081,,,0087,A,5600,,Tract   87,0,1,G,1047,1386,2,0,4,1,0,0,12,1046,1689,8,0,0,0,1,2,23
G36008100088,1970,1,2,New York,36,Queens,081,,,0088,A,5600,,Tract   88,0,1,G,1016,0,0,1,0,0,0,0,0,1052,0,0,1,0,0,0,0,0
G36008100091,1970,1,2,New York,36,Queens,081,,,0091,A,5600,,Tract   91,0,1,G,811,0,0,0,0,1,0,0,0,842,1,0,1,0,2,0,0,1
G36008100094,1970,1,2,New York,36,Queens,081,,,0094,A,5600,,Tract   94,0,1,G,1078,1,2,1,12,0,0,0,0,1234,8,0,1,10,1,1,0,0
G36008100095,1970,1,2,New York,36,Queens,081,,,0095,A,5600,,Tract   95,0,1,G,1330,0,0,0,14,0,0,0,6,1458,0,0,0,7,0,0,0,2
G36008100096,1970,1,2,New York,36,Queens,081,,,0096,A,5600,,Tract   96,0,1,G,1390,1,0,2,1,0,0,0,0,1544,1,0,2,3,0,0,0,1
G36008100097,1970,1,2,New York,36,Queens,081,,,0097,A,5600,,Tract   97,0,1,G,1808,0,1,0,3,2,0,0,5,1985,0,0,0,6,0,0,1,4
G36008100098,1970,1,2,New York,36,Queens,081,,,0098,A,5600,,Tract   98,0,1,G,975,0,0,0,4,0,0,0,1,1106,1,0,0,4,0,0,0,1
G36008100099,1970,1,2,New York,36,Queens,081,,,0099,A,5600,,Tract   99,0,1,G,7,0,0,0,0,0,0,0,0,7,0,0,0,0,0,0,0,0
G36008100100,1970,1,2,New York,36,Queens,081,,,0100,A,5600,,Tract  100,0,1,G,1304,2,0,0,0,0,0,0,2,1461,1,0,0,0,0,0,0,3
G36008100101,1970,1,2,New York,36,Queens,081,,,0101,A,5600,,Tract  101,0,1,G,1511,0,0,0,2,1,0,0,5,1572,0,0,3,4,0,0,0,3
G36008100102,1970,1,2,New York,36,Queens,081,,,0102,A,5600,,Tract  102,0,1,G,917,1,0,1,3,0,0,0,0,1093,6,2,0,1,0,0,0,0
G36008100103,1970,1,2,New York,36,Queens,081,,,0103,A,5600,,Tract  103,0,1,G,2376,5,5,5,16,3,0,0,12,2603,9,6,5,11,4,0,0,12
G36008100104,1970,1,2,New York,36,Queens,081,,,0104,A,5600,,Tract  104,0,1,G,1096,2,0,0,0,0,0,0,0,1256,3,0,1,0,0,0,0,0
G36008100105,1970,1,2,New York,36,Queens,081,,,0105,A,5600,,Tract  105,0,1,G,2313,233,3,10,47,16,0,0,39,2470,255,7,10,48,8,0,0,44
G36008100106,1970,1,2,New York,36,Queens,081,,,0106,A,5600,,Tract  106,0,1,G,1151,0,0,0,3,0,0,0,2,1265,1,3,0,2,0,0,0,2
G36008100107,1970,1,2,New York,36,Queens,081,,,0107,A,5600,,Tract  107,0,1,G,37,0,0,0,0,0,0,0,0,40,0,0,0,0,0,0,0,0
G36008100108,1970,1,2,New York,36,Queens,081,,,0108,A,5600,,Tract  108,0,1,G,1048,9,0,0,2,0,0,0,0,1163,11,0,0,3,0,0,0,0
G36008100110,1970,1,2,New York,36,Queens,081,,,0110,A,5600,,Tract  110,0,1,G,984,0,0,0,3,0,0,0,1,1082,0,1,0,4,0,0,0,2
G36008100111,1970,1,2,New York,36,Queens,081,,,0111,A,5600,,Tract  111,0,1,G,1391,5,1,0,8,1,0,2,13,1696,12,6,1,6,3,0,1,10
G36008100112,1970,1,2,New York,36,Queens,081,,,0112,A,5600,,Tract  112,0,1,G,925,3,0,0,0,0,0,0,1,1057,5,0,0,1,0,0,0,0
G36008100113,1970,1,2,New York,36,Queens,081,,,0113,A,5600,,Tract  113,0,1,G,2524,1,1,1,1,2,0,2,2,2926,1,4,1,2,1,0,2,1
G36008100114,1970,1,2,New York,36,Queens,081,,,0114,A,5600,,Tract  114,0,1,G,499,26,0,0,0,0,0,0,0,524,37,0,0,0,0,0,0,0
G36008100115,1970,1,2,New York,36,Queens,081,,,0115,A,5600,,Tract  115,0,1,G,1465,5,0,0,2,1,0,3,1,1621,4,0,0,2,3,0,3,2
G36008100116,1970,1,2,New York,36,Queens,081,,,0116,A,5600,,Tract  116,0,1,G,737,1,0,1,5,0,0,0,0,881,2,0,0,10,0,0,0,0
G36008100117,1970,1,2,New York,36,Queens,081,,,0117,A,5600,,Tract  117,0,1,G,2050,0,0,0,1,0,0,1,6,2334,0,0,1,1,0,0,0,6
G36008100118,1970,1,2,New York,36,Queens,081,,,0118,A,5600,,Tract  118,0,1,G,861,1,0,0,0,0,0,1,0,972,0,1,1,0,0,1,1,0
G36008100119,1970,1,2,New York,36,Queens,081,,,0119,A,5600,,Tract  119,0,1,G,957,2,0,3,11,0,0,0,3,1041,3,0,3,14,1,0,0,2
G36008100120,1970,1,2,New York,36,Queens,081,,,0120,A,5600,,Tract  120,0,1,G,768,2,0,0,2,0,0,0,0,892,4,1,1,3,0,0,0,2
G36008100121,1970,1,2,New York,36,Queens,081,,,0121,A,5600,,Tract  121,0,1,G,1076,0,0,0,0,1,0,0,0,1255,0,0,0,1,0,0,0,0
G36008100122,1970,1,2,New York,36,Queens,081,,,0122,A,5600,,Tract  122,0,1,G,925,2,1,2,1,0,0,0,0,1084,4,0,1,1,0,0,0,0
G36008100123,1970,1,2,New York,36,Queens,081,,,0123,A,5600,,Tract  123,0,1,G,1477,2,0,0,3,1,0,0,2,1663,4,0,0,3,0,1,0,2
G36008100124,1970,1,2,New York,36,Queens,081,,,0124,A,5600,,Tract  124,0,1,G,896,0,1,1,2,0,0,0,6,1045,0,2,0,4,0,0,0,5
G3600810012601,1970,1,2,New York,36,Queens,081,,,012601,A,5600,,Tract  126.01,0,1,G,753,0,4,0,0,0,0,0,0,932,3,2,2,0,0,0,0,0
G3600810012602,1970,1,2,New York,36,Queens,081,,,012602,A,5600,,Tract  126.02,0,1,G,1046,0,0,0,3,1,0,0,1,1176,0,0,0,3,1,0,0,0
G36008100128,1970,1,2,New York,36,Queens,081,,,0128,A,5600,,Tract  128,0,1,G,451,0,0,0,0,0,0,0,0,578,0,0,0,0,0,0,0,0
G36008100130,1970,1,2,New York,36,Queens,081,,,0130,A,5600,,Tract  130,0,1,G,586,2,0,0,0,0,0,0,0,781,3,0,2,0,0,0,0,0
G36008100132,1970,1,2,New York,36,Queens,081,,,0132,A,5600,,Tract  132,0,1,G,594,0,0,1,8,1,0,0,3,709,0,0,1,7,0,0,0,3
G36008100134,1970,1,2,New York,36,Queens,081,,,0134,A,5600,,Tract  134,0,1,G,2248,37,1,26,10,2,1,5,21,2820,45,1,23,10,4,0,3,11
G36008100135,1970,1,2,New York,36,Queens,081,,,0135,A,5600,,Tract  135,0,1,G,689,0,0,0,0,0,0,0,1,717,0,0,0,0,0,0,0,0
G36008100136,1970,1,2,New York,36,Queens,081,,,0136,A,5600,,Tract  136,0,1,G,854,10,0,3,3,1,0,0,2,970,9,2,5,5,0,0,0,3
G36008100137,1970,1,2,New York,36,Queens,081,,,0137,A,5600,,Tract  137,0,1,G,691,2,0,0,1,0,0,0,0,741,0,0,0,3,0,0,0,0
G36008100138,1970,1,2,New York,36,Queens,081,,,0138,A,5600,,Tract  138,0,1,G,1330,34,1,17,5,0,0,3,1,1519,41,0,21,5,0,0,3,2
G36008100140,1970,1,2,New York,36,Queens,081,,,0140,A,5600,,Tract  140,0,1,G,1235,2,3,5,8,0,0,9,11,1570,4,1,6,8,0,0,5,13
G36008100141,1970,1,2,New York,36,Queens,081,,,0141,A,5600,,Tract  141,0,1,G,861,0,0,0,0,0,0,4,0,967,1,0,0,0,0,0,3,1
G3600810014201,1970,1,2,New York,36,Queens,081,,,014201,A,5600,,Tract  142.01,0,1,G,816,0,0,1,2,1,0,0,1,906,0,0,1,3,0,0,0,5
G3600810014202,1970,1,2,New York,36,Queens,081,,,014202,A,5600,,Tract  142.02,0,1,G,1029,13,0,7,1,8,0,12,17,1106,16,1,5,2,8,0,10,16
G36008100143,1970,1,2,New York,36,Queens,081,,,0143,A,5600,,Tract  143,0,1,G,1936,2,3,2,0,0,0,0,3,2217,1,1,2,0,0,0,0,4
G36008100144,1970,1,2,New York,36,Queens,081,,,0144,A,5600,,Tract  144,0,1,G,567,0,0,0,0,0,0,0,0,621,0,0,0,0,0,0,0,0
G36008100145,1970,1,2,New York,36,Queens,081,,,0145,A,5600,,Tract  145,0,1,G,1148,0,0,1,15,0,0,0,1,1294,0,1,0,16,0,0,0,1
G36008100147,1970,1,2,New York,36,Queens,081,,,0147,A,5600,,Tract  147,0,1,G,1495,0,0,0,6,0,0,0,2,1657,2,0,0,3,0,0,0,5
G36008100148,1970,1,2,New York,36,Queens,081,,,0148,A,5600,,Tract  148,0,1,G,708,0,2,0,0,0,0,0,0,775,1,0,0,0,0,0,0,0
G36008100149,1970,1,2,New York,36,Queens,081,,,0149,A,5600,,Tract  149,0,1,G,1376,0,0,0,19,4,0,1,3,1470,0,0,0,21,0,0,1,5
G36008100150,1970,1,2,New York,36,Queens,081,,,0150,A,5600,,Tract  150,0,1,G,862,7,0,0,1,0,0,0,0,912,7,0,1,0,0,0,0,2
G36008100151,1970,1,2,New York,36,Queens,081,,,0151,A,5600,,Tract  151,0,1,G,1283,0,0,3,23,3,0,0,0,1505,0,0,4,24,1,0,0,0
G36008100152,1970,1,2,New York,36,Queens,081,,,0152,A,5600,,Tract  152,0,1,G,802,85,3,5,3,0,0,0,2,864,110,1,3,8,0,0,0,6
G36008100153,1970,1,2,New York,36,Queens,081,,,0153,A,5600,,Tract  153,0,1,G,921,2,0,1,47,3,0,0,4,1072,1,0,2,37,4,0,0,4
G36008100154,1970,1,2,New York,36,Queens,081,,,0154,A,5600,,Tract  154,0,1,G,696,1,0,0,0,0,0,0,0,784,0,0,0,0,0,0,2,0
G36008100155,1970,1,2,New York,36,Queens,081,,,0155,A,5600,,Tract  155,0,1,G,1066,0,0,0,3,1,0,0,0,1195,0,1,0,2,0,0,1,1
G36008100156,1970,1,2,New York,36,Queens,081,,,0156,A,5600,,Tract  156,0,1,G,966,3,0,0,0,1,0,0,1,1076,4,0,1,0,0,0,0,1
G36008100157,1970,1,2,New York,36,Queens,081,,,0157,A,5600,,Tract  157,0,1,G,614,0,0,0,1,0,0,0,5,724,3,0,0,1,0,0,0,3
G36008100158,1970,1,2,New York,36,Queens,081,,,0158,A,5600,,Tract  158,0,1,G,2559,623,1,0,17,6,0,0,22,2829,680,2,1,14,1,0,0,28
G36008100159,1970,1,2,New York,36,Queens,081,,,0159,A,5600,,Tract  159,0,1,G,2288,1,0,2,15,4,0,1,3,2478,13,0,1,16,8,0,1,0
G36008100161,1970,1,2,New York,36,Queens,081,,,0161,A,5600,,Tract  161,0,1,G,897,0,0,3,39,1,0,1,2,1074,0,0,4,51,0,0,3,1
G36008100163,1970,1,2,New York,36,Queens,081,,,0163,A,5600,,Tract  163,0,1,G,2112,506,4,0,38,5,0,0,20,2208,572,7,2,40,4,0,2,22
G36008100164,1970,1,2,New York,36,Queens,081,,,0164,A,5600,,Tract  164,0,1,G,1009,86,2,0,6,0,0,0,5,1109,86,1,1,2,1,1,1,0
G36008100166,1970,1,2,New York,36,Queens,081,,,0166,A,5600,,Tract  166,0,1,G,1036,0,1,4,4,10,0,0,1,1178,0,0,3,5,2,0,0,2
G36008100168,1970,1,2,New York,36,Queens,081,,,0168,A,5600,,Tract  168,0,1,G,921,12,0,0,4,0,0,0,1,1026,9,0,0,1,0,0,0,2
G36008100169,1970,1,2,New York,36,Queens,081,,,0169,A,5600,,Tract  169,0,1,G,2439,21,0,1,20,2,0,11,6,3082,21,2,4,16,3,0,5,6
G36008100170,1970,1,2,New York,36,Queens,081,,,0170,A,5600,,Tract  170,0,1,G,663,671,2,0,3,4,0,0,10,735,793,0,0,7,1,0,0,17
G36008100172,1970,1,2,New York,36,Queens,081,,,0172,A,5600,,Tract  172,0,1,G,492,561,0,0,0,2,0,0,7,483,624,4,0,0,0,0,0,9
G36008100174,1970,1,2,New York,36,Queens,081,,,0174,A,5600,,Tract  174,0,1,G,367,711,1,0,6,1,0,0,5,389,804,3,0,9,0,0,0,5
G36008100176,1970,1,2,New York,36,Queens,081,,,0176,A,5600,,Tract  176,0,1,G,313,613,3,0,0,0,0,0,17,352,752,4,2,0,0,0,0,8
G36008100178,1970,1,2,New York,36,Queens,081,,,0178,A,5600,,Tract  178,0,1,G,261,632,5,0,3,1,0,0,4,272,685,4,1,1,0,1,0,3
G36008100179,1970,1,2,New York,36,Queens,081,,,0179,A,5600,,Tract  179,0,1,G,485,112,0,2,6,1,0,3,1,472,1,0,2,3,0,0,2,1
G36008100180,1970,1,2,New York,36,Queens,081,,,0180,A,5600,,Tract  180,0,1,G,105,418,2,0,0,0,0,0,2,110,470,5,0,0,0,0,0,0
G36008100181,1970,1,2,New York,36,Queens,081,,,0181,A,5600,,Tract  181,0,1,G,3554,18,2,1,32,6,1,10,6,4577,23,4,2,47,4,0,16,9
G36008100182,1970,1,2,New York,36,Queens,081,,,0182,A,5600,,Tract  182,0,1,G,74,1110,2,0,1,2,0,0,6,72,1175,6,0,2,1,0,0,5
G36008100183,1970,1,2,New York,36,Queens,081,,,0183,A,5600,,Tract  183,0,1,G,2408,6,1,3,22,2,1,15,4,3158,10,0,6,16,0,0,12,5
G3600810018401,1970,1,2,New York,36,Queens,081,,,018401,A,5600,,Tract  184.01,0,1,G,28,778,3,0,0,0,0,0,7,31,848,5,0,0,0,0,0,7
G3600810018402,1970,1,2,New York,36,Queens,081,,,018402,A,5600,,Tract  184.02,0,1,G,51,1006,1,0,2,0,0,0,2,45,1183,1,0,3,0,0,0,2
G36008100185,1970,1,2,New York,36,Queens,081,,,0185,A,5600,,Tract  185,0,1,G,2813,9,4,1,36,6,1,6,21,3376,11,1,6,31,7,0,9,11
G36008100186,1970,1,2,New York,36,Queens,081,,,0186,A,5600,,Tract  186,0,1,G,34,824,4,0,0,0,0,1,1,32,917,2,1,0,1,0,0,8
G36008100187,1970,1,2,New York,36,Queens,081,,,0187,A,5600,,Tract  187,0,1,G,1286,1,0,4,5,5,0,1,6,1513,4,0,9,9,2,0,1,7
G36008100188,1970,1,2,New York,36,Queens,081,,,0188,A,5600,,Tract  188,0,1,G,29,564,1,0,0,0,0,0,8,44,683,3,0,0,0,0,0,6
G36008100189,1970,1,2,New York,36,Queens,081,,,0189,A,5600,,Tract  189,0,1,G,1553,24,1,4,48,3,0,6,6,1888,23,0,4,61,1,0,4,6
G36008100190,1970,1,2,New York,36,Queens,081,,,0190,A,5600,,Tract  190,0,1,G,44,941,3,0,4,0,0,0,4,41,1066,2,1,2,0,0,0,8
G36008100192,1970,1,2,New York,36,Queens,081,,,0192,A,5600,,Tract  192,0,1,G,45,972,3,0,0,0,0,0,1,44,1161,2,1,0,0,0,0,4
G3600810019401,1970,1,2,New York,36,Queens,081,,,019401,A,5600,,Tract  194.01,0,1,G,48,439,0,0,0,0,0,0,7,64,502,1,0,0,0,0,0,8
G3600810019402,1970,1,2,New York,36,Queens,081,,,019402,A,5600,,Tract  194.02,0,1,G,35,668,7,1,1,0,0,0,2,43,841,2,2,2,0,0,0,2
G36008100196,1970,1,2,New York,36,Queens,081,,,0196,A,5600,,Tract  196,0,1,G,267,1023,2,0,0,0,0,0,9,281,1174,3,0,0,2,0,0,10
G36008100197,1970,1,2,New York,36,Queens,081,,,0197,A,5600,,Tract  197,0,1,G,324,0,0,0,0,0,0,0,1,329,0,0,0,0,0,0,0,2
G36008100198,1970,1,2,New York,36,Queens,081,,,0198,A,5600,,Tract  198,0,1,G,321,796,0,0,0,1,0,0,1,378,991,0,0,0,0,0,0,0
G36008100202,1970,1,2,New York,36,Queens,081,,,0202,A,5600,,Tract  202,0,1,G,54,596,2,0,0,0,0,0,0,71,645,0,0,0,0,0,0,1
G36008100204,1970,1,2,New York,36,Queens,081,,,0204,A,5600,,Tract  204,0,1,G,325,610,1,0,0,1,0,0,1,341,759,1,0,0,0,0,0,3
G3600810020501,1970,1,2,New York,36,Queens,081,,,020501,A,5600,,Tract  205.01,0,1,G,151,0,0,0,0,1,0,0,1,167,0,0,0,0,1,0,0,0
G3600810020502,1970,1,2,New York,36,Queens,081,,,020502,A,5600,,Tract  205.02,0,1,G,357,0,0,0,0,0,0,0,0,402,0,0,0,0,0,0,0,0
G36008100206,1970,1,2,New York,36,Queens,081,,,0206,A,5600,,Tract  206,0,1,G,420,302,0,0,0,0,0,0,2,432,385,0,0,0,0,0,0,2
G36008100208,1970,1,2,New York,36,Queens,081,,,0208,A,5600,,Tract  208,0,1,G,815,446,2,0,0,0,0,0,5,815,519,2,1,0,4,0,0,13
G36008100212,1970,1,2,New York,36,Queens,081,,,0212,A,5600,,Tract  212,0,1,G,745,13,0,3,4,0,0,0,9,822,20,0,4,0,0,0,0,7
G36008100214,1970,1,2,New York,36,Queens,081,,,0214,A,5600,,Tract  214,0,1,G,2340,56,2,8,52,0,0,1,35,2598,79,6,4,48,0,0,4,33
G36008100216,1970,1,2,New York,36,Queens,081,,,0216,A,5600,,Tract  216,0,1,G,2168,624,4,14,13,2,0,0,16,2128,44,2,14,14,4,0,0,14
G36008100219,1970,1,2,New York,36,Queens,081,,,0219,A,5600,,Tract  219,0,1,G,7,0,0,0,0,0,0,0,0,6,0,0,0,0,0,0,0,0
G3600810022001,1970,1,2,New York,36,Queens,081,,,022001,A,5600,,Tract  220.01,0,1,G,3093,96,2,24,42,3,0,2,26,3292,110,2,16,30,2,0,2,23
G3600810022002,1970,1,2,New York,36,Queens,081,,,022002,A,5600,,Tract  220.02,0,1,G,2229,6,3,17,32,3,0,1,7,2513,11,4,10,34,3,0,2,7
G36008100230,1970,1,2,New York,36,Queens,081,,,0230,A,5600,,Tract  230,0,1,G,643,8,0,0,4,0,0,0,4,794,12,0,0,4,0,0,0,7
G36008100232,1970,1,2,New York,36,Queens,081,,,0232,A,5600,,Tract  232,0,1,G,1593,95,2,28,34,6,0,0,36,1700,78,6,28,24,6,0,0,34
G36008100235,1970,1,2,New York,36,Queens,081,,,0235,A,5600,,Tract  235,0,1,G,2571,9,6,5,28,8,0,1,10,3255,10,6,3,30,6,0,2,9
G36008100236,1970,1,2,New York,36,Queens,081,,,0236,A,5600,,Tract  236,0,1,G,790,50,0,3,6,4,0,3,8,857,45,1,1,4,7,1,3,4
G36008100238,1970,1,2,New York,36,Queens,081,,,0238,A,5600,,Tract  238,0,1,G,1438,101,2,4,7,7,0,2,13,1615,107,3,0,9,9,0,3,6
G36008100240,1970,1,2,New York,36,Queens,081,,,0240,A,5600,,Tract  240,0,1,G,1447,15,0,2,15,1,1,0,17,1924,31,0,4,15,2,0,0,9
G36008100243,1970,1,2,New York,36,Queens,081,,,0243,A,5600,,Tract  243,0,1,G,2091,6,0,12,19,0,0,0,18,2199,7,0,10,15,1,0,0,8
G36008100244,1970,1,2,New York,36,Queens,081,,,0244,A,5600,,Tract  244,0,1,G,7,0,0,0,0,0,0,0,0,9,0,0,0,0,0,0,0,0
G36008100245,1970,1,2,New York,36,Queens,081,,,0245,A,5600,,Tract  245,0,1,G,2265,24,0,7,15,3,0,2,7,2386,34,0,10,12,3,0,6,8
G36008100246,1970,1,2,New York,36,Queens,081,,,0246,A,5600,,Tract  246,0,1,G,50,110,0,0,0,0,0,0,0,36,133,0,0,0,0,0,0,0
G36008100247,1970,1,2,New York,36,Queens,081,,,0247,A,5600,,Tract  247,0,1,G,491,0,0,6,7,1,0,0,1,589,0,0,5,9,6,0,0,0
G36008100248,1970,1,2,New York,36,Queens,081,,,0248,A,5600,,Tract  248,0,1,G,30,641,1,0,3,0,0,0,3,38,736,1,0,4,0,0,0,7
G36008100249,1970,1,2,New York,36,Queens,081,,,0249,A,5600,,Tract  249,0,1,G,1793,10,1,10,60,43,0,13,10,2139,14,0,8,68,50,0,9,12
G36008100250,1970,1,2,New York,36,Queens,081,,,0250,A,5600,,Tract  250,0,1,G,62,189,0,0,0,0,0,0,2,42,227,1,0,0,0,0,0,0
G36008100251,1970,1,2,New York,36,Queens,081,,,0251,A,5600,,Tract  251,0,1,G,2214,14,0,12,28,13,0,1,8,2575,15,0,18,27,25,0,1,8
G36008100252,1970,1,2,New York,36,Queens,081,,,0252,A,5600,,Tract  252,0,1,G,352,2548,2,0,0,1,0,0,10,319,3209,5,0,0,0,0,0,5
G36008100253,1970,1,2,New York,36,Queens,081,,,0253,A,5600,,Tract  253,0,1,G,2813,15,2,12,41,12,0,9,12,3626,23,0,9,43,28,0,12,10
G36008100255,1970,1,2,New York,36,Queens,081,,,0255,A,5600,,Tract  255,0,1,G,573,4,0,3,2,0,0,0,1,656,6,0,3,1,0,1,0,0
G36008100257,1970,1,2,New York,36,Queens,081,,,0257,A,5600,,Tract  257,0,1,G,620,6,0,1,2,2,0,0,10,687,6,0,1,2,6,0,0,9
G36008100258,1970,1,2,New York,36,Queens,081,,,0258,A,5600,,Tract  258,0,1,G,16,826,1,0,0,0,0,0,0,19,1015,1,0,0,0,0,0,1
G36008100259,1970,1,2,New York,36,Queens,081,,,0259,A,5600,,Tract  259,0,1,G,1125,7,0,5,5,3,0,0,15,1302,2,0,2,6,9,0,2,12
G36008100260,1970,1,2,New York,36,Queens,081,,,0260,A,5600,,Tract  260,0,1,G,55,925,6,0,0,0,0,0,0,57,1189,9,0,0,0,0,0,0
G36008100261,1970,1,2,New York,36,Queens,081,,,0261,A,5600,,Tract  261,0,1,G,2274,4,4,7,19,0,0,1,16,2766,4,3,9,19,0,0,0,13
G36008100262,1970,1,2,New York,36,Queens,081,,,0262,A,5600,,Tract  262,0,1,G,34,453,0,0,1,0,0,0,0,30,525,1,0,0,0,0,0,0
G36008100263,1970,1,2,New York,36,Queens,081,,,0263,A,5600,,Tract  263,0,1,G,1872,8,2,5,11,8,0,5,9,2266,6,1,2,28,11,0,10,9
G36008100264,1970,1,2,New York,36,Queens,081,,,0264,A,5600,,Tract  264,0,1,G,8,909,1,0,0,0,0,0,13,12,1175,3,0,0,0,0,0,12
G36008100265,1970,1,2,New York,36,Queens,081,,,0265,A,5600,,Tract  265,0,1,G,1194,12,1,15,31,16,0,9,18,1478,9,0,6,39,26,0,4,11
G36008100266,1970,1,2,New York,36,Queens,081,,,0266,A,5600,,Tract  266,0,1,G,14,554,4,0,0,0,0,0,1,21,668,5,0,1,0,0,0,1
G36008100267,1970,1,2,New York,36,Queens,081,,,0267,A,5600,,Tract  267,0,1,G,1983,28,3,32,99,39,1,12,22,2368,53,2,27,100,77,0,11,13
G36008100269,1970,1,2,New York,36,Queens,081,,,0269,A,5600,,Tract  269,0,1,G,2420,11,5,39,52,35,1,24,24,3142,12,4,34,50,77,0,20,19
G36008100270,1970,1,2,New York,36,Queens,081,,,0270,A,5600,,Tract  270,0,1,G,17,623,3,0,0,4,0,0,3,21,728,2,0,2,1,0,0,2
G36008100271,1970,1,2,New York,36,Queens,081,,,0271,A,5600,,Tract  271,0,1,G,2438,38,3,14,55,54,0,22,44,3106,48,8,9,61,79,0,20,31
G36008100272,1970,1,2,New York,36,Queens,081,,,0272,A,5600,,Tract  272,0,1,G,45,810,1,0,0,0,0,1,1,48,929,4,0,0,0,0,0,1
G36008100273,1970,1,2,New York,36,Queens,081,,,0273,A,5600,,Tract  273,0,1,G,2836,62,3,10,20,7,0,1,18,3298,74,6,7,20,8,0,1,18
G36008100274,1970,1,2,New York,36,Queens,081,,,0274,A,5600,,Tract  274,0,1,G,26,785,0,0,0,0,0,0,1,38,950,0,0,0,0,0,0,1
G36008100275,1970,1,2,New York,36,Queens,081,,,0275,A,5600,,Tract  275,0,1,G,2243,14,0,3,31,7,0,0,5,2647,17,0,5,36,11,0,1,15
G36008100276,1970,1,2,New York,36,Queens,081,,,0276,A,5600,,Tract  276,0,1,G,7,383,0,0,0,1,0,0,2,17,434,1,0,0,0,0,0,5
G36008100277,1970,1,2,New York,36,Queens,081,,,0277,A,5600,,Tract  277,0,1,G,2759,26,0,4,40,3,0,6,15,3335,35,1,2,63,6,1,3,36
G36008100278,1970,1,2,New York,36,Queens,081,,,0278,A,5600,,Tract  278,0,1,G,363,796,0,0,0,0,0,0,11,368,915,1,1,2,0,0,0,5
G36008100279,1970,1,2,New York,36,Queens,081,,,0279,A,5600,,Tract  279,0,1,G,2145,14,1,14,13,4,0,0,10,2720,24,1,5,8,3,0,2,6
G36008100280,1970,1,2,New York,36,Queens,081,,,0280,A,5600,,Tract  280,0,1,G,16,735,0,0,0,12,0,0,2,21,838,2,1,1,4,0,0,1
G36008100281,1970,1,2,New York,36,Queens,081,,,0281,A,5600,,Tract  281,0,1,G,2185,10,3,4,15,0,0,4,17,2980,18,5,5,20,0,0,4,19
G36008100282,1970,1,2,New York,36,Queens,081,,,0282,A,5600,,Tract  282,0,1,G,24,624,2,0,0,0,0,0,0,30,754,7,0,0,0,0,0,0
G36008100283,1970,1,2,New York,36,Queens,081,,,0283,A,5600,,Tract  283,0,1,G,2570,5,2,12,38,1,0,13,19,3770,6,1,13,32,2,0,8,18
G36008100284,1970,1,2,New York,36,Queens,081,,,0284,A,5600,,Tract  284,0,1,G,73,1036,3,0,8,0,1,1,10,99,1234,15,2,5,0,3,0,15
G36008100285,1970,1,2,New York,36,Queens,081,,,0285,A,5600,,Tract  285,0,1,G,1894,13,3,6,10,0,0,2,5,2554,16,3,6,11,1,0,1,6
G36008100287,1970,1,2,New York,36,Queens,081,,,0287,A,5600,,Tract  287,0,1,G,2549,22,1,6,24,3,1,3,15,3231,21,0,10,21,6,0,2,14
G36008100288,1970,1,2,New York,36,Queens,081,,,0288,A,5600,,Tract  288,0,1,G,102,1964,6,0,4,1,0,0,10,108,2327,9,0,3,0,0,0,12
G36008100289,1970,1,2,New York,36,Queens,081,,,0289,A,5600,,Tract  289,0,1,G,1711,10,4,7,34,5,0,2,3,2322,14,5,7,35,5,0,3,0
G36008100291,1970,1,2,New York,36,Queens,081,,,0291,A,5600,,Tract  291,0,1,G,2135,6,0,6,46,8,0,4,7,2601,6,0,7,52,5,0,8,3
G36008100292,1970,1,2,New York,36,Queens,081,,,0292,A,5600,,Tract  292,0,1,G,161,2081,6,4,1,3,0,0,25,161,2350,13,6,1,3,0,1,21
G36008100293,1970,1,2,New York,36,Queens,081,,,0293,A,5600,,Tract  293,0,1,G,639,0,0,0,7,0,0,0,0,706,0,4,0,5,0,0,0,4
G36008100295,1970,1,2,New York,36,Queens,081,,,0295,A,5600,,Tract  295,0,1,G,1780,14,0,0,12,1,0,2,0,2192,25,0,1,13,1,0,3,1
G36008100297,1970,1,2,New York,36,Queens,081,,,0297,A,5600,,Tract  297,0,1,G,712,0,0,0,11,0,0,4,2,827,0,0,1,9,0,0,3,0
G36008100299,1970,1,2,New York,36,Queens,081,,,0299,A,5600,,Tract  299,0,1,G,2,0,0,0,0,0,0,0,0,3,0,0,0,0,0,0,0,0
G36008100304,1970,1,2,New York,36,Queens,081,,,0304,A,5600,,Tract  304,0,1,G,431,866,0,0,0,1,0,0,5,419,943,0,0,0,0,0,0,8
G3600810030901,1970,1,2,New York,36,Queens,081,,,030901,A,5600,,Tract  309.01,0,1,G,3414,0,2,3,110,7,0,2,8,3757,1,2,3,113,2,1,3,7
G3600810030902,1970,1,2,New York,36,Queens,081,,,030902,A,5600,,Tract  309.02,0,1,G,3249,17,4,17,236,10,2,13,36,3478,19,3,11,238,12,4,10,36
G36008100317,1970,1,2,New York,36,Queens,081,,,0317,A,5600,,Tract  317,0,1,G,3114,3,1,1,1,2,0,0,1,3295,3,0,2,0,2,0,0,0
G36008100320,1970,1,2,New York,36,Queens,081,,,0320,A,5600,,Tract  320,0,1,G,540,903,1,1,1,0,0,0,17,557,944,2,1,4,1,0,0,24
G36008100327,1970,1,2,New York,36,Queens,081,,,0327,A,5600,,Tract  327,0,1,G,1066,2,1,6,25,1,0,0,3,1229,1,0,2,23,0,0,0,3
G36008100328,1970,1,2,New York,36,Queens,081,,,0328,A,5600,,Tract  328,0,1,G,195,646,0,0,0,3,0,0,2,215,668,1,1,0,4,0,0,1
G36008100329,1970,1,2,New York,36,Queens,081,,,0329,A,5600,,Tract  329,0,1,G,1256,31,0,10,1,2,0,1,2,1309,35,0,6,1,0,0,0,5
G36008100330,1970,1,2,New York,36,Queens,081,,,0330,A,5600,,Tract  330,0,1,G,282,2394,7,0,9,4,0,0,11,287,2576,9,1,4,4,0,0,8
G3600810033401,1970,1,2,New York,36,Queens,081,,,033401,A,5600,,Tract  334.01,0,1,G,54,893,1,0,0,1,0,0,1,67,1048,0,0,0,1,0,0,4
G3600810033402,1970,1,2,New York,36,Queens,081,,,033402,A,5600,,Tract  334.02,0,1,G,6130,2091,5,3,4,7,6,1,37,6826,2596,12,3,7,10,1,3,45
G36008100337,1970,1,2,New York,36,Queens,081,,,0337,A,5600,,Tract  337,0,1,G,1107,0,0,15,20,0,0,0,4,1231,0,0,14,22,0,0,0,2
G36008100339,1970,1,2,New York,36,Queens,081,,,0339,A,5600,,Tract  339,0,1,G,1328,3,0,4,14,0,0,0,2,1445,5,1,1,9,0,0,0,9
G36008100347,1970,1,2,New York,36,Queens,081,,,0347,A,5600,,Tract  347,0,1,G,1041,205,3,2,7,0,0,0,12,1160,212,1,3,9,0,0,0,13
G36008100351,1970,1,2,New York,36,Queens,081,,,0351,A,5600,,Tract  351,0,1,G,1803,17,4,7,15,0,0,0,2,2071,18,1,1,6,0,0,0,2
G36008100352,1970,1,2,New York,36,Queens,081,,,0352,A,5600,,Tract  352,0,1,G,76,1171,2,0,0,1,0,0,9,110,1327,1,5,2,1,0,0,7
G36008100353,1970,1,2,New York,36,Queens,081,,,0353,A,5600,,Tract  353,0,1,G,431,416,2,3,21,4,2,0,7,486,541,0,3,12,0,0,0,7
G36008100355,1970,1,2,New York,36,Queens,081,,,0355,A,5600,,Tract  355,0,1,G,199,889,2,2,2,1,0,0,13,215,1053,0,2,3,3,0,1,13
G36008100358,1970,1,2,New York,36,Queens,081,,,0358,A,5600,,Tract  358,0,1,G,867,893,2,1,5,0,0,1,13,946,1043,5,1,4,0,0,0,13
G36008100361,1970,1,2,New York,36,Queens,081,,,0361,A,5600,,Tract  361,0,1,G,160,711,5,0,0,1,0,1,14,195,839,5,0,0,3,0,0,20
G36008100363,1970,1,2,New York,36,Queens,081,,,0363,A,5600,,Tract  363,0,1,G,88,696,5,1,5,1,0,0,9,103,824,7,1,8,1,0,0,11
G36008100365,1970,1,2,New York,36,Queens,081,,,0365,A,5600,,Tract  365,0,1,G,27,1090,2,0,4,0,0,0,0,38,1363,7,0,2,0,0,0,0
G36008100366,1970,1,2,New York,36,Queens,081,,,0366,A,5600,,Tract  366,0,1,G,73,1212,8,0,8,1,0,0,4,73,1355,12,0,8,0,0,2,3
G36008100367,1970,1,2,New York,36,Queens,081,,,0367,A,5600,,Tract  367,0,1,G,66,900,1,0,0,0,0,0,1,104,1172,1,0,0,1,1,0,4
G36008100368,1970,1,2,New York,36,Queens,081,,,0368,A,5600,,Tract  368,0,1,G,58,998,4,1,1,2,0,0,9,68,1211,3,1,5,1,0,0,12
G36008100369,1970,1,2,New York,36,Queens,081,,,0369,A,5600,,Tract  369,0,1,G,29,347,1,0,0,3,0,0,2,40,435,1,0,0,0,0,0,1
G36008100371,1970,1,2,New York,36,Queens,081,,,0371,A,5600,,Tract  371,0,1,G,25,454,0,0,0,0,0,1,4,31,570,0,0,0,0,0,0,8
G36008100373,1970,1,2,New York,36,Queens,081,,,0373,A,5600,,Tract  373,0,1,G,27,721,1,0,0,2,0,0,9,35,881,3,0,0,2,0,0,8
G36008100375,1970,1,2,New York,36,Queens,081,,,0375,A,5600,,Tract  375,0,1,G,830,237,11,2,19,1,0,0,13,868,272,12,0,9,3,0,0,5
G36008100376,1970,1,2,New York,36,Queens,081,,,0376,A,5600,,Tract  376,0,1,G,179,2547,11,0,2,7,6,0,13,219,2988,11,1,0,7,8,0,13
G36008100377,1970,1,2,New York,36,Queens,081,,,0377,A,5600,,Tract  377,0,1,G,82,903,7,1,1,0,0,0,8,112,1149,2,0,1,0,0,0,13
G36008100379,1970,1,2,New York,36,Queens,081,,,0379,A,5600,,Tract  379,0,1,G,261,1124,8,0,0,0,0,0,14,274,1439,7,0,0,0,0,0,11
G36008100381,1970,1,2,New York,36,Queens,081,,,0381,A,5600,,Tract  381,0,1,G,270,1264,9,1,3,1,0,2,17,273,1565,5,1,1,1,0,5,18
G36008100384,1970,1,2,New York,36,Queens,081,,,0384,A,5600,,Tract  384,0,1,G,91,1082,2,0,2,3,1,0,12,116,1334,7,0,0,0,2,0,12
G36008100394,1970,1,2,New York,36,Queens,081,,,0394,A,5600,,Tract  394,0,1,G,38,1204,1,0,3,3,0,0,7,44,1450,4,1,7,5,0,0,8
G36008100398,1970,1,2,New York,36,Queens,081,,,0398,A,5600,,Tract  398,0,1,G,32,686,1,0,3,0,0,0,4,39,822,2,1,3,1,2,0,3
G36008100399,1970,1,2,New York,36,Queens,081,,,0399,A,5600,,Tract  399,0,1,G,633,62,5,2,8,2,0,1,13,680,67,1,3,6,0,0,0,18
G36008100400,1970,1,2,New York,36,Queens,081,,,0400,A,5600,,Tract  400,0,1,G,33,597,0,0,0,0,0,0,1,40,721,0,0,1,0,0,0,0
G36008100401,1970,1,2,New York,36,Queens,081,,,0401,A,5600,,Tract  401,0,1,G,1442,239,7,0,10,5,0,0,21,1614,282,10,0,6,8,0,1,22
G36008100402,1970,1,2,New York,36,Queens,081,,,0402,A,5600,,Tract  402,0,1,G,49,667,0,0,3,1,1,2,3,84,794,5,0,2,2,0,3,5
G36008100403,1970,1,2,New York,36,Queens,081,,,0403,A,5600,,Tract  403,0,1,G,1073,203,3,2,5,5,1,0,11,1161,224,5,1,4,4,0,0,17
G36008100404,1970,1,2,New York,36,Queens,081,,,0404,A,5600,,Tract  404,0,1,G,100,1840,7,0,4,5,0,0,7,109,2067,12,0,3,1,0,0,16
G36008100405,1970,1,2,New York,36,Queens,081,,,0405,A,5600,,Tract  405,0,1,G,700,159,3,0,0,1,0,0,11,754,160,3,0,1,1,0,1,11
G36008100407,1970,1,2,New York,36,Queens,081,,,0407,A,5600,,Tract  407,0,1,G,1781,389,5,0,5,2,0,0,64,2008,467,6,0,3,0,0,0,72
G36008100409,1970,1,2,New York,36,Queens,081,,,0409,A,5600,,Tract  409,0,1,G,1111,282,3,2,21,2,0,0,22,1274,301,1,3,19,3,0,0,20
G36008100410,1970,1,2,New York,36,Queens,081,,,0410,A,5600,,Tract  410,0,1,G,116,341,0,0,1,0,0,0,5,113,383,1,1,0,0,0,0,5
G36008100411,1970,1,2,New York,36,Queens,081,,,0411,A,5600,,Tract  411,0,1,G,1032,8,2,0,4,0,0,0,22,1173,10,3,0,5,0,0,0,18
G36008100413,1970,1,2,New York,36,Queens,081,,,0413,A,5600,,Tract  413,0,1,G,1045,10,0,2,0,0,0,0,7,1173,13,0,4,0,0,0,0,17
G36008100414,1970,1,2,New York,36,Queens,081,,,0414,A,5600,,Tract  414,0,1,G,28,1526,3,0,0,0,0,0,14,43,1826,12,0,1,0,0,0,15
G36008100415,1970,1,2,New York,36,Queens,081,,,0415,A,5600,,Tract  415,0,1,G,931,4,0,0,15,0,0,0,5,1037,11,1,0,8,1,0,0,4
G36008100420,1970,1,2,New York,36,Queens,081,,,0420,A,5600,,Tract  420,0,1,G,9,413,8,0,0,0,0,0,2,21,432,8,0,0,1,0,0,2
G36008100422,1970,1,2,New York,36,Queens,081,,,0422,A,5600,,Tract  422,0,1,G,9,348,0,0,0,0,0,0,1,5,423,1,0,0,0,0,0,1
G36008100424,1970,1,2,New York,36,Queens,081,,,0424,A,5600,,Tract  424,0,1,G,11,336,2,0,1,0,0,0,2,12,363,2,0,0,0,0,0,5
G36008100427,1970,1,2,New York,36,Queens,081,,,0427,A,5600,,Tract  427,0,1,G,1189,14,0,7,16,0,0,1,8,1271,15,0,5,15,0,0,3,12
G36008100432,1970,1,2,New York,36,Queens,081,,,0432,A,5600,,Tract  432,0,1,G,12,482,0,0,0,0,0,0,1,20,631,0,0,0,0,0,0,5
G36008100434,1970,1,2,New York,36,Queens,081,,,0434,A,5600,,Tract  434,0,1,G,19,693,5,0,0,1,0,1,2,24,834,9,0,0,0,0,0,2
G36008100437,1970,1,2,New York,36,Queens,081,,,0437,A,5600,,Tract  437,0,1,G,2781,55,5,5,25,5,0,7,24,2909,72,9,9,29,8,0,6,32
G36008100439,1970,1,2,New York,36,Queens,081,,,0439,A,5600,,Tract  439,0,1,G,1133,58,4,0,0,1,0,0,11,1188,66,3,0,0,0,0,0,9
G36008100440,1970,1,2,New York,36,Queens,081,,,0440,A,5600,,Tract  440,0,1,G,91,1573,3,0,6,0,0,0,5,104,2018,3,1,4,1,0,0,7
G36008100442,1970,1,2,New York,36,Queens,081,,,0442,A,5600,,Tract  442,0,1,G,402,206,1,0,15,0,0,0,15,457,264,2,0,11,0,0,0,17
G36008100443,1970,1,2,New York,36,Queens,081,,,0443,A,5600,,Tract  443,0,1,G,2184,63,5,15,61,8,0,5,34,2240,66,6,13,51,11,0,4,30
G3600810044601,1970,1,2,New York,36,Queens,081,,,044601,A,5600,,Tract  446.01,0,1,G,742,236,6,7,12,1,0,6,19,850,289,2,4,11,1,0,4,11
G3600810044602,1970,1,2,New York,36,Queens,081,,,044602,A,5600,,Tract  446.02,0,1,G,1115,258,4,7,9,11,0,1,8,1198,336,3,2,8,7,0,2,7
G36008100448,1970,1,2,New York,36,Queens,081,,,0448,A,5600,,Tract  448,0,1,G,803,6,1,4,8,2,0,5,16,836,5,0,4,13,1,0,9,21
G36008100450,1970,1,2,New York,36,Queens,081,,,0450,A,5600,,Tract  450,0,1,G,671,7,2,2,7,0,0,2,1,750,8,0,3,15,0,0,2,0
G36008100452,1970,1,2,New York,36,Queens,081,,,0452,A,5600,,Tract  452,0,1,G,125,0,0,0,8,0,0,0,0,193,1,1,0,3,0,0,0,0
G36008100454,1970,1,2,New York,36,Queens,081,,,0454,A,5600,,Tract  454,0,1,G,1179,30,1,17,33,3,0,9,10,1320,24,2,24,32,6,0,9,8
G36008100455,1970,1,2,New York,36,Queens,081,,,0455,A,5600,,Tract  455,0,1,G,4590,467,14,220,70,63,2,49,116,4869,522,9,215,73,65,0,55,102
G36008100456,1970,1,2,New York,36,Queens,081,,,0456,A,5600,,Tract  456,0,1,G,398,1,0,0,6,1,0,1,4,436,0,0,0,4,2,0,0,4
G36008100457,1970,1,2,New York,36,Queens,081,,,0457,A,5600,,Tract  457,0,1,G,935,6,0,18,28,1,0,0,1,1082,5,0,13,25,7,0,0,1
G36008100458,1970,1,2,New York,36,Queens,081,,,0458,A,5600,,Tract  458,0,1,G,708,6,0,3,5,2,0,4,2,778,6,0,1,5,1,0,5,1
G36008100459,1970,1,2,New York,36,Queens,081,,,0459,A,5600,,Tract  459,0,1,G,1037,2,0,4,41,3,0,0,3,1167,2,0,5,50,2,0,0,2
G36008100460,1970,1,2,New York,36,Queens,081,,,0460,A,5600,,Tract  460,0,1,G,1401,145,1,14,18,16,0,6,35,1577,207,8,10,23,6,0,6,35
G36008100461,1970,1,2,New York,36,Queens,081,,,0461,A,5600,,Tract  461,0,1,G,717,0,0,5,52,0,0,1,8,828,2,0,1,45,2,0,2,4
G36008100462,1970,1,2,New York,36,Queens,081,,,0462,A,5600,,Tract  462,0,1,G,1910,35,1,10,34,14,1,2,23,2142,37,1,9,32,21,1,5,26
G36008100463,1970,1,2,New York,36,Queens,081,,,0463,A,5600,,Tract  463,0,1,G,906,15,0,0,17,0,0,3,14,1060,26,0,0,17,0,0,3,8
G36008100464,1970,1,2,New York,36,Queens,081,,,0464,A,5600,,Tract  464,0,1,G,400,5,0,6,2,1,0,0,0,527,9,0,5,1,4,0,0,0
G36008100465,1970,1,2,New York,36,Queens,081,,,0465,A,5600,,Tract  465,0,1,G,1030,4,3,1,26,2,0,7,4,1147,6,2,0,20,1,1,9,6
G36008100466,1970,1,2,New York,36,Queens,081,,,0466,A,5600,,Tract  466,0,1,G,934,7,2,9,7,2,0,0,1,1295,21,2,15,7,3,0,0,0
G36008100467,1970,1,2,New York,36,Queens,081,,,0467,A,5600,,Tract  467,0,1,G,1891,58,0,26,54,5,0,11,25,2185,97,1,12,55,12,0,17,29
G36008100468,1970,1,2,New York,36,Queens,081,,,0468,A,5600,,Tract  468,0,1,G,1081,11,0,5,27,3,0,0,5,1294,13,0,4,18,4,0,0,7
G36008100469,1970,1,2,New York,36,Queens,081,,,0469,A,5600,,Tract  469,0,1,G,2540,64,0,22,88,5,0,5,25,3001,90,5,16,82,9,1,6,37
G36008100470,1970,1,2,New York,36,Queens,081,,,0470,A,5600,,Tract  470,0,1,G,1029,12,0,0,34,6,0,0,7,1185,19,1,0,37,9,1,0,18
G36008100471,1970,1,2,New York,36,Queens,081,,,0471,A,5600,,Tract  471,0,1,G,1027,4,0,4,45,1,0,0,3,1255,5,1,1,32,5,0,0,3
G36008100472,1970,1,2,New York,36,Queens,081,,,0472,A,5600,,Tract  472,0,1,G,1352,15,0,5,22,1,0,0,2,1585,20,0,6,16,4,1,0,4
G36008100473,1970,1,2,New York,36,Queens,081,,,0473,A,5600,,Tract  473,0,1,G,1254,12,1,22,80,2,0,5,10,1438,17,4,21,64,5,0,9,20
G36008100475,1970,1,2,New York,36,Queens,081,,,0475,A,5600,,Tract  475,0,1,G,1207,6,4,10,27,3,0,0,7,1380,11,2,9,28,7,0,0,6
G36008100476,1970,1,2,New York,36,Queens,081,,,0476,A,5600,,Tract  476,0,1,G,662,7,0,0,5,0,0,0,1,685,12,0,0,7,0,0,0,1
G36008100478,1970,1,2,New York,36,Queens,081,,,0478,A,5600,,Tract  478,0,1,G,2398,4,1,3,28,5,0,0,0,2787,3,1,5,22,8,1,1,2
G36008100479,1970,1,2,New York,36,Queens,081,,,0479,A,5600,,Tract  479,0,1,G,1813,7,0,16,29,11,0,6,14,2093,6,1,11,27,10,0,8,14
G36008100480,1970,1,2,New York,36,Queens,081,,,0480,A,5600,,Tract  480,0,1,G,800,8,0,0,6,1,0,0,4,951,8,0,3,10,3,0,0,7
G36008100481,1970,1,2,New York,36,Queens,081,,,0481,A,5600,,Tract  481,0,1,G,1593,11,0,13,36,22,0,6,10,2001,11,2,6,44,47,0,9,11
G36008100482,1970,1,2,New York,36,Queens,081,,,0482,A,5600,,Tract  482,0,1,G,477,10,0,0,11,0,0,2,2,620,15,0,1,11,0,0,5,4
G36008100483,1970,1,2,New York,36,Queens,081,,,0483,A,5600,,Tract  483,0,1,G,1304,7,1,22,38,8,0,9,19,1455,15,1,16,44,12,0,4,17
G36008100484,1970,1,2,New York,36,Queens,081,,,0484,A,5600,,Tract  484,0,1,G,1902,3,2,3,6,4,0,0,2,2155,3,2,3,10,5,0,1,1
G36008100485,1970,1,2,New York,36,Queens,081,,,0485,A,5600,,Tract  485,0,1,G,1094,8,0,4,26,0,0,3,0,1257,11,0,5,24,0,0,3,1
G36008100489,1970,1,2,New York,36,Queens,081,,,0489,A,5600,,Tract  489,0,1,G,450,0,0,0,0,0,0,0,0,481,0,0,0,0,0,0,0,0
G36008100492,1970,1,2,New York,36,Queens,081,,,0492,A,5600,,Tract  492,0,1,G,1578,423,1,5,8,2,0,0,7,1785,529,3,2,16,1,0,0,12
G3600810049301,1970,1,2,New York,36,Queens,081,,,049301,A,5600,,Tract  493.01,0,1,G,913,0,0,0,15,0,0,0,1,974,0,0,2,18,0,0,0,0
G3600810049302,1970,1,2,New York,36,Queens,081,,,049302,A,5600,,Tract  493.02,0,1,G,1143,0,0,0,0,0,0,0,0,1257,0,0,0,0,1,0,0,0
G36008100495,1970,1,2,New York,36,Queens,081,,,0495,A,5600,,Tract  495,0,1,G,611,0,0,0,2,0,0,0,2,618,1,0,0,4,0,0,0,1
G36008100496,1970,1,2,New York,36,Queens,081,,,0496,A,5600,,Tract  496,0,1,G,1357,4,0,0,5,1,0,0,4,1565,4,0,1,6,1,0,0,3
G36008100497,1970,1,2,New York,36,Queens,081,,,0497,A,5600,,Tract  497,0,1,G,1174,0,1,2,10,0,0,3,1,1297,0,2,2,3,0,0,4,2
G36008100499,1970,1,2,New York,36,Queens,081,,,0499,A,5600,,Tract  499,0,1,G,1595,2,0,7,13,1,0,0,3,1836,1,0,6,11,0,0,2,2
G36008100500,1970,1,2,New York,36,Queens,081,,,0500,A,5600,,Tract  500,0,1,G,728,643,1,3,10,0,0,0,14,775,825,2,3,5,1,0,0,20
G3600810050201,1970,1,2,New York,36,Queens,081,,,050201,A,5600,,Tract  502.01,0,1,G,68,489,3,0,0,0,0,0,2,101,582,2,1,0,0,0,0,3
G3600810050202,1970,1,2,New York,36,Queens,081,,,050202,A,5600,,Tract  502.02,0,1,G,49,576,3,0,0,0,0,0,4,54,653,2,0,0,0,0,0,6
G36008100504,1970,1,2,New York,36,Queens,081,,,0504,A,5600,,Tract  504,0,1,G,77,670,1,0,0,0,0,0,12,144,785,1,0,0,0,0,0,10
G36008100505,1970,1,2,New York,36,Queens,081,,,0505,A,5600,,Tract  505,0,1,G,520,0,0,4,3,4,0,0,2,591,0,0,6,2,4,0,0,0
G36008100506,1970,1,2,New York,36,Queens,081,,,0506,A,5600,,Tract  506,0,1,G,72,637,0,0,3,0,0,0,9,97,789,4,0,1,0,0,0,8
G36008100507,1970,1,2,New York,36,Queens,081,,,0507,A,5600,,Tract  507,0,1,G,1288,2,0,0,2,1,0,0,1,1516,4,0,3,2,1,0,0,1
G36008100508,1970,1,2,New York,36,Queens,081,,,0508,A,5600,,Tract  508,0,1,G,71,1069,3,0,0,0,0,0,2,86,1224,6,0,2,2,0,0,2
G36008100510,1970,1,2,New York,36,Queens,081,,,0510,A,5600,,Tract  510,0,1,G,92,624,1,0,4,0,0,0,7,114,731,0,0,2,0,0,0,10
G36008100511,1970,1,2,New York,36,Queens,081,,,0511,A,5600,,Tract  511,0,1,G,987,0,0,0,0,0,0,0,0,1090,1,0,0,0,0,0,0,0
G36008100512,1970,1,2,New York,36,Queens,081,,,0512,A,5600,,Tract  512,0,1,G,383,1040,0,1,2,0,0,0,4,405,1100,1,2,2,0,0,0,10
G36008100513,1970,1,2,New York,36,Queens,081,,,0513,A,5600,,Tract  513,0,1,G,1309,0,0,0,8,0,0,0,1,1398,0,0,0,8,0,0,1,2
G36008100515,1970,1,2,New York,36,Queens,081,,,0515,A,5600,,Tract  515,0,1,G,1622,0,0,0,0,0,0,0,1,1699,1,0,0,0,1,0,0,1
G36008100516,1970,1,2,New York,36,Queens,081,,,0516,A,5600,,Tract  516,0,1,G,103,914,4,1,0,2,0,0,4,108,1046,6,0,0,0,0,0,7
G36008100517,1970,1,2,New York,36,Queens,081,,,0517,A,5600,,Tract  517,0,1,G,827,0,0,2,0,0,0,0,0,921,2,1,0,0,0,0,0,0
G36008100518,1970,1,2,New York,36,Queens,081,,,0518,A,5600,,Tract  518,0,1,G,112,1136,1,0,0,4,0,0,2,132,1295,3,0,1,2,0,0,10
G36008100520,1970,1,2,New York,36,Queens,081,,,0520,A,5600,,Tract  520,0,1,G,59,774,1,0,1,1,0,0,9,88,857,2,0,1,0,0,0,13
G36008100521,1970,1,2,New York,36,Queens,081,,,0521,A,5600,,Tract  521,0,1,G,950,0,0,1,0,0,0,0,1,1098,0,2,0,3,0,0,1,1
G36008100522,1970,1,2,New York,36,Queens,081,,,0522,A,5600,,Tract  522,0,1,G,59,663,1,0,0,0,0,0,0,56,723,1,0,0,0,0,0,3
G36008100524,1970,1,2,New York,36,Queens,081,,,0524,A,5600,,Tract  524,0,1,G,65,843,2,1,0,0,0,0,2,66,1006,2,0,0,0,0,0,4
G36008100525,1970,1,2,New York,36,Queens,081,,,0525,A,5600,,Tract  525,0,1,G,913,0,0,2,0,0,0,0,0,1029,0,0,2,0,0,0,0,0
G36008100526,1970,1,2,New York,36,Queens,081,,,0526,A,5600,,Tract  526,0,1,G,48,875,0,0,3,0,0,0,10,56,1022,2,0,2,0,0,0,11
G36008100527,1970,1,2,New York,36,Queens,081,,,0527,A,5600,,Tract  527,0,1,G,1120,0,0,1,0,0,0,0,0,1199,0,4,1,0,0,0,0,0
G36008100528,1970,1,2,New York,36,Queens,081,,,0528,A,5600,,Tract  528,0,1,G,50,658,7,0,0,7,0,0,10,51,770,2,0,0,7,0,0,8
G36008100529,1970,1,2,New York,36,Queens,081,,,0529,A,5600,,Tract  529,0,1,G,427,0,0,1,8,0,0,0,0,463,0,0,0,2,0,0,0,0
G36008100530,1970,1,2,New York,36,Queens,081,,,0530,A,5600,,Tract  530,0,1,G,80,1034,1,3,1,0,0,0,2,105,1180,0,4,7,0,0,0,2
G36008100532,1970,1,2,New York,36,Queens,081,,,0532,A,5600,,Tract  532,0,1,G,47,933,7,0,0,0,0,0,9,69,1073,4,0,0,0,0,0,7
G36008100534,1970,1,2,New York,36,Queens,081,,,0534,A,5600,,Tract  534,0,1,G,193,619,4,0,1,0,0,0,3,224,769,4,1,1,0,1,0,6
G36008100535,1970,1,2,New York,36,Queens,081,,,0535,A,5600,,Tract  535,0,1,G,534,0,0,1,0,0,0,1,0,566,0,1,0,0,0,0,0,0
G36008100536,1970,1,2,New York,36,Queens,081,,,0536,A,5600,,Tract  536,0,1,G,204,695,7,1,1,3,0,0,23,222,758,10,0,0,0,0,0,18
G36008100538,1970,1,2,New York,36,Queens,081,,,0538,A,5600,,Tract  538,0,1,G,311,548,1,0,0,0,0,0,8,323,580,2,1,0,0,0,0,13
G36008100539,1970,1,2,New York,36,Queens,081,,,0539,A,5600,,Tract  539,0,1,G,1589,19,2,0,1,4,0,0,0,1939,25,0,1,3,0,0,1,0
G36008100540,1970,1,2,New York,36,Queens,081,,,0540,A,5600,,Tract  540,0,1,G,1279,378,3,0,4,4,0,0,14,1443,399,2,3,1,0,0,0,17
G36008100542,1970,1,2,New York,36,Queens,081,,,0542,A,5600,,Tract  542,0,1,G,1800,4,4,2,5,2,0,0,7,2113,3,1,2,10,2,0,0,8
G36008100545,1970,1,2,New York,36,Queens,081,,,0545,A,5600,,Tract  545,0,1,G,1707,0,3,0,0,0,0,0,0,1984,0,6,0,0,0,0,0,0
G36008100547,1970,1,2,New York,36,Queens,081,,,0547,A,5600,,Tract  547,0,1,G,1724,4,0,2,8,0,0,0,1,1963,3,1,1,4,0,0,0,0
G36008100548,1970,1,2,New York,36,Queens,081,,,0548,A,5600,,Tract  548,0,1,G,947,10,0,0,0,1,0,2,0,1095,3,0,3,0,0,0,5,1
G36008100549,1970,1,2,New York,36,Queens,081,,,0549,A,5600,,Tract  549,0,1,G,1883,30,6,2,0,0,0,1,4,2193,27,3,2,0,0,0,0,6
G36008100551,1970,1,2,New York,36,Queens,081,,,0551,A,5600,,Tract  551,0,1,G,2052,0,1,1,3,0,0,0,0,2352,0,1,1,3,0,0,1,2
G36008100552,1970,1,2,New York,36,Queens,081,,,0552,A,5600,,Tract  552,0,1,G,1130,190,0,1,5,0,0,0,0,1306,231,1,0,5,0,0,0,0
G36008100553,1970,1,2,New York,36,Queens,081,,,0553,A,5600,,Tract  553,0,1,G,917,0,0,0,0,0,0,0,0,1124,0,0,1,0,0,0,1,0
G36008100554,1970,1,2,New York,36,Queens,081,,,0554,A,5600,,Tract  554,0,1,G,930,2,0,0,3,0,0,0,0,1072,2,1,0,1,0,0,0,0
G36008100555,1970,1,2,New York,36,Queens,081,,,0555,A,5600,,Tract  555,0,1,G,797,9,0,3,1,0,0,0,0,896,6,0,3,2,0,0,0,3
G36008100556,1970,1,2,New York,36,Queens,081,,,0556,A,5600,,Tract  556,0,1,G,939,3,0,0,0,0,0,0,0,982,2,0,0,2,0,0,0,0
G36008100557,1970,1,2,New York,36,Queens,081,,,0557,A,5600,,Tract  557,0,1,G,1410,0,0,0,2,0,0,0,2,1630,1,0,0,1,0,0,0,0
G36008100558,1970,1,2,New York,36,Queens,081,,,0558,A,5600,,Tract  558,0,1,G,816,1,0,0,0,0,0,0,0,842,0,0,1,0,0,0,0,0
G36008100559,1970,1,2,New York,36,Queens,081,,,0559,A,5600,,Tract  559,0,1,G,418,9,0,0,0,1,0,0,2,488,13,0,0,1,1,0,0,1
G36008100560,1970,1,2,New York,36,Queens,081,,,0560,A,5600,,Tract  560,0,1,G,663,28,0,0,4,0,0,1,1,737,25,0,0,3,0,0,0,2
G36008100561,1970,1,2,New York,36,Queens,081,,,0561,A,5600,,Tract  561,0,1,G,12,0,0,0,0,0,0,0,0,15,0,0,0,0,0,0,0,0
G36008100562,1970,1,2,New York,36,Queens,081,,,0562,A,5600,,Tract  562,0,1,G,643,0,0,0,0,0,0,0,0,696,0,0,0,0,0,0,0,0
G36008100564,1970,1,2,New York,36,Queens,081,,,0564,A,5600,,Tract  564,0,1,G,741,10,0,0,3,0,0,0,1,882,12,0,0,3,0,0,0,0
G36008100565,1970,1,2,New York,36,Queens,081,,,0565,A,5600,,Tract  565,0,1,G,404,0,0,1,0,0,0,0,2,458,1,0,1,0,0,0,0,1
G36008100566,1970,1,2,New York,36,Queens,081,,,0566,A,5600,,Tract  566,0,1,G,502,0,0,0,0,0,0,0,0,620,0,0,1,0,0,0,0,0
G36008100567,1970,1,2,New York,36,Queens,081,,,0567,A,5600,,Tract  567,0,1,G,1881,3,0,0,0,0,0,0,0,2084,4,0,1,0,1,0,0,0
G36008100568,1970,1,2,New York,36,Queens,081,,,0568,A,5600,,Tract  568,0,1,G,1790,26,1,9,52,1,0,0,1,2014,28,4,4,38,0,0,0,2
G36008100577,1970,1,2,New York,36,Queens,081,,,0577,A,5600,,Tract  577,0,1,G,1547,1,1,0,0,0,0,0,0,1844,3,1,1,0,0,0,1,4
G36008100578,1970,1,2,New York,36,Queens,081,,,0578,A,5600,,Tract  578,0,1,G,996,384,3,1,0,1,0,1,23,1163,418,3,1,0,1,0,2,27
G36008100579,1970,1,2,New York,36,Queens,081,,,0579,A,5600,,Tract  579,0,1,G,748,0,0,0,0,0,0,0,0,845,1,0,0,0,0,0,0,0
G36008100580,1970,1,2,New York,36,Queens,081,,,0580,A,5600,,Tract  580,0,1,G,1379,178,2,1,8,1,0,0,7,1506,188,6,1,4,0,0,0,12
G36008100581,1970,1,2,New York,36,Queens,081,,,0581,A,5600,,Tract  581,0,1,G,1113,0,0,0,1,0,0,0,0,1390,0,0,0,1,0,0,1,1
G36008100583,1970,1,2,New York,36,Queens,081,,,0583,A,5600,,Tract  583,0,1,G,1411,0,0,0,0,0,0,0,3,1682,0,2,1,0,0,0,0,2
G36008100585,1970,1,2,New York,36,Queens,081,,,0585,A,5600,,Tract  585,0,1,G,1581,0,0,0,0,0,0,0,2,1835,0,0,0,0,1,0,1,1
G36008100587,1970,1,2,New York,36,Queens,081,,,0587,A,5600,,Tract  587,0,1,G,1442,0,0,0,11,1,1,0,2,1730,1,1,1,6,3,0,0,0
G36008100588,1970,1,2,New York,36,Queens,081,,,0588,A,5600,,Tract  588,0,1,G,339,207,1,0,10,2,0,0,3,384,254,2,0,6,1,0,0,6
G36008100589,1970,1,2,New York,36,Queens,081,,,0589,A,5600,,Tract  589,0,1,G,1774,2,0,0,0,0,0,0,1,2055,3,0,1,0,0,0,0,1
G36008100590,1970,1,2,New York,36,Queens,081,,,0590,A,5600,,Tract  590,0,1,G,380,153,4,0,0,0,0,0,16,377,215,6,0,0,0,0,0,15
G36008100591,1970,1,2,New York,36,Queens,081,,,0591,A,5600,,Tract  591,0,1,G,2399,0,0,1,0,0,0,0,0,2687,0,2,0,0,0,0,0,1
G36008100592,1970,1,2,New York,36,Queens,081,,,0592,A,5600,,Tract  592,0,1,G,550,153,8,0,0,0,0,0,10,560,170,6,0,0,0,0,0,12
G36008100593,1970,1,2,New York,36,Queens,081,,,0593,A,5600,,Tract  593,0,1,G,1740,4,0,0,4,0,1,0,0,1972,5,1,0,1,0,0,0,0
G36008100594,1970,1,2,New York,36,Queens,081,,,0594,A,5600,,Tract  594,0,1,G,557,215,1,0,0,0,0,1,10,536,235,1,0,0,0,0,1,4
G36008100595,1970,1,2,New York,36,Queens,081,,,0595,A,5600,,Tract  595,0,1,G,1813,0,0,0,1,0,0,0,0,2060,0,0,0,2,0,0,1,0
G36008100596,1970,1,2,New York,36,Queens,081,,,0596,A,5600,,Tract  596,0,1,G,393,255,0,0,1,0,0,0,10,462,296,0,0,3,1,0,0,6
G36008100598,1970,1,2,New York,36,Queens,081,,,0598,A,5600,,Tract  598,0,1,G,457,346,1,1,11,1,0,0,5,509,415,4,1,4,0,0,0,7
G36008100599,1970,1,2,New York,36,Queens,081,,,0599,A,5600,,Tract  599,0,1,G,702,0,0,0,3,0,0,0,0,750,0,0,0,3,0,0,0,0
G36008100600,1970,1,2,New York,36,Queens,081,,,0600,A,5600,,Tract  600,0,1,G,346,136,0,0,0,0,0,1,14,404,132,0,2,0,0,0,0,6
G36008100601,1970,1,2,New York,36,Queens,081,,,0601,A,5600,,Tract  601,0,1,G,955,1,0,0,0,0,0,0,2,1093,0,0,0,0,0,0,0,1
G36008100602,1970,1,2,New York,36,Queens,081,,,0602,A,5600,,Tract  602,0,1,G,324,155,0,3,2,0,0,0,4,349,178,0,2,2,0,0,0,3
G36008100603,1970,1,2,New York,36,Queens,081,,,0603,A,5600,,Tract  603,0,1,G,844,0,0,0,0,0,0,0,1,902,0,0,1,0,0,0,0,0
G36008100604,1970,1,2,New York,36,Queens,081,,,0604,A,5600,,Tract  604,0,1,G,261,179,0,0,0,0,0,0,5,260,206,0,0,0,0,0,0,6
G36008100606,1970,1,2,New York,36,Queens,081,,,0606,A,5600,,Tract  606,0,1,G,434,212,0,0,6,0,0,0,0,454,253,0,0,5,0,0,0,0
G36008100607,1970,1,2,New York,36,Queens,081,,,0607,A,5600,,Tract  607,0,1,G,584,0,0,0,2,0,0,0,0,694,0,0,0,2,0,0,0,0
G36008100608,1970,1,2,New York,36,Queens,081,,,0608,A,5600,,Tract  608,0,1,G,266,358,0,0,0,0,1,0,1,298,358,0,0,0,0,1,0,3
G36008100610,1970,1,2,New York,36,Queens,081,,,0610,A,5600,,Tract  610,0,1,G,216,289,1,0,0,3,0,0,4,224,334,0,0,0,1,0,0,9
G36008100612,1970,1,2,New York,36,Queens,081,,,0612,A,5600,,Tract  612,0,1,G,474,245,2,0,0,0,0,0,1,549,298,1,0,1,0,0,0,0
G36008100613,1970,1,2,New York,36,Queens,081,,,0613,A,5600,,Tract  613,0,1,G,1590,0,0,1,7,0,1,0,1,1845,0,1,1,4,0,0,0,1
G36008100614,1970,1,2,New York,36,Queens,081,,,0614,A,5600,,Tract  614,0,1,G,431,134,6,0,0,0,0,0,3,451,142,2,0,1,0,0,0,8
G3600810061601,1970,1,2,New York,36,Queens,081,,,061601,A,5600,,Tract  616.01,0,1,G,786,328,0,1,0,0,0,0,3,844,356,0,2,0,0,0,0,7
G3600810061602,1970,1,2,New York,36,Queens,081,,,061602,A,5600,,Tract  616.02,0,1,G,480,8,0,0,1,1,0,0,0,477,6,0,0,0,0,0,0,0
G36008100618,1970,1,2,New York,36,Queens,081,,,0618,A,5600,,Tract  618,0,1,G,628,85,0,0,0,1,0,0,1,725,93,0,0,0,2,0,2,2
G36008100619,1970,1,2,New York,36,Queens,081,,,0619,A,5600,,Tract  619,0,1,G,1435,0,0,0,0,0,0,0,3,1485,1,0,1,0,0,0,1,6
G36008100620,1970,1,2,New York,36,Queens,081,,,0620,A,5600,,Tract  620,0,1,G,451,243,0,0,1,0,0,0,5,492,262,0,0,0,0,0,0,5
G3600810062101,1970,1,2,New York,36,Queens,081,,,062101,A,5600,,Tract  621.01,0,1,G,1012,0,0,0,0,0,0,0,0,1120,0,0,0,1,0,0,0,2
G3600810062102,1970,1,2,New York,36,Queens,081,,,062102,A,5600,,Tract  621.02,0,1,G,363,0,0,0,0,0,0,0,0,420,0,0,0,0,0,0,0,0
G36008100623,1970,1,2,New York,36,Queens,081,,,0623,A,5600,,Tract  623,0,1,G,1064,0,0,2,0,1,1,0,1,1208,0,1,2,0,0,0,0,1
G36008100624,1970,1,2,New York,36,Queens,081,,,0624,A,5600,,Tract  624,0,1,G,118,168,0,0,0,0,0,0,0,129,201,0,2,0,0,0,0,3
G36008100625,1970,1,2,New York,36,Queens,081,,,0625,A,5600,,Tract  625,0,1,G,1220,1,0,1,0,0,0,0,0,1345,1,0,2,0,0,0,0,0
G36008100626,1970,1,2,New York,36,Queens,081,,,0626,A,5600,,Tract  626,0,1,G,456,851,1,5,0,2,0,0,1,467,930,2,4,0,1,0,1,5
G36008100627,1970,1,2,New York,36,Queens,081,,,0627,A,5600,,Tract  627,0,1,G,1310,1,0,0,4,1,0,0,1,1555,3,0,1,9,0,0,0,1
G36008100629,1970,1,2,New York,36,Queens,081,,,0629,A,5600,,Tract  629,0,1,G,1257,0,0,2,1,0,0,0,0,1458,0,2,2,1,0,0,0,1
G36008100630,1970,1,2,New York,36,Queens,081,,,0630,A,5600,,Tract  630,0,1,G,385,364,0,0,1,0,0,0,5,416,390,1,0,7,1,0,0,6
G36008100632,1970,1,2,New York,36,Queens,081,,,0632,A,5600,,Tract  632,0,1,G,747,205,0,0,6,0,0,0,4,845,283,1,0,8,0,0,0,2
G3600810063301,1970,1,2,New York,36,Queens,081,,,063301,A,5600,,Tract  633.01,0,1,G,659,0,0,0,0,0,0,0,0,832,0,0,0,0,0,0,0,0
G3600810063302,1970,1,2,New York,36,Queens,081,,,063302,A,5600,,Tract  633.02,0,1,G,774,0,0,1,0,0,0,0,0,925,0,0,1,0,0,0,0,0
G36008100635,1970,1,2,New York,36,Queens,081,,,0635,A,5600,,Tract  635,0,1,G,1142,0,0,1,1,0,0,0,0,1406,0,0,1,1,0,0,0,0
G36008100637,1970,1,2,New York,36,Queens,081,,,0637,A,5600,,Tract  637,0,1,G,1399,47,0,2,11,0,0,0,0,1614,53,0,1,3,0,0,0,0
G36008100638,1970,1,2,New York,36,Queens,081,,,0638,A,5600,,Tract  638,0,1,G,1646,6,1,0,0,0,0,0,2,1664,9,0,0,0,0,0,0,8
G36008100639,1970,1,2,New York,36,Queens,081,,,0639,A,5600,,Tract  639,0,1,G,1328,15,0,0,0,0,0,0,0,1502,17,0,0,0,0,0,0,0
G3600810064101,1970,1,2,New York,36,Queens,081,,,064101,A,5600,,Tract  641.01,0,1,G,879,0,0,0,0,0,0,0,0,1001,1,0,0,0,0,0,0,0
G36008100645,1970,1,2,New York,36,Queens,081,,,0645,A,5600,,Tract  645,0,1,G,859,2,0,0,8,0,0,0,1,986,2,0,0,5,0,0,1,0
G36008100646,1970,1,2,New York,36,Queens,081,,,0646,A,5600,,Tract  646,0,1,G,1238,89,0,0,6,0,0,0,7,1287,111,0,0,5,0,0,0,7
G36008100650,1970,1,2,New York,36,Queens,081,,,0650,A,5600,,Tract  650,0,1,G,1324,122,0,0,3,1,0,3,6,1363,143,1,0,1,0,0,2,7
G36008100654,1970,1,2,New York,36,Queens,081,,,0654,A,5600,,Tract  654,0,1,G,1176,0,0,0,0,1,0,0,0,1280,0,0,0,0,3,0,0,0
G36008100655,1970,1,2,New York,36,Queens,081,,,0655,A,5600,,Tract  655,0,1,G,368,0,0,0,0,0,0,0,0,432,0,3,2,0,0,0,0,0
G36008100656,1970,1,2,New York,36,Queens,081,,,0656,A,5600,,Tract  656,0,1,G,1784,8,0,0,0,0,0,0,5,1842,7,0,3,0,0,0,0,4
G3600810065701,1970,1,2,New York,36,Queens,081,,,065701,A,5600,,Tract  657.01,0,1,G,1019,0,0,0,1,0,0,0,1,1109,0,0,1,0,0,0,0,6
G3600810065702,1970,1,2,New York,36,Queens,081,,,065702,A,5600,,Tract  657.02,0,1,G,648,0,0,20,0,0,0,0,0,726,0,0,0,0,0,0,0,0
G36008100659,1970,1,2,New York,36,Queens,081,,,0659,A,5600,,Tract  659,0,1,G,833,0,0,2,0,0,0,0,0,947,0,0,1,0,0,0,0,0
G36008100660,1970,1,2,New York,36,Queens,081,,,0660,A,5600,,Tract  660,0,1,G,1405,0,0,0,4,0,0,0,0,1499,1,0,1,3,0,0,0,0
G36008100661,1970,1,2,New York,36,Queens,081,,,0661,A,5600,,Tract  661,0,1,G,967,0,0,0,0,0,0,0,0,1094,1,0,0,0,0,0,0,0
G36008100663,1970,1,2,New York,36,Queens,081,,,0663,A,5600,,Tract  663,0,1,G,1352,0,2,0,4,0,0,0,3,1510,0,1,0,1,0,0,0,3
G36008100664,1970,1,2,New York,36,Queens,081,,,0664,A,5600,,Tract  664,0,1,G,4201,2,1,1,0,0,0,0,1,4322,0,1,0,0,0,0,0,5
G36008100665,1970,1,2,New York,36,Queens,081,,,0665,A,5600,,Tract  665,0,1,G,1531,0,0,0,1,0,0,0,1,1726,0,0,2,2,0,0,0,0
G36008100667,1970,1,2,New York,36,Queens,081,,,0667,A,5600,,Tract  667,0,1,G,1124,0,0,2,3,0,0,0,1,1215,0,0,3,1,0,0,0,0
G36008100669,1970,1,2,New York,36,Queens,081,,,0669,A,5600,,Tract  669,0,1,G,1042,0,0,3,5,1,0,0,1,1130,0,0,1,6,0,0,0,3
G3600810067101,1970,1,2,New York,36,Queens,081,,,067101,A,5600,,Tract  671.01,0,1,G,641,0,0,0,2,0,0,0,0,675,0,0,0,4,0,0,0,2
G3600810067102,1970,1,2,New York,36,Queens,081,,,067102,A,5600,,Tract  671.02,0,1,G,589,0,0,0,0,0,0,0,0,605,1,0,0,0,0,0,0,0
G36008100677,1970,1,2,New York,36,Queens,081,,,0677,A,5600,,Tract  677,0,1,G,954,0,0,2,5,0,0,0,0,1112,0,0,2,2,0,0,0,0
G36008100679,1970,1,2,New York,36,Queens,081,,,0679,A,5600,,Tract  679,0,1,G,1758,18,3,9,31,2,0,0,16,2014,9,4,5,36,3,0,1,19
G36008100680,1970,1,2,New York,36,Queens,081,,,0680,A,5600,,Tract  680,0,1,G,1844,174,0,0,5,4,0,0,1,1825,207,0,2,8,2,0,0,4
G36008100682,1970,1,2,New York,36,Queens,081,,,0682,A,5600,,Tract  682,0,1,G,354,207,2,0,2,1,0,0,1,400,255,1,0,2,0,0,0,1
G36008100683,1970,1,2,New York,36,Queens,081,,,0683,A,5600,,Tract  683,0,1,G,1987,15,2,12,42,25,1,13,15,2188,13,2,10,38,26,0,10,18
G36008100687,1970,1,2,New York,36,Queens,081,,,0687,A,5600,,Tract  687,0,1,G,1792,0,0,2,21,1,0,0,11,2248,4,0,8,16,5,0,0,7
G36008100690,1970,1,2,New York,36,Queens,081,,,0690,A,5600,,Tract  690,0,1,G,814,410,3,0,5,0,0,0,10,888,473,4,1,5,0,0,0,10
G36008100693,1970,1,2,New York,36,Queens,081,,,0693,A,5600,,Tract  693,0,1,G,1244,12,2,12,6,0,0,3,5,1683,19,0,5,10,0,0,4,6
G36008100694,1970,1,2,New York,36,Queens,081,,,0694,A,5600,,Tract  694,0,1,G,1267,59,0,0,4,0,0,0,2,1298,71,0,0,1,0,0,1,0
G36008100695,1970,1,2,New York,36,Queens,081,,,0695,A,5600,,Tract  695,0,1,G,919,1,0,1,10,7,0,0,7,1104,2,0,1,10,3,0,0,3
G3600810069701,1970,1,2,New York,36,Queens,081,,,069701,A,5600,,Tract  697.01,0,1,G,1610,7,2,24,27,0,0,0,5,1932,6,0,22,23,0,0,1,6
G3600810069702,1970,1,2,New York,36,Queens,081,,,069702,A,5600,,Tract  697.02,0,1,G,2176,3,2,10,6,1,0,0,9,2522,9,1,12,5,5,0,0,6
G36008100703,1970,1,2,New York,36,Queens,081,,,0703,A,5600,,Tract  703,0,1,G,1210,3,0,29,15,0,0,2,1,1314,4,0,42,12,2,0,4,1
G36008100707,1970,1,2,New York,36,Queens,081,,,0707,A,5600,,Tract  707,0,1,G,996,0,0,16,10,6,0,1,1,1045,0,1,15,14,6,0,1,4
G36008100709,1970,1,2,New York,36,Queens,081,,,0709,A,5600,,Tract  709,0,1,G,941,1,0,11,30,0,0,4,2,1064,2,0,8,36,0,0,4,5
G36008100711,1970,1,2,New York,36,Queens,081,,,0711,A,5600,,Tract  711,0,1,G,2527,20,0,36,27,1,0,1,11,2952,24,1,41,25,2,0,2,10
G3600810071301,1970,1,2,New York,36,Queens,081,,,071301,A,5600,,Tract  713.01,0,1,G,5984,12,4,42,42,5,0,8,10,7452,25,3,55,41,10,3,11,6
G3600810071302,1970,1,2,New York,36,Queens,081,,,071302,A,5600,,Tract  713.02,0,1,G,4810,11,2,73,34,3,1,10,20,6080,27,2,70,32,6,0,7,11
G36008100717,1970,1,2,New York,36,Queens,081,,,0717,A,5600,,Tract  717,0,1,G,4167,92,1,47,58,22,0,0,31,5032,101,3,60,58,14,0,2,24
G36008100719,1970,1,2,New York,36,Queens,081,,,0719,A,5600,,Tract  719,0,1,G,1054,6,0,8,21,0,0,0,11,1168,6,0,5,19,0,0,1,9
G36008100721,1970,1,2,New York,36,Queens,081,,,0721,A,5600,,Tract  721,0,1,G,2627,7,0,4,23,0,0,1,7,3078,9,1,7,22,0,0,2,8
G36008100725,1970,1,2,New York,36,Queens,081,,,0725,A,5600,,Tract  725,0,1,G,36,1,0,0,2,0,0,0,0,30,2,0,0,3,0,0,0,0
G36008100727,1970,1,2,New York,36,Queens,081,,,0727,A,5600,,Tract  727,0,1,G,403,1,0,13,11,0,0,0,1,471,3,0,3,7,0,0,0,0
G36008100729,1970,1,2,New York,36,Queens,081,,,0729,A,5600,,Tract  729,0,1,G,745,0,0,4,6,0,0,0,3,837,1,0,2,4,0,0,0,4
G36008100731,1970,1,2,New York,36,Queens,081,,,0731,A,5600,,Tract  731,0,1,G,652,1,0,3,2,0,0,0,1,752,2,1,3,6,0,0,1,2
G36008100733,1970,1,2,New York,36,Queens,081,,,0733,A,5600,,Tract  733,0,1,G,556,21,0,0,0,5,0,0,0,699,22,0,0,15,0,0,0,0
G36008100735,1970,1,2,New York,36,Queens,081,,,0735,A,5600,,Tract  735,0,1,G,386,0,0,5,1,0,0,1,11,485,6,0,0,3,0,0,1,8
G36008100737,1970,1,2,New York,36,Queens,081,,,0737,A,5600,,Tract  737,0,1,G,804,8,1,4,13,0,0,0,0,1153,7,0,5,10,0,0,0,0
G36008100739,1970,1,2,New York,36,Queens,081,,,0739,A,5600,,Tract  739,0,1,G,2292,5,2,15,7,0,0,0,1,3128,15,2,12,7,0,0,0,2
G36008100741,1970,1,2,New York,36,Queens,081,,,0741,A,5600,,Tract  741,0,1,G,1997,11,0,1,21,3,0,2,12,2276,13,0,6,16,0,0,1,8
G36008100743,1970,1,2,New York,36,Queens,081,,,0743,A,5600,,Tract  743,0,1,G,2189,16,0,6,30,0,0,8,24,2437,24,0,4,26,2,0,11,26
G36008100745,1970,1,2,New York,36,Queens,081,,,0745,A,5600,,Tract  745,0,1,G,1322,7,1,8,19,0,0,0,5,1495,8,2,5,19,0,0,1,7
G36008100747,1970,1,2,New York,36,Queens,081,,,0747,A,5600,,Tract  747,0,1,G,1884,45,4,66,46,2,0,0,17,1981,20,2,64,52,4,0,0,30
G36008100757,1970,1,2,New York,36,Queens,081,,,0757,A,5600,,Tract  757,0,1,G,3892,11,1,27,13,2,0,0,7,5228,29,1,21,17,1,0,0,12
G36008100766,1970,1,2,New York,36,Queens,081,,,0766,A,5600,,Tract  766,0,1,G,261,126,0,0,0,2,0,0,0,279,139,0,0,0,0,0,0,0
G36008100768,1970,1,2,New York,36,Queens,081,,,0768,A,5600,,Tract  768,0,1,G,115,112,2,1,0,0,0,0,0,123,114,1,0,0,0,0,0,1
G3600810076901,1970,1,2,New York,36,Queens,081,,,076901,A,5600,,Tract  769.01,0,1,G,1502,3,0,0,4,3,0,0,0,2070,7,0,1,7,1,0,0,0
G3600810076902,1970,1,2,New York,36,Queens,081,,,076902,A,5600,,Tract  769.02,0,1,G,619,1,1,3,1,0,0,0,5,806,4,2,2,0,0,0,0,2
G36008100771,1970,1,2,New York,36,Queens,081,,,0771,A,5600,,Tract  771,0,1,G,159,0,0,0,0,0,0,0,0,183,1,0,0,0,1,0,0,0
G36008100773,1970,1,2,New York,36,Queens,081,,,0773,A,5600,,Tract  773,0,1,G,512,6,0,1,0,0,0,0,2,690,4,0,3,2,0,0,0,1
G36008100775,1970,1,2,New York,36,Queens,081,,,0775,A,5600,,Tract  775,0,1,G,1233,3,0,5,12,0,0,0,3,1585,8,2,2,6,5,0,0,1
G3600810077901,1970,1,2,New York,36,Queens,081,,,077901,A,5600,,Tract  779.01,0,1,G,4613,437,5,8,60,13,0,5,31,4942,541,4,9,53,12,0,7,27
G3600810077902,1970,1,2,New York,36,Queens,081,,,077902,A,5600,,Tract  779.02,0,1,G,2618,10,0,31,24,1,0,6,3,2758,14,1,28,19,0,0,12,2
G3600810077903,1970,1,2,New York,36,Queens,081,,,077903,A,5600,,Tract  779.03,0,1,G,1376,8,0,2,8,0,0,0,3,1528,10,1,2,9,0,0,0,4
G3600810077904,1970,1,2,New York,36,Queens,081,,,077904,A,5600,,Tract  779.04,0,1,G,2816,20,1,7,26,5,0,0,17,3023,27,2,5,25,6,0,2,14
G3600810077905,1970,1,2,New York,36,Queens,081,,,077905,A,5600,,Tract  779.05,0,1,G,672,74,2,175,21,16,0,0,76,721,90,1,167,33,26,0,0,75
G36008100788,1970,1,2,New York,36,Queens,081,,,0788,A,5600,,Tract  788,0,1,G,83,814,1,0,0,0,1,0,6,97,914,5,1,0,0,0,0,2
G36008100790,1970,1,2,New York,36,Queens,081,,,0790,A,5600,,Tract  790,0,1,G,71,1117,6,0,1,3,0,0,4,66,1298,2,0,0,1,0,1,2
G36008100792,1970,1,2,New York,36,Queens,081,,,0792,A,5600,,Tract  792,0,1,G,137,933,0,0,4,0,0,0,5,140,1046,3,0,6,0,0,0,4
G36008100797,1970,1,2,New York,36,Queens,081,,,0797,A,5600,,Tract  797,0,1,G,3626,182,3,304,142,81,2,57,75,3965,181,6,271,154,89,2,50,53
G36008100799,1970,1,2,New York,36,Queens,081,,,0799,A,5600,,Tract  799,0,1,G,1190,17,0,5,6,1,0,2,1,1332,45,0,9,11,4,0,3,2
G3600810080301,1970,1,2,New York,36,Queens,081,,,080301,A,5600,,Tract  803.01,0,1,G,1294,1,0,4,31,0,0,0,3,1386,0,0,7,28,1,0,0,3
G3600810080302,1970,1,2,New York,36,Queens,081,,,080302,A,5600,,Tract  803.02,0,1,G,1499,5,2,2,3,0,0,0,2,1630,5,2,2,4,2,0,0,0
G36008100809,1970,1,2,New York,36,Queens,081,,,0809,A,5600,,Tract  809,0,1,G,3756,71,3,16,13,0,0,0,15,3954,78,1,19,12,2,0,0,7
G36008100814,1970,1,2,New York,36,Queens,081,,,0814,A,5600,,Tract  814,0,1,G,530,1107,0,0,1,1,0,0,45,552,1202,0,0,4,3,0,0,41
G36008100818,1970,1,2,New York,36,Queens,081,,,0818,A,5600,,Tract  818,0,1,G,1235,261,0,3,18,0,0,0,9,1354,309,1,2,23,0,0,1,7
G36008100837,1970,1,2,New York,36,Queens,081,,,0837,A,5600,,Tract  837,0,1,G,2196,1,0,1,18,0,0,1,4,2403,4,0,2,19,0,0,5,4
G36008100838,1970,1,2,New York,36,Queens,081,,,0838,A,5600,,Tract  838,0,1,G,1915,5,1,1,0,0,0,0,0,2103,1,1,2,0,0,0,0,0
G36008100840,1970,1,2,New York,36,Queens,081,,,0840,A,5600,,Tract  840,0,1,G,2311,12,0,3,3,1,0,0,0,2570,13,1,3,2,0,0,1,0
G36008100845,1970,1,2,New York,36,Queens,081,,,0845,A,5600,,Tract  845,0,1,G,1661,54,4,12,25,0,0,0,10,1793,65,3,11,20,1,0,0,15
G3600810084601,1970,1,2,New York,36,Queens,081,,,084601,A,5600,,Tract  846.01,0,1,G,1167,0,0,0,0,0,0,0,1,1259,0,0,0,0,0,0,0,0
G3600810084602,1970,1,2,New York,36,Queens,081,,,084602,A,5600,,Tract  846.02,0,1,G,293,0,0,0,1,0,0,0,0,302,0,0,0,0,0,0,0,0
G36008100851,1970,1,2,New York,36,Queens,081,,,0851,A,5600,,Tract  851,0,1,G,1702,225,7,69,73,19,0,12,36,1906,299,9,52,70,20,3,15,21
G36008100853,1970,1,2,New York,36,Queens,081,,,0853,A,5600,,Tract  853,0,1,G,1533,23,2,19,38,18,0,5,11,1789,33,2,20,35,15,0,11,7
G36008100855,1970,1,2,New York,36,Queens,081,,,0855,A,5600,,Tract  855,0,1,G,2197,41,4,97,43,42,0,12,25,2788,64,3,82,37,37,0,5,23
G36008100857,1970,1,2,New York,36,Queens,081,,,0857,A,5600,,Tract  857,0,1,G,1708,32,3,25,47,2,1,9,14,2054,37,5,24,46,3,0,10,11
G36008100859,1970,1,2,New York,36,Queens,081,,,0859,A,5600,,Tract  859,0,1,G,1955,29,1,9,2,0,0,4,15,2218,28,1,15,2,0,0,7,9
G36008100861,1970,1,2,New York,36,Queens,081,,,0861,A,5600,,Tract  861,0,1,G,818,5,0,9,14,4,0,1,3,1070,11,0,7,9,5,0,3,3
G36008100863,1970,1,2,New York,36,Queens,081,,,0863,A,5600,,Tract  863,0,1,G,2131,27,1,96,63,9,0,20,26,2457,40,3,72,65,9,0,15,18
G36008100864,1970,1,2,New York,36,Queens,081,,,0864,A,5600,,Tract  864,0,1,G,1099,7,0,0,2,0,0,0,3,1224,11,0,0,3,0,0,0,1
G36008100865,1970,1,2,New York,36,Queens,081,,,0865,A,5600,,Tract  865,0,1,G,1172,6,0,18,8,1,0,7,6,1324,2,1,22,7,1,0,4,3
G36008100867,1970,1,2,New York,36,Queens,081,,,0867,A,5600,,Tract  867,0,1,G,159,22,0,0,1,0,0,0,2,209,33,0,0,1,0,0,0,4
G36008100871,1970,1,2,New York,36,Queens,081,,,0871,A,5600,,Tract  871,0,1,G,477,352,3,0,7,0,0,0,5,593,411,15,0,3,2,1,0,7
G36008100875,1970,1,2,New York,36,Queens,081,,,0875,A,5600,,Tract  875,0,1,G,225,41,0,0,5,1,0,0,5,218,38,0,2,2,0,0,0,4
G36008100878,1970,1,2,New York,36,Queens,081,,,0878,A,5600,,Tract  878,0,1,G,319,1,0,0,0,0,0,0,0,307,2,0,0,0,0,0,0,0
G36008100884,1970,1,2,New York,36,Queens,081,,,0884,A,5600,,Tract  884,0,1,G,4423,10,0,0,2,0,0,0,1,4633,1,2,0,3,0,0,0,1
G36008100889,1970,1,2,New York,36,Queens,081,,,0889,A,5600,,Tract  889,0,1,G,4290,295,7,7,25,0,0,0,7,4542,373,11,4,23,1,0,1,6
G36008100892,1970,1,2,New York,36,Queens,081,,,0892,A,5600,,Tract  892,0,1,G,4925,10,4,3,18,0,0,0,5,4960,12,1,4,9,4,0,0,4
G36008100907,1970,1,2,New York,36,Queens,081,,,0907,A,5600,,Tract  907,0,1,G,619,0,0,0,0,0,0,4,8,629,0,0,0,0,0,0,3,9
G3600810091601,1970,1,2,New York,36,Queens,081,,,091601,A,5600,,Tract  916.01,0,1,G,1075,0,0,1,0,0,0,0,0,1132,2,1,1,1,1,0,0,1
G3600810091602,1970,1,2,New York,36,Queens,081,,,091602,A,5600,,Tract  916.02,0,1,G,57,13,0,1,0,1,0,0,1,6,3,0,0,0,0,0,0,0
G3600810091699,1970,1,2,New York,36,Queens,081,,,091699,A,5600,,Tract  916.99,0,1,G,13,0,0,0,0,1,0,0,0,0,0,0,0,0,0,0,0,0
G36008100918,1970,1,2,New York,36,Queens,081,,,0918,A,5600,,Tract  918,0,1,G,86,1,0,0,0,0,0,0,0,174,1,0,0,0,0,0,0,0
G36008100919,1970,1,2,New York,36,Queens,081,,,0919,A,5600,,Tract  919,0,1,G,1753,6,2,2,22,0,0,0,0,2077,16,5,1,22,0,0,0,2
G36008100922,1970,1,2,New York,36,Queens,081,,,0922,A,5600,,Tract  922,0,1,G,1098,5,0,0,0,1,0,0,0,1191,19,0,1,0,0,0,0,2
G36008100925,1970,1,2,New York,36,Queens,081,,,0925,A,5600,,Tract  925,0,1,G,1409,0,1,0,7,0,0,0,1,1536,3,2,2,6,0,1,1,0
G36008100928,1970,1,2,New York,36,Queens,081,,,0928,A,5600,,Tract  928,0,1,G,1950,0,0,0,0,0,0,0,4,2089,12,0,1,0,0,0,0,2
G36008100929,1970,1,2,New York,36,Queens,081,,,0929,A,5600,,Tract  929,0,1,G,2529,0,2,3,5,0,0,0,2,2725,0,2,5,9,0,0,0,0
G36008100934,1970,1,2,New York,36,Queens,081,,,0934,A,5600,,Tract  934,0,1,G,3672,4,0,3,5,1,0,0,5,4336,10,4,1,1,0,0,0,4
G36008100938,1970,1,2,New York,36,Queens,081,,,0938,A,5600,,Tract  938,0,1,G,2236,63,2,2,7,0,0,0,4,2774,49,1,4,12,1,0,0,1
G36008100939,1970,1,2,New York,36,Queens,081,,,0939,A,5600,,Tract  939,0,1,G,1671,8,0,1,4,0,0,0,0,1743,11,1,0,12,0,0,0,0
G3600810094201,1970,1,2,New York,36,Queens,081,,,094201,A,5600,,Tract  942.01,0,1,G,826,14,1,3,19,4,0,0,1,985,14,1,0,3,4,0,0,0
G3600810094202,1970,1,2,New York,36,Queens,081,,,094202,A,5600,,Tract  942.02,0,1,G,1110,698,3,0,0,1,0,0,8,1286,955,5,1,0,0,0,0,5
G3600810094203,1970,1,2,New York,36,Queens,081,,,094203,A,5600,,Tract  942.03,0,1,G,2582,305,1,2,9,2,0,1,2,2862,327,2,6,8,2,1,1,4
G36008100945,1970,1,2,New York,36,Queens,081,,,0945,A,5600,,Tract  945,0,1,G,1633,2,0,0,3,0,0,4,4,1703,2,0,0,1,0,0,0,3
G36008100947,1970,1,2,New York,36,Queens,081,,,0947,A,5600,,Tract  947,0,1,G,970,0,0,0,0,0,0,0,2,1142,1,0,0,1,0,0,0,1
G36008100952,1970,1,2,New York,36,Queens,081,,,0952,A,5600,,Tract  952,0,1,G,472,374,0,0,0,0,0,0,25,576,473,1,0,0,0,0,0,18
G36008100962,1970,1,2,New York,36,Queens,081,,,0962,A,5600,,Tract  962,0,1,G,1422,314,1,0,3,1,0,0,5,1469,394,1,0,0,1,0,0,8
G36008100964,1970,1,2,New York,36,Queens,081,,,0964,A,5600,,Tract  964,0,1,G,1627,246,1,1,3,2,0,2,6,1693,303,2,0,2,2,0,1,6
G36008100972,1970,1,2,New York,36,Queens,081,,,0972,A,5600,,Tract  972,0,1,G,3537,1050,8,0,4,8,0,2,21,3714,1221,7,2,4,6,1,2,26
G36008100973,1970,1,2,New York,36,Queens,081,,,0973,A,5600,,Tract  973,0,1,G,1244,0,0,0,0,0,0,0,1,1310,2,0,1,0,0,0,0,2
G36008100981,1970,1,2,New York,36,Queens,081,,,0981,A,5600,,Tract  981,0,1,G,1033,0,0,0,3,4,0,0,3,1111,1,0,0,2,3,0,0,3
G36008100987,1970,1,2,New York,36,Queens,081,,,0987,A,5600,,Tract  987,0,1,G,1400,0,0,0,6,0,0,0,1,1437,1,0,0,11,0,0,0,0
G36008100991,1970,1,2,New York,36,Queens,081,,,0991,A,5600,,Tract  991,0,1,G,3946,12,2,28,22,0,0,3,4,4256,25,2,30,24,4,0,8,6
G36008100992,1970,1,2,New York,36,Queens,081,,,0992,A,5600,,Tract  992,0,1,G,1324,370,0,0,3,0,0,0,2,1344,486,1,0,3,0,0,0,2
G3600810099701,1970,1,2,New York,36,Queens,081,,,099701,A,5600,,Tract  997.01,0,1,G,1967,13,0,2,11,0,0,0,1,2029,6,0,4,13,0,0,0,1
G3600810099702,1970,1,2,New York,36,Queens,081,,,099702,A,5600,,Tract  997.02,0,1,G,5188,37,0,18,15,2,0,0,4,5335,45,0,21,23,2,0,0,1
G36008100998,1970,1,2,New York,36,Queens,081,,,0998,A,5600,,Tract  998,0,1,G,4597,63,7,2,3,9,0,0,13,5594,64,11,3,3,10,0,0,11
G36008100999,1970,1,2,New York,36,Queens,081,,,0999,A,5600,,Tract  999,0,1,G,353,34,0,3,0,0,0,0,2,321,33,0,4,0,0,0,0,0
G36008101008,1970,1,2,New York,36,Queens,081,,,1008,A,5600,,Tract 1008,0,1,G,4703,107,10,1,11,1,0,4,3,5110,170,4,3,14,5,1,3,6
G36008101010,1970,1,2,New York,36,Queens,081,,,1010,A,5600,,Tract 1010,0,1,G,3228,341,1,2,9,4,1,0,21,3559,492,4,3,18,2,0,1,25
G36008101017,1970,1,2,New York,36,Queens,081,,,1017,A,5600,,Tract 1017,0,1,G,3778,6,0,2,27,0,2,0,2,3889,7,0,4,18,2,3,0,3
G36008101029,1970,1,2,New York,36,Queens,081,,,1029,A,5600,,Tract 1029,0,1,G,1198,1,0,2,4,0,0,0,0,1262,6,0,3,6,0,0,0,0
G36008101032,1970,1,2,New York,36,Queens,081,,,1032,A,5600,,Tract 1032,0,1,G,3832,1161,0,1,12,2,1,0,20,4265,1384,3,3,14,2,1,0,18
G36008101033,1970,1,2,New York,36,Queens,081,,,1033,A,5600,,Tract 1033,0,1,G,2247,0,1,0,24,0,1,0,0,2345,0,2,0,19,0,0,0,0
G36008101039,1970,1,2,New York,36,Queens,081,,,1039,A,5600,,Tract 1039,0,1,G,2752,0,4,4,4,0,0,0,3,3061,1,3,2,7,0,0,0,4
G36008101047,1970,1,2,New York,36,Queens,081,,,1047,A,5600,,Tract 1047,0,1,G,3698,0,2,10,73,1,0,0,4,3986,4,7,11,68,0,0,0,3
G36008101059,1970,1,2,New York,36,Queens,081,,,1059,A,5600,,Tract 1059,0,1,G,1886,1,0,1,9,4,1,1,5,2049,2,3,1,17,2,0,0,4
G3600810107201,1970,1,2,New York,36,Queens,081,,,107201,A,5600,,Tract 1072.01,0,1,G,1448,1,0,0,1,0,0,0,0,1448,1,1,0,2,0,0,0,0
G3600810107202,1970,1,2,New York,36,Queens,081,,,107202,A,5600,,Tract 1072.02,0,1,G,-2,2,,,,,,,,,,,,,,,,
G3600810108101,1970,1,2,New York,36,Queens,081,,,108101,A,5600,,Tract 1081.01,0,1,G,489,0,0,0,0,0,0,0,0,481,0,0,0,0,0,0,0,0
G3600810108102,1970,1,2,New York,36,Queens,081,,,108102,A,5600,,Tract 1081.02,0,1,G,622,0,0,0,4,0,0,0,0,623,1,1,0,1,0,0,0,0
G36008101083,1970,1,2,New York,36,Queens,081,,,1083,A,5600,,Tract 1083,0,1,G,879,1,0,0,2,0,0,0,0,980,5,0,0,3,0,0,0,0
G36008101091,1970,1,2,New York,36,Queens,081,,,1091,A,5600,,Tract 1091,0,1,G,987,23,0,3,4,0,0,4,0,1109,19,1,2,3,1,0,3,0
G36008101097,1970,1,2,New York,36,Queens,081,,,1097,A,5600,,Tract 1097,0,1,G,992,27,0,0,10,0,0,0,0,1036,25,1,1,10,2,0,0,0
G36008101099,1970,1,2,New York,36,Queens,081,,,1099,A,5600,,Tract 1099,0,1,G,1761,1,0,0,12,0,0,0,1,1938,0,0,0,13,0,0,0,3
G36008101113,1970,1,2,New York,36,Queens,081,,,1113,A,5600,,Tract 1113,0,1,G,1185,64,0,4,8,0,0,0,2,1243,69,3,6,6,0,0,0,3
G36008101123,1970,1,2,New York,36,Queens,081,,,1123,A,5600,,Tract 1123,0,1,G,806,84,2,0,4,0,0,0,3,1038,94,4,0,2,1,0,0,1
G36008101129,1970,1,2,New York,36,Queens,081,,,1129,A,5600,,Tract 1129,0,1,G,1263,31,0,4,4,0,0,2,1,1391,35,1,3,5,0,0,1,1
G36008101133,1970,1,2,New York,36,Queens,081,,,1133,A,5600,,Tract 1133,0,1,G,861,0,2,1,5,0,0,0,0,971,0,0,1,9,1,0,0,0
G36008101139,1970,1,2,New York,36,Queens,081,,,1139,A,5600,,Tract 1139,0,1,G,1720,2,0,0,14,1,0,0,0,1921,0,0,0,12,1,0,3,2
G36008101141,1970,1,2,New York,36,Queens,081,,,1141,A,5600,,Tract 1141,0,1,G,1265,0,0,4,18,0,0,0,0,1459,1,0,4,20,5,1,0,0
G36008101147,1970,1,2,New York,36,Queens,081,,,1147,A,5600,,Tract 1147,0,1,G,906,0,0,0,4,0,0,0,0,1058,1,0,1,7,1,0,0,0
G36008101151,1970,1,2,New York,36,Queens,081,,,1151,A,5600,,Tract 1151,0,1,G,571,1,0,0,0,0,0,0,0,651,4,0,0,0,0,0,0,0
G36008101155,1970,1,2,New York,36,Queens,081,,,1155,A,5600,,Tract 1155,0,1,G,880,3,0,4,5,3,0,0,1,994,3,0,3,4,5,0,0,0
G36008101157,1970,1,2,New York,36,Queens,081,,,1157,A,5600,,Tract 1157,0,1,G,1441,1,0,11,4,0,0,2,3,1616,1,1,7,2,0,0,3,0
G36008101159,1970,1,2,New York,36,Queens,081,,,1159,A,5600,,Tract 1159,0,1,G,1461,1,4,19,11,0,0,5,0,1616,5,2,21,9,0,0,6,1
G36008101161,1970,1,2,New York,36,Queens,081,,,1161,A,5600,,Tract 1161,0,1,G,1232,34,4,15,24,1,0,0,10,1368,30,6,13,24,2,1,0,7
G36008101163,1970,1,2,New York,36,Queens,081,,,1163,A,5600,,Tract 1163,0,1,G,2386,55,2,50,54,11,0,9,15,2803,66,3,46,61,12,1,8,18
G36008101167,1970,1,2,New York,36,Queens,081,,,1167,A,5600,,Tract 1167,0,1,G,559,1,0,2,18,8,0,4,7,645,3,0,2,10,5,0,3,6
G36008101171,1970,1,2,New York,36,Queens,081,,,1171,A,5600,,Tract 1171,0,1,G,668,0,0,7,7,3,0,0,0,798,4,1,5,8,3,0,0,0
G36008101175,1970,1,2,New York,36,Queens,081,,,1175,A,5600,,Tract 1175,0,1,G,2118,5,0,10,8,7,0,0,7,2601,9,0,11,11,5,0,0,5
G36008101181,1970,1,2,New York,36,Queens,081,,,1181,A,5600,,Tract 1181,0,1,G,903,0,0,1,0,0,0,0,0,941,0,0,2,0,0,0,0,0
G36008101185,1970,1,2,New York,36,Queens,081,,,1185,A,5600,,Tract 1185,0,1,G,754,0,0,2,2,7,0,0,3,861,1,1,4,4,3,0,0,3
G36008101187,1970,1,2,New York,36,Queens,081,,,1187,A,5600,,Tract 1187,0,1,G,774,0,0,0,0,2,0,4,0,890,0,0,0,0,5,0,3,1
G36008101189,1970,1,2,New York,36,Queens,081,,,1189,A,5600,,Tract 1189,0,1,G,788,7,0,3,16,5,0,1,5,897,5,0,1,8,10,0,0,3
G36008101191,1970,1,2,New York,36,Queens,081,,,1191,A,5600,,Tract 1191,0,1,G,1133,5,5,2,5,0,0,1,1,1253,2,2,0,9,0,0,4,3
G36008101193,1970,1,2,New York,36,Queens,081,,,1193,A,5600,,Tract 1193,0,1,G,895,7,0,3,13,0,0,3,0,1025,10,0,4,14,1,0,2,0
G36008101195,1970,1,2,New York,36,Queens,081,,,1195,A,5600,,Tract 1195,0,1,G,640,1,1,5,2,0,0,0,0,671,1,0,5,4,0,0,0,0
G36008101199,1970,1,2,New York,36,Queens,081,,,1199,A,5600,,Tract 1199,0,1,G,696,0,0,0,6,0,0,0,0,791,1,0,1,7,0,0,0,0
G36008101201,1970,1,2,New York,36,Queens,081,,,1201,A,5600,,Tract 1201,0,1,G,603,19,2,0,6,6,0,3,0,667,36,3,0,3,8,0,4,1
G36008101203,1970,1,2,New York,36,Queens,081,,,1203,A,5600,,Tract 1203,0,1,G,627,1,0,2,6,0,0,0,1,720,1,0,2,17,0,0,0,0
G36008101205,1970,1,2,New York,36,Queens,081,,,1205,A,5600,,Tract 1205,0,1,G,807,129,2,9,15,4,0,0,1,938,173,4,10,12,4,0,0,4
G36008101207,1970,1,2,New York,36,Queens,081,,,1207,A,5600,,Tract 1207,0,1,G,1239,2,1,3,4,1,0,0,0,1291,3,1,7,3,4,0,0,0
G36008101211,1970,1,2,New York,36,Queens,081,,,1211,A,5600,,Tract 1211,0,1,G,11,0,0,0,0,0,0,0,0,15,0,0,0,0,0,0,0,0
G36008101215,1970,1,2,New York,36,Queens,081,,,1215,A,5600,,Tract 1215,0,1,G,1669,1,0,1,25,0,0,1,1,1824,1,2,1,17,0,0,2,2
G36008101223,1970,1,2,New York,36,Queens,081,,,1223,A,5600,,Tract 1223,0,1,G,1388,0,0,2,26,2,0,0,0,1468,0,0,3,31,1,0,0,0
G3600810122701,1970,1,2,New York,36,Queens,081,,,122701,A,5600,,Tract 1227.01,0,1,G,4279,152,0,1,15,2,0,0,7,4567,163,1,3,20,3,0,0,10
G3600810122702,1970,1,2,New York,36,Queens,081,,,122702,A,5600,,Tract 1227.02,0,1,G,3352,590,0,7,13,0,0,0,21,3675,647,5,7,12,2,0,0,23
G36008101241,1970,1,2,New York,36,Queens,081,,,1241,A,5600,,Tract 1241,0,1,G,1599,121,0,2,15,1,0,1,6,1675,130,0,3,16,1,0,0,5
G36008101247,1970,1,2,New York,36,Queens,081,,,1247,A,5600,,Tract 1247,0,1,G,1678,4,0,1,16,2,0,1,4,1825,6,0,0,16,2,0,0,3
G36008101257,1970,1,2,New York,36,Queens,081,,,1257,A,5600,,Tract 1257,0,1,G,622,638,9,5,8,14,0,3,11,737,782,10,1,7,14,0,1,11
G36008101265,1970,1,2,New York,36,Queens,081,,,1265,A,5600,,Tract 1265,0,1,G,702,2,1,0,14,11,0,2,8,717,3,1,1,12,15,0,1,8
G36008101267,1970,1,2,New York,36,Queens,081,,,1267,A,5600,,Tract 1267,0,1,G,1006,34,2,5,11,0,0,1,4,1109,46,2,4,9,3,0,0,6
G36008101273,1970,1,2,New York,36,Queens,081,,,1273,A,5600,,Tract 1273,0,1,G,565,1,0,0,4,0,0,0,0,627,2,0,1,4,0,0,0,1
G36008101275,1970,1,2,New York,36,Queens,081,,,1275,A,5600,,Tract 1275,0,1,G,1218,0,0,1,37,3,0,0,2,1220,13,1,1,33,1,0,0,2
G36008101283,1970,1,2,New York,36,Queens,081,,,1283,A,5600,,Tract 1283,0,1,G,50,74,0,0,0,0,0,0,0,43,64,0,0,0,0,0,0,0
G3600810129101,1970,1,2,New York,36,Queens,081,,,129101,A,5600,,Tract 1291.01,0,1,G,5319,13,0,7,11,6,0,0,5,5726,29,0,7,13,2,0,1,6
G3600810129102,1970,1,2,New York,36,Queens,081,,,129102,A,5600,,Tract 1291.02,0,1,G,1741,0,1,0,0,0,0,0,2,1868,6,0,0,1,2,0,0,1
G36008101301,1970,1,2,New York,36,Queens,081,,,1301,A,5600,,Tract 1301,0,1,G,2365,3,1,2,4,3,0,0,3,2503,4,1,0,3,0,0,1,4
G36008101333,1970,1,2,New York,36,Queens,081,,,1333,A,5600,,Tract 1333,0,1,G,1835,0,0,0,9,2,0,0,0,1998,3,1,3,18,1,0,0,1
G36008101339,1970,1,2,New York,36,Queens,081,,,1339,A,5600,,Tract 1339,0,1,G,590,1,0,0,4,0,0,0,1,670,1,0,0,6,0,0,0,1
G36008101341,1970,1,2,New York,36,Queens,081,,,1341,A,5600,,Tract 1341,0,1,G,1473,2,0,2,12,0,0,0,2,1543,4,0,2,12,0,0,0,2
G36008101347,1970,1,2,New York,36,Queens,081,,,1347,A,5600,,Tract 1347,0,1,G,4594,22,0,54,42,1,0,11,4,5303,25,3,61,37,0,0,8,5
G36008101367,1970,1,2,New York,36,Queens,081,,,1367,A,5600,,Tract 1367,0,1,G,3171,0,0,0,4,0,0,0,2,3275,1,1,1,3,0,0,0,0
G36008101377,1970,1,2,New York,36,Queens,081,,,1377,A,5600,,Tract 1377,0,1,G,3654,4,0,7,19,11,0,4,5,3817,8,0,10,20,7,0,7,8
G3600810138501,1970,1,2,New York,36,Queens,081,,,138501,A,5600,,Tract 1385.01,0,1,G,2432,0,0,2,24,0,0,3,0,2617,8,1,1,31,2,0,1,0
G3600810138502,1970,1,2,New York,36,Queens,081,,,138502,A,5600,,Tract 1385.02,0,1,G,7,0,0,0,0,0,0,0,0,9,0,0,0,0,0,0,0,0
G36008101399,1970,1,2,New York,36,Queens,081,,,1399,A,5600,,Tract 1399,0,1,G,838,0,0,1,1,0,0,0,0,873,1,0,1,1,0,0,0,0
G36008101403,1970,1,2,New York,36,Queens,081,,,1403,A,5600,,Tract 1403,0,1,G,1295,0,1,1,2,0,0,0,0,1299,3,0,1,4,0,0,0,0
G3600810140901,1970,1,2,New York,36,Queens,081,,,140901,A,5600,,Tract 1409.01,0,1,G,472,1,0,0,2,0,0,0,0,521,2,0,0,2,0,0,0,1
G3600810140902,1970,1,2,New York,36,Queens,081,,,140902,A,5600,,Tract 1409.02,0,1,G,1130,0,0,1,4,0,0,0,0,1212,2,0,2,11,0,0,0,0
G3600810141701,1970,1,2,New York,36,Queens,081,,,141701,A,5600,,Tract 1417.01,0,1,G,2003,0,1,0,6,3,0,0,4,2108,1,0,0,8,3,0,0,5
G3600810141702,1970,1,2,New York,36,Queens,081,,,141702,A,5600,,Tract 1417.02,0,1,G,75,0,0,0,4,0,0,0,0,72,0,0,0,1,0,0,0,0
G36008101429,1970,1,2,New York,36,Queens,081,,,1429,A,5600,,Tract 1429,0,1,G,1787,0,0,1,13,2,0,0,2,1911,1,1,1,18,3,0,0,3
G36008101435,1970,1,2,New York,36,Queens,081,,,1435,A,5600,,Tract 1435,0,1,G,1076,0,0,2,17,0,0,0,1,1158,1,0,2,15,0,0,0,0
G36008101441,1970,1,2,New York,36,Queens,081,,,1441,A,5600,,Tract 1441,0,1,G,2235,0,8,1,0,0,0,0,0,2383,1,9,1,0,0,0,0,1
G36008101447,1970,1,2,New York,36,Queens,081,,,1447,A,5600,,Tract 1447,0,1,G,721,619,3,0,12,0,0,0,8,734,691,2,0,21,0,0,1,7
G3600810145101,1970,1,2,New York,36,Queens,081,,,145101,A,5600,,Tract 1451.01,0,1,G,603,0,0,5,3,0,0,0,0,701,0,0,5,2,0,0,0,0
G3600810145102,1970,1,2,New York,36,Queens,081,,,145102,A,5600,,Tract 1451.02,0,1,G,1003,158,3,0,3,10,0,0,1,1035,151,2,1,3,8,1,0,2
G36008101459,1970,1,2,New York,36,Queens,081,,,1459,A,5600,,Tract 1459,0,1,G,1332,0,0,0,9,1,0,0,3,1568,0,0,0,7,0,0,0,1
G36008101463,1970,1,2,New York,36,Queens,081,,,1463,A,5600,,Tract 1463,0,1,G,1203,39,3,0,13,0,0,0,2,1348,49,4,1,13,0,0,0,3
G36008101467,1970,1,2,New York,36,Queens,081,,,1467,A,5600,,Tract 1467,0,1,G,1231,5,0,3,3,1,0,2,2,1550,6,0,6,5,0,1,2,2
G36008101471,1970,1,2,New York,36,Queens,081,,,1471,A,5600,,Tract 1471,0,1,G,1440,1,0,0,5,0,0,0,3,1514,1,0,0,4,0,0,0,1
G36008101479,1970,1,2,New York,36,Queens,081,,,1479,A,5600,,Tract 1479,0,1,G,1957,4,5,5,13,0,0,0,2,2194,5,7,7,12,0,0,0,2
G36008101483,1970,1,2,New York,36,Queens,081,,,1483,A,5600,,Tract 1483,0,1,G,1514,7,0,0,5,0,0,2,0,1617,16,0,0,3,0,0,4,2
G3600810150701,1970,1,2,New York,36,Queens,081,,,150701,A,5600,,Tract 1507.01,0,1,G,1720,2,1,3,3,0,0,0,0,1864,1,0,4,4,0,0,0,2
G3600810150702,1970,1,2,New York,36,Queens,081,,,150702,A,5600,,Tract 1507.02,0,1,G,1737,2,0,2,3,0,0,0,0,1772,2,0,2,1,0,0,0,0
G3600810152901,1970,1,2,New York,36,Queens,081,,,152901,A,5600,,Tract 1529.01,0,1,G,3154,6,0,1,3,0,0,0,0,2876,4,1,1,4,0,0,1,0
G3600810152902,1970,1,2,New York,36,Queens,081,,,152902,A,5600,,Tract 1529.02,0,1,G,3280,0,1,1,11,2,0,0,1,3473,3,1,1,10,4,0,0,1
G36008101551,1970,1,2,New York,36,Queens,081,,,1551,A,5600,,Tract 1551,0,1,G,4561,41,1,2,10,10,2,17,10,4820,31,4,0,12,5,0,13,4
G36008101567,1970,1,2,New York,36,Queens,081,,,1567,A,5600,,Tract 1567,0,1,G,1635,305,2,0,0,4,0,3,0,2440,369,1,0,3,1,0,3,0
G3600810157101,1970,1,2,New York,36,Queens,081,,,157101,A,5600,,Tract 1571.01,0,1,G,4011,4,0,2,13,1,0,2,1,4183,6,0,2,10,0,0,1,3
G3600810157102,1970,1,2,New York,36,Queens,081,,,157102,A,5600,,Tract 1571.02,0,1,G,646,0,0,0,1,0,0,0,0,687,0,0,0,0,0,0,0,0
G3600810157901,1970,1,2,New York,36,Queens,081,,,157901,A,5600,,Tract 1579.01,0,1,G,2500,1,0,0,5,0,2,2,4,2630,5,1,0,11,0,0,0,1
G3600810157902,1970,1,2,New York,36,Queens,081,,,157902,A,5600,,Tract 1579.02,0,1,G,1784,2,0,0,4,0,0,0,1,1880,3,0,0,5,0,0,0,1
G3600810157903,1970,1,2,New York,36,Queens,081,,,157903,A,5600,,Tract 1579.03,0,1,G,2074,0,0,2,6,0,0,0,0,2282,1,1,3,5,1,0,2,1
G36008101617,1970,1,2,New York,36,Queens,081,,,1617,A,5600,,Tract 1617,0,1,G,2421,0,0,3,3,0,0,0,1,2714,4,0,1,5,0,0,0,1
G36008101621,1970,1,2,New York,36,Queens,081,,,1621,A,5600,,Tract 1621,0,1,G,2742,0,0,2,3,2,1,0,0,3020,2,0,2,1,4,1,3,0
G36008300401,1970,1,2,New York,36,Rensselaer,083,,,0401,,0160,,Tract  401,0,1,F,2783,40,1,3,0,0,0,0,1,3194,45,3,2,0,0,0,0,0
G36008300402,1970,1,2,New York,36,Rensselaer,083,,,0402,,0160,,Tract  402,0,1,F,1836,38,0,1,0,0,0,0,0,2342,45,1,2,3,0,0,0,0
G36008300403,1970,1,2,New York,36,Rensselaer,083,,,0403,,0160,,Tract  403,0,1,F,1878,0,2,0,0,0,0,3,4,2251,0,2,0,0,1,0,0,6
G36008300404,1970,1,2,New York,36,Rensselaer,083,,,0404,,0160,,Tract  404,0,1,F,1903,199,0,0,0,0,0,1,5,2330,212,0,2,0,0,0,0,1
G36008300405,1970,1,2,New York,36,Rensselaer,083,,,0405,,0160,,Tract  405,0,1,F,1168,232,7,0,1,1,0,0,11,1316,249,9,1,0,0,0,0,12
G36008300406,1970,1,2,New York,36,Rensselaer,083,,,0406,,0160,,Tract  406,0,1,F,1115,228,2,2,18,0,0,0,7,1127,266,2,0,4,0,0,0,2
G36008300407,1970,1,2,New York,36,Rensselaer,083,,,0407,,0160,,Tract  407,0,1,F,1290,277,5,0,1,0,1,1,8,1728,328,2,2,0,0,0,1,9
G36008300408,1970,1,2,New York,36,Rensselaer,083,,,0408,,0160,,Tract  408,0,1,F,1715,162,1,3,2,1,1,0,10,2420,205,1,1,2,0,0,0,11
G36008300409,1970,1,2,New York,36,Rensselaer,083,,,0409,,0160,,Tract  409,0,1,F,1700,61,8,3,0,0,0,0,2,1949,50,1,1,0,0,0,1,2
G36008300410,1970,1,2,New York,36,Rensselaer,083,,,0410,,0160,,Tract  410,0,1,F,2040,26,1,0,1,0,0,2,4,2229,35,2,1,2,0,0,4,3
G36008300411,1970,1,2,New York,36,Rensselaer,083,,,0411,,0160,,Tract  411,0,1,F,3391,52,0,2,0,7,0,2,1,3483,65,0,2,0,5,0,3,0
G36008300412,1970,1,2,New York,36,Rensselaer,083,,,0412,,0160,,Tract  412,0,1,F,1909,18,2,1,2,0,0,1,2,2047,17,0,2,0,0,0,0,1
G36008300413,1970,1,2,New York,36,Rensselaer,083,,,0413,,0160,,Tract  413,0,1,F,3443,37,4,5,57,4,1,3,17,1794,9,1,1,6,4,0,0,0
G36008300414,1970,1,2,New York,36,Rensselaer,083,,,0414,,0160,,Tract  414,0,1,F,2386,14,2,6,27,8,0,5,22,2747,14,3,3,20,5,1,5,13
G36008300515,1970,1,2,New York,36,Rensselaer,083,,,0515,,0160,,Tract  515,0,1,F,2365,56,0,1,2,0,0,0,4,2685,56,1,1,1,0,0,0,4
G3600830051599,1970,1,2,New York,36,Rensselaer,083,,,051599,,0160,,Tract  515.99,0,1,F,30,5,0,0,1,0,0,0,2,0,0,0,0,0,0,0,0,0
G36008300516,1970,1,2,New York,36,Rensselaer,083,,,0516,,0160,,Tract  516,0,1,F,2192,119,2,0,0,0,0,0,1,2455,150,1,1,0,1,0,0,0
G36008300517,1970,1,2,New York,36,Rensselaer,083,,,0517,,0160,,Tract  517,0,1,F,3163,1,0,0,0,0,0,0,0,3476,7,0,4,0,0,0,0,0
G36008300518,1970,1,2,New York,36,Rensselaer,083,,,0518,,0160,,Tract  518,0,1,F,1934,4,0,0,0,0,0,0,1,1960,3,1,0,0,0,0,0,2
G36008300519,1970,1,2,New York,36,Rensselaer,083,,,0519,,0160,,Tract  519,0,1,F,3058,19,1,1,0,0,0,2,1,3107,20,1,2,0,0,0,6,2
G36008300520,1970,1,2,New York,36,Rensselaer,083,,,0520,,0160,,Tract  520,0,1,F,5532,9,0,3,4,0,0,1,1,5620,5,0,2,6,0,0,6,4
G3600830052101,1970,1,2,New York,36,Rensselaer,083,,,052101,,0160,,Tract  521.01,0,1,F,639,0,2,0,0,0,0,0,0,664,0,1,1,0,0,0,0,0
G3600830052102,1970,1,2,New York,36,Rensselaer,083,,,052102,,0160,,Tract  521.02,0,1,F,571,1,0,0,0,0,0,0,0,614,1,0,0,0,0,0,0,0
G3600830052103,1970,1,2,New York,36,Rensselaer,083,,,052103,,0160,,Tract  521.03,0,1,F,778,1,0,0,0,1,0,0,0,780,1,0,0,0,1,0,0,0
G3600830052201,1970,1,2,New York,36,Rensselaer,083,,,052201,,0160,,Tract  522.01,0,1,F,1688,6,0,0,3,0,0,0,2,1693,30,1,0,1,1,0,0,1
G3600830052202,1970,1,2,New York,36,Rensselaer,083,,,052202,,0160,,Tract  522.02,0,1,F,2853,3,1,0,0,0,0,1,0,2981,3,0,0,0,0,0,1,0
G36008300523,1970,1,2,New York,36,Rensselaer,083,,,0523,,0160,,Tract  523,0,1,F,4976,24,1,1,5,0,0,0,6,5447,41,1,2,1,2,0,0,6
G36008300524,1970,1,2,New York,36,Rensselaer,083,,,0524,,0160,,Tract  524,0,1,F,5091,30,1,4,0,0,0,0,8,5500,26,3,5,1,0,1,0,9
G36008300525,1970,1,2,New York,36,Rensselaer,083,,,0525,,0160,,Tract  525,0,1,F,5458,6,3,1,1,0,1,0,2,5693,18,2,5,1,0,1,0,4
G3600830052601,1970,1,2,New York,36,Rensselaer,083,,,052601,,0160,,Tract  526.01,0,1,F,1979,21,5,0,0,0,0,0,4,2008,20,1,1,2,0,1,1,0
G3600830052602,1970,1,2,New York,36,Rensselaer,083,,,052602,,0160,,Tract  526.02,0,1,F,865,12,0,0,2,0,0,0,0,841,10,0,0,1,0,0,0,0
G36008500003,1970,1,2,New York,36,Richmond,085,,,0003,A,5600,,Tract    3,0,1,G,618,21,1,0,8,2,0,4,3,615,17,0,1,14,1,1,0,3
G36008500006,1970,1,2,New York,36,Richmond,085,,,0006,A,5600,,Tract    6,0,1,G,675,7,0,2,0,1,0,4,0,729,11,2,1,0,0,0,0,0
G36008500007,1970,1,2,New York,36,Richmond,085,,,0007,A,5600,,Tract    7,0,1,G,1840,254,3,1,13,3,0,0,19,2179,280,7,2,11,4,0,0,32
G36008500008,1970,1,2,New York,36,Richmond,085,,,0008,A,5600,,Tract    8,0,1,G,1814,9,0,1,7,8,1,0,6,1851,8,0,2,3,4,0,0,1
G36008500009,1970,1,2,New York,36,Richmond,085,,,0009,A,5600,,Tract    9,0,1,G,819,197,0,5,15,4,0,0,5,847,218,1,4,11,4,0,0,3
G36008500011,1970,1,2,New York,36,Richmond,085,,,0011,A,5600,,Tract   11,0,1,G,1501,396,1,2,13,9,2,0,11,1612,461,0,2,5,4,0,1,6
G36008500015,1970,1,2,New York,36,Richmond,085,,,0015,A,5600,,Tract   15,0,1,G,116,15,0,0,0,0,0,0,0,107,18,0,1,0,0,0,0,0
G3600850001599,1970,1,2,New York,36,Richmond,085,,,001599,A,5600,,Tract   15.99,0,1,G,77,1,0,0,1,1,0,0,0,0,0,0,0,0,0,0,0,0
G36008500017,1970,1,2,New York,36,Richmond,085,,,0017,A,5600,,Tract   17,0,1,G,655,52,0,2,1,1,0,0,4,761,57,0,2,1,0,0,2,5
G36008500018,1970,1,2,New York,36,Richmond,085,,,0018,A,5600,,Tract   18,0,1,G,333,43,1,3,0,3,0,0,1,242,31,0,5,0,2,0,2,1
G3600850002001,1970,1,2,New York,36,Richmond,085,,,002001,A,5600,,Tract   20.01,0,1,G,442,0,0,1,0,2,0,0,0,492,0,0,0,0,1,0,0,0
G3600850002002,1970,1,2,New York,36,Richmond,085,,,002002,A,5600,,Tract   20.02,0,1,G,904,41,1,8,1,3,0,0,0,1071,38,0,4,2,4,0,0,0
G36008500021,1970,1,2,New York,36,Richmond,085,,,0021,A,5600,,Tract   21,0,1,G,1435,188,1,0,13,17,1,2,11,1467,219,3,0,15,9,1,2,8
G36008500027,1970,1,2,New York,36,Richmond,085,,,0027,A,5600,,Tract   27,0,1,G,427,98,3,1,2,5,0,0,1,496,88,3,1,3,0,0,0,2
G36008500029,1970,1,2,New York,36,Richmond,085,,,0029,A,5600,,Tract   29,0,1,G,1926,293,1,0,1,5,1,0,7,2074,300,1,0,2,2,0,0,10
G36008500033,1970,1,2,New York,36,Richmond,085,,,0033,A,5600,,Tract   33,0,1,G,1283,23,0,6,6,5,0,1,7,1427,27,0,8,8,2,0,1,2
G36008500036,1970,1,2,New York,36,Richmond,085,,,0036,A,5600,,Tract   36,0,1,G,709,1,0,1,0,0,0,0,0,780,0,0,0,0,0,0,0,0
G36008500039,1970,1,2,New York,36,Richmond,085,,,0039,A,5600,,Tract   39,0,1,G,1196,14,0,6,3,1,0,4,1,1302,35,2,12,4,0,0,3,1
G36008500040,1970,1,2,New York,36,Richmond,085,,,0040,A,5600,,Tract   40,0,1,G,2289,507,2,6,7,14,0,0,16,2479,563,8,10,5,11,1,1,16
G36008500047,1970,1,2,New York,36,Richmond,085,,,0047,A,5600,,Tract   47,0,1,G,1620,38,0,6,6,2,0,5,2,1962,55,1,5,4,3,0,3,1
G36008500050,1970,1,2,New York,36,Richmond,085,,,0050,A,5600,,Tract   50,0,1,G,930,2,0,1,2,6,0,2,2,1006,0,0,3,1,0,0,2,1
G36008500059,1970,1,2,New York,36,Richmond,085,,,0059,A,5600,,Tract   59,0,1,G,1281,1,0,1,0,0,0,0,1,1487,3,0,4,0,1,0,0,1
G36008500064,1970,1,2,New York,36,Richmond,085,,,0064,A,5600,,Tract   64,0,1,G,1690,97,2,0,3,7,0,0,2,1775,108,0,0,5,5,0,0,2
G36008500065,1970,1,2,New York,36,Richmond,085,,,0065,A,5600,,Tract   65,0,1,G,918,1,0,0,5,0,0,0,2,1080,2,0,0,6,0,0,0,2
G36008500070,1970,1,2,New York,36,Richmond,085,,,0070,A,5600,,Tract   70,0,1,G,2614,2,0,4,6,2,0,0,0,2711,2,0,3,3,1,0,0,2
G36008500074,1970,1,2,New York,36,Richmond,085,,,0074,A,5600,,Tract   74,0,1,G,1023,2,2,0,3,5,0,0,0,1129,6,0,1,2,0,0,0,0
G36008500075,1970,1,2,New York,36,Richmond,085,,,0075,A,5600,,Tract   75,0,1,G,1412,86,0,2,3,19,0,3,4,1675,85,0,3,2,22,0,3,2
G36008500077,1970,1,2,New York,36,Richmond,085,,,0077,A,5600,,Tract   77,0,1,G,380,236,0,0,0,3,0,0,1,393,284,0,0,0,3,0,0,1
G36008500081,1970,1,2,New York,36,Richmond,085,,,0081,A,5600,,Tract   81,0,1,G,1476,386,1,6,2,8,0,0,19,1533,468,1,4,0,4,0,1,23
G36008500089,1970,1,2,New York,36,Richmond,085,,,0089,A,5600,,Tract   89,0,1,G,236,4,0,0,1,1,0,0,0,12,0,0,0,0,0,0,0,0
G36008500091,1970,1,2,New York,36,Richmond,085,,,0091,A,5600,,Tract   91,0,1,G,428,3,0,0,0,0,0,0,4,567,6,0,0,0,0,0,0,1
G3600850009601,1970,1,2,New York,36,Richmond,085,,,009601,A,5600,,Tract   96.01,0,1,G,1571,1,1,0,2,0,0,4,0,1612,2,0,0,1,0,0,3,0
G3600850009602,1970,1,2,New York,36,Richmond,085,,,009602,A,5600,,Tract   96.02,0,1,G,1450,8,0,0,3,0,0,3,0,1634,2,0,2,3,0,0,4,3
G36008500097,1970,1,2,New York,36,Richmond,085,,,0097,A,5600,,Tract   97,0,1,G,1620,418,1,1,0,6,0,0,3,1839,502,2,1,0,6,0,1,3
G36008500105,1970,1,2,New York,36,Richmond,085,,,0105,A,5600,,Tract  105,0,1,G,1942,275,0,1,3,21,0,0,9,2210,316,0,1,1,19,0,0,10
G3600850011201,1970,1,2,New York,36,Richmond,085,,,011201,A,5600,,Tract  112.01,0,1,G,1194,5,0,0,6,1,0,0,1,1198,3,1,2,5,1,0,0,0
G3600850011202,1970,1,2,New York,36,Richmond,085,,,011202,A,5600,,Tract  112.02,0,1,G,2044,1,0,0,1,10,0,0,1,2167,1,1,1,1,9,0,0,0
G3600850011401,1970,1,2,New York,36,Richmond,085,,,011401,A,5600,,Tract  114.01,0,1,G,1556,69,0,3,2,2,0,0,0,1693,73,0,3,0,4,0,1,1
G3600850011402,1970,1,2,New York,36,Richmond,085,,,011402,A,5600,,Tract  114.02,0,1,G,1630,20,2,1,5,1,0,1,3,1735,19,2,3,4,0,0,0,6
G36008500121,1970,1,2,New York,36,Richmond,085,,,0121,A,5600,,Tract  121,0,1,G,1668,11,0,0,0,0,0,3,0,1807,8,0,1,1,0,0,1,1
G36008500122,1970,1,2,New York,36,Richmond,085,,,0122,A,5600,,Tract  122,0,1,G,1934,2,0,0,0,0,0,0,1,2076,0,2,1,0,0,0,0,4
G36008500125,1970,1,2,New York,36,Richmond,085,,,0125,A,5600,,Tract  125,0,1,G,1290,62,0,0,1,3,0,3,3,1335,59,0,1,1,3,0,4,1
G3600850012801,1970,1,2,New York,36,Richmond,085,,,012801,A,5600,,Tract  128.01,0,1,G,2620,28,3,6,13,11,0,0,7,2763,32,3,12,12,19,0,0,5
G3600850012802,1970,1,2,New York,36,Richmond,085,,,012802,A,5600,,Tract  128.02,0,1,G,2544,2,1,0,2,17,0,0,2,2605,2,0,0,4,14,0,0,1
G3600850013201,1970,1,2,New York,36,Richmond,085,,,013201,A,5600,,Tract  132.01,0,1,G,946,1,0,0,0,1,0,0,0,963,0,1,0,0,3,0,0,1
G3600850013202,1970,1,2,New York,36,Richmond,085,,,013202,A,5600,,Tract  132.02,0,1,G,4667,1,1,1,0,0,0,0,0,4788,1,1,2,0,0,0,0,1
G3600850013301,1970,1,2,New York,36,Richmond,085,,,013301,A,5600,,Tract  133.01,0,1,G,732,187,0,0,3,3,0,1,4,927,213,1,2,4,1,0,5,4
G3600850013302,1970,1,2,New York,36,Richmond,085,,,013302,A,5600,,Tract  133.02,0,1,G,1062,294,0,0,0,2,2,0,4,1120,390,1,0,0,2,2,0,5
G36008500134,1970,1,2,New York,36,Richmond,085,,,0134,A,5600,,Tract  134,0,1,G,1851,0,0,0,3,0,0,0,0,2018,0,0,0,4,0,0,0,0
G36008500138,1970,1,2,New York,36,Richmond,085,,,0138,A,5600,,Tract  138,0,1,G,3333,0,0,6,0,0,0,0,0,3365,0,0,6,0,0,0,0,1
G36008500141,1970,1,2,New York,36,Richmond,085,,,0141,A,5600,,Tract  141,0,1,G,797,13,1,0,2,0,0,0,1,851,14,1,1,1,0,0,2,1
G3600850014601,1970,1,2,New York,36,Richmond,085,,,014601,A,5600,,Tract  146.01,0,1,G,2969,4,0,0,3,0,0,0,0,3055,4,1,0,1,0,0,0,0
G3600850014602,1970,1,2,New York,36,Richmond,085,,,014602,A,5600,,Tract  146.02,0,1,G,1825,2,0,0,5,0,0,0,1,1881,0,0,0,4,0,0,0,1
G36008500147,1970,1,2,New York,36,Richmond,085,,,0147,A,5600,,Tract  147,0,1,G,1891,8,1,11,5,6,0,0,0,1976,6,1,8,5,10,0,0,1
G36008500151,1970,1,2,New York,36,Richmond,085,,,0151,A,5600,,Tract  151,0,1,G,2647,9,0,0,2,2,0,0,0,2902,9,0,0,5,1,0,0,0
G36008500154,1970,1,2,New York,36,Richmond,085,,,0154,A,5600,,Tract  154,0,1,G,16,0,0,0,0,0,0,0,0,19,0,0,0,0,0,0,0,0
G3600850015601,1970,1,2,New York,36,Richmond,085,,,015601,A,5600,,Tract  156.01,0,1,G,3463,6,1,0,13,0,2,1,1,3561,4,2,3,9,0,0,0,2
G3600850015602,1970,1,2,New York,36,Richmond,085,,,015602,A,5600,,Tract  156.02,0,1,G,1643,1,0,0,3,2,0,0,1,1649,2,1,2,4,0,0,0,2
G3600850015603,1970,1,2,New York,36,Richmond,085,,,015603,A,5600,,Tract  156.03,0,1,G,735,2,0,0,3,0,0,0,2,696,1,1,0,2,0,0,0,1
G3600850016901,1970,1,2,New York,36,Richmond,085,,,016901,A,5600,,Tract  169.01,0,1,G,1139,1,0,1,5,3,0,1,0,1173,4,0,0,3,0,0,1,0
G3600850016902,1970,1,2,New York,36,Richmond,085,,,016902,A,5600,,Tract  169.02,0,1,G,480,0,0,0,11,2,0,0,0,494,1,0,0,4,2,0,0,0
G3600850017001,1970,1,2,New York,36,Richmond,085,,,017001,A,5600,,Tract  170.01,0,1,G,1173,29,0,0,0,1,1,0,6,1212,18,0,1,0,1,2,0,2
G3600850017002,1970,1,2,New York,36,Richmond,085,,,017002,A,5600,,Tract  170.02,0,1,G,3243,3,1,0,11,0,0,0,3,3313,4,0,4,10,0,0,0,1
G36008500173,1970,1,2,New York,36,Richmond,085,,,0173,A,5600,,Tract  173,0,1,G,1046,101,0,0,1,0,0,0,2,1087,111,0,0,3,1,0,1,4
G36008500176,1970,1,2,New York,36,Richmond,085,,,0176,A,5600,,Tract  176,0,1,G,1252,7,0,0,0,1,0,0,0,1353,9,0,1,0,0,0,0,0
G36008500177,1970,1,2,New York,36,Richmond,085,,,0177,A,5600,,Tract  177,0,1,G,2464,6,0,3,3,0,0,2,2,2529,13,0,1,1,0,0,1,3
G36008500179,1970,1,2,New York,36,Richmond,085,,,0179,A,5600,,Tract  179,0,1,G,1391,7,1,0,0,1,0,0,2,1410,7,2,3,0,0,0,0,1
G36008500185,1970,1,2,New York,36,Richmond,085,,,0185,A,5600,,Tract  185,0,1,G,293,49,0,0,5,1,0,0,0,335,38,0,0,0,1,0,0,0
G3600850018701,1970,1,2,New York,36,Richmond,085,,,018701,A,5600,,Tract  187.01,0,1,G,742,19,1,1,1,0,0,0,2,784,19,0,1,1,0,0,0,3
G3600850018702,1970,1,2,New York,36,Richmond,085,,,018702,A,5600,,Tract  187.02,0,1,G,2259,148,2,3,5,0,0,0,2,2320,173,3,1,4,0,0,0,3
G3600850018901,1970,1,2,New York,36,Richmond,085,,,018901,A,5600,,Tract  189.01,0,1,G,2656,5,1,1,3,1,0,0,0,2822,6,2,0,3,0,0,2,0
G3600850018902,1970,1,2,New York,36,Richmond,085,,,018902,A,5600,,Tract  189.02,0,1,G,1172,70,0,0,0,2,0,0,0,1242,77,0,0,0,3,0,0,0
G36008500196,1970,1,2,New York,36,Richmond,085,,,0196,A,5600,,Tract  196,0,1,G,1350,30,0,2,3,3,0,0,2,1393,16,1,0,4,4,0,0,0
G36008500197,1970,1,2,New York,36,Richmond,085,,,0197,A,5600,,Tract  197,0,1,G,966,0,0,0,0,0,0,0,0,1060,0,0,0,1,0,0,0,0
G36008500201,1970,1,2,New York,36,Richmond,085,,,0201,A,5600,,Tract  201,0,1,G,1663,15,0,2,5,0,0,0,0,1791,13,1,2,3,0,0,2,1
G36008500207,1970,1,2,New York,36,Richmond,085,,,0207,A,5600,,Tract  207,0,1,G,1533,451,0,1,2,2,1,0,11,1560,505,1,1,3,4,0,0,13
G3600850020801,1970,1,2,New York,36,Richmond,085,,,020801,A,5600,,Tract  208.01,0,1,G,160,0,0,0,0,0,0,0,0,164,2,0,0,0,0,0,0,0
G3600850020802,1970,1,2,New York,36,Richmond,085,,,020802,A,5600,,Tract  208.02,0,1,G,1677,20,0,5,0,3,0,0,0,1723,27,0,1,0,1,0,0,1
G36008500213,1970,1,2,New York,36,Richmond,085,,,0213,A,5600,,Tract  213,0,1,G,2019,3,1,0,0,1,0,0,0,2257,8,1,1,0,0,0,0,0
G36008500219,1970,1,2,New York,36,Richmond,085,,,0219,A,5600,,Tract  219,0,1,G,345,22,0,0,0,0,0,0,0,353,14,2,0,0,0,0,0,0
G36008500223,1970,1,2,New York,36,Richmond,085,,,0223,A,5600,,Tract  223,0,1,G,845,94,0,0,4,5,0,0,1,915,129,0,0,1,1,0,1,2
G36008500226,1970,1,2,New York,36,Richmond,085,,,0226,A,5600,,Tract  226,0,1,G,1006,337,0,0,0,0,0,0,8,878,48,1,0,0,0,0,0,0
G36008500231,1970,1,2,New York,36,Richmond,085,,,0231,A,5600,,Tract  231,0,1,G,994,50,0,0,0,1,0,0,4,1037,58,0,0,0,0,0,0,1
G36008500236,1970,1,2,New York,36,Richmond,085,,,0236,A,5600,,Tract  236,0,1,G,465,95,0,1,1,0,0,0,5,250,39,0,0,0,1,0,0,0
G36008500239,1970,1,2,New York,36,Richmond,085,,,0239,A,5600,,Tract  239,0,1,G,977,51,0,0,0,0,0,0,3,989,69,0,1,0,1,0,0,1
G36008500244,1970,1,2,New York,36,Richmond,085,,,0244,A,5600,,Tract  244,0,1,G,1573,4,5,0,0,0,0,0,7,1666,5,2,1,0,0,0,0,2
G36008500247,1970,1,2,New York,36,Richmond,085,,,0247,A,5600,,Tract  247,0,1,G,1024,44,1,0,0,0,0,0,1,1155,43,2,2,0,0,0,0,0
G36008500248,1970,1,2,New York,36,Richmond,085,,,0248,A,5600,,Tract  248,0,1,G,1569,43,0,0,0,0,0,0,0,1695,34,0,2,0,0,0,0,0
G36008500251,1970,1,2,New York,36,Richmond,085,,,0251,A,5600,,Tract  251,0,1,G,2209,1,0,0,0,1,0,1,0,2269,0,1,0,0,1,0,2,1
G3600850027301,1970,1,2,New York,36,Richmond,085,,,027301,A,5600,,Tract  273.01,0,1,G,2732,767,0,0,8,1,0,2,4,1906,507,2,4,10,1,0,0,1
G3600850027302,1970,1,2,New York,36,Richmond,085,,,027302,A,5600,,Tract  273.02,0,1,G,953,9,0,0,6,4,0,0,2,886,7,1,0,4,3,0,0,2
G36008500277,1970,1,2,New York,36,Richmond,085,,,0277,A,5600,,Tract  277,0,1,G,683,0,0,0,2,0,0,2,0,729,0,0,0,1,0,0,1,0
G36008500279,1970,1,2,New York,36,Richmond,085,,,0279,A,5600,,Tract  279,0,1,G,660,0,0,0,1,1,0,0,0,774,0,0,0,1,1,0,0,0
G36008500291,1970,1,2,New York,36,Richmond,085,,,0291,A,5600,,Tract  291,0,1,G,3622,2,1,1,0,10,0,0,3,3624,2,0,1,1,0,0,0,5
G36008500303,1970,1,2,New York,36,Richmond,085,,,0303,A,5600,,Tract  303,0,1,G,772,7,1,1,0,1,0,0,2,781,12,2,2,0,1,0,0,1
G3600850031901,1970,1,2,New York,36,Richmond,085,,,031901,A,5600,,Tract  319.01,0,1,G,699,646,1,1,10,0,0,1,6,722,751,7,1,13,1,1,0,18
G3600850031902,1970,1,2,New York,36,Richmond,085,,,031902,A,5600,,Tract  319.02,0,1,G,811,161,0,0,0,1,0,0,0,900,171,0,0,0,1,0,1,0
G36008500323,1970,1,2,New York,36,Richmond,085,,,0323,A,5600,,Tract  323,0,1,G,204,28,0,0,0,0,0,0,0,219,26,0,0,0,0,0,0,0
G36008700101,1970,1,2,New York,36,Rockland,087,,,0101,A,5600,,Tract  101,1,1,G,3513,4,2,0,2,1,0,0,4,3704,7,0,3,2,1,0,1,3
G36008700102,1970,1,2,New York,36,Rockland,087,,,0102,A,5600,,Tract  102,1,1,G,1940,1,0,0,0,0,0,0,1,2019,2,0,0,0,0,0,0,1
G36008700103,1970,1,2,New York,36,Rockland,087,,,0103,A,5600,,Tract  103,1,1,G,1291,145,0,1,0,0,0,0,0,16,40,0,0,0,0,0,0,0
G36008700104,1970,1,2,New York,36,Rockland,087,,,0104,A,5600,,Tract  104,1,1,G,641,71,0,0,3,0,0,3,0,1919,188,0,0,7,0,0,1,0
G36008700105,1970,1,2,New York,36,Rockland,087,,,0105,A,5600,,Tract  105,1,1,G,2770,5,2,1,3,0,0,0,7,2914,10,0,1,5,0,0,0,4
G36008700106,1970,1,2,New York,36,Rockland,087,,,0106,A,5600,,Tract  106,1,1,G,4133,39,5,0,5,0,0,0,7,4324,30,5,0,3,0,1,1,5
G36008700107,1970,1,2,New York,36,Rockland,087,,,0107,A,5600,,Tract  107,1,1,G,3630,299,2,1,1,2,0,0,30,3826,349,3,2,0,3,0,3,47
G36008700108,1970,1,2,New York,36,Rockland,087,,,0108,A,5600,,Tract  108,1,1,G,6793,58,3,1,16,2,1,3,7,6853,30,5,1,16,0,0,1,11
G36008700109,1970,1,2,New York,36,Rockland,087,,,0109,A,5600,,Tract  109,1,1,G,3064,37,1,0,1,0,0,4,0,3051,37,0,3,3,0,0,8,1
G36008700110,1970,1,2,New York,36,Rockland,087,,,0110,A,5600,,Tract  110,1,1,G,989,8,0,0,1,0,0,0,0,1083,13,0,0,1,0,0,0,1
G36008700111,1970,1,2,New York,36,Rockland,087,,,0111,A,5600,,Tract  111,1,1,G,3284,411,14,2,3,2,0,1,8,3363,453,9,2,3,1,0,1,2
G36008700112,1970,1,2,New York,36,Rockland,087,,,0112,A,5600,,Tract  112,1,1,G,2635,34,1,0,4,0,0,0,2,2797,30,3,0,3,0,0,1,0
G36008700113,1970,1,2,New York,36,Rockland,087,,,0113,A,5600,,Tract  113,1,1,G,4816,207,1,5,15,0,0,0,10,5110,252,2,4,12,3,0,0,10
G36008700114,1970,1,2,New York,36,Rockland,087,,,0114,A,5600,,Tract  114,1,1,G,6585,105,2,0,5,1,0,2,3,6715,114,1,3,4,0,0,0,3
G36008700115,1970,1,2,New York,36,Rockland,087,,,0115,A,5600,,Tract  115,1,1,G,8639,145,3,5,18,1,1,0,12,8828,134,2,7,18,1,0,1,15
G36008700116,1970,1,2,New York,36,Rockland,087,,,0116,A,5600,,Tract  116,1,1,G,5176,30,1,0,9,2,0,2,4,5370,45,0,1,13,0,0,4,9
G36008700117,1970,1,2,New York,36,Rockland,087,,,0117,A,5600,,Tract  117,1,1,G,1456,10,0,0,0,0,0,0,8,1642,13,1,0,0,0,0,0,4
G36008700118,1970,1,2,New York,36,Rockland,087,,,0118,A,5600,,Tract  118,1,1,G,235,258,7,0,0,0,0,0,17,266,251,6,0,0,0,0,0,18
G36008700119,1970,1,2,New York,36,Rockland,087,,,0119,A,5600,,Tract  119,1,1,G,2933,22,6,3,3,1,0,0,5,3221,13,6,5,3,0,0,1,5
G36008700120,1970,1,2,New York,36,Rockland,087,,,0120,A,5600,,Tract  120,1,1,G,945,1,0,0,0,1,0,0,4,1082,6,0,0,0,2,0,1,4
G36008700121,1970,1,2,New York,36,Rockland,087,,,0121,A,5600,,Tract  121,1,1,G,4559,59,0,3,0,2,0,0,6,4651,69,3,4,1,3,0,0,7
G36008700122,1970,1,2,New York,36,Rockland,087,,,0122,A,5600,,Tract  122,1,1,G,3348,448,5,6,6,0,0,0,7,3528,564,5,4,3,0,0,0,6
G36008700123,1970,1,2,New York,36,Rockland,087,,,0123,A,5600,,Tract  123,1,1,G,857,1394,8,0,0,3,0,0,4,1009,1619,4,0,0,3,0,0,4
G36008700124,1970,1,2,New York,36,Rockland,087,,,0124,A,5600,,Tract  124,1,1,G,2440,55,2,3,4,6,0,0,2,2684,67,1,5,3,4,0,0,1
G36008700125,1970,1,2,New York,36,Rockland,087,,,0125,A,5600,,Tract  125,1,1,G,4873,87,1,1,6,0,0,3,3,4958,82,4,1,5,1,0,2,7
G36008700126,1970,1,2,New York,36,Rockland,087,,,0126,A,5600,,Tract  126,1,1,G,3348,3,0,1,11,0,0,0,1,3628,4,0,1,8,0,0,0,1
G36008700127,1970,1,2,New York,36,Rockland,087,,,0127,A,5600,,Tract  127,1,1,G,2136,0,0,3,6,0,0,0,5,2457,2,0,1,0,0,0,0,1
G36008700128,1970,1,2,New York,36,Rockland,087,,,0128,A,5600,,Tract  128,1,1,G,2815,2,0,2,12,0,0,0,1,2887,0,1,2,4,0,0,0,0
G36008700129,1970,1,2,New York,36,Rockland,087,,,0129,A,5600,,Tract  129,1,1,G,2048,614,1,1,6,0,0,4,5,2135,620,1,0,2,1,0,5,1
G36008700130,1970,1,2,New York,36,Rockland,087,,,0130,A,5600,,Tract  130,1,1,G,5170,130,0,4,2,2,0,5,4,5296,90,3,9,4,2,0,7,4
G36008700131,1970,1,2,New York,36,Rockland,087,,,0131,A,5600,,Tract  131,1,1,G,1938,1136,4,1,6,1,0,1,7,2275,1271,2,2,7,2,0,1,5
G36008700132,1970,1,2,New York,36,Rockland,087,,,0132,A,5600,,Tract  132,1,1,G,1291,286,0,0,8,0,0,0,0,1512,327,1,0,8,0,0,0,2
G36008700133,1970,1,2,New York,36,Rockland,087,,,0133,A,5600,,Tract  133,1,1,G,1034,119,0,1,0,0,0,0,1,1102,124,2,2,0,0,0,1,0
G36008700134,1970,1,2,New York,36,Rockland,087,,,0134,A,5600,,Tract  134,1,1,G,3997,21,2,18,16,8,1,3,19,4078,28,4,26,6,8,0,2,12
G36009100601,1970,1,2,New York,36,Saratoga,091,,,0601,,0160,,Tract  601,1,1,F,2972,2,3,1,0,0,0,0,0,3080,6,1,1,0,0,0,0,1
G36009100602,1970,1,2,New York,36,Saratoga,091,,,0602,,0160,,Tract  602,1,1,F,1874,8,1,0,0,0,0,0,0,2123,5,0,0,0,0,0,0,2
G36009100603,1970,1,2,New York,36,Saratoga,091,,,0603,,0160,,Tract  603,1,1,F,1230,5,1,0,0,0,0,0,4,1270,3,0,0,0,0,0,0,2
G36009100604,1970,1,2,New York,36,Saratoga,091,,,0604,,0160,,Tract  604,1,1,F,1527,0,3,0,0,0,0,0,0,1731,0,2,0,0,2,0,1,1
G36009100605,1970,1,2,New York,36,Saratoga,091,,,0605,,0160,,Tract  605,1,1,F,1633,2,0,0,0,0,0,0,0,1589,2,0,0,0,0,0,0,0
G36009100606,1970,1,2,New York,36,Saratoga,091,,,0606,,0160,,Tract  606,1,1,F,1722,9,3,0,0,1,0,0,1,2763,13,5,0,18,1,0,0,6
G36009100607,1970,1,2,New York,36,Saratoga,091,,,0607,,0160,,Tract  607,1,1,F,1456,5,2,0,1,0,0,0,3,1490,7,5,1,0,1,2,0,2
G36009100608,1970,1,2,New York,36,Saratoga,091,,,0608,,0160,,Tract  608,1,1,F,863,5,0,0,0,0,0,0,3,905,2,0,1,0,0,0,0,0
G36009100609,1970,1,2,New York,36,Saratoga,091,,,0609,,0160,,Tract  609,1,1,F,2067,3,0,0,0,0,0,0,4,2130,1,0,0,0,0,0,0,1
G36009100610,1970,1,2,New York,36,Saratoga,091,,,0610,,0160,,Tract  610,1,1,F,1811,126,1,0,2,1,0,2,2,2596,157,3,4,9,0,0,6,3
G36009100611,1970,1,2,New York,36,Saratoga,091,,,0611,,0160,,Tract  611,1,1,F,2803,68,1,3,0,0,0,0,2,3065,73,5,6,0,2,0,0,0
G36009100612,1970,1,2,New York,36,Saratoga,091,,,0612,,0160,,Tract  612,1,1,F,2363,124,5,1,0,1,0,0,4,2596,154,12,1,0,4,0,1,6
G36009100613,1970,1,2,New York,36,Saratoga,091,,,0613,,0160,,Tract  613,1,1,F,1318,21,0,0,1,0,0,0,3,1451,25,0,0,1,0,0,0,2
G36009100614,1970,1,2,New York,36,Saratoga,091,,,0614,,0160,,Tract  614,1,1,F,3164,11,1,0,0,0,0,0,1,3104,11,0,0,1,0,0,3,2
G36009100615,1970,1,2,New York,36,Saratoga,091,,,0615,,0160,,Tract  615,1,1,F,1258,5,0,1,1,0,0,0,1,1235,4,0,1,0,0,0,0,0
G36009100616,1970,1,2,New York,36,Saratoga,091,,,0616,,0160,,Tract  616,1,1,F,1887,4,3,3,0,0,0,0,2,1855,7,2,4,2,0,0,0,3
G36009100617,1970,1,2,New York,36,Saratoga,091,,,0617,,0160,,Tract  617,1,1,F,2941,4,1,1,3,0,0,0,1,2943,3,0,2,3,0,0,0,2
G36009100618,1970,1,2,New York,36,Saratoga,091,,,0618,,0160,,Tract  618,1,1,F,2348,3,0,0,1,0,0,0,0,2612,2,1,1,0,0,0,0,0
G36009100619,1970,1,2,New York,36,Saratoga,091,,,0619,,0160,,Tract  619,1,1,F,1894,8,1,0,0,0,0,2,1,1892,7,0,1,0,0,0,3,4
G36009100620,1970,1,2,New York,36,Saratoga,091,,,0620,,0160,,Tract  620,1,1,F,1795,11,4,1,1,0,0,0,1,1776,1,3,0,0,0,0,0,2
G36009100621,1970,1,2,New York,36,Saratoga,091,,,0621,,0160,,Tract  621,1,1,F,680,0,0,0,0,0,0,0,0,748,0,0,0,0,0,0,0,0
G36009100622,1970,1,2,New York,36,Saratoga,091,,,0622,,0160,,Tract  622,1,1,F,1733,6,0,1,0,0,0,0,3,1829,11,0,1,0,0,0,0,3
G36009100623,1970,1,2,New York,36,Saratoga,091,,,0623,,0160,,Tract  623,1,1,F,1209,1,0,0,0,0,0,0,0,1449,1,0,0,0,0,0,0,0
G36009100624,1970,1,2,New York,36,Saratoga,091,,,0624,,0160,,Tract  624,1,1,F,4661,13,2,0,0,1,0,3,0,4589,9,3,0,0,0,1,4,1
G36009100625,1970,1,2,New York,36,Saratoga,091,,,0625,,0160,,Tract  625,1,1,F,5788,20,1,1,8,4,0,2,1,5796,20,0,4,4,1,1,3,0
G36009100626,1970,1,2,New York,36,Saratoga,091,,,0626,,0160,,Tract  626,1,1,F,1570,3,0,0,0,0,0,0,0,1632,6,2,0,0,0,0,0,0
G36009100627,1970,1,2,New York,36,Saratoga,091,,,0627,,0160,,Tract  627,1,1,F,2217,0,1,3,5,0,0,0,0,2449,0,1,1,2,0,1,0,0
G36009100628,1970,1,2,New York,36,Saratoga,091,,,0628,,0160,,Tract  628,1,1,F,1326,1,0,0,0,0,0,0,0,1550,0,1,1,0,0,0,0,0
G36009300201,1970,1,2,New York,36,Schenectady,093,,,0201,,0160,,Tract  201,0,1,F,2578,86,1,0,8,3,0,3,15,2887,84,0,1,2,9,0,3,8
G36009300202,1970,1,2,New York,36,Schenectady,093,,,0202,,0160,,Tract  202,0,1,F,1583,9,0,1,0,0,0,0,0,1727,13,0,5,0,0,0,0,3
G36009300203,1970,1,2,New York,36,Schenectady,093,,,0203,,0160,,Tract  203,0,1,F,640,15,1,0,0,0,0,2,2,642,18,2,0,1,1,1,1,3
G36009300204,1970,1,2,New York,36,Schenectady,093,,,0204,,0160,,Tract  204,0,1,F,2428,47,3,1,13,2,0,3,8,1564,8,1,0,9,0,0,1,2
G36009300205,1970,1,2,New York,36,Schenectady,093,,,0205,,0160,,Tract  205,0,1,F,2651,5,2,0,2,2,0,1,3,3269,9,1,2,0,5,0,1,2
G36009300206,1970,1,2,New York,36,Schenectady,093,,,0206,,0160,,Tract  206,0,1,F,1970,18,1,0,0,3,0,0,1,2313,16,0,1,0,2,0,0,2
G36009300207,1970,1,2,New York,36,Schenectady,093,,,0207,,0160,,Tract  207,0,1,F,2432,86,4,0,7,9,0,0,3,2904,83,4,2,6,7,0,0,2
G36009300208,1970,1,2,New York,36,Schenectady,093,,,0208,,0160,,Tract  208,0,1,F,1990,162,2,3,6,0,0,1,2,2351,149,3,1,5,2,0,0,4
G36009300209,1970,1,2,New York,36,Schenectady,093,,,0209,,0160,,Tract  209,0,1,F,2013,278,4,1,0,2,1,0,3,2407,269,3,2,0,0,0,1,7
G3600930021001,1970,1,2,New York,36,Schenectady,093,,,021001,,0160,,Tract  210.01,0,1,F,473,65,2,0,15,0,0,0,0,418,29,0,2,20,0,0,1,0
G3600930021002,1970,1,2,New York,36,Schenectady,093,,,021002,,0160,,Tract  210.02,0,1,F,1240,465,4,0,2,1,0,0,3,1574,535,4,0,0,1,0,0,8
G3600930021101,1970,1,2,New York,36,Schenectady,093,,,021101,,0160,,Tract  211.01,0,1,F,585,17,3,0,0,0,0,0,1,761,9,0,0,2,0,0,0,3
G3600930021102,1970,1,2,New York,36,Schenectady,093,,,021102,,0160,,Tract  211.02,0,1,F,221,20,0,1,0,0,0,0,0,213,17,0,0,0,0,0,0,0
G3600930021103,1970,1,2,New York,36,Schenectady,093,,,021103,,0160,,Tract  211.03,0,1,F,159,29,0,0,0,0,0,0,0,149,31,0,0,0,0,0,0,0
G36009300212,1970,1,2,New York,36,Schenectady,093,,,0212,,0160,,Tract  212,0,1,F,1721,21,1,0,0,0,0,0,5,1887,25,2,2,0,1,0,1,8
G36009300213,1970,1,2,New York,36,Schenectady,093,,,0213,,0160,,Tract  213,0,1,F,2024,10,0,0,0,1,0,0,2,2264,11,0,1,0,1,0,0,2
G36009300214,1970,1,2,New York,36,Schenectady,093,,,0214,,0160,,Tract  214,0,1,F,1766,33,0,0,0,0,0,0,0,2054,32,0,1,0,0,0,0,0
G36009300215,1970,1,2,New York,36,Schenectady,093,,,0215,,0160,,Tract  215,0,1,F,1634,11,0,1,0,1,0,0,0,1868,11,1,2,0,1,0,0,1
G36009300216,1970,1,2,New York,36,Schenectady,093,,,0216,,0160,,Tract  216,0,1,F,1885,2,0,0,0,0,0,1,0,2232,1,0,1,0,0,0,0,0
G36009300217,1970,1,2,New York,36,Schenectady,093,,,0217,,0160,,Tract  217,0,1,F,2042,111,9,1,0,2,0,0,3,2484,131,14,4,0,3,0,0,4
G36009300218,1970,1,2,New York,36,Schenectady,093,,,0218,,0160,,Tract  218,0,1,F,3014,132,4,1,1,0,1,0,1,3220,108,3,2,1,0,0,0,0
G36009300319,1970,1,2,New York,36,Schenectady,093,,,0319,,0160,,Tract  319,0,1,F,2730,30,0,3,11,1,0,1,2,2899,40,1,6,6,1,0,1,4
G36009300320,1970,1,2,New York,36,Schenectady,093,,,0320,,0160,,Tract  320,0,1,F,2956,14,1,5,7,0,0,0,3,3169,14,1,2,7,0,0,1,6
G36009300321,1970,1,2,New York,36,Schenectady,093,,,0321,,0160,,Tract  321,0,1,F,2870,13,1,4,5,2,0,0,8,3024,16,2,4,4,2,0,0,2
G36009300322,1970,1,2,New York,36,Schenectady,093,,,0322,,0160,,Tract  322,0,1,F,1956,2,2,0,4,0,0,0,1,2125,2,1,0,2,0,0,0,0
G36009300323,1970,1,2,New York,36,Schenectady,093,,,0323,,0160,,Tract  323,0,1,F,1525,0,0,0,0,0,0,0,1,1739,4,0,5,1,0,0,0,0
G3600930032401,1970,1,2,New York,36,Schenectady,093,,,032401,,0160,,Tract  324.01,0,1,F,4228,1,2,6,0,0,0,0,3,4334,2,3,6,1,0,0,0,6
G3600930032402,1970,1,2,New York,36,Schenectady,093,,,032402,,0160,,Tract  324.02,0,1,F,1104,1,0,3,0,0,0,1,3,1157,1,2,1,0,0,0,1,2
G3600930032501,1970,1,2,New York,36,Schenectady,093,,,032501,,0160,,Tract  325.01,0,1,F,3177,8,1,2,0,0,0,0,0,3180,12,0,3,0,0,0,1,2
G3600930032502,1970,1,2,New York,36,Schenectady,093,,,032502,,0160,,Tract  325.02,0,1,F,2152,11,0,0,0,0,0,3,0,2170,6,1,0,0,0,0,2,0
G36009300326,1970,1,2,New York,36,Schenectady,093,,,0326,,0160,,Tract  326,0,1,F,2164,4,3,0,1,0,0,0,0,2210,8,5,1,0,0,0,0,0
G36009300327,1970,1,2,New York,36,Schenectady,093,,,0327,,0160,,Tract  327,0,1,F,2298,5,1,0,0,1,0,0,1,2446,8,1,0,1,0,0,0,1
G36009300328,1970,1,2,New York,36,Schenectady,093,,,0328,,0160,,Tract  328,0,1,F,1294,5,1,0,0,0,0,0,0,1404,5,0,0,0,0,0,0,0
G36009300329,1970,1,2,New York,36,Schenectady,093,,,0329,,0160,,Tract  329,0,1,F,28,0,0,0,0,0,0,0,0,33,0,0,0,0,0,0,0,0
G3600930032901,1970,1,2,New York,36,Schenectady,093,,,032901,,0160,,Tract  329.01,0,1,F,2489,5,0,0,0,0,0,0,1,2615,7,1,1,0,0,0,0,1
G3600930032902,1970,1,2,New York,36,Schenectady,093,,,032902,,0160,,Tract  329.02,0,1,F,2767,16,1,0,3,0,0,0,1,2830,19,1,2,4,0,0,0,0
G3600930033001,1970,1,2,New York,36,Schenectady,093,,,033001,,0160,,Tract  330.01,0,1,F,3332,25,2,2,7,3,0,0,2,3584,18,1,1,5,3,1,0,1
G3600930033002,1970,1,2,New York,36,Schenectady,093,,,033002,,0160,,Tract  330.02,0,1,F,686,4,0,0,0,0,0,0,0,696,1,0,0,0,0,0,0,0
G36009300331,1970,1,2,New York,36,Schenectady,093,,,0331,,0160,,Tract  331,0,1,F,2563,18,1,0,0,0,0,1,2,2605,14,1,0,0,0,0,0,0
G3601030110101,1970,1,2,New York,36,Suffolk,103,,,110101,A,5600,,Tract 1101.01,1,1,G,1690,8,0,4,4,0,0,0,1,1643,11,0,6,3,0,0,0,1
G3601030110102,1970,1,2,New York,36,Suffolk,103,,,110102,,5600,,Tract 1101.02,1,1,G,2727,5,0,5,3,0,0,1,0,2760,5,0,1,2,0,0,0,0
G36010301102,1970,1,2,New York,36,Suffolk,103,,,1102,A,5600,,Tract 1102,1,1,G,2913,23,0,0,1,0,0,0,1,3097,26,3,0,1,0,0,0,2
G36010301103,1970,1,2,New York,36,Suffolk,103,,,1103,A,5600,,Tract 1103,1,1,G,2653,9,0,0,9,0,0,1,2,2792,14,1,2,10,2,0,0,2
G36010301104,1970,1,2,New York,36,Suffolk,103,,,1104,A,5600,,Tract 1104,1,1,G,3282,3,0,1,0,2,0,2,2,3461,4,0,5,2,0,0,1,3
G36010301105,1970,1,2,New York,36,Suffolk,103,,,1105,A,5600,,Tract 1105,1,1,G,2711,1,0,2,3,2,2,2,2,2868,6,0,2,2,0,1,5,3
G36010301106,1970,1,2,New York,36,Suffolk,103,,,1106,A,5600,,Tract 1106,1,1,G,3513,16,0,2,9,3,1,0,5,3850,19,0,1,11,0,3,0,7
G36010301107,1970,1,2,New York,36,Suffolk,103,,,1107,A,5600,,Tract 1107,1,1,G,937,0,0,0,0,0,0,0,0,916,0,0,0,0,0,0,0,0
G36010301108,1970,1,2,New York,36,Suffolk,103,,,1108,A,5600,,Tract 1108,1,1,G,4216,164,2,2,10,3,2,2,5,3155,24,0,0,5,3,0,2,1
G36010301109,1970,1,2,New York,36,Suffolk,103,,,1109,A,5600,,Tract 1109,1,1,G,2878,254,1,6,5,0,0,0,2,3128,314,0,5,6,2,0,1,3
G36010301110,1970,1,2,New York,36,Suffolk,103,,,1110,A,5600,,Tract 1110,1,1,G,2510,386,4,3,7,0,0,0,1,2551,485,5,2,7,0,0,0,4
G36010301111,1970,1,2,New York,36,Suffolk,103,,,1111,A,5600,,Tract 1111,1,1,G,2745,509,2,1,9,1,0,1,1,2923,543,6,2,6,0,0,2,10
G36010301112,1970,1,2,New York,36,Suffolk,103,,,1112,A,5600,,Tract 1112,1,1,G,3790,90,1,0,10,0,1,0,5,4065,124,0,4,4,0,0,0,8
G36010301113,1970,1,2,New York,36,Suffolk,103,,,1113,A,5600,,Tract 1113,1,1,G,2430,19,0,3,5,0,0,3,1,2476,29,1,2,5,0,1,3,0
G36010301114,1970,1,2,New York,36,Suffolk,103,,,1114,A,5600,,Tract 1114,1,1,G,3498,29,1,4,6,0,0,0,0,3571,28,4,5,2,0,0,0,0
G3601030111501,1970,1,2,New York,36,Suffolk,103,,,111501,A,5600,,Tract 1115.01,1,1,G,2722,61,0,1,0,1,0,0,1,2707,58,1,2,0,0,1,1,1
G3601030111502,1970,1,2,New York,36,Suffolk,103,,,111502,A,5600,,Tract 1115.02,1,1,G,4046,546,9,3,1,1,0,0,12,4204,621,9,11,0,0,0,2,10
G36010301116,1970,1,2,New York,36,Suffolk,103,,,1116,A,5600,,Tract 1116,1,1,G,3921,6,3,3,7,4,0,0,2,3943,14,6,4,0,0,0,5,7
G3601030111701,1970,1,2,New York,36,Suffolk,103,,,111701,A,5600,,Tract 1117.01,1,1,G,2487,3,1,1,1,0,0,2,1,2635,3,2,1,4,0,0,6,0
G3601030111702,1970,1,2,New York,36,Suffolk,103,,,111702,A,5600,,Tract 1117.02,1,1,G,3525,11,0,0,4,0,0,0,2,3678,12,1,1,9,0,0,1,1
G3601030111801,1970,1,2,New York,36,Suffolk,103,,,111801,A,5600,,Tract 1118.01,1,1,G,2750,7,0,0,8,0,0,0,0,2766,16,0,2,5,2,0,0,0
G3601030111802,1970,1,2,New York,36,Suffolk,103,,,111802,A,5600,,Tract 1118.02,1,1,G,2112,0,0,2,0,2,0,0,0,2133,0,0,2,1,5,0,0,0
G3601030111803,1970,1,2,New York,36,Suffolk,103,,,111803,A,5600,,Tract 1118.03,1,1,G,1771,1,0,0,8,2,0,0,8,1771,5,0,1,8,0,0,1,7
G3601030111804,1970,1,2,New York,36,Suffolk,103,,,111804,A,5600,,Tract 1118.04,1,1,G,1665,2,0,0,1,0,0,0,0,1685,7,0,0,6,0,0,0,0
G36010301119,1970,1,2,New York,36,Suffolk,103,,,1119,A,5600,,Tract 1119,1,1,G,3115,5,1,0,8,1,0,1,1,3187,10,2,0,15,1,0,1,1
G3601030112001,1970,1,2,New York,36,Suffolk,103,,,112001,A,5600,,Tract 1120.01,1,1,G,2672,16,0,2,6,1,0,0,0,2876,16,5,0,7,0,0,1,0
G3601030112002,1970,1,2,New York,36,Suffolk,103,,,112002,A,5600,,Tract 1120.02,1,1,G,3270,9,0,5,1,0,0,3,0,3378,9,1,1,4,0,0,3,1
G3601030112101,1970,1,2,New York,36,Suffolk,103,,,112101,A,5600,,Tract 1121.01,1,1,G,3332,5,1,1,11,2,0,1,3,3279,6,1,0,8,0,0,2,0
G3601030112102,1970,1,2,New York,36,Suffolk,103,,,112102,A,5600,,Tract 1121.02,1,1,G,1758,8,0,1,3,1,0,0,1,1827,15,0,0,1,0,0,0,6
G3601030112201,1970,1,2,New York,36,Suffolk,103,,,112201,A,5600,,Tract 1122.01,1,1,G,4157,55,2,5,8,0,0,1,10,4209,41,0,4,8,1,2,2,2
G3601030112202,1970,1,2,New York,36,Suffolk,103,,,112202,A,5600,,Tract 1122.02,1,1,G,5735,138,0,10,32,5,0,2,11,5941,154,0,8,31,7,0,0,7
G3601030112203,1970,1,2,New York,36,Suffolk,103,,,112203,A,5600,,Tract 1122.03,1,1,G,4729,39,2,1,25,7,0,4,13,4758,54,1,1,31,6,0,3,17
G36010301223,1970,1,2,New York,36,Suffolk,103,,,1223,A,5600,,Tract 1223,1,1,G,1334,27,1,1,0,1,0,1,6,1395,26,1,0,0,0,0,0,10
G3601030122401,1970,1,2,New York,36,Suffolk,103,,,122401,A,5600,,Tract 1224.01,1,1,G,2932,249,4,0,0,1,0,1,3,2956,287,8,0,1,0,0,0,0
G3601030122402,1970,1,2,New York,36,Suffolk,103,,,122402,A,5600,,Tract 1224.02,1,1,G,1710,1241,17,0,7,5,0,1,12,1742,1399,12,0,4,2,0,0,15
G36010301225,1970,1,2,New York,36,Suffolk,103,,,1225,A,5600,,Tract 1225,1,1,G,582,2989,8,0,1,0,0,0,11,617,3447,11,1,2,0,0,2,2
G3601030122601,1970,1,2,New York,36,Suffolk,103,,,122601,A,5600,,Tract 1226.01,1,1,G,3529,4,1,3,9,1,0,1,2,3642,3,1,5,11,1,0,0,3
G3601030122602,1970,1,2,New York,36,Suffolk,103,,,122602,A,5600,,Tract 1226.02,1,1,G,3153,1,0,0,3,0,0,1,0,3251,0,0,1,3,0,0,0,0
G3601030122603,1970,1,2,New York,36,Suffolk,103,,,122603,A,5600,,Tract 1226.03,1,1,G,3583,5,2,1,4,0,0,0,2,3742,8,1,0,7,0,0,0,2
G3601030122701,1970,1,2,New York,36,Suffolk,103,,,122701,A,5600,,Tract 1227.01,1,1,G,3039,130,0,6,6,0,0,0,3,3106,147,1,7,0,0,0,0,7
G3601030122702,1970,1,2,New York,36,Suffolk,103,,,122702,A,5600,,Tract 1227.02,1,1,G,3722,67,2,1,13,0,0,0,1,3777,66,2,1,14,0,0,0,1
G3601030122703,1970,1,2,New York,36,Suffolk,103,,,122703,A,5600,,Tract 1227.03,1,1,G,685,162,0,3,13,0,0,1,0,519,190,0,0,1,0,0,0,0
G3601030122801,1970,1,2,New York,36,Suffolk,103,,,122801,A,5600,,Tract 1228.01,1,1,G,1708,676,0,0,3,2,0,4,2,1692,731,1,0,3,3,0,1,2
G3601030122802,1970,1,2,New York,36,Suffolk,103,,,122802,A,5600,,Tract 1228.02,1,1,G,2591,9,0,1,5,1,0,0,0,2594,9,0,1,2,0,0,0,1
G3601030122901,1970,1,2,New York,36,Suffolk,103,,,122901,A,5600,,Tract 1229.01,1,1,G,2374,16,0,0,0,0,0,0,2,2559,14,2,1,0,0,0,0,0
G3601030122902,1970,1,2,New York,36,Suffolk,103,,,122902,A,5600,,Tract 1229.02,1,1,G,2035,6,0,0,3,0,0,0,2,2127,4,3,0,4,0,0,0,2
G3601030123001,1970,1,2,New York,36,Suffolk,103,,,123001,A,5600,,Tract 1230.01,1,1,G,2719,17,3,2,0,2,0,0,1,2755,17,5,1,0,1,0,0,0
G3601030123002,1970,1,2,New York,36,Suffolk,103,,,123002,A,5600,,Tract 1230.02,1,1,G,1895,24,1,0,2,3,0,0,1,1928,37,0,1,1,1,0,0,0
G3601030123101,1970,1,2,New York,36,Suffolk,103,,,123101,A,5600,,Tract 1231.01,1,1,G,1786,10,1,0,0,0,0,3,0,1798,8,1,1,0,0,0,2,0
G3601030123102,1970,1,2,New York,36,Suffolk,103,,,123102,A,5600,,Tract 1231.02,1,1,G,2292,1,1,0,1,0,0,0,0,2476,0,0,1,1,0,0,1,0
G36010301232,1970,1,2,New York,36,Suffolk,103,,,1232,A,5600,,Tract 1232,1,1,G,531,1561,7,0,0,0,0,0,7,703,1776,9,0,0,0,0,1,6
G36010301233,1970,1,2,New York,36,Suffolk,103,,,1233,A,5600,,Tract 1233,1,1,G,1348,2101,15,0,11,1,0,0,8,1490,2330,15,0,9,0,0,1,6
G3601030123401,1970,1,2,New York,36,Suffolk,103,,,123401,A,5600,,Tract 1234.01,1,1,G,1995,93,2,0,0,0,0,0,2,2131,111,0,1,0,0,0,0,2
G3601030123402,1970,1,2,New York,36,Suffolk,103,,,123402,A,5600,,Tract 1234.02,1,1,G,3241,68,5,0,9,0,0,0,1,3352,93,4,1,2,2,0,1,1
G36010301235,1970,1,2,New York,36,Suffolk,103,,,1235,A,5600,,Tract 1235,1,1,G,2273,362,7,0,2,0,2,0,10,2612,415,5,2,1,1,2,1,6
G36010301236,1970,1,2,New York,36,Suffolk,103,,,1236,A,5600,,Tract 1236,1,1,G,1972,22,3,2,2,0,0,0,1,2061,24,1,2,2,0,0,0,1
G3601030123701,1970,1,2,New York,36,Suffolk,103,,,123701,A,5600,,Tract 1237.01,1,1,G,1655,401,10,0,0,0,0,0,0,1712,457,13,0,0,1,0,0,0
G3601030123702,1970,1,2,New York,36,Suffolk,103,,,123702,A,5600,,Tract 1237.02,1,1,G,3869,8,0,0,5,4,0,0,1,4001,13,2,1,8,4,0,0,0
G3601030123801,1970,1,2,New York,36,Suffolk,103,,,123801,A,5600,,Tract 1238.01,1,1,G,1594,29,0,0,1,0,0,0,0,1609,32,0,0,1,1,0,0,1
G3601030123802,1970,1,2,New York,36,Suffolk,103,,,123802,A,5600,,Tract 1238.02,1,1,G,2073,0,0,0,2,2,0,1,0,2115,0,0,1,2,2,1,0,0
G36010301239,1970,1,2,New York,36,Suffolk,103,,,1239,A,5600,,Tract 1239,1,1,G,2706,37,2,0,0,1,0,1,0,2800,45,2,0,0,0,0,2,3
G36010301240,1970,1,2,New York,36,Suffolk,103,,,1240,A,5600,,Tract 1240,1,1,G,4373,2,0,1,1,1,0,0,2,4560,4,0,4,0,0,0,0,0
G36010301241,1970,1,2,New York,36,Suffolk,103,,,1241,A,5600,,Tract 1241,1,1,G,3918,18,0,2,0,0,1,0,3,4182,15,0,3,0,0,0,0,2
G36010301242,1970,1,2,New York,36,Suffolk,103,,,1242,A,5600,,Tract 1242,1,1,G,2719,0,0,0,3,0,0,0,1,2936,2,0,0,5,0,0,0,2
G36010301243,1970,1,2,New York,36,Suffolk,103,,,1243,A,5600,,Tract 1243,1,1,G,2783,90,1,4,0,6,0,0,0,3157,103,2,3,0,5,0,0,0
G36010301244,1970,1,2,New York,36,Suffolk,103,,,1244,A,5600,,Tract 1244,1,1,G,3289,0,0,6,1,1,0,0,3,3610,1,0,6,0,0,0,0,3
G36010301245,1970,1,2,New York,36,Suffolk,103,,,1245,A,5600,,Tract 1245,1,1,G,2398,101,5,1,4,0,0,0,4,2637,104,3,3,3,0,0,0,4
G3601030124601,1970,1,2,New York,36,Suffolk,103,,,124601,A,5600,,Tract 1246.01,1,1,G,1527,0,0,0,0,0,0,0,0,1595,3,0,0,0,0,0,0,0
G3601030124602,1970,1,2,New York,36,Suffolk,103,,,124602,A,5600,,Tract 1246.02,1,1,G,2081,17,1,0,5,1,0,0,0,2358,30,1,0,9,2,0,0,0
G3601030134701,1970,1,2,New York,36,Suffolk,103,,,134701,A,5600,,Tract 1347.01,1,1,G,2308,4,0,0,4,6,0,3,3,2429,6,1,0,3,3,0,3,4
G3601030134702,1970,1,2,New York,36,Suffolk,103,,,134702,A,5600,,Tract 1347.02,1,1,G,2667,4,0,0,3,1,0,0,3,2862,4,0,2,3,3,0,0,3
G36010301348,1970,1,2,New York,36,Suffolk,103,,,1348,A,5600,,Tract 1348,1,1,G,2448,549,1,3,9,4,0,1,1,2866,486,1,3,6,3,0,2,2
G3601030134901,1970,1,2,New York,36,Suffolk,103,,,134901,A,5600,,Tract 1349.01,1,1,G,4104,3,0,0,2,3,0,0,3,4173,3,0,2,3,4,0,0,2
G3601030134902,1970,1,2,New York,36,Suffolk,103,,,134902,A,5600,,Tract 1349.02,1,1,G,2417,3,1,2,2,5,0,0,1,2545,9,0,2,2,1,0,0,1
G3601030134903,1970,1,2,New York,36,Suffolk,103,,,134903,A,5600,,Tract 1349.03,1,1,G,775,3,0,0,1,0,0,0,0,851,5,0,0,0,0,0,0,0
G3601030134904,1970,1,2,New York,36,Suffolk,103,,,134904,A,5600,,Tract 1349.04,1,1,G,2711,23,0,0,8,0,0,0,0,2846,30,0,4,9,1,0,1,0
G3601030135001,1970,1,2,New York,36,Suffolk,103,,,135001,A,5600,,Tract 1350.01,1,1,G,1137,3,0,3,2,0,0,1,0,1158,10,0,1,3,1,0,0,0
G3601030135002,1970,1,2,New York,36,Suffolk,103,,,135002,A,5600,,Tract 1350.02,1,1,G,2881,12,1,0,1,0,0,0,3,2963,17,0,1,1,1,0,2,1
G3601030135003,1970,1,2,New York,36,Suffolk,103,,,135003,A,5600,,Tract 1350.03,1,1,G,2397,4,2,0,0,0,0,0,0,2522,6,3,0,0,0,0,0,0
G3601030135101,1970,1,2,New York,36,Suffolk,103,,,135101,A,5600,,Tract 1351.01,1,1,G,2691,13,0,0,12,0,0,1,0,2615,6,1,0,9,0,0,4,0
G3601030135102,1970,1,2,New York,36,Suffolk,103,,,135102,A,5600,,Tract 1351.02,1,1,G,2632,0,0,0,6,2,1,0,1,2763,0,0,2,9,4,0,2,0
G3601030135103,1970,1,2,New York,36,Suffolk,103,,,135103,A,5600,,Tract 1351.03,1,1,G,1975,0,0,0,2,4,0,0,0,1989,0,0,0,3,1,0,0,0
G3601030135104,1970,1,2,New York,36,Suffolk,103,,,135104,A,5600,,Tract 1351.04,1,1,G,2193,3,1,0,4,0,0,0,1,2196,5,0,4,1,0,0,0,1
G3601030135201,1970,1,2,New York,36,Suffolk,103,,,135201,A,5600,,Tract 1352.01,1,1,G,1512,0,0,0,2,0,0,0,2,1618,0,0,0,2,0,0,0,2
G3601030135202,1970,1,2,New York,36,Suffolk,103,,,135202,A,5600,,Tract 1352.02,1,1,G,2619,2,2,0,2,0,0,0,0,2683,4,2,0,3,0,0,0,0
G3601030135203,1970,1,2,New York,36,Suffolk,103,,,135203,A,5600,,Tract 1352.03,1,1,G,4542,11,0,0,8,0,0,0,0,4691,8,0,3,8,0,0,1,0
G3601030135204,1970,1,2,New York,36,Suffolk,103,,,135204,A,5600,,Tract 1352.04,1,1,G,2119,4,2,1,1,0,0,1,0,2200,4,1,0,2,0,0,0,0
G3601030135301,1970,1,2,New York,36,Suffolk,103,,,135301,A,5600,,Tract 1353.01,1,1,G,2124,20,1,0,4,0,0,0,4,2164,10,0,1,6,0,0,1,2
G3601030135302,1970,1,2,New York,36,Suffolk,103,,,135302,A,5600,,Tract 1353.02,1,1,G,3826,7,2,3,0,0,0,0,0,4140,4,0,3,0,0,0,0,0
G36010301354,1970,1,2,New York,36,Suffolk,103,,,1354,A,5600,,Tract 1354,1,1,G,4918,5,0,1,6,2,0,0,3,5090,7,0,4,8,2,0,0,2
G36010301455,1970,1,2,New York,36,Suffolk,103,,,1455,A,5600,,Tract 1455,1,1,G,3090,766,4,2,23,4,0,1,13,3650,620,1,1,8,11,0,0,5
G3601030145601,1970,1,2,New York,36,Suffolk,103,,,145601,A,5600,,Tract 1456.01,1,1,G,2453,18,0,0,3,2,0,0,1,2471,22,3,1,2,1,0,0,3
G3601030145602,1970,1,2,New York,36,Suffolk,103,,,145602,A,5600,,Tract 1456.02,1,1,G,2687,20,0,2,0,3,0,0,2,2715,22,1,1,0,0,0,0,1
G3601030145603,1970,1,2,New York,36,Suffolk,103,,,145603,A,5600,,Tract 1456.03,1,1,G,1403,615,8,0,3,1,0,0,29,1362,687,7,1,2,1,2,0,21
G3601030145604,1970,1,2,New York,36,Suffolk,103,,,145604,A,5600,,Tract 1456.04,1,1,G,1469,80,0,2,1,6,0,0,2,1486,100,0,1,0,3,0,0,1
G3601030145605,1970,1,2,New York,36,Suffolk,103,,,145605,A,5600,,Tract 1456.05,1,1,G,1372,7,2,0,2,1,0,0,5,1352,4,2,1,2,0,0,0,4
G3601030145701,1970,1,2,New York,36,Suffolk,103,,,145701,A,5600,,Tract 1457.01,1,1,G,2370,1,0,0,4,0,0,0,1,2401,1,0,1,2,0,0,0,1
G3601030145702,1970,1,2,New York,36,Suffolk,103,,,145702,A,5600,,Tract 1457.02,1,1,G,2039,37,0,0,1,1,0,0,6,2107,42,0,0,0,0,0,0,10
G3601030145703,1970,1,2,New York,36,Suffolk,103,,,145703,A,5600,,Tract 1457.03,1,1,G,1764,18,0,2,0,0,0,0,1,1841,17,0,3,0,0,0,0,5
G3601030145704,1970,1,2,New York,36,Suffolk,103,,,145704,A,5600,,Tract 1457.04,1,1,G,2515,43,0,1,0,1,0,0,1,2566,52,1,4,0,1,0,1,0
G3601030145801,1970,1,2,New York,36,Suffolk,103,,,145801,A,5600,,Tract 1458.01,1,1,G,2522,51,4,2,5,3,0,0,3,2714,66,4,0,2,0,0,1,4
G3601030145802,1970,1,2,New York,36,Suffolk,103,,,145802,A,5600,,Tract 1458.02,1,1,G,4235,3,2,0,3,0,0,0,4,4202,0,6,0,8,0,0,1,2
G3601030145901,1970,1,2,New York,36,Suffolk,103,,,145901,A,5600,,Tract 1459.01,1,1,G,1063,51,4,1,0,0,0,0,1,1112,62,4,0,0,0,0,0,1
G3601030145902,1970,1,2,New York,36,Suffolk,103,,,145902,A,5600,,Tract 1459.02,1,1,G,2144,178,2,0,0,0,0,0,14,2224,197,2,2,0,1,0,1,8
G3601030145903,1970,1,2,New York,36,Suffolk,103,,,145903,A,5600,,Tract 1459.03,1,1,G,3170,28,3,1,6,1,0,0,10,3211,41,3,2,10,1,0,0,7
G3601030146001,1970,1,2,New York,36,Suffolk,103,,,146001,A,5600,,Tract 1460.01,1,1,G,1547,141,5,0,2,0,0,0,16,1619,144,4,0,1,0,0,0,17
G3601030146002,1970,1,2,New York,36,Suffolk,103,,,146002,A,5600,,Tract 1460.02,1,1,G,1861,108,3,0,0,4,0,0,17,1879,126,4,0,1,2,0,0,18
G3601030146003,1970,1,2,New York,36,Suffolk,103,,,146003,A,5600,,Tract 1460.03,1,1,G,1496,386,4,0,0,5,0,1,2,1548,425,5,3,1,2,0,0,2
G3601030146101,1970,1,2,New York,36,Suffolk,103,,,146101,A,5600,,Tract 1461.01,1,1,G,4062,101,3,0,11,1,0,0,5,4379,117,5,2,3,1,0,1,9
G3601030146102,1970,1,2,New York,36,Suffolk,103,,,146102,A,5600,,Tract 1461.02,1,1,G,909,5,0,0,0,0,0,0,3,906,7,1,1,1,1,0,0,3
G3601030146103,1970,1,2,New York,36,Suffolk,103,,,146103,A,5600,,Tract 1461.03,1,1,G,2683,8,1,0,5,0,0,1,1,2702,6,0,0,4,0,0,0,0
G3601030146201,1970,1,2,New York,36,Suffolk,103,,,146201,A,5600,,Tract 1462.01,1,1,G,2185,35,1,1,1,0,0,0,0,2147,26,0,2,1,0,0,0,0
G3601030146202,1970,1,2,New York,36,Suffolk,103,,,146202,A,5600,,Tract 1462.02,1,1,G,587,276,2,0,0,0,0,0,3,597,304,1,0,0,0,0,0,3
G3601030146203,1970,1,2,New York,36,Suffolk,103,,,146203,A,5600,,Tract 1462.03,1,1,G,1749,450,1,1,2,2,0,0,5,1870,468,2,3,3,6,0,0,4
G3601030146204,1970,1,2,New York,36,Suffolk,103,,,146204,A,5600,,Tract 1462.04,1,1,G,2412,34,1,0,5,1,0,0,0,2400,41,5,2,8,0,0,0,0
G3601030146205,1970,1,2,New York,36,Suffolk,103,,,146205,A,5600,,Tract 1462.05,1,1,G,859,16,0,0,0,0,0,0,0,925,15,1,2,0,0,0,0,0
G3601030146206,1970,1,2,New York,36,Suffolk,103,,,146206,A,5600,,Tract 1462.06,1,1,G,529,14,0,1,0,3,0,0,0,502,13,0,1,0,1,0,0,0
G36010301463,1970,1,2,New York,36,Suffolk,103,,,1463,A,5600,,Tract 1463,1,1,G,2598,527,0,3,55,4,0,0,4,2913,433,0,2,5,4,0,0,2
G3601030146401,1970,1,2,New York,36,Suffolk,103,,,146401,A,5600,,Tract 1464.01,1,1,G,3921,231,2,1,0,2,0,0,3,3989,256,3,0,1,1,0,1,5
G3601030146402,1970,1,2,New York,36,Suffolk,103,,,146402,A,5600,,Tract 1464.02,1,1,G,1843,4,0,0,0,3,0,0,0,1928,3,0,0,0,5,0,0,0
G36010301465,1970,1,2,New York,36,Suffolk,103,,,1465,A,5600,,Tract 1465,1,1,G,2398,0,0,1,0,0,0,0,1,2534,0,0,4,1,0,0,1,4
G3601030146601,1970,1,2,New York,36,Suffolk,103,,,146601,A,5600,,Tract 1466.01,1,1,G,1775,2,0,1,2,0,0,0,0,1789,3,0,2,2,0,0,0,0
G3601030146602,1970,1,2,New York,36,Suffolk,103,,,146602,A,5600,,Tract 1466.02,1,1,G,4444,3,0,1,0,1,0,0,0,4477,2,1,3,1,1,0,1,0
G3601030146603,1970,1,2,New York,36,Suffolk,103,,,146603,A,5600,,Tract 1466.03,1,1,G,3994,18,2,0,2,5,0,0,3,4035,26,2,2,6,7,0,0,2
G3601030146701,1970,1,2,New York,36,Suffolk,103,,,146701,A,5600,,Tract 1467.01,1,1,G,3435,5,1,0,6,0,0,1,2,3563,3,0,1,9,0,0,1,5
G3601030146702,1970,1,2,New York,36,Suffolk,103,,,146702,A,5600,,Tract 1467.02,1,1,G,3946,53,1,1,4,1,0,0,8,3983,57,5,1,1,0,0,1,6
G36010301468,1970,1,2,New York,36,Suffolk,103,,,1468,A,5600,,Tract 1468,1,1,G,3017,7,0,0,4,6,0,0,1,3092,7,1,0,7,4,0,0,0
G3601030146901,1970,1,2,New York,36,Suffolk,103,,,146901,A,5600,,Tract 1469.01,1,1,G,3457,0,0,0,4,0,0,0,1,3677,2,0,0,5,0,0,2,5
G3601030146902,1970,1,2,New York,36,Suffolk,103,,,146902,A,5600,,Tract 1469.02,1,1,G,1992,1,0,1,0,1,0,0,1,2075,2,1,0,0,0,0,0,1
G3601030147001,1970,1,2,New York,36,Suffolk,103,,,147001,A,5600,,Tract 1470.01,1,1,G,1885,0,0,0,4,1,0,0,0,1910,1,0,1,4,0,0,1,1
G3601030147002,1970,1,2,New York,36,Suffolk,103,,,147002,A,5600,,Tract 1470.02,1,1,G,2503,10,2,0,1,1,0,0,6,2567,18,5,1,3,0,0,1,3
G36010301471,1970,1,2,New York,36,Suffolk,103,,,1471,A,5600,,Tract 1471,1,1,G,1849,7,0,0,0,0,0,0,0,1936,12,1,1,0,0,0,0,2
G36010301472,1970,1,2,New York,36,Suffolk,103,,,1472,A,5600,,Tract 1472,1,1,G,2623,79,2,1,1,0,0,0,3,3029,90,3,2,0,0,0,0,1
G36010301473,1970,1,2,New York,36,Suffolk,103,,,1473,A,5600,,Tract 1473,1,1,G,2223,288,1,0,4,1,0,0,5,2441,294,2,1,4,7,0,0,6
G3601030147399,1970,1,2,New York,36,Suffolk,103,,,147399,A,5600,,Tract 1473.99,1,1,G,8,0,0,0,0,0,0,0,0,0,0,0,0,0,0,0,0,0
G3601030147401,1970,1,2,New York,36,Suffolk,103,,,147401,A,5600,,Tract 1474.01,1,1,G,2055,24,4,1,0,0,0,0,0,2269,32,3,1,1,0,0,1,0
G3601030147402,1970,1,2,New York,36,Suffolk,103,,,147402,A,5600,,Tract 1474.02,1,1,G,1572,2,2,0,0,0,0,0,2,1709,6,0,0,0,0,0,0,8
G3601030147501,1970,1,2,New York,36,Suffolk,103,,,147501,A,5600,,Tract 1475.01,1,1,G,3360,10,0,1,0,0,0,0,5,3469,7,2,1,0,0,1,0,5
G3601030147502,1970,1,2,New York,36,Suffolk,103,,,147502,A,5600,,Tract 1475.02,1,1,G,2480,4,1,5,4,2,0,0,3,2520,4,4,3,2,0,0,0,1
G3601030147503,1970,1,2,New York,36,Suffolk,103,,,147503,A,5600,,Tract 1475.03,1,1,G,1845,0,1,0,0,0,0,0,3,1854,0,0,2,0,0,0,0,4
G36010301476,1970,1,2,New York,36,Suffolk,103,,,1476,A,5600,,Tract 1476,1,1,G,3577,7,0,0,0,1,0,0,1,3741,5,0,2,0,0,0,0,0
G3601030147701,1970,1,2,New York,36,Suffolk,103,,,147701,A,5600,,Tract 1477.01,1,1,G,1182,5,0,0,0,0,0,0,0,1229,6,0,0,0,0,0,0,0
G3601030147702,1970,1,2,New York,36,Suffolk,103,,,147702,A,5600,,Tract 1477.02,1,1,G,2432,2,0,1,1,0,0,0,4,2520,3,0,0,0,0,0,0,1
G3601030147801,1970,1,2,New York,36,Suffolk,103,,,147801,A,5600,,Tract 1478.01,1,1,G,3557,5,1,0,2,0,0,0,1,3742,10,0,1,3,0,0,0,4
G3601030147802,1970,1,2,New York,36,Suffolk,103,,,147802,A,5600,,Tract 1478.02,1,1,G,2041,25,1,0,1,0,0,0,2,2253,22,4,1,0,0,0,1,3
G3601030147901,1970,1,2,New York,36,Suffolk,103,,,147901,A,5600,,Tract 1479.01,1,1,G,2007,0,0,0,0,0,0,0,0,2044,3,0,1,1,3,0,0,3
G3601030147902,1970,1,2,New York,36,Suffolk,103,,,147902,A,5600,,Tract 1479.02,1,1,G,2015,5,0,0,0,0,0,0,1,2139,7,0,1,1,0,1,0,0
G3601030158001,1970,1,2,New York,36,Suffolk,103,,,158001,A,5600,,Tract 1580.01,1,1,G,1524,17,2,2,6,0,0,0,6,1614,15,2,3,1,1,0,0,2
G3601030158002,1970,1,2,New York,36,Suffolk,103,,,158002,A,5600,,Tract 1580.02,1,1,G,2992,38,2,1,10,0,0,2,4,3277,40,2,1,13,0,0,2,7
G3601030158003,1970,1,2,New York,36,Suffolk,103,,,158003,A,5600,,Tract 1580.03,1,1,G,6106,90,7,12,137,12,2,6,2,5130,99,1,9,90,1,0,0,2
G3601030158004,1970,1,2,New York,36,Suffolk,103,,,158004,A,5600,,Tract 1580.04,1,1,G,1799,2,0,3,10,2,0,4,3,1781,4,0,1,7,2,0,4,1
G3601030158005,1970,1,2,New York,36,Suffolk,103,,,158005,A,5600,,Tract 1580.05,1,1,G,2334,18,2,0,16,0,0,1,3,2478,27,3,1,11,1,0,1,5
G3601030158101,1970,1,2,New York,36,Suffolk,103,,,158101,A,5600,,Tract 1581.01,1,1,G,3816,21,0,4,13,2,1,5,7,3669,25,2,3,9,3,2,8,7
G3601030158102,1970,1,2,New York,36,Suffolk,103,,,158102,A,5600,,Tract 1581.02,1,1,G,1555,29,2,0,1,0,0,6,0,1598,42,10,0,1,0,0,2,0
G3601030158103,1970,1,2,New York,36,Suffolk,103,,,158103,A,5600,,Tract 1581.03,1,1,G,1316,110,1,2,0,0,0,0,0,1293,123,0,0,0,0,0,0,1
G3601030158104,1970,1,2,New York,36,Suffolk,103,,,158104,A,5600,,Tract 1581.04,1,1,G,3278,26,1,0,1,1,0,0,5,3241,22,0,0,0,0,0,0,6
G3601030158105,1970,1,2,New York,36,Suffolk,103,,,158105,A,5600,,Tract 1581.05,1,1,G,3459,8,1,2,3,2,0,0,0,3366,14,1,2,2,5,0,1,1
G3601030158106,1970,1,2,New York,36,Suffolk,103,,,158106,A,5600,,Tract 1581.06,1,1,G,1671,2,3,0,0,1,0,1,1,1738,0,1,1,0,0,0,1,0
G3601030158107,1970,1,2,New York,36,Suffolk,103,,,158107,A,5600,,Tract 1581.07,1,1,G,1320,7,0,0,4,0,0,3,3,1350,5,0,0,2,0,0,0,7
G3601030158201,1970,1,2,New York,36,Suffolk,103,,,158201,A,5600,,Tract 1582.01,1,1,G,3985,47,0,1,24,0,1,0,2,4251,44,4,3,20,2,0,4,5
G3601030158202,1970,1,2,New York,36,Suffolk,103,,,158202,A,5600,,Tract 1582.02,1,1,G,3546,25,2,0,9,4,1,3,8,3756,23,1,1,8,6,3,4,3
G3601030158299,1970,1,2,New York,36,Suffolk,103,,,158299,A,5600,,Tract 1582.99,1,1,G,82,25,0,0,0,0,0,0,1,0,0,0,0,0,0,0,0,0
G3601030158301,1970,1,2,New York,36,Suffolk,103,,,158301,A,5600,,Tract 1583.01,1,1,G,4005,16,1,1,11,3,0,0,3,4178,14,2,5,6,2,1,2,2
G3601030158302,1970,1,2,New York,36,Suffolk,103,,,158302,A,5600,,Tract 1583.02,1,1,G,6016,92,4,0,2,5,0,0,2,6143,111,6,5,6,4,1,2,5
G3601030158303,1970,1,2,New York,36,Suffolk,103,,,158303,A,5600,,Tract 1583.03,1,1,G,1883,31,1,1,4,3,0,0,0,1878,40,0,1,3,2,0,0,0
G36010301584,1970,1,2,New York,36,Suffolk,103,,,1584,A,5600,,Tract 1584,1,1,G,3958,10,1,2,14,0,0,1,3,3843,13,0,2,20,1,0,0,3
G3601030158501,1970,1,2,New York,36,Suffolk,103,,,158501,A,5600,,Tract 1585.01,1,1,G,3103,3,1,2,0,0,0,0,2,3161,5,0,3,1,0,0,0,4
G3601030158502,1970,1,2,New York,36,Suffolk,103,,,158502,A,5600,,Tract 1585.02,1,1,G,1036,2,0,0,10,0,0,0,0,1049,3,1,1,6,0,0,1,1
G3601030158503,1970,1,2,New York,36,Suffolk,103,,,158503,A,5600,,Tract 1585.03,1,1,G,3166,5,2,3,1,0,2,0,0,3294,7,4,4,2,0,0,0,2
G3601030158504,1970,1,2,New York,36,Suffolk,103,,,158504,A,5600,,Tract 1585.04,1,1,G,2555,3,3,0,1,0,0,0,2,2541,6,3,3,1,1,0,1,1
G3601030158505,1970,1,2,New York,36,Suffolk,103,,,158505,A,5600,,Tract 1585.05,1,1,G,1717,6,0,0,0,2,0,2,0,1915,3,0,1,0,1,0,1,0
G3601030158506,1970,1,2,New York,36,Suffolk,103,,,158506,A,5600,,Tract 1585.06,1,1,G,869,0,0,0,0,0,0,0,2,911,0,0,0,0,0,0,1,1
G3601030158601,1970,1,2,New York,36,Suffolk,103,,,158601,A,5600,,Tract 1586.01,1,1,G,3584,4,2,1,0,1,0,0,2,3674,3,1,2,0,0,0,2,8
G3601030158602,1970,1,2,New York,36,Suffolk,103,,,158602,A,5600,,Tract 1586.02,1,1,G,3806,0,1,3,1,1,0,1,4,3831,2,1,10,0,1,0,3,6
G3601030158603,1970,1,2,New York,36,Suffolk,103,,,158603,A,5600,,Tract 1586.03,1,1,G,2136,8,0,4,0,2,0,0,0,2270,9,0,3,0,0,0,0,0
G3601030158701,1970,1,2,New York,36,Suffolk,103,,,158701,A,5600,,Tract 1587.01,1,1,G,320,272,8,0,0,0,0,0,0,349,284,6,0,0,0,0,0,0
G3601030158702,1970,1,2,New York,36,Suffolk,103,,,158702,A,5600,,Tract 1587.02,1,1,G,4190,175,3,0,0,0,0,0,4,4242,176,1,6,0,2,0,1,4
G3601030158703,1970,1,2,New York,36,Suffolk,103,,,158703,A,5600,,Tract 1587.03,1,1,G,1111,56,3,22,6,0,0,1,3,1127,41,3,9,5,0,0,0,3
G3601030158801,1970,1,2,New York,36,Suffolk,103,,,158801,A,5600,,Tract 1588.01,1,1,G,2945,11,0,0,0,3,0,0,1,3056,7,1,1,0,0,0,1,1
G3601030158802,1970,1,2,New York,36,Suffolk,103,,,158802,A,5600,,Tract 1588.02,1,1,G,2044,0,2,0,0,0,0,0,0,2231,2,3,1,0,0,0,0,1
G36010301589,1970,1,2,New York,36,Suffolk,103,,,1589,A,5600,,Tract 1589,1,1,G,3117,134,0,0,5,3,0,0,1,3498,131,0,0,1,1,0,0,6
G36010301590,1970,1,2,New York,36,Suffolk,103,,,1590,A,5600,,Tract 1590,1,1,G,2200,16,2,0,8,0,1,0,8,2421,18,1,1,3,1,0,0,5
G3601030159101,1970,1,2,New York,36,Suffolk,103,,,159101,A,5600,,Tract 1591.01,1,1,G,2745,55,5,1,0,0,0,1,0,2717,52,1,1,0,0,0,0,1
G3601030159102,1970,1,2,New York,36,Suffolk,103,,,159102,A,5600,,Tract 1591.02,1,1,G,2236,18,0,0,1,6,0,0,0,2292,12,0,2,0,4,0,2,0
G3601030159103,1970,1,2,New York,36,Suffolk,103,,,159103,A,5600,,Tract 1591.03,1,1,G,1692,1065,16,0,0,1,0,0,11,1645,1139,18,1,0,0,0,1,18
G3601030159201,1970,1,2,New York,36,Suffolk,103,,,159201,A,5600,,Tract 1592.01,1,1,G,1340,6,0,0,0,2,0,0,0,1435,6,1,1,0,0,0,0,1
G3601030159202,1970,1,2,New York,36,Suffolk,103,,,159202,A,5600,,Tract 1592.02,1,1,G,2984,137,6,3,0,4,0,2,0,3240,122,10,5,1,5,0,3,1
G36010301593,1970,1,2,New York,36,Suffolk,103,,,1593,A,5600,,Tract 1593,1,1,G,1441,33,3,6,0,0,0,0,0,1516,37,5,5,0,0,0,0,0
G3601030159401,1970,1,2,New York,36,Suffolk,103,,,159401,A,5600,,Tract 1594.01,1,1,G,2216,72,5,0,1,1,0,0,1,2294,73,9,2,1,1,0,0,0
G3601030159402,1970,1,2,New York,36,Suffolk,103,,,159402,A,5600,,Tract 1594.02,1,1,G,1383,315,7,0,0,0,0,0,2,1390,352,6,0,1,0,0,0,4
G3601030159501,1970,1,2,New York,36,Suffolk,103,,,159501,A,5600,,Tract 1595.01,1,1,G,3025,28,42,0,3,0,0,0,3,3096,26,42,1,4,0,0,0,10
G3601030159502,1970,1,2,New York,36,Suffolk,103,,,159502,A,5600,,Tract 1595.02,1,1,G,2448,0,3,0,0,0,0,0,4,2450,2,0,1,0,0,0,1,3
G36010301596,1970,1,2,New York,36,Suffolk,103,,,1596,A,5600,,Tract 1596,1,1,G,2820,77,3,0,11,0,0,0,0,2955,79,2,7,8,0,0,0,0
G36010301697,1970,1,2,New York,36,Suffolk,103,,,1697,A,5600,,Tract 1697,1,1,G,2979,253,1,2,2,3,0,0,0,3056,290,1,9,0,1,0,0,3
G36010301698,1970,1,2,New York,36,Suffolk,103,,,1698,A,5600,,Tract 1698,1,1,G,2178,657,9,0,2,0,0,0,4,2509,725,18,3,3,0,0,0,3
G36010301699,1970,1,2,New York,36,Suffolk,103,,,1699,A,5600,,Tract 1699,1,1,G,2589,431,0,0,0,2,0,0,4,2710,449,1,4,0,3,0,0,5
G36010301700,1970,1,2,New York,36,Suffolk,103,,,1700,A,5600,,Tract 1700,1,1,G,3242,177,3,0,2,0,0,0,2,3581,173,5,0,2,0,0,0,3
G36010301701,1970,1,2,New York,36,Suffolk,103,,,1701,A,5600,,Tract 1701,1,1,G,889,229,1,0,0,0,0,0,3,1070,281,7,0,0,0,0,0,1
G36010301702,1970,1,2,New York,36,Suffolk,103,,,1702,A,5600,,Tract 1702,1,1,G,3315,98,1,5,0,0,0,0,1,3598,107,1,4,0,1,0,0,2
G36010301803,1970,1,2,New York,36,Suffolk,103,,,1803,A,5600,,Tract 1803,1,1,G,797,8,0,0,0,0,0,0,3,830,4,1,0,0,0,0,0,1
G36010301904,1970,1,2,New York,36,Suffolk,103,,,1904,A,5600,,Tract 1904,1,1,G,2676,600,7,3,2,0,0,0,5,2584,552,14,4,2,1,0,3,6
G36010301905,1970,1,2,New York,36,Suffolk,103,,,1905,,5600,,Tract 1905,1,1,G,2621,221,2,3,0,0,0,0,0,2904,245,7,4,0,0,0,1,1
G36010301906,1970,1,2,New York,36,Suffolk,103,,,1906,A,5600,,Tract 1906,1,1,G,3462,91,3,2,1,1,0,2,4,3630,87,6,2,1,0,0,1,2
G3601030190701,1970,1,2,New York,36,Suffolk,103,,,190701,A,5600,,Tract 1907.01,1,1,G,2200,121,81,0,1,1,0,0,2,2197,148,72,1,3,0,0,0,4
G3601030190702,1970,1,2,New York,36,Suffolk,103,,,190702,A,5600,,Tract 1907.02,1,1,G,2841,339,1,0,0,0,0,0,3,3124,336,5,0,0,3,0,0,4
G36010301908,1970,1,2,New York,36,Suffolk,103,,,1908,A,5600,,Tract 1908,1,1,G,1785,481,4,0,1,1,0,0,4,2105,515,6,0,0,1,0,0,1
G36010302009,1970,1,2,New York,36,Suffolk,103,,,2009,A,5600,,Tract 2009,1,1,G,2138,153,11,0,4,0,0,0,9,2435,181,14,1,0,0,0,0,3
G36010302010,1970,1,2,New York,36,Suffolk,103,,,2010,,5600,,Tract 2010,1,1,G,2803,177,1,1,4,1,0,1,3,2827,192,1,6,3,0,0,1,2
G3601030201099,1970,1,2,New York,36,Suffolk,103,,,201099,A,5600,,Tract 2010.99,1,1,G,8,0,0,0,0,0,0,0,0,0,0,0,0,0,0,0,0,0
G36010700201,1970,1,2,New York,36,Tioga,107,,,0201,,0960,,Tract  201,1,1,03,2577,16,1,0,0,0,0,0,1,2726,12,0,1,2,1,0,0,0
G36010700202,1970,1,2,New York,36,Tioga,107,,,0202,,0960,,Tract  202,1,1,03,2073,16,2,0,0,0,0,0,1,2079,13,1,0,0,0,0,1,4
G36010700203,1970,1,2,New York,36,Tioga,107,,,0203,,0960,,Tract  203,1,1,03,3360,26,0,0,10,4,0,2,0,3279,20,2,1,10,3,0,2,0
G36010700204,1970,1,2,New York,36,Tioga,107,,,0204,,0960,,Tract  204,1,1,03,4217,6,0,0,4,0,0,2,5,4221,3,0,0,1,0,1,3,2
G36010700205,1970,1,2,New York,36,Tioga,107,,,0205,,0960,,Tract  205,1,1,03,2348,43,0,0,0,0,0,0,2,2702,49,1,0,0,2,0,2,3
G36010700206,1970,1,2,New York,36,Tioga,107,,,0206,,0960,,Tract  206,1,1,03,2946,1,0,2,0,0,0,1,0,2937,0,1,2,1,0,0,1,0
G36010700207,1970,1,2,New York,36,Tioga,107,,,0207,,0960,,Tract  207,1,1,03,2739,14,2,2,0,0,0,0,0,2719,12,3,5,0,0,0,0,1
G36010700208,1970,1,2,New York,36,Tioga,107,,,0208,,0960,,Tract  208,1,1,03,2377,49,3,0,4,1,0,0,1,2776,42,0,1,3,0,0,1,3
G36011700201,1970,1,2,New York,36,Wayne,117,,,0201,,6840,,Tract  201,1,1,01,2949,86,0,0,0,0,0,0,17,2869,87,2,3,0,0,0,0,1
G36011700202,1970,1,2,New York,36,Wayne,117,,,0202,,6840,,Tract  202,1,1,01,2279,8,0,0,0,0,0,0,0,2290,4,1,0,0,0,0,2,0
G36011700203,1970,1,2,New York,36,Wayne,117,,,0203,,6840,,Tract  203,1,1,01,2742,3,5,0,1,0,0,0,0,2724,1,3,0,4,1,0,1,3
G36011700204,1970,1,2,New York,36,Wayne,117,,,0204,,6840,,Tract  204,1,1,01,2990,146,6,0,0,0,0,0,0,3032,171,7,2,0,2,0,0,0
G36011700205,1970,1,2,New York,36,Wayne,117,,,0205,,6840,,Tract  205,1,1,01,1834,16,0,2,0,0,1,0,2,1905,22,0,1,0,0,0,0,1
G36011700206,1970,1,2,New York,36,Wayne,117,,,0206,,6840,,Tract  206,1,1,01,1823,3,0,0,0,0,0,0,0,1811,1,0,1,0,0,0,0,2
G36011700207,1970,1,2,New York,36,Wayne,117,,,0207,,6840,,Tract  207,1,1,01,1819,3,3,1,0,0,0,0,0,1943,3,2,1,1,0,0,0,0
G36011700208,1970,1,2,New York,36,Wayne,117,,,0208,,6840,,Tract  208,1,1,01,1540,158,5,0,0,0,0,0,1,1534,141,2,3,0,0,0,0,0
G36011700209,1970,1,2,New York,36,Wayne,117,,,0209,,6840,,Tract  209,1,1,01,2313,293,0,0,0,0,0,0,3,2452,307,0,0,1,0,0,0,1
G36011700210,1970,1,2,New York,36,Wayne,117,,,0210,,6840,,Tract  210,1,1,01,3323,72,3,0,1,0,0,0,1,3447,71,3,2,2,0,0,0,0
G36011700211,1970,1,2,New York,36,Wayne,117,,,0211,,6840,,Tract  211,1,1,01,2101,9,1,1,0,4,0,0,11,2403,14,0,1,0,1,0,0,10
G36011700212,1970,1,2,New York,36,Wayne,117,,,0212,,6840,,Tract  212,1,1,01,1380,22,2,0,0,0,0,0,1,1498,12,2,1,0,0,0,0,0
G36011700213,1970,1,2,New York,36,Wayne,117,,,0213,,6840,,Tract  213,1,1,01,1220,80,3,0,0,0,0,1,1,1010,46,3,0,0,0,0,1,0
G36011700214,1970,1,2,New York,36,Wayne,117,,,0214,,6840,,Tract  214,1,1,01,1991,68,3,0,0,0,0,1,2,2348,79,0,0,0,0,0,0,4
G36011700215,1970,1,2,New York,36,Wayne,117,,,0215,,6840,,Tract  215,1,1,01,2568,151,1,0,0,0,0,0,3,2626,153,0,1,0,0,0,0,0
G36011700216,1970,1,2,New York,36,Wayne,117,,,0216,,6840,,Tract  216,1,1,01,1878,57,0,0,1,0,0,0,1,1952,59,0,1,0,0,0,0,0
G36011700217,1970,1,2,New York,36,Wayne,117,,,0217,,6840,,Tract  217,1,1,01,1663,76,1,0,0,0,0,0,2,1640,81,0,0,0,0,0,0,4
G36011700218,1970,1,2,New York,36,Wayne,117,,,0218,,6840,,Tract  218,1,1,01,1296,25,1,0,0,0,0,0,1,1478,25,1,1,0,0,0,0,0
G3601190000101,1970,1,2,New York,36,Westchester,119,,,000101,A,5600,,Tract    1.01,1,1,G,1606,408,0,0,0,0,0,0,2,1743,496,1,0,1,0,0,2,4
G3601190000102,1970,1,2,New York,36,Westchester,119,,,000102,A,5600,,Tract    1.02,1,1,G,1884,375,6,5,5,4,0,0,13,1764,415,5,4,9,1,0,0,20
G3601190000201,1970,1,2,New York,36,Westchester,119,,,000201,A,5600,,Tract    2.01,1,1,G,2871,268,5,0,11,0,0,0,8,3248,302,6,1,7,0,0,0,5
G3601190000202,1970,1,2,New York,36,Westchester,119,,,000202,A,5600,,Tract    2.02,1,1,G,2106,69,0,1,1,0,0,0,3,2320,75,1,3,0,1,0,0,1
G3601190000203,1970,1,2,New York,36,Westchester,119,,,000203,A,5600,,Tract    2.03,1,1,G,959,4,0,4,8,0,0,0,14,1170,6,6,5,12,0,0,1,14
G36011900003,1970,1,2,New York,36,Westchester,119,,,0003,A,5600,,Tract    3,1,0,G,1821,412,0,4,0,2,0,1,10,2009,551,1,4,1,2,0,5,12
G3601190000401,1970,1,2,New York,36,Westchester,119,,,000401,A,5600,,Tract    4.01,1,0,G,1184,390,1,0,3,0,0,1,10,1174,419,2,1,2,0,0,0,7
G3601190000402,1970,1,2,New York,36,Westchester,119,,,000402,A,5600,,Tract    4.02,1,1,G,1915,1308,3,8,11,3,0,5,36,2357,1544,1,11,8,1,0,10,32
G36011900005,1970,1,2,New York,36,Westchester,119,,,0005,A,5600,,Tract    5,1,1,G,1433,414,1,0,6,6,0,0,14,1671,537,2,3,5,5,0,1,12
G36011900006,1970,1,2,New York,36,Westchester,119,,,0006,A,5600,,Tract    6,1,1,G,3203,308,5,1,3,3,0,0,15,3933,419,3,3,1,6,0,0,13
G36011900007,1970,1,2,New York,36,Westchester,119,,,0007,A,5600,,Tract    7,1,1,G,2444,89,3,5,9,2,0,2,12,3068,101,2,7,9,0,0,2,0
G3601190000801,1970,1,2,New York,36,Westchester,119,,,000801,A,5600,,Tract    8.01,1,1,G,2704,6,0,1,7,0,0,2,5,2984,12,1,1,3,2,0,2,2
G3601190000802,1970,1,2,New York,36,Westchester,119,,,000802,A,5600,,Tract    8.02,1,1,G,986,0,0,0,0,0,0,1,4,1036,0,1,0,0,2,1,0,1
G3601190000803,1970,1,2,New York,36,Westchester,119,,,000803,A,5600,,Tract    8.03,1,1,G,2666,1,2,2,1,1,0,0,2,3035,6,2,3,1,0,0,1,3
G36011900009,1970,1,2,New York,36,Westchester,119,,,0009,A,5600,,Tract    9,1,1,G,1956,20,0,2,6,0,0,0,0,2207,31,1,2,5,0,0,0,1
G36011900010,1970,1,2,New York,36,Westchester,119,,,0010,A,5600,,Tract   10,1,1,G,734,331,0,0,5,0,0,0,1,745,372,0,0,1,1,0,0,2
G3601190001101,1970,1,2,New York,36,Westchester,119,,,001101,A,5600,,Tract   11.01,1,1,G,1777,166,1,0,2,0,0,3,2,1831,213,0,1,1,0,0,1,3
G3601190001102,1970,1,2,New York,36,Westchester,119,,,001102,A,5600,,Tract   11.02,1,1,G,2432,92,0,0,3,1,0,0,6,2624,98,1,1,5,0,0,0,5
G36011900012,1970,1,2,New York,36,Westchester,119,,,0012,A,5600,,Tract   12,1,1,G,2404,253,2,0,3,0,0,0,9,2602,327,1,1,4,0,0,0,6
G3601190001301,1970,1,2,New York,36,Westchester,119,,,001301,A,5600,,Tract   13.01,1,1,G,1597,24,1,1,5,0,0,0,1,1736,45,0,3,8,0,0,0,3
G3601190001302,1970,1,2,New York,36,Westchester,119,,,001302,A,5600,,Tract   13.02,1,1,G,2060,22,0,3,12,1,0,0,6,2306,29,0,2,12,3,0,1,2
G3601190001303,1970,1,2,New York,36,Westchester,119,,,001303,A,5600,,Tract   13.03,1,1,G,2456,86,0,1,14,0,0,0,4,2748,106,0,1,15,0,0,0,2
G3601190001401,1970,1,2,New York,36,Westchester,119,,,001401,A,5600,,Tract   14.01,1,1,G,1906,0,2,1,6,0,0,0,0,2069,4,1,1,6,0,0,0,2
G3601190001402,1970,1,2,New York,36,Westchester,119,,,001402,A,5600,,Tract   14.02,1,1,G,1074,3,0,0,0,1,0,0,0,1098,12,0,0,0,0,0,0,0
G3601190001403,1970,1,2,New York,36,Westchester,119,,,001403,A,5600,,Tract   14.03,1,1,G,1672,4,0,0,11,0,0,0,0,1797,7,1,3,5,3,1,0,1
G3601190001502,1970,1,2,New York,36,Westchester,119,,,001502,A,5600,,Tract   15.02,1,1,G,1686,1,0,0,3,0,0,3,2,1842,6,1,0,8,0,0,1,3
G3601190001503,1970,1,2,New York,36,Westchester,119,,,001503,A,5600,,Tract   15.03,1,1,G,1583,4,0,5,4,0,0,0,3,1807,2,0,4,5,2,0,1,3
G3601190001504,1970,1,2,New York,36,Westchester,119,,,001504,A,5600,,Tract   15.04,1,1,G,2124,5,0,0,0,1,0,0,1,2315,3,0,1,0,2,0,0,1
G3601190001505,1970,1,2,New York,36,Westchester,119,,,001505,A,5600,,Tract   15.05,1,1,G,1650,4,0,0,0,0,2,0,0,1837,3,0,0,0,3,0,0,0
G36011900016,1970,1,2,New York,36,Westchester,119,,,0016,A,5600,,Tract   16,1,1,G,1751,32,0,0,0,0,0,0,2,1912,40,0,1,0,0,0,0,0
G36011900017,1970,1,2,New York,36,Westchester,119,,,0017,A,5600,,Tract   17,1,1,G,3273,4,0,0,1,0,0,0,1,3550,10,0,0,1,0,0,0,1
G36011900018,1970,1,2,New York,36,Westchester,119,,,0018,A,5600,,Tract   18,1,1,G,163,506,1,0,0,0,0,0,5,196,582,4,0,0,2,0,0,7
G36011900019,1970,1,2,New York,36,Westchester,119,,,0019,A,5600,,Tract   19,1,1,G,963,19,0,1,2,1,0,0,0,1035,18,0,1,2,0,0,0,0
G36011900020,1970,1,2,New York,36,Westchester,119,,,0020,A,5600,,Tract   20,1,1,G,2664,12,4,1,9,0,1,0,1,2688,13,3,4,13,1,0,0,0
G3601190002101,1970,1,2,New York,36,Westchester,119,,,002101,A,5600,,Tract   21.01,1,1,G,2608,22,0,7,2,2,0,0,2,2674,23,0,7,5,1,0,0,2
G3601190002103,1970,1,2,New York,36,Westchester,119,,,002103,A,5600,,Tract   21.03,1,1,G,1811,5,0,0,1,0,0,0,3,1904,7,0,0,5,0,0,0,4
G3601190002104,1970,1,2,New York,36,Westchester,119,,,002104,A,5600,,Tract   21.04,1,1,G,2732,26,0,1,7,3,0,2,2,2978,40,0,1,7,4,0,2,5
G3601190002105,1970,1,2,New York,36,Westchester,119,,,002105,A,5600,,Tract   21.05,1,1,G,1555,31,0,2,6,3,0,1,4,1580,43,1,0,6,3,0,4,7
G3601190002106,1970,1,2,New York,36,Westchester,119,,,002106,A,5600,,Tract   21.06,1,1,G,1372,39,0,52,3,1,0,1,3,1437,40,0,52,3,1,0,3,2
G3601190002201,1970,1,2,New York,36,Westchester,119,,,002201,A,5600,,Tract   22.01,1,1,G,1161,10,0,8,2,0,0,0,1,1245,14,0,10,4,0,0,0,0
G3601190002202,1970,1,2,New York,36,Westchester,119,,,002202,A,5600,,Tract   22.02,1,1,G,2143,9,1,1,6,0,0,0,1,2770,15,0,6,2,0,0,0,2
G3601190002203,1970,1,2,New York,36,Westchester,119,,,002203,A,5600,,Tract   22.03,1,1,G,988,10,0,0,3,0,0,0,0,1261,12,0,1,7,0,0,0,0
G3601190002204,1970,1,2,New York,36,Westchester,119,,,002204,A,5600,,Tract   22.04,1,1,G,1715,11,1,10,6,0,0,0,5,2312,31,0,11,7,1,0,1,3
G36011900023,1970,1,2,New York,36,Westchester,119,,,0023,A,5600,,Tract   23,1,1,G,1823,32,0,0,1,0,0,0,0,1847,31,1,0,1,2,0,0,1
G3601190002401,1970,1,2,New York,36,Westchester,119,,,002401,A,5600,,Tract   24.01,1,1,G,789,1,0,0,0,0,0,0,0,1005,4,0,1,0,0,0,0,0
G3601190002402,1970,1,2,New York,36,Westchester,119,,,002402,A,5600,,Tract   24.02,1,1,G,1888,18,1,0,3,0,0,0,3,2248,20,0,1,6,0,0,1,4
G3601190002403,1970,1,2,New York,36,Westchester,119,,,002403,A,5600,,Tract   24.03,1,1,G,2765,18,1,5,8,0,0,0,4,3062,24,0,7,6,0,0,1,3
G3601190002404,1970,1,2,New York,36,Westchester,119,,,002404,A,5600,,Tract   24.04,1,1,G,1316,4,0,6,1,1,1,1,0,1421,8,0,8,1,0,1,2,1
G3601190002405,1970,1,2,New York,36,Westchester,119,,,002405,A,5600,,Tract   24.05,1,1,G,1608,5,0,5,4,0,0,0,1,1691,6,4,7,5,0,0,0,1
G36011900025,1970,1,2,New York,36,Westchester,119,,,0025,A,5600,,Tract   25,1,1,G,167,179,0,0,0,0,0,0,0,67,184,0,1,0,0,0,1,0
G36011900026,1970,1,2,New York,36,Westchester,119,,,0026,A,5600,,Tract   26,1,1,G,723,857,3,0,2,0,0,0,7,807,1012,5,1,0,0,0,0,11
G36011900027,1970,1,2,New York,36,Westchester,119,,,0027,A,5600,,Tract   27,1,1,G,316,1627,2,0,6,0,0,0,13,363,2050,2,0,4,0,0,0,7
G36011900028,1970,1,2,New York,36,Westchester,119,,,0028,A,5600,,Tract   28,1,1,G,183,944,11,0,2,0,0,0,5,226,1173,12,0,1,2,0,0,5
G36011900029,1970,1,2,New York,36,Westchester,119,,,0029,A,5600,,Tract   29,1,1,G,188,2098,9,0,0,3,0,0,3,234,2652,6,1,0,3,0,0,2
G36011900030,1970,1,2,New York,36,Westchester,119,,,0030,A,5600,,Tract   30,1,1,G,1093,550,0,0,1,0,0,0,12,1190,697,0,1,1,1,0,0,4
G36011900031,1970,1,2,New York,36,Westchester,119,,,0031,A,5600,,Tract   31,1,1,G,564,721,3,0,1,0,0,2,3,642,920,4,1,2,0,0,1,0
G36011900032,1970,1,2,New York,36,Westchester,119,,,0032,A,5600,,Tract   32,1,1,G,179,949,3,0,0,3,0,0,3,197,1235,2,0,0,2,0,0,2
G36011900033,1970,1,2,New York,36,Westchester,119,,,0033,A,5600,,Tract   33,1,1,G,314,1471,5,0,2,0,0,0,7,316,1593,7,0,1,0,0,0,4
G36011900034,1970,1,2,New York,36,Westchester,119,,,0034,A,5600,,Tract   34,1,1,G,1007,1243,3,2,1,0,0,0,2,1177,1579,2,0,2,0,0,0,1
G36011900035,1970,1,2,New York,36,Westchester,119,,,0035,A,5600,,Tract   35,1,1,G,991,172,0,0,0,1,0,0,3,1038,216,1,0,0,0,0,0,2
G36011900036,1970,1,2,New York,36,Westchester,119,,,0036,A,5600,,Tract   36,1,1,G,1664,65,0,3,0,1,0,1,10,1876,102,2,0,1,2,0,0,12
G36011900037,1970,1,2,New York,36,Westchester,119,,,0037,A,5600,,Tract   37,1,1,G,1545,13,0,0,5,0,0,0,0,1786,18,1,0,6,0,0,0,0
G36011900038,1970,1,2,New York,36,Westchester,119,,,0038,A,5600,,Tract   38,1,1,G,1915,14,0,3,3,0,0,0,4,2286,19,0,3,3,1,0,0,6
G36011900039,1970,1,2,New York,36,Westchester,119,,,0039,A,5600,,Tract   39,1,1,G,1827,20,0,2,4,2,0,0,1,2025,30,1,2,3,0,0,0,1
G36011900040,1970,1,2,New York,36,Westchester,119,,,0040,A,5600,,Tract   40,1,1,G,2068,84,3,33,2,0,0,0,6,2520,99,1,30,6,3,0,0,8
G36011900041,1970,1,2,New York,36,Westchester,119,,,0041,A,5600,,Tract   41,1,1,G,1244,477,2,18,5,0,0,0,11,1315,558,2,17,11,1,0,0,5
G36011900042,1970,1,2,New York,36,Westchester,119,,,0042,A,5600,,Tract   42,1,1,G,2161,61,0,1,4,2,4,0,2,2532,80,0,2,7,1,4,0,4
G36011900043,1970,1,2,New York,36,Westchester,119,,,0043,A,5600,,Tract   43,1,1,G,1071,22,1,1,2,0,0,0,0,1307,25,0,5,1,0,0,0,0
G36011900044,1970,1,2,New York,36,Westchester,119,,,0044,A,5600,,Tract   44,1,1,G,1793,21,0,0,3,0,1,0,0,1984,43,1,1,6,0,0,1,1
G36011900045,1970,1,2,New York,36,Westchester,119,,,0045,A,5600,,Tract   45,1,1,G,652,2,0,0,0,0,0,0,0,811,8,0,1,0,0,0,0,0
G36011900046,1970,1,2,New York,36,Westchester,119,,,0046,A,5600,,Tract   46,1,1,G,1136,7,0,5,2,0,0,0,0,1582,20,0,2,2,0,0,0,1
G36011900047,1970,1,2,New York,36,Westchester,119,,,0047,A,5600,,Tract   47,1,1,G,1853,15,1,3,3,1,0,1,4,1992,35,0,3,4,0,0,1,1
G36011900048,1970,1,2,New York,36,Westchester,119,,,0048,A,5600,,Tract   48,1,1,G,2297,574,8,20,1,3,0,0,4,2541,746,4,25,4,1,0,1,7
G36011900049,1970,1,2,New York,36,Westchester,119,,,0049,A,5600,,Tract   49,1,1,G,1442,6,2,17,5,0,1,3,0,1998,11,2,17,5,0,0,1,1
G3601190005001,1970,1,2,New York,36,Westchester,119,,,005001,A,5600,,Tract   50.01,1,1,G,1616,1,0,1,3,0,0,0,1,1737,1,0,3,3,0,0,2,1
G3601190005002,1970,1,2,New York,36,Westchester,119,,,005002,A,5600,,Tract   50.02,1,1,G,2009,2,0,3,7,0,0,0,3,2145,15,1,4,7,0,0,0,5
G36011900051,1970,1,2,New York,36,Westchester,119,,,0051,A,5600,,Tract   51,1,1,G,2858,6,0,0,8,0,0,0,0,3286,9,1,0,5,0,0,0,5
G36011900052,1970,1,2,New York,36,Westchester,119,,,0052,A,5600,,Tract   52,1,1,G,3029,17,2,2,5,0,0,0,4,3376,40,2,3,5,0,0,0,6
G36011900053,1970,1,2,New York,36,Westchester,119,,,0053,A,5600,,Tract   53,1,1,G,2289,173,1,2,1,0,0,0,3,2493,215,2,3,1,0,0,0,1
G36011900054,1970,1,2,New York,36,Westchester,119,,,0054,A,5600,,Tract   54,1,1,G,909,41,0,2,7,0,0,0,3,1052,52,0,1,4,0,0,0,5
G36011900055,1970,1,2,New York,36,Westchester,119,,,0055,A,5600,,Tract   55,1,1,G,3123,14,0,2,2,0,0,0,4,3483,32,0,3,3,1,0,0,6
G3601190005701,1970,1,2,New York,36,Westchester,119,,,005701,A,5600,,Tract   57.01,1,1,G,2816,46,2,73,11,0,0,1,4,3295,66,2,66,8,2,0,3,4
G3601190005702,1970,1,2,New York,36,Westchester,119,,,005702,A,5600,,Tract   57.02,1,1,G,1256,21,1,21,3,0,0,1,0,2418,56,2,20,6,6,1,4,9
G36011900058,1970,1,2,New York,36,Westchester,119,,,0058,A,5600,,Tract   58,1,1,G,1222,54,0,2,5,0,0,0,5,1557,85,1,1,4,0,0,0,2
G3601190005901,1970,1,2,New York,36,Westchester,119,,,005901,A,5600,,Tract   59.01,1,1,G,1756,63,0,7,4,0,0,0,1,2203,68,0,7,10,1,1,0,3
G3601190005902,1970,1,2,New York,36,Westchester,119,,,005902,A,5600,,Tract   59.02,1,1,G,2999,82,0,50,32,4,0,7,9,3159,111,1,42,26,5,0,10,6
G36011900060,1970,1,2,New York,36,Westchester,119,,,0060,A,5600,,Tract   60,1,1,G,1435,222,0,0,4,0,1,1,19,1610,252,3,0,5,0,0,2,29
G36011900061,1970,1,2,New York,36,Westchester,119,,,0061,A,5600,,Tract   61,1,1,G,1070,236,1,0,17,0,0,0,2,1192,326,1,2,7,0,0,0,2
G36011900062,1970,1,2,New York,36,Westchester,119,,,0062,A,5600,,Tract   62,1,1,G,1944,368,1,1,0,0,0,0,14,2110,520,2,1,0,0,0,0,12
G36011900063,1970,1,2,New York,36,Westchester,119,,,0063,A,5600,,Tract   63,1,1,G,1426,633,1,1,1,11,0,0,2,1804,911,2,1,0,11,0,1,5
G36011900064,1970,1,2,New York,36,Westchester,119,,,0064,A,5600,,Tract   64,1,1,G,798,1809,5,0,13,0,3,0,13,933,2359,10,1,16,1,3,0,22
G36011900065,1970,1,2,New York,36,Westchester,119,,,0065,A,5600,,Tract   65,1,1,G,1687,898,0,5,6,0,1,1,12,1740,1062,0,7,7,1,2,0,12
G36011900066,1970,1,2,New York,36,Westchester,119,,,0066,A,5600,,Tract   66,1,1,G,2902,89,1,6,8,0,0,0,3,3191,126,1,3,13,2,0,0,3
G36011900067,1970,1,2,New York,36,Westchester,119,,,0067,A,5600,,Tract   67,1,1,G,2808,53,0,1,9,4,0,0,7,2797,174,1,2,13,2,0,1,7
G3601190006801,1970,1,2,New York,36,Westchester,119,,,006801,A,5600,,Tract   68.01,1,1,G,2950,24,0,2,18,0,0,3,0,3036,64,0,2,11,0,0,3,2
G3601190006802,1970,1,2,New York,36,Westchester,119,,,006802,A,5600,,Tract   68.02,1,1,G,2593,17,0,0,8,0,0,0,0,2880,59,0,0,5,1,0,0,2
G36011900069,1970,1,2,New York,36,Westchester,119,,,0069,A,5600,,Tract   69,1,1,G,2844,24,0,6,9,1,0,3,0,3103,67,0,11,13,0,0,1,2
G36011900070,1970,1,2,New York,36,Westchester,119,,,0070,A,5600,,Tract   70,1,1,G,3175,36,0,11,10,0,0,0,3,3590,71,0,7,12,1,0,0,2
G36011900071,1970,1,2,New York,36,Westchester,119,,,0071,A,5600,,Tract   71,1,1,G,3289,19,0,10,7,1,0,1,5,3789,58,1,10,7,0,0,1,5
G36011900072,1970,1,2,New York,36,Westchester,119,,,0072,A,5600,,Tract   72,1,1,G,2915,113,2,2,8,2,0,3,6,3203,181,5,4,0,1,0,4,5
G36011900073,1970,1,2,New York,36,Westchester,119,,,0073,A,5600,,Tract   73,1,1,G,1844,310,2,1,0,1,0,0,8,1986,414,2,0,2,2,0,0,12
G3601190007401,1970,1,2,New York,36,Westchester,119,,,007401,A,5600,,Tract   74.01,1,1,G,2283,139,8,5,0,0,0,0,2,2359,150,4,6,0,0,0,0,2
G3601190007402,1970,1,2,New York,36,Westchester,119,,,007402,A,5600,,Tract   74.02,1,1,G,1403,6,1,11,1,0,0,0,2,1462,11,0,10,3,0,0,0,3
G36011900075,1970,1,2,New York,36,Westchester,119,,,0075,A,5600,,Tract   75,1,1,G,2021,7,0,6,10,0,0,0,6,2224,42,1,2,7,2,0,0,8
G36011900076,1970,1,2,New York,36,Westchester,119,,,0076,A,5600,,Tract   76,1,1,G,2909,85,0,3,0,0,1,0,1,3104,129,0,3,2,0,0,0,2
G36011900077,1970,1,2,New York,36,Westchester,119,,,0077,A,5600,,Tract   77,1,1,G,2305,63,1,2,5,0,2,1,4,2802,88,1,3,6,7,0,2,2
G36011900078,1970,1,2,New York,36,Westchester,119,,,0078,A,5600,,Tract   78,1,1,G,1500,419,4,1,0,1,0,1,17,1621,525,6,1,0,0,0,0,17
G36011900079,1970,1,2,New York,36,Westchester,119,,,0079,A,5600,,Tract   79,1,1,G,2469,327,1,1,1,3,0,0,10,2721,434,0,0,1,21,0,0,13
G36011900080,1970,1,2,New York,36,Westchester,119,,,0080,A,5600,,Tract   80,1,1,G,1480,728,2,0,10,1,0,0,13,1558,898,3,0,9,2,1,0,5
G36011900081,1970,1,2,New York,36,Westchester,119,,,0081,A,5600,,Tract   81,1,1,G,1457,56,0,0,3,1,0,4,2,1682,74,1,2,2,1,0,2,3
G36011900082,1970,1,2,New York,36,Westchester,119,,,0082,A,5600,,Tract   82,1,1,G,3555,29,2,3,0,1,0,3,6,4055,30,0,1,0,0,0,2,1
G3601190008301,1970,1,2,New York,36,Westchester,119,,,008301,A,5600,,Tract   83.01,1,1,G,1330,44,1,8,0,0,0,0,2,1432,40,0,8,0,0,0,0,4
G3601190008302,1970,1,2,New York,36,Westchester,119,,,008302,A,5600,,Tract   83.02,1,1,G,2624,26,1,2,6,0,0,8,4,3918,65,1,9,9,0,1,11,6
G3601190008401,1970,1,2,New York,36,Westchester,119,,,008401,A,5600,,Tract   84.01,1,1,G,925,6,1,3,6,0,0,0,1,1010,28,0,0,8,0,0,0,3
G3601190008403,1970,1,2,New York,36,Westchester,119,,,008403,A,5600,,Tract   84.03,1,1,G,1963,5,2,0,1,0,0,1,2,2069,9,5,0,0,0,0,1,3
G3601190008404,1970,1,2,New York,36,Westchester,119,,,008404,A,5600,,Tract   84.04,1,1,G,2287,4,0,13,5,6,1,0,3,2591,8,0,6,3,4,0,0,6
G36011900085,1970,1,2,New York,36,Westchester,119,,,0085,A,5600,,Tract   85,1,1,G,1572,11,1,2,0,0,0,3,0,1648,125,1,1,3,1,0,1,3
G36011900086,1970,1,2,New York,36,Westchester,119,,,0086,A,5600,,Tract   86,1,1,G,897,10,0,1,1,0,0,0,0,947,22,0,1,0,0,0,0,1
G36011900087,1970,1,2,New York,36,Westchester,119,,,0087,A,5600,,Tract   87,1,1,G,2507,32,0,2,1,0,0,0,1,2720,33,0,2,4,0,0,0,1
G36011900088,1970,1,2,New York,36,Westchester,119,,,0088,A,5600,,Tract   88,1,1,G,1491,209,3,1,20,1,0,3,10,2030,305,1,0,18,3,0,1,12
G36011900089,1970,1,2,New York,36,Westchester,119,,,0089,A,5600,,Tract   89,1,1,G,2958,339,0,7,12,1,0,0,3,4069,549,2,9,12,0,0,0,3
G36011900090,1970,1,2,New York,36,Westchester,119,,,0090,A,5600,,Tract   90,1,1,G,1116,390,0,2,9,1,0,0,2,1200,492,0,2,0,3,0,0,2
G36011900091,1970,1,2,New York,36,Westchester,119,,,0091,A,5600,,Tract   91,1,1,G,1930,389,0,1,0,2,0,0,0,2188,552,0,2,4,4,0,0,1
G36011900092,1970,1,2,New York,36,Westchester,119,,,0092,A,5600,,Tract   92,1,1,G,1976,594,0,2,1,0,0,0,7,2282,848,0,1,3,0,0,1,7
G36011900093,1970,1,2,New York,36,Westchester,119,,,0093,A,5600,,Tract   93,1,1,G,394,818,0,0,2,0,0,0,3,503,1081,1,0,0,0,0,0,4
G36011900094,1970,1,2,New York,36,Westchester,119,,,0094,A,5600,,Tract   94,1,1,G,836,35,2,1,7,0,0,0,1,1182,50,2,1,1,0,0,0,0
G36011900095,1970,1,2,New York,36,Westchester,119,,,0095,A,5600,,Tract   95,1,1,G,1563,55,1,9,10,1,0,0,5,1834,64,0,7,7,0,0,0,4
G36011900096,1970,1,2,New York,36,Westchester,119,,,0096,A,5600,,Tract   96,1,1,G,2364,21,0,4,9,0,0,0,0,2659,42,1,8,4,0,0,1,1
G3601190009701,1970,1,2,New York,36,Westchester,119,,,009701,A,5600,,Tract   97.01,1,1,G,1540,55,0,0,4,0,0,1,2,1599,67,0,0,7,0,0,0,2
G3601190009702,1970,1,2,New York,36,Westchester,119,,,009702,A,5600,,Tract   97.02,1,1,G,1525,97,0,7,6,0,1,0,3,1809,145,0,3,3,1,0,0,4
G3601190009703,1970,1,2,New York,36,Westchester,119,,,009703,A,5600,,Tract   97.03,1,1,G,1725,8,0,1,3,0,0,0,1,1771,45,0,1,5,0,0,0,0
G36011900098,1970,1,2,New York,36,Westchester,119,,,0098,A,5600,,Tract   98,1,1,G,2186,19,0,6,4,0,0,0,3,2321,124,2,9,7,2,0,1,5
G36011900099,1970,1,2,New York,36,Westchester,119,,,0099,A,5600,,Tract   99,1,1,G,1533,15,0,1,9,3,0,1,2,1636,116,2,0,4,5,0,2,6
G36011900100,1970,1,2,New York,36,Westchester,119,,,0100,A,5600,,Tract  100,1,1,G,2592,32,0,2,9,0,0,0,0,2749,122,1,3,8,0,0,0,5
G36011900101,1970,1,2,New York,36,Westchester,119,,,0101,A,5600,,Tract  101,1,1,G,2685,7,0,6,9,0,0,0,0,2930,23,1,8,8,0,1,0,4
G36011900102,1970,1,2,New York,36,Westchester,119,,,0102,A,5600,,Tract  102,1,1,G,2729,121,0,5,11,2,0,0,4,2901,83,1,8,10,1,1,0,3
G36011900103,1970,1,2,New York,36,Westchester,119,,,0103,A,5600,,Tract  103,1,1,G,1609,35,0,8,3,0,0,1,3,1881,42,0,11,4,0,0,0,2
G36011900104,1970,1,2,New York,36,Westchester,119,,,0104,A,5600,,Tract  104,1,1,G,1633,41,0,10,8,0,0,0,5,1919,21,0,10,5,0,0,0,5
G36011900105,1970,1,2,New York,36,Westchester,119,,,0105,A,5600,,Tract  105,1,1,G,3160,170,2,14,30,0,0,0,13,3203,56,1,10,26,0,0,1,10
G36011900106,1970,1,2,New York,36,Westchester,119,,,0106,A,5600,,Tract  106,1,1,G,2204,2,0,1,8,1,0,0,0,2227,14,1,1,10,0,0,1,0
G36011900107,1970,1,2,New York,36,Westchester,119,,,0107,A,5600,,Tract  107,1,1,G,3368,12,0,11,24,0,0,2,2,3615,65,0,7,29,1,1,0,8
G3601190010801,1970,1,2,New York,36,Westchester,119,,,010801,A,5600,,Tract  108.01,1,1,G,2363,31,1,3,6,0,0,0,4,2659,53,0,2,8,2,0,1,4
G3601190010802,1970,1,2,New York,36,Westchester,119,,,010802,A,5600,,Tract  108.02,1,1,G,3177,166,1,46,13,6,0,2,1,3408,190,1,50,14,6,0,2,6
G3601190010901,1970,1,2,New York,36,Westchester,119,,,010901,A,5600,,Tract  109.01,1,1,G,541,21,0,3,0,0,0,0,0,598,39,0,1,1,0,0,0,2
G3601190010902,1970,1,2,New York,36,Westchester,119,,,010902,A,5600,,Tract  109.02,1,1,G,1677,908,5,0,10,4,0,0,11,1814,1058,2,3,10,10,0,0,12
G3601190010903,1970,1,2,New York,36,Westchester,119,,,010903,A,5600,,Tract  109.03,1,1,G,1114,968,3,4,1,1,0,0,0,1157,1129,5,3,3,0,0,0,0
G36011900110,1970,1,2,New York,36,Westchester,119,,,0110,A,5600,,Tract  110,1,1,G,793,345,1,2,0,0,0,2,2,826,373,3,2,0,0,0,1,3
G3601190011101,1970,1,2,New York,36,Westchester,119,,,011101,A,5600,,Tract  111.01,1,1,G,1809,114,0,0,23,1,0,3,0,1868,137,1,0,19,0,1,4,0
G3601190011102,1970,1,2,New York,36,Westchester,119,,,011102,A,5600,,Tract  111.02,1,1,G,1819,14,0,0,5,0,0,0,1,1861,12,0,0,4,0,0,0,2
G36011900112,1970,1,2,New York,36,Westchester,119,,,0112,A,5600,,Tract  112,1,1,G,1534,341,0,1,2,0,0,0,4,1626,395,1,1,2,0,0,0,4
G36011900113,1970,1,2,New York,36,Westchester,119,,,0113,A,5600,,Tract  113,1,1,G,2723,67,1,3,12,1,0,6,0,2965,78,0,5,10,0,0,6,1
G36011900114,1970,1,2,New York,36,Westchester,119,,,0114,A,5600,,Tract  114,1,1,G,2375,17,0,7,19,4,0,3,0,3473,47,0,10,22,2,0,5,5
G36011900115,1970,1,2,New York,36,Westchester,119,,,0115,A,5600,,Tract  115,1,1,G,2051,258,0,0,11,0,0,0,1,2469,325,0,3,5,0,0,0,3
G36011900116,1970,1,2,New York,36,Westchester,119,,,0116,A,5600,,Tract  116,1,1,G,2311,204,0,0,6,0,0,0,1,2408,223,0,1,6,0,1,0,2
G36011900117,1970,1,2,New York,36,Westchester,119,,,0117,A,5600,,Tract  117,1,1,G,1478,3,2,0,0,0,0,0,0,1674,12,0,1,0,0,0,0,1
G36011900118,1970,1,2,New York,36,Westchester,119,,,0118,A,5600,,Tract  118,1,1,G,1295,6,0,1,8,0,0,0,0,1377,7,2,3,6,0,0,0,0
G3601190011901,1970,1,2,New York,36,Westchester,119,,,011901,A,5600,,Tract  119.01,1,1,G,774,414,0,0,8,4,0,2,4,489,158,0,0,6,7,0,2,3
G3601190011902,1970,1,2,New York,36,Westchester,119,,,011902,A,5600,,Tract  119.02,1,1,G,2219,19,0,1,7,0,0,0,1,2398,38,1,1,5,0,0,0,1
G36011900120,1970,1,2,New York,36,Westchester,119,,,0120,A,5600,,Tract  120,1,1,G,2360,48,0,1,0,0,0,0,0,2436,11,0,0,0,2,0,0,0
G36011900121,1970,1,2,New York,36,Westchester,119,,,0121,A,5600,,Tract  121,1,1,G,4108,27,0,1,3,0,1,0,1,4159,26,1,2,4,0,0,0,4
G36011900122,1970,1,2,New York,36,Westchester,119,,,0122,A,5600,,Tract  122,1,1,G,3413,26,3,1,8,0,0,1,3,3612,29,4,1,6,1,0,1,1
G3601190012301,1970,1,2,New York,36,Westchester,119,,,012301,A,5600,,Tract  123.01,1,1,G,1125,98,0,0,0,0,1,0,0,1151,146,0,0,0,0,2,0,0
G3601190012302,1970,1,2,New York,36,Westchester,119,,,012302,A,5600,,Tract  123.02,1,1,G,3576,16,1,1,6,0,0,0,0,3432,26,0,1,8,0,0,0,1
G36011900124,1970,1,2,New York,36,Westchester,119,,,0124,A,5600,,Tract  124,1,1,G,1833,9,0,0,6,0,0,0,0,1915,25,1,2,0,0,1,0,0
G36011900125,1970,1,2,New York,36,Westchester,119,,,0125,A,5600,,Tract  125,1,1,G,3232,32,0,1,2,0,0,0,2,3283,45,1,2,4,0,0,0,6
G36011900126,1970,1,2,New York,36,Westchester,119,,,0126,A,5600,,Tract  126,1,1,G,2217,86,0,0,4,2,0,0,0,2361,92,0,0,5,3,0,0,1
G36011900127,1970,1,2,New York,36,Westchester,119,,,0127,A,5600,,Tract  127,1,1,G,2015,6,0,0,6,1,0,4,2,2176,24,0,0,2,1,0,1,2
G36011900128,1970,1,2,New York,36,Westchester,119,,,0128,A,5600,,Tract  128,1,1,G,2613,246,5,0,8,0,0,7,1,2964,435,3,1,9,0,0,2,4
G36011900129,1970,1,2,New York,36,Westchester,119,,,0129,A,5600,,Tract  129,1,1,G,1392,230,0,0,2,1,0,0,1,1688,292,4,2,3,5,0,1,0
G36011900130,1970,1,2,New York,36,Westchester,119,,,0130,A,5600,,Tract  130,1,1,G,2107,38,0,1,1,0,0,0,4,2339,49,1,1,1,8,0,0,1
G3601190013102,1970,1,2,New York,36,Westchester,119,,,013102,A,5600,,Tract  131.02,1,1,G,2369,8,0,0,4,0,0,0,2,2433,10,1,1,1,0,0,0,5
G3601190013103,1970,1,2,New York,36,Westchester,119,,,013103,A,5600,,Tract  131.03,1,1,G,2099,12,1,3,5,3,0,0,12,2358,22,1,4,10,5,2,0,6
G3601190013104,1970,1,2,New York,36,Westchester,119,,,013104,A,5600,,Tract  131.04,1,1,G,2617,16,3,4,7,0,0,0,2,2620,21,3,4,9,0,0,0,2
G3601190013201,1970,1,2,New York,36,Westchester,119,,,013201,A,5600,,Tract  132.01,1,1,G,1221,8,0,5,2,0,0,0,4,1899,30,0,7,6,3,0,0,3
G3601190013202,1970,1,2,New York,36,Westchester,119,,,013202,A,5600,,Tract  132.02,1,1,G,1611,0,0,2,2,0,0,0,1,1704,7,0,2,3,0,0,0,1
G3601190013301,1970,1,2,New York,36,Westchester,119,,,013301,A,5600,,Tract  133.01,1,1,G,653,778,1,2,0,0,0,0,0,775,868,1,1,0,0,0,0,1
G3601190013303,1970,1,2,New York,36,Westchester,119,,,013303,A,5600,,Tract  133.03,1,1,G,262,787,0,0,0,0,0,0,0,0,0,0,0,0,0,0,0,0
G3601190013304,1970,1,2,New York,36,Westchester,119,,,013304,A,5600,,Tract  133.04,1,1,G,1223,460,2,3,1,0,0,0,7,1372,562,4,6,0,0,0,0,8
G36011900134,1970,1,2,New York,36,Westchester,119,,,0134,A,5600,,Tract  134,1,1,G,3293,172,1,4,14,2,1,0,14,3715,183,2,5,11,1,1,0,13
G36011900135,1970,1,2,New York,36,Westchester,119,,,0135,A,5600,,Tract  135,1,1,G,1874,27,0,2,1,0,0,1,3,2174,24,7,5,0,1,0,0,3
G36011900136,1970,1,2,New York,36,Westchester,119,,,0136,A,5600,,Tract  136,1,1,G,1046,18,0,1,0,0,0,0,0,1222,36,0,2,1,0,0,0,2
G36011900137,1970,1,2,New York,36,Westchester,119,,,0137,A,5600,,Tract  137,1,1,G,2398,16,2,1,8,0,0,1,5,2383,14,2,0,9,0,0,0,7
G36011900138,1970,1,2,New York,36,Westchester,119,,,0138,A,5600,,Tract  138,1,1,G,1832,11,0,5,6,0,0,0,0,1919,15,1,0,5,1,0,0,1
G36011900139,1970,1,2,New York,36,Westchester,119,,,0139,A,5600,,Tract  139,1,1,G,1756,33,1,4,0,0,0,2,3,1886,39,0,3,0,0,0,0,0
G36011900140,1970,1,2,New York,36,Westchester,119,,,0140,A,5600,,Tract  140,1,1,G,1024,3,0,0,0,0,0,0,1,1077,5,0,0,0,0,0,0,0
G36011900141,1970,1,2,New York,36,Westchester,119,,,0141,A,5600,,Tract  141,1,1,G,2345,447,0,1,0,0,0,0,3,2726,526,1,0,0,0,0,0,3
G36011900142,1970,1,2,New York,36,Westchester,119,,,0142,A,5600,,Tract  142,1,1,G,1676,236,1,0,2,0,0,0,15,1751,279,1,1,6,0,0,0,6
G36011900143,1970,1,2,New York,36,Westchester,119,,,0143,A,5600,,Tract  143,1,1,G,752,542,3,0,1,1,0,0,20,829,593,0,0,0,0,0,0,15
G36011900144,1970,1,2,New York,36,Westchester,119,,,0144,A,5600,,Tract  144,1,1,G,1355,219,0,0,5,0,0,0,3,1564,284,0,0,3,0,0,0,1
G36011900145,1970,1,2,New York,36,Westchester,119,,,0145,A,5600,,Tract  145,1,1,G,1235,69,0,0,0,1,0,0,6,1620,124,3,0,0,2,1,0,6
G3601190014602,1970,1,2,New York,36,Westchester,119,,,014602,A,5600,,Tract  146.02,1,1,G,3425,67,1,1,12,0,0,1,0,3793,61,4,5,12,0,0,0,4
G3601190014603,1970,1,2,New York,36,Westchester,119,,,014603,A,5600,,Tract  146.03,1,1,G,1221,239,0,1,1,0,0,0,0,152,15,1,0,0,0,0,0,0
G3601190014604,1970,1,2,New York,36,Westchester,119,,,014604,A,5600,,Tract  146.04,1,1,G,2292,13,0,1,3,0,0,0,3,2341,15,1,2,2,0,0,0,5
G3601190014701,1970,1,2,New York,36,Westchester,119,,,014701,A,5600,,Tract  147.01,1,1,G,1793,131,4,0,3,0,0,0,1,1822,124,7,1,1,0,0,1,0
G3601190014702,1970,1,2,New York,36,Westchester,119,,,014702,A,5600,,Tract  147.02,1,1,G,3578,26,0,0,4,3,0,4,0,3525,27,0,1,4,1,0,2,3
G3601190014804,1970,1,2,New York,36,Westchester,119,,,014804,A,5600,,Tract  148.04,1,1,G,2429,6,1,1,3,0,0,0,1,2423,10,0,1,2,0,0,0,1
G3601190014805,1970,1,2,New York,36,Westchester,119,,,014805,A,5600,,Tract  148.05,1,1,G,1750,95,0,0,11,0,1,5,3,1733,19,0,0,7,0,0,4,3
G3601190014806,1970,1,2,New York,36,Westchester,119,,,014806,A,5600,,Tract  148.06,1,1,G,2887,7,1,1,9,0,0,0,0,2895,4,0,0,13,0,0,0,0
G3601190014807,1970,1,2,New York,36,Westchester,119,,,014807,A,5600,,Tract  148.07,1,1,G,2817,14,1,1,3,0,0,0,0,2841,16,1,3,3,0,0,0,1
G3601190014808,1970,1,2,New York,36,Westchester,119,,,014808,A,5600,,Tract  148.08,1,1,G,1512,11,2,4,6,1,1,0,2,1540,13,1,1,6,1,0,0,0
G3601190014809,1970,1,2,New York,36,Westchester,119,,,014809,A,5600,,Tract  148.09,1,1,G,2369,54,0,0,18,3,1,0,3,2395,66,0,0,21,2,0,0,4
G3601190014901,1970,1,2,New York,36,Westchester,119,,,014901,A,5600,,Tract  149.01,1,1,G,3695,47,0,1,1,2,0,1,12,3397,14,1,0,0,1,0,1,6
G3601190014902,1970,1,2,New York,36,Westchester,119,,,014902,A,5600,,Tract  149.02,1,1,G,1078,8,1,0,2,0,0,0,0,1117,14,0,0,2,0,0,0,1
G36011900150,1970,1,2,New York,36,Westchester,119,,,0150,A,5600,,Tract  150,1,1,G,1835,17,4,3,0,3,0,0,0,1926,29,6,3,0,1,0,1,0