GISJOIN,YEAR,STATE,STATEA,COUNTY,COUNTYA,CTY_SUBA,PLACEA,ELECPRCTA,TRACTA,BLOCKA,BLCK_GRPA,ENUMDISTA,AREANAME,white_total,black_total,native_total,asian_total,other_total
G36000100001,1980,New York,36,Albany,001,,,,0001,,,,Tract    1,1851,694,2,20,64
G36000100002,1980,New York,36,Albany,001,,,,0002,,,,Tract    2,1325,4282,14,171,84
G36000100003,1980,New York,36,Albany,001,,,,0003,,,,Tract    3,5323,407,15,23,40
G36000100004,1980,New York,36,Albany,001,,,,0004,,,,Tract    4,8963,267,1,72,45
G3600010000501,1980,New York,36,Albany,001,,,,000501,,,,Tract    5.01,3244,251,8,45,50
G3600010000502,1980,New York,36,Albany,001,,,,000502,,,,Tract    5.02,3705,117,10,88,39
G36000100006,1980,New York,36,Albany,001,,,,0006,,,,Tract    6,3065,371,14,29,35
G36000100007,1980,New York,36,Albany,001,,,,0007,,,,Tract    7,2860,2051,13,18,62
G36000100008,1980,New York,36,Albany,001,,,,0008,,,,Tract    8,1595,948,6,9,21
G36000100011,1980,New York,36,Albany,001,,,,0011,,,,Tract   11,1274,407,5,10,16
G36000100014,1980,New York,36,Albany,001,,,,0014,,,,Tract   14,3351,268,8,24,36
G36000100015,1980,New York,36,Albany,001,,,,0015,,,,Tract   15,4380,265,4,33,26
G36000100016,1980,New York,36,Albany,001,,,,0016,,,,Tract   16,4314,177,3,23,31
G36000100017,1980,New York,36,Albany,001,,,,0017,,,,Tract   17,4152,66,1,70,32
G3600010001801,1980,New York,36,Albany,001,,,,001801,,,,Tract   18.01,6014,79,0,59,30
G3600010001802,1980,New York,36,Albany,001,,,,001802,,,,Tract   18.02,4723,36,1,24,24
G3600010001901,1980,New York,36,Albany,001,,,,001901,,,,Tract   19.01,3085,61,2,18,4
G3600010001902,1980,New York,36,Albany,001,,,,001902,,,,Tract   19.02,3076,34,2,22,9
G36000100020,1980,New York,36,Albany,001,,,,0020,,,,Tract   20,6136,210,4,19,33
G36000100021,1980,New York,36,Albany,001,,,,0021,,,,Tract   21,3534,476,7,94,54
G36000100022,1980,New York,36,Albany,001,,,,0022,,,,Tract   22,1639,528,17,33,38
G36000100023,1980,New York,36,Albany,001,,,,0023,,,,Tract   23,897,1303,3,27,18
G36000100024,1980,New York,36,Albany,001,,,,0024,,,,Tract   24,133,173,0,0,12
G36000100025,1980,New York,36,Albany,001,,,,0025,,,,Tract   25,648,1382,9,0,21
G36000100026,1980,New York,36,Albany,001,,,,0026,,,,Tract   26,4025,1503,13,11,85
G3600010002699,1980,New York,36,Albany,001,,,,002699,,,,Tract   26.99,31,9,0,5,1
G36000100127,1980,New York,36,Albany,001,,,,0127,,,,Tract  127,2328,2,6,2,4
G36000100128,1980,New York,36,Albany,001,,,,0128,,,,Tract  128,4777,5,11,5,2
G36000100129,1980,New York,36,Albany,001,,,,0129,,,,Tract  129,3628,1,5,16,15
G36000100130,1980,New York,36,Albany,001,,,,0130,,,,Tract  130,7251,32,4,25,25
G36000100131,1980,New York,36,Albany,001,,,,0131,,,,Tract  131,2684,0,1,4,7
G36000100132,1980,New York,36,Albany,001,,,,0132,,,,Tract  132,3654,23,1,1,13
G36000100133,1980,New York,36,Albany,001,,,,0133,,,,Tract  133,4795,52,1,3,9
G36000100134,1980,New York,36,Albany,001,,,,0134,,,,Tract  134,2791,1,3,5,2
G3600010013501,1980,New York,36,Albany,001,,,,013501,,,,Tract  135.01,10862,91,10,123,49
G3600010013502,1980,New York,36,Albany,001,,,,013502,,,,Tract  135.02,7300,96,6,140,10
G3600010013601,1980,New York,36,Albany,001,,,,013601,,,,Tract  136.01,5979,85,1,116,21
G3600010013602,1980,New York,36,Albany,001,,,,013602,,,,Tract  136.02,3786,153,15,50,8
G3600010013703,1980,New York,36,Albany,001,,,,013703,,,,Tract  137.03,509,4,0,1,0
G3600010013704,1980,New York,36,Albany,001,,,,013704,,,,Tract  137.04,8423,67,4,172,32
G3600010013705,1980,New York,36,Albany,001,,,,013705,,,,Tract  137.05,6082,75,2,48,14
G3600010013706,1980,New York,36,Albany,001,,,,013706,,,,Tract  137.06,1509,152,0,13,7
G36000100138,1980,New York,36,Albany,001,,,,0138,,,,Tract  138,9404,250,11,80,17
G36000100139,1980,New York,36,Albany,001,,,,0139,,,,Tract  139,8446,242,10,137,34
G36000100140,1980,New York,36,Albany,001,,,,0140,,,,Tract  140,9661,196,13,49,28
G36000100141,1980,New York,36,Albany,001,,,,0141,,,,Tract  141,3055,28,2,20,11
G3600010014201,1980,New York,36,Albany,001,,,,014201,,,,Tract  142.01,4451,19,2,33,18
G3600010014202,1980,New York,36,Albany,001,,,,014202,,,,Tract  142.02,4576,16,0,37,14
G3600010014203,1980,New York,36,Albany,001,,,,014203,,,,Tract  142.03,5350,22,0,53,13
G3600010014301,1980,New York,36,Albany,001,,,,014301,,,,Tract  143.01,2466,227,9,4,53
G3600010014302,1980,New York,36,Albany,001,,,,014302,,,,Tract  143.02,3727,38,7,35,10
G3600010014401,1980,New York,36,Albany,001,,,,014401,,,,Tract  144.01,4585,105,5,5,105
G3600010014402,1980,New York,36,Albany,001,,,,014402,,,,Tract  144.02,3023,43,5,1,19
G3600010014501,1980,New York,36,Albany,001,,,,014501,,,,Tract  145.01,2119,8,0,2,8
G3600010014502,1980,New York,36,Albany,001,,,,014502,,,,Tract  145.02,3481,4,9,16,9
G3600010014503,1980,New York,36,Albany,001,,,,014503,,,,Tract  145.03,3289,7,1,16,7
G3600010014606,1980,New York,36,Albany,001,,,,014606,,,,Tract  146.06,2573,9,0,8,0
G3600010014607,1980,New York,36,Albany,001,,,,014607,,,,Tract  146.07,4898,66,1,50,12
G3600010014608,1980,New York,36,Albany,001,,,,014608,,,,Tract  146.08,4114,66,4,47,25
G3600010014609,1980,New York,36,Albany,001,,,,014609,,,,Tract  146.09,3893,60,2,25,7
G3600010014610,1980,New York,36,Albany,001,,,,014610,,,,Tract  146.10,5754,125,3,89,16
G3600010014611,1980,New York,36,Albany,001,,,,014611,,,,Tract  146.11,2668,45,2,18,1
G3600010014612,1980,New York,36,Albany,001,,,,014612,,,,Tract  146.12,1286,3,0,0,3
G3600010014613,1980,New York,36,Albany,001,,,,014613,,,,Tract  146.13,641,0,0,1,0
G36000100147,1980,New York,36,Albany,001,,,,0147,,,,Tract  147,2438,20,3,2,8
G3600010014801,1980,New York,36,Albany,001,,,,014801,,,,Tract  148.01,2520,5,0,2,5
G3600010014802,1980,New York,36,Albany,001,,,,014802,,,,Tract  148.02,1743,29,4,2,2
G3600010014803,1980,New York,36,Albany,001,,,,014803,,,,Tract  148.03,2917,2,2,4,4
G36000309901,1980,New York,36,Allegany,003,,,,9901,,,,Tract 9901,4751,6,13,8,10
G36000309902,1980,New York,36,Allegany,003,,,,9902,,,,Tract 9902,2445,2,2,0,1
G36000309903,1980,New York,36,Allegany,003,,,,9903,,,,Tract 9903,5187,21,8,26,23
G36000309904,1980,New York,36,Allegany,003,,,,9904,,,,Tract 9904,2467,0,4,1,2
G36000309905,1980,New York,36,Allegany,003,,,,9905,,,,Tract 9905,5514,46,32,20,12
G36000309906,1980,New York,36,Allegany,003,,,,9906,,,,Tract 9906,8285,58,22,25,42
G36000309907,1980,New York,36,Allegany,003,,,,9907,,,,Tract 9907,6469,6,12,9,1
G36000309908,1980,New York,36,Allegany,003,,,,9908,,,,Tract 9908,6015,1,9,19,4
G36000309909,1980,New York,36,Allegany,003,,,,9909,,,,Tract 9909,4152,6,15,7,27
G36000309910,1980,New York,36,Allegany,003,,,,9910,,,,Tract 9910,5925,15,5,5,7
G36000500001,1980,New York,36,Bronx,005,,,,0001,,,,Tract    1,718,3454,1,17,1435
G36000500002,1980,New York,36,Bronx,005,,,,0002,,,,Tract    2,1557,694,0,11,1114
G36000500004,1980,New York,36,Bronx,005,,,,0004,,,,Tract    4,1113,385,0,7,868
G36000500005,1980,New York,36,Bronx,005,,,,0005,,,,Tract    5,0,0,0,0,0
G36000500011,1980,New York,36,Bronx,005,,,,0011,,,,Tract   11,256,54,1,5,294
G36000500015,1980,New York,36,Bronx,005,,,,0015,,,,Tract   15,34,0,0,0,5
G36000500016,1980,New York,36,Bronx,005,,,,0016,,,,Tract   16,1602,1481,12,61,2264
G36000500017,1980,New York,36,Bronx,005,,,,0017,,,,Tract   17,261,143,1,6,423
G36000500020,1980,New York,36,Bronx,005,,,,0020,,,,Tract   20,1768,5260,25,19,1827
G36000500023,1980,New York,36,Bronx,005,,,,0023,,,,Tract   23,1354,2371,5,20,1373
G36000500024,1980,New York,36,Bronx,005,,,,0024,,,,Tract   24,0,0,0,0,0
G36000500025,1980,New York,36,Bronx,005,,,,0025,,,,Tract   25,1418,1577,11,14,2279
G3600050002701,1980,New York,36,Bronx,005,,,,002701,,,,Tract   27.01,682,1408,7,14,1285
G3600050002702,1980,New York,36,Bronx,005,,,,002702,,,,Tract   27.02,1202,1525,1,10,1725
G36000500028,1980,New York,36,Bronx,005,,,,0028,,,,Tract   28,594,5264,12,13,605
G36000500031,1980,New York,36,Bronx,005,,,,0031,,,,Tract   31,321,85,0,0,387
G36000500033,1980,New York,36,Bronx,005,,,,0033,,,,Tract   33,830,1105,6,4,872
G36000500035,1980,New York,36,Bronx,005,,,,0035,,,,Tract   35,1427,1073,4,8,1061
G36000500036,1980,New York,36,Bronx,005,,,,0036,,,,Tract   36,2068,4534,14,22,1696
G36000500037,1980,New York,36,Bronx,005,,,,0037,,,,Tract   37,32,0,0,0,17
G36000500038,1980,New York,36,Bronx,005,,,,0038,,,,Tract   38,297,417,0,6,274
G36000500039,1980,New York,36,Bronx,005,,,,0039,,,,Tract   39,1486,928,14,11,2075
G3600050004001,1980,New York,36,Bronx,005,,,,004001,,,,Tract   40.01,859,105,1,47,197
G3600050004002,1980,New York,36,Bronx,005,,,,004002,,,,Tract   40.02,0,4,0,0,0
G36000500041,1980,New York,36,Bronx,005,,,,0041,,,,Tract   41,1743,2025,2,24,2246
G36000500043,1980,New York,36,Bronx,005,,,,0043,,,,Tract   43,1444,998,5,16,1971
G36000500044,1980,New York,36,Bronx,005,,,,0044,,,,Tract   44,1331,2884,16,86,1348
G36000500046,1980,New York,36,Bronx,005,,,,0046,,,,Tract   46,299,663,0,0,656
G36000500047,1980,New York,36,Bronx,005,,,,0047,,,,Tract   47,1285,3575,5,10,1591
G36000500048,1980,New York,36,Bronx,005,,,,0048,,,,Tract   48,1352,499,25,17,1687
G36000500049,1980,New York,36,Bronx,005,,,,0049,,,,Tract   49,91,339,0,1,265
G36000500050,1980,New York,36,Bronx,005,,,,0050,,,,Tract   50,2910,2067,44,39,4047
G36000500052,1980,New York,36,Bronx,005,,,,0052,,,,Tract   52,589,581,3,0,750
G3600050005301,1980,New York,36,Bronx,005,,,,005301,,,,Tract   53.01,0,0,0,0,0
G3600050005302,1980,New York,36,Bronx,005,,,,005302,,,,Tract   53.02,392,3526,25,26,418
G36000500054,1980,New York,36,Bronx,005,,,,0054,,,,Tract   54,2019,1220,14,23,2390
G36000500056,1980,New York,36,Bronx,005,,,,0056,,,,Tract   56,847,636,5,8,1069
G36000500057,1980,New York,36,Bronx,005,,,,0057,,,,Tract   57,172,423,2,0,258
G36000500058,1980,New York,36,Bronx,005,,,,0058,,,,Tract   58,1,15,0,0,3
G3600050005901,1980,New York,36,Bronx,005,,,,005901,,,,Tract   59.01,1300,2001,27,27,1355
G3600050005902,1980,New York,36,Bronx,005,,,,005902,,,,Tract   59.02,727,1239,1,31,562
G36000500060,1980,New York,36,Bronx,005,,,,0060,,,,Tract   60,163,187,5,9,672
G36000500061,1980,New York,36,Bronx,005,,,,0061,,,,Tract   61,524,3021,15,26,154
G36000500062,1980,New York,36,Bronx,005,,,,0062,,,,Tract   62,1472,3967,37,55,1670
G36000500064,1980,New York,36,Bronx,005,,,,0064,,,,Tract   64,1116,1565,6,34,1266
G36000500065,1980,New York,36,Bronx,005,,,,0065,,,,Tract   65,1176,1024,12,62,1038
G36000500066,1980,New York,36,Bronx,005,,,,0066,,,,Tract   66,1667,766,9,7,1232
G36000500067,1980,New York,36,Bronx,005,,,,0067,,,,Tract   67,1902,2758,18,53,1934
G36000500068,1980,New York,36,Bronx,005,,,,0068,,,,Tract   68,1053,755,4,35,1070
G36000500069,1980,New York,36,Bronx,005,,,,0069,,,,Tract   69,1177,2373,19,12,1201
G36000500070,1980,New York,36,Bronx,005,,,,0070,,,,Tract   70,1674,520,0,54,1203
G36000500071,1980,New York,36,Bronx,005,,,,0071,,,,Tract   71,361,269,5,1,519
G36000500072,1980,New York,36,Bronx,005,,,,0072,,,,Tract   72,2733,313,2,221,1011
G36000500073,1980,New York,36,Bronx,005,,,,0073,,,,Tract   73,848,1095,14,3,1024
G36000500074,1980,New York,36,Bronx,005,,,,0074,,,,Tract   74,606,1168,3,5,580
G36000500075,1980,New York,36,Bronx,005,,,,0075,,,,Tract   75,835,1921,5,7,884
G36000500077,1980,New York,36,Bronx,005,,,,0077,,,,Tract   77,261,301,1,7,383
G36000500078,1980,New York,36,Bronx,005,,,,0078,,,,Tract   78,3573,436,8,169,1325
G36000500079,1980,New York,36,Bronx,005,,,,0079,,,,Tract   79,1939,1609,7,7,2072
G36000500081,1980,New York,36,Bronx,005,,,,0081,,,,Tract   81,0,2,0,0,0
G3600050008199,1980,New York,36,Bronx,005,,,,008199,,,,Tract   81.99,130,26,0,5,1
G36000500083,1980,New York,36,Bronx,005,,,,0083,,,,Tract   83,1372,500,12,7,1990
G36000500084,1980,New York,36,Bronx,005,,,,0084,,,,Tract   84,476,738,4,9,613
G36000500085,1980,New York,36,Bronx,005,,,,0085,,,,Tract   85,1203,1439,19,17,1783
G36000500086,1980,New York,36,Bronx,005,,,,0086,,,,Tract   86,1189,2014,14,14,1635
G36000500087,1980,New York,36,Bronx,005,,,,0087,,,,Tract   87,1014,1072,20,7,1447
G36000500088,1980,New York,36,Bronx,005,,,,0088,,,,Tract   88,1117,1745,1,17,993
G36000500089,1980,New York,36,Bronx,005,,,,0089,,,,Tract   89,749,239,1,6,1351
G36000500091,1980,New York,36,Bronx,005,,,,0091,,,,Tract   91,46,5,0,0,31
G36000500092,1980,New York,36,Bronx,005,,,,0092,,,,Tract   92,3447,68,8,171,492
G36000500094,1980,New York,36,Bronx,005,,,,0094,,,,Tract   94,1163,49,3,17,158
G36000500097,1980,New York,36,Bronx,005,,,,0097,,,,Tract   97,41,39,1,0,48
G36000500098,1980,New York,36,Bronx,005,,,,0098,,,,Tract   98,2160,1253,12,56,1380
G36000500099,1980,New York,36,Bronx,005,,,,0099,,,,Tract   99,1159,1085,2,3,2260
G36000500102,1980,New York,36,Bronx,005,,,,0102,,,,Tract  102,24,12,0,0,7
G36000500105,1980,New York,36,Bronx,005,,,,0105,,,,Tract  105,21,65,0,0,172
G36000500110,1980,New York,36,Bronx,005,,,,0110,,,,Tract  110,184,37,0,0,12
G3600050011501,1980,New York,36,Bronx,005,,,,011501,,,,Tract  115.01,167,475,1,1,397
G3600050011502,1980,New York,36,Bronx,005,,,,011502,,,,Tract  115.02,799,795,3,4,1888
G36000500118,1980,New York,36,Bronx,005,,,,0118,,,,Tract  118,5071,27,1,23,54
G36000500119,1980,New York,36,Bronx,005,,,,0119,,,,Tract  119,931,1251,14,10,1245
G3600050012101,1980,New York,36,Bronx,005,,,,012101,,,,Tract  121.01,506,297,4,6,806
G3600050012102,1980,New York,36,Bronx,005,,,,012102,,,,Tract  121.02,279,143,2,0,374
G36000500123,1980,New York,36,Bronx,005,,,,0123,,,,Tract  123,411,514,6,5,943
G36000500125,1980,New York,36,Bronx,005,,,,0125,,,,Tract  125,472,462,11,0,509
G3600050012701,1980,New York,36,Bronx,005,,,,012701,,,,Tract  127.01,645,209,3,2,604
G3600050012702,1980,New York,36,Bronx,005,,,,012702,,,,Tract  127.02,386,238,5,0,435
G3600050012901,1980,New York,36,Bronx,005,,,,012901,,,,Tract  129.01,486,558,15,5,709
G3600050012902,1980,New York,36,Bronx,005,,,,012902,,,,Tract  129.02,48,33,0,0,124
G36000500130,1980,New York,36,Bronx,005,,,,0130,,,,Tract  130,1229,1,3,13,28
G36000500131,1980,New York,36,Bronx,005,,,,0131,,,,Tract  131,468,1551,8,0,778
G36000500132,1980,New York,36,Bronx,005,,,,0132,,,,Tract  132,4739,32,2,39,115
G36000500133,1980,New York,36,Bronx,005,,,,0133,,,,Tract  133,855,4783,7,7,987
G36000500135,1980,New York,36,Bronx,005,,,,0135,,,,Tract  135,106,2303,1,0,353
G36000500137,1980,New York,36,Bronx,005,,,,0137,,,,Tract  137,60,2151,6,5,58
G36000500138,1980,New York,36,Bronx,005,,,,0138,,,,Tract  138,3401,72,1,1,39
G36000500139,1980,New York,36,Bronx,005,,,,0139,,,,Tract  139,142,571,0,0,126
G36000500141,1980,New York,36,Bronx,005,,,,0141,,,,Tract  141,633,585,2,12,694
G36000500143,1980,New York,36,Bronx,005,,,,0143,,,,Tract  143,189,436,2,1,163
G36000500144,1980,New York,36,Bronx,005,,,,0144,,,,Tract  144,2190,2750,35,18,963
G36000500145,1980,New York,36,Bronx,005,,,,0145,,,,Tract  145,481,4077,5,9,647
G36000500147,1980,New York,36,Bronx,005,,,,0147,,,,Tract  147,1101,9823,22,16,1633
G36000500149,1980,New York,36,Bronx,005,,,,0149,,,,Tract  149,134,2078,9,8,211
G36000500151,1980,New York,36,Bronx,005,,,,0151,,,,Tract  151,20,2088,7,5,137
G36000500153,1980,New York,36,Bronx,005,,,,0153,,,,Tract  153,228,1499,1,8,360
G36000500154,1980,New York,36,Bronx,005,,,,0154,,,,Tract  154,836,3,0,10,10
G36000500155,1980,New York,36,Bronx,005,,,,0155,,,,Tract  155,483,874,4,7,602
G36000500156,1980,New York,36,Bronx,005,,,,0156,,,,Tract  156,1244,1,0,2,25
G36000500157,1980,New York,36,Bronx,005,,,,0157,,,,Tract  157,412,549,3,0,888
G36000500158,1980,New York,36,Bronx,005,,,,0158,,,,Tract  158,865,0,0,1,4
G36000500160,1980,New York,36,Bronx,005,,,,0160,,,,Tract  160,3631,25,1,18,28
G36000500161,1980,New York,36,Bronx,005,,,,0161,,,,Tract  161,265,1541,6,4,638
G36000500162,1980,New York,36,Bronx,005,,,,0162,,,,Tract  162,1447,0,0,0,21
G36000500163,1980,New York,36,Bronx,005,,,,0163,,,,Tract  163,61,6,0,0,30
G36000500164,1980,New York,36,Bronx,005,,,,0164,,,,Tract  164,1055,0,0,0,7
G36000500165,1980,New York,36,Bronx,005,,,,0165,,,,Tract  165,112,464,10,5,247
G36000500166,1980,New York,36,Bronx,005,,,,0166,,,,Tract  166,2006,0,0,8,28
G36000500167,1980,New York,36,Bronx,005,,,,0167,,,,Tract  167,226,619,0,4,214
G36000500169,1980,New York,36,Bronx,005,,,,0169,,,,Tract  169,89,439,0,0,106
G36000500171,1980,New York,36,Bronx,005,,,,0171,,,,Tract  171,0,0,0,0,0
G36000500173,1980,New York,36,Bronx,005,,,,0173,,,,Tract  173,1051,2352,10,25,1454
G36000500175,1980,New York,36,Bronx,005,,,,0175,,,,Tract  175,630,3426,13,21,829
G36000500177,1980,New York,36,Bronx,005,,,,0177,,,,Tract  177,1459,4737,25,34,1340
G36000500179,1980,New York,36,Bronx,005,,,,0179,,,,Tract  179,1188,2558,33,76,1837
G36000500181,1980,New York,36,Bronx,005,,,,0181,,,,Tract  181,1064,4326,24,86,1476
G36000500183,1980,New York,36,Bronx,005,,,,0183,,,,Tract  183,1402,4110,33,111,1378
G36000500184,1980,New York,36,Bronx,005,,,,0184,,,,Tract  184,3874,2,0,7,3
G36000500187,1980,New York,36,Bronx,005,,,,0187,,,,Tract  187,1,1,0,0,0
G36000500189,1980,New York,36,Bronx,005,,,,0189,,,,Tract  189,1342,3411,16,45,1821
G36000500193,1980,New York,36,Bronx,005,,,,0193,,,,Tract  193,508,3107,4,15,867
G36000500194,1980,New York,36,Bronx,005,,,,0194,,,,Tract  194,1483,0,0,6,62
G36000500195,1980,New York,36,Bronx,005,,,,0195,,,,Tract  195,1501,2556,40,67,2018
G36000500196,1980,New York,36,Bronx,005,,,,0196,,,,Tract  196,331,7,0,13,42
G36000500197,1980,New York,36,Bronx,005,,,,0197,,,,Tract  197,1317,1971,20,96,1834
G36000500198,1980,New York,36,Bronx,005,,,,0198,,,,Tract  198,2719,26,6,83,296
G36000500199,1980,New York,36,Bronx,005,,,,0199,,,,Tract  199,794,3159,10,63,1316
G36000500201,1980,New York,36,Bronx,005,,,,0201,,,,Tract  201,492,1669,7,2,463
G36000500202,1980,New York,36,Bronx,005,,,,0202,,,,Tract  202,1518,11,1,23,54
G36000500204,1980,New York,36,Bronx,005,,,,0204,,,,Tract  204,2211,16,0,26,130
G36000500205,1980,New York,36,Bronx,005,,,,0205,,,,Tract  205,1318,6107,15,29,1095
G3600050020601,1980,New York,36,Bronx,005,,,,020601,,,,Tract  206.01,1691,54,2,20,270
G3600050020602,1980,New York,36,Bronx,005,,,,020602,,,,Tract  206.02,703,54,2,17,60
G36000500208,1980,New York,36,Bronx,005,,,,0208,,,,Tract  208,1471,26,2,43,166
G36000500210,1980,New York,36,Bronx,005,,,,0210,,,,Tract  210,7478,5592,30,169,1099
G36000500211,1980,New York,36,Bronx,005,,,,0211,,,,Tract  211,676,1498,10,13,890
G36000500212,1980,New York,36,Bronx,005,,,,0212,,,,Tract  212,2569,1519,0,19,249
G3600050021301,1980,New York,36,Bronx,005,,,,021301,,,,Tract  213.01,218,362,0,0,293
G3600050021302,1980,New York,36,Bronx,005,,,,021302,,,,Tract  213.02,469,1426,15,6,799
G36000500214,1980,New York,36,Bronx,005,,,,0214,,,,Tract  214,455,53,0,16,176
G3600050021501,1980,New York,36,Bronx,005,,,,021501,,,,Tract  215.01,344,544,6,0,427
G3600050021502,1980,New York,36,Bronx,005,,,,021502,,,,Tract  215.02,614,2163,12,7,762
G3600050021601,1980,New York,36,Bronx,005,,,,021601,,,,Tract  216.01,2808,204,4,48,550
G3600050021602,1980,New York,36,Bronx,005,,,,021602,,,,Tract  216.02,2754,1720,3,55,403
G3600050021701,1980,New York,36,Bronx,005,,,,021701,,,,Tract  217.01,551,2840,15,15,968
G3600050021702,1980,New York,36,Bronx,005,,,,021702,,,,Tract  217.02,118,478,1,0,173
G36000500218,1980,New York,36,Bronx,005,,,,0218,,,,Tract  218,3092,847,12,57,1714
G36000500219,1980,New York,36,Bronx,005,,,,0219,,,,Tract  219,403,458,7,19,279
G36000500220,1980,New York,36,Bronx,005,,,,0220,,,,Tract  220,559,128,0,14,580
G36000500221,1980,New York,36,Bronx,005,,,,0221,,,,Tract  221,1565,2544,34,58,2435
G36000500223,1980,New York,36,Bronx,005,,,,0223,,,,Tract  223,1713,2689,26,191,2959
G3600050022401,1980,New York,36,Bronx,005,,,,022401,,,,Tract  224.01,2122,16,0,12,84
G3600050022402,1980,New York,36,Bronx,005,,,,022402,,,,Tract  224.02,5635,65,3,93,339
G36000500225,1980,New York,36,Bronx,005,,,,0225,,,,Tract  225,1148,3684,28,115,1626
G3600050022701,1980,New York,36,Bronx,005,,,,022701,,,,Tract  227.01,666,1956,13,64,942
G3600050022702,1980,New York,36,Bronx,005,,,,022702,,,,Tract  227.02,290,217,6,53,585
G3600050022703,1980,New York,36,Bronx,005,,,,022703,,,,Tract  227.03,311,765,4,132,400
G36000500228,1980,New York,36,Bronx,005,,,,0228,,,,Tract  228,4711,127,3,81,120
G3600050022901,1980,New York,36,Bronx,005,,,,022901,,,,Tract  229.01,825,2425,17,408,1530
G3600050022902,1980,New York,36,Bronx,005,,,,022902,,,,Tract  229.02,576,1256,12,50,782
G36000500230,1980,New York,36,Bronx,005,,,,0230,,,,Tract  230,1767,49,0,80,341
G36000500231,1980,New York,36,Bronx,005,,,,0231,,,,Tract  231,252,625,1,2,550
G36000500232,1980,New York,36,Bronx,005,,,,0232,,,,Tract  232,1981,25,2,40,90
G3600050023301,1980,New York,36,Bronx,005,,,,023301,,,,Tract  233.01,847,1775,20,64,1058
G3600050023302,1980,New York,36,Bronx,005,,,,023302,,,,Tract  233.02,611,845,20,81,1365
G36000500234,1980,New York,36,Bronx,005,,,,0234,,,,Tract  234,1846,4,1,3,21
G3600050023501,1980,New York,36,Bronx,005,,,,023501,,,,Tract  235.01,1114,867,15,39,1282
G3600050023502,1980,New York,36,Bronx,005,,,,023502,,,,Tract  235.02,1403,938,25,101,1317
G36000500236,1980,New York,36,Bronx,005,,,,0236,,,,Tract  236,1238,32,0,22,89
G3600050023701,1980,New York,36,Bronx,005,,,,023701,,,,Tract  237.01,2076,2679,16,66,2753
G3600050023702,1980,New York,36,Bronx,005,,,,023702,,,,Tract  237.02,403,328,5,26,573
G36000500239,1980,New York,36,Bronx,005,,,,0239,,,,Tract  239,1918,2141,19,156,3637
G36000500240,1980,New York,36,Bronx,005,,,,0240,,,,Tract  240,1894,462,7,15,598
G36000500241,1980,New York,36,Bronx,005,,,,0241,,,,Tract  241,1245,2106,42,30,1849
G36000500242,1980,New York,36,Bronx,005,,,,0242,,,,Tract  242,69,0,0,1,1
G36000500243,1980,New York,36,Bronx,005,,,,0243,,,,Tract  243,792,1476,14,22,1030
G36000500244,1980,New York,36,Bronx,005,,,,0244,,,,Tract  244,1973,2,0,2,13
G36000500245,1980,New York,36,Bronx,005,,,,0245,,,,Tract  245,1125,3480,10,23,2349
G36000500246,1980,New York,36,Bronx,005,,,,0246,,,,Tract  246,1884,1,0,29,4
G36000500247,1980,New York,36,Bronx,005,,,,0247,,,,Tract  247,175,1200,3,24,279
G36000500248,1980,New York,36,Bronx,005,,,,0248,,,,Tract  248,3042,29,0,32,11
G36000500249,1980,New York,36,Bronx,005,,,,0249,,,,Tract  249,56,12,0,1,12
G36000500250,1980,New York,36,Bronx,005,,,,0250,,,,Tract  250,2510,5,1,11,12
G36000500251,1980,New York,36,Bronx,005,,,,0251,,,,Tract  251,1149,2670,8,38,1998
G36000500252,1980,New York,36,Bronx,005,,,,0252,,,,Tract  252,2353,50,2,6,11
G36000500253,1980,New York,36,Bronx,005,,,,0253,,,,Tract  253,1885,1735,17,161,1937
G36000500254,1980,New York,36,Bronx,005,,,,0254,,,,Tract  254,2004,1,0,14,11
G36000500255,1980,New York,36,Bronx,005,,,,0255,,,,Tract  255,1925,1876,12,195,1708
G36000500256,1980,New York,36,Bronx,005,,,,0256,,,,Tract  256,1654,38,0,3,22
G36000500257,1980,New York,36,Bronx,005,,,,0257,,,,Tract  257,399,427,1,4,554
G36000500258,1980,New York,36,Bronx,005,,,,0258,,,,Tract  258,354,0,1,1,18
G36000500261,1980,New York,36,Bronx,005,,,,0261,,,,Tract  261,1485,746,3,153,135
G36000500263,1980,New York,36,Bronx,005,,,,0263,,,,Tract  263,3306,1167,16,55,1694
G36000500264,1980,New York,36,Bronx,005,,,,0264,,,,Tract  264,4514,8,2,40,22
G36000500265,1980,New York,36,Bronx,005,,,,0265,,,,Tract  265,2632,632,19,151,1871
G3600050026601,1980,New York,36,Bronx,005,,,,026601,,,,Tract  266.01,3085,32,0,39,29
G3600050026602,1980,New York,36,Bronx,005,,,,026602,,,,Tract  266.02,5083,212,2,18,122
G36000500267,1980,New York,36,Bronx,005,,,,0267,,,,Tract  267,5311,984,15,311,1919
G36000500269,1980,New York,36,Bronx,005,,,,0269,,,,Tract  269,1848,804,8,44,902
G3600050027101,1980,New York,36,Bronx,005,,,,027101,,,,Tract  271.01,762,1126,6,3,516
G3600050027102,1980,New York,36,Bronx,005,,,,027102,,,,Tract  271.02,0,0,0,0,0
G36000500273,1980,New York,36,Bronx,005,,,,0273,,,,Tract  273,3186,2043,11,91,1792
G36000500274,1980,New York,36,Bronx,005,,,,0274,,,,Tract  274,8460,11,1,12,36
G36000500276,1980,New York,36,Bronx,005,,,,0276,,,,Tract  276,0,0,0,0,0
G36000500277,1980,New York,36,Bronx,005,,,,0277,,,,Tract  277,3384,418,5,74,582
G36000500279,1980,New York,36,Bronx,005,,,,0279,,,,Tract  279,5443,408,4,272,508
G36000500281,1980,New York,36,Bronx,005,,,,0281,,,,Tract  281,3624,111,4,54,117
G36000500283,1980,New York,36,Bronx,005,,,,0283,,,,Tract  283,658,30,0,1,156
G36000500284,1980,New York,36,Bronx,005,,,,0284,,,,Tract  284,536,309,0,11,142
G36000500285,1980,New York,36,Bronx,005,,,,0285,,,,Tract  285,2469,99,2,80,108
G36000500286,1980,New York,36,Bronx,005,,,,0286,,,,Tract  286,1177,2,0,26,8
G36000500287,1980,New York,36,Bronx,005,,,,0287,,,,Tract  287,2579,127,1,94,219
G36000500288,1980,New York,36,Bronx,005,,,,0288,,,,Tract  288,2871,10,2,56,23
G36000500289,1980,New York,36,Bronx,005,,,,0289,,,,Tract  289,3349,150,3,55,276
G36000500293,1980,New York,36,Bronx,005,,,,0293,,,,Tract  293,7317,450,4,668,278
G36000500295,1980,New York,36,Bronx,005,,,,0295,,,,Tract  295,3946,112,0,105,103
G36000500296,1980,New York,36,Bronx,005,,,,0296,,,,Tract  296,1995,345,6,302,110
G36000500297,1980,New York,36,Bronx,005,,,,0297,,,,Tract  297,3651,83,6,97,31
G36000500300,1980,New York,36,Bronx,005,,,,0300,,,,Tract  300,5674,32,0,88,64
G36000500301,1980,New York,36,Bronx,005,,,,0301,,,,Tract  301,1258,28,0,40,7
G36000500302,1980,New York,36,Bronx,005,,,,0302,,,,Tract  302,6003,3804,15,92,368
G36000500307,1980,New York,36,Bronx,005,,,,0307,,,,Tract  307,8341,192,1,608,107
G36000500310,1980,New York,36,Bronx,005,,,,0310,,,,Tract  310,3254,205,0,32,15
G36000500312,1980,New York,36,Bronx,005,,,,0312,,,,Tract  312,1453,4,0,16,10
G36000500314,1980,New York,36,Bronx,005,,,,0314,,,,Tract  314,1657,40,0,31,19
G36000500316,1980,New York,36,Bronx,005,,,,0316,,,,Tract  316,1509,0,0,17,20
G36000500317,1980,New York,36,Bronx,005,,,,0317,,,,Tract  317,805,2,0,0,1
G36000500318,1980,New York,36,Bronx,005,,,,0318,,,,Tract  318,1476,16,0,14,14
G36000500319,1980,New York,36,Bronx,005,,,,0319,,,,Tract  319,501,14,1,2,16
G36000500320,1980,New York,36,Bronx,005,,,,0320,,,,Tract  320,1647,0,0,14,34
G36000500322,1980,New York,36,Bronx,005,,,,0322,,,,Tract  322,1094,56,0,20,8
G36000500323,1980,New York,36,Bronx,005,,,,0323,,,,Tract  323,4936,552,10,294,123
G36000500324,1980,New York,36,Bronx,005,,,,0324,,,,Tract  324,2398,310,1,34,101
G36000500328,1980,New York,36,Bronx,005,,,,0328,,,,Tract  328,3063,231,0,63,143
G36000500329,1980,New York,36,Bronx,005,,,,0329,,,,Tract  329,1876,44,0,29,36
G36000500330,1980,New York,36,Bronx,005,,,,0330,,,,Tract  330,3776,168,7,72,153
G36000500332,1980,New York,36,Bronx,005,,,,0332,,,,Tract  332,5966,448,1,75,434
G36000500333,1980,New York,36,Bronx,005,,,,0333,,,,Tract  333,366,14,0,13,23
G36000500334,1980,New York,36,Bronx,005,,,,0334,,,,Tract  334,2,2,0,0,0
G36000500336,1980,New York,36,Bronx,005,,,,0336,,,,Tract  336,2718,1798,16,44,716
G36000500338,1980,New York,36,Bronx,005,,,,0338,,,,Tract  338,2246,506,8,23,421
G36000500339,1980,New York,36,Bronx,005,,,,0339,,,,Tract  339,1015,13,0,63,29
G36000500340,1980,New York,36,Bronx,005,,,,0340,,,,Tract  340,3057,277,12,120,354
G36000500341,1980,New York,36,Bronx,005,,,,0341,,,,Tract  341,1464,9,0,33,10
G36000500342,1980,New York,36,Bronx,005,,,,0342,,,,Tract  342,927,227,3,2,77
G36000500343,1980,New York,36,Bronx,005,,,,0343,,,,Tract  343,1434,77,2,72,42
G36000500344,1980,New York,36,Bronx,005,,,,0344,,,,Tract  344,888,428,0,15,91
G36000500345,1980,New York,36,Bronx,005,,,,0345,,,,Tract  345,3022,200,5,146,170
G36000500346,1980,New York,36,Bronx,005,,,,0346,,,,Tract  346,2339,1975,15,38,702
G36000500350,1980,New York,36,Bronx,005,,,,0350,,,,Tract  350,1041,436,2,12,138
G36000500351,1980,New York,36,Bronx,005,,,,0351,,,,Tract  351,2714,197,3,111,115
G36000500352,1980,New York,36,Bronx,005,,,,0352,,,,Tract  352,1345,123,3,14,104
G36000500354,1980,New York,36,Bronx,005,,,,0354,,,,Tract  354,711,36,0,3,34
G36000500356,1980,New York,36,Bronx,005,,,,0356,,,,Tract  356,532,1097,6,13,109
G36000500358,1980,New York,36,Bronx,005,,,,0358,,,,Tract  358,1265,4494,35,38,325
G36000500359,1980,New York,36,Bronx,005,,,,0359,,,,Tract  359,384,253,8,1,492
G36000500361,1980,New York,36,Bronx,005,,,,0361,,,,Tract  361,1118,2976,15,11,1490
G36000500363,1980,New York,36,Bronx,005,,,,0363,,,,Tract  363,1129,1511,17,6,2314
G36000500364,1980,New York,36,Bronx,005,,,,0364,,,,Tract  364,356,1872,3,6,104
G3600050036501,1980,New York,36,Bronx,005,,,,036501,,,,Tract  365.01,360,1638,2,3,673
G3600050036502,1980,New York,36,Bronx,005,,,,036502,,,,Tract  365.02,475,702,5,2,511
G36000500366,1980,New York,36,Bronx,005,,,,0366,,,,Tract  366,125,551,0,8,31
G36000500367,1980,New York,36,Bronx,005,,,,0367,,,,Tract  367,333,1026,10,0,612
G36000500368,1980,New York,36,Bronx,005,,,,0368,,,,Tract  368,451,945,0,8,85
G3600050036901,1980,New York,36,Bronx,005,,,,036901,,,,Tract  369.01,395,523,4,0,425
G3600050036902,1980,New York,36,Bronx,005,,,,036902,,,,Tract  369.02,319,973,9,0,337
G36000500370,1980,New York,36,Bronx,005,,,,0370,,,,Tract  370,883,964,6,20,182
G36000500371,1980,New York,36,Bronx,005,,,,0371,,,,Tract  371,841,1600,14,12,1075
G36000500372,1980,New York,36,Bronx,005,,,,0372,,,,Tract  372,936,487,0,13,204
G36000500373,1980,New York,36,Bronx,005,,,,0373,,,,Tract  373,1291,1789,6,2,1288
G36000500374,1980,New York,36,Bronx,005,,,,0374,,,,Tract  374,1335,1493,12,32,501
G3600050037501,1980,New York,36,Bronx,005,,,,037501,,,,Tract  375.01,130,141,0,0,207
G3600050037502,1980,New York,36,Bronx,005,,,,037502,,,,Tract  375.02,161,389,4,14,212
G3600050037503,1980,New York,36,Bronx,005,,,,037503,,,,Tract  375.03,430,633,2,56,540
G36000500376,1980,New York,36,Bronx,005,,,,0376,,,,Tract  376,878,770,0,30,245
G36000500377,1980,New York,36,Bronx,005,,,,0377,,,,Tract  377,575,1409,4,18,662
G36000500378,1980,New York,36,Bronx,005,,,,0378,,,,Tract  378,1228,922,0,20,213
G36000500379,1980,New York,36,Bronx,005,,,,0379,,,,Tract  379,892,2954,13,0,1019
G36000500380,1980,New York,36,Bronx,005,,,,0380,,,,Tract  380,928,2778,14,20,265
G36000500381,1980,New York,36,Bronx,005,,,,0381,,,,Tract  381,1542,1793,5,82,1965
G36000500382,1980,New York,36,Bronx,005,,,,0382,,,,Tract  382,407,1572,9,11,127
G36000500383,1980,New York,36,Bronx,005,,,,0383,,,,Tract  383,2129,3672,27,92,3176
G36000500385,1980,New York,36,Bronx,005,,,,0385,,,,Tract  385,1291,955,8,22,1079
G36000500386,1980,New York,36,Bronx,005,,,,0386,,,,Tract  386,1324,4182,8,29,365
G36000500387,1980,New York,36,Bronx,005,,,,0387,,,,Tract  387,1681,662,5,14,765
G36000500388,1980,New York,36,Bronx,005,,,,0388,,,,Tract  388,125,1822,0,10,77
G36000500389,1980,New York,36,Bronx,005,,,,0389,,,,Tract  389,2854,121,1,30,598
G36000500390,1980,New York,36,Bronx,005,,,,0390,,,,Tract  390,472,1746,2,3,114
G36000500391,1980,New York,36,Bronx,005,,,,0391,,,,Tract  391,4333,425,0,13,937
G36000500392,1980,New York,36,Bronx,005,,,,0392,,,,Tract  392,481,637,1,12,153
G36000500393,1980,New York,36,Bronx,005,,,,0393,,,,Tract  393,3481,2109,12,47,1720
G36000500394,1980,New York,36,Bronx,005,,,,0394,,,,Tract  394,1737,1664,11,36,534
G36000500396,1980,New York,36,Bronx,005,,,,0396,,,,Tract  396,389,2455,18,5,156
G36000500397,1980,New York,36,Bronx,005,,,,0397,,,,Tract  397,2038,158,9,36,552
G36000500398,1980,New York,36,Bronx,005,,,,0398,,,,Tract  398,134,2407,4,11,100
G3600050039901,1980,New York,36,Bronx,005,,,,039901,,,,Tract  399.01,2232,798,8,61,1456
G3600050039902,1980,New York,36,Bronx,005,,,,039902,,,,Tract  399.02,1167,1362,24,188,1423
G36000500401,1980,New York,36,Bronx,005,,,,0401,,,,Tract  401,2302,420,17,164,887
G3600050040301,1980,New York,36,Bronx,005,,,,040301,,,,Tract  403.01,4669,603,11,94,1615
G3600050040302,1980,New York,36,Bronx,005,,,,040302,,,,Tract  403.02,1967,318,11,104,1173
G36000500404,1980,New York,36,Bronx,005,,,,0404,,,,Tract  404,185,2017,15,17,91
G36000500405,1980,New York,36,Bronx,005,,,,0405,,,,Tract  405,4589,1855,15,235,2703
G36000500406,1980,New York,36,Bronx,005,,,,0406,,,,Tract  406,614,2284,7,13,152
G3600050040701,1980,New York,36,Bronx,005,,,,040701,,,,Tract  407.01,1725,270,5,50,605
G3600050040702,1980,New York,36,Bronx,005,,,,040702,,,,Tract  407.02,3625,540,8,197,848
G36000500408,1980,New York,36,Bronx,005,,,,0408,,,,Tract  408,1467,1159,16,171,461
G36000500409,1980,New York,36,Bronx,005,,,,0409,,,,Tract  409,1344,1795,9,22,173
G36000500410,1980,New York,36,Bronx,005,,,,0410,,,,Tract  410,9,6,0,0,0
G36000500411,1980,New York,36,Bronx,005,,,,0411,,,,Tract  411,2107,26,1,17,158
G36000500413,1980,New York,36,Bronx,005,,,,0413,,,,Tract  413,5437,112,2,105,524
G36000500414,1980,New York,36,Bronx,005,,,,0414,,,,Tract  414,3043,534,2,47,371
G36000500415,1980,New York,36,Bronx,005,,,,0415,,,,Tract  415,4144,161,2,150,421
G36000500418,1980,New York,36,Bronx,005,,,,0418,,,,Tract  418,2304,156,0,52,209
G36000500419,1980,New York,36,Bronx,005,,,,0419,,,,Tract  419,4717,252,10,167,545
G36000500420,1980,New York,36,Bronx,005,,,,0420,,,,Tract  420,1875,652,2,47,275
G36000500421,1980,New York,36,Bronx,005,,,,0421,,,,Tract  421,3481,573,9,312,871
G36000500422,1980,New York,36,Bronx,005,,,,0422,,,,Tract  422,1190,1012,3,30,155
G36000500423,1980,New York,36,Bronx,005,,,,0423,,,,Tract  423,2609,147,6,80,220
G36000500424,1980,New York,36,Bronx,005,,,,0424,,,,Tract  424,567,1336,5,10,131
G36000500425,1980,New York,36,Bronx,005,,,,0425,,,,Tract  425,4469,135,4,104,361
G36000500426,1980,New York,36,Bronx,005,,,,0426,,,,Tract  426,1403,3850,10,36,310
G36000500428,1980,New York,36,Bronx,005,,,,0428,,,,Tract  428,873,811,2,31,104
G3600050042901,1980,New York,36,Bronx,005,,,,042901,,,,Tract  429.01,2200,87,1,18,325
G3600050042902,1980,New York,36,Bronx,005,,,,042902,,,,Tract  429.02,2497,327,2,37,337
G36000500430,1980,New York,36,Bronx,005,,,,0430,,,,Tract  430,1348,1152,1,10,174
G36000500431,1980,New York,36,Bronx,005,,,,0431,,,,Tract  431,4775,1573,8,379,1785
G36000500432,1980,New York,36,Bronx,005,,,,0432,,,,Tract  432,1671,300,1,25,105
G36000500435,1980,New York,36,Bronx,005,,,,0435,,,,Tract  435,0,0,0,0,0
G36000500436,1980,New York,36,Bronx,005,,,,0436,,,,Tract  436,1160,432,12,26,90
G36000500438,1980,New York,36,Bronx,005,,,,0438,,,,Tract  438,1343,967,6,25,192
G36000500440,1980,New York,36,Bronx,005,,,,0440,,,,Tract  440,534,151,0,19,101
G36000500442,1980,New York,36,Bronx,005,,,,0442,,,,Tract  442,1584,1229,11,72,225
G36000500446,1980,New York,36,Bronx,005,,,,0446,,,,Tract  446,355,435,5,7,45
G36000500448,1980,New York,36,Bronx,005,,,,0448,,,,Tract  448,651,889,0,1,130
G3600050044901,1980,New York,36,Bronx,005,,,,044901,,,,Tract  449.01,2094,31,0,8,19
G3600050044902,1980,New York,36,Bronx,005,,,,044902,,,,Tract  449.02,2239,5,4,0,6
G3600050045101,1980,New York,36,Bronx,005,,,,045101,,,,Tract  451.01,1906,12,0,3,7
G3600050045102,1980,New York,36,Bronx,005,,,,045102,,,,Tract  451.02,2351,14,0,5,3
G36000500454,1980,New York,36,Bronx,005,,,,0454,,,,Tract  454,917,586,0,5,167
G36000500458,1980,New York,36,Bronx,005,,,,0458,,,,Tract  458,906,4962,29,10,972
G36000500460,1980,New York,36,Bronx,005,,,,0460,,,,Tract  460,679,1416,9,4,195
G3600050046201,1980,New York,36,Bronx,005,,,,046201,,,,Tract  462.01,18057,7225,25,252,895
G3600050046202,1980,New York,36,Bronx,005,,,,046202,,,,Tract  462.02,1728,3278,33,25,499
G36000500484,1980,New York,36,Bronx,005,,,,0484,,,,Tract  484,704,978,1,11,173
G36000500502,1980,New York,36,Bronx,005,,,,0502,,,,Tract  502,748,4,0,0,4
G36000500504,1980,New York,36,Bronx,005,,,,0504,,,,Tract  504,2,0,0,0,0
G36000500516,1980,New York,36,Bronx,005,,,,0516,,,,Tract  516,4090,23,1,20,29
G36000700001,1980,New York,36,Broome,007,,,,0001,,,,Tract    1,3458,37,8,15,22
G36000700002,1980,New York,36,Broome,007,,,,0002,,,,Tract    2,3465,55,7,15,18
G36000700003,1980,New York,36,Broome,007,,,,0003,,,,Tract    3,3402,241,13,16,67
G36000700004,1980,New York,36,Broome,007,,,,0004,,,,Tract    4,2709,62,4,5,4
G36000700005,1980,New York,36,Broome,007,,,,0005,,,,Tract    5,2348,164,8,20,31
G36000700006,1980,New York,36,Broome,007,,,,0006,,,,Tract    6,2615,88,3,1,22
G36000700007,1980,New York,36,Broome,007,,,,0007,,,,Tract    7,3882,47,4,8,11
G36000700008,1980,New York,36,Broome,007,,,,0008,,,,Tract    8,908,32,1,44,8
G36000700009,1980,New York,36,Broome,007,,,,0009,,,,Tract    9,1821,59,4,6,18
G36000700010,1980,New York,36,Broome,007,,,,0010,,,,Tract   10,886,42,3,1,16
G36000700011,1980,New York,36,Broome,007,,,,0011,,,,Tract   11,870,283,0,2,17
G36000700012,1980,New York,36,Broome,007,,,,0012,,,,Tract   12,988,51,2,1,5
G36000700013,1980,New York,36,Broome,007,,,,0013,,,,Tract   13,2943,138,5,14,38
G36000700014,1980,New York,36,Broome,007,,,,0014,,,,Tract   14,5342,92,4,22,25
G36000700015,1980,New York,36,Broome,007,,,,0015,,,,Tract   15,5503,14,5,15,17
G36000700016,1980,New York,36,Broome,007,,,,0016,,,,Tract   16,2844,58,1,27,13
G36000700017,1980,New York,36,Broome,007,,,,0017,,,,Tract   17,4769,149,6,22,23
G36000700018,1980,New York,36,Broome,007,,,,0018,,,,Tract   18,4520,202,15,15,76
G3600070011901,1980,New York,36,Broome,007,,,,011901,,,,Tract  119.01,2591,1,14,9,3
G3600070011902,1980,New York,36,Broome,007,,,,011902,,,,Tract  119.02,2223,4,6,2,9
G3600070011903,1980,New York,36,Broome,007,,,,011903,,,,Tract  119.03,2026,1,7,2,3
G3600070012001,1980,New York,36,Broome,007,,,,012001,,,,Tract  120.01,1423,1,0,1,0
G3600070012002,1980,New York,36,Broome,007,,,,012002,,,,Tract  120.02,5233,20,1,5,3
G3600070012101,1980,New York,36,Broome,007,,,,012101,,,,Tract  121.01,4106,8,6,1,5
G3600070012102,1980,New York,36,Broome,007,,,,012102,,,,Tract  121.02,4116,9,1,5,2
G3600070012103,1980,New York,36,Broome,007,,,,012103,,,,Tract  121.03,3938,13,3,16,4
G3600070012201,1980,New York,36,Broome,007,,,,012201,,,,Tract  122.01,3012,14,3,2,5
G3600070012202,1980,New York,36,Broome,007,,,,012202,,,,Tract  122.02,4343,10,9,0,2
G36000700123,1980,New York,36,Broome,007,,,,0123,,,,Tract  123,4908,22,13,12,10
G36000700124,1980,New York,36,Broome,007,,,,0124,,,,Tract  124,2627,0,1,2,5
G36000700125,1980,New York,36,Broome,007,,,,0125,,,,Tract  125,5877,9,10,11,4
G36000700126,1980,New York,36,Broome,007,,,,0126,,,,Tract  126,5796,25,2,9,2
G3600070012701,1980,New York,36,Broome,007,,,,012701,,,,Tract  127.01,6128,25,7,32,12
G3600070012702,1980,New York,36,Broome,007,,,,012702,,,,Tract  127.02,4909,43,3,45,7
G36000700128,1980,New York,36,Broome,007,,,,0128,,,,Tract  128,5526,45,7,10,6
G36000700129,1980,New York,36,Broome,007,,,,0129,,,,Tract  129,1186,3,1,8,0
G36000700130,1980,New York,36,Broome,007,,,,0130,,,,Tract  130,4998,27,4,38,21
G36000700131,1980,New York,36,Broome,007,,,,0131,,,,Tract  131,3001,53,1,26,26
G3600070013201,1980,New York,36,Broome,007,,,,013201,,,,Tract  132.01,2821,18,2,9,1
G3600070013202,1980,New York,36,Broome,007,,,,013202,,,,Tract  132.02,3621,40,1,54,9
G3600070013301,1980,New York,36,Broome,007,,,,013301,,,,Tract  133.01,5369,51,3,71,11
G3600070013302,1980,New York,36,Broome,007,,,,013302,,,,Tract  133.02,7871,137,6,83,25
G36000700134,1980,New York,36,Broome,007,,,,0134,,,,Tract  134,5018,54,2,43,29
G36000700135,1980,New York,36,Broome,007,,,,0135,,,,Tract  135,2048,32,4,35,24
G36000700136,1980,New York,36,Broome,007,,,,0136,,,,Tract  136,3826,40,2,17,27
G36000700137,1980,New York,36,Broome,007,,,,0137,,,,Tract  137,3163,51,10,24,8
G36000700138,1980,New York,36,Broome,007,,,,0138,,,,Tract  138,3891,4,0,8,6
G36000700139,1980,New York,36,Broome,007,,,,0139,,,,Tract  139,2971,47,8,23,57
G36000700140,1980,New York,36,Broome,007,,,,0140,,,,Tract  140,3340,27,4,16,46
G36000700141,1980,New York,36,Broome,007,,,,0141,,,,Tract  141,4010,5,1,8,24
G36000700142,1980,New York,36,Broome,007,,,,0142,,,,Tract  142,2591,13,0,19,7
G36000700143,1980,New York,36,Broome,007,,,,0143,,,,Tract  143,11285,340,8,421,167
G36000700144,1980,New York,36,Broome,007,,,,0144,,,,Tract  144,5857,42,4,50,10
G36000700145,1980,New York,36,Broome,007,,,,0145,,,,Tract  145,3803,26,4,12,12
G36000700146,1980,New York,36,Broome,007,,,,0146,,,,Tract  146,5066,57,1,61,12
G36000909901,1980,New York,36,Cattaraugus,009,,,,9901,,,,Tract 9901,6190,15,18,6,4
G36000909902,1980,New York,36,Cattaraugus,009,,,,9902,,,,Tract 9902,4823,17,9,7,1
G36000909903,1980,New York,36,Cattaraugus,009,,,,9903,,,,Tract 9903,4553,46,7,2,11
G36000909904,1980,New York,36,Cattaraugus,009,,,,9904,,,,Tract 9904,4871,12,19,8,3
G36000909905,1980,New York,36,Cattaraugus,009,,,,9905,,,,Tract 9905,5045,21,461,5,6
G36000909906,1980,New York,36,Cattaraugus,009,,,,9906,,,,Tract 9906,4545,1,7,0,4
G36000909907,1980,New York,36,Cattaraugus,009,,,,9907,,,,Tract 9907,4498,6,18,4,5
G36000909908,1980,New York,36,Cattaraugus,009,,,,9908,,,,Tract 9908,3506,2,65,3,2
G36000909909,1980,New York,36,Cattaraugus,009,,,,9909,,,,Tract 9909,2226,26,40,5,15
G36000909910,1980,New York,36,Cattaraugus,009,,,,9910,,,,Tract 9910,1370,2,49,1,0
G36000909911,1980,New York,36,Cattaraugus,009,,,,9911,,,,Tract 9911,1865,1,90,6,6
G36000909912,1980,New York,36,Cattaraugus,009,,,,9912,,,,Tract 9912,1160,3,28,0,0
G36000909913,1980,New York,36,Cattaraugus,009,,,,9913,,,,Tract 9913,681,0,429,0,0
G36000909914,1980,New York,36,Cattaraugus,009,,,,9914,,,,Tract 9914,424,0,210,0,1
G36000909915,1980,New York,36,Cattaraugus,009,,,,9915,,,,Tract 9915,809,8,17,0,8
G36000909916,1980,New York,36,Cattaraugus,009,,,,9916,,,,Tract 9916,4773,15,99,22,4
G36000909917,1980,New York,36,Cattaraugus,009,,,,9917,,,,Tract 9917,7349,47,26,35,24
G36000909918,1980,New York,36,Cattaraugus,009,,,,9918,,,,Tract 9918,6704,125,26,38,10
G36000909919,1980,New York,36,Cattaraugus,009,,,,9919,,,,Tract 9919,10412,198,18,37,17
G36000909920,1980,New York,36,Cattaraugus,009,,,,9920,,,,Tract 9920,7290,70,13,29,10
G36001109901,1980,New York,36,Cayuga,011,,,,9901,,,,Tract 9901,9203,939,29,19,304
G36001109902,1980,New York,36,Cayuga,011,,,,9902,,,,Tract 9902,3526,18,14,5,8
G36001109903,1980,New York,36,Cayuga,011,,,,9903,,,,Tract 9903,1313,2,5,2,0
G36001109904,1980,New York,36,Cayuga,011,,,,9904,,,,Tract 9904,2214,4,5,1,11
G36001109905,1980,New York,36,Cayuga,011,,,,9905,,,,Tract 9905,3873,23,1,0,8
G36001109906,1980,New York,36,Cayuga,011,,,,9906,,,,Tract 9906,6435,27,22,1,16
G36001109907,1980,New York,36,Cayuga,011,,,,9907,,,,Tract 9907,5059,61,6,18,19
G36001109908,1980,New York,36,Cayuga,011,,,,9908,,,,Tract 9908,5969,13,4,29,6
G36001109909,1980,New York,36,Cayuga,011,,,,9909,,,,Tract 9909,7266,99,2,17,14
G36001109911,1980,New York,36,Cayuga,011,,,,9911,,,,Tract 9911,4540,622,18,3,17
G36001109912,1980,New York,36,Cayuga,011,,,,9912,,,,Tract 9912,5539,20,14,27,16
G36001109913,1980,New York,36,Cayuga,011,,,,9913,,,,Tract 9913,6716,57,11,20,6
G36001109914,1980,New York,36,Cayuga,011,,,,9914,,,,Tract 9914,2873,23,2,12,9
G36001109915,1980,New York,36,Cayuga,011,,,,9915,,,,Tract 9915,1746,7,2,5,5
G36001109916,1980,New York,36,Cayuga,011,,,,9916,,,,Tract 9916,3087,0,3,12,15
G36001109917,1980,New York,36,Cayuga,011,,,,9917,,,,Tract 9917,4236,22,2,8,10
G36001109918,1980,New York,36,Cayuga,011,,,,9918,,,,Tract 9918,1808,4,2,3,0
G36001109919,1980,New York,36,Cayuga,011,,,,9919,,,,Tract 9919,1754,0,5,3,0
G36001300301,1980,New York,36,Chautauqua,013,,,,0301,,,,Tract  301,4256,42,10,19,50
G36001300302,1980,New York,36,Chautauqua,013,,,,0302,,,,Tract  302,4717,84,7,19,19
G36001300303,1980,New York,36,Chautauqua,013,,,,0303,,,,Tract  303,2391,584,42,5,38
G36001300304,1980,New York,36,Chautauqua,013,,,,0304,,,,Tract  304,4670,13,3,9,9
G36001300305,1980,New York,36,Chautauqua,013,,,,0305,,,,Tract  305,3959,53,14,10,83
G36001300306,1980,New York,36,Chautauqua,013,,,,0306,,,,Tract  306,4399,18,11,7,41
G36001300307,1980,New York,36,Chautauqua,013,,,,0307,,,,Tract  307,5151,28,7,9,13
G36001300308,1980,New York,36,Chautauqua,013,,,,0308,,,,Tract  308,4918,19,7,23,18
G36001300351,1980,New York,36,Chautauqua,013,,,,0351,,,,Tract  351,4850,72,41,7,29
G36001300352,1980,New York,36,Chautauqua,013,,,,0352,,,,Tract  352,2838,17,29,5,2
G36001300353,1980,New York,36,Chautauqua,013,,,,0353,,,,Tract  353,2628,17,8,2,4
G36001300354,1980,New York,36,Chautauqua,013,,,,0354,,,,Tract  354,3195,179,15,11,139
G36001300355,1980,New York,36,Chautauqua,013,,,,0355,,,,Tract  355,3164,180,10,12,349
G36001300356,1980,New York,36,Chautauqua,013,,,,0356,,,,Tract  356,4012,110,2,6,205
G36001300357,1980,New York,36,Chautauqua,013,,,,0357,,,,Tract  357,3531,49,4,20,117
G36001300358,1980,New York,36,Chautauqua,013,,,,0358,,,,Tract  358,4193,21,7,20,29
G36001300359,1980,New York,36,Chautauqua,013,,,,0359,,,,Tract  359,6577,168,5,45,61
G36001300360,1980,New York,36,Chautauqua,013,,,,0360,,,,Tract  360,5315,82,6,14,33
G36001300361,1980,New York,36,Chautauqua,013,,,,0361,,,,Tract  361,4711,19,14,13,5
G36001300362,1980,New York,36,Chautauqua,013,,,,0362,,,,Tract  362,4333,5,5,4,6
G36001300363,1980,New York,36,Chautauqua,013,,,,0363,,,,Tract  363,4367,23,12,9,22
G36001300364,1980,New York,36,Chautauqua,013,,,,0364,,,,Tract  364,4693,4,4,13,14
G36001300365,1980,New York,36,Chautauqua,013,,,,0365,,,,Tract  365,4996,17,2,11,28
G36001300366,1980,New York,36,Chautauqua,013,,,,0366,,,,Tract  366,4450,3,6,6,9
G36001300367,1980,New York,36,Chautauqua,013,,,,0367,,,,Tract  367,3847,1,3,1,0
G36001300368,1980,New York,36,Chautauqua,013,,,,0368,,,,Tract  368,4360,0,13,5,6
G36001300369,1980,New York,36,Chautauqua,013,,,,0369,,,,Tract  369,4583,16,11,3,4
G36001300370,1980,New York,36,Chautauqua,013,,,,0370,,,,Tract  370,4752,14,7,9,5
G36001300371,1980,New York,36,Chautauqua,013,,,,0371,,,,Tract  371,3888,25,2,25,1
G36001300372,1980,New York,36,Chautauqua,013,,,,0372,,,,Tract  372,5213,19,10,13,14
G36001300373,1980,New York,36,Chautauqua,013,,,,0373,,,,Tract  373,4674,14,5,8,9
G36001300374,1980,New York,36,Chautauqua,013,,,,0374,,,,Tract  374,4308,1,14,5,1
G36001300375,1980,New York,36,Chautauqua,013,,,,0375,,,,Tract  375,4989,4,21,6,2
G36001500001,1980,New York,36,Chemung,015,,,,0001,,,,Tract    1,2971,645,5,13,22
G36001500002,1980,New York,36,Chemung,015,,,,0002,,,,Tract    2,3318,208,6,27,14
G36001500003,1980,New York,36,Chemung,015,,,,0003,,,,Tract    3,487,769,22,6,231
G36001500004,1980,New York,36,Chemung,015,,,,0004,,,,Tract    4,2850,97,3,8,3
G36001500005,1980,New York,36,Chemung,015,,,,0005,,,,Tract    5,3430,106,0,17,18
G36001500006,1980,New York,36,Chemung,015,,,,0006,,,,Tract    6,4010,219,5,28,23
G36001500007,1980,New York,36,Chemung,015,,,,0007,,,,Tract    7,631,91,4,2,7
G36001500008,1980,New York,36,Chemung,015,,,,0008,,,,Tract    8,1709,921,11,7,33
G36001500009,1980,New York,36,Chemung,015,,,,0009,,,,Tract    9,4264,155,5,9,11
G36001500010,1980,New York,36,Chemung,015,,,,0010,,,,Tract   10,3484,186,6,5,18
G36001500011,1980,New York,36,Chemung,015,,,,0011,,,,Tract   11,4072,105,13,1,16
G36001500101,1980,New York,36,Chemung,015,,,,0101,,,,Tract  101,3510,21,13,8,4
G36001500102,1980,New York,36,Chemung,015,,,,0102,,,,Tract  102,6314,24,13,4,15
G36001500103,1980,New York,36,Chemung,015,,,,0103,,,,Tract  103,7484,42,5,98,20
G36001500104,1980,New York,36,Chemung,015,,,,0104,,,,Tract  104,3923,54,1,12,7
G36001500105,1980,New York,36,Chemung,015,,,,0105,,,,Tract  105,3304,27,2,10,8
G36001500106,1980,New York,36,Chemung,015,,,,0106,,,,Tract  106,2840,24,3,10,22
G36001500107,1980,New York,36,Chemung,015,,,,0107,,,,Tract  107,6617,50,5,37,12
G36001500108,1980,New York,36,Chemung,015,,,,0108,,,,Tract  108,4208,35,1,13,22
G36001500109,1980,New York,36,Chemung,015,,,,0109,,,,Tract  109,6499,67,6,43,11
G36001500110,1980,New York,36,Chemung,015,,,,0110,,,,Tract  110,3300,11,8,7,2
G36001500111,1980,New York,36,Chemung,015,,,,0111,,,,Tract  111,8226,68,6,23,6
G36001500112,1980,New York,36,Chemung,015,,,,0112,,,,Tract  112,5185,14,6,9,10
G36001709901,1980,New York,36,Chenango,017,,,,9901,,,,Tract 9901,5747,11,14,4,4
G36001709902,1980,New York,36,Chenango,017,,,,9902,,,,Tract 9902,4108,47,11,4,19
G36001709903,1980,New York,36,Chenango,017,,,,9903,,,,Tract 9903,4077,35,3,21,5
G36001709904,1980,New York,36,Chenango,017,,,,9904,,,,Tract 9904,3843,36,2,51,9
G36001709905,1980,New York,36,Chenango,017,,,,9905,,,,Tract 9905,5753,22,5,17,5
G36001709906,1980,New York,36,Chenango,017,,,,9906,,,,Tract 9906,7618,41,13,17,21
G36001709907,1980,New York,36,Chenango,017,,,,9907,,,,Tract 9907,2353,15,2,3,3
G36001709908,1980,New York,36,Chenango,017,,,,9908,,,,Tract 9908,7244,9,8,13,4
G36001709909,1980,New York,36,Chenango,017,,,,9909,,,,Tract 9909,8076,19,8,9,15
G36001909901,1980,New York,36,Clinton,019,,,,9901,,,,Tract 9901,4945,10,0,23,7
G36001909902,1980,New York,36,Clinton,019,,,,9902,,,,Tract 9902,4098,0,12,6,4
G36001909903,1980,New York,36,Clinton,019,,,,9903,,,,Tract 9903,3249,3,6,5,4
G36001909904,1980,New York,36,Clinton,019,,,,9904,,,,Tract 9904,6982,1117,68,14,440
G36001909905,1980,New York,36,Clinton,019,,,,9905,,,,Tract 9905,4371,11,4,4,4
G36001909906,1980,New York,36,Clinton,019,,,,9906,,,,Tract 9906,2938,0,1,0,1
G36001909907,1980,New York,36,Clinton,019,,,,9907,,,,Tract 9907,8380,52,6,27,24
G36001909908,1980,New York,36,Clinton,019,,,,9908,,,,Tract 9908,6653,61,5,62,75
G36001909909,1980,New York,36,Clinton,019,,,,9909,,,,Tract 9909,2939,37,3,32,19
G36001909910,1980,New York,36,Clinton,019,,,,9910,,,,Tract 9910,4557,115,4,21,37
G36001909911,1980,New York,36,Clinton,019,,,,9911,,,,Tract 9911,3685,82,16,15,33
G36001909912,1980,New York,36,Clinton,019,,,,9912,,,,Tract 9912,6145,759,28,138,192
G36001909913,1980,New York,36,Clinton,019,,,,9913,,,,Tract 9913,1098,22,0,3,3
G36001909914,1980,New York,36,Clinton,019,,,,9914,,,,Tract 9914,4241,14,3,3,9
G36001909915,1980,New York,36,Clinton,019,,,,9915,,,,Tract 9915,4843,30,14,5,7
G36001909916,1980,New York,36,Clinton,019,,,,9916,,,,Tract 9916,6018,17,6,18,15
G36001909917,1980,New York,36,Clinton,019,,,,9917,,,,Tract 9917,1849,0,3,0,0
G36002109901,1980,New York,36,Columbia,021,,,,9901,,,,Tract 9901,8049,198,2,18,21
G36002109902,1980,New York,36,Columbia,021,,,,9902,,,,Tract 9902,9761,96,17,27,17
G36002109903,1980,New York,36,Columbia,021,,,,9903,,,,Tract 9903,3802,40,8,5,4
G36002109904,1980,New York,36,Columbia,021,,,,9904,,,,Tract 9904,7234,49,11,14,32
G36002109905,1980,New York,36,Columbia,021,,,,9905,,,,Tract 9905,7008,103,17,14,20
G36002109906,1980,New York,36,Columbia,021,,,,9906,,,,Tract 9906,5415,409,2,23,43
G36002109907,1980,New York,36,Columbia,021,,,,9907,,,,Tract 9907,3473,967,4,20,34
G36002109908,1980,New York,36,Columbia,021,,,,9908,,,,Tract 9908,7580,102,20,14,34
G36002109909,1980,New York,36,Columbia,021,,,,9909,,,,Tract 9909,4716,46,7,3,8
G36002309901,1980,New York,36,Cortland,023,,,,9901,,,,Tract 9901,5513,2,12,4,1
G36002309902,1980,New York,36,Cortland,023,,,,9902,,,,Tract 9902,2562,1,10,18,1
G36002309903,1980,New York,36,Cortland,023,,,,9903,,,,Tract 9903,5601,21,7,7,17
G36002309904,1980,New York,36,Cortland,023,,,,9904,,,,Tract 9904,5008,51,5,31,10
G36002309905,1980,New York,36,Cortland,023,,,,9905,,,,Tract 9905,4350,30,16,10,15
G36002309906,1980,New York,36,Cortland,023,,,,9906,,,,Tract 9906,3184,28,5,11,14
G36002309907,1980,New York,36,Cortland,023,,,,9907,,,,Tract 9907,2899,8,5,4,5
G36002309908,1980,New York,36,Cortland,023,,,,9908,,,,Tract 9908,3691,4,6,4,6
G36002309909,1980,New York,36,Cortland,023,,,,9909,,,,Tract 9909,4764,52,12,15,12
G36002309910,1980,New York,36,Cortland,023,,,,9910,,,,Tract 9910,6270,85,5,53,25
G36002309911,1980,New York,36,Cortland,023,,,,9911,,,,Tract 9911,4291,32,6,8,13
G36002509901,1980,New York,36,Delaware,025,,,,9901,,,,Tract 9901,4676,24,9,19,9
G36002509902,1980,New York,36,Delaware,025,,,,9902,,,,Tract 9902,6246,76,17,8,30
G36002509903,1980,New York,36,Delaware,025,,,,9903,,,,Tract 9903,4585,24,2,16,4
G36002509904,1980,New York,36,Delaware,025,,,,9904,,,,Tract 9904,4706,19,15,7,6
G36002509905,1980,New York,36,Delaware,025,,,,9905,,,,Tract 9905,3695,44,3,12,22
G36002509906,1980,New York,36,Delaware,025,,,,9906,,,,Tract 9906,4728,42,15,17,18
G36002509907,1980,New York,36,Delaware,025,,,,9907,,,,Tract 9907,5235,15,7,12,9
G36002509908,1980,New York,36,Delaware,025,,,,9908,,,,Tract 9908,4107,18,5,12,7
G36002509909,1980,New York,36,Delaware,025,,,,9909,,,,Tract 9909,2435,5,9,3,6
G36002509910,1980,New York,36,Delaware,025,,,,9910,,,,Tract 9910,3507,7,5,12,8
G36002509911,1980,New York,36,Delaware,025,,,,9911,,,,Tract 9911,2392,11,2,6,2
G36002700100,1980,New York,36,Dutchess,027,,,,0100,,,,Tract  100,4206,90,8,21,9
G36002700200,1980,New York,36,Dutchess,027,,,,0200,,,,Tract  200,5208,78,4,21,9
G36002700300,1980,New York,36,Dutchess,027,,,,0300,,,,Tract  300,3347,27,3,10,7
G36002700400,1980,New York,36,Dutchess,027,,,,0400,,,,Tract  400,5891,354,36,24,23
G3600270050101,1980,New York,36,Dutchess,027,,,,050101,,,,Tract  501.01,5509,98,12,130,23
G3600270050102,1980,New York,36,Dutchess,027,,,,050102,,,,Tract  501.02,3746,71,7,29,9
G36002700502,1980,New York,36,Dutchess,027,,,,0502,,,,Tract  502,8163,145,6,92,51
G36002700601,1980,New York,36,Dutchess,027,,,,0601,,,,Tract  601,2281,235,6,28,23
G36002700602,1980,New York,36,Dutchess,027,,,,0602,,,,Tract  602,6051,273,16,27,40
G36002700603,1980,New York,36,Dutchess,027,,,,0603,,,,Tract  603,5308,197,1,140,37
G3600270070101,1980,New York,36,Dutchess,027,,,,070101,,,,Tract  701.01,4477,127,11,31,25
G3600270070102,1980,New York,36,Dutchess,027,,,,070102,,,,Tract  701.02,3162,99,1,38,6
G36002700702,1980,New York,36,Dutchess,027,,,,0702,,,,Tract  702,2766,19,0,13,15
G36002700703,1980,New York,36,Dutchess,027,,,,0703,,,,Tract  703,5123,266,8,43,25
G36002700704,1980,New York,36,Dutchess,027,,,,0704,,,,Tract  704,3934,82,15,33,28
G3600270080101,1980,New York,36,Dutchess,027,,,,080101,,,,Tract  801.01,2976,28,11,19,10
G3600270080102,1980,New York,36,Dutchess,027,,,,080102,,,,Tract  801.02,3622,50,2,36,4
G36002700802,1980,New York,36,Dutchess,027,,,,0802,,,,Tract  802,5361,100,7,121,28
G36002700900,1980,New York,36,Dutchess,027,,,,0900,,,,Tract  900,1635,8,12,2,11
G36002701000,1980,New York,36,Dutchess,027,,,,1000,,,,Tract 1000,2794,70,7,2,4
G36002701100,1980,New York,36,Dutchess,027,,,,1100,,,,Tract 1100,5613,109,4,30,39
G36002701200,1980,New York,36,Dutchess,027,,,,1200,,,,Tract 1200,2143,25,7,7,17
G36002701300,1980,New York,36,Dutchess,027,,,,1300,,,,Tract 1300,6780,72,2,29,9
G36002701401,1980,New York,36,Dutchess,027,,,,1401,,,,Tract 1401,3379,158,5,14,30
G36002701402,1980,New York,36,Dutchess,027,,,,1402,,,,Tract 1402,4188,99,2,29,7
G36002701403,1980,New York,36,Dutchess,027,,,,1403,,,,Tract 1403,5618,288,14,38,49
G36002701404,1980,New York,36,Dutchess,027,,,,1404,,,,Tract 1404,6153,111,3,292,46
G36002701405,1980,New York,36,Dutchess,027,,,,1405,,,,Tract 1405,1497,26,0,62,3
G36002701406,1980,New York,36,Dutchess,027,,,,1406,,,,Tract 1406,2931,222,3,70,19
G36002701407,1980,New York,36,Dutchess,027,,,,1407,,,,Tract 1407,6484,178,7,161,15
G36002701408,1980,New York,36,Dutchess,027,,,,1408,,,,Tract 1408,2853,78,2,59,5
G36002701500,1980,New York,36,Dutchess,027,,,,1500,,,,Tract 1500,8147,90,8,51,55
G36002701600,1980,New York,36,Dutchess,027,,,,1600,,,,Tract 1600,6817,172,6,18,49
G36002701700,1980,New York,36,Dutchess,027,,,,1700,,,,Tract 1700,3253,44,6,3,13
G36002701800,1980,New York,36,Dutchess,027,,,,1800,,,,Tract 1800,2482,158,1,10,7
G36002701901,1980,New York,36,Dutchess,027,,,,1901,,,,Tract 1901,5296,152,4,216,36
G3600270190201,1980,New York,36,Dutchess,027,,,,190201,,,,Tract 1902.01,2818,69,4,54,8
G3600270190202,1980,New York,36,Dutchess,027,,,,190202,,,,Tract 1902.02,4082,123,5,139,48
G36002701903,1980,New York,36,Dutchess,027,,,,1903,,,,Tract 1903,5096,421,20,92,76
G36002701904,1980,New York,36,Dutchess,027,,,,1904,,,,Tract 1904,3590,121,2,125,24
G36002702000,1980,New York,36,Dutchess,027,,,,2000,,,,Tract 2000,4121,206,10,4,41
G36002702101,1980,New York,36,Dutchess,027,,,,2101,,,,Tract 2101,3361,484,3,7,121
G36002702102,1980,New York,36,Dutchess,027,,,,2102,,,,Tract 2102,2902,1018,2,14,513
G36002702103,1980,New York,36,Dutchess,027,,,,2103,,,,Tract 2103,3683,123,3,2,127
G36002702201,1980,New York,36,Dutchess,027,,,,2201,,,,Tract 2201,3211,935,3,46,31
G36002702202,1980,New York,36,Dutchess,027,,,,2202,,,,Tract 2202,1383,1126,7,3,11
G36002702203,1980,New York,36,Dutchess,027,,,,2203,,,,Tract 2203,409,902,8,3,10
G36002702204,1980,New York,36,Dutchess,027,,,,2204,,,,Tract 2204,1424,485,16,6,17
G36002702205,1980,New York,36,Dutchess,027,,,,2205,,,,Tract 2205,1738,2085,11,7,47
G36002702206,1980,New York,36,Dutchess,027,,,,2206,,,,Tract 2206,1943,326,1,13,25
G36002702207,1980,New York,36,Dutchess,027,,,,2207,,,,Tract 2207,1343,995,1,17,29
G36002702208,1980,New York,36,Dutchess,027,,,,2208,,,,Tract 2208,3391,374,10,46,33
G36002702209,1980,New York,36,Dutchess,027,,,,2209,,,,Tract 2209,2542,190,8,12,30
G36002702210,1980,New York,36,Dutchess,027,,,,2210,,,,Tract 2210,4285,188,3,19,9
G36002703000,1980,New York,36,Dutchess,027,,,,3000,,,,Tract 3000,4890,95,5,98,22
G36002704100,1980,New York,36,Dutchess,027,,,,4100,,,,Tract 4100,2124,147,3,63,50
G36002706100,1980,New York,36,Dutchess,027,,,,6100,,,,Tract 6100,328,1052,10,10,419
G36002706200,1980,New York,36,Dutchess,027,,,,6200,,,,Tract 6200,727,168,3,20,15
G36002706300,1980,New York,36,Dutchess,027,,,,6300,,,,Tract 6300,1241,109,2,70,8
G36002706400,1980,New York,36,Dutchess,027,,,,6400,,,,Tract 6400,341,719,6,6,345
G36002706500,1980,New York,36,Dutchess,027,,,,6500,,,,Tract 6500,1666,271,0,25,3
G36002900001,1980,New York,36,Erie,029,,,,0001,,,,Tract    1,2476,18,10,3,130
G36002900002,1980,New York,36,Erie,029,,,,0002,,,,Tract    2,5115,29,16,9,93
G36002900003,1980,New York,36,Erie,029,,,,0003,,,,Tract    3,824,70,14,0,72
G36002900004,1980,New York,36,Erie,029,,,,0004,,,,Tract    4,671,1,9,0,4
G36002900005,1980,New York,36,Erie,029,,,,0005,,,,Tract    5,3025,38,15,1,108
G3600290000599,1980,New York,36,Erie,029,,,,000599,,,,Tract    5.99,26,3,0,0,0
G36002900006,1980,New York,36,Erie,029,,,,0006,,,,Tract    6,6079,7,19,9,31
G36002900007,1980,New York,36,Erie,029,,,,0007,,,,Tract    7,4563,2,1,1,13
G36002900008,1980,New York,36,Erie,029,,,,0008,,,,Tract    8,6157,16,2,30,39
G36002900009,1980,New York,36,Erie,029,,,,0009,,,,Tract    9,2876,6,8,7,16
G36002900010,1980,New York,36,Erie,029,,,,0010,,,,Tract   10,7650,0,59,13,60
G36002900011,1980,New York,36,Erie,029,,,,0011,,,,Tract   11,4047,0,7,1,1
G36002900012,1980,New York,36,Erie,029,,,,0012,,,,Tract   12,2107,1740,22,3,306
G3600290001301,1980,New York,36,Erie,029,,,,001301,,,,Tract   13.01,68,62,2,0,2
G3600290001302,1980,New York,36,Erie,029,,,,001302,,,,Tract   13.02,198,1035,6,3,176
G3600290001399,1980,New York,36,Erie,029,,,,001399,,,,Tract   13.99,36,5,0,0,0
G3600290001401,1980,New York,36,Erie,029,,,,001401,,,,Tract   14.01,97,34,2,5,0
G3600290001402,1980,New York,36,Erie,029,,,,001402,,,,Tract   14.02,57,4028,4,3,11
G36002900015,1980,New York,36,Erie,029,,,,0015,,,,Tract   15,401,3500,15,4,21
G36002900016,1980,New York,36,Erie,029,,,,0016,,,,Tract   16,5206,705,16,10,53
G36002900017,1980,New York,36,Erie,029,,,,0017,,,,Tract   17,2496,90,1,0,24
G36002900018,1980,New York,36,Erie,029,,,,0018,,,,Tract   18,1386,4,4,0,9
G36002900019,1980,New York,36,Erie,029,,,,0019,,,,Tract   19,3843,0,1,0,11
G36002900020,1980,New York,36,Erie,029,,,,0020,,,,Tract   20,1823,9,9,1,14
G36002900021,1980,New York,36,Erie,029,,,,0021,,,,Tract   21,866,0,2,1,0
G36002900022,1980,New York,36,Erie,029,,,,0022,,,,Tract   22,2294,52,2,2,7
G36002900023,1980,New York,36,Erie,029,,,,0023,,,,Tract   23,4022,10,10,0,10
G36002900024,1980,New York,36,Erie,029,,,,0024,,,,Tract   24,6287,5,17,3,17
G3600290002501,1980,New York,36,Erie,029,,,,002501,,,,Tract   25.01,119,91,4,0,0
G3600290002502,1980,New York,36,Erie,029,,,,002502,,,,Tract   25.02,101,2890,4,13,45
G36002900026,1980,New York,36,Erie,029,,,,0026,,,,Tract   26,73,1719,1,1,11
G3600290002701,1980,New York,36,Erie,029,,,,002701,,,,Tract   27.01,766,3688,2,3,59
G3600290002702,1980,New York,36,Erie,029,,,,002702,,,,Tract   27.02,5361,591,24,2,23
G36002900028,1980,New York,36,Erie,029,,,,0028,,,,Tract   28,5640,129,11,6,27
G36002900029,1980,New York,36,Erie,029,,,,0029,,,,Tract   29,2832,2537,17,6,38
G36002900030,1980,New York,36,Erie,029,,,,0030,,,,Tract   30,3186,6,3,1,6
G36002900031,1980,New York,36,Erie,029,,,,0031,,,,Tract   31,560,4212,12,37,25
G3600290003201,1980,New York,36,Erie,029,,,,003201,,,,Tract   32.01,23,1501,1,1,1
G3600290003202,1980,New York,36,Erie,029,,,,003202,,,,Tract   32.02,160,5600,12,4,10
G3600290003301,1980,New York,36,Erie,029,,,,003301,,,,Tract   33.01,320,4651,9,2,27
G3600290003302,1980,New York,36,Erie,029,,,,003302,,,,Tract   33.02,164,5737,9,4,52
G36002900034,1980,New York,36,Erie,029,,,,0034,,,,Tract   34,360,5031,8,4,39
G36002900035,1980,New York,36,Erie,029,,,,0035,,,,Tract   35,546,7178,18,2,31
G36002900036,1980,New York,36,Erie,029,,,,0036,,,,Tract   36,1607,4235,7,5,12
G36002900037,1980,New York,36,Erie,029,,,,0037,,,,Tract   37,5000,406,16,8,14
G36002900038,1980,New York,36,Erie,029,,,,0038,,,,Tract   38,3161,20,4,1,6
G3600290003901,1980,New York,36,Erie,029,,,,003901,,,,Tract   39.01,287,1135,6,0,3
G3600290003902,1980,New York,36,Erie,029,,,,003902,,,,Tract   39.02,621,3658,4,2,26
G3600290004001,1980,New York,36,Erie,029,,,,004001,,,,Tract   40.01,2048,4586,12,31,64
G3600290004002,1980,New York,36,Erie,029,,,,004002,,,,Tract   40.02,47,570,3,1,3
G36002900041,1980,New York,36,Erie,029,,,,0041,,,,Tract   41,3826,1821,17,13,42
G36002900042,1980,New York,36,Erie,029,,,,0042,,,,Tract   42,1972,2339,14,9,39
G36002900043,1980,New York,36,Erie,029,,,,0043,,,,Tract   43,5637,616,23,62,55
G3600290004401,1980,New York,36,Erie,029,,,,004401,,,,Tract   44.01,3636,1006,7,25,23
G3600290004402,1980,New York,36,Erie,029,,,,004402,,,,Tract   44.02,669,2926,4,55,30
G36002900045,1980,New York,36,Erie,029,,,,0045,,,,Tract   45,5905,648,17,34,52
G3600290004601,1980,New York,36,Erie,029,,,,004601,,,,Tract   46.01,3544,140,8,76,43
G3600290004602,1980,New York,36,Erie,029,,,,004602,,,,Tract   46.02,1262,117,1,94,23
G36002900047,1980,New York,36,Erie,029,,,,0047,,,,Tract   47,5612,1216,10,160,50
G36002900048,1980,New York,36,Erie,029,,,,0048,,,,Tract   48,4474,208,6,27,17
G36002900049,1980,New York,36,Erie,029,,,,0049,,,,Tract   49,7280,87,24,16,39
G36002900050,1980,New York,36,Erie,029,,,,0050,,,,Tract   50,2651,44,8,5,9
G36002900051,1980,New York,36,Erie,029,,,,0051,,,,Tract   51,5068,138,13,49,19
G3600290005201,1980,New York,36,Erie,029,,,,005201,,,,Tract   52.01,3092,569,12,35,47
G3600290005202,1980,New York,36,Erie,029,,,,005202,,,,Tract   52.02,625,2730,5,3,20
G36002900053,1980,New York,36,Erie,029,,,,0053,,,,Tract   53,879,228,6,15,14
G36002900054,1980,New York,36,Erie,029,,,,0054,,,,Tract   54,4374,96,5,20,8
G36002900055,1980,New York,36,Erie,029,,,,0055,,,,Tract   55,4122,24,25,6,26
G36002900056,1980,New York,36,Erie,029,,,,0056,,,,Tract   56,4008,476,54,30,19
G36002900057,1980,New York,36,Erie,029,,,,0057,,,,Tract   57,3155,162,19,16,78
G36002900058,1980,New York,36,Erie,029,,,,0058,,,,Tract   58,8537,5,95,4,48
G36002900059,1980,New York,36,Erie,029,,,,0059,,,,Tract   59,4150,109,48,6,30
G36002900060,1980,New York,36,Erie,029,,,,0060,,,,Tract   60,5173,112,140,2,57
G36002900061,1980,New York,36,Erie,029,,,,0061,,,,Tract   61,5539,120,149,20,83
G3600290006201,1980,New York,36,Erie,029,,,,006201,,,,Tract   62.01,1503,301,6,18,57
G3600290006202,1980,New York,36,Erie,029,,,,006202,,,,Tract   62.02,990,131,10,0,11
G3600290006301,1980,New York,36,Erie,029,,,,006301,,,,Tract   63.01,5239,72,42,24,63
G3600290006302,1980,New York,36,Erie,029,,,,006302,,,,Tract   63.02,2996,52,9,16,14
G36002900064,1980,New York,36,Erie,029,,,,0064,,,,Tract   64,237,591,3,2,23
G3600290006501,1980,New York,36,Erie,029,,,,006501,,,,Tract   65.01,3327,149,74,4,58
G3600290006502,1980,New York,36,Erie,029,,,,006502,,,,Tract   65.02,2770,853,13,30,27
G3600290006601,1980,New York,36,Erie,029,,,,006601,,,,Tract   66.01,2566,213,89,6,94
G3600290006602,1980,New York,36,Erie,029,,,,006602,,,,Tract   66.02,2127,156,5,6,23
G3600290006701,1980,New York,36,Erie,029,,,,006701,,,,Tract   67.01,3592,276,52,27,82
G3600290006702,1980,New York,36,Erie,029,,,,006702,,,,Tract   67.02,2960,338,7,37,24
G36002900068,1980,New York,36,Erie,029,,,,0068,,,,Tract   68,3443,418,126,30,318
G36002900069,1980,New York,36,Erie,029,,,,0069,,,,Tract   69,8487,535,326,32,727
G36002900070,1980,New York,36,Erie,029,,,,0070,,,,Tract   70,3672,264,116,17,315
G3600290007101,1980,New York,36,Erie,029,,,,007101,,,,Tract   71.01,2700,1783,241,14,1663
G3600290007102,1980,New York,36,Erie,029,,,,007102,,,,Tract   71.02,1631,954,80,31,547
G3600290007201,1980,New York,36,Erie,029,,,,007201,,,,Tract   72.01,474,425,12,2,16
G3600290007202,1980,New York,36,Erie,029,,,,007202,,,,Tract   72.02,783,28,2,1,1
G3600290007299,1980,New York,36,Erie,029,,,,007299,,,,Tract   72.99,0,0,0,0,0
G3600290007302,1980,New York,36,Erie,029,,,,007302,,,,Tract   73.02,7740,71,26,30,15
G3600290007303,1980,New York,36,Erie,029,,,,007303,,,,Tract   73.03,5605,172,14,137,14
G3600290007304,1980,New York,36,Erie,029,,,,007304,,,,Tract   73.04,2860,51,8,17,10
G36002900074,1980,New York,36,Erie,029,,,,0074,,,,Tract   74,839,0,10,1,5
G36002900075,1980,New York,36,Erie,029,,,,0075,,,,Tract   75,1628,0,8,10,3
G36002900076,1980,New York,36,Erie,029,,,,0076,,,,Tract   76,3850,0,9,10,2
G36002900077,1980,New York,36,Erie,029,,,,0077,,,,Tract   77,5425,5,17,3,11
G36002900078,1980,New York,36,Erie,029,,,,0078,,,,Tract   78,6796,4,37,12,8
G3600290007901,1980,New York,36,Erie,029,,,,007901,,,,Tract   79.01,9855,154,7,50,10
G3600290007902,1980,New York,36,Erie,029,,,,007902,,,,Tract   79.02,7911,71,3,32,5
G3600290007903,1980,New York,36,Erie,029,,,,007903,,,,Tract   79.03,4534,18,6,10,0
G3600290007904,1980,New York,36,Erie,029,,,,007904,,,,Tract   79.04,4203,2,2,19,1
G3600290008001,1980,New York,36,Erie,029,,,,008001,,,,Tract   80.01,7057,53,9,35,13
G3600290008002,1980,New York,36,Erie,029,,,,008002,,,,Tract   80.02,6354,35,7,42,15
G3600290008003,1980,New York,36,Erie,029,,,,008003,,,,Tract   80.03,6076,51,10,37,17
G3600290008101,1980,New York,36,Erie,029,,,,008101,,,,Tract   81.01,6505,12,12,24,9
G3600290008102,1980,New York,36,Erie,029,,,,008102,,,,Tract   81.02,5042,23,4,11,9
G3600290008201,1980,New York,36,Erie,029,,,,008201,,,,Tract   82.01,3113,1,6,6,0
G3600290008202,1980,New York,36,Erie,029,,,,008202,,,,Tract   82.02,4547,3,13,18,6
G36002900083,1980,New York,36,Erie,029,,,,0083,,,,Tract   83,3438,3,16,6,7
G36002900084,1980,New York,36,Erie,029,,,,0084,,,,Tract   84,3196,38,18,2,3
G36002900085,1980,New York,36,Erie,029,,,,0085,,,,Tract   85,2915,17,9,11,19
G36002900086,1980,New York,36,Erie,029,,,,0086,,,,Tract   86,5462,36,9,14,4
G36002900087,1980,New York,36,Erie,029,,,,0087,,,,Tract   87,5804,7,15,22,7
G36002900088,1980,New York,36,Erie,029,,,,0088,,,,Tract   88,4102,1,9,5,6
G36002900089,1980,New York,36,Erie,029,,,,0089,,,,Tract   89,5950,39,2,17,9
G3600290009003,1980,New York,36,Erie,029,,,,009003,,,,Tract   90.03,4521,93,5,51,5
G3600290009004,1980,New York,36,Erie,029,,,,009004,,,,Tract   90.04,2631,44,3,42,5
G3600290009005,1980,New York,36,Erie,029,,,,009005,,,,Tract   90.05,5924,124,1,209,16
G3600290009006,1980,New York,36,Erie,029,,,,009006,,,,Tract   90.06,7536,162,3,290,39
G3600290009104,1980,New York,36,Erie,029,,,,009104,,,,Tract   91.04,4700,70,0,135,9
G3600290009106,1980,New York,36,Erie,029,,,,009106,,,,Tract   91.06,3626,118,18,40,17
G3600290009107,1980,New York,36,Erie,029,,,,009107,,,,Tract   91.07,4568,412,13,71,44
G3600290009108,1980,New York,36,Erie,029,,,,009108,,,,Tract   91.08,5489,212,5,231,30
G3600290009109,1980,New York,36,Erie,029,,,,009109,,,,Tract   91.09,3568,108,5,114,20
G3600290009110,1980,New York,36,Erie,029,,,,009110,,,,Tract   91.10,2635,251,3,362,95
G3600290009111,1980,New York,36,Erie,029,,,,009111,,,,Tract   91.11,9344,212,5,441,10
G3600290009112,1980,New York,36,Erie,029,,,,009112,,,,Tract   91.12,1622,65,9,17,2
G36002900092,1980,New York,36,Erie,029,,,,0092,,,,Tract   92,4812,130,3,90,15
G3600290009301,1980,New York,36,Erie,029,,,,009301,,,,Tract   93.01,5242,204,2,321,98
G3600290009302,1980,New York,36,Erie,029,,,,009302,,,,Tract   93.02,3146,48,10,18,7
G3600290009401,1980,New York,36,Erie,029,,,,009401,,,,Tract   94.01,5953,147,5,77,16
G3600290009402,1980,New York,36,Erie,029,,,,009402,,,,Tract   94.02,4830,57,8,56,3
G3600290009501,1980,New York,36,Erie,029,,,,009501,,,,Tract   95.01,5805,55,4,46,11
G3600290009502,1980,New York,36,Erie,029,,,,009502,,,,Tract   95.02,7448,55,4,28,4
G36002900096,1980,New York,36,Erie,029,,,,0096,,,,Tract   96,3430,61,2,23,15
G3600290009701,1980,New York,36,Erie,029,,,,009701,,,,Tract   97.01,3755,50,1,7,10
G3600290009702,1980,New York,36,Erie,029,,,,009702,,,,Tract   97.02,6848,19,11,10,10
G36002900098,1980,New York,36,Erie,029,,,,0098,,,,Tract   98,2033,11,0,0,3
G36002900099,1980,New York,36,Erie,029,,,,0099,,,,Tract   99,4517,1,2,2,7
G3600290010001,1980,New York,36,Erie,029,,,,010001,,,,Tract  100.01,3863,7,3,5,3
G3600290010002,1980,New York,36,Erie,029,,,,010002,,,,Tract  100.02,10557,21,15,10,6
G3600290010101,1980,New York,36,Erie,029,,,,010101,,,,Tract  101.01,10394,11,12,19,12
G3600290010102,1980,New York,36,Erie,029,,,,010102,,,,Tract  101.02,4579,7,13,7,1
G36002900102,1980,New York,36,Erie,029,,,,0102,,,,Tract  102,7254,116,5,16,4
G36002900103,1980,New York,36,Erie,029,,,,0103,,,,Tract  103,1585,0,0,3,0
G36002900104,1980,New York,36,Erie,029,,,,0104,,,,Tract  104,2494,0,2,7,6
G36002900105,1980,New York,36,Erie,029,,,,0105,,,,Tract  105,2474,1,0,2,10
G36002900106,1980,New York,36,Erie,029,,,,0106,,,,Tract  106,3213,10,1,1,5
G36002900107,1980,New York,36,Erie,029,,,,0107,,,,Tract  107,3741,1,1,2,6
G3600290010803,1980,New York,36,Erie,029,,,,010803,,,,Tract  108.03,3237,27,3,2,2
G3600290010804,1980,New York,36,Erie,029,,,,010804,,,,Tract  108.04,3329,30,2,1,24
G3600290010805,1980,New York,36,Erie,029,,,,010805,,,,Tract  108.05,6648,49,13,3,8
G3600290010806,1980,New York,36,Erie,029,,,,010806,,,,Tract  108.06,6786,161,15,68,20
G3600290010807,1980,New York,36,Erie,029,,,,010807,,,,Tract  108.07,6870,57,7,40,11
G3600290010901,1980,New York,36,Erie,029,,,,010901,,,,Tract  109.01,3418,4,1,0,2
G3600290010902,1980,New York,36,Erie,029,,,,010902,,,,Tract  109.02,5458,211,5,73,27
G36002900110,1980,New York,36,Erie,029,,,,0110,,,,Tract  110,2131,5,5,4,4
G36002900111,1980,New York,36,Erie,029,,,,0111,,,,Tract  111,2865,3,2,1,8
G36002900112,1980,New York,36,Erie,029,,,,0112,,,,Tract  112,5888,47,7,8,0
G36002900113,1980,New York,36,Erie,029,,,,0113,,,,Tract  113,5791,6,11,11,4
G36002900114,1980,New York,36,Erie,029,,,,0114,,,,Tract  114,2691,3,4,3,1
G36002900115,1980,New York,36,Erie,029,,,,0115,,,,Tract  115,1853,0,2,0,18
G36002900116,1980,New York,36,Erie,029,,,,0116,,,,Tract  116,2157,1,6,9,1
G36002900117,1980,New York,36,Erie,029,,,,0117,,,,Tract  117,4898,7,5,10,16
G36002900118,1980,New York,36,Erie,029,,,,0118,,,,Tract  118,4106,8,10,11,1
G3600290011901,1980,New York,36,Erie,029,,,,011901,,,,Tract  119.01,1129,109,9,14,8
G3600290011902,1980,New York,36,Erie,029,,,,011902,,,,Tract  119.02,7364,22,5,34,8
G3600290012001,1980,New York,36,Erie,029,,,,012001,,,,Tract  120.01,5415,8,0,18,15
G3600290012002,1980,New York,36,Erie,029,,,,012002,,,,Tract  120.02,9430,15,3,8,2
G36002900121,1980,New York,36,Erie,029,,,,0121,,,,Tract  121,318,825,1,1,212
G36002900122,1980,New York,36,Erie,029,,,,0122,,,,Tract  122,1931,1299,17,14,368
G36002900123,1980,New York,36,Erie,029,,,,0123,,,,Tract  123,3762,1,5,4,40
G36002900124,1980,New York,36,Erie,029,,,,0124,,,,Tract  124,2905,1,7,2,11
G3600290012501,1980,New York,36,Erie,029,,,,012501,,,,Tract  125.01,5470,3,3,2,23
G3600290012502,1980,New York,36,Erie,029,,,,012502,,,,Tract  125.02,2603,8,2,0,8
G36002900126,1980,New York,36,Erie,029,,,,0126,,,,Tract  126,2635,31,7,1,17
G36002900127,1980,New York,36,Erie,029,,,,0127,,,,Tract  127,149,10,3,1,1
G36002900128,1980,New York,36,Erie,029,,,,0128,,,,Tract  128,3265,0,9,3,11
G3600290012901,1980,New York,36,Erie,029,,,,012901,,,,Tract  129.01,7882,78,17,19,76
G3600290012902,1980,New York,36,Erie,029,,,,012902,,,,Tract  129.02,2467,16,1,2,4
G36002900130,1980,New York,36,Erie,029,,,,0130,,,,Tract  130,7300,46,15,11,28
G3600290013101,1980,New York,36,Erie,029,,,,013101,,,,Tract  131.01,6340,22,8,11,7
G3600290013102,1980,New York,36,Erie,029,,,,013102,,,,Tract  131.02,5043,3,2,7,9
G3600290013201,1980,New York,36,Erie,029,,,,013201,,,,Tract  132.01,5632,20,3,9,10
G3600290013202,1980,New York,36,Erie,029,,,,013202,,,,Tract  132.02,4285,13,7,5,2
G36002900133,1980,New York,36,Erie,029,,,,0133,,,,Tract  133,4000,8,1,7,5
G36002900134,1980,New York,36,Erie,029,,,,0134,,,,Tract  134,6515,16,5,3,22
G36002900135,1980,New York,36,Erie,029,,,,0135,,,,Tract  135,9766,25,5,57,17
G36002900136,1980,New York,36,Erie,029,,,,0136,,,,Tract  136,3637,3,4,17,15
G3600290013701,1980,New York,36,Erie,029,,,,013701,,,,Tract  137.01,7272,58,8,25,9
G3600290013702,1980,New York,36,Erie,029,,,,013702,,,,Tract  137.02,3398,9,2,14,18
G36002900138,1980,New York,36,Erie,029,,,,0138,,,,Tract  138,7035,10,4,8,8
G36002900139,1980,New York,36,Erie,029,,,,0139,,,,Tract  139,2963,9,4,1,7
G36002900140,1980,New York,36,Erie,029,,,,0140,,,,Tract  140,3799,9,3,2,10
G3600290014101,1980,New York,36,Erie,029,,,,014101,,,,Tract  141.01,5717,6,7,4,5
G3600290014102,1980,New York,36,Erie,029,,,,014102,,,,Tract  141.02,4813,3,4,13,2
G3600290014203,1980,New York,36,Erie,029,,,,014203,,,,Tract  142.03,5330,20,5,12,7
G3600290014204,1980,New York,36,Erie,029,,,,014204,,,,Tract  142.04,1974,0,5,0,5
G3600290014205,1980,New York,36,Erie,029,,,,014205,,,,Tract  142.05,2598,66,7,2,6
G36002900143,1980,New York,36,Erie,029,,,,0143,,,,Tract  143,7699,35,8,13,4
G36002900144,1980,New York,36,Erie,029,,,,0144,,,,Tract  144,5278,3,6,3,7
G3600290014501,1980,New York,36,Erie,029,,,,014501,,,,Tract  145.01,4264,17,10,8,0
G3600290014502,1980,New York,36,Erie,029,,,,014502,,,,Tract  145.02,2728,15,4,3,2
G3600290014601,1980,New York,36,Erie,029,,,,014601,,,,Tract  146.01,4789,8,3,19,8
G3600290014602,1980,New York,36,Erie,029,,,,014602,,,,Tract  146.02,4500,26,0,21,4
G3600290014701,1980,New York,36,Erie,029,,,,014701,,,,Tract  147.01,3194,10,2,4,5
G3600290014702,1980,New York,36,Erie,029,,,,014702,,,,Tract  147.02,5501,14,13,16,9
G3600290014801,1980,New York,36,Erie,029,,,,014801,,,,Tract  148.01,2941,1,21,7,1
G3600290014802,1980,New York,36,Erie,029,,,,014802,,,,Tract  148.02,4227,20,19,3,3
G3600290014901,1980,New York,36,Erie,029,,,,014901,,,,Tract  149.01,2476,0,5,3,4
G3600290014903,1980,New York,36,Erie,029,,,,014903,,,,Tract  149.03,6572,4,5,4,1
G3600290014904,1980,New York,36,Erie,029,,,,014904,,,,Tract  149.04,733,263,12,0,11
G3600290015001,1980,New York,36,Erie,029,,,,015001,,,,Tract  150.01,4840,1,7,10,3
G3600290015002,1980,New York,36,Erie,029,,,,015002,,,,Tract  150.02,2832,0,10,1,1
G3600290015003,1980,New York,36,Erie,029,,,,015003,,,,Tract  150.03,3416,6,5,9,10
G3600290015101,1980,New York,36,Erie,029,,,,015101,,,,Tract  151.01,3112,3,4,5,4
G3600290015102,1980,New York,36,Erie,029,,,,015102,,,,Tract  151.02,2784,3,1,1,3
G3600290015201,1980,New York,36,Erie,029,,,,015201,,,,Tract  152.01,2946,0,0,7,0
G3600290015202,1980,New York,36,Erie,029,,,,015202,,,,Tract  152.02,4714,3,13,2,2
G3600290015301,1980,New York,36,Erie,029,,,,015301,,,,Tract  153.01,4594,16,9,4,9
G3600290015302,1980,New York,36,Erie,029,,,,015302,,,,Tract  153.02,2672,6,2,0,15
G36002900154,1980,New York,36,Erie,029,,,,0154,,,,Tract  154,8176,16,31,14,24
G3600290015501,1980,New York,36,Erie,029,,,,015501,,,,Tract  155.01,2276,0,10,3,3
G3600290015502,1980,New York,36,Erie,029,,,,015502,,,,Tract  155.02,7291,61,32,6,18
G36002900156,1980,New York,36,Erie,029,,,,0156,,,,Tract  156,2247,83,55,0,52
G36002900157,1980,New York,36,Erie,029,,,,0157,,,,Tract  157,3692,1,62,0,36
G36002900158,1980,New York,36,Erie,029,,,,0158,,,,Tract  158,3878,3,4,1,0
G36002900159,1980,New York,36,Erie,029,,,,0159,,,,Tract  159,4243,19,9,6,8
G3600290016001,1980,New York,36,Erie,029,,,,016001,,,,Tract  160.01,801,0,40,5,3
G3600290016002,1980,New York,36,Erie,029,,,,016002,,,,Tract  160.02,3321,9,31,11,1
G36002900161,1980,New York,36,Erie,029,,,,0161,,,,Tract  161,757,42,4,4,8
G36002900162,1980,New York,36,Erie,029,,,,0162,,,,Tract  162,124,2,1498,0,4
G36003109901,1980,New York,36,Essex,031,,,,9901,,,,Tract 9901,4324,4,7,4,0
G36003109902,1980,New York,36,Essex,031,,,,9902,,,,Tract 9902,3860,2,2,4,4
G36003109903,1980,New York,36,Essex,031,,,,9903,,,,Tract 9903,2993,11,7,0,5
G36003109904,1980,New York,36,Essex,031,,,,9904,,,,Tract 9904,4750,23,11,11,11
G36003109905,1980,New York,36,Essex,031,,,,9905,,,,Tract 9905,3248,76,15,2,47
G36003109906,1980,New York,36,Essex,031,,,,9906,,,,Tract 9906,6097,9,5,5,4
G36003109907,1980,New York,36,Essex,031,,,,9907,,,,Tract 9907,3312,6,3,2,2
G36003109908,1980,New York,36,Essex,031,,,,9908,,,,Tract 9908,5194,6,10,16,0
G36003109909,1980,New York,36,Essex,031,,,,9909,,,,Tract 9909,2079,0,4,1,0
G36003309901,1980,New York,36,Franklin,033,,,,9901,,,,Tract 9901,9165,3,20,13,10
G36003309902,1980,New York,36,Franklin,033,,,,9902,,,,Tract 9902,2465,4,811,1,6
G36003309903,1980,New York,36,Franklin,033,,,,9903,,,,Tract 9903,693,0,1131,0,1
G36003309904,1980,New York,36,Franklin,033,,,,9904,,,,Tract 9904,5094,7,22,5,7
G36003309905,1980,New York,36,Franklin,033,,,,9905,,,,Tract 9905,7556,10,38,21,7
G36003309906,1980,New York,36,Franklin,033,,,,9906,,,,Tract 9906,4160,20,30,10,1
G36003309907,1980,New York,36,Franklin,033,,,,9907,,,,Tract 9907,2106,1,3,2,2
G36003309908,1980,New York,36,Franklin,033,,,,9908,,,,Tract 9908,5577,16,23,11,5
G36003309909,1980,New York,36,Franklin,033,,,,9909,,,,Tract 9909,5824,27,5,8,8
G36003509901,1980,New York,36,Fulton,035,,,,9901,,,,Tract 9901,3201,7,3,2,3
G36003509902,1980,New York,36,Fulton,035,,,,9902,,,,Tract 9902,2714,3,6,6,4
G36003509903,1980,New York,36,Fulton,035,,,,9903,,,,Tract 9903,2487,8,5,4,1
G36003509904,1980,New York,36,Fulton,035,,,,9904,,,,Tract 9904,1677,0,3,1,0
G36003509905,1980,New York,36,Fulton,035,,,,9905,,,,Tract 9905,3993,4,7,9,4
G36003509906,1980,New York,36,Fulton,035,,,,9906,,,,Tract 9906,5187,67,9,14,9
G36003509907,1980,New York,36,Fulton,035,,,,9907,,,,Tract 9907,2331,25,11,11,3
G36003509908,1980,New York,36,Fulton,035,,,,9908,,,,Tract 9908,3511,9,4,38,10
G36003509909,1980,New York,36,Fulton,035,,,,9909,,,,Tract 9909,5837,53,9,19,9
G36003509910,1980,New York,36,Fulton,035,,,,9910,,,,Tract 9910,4201,107,4,3,4
G36003509911,1980,New York,36,Fulton,035,,,,9911,,,,Tract 9911,3714,147,3,15,21
G36003509912,1980,New York,36,Fulton,035,,,,9912,,,,Tract 9912,3457,27,6,7,10
G36003509913,1980,New York,36,Fulton,035,,,,9913,,,,Tract 9913,5410,14,1,10,8
G36003509914,1980,New York,36,Fulton,035,,,,9914,,,,Tract 9914,6649,2,6,4,5
G36003709901,1980,New York,36,Genesee,037,,,,9901,,,,Tract 9901,5258,54,13,1,19
G36003709902,1980,New York,36,Genesee,037,,,,9902,,,,Tract 9902,10040,237,25,11,20
G36003709903,1980,New York,36,Genesee,037,,,,9903,,,,Tract 9903,5013,48,10,35,14
G36003709904,1980,New York,36,Genesee,037,,,,9904,,,,Tract 9904,9627,136,478,10,25
G36003709905,1980,New York,36,Genesee,037,,,,9905,,,,Tract 9905,9500,356,42,26,49
G36003709906,1980,New York,36,Genesee,037,,,,9906,,,,Tract 9906,7650,139,26,8,10
G36003709907,1980,New York,36,Genesee,037,,,,9907,,,,Tract 9907,10326,152,19,10,13
G36003909901,1980,New York,36,Greene,039,,,,9901,,,,Tract 9901,6006,544,8,24,143
G36003909902,1980,New York,36,Greene,039,,,,9902,,,,Tract 9902,3718,20,1,5,1
G36003909903,1980,New York,36,Greene,039,,,,9903,,,,Tract 9903,3299,16,16,3,8
G36003909904,1980,New York,36,Greene,039,,,,9904,,,,Tract 9904,3254,7,9,3,7
G36003909905,1980,New York,36,Greene,039,,,,9905,,,,Tract 9905,2382,2,1,1,14
G36003909906,1980,New York,36,Greene,039,,,,9906,,,,Tract 9906,5038,12,4,1,12
G36003909907,1980,New York,36,Greene,039,,,,9907,,,,Tract 9907,6499,288,11,13,34
G36003909908,1980,New York,36,Greene,039,,,,9908,,,,Tract 9908,3048,12,9,4,9
G36003909909,1980,New York,36,Greene,039,,,,9909,,,,Tract 9909,3617,320,2,5,13
G36003909910,1980,New York,36,Greene,039,,,,9910,,,,Tract 9910,2398,4,6,6,4
G36004109901,1980,New York,36,Hamilton,041,,,,9901,,,,Tract 9901,1179,0,0,1,1
G36004109902,1980,New York,36,Hamilton,041,,,,9902,,,,Tract 9902,2348,0,7,3,3
G36004109903,1980,New York,36,Hamilton,041,,,,9903,,,,Tract 9903,1484,0,5,0,3
G36004300101,1980,New York,36,Herkimer,043,,,,0101,,,,Tract  101,5787,25,12,9,9
G3600430010201,1980,New York,36,Herkimer,043,,,,010201,,,,Tract  102.01,4187,2,4,2,1
G3600430010202,1980,New York,36,Herkimer,043,,,,010202,,,,Tract  102.02,3464,13,3,1,9
G36004300103,1980,New York,36,Herkimer,043,,,,0103,,,,Tract  103,5104,9,6,17,5
G36004300104,1980,New York,36,Herkimer,043,,,,0104,,,,Tract  104,4019,2,10,7,11
G3600430010501,1980,New York,36,Herkimer,043,,,,010501,,,,Tract  105.01,2950,6,0,0,0
G3600430010502,1980,New York,36,Herkimer,043,,,,010502,,,,Tract  105.02,2808,4,15,1,7
G36004300106,1980,New York,36,Herkimer,043,,,,0106,,,,Tract  106,448,0,0,0,0
G36004300107,1980,New York,36,Herkimer,043,,,,0107,,,,Tract  107,3123,2,3,1,2
G36004300108,1980,New York,36,Herkimer,043,,,,0108,,,,Tract  108,2565,0,0,8,4
G36004300109,1980,New York,36,Herkimer,043,,,,0109,,,,Tract  109,3331,1,5,0,2
G3600430011001,1980,New York,36,Herkimer,043,,,,011001,,,,Tract  110.01,2426,5,2,6,1
G3600430011002,1980,New York,36,Herkimer,043,,,,011002,,,,Tract  110.02,3134,4,1,0,1
G36004300111,1980,New York,36,Herkimer,043,,,,0111,,,,Tract  111,2538,10,2,3,2
G36004300112,1980,New York,36,Herkimer,043,,,,0112,,,,Tract  112,5760,27,5,21,15
G3600430011301,1980,New York,36,Herkimer,043,,,,011301,,,,Tract  113.01,2633,1,3,5,2
G3600430011302,1980,New York,36,Herkimer,043,,,,011302,,,,Tract  113.02,2867,2,2,10,5
G36004300114,1980,New York,36,Herkimer,043,,,,0114,,,,Tract  114,4311,1,2,7,2
G36004300115,1980,New York,36,Herkimer,043,,,,0115,,,,Tract  115,4872,4,8,3,7
G36004509901,1980,New York,36,Jefferson,045,,,,9901,,,,Tract 9901,3696,0,9,2,0
G36004509902,1980,New York,36,Jefferson,045,,,,9902,,,,Tract 9902,4848,0,11,5,11
G36004509903,1980,New York,36,Jefferson,045,,,,9903,,,,Tract 9903,1726,0,5,1,1
G36004509904,1980,New York,36,Jefferson,045,,,,9904,,,,Tract 9904,9688,34,42,24,13
G36004509905,1980,New York,36,Jefferson,045,,,,9905,,,,Tract 9905,6945,5,7,6,6
G36004509906,1980,New York,36,Jefferson,045,,,,9906,,,,Tract 9906,377,81,0,6,13
G36004509907,1980,New York,36,Jefferson,045,,,,9907,,,,Tract 9907,8932,12,25,12,19
G36004509908,1980,New York,36,Jefferson,045,,,,9908,,,,Tract 9908,10650,61,16,42,26
G36004509909,1980,New York,36,Jefferson,045,,,,9909,,,,Tract 9909,8820,29,28,23,10
G36004509910,1980,New York,36,Jefferson,045,,,,9910,,,,Tract 9910,6719,1,27,8,0
G36004509911,1980,New York,36,Jefferson,045,,,,9911,,,,Tract 9911,1346,0,3,4,0
G36004509912,1980,New York,36,Jefferson,045,,,,9912,,,,Tract 9912,10058,17,13,32,5
G36004509913,1980,New York,36,Jefferson,045,,,,9913,,,,Tract 9913,9615,23,18,41,24
G36004509914,1980,New York,36,Jefferson,045,,,,9914,,,,Tract 9914,50,11,0,4,7
G36004509915,1980,New York,36,Jefferson,045,,,,9915,,,,Tract 9915,633,0,3,2,0
G36004509916,1980,New York,36,Jefferson,045,,,,9916,,,,Tract 9916,309,0,0,0,0
G36004509917,1980,New York,36,Jefferson,045,,,,9917,,,,Tract 9917,1437,0,1,1,2
G36004509918,1980,New York,36,Jefferson,045,,,,9918,,,,Tract 9918,1469,0,0,0,1
G36004700001,1980,New York,36,Kings,047,,,,0001,,,,Tract    1,4068,532,6,152,144
G36004700002,1980,New York,36,Kings,047,,,,0002,,,,Tract    2,423,53,0,3,764
G3600470000301,1980,New York,36,Kings,047,,,,000301,,,,Tract    3.01,4934,247,5,59,108
G3600470000302,1980,New York,36,Kings,047,,,,000302,,,,Tract    3.02,45,0,0,0,0
G36004700005,1980,New York,36,Kings,047,,,,0005,,,,Tract    5,5590,311,11,125,136
G36004700007,1980,New York,36,Kings,047,,,,0007,,,,Tract    7,2929,131,2,64,146
G36004700009,1980,New York,36,Kings,047,,,,0009,,,,Tract    9,1397,201,10,83,114
G36004700011,1980,New York,36,Kings,047,,,,0011,,,,Tract   11,133,25,0,18,8
G36004700013,1980,New York,36,Kings,047,,,,0013,,,,Tract   13,967,492,8,64,78
G36004700018,1980,New York,36,Kings,047,,,,0018,,,,Tract   18,116,15,0,0,3
G3600470001899,1980,New York,36,Kings,047,,,,001899,,,,Tract   18.99,36,20,0,0,1
G36004700020,1980,New York,36,Kings,047,,,,0020,,,,Tract   20,386,92,0,24,844
G36004700021,1980,New York,36,Kings,047,,,,0021,,,,Tract   21,319,22,0,21,40
G3600470002199,1980,New York,36,Kings,047,,,,002199,,,,Tract   21.99,0,0,0,0,0
G36004700022,1980,New York,36,Kings,047,,,,0022,,,,Tract   22,1876,303,13,129,1270
G36004700023,1980,New York,36,Kings,047,,,,0023,,,,Tract   23,317,4072,5,19,537
G36004700025,1980,New York,36,Kings,047,,,,0025,,,,Tract   25,252,2186,10,10,403
G36004700027,1980,New York,36,Kings,047,,,,0027,,,,Tract   27,85,204,4,28,17
G3600470002901,1980,New York,36,Kings,047,,,,002901,,,,Tract   29.01,173,2960,22,4,438
G3600470002902,1980,New York,36,Kings,047,,,,002902,,,,Tract   29.02,79,402,7,7,54
G36004700030,1980,New York,36,Kings,047,,,,0030,,,,Tract   30,1524,3,0,67,30
G36004700031,1980,New York,36,Kings,047,,,,0031,,,,Tract   31,720,1322,10,533,168
G36004700032,1980,New York,36,Kings,047,,,,0032,,,,Tract   32,798,0,0,4,7
G36004700033,1980,New York,36,Kings,047,,,,0033,,,,Tract   33,383,950,1,22,284
G36004700034,1980,New York,36,Kings,047,,,,0034,,,,Tract   34,2861,0,0,23,29
G36004700035,1980,New York,36,Kings,047,,,,0035,,,,Tract   35,445,835,6,21,131
G36004700036,1980,New York,36,Kings,047,,,,0036,,,,Tract   36,3506,11,0,99,67
G36004700037,1980,New York,36,Kings,047,,,,0037,,,,Tract   37,96,86,7,23,77
G36004700038,1980,New York,36,Kings,047,,,,0038,,,,Tract   38,1555,3,2,38,5
G36004700039,1980,New York,36,Kings,047,,,,0039,,,,Tract   39,1007,522,5,33,320
G36004700040,1980,New York,36,Kings,047,,,,0040,,,,Tract   40,1477,1,0,12,28
G36004700041,1980,New York,36,Kings,047,,,,0041,,,,Tract   41,1686,530,47,73,451
G36004700042,1980,New York,36,Kings,047,,,,0042,,,,Tract   42,1143,0,0,18,12
G36004700043,1980,New York,36,Kings,047,,,,0043,,,,Tract   43,1304,667,6,147,962
G36004700045,1980,New York,36,Kings,047,,,,0045,,,,Tract   45,3079,139,4,109,256
G36004700046,1980,New York,36,Kings,047,,,,0046,,,,Tract   46,924,1,0,26,5
G36004700047,1980,New York,36,Kings,047,,,,0047,,,,Tract   47,234,17,0,3,299
G36004700048,1980,New York,36,Kings,047,,,,0048,,,,Tract   48,405,0,0,1,3
G36004700049,1980,New York,36,Kings,047,,,,0049,,,,Tract   49,1876,135,4,99,420
G36004700050,1980,New York,36,Kings,047,,,,0050,,,,Tract   50,2378,3,0,28,12
G36004700051,1980,New York,36,Kings,047,,,,0051,,,,Tract   51,988,52,1,88,666
G3600470005201,1980,New York,36,Kings,047,,,,005201,,,,Tract   52.01,1298,0,0,1,10
G3600470005202,1980,New York,36,Kings,047,,,,005202,,,,Tract   52.02,2754,3,1,22,14
G36004700054,1980,New York,36,Kings,047,,,,0054,,,,Tract   54,3201,3,2,62,30
G36004700055,1980,New York,36,Kings,047,,,,0055,,,,Tract   55,144,20,0,1,62
G3600470005599,1980,New York,36,Kings,047,,,,005599,,,,Tract   55.99,0,0,0,0,0
G3600470005601,1980,New York,36,Kings,047,,,,005601,,,,Tract   56.01,2603,0,0,44,18
G3600470005602,1980,New York,36,Kings,047,,,,005602,,,,Tract   56.02,1189,2,0,22,12
G36004700057,1980,New York,36,Kings,047,,,,0057,,,,Tract   57,941,122,0,13,576
G36004700058,1980,New York,36,Kings,047,,,,0058,,,,Tract   58,3050,1,9,118,33
G36004700059,1980,New York,36,Kings,047,,,,0059,,,,Tract   59,559,242,4,6,562
G36004700060,1980,New York,36,Kings,047,,,,0060,,,,Tract   60,2547,5,5,151,31
G36004700062,1980,New York,36,Kings,047,,,,0062,,,,Tract   62,2527,5,1,93,5
G36004700063,1980,New York,36,Kings,047,,,,0063,,,,Tract   63,1812,25,5,29,208
G36004700064,1980,New York,36,Kings,047,,,,0064,,,,Tract   64,3240,4,1,127,42
G36004700065,1980,New York,36,Kings,047,,,,0065,,,,Tract   65,5618,53,8,36,490
G36004700066,1980,New York,36,Kings,047,,,,0066,,,,Tract   66,3377,8,14,194,71
G36004700067,1980,New York,36,Kings,047,,,,0067,,,,Tract   67,3450,65,4,34,309
G36004700068,1980,New York,36,Kings,047,,,,0068,,,,Tract   68,3578,3,7,501,104
G36004700069,1980,New York,36,Kings,047,,,,0069,,,,Tract   69,2112,211,11,69,992
G36004700070,1980,New York,36,Kings,047,,,,0070,,,,Tract   70,1835,113,5,119,99
G36004700071,1980,New York,36,Kings,047,,,,0071,,,,Tract   71,1332,3057,17,8,1082
G36004700072,1980,New York,36,Kings,047,,,,0072,,,,Tract   72,889,3,2,139,451
G36004700074,1980,New York,36,Kings,047,,,,0074,,,,Tract   74,2008,60,4,300,2020
G36004700075,1980,New York,36,Kings,047,,,,0075,,,,Tract   75,4100,44,17,51,720
G36004700076,1980,New York,36,Kings,047,,,,0076,,,,Tract   76,1951,50,7,182,1404
G36004700077,1980,New York,36,Kings,047,,,,0077,,,,Tract   77,3365,73,5,74,422
G36004700078,1980,New York,36,Kings,047,,,,0078,,,,Tract   78,1827,107,33,92,2410
G36004700080,1980,New York,36,Kings,047,,,,0080,,,,Tract   80,1434,56,7,79,1913
G36004700082,1980,New York,36,Kings,047,,,,0082,,,,Tract   82,1919,109,5,53,1299
G36004700084,1980,New York,36,Kings,047,,,,0084,,,,Tract   84,1611,78,9,64,885
G36004700085,1980,New York,36,Kings,047,,,,0085,,,,Tract   85,788,6056,27,7,1546
G36004700086,1980,New York,36,Kings,047,,,,0086,,,,Tract   86,0,0,0,0,0
G36004700088,1980,New York,36,Kings,047,,,,0088,,,,Tract   88,1709,62,2,36,704
G36004700090,1980,New York,36,Kings,047,,,,0090,,,,Tract   90,1467,61,4,32,371
G36004700092,1980,New York,36,Kings,047,,,,0092,,,,Tract   92,2387,213,17,172,938
G36004700094,1980,New York,36,Kings,047,,,,0094,,,,Tract   94,2974,19,6,180,500
G36004700096,1980,New York,36,Kings,047,,,,0096,,,,Tract   96,3124,98,3,117,1436
G36004700098,1980,New York,36,Kings,047,,,,0098,,,,Tract   98,2619,101,9,138,1823
G36004700100,1980,New York,36,Kings,047,,,,0100,,,,Tract  100,2972,61,9,291,1048
G36004700101,1980,New York,36,Kings,047,,,,0101,,,,Tract  101,2164,108,2,63,718
G36004700102,1980,New York,36,Kings,047,,,,0102,,,,Tract  102,2942,32,13,132,370
G36004700104,1980,New York,36,Kings,047,,,,0104,,,,Tract  104,3029,7,3,726,183
G36004700106,1980,New York,36,Kings,047,,,,0106,,,,Tract  106,3134,14,0,244,193
G36004700108,1980,New York,36,Kings,047,,,,0108,,,,Tract  108,2655,17,8,135,639
G36004700110,1980,New York,36,Kings,047,,,,0110,,,,Tract  110,1437,13,0,38,243
G36004700112,1980,New York,36,Kings,047,,,,0112,,,,Tract  112,3340,329,10,247,810
G36004700114,1980,New York,36,Kings,047,,,,0114,,,,Tract  114,3455,191,10,235,313
G36004700116,1980,New York,36,Kings,047,,,,0116,,,,Tract  116,2501,4,3,237,105
G36004700117,1980,New York,36,Kings,047,,,,0117,,,,Tract  117,1753,107,2,68,435
G36004700118,1980,New York,36,Kings,047,,,,0118,,,,Tract  118,1273,11,0,133,41
G36004700120,1980,New York,36,Kings,047,,,,0120,,,,Tract  120,685,1,1,154,59
G36004700121,1980,New York,36,Kings,047,,,,0121,,,,Tract  121,1066,60,1,95,359
G36004700122,1980,New York,36,Kings,047,,,,0122,,,,Tract  122,2641,78,7,170,819
G36004700123,1980,New York,36,Kings,047,,,,0123,,,,Tract  123,213,0,0,5,90
G36004700124,1980,New York,36,Kings,047,,,,0124,,,,Tract  124,1359,3,0,112,56
G36004700125,1980,New York,36,Kings,047,,,,0125,,,,Tract  125,921,47,0,12,184
G36004700127,1980,New York,36,Kings,047,,,,0127,,,,Tract  127,1075,1728,13,32,973
G3600470012801,1980,New York,36,Kings,047,,,,012801,,,,Tract  128.01,1445,0,2,48,10
G3600470012802,1980,New York,36,Kings,047,,,,012802,,,,Tract  128.02,518,6,0,36,7
G3600470012901,1980,New York,36,Kings,047,,,,012901,,,,Tract  129.01,636,516,4,23,586
G3600470012902,1980,New York,36,Kings,047,,,,012902,,,,Tract  129.02,829,793,4,6,557
G36004700130,1980,New York,36,Kings,047,,,,0130,,,,Tract  130,3891,7,9,288,67
G36004700131,1980,New York,36,Kings,047,,,,0131,,,,Tract  131,1739,1310,8,60,1124
G36004700132,1980,New York,36,Kings,047,,,,0132,,,,Tract  132,1835,1,1,33,7
G36004700133,1980,New York,36,Kings,047,,,,0133,,,,Tract  133,2351,601,1,149,685
G36004700134,1980,New York,36,Kings,047,,,,0134,,,,Tract  134,3664,0,4,79,24
G36004700135,1980,New York,36,Kings,047,,,,0135,,,,Tract  135,1657,815,23,18,947
G36004700136,1980,New York,36,Kings,047,,,,0136,,,,Tract  136,3736,3,2,108,30
G36004700137,1980,New York,36,Kings,047,,,,0137,,,,Tract  137,2369,353,7,103,599
G36004700138,1980,New York,36,Kings,047,,,,0138,,,,Tract  138,3024,2,5,67,37
G36004700139,1980,New York,36,Kings,047,,,,0139,,,,Tract  139,2732,421,11,119,562
G36004700140,1980,New York,36,Kings,047,,,,0140,,,,Tract  140,1920,0,2,36,13
G36004700141,1980,New York,36,Kings,047,,,,0141,,,,Tract  141,1654,73,8,115,742
G36004700142,1980,New York,36,Kings,047,,,,0142,,,,Tract  142,2944,5,3,118,65
G36004700143,1980,New York,36,Kings,047,,,,0143,,,,Tract  143,2479,93,1,40,662
G36004700144,1980,New York,36,Kings,047,,,,0144,,,,Tract  144,1191,0,0,0,0
G36004700145,1980,New York,36,Kings,047,,,,0145,,,,Tract  145,2497,75,7,79,815
G36004700146,1980,New York,36,Kings,047,,,,0146,,,,Tract  146,1126,0,0,0,2
G36004700147,1980,New York,36,Kings,047,,,,0147,,,,Tract  147,1537,85,4,34,470
G36004700148,1980,New York,36,Kings,047,,,,0148,,,,Tract  148,1454,0,0,3,7
G36004700149,1980,New York,36,Kings,047,,,,0149,,,,Tract  149,3706,335,7,128,1469
G36004700150,1980,New York,36,Kings,047,,,,0150,,,,Tract  150,1679,0,0,0,0
G36004700151,1980,New York,36,Kings,047,,,,0151,,,,Tract  151,2564,208,17,57,647
G36004700153,1980,New York,36,Kings,047,,,,0153,,,,Tract  153,2419,340,3,293,197
G36004700154,1980,New York,36,Kings,047,,,,0154,,,,Tract  154,97,28,1,3,0
G36004700155,1980,New York,36,Kings,047,,,,0155,,,,Tract  155,2860,696,10,38,133
G36004700156,1980,New York,36,Kings,047,,,,0156,,,,Tract  156,691,0,0,23,12
G36004700157,1980,New York,36,Kings,047,,,,0157,,,,Tract  157,3246,565,4,59,294
G36004700158,1980,New York,36,Kings,047,,,,0158,,,,Tract  158,1303,0,0,15,10
G36004700159,1980,New York,36,Kings,047,,,,0159,,,,Tract  159,3372,959,5,95,245
G36004700160,1980,New York,36,Kings,047,,,,0160,,,,Tract  160,3304,16,2,149,51
G36004700161,1980,New York,36,Kings,047,,,,0161,,,,Tract  161,980,1468,10,44,519
G36004700162,1980,New York,36,Kings,047,,,,0162,,,,Tract  162,1518,2,3,47,30
G36004700163,1980,New York,36,Kings,047,,,,0163,,,,Tract  163,728,2413,18,39,334
G36004700164,1980,New York,36,Kings,047,,,,0164,,,,Tract  164,923,493,3,155,136
G36004700165,1980,New York,36,Kings,047,,,,0165,,,,Tract  165,4585,166,8,62,115
G36004700167,1980,New York,36,Kings,047,,,,0167,,,,Tract  167,4213,290,6,67,417
G36004700168,1980,New York,36,Kings,047,,,,0168,,,,Tract  168,1596,0,2,0,1
G36004700169,1980,New York,36,Kings,047,,,,0169,,,,Tract  169,3886,254,12,139,701
G36004700170,1980,New York,36,Kings,047,,,,0170,,,,Tract  170,2861,3,2,9,6
G36004700171,1980,New York,36,Kings,047,,,,0171,,,,Tract  171,3432,15,2,47,55
G36004700172,1980,New York,36,Kings,047,,,,0172,,,,Tract  172,2801,0,0,24,18
G36004700173,1980,New York,36,Kings,047,,,,0173,,,,Tract  173,398,0,0,3,6
G36004700174,1980,New York,36,Kings,047,,,,0174,,,,Tract  174,1680,0,0,17,21
G36004700175,1980,New York,36,Kings,047,,,,0175,,,,Tract  175,0,0,0,0,0
G36004700176,1980,New York,36,Kings,047,,,,0176,,,,Tract  176,2013,30,1,2,36
G36004700177,1980,New York,36,Kings,047,,,,0177,,,,Tract  177,0,0,0,0,0
G36004700178,1980,New York,36,Kings,047,,,,0178,,,,Tract  178,1992,86,2,56,33
G36004700179,1980,New York,36,Kings,047,,,,0179,,,,Tract  179,343,2292,5,29,218
G36004700180,1980,New York,36,Kings,047,,,,0180,,,,Tract  180,2654,3,0,11,11
G36004700181,1980,New York,36,Kings,047,,,,0181,,,,Tract  181,822,2658,20,31,286
G36004700182,1980,New York,36,Kings,047,,,,0182,,,,Tract  182,2623,0,0,5,24
G36004700183,1980,New York,36,Kings,047,,,,0183,,,,Tract  183,755,1336,13,47,369
G36004700184,1980,New York,36,Kings,047,,,,0184,,,,Tract  184,2103,0,0,1,5
G3600470018501,1980,New York,36,Kings,047,,,,018501,,,,Tract  185.01,432,4057,8,7,549
G3600470018502,1980,New York,36,Kings,047,,,,018502,,,,Tract  185.02,298,265,2,19,422
G36004700186,1980,New York,36,Kings,047,,,,0186,,,,Tract  186,1815,0,0,1,9
G36004700187,1980,New York,36,Kings,047,,,,0187,,,,Tract  187,365,462,0,76,268
G36004700188,1980,New York,36,Kings,047,,,,0188,,,,Tract  188,2444,0,0,12,12
G36004700189,1980,New York,36,Kings,047,,,,0189,,,,Tract  189,18,10,0,0,1
G36004700190,1980,New York,36,Kings,047,,,,0190,,,,Tract  190,3407,8,0,54,15
G36004700191,1980,New York,36,Kings,047,,,,0191,,,,Tract  191,745,948,7,24,487
G36004700192,1980,New York,36,Kings,047,,,,0192,,,,Tract  192,1892,0,0,32,48
G36004700193,1980,New York,36,Kings,047,,,,0193,,,,Tract  193,1052,2658,20,59,276
G36004700194,1980,New York,36,Kings,047,,,,0194,,,,Tract  194,2291,4,0,122,19
G36004700195,1980,New York,36,Kings,047,,,,0195,,,,Tract  195,1249,2283,9,42,275
G36004700196,1980,New York,36,Kings,047,,,,0196,,,,Tract  196,3558,0,0,10,9
G36004700197,1980,New York,36,Kings,047,,,,0197,,,,Tract  197,933,2377,11,51,154
G36004700198,1980,New York,36,Kings,047,,,,0198,,,,Tract  198,1828,0,0,0,2
G36004700199,1980,New York,36,Kings,047,,,,0199,,,,Tract  199,316,2272,6,30,68
G36004700200,1980,New York,36,Kings,047,,,,0200,,,,Tract  200,2019,0,0,6,5
G36004700201,1980,New York,36,Kings,047,,,,0201,,,,Tract  201,144,3226,9,11,35
G36004700202,1980,New York,36,Kings,047,,,,0202,,,,Tract  202,1982,0,0,0,1
G36004700203,1980,New York,36,Kings,047,,,,0203,,,,Tract  203,171,651,2,5,174
G36004700204,1980,New York,36,Kings,047,,,,0204,,,,Tract  204,1999,0,1,11,1
G36004700205,1980,New York,36,Kings,047,,,,0205,,,,Tract  205,290,2205,7,11,160
G36004700206,1980,New York,36,Kings,047,,,,0206,,,,Tract  206,2123,0,0,12,18
G36004700207,1980,New York,36,Kings,047,,,,0207,,,,Tract  207,963,3751,4,61,317
G36004700208,1980,New York,36,Kings,047,,,,0208,,,,Tract  208,2723,2,0,21,29
G36004700210,1980,New York,36,Kings,047,,,,0210,,,,Tract  210,2935,1,3,72,56
G36004700212,1980,New York,36,Kings,047,,,,0212,,,,Tract  212,2873,6,4,54,21
G36004700213,1980,New York,36,Kings,047,,,,0213,,,,Tract  213,263,4165,11,31,220
G36004700214,1980,New York,36,Kings,047,,,,0214,,,,Tract  214,1454,0,1,23,4
G36004700215,1980,New York,36,Kings,047,,,,0215,,,,Tract  215,1010,4781,7,49,83
G36004700216,1980,New York,36,Kings,047,,,,0216,,,,Tract  216,2659,8,4,35,34
G36004700217,1980,New York,36,Kings,047,,,,0217,,,,Tract  217,495,2713,2,105,166
G36004700218,1980,New York,36,Kings,047,,,,0218,,,,Tract  218,3301,46,9,117,103
G36004700219,1980,New York,36,Kings,047,,,,0219,,,,Tract  219,50,3043,0,6,64
G36004700220,1980,New York,36,Kings,047,,,,0220,,,,Tract  220,3518,7,0,159,105
G36004700221,1980,New York,36,Kings,047,,,,0221,,,,Tract  221,16,2748,6,4,56
G36004700222,1980,New York,36,Kings,047,,,,0222,,,,Tract  222,3445,15,0,42,239
G36004700223,1980,New York,36,Kings,047,,,,0223,,,,Tract  223,391,2773,3,6,361
G36004700224,1980,New York,36,Kings,047,,,,0224,,,,Tract  224,3058,22,0,155,453
G36004700225,1980,New York,36,Kings,047,,,,0225,,,,Tract  225,78,580,1,8,88
G36004700226,1980,New York,36,Kings,047,,,,0226,,,,Tract  226,1193,11,3,21,241
G36004700227,1980,New York,36,Kings,047,,,,0227,,,,Tract  227,26,2798,2,12,11
G36004700228,1980,New York,36,Kings,047,,,,0228,,,,Tract  228,1560,86,0,185,429
G36004700229,1980,New York,36,Kings,047,,,,0229,,,,Tract  229,28,3288,3,4,51
G36004700230,1980,New York,36,Kings,047,,,,0230,,,,Tract  230,2855,110,1,66,576
G36004700231,1980,New York,36,Kings,047,,,,0231,,,,Tract  231,44,2188,6,9,66
G36004700232,1980,New York,36,Kings,047,,,,0232,,,,Tract  232,4663,51,2,159,227
G36004700233,1980,New York,36,Kings,047,,,,0233,,,,Tract  233,247,4337,14,1,584
G36004700234,1980,New York,36,Kings,047,,,,0234,,,,Tract  234,4048,4,0,6,24
G36004700235,1980,New York,36,Kings,047,,,,0235,,,,Tract  235,667,784,0,2,587
G36004700236,1980,New York,36,Kings,047,,,,0236,,,,Tract  236,4378,18,3,26,46
G36004700237,1980,New York,36,Kings,047,,,,0237,,,,Tract  237,360,194,11,7,725
G36004700238,1980,New York,36,Kings,047,,,,0238,,,,Tract  238,3867,7,0,37,16
G36004700239,1980,New York,36,Kings,047,,,,0239,,,,Tract  239,52,179,0,0,269
G36004700240,1980,New York,36,Kings,047,,,,0240,,,,Tract  240,4134,17,1,38,91
G36004700241,1980,New York,36,Kings,047,,,,0241,,,,Tract  241,181,1088,0,5,157
G36004700242,1980,New York,36,Kings,047,,,,0242,,,,Tract  242,2524,1,1,24,30
G36004700243,1980,New York,36,Kings,047,,,,0243,,,,Tract  243,30,2988,1,7,87
G36004700244,1980,New York,36,Kings,047,,,,0244,,,,Tract  244,2596,2,0,12,62
G36004700245,1980,New York,36,Kings,047,,,,0245,,,,Tract  245,15,3451,2,1,63
G36004700246,1980,New York,36,Kings,047,,,,0246,,,,Tract  246,2839,7,0,15,12
G36004700247,1980,New York,36,Kings,047,,,,0247,,,,Tract  247,23,2088,2,25,9
G36004700248,1980,New York,36,Kings,047,,,,0248,,,,Tract  248,2122,0,0,60,28
G36004700249,1980,New York,36,Kings,047,,,,0249,,,,Tract  249,20,3779,1,6,37
G36004700250,1980,New York,36,Kings,047,,,,0250,,,,Tract  250,1166,2,0,7,15
G36004700251,1980,New York,36,Kings,047,,,,0251,,,,Tract  251,30,3076,1,2,59
G36004700252,1980,New York,36,Kings,047,,,,0252,,,,Tract  252,3761,3,0,108,42
G36004700253,1980,New York,36,Kings,047,,,,0253,,,,Tract  253,92,1952,0,7,180
G36004700254,1980,New York,36,Kings,047,,,,0254,,,,Tract  254,2945,2,0,72,18
G36004700255,1980,New York,36,Kings,047,,,,0255,,,,Tract  255,254,5125,22,3,700
G36004700256,1980,New York,36,Kings,047,,,,0256,,,,Tract  256,2581,0,0,99,12
G36004700257,1980,New York,36,Kings,047,,,,0257,,,,Tract  257,269,351,0,1,616
G36004700258,1980,New York,36,Kings,047,,,,0258,,,,Tract  258,3916,20,0,86,78
G3600470025901,1980,New York,36,Kings,047,,,,025901,,,,Tract  259.01,382,815,0,0,448
G3600470025902,1980,New York,36,Kings,047,,,,025902,,,,Tract  259.02,357,3018,8,2,683
G36004700260,1980,New York,36,Kings,047,,,,0260,,,,Tract  260,3036,0,0,40,4
G36004700261,1980,New York,36,Kings,047,,,,0261,,,,Tract  261,546,2777,17,10,873
G36004700262,1980,New York,36,Kings,047,,,,0262,,,,Tract  262,2116,3,1,9,33
G36004700263,1980,New York,36,Kings,047,,,,0263,,,,Tract  263,43,1775,0,0,70
G36004700264,1980,New York,36,Kings,047,,,,0264,,,,Tract  264,3787,2,3,54,11
G36004700265,1980,New York,36,Kings,047,,,,0265,,,,Tract  265,48,3370,4,3,66
G36004700266,1980,New York,36,Kings,047,,,,0266,,,,Tract  266,3244,2,0,47,49
G36004700267,1980,New York,36,Kings,047,,,,0267,,,,Tract  267,17,3848,12,3,75
G36004700268,1980,New York,36,Kings,047,,,,0268,,,,Tract  268,3868,14,0,35,52
G36004700269,1980,New York,36,Kings,047,,,,0269,,,,Tract  269,4,2269,7,9,44
G36004700270,1980,New York,36,Kings,047,,,,0270,,,,Tract  270,1840,24,2,22,19
G3600470027101,1980,New York,36,Kings,047,,,,027101,,,,Tract  271.01,67,1353,8,18,6
G3600470027102,1980,New York,36,Kings,047,,,,027102,,,,Tract  271.02,1,678,0,0,6
G36004700272,1980,New York,36,Kings,047,,,,0272,,,,Tract  272,2979,5,4,60,29
G36004700273,1980,New York,36,Kings,047,,,,0273,,,,Tract  273,28,2044,0,2,34
G36004700274,1980,New York,36,Kings,047,,,,0274,,,,Tract  274,2546,0,0,9,11
G36004700275,1980,New York,36,Kings,047,,,,0275,,,,Tract  275,12,3584,0,1,65
G36004700276,1980,New York,36,Kings,047,,,,0276,,,,Tract  276,2749,1,2,55,19
G36004700277,1980,New York,36,Kings,047,,,,0277,,,,Tract  277,13,4283,4,4,22
G36004700278,1980,New York,36,Kings,047,,,,0278,,,,Tract  278,2566,24,0,63,31
G36004700279,1980,New York,36,Kings,047,,,,0279,,,,Tract  279,18,2887,0,6,61
G36004700280,1980,New York,36,Kings,047,,,,0280,,,,Tract  280,1411,29,0,1,9
G36004700281,1980,New York,36,Kings,047,,,,0281,,,,Tract  281,640,2947,1,9,387
G36004700282,1980,New York,36,Kings,047,,,,0282,,,,Tract  282,2491,2,0,41,24
G36004700283,1980,New York,36,Kings,047,,,,0283,,,,Tract  283,467,2310,1,12,669
G36004700284,1980,New York,36,Kings,047,,,,0284,,,,Tract  284,3156,13,2,147,39
G3600470028501,1980,New York,36,Kings,047,,,,028501,,,,Tract  285.01,138,45,0,6,88
G3600470028502,1980,New York,36,Kings,047,,,,028502,,,,Tract  285.02,745,2627,0,0,210
G36004700286,1980,New York,36,Kings,047,,,,0286,,,,Tract  286,3893,97,2,218,86
G36004700287,1980,New York,36,Kings,047,,,,0287,,,,Tract  287,391,1323,0,5,417
G36004700288,1980,New York,36,Kings,047,,,,0288,,,,Tract  288,2583,12,4,190,45
G36004700289,1980,New York,36,Kings,047,,,,0289,,,,Tract  289,208,1992,4,2,575
G36004700290,1980,New York,36,Kings,047,,,,0290,,,,Tract  290,3239,35,2,107,42
G36004700291,1980,New York,36,Kings,047,,,,0291,,,,Tract  291,8,2579,1,1,8
G36004700292,1980,New York,36,Kings,047,,,,0292,,,,Tract  292,2077,9,1,46,38
G36004700293,1980,New York,36,Kings,047,,,,0293,,,,Tract  293,142,2952,1,4,38
G36004700294,1980,New York,36,Kings,047,,,,0294,,,,Tract  294,1924,7,0,79,36
G36004700295,1980,New York,36,Kings,047,,,,0295,,,,Tract  295,21,3735,0,7,55
G36004700296,1980,New York,36,Kings,047,,,,0296,,,,Tract  296,4404,14,0,111,48
G36004700297,1980,New York,36,Kings,047,,,,0297,,,,Tract  297,25,3738,1,0,70
G36004700298,1980,New York,36,Kings,047,,,,0298,,,,Tract  298,3061,4,0,28,16
G36004700299,1980,New York,36,Kings,047,,,,0299,,,,Tract  299,5,842,0,1,17
G36004700300,1980,New York,36,Kings,047,,,,0300,,,,Tract  300,3213,0,1,36,22
G36004700301,1980,New York,36,Kings,047,,,,0301,,,,Tract  301,17,2132,3,8,165
G36004700302,1980,New York,36,Kings,047,,,,0302,,,,Tract  302,3565,5,1,49,8
G36004700303,1980,New York,36,Kings,047,,,,0303,,,,Tract  303,33,3029,3,2,49
G36004700304,1980,New York,36,Kings,047,,,,0304,,,,Tract  304,3438,92,0,50,25
G36004700306,1980,New York,36,Kings,047,,,,0306,,,,Tract  306,1647,0,0,52,7
G36004700307,1980,New York,36,Kings,047,,,,0307,,,,Tract  307,106,3399,2,2,54
G36004700308,1980,New York,36,Kings,047,,,,0308,,,,Tract  308,1831,0,0,37,4
G36004700309,1980,New York,36,Kings,047,,,,0309,,,,Tract  309,41,1488,2,8,118
G36004700311,1980,New York,36,Kings,047,,,,0311,,,,Tract  311,22,2307,1,1,47
G36004700313,1980,New York,36,Kings,047,,,,0313,,,,Tract  313,48,4175,5,2,122
G36004700314,1980,New York,36,Kings,047,,,,0314,,,,Tract  314,5093,2,1,31,19
G36004700315,1980,New York,36,Kings,047,,,,0315,,,,Tract  315,41,4828,10,29,131
G3600470031701,1980,New York,36,Kings,047,,,,031701,,,,Tract  317.01,28,3269,6,13,44
G3600470031702,1980,New York,36,Kings,047,,,,031702,,,,Tract  317.02,181,3498,4,43,162
G36004700319,1980,New York,36,Kings,047,,,,0319,,,,Tract  319,157,2991,2,13,101
G36004700320,1980,New York,36,Kings,047,,,,0320,,,,Tract  320,231,0,4,0,4
G36004700321,1980,New York,36,Kings,047,,,,0321,,,,Tract  321,497,4605,10,64,606
G36004700323,1980,New York,36,Kings,047,,,,0323,,,,Tract  323,226,3021,8,29,198
G36004700325,1980,New York,36,Kings,047,,,,0325,,,,Tract  325,153,6410,13,19,179
G36004700326,1980,New York,36,Kings,047,,,,0326,,,,Tract  326,1452,3874,22,34,1341
G36004700327,1980,New York,36,Kings,047,,,,0327,,,,Tract  327,264,2693,11,88,121
G36004700328,1980,New York,36,Kings,047,,,,0328,,,,Tract  328,324,1208,0,1,392
G36004700329,1980,New York,36,Kings,047,,,,0329,,,,Tract  329,829,4189,6,36,389
G36004700330,1980,New York,36,Kings,047,,,,0330,,,,Tract  330,1076,2897,9,11,458
G36004700331,1980,New York,36,Kings,047,,,,0331,,,,Tract  331,1768,2276,0,16,95
G36004700333,1980,New York,36,Kings,047,,,,0333,,,,Tract  333,1153,2617,0,21,85
G36004700335,1980,New York,36,Kings,047,,,,0335,,,,Tract  335,453,2467,4,13,59
G36004700336,1980,New York,36,Kings,047,,,,0336,,,,Tract  336,3772,90,3,21,113
G36004700337,1980,New York,36,Kings,047,,,,0337,,,,Tract  337,687,3075,16,24,231
G36004700339,1980,New York,36,Kings,047,,,,0339,,,,Tract  339,44,3614,0,12,126
G36004700340,1980,New York,36,Kings,047,,,,0340,,,,Tract  340,884,1204,4,7,288
G36004700341,1980,New York,36,Kings,047,,,,0341,,,,Tract  341,145,2807,1,3,51
G36004700342,1980,New York,36,Kings,047,,,,0342,,,,Tract  342,1961,4777,11,67,972
G36004700343,1980,New York,36,Kings,047,,,,0343,,,,Tract  343,48,5572,4,1,197
G36004700345,1980,New York,36,Kings,047,,,,0345,,,,Tract  345,43,2360,0,2,35
G36004700347,1980,New York,36,Kings,047,,,,0347,,,,Tract  347,52,2237,1,7,44
G3600470034801,1980,New York,36,Kings,047,,,,034801,,,,Tract  348.01,488,13,0,1,28
G3600470034802,1980,New York,36,Kings,047,,,,034802,,,,Tract  348.02,458,66,1,36,199
G36004700349,1980,New York,36,Kings,047,,,,0349,,,,Tract  349,207,4048,4,44,371
G36004700350,1980,New York,36,Kings,047,,,,0350,,,,Tract  350,3821,47,1,27,28
G36004700351,1980,New York,36,Kings,047,,,,0351,,,,Tract  351,381,3042,6,28,508
G36004700352,1980,New York,36,Kings,047,,,,0352,,,,Tract  352,1023,246,3,5,71
G36004700353,1980,New York,36,Kings,047,,,,0353,,,,Tract  353,412,4308,9,20,246
G36004700354,1980,New York,36,Kings,047,,,,0354,,,,Tract  354,6492,43,0,12,29
G36004700355,1980,New York,36,Kings,047,,,,0355,,,,Tract  355,497,4190,14,16,264
G36004700356,1980,New York,36,Kings,047,,,,0356,,,,Tract  356,9196,19,0,20,33
G36004700357,1980,New York,36,Kings,047,,,,0357,,,,Tract  357,37,1092,0,8,87
G36004700359,1980,New York,36,Kings,047,,,,0359,,,,Tract  359,82,3462,2,3,137
G3600470036001,1980,New York,36,Kings,047,,,,036001,,,,Tract  360.01,3011,22,0,13,32
G3600470036002,1980,New York,36,Kings,047,,,,036002,,,,Tract  360.02,3706,17,0,36,56
G36004700361,1980,New York,36,Kings,047,,,,0361,,,,Tract  361,29,1173,3,2,80
G36004700362,1980,New York,36,Kings,047,,,,0362,,,,Tract  362,2633,129,2,231,606
G36004700363,1980,New York,36,Kings,047,,,,0363,,,,Tract  363,176,3197,20,2,203
G36004700364,1980,New York,36,Kings,047,,,,0364,,,,Tract  364,1631,34,11,176,92
G3600470036501,1980,New York,36,Kings,047,,,,036501,,,,Tract  365.01,230,2161,0,2,80
G3600470036502,1980,New York,36,Kings,047,,,,036502,,,,Tract  365.02,228,247,0,0,360
G36004700366,1980,New York,36,Kings,047,,,,0366,,,,Tract  366,2918,123,5,284,180
G36004700367,1980,New York,36,Kings,047,,,,0367,,,,Tract  367,346,514,8,9,501
G36004700369,1980,New York,36,Kings,047,,,,0369,,,,Tract  369,453,3372,13,3,1169
G36004700370,1980,New York,36,Kings,047,,,,0370,,,,Tract  370,3666,6,2,172,37
G36004700371,1980,New York,36,Kings,047,,,,0371,,,,Tract  371,176,2762,11,5,175
G36004700373,1980,New York,36,Kings,047,,,,0373,,,,Tract  373,88,3492,4,7,133
G36004700374,1980,New York,36,Kings,047,,,,0374,,,,Tract  374,8392,103,7,254,71
G36004700375,1980,New York,36,Kings,047,,,,0375,,,,Tract  375,95,2000,0,4,98
G36004700377,1980,New York,36,Kings,047,,,,0377,,,,Tract  377,37,3667,0,5,54
G36004700379,1980,New York,36,Kings,047,,,,0379,,,,Tract  379,46,2366,1,1,25
G36004700381,1980,New York,36,Kings,047,,,,0381,,,,Tract  381,57,5103,5,5,106
G36004700382,1980,New York,36,Kings,047,,,,0382,,,,Tract  382,2504,3143,25,67,865
G36004700383,1980,New York,36,Kings,047,,,,0383,,,,Tract  383,17,3886,1,15,8
G36004700385,1980,New York,36,Kings,047,,,,0385,,,,Tract  385,98,2797,0,8,61
G36004700386,1980,New York,36,Kings,047,,,,0386,,,,Tract  386,2904,5,0,40,54
G36004700387,1980,New York,36,Kings,047,,,,0387,,,,Tract  387,183,2851,2,4,204
G36004700388,1980,New York,36,Kings,047,,,,0388,,,,Tract  388,3740,31,0,24,20
G36004700389,1980,New York,36,Kings,047,,,,0389,,,,Tract  389,1067,129,6,21,910
G36004700390,1980,New York,36,Kings,047,,,,0390,,,,Tract  390,2150,0,0,21,15
G36004700391,1980,New York,36,Kings,047,,,,0391,,,,Tract  391,658,179,2,4,612
G36004700392,1980,New York,36,Kings,047,,,,0392,,,,Tract  392,2594,10,2,31,8
G36004700393,1980,New York,36,Kings,047,,,,0393,,,,Tract  393,776,776,10,1,1093
G36004700394,1980,New York,36,Kings,047,,,,0394,,,,Tract  394,2456,1,0,44,11
G36004700395,1980,New York,36,Kings,047,,,,0395,,,,Tract  395,1232,1450,13,44,916
G36004700396,1980,New York,36,Kings,047,,,,0396,,,,Tract  396,1989,0,0,34,22
G36004700397,1980,New York,36,Kings,047,,,,0397,,,,Tract  397,405,2474,7,3,377
G36004700398,1980,New York,36,Kings,047,,,,0398,,,,Tract  398,2094,1,1,12,12
G36004700399,1980,New York,36,Kings,047,,,,0399,,,,Tract  399,191,1660,4,7,391
G36004700400,1980,New York,36,Kings,047,,,,0400,,,,Tract  400,2810,2,2,8,4
G36004700401,1980,New York,36,Kings,047,,,,0401,,,,Tract  401,267,1850,7,0,581
G36004700402,1980,New York,36,Kings,047,,,,0402,,,,Tract  402,2215,0,1,14,6
G36004700403,1980,New York,36,Kings,047,,,,0403,,,,Tract  403,232,2470,5,8,467
G36004700404,1980,New York,36,Kings,047,,,,0404,,,,Tract  404,2061,3,2,21,2
G36004700405,1980,New York,36,Kings,047,,,,0405,,,,Tract  405,201,787,6,2,297
G36004700406,1980,New York,36,Kings,047,,,,0406,,,,Tract  406,2754,1,0,16,29
G36004700407,1980,New York,36,Kings,047,,,,0407,,,,Tract  407,3,0,0,0,0
G36004700408,1980,New York,36,Kings,047,,,,0408,,,,Tract  408,2736,7,0,15,11
G36004700409,1980,New York,36,Kings,047,,,,0409,,,,Tract  409,916,1343,4,1,1510
G36004700410,1980,New York,36,Kings,047,,,,0410,,,,Tract  410,1806,5,2,1,5
G36004700411,1980,New York,36,Kings,047,,,,0411,,,,Tract  411,314,2077,4,1,409
G36004700412,1980,New York,36,Kings,047,,,,0412,,,,Tract  412,2296,2,0,10,32
G36004700413,1980,New York,36,Kings,047,,,,0413,,,,Tract  413,296,2248,10,6,632
G3600470041401,1980,New York,36,Kings,047,,,,041401,,,,Tract  414.01,1330,1,0,32,8
G3600470041402,1980,New York,36,Kings,047,,,,041402,,,,Tract  414.02,1677,3,0,17,7
G36004700415,1980,New York,36,Kings,047,,,,0415,,,,Tract  415,358,1852,2,5,622
G36004700416,1980,New York,36,Kings,047,,,,0416,,,,Tract  416,2239,11,0,22,30
G36004700417,1980,New York,36,Kings,047,,,,0417,,,,Tract  417,470,717,4,1,651
G36004700418,1980,New York,36,Kings,047,,,,0418,,,,Tract  418,2511,9,4,56,31
G36004700419,1980,New York,36,Kings,047,,,,0419,,,,Tract  419,649,682,7,0,796
G36004700420,1980,New York,36,Kings,047,,,,0420,,,,Tract  420,1838,4,0,30,14
G36004700421,1980,New York,36,Kings,047,,,,0421,,,,Tract  421,850,509,5,3,1268
G36004700422,1980,New York,36,Kings,047,,,,0422,,,,Tract  422,3047,17,2,36,24
G36004700423,1980,New York,36,Kings,047,,,,0423,,,,Tract  423,1210,183,2,1,1077
G36004700424,1980,New York,36,Kings,047,,,,0424,,,,Tract  424,2882,6,0,43,97
G36004700425,1980,New York,36,Kings,047,,,,0425,,,,Tract  425,893,73,0,10,1137
G36004700426,1980,New York,36,Kings,047,,,,0426,,,,Tract  426,3145,5,0,77,39
G36004700427,1980,New York,36,Kings,047,,,,0427,,,,Tract  427,2213,208,8,41,2504
G36004700428,1980,New York,36,Kings,047,,,,0428,,,,Tract  428,3198,38,4,38,34
G36004700429,1980,New York,36,Kings,047,,,,0429,,,,Tract  429,3081,102,13,50,1881
G36004700430,1980,New York,36,Kings,047,,,,0430,,,,Tract  430,2703,5,1,108,55
G36004700431,1980,New York,36,Kings,047,,,,0431,,,,Tract  431,2598,106,9,67,2200
G36004700432,1980,New York,36,Kings,047,,,,0432,,,,Tract  432,2729,8,0,279,154
G36004700433,1980,New York,36,Kings,047,,,,0433,,,,Tract  433,1338,662,1,9,1278
G36004700434,1980,New York,36,Kings,047,,,,0434,,,,Tract  434,2729,23,4,110,30
G36004700435,1980,New York,36,Kings,047,,,,0435,,,,Tract  435,1515,1270,11,6,1525
G36004700436,1980,New York,36,Kings,047,,,,0436,,,,Tract  436,3321,23,1,166,49
G36004700437,1980,New York,36,Kings,047,,,,0437,,,,Tract  437,1326,1584,18,13,1953
G36004700438,1980,New York,36,Kings,047,,,,0438,,,,Tract  438,2151,7,5,68,24
G36004700439,1980,New York,36,Kings,047,,,,0439,,,,Tract  439,1411,595,17,46,1742
G36004700440,1980,New York,36,Kings,047,,,,0440,,,,Tract  440,2683,6,0,16,17
G36004700441,1980,New York,36,Kings,047,,,,0441,,,,Tract  441,2726,33,15,221,1198
G36004700442,1980,New York,36,Kings,047,,,,0442,,,,Tract  442,2590,20,0,26,38
G36004700443,1980,New York,36,Kings,047,,,,0443,,,,Tract  443,4023,712,10,278,1201
G36004700444,1980,New York,36,Kings,047,,,,0444,,,,Tract  444,3108,4,0,55,41
G36004700445,1980,New York,36,Kings,047,,,,0445,,,,Tract  445,2301,25,14,228,812
G36004700446,1980,New York,36,Kings,047,,,,0446,,,,Tract  446,1666,0,0,34,18
G36004700447,1980,New York,36,Kings,047,,,,0447,,,,Tract  447,1058,32,0,17,385
G36004700448,1980,New York,36,Kings,047,,,,0448,,,,Tract  448,1337,5,1,20,70
G36004700450,1980,New York,36,Kings,047,,,,0450,,,,Tract  450,1143,2,1,3,11
G36004700452,1980,New York,36,Kings,047,,,,0452,,,,Tract  452,2643,9,0,28,15
G36004700453,1980,New York,36,Kings,047,,,,0453,,,,Tract  453,810,161,5,31,583
G36004700454,1980,New York,36,Kings,047,,,,0454,,,,Tract  454,1738,5,1,57,68
G36004700455,1980,New York,36,Kings,047,,,,0455,,,,Tract  455,0,0,0,0,0
G36004700456,1980,New York,36,Kings,047,,,,0456,,,,Tract  456,2038,5,0,47,18
G36004700458,1980,New York,36,Kings,047,,,,0458,,,,Tract  458,1588,0,0,0,1
G3600470046001,1980,New York,36,Kings,047,,,,046001,,,,Tract  460.01,2047,21,0,54,56
G3600470046002,1980,New York,36,Kings,047,,,,046002,,,,Tract  460.02,406,65,2,22,10
G3600470046201,1980,New York,36,Kings,047,,,,046201,,,,Tract  462.01,2069,36,2,22,21
G3600470046202,1980,New York,36,Kings,047,,,,046202,,,,Tract  462.02,1520,2,3,8,10
G36004700464,1980,New York,36,Kings,047,,,,0464,,,,Tract  464,1931,12,0,93,162
G36004700465,1980,New York,36,Kings,047,,,,0465,,,,Tract  465,387,1352,8,10,402
G36004700468,1980,New York,36,Kings,047,,,,0468,,,,Tract  468,1326,0,0,2,6
G36004700470,1980,New York,36,Kings,047,,,,0470,,,,Tract  470,2353,0,0,15,19
G36004700472,1980,New York,36,Kings,047,,,,0472,,,,Tract  472,2700,179,10,110,392
G36004700473,1980,New York,36,Kings,047,,,,0473,,,,Tract  473,633,283,2,3,126
G36004700474,1980,New York,36,Kings,047,,,,0474,,,,Tract  474,3105,1,1,16,32
G36004700476,1980,New York,36,Kings,047,,,,0476,,,,Tract  476,3389,13,0,33,63
G36004700477,1980,New York,36,Kings,047,,,,0477,,,,Tract  477,2196,22,0,48,227
G36004700478,1980,New York,36,Kings,047,,,,0478,,,,Tract  478,3213,79,4,57,472
G36004700480,1980,New York,36,Kings,047,,,,0480,,,,Tract  480,2298,11,2,87,90
G36004700481,1980,New York,36,Kings,047,,,,0481,,,,Tract  481,1804,29,6,13,313
G36004700482,1980,New York,36,Kings,047,,,,0482,,,,Tract  482,3772,365,7,114,275
G36004700483,1980,New York,36,Kings,047,,,,0483,,,,Tract  483,394,40,3,14,304
G36004700484,1980,New York,36,Kings,047,,,,0484,,,,Tract  484,3799,250,6,75,222
G36004700486,1980,New York,36,Kings,047,,,,0486,,,,Tract  486,1656,184,1,257,493
G36004700487,1980,New York,36,Kings,047,,,,0487,,,,Tract  487,147,17,0,0,89
G36004700488,1980,New York,36,Kings,047,,,,0488,,,,Tract  488,2777,238,2,131,226
G36004700489,1980,New York,36,Kings,047,,,,0489,,,,Tract  489,1107,2734,9,6,951
G36004700490,1980,New York,36,Kings,047,,,,0490,,,,Tract  490,3965,554,12,65,270
G36004700491,1980,New York,36,Kings,047,,,,0491,,,,Tract  491,1533,1905,12,306,1463
G36004700492,1980,New York,36,Kings,047,,,,0492,,,,Tract  492,1998,433,2,96,200
G36004700493,1980,New York,36,Kings,047,,,,0493,,,,Tract  493,3471,1325,12,62,3246
G36004700494,1980,New York,36,Kings,047,,,,0494,,,,Tract  494,3798,586,14,131,311
G36004700495,1980,New York,36,Kings,047,,,,0495,,,,Tract  495,1724,41,4,38,563
G36004700496,1980,New York,36,Kings,047,,,,0496,,,,Tract  496,3023,50,6,310,164
G36004700497,1980,New York,36,Kings,047,,,,0497,,,,Tract  497,2404,0,3,18,47
G36004700498,1980,New York,36,Kings,047,,,,0498,,,,Tract  498,3102,42,3,100,91
G36004700499,1980,New York,36,Kings,047,,,,0499,,,,Tract  499,1433,3,0,4,107
G36004700500,1980,New York,36,Kings,047,,,,0500,,,,Tract  500,3262,169,0,73,107
G36004700501,1980,New York,36,Kings,047,,,,0501,,,,Tract  501,2507,7,0,20,345
G3600470050201,1980,New York,36,Kings,047,,,,050201,,,,Tract  502.01,1654,0,1,33,5
G3600470050202,1980,New York,36,Kings,047,,,,050202,,,,Tract  502.02,1995,29,0,54,130
G36004700503,1980,New York,36,Kings,047,,,,0503,,,,Tract  503,2327,27,3,21,492
G36004700504,1980,New York,36,Kings,047,,,,0504,,,,Tract  504,3032,580,12,122,314
G36004700505,1980,New York,36,Kings,047,,,,0505,,,,Tract  505,1390,922,3,98,1521
G36004700506,1980,New York,36,Kings,047,,,,0506,,,,Tract  506,1586,2366,7,461,888
G36004700507,1980,New York,36,Kings,047,,,,0507,,,,Tract  507,235,46,0,6,283
G36004700508,1980,New York,36,Kings,047,,,,0508,,,,Tract  508,1792,7849,18,1655,1194
G36004700509,1980,New York,36,Kings,047,,,,0509,,,,Tract  509,259,22,5,1,565
G36004700510,1980,New York,36,Kings,047,,,,0510,,,,Tract  510,1436,5696,21,266,859
G36004700511,1980,New York,36,Kings,047,,,,0511,,,,Tract  511,1460,420,1,254,819
G36004700512,1980,New York,36,Kings,047,,,,0512,,,,Tract  512,1463,3407,8,332,469
G36004700513,1980,New York,36,Kings,047,,,,0513,,,,Tract  513,2496,113,14,51,1405
G36004700514,1980,New York,36,Kings,047,,,,0514,,,,Tract  514,2255,2912,2,248,557
G36004700515,1980,New York,36,Kings,047,,,,0515,,,,Tract  515,824,3,7,12,117
G36004700516,1980,New York,36,Kings,047,,,,0516,,,,Tract  516,1166,6668,22,165,884
G36004700517,1980,New York,36,Kings,047,,,,0517,,,,Tract  517,1150,6,1,25,89
G36004700518,1980,New York,36,Kings,047,,,,0518,,,,Tract  518,1772,1034,3,303,190
G36004700519,1980,New York,36,Kings,047,,,,0519,,,,Tract  519,2076,18,2,117,655
G36004700520,1980,New York,36,Kings,047,,,,0520,,,,Tract  520,2220,526,10,505,416
G36004700522,1980,New York,36,Kings,047,,,,0522,,,,Tract  522,808,162,3,35,20
G36004700523,1980,New York,36,Kings,047,,,,0523,,,,Tract  523,2030,229,18,9,3083
G36004700524,1980,New York,36,Kings,047,,,,0524,,,,Tract  524,1355,371,7,180,99
G36004700525,1980,New York,36,Kings,047,,,,0525,,,,Tract  525,1946,187,22,27,883
G36004700526,1980,New York,36,Kings,047,,,,0526,,,,Tract  526,2696,428,1,244,324
G36004700527,1980,New York,36,Kings,047,,,,0527,,,,Tract  527,1805,226,14,62,3519
G36004700528,1980,New York,36,Kings,047,,,,0528,,,,Tract  528,1621,42,3,46,35
G36004700529,1980,New York,36,Kings,047,,,,0529,,,,Tract  529,2888,58,1,70,577
G36004700530,1980,New York,36,Kings,047,,,,0530,,,,Tract  530,2384,139,8,176,102
G36004700531,1980,New York,36,Kings,047,,,,0531,,,,Tract  531,1061,64,0,6,516
G36004700532,1980,New York,36,Kings,047,,,,0532,,,,Tract  532,1835,99,2,176,35
G36004700533,1980,New York,36,Kings,047,,,,0533,,,,Tract  533,6322,71,0,10,185
G36004700534,1980,New York,36,Kings,047,,,,0534,,,,Tract  534,3098,393,5,166,272
G36004700535,1980,New York,36,Kings,047,,,,0535,,,,Tract  535,3639,20,0,1,484
G36004700536,1980,New York,36,Kings,047,,,,0536,,,,Tract  536,654,15,0,57,14
G36004700537,1980,New York,36,Kings,047,,,,0537,,,,Tract  537,1152,70,2,0,82
G36004700538,1980,New York,36,Kings,047,,,,0538,,,,Tract  538,3781,78,0,128,44
G36004700539,1980,New York,36,Kings,047,,,,0539,,,,Tract  539,3177,231,4,3,377
G36004700540,1980,New York,36,Kings,047,,,,0540,,,,Tract  540,2127,4,0,155,20
G36004700542,1980,New York,36,Kings,047,,,,0542,,,,Tract  542,3245,3,2,44,54
G36004700543,1980,New York,36,Kings,047,,,,0543,,,,Tract  543,90,13,2,7,1
G3600470054399,1980,New York,36,Kings,047,,,,054399,,,,Tract  543.99,0,0,0,0,0
G36004700544,1980,New York,36,Kings,047,,,,0544,,,,Tract  544,2842,12,4,110,29
G36004700545,1980,New York,36,Kings,047,,,,0545,,,,Tract  545,4373,435,3,18,925
G36004700546,1980,New York,36,Kings,047,,,,0546,,,,Tract  546,3910,70,4,67,103
G36004700547,1980,New York,36,Kings,047,,,,0547,,,,Tract  547,741,146,2,0,618
G36004700548,1980,New York,36,Kings,047,,,,0548,,,,Tract  548,1908,6,0,36,19
G36004700549,1980,New York,36,Kings,047,,,,0549,,,,Tract  549,425,54,1,9,606
G36004700550,1980,New York,36,Kings,047,,,,0550,,,,Tract  550,2806,58,2,60,67
G36004700551,1980,New York,36,Kings,047,,,,0551,,,,Tract  551,1702,160,10,1,2033
G36004700552,1980,New York,36,Kings,047,,,,0552,,,,Tract  552,2614,10,0,184,40
G36004700553,1980,New York,36,Kings,047,,,,0553,,,,Tract  553,1790,41,0,70,214
G36004700554,1980,New York,36,Kings,047,,,,0554,,,,Tract  554,3426,23,10,195,104
G36004700555,1980,New York,36,Kings,047,,,,0555,,,,Tract  555,451,19,0,40,34
G36004700556,1980,New York,36,Kings,047,,,,0556,,,,Tract  556,3180,6,4,16,33
G36004700557,1980,New York,36,Kings,047,,,,0557,,,,Tract  557,793,4,0,84,82
G36004700558,1980,New York,36,Kings,047,,,,0558,,,,Tract  558,2210,10,0,131,42
G36004700559,1980,New York,36,Kings,047,,,,0559,,,,Tract  559,167,3,0,8,22
G36004700560,1980,New York,36,Kings,047,,,,0560,,,,Tract  560,3022,29,0,42,19
G36004700562,1980,New York,36,Kings,047,,,,0562,,,,Tract  562,1442,0,0,57,0
G36004700563,1980,New York,36,Kings,047,,,,0563,,,,Tract  563,2416,81,8,69,803
G36004700564,1980,New York,36,Kings,047,,,,0564,,,,Tract  564,2417,6,2,22,6
G36004700565,1980,New York,36,Kings,047,,,,0565,,,,Tract  565,3260,18,8,108,389
G36004700566,1980,New York,36,Kings,047,,,,0566,,,,Tract  566,2405,52,3,55,14
G36004700567,1980,New York,36,Kings,047,,,,0567,,,,Tract  567,2915,34,11,115,288
G36004700568,1980,New York,36,Kings,047,,,,0568,,,,Tract  568,1305,0,0,13,3
G36004700569,1980,New York,36,Kings,047,,,,0569,,,,Tract  569,1392,3,0,82,88
G36004700570,1980,New York,36,Kings,047,,,,0570,,,,Tract  570,3398,17,0,32,35
G36004700571,1980,New York,36,Kings,047,,,,0571,,,,Tract  571,4358,9,2,97,179
G36004700572,1980,New York,36,Kings,047,,,,0572,,,,Tract  572,4341,928,4,13,130
G36004700573,1980,New York,36,Kings,047,,,,0573,,,,Tract  573,2379,3,0,33,76
G36004700574,1980,New York,36,Kings,047,,,,0574,,,,Tract  574,2202,4,1,54,16
G36004700575,1980,New York,36,Kings,047,,,,0575,,,,Tract  575,3747,29,2,123,464
G36004700576,1980,New York,36,Kings,047,,,,0576,,,,Tract  576,2295,26,1,157,48
G36004700577,1980,New York,36,Kings,047,,,,0577,,,,Tract  577,44,0,0,6,0
G3600470057799,1980,New York,36,Kings,047,,,,057799,,,,Tract  577.99,0,0,0,0,0
G36004700578,1980,New York,36,Kings,047,,,,0578,,,,Tract  578,2352,6,4,178,42
G36004700579,1980,New York,36,Kings,047,,,,0579,,,,Tract  579,728,21,1,10,377
G36004700580,1980,New York,36,Kings,047,,,,0580,,,,Tract  580,2457,1,0,206,16
G36004700582,1980,New York,36,Kings,047,,,,0582,,,,Tract  582,2490,15,1,175,41
G36004700584,1980,New York,36,Kings,047,,,,0584,,,,Tract  584,3257,32,1,104,12
G36004700586,1980,New York,36,Kings,047,,,,0586,,,,Tract  586,1461,188,0,223,4
G36004700588,1980,New York,36,Kings,047,,,,0588,,,,Tract  588,3001,14,6,80,51
G36004700589,1980,New York,36,Kings,047,,,,0589,,,,Tract  589,1725,13,0,44,60
G36004700590,1980,New York,36,Kings,047,,,,0590,,,,Tract  590,1011,214,0,52,38
G36004700591,1980,New York,36,Kings,047,,,,0591,,,,Tract  591,3773,19,3,56,230
G36004700592,1980,New York,36,Kings,047,,,,0592,,,,Tract  592,3162,11,3,129,28
G36004700593,1980,New York,36,Kings,047,,,,0593,,,,Tract  593,1963,22,0,17,254
G3600470059401,1980,New York,36,Kings,047,,,,059401,,,,Tract  594.01,6863,3,4,149,70
G3600470059402,1980,New York,36,Kings,047,,,,059402,,,,Tract  594.02,4413,20,1,26,21
G36004700596,1980,New York,36,Kings,047,,,,0596,,,,Tract  596,2525,4,0,0,2
G36004700598,1980,New York,36,Kings,047,,,,0598,,,,Tract  598,2917,86,7,58,31
G36004700600,1980,New York,36,Kings,047,,,,0600,,,,Tract  600,5670,9,12,91,45
G36004700606,1980,New York,36,Kings,047,,,,0606,,,,Tract  606,2447,26,1,68,47
G36004700608,1980,New York,36,Kings,047,,,,0608,,,,Tract  608,2436,55,8,14,46
G3600470061001,1980,New York,36,Kings,047,,,,061001,,,,Tract  610.01,6911,151,6,247,182
G3600470061002,1980,New York,36,Kings,047,,,,061002,,,,Tract  610.02,2459,16,0,4,18
G36004700612,1980,New York,36,Kings,047,,,,0612,,,,Tract  612,1037,1,2,12,17
G36004700614,1980,New York,36,Kings,047,,,,0614,,,,Tract  614,890,7,0,17,7
G36004700616,1980,New York,36,Kings,047,,,,0616,,,,Tract  616,1551,75,1,13,35
G36004700618,1980,New York,36,Kings,047,,,,0618,,,,Tract  618,813,4,0,2,4
G36004700622,1980,New York,36,Kings,047,,,,0622,,,,Tract  622,3130,62,2,19,19
G36004700626,1980,New York,36,Kings,047,,,,0626,,,,Tract  626,2800,5,3,11,9
G36004700628,1980,New York,36,Kings,047,,,,0628,,,,Tract  628,5658,1,5,15,11
G36004700632,1980,New York,36,Kings,047,,,,0632,,,,Tract  632,1549,1,0,32,8
G36004700636,1980,New York,36,Kings,047,,,,0636,,,,Tract  636,1266,0,0,3,4
G36004700638,1980,New York,36,Kings,047,,,,0638,,,,Tract  638,1585,6,3,1,3
G36004700640,1980,New York,36,Kings,047,,,,0640,,,,Tract  640,1534,2,0,5,0
G36004700642,1980,New York,36,Kings,047,,,,0642,,,,Tract  642,2217,7,0,55,40
G36004700644,1980,New York,36,Kings,047,,,,0644,,,,Tract  644,2221,8,0,4,0
G36004700646,1980,New York,36,Kings,047,,,,0646,,,,Tract  646,2030,5,0,16,8
G36004700648,1980,New York,36,Kings,047,,,,0648,,,,Tract  648,1846,1,2,7,7
G36004700650,1980,New York,36,Kings,047,,,,0650,,,,Tract  650,1343,5,0,17,22
G36004700652,1980,New York,36,Kings,047,,,,0652,,,,Tract  652,1195,2,1,2,1
G36004700654,1980,New York,36,Kings,047,,,,0654,,,,Tract  654,1714,0,0,10,11
G36004700656,1980,New York,36,Kings,047,,,,0656,,,,Tract  656,1905,1,1,9,9
G36004700658,1980,New York,36,Kings,047,,,,0658,,,,Tract  658,1764,0,0,21,7
G36004700660,1980,New York,36,Kings,047,,,,0660,,,,Tract  660,1820,1,0,7,1
G36004700662,1980,New York,36,Kings,047,,,,0662,,,,Tract  662,1243,2,0,12,7
G36004700666,1980,New York,36,Kings,047,,,,0666,,,,Tract  666,107,0,0,0,0
G36004700670,1980,New York,36,Kings,047,,,,0670,,,,Tract  670,2466,0,1,21,8
G36004700672,1980,New York,36,Kings,047,,,,0672,,,,Tract  672,1136,2,0,3,6
G36004700674,1980,New York,36,Kings,047,,,,0674,,,,Tract  674,1796,1,0,15,8
G36004700676,1980,New York,36,Kings,047,,,,0676,,,,Tract  676,1402,1,5,10,6
G36004700678,1980,New York,36,Kings,047,,,,0678,,,,Tract  678,2073,0,1,0,8
G36004700680,1980,New York,36,Kings,047,,,,0680,,,,Tract  680,1715,0,2,0,9
G36004700682,1980,New York,36,Kings,047,,,,0682,,,,Tract  682,2134,4,3,7,20
G36004700686,1980,New York,36,Kings,047,,,,0686,,,,Tract  686,1624,0,0,44,3
G36004700688,1980,New York,36,Kings,047,,,,0688,,,,Tract  688,1576,0,5,6,5
G36004700690,1980,New York,36,Kings,047,,,,0690,,,,Tract  690,1797,0,3,16,21
G36004700692,1980,New York,36,Kings,047,,,,0692,,,,Tract  692,2165,0,1,1,6
G36004700696,1980,New York,36,Kings,047,,,,0696,,,,Tract  696,6377,2,0,52,14
G36004700698,1980,New York,36,Kings,047,,,,0698,,,,Tract  698,1285,0,0,5,0
G36004700700,1980,New York,36,Kings,047,,,,0700,,,,Tract  700,1870,0,0,31,0
G3600470070201,1980,New York,36,Kings,047,,,,070201,,,,Tract  702.01,7439,11,2,67,13
G3600470070202,1980,New York,36,Kings,047,,,,070202,,,,Tract  702.02,135,32,5,5,11
G3600470070203,1980,New York,36,Kings,047,,,,070203,,,,Tract  702.03,0,0,0,0,0
G36004700706,1980,New York,36,Kings,047,,,,0706,,,,Tract  706,2841,0,0,7,6
G36004700720,1980,New York,36,Kings,047,,,,0720,,,,Tract  720,1398,0,0,0,7
G36004700722,1980,New York,36,Kings,047,,,,0722,,,,Tract  722,1826,383,3,43,36
G36004700724,1980,New York,36,Kings,047,,,,0724,,,,Tract  724,1094,371,0,6,37
G36004700726,1980,New York,36,Kings,047,,,,0726,,,,Tract  726,1321,145,2,4,30
G36004700728,1980,New York,36,Kings,047,,,,0728,,,,Tract  728,3145,124,3,70,45
G36004700730,1980,New York,36,Kings,047,,,,0730,,,,Tract  730,1685,57,17,11,19
G36004700732,1980,New York,36,Kings,047,,,,0732,,,,Tract  732,1626,120,2,27,34
G36004700734,1980,New York,36,Kings,047,,,,0734,,,,Tract  734,1118,257,1,23,61
G36004700736,1980,New York,36,Kings,047,,,,0736,,,,Tract  736,2200,307,0,53,50
G36004700738,1980,New York,36,Kings,047,,,,0738,,,,Tract  738,2489,116,1,27,22
G36004700740,1980,New York,36,Kings,047,,,,0740,,,,Tract  740,1922,438,6,45,138
G36004700742,1980,New York,36,Kings,047,,,,0742,,,,Tract  742,1938,430,3,47,36
G36004700744,1980,New York,36,Kings,047,,,,0744,,,,Tract  744,1907,37,0,23,6
G36004700746,1980,New York,36,Kings,047,,,,0746,,,,Tract  746,1712,11,9,34,39
G36004700748,1980,New York,36,Kings,047,,,,0748,,,,Tract  748,1486,325,0,55,27
G36004700750,1980,New York,36,Kings,047,,,,0750,,,,Tract  750,2146,307,1,31,63
G36004700752,1980,New York,36,Kings,047,,,,0752,,,,Tract  752,1245,19,0,9,0
G36004700754,1980,New York,36,Kings,047,,,,0754,,,,Tract  754,1400,4,0,0,5
G36004700756,1980,New York,36,Kings,047,,,,0756,,,,Tract  756,1737,0,0,53,20
G36004700758,1980,New York,36,Kings,047,,,,0758,,,,Tract  758,1758,8,0,13,6
G36004700760,1980,New York,36,Kings,047,,,,0760,,,,Tract  760,2500,21,1,77,42
G36004700762,1980,New York,36,Kings,047,,,,0762,,,,Tract  762,3030,624,3,34,162
G36004700764,1980,New York,36,Kings,047,,,,0764,,,,Tract  764,1615,1447,3,63,214
G36004700766,1980,New York,36,Kings,047,,,,0766,,,,Tract  766,588,1213,6,19,83
G36004700770,1980,New York,36,Kings,047,,,,0770,,,,Tract  770,1253,927,11,102,265
G36004700772,1980,New York,36,Kings,047,,,,0772,,,,Tract  772,2029,766,9,89,219
G36004700774,1980,New York,36,Kings,047,,,,0774,,,,Tract  774,1685,245,0,94,125
G36004700776,1980,New York,36,Kings,047,,,,0776,,,,Tract  776,2796,332,4,23,96
G36004700778,1980,New York,36,Kings,047,,,,0778,,,,Tract  778,262,34,0,2,6
G36004700780,1980,New York,36,Kings,047,,,,0780,,,,Tract  780,1181,703,0,15,65
G36004700782,1980,New York,36,Kings,047,,,,0782,,,,Tract  782,468,3436,4,46,80
G36004700784,1980,New York,36,Kings,047,,,,0784,,,,Tract  784,1167,705,0,46,84
G36004700786,1980,New York,36,Kings,047,,,,0786,,,,Tract  786,1744,1735,14,182,224
G36004700788,1980,New York,36,Kings,047,,,,0788,,,,Tract  788,330,2934,14,75,220
G36004700790,1980,New York,36,Kings,047,,,,0790,,,,Tract  790,516,4370,17,78,281
G36004700792,1980,New York,36,Kings,047,,,,0792,,,,Tract  792,417,2772,5,161,205
G36004700794,1980,New York,36,Kings,047,,,,0794,,,,Tract  794,124,1151,7,12,57
G36004700796,1980,New York,36,Kings,047,,,,0796,,,,Tract  796,796,7640,16,156,706
G36004700798,1980,New York,36,Kings,047,,,,0798,,,,Tract  798,969,6704,18,241,390
G36004700800,1980,New York,36,Kings,047,,,,0800,,,,Tract  800,320,3309,2,68,119
G36004700802,1980,New York,36,Kings,047,,,,0802,,,,Tract  802,200,4060,11,69,155
G36004700804,1980,New York,36,Kings,047,,,,0804,,,,Tract  804,307,2782,1,151,97
G36004700806,1980,New York,36,Kings,047,,,,0806,,,,Tract  806,215,2009,1,13,191
G36004700810,1980,New York,36,Kings,047,,,,0810,,,,Tract  810,642,1891,8,119,99
G36004700812,1980,New York,36,Kings,047,,,,0812,,,,Tract  812,174,296,0,21,31
G36004700814,1980,New York,36,Kings,047,,,,0814,,,,Tract  814,234,2480,14,6,77
G36004700816,1980,New York,36,Kings,047,,,,0816,,,,Tract  816,289,2273,2,120,109
G36004700818,1980,New York,36,Kings,047,,,,0818,,,,Tract  818,724,3643,4,157,182
G36004700820,1980,New York,36,Kings,047,,,,0820,,,,Tract  820,276,4377,9,148,289
G36004700822,1980,New York,36,Kings,047,,,,0822,,,,Tract  822,600,6370,10,53,396
G36004700824,1980,New York,36,Kings,047,,,,0824,,,,Tract  824,384,3799,7,39,187
G36004700826,1980,New York,36,Kings,047,,,,0826,,,,Tract  826,433,4479,4,106,268
G36004700828,1980,New York,36,Kings,047,,,,0828,,,,Tract  828,605,2748,6,149,258
G36004700830,1980,New York,36,Kings,047,,,,0830,,,,Tract  830,394,5422,14,96,162
G36004700832,1980,New York,36,Kings,047,,,,0832,,,,Tract  832,557,1598,2,9,46
G36004700834,1980,New York,36,Kings,047,,,,0834,,,,Tract  834,791,764,10,29,65
G36004700836,1980,New York,36,Kings,047,,,,0836,,,,Tract  836,681,1194,1,17,81
G36004700838,1980,New York,36,Kings,047,,,,0838,,,,Tract  838,1080,920,1,20,41
G36004700840,1980,New York,36,Kings,047,,,,0840,,,,Tract  840,705,1203,0,55,106
G36004700842,1980,New York,36,Kings,047,,,,0842,,,,Tract  842,389,801,1,28,16
G36004700844,1980,New York,36,Kings,047,,,,0844,,,,Tract  844,45,154,0,1,8
G36004700846,1980,New York,36,Kings,047,,,,0846,,,,Tract  846,287,1559,8,8,96
G36004700848,1980,New York,36,Kings,047,,,,0848,,,,Tract  848,140,1542,6,8,79
G36004700850,1980,New York,36,Kings,047,,,,0850,,,,Tract  850,357,820,0,18,47
G36004700852,1980,New York,36,Kings,047,,,,0852,,,,Tract  852,0,0,0,0,0
G36004700854,1980,New York,36,Kings,047,,,,0854,,,,Tract  854,400,1326,5,24,92
G36004700856,1980,New York,36,Kings,047,,,,0856,,,,Tract  856,281,3226,14,49,283
G36004700858,1980,New York,36,Kings,047,,,,0858,,,,Tract  858,221,1921,10,28,112
G36004700860,1980,New York,36,Kings,047,,,,0860,,,,Tract  860,200,3061,4,46,152
G36004700862,1980,New York,36,Kings,047,,,,0862,,,,Tract  862,193,2839,12,21,75
G36004700864,1980,New York,36,Kings,047,,,,0864,,,,Tract  864,124,1992,13,34,36
G36004700866,1980,New York,36,Kings,047,,,,0866,,,,Tract  866,147,2901,8,7,139
G36004700868,1980,New York,36,Kings,047,,,,0868,,,,Tract  868,210,3090,3,35,194
G36004700870,1980,New York,36,Kings,047,,,,0870,,,,Tract  870,144,2926,7,48,110
G36004700872,1980,New York,36,Kings,047,,,,0872,,,,Tract  872,710,2910,1,28,173
G3600470087401,1980,New York,36,Kings,047,,,,087401,,,,Tract  874.01,351,2605,11,38,77
G3600470087402,1980,New York,36,Kings,047,,,,087402,,,,Tract  874.02,0,10,0,0,0
G36004700876,1980,New York,36,Kings,047,,,,0876,,,,Tract  876,117,1421,3,7,25
G36004700878,1980,New York,36,Kings,047,,,,0878,,,,Tract  878,94,2583,5,13,52
G36004700880,1980,New York,36,Kings,047,,,,0880,,,,Tract  880,211,2501,10,18,78
G36004700882,1980,New York,36,Kings,047,,,,0882,,,,Tract  882,135,6090,5,58,173
G36004700884,1980,New York,36,Kings,047,,,,0884,,,,Tract  884,143,4687,6,78,195
G36004700886,1980,New York,36,Kings,047,,,,0886,,,,Tract  886,114,4058,5,15,228
G36004700888,1980,New York,36,Kings,047,,,,0888,,,,Tract  888,421,3365,1,45,272
G36004700890,1980,New York,36,Kings,047,,,,0890,,,,Tract  890,411,4917,14,46,475
G36004700892,1980,New York,36,Kings,047,,,,0892,,,,Tract  892,195,3112,8,19,288
G36004700894,1980,New York,36,Kings,047,,,,0894,,,,Tract  894,33,2591,10,0,96
G36004700896,1980,New York,36,Kings,047,,,,0896,,,,Tract  896,130,2787,6,176,224
G36004700898,1980,New York,36,Kings,047,,,,0898,,,,Tract  898,16,1053,1,3,43
G36004700900,1980,New York,36,Kings,047,,,,0900,,,,Tract  900,56,2032,0,5,138
G36004700902,1980,New York,36,Kings,047,,,,0902,,,,Tract  902,131,2192,7,13,294
G36004700904,1980,New York,36,Kings,047,,,,0904,,,,Tract  904,105,205,0,5,142
G36004700906,1980,New York,36,Kings,047,,,,0906,,,,Tract  906,271,4345,5,9,638
G36004700908,1980,New York,36,Kings,047,,,,0908,,,,Tract  908,240,2296,8,7,480
G36004700910,1980,New York,36,Kings,047,,,,0910,,,,Tract  910,222,5632,8,14,362
G36004700912,1980,New York,36,Kings,047,,,,0912,,,,Tract  912,217,7743,30,11,483
G36004700914,1980,New York,36,Kings,047,,,,0914,,,,Tract  914,18,1201,13,8,58
G36004700916,1980,New York,36,Kings,047,,,,0916,,,,Tract  916,99,2946,14,3,247
G36004700918,1980,New York,36,Kings,047,,,,0918,,,,Tract  918,254,1490,3,4,321
G36004700920,1980,New York,36,Kings,047,,,,0920,,,,Tract  920,51,2033,1,11,98
G36004700922,1980,New York,36,Kings,047,,,,0922,,,,Tract  922,258,2451,2,10,197
G36004700928,1980,New York,36,Kings,047,,,,0928,,,,Tract  928,193,2513,4,84,128
G36004700930,1980,New York,36,Kings,047,,,,0930,,,,Tract  930,1110,1118,4,3,138
G36004700934,1980,New York,36,Kings,047,,,,0934,,,,Tract  934,766,1196,2,24,86
G36004700936,1980,New York,36,Kings,047,,,,0936,,,,Tract  936,177,1515,3,16,54
G36004700938,1980,New York,36,Kings,047,,,,0938,,,,Tract  938,143,2372,0,13,121
G36004700940,1980,New York,36,Kings,047,,,,0940,,,,Tract  940,104,1224,5,28,33
G36004700942,1980,New York,36,Kings,047,,,,0942,,,,Tract  942,103,304,3,0,12
G3600470094401,1980,New York,36,Kings,047,,,,094401,,,,Tract  944.01,1384,1376,6,54,63
G3600470094402,1980,New York,36,Kings,047,,,,094402,,,,Tract  944.02,2195,605,0,9,51
G36004700950,1980,New York,36,Kings,047,,,,0950,,,,Tract  950,2388,18,0,27,17
G36004700954,1980,New York,36,Kings,047,,,,0954,,,,Tract  954,3627,162,0,85,17
G36004700956,1980,New York,36,Kings,047,,,,0956,,,,Tract  956,3286,3,1,9,4
G36004700958,1980,New York,36,Kings,047,,,,0958,,,,Tract  958,2534,1,0,7,2
G36004700960,1980,New York,36,Kings,047,,,,0960,,,,Tract  960,7,0,0,0,4
G36004700962,1980,New York,36,Kings,047,,,,0962,,,,Tract  962,1282,0,0,34,33
G36004700964,1980,New York,36,Kings,047,,,,0964,,,,Tract  964,1661,0,0,16,20
G36004700966,1980,New York,36,Kings,047,,,,0966,,,,Tract  966,1796,3,0,11,17
G36004700968,1980,New York,36,Kings,047,,,,0968,,,,Tract  968,1014,0,0,15,25
G36004700970,1980,New York,36,Kings,047,,,,0970,,,,Tract  970,1690,4,0,0,18
G36004700974,1980,New York,36,Kings,047,,,,0974,,,,Tract  974,1399,394,0,45,138
G36004700982,1980,New York,36,Kings,047,,,,0982,,,,Tract  982,567,4023,3,18,654
G36004700984,1980,New York,36,Kings,047,,,,0984,,,,Tract  984,1223,286,6,73,96
G36004700986,1980,New York,36,Kings,047,,,,0986,,,,Tract  986,1899,349,2,107,68
G36004700988,1980,New York,36,Kings,047,,,,0988,,,,Tract  988,2148,317,0,100,89
G36004700990,1980,New York,36,Kings,047,,,,0990,,,,Tract  990,1191,9,0,16,15
G36004700992,1980,New York,36,Kings,047,,,,0992,,,,Tract  992,1308,1,0,21,6
G36004700994,1980,New York,36,Kings,047,,,,0994,,,,Tract  994,1334,1,0,1,19
G36004700996,1980,New York,36,Kings,047,,,,0996,,,,Tract  996,3021,0,0,48,10
G36004700998,1980,New York,36,Kings,047,,,,0998,,,,Tract  998,3183,0,0,8,16
G36004701004,1980,New York,36,Kings,047,,,,1004,,,,Tract 1004,1975,0,0,13,3
G36004701006,1980,New York,36,Kings,047,,,,1006,,,,Tract 1006,2042,0,1,0,2
G36004701008,1980,New York,36,Kings,047,,,,1008,,,,Tract 1008,1646,1,0,26,7
G36004701010,1980,New York,36,Kings,047,,,,1010,,,,Tract 1010,1820,5,0,47,6
G36004701012,1980,New York,36,Kings,047,,,,1012,,,,Tract 1012,1620,0,0,53,31
G36004701014,1980,New York,36,Kings,047,,,,1014,,,,Tract 1014,1712,8,0,45,10
G36004701016,1980,New York,36,Kings,047,,,,1016,,,,Tract 1016,1272,3,0,21,3
G36004701018,1980,New York,36,Kings,047,,,,1018,,,,Tract 1018,1458,5,0,19,23
G36004701020,1980,New York,36,Kings,047,,,,1020,,,,Tract 1020,1617,0,0,29,14
G36004701022,1980,New York,36,Kings,047,,,,1022,,,,Tract 1022,1619,1,0,40,12
G36004701024,1980,New York,36,Kings,047,,,,1024,,,,Tract 1024,1536,1,0,53,23
G36004701026,1980,New York,36,Kings,047,,,,1026,,,,Tract 1026,2389,10,0,13,16
G36004701028,1980,New York,36,Kings,047,,,,1028,,,,Tract 1028,1334,9,0,32,13
G36004701034,1980,New York,36,Kings,047,,,,1034,,,,Tract 1034,3104,945,2,9,188
G36004701058,1980,New York,36,Kings,047,,,,1058,,,,Tract 1058,9409,3236,17,1345,988
G36004701070,1980,New York,36,Kings,047,,,,1070,,,,Tract 1070,325,145,0,0,82
G36004701078,1980,New York,36,Kings,047,,,,1078,,,,Tract 1078,290,4266,9,51,166
G36004701098,1980,New York,36,Kings,047,,,,1098,,,,Tract 1098,487,392,1,2,108
G36004701100,1980,New York,36,Kings,047,,,,1100,,,,Tract 1100,72,529,0,1,82
G36004701102,1980,New York,36,Kings,047,,,,1102,,,,Tract 1102,474,2650,17,13,612
G36004701106,1980,New York,36,Kings,047,,,,1106,,,,Tract 1106,316,4641,3,11,351
G36004701110,1980,New York,36,Kings,047,,,,1110,,,,Tract 1110,361,3178,6,8,345
G36004701112,1980,New York,36,Kings,047,,,,1112,,,,Tract 1112,135,592,0,3,157
G36004701114,1980,New York,36,Kings,047,,,,1114,,,,Tract 1114,146,724,0,0,493
G36004701118,1980,New York,36,Kings,047,,,,1118,,,,Tract 1118,250,1783,9,2,722
G36004701120,1980,New York,36,Kings,047,,,,1120,,,,Tract 1120,392,1470,15,23,806
G36004701122,1980,New York,36,Kings,047,,,,1122,,,,Tract 1122,361,1703,2,21,566
G36004701124,1980,New York,36,Kings,047,,,,1124,,,,Tract 1124,172,2120,5,2,401
G36004701126,1980,New York,36,Kings,047,,,,1126,,,,Tract 1126,505,1771,1,4,881
G36004701128,1980,New York,36,Kings,047,,,,1128,,,,Tract 1128,347,2792,26,13,649
G36004701130,1980,New York,36,Kings,047,,,,1130,,,,Tract 1130,226,2807,5,21,457
G36004701132,1980,New York,36,Kings,047,,,,1132,,,,Tract 1132,151,1033,7,8,302
G36004701134,1980,New York,36,Kings,047,,,,1134,,,,Tract 1134,178,1684,4,9,460
G36004701136,1980,New York,36,Kings,047,,,,1136,,,,Tract 1136,26,109,1,0,37
G36004701138,1980,New York,36,Kings,047,,,,1138,,,,Tract 1138,156,192,0,0,120
G36004701140,1980,New York,36,Kings,047,,,,1140,,,,Tract 1140,435,116,1,3,184
G3600470114201,1980,New York,36,Kings,047,,,,114201,,,,Tract 1142.01,623,250,1,10,426
G3600470114202,1980,New York,36,Kings,047,,,,114202,,,,Tract 1142.02,898,357,0,14,585
G36004701146,1980,New York,36,Kings,047,,,,1146,,,,Tract 1146,1099,413,18,23,991
G36004701148,1980,New York,36,Kings,047,,,,1148,,,,Tract 1148,845,575,17,20,826
G36004701150,1980,New York,36,Kings,047,,,,1150,,,,Tract 1150,466,724,4,17,520
G36004701152,1980,New York,36,Kings,047,,,,1152,,,,Tract 1152,434,1262,12,1,587
G36004701154,1980,New York,36,Kings,047,,,,1154,,,,Tract 1154,242,999,7,0,796
G36004701156,1980,New York,36,Kings,047,,,,1156,,,,Tract 1156,312,2793,4,0,772
G36004701158,1980,New York,36,Kings,047,,,,1158,,,,Tract 1158,344,1303,5,14,734
G36004701160,1980,New York,36,Kings,047,,,,1160,,,,Tract 1160,64,804,5,6,128
G36004701162,1980,New York,36,Kings,047,,,,1162,,,,Tract 1162,136,1072,2,7,219
G36004701164,1980,New York,36,Kings,047,,,,1164,,,,Tract 1164,132,1343,0,2,739
G36004701166,1980,New York,36,Kings,047,,,,1166,,,,Tract 1166,470,763,3,7,953
G36004701168,1980,New York,36,Kings,047,,,,1168,,,,Tract 1168,804,192,1,0,827
G36004701170,1980,New York,36,Kings,047,,,,1170,,,,Tract 1170,707,286,0,5,691
G3600470117201,1980,New York,36,Kings,047,,,,117201,,,,Tract 1172.01,956,232,0,50,870
G3600470117202,1980,New York,36,Kings,047,,,,117202,,,,Tract 1172.02,1790,376,22,55,1243
G36004701174,1980,New York,36,Kings,047,,,,1174,,,,Tract 1174,1874,164,5,63,1101
G3600470117601,1980,New York,36,Kings,047,,,,117601,,,,Tract 1176.01,1238,155,5,22,629
G3600470117602,1980,New York,36,Kings,047,,,,117602,,,,Tract 1176.02,1373,84,4,30,795
G36004701178,1980,New York,36,Kings,047,,,,1178,,,,Tract 1178,699,39,4,62,344
G36004701180,1980,New York,36,Kings,047,,,,1180,,,,Tract 1180,4,0,0,0,0
G3600470118201,1980,New York,36,Kings,047,,,,118201,,,,Tract 1182.01,1455,30,3,29,485
G3600470118202,1980,New York,36,Kings,047,,,,118202,,,,Tract 1182.02,1618,62,3,32,594
G36004701184,1980,New York,36,Kings,047,,,,1184,,,,Tract 1184,2678,178,11,62,621
G36004701186,1980,New York,36,Kings,047,,,,1186,,,,Tract 1186,1491,94,1,20,479
G36004701188,1980,New York,36,Kings,047,,,,1188,,,,Tract 1188,2088,66,0,78,689
G36004701190,1980,New York,36,Kings,047,,,,1190,,,,Tract 1190,817,129,1,58,670
G36004701192,1980,New York,36,Kings,047,,,,1192,,,,Tract 1192,957,830,7,12,844
G36004701194,1980,New York,36,Kings,047,,,,1194,,,,Tract 1194,421,1672,4,22,610
G36004701196,1980,New York,36,Kings,047,,,,1196,,,,Tract 1196,1190,2083,17,57,1357
G36004701200,1980,New York,36,Kings,047,,,,1200,,,,Tract 1200,596,788,5,16,538
G36004701202,1980,New York,36,Kings,047,,,,1202,,,,Tract 1202,799,17,0,18,198
G36004701208,1980,New York,36,Kings,047,,,,1208,,,,Tract 1208,1565,5104,21,93,912
G36004701210,1980,New York,36,Kings,047,,,,1210,,,,Tract 1210,204,3965,15,4,545
G36004701214,1980,New York,36,Kings,047,,,,1214,,,,Tract 1214,390,4376,14,13,659
G36004701220,1980,New York,36,Kings,047,,,,1220,,,,Tract 1220,348,539,0,23,251
G36004909901,1980,New York,36,Lewis,049,,,,9901,,,,Tract 9901,2299,0,1,2,8
G36004909902,1980,New York,36,Lewis,049,,,,9902,,,,Tract 9902,4259,4,8,5,8
G36004909903,1980,New York,36,Lewis,049,,,,9903,,,,Tract 9903,6896,4,11,18,9
G36004909904,1980,New York,36,Lewis,049,,,,9904,,,,Tract 9904,2157,3,2,2,4
G36004909905,1980,New York,36,Lewis,049,,,,9905,,,,Tract 9905,2595,3,4,2,1
G36004909906,1980,New York,36,Lewis,049,,,,9906,,,,Tract 9906,1606,0,0,3,0
G36004909907,1980,New York,36,Lewis,049,,,,9907,,,,Tract 9907,5106,1,6,3,5
G36005100301,1980,New York,36,Livingston,051,,,,0301,,,,Tract  301,3842,172,9,7,4
G36005100302,1980,New York,36,Livingston,051,,,,0302,,,,Tract  302,8117,153,20,10,18
G36005100303,1980,New York,36,Livingston,051,,,,0303,,,,Tract  303,2938,53,4,2,9
G36005100304,1980,New York,36,Livingston,051,,,,0304,,,,Tract  304,3672,74,5,32,25
G36005100305,1980,New York,36,Livingston,051,,,,0305,,,,Tract  305,2871,38,6,11,12
G36005100306,1980,New York,36,Livingston,051,,,,0306,,,,Tract  306,3805,15,4,9,26
G36005100307,1980,New York,36,Livingston,051,,,,0307,,,,Tract  307,5701,16,15,5,5
G36005100308,1980,New York,36,Livingston,051,,,,0308,,,,Tract  308,4652,28,12,14,10
G36005100309,1980,New York,36,Livingston,051,,,,0309,,,,Tract  309,2992,24,1,5,17
G36005100310,1980,New York,36,Livingston,051,,,,0310,,,,Tract  310,709,27,2,9,4
G36005100311,1980,New York,36,Livingston,051,,,,0311,,,,Tract  311,4074,14,19,3,3
G36005100312,1980,New York,36,Livingston,051,,,,0312,,,,Tract  312,3455,2,1,4,1
G36005100313,1980,New York,36,Livingston,051,,,,0313,,,,Tract  313,4203,12,18,3,4
G36005100314,1980,New York,36,Livingston,051,,,,0314,,,,Tract  314,4856,38,16,31,38
G3600530030101,1980,New York,36,Madison,053,,,,030101,,,,Tract  301.01,5097,36,25,6,6
G3600530030102,1980,New York,36,Madison,053,,,,030102,,,,Tract  301.02,2920,12,5,1,2
G3600530030103,1980,New York,36,Madison,053,,,,030103,,,,Tract  301.03,2653,8,28,9,2
G36005300302,1980,New York,36,Madison,053,,,,0302,,,,Tract  302,3744,14,5,1,2
G36005300303,1980,New York,36,Madison,053,,,,0303,,,,Tract  303,4681,66,5,10,11
G3600530030401,1980,New York,36,Madison,053,,,,030401,,,,Tract  304.01,6517,9,19,7,5
G3600530030402,1980,New York,36,Madison,053,,,,030402,,,,Tract  304.02,2502,4,6,7,0
G3600530030403,1980,New York,36,Madison,053,,,,030403,,,,Tract  304.03,4253,5,11,21,5
G3600530030501,1980,New York,36,Madison,053,,,,030501,,,,Tract  305.01,2562,27,1,9,0
G3600530030502,1980,New York,36,Madison,053,,,,030502,,,,Tract  305.02,3255,6,4,6,10
G36005300306,1980,New York,36,Madison,053,,,,0306,,,,Tract  306,6187,27,26,6,4
G36005300307,1980,New York,36,Madison,053,,,,0307,,,,Tract  307,6544,78,12,8,35
G36005300308,1980,New York,36,Madison,053,,,,0308,,,,Tract  308,3155,76,5,3,6
G36005300309,1980,New York,36,Madison,053,,,,0309,,,,Tract  309,3567,81,5,51,21
G36005300310,1980,New York,36,Madison,053,,,,0310,,,,Tract  310,4579,11,2,10,14
G36005300311,1980,New York,36,Madison,053,,,,0311,,,,Tract  311,2020,12,2,0,3
G36005500002,1980,New York,36,Monroe,055,,,,0002,,,,Tract    2,74,52,1,0,29
G36005500007,1980,New York,36,Monroe,055,,,,0007,,,,Tract    7,347,277,1,0,512
G36005500010,1980,New York,36,Monroe,055,,,,0010,,,,Tract   10,3101,444,36,36,44
G36005500013,1980,New York,36,Monroe,055,,,,0013,,,,Tract   13,35,1575,0,0,155
G36005500014,1980,New York,36,Monroe,055,,,,0014,,,,Tract   14,276,1702,16,3,112
G36005500015,1980,New York,36,Monroe,055,,,,0015,,,,Tract   15,431,1345,3,2,335
G36005500016,1980,New York,36,Monroe,055,,,,0016,,,,Tract   16,865,64,20,8,70
G36005500017,1980,New York,36,Monroe,055,,,,0017,,,,Tract   17,1591,96,17,20,101
G36005500018,1980,New York,36,Monroe,055,,,,0018,,,,Tract   18,5350,303,11,36,85
G36005500019,1980,New York,36,Monroe,055,,,,0019,,,,Tract   19,2538,75,2,14,33
G36005500020,1980,New York,36,Monroe,055,,,,0020,,,,Tract   20,5135,84,24,28,37
G36005500021,1980,New York,36,Monroe,055,,,,0021,,,,Tract   21,3999,78,9,18,13
G36005500022,1980,New York,36,Monroe,055,,,,0022,,,,Tract   22,2934,97,23,18,47
G36005500023,1980,New York,36,Monroe,055,,,,0023,,,,Tract   23,4151,380,67,51,110
G36005500024,1980,New York,36,Monroe,055,,,,0024,,,,Tract   24,3338,116,47,27,66
G36005500027,1980,New York,36,Monroe,055,,,,0027,,,,Tract   27,30,1680,0,1,8
G36005500029,1980,New York,36,Monroe,055,,,,0029,,,,Tract   29,3654,197,8,36,42
G36005500030,1980,New York,36,Monroe,055,,,,0030,,,,Tract   30,1867,236,18,39,98
G36005500031,1980,New York,36,Monroe,055,,,,0031,,,,Tract   31,4784,146,2,42,55
G36005500032,1980,New York,36,Monroe,055,,,,0032,,,,Tract   32,960,1521,18,22,67
G36005500033,1980,New York,36,Monroe,055,,,,0033,,,,Tract   33,1421,82,24,9,14
G36005500034,1980,New York,36,Monroe,055,,,,0034,,,,Tract   34,2008,324,17,64,46
G36005500035,1980,New York,36,Monroe,055,,,,0035,,,,Tract   35,2161,66,6,36,5
G36005500036,1980,New York,36,Monroe,055,,,,0036,,,,Tract   36,2986,244,36,45,36
G36005500037,1980,New York,36,Monroe,055,,,,0037,,,,Tract   37,3196,151,13,32,37
G3600550003801,1980,New York,36,Monroe,055,,,,003801,,,,Tract   38.01,6084,265,5,303,73
G3600550003802,1980,New York,36,Monroe,055,,,,003802,,,,Tract   38.02,2266,75,1,62,17
G3600550003803,1980,New York,36,Monroe,055,,,,003803,,,,Tract   38.03,1010,178,2,22,16
G3600550003804,1980,New York,36,Monroe,055,,,,003804,,,,Tract   38.04,566,87,6,0,0
G36005500039,1980,New York,36,Monroe,055,,,,0039,,,,Tract   39,902,626,3,6,183
G36005500040,1980,New York,36,Monroe,055,,,,0040,,,,Tract   40,1560,81,18,2,12
G36005500041,1980,New York,36,Monroe,055,,,,0041,,,,Tract   41,1588,203,14,5,327
G36005500043,1980,New York,36,Monroe,055,,,,0043,,,,Tract   43,46,437,0,0,38
G3600550004601,1980,New York,36,Monroe,055,,,,004601,,,,Tract   46.01,1132,30,0,1,24
G3600550004602,1980,New York,36,Monroe,055,,,,004602,,,,Tract   46.02,1963,395,2,3,107
G3600550004701,1980,New York,36,Monroe,055,,,,004701,,,,Tract   47.01,1427,473,5,4,36
G3600550004702,1980,New York,36,Monroe,055,,,,004702,,,,Tract   47.02,1768,266,8,3,70
G36005500048,1980,New York,36,Monroe,055,,,,0048,,,,Tract   48,1703,581,12,2,211
G36005500049,1980,New York,36,Monroe,055,,,,0049,,,,Tract   49,1098,1212,5,3,205
G36005500050,1980,New York,36,Monroe,055,,,,0050,,,,Tract   50,1550,1186,1,22,697
G36005500051,1980,New York,36,Monroe,055,,,,0051,,,,Tract   51,961,700,34,0,309
G36005500052,1980,New York,36,Monroe,055,,,,0052,,,,Tract   52,750,1569,14,11,446
G36005500053,1980,New York,36,Monroe,055,,,,0053,,,,Tract   53,1129,1296,4,5,345
G36005500054,1980,New York,36,Monroe,055,,,,0054,,,,Tract   54,3462,543,10,17,61
G36005500055,1980,New York,36,Monroe,055,,,,0055,,,,Tract   55,596,1066,16,0,190
G36005500056,1980,New York,36,Monroe,055,,,,0056,,,,Tract   56,1103,1444,14,22,262
G36005500057,1980,New York,36,Monroe,055,,,,0057,,,,Tract   57,1227,962,17,6,139
G36005500058,1980,New York,36,Monroe,055,,,,0058,,,,Tract   58,3148,1110,29,20,102
G36005500059,1980,New York,36,Monroe,055,,,,0059,,,,Tract   59,986,1017,16,20,37
G36005500060,1980,New York,36,Monroe,055,,,,0060,,,,Tract   60,3897,155,18,10,29
G36005500061,1980,New York,36,Monroe,055,,,,0061,,,,Tract   61,2986,74,3,7,17
G36005500062,1980,New York,36,Monroe,055,,,,0062,,,,Tract   62,2132,1289,7,8,29
G36005500063,1980,New York,36,Monroe,055,,,,0063,,,,Tract   63,1161,2810,8,2,53
G36005500064,1980,New York,36,Monroe,055,,,,0064,,,,Tract   64,108,3898,2,6,15
G36005500065,1980,New York,36,Monroe,055,,,,0065,,,,Tract   65,107,2220,0,0,13
G36005500066,1980,New York,36,Monroe,055,,,,0066,,,,Tract   66,156,2258,16,0,7
G36005500067,1980,New York,36,Monroe,055,,,,0067,,,,Tract   67,1219,2489,2,17,13
G36005500068,1980,New York,36,Monroe,055,,,,0068,,,,Tract   68,2276,645,5,24,29
G36005500069,1980,New York,36,Monroe,055,,,,0069,,,,Tract   69,579,2025,3,6,4
G36005500070,1980,New York,36,Monroe,055,,,,0070,,,,Tract   70,1574,1860,8,19,15
G36005500071,1980,New York,36,Monroe,055,,,,0071,,,,Tract   71,2162,1376,9,13,33
G36005500075,1980,New York,36,Monroe,055,,,,0075,,,,Tract   75,1848,1389,19,4,47
G36005500076,1980,New York,36,Monroe,055,,,,0076,,,,Tract   76,3328,195,8,18,15
G36005500077,1980,New York,36,Monroe,055,,,,0077,,,,Tract   77,3226,234,9,11,14
G3600550007801,1980,New York,36,Monroe,055,,,,007801,,,,Tract   78.01,2536,61,2,9,10
G3600550007802,1980,New York,36,Monroe,055,,,,007802,,,,Tract   78.02,2174,58,3,12,5
G36005500079,1980,New York,36,Monroe,055,,,,0079,,,,Tract   79,1472,409,0,0,102
G36005500080,1980,New York,36,Monroe,055,,,,0080,,,,Tract   80,1500,954,0,1,281
G36005500081,1980,New York,36,Monroe,055,,,,0081,,,,Tract   81,3926,408,8,39,131
G36005500082,1980,New York,36,Monroe,055,,,,0082,,,,Tract   82,2858,270,10,12,77
G36005500083,1980,New York,36,Monroe,055,,,,0083,,,,Tract   83,3805,402,21,17,85
G36005500084,1980,New York,36,Monroe,055,,,,0084,,,,Tract   84,2080,597,15,9,128
G36005500085,1980,New York,36,Monroe,055,,,,0085,,,,Tract   85,3978,31,8,7,7
G36005500086,1980,New York,36,Monroe,055,,,,0086,,,,Tract   86,4845,58,4,16,15
G3600550008701,1980,New York,36,Monroe,055,,,,008701,,,,Tract   87.01,3429,212,19,19,44
G3600550008702,1980,New York,36,Monroe,055,,,,008702,,,,Tract   87.02,1341,139,14,15,21
G36005500088,1980,New York,36,Monroe,055,,,,0088,,,,Tract   88,2087,156,26,8,8
G36005500089,1980,New York,36,Monroe,055,,,,0089,,,,Tract   89,69,2,1,0,0
G36005500090,1980,New York,36,Monroe,055,,,,0090,,,,Tract   90,690,125,4,4,8
G36005500091,1980,New York,36,Monroe,055,,,,0091,,,,Tract   91,51,780,0,0,46
G36005500092,1980,New York,36,Monroe,055,,,,0092,,,,Tract   92,297,902,6,0,534
G3600550009301,1980,New York,36,Monroe,055,,,,009301,,,,Tract   93.01,420,1582,11,5,268
G3600550009302,1980,New York,36,Monroe,055,,,,009302,,,,Tract   93.02,1134,217,11,15,26
G3600550009401,1980,New York,36,Monroe,055,,,,009401,,,,Tract   94.01,348,109,1,3,11
G3600550009402,1980,New York,36,Monroe,055,,,,009402,,,,Tract   94.02,752,295,2,22,22
G3600550009403,1980,New York,36,Monroe,055,,,,009403,,,,Tract   94.03,525,225,8,0,12
G36005500095,1980,New York,36,Monroe,055,,,,0095,,,,Tract   95,579,1507,3,7,4
G3600550009601,1980,New York,36,Monroe,055,,,,009601,,,,Tract   96.01,259,1763,2,0,43
G3600550009602,1980,New York,36,Monroe,055,,,,009602,,,,Tract   96.02,1475,642,16,0,135
G3600550009603,1980,New York,36,Monroe,055,,,,009603,,,,Tract   96.03,2317,117,23,39,106
G3600550009604,1980,New York,36,Monroe,055,,,,009604,,,,Tract   96.04,1139,257,24,6,231
G36005500101,1980,New York,36,Monroe,055,,,,0101,,,,Tract  101,4423,24,27,29,28
G36005500102,1980,New York,36,Monroe,055,,,,0102,,,,Tract  102,4078,16,2,13,4
G36005500103,1980,New York,36,Monroe,055,,,,0103,,,,Tract  103,4091,14,6,12,10
G36005500104,1980,New York,36,Monroe,055,,,,0104,,,,Tract  104,5279,13,3,10,17
G36005500105,1980,New York,36,Monroe,055,,,,0105,,,,Tract  105,4542,34,2,19,7
G3600550010601,1980,New York,36,Monroe,055,,,,010601,,,,Tract  106.01,3183,20,1,6,4
G3600550010602,1980,New York,36,Monroe,055,,,,010602,,,,Tract  106.02,4166,34,8,12,25
G36005500107,1980,New York,36,Monroe,055,,,,0107,,,,Tract  107,4090,15,23,7,7
G36005500108,1980,New York,36,Monroe,055,,,,0108,,,,Tract  108,3643,3,11,2,10
G3600550010901,1980,New York,36,Monroe,055,,,,010901,,,,Tract  109.01,5144,109,6,20,48
G3600550010902,1980,New York,36,Monroe,055,,,,010902,,,,Tract  109.02,3860,34,3,8,24
G36005500110,1980,New York,36,Monroe,055,,,,0110,,,,Tract  110,5285,34,3,15,28
G36005500111,1980,New York,36,Monroe,055,,,,0111,,,,Tract  111,4990,35,5,11,13
G3600550011201,1980,New York,36,Monroe,055,,,,011201,,,,Tract  112.01,3224,10,0,9,4
G3600550011203,1980,New York,36,Monroe,055,,,,011203,,,,Tract  112.03,2201,1,5,16,6
G3600550011205,1980,New York,36,Monroe,055,,,,011205,,,,Tract  112.05,2964,69,7,81,23
G3600550011206,1980,New York,36,Monroe,055,,,,011206,,,,Tract  112.06,5007,57,5,40,27
G36005500113,1980,New York,36,Monroe,055,,,,0113,,,,Tract  113,8131,93,8,137,4
G36005500114,1980,New York,36,Monroe,055,,,,0114,,,,Tract  114,6545,121,10,65,55
G3600550011501,1980,New York,36,Monroe,055,,,,011501,,,,Tract  115.01,2717,20,2,27,12
G3600550011503,1980,New York,36,Monroe,055,,,,011503,,,,Tract  115.03,5044,67,0,58,11
G3600550011504,1980,New York,36,Monroe,055,,,,011504,,,,Tract  115.04,3836,78,0,69,16
G3600550011505,1980,New York,36,Monroe,055,,,,011505,,,,Tract  115.05,2591,33,3,25,13
G3600550011601,1980,New York,36,Monroe,055,,,,011601,,,,Tract  116.01,5439,99,0,134,13
G3600550011603,1980,New York,36,Monroe,055,,,,011603,,,,Tract  116.03,1817,4,6,11,3
G3600550011604,1980,New York,36,Monroe,055,,,,011604,,,,Tract  116.04,2444,39,2,63,4
G3600550011605,1980,New York,36,Monroe,055,,,,011605,,,,Tract  116.05,2431,18,0,52,0
G3600550011701,1980,New York,36,Monroe,055,,,,011701,,,,Tract  117.01,9108,107,1,121,22
G3600550011703,1980,New York,36,Monroe,055,,,,011703,,,,Tract  117.03,4145,91,8,64,11
G3600550011704,1980,New York,36,Monroe,055,,,,011704,,,,Tract  117.04,6210,116,2,121,11
G36005500118,1980,New York,36,Monroe,055,,,,0118,,,,Tract  118,5880,54,5,25,6
G3600550011901,1980,New York,36,Monroe,055,,,,011901,,,,Tract  119.01,4408,74,2,61,31
G3600550011902,1980,New York,36,Monroe,055,,,,011902,,,,Tract  119.02,7489,52,7,89,8
G36005500120,1980,New York,36,Monroe,055,,,,0120,,,,Tract  120,3394,14,7,17,41
G36005500121,1980,New York,36,Monroe,055,,,,0121,,,,Tract  121,4064,10,10,14,25
G3600550012201,1980,New York,36,Monroe,055,,,,012201,,,,Tract  122.01,5130,63,1,27,29
G3600550012202,1980,New York,36,Monroe,055,,,,012202,,,,Tract  122.02,2842,25,0,57,3
G3600550012301,1980,New York,36,Monroe,055,,,,012301,,,,Tract  123.01,5428,49,2,110,33
G3600550012302,1980,New York,36,Monroe,055,,,,012302,,,,Tract  123.02,8511,111,4,160,35
G36005500124,1980,New York,36,Monroe,055,,,,0124,,,,Tract  124,5389,22,3,19,1
G36005500125,1980,New York,36,Monroe,055,,,,0125,,,,Tract  125,4611,55,2,20,9
G36005500126,1980,New York,36,Monroe,055,,,,0126,,,,Tract  126,5197,43,1,43,24
G36005500127,1980,New York,36,Monroe,055,,,,0127,,,,Tract  127,4048,33,2,38,26
G36005500128,1980,New York,36,Monroe,055,,,,0128,,,,Tract  128,4228,46,3,116,14
G36005500129,1980,New York,36,Monroe,055,,,,0129,,,,Tract  129,4052,129,5,147,23
G3600550013001,1980,New York,36,Monroe,055,,,,013001,,,,Tract  130.01,5451,384,21,288,114
G3600550013002,1980,New York,36,Monroe,055,,,,013002,,,,Tract  130.02,6363,116,1,108,15
G3600550013101,1980,New York,36,Monroe,055,,,,013101,,,,Tract  131.01,6107,329,18,44,18
G3600550013103,1980,New York,36,Monroe,055,,,,013103,,,,Tract  131.03,4363,120,10,61,56
G3600550013104,1980,New York,36,Monroe,055,,,,013104,,,,Tract  131.04,5255,603,11,107,39
G3600550013202,1980,New York,36,Monroe,055,,,,013202,,,,Tract  132.02,5353,362,10,31,40
G3600550013203,1980,New York,36,Monroe,055,,,,013203,,,,Tract  132.03,6734,410,17,71,31
G3600550013204,1980,New York,36,Monroe,055,,,,013204,,,,Tract  132.04,5548,313,17,35,21
G36005500133,1980,New York,36,Monroe,055,,,,0133,,,,Tract  133,2906,68,12,2,13
G36005500134,1980,New York,36,Monroe,055,,,,0134,,,,Tract  134,7563,91,22,32,23
G3600550013501,1980,New York,36,Monroe,055,,,,013501,,,,Tract  135.01,4916,37,0,28,11
G3600550013502,1980,New York,36,Monroe,055,,,,013502,,,,Tract  135.02,5227,68,5,56,12
G3600550013601,1980,New York,36,Monroe,055,,,,013601,,,,Tract  136.01,5360,28,4,25,26
G3600550013602,1980,New York,36,Monroe,055,,,,013602,,,,Tract  136.02,9107,366,10,72,43
G3600550013701,1980,New York,36,Monroe,055,,,,013701,,,,Tract  137.01,2637,14,5,3,6
G3600550013702,1980,New York,36,Monroe,055,,,,013702,,,,Tract  137.02,4042,9,7,12,12
G36005500138,1980,New York,36,Monroe,055,,,,0138,,,,Tract  138,6137,37,14,16,13
G3600550013901,1980,New York,36,Monroe,055,,,,013901,,,,Tract  139.01,3970,15,1,9,21
G3600550013902,1980,New York,36,Monroe,055,,,,013902,,,,Tract  139.02,4076,220,9,35,38
G3600550014001,1980,New York,36,Monroe,055,,,,014001,,,,Tract  140.01,4946,82,7,27,16
G3600550014003,1980,New York,36,Monroe,055,,,,014003,,,,Tract  140.03,5744,79,10,39,21
G3600550014004,1980,New York,36,Monroe,055,,,,014004,,,,Tract  140.04,3990,34,5,36,1
G3600550014102,1980,New York,36,Monroe,055,,,,014102,,,,Tract  141.02,4035,54,5,10,10
G3600550014103,1980,New York,36,Monroe,055,,,,014103,,,,Tract  141.03,5129,50,5,34,10
G3600550014104,1980,New York,36,Monroe,055,,,,014104,,,,Tract  141.04,2465,12,7,11,3
G3600550014202,1980,New York,36,Monroe,055,,,,014202,,,,Tract  142.02,6365,143,6,54,27
G3600550014203,1980,New York,36,Monroe,055,,,,014203,,,,Tract  142.03,5919,105,14,42,42
G3600550014204,1980,New York,36,Monroe,055,,,,014204,,,,Tract  142.04,2559,86,1,15,15
G3600550014301,1980,New York,36,Monroe,055,,,,014301,,,,Tract  143.01,3078,39,4,7,20
G3600550014302,1980,New York,36,Monroe,055,,,,014302,,,,Tract  143.02,5839,91,12,10,22
G36005500144,1980,New York,36,Monroe,055,,,,0144,,,,Tract  144,5177,51,1,11,1
G3600550014502,1980,New York,36,Monroe,055,,,,014502,,,,Tract  145.02,7251,183,12,32,23
G3600550014503,1980,New York,36,Monroe,055,,,,014503,,,,Tract  145.03,4072,54,7,21,21
G3600550014504,1980,New York,36,Monroe,055,,,,014504,,,,Tract  145.04,4809,219,13,22,15
G36005500146,1980,New York,36,Monroe,055,,,,0146,,,,Tract  146,6632,215,13,40,22
G36005500147,1980,New York,36,Monroe,055,,,,0147,,,,Tract  147,4686,183,6,18,4
G3600550014802,1980,New York,36,Monroe,055,,,,014802,,,,Tract  148.02,5634,21,4,15,14
G3600550014803,1980,New York,36,Monroe,055,,,,014803,,,,Tract  148.03,2693,35,12,3,3
G3600550014804,1980,New York,36,Monroe,055,,,,014804,,,,Tract  148.04,4109,7,7,14,14
G3600550014901,1980,New York,36,Monroe,055,,,,014901,,,,Tract  149.01,3401,11,0,4,8
G3600550014903,1980,New York,36,Monroe,055,,,,014903,,,,Tract  149.03,4616,10,9,16,13
G3600550014904,1980,New York,36,Monroe,055,,,,014904,,,,Tract  149.04,6441,79,25,28,32
G36005500150,1980,New York,36,Monroe,055,,,,0150,,,,Tract  150,4252,47,1,9,0
G36005500151,1980,New York,36,Monroe,055,,,,0151,,,,Tract  151,7507,115,15,9,29
G36005500152,1980,New York,36,Monroe,055,,,,0152,,,,Tract  152,3903,53,9,23,28
G3600550015301,1980,New York,36,Monroe,055,,,,015301,,,,Tract  153.01,3160,443,13,20,57
G3600550015302,1980,New York,36,Monroe,055,,,,015302,,,,Tract  153.02,5681,312,5,33,52
G36005500154,1980,New York,36,Monroe,055,,,,0154,,,,Tract  154,4916,118,8,23,18
G36005700701,1980,New York,36,Montgomery,057,,,,0701,,,,Tract  701,72,0,0,0,0
G36005700702,1980,New York,36,Montgomery,057,,,,0702,,,,Tract  702,2850,58,6,6,144
G36005700703,1980,New York,36,Montgomery,057,,,,0703,,,,Tract  703,2520,17,5,3,59
G36005700704,1980,New York,36,Montgomery,057,,,,0704,,,,Tract  704,2580,7,1,27,7
G36005700705,1980,New York,36,Montgomery,057,,,,0705,,,,Tract  705,3014,5,2,5,12
G36005700706,1980,New York,36,Montgomery,057,,,,0706,,,,Tract  706,2343,20,0,1,53
G36005700707,1980,New York,36,Montgomery,057,,,,0707,,,,Tract  707,2860,17,4,3,32
G36005700708,1980,New York,36,Montgomery,057,,,,0708,,,,Tract  708,3004,1,0,1,17
G36005700709,1980,New York,36,Montgomery,057,,,,0709,,,,Tract  709,1822,77,6,2,209
G36005700721,1980,New York,36,Montgomery,057,,,,0721,,,,Tract  721,5675,7,1,18,20
G36005700722,1980,New York,36,Montgomery,057,,,,0722,,,,Tract  722,3775,12,2,2,4
G36005700723,1980,New York,36,Montgomery,057,,,,0723,,,,Tract  723,2794,2,5,13,5
G36005700724,1980,New York,36,Montgomery,057,,,,0724,,,,Tract  724,3051,2,4,7,0
G36005700725,1980,New York,36,Montgomery,057,,,,0725,,,,Tract  725,4707,1,14,7,14
G36005700726,1980,New York,36,Montgomery,057,,,,0726,,,,Tract  726,4110,14,12,1,3
G36005700727,1980,New York,36,Montgomery,057,,,,0727,,,,Tract  727,3684,3,2,4,1
G36005700728,1980,New York,36,Montgomery,057,,,,0728,,,,Tract  728,3563,19,1,7,1
G36005903001,1980,New York,36,Nassau,059,,,,3001,,,,Tract 3001,4179,126,0,70,24
G36005903002,1980,New York,36,Nassau,059,,,,3002,,,,Tract 3002,801,12,3,7,12
G36005903003,1980,New York,36,Nassau,059,,,,3003,,,,Tract 3003,3403,397,6,58,36
G36005903004,1980,New York,36,Nassau,059,,,,3004,,,,Tract 3004,4998,126,3,94,47
G36005903005,1980,New York,36,Nassau,059,,,,3005,,,,Tract 3005,4622,126,0,47,48
G36005903006,1980,New York,36,Nassau,059,,,,3006,,,,Tract 3006,6183,130,1,153,60
G36005903007,1980,New York,36,Nassau,059,,,,3007,,,,Tract 3007,5188,136,1,150,129
G36005903008,1980,New York,36,Nassau,059,,,,3008,,,,Tract 3008,4242,180,0,139,38
G36005903009,1980,New York,36,Nassau,059,,,,3009,,,,Tract 3009,3786,96,0,78,23
G36005903010,1980,New York,36,Nassau,059,,,,3010,,,,Tract 3010,4781,55,1,168,34
G3600590301101,1980,New York,36,Nassau,059,,,,301101,,,,Tract 3011.01,5178,24,2,126,54
G3600590301102,1980,New York,36,Nassau,059,,,,301102,,,,Tract 3011.02,4476,27,0,113,15
G36005903012,1980,New York,36,Nassau,059,,,,3012,,,,Tract 3012,5769,44,2,152,25
G36005903013,1980,New York,36,Nassau,059,,,,3013,,,,Tract 3013,4345,464,9,121,88
G36005903014,1980,New York,36,Nassau,059,,,,3014,,,,Tract 3014,2047,4,0,53,12
G36005903015,1980,New York,36,Nassau,059,,,,3015,,,,Tract 3015,3290,8,2,53,19
G36005903016,1980,New York,36,Nassau,059,,,,3016,,,,Tract 3016,4300,37,0,182,39
G36005903017,1980,New York,36,Nassau,059,,,,3017,,,,Tract 3017,2759,10,1,27,9
G36005903018,1980,New York,36,Nassau,059,,,,3018,,,,Tract 3018,3867,1219,16,139,16
G36005903019,1980,New York,36,Nassau,059,,,,3019,,,,Tract 3019,3179,5,0,39,5
G36005903020,1980,New York,36,Nassau,059,,,,3020,,,,Tract 3020,4184,125,1,86,35
G3600590302101,1980,New York,36,Nassau,059,,,,302101,,,,Tract 3021.01,4271,60,1,110,32
G3600590302102,1980,New York,36,Nassau,059,,,,302102,,,,Tract 3021.02,3348,25,1,49,15
G36005903022,1980,New York,36,Nassau,059,,,,3022,,,,Tract 3022,3355,536,8,65,37
G36005903023,1980,New York,36,Nassau,059,,,,3023,,,,Tract 3023,4556,17,0,301,26
G36005903024,1980,New York,36,Nassau,059,,,,3024,,,,Tract 3024,5444,2,0,109,6
G3600590302501,1980,New York,36,Nassau,059,,,,302501,,,,Tract 3025.01,2467,31,2,43,2
G3600590302502,1980,New York,36,Nassau,059,,,,302502,,,,Tract 3025.02,2091,66,0,98,16
G36005903026,1980,New York,36,Nassau,059,,,,3026,,,,Tract 3026,2310,1,1,12,3
G36005903027,1980,New York,36,Nassau,059,,,,3027,,,,Tract 3027,3991,2,0,67,8
G36005903028,1980,New York,36,Nassau,059,,,,3028,,,,Tract 3028,6206,2,7,141,29
G36005903029,1980,New York,36,Nassau,059,,,,3029,,,,Tract 3029,4578,0,5,77,1
G36005903030,1980,New York,36,Nassau,059,,,,3030,,,,Tract 3030,5648,0,2,81,23
G3600590303101,1980,New York,36,Nassau,059,,,,303101,,,,Tract 3031.01,3614,6,1,231,17
G3600590303102,1980,New York,36,Nassau,059,,,,303102,,,,Tract 3031.02,4085,6,0,151,12
G3600590303201,1980,New York,36,Nassau,059,,,,303201,,,,Tract 3032.01,3280,395,1,135,23
G3600590303202,1980,New York,36,Nassau,059,,,,303202,,,,Tract 3032.02,3730,47,0,92,9
G3600590303301,1980,New York,36,Nassau,059,,,,303301,,,,Tract 3033.01,3658,0,0,57,1
G3600590303302,1980,New York,36,Nassau,059,,,,303302,,,,Tract 3033.02,4422,35,2,29,12
G36005903034,1980,New York,36,Nassau,059,,,,3034,,,,Tract 3034,2648,11,0,39,10
G36005903035,1980,New York,36,Nassau,059,,,,3035,,,,Tract 3035,5895,3,7,62,42
G36005903036,1980,New York,36,Nassau,059,,,,3036,,,,Tract 3036,6802,99,1,91,137
G36005903037,1980,New York,36,Nassau,059,,,,3037,,,,Tract 3037,7235,122,3,155,51
G36005903038,1980,New York,36,Nassau,059,,,,3038,,,,Tract 3038,5312,27,2,96,33
G36005903039,1980,New York,36,Nassau,059,,,,3039,,,,Tract 3039,2793,864,3,179,48
G3600590304001,1980,New York,36,Nassau,059,,,,304001,,,,Tract 3040.01,2712,2,1,31,27
G3600590304002,1980,New York,36,Nassau,059,,,,304002,,,,Tract 3040.02,3722,68,2,49,52
G36005903041,1980,New York,36,Nassau,059,,,,3041,,,,Tract 3041,2072,1083,15,51,97
G3600590304201,1980,New York,36,Nassau,059,,,,304201,,,,Tract 3042.01,441,6248,28,16,147
G3600590304202,1980,New York,36,Nassau,059,,,,304202,,,,Tract 3042.02,2132,452,2,46,123
G36005904043,1980,New York,36,Nassau,059,,,,4043,,,,Tract 4043,3074,4,1,28,31
G36005904044,1980,New York,36,Nassau,059,,,,4044,,,,Tract 4044,5428,1,0,28,14
G36005904045,1980,New York,36,Nassau,059,,,,4045,,,,Tract 4045,4406,15,3,6,20
G36005904046,1980,New York,36,Nassau,059,,,,4046,,,,Tract 4046,4512,0,0,31,14
G36005904047,1980,New York,36,Nassau,059,,,,4047,,,,Tract 4047,6354,4,1,41,20
G36005904048,1980,New York,36,Nassau,059,,,,4048,,,,Tract 4048,3473,1823,8,16,56
G36005904049,1980,New York,36,Nassau,059,,,,4049,,,,Tract 4049,6834,503,7,177,57
G36005904050,1980,New York,36,Nassau,059,,,,4050,,,,Tract 4050,4063,7,7,29,20
G36005904051,1980,New York,36,Nassau,059,,,,4051,,,,Tract 4051,6675,109,5,87,49
G36005904052,1980,New York,36,Nassau,059,,,,4052,,,,Tract 4052,5023,10,0,29,15
G3600590405301,1980,New York,36,Nassau,059,,,,405301,,,,Tract 4053.01,3248,4,0,28,6
G3600590405302,1980,New York,36,Nassau,059,,,,405302,,,,Tract 4053.02,4158,3,2,18,15
G36005904054,1980,New York,36,Nassau,059,,,,4054,,,,Tract 4054,6997,2,0,23,19
G36005904055,1980,New York,36,Nassau,059,,,,4055,,,,Tract 4055,5241,3,2,15,14
G36005904056,1980,New York,36,Nassau,059,,,,4056,,,,Tract 4056,4390,0,5,9,6
G36005904057,1980,New York,36,Nassau,059,,,,4057,,,,Tract 4057,4772,10,0,50,11
G36005904058,1980,New York,36,Nassau,059,,,,4058,,,,Tract 4058,4238,4,1,15,15
G36005904059,1980,New York,36,Nassau,059,,,,4059,,,,Tract 4059,5017,15,3,69,18
G3600590406001,1980,New York,36,Nassau,059,,,,406001,,,,Tract 4060.01,4545,31,8,40,7
G3600590406002,1980,New York,36,Nassau,059,,,,406002,,,,Tract 4060.02,3061,11,6,23,12
G36005904061,1980,New York,36,Nassau,059,,,,4061,,,,Tract 4061,2856,19,0,32,15
G3600590406201,1980,New York,36,Nassau,059,,,,406201,,,,Tract 4062.01,2584,95,7,17,45
G3600590406202,1980,New York,36,Nassau,059,,,,406202,,,,Tract 4062.02,479,4676,31,20,70
G36005904063,1980,New York,36,Nassau,059,,,,4063,,,,Tract 4063,3959,1,0,31,24
G36005904064,1980,New York,36,Nassau,059,,,,4064,,,,Tract 4064,6789,8,1,93,13
G3600590406501,1980,New York,36,Nassau,059,,,,406501,,,,Tract 4065.01,6744,13,0,90,22
G3600590406502,1980,New York,36,Nassau,059,,,,406502,,,,Tract 4065.02,499,214,1,16,58
G36005904066,1980,New York,36,Nassau,059,,,,4066,,,,Tract 4066,4307,7,2,67,20
G36005904067,1980,New York,36,Nassau,059,,,,4067,,,,Tract 4067,3615,2413,21,96,260
G36005904068,1980,New York,36,Nassau,059,,,,4068,,,,Tract 4068,2889,2245,12,74,438
G36005904069,1980,New York,36,Nassau,059,,,,4069,,,,Tract 4069,537,5225,26,13,78
G36005904070,1980,New York,36,Nassau,059,,,,4070,,,,Tract 4070,462,5234,32,11,114
G3600590407101,1980,New York,36,Nassau,059,,,,407101,,,,Tract 4071.01,797,3254,4,14,118
G3600590407102,1980,New York,36,Nassau,059,,,,407102,,,,Tract 4071.02,2198,2226,1,31,159
G36005904072,1980,New York,36,Nassau,059,,,,4072,,,,Tract 4072,5052,2436,13,87,219
G3600590407301,1980,New York,36,Nassau,059,,,,407301,,,,Tract 4073.01,1953,733,4,25,66
G3600590407302,1980,New York,36,Nassau,059,,,,407302,,,,Tract 4073.02,3715,528,4,23,77
G3600590407401,1980,New York,36,Nassau,059,,,,407401,,,,Tract 4074.01,5309,901,1,123,201
G3600590407402,1980,New York,36,Nassau,059,,,,407402,,,,Tract 4074.02,845,54,0,1,0
G3600590407501,1980,New York,36,Nassau,059,,,,407501,,,,Tract 4075.01,2333,1267,2,20,152
G3600590407502,1980,New York,36,Nassau,059,,,,407502,,,,Tract 4075.02,1746,2528,6,52,128
G36005904076,1980,New York,36,Nassau,059,,,,4076,,,,Tract 4076,5657,14,0,103,29
G36005904077,1980,New York,36,Nassau,059,,,,4077,,,,Tract 4077,4902,5,2,85,15
G3600590407801,1980,New York,36,Nassau,059,,,,407801,,,,Tract 4078.01,5216,8,3,47,12
G3600590407802,1980,New York,36,Nassau,059,,,,407802,,,,Tract 4078.02,653,432,0,145,31
G36005904079,1980,New York,36,Nassau,059,,,,4079,,,,Tract 4079,4027,254,6,101,46
G36005904080,1980,New York,36,Nassau,059,,,,4080,,,,Tract 4080,6359,9,0,51,27
G36005904081,1980,New York,36,Nassau,059,,,,4081,,,,Tract 4081,6568,9,0,41,36
G36005904082,1980,New York,36,Nassau,059,,,,4082,,,,Tract 4082,6605,0,5,84,44
G36005904083,1980,New York,36,Nassau,059,,,,4083,,,,Tract 4083,7324,10,9,57,18
G36005904084,1980,New York,36,Nassau,059,,,,4084,,,,Tract 4084,3895,34,8,35,17
G36005904085,1980,New York,36,Nassau,059,,,,4085,,,,Tract 4085,6297,10,1,91,17
G36005904086,1980,New York,36,Nassau,059,,,,4086,,,,Tract 4086,4889,3,0,42,27
G36005904087,1980,New York,36,Nassau,059,,,,4087,,,,Tract 4087,5071,4,3,49,37
G36005904088,1980,New York,36,Nassau,059,,,,4088,,,,Tract 4088,7391,5,5,65,49
G36005904089,1980,New York,36,Nassau,059,,,,4089,,,,Tract 4089,6320,2,1,48,11
G36005904090,1980,New York,36,Nassau,059,,,,4090,,,,Tract 4090,6259,15,0,75,17
G36005904091,1980,New York,36,Nassau,059,,,,4091,,,,Tract 4091,6069,8,2,21,28
G36005904092,1980,New York,36,Nassau,059,,,,4092,,,,Tract 4092,6698,2,2,20,25
G36005904093,1980,New York,36,Nassau,059,,,,4093,,,,Tract 4093,4766,0,0,20,4
G36005904094,1980,New York,36,Nassau,059,,,,4094,,,,Tract 4094,4453,2,3,42,19
G36005904095,1980,New York,36,Nassau,059,,,,4095,,,,Tract 4095,4438,4,1,27,3
G36005904096,1980,New York,36,Nassau,059,,,,4096,,,,Tract 4096,5296,6,4,46,21
G36005904097,1980,New York,36,Nassau,059,,,,4097,,,,Tract 4097,4224,0,0,42,5
G36005904098,1980,New York,36,Nassau,059,,,,4098,,,,Tract 4098,4015,404,3,88,40
G36005904099,1980,New York,36,Nassau,059,,,,4099,,,,Tract 4099,6028,102,0,86,43
G36005904100,1980,New York,36,Nassau,059,,,,4100,,,,Tract 4100,3600,41,0,65,15
G36005904101,1980,New York,36,Nassau,059,,,,4101,,,,Tract 4101,6345,6,1,58,15
G36005904102,1980,New York,36,Nassau,059,,,,4102,,,,Tract 4102,3947,26,0,21,26
G36005904103,1980,New York,36,Nassau,059,,,,4103,,,,Tract 4103,5679,5,0,31,23
G36005904104,1980,New York,36,Nassau,059,,,,4104,,,,Tract 4104,4512,7,2,60,8
G36005904105,1980,New York,36,Nassau,059,,,,4105,,,,Tract 4105,6333,8,6,33,13
G36005904106,1980,New York,36,Nassau,059,,,,4106,,,,Tract 4106,7146,1,1,41,11
G36005904107,1980,New York,36,Nassau,059,,,,4107,,,,Tract 4107,6364,17,0,55,11
G36005904108,1980,New York,36,Nassau,059,,,,4108,,,,Tract 4108,5315,7,3,63,14
G36005904109,1980,New York,36,Nassau,059,,,,4109,,,,Tract 4109,5345,20,0,90,7
G36005904110,1980,New York,36,Nassau,059,,,,4110,,,,Tract 4110,3966,617,3,20,31
G36005904111,1980,New York,36,Nassau,059,,,,4111,,,,Tract 4111,1911,1621,4,13,42
G36005904112,1980,New York,36,Nassau,059,,,,4112,,,,Tract 4112,5994,89,0,49,30
G3600590411301,1980,New York,36,Nassau,059,,,,411301,,,,Tract 4113.01,3896,7,0,36,2
G3600590411302,1980,New York,36,Nassau,059,,,,411302,,,,Tract 4113.02,7045,27,0,57,7
G36005904114,1980,New York,36,Nassau,059,,,,4114,,,,Tract 4114,5930,79,1,78,40
G36005904115,1980,New York,36,Nassau,059,,,,4115,,,,Tract 4115,3057,67,0,8,7
G36005904116,1980,New York,36,Nassau,059,,,,4116,,,,Tract 4116,6025,95,0,26,29
G36005904117,1980,New York,36,Nassau,059,,,,4117,,,,Tract 4117,6843,58,0,56,29
G36005904118,1980,New York,36,Nassau,059,,,,4118,,,,Tract 4118,6512,15,2,47,16
G3600590411901,1980,New York,36,Nassau,059,,,,411901,,,,Tract 4119.01,3263,7,2,44,15
G3600590411902,1980,New York,36,Nassau,059,,,,411902,,,,Tract 4119.02,3877,3,0,18,8
G36005904120,1980,New York,36,Nassau,059,,,,4120,,,,Tract 4120,6491,7,2,61,41
G36005904121,1980,New York,36,Nassau,059,,,,4121,,,,Tract 4121,7194,4,1,26,20
G36005904122,1980,New York,36,Nassau,059,,,,4122,,,,Tract 4122,5988,6,0,23,8
G3600590412301,1980,New York,36,Nassau,059,,,,412301,,,,Tract 4123.01,3353,47,1,42,101
G3600590412302,1980,New York,36,Nassau,059,,,,412302,,,,Tract 4123.02,3773,13,0,38,35
G36005904124,1980,New York,36,Nassau,059,,,,4124,,,,Tract 4124,4336,729,10,39,112
G36005904125,1980,New York,36,Nassau,059,,,,4125,,,,Tract 4125,4586,15,0,11,3
G36005904126,1980,New York,36,Nassau,059,,,,4126,,,,Tract 4126,3861,27,0,46,9
G36005904127,1980,New York,36,Nassau,059,,,,4127,,,,Tract 4127,4163,23,0,13,19
G36005904128,1980,New York,36,Nassau,059,,,,4128,,,,Tract 4128,3052,105,0,37,23
G36005904129,1980,New York,36,Nassau,059,,,,4129,,,,Tract 4129,3928,1574,4,93,82
G3600590413001,1980,New York,36,Nassau,059,,,,413001,,,,Tract 4130.01,4432,3,1,18,42
G3600590413002,1980,New York,36,Nassau,059,,,,413002,,,,Tract 4130.02,4175,2,2,27,16
G36005904131,1980,New York,36,Nassau,059,,,,4131,,,,Tract 4131,4910,4,0,47,32
G36005904132,1980,New York,36,Nassau,059,,,,4132,,,,Tract 4132,6363,15,7,38,42
G36005904133,1980,New York,36,Nassau,059,,,,4133,,,,Tract 4133,7279,12,1,10,27
G36005904134,1980,New York,36,Nassau,059,,,,4134,,,,Tract 4134,6068,23,5,27,11
G36005904135,1980,New York,36,Nassau,059,,,,4135,,,,Tract 4135,6776,184,11,69,43
G36005904136,1980,New York,36,Nassau,059,,,,4136,,,,Tract 4136,5043,8,8,37,50
G36005904137,1980,New York,36,Nassau,059,,,,4137,,,,Tract 4137,5032,7,4,58,8
G3600590413801,1980,New York,36,Nassau,059,,,,413801,,,,Tract 4138.01,4192,8,4,52,16
G3600590413802,1980,New York,36,Nassau,059,,,,413802,,,,Tract 4138.02,4276,12,0,46,5
G36005904139,1980,New York,36,Nassau,059,,,,4139,,,,Tract 4139,863,5280,22,11,166
G3600590414001,1980,New York,36,Nassau,059,,,,414001,,,,Tract 4140.01,252,3626,13,15,61
G3600590414002,1980,New York,36,Nassau,059,,,,414002,,,,Tract 4140.02,144,3610,9,9,28
G36005904141,1980,New York,36,Nassau,059,,,,4141,,,,Tract 4141,1956,4049,7,35,117
G3600590414201,1980,New York,36,Nassau,059,,,,414201,,,,Tract 4142.01,2789,660,11,13,567
G3600590414202,1980,New York,36,Nassau,059,,,,414202,,,,Tract 4142.02,1195,2452,18,4,198
G3600590414301,1980,New York,36,Nassau,059,,,,414301,,,,Tract 4143.01,2214,182,3,24,137
G3600590414302,1980,New York,36,Nassau,059,,,,414302,,,,Tract 4143.02,6359,574,14,78,295
G36005904144,1980,New York,36,Nassau,059,,,,4144,,,,Tract 4144,1470,3162,12,23,157
G3600590414501,1980,New York,36,Nassau,059,,,,414501,,,,Tract 4145.01,4579,629,2,66,132
G3600590414502,1980,New York,36,Nassau,059,,,,414502,,,,Tract 4145.02,3814,166,3,42,64
G36005904146,1980,New York,36,Nassau,059,,,,4146,,,,Tract 4146,3946,26,1,16,7
G36005904147,1980,New York,36,Nassau,059,,,,4147,,,,Tract 4147,4787,0,0,43,33
G36005904148,1980,New York,36,Nassau,059,,,,4148,,,,Tract 4148,6944,20,5,31,25
G36005904149,1980,New York,36,Nassau,059,,,,4149,,,,Tract 4149,6893,214,4,33,45
G36005904150,1980,New York,36,Nassau,059,,,,4150,,,,Tract 4150,6218,5,2,38,30
G3600590415101,1980,New York,36,Nassau,059,,,,415101,,,,Tract 4151.01,2882,31,1,44,16
G3600590415102,1980,New York,36,Nassau,059,,,,415102,,,,Tract 4151.02,5958,16,6,17,6
G3600590415201,1980,New York,36,Nassau,059,,,,415201,,,,Tract 4152.01,3848,6,2,26,4
G3600590415202,1980,New York,36,Nassau,059,,,,415202,,,,Tract 4152.02,5272,20,0,24,6
G36005904153,1980,New York,36,Nassau,059,,,,4153,,,,Tract 4153,5995,9,6,34,23
G3600590415401,1980,New York,36,Nassau,059,,,,415401,,,,Tract 4154.01,6121,9,1,38,9
G3600590415402,1980,New York,36,Nassau,059,,,,415402,,,,Tract 4154.02,5848,5,0,4,4
G36005904155,1980,New York,36,Nassau,059,,,,4155,,,,Tract 4155,3026,5,0,1,1
G36005904156,1980,New York,36,Nassau,059,,,,4156,,,,Tract 4156,5571,1,5,34,17
G36005904157,1980,New York,36,Nassau,059,,,,4157,,,,Tract 4157,6664,3,0,42,18
G36005904158,1980,New York,36,Nassau,059,,,,4158,,,,Tract 4158,7365,24,0,66,7
G36005904159,1980,New York,36,Nassau,059,,,,4159,,,,Tract 4159,5471,3,7,23,11
G36005904160,1980,New York,36,Nassau,059,,,,4160,,,,Tract 4160,4232,1,0,11,20
G36005904161,1980,New York,36,Nassau,059,,,,4161,,,,Tract 4161,6219,16,8,67,28
G3600590416201,1980,New York,36,Nassau,059,,,,416201,,,,Tract 4162.01,4062,12,6,13,15
G3600590416202,1980,New York,36,Nassau,059,,,,416202,,,,Tract 4162.02,4688,23,6,21,109
G36005904163,1980,New York,36,Nassau,059,,,,4163,,,,Tract 4163,3740,6,0,18,19
G36005904164,1980,New York,36,Nassau,059,,,,4164,,,,Tract 4164,6788,40,2,18,73
G36005904165,1980,New York,36,Nassau,059,,,,4165,,,,Tract 4165,2527,2557,16,52,328
G36005904166,1980,New York,36,Nassau,059,,,,4166,,,,Tract 4166,5346,407,9,94,203
G3600590416701,1980,New York,36,Nassau,059,,,,416701,,,,Tract 4167.01,4143,41,1,48,66
G3600590416702,1980,New York,36,Nassau,059,,,,416702,,,,Tract 4167.02,4605,222,4,33,144
G36005904168,1980,New York,36,Nassau,059,,,,4168,,,,Tract 4168,6203,26,11,36,30
G36005904169,1980,New York,36,Nassau,059,,,,4169,,,,Tract 4169,4452,18,1,26,7
G36005905170,1980,New York,36,Nassau,059,,,,5170,,,,Tract 5170,3125,40,1,56,19
G36005905171,1980,New York,36,Nassau,059,,,,5171,,,,Tract 5171,6993,299,2,138,187
G36005905172,1980,New York,36,Nassau,059,,,,5172,,,,Tract 5172,4294,1230,18,43,277
G3600590517301,1980,New York,36,Nassau,059,,,,517301,,,,Tract 5173.01,2679,59,5,29,38
G3600590517302,1980,New York,36,Nassau,059,,,,517302,,,,Tract 5173.02,5000,19,1,33,33
G36005905174,1980,New York,36,Nassau,059,,,,5174,,,,Tract 5174,5227,78,3,30,26
G36005905175,1980,New York,36,Nassau,059,,,,5175,,,,Tract 5175,3637,16,0,12,14
G36005905176,1980,New York,36,Nassau,059,,,,5176,,,,Tract 5176,4457,3,0,42,11
G3600590517701,1980,New York,36,Nassau,059,,,,517701,,,,Tract 5177.01,5557,61,3,133,22
G3600590517703,1980,New York,36,Nassau,059,,,,517703,,,,Tract 5177.03,2109,486,2,14,138
G3600590517704,1980,New York,36,Nassau,059,,,,517704,,,,Tract 5177.04,1287,268,4,31,67
G3600590517801,1980,New York,36,Nassau,059,,,,517801,,,,Tract 5178.01,3620,24,1,27,21
G3600590517802,1980,New York,36,Nassau,059,,,,517802,,,,Tract 5178.02,3357,168,1,24,26
G36005905179,1980,New York,36,Nassau,059,,,,5179,,,,Tract 5179,7817,2,9,45,26
G36005905180,1980,New York,36,Nassau,059,,,,5180,,,,Tract 5180,6001,409,5,55,27
G36005905181,1980,New York,36,Nassau,059,,,,5181,,,,Tract 5181,2803,9,1,24,4
G3600590518201,1980,New York,36,Nassau,059,,,,518201,,,,Tract 5182.01,3559,12,0,73,13
G3600590518202,1980,New York,36,Nassau,059,,,,518202,,,,Tract 5182.02,6824,100,0,81,38
G36005905183,1980,New York,36,Nassau,059,,,,5183,,,,Tract 5183,5692,11,0,126,10
G36005905184,1980,New York,36,Nassau,059,,,,5184,,,,Tract 5184,3848,40,0,72,19
G3600590518501,1980,New York,36,Nassau,059,,,,518501,,,,Tract 5185.01,5022,45,1,109,8
G3600590518502,1980,New York,36,Nassau,059,,,,518502,,,,Tract 5185.02,3128,24,0,59,16
G36005905186,1980,New York,36,Nassau,059,,,,5186,,,,Tract 5186,4234,9,0,79,5
G36005905187,1980,New York,36,Nassau,059,,,,5187,,,,Tract 5187,6140,6,5,92,17
G36005905188,1980,New York,36,Nassau,059,,,,5188,,,,Tract 5188,3378,2,0,30,0
G36005905189,1980,New York,36,Nassau,059,,,,5189,,,,Tract 5189,6690,47,0,140,44
G36005905190,1980,New York,36,Nassau,059,,,,5190,,,,Tract 5190,6533,7,3,106,17
G36005905191,1980,New York,36,Nassau,059,,,,5191,,,,Tract 5191,6318,1,1,93,17
G36005905192,1980,New York,36,Nassau,059,,,,5192,,,,Tract 5192,6633,4,6,72,24
G36005905193,1980,New York,36,Nassau,059,,,,5193,,,,Tract 5193,5400,12,1,87,30
G36005905194,1980,New York,36,Nassau,059,,,,5194,,,,Tract 5194,4579,4,2,62,6
G36005905195,1980,New York,36,Nassau,059,,,,5195,,,,Tract 5195,6203,5,0,60,38
G3600590519601,1980,New York,36,Nassau,059,,,,519601,,,,Tract 5196.01,5010,10,0,53,8
G3600590519602,1980,New York,36,Nassau,059,,,,519602,,,,Tract 5196.02,2304,8,0,7,0
G3600590519702,1980,New York,36,Nassau,059,,,,519702,,,,Tract 5197.02,4791,20,6,71,14
G3600590519703,1980,New York,36,Nassau,059,,,,519703,,,,Tract 5197.03,4066,8,0,45,13
G3600590519704,1980,New York,36,Nassau,059,,,,519704,,,,Tract 5197.04,3489,1,2,40,4
G3600590519801,1980,New York,36,Nassau,059,,,,519801,,,,Tract 5198.01,2520,0,1,60,15
G3600590519802,1980,New York,36,Nassau,059,,,,519802,,,,Tract 5198.02,5397,17,1,50,6
G36005905199,1980,New York,36,Nassau,059,,,,5199,,,,Tract 5199,5827,1,1,58,26
G3600590520001,1980,New York,36,Nassau,059,,,,520001,,,,Tract 5200.01,6555,2,1,47,7
G3600590520002,1980,New York,36,Nassau,059,,,,520002,,,,Tract 5200.02,4246,0,2,55,12
G36005905201,1980,New York,36,Nassau,059,,,,5201,,,,Tract 5201,6115,25,8,46,21
G36005905202,1980,New York,36,Nassau,059,,,,5202,,,,Tract 5202,3295,1,12,24,7
G36005905203,1980,New York,36,Nassau,059,,,,5203,,,,Tract 5203,6209,18,0,39,24
G3600590520401,1980,New York,36,Nassau,059,,,,520401,,,,Tract 5204.01,3764,7,1,35,31
G3600590520402,1980,New York,36,Nassau,059,,,,520402,,,,Tract 5204.02,4045,2,5,41,15
G3600590520501,1980,New York,36,Nassau,059,,,,520501,,,,Tract 5205.01,3893,0,1,43,31
G3600590520502,1980,New York,36,Nassau,059,,,,520502,,,,Tract 5205.02,6009,4,0,47,13
G36005905206,1980,New York,36,Nassau,059,,,,5206,,,,Tract 5206,6312,1,3,44,38
G36005905207,1980,New York,36,Nassau,059,,,,5207,,,,Tract 5207,5212,10,0,28,16
G36005905208,1980,New York,36,Nassau,059,,,,5208,,,,Tract 5208,4590,5,1,23,1
G36005905209,1980,New York,36,Nassau,059,,,,5209,,,,Tract 5209,5094,1,2,25,11
G36005905210,1980,New York,36,Nassau,059,,,,5210,,,,Tract 5210,6339,10,2,9,6
G36005905211,1980,New York,36,Nassau,059,,,,5211,,,,Tract 5211,4895,6,2,24,6
G36005905212,1980,New York,36,Nassau,059,,,,5212,,,,Tract 5212,3120,3,3,16,1
G3600590521301,1980,New York,36,Nassau,059,,,,521301,,,,Tract 5213.01,2550,12,0,20,8
G3600590521302,1980,New York,36,Nassau,059,,,,521302,,,,Tract 5213.02,6531,2,2,23,3
G36005905214,1980,New York,36,Nassau,059,,,,5214,,,,Tract 5214,7136,1,0,82,8
G36005905215,1980,New York,36,Nassau,059,,,,5215,,,,Tract 5215,5811,0,1,39,3
G3600590521601,1980,New York,36,Nassau,059,,,,521601,,,,Tract 5216.01,4866,0,1,15,13
G3600590521602,1980,New York,36,Nassau,059,,,,521602,,,,Tract 5216.02,3931,1,0,14,5
G36005905217,1980,New York,36,Nassau,059,,,,5217,,,,Tract 5217,5018,4,0,49,8
G3600590521801,1980,New York,36,Nassau,059,,,,521801,,,,Tract 5218.01,4233,0,0,32,6
G3600590521802,1980,New York,36,Nassau,059,,,,521802,,,,Tract 5218.02,4573,4,4,25,1
G36005905219,1980,New York,36,Nassau,059,,,,5219,,,,Tract 5219,5053,2,4,41,9
G36005905220,1980,New York,36,Nassau,059,,,,5220,,,,Tract 5220,4648,1711,19,100,145
G36006100001,1980,New York,36,New York,061,,,,0001,,,,Tract    1,17,0,0,0,0
G3600610000201,1980,New York,36,New York,061,,,,000201,,,,Tract    2.01,1069,484,10,697,1097
G3600610000202,1980,New York,36,New York,061,,,,000202,,,,Tract    2.02,4610,1035,14,693,1667
G36006100005,1980,New York,36,New York,061,,,,0005,,,,Tract    5,2809,291,15,248,126
G3600610000599,1980,New York,36,New York,061,,,,000599,,,,Tract    5.99,440,87,2,21,24
G36006100006,1980,New York,36,New York,061,,,,0006,,,,Tract    6,2179,1063,13,5172,2211
G36006100007,1980,New York,36,New York,061,,,,0007,,,,Tract    7,356,32,0,17,3
G36006100008,1980,New York,36,New York,061,,,,0008,,,,Tract    8,2689,56,3,6353,119
G36006100009,1980,New York,36,New York,061,,,,0009,,,,Tract    9,111,7,1,2,0
G3600610001001,1980,New York,36,New York,061,,,,001001,,,,Tract   10.01,1652,40,0,14,15
G3600610001002,1980,New York,36,New York,061,,,,001002,,,,Tract   10.02,3335,1805,19,86,2787
G36006100012,1980,New York,36,New York,061,,,,0012,,,,Tract   12,2542,178,1,186,561
G36006100013,1980,New York,36,New York,061,,,,0013,,,,Tract   13,146,18,1,1,0
G3600610001401,1980,New York,36,New York,061,,,,001401,,,,Tract   14.01,3344,66,0,35,30
G3600610001402,1980,New York,36,New York,061,,,,001402,,,,Tract   14.02,1106,168,9,349,988
G3600610001501,1980,New York,36,New York,061,,,,001501,,,,Tract   15.01,2965,302,5,452,92
G3600610001502,1980,New York,36,New York,061,,,,001502,,,,Tract   15.02,505,28,1,28,2
G36006100016,1980,New York,36,New York,061,,,,0016,,,,Tract   16,832,174,2,6761,316
G36006100018,1980,New York,36,New York,061,,,,0018,,,,Tract   18,2069,256,9,3273,1354
G36006100020,1980,New York,36,New York,061,,,,0020,,,,Tract   20,1971,1425,31,9,3132
G36006100021,1980,New York,36,New York,061,,,,0021,,,,Tract   21,654,133,2,39,20
G3600610002201,1980,New York,36,New York,061,,,,002201,,,,Tract   22.01,2211,1195,12,902,2167
G3600610002202,1980,New York,36,New York,061,,,,002202,,,,Tract   22.02,507,211,7,10,549
G36006100024,1980,New York,36,New York,061,,,,0024,,,,Tract   24,2184,1350,37,28,2643
G36006100025,1980,New York,36,New York,061,,,,0025,,,,Tract   25,1631,983,14,1817,1924
G3600610002601,1980,New York,36,New York,061,,,,002601,,,,Tract   26.01,1096,403,6,37,1179
G3600610002602,1980,New York,36,New York,061,,,,002602,,,,Tract   26.02,1042,298,16,3,517
G36006100027,1980,New York,36,New York,061,,,,0027,,,,Tract   27,647,34,0,706,23
G36006100028,1980,New York,36,New York,061,,,,0028,,,,Tract   28,2454,935,14,412,1587
G36006100029,1980,New York,36,New York,061,,,,0029,,,,Tract   29,810,182,3,4960,61
G3600610003001,1980,New York,36,New York,061,,,,003001,,,,Tract   30.01,1474,177,24,396,1681
G3600610003002,1980,New York,36,New York,061,,,,003002,,,,Tract   30.02,1648,433,17,173,331
G36006100031,1980,New York,36,New York,061,,,,0031,,,,Tract   31,253,28,0,12,6
G36006100032,1980,New York,36,New York,061,,,,0032,,,,Tract   32,6810,510,30,360,659
G36006100033,1980,New York,36,New York,061,,,,0033,,,,Tract   33,1378,25,4,41,22
G36006100034,1980,New York,36,New York,061,,,,0034,,,,Tract   34,4138,543,28,251,1628
G3600610003601,1980,New York,36,New York,061,,,,003601,,,,Tract   36.01,1072,380,11,174,907
G3600610003602,1980,New York,36,New York,061,,,,003602,,,,Tract   36.02,1754,998,10,237,438
G36006100038,1980,New York,36,New York,061,,,,0038,,,,Tract   38,6586,416,25,674,964
G36006100039,1980,New York,36,New York,061,,,,0039,,,,Tract   39,2807,510,13,128,173
G36006100040,1980,New York,36,New York,061,,,,0040,,,,Tract   40,5189,526,27,645,757
G36006100041,1980,New York,36,New York,061,,,,0041,,,,Tract   41,2751,122,11,5541,244
G36006100042,1980,New York,36,New York,061,,,,0042,,,,Tract   42,1804,138,6,144,52
G36006100043,1980,New York,36,New York,061,,,,0043,,,,Tract   43,2644,88,14,976,508
G3600610004401,1980,New York,36,New York,061,,,,004401,,,,Tract   44.01,13934,862,21,1265,298
G3600610004402,1980,New York,36,New York,061,,,,004402,,,,Tract   44.02,2250,340,0,249,134
G36006100045,1980,New York,36,New York,061,,,,0045,,,,Tract   45,613,13,1,90,31
G36006100047,1980,New York,36,New York,061,,,,0047,,,,Tract   47,2401,32,1,97,51
G36006100048,1980,New York,36,New York,061,,,,0048,,,,Tract   48,5780,505,21,678,348
G36006100049,1980,New York,36,New York,061,,,,0049,,,,Tract   49,4529,78,10,110,91
G36006100050,1980,New York,36,New York,061,,,,0050,,,,Tract   50,4599,97,9,119,63
G36006100051,1980,New York,36,New York,061,,,,0051,,,,Tract   51,1476,38,4,37,26
G36006100052,1980,New York,36,New York,061,,,,0052,,,,Tract   52,2315,106,4,109,48
G36006100053,1980,New York,36,New York,061,,,,0053,,,,Tract   53,311,14,2,9,20
G36006100054,1980,New York,36,New York,061,,,,0054,,,,Tract   54,3249,114,2,84,64
G3600610005501,1980,New York,36,New York,061,,,,005501,,,,Tract   55.01,3162,151,4,146,55
G3600610005502,1980,New York,36,New York,061,,,,005502,,,,Tract   55.02,1301,150,1,67,168
G36006100056,1980,New York,36,New York,061,,,,0056,,,,Tract   56,1060,91,4,41,11
G36006100057,1980,New York,36,New York,061,,,,0057,,,,Tract   57,2183,37,0,44,17
G36006100058,1980,New York,36,New York,061,,,,0058,,,,Tract   58,816,42,3,50,34
G36006100059,1980,New York,36,New York,061,,,,0059,,,,Tract   59,5597,91,6,109,70
G36006100060,1980,New York,36,New York,061,,,,0060,,,,Tract   60,4485,56,0,100,18
G36006100061,1980,New York,36,New York,061,,,,0061,,,,Tract   61,4204,123,10,94,88
G36006100062,1980,New York,36,New York,061,,,,0062,,,,Tract   62,1285,362,1,53,126
G36006100063,1980,New York,36,New York,061,,,,0063,,,,Tract   63,6513,169,11,101,72
G36006100064,1980,New York,36,New York,061,,,,0064,,,,Tract   64,6260,363,12,332,246
G36006100065,1980,New York,36,New York,061,,,,0065,,,,Tract   65,6199,197,9,168,159
G36006100066,1980,New York,36,New York,061,,,,0066,,,,Tract   66,8883,1111,16,780,1102
G36006100067,1980,New York,36,New York,061,,,,0067,,,,Tract   67,5369,98,13,58,76
G36006100068,1980,New York,36,New York,061,,,,0068,,,,Tract   68,5093,291,10,113,91
G36006100069,1980,New York,36,New York,061,,,,0069,,,,Tract   69,851,146,2,20,20
G36006100070,1980,New York,36,New York,061,,,,0070,,,,Tract   70,5991,251,8,311,221
G36006100071,1980,New York,36,New York,061,,,,0071,,,,Tract   71,5691,129,7,112,100
G36006100072,1980,New York,36,New York,061,,,,0072,,,,Tract   72,4713,106,4,156,55
G36006100073,1980,New York,36,New York,061,,,,0073,,,,Tract   73,6491,219,7,114,87
G36006100074,1980,New York,36,New York,061,,,,0074,,,,Tract   74,3199,181,4,93,78
G36006100075,1980,New York,36,New York,061,,,,0075,,,,Tract   75,3082,175,4,34,49
G36006100076,1980,New York,36,New York,061,,,,0076,,,,Tract   76,1186,361,2,255,89
G36006100077,1980,New York,36,New York,061,,,,0077,,,,Tract   77,5842,150,8,83,133
G36006100078,1980,New York,36,New York,061,,,,0078,,,,Tract   78,4609,93,5,162,61
G36006100079,1980,New York,36,New York,061,,,,0079,,,,Tract   79,3192,237,5,65,62
G36006100080,1980,New York,36,New York,061,,,,0080,,,,Tract   80,5221,76,8,162,74
G36006100081,1980,New York,36,New York,061,,,,0081,,,,Tract   81,5907,336,15,206,634
G36006100082,1980,New York,36,New York,061,,,,0082,,,,Tract   82,2678,61,2,39,44
G36006100083,1980,New York,36,New York,061,,,,0083,,,,Tract   83,2670,416,11,94,695
G36006100084,1980,New York,36,New York,061,,,,0084,,,,Tract   84,476,149,2,22,21
G36006100086,1980,New York,36,New York,061,,,,0086,,,,Tract   86,4936,39,3,114,40
G36006100087,1980,New York,36,New York,061,,,,0087,,,,Tract   87,3907,224,13,87,509
G36006100088,1980,New York,36,New York,061,,,,0088,,,,Tract   88,5821,151,4,310,110
G36006100089,1980,New York,36,New York,061,,,,0089,,,,Tract   89,4870,416,8,82,424
G36006100090,1980,New York,36,New York,061,,,,0090,,,,Tract   90,5200,198,3,457,126
G36006100091,1980,New York,36,New York,061,,,,0091,,,,Tract   91,3394,428,12,150,285
G36006100092,1980,New York,36,New York,061,,,,0092,,,,Tract   92,1240,74,0,67,18
G36006100093,1980,New York,36,New York,061,,,,0093,,,,Tract   93,7285,754,15,125,985
G36006100094,1980,New York,36,New York,061,,,,0094,,,,Tract   94,81,7,0,6,2
G36006100095,1980,New York,36,New York,061,,,,0095,,,,Tract   95,1972,163,4,84,136
G36006100096,1980,New York,36,New York,061,,,,0096,,,,Tract   96,326,31,0,23,7
G36006100097,1980,New York,36,New York,061,,,,0097,,,,Tract   97,3533,481,7,89,356
G36006100098,1980,New York,36,New York,061,,,,0098,,,,Tract   98,6731,109,4,284,71
G36006100099,1980,New York,36,New York,061,,,,0099,,,,Tract   99,325,165,3,6,127
G36006100100,1980,New York,36,New York,061,,,,0100,,,,Tract  100,1867,48,1,67,24
G36006100101,1980,New York,36,New York,061,,,,0101,,,,Tract  101,252,44,0,20,12
G36006100102,1980,New York,36,New York,061,,,,0102,,,,Tract  102,257,4,0,5,1
G36006100103,1980,New York,36,New York,061,,,,0103,,,,Tract  103,1020,238,3,40,133
G36006100104,1980,New York,36,New York,061,,,,0104,,,,Tract  104,1149,9,2,19,15
G3600610010601,1980,New York,36,New York,061,,,,010601,,,,Tract  106.01,7884,59,9,146,85
G3600610010602,1980,New York,36,New York,061,,,,010602,,,,Tract  106.02,3101,33,0,236,30
G36006100108,1980,New York,36,New York,061,,,,0108,,,,Tract  108,7478,71,3,295,91
G36006100109,1980,New York,36,New York,061,,,,0109,,,,Tract  109,302,295,1,12,13
G36006100110,1980,New York,36,New York,061,,,,0110,,,,Tract  110,5912,74,2,201,42
G36006100111,1980,New York,36,New York,061,,,,0111,,,,Tract  111,1901,258,11,90,489
G3600610011201,1980,New York,36,New York,061,,,,011201,,,,Tract  112.01,1125,20,0,18,10
G3600610011202,1980,New York,36,New York,061,,,,011202,,,,Tract  112.02,458,14,0,10,3
G3600610011203,1980,New York,36,New York,061,,,,011203,,,,Tract  112.03,1564,34,1,38,11
G36006100113,1980,New York,36,New York,061,,,,0113,,,,Tract  113,37,49,1,2,10
G3600610011401,1980,New York,36,New York,061,,,,011401,,,,Tract  114.01,2088,16,2,31,13
G3600610011402,1980,New York,36,New York,061,,,,011402,,,,Tract  114.02,2773,25,0,50,21
G36006100115,1980,New York,36,New York,061,,,,0115,,,,Tract  115,665,93,1,21,120
G36006100116,1980,New York,36,New York,061,,,,0116,,,,Tract  116,3675,122,4,317,48
G36006100117,1980,New York,36,New York,061,,,,0117,,,,Tract  117,87,12,0,26,14
G36006100118,1980,New York,36,New York,061,,,,0118,,,,Tract  118,8117,193,3,194,85
G36006100119,1980,New York,36,New York,061,,,,0119,,,,Tract  119,1214,374,9,72,35
G36006100120,1980,New York,36,New York,061,,,,0120,,,,Tract  120,4090,24,3,50,20
G36006100121,1980,New York,36,New York,061,,,,0121,,,,Tract  121,6058,907,21,428,857
G36006100122,1980,New York,36,New York,061,,,,0122,,,,Tract  122,4596,50,2,64,27
G36006100124,1980,New York,36,New York,061,,,,0124,,,,Tract  124,7420,205,3,311,142
G36006100125,1980,New York,36,New York,061,,,,0125,,,,Tract  125,940,175,6,61,36
G36006100126,1980,New York,36,New York,061,,,,0126,,,,Tract  126,12870,133,9,283,124
G36006100127,1980,New York,36,New York,061,,,,0127,,,,Tract  127,5023,498,27,270,1340
G36006100128,1980,New York,36,New York,061,,,,0128,,,,Tract  128,7241,67,1,69,44
G36006100129,1980,New York,36,New York,061,,,,0129,,,,Tract  129,1645,243,1,38,390
G36006100130,1980,New York,36,New York,061,,,,0130,,,,Tract  130,5607,70,4,101,48
G36006100131,1980,New York,36,New York,061,,,,0131,,,,Tract  131,1508,113,0,72,116
G36006100132,1980,New York,36,New York,061,,,,0132,,,,Tract  132,8511,160,5,256,140
G36006100133,1980,New York,36,New York,061,,,,0133,,,,Tract  133,3204,403,10,209,721
G36006100134,1980,New York,36,New York,061,,,,0134,,,,Tract  134,9553,110,8,336,135
G36006100135,1980,New York,36,New York,061,,,,0135,,,,Tract  135,2442,548,10,209,452
G36006100136,1980,New York,36,New York,061,,,,0136,,,,Tract  136,13919,179,10,418,176
G36006100137,1980,New York,36,New York,061,,,,0137,,,,Tract  137,6736,222,4,230,110
G36006100138,1980,New York,36,New York,061,,,,0138,,,,Tract  138,11454,274,10,275,156
G36006100139,1980,New York,36,New York,061,,,,0139,,,,Tract  139,8177,720,16,439,552
G36006100140,1980,New York,36,New York,061,,,,0140,,,,Tract  140,7581,95,8,116,43
G36006100142,1980,New York,36,New York,061,,,,0142,,,,Tract  142,5813,73,0,103,46
G36006100143,1980,New York,36,New York,061,,,,0143,,,,Tract  143,1,0,0,0,0
G3600610014401,1980,New York,36,New York,061,,,,014401,,,,Tract  144.01,4924,83,6,80,44
G3600610014402,1980,New York,36,New York,061,,,,014402,,,,Tract  144.02,6265,176,8,187,78
G36006100145,1980,New York,36,New York,061,,,,0145,,,,Tract  145,1222,62,1,30,13
G3600610014601,1980,New York,36,New York,061,,,,014601,,,,Tract  146.01,2806,50,2,91,82
G3600610014602,1980,New York,36,New York,061,,,,014602,,,,Tract  146.02,6254,210,9,228,146
G36006100147,1980,New York,36,New York,061,,,,0147,,,,Tract  147,543,95,3,101,45
G3600610014801,1980,New York,36,New York,061,,,,014801,,,,Tract  148.01,2323,34,6,56,32
G3600610014802,1980,New York,36,New York,061,,,,014802,,,,Tract  148.02,5712,80,5,135,67
G36006100149,1980,New York,36,New York,061,,,,0149,,,,Tract  149,4944,192,7,142,60
G3600610015001,1980,New York,36,New York,061,,,,015001,,,,Tract  150.01,2440,22,0,38,14
G3600610015002,1980,New York,36,New York,061,,,,015002,,,,Tract  150.02,6419,65,2,115,28
G36006100151,1980,New York,36,New York,061,,,,0151,,,,Tract  151,1699,2310,16,71,817
G3600610015199,1980,New York,36,New York,061,,,,015199,,,,Tract  151.99,0,0,0,0,0
G36006100152,1980,New York,36,New York,061,,,,0152,,,,Tract  152,4042,411,0,131,351
G36006100153,1980,New York,36,New York,061,,,,0153,,,,Tract  153,7188,306,15,196,160
G36006100154,1980,New York,36,New York,061,,,,0154,,,,Tract  154,8550,1005,22,423,602
G36006100155,1980,New York,36,New York,061,,,,0155,,,,Tract  155,6607,249,6,197,69
G3600610015601,1980,New York,36,New York,061,,,,015601,,,,Tract  156.01,1274,226,15,93,438
G3600610015602,1980,New York,36,New York,061,,,,015602,,,,Tract  156.02,704,640,4,32,418
G36006100157,1980,New York,36,New York,061,,,,0157,,,,Tract  157,10841,464,29,237,345
G3600610015801,1980,New York,36,New York,061,,,,015801,,,,Tract  158.01,4736,103,1,58,105
G3600610015802,1980,New York,36,New York,061,,,,015802,,,,Tract  158.02,1406,344,6,145,524
G36006100159,1980,New York,36,New York,061,,,,0159,,,,Tract  159,8796,504,10,133,175
G3600610016001,1980,New York,36,New York,061,,,,016001,,,,Tract  160.01,4216,64,3,68,35
G3600610016002,1980,New York,36,New York,061,,,,016002,,,,Tract  160.02,2380,247,3,36,358
G36006100161,1980,New York,36,New York,061,,,,0161,,,,Tract  161,6622,298,6,135,176
G36006100162,1980,New York,36,New York,061,,,,0162,,,,Tract  162,1466,6808,31,32,2348
G36006100163,1980,New York,36,New York,061,,,,0163,,,,Tract  163,7499,282,21,243,139
G36006100164,1980,New York,36,New York,061,,,,0164,,,,Tract  164,1449,2382,10,26,2862
G36006100165,1980,New York,36,New York,061,,,,0165,,,,Tract  165,5575,611,16,104,365
G36006100166,1980,New York,36,New York,061,,,,0166,,,,Tract  166,2179,1616,12,73,2268
G36006100167,1980,New York,36,New York,061,,,,0167,,,,Tract  167,6225,446,14,212,297
G36006100168,1980,New York,36,New York,061,,,,0168,,,,Tract  168,2123,1722,7,104,1605
G36006100169,1980,New York,36,New York,061,,,,0169,,,,Tract  169,7181,1105,25,206,702
G36006100170,1980,New York,36,New York,061,,,,0170,,,,Tract  170,1833,2713,5,466,1894
G36006100171,1980,New York,36,New York,061,,,,0171,,,,Tract  171,7932,737,12,139,523
G3600610017201,1980,New York,36,New York,061,,,,017201,,,,Tract  172.01,1308,1221,35,25,2052
G3600610017202,1980,New York,36,New York,061,,,,017202,,,,Tract  172.02,297,205,1,0,472
G36006100173,1980,New York,36,New York,061,,,,0173,,,,Tract  173,6717,1086,16,89,757
G3600610017401,1980,New York,36,New York,061,,,,017401,,,,Tract  174.01,1024,2343,26,33,1344
G3600610017402,1980,New York,36,New York,061,,,,017402,,,,Tract  174.02,207,1366,2,1,316
G36006100175,1980,New York,36,New York,061,,,,0175,,,,Tract  175,8846,950,11,145,405
G36006100177,1980,New York,36,New York,061,,,,0177,,,,Tract  177,6475,2028,22,124,1497
G36006100178,1980,New York,36,New York,061,,,,0178,,,,Tract  178,1427,707,4,17,1368
G36006100179,1980,New York,36,New York,061,,,,0179,,,,Tract  179,7646,1215,16,271,986
G36006100180,1980,New York,36,New York,061,,,,0180,,,,Tract  180,1933,2323,15,25,3210
G36006100181,1980,New York,36,New York,061,,,,0181,,,,Tract  181,6095,2286,30,284,851
G36006100182,1980,New York,36,New York,061,,,,0182,,,,Tract  182,1282,3451,18,29,2986
G36006100183,1980,New York,36,New York,061,,,,0183,,,,Tract  183,6027,1705,19,273,1165
G36006100184,1980,New York,36,New York,061,,,,0184,,,,Tract  184,818,3922,16,11,1683
G36006100185,1980,New York,36,New York,061,,,,0185,,,,Tract  185,2336,1469,4,122,195
G36006100186,1980,New York,36,New York,061,,,,0186,,,,Tract  186,301,4897,15,11,593
G36006100187,1980,New York,36,New York,061,,,,0187,,,,Tract  187,6371,1873,38,292,1449
G36006100188,1980,New York,36,New York,061,,,,0188,,,,Tract  188,1743,858,21,10,2326
G36006100189,1980,New York,36,New York,061,,,,0189,,,,Tract  189,3253,5109,34,93,3414
G36006100190,1980,New York,36,New York,061,,,,0190,,,,Tract  190,15,1361,9,5,34
G36006100191,1980,New York,36,New York,061,,,,0191,,,,Tract  191,6503,1997,15,291,1551
G36006100192,1980,New York,36,New York,061,,,,0192,,,,Tract  192,757,2340,3,14,1237
G36006100193,1980,New York,36,New York,061,,,,0193,,,,Tract  193,1855,2646,28,87,2690
G36006100194,1980,New York,36,New York,061,,,,0194,,,,Tract  194,1263,2561,22,10,1866
G36006100195,1980,New York,36,New York,061,,,,0195,,,,Tract  195,5651,1101,30,338,1860
G36006100196,1980,New York,36,New York,061,,,,0196,,,,Tract  196,499,1987,0,4,835
G3600610019701,1980,New York,36,New York,061,,,,019701,,,,Tract  197.01,54,78,0,0,12
G3600610019702,1980,New York,36,New York,061,,,,019702,,,,Tract  197.02,8,1131,2,2,35
G36006100198,1980,New York,36,New York,061,,,,0198,,,,Tract  198,45,1343,4,1,37
G36006100199,1980,New York,36,New York,061,,,,0199,,,,Tract  199,6763,1027,12,820,992
G36006100200,1980,New York,36,New York,061,,,,0200,,,,Tract  200,20,3236,10,11,32
G3600610020101,1980,New York,36,New York,061,,,,020101,,,,Tract  201.01,977,179,1,115,61
G3600610020102,1980,New York,36,New York,061,,,,020102,,,,Tract  201.02,7,2345,10,1,41
G36006100202,1980,New York,36,New York,061,,,,0202,,,,Tract  202,56,274,2,0,165
G36006100203,1980,New York,36,New York,061,,,,0203,,,,Tract  203,2043,454,5,253,225
G36006100204,1980,New York,36,New York,061,,,,0204,,,,Tract  204,126,1277,2,2,169
G36006100205,1980,New York,36,New York,061,,,,0205,,,,Tract  205,3962,260,2,278,143
G36006100206,1980,New York,36,New York,061,,,,0206,,,,Tract  206,33,2707,6,1,77
G3600610020701,1980,New York,36,New York,061,,,,020701,,,,Tract  207.01,2325,382,4,353,108
G3600610020702,1980,New York,36,New York,061,,,,020702,,,,Tract  207.02,10,2271,9,1,17
G36006100208,1980,New York,36,New York,061,,,,0208,,,,Tract  208,43,4059,3,5,69
G3600610020901,1980,New York,36,New York,061,,,,020901,,,,Tract  209.01,205,2981,19,53,592
G3600610020902,1980,New York,36,New York,061,,,,020902,,,,Tract  209.02,16,1481,2,1,31
G36006100210,1980,New York,36,New York,061,,,,0210,,,,Tract  210,130,7156,14,11,117
G36006100211,1980,New York,36,New York,061,,,,0211,,,,Tract  211,4857,4232,26,731,1763
G36006100212,1980,New York,36,New York,061,,,,0212,,,,Tract  212,41,4416,3,18,71
G3600610021301,1980,New York,36,New York,061,,,,021301,,,,Tract  213.01,36,3249,6,3,85
G3600610021302,1980,New York,36,New York,061,,,,021302,,,,Tract  213.02,7,639,0,0,3
G36006100214,1980,New York,36,New York,061,,,,0214,,,,Tract  214,25,3305,8,6,41
G36006100216,1980,New York,36,New York,061,,,,0216,,,,Tract  216,96,5813,8,11,197
G3600610021701,1980,New York,36,New York,061,,,,021701,,,,Tract  217.01,35,498,0,0,123
G3600610021702,1980,New York,36,New York,061,,,,021702,,,,Tract  217.02,3,2158,5,6,17
G36006100218,1980,New York,36,New York,061,,,,0218,,,,Tract  218,16,4737,13,4,57
G36006100219,1980,New York,36,New York,061,,,,0219,,,,Tract  219,917,3621,8,27,1899
G36006100220,1980,New York,36,New York,061,,,,0220,,,,Tract  220,27,4134,1,9,79
G3600610022101,1980,New York,36,New York,061,,,,022101,,,,Tract  221.01,9,562,1,1,37
G3600610022102,1980,New York,36,New York,061,,,,022102,,,,Tract  221.02,25,1958,2,11,49
G36006100222,1980,New York,36,New York,061,,,,0222,,,,Tract  222,16,1884,5,5,11
G36006100223,1980,New York,36,New York,061,,,,0223,,,,Tract  223,2691,3027,62,208,5356
G36006100224,1980,New York,36,New York,061,,,,0224,,,,Tract  224,49,6745,2,14,153
G36006100225,1980,New York,36,New York,061,,,,0225,,,,Tract  225,2109,3655,63,202,4219
G36006100226,1980,New York,36,New York,061,,,,0226,,,,Tract  226,30,3866,4,6,51
G3600610022701,1980,New York,36,New York,061,,,,022701,,,,Tract  227.01,77,4234,16,10,115
G3600610022702,1980,New York,36,New York,061,,,,022702,,,,Tract  227.02,17,659,4,1,27
G36006100228,1980,New York,36,New York,061,,,,0228,,,,Tract  228,61,5157,18,4,56
G36006100229,1980,New York,36,New York,061,,,,0229,,,,Tract  229,800,4080,34,87,2223
G36006100230,1980,New York,36,New York,061,,,,0230,,,,Tract  230,63,7479,11,14,237
G3600610023101,1980,New York,36,New York,061,,,,023101,,,,Tract  231.01,50,5292,7,8,103
G3600610023102,1980,New York,36,New York,061,,,,023102,,,,Tract  231.02,15,1128,1,3,13
G36006100232,1980,New York,36,New York,061,,,,0232,,,,Tract  232,65,6408,6,13,157
G36006100233,1980,New York,36,New York,061,,,,0233,,,,Tract  233,334,4488,31,21,572
G36006100234,1980,New York,36,New York,061,,,,0234,,,,Tract  234,42,3723,0,7,56
G3600610023501,1980,New York,36,New York,061,,,,023501,,,,Tract  235.01,75,4460,9,11,182
G3600610023502,1980,New York,36,New York,061,,,,023502,,,,Tract  235.02,7,1534,3,3,21
G36006100236,1980,New York,36,New York,061,,,,0236,,,,Tract  236,64,6935,17,9,75
G36006100237,1980,New York,36,New York,061,,,,0237,,,,Tract  237,558,3946,30,30,1430
G36006100238,1980,New York,36,New York,061,,,,0238,,,,Tract  238,4982,1427,20,268,263
G36006100239,1980,New York,36,New York,061,,,,0239,,,,Tract  239,28,2171,20,8,100
G36006100240,1980,New York,36,New York,061,,,,0240,,,,Tract  240,653,607,2,37,209
G36006100241,1980,New York,36,New York,061,,,,0241,,,,Tract  241,1397,4341,29,41,1613
G3600610024301,1980,New York,36,New York,061,,,,024301,,,,Tract  243.01,235,2848,15,16,215
G3600610024302,1980,New York,36,New York,061,,,,024302,,,,Tract  243.02,298,7262,24,7,698
G36006100245,1980,New York,36,New York,061,,,,0245,,,,Tract  245,3072,3771,83,200,6209
G36006100247,1980,New York,36,New York,061,,,,0247,,,,Tract  247,2100,1639,49,140,3160
G36006100249,1980,New York,36,New York,061,,,,0249,,,,Tract  249,69,565,3,17,458
G36006100251,1980,New York,36,New York,061,,,,0251,,,,Tract  251,727,476,17,67,1342
G36006100253,1980,New York,36,New York,061,,,,0253,,,,Tract  253,3489,946,48,424,6399
G36006100255,1980,New York,36,New York,061,,,,0255,,,,Tract  255,4017,435,16,340,1992
G36006100261,1980,New York,36,New York,061,,,,0261,,,,Tract  261,1742,1693,37,55,6610
G36006100263,1980,New York,36,New York,061,,,,0263,,,,Tract  263,3131,1500,21,156,3403
G36006100265,1980,New York,36,New York,061,,,,0265,,,,Tract  265,4296,379,15,102,2626
G36006100267,1980,New York,36,New York,061,,,,0267,,,,Tract  267,1549,33,1,19,474
G36006100269,1980,New York,36,New York,061,,,,0269,,,,Tract  269,2735,964,44,34,3932
G36006100271,1980,New York,36,New York,061,,,,0271,,,,Tract  271,3646,300,5,86,3601
G36006100273,1980,New York,36,New York,061,,,,0273,,,,Tract  273,5031,309,4,96,847
G36006100275,1980,New York,36,New York,061,,,,0275,,,,Tract  275,2510,255,7,36,259
G36006100277,1980,New York,36,New York,061,,,,0277,,,,Tract  277,2426,460,16,50,3479
G36006100279,1980,New York,36,New York,061,,,,0279,,,,Tract  279,3892,887,29,249,4388
G36006100281,1980,New York,36,New York,061,,,,0281,,,,Tract  281,2445,143,8,46,97
G36006100283,1980,New York,36,New York,061,,,,0283,,,,Tract  283,3838,980,14,339,1807
G36006100285,1980,New York,36,New York,061,,,,0285,,,,Tract  285,2009,504,24,287,4176
G36006100287,1980,New York,36,New York,061,,,,0287,,,,Tract  287,2326,122,9,97,1136
G36006100289,1980,New York,36,New York,061,,,,0289,,,,Tract  289,1032,1750,8,12,1347
G36006100291,1980,New York,36,New York,061,,,,0291,,,,Tract  291,3287,1189,64,149,5350
G36006100293,1980,New York,36,New York,061,,,,0293,,,,Tract  293,2740,733,31,55,3647
G36006100295,1980,New York,36,New York,061,,,,0295,,,,Tract  295,4986,222,11,240,1215
G36006100297,1980,New York,36,New York,061,,,,0297,,,,Tract  297,12,2,0,0,0
G36006100301,1980,New York,36,New York,061,,,,0301,,,,Tract  301,0,0,0,0,0
G36006100303,1980,New York,36,New York,061,,,,0303,,,,Tract  303,2800,183,9,80,601
G36006100307,1980,New York,36,New York,061,,,,0307,,,,Tract  307,2970,363,15,65,381
G36006100309,1980,New York,36,New York,061,,,,0309,,,,Tract  309,2158,2521,15,79,1525
G36006100311,1980,New York,36,New York,061,,,,0311,,,,Tract  311,83,14,1,0,99
G36006100313,1980,New York,36,New York,061,,,,0313,,,,Tract  313,0,0,0,0,0
G3600610031399,1980,New York,36,New York,061,,,,031399,,,,Tract  313.99,0,0,0,0,0
G36006100315,1980,New York,36,New York,061,,,,0315,,,,Tract  315,125,1,0,2,0
G3600610031701,1980,New York,36,New York,061,,,,031701,,,,Tract  317.01,0,0,0,0,0
G3600610031702,1980,New York,36,New York,061,,,,031702,,,,Tract  317.02,14,7,0,0,2
G3600610031799,1980,New York,36,New York,061,,,,031799,,,,Tract  317.99,0,0,0,0,0
G36006100319,1980,New York,36,New York,061,,,,0319,,,,Tract  319,9,7,0,0,1
G3600610031999,1980,New York,36,New York,061,,,,031999,,,,Tract  319.99,46,8,0,0,0
G36006300201,1980,New York,36,Niagara,063,,,,0201,,,,Tract  201,4642,396,18,11,13
G36006300202,1980,New York,36,Niagara,063,,,,0202,,,,Tract  202,583,3186,28,8,8
G36006300203,1980,New York,36,Niagara,063,,,,0203,,,,Tract  203,1567,55,10,3,0
G36006300204,1980,New York,36,Niagara,063,,,,0204,,,,Tract  204,1626,833,34,6,20
G36006300205,1980,New York,36,Niagara,063,,,,0205,,,,Tract  205,2661,336,97,6,7
G36006300206,1980,New York,36,Niagara,063,,,,0206,,,,Tract  206,1984,723,65,2,24
G36006300207,1980,New York,36,Niagara,063,,,,0207,,,,Tract  207,3152,131,30,2,4
G36006300208,1980,New York,36,Niagara,063,,,,0208,,,,Tract  208,980,125,15,3,11
G36006300209,1980,New York,36,Niagara,063,,,,0209,,,,Tract  209,3111,139,60,2,19
G36006300210,1980,New York,36,Niagara,063,,,,0210,,,,Tract  210,3526,24,19,1,11
G36006300211,1980,New York,36,Niagara,063,,,,0211,,,,Tract  211,2083,311,133,5,12
G36006300212,1980,New York,36,Niagara,063,,,,0212,,,,Tract  212,2708,353,43,15,12
G36006300213,1980,New York,36,Niagara,063,,,,0213,,,,Tract  213,2823,127,79,7,11
G36006300214,1980,New York,36,Niagara,063,,,,0214,,,,Tract  214,2480,66,28,0,5
G36006300215,1980,New York,36,Niagara,063,,,,0215,,,,Tract  215,732,50,16,5,3
G36006300216,1980,New York,36,Niagara,063,,,,0216,,,,Tract  216,580,646,27,6,4
G36006300217,1980,New York,36,Niagara,063,,,,0217,,,,Tract  217,2114,248,36,1,0
G36006300218,1980,New York,36,Niagara,063,,,,0218,,,,Tract  218,1914,376,21,2,12
G36006300219,1980,New York,36,Niagara,063,,,,0219,,,,Tract  219,1812,102,3,2,3
G36006300220,1980,New York,36,Niagara,063,,,,0220,,,,Tract  220,2547,29,22,4,3
G36006300221,1980,New York,36,Niagara,063,,,,0221,,,,Tract  221,3155,8,19,12,4
G36006300222,1980,New York,36,Niagara,063,,,,0222,,,,Tract  222,4406,53,29,2,5
G36006300223,1980,New York,36,Niagara,063,,,,0223,,,,Tract  223,3087,20,18,8,10
G3600630022401,1980,New York,36,Niagara,063,,,,022401,,,,Tract  224.01,2248,57,9,4,3
G3600630022402,1980,New York,36,Niagara,063,,,,022402,,,,Tract  224.02,957,597,6,1,28
G36006300225,1980,New York,36,Niagara,063,,,,0225,,,,Tract  225,3587,73,22,12,6
G36006300226,1980,New York,36,Niagara,063,,,,0226,,,,Tract  226,9294,206,60,44,44
G3600630022701,1980,New York,36,Niagara,063,,,,022701,,,,Tract  227.01,9544,10,37,10,8
G3600630022702,1980,New York,36,Niagara,063,,,,022702,,,,Tract  227.02,4704,5,7,8,2
G3600630022801,1980,New York,36,Niagara,063,,,,022801,,,,Tract  228.01,4094,0,8,2,1
G3600630022802,1980,New York,36,Niagara,063,,,,022802,,,,Tract  228.02,7276,35,11,23,6
G36006300229,1980,New York,36,Niagara,063,,,,0229,,,,Tract  229,5862,0,11,18,5
G36006300230,1980,New York,36,Niagara,063,,,,0230,,,,Tract  230,3928,1,11,1,3
G36006300231,1980,New York,36,Niagara,063,,,,0231,,,,Tract  231,2944,1,10,5,13
G36006300232,1980,New York,36,Niagara,063,,,,0232,,,,Tract  232,3468,2,19,5,18
G36006300233,1980,New York,36,Niagara,063,,,,0233,,,,Tract  233,7939,2,19,9,10
G36006300234,1980,New York,36,Niagara,063,,,,0234,,,,Tract  234,12590,215,49,27,61
G36006300235,1980,New York,36,Niagara,063,,,,0235,,,,Tract  235,3143,381,13,2,13
G36006300236,1980,New York,36,Niagara,063,,,,0236,,,,Tract  236,4143,250,27,5,21
G36006300237,1980,New York,36,Niagara,063,,,,0237,,,,Tract  237,2324,209,15,17,38
G36006300238,1980,New York,36,Niagara,063,,,,0238,,,,Tract  238,3991,160,9,4,18
G36006300239,1980,New York,36,Niagara,063,,,,0239,,,,Tract  239,9884,92,16,37,32
G3600630024001,1980,New York,36,Niagara,063,,,,024001,,,,Tract  240.01,5867,40,9,9,8
G3600630024002,1980,New York,36,Niagara,063,,,,024002,,,,Tract  240.02,1969,0,6,14,6
G3600630024101,1980,New York,36,Niagara,063,,,,024101,,,,Tract  241.01,3889,40,3,6,4
G3600630024102,1980,New York,36,Niagara,063,,,,024102,,,,Tract  241.02,2622,53,13,4,9
G36006300242,1980,New York,36,Niagara,063,,,,0242,,,,Tract  242,9070,99,68,14,17
G3600630024301,1980,New York,36,Niagara,063,,,,024301,,,,Tract  243.01,1247,1,4,7,0
G3600630024302,1980,New York,36,Niagara,063,,,,024302,,,,Tract  243.02,4474,15,20,9,15
G3600630024303,1980,New York,36,Niagara,063,,,,024303,,,,Tract  243.03,4397,4,15,1,2
G3600630024401,1980,New York,36,Niagara,063,,,,024401,,,,Tract  244.01,3308,2,8,5,3
G3600630024402,1980,New York,36,Niagara,063,,,,024402,,,,Tract  244.02,12643,120,65,42,23
G3600630024403,1980,New York,36,Niagara,063,,,,024403,,,,Tract  244.03,47,0,613,0,8
G3600630024501,1980,New York,36,Niagara,063,,,,024501,,,,Tract  245.01,2176,0,2,9,4
G3600630024502,1980,New York,36,Niagara,063,,,,024502,,,,Tract  245.02,4978,21,34,19,8
G3600650020101,1980,New York,36,Oneida,065,,,,020101,,,,Tract  201.01,4,3,0,0,0
G3600650020102,1980,New York,36,Oneida,065,,,,020102,,,,Tract  201.02,19,6,0,0,0
G3600650020201,1980,New York,36,Oneida,065,,,,020201,,,,Tract  202.01,44,643,1,1,5
G3600650020202,1980,New York,36,Oneida,065,,,,020202,,,,Tract  202.02,449,2,3,0,0
G36006500203,1980,New York,36,Oneida,065,,,,0203,,,,Tract  203,894,171,1,4,7
G36006500204,1980,New York,36,Oneida,065,,,,0204,,,,Tract  204,615,165,3,8,8
G36006500205,1980,New York,36,Oneida,065,,,,0205,,,,Tract  205,216,7,0,0,1
G36006500206,1980,New York,36,Oneida,065,,,,0206,,,,Tract  206,1077,75,1,0,4
G3600650020701,1980,New York,36,Oneida,065,,,,020701,,,,Tract  207.01,3329,829,22,18,27
G3600650020702,1980,New York,36,Oneida,065,,,,020702,,,,Tract  207.02,4425,75,1,6,21
G3600650020801,1980,New York,36,Oneida,065,,,,020801,,,,Tract  208.01,775,3,0,0,1
G3600650020802,1980,New York,36,Oneida,065,,,,020802,,,,Tract  208.02,3439,62,4,9,146
G3600650020803,1980,New York,36,Oneida,065,,,,020803,,,,Tract  208.03,3019,183,10,9,161
G36006500209,1980,New York,36,Oneida,065,,,,0209,,,,Tract  209,2992,80,10,1,15
G36006500210,1980,New York,36,Oneida,065,,,,0210,,,,Tract  210,1076,266,8,4,30
G3600650021101,1980,New York,36,Oneida,065,,,,021101,,,,Tract  211.01,1485,44,9,0,16
G3600650021102,1980,New York,36,Oneida,065,,,,021102,,,,Tract  211.02,3017,91,2,6,14
G3600650021103,1980,New York,36,Oneida,065,,,,021103,,,,Tract  211.03,1645,95,0,2,17
G3600650021201,1980,New York,36,Oneida,065,,,,021201,,,,Tract  212.01,2084,742,15,5,41
G3600650021202,1980,New York,36,Oneida,065,,,,021202,,,,Tract  212.02,2906,71,6,5,12
G3600650021301,1980,New York,36,Oneida,065,,,,021301,,,,Tract  213.01,3135,384,3,8,127
G3600650021302,1980,New York,36,Oneida,065,,,,021302,,,,Tract  213.02,3758,41,4,3,20
G3600650021303,1980,New York,36,Oneida,065,,,,021303,,,,Tract  213.03,3239,7,6,7,6
G3600650021401,1980,New York,36,Oneida,065,,,,021401,,,,Tract  214.01,2982,63,1,6,8
G3600650021402,1980,New York,36,Oneida,065,,,,021402,,,,Tract  214.02,2209,48,0,2,15
G3600650021403,1980,New York,36,Oneida,065,,,,021403,,,,Tract  214.03,699,39,0,8,0
G3600650021404,1980,New York,36,Oneida,065,,,,021404,,,,Tract  214.04,459,67,1,2,15
G36006500215,1980,New York,36,Oneida,065,,,,0215,,,,Tract  215,2507,833,10,6,27
G3600650021601,1980,New York,36,Oneida,065,,,,021601,,,,Tract  216.01,6539,152,5,15,13
G3600650021602,1980,New York,36,Oneida,065,,,,021602,,,,Tract  216.02,2788,28,1,17,9
G3600650021701,1980,New York,36,Oneida,065,,,,021701,,,,Tract  217.01,4055,26,2,13,4
G3600650021702,1980,New York,36,Oneida,065,,,,021702,,,,Tract  217.02,3360,3,4,10,10
G36006500218,1980,New York,36,Oneida,065,,,,0218,,,,Tract  218,1003,52,0,5,11
G36006500219,1980,New York,36,Oneida,065,,,,0219,,,,Tract  219,2208,106,4,1,19
G36006500220,1980,New York,36,Oneida,065,,,,0220,,,,Tract  220,4102,183,1,12,22
G36006500221,1980,New York,36,Oneida,065,,,,0221,,,,Tract  221,3319,35,0,13,13
G36006500222,1980,New York,36,Oneida,065,,,,0222,,,,Tract  222,2953,29,1,16,2
G36006500223,1980,New York,36,Oneida,065,,,,0223,,,,Tract  223,3805,110,3,12,43
G36006500224,1980,New York,36,Oneida,065,,,,0224,,,,Tract  224,4155,128,3,34,43
G36006500225,1980,New York,36,Oneida,065,,,,0225,,,,Tract  225,5281,563,9,58,90
G36006500226,1980,New York,36,Oneida,065,,,,0226,,,,Tract  226,2971,438,21,103,170
G3600650022701,1980,New York,36,Oneida,065,,,,022701,,,,Tract  227.01,2127,18,1,30,10
G3600650022702,1980,New York,36,Oneida,065,,,,022702,,,,Tract  227.02,5208,83,9,21,23
G36006500228,1980,New York,36,Oneida,065,,,,0228,,,,Tract  228,2963,22,9,22,0
G36006500229,1980,New York,36,Oneida,065,,,,0229,,,,Tract  229,1082,37,3,5,3
G36006500230,1980,New York,36,Oneida,065,,,,0230,,,,Tract  230,5393,42,3,15,5
G36006500231,1980,New York,36,Oneida,065,,,,0231,,,,Tract  231,1670,5,3,2,0
G36006500232,1980,New York,36,Oneida,065,,,,0232,,,,Tract  232,4442,0,3,4,11
G36006500233,1980,New York,36,Oneida,065,,,,0233,,,,Tract  233,3099,4,0,6,6
G36006500234,1980,New York,36,Oneida,065,,,,0234,,,,Tract  234,3544,3,0,1,1
G3600650023501,1980,New York,36,Oneida,065,,,,023501,,,,Tract  235.01,3210,2,0,4,7
G3600650023502,1980,New York,36,Oneida,065,,,,023502,,,,Tract  235.02,4884,21,1,6,11
G36006500236,1980,New York,36,Oneida,065,,,,0236,,,,Tract  236,1092,34,1,1,2
G3600650023701,1980,New York,36,Oneida,065,,,,023701,,,,Tract  237.01,5085,22,4,5,17
G3600650023702,1980,New York,36,Oneida,065,,,,023702,,,,Tract  237.02,3815,27,8,6,7
G36006500238,1980,New York,36,Oneida,065,,,,0238,,,,Tract  238,1124,138,2,31,28
G3600650023901,1980,New York,36,Oneida,065,,,,023901,,,,Tract  239.01,2456,8,1,5,5
G3600650023902,1980,New York,36,Oneida,065,,,,023902,,,,Tract  239.02,1432,25,0,0,2
G36006500240,1980,New York,36,Oneida,065,,,,0240,,,,Tract  240,4422,9,4,11,3
G36006500241,1980,New York,36,Oneida,065,,,,0241,,,,Tract  241,3862,10,6,4,9
G36006500242,1980,New York,36,Oneida,065,,,,0242,,,,Tract  242,4078,3,6,4,3
G3600650024301,1980,New York,36,Oneida,065,,,,024301,,,,Tract  243.01,3021,19,7,10,10
G3600650024302,1980,New York,36,Oneida,065,,,,024302,,,,Tract  243.02,3765,38,2,5,15
G3600650024303,1980,New York,36,Oneida,065,,,,024303,,,,Tract  243.03,2586,11,10,4,7
G36006500244,1980,New York,36,Oneida,065,,,,0244,,,,Tract  244,3041,25,2,3,6
G36006500245,1980,New York,36,Oneida,065,,,,0245,,,,Tract  245,4902,7,4,4,8
G36006500246,1980,New York,36,Oneida,065,,,,0246,,,,Tract  246,5165,3,10,9,10
G36006500247,1980,New York,36,Oneida,065,,,,0247,,,,Tract  247,6614,13,31,12,11
G36006500248,1980,New York,36,Oneida,065,,,,0248,,,,Tract  248,2815,2,3,6,4
G36006500249,1980,New York,36,Oneida,065,,,,0249,,,,Tract  249,5279,8,34,23,10
G36006500250,1980,New York,36,Oneida,065,,,,0250,,,,Tract  250,10221,49,12,26,26
G36006500251,1980,New York,36,Oneida,065,,,,0251,,,,Tract  251,2295,5,7,1,5
G36006500252,1980,New York,36,Oneida,065,,,,0252,,,,Tract  252,4489,10,0,5,2
G36006500253,1980,New York,36,Oneida,065,,,,0253,,,,Tract  253,7244,14,2,65,14
G36006500254,1980,New York,36,Oneida,065,,,,0254,,,,Tract  254,5131,15,1,39,12
G36006500255,1980,New York,36,Oneida,065,,,,0255,,,,Tract  255,4440,2,2,2,10
G36006500256,1980,New York,36,Oneida,065,,,,0256,,,,Tract  256,4190,13,3,3,2
G36006500257,1980,New York,36,Oneida,065,,,,0257,,,,Tract  257,2378,2,9,6,2
G36006500258,1980,New York,36,Oneida,065,,,,0258,,,,Tract  258,1421,22,5,6,1
G36006700001,1980,New York,36,Onondaga,067,,,,0001,,,,Tract    1,9,0,0,0,0
G36006700002,1980,New York,36,Onondaga,067,,,,0002,,,,Tract    2,3653,15,16,8,12
G36006700003,1980,New York,36,Onondaga,067,,,,0003,,,,Tract    3,1688,1,8,2,3
G36006700004,1980,New York,36,Onondaga,067,,,,0004,,,,Tract    4,4159,10,12,8,4
G36006700005,1980,New York,36,Onondaga,067,,,,0005,,,,Tract    5,1353,12,10,10,16
G36006700006,1980,New York,36,Onondaga,067,,,,0006,,,,Tract    6,3212,10,16,12,18
G36006700007,1980,New York,36,Onondaga,067,,,,0007,,,,Tract    7,1593,3,15,1,0
G36006700008,1980,New York,36,Onondaga,067,,,,0008,,,,Tract    8,2668,6,20,9,2
G36006700009,1980,New York,36,Onondaga,067,,,,0009,,,,Tract    9,3855,29,3,14,26
G36006700010,1980,New York,36,Onondaga,067,,,,0010,,,,Tract   10,4021,254,10,10,35
G36006700011,1980,New York,36,Onondaga,067,,,,0011,,,,Tract   11,143,0,0,0,0
G36006700012,1980,New York,36,Onondaga,067,,,,0012,,,,Tract   12,99,0,0,0,0
G36006700013,1980,New York,36,Onondaga,067,,,,0013,,,,Tract   13,1393,18,28,1,35
G36006700014,1980,New York,36,Onondaga,067,,,,0014,,,,Tract   14,2709,3,20,2,32
G36006700015,1980,New York,36,Onondaga,067,,,,0015,,,,Tract   15,2525,10,32,12,57
G36006700016,1980,New York,36,Onondaga,067,,,,0016,,,,Tract   16,2873,171,32,39,17
G3600670001701,1980,New York,36,Onondaga,067,,,,001701,,,,Tract   17.01,2478,89,12,14,10
G3600670001702,1980,New York,36,Onondaga,067,,,,001702,,,,Tract   17.02,2925,13,15,4,16
G36006700018,1980,New York,36,Onondaga,067,,,,0018,,,,Tract   18,3131,8,11,3,3
G36006700019,1980,New York,36,Onondaga,067,,,,0019,,,,Tract   19,4774,18,8,5,2
G36006700020,1980,New York,36,Onondaga,067,,,,0020,,,,Tract   20,2531,11,24,1,20
G36006700021,1980,New York,36,Onondaga,067,,,,0021,,,,Tract   21,1911,16,43,3,24
G36006700022,1980,New York,36,Onondaga,067,,,,0022,,,,Tract   22,1162,23,18,1,7
G36006700023,1980,New York,36,Onondaga,067,,,,0023,,,,Tract   23,2356,83,58,25,27
G36006700024,1980,New York,36,Onondaga,067,,,,0024,,,,Tract   24,1911,215,64,10,31
G36006700027,1980,New York,36,Onondaga,067,,,,0027,,,,Tract   27,2179,2,6,20,18
G36006700028,1980,New York,36,Onondaga,067,,,,0028,,,,Tract   28,2238,5,21,10,17
G36006700029,1980,New York,36,Onondaga,067,,,,0029,,,,Tract   29,1156,2,11,1,19
G36006700030,1980,New York,36,Onondaga,067,,,,0030,,,,Tract   30,1753,662,109,9,88
G36006700031,1980,New York,36,Onondaga,067,,,,0031,,,,Tract   31,771,130,3,7,3
G36006700032,1980,New York,36,Onondaga,067,,,,0032,,,,Tract   32,1043,252,13,52,49
G36006700033,1980,New York,36,Onondaga,067,,,,0033,,,,Tract   33,356,795,17,58,42
G36006700034,1980,New York,36,Onondaga,067,,,,0034,,,,Tract   34,748,596,18,22,53
G36006700035,1980,New York,36,Onondaga,067,,,,0035,,,,Tract   35,1573,1682,18,17,69
G3600670003601,1980,New York,36,Onondaga,067,,,,003601,,,,Tract   36.01,1063,1546,24,9,20
G3600670003602,1980,New York,36,Onondaga,067,,,,003602,,,,Tract   36.02,1241,1058,5,16,36
G36006700037,1980,New York,36,Onondaga,067,,,,0037,,,,Tract   37,480,22,0,0,1
G36006700038,1980,New York,36,Onondaga,067,,,,0038,,,,Tract   38,2663,86,79,3,21
G36006700039,1980,New York,36,Onondaga,067,,,,0039,,,,Tract   39,4254,1145,228,15,241
G36006700040,1980,New York,36,Onondaga,067,,,,0040,,,,Tract   40,1802,410,153,10,71
G36006700041,1980,New York,36,Onondaga,067,,,,0041,,,,Tract   41,152,553,0,0,12
G36006700042,1980,New York,36,Onondaga,067,,,,0042,,,,Tract   42,344,2203,8,13,11
G36006700043,1980,New York,36,Onondaga,067,,,,0043,,,,Tract   43,8089,1005,18,139,142
G36006700044,1980,New York,36,Onondaga,067,,,,0044,,,,Tract   44,2046,59,4,68,16
G36006700045,1980,New York,36,Onondaga,067,,,,0045,,,,Tract   45,4011,361,19,82,51
G36006700046,1980,New York,36,Onondaga,067,,,,0046,,,,Tract   46,4882,452,16,55,64
G36006700048,1980,New York,36,Onondaga,067,,,,0048,,,,Tract   48,1981,21,0,1,11
G36006700049,1980,New York,36,Onondaga,067,,,,0049,,,,Tract   49,1618,18,13,0,12
G36006700050,1980,New York,36,Onondaga,067,,,,0050,,,,Tract   50,3041,126,9,25,12
G36006700051,1980,New York,36,Onondaga,067,,,,0051,,,,Tract   51,2308,638,82,7,26
G36006700052,1980,New York,36,Onondaga,067,,,,0052,,,,Tract   52,815,2641,25,3,41
G36006700053,1980,New York,36,Onondaga,067,,,,0053,,,,Tract   53,654,2411,6,26,31
G36006700054,1980,New York,36,Onondaga,067,,,,0054,,,,Tract   54,1147,2875,26,5,91
G36006700055,1980,New York,36,Onondaga,067,,,,0055,,,,Tract   55,2510,288,6,65,43
G3600670005601,1980,New York,36,Onondaga,067,,,,005601,,,,Tract   56.01,1637,33,2,13,4
G3600670005602,1980,New York,36,Onondaga,067,,,,005602,,,,Tract   56.02,2046,270,5,157,242
G36006700057,1980,New York,36,Onondaga,067,,,,0057,,,,Tract   57,2262,368,22,10,8
G36006700058,1980,New York,36,Onondaga,067,,,,0058,,,,Tract   58,1743,1270,46,1,48
G36006700059,1980,New York,36,Onondaga,067,,,,0059,,,,Tract   59,1604,1272,70,19,107
G36006700060,1980,New York,36,Onondaga,067,,,,0060,,,,Tract   60,3989,97,46,11,6
G3600670006101,1980,New York,36,Onondaga,067,,,,006101,,,,Tract   61.01,3165,326,88,25,31
G3600670006102,1980,New York,36,Onondaga,067,,,,006102,,,,Tract   61.02,2698,47,8,40,8
G3600670006103,1980,New York,36,Onondaga,067,,,,006103,,,,Tract   61.03,3029,22,23,11,12
G36006700101,1980,New York,36,Onondaga,067,,,,0101,,,,Tract  101,2144,3,3,4,0
G36006700102,1980,New York,36,Onondaga,067,,,,0102,,,,Tract  102,3238,13,23,9,7
G36006700103,1980,New York,36,Onondaga,067,,,,0103,,,,Tract  103,5836,51,11,10,27
G36006700104,1980,New York,36,Onondaga,067,,,,0104,,,,Tract  104,3043,40,3,6,3
G36006700105,1980,New York,36,Onondaga,067,,,,0105,,,,Tract  105,2602,43,3,23,6
G36006700106,1980,New York,36,Onondaga,067,,,,0106,,,,Tract  106,4134,192,8,49,60
G36006700107,1980,New York,36,Onondaga,067,,,,0107,,,,Tract  107,2057,6,14,14,4
G36006700108,1980,New York,36,Onondaga,067,,,,0108,,,,Tract  108,5707,51,42,48,27
G36006700109,1980,New York,36,Onondaga,067,,,,0109,,,,Tract  109,3195,3,20,3,13
G3600670011001,1980,New York,36,Onondaga,067,,,,011001,,,,Tract  110.01,7537,196,16,133,32
G3600670011002,1980,New York,36,Onondaga,067,,,,011002,,,,Tract  110.02,4560,116,14,35,15
G3600670011101,1980,New York,36,Onondaga,067,,,,011101,,,,Tract  111.01,7898,150,14,58,20
G3600670011102,1980,New York,36,Onondaga,067,,,,011102,,,,Tract  111.02,3650,348,26,23,34
G3600670011201,1980,New York,36,Onondaga,067,,,,011201,,,,Tract  112.01,2579,47,23,5,14
G3600670011202,1980,New York,36,Onondaga,067,,,,011202,,,,Tract  112.02,1669,45,2,11,6
G3600670011203,1980,New York,36,Onondaga,067,,,,011203,,,,Tract  112.03,6503,145,12,78,24
G3600670011204,1980,New York,36,Onondaga,067,,,,011204,,,,Tract  112.04,4669,158,6,38,18
G36006700113,1980,New York,36,Onondaga,067,,,,0113,,,,Tract  113,2775,10,7,7,3
G3600670011401,1980,New York,36,Onondaga,067,,,,011401,,,,Tract  114.01,1677,11,4,10,2
G3600670011402,1980,New York,36,Onondaga,067,,,,011402,,,,Tract  114.02,5682,36,12,10,3
G36006700115,1980,New York,36,Onondaga,067,,,,0115,,,,Tract  115,2327,4,9,4,1
G36006700116,1980,New York,36,Onondaga,067,,,,0116,,,,Tract  116,4055,30,3,17,0
G36006700117,1980,New York,36,Onondaga,067,,,,0117,,,,Tract  117,2478,9,15,9,3
G36006700118,1980,New York,36,Onondaga,067,,,,0118,,,,Tract  118,6116,101,28,11,5
G36006700119,1980,New York,36,Onondaga,067,,,,0119,,,,Tract  119,3739,30,31,5,5
G36006700120,1980,New York,36,Onondaga,067,,,,0120,,,,Tract  120,5855,6,10,11,3
G36006700121,1980,New York,36,Onondaga,067,,,,0121,,,,Tract  121,2372,14,1,1,9
G36006700122,1980,New York,36,Onondaga,067,,,,0122,,,,Tract  122,1291,0,5,2,0
G36006700123,1980,New York,36,Onondaga,067,,,,0123,,,,Tract  123,5253,18,8,28,4
G36006700124,1980,New York,36,Onondaga,067,,,,0124,,,,Tract  124,4702,32,16,20,4
G36006700125,1980,New York,36,Onondaga,067,,,,0125,,,,Tract  125,1263,11,3,15,0
G36006700126,1980,New York,36,Onondaga,067,,,,0126,,,,Tract  126,7650,29,22,55,10
G36006700127,1980,New York,36,Onondaga,067,,,,0127,,,,Tract  127,1487,0,3,3,2
G36006700128,1980,New York,36,Onondaga,067,,,,0128,,,,Tract  128,3073,5,8,4,2
G36006700129,1980,New York,36,Onondaga,067,,,,0129,,,,Tract  129,2692,0,22,5,10
G36006700130,1980,New York,36,Onondaga,067,,,,0130,,,,Tract  130,4380,3,7,7,14
G36006700131,1980,New York,36,Onondaga,067,,,,0131,,,,Tract  131,4686,6,5,11,5
G36006700132,1980,New York,36,Onondaga,067,,,,0132,,,,Tract  132,3531,9,10,15,18
G36006700133,1980,New York,36,Onondaga,067,,,,0133,,,,Tract  133,2816,18,10,5,0
G36006700134,1980,New York,36,Onondaga,067,,,,0134,,,,Tract  134,5354,78,6,67,15
G36006700135,1980,New York,36,Onondaga,067,,,,0135,,,,Tract  135,4544,29,10,38,8
G36006700136,1980,New York,36,Onondaga,067,,,,0136,,,,Tract  136,4300,79,12,30,16
G36006700137,1980,New York,36,Onondaga,067,,,,0137,,,,Tract  137,3796,11,3,6,7
G36006700138,1980,New York,36,Onondaga,067,,,,0138,,,,Tract  138,2372,7,10,11,6
G36006700139,1980,New York,36,Onondaga,067,,,,0139,,,,Tract  139,3127,24,10,2,6
G36006700140,1980,New York,36,Onondaga,067,,,,0140,,,,Tract  140,4272,28,29,17,8
G36006700141,1980,New York,36,Onondaga,067,,,,0141,,,,Tract  141,1546,4,17,7,2
G36006700142,1980,New York,36,Onondaga,067,,,,0142,,,,Tract  142,4570,54,6,4,3
G36006700143,1980,New York,36,Onondaga,067,,,,0143,,,,Tract  143,3380,2,20,4,6
G36006700144,1980,New York,36,Onondaga,067,,,,0144,,,,Tract  144,3018,28,10,14,3
G36006700145,1980,New York,36,Onondaga,067,,,,0145,,,,Tract  145,4759,18,12,33,15
G36006700146,1980,New York,36,Onondaga,067,,,,0146,,,,Tract  146,5534,490,14,60,48
G36006700147,1980,New York,36,Onondaga,067,,,,0147,,,,Tract  147,4615,43,6,109,40
G36006700148,1980,New York,36,Onondaga,067,,,,0148,,,,Tract  148,3015,7,1,40,14
G36006700149,1980,New York,36,Onondaga,067,,,,0149,,,,Tract  149,1435,51,15,6,3
G36006700150,1980,New York,36,Onondaga,067,,,,0150,,,,Tract  150,4658,18,4,16,13
G36006700151,1980,New York,36,Onondaga,067,,,,0151,,,,Tract  151,4856,14,8,32,17
G3600670015201,1980,New York,36,Onondaga,067,,,,015201,,,,Tract  152.01,2476,9,0,18,7
G3600670015202,1980,New York,36,Onondaga,067,,,,015202,,,,Tract  152.02,5106,12,11,89,23
G36006700153,1980,New York,36,Onondaga,067,,,,0153,,,,Tract  153,847,2,8,2,0
G36006700154,1980,New York,36,Onondaga,067,,,,0154,,,,Tract  154,3579,8,16,35,2
G36006700155,1980,New York,36,Onondaga,067,,,,0155,,,,Tract  155,4049,4,17,27,4
G36006700156,1980,New York,36,Onondaga,067,,,,0156,,,,Tract  156,2480,9,9,4,0
G36006700157,1980,New York,36,Onondaga,067,,,,0157,,,,Tract  157,4452,12,12,10,6
G36006700158,1980,New York,36,Onondaga,067,,,,0158,,,,Tract  158,4414,10,53,2,9
G36006700159,1980,New York,36,Onondaga,067,,,,0159,,,,Tract  159,0,0,0,0,0
G36006700160,1980,New York,36,Onondaga,067,,,,0160,,,,Tract  160,5380,12,19,11,2
G36006700161,1980,New York,36,Onondaga,067,,,,0161,,,,Tract  161,1190,17,3,4,0
G36006700162,1980,New York,36,Onondaga,067,,,,0162,,,,Tract  162,2527,155,90,2,5
G36006700163,1980,New York,36,Onondaga,067,,,,0163,,,,Tract  163,5532,88,12,47,11
G36006700164,1980,New York,36,Onondaga,067,,,,0164,,,,Tract  164,2693,11,10,1,2
G3600670016501,1980,New York,36,Onondaga,067,,,,016501,,,,Tract  165.01,4283,11,1,10,5
G3600670016502,1980,New York,36,Onondaga,067,,,,016502,,,,Tract  165.02,1860,1,1,4,4
G36006700166,1980,New York,36,Onondaga,067,,,,0166,,,,Tract  166,2770,3,2,7,4
G36006700167,1980,New York,36,Onondaga,067,,,,0167,,,,Tract  167,4994,3,0,9,3
G3600670016801,1980,New York,36,Onondaga,067,,,,016801,,,,Tract  168.01,1576,6,7,0,7
G3600670016802,1980,New York,36,Onondaga,067,,,,016802,,,,Tract  168.02,2097,2,10,1,2
G3600670016901,1980,New York,36,Onondaga,067,,,,016901,,,,Tract  169.01,2381,1,6,7,14
G3600670016902,1980,New York,36,Onondaga,067,,,,016902,,,,Tract  169.02,1801,0,1,7,2
G36006900501,1980,New York,36,Ontario,069,,,,0501,,,,Tract  501,5728,24,12,13,7
G36006900502,1980,New York,36,Ontario,069,,,,0502,,,,Tract  502,8762,93,14,32,32
G36006900503,1980,New York,36,Ontario,069,,,,0503,,,,Tract  503,8968,9,13,4,8
G36006900504,1980,New York,36,Ontario,069,,,,0504,,,,Tract  504,6446,45,11,8,12
G36006900505,1980,New York,36,Ontario,069,,,,0505,,,,Tract  505,5536,16,14,4,38
G36006900506,1980,New York,36,Ontario,069,,,,0506,,,,Tract  506,5008,12,11,21,11
G36006900507,1980,New York,36,Ontario,069,,,,0507,,,,Tract  507,942,48,1,5,1
G36006900508,1980,New York,36,Ontario,069,,,,0508,,,,Tract  508,2701,11,7,2,9
G36006900509,1980,New York,36,Ontario,069,,,,0509,,,,Tract  509,2246,8,1,2,7
G36006900510,1980,New York,36,Ontario,069,,,,0510,,,,Tract  510,2659,7,12,9,5
G36006900511,1980,New York,36,Ontario,069,,,,0511,,,,Tract  511,2665,36,9,8,15
G36006900512,1980,New York,36,Ontario,069,,,,0512,,,,Tract  512,2495,5,6,0,3
G36006900513,1980,New York,36,Ontario,069,,,,0513,,,,Tract  513,3577,15,1,2,3
G36006900514,1980,New York,36,Ontario,069,,,,0514,,,,Tract  514,2741,3,2,2,1
G36006900515,1980,New York,36,Ontario,069,,,,0515,,,,Tract  515,3033,18,5,2,10
G36006900516,1980,New York,36,Ontario,069,,,,0516,,,,Tract  516,4537,77,1,22,33
G36006900517,1980,New York,36,Ontario,069,,,,0517,,,,Tract  517,1746,543,2,0,99
G36006900518,1980,New York,36,Ontario,069,,,,0518,,,,Tract  518,2505,306,2,13,149
G36006900519,1980,New York,36,Ontario,069,,,,0519,,,,Tract  519,4913,150,3,22,19
G36006900520,1980,New York,36,Ontario,069,,,,0520,,,,Tract  520,4128,18,5,9,10
G36006900521,1980,New York,36,Ontario,069,,,,0521,,,,Tract  521,2979,5,8,10,5
G36006900522,1980,New York,36,Ontario,069,,,,0522,,,,Tract  522,2314,9,1,3,11
G36007100001,1980,New York,36,Orange,071,,,,0001,,,,Tract    1,2424,659,3,21,76
G36007100002,1980,New York,36,Orange,071,,,,0002,,,,Tract    2,1715,82,1,5,20
G36007100003,1980,New York,36,Orange,071,,,,0003,,,,Tract    3,3690,916,14,14,353
G36007100004,1980,New York,36,Orange,071,,,,0004,,,,Tract    4,706,3735,8,16,223
G36007100005,1980,New York,36,Orange,071,,,,0005,,,,Tract    5,3593,1629,11,6,805
G36007100006,1980,New York,36,Orange,071,,,,0006,,,,Tract    6,2189,728,1,10,100
G36007100011,1980,New York,36,Orange,071,,,,0011,,,,Tract   11,3658,112,6,5,70
G36007100012,1980,New York,36,Orange,071,,,,0012,,,,Tract   12,1745,306,15,15,88
G36007100013,1980,New York,36,Orange,071,,,,0013,,,,Tract   13,2599,47,1,31,23
G36007100014,1980,New York,36,Orange,071,,,,0014,,,,Tract   14,4562,557,12,20,261
G36007100015,1980,New York,36,Orange,071,,,,0015,,,,Tract   15,2713,445,5,15,194
G36007100016,1980,New York,36,Orange,071,,,,0016,,,,Tract   16,3129,126,3,9,57
G36007100017,1980,New York,36,Orange,071,,,,0017,,,,Tract   17,1031,135,1,48,21
G36007100021,1980,New York,36,Orange,071,,,,0021,,,,Tract   21,3218,69,0,20,16
G36007100022,1980,New York,36,Orange,071,,,,0022,,,,Tract   22,2898,48,2,12,53
G36007100023,1980,New York,36,Orange,071,,,,0023,,,,Tract   23,2295,34,0,2,32
G36007100101,1980,New York,36,Orange,071,,,,0101,,,,Tract  101,4950,120,6,53,56
G36007100102,1980,New York,36,Orange,071,,,,0102,,,,Tract  102,3794,86,6,35,3
G36007100103,1980,New York,36,Orange,071,,,,0103,,,,Tract  103,3022,82,1,5,8
G36007100104,1980,New York,36,Orange,071,,,,0104,,,,Tract  104,3404,94,2,9,21
G36007100105,1980,New York,36,Orange,071,,,,0105,,,,Tract  105,6164,408,10,20,73
G36007100106,1980,New York,36,Orange,071,,,,0106,,,,Tract  106,4943,43,10,17,29
G36007100107,1980,New York,36,Orange,071,,,,0107,,,,Tract  107,5592,11,10,12,34
G36007100108,1980,New York,36,Orange,071,,,,0108,,,,Tract  108,5765,84,8,14,13
G36007100109,1980,New York,36,Orange,071,,,,0109,,,,Tract  109,4828,29,1,12,40
G36007100110,1980,New York,36,Orange,071,,,,0110,,,,Tract  110,3489,69,6,16,35
G36007100111,1980,New York,36,Orange,071,,,,0111,,,,Tract  111,4729,336,14,60,92
G36007100112,1980,New York,36,Orange,071,,,,0112,,,,Tract  112,2339,132,16,5,31
G36007100113,1980,New York,36,Orange,071,,,,0113,,,,Tract  113,4799,320,1,21,99
G36007100114,1980,New York,36,Orange,071,,,,0114,,,,Tract  114,3173,48,17,10,13
G36007100115,1980,New York,36,Orange,071,,,,0115,,,,Tract  115,3794,445,2,10,147
G36007100116,1980,New York,36,Orange,071,,,,0116,,,,Tract  116,5504,79,16,16,18
G36007100117,1980,New York,36,Orange,071,,,,0117,,,,Tract  117,4458,52,3,33,27
G36007100118,1980,New York,36,Orange,071,,,,0118,,,,Tract  118,4242,34,6,8,8
G36007100119,1980,New York,36,Orange,071,,,,0119,,,,Tract  119,3017,275,4,18,41
G36007100120,1980,New York,36,Orange,071,,,,0120,,,,Tract  120,406,13,0,0,0
G36007100121,1980,New York,36,Orange,071,,,,0121,,,,Tract  121,3363,328,4,21,31
G36007100122,1980,New York,36,Orange,071,,,,0122,,,,Tract  122,2849,37,5,31,20
G36007100123,1980,New York,36,Orange,071,,,,0123,,,,Tract  123,2804,73,9,7,26
G36007100124,1980,New York,36,Orange,071,,,,0124,,,,Tract  124,1739,233,15,40,46
G36007100125,1980,New York,36,Orange,071,,,,0125,,,,Tract  125,3989,122,10,9,17
G36007100126,1980,New York,36,Orange,071,,,,0126,,,,Tract  126,5315,183,5,42,80
G36007100127,1980,New York,36,Orange,071,,,,0127,,,,Tract  127,3832,108,2,15,30
G36007100128,1980,New York,36,Orange,071,,,,0128,,,,Tract  128,3620,46,4,18,31
G36007100129,1980,New York,36,Orange,071,,,,0129,,,,Tract  129,3130,6,2,10,17
G36007100130,1980,New York,36,Orange,071,,,,0130,,,,Tract  130,3949,36,0,26,24
G36007100131,1980,New York,36,Orange,071,,,,0131,,,,Tract  131,3512,29,2,9,22
G36007100132,1980,New York,36,Orange,071,,,,0132,,,,Tract  132,3153,193,9,26,21
G36007100133,1980,New York,36,Orange,071,,,,0133,,,,Tract  133,4217,93,16,15,13
G36007100134,1980,New York,36,Orange,071,,,,0134,,,,Tract  134,3722,9,2,30,31
G36007100135,1980,New York,36,Orange,071,,,,0135,,,,Tract  135,2781,15,2,12,17
G36007100136,1980,New York,36,Orange,071,,,,0136,,,,Tract  136,7314,519,20,144,151
G36007100137,1980,New York,36,Orange,071,,,,0137,,,,Tract  137,2158,542,8,10,58
G36007100138,1980,New York,36,Orange,071,,,,0138,,,,Tract  138,2998,53,5,14,10
G36007100139,1980,New York,36,Orange,071,,,,0139,,,,Tract  139,3585,12,5,46,4
G36007100140,1980,New York,36,Orange,071,,,,0140,,,,Tract  140,494,5,0,1,1
G36007100141,1980,New York,36,Orange,071,,,,0141,,,,Tract  141,4870,39,15,24,21
G36007100142,1980,New York,36,Orange,071,,,,0142,,,,Tract  142,7184,36,3,59,27
G36007100143,1980,New York,36,Orange,071,,,,0143,,,,Tract  143,7091,395,9,36,108
G36007100144,1980,New York,36,Orange,071,,,,0144,,,,Tract  144,3007,39,5,2,10
G36007100145,1980,New York,36,Orange,071,,,,0145,,,,Tract  145,5401,82,6,6,103
G36007100146,1980,New York,36,Orange,071,,,,0146,,,,Tract  146,4168,223,31,21,49
G36007100147,1980,New York,36,Orange,071,,,,0147,,,,Tract  147,2323,273,8,9,69
G36007100148,1980,New York,36,Orange,071,,,,0148,,,,Tract  148,5002,95,7,8,29
G36007100149,1980,New York,36,Orange,071,,,,0149,,,,Tract  149,3028,13,2,18,8
G36007100150,1980,New York,36,Orange,071,,,,0150,,,,Tract  150,2184,0,0,0,0
G36007300401,1980,New York,36,Orleans,073,,,,0401,,,,Tract  401,7178,410,45,4,16
G36007300402,1980,New York,36,Orleans,073,,,,0402,,,,Tract  402,3393,93,18,5,3
G36007300403,1980,New York,36,Orleans,073,,,,0403,,,,Tract  403,2520,170,10,0,35
G36007300404,1980,New York,36,Orleans,073,,,,0404,,,,Tract  404,3469,157,24,14,102
G36007300405,1980,New York,36,Orleans,073,,,,0405,,,,Tract  405,2353,236,6,9,22
G36007300406,1980,New York,36,Orleans,073,,,,0406,,,,Tract  406,5970,364,23,20,28
G36007300407,1980,New York,36,Orleans,073,,,,0407,,,,Tract  407,4430,427,19,16,5
G36007300408,1980,New York,36,Orleans,073,,,,0408,,,,Tract  408,6710,131,14,11,36
G36007500201,1980,New York,36,Oswego,075,,,,0201,,,,Tract  201,2849,22,12,3,2
G36007500202,1980,New York,36,Oswego,075,,,,0202,,,,Tract  202,3244,1,3,7,1
G3600750020301,1980,New York,36,Oswego,075,,,,020301,,,,Tract  203.01,2411,2,2,0,0
G3600750020302,1980,New York,36,Oswego,075,,,,020302,,,,Tract  203.02,3164,1,0,8,6
G36007500204,1980,New York,36,Oswego,075,,,,0204,,,,Tract  204,4736,20,19,8,7
G36007500205,1980,New York,36,Oswego,075,,,,0205,,,,Tract  205,4684,14,21,12,7
G36007500206,1980,New York,36,Oswego,075,,,,0206,,,,Tract  206,4293,6,8,3,2
G3600750020701,1980,New York,36,Oswego,075,,,,020701,,,,Tract  207.01,3466,1,11,4,0
G3600750020702,1980,New York,36,Oswego,075,,,,020702,,,,Tract  207.02,3169,5,19,4,1
G3600750020703,1980,New York,36,Oswego,075,,,,020703,,,,Tract  207.03,3861,6,13,17,0
G36007500208,1980,New York,36,Oswego,075,,,,0208,,,,Tract  208,3212,8,22,11,0
G3600750020901,1980,New York,36,Oswego,075,,,,020901,,,,Tract  209.01,2350,1,0,5,1
G3600750020902,1980,New York,36,Oswego,075,,,,020902,,,,Tract  209.02,5585,23,37,6,8
G36007500210,1980,New York,36,Oswego,075,,,,0210,,,,Tract  210,5338,9,3,2,6
G3600750021101,1980,New York,36,Oswego,075,,,,021101,,,,Tract  211.01,4840,29,12,36,11
G3600750021102,1980,New York,36,Oswego,075,,,,021102,,,,Tract  211.02,2418,20,5,15,12
G3600750021103,1980,New York,36,Oswego,075,,,,021103,,,,Tract  211.03,3265,24,7,5,5
G3600750021104,1980,New York,36,Oswego,075,,,,021104,,,,Tract  211.04,2576,9,13,1,9
G36007500212,1980,New York,36,Oswego,075,,,,0212,,,,Tract  212,6274,19,24,13,11
G36007500213,1980,New York,36,Oswego,075,,,,0213,,,,Tract  213,3973,25,23,3,3
G3600750021401,1980,New York,36,Oswego,075,,,,021401,,,,Tract  214.01,7687,89,12,45,32
G3600750021402,1980,New York,36,Oswego,075,,,,021402,,,,Tract  214.02,1879,1,0,25,0
G3600750021501,1980,New York,36,Oswego,075,,,,021501,,,,Tract  215.01,2396,0,14,7,4
G3600750021502,1980,New York,36,Oswego,075,,,,021502,,,,Tract  215.02,5373,9,16,45,12
G3600750021601,1980,New York,36,Oswego,075,,,,021601,,,,Tract  216.01,3363,8,0,11,22
G3600750021602,1980,New York,36,Oswego,075,,,,021602,,,,Tract  216.02,3478,32,1,16,18
G3600750021603,1980,New York,36,Oswego,075,,,,021603,,,,Tract  216.03,3925,16,5,6,2
G3600750021604,1980,New York,36,Oswego,075,,,,021604,,,,Tract  216.04,4577,25,5,15,7
G3600750021605,1980,New York,36,Oswego,075,,,,021605,,,,Tract  216.05,4209,9,1,16,18
G3600750021699,1980,New York,36,Oswego,075,,,,021699,,,,Tract  216.99,8,0,0,0,0
G36007709901,1980,New York,36,Otsego,077,,,,9901,,,,Tract 9901,4631,2,5,5,9
G36007709902,1980,New York,36,Otsego,077,,,,9902,,,,Tract 9902,3637,3,3,7,13
G36007709903,1980,New York,36,Otsego,077,,,,9903,,,,Tract 9903,4244,17,11,12,14
G36007709904,1980,New York,36,Otsego,077,,,,9904,,,,Tract 9904,5215,21,5,12,3
G36007709905,1980,New York,36,Otsego,077,,,,9905,,,,Tract 9905,5479,8,4,5,10
G36007709906,1980,New York,36,Otsego,077,,,,9906,,,,Tract 9906,4458,11,10,15,3
G36007709907,1980,New York,36,Otsego,077,,,,9907,,,,Tract 9907,4073,51,6,34,19
G36007709908,1980,New York,36,Otsego,077,,,,9908,,,,Tract 9908,8975,144,8,64,52
G36007709909,1980,New York,36,Otsego,077,,,,9909,,,,Tract 9909,5220,54,4,32,19
G36007709910,1980,New York,36,Otsego,077,,,,9910,,,,Tract 9910,6576,21,10,9,6
G36007709911,1980,New York,36,Otsego,077,,,,9911,,,,Tract 9911,5775,23,4,12,12
G36007900101,1980,New York,36,Putnam,079,,,,0101,,,,Tract  101,3108,52,5,2,34
G36007900102,1980,New York,36,Putnam,079,,,,0102,,,,Tract  102,3985,34,3,13,11
G36007900103,1980,New York,36,Putnam,079,,,,0103,,,,Tract  103,5054,13,3,8,18
G36007900104,1980,New York,36,Putnam,079,,,,0104,,,,Tract  104,3151,5,0,20,9
G36007900105,1980,New York,36,Putnam,079,,,,0105,,,,Tract  105,4069,32,1,21,29
G36007900106,1980,New York,36,Putnam,079,,,,0106,,,,Tract  106,3038,24,2,34,13
G36007900107,1980,New York,36,Putnam,079,,,,0107,,,,Tract  107,2705,2,2,7,12
G36007900108,1980,New York,36,Putnam,079,,,,0108,,,,Tract  108,3255,39,3,10,9
G36007900109,1980,New York,36,Putnam,079,,,,0109,,,,Tract  109,5640,32,3,17,24
G36007900110,1980,New York,36,Putnam,079,,,,0110,,,,Tract  110,3220,30,1,13,14
G36007900111,1980,New York,36,Putnam,079,,,,0111,,,,Tract  111,3456,25,3,54,5
G36007900112,1980,New York,36,Putnam,079,,,,0112,,,,Tract  112,5992,21,0,47,9
G36007900113,1980,New York,36,Putnam,079,,,,0113,,,,Tract  113,3945,16,1,23,5
G36007900114,1980,New York,36,Putnam,079,,,,0114,,,,Tract  114,4229,9,0,10,19
G36007900115,1980,New York,36,Putnam,079,,,,0115,,,,Tract  115,4570,16,1,31,20
G36007900116,1980,New York,36,Putnam,079,,,,0116,,,,Tract  116,5369,28,0,27,17
G36007900117,1980,New York,36,Putnam,079,,,,0117,,,,Tract  117,3220,15,4,10,4
G36007900118,1980,New York,36,Putnam,079,,,,0118,,,,Tract  118,5648,19,2,7,9
G36007900119,1980,New York,36,Putnam,079,,,,0119,,,,Tract  119,2437,5,0,35,1
G36008100001,1980,New York,36,Queens,081,,,,0001,,,,Tract    1,28,0,0,0,0
G36008100002,1980,New York,36,Queens,081,,,,0002,,,,Tract    2,1930,5,1,42,23
G36008100004,1980,New York,36,Queens,081,,,,0004,,,,Tract    4,2702,7,2,44,229
G36008100006,1980,New York,36,Queens,081,,,,0006,,,,Tract    6,2617,6,0,23,41
G36008100007,1980,New York,36,Queens,081,,,,0007,,,,Tract    7,3451,43,9,168,752
G36008100008,1980,New York,36,Queens,081,,,,0008,,,,Tract    8,2294,1,4,54,13
G36008100010,1980,New York,36,Queens,081,,,,0010,,,,Tract   10,2342,2,2,24,25
G36008100012,1980,New York,36,Queens,081,,,,0012,,,,Tract   12,2699,1,19,25,44
G36008100014,1980,New York,36,Queens,081,,,,0014,,,,Tract   14,2658,1,0,16,37
G36008100016,1980,New York,36,Queens,081,,,,0016,,,,Tract   16,2057,0,0,35,46
G36008100018,1980,New York,36,Queens,081,,,,0018,,,,Tract   18,2115,4,2,27,53
G36008100019,1980,New York,36,Queens,081,,,,0019,,,,Tract   19,442,69,0,10,252
G36008100020,1980,New York,36,Queens,081,,,,0020,,,,Tract   20,910,0,0,5,17
G36008100022,1980,New York,36,Queens,081,,,,0022,,,,Tract   22,1486,8,0,40,13
G36008100024,1980,New York,36,Queens,081,,,,0024,,,,Tract   24,1353,4,0,36,93
G36008100025,1980,New York,36,Queens,081,,,,0025,,,,Tract   25,954,6559,45,26,1004
G36008100026,1980,New York,36,Queens,081,,,,0026,,,,Tract   26,1442,2,3,12,32
G36008100027,1980,New York,36,Queens,081,,,,0027,,,,Tract   27,186,3,0,85,78
G36008100028,1980,New York,36,Queens,081,,,,0028,,,,Tract   28,1996,15,8,40,89
G36008100029,1980,New York,36,Queens,081,,,,0029,,,,Tract   29,625,46,3,124,322
G36008100030,1980,New York,36,Queens,081,,,,0030,,,,Tract   30,1109,0,0,20,38
G36008100031,1980,New York,36,Queens,081,,,,0031,,,,Tract   31,1039,24,5,135,237
G36008100032,1980,New York,36,Queens,081,,,,0032,,,,Tract   32,1133,1,5,3,15
G36008100034,1980,New York,36,Queens,081,,,,0034,,,,Tract   34,1723,3,4,37,38
G36008100035,1980,New York,36,Queens,081,,,,0035,,,,Tract   35,201,41,1,0,76
G36008100036,1980,New York,36,Queens,081,,,,0036,,,,Tract   36,2364,2,1,0,44
G36008100037,1980,New York,36,Queens,081,,,,0037,,,,Tract   37,0,0,0,0,0
G36008100038,1980,New York,36,Queens,081,,,,0038,,,,Tract   38,1693,3,1,32,29
G36008100039,1980,New York,36,Queens,081,,,,0039,,,,Tract   39,902,36,3,11,195
G3600810004001,1980,New York,36,Queens,081,,,,004001,,,,Tract   40.01,1554,4,0,22,15
G3600810004002,1980,New York,36,Queens,081,,,,004002,,,,Tract   40.02,887,4,0,19,13
G36008100041,1980,New York,36,Queens,081,,,,0041,,,,Tract   41,615,32,3,33,138
G36008100042,1980,New York,36,Queens,081,,,,0042,,,,Tract   42,2536,0,6,16,110
G36008100043,1980,New York,36,Queens,081,,,,0043,,,,Tract   43,1291,878,8,18,433
G3600810004401,1980,New York,36,Queens,081,,,,004401,,,,Tract   44.01,2471,13,1,5,42
G3600810004402,1980,New York,36,Queens,081,,,,004402,,,,Tract   44.02,159,7,0,4,0
G36008100045,1980,New York,36,Queens,081,,,,0045,,,,Tract   45,2315,74,2,45,31
G36008100047,1980,New York,36,Queens,081,,,,0047,,,,Tract   47,2829,787,2,172,453
G36008100049,1980,New York,36,Queens,081,,,,0049,,,,Tract   49,350,0,0,191,53
G36008100050,1980,New York,36,Queens,081,,,,0050,,,,Tract   50,78,0,0,0,8
G36008100051,1980,New York,36,Queens,081,,,,0051,,,,Tract   51,1496,27,1,195,158
G36008100052,1980,New York,36,Queens,081,,,,0052,,,,Tract   52,1625,0,0,95,17
G36008100053,1980,New York,36,Queens,081,,,,0053,,,,Tract   53,4476,15,6,226,277
G36008100054,1980,New York,36,Queens,081,,,,0054,,,,Tract   54,4035,2,0,21,53
G36008100055,1980,New York,36,Queens,081,,,,0055,,,,Tract   55,572,9,0,105,214
G36008100057,1980,New York,36,Queens,081,,,,0057,,,,Tract   57,3267,11,22,385,441
G36008100058,1980,New York,36,Queens,081,,,,0058,,,,Tract   58,4566,4,0,38,37
G36008100059,1980,New York,36,Queens,081,,,,0059,,,,Tract   59,3750,13,1,184,366
G36008100061,1980,New York,36,Queens,081,,,,0061,,,,Tract   61,5339,26,8,217,426
G36008100062,1980,New York,36,Queens,081,,,,0062,,,,Tract   62,10804,181,8,147,114
G36008100063,1980,New York,36,Queens,081,,,,0063,,,,Tract   63,5327,22,19,440,481
G36008100065,1980,New York,36,Queens,081,,,,0065,,,,Tract   65,6738,16,10,393,454
G36008100067,1980,New York,36,Queens,081,,,,0067,,,,Tract   67,793,2,1,18,130
G36008100069,1980,New York,36,Queens,081,,,,0069,,,,Tract   69,3048,66,16,196,330
G36008100071,1980,New York,36,Queens,081,,,,0071,,,,Tract   71,3705,24,7,349,272
G36008100073,1980,New York,36,Queens,081,,,,0073,,,,Tract   73,3593,60,11,355,236
G36008100075,1980,New York,36,Queens,081,,,,0075,,,,Tract   75,3716,97,11,210,316
G36008100077,1980,New York,36,Queens,081,,,,0077,,,,Tract   77,958,10,0,14,52
G36008100079,1980,New York,36,Queens,081,,,,0079,,,,Tract   79,2448,49,4,97,321
G36008100081,1980,New York,36,Queens,081,,,,0081,,,,Tract   81,510,16,0,7,86
G36008100083,1980,New York,36,Queens,081,,,,0083,,,,Tract   83,1720,314,7,61,313
G36008100086,1980,New York,36,Queens,081,,,,0086,,,,Tract   86,2462,1,0,5,46
G36008100087,1980,New York,36,Queens,081,,,,0087,,,,Tract   87,854,4279,12,38,568
G36008100088,1980,New York,36,Queens,081,,,,0088,,,,Tract   88,1820,4,0,4,8
G36008100091,1980,New York,36,Queens,081,,,,0091,,,,Tract   91,1444,71,1,66,242
G36008100094,1980,New York,36,Queens,081,,,,0094,,,,Tract   94,2056,2,0,48,50
G36008100095,1980,New York,36,Queens,081,,,,0095,,,,Tract   95,2502,14,5,45,71
G36008100096,1980,New York,36,Queens,081,,,,0096,,,,Tract   96,2307,0,0,8,32
G36008100097,1980,New York,36,Queens,081,,,,0097,,,,Tract   97,3569,0,4,61,106
G36008100098,1980,New York,36,Queens,081,,,,0098,,,,Tract   98,1739,6,2,22,128
G36008100099,1980,New York,36,Queens,081,,,,0099,,,,Tract   99,0,0,0,0,0
G36008100100,1980,New York,36,Queens,081,,,,0100,,,,Tract  100,2368,1,0,13,69
G36008100101,1980,New York,36,Queens,081,,,,0101,,,,Tract  101,2825,0,3,67,61
G36008100102,1980,New York,36,Queens,081,,,,0102,,,,Tract  102,1705,2,7,68,148
G36008100103,1980,New York,36,Queens,081,,,,0103,,,,Tract  103,4064,111,4,140,401
G36008100104,1980,New York,36,Queens,081,,,,0104,,,,Tract  104,2176,17,1,36,115
G36008100105,1980,New York,36,Queens,081,,,,0105,,,,Tract  105,2493,474,15,159,677
G36008100106,1980,New York,36,Queens,081,,,,0106,,,,Tract  106,2073,13,3,78,217
G36008100107,1980,New York,36,Queens,081,,,,0107,,,,Tract  107,106,0,0,0,5
G36008100108,1980,New York,36,Queens,081,,,,0108,,,,Tract  108,1823,11,0,29,94
G36008100110,1980,New York,36,Queens,081,,,,0110,,,,Tract  110,2138,0,0,30,49
G36008100111,1980,New York,36,Queens,081,,,,0111,,,,Tract  111,2536,3,0,86,83
G36008100112,1980,New York,36,Queens,081,,,,0112,,,,Tract  112,1687,4,1,99,31
G36008100113,1980,New York,36,Queens,081,,,,0113,,,,Tract  113,4265,37,3,114,344
G36008100114,1980,New York,36,Queens,081,,,,0114,,,,Tract  114,876,42,0,12,12
G36008100115,1980,New York,36,Queens,081,,,,0115,,,,Tract  115,2821,4,2,84,404
G36008100116,1980,New York,36,Queens,081,,,,0116,,,,Tract  116,1316,7,0,59,31
G36008100117,1980,New York,36,Queens,081,,,,0117,,,,Tract  117,3888,17,1,77,160
G36008100118,1980,New York,36,Queens,081,,,,0118,,,,Tract  118,1605,0,0,22,74
G36008100119,1980,New York,36,Queens,081,,,,0119,,,,Tract  119,1727,0,0,92,62
G36008100120,1980,New York,36,Queens,081,,,,0120,,,,Tract  120,1451,8,0,34,60
G36008100121,1980,New York,36,Queens,081,,,,0121,,,,Tract  121,2246,2,1,16,35
G36008100122,1980,New York,36,Queens,081,,,,0122,,,,Tract  122,1880,16,0,68,174
G36008100123,1980,New York,36,Queens,081,,,,0123,,,,Tract  123,2802,0,1,34,55
G36008100124,1980,New York,36,Queens,081,,,,0124,,,,Tract  124,1689,18,1,26,130
G3600810012601,1980,New York,36,Queens,081,,,,012601,,,,Tract  126.01,1542,0,0,13,58
G3600810012602,1980,New York,36,Queens,081,,,,012602,,,,Tract  126.02,1769,3,2,13,64
G36008100128,1980,New York,36,Queens,081,,,,0128,,,,Tract  128,1595,10,0,9,57
G36008100130,1980,New York,36,Queens,081,,,,0130,,,,Tract  130,1190,0,0,21,38
G36008100132,1980,New York,36,Queens,081,,,,0132,,,,Tract  132,1202,11,7,48,76
G36008100134,1980,New York,36,Queens,081,,,,0134,,,,Tract  134,4619,152,2,225,107
G36008100135,1980,New York,36,Queens,081,,,,0135,,,,Tract  135,1490,0,0,21,24
G36008100136,1980,New York,36,Queens,081,,,,0136,,,,Tract  136,1744,64,1,54,110
G36008100137,1980,New York,36,Queens,081,,,,0137,,,,Tract  137,1325,4,1,7,33
G36008100138,1980,New York,36,Queens,081,,,,0138,,,,Tract  138,2483,119,3,123,216
G36008100140,1980,New York,36,Queens,081,,,,0140,,,,Tract  140,2591,56,3,180,141
G36008100141,1980,New York,36,Queens,081,,,,0141,,,,Tract  141,1447,17,1,37,25
G3600810014201,1980,New York,36,Queens,081,,,,014201,,,,Tract  142.01,2068,367,13,131,798
G3600810014202,1980,New York,36,Queens,081,,,,014202,,,,Tract  142.02,1720,258,1,62,568
G36008100143,1980,New York,36,Queens,081,,,,0143,,,,Tract  143,3458,17,4,93,359
G36008100144,1980,New York,36,Queens,081,,,,0144,,,,Tract  144,1102,16,1,44,159
G36008100145,1980,New York,36,Queens,081,,,,0145,,,,Tract  145,2145,0,1,44,60
G36008100147,1980,New York,36,Queens,081,,,,0147,,,,Tract  147,2914,4,0,102,73
G36008100148,1980,New York,36,Queens,081,,,,0148,,,,Tract  148,974,46,3,29,363
G36008100149,1980,New York,36,Queens,081,,,,0149,,,,Tract  149,2600,2,1,36,113
G36008100150,1980,New York,36,Queens,081,,,,0150,,,,Tract  150,1275,115,7,27,246
G36008100151,1980,New York,36,Queens,081,,,,0151,,,,Tract  151,2545,16,1,222,177
G36008100152,1980,New York,36,Queens,081,,,,0152,,,,Tract  152,879,562,15,20,442
G36008100153,1980,New York,36,Queens,081,,,,0153,,,,Tract  153,1725,7,0,274,89
G36008100154,1980,New York,36,Queens,081,,,,0154,,,,Tract  154,1067,91,14,56,418
G36008100155,1980,New York,36,Queens,081,,,,0155,,,,Tract  155,1884,6,1,113,132
G36008100156,1980,New York,36,Queens,081,,,,0156,,,,Tract  156,1635,164,21,136,396
G36008100157,1980,New York,36,Queens,081,,,,0157,,,,Tract  157,1065,6,6,75,179
G36008100158,1980,New York,36,Queens,081,,,,0158,,,,Tract  158,3185,2438,45,180,1111
G36008100159,1980,New York,36,Queens,081,,,,0159,,,,Tract  159,4042,16,1,213,166
G36008100161,1980,New York,36,Queens,081,,,,0161,,,,Tract  161,1642,45,11,356,198
G36008100163,1980,New York,36,Queens,081,,,,0163,,,,Tract  163,2647,1408,23,378,886
G36008100164,1980,New York,36,Queens,081,,,,0164,,,,Tract  164,1372,705,5,85,493
G36008100166,1980,New York,36,Queens,081,,,,0166,,,,Tract  166,1954,156,8,113,335
G36008100168,1980,New York,36,Queens,081,,,,0168,,,,Tract  168,1371,270,7,98,367
G36008100169,1980,New York,36,Queens,081,,,,0169,,,,Tract  169,4440,61,4,410,225
G36008100170,1980,New York,36,Queens,081,,,,0170,,,,Tract  170,347,1576,6,33,160
G36008100171,1980,New York,36,Queens,081,,,,0171,,,,Tract  171,7,0,0,0,0
G36008100172,1980,New York,36,Queens,081,,,,0172,,,,Tract  172,365,1328,11,12,174
G36008100174,1980,New York,36,Queens,081,,,,0174,,,,Tract  174,276,1552,16,13,135
G36008100176,1980,New York,36,Queens,081,,,,0176,,,,Tract  176,232,1206,1,10,137
G36008100178,1980,New York,36,Queens,081,,,,0178,,,,Tract  178,247,1318,1,16,89
G36008100179,1980,New York,36,Queens,081,,,,0179,,,,Tract  179,742,182,0,55,248
G36008100180,1980,New York,36,Queens,081,,,,0180,,,,Tract  180,33,807,1,3,15
G36008100181,1980,New York,36,Queens,081,,,,0181,,,,Tract  181,5751,68,3,724,962
G36008100182,1980,New York,36,Queens,081,,,,0182,,,,Tract  182,48,1724,4,4,38
G36008100183,1980,New York,36,Queens,081,,,,0183,,,,Tract  183,4631,17,11,412,345
G3600810018401,1980,New York,36,Queens,081,,,,018401,,,,Tract  184.01,17,1301,1,3,30
G3600810018402,1980,New York,36,Queens,081,,,,018402,,,,Tract  184.02,43,1807,10,16,28
G36008100185,1980,New York,36,Queens,081,,,,0185,,,,Tract  185,5309,201,16,612,559
G36008100186,1980,New York,36,Queens,081,,,,0186,,,,Tract  186,16,1433,4,1,8
G36008100187,1980,New York,36,Queens,081,,,,0187,,,,Tract  187,2191,4,1,217,184
G36008100188,1980,New York,36,Queens,081,,,,0188,,,,Tract  188,35,1126,6,2,9
G36008100189,1980,New York,36,Queens,081,,,,0189,,,,Tract  189,2346,181,8,314,427
G36008100190,1980,New York,36,Queens,081,,,,0190,,,,Tract  190,42,1801,2,0,16
G36008100191,1980,New York,36,Queens,081,,,,0191,,,,Tract  191,0,0,0,0,0
G36008100192,1980,New York,36,Queens,081,,,,0192,,,,Tract  192,30,1732,6,3,13
G3600810019401,1980,New York,36,Queens,081,,,,019401,,,,Tract  194.01,18,787,2,0,12
G3600810019402,1980,New York,36,Queens,081,,,,019402,,,,Tract  194.02,28,1274,4,2,16
G36008100196,1980,New York,36,Queens,081,,,,0196,,,,Tract  196,140,2062,1,3,24
G36008100197,1980,New York,36,Queens,081,,,,0197,,,,Tract  197,470,7,0,0,25
G36008100198,1980,New York,36,Queens,081,,,,0198,,,,Tract  198,194,2023,2,3,66
G36008100202,1980,New York,36,Queens,081,,,,0202,,,,Tract  202,38,1058,0,0,32
G36008100204,1980,New York,36,Queens,081,,,,0204,,,,Tract  204,319,1161,4,0,85
G3600810020501,1980,New York,36,Queens,081,,,,020501,,,,Tract  205.01,251,0,0,13,40
G3600810020502,1980,New York,36,Queens,081,,,,020502,,,,Tract  205.02,620,4,0,8,37
G36008100206,1980,New York,36,Queens,081,,,,0206,,,,Tract  206,435,859,9,11,176
G36008100208,1980,New York,36,Queens,081,,,,0208,,,,Tract  208,1028,1086,4,1,213
G36008100212,1980,New York,36,Queens,081,,,,0212,,,,Tract  212,1078,209,28,47,426
G36008100214,1980,New York,36,Queens,081,,,,0214,,,,Tract  214,3310,715,13,480,531
G36008100216,1980,New York,36,Queens,081,,,,0216,,,,Tract  216,3343,591,15,254,240
G36008100219,1980,New York,36,Queens,081,,,,0219,,,,Tract  219,3,0,0,0,0
G3600810022001,1980,New York,36,Queens,081,,,,022001,,,,Tract  220.01,4778,318,3,253,145
G3600810022002,1980,New York,36,Queens,081,,,,022002,,,,Tract  220.02,4300,112,1,294,106
G36008100229,1980,New York,36,Queens,081,,,,0229,,,,Tract  229,3,0,0,0,0
G36008100230,1980,New York,36,Queens,081,,,,0230,,,,Tract  230,1095,43,4,128,79
G36008100232,1980,New York,36,Queens,081,,,,0232,,,,Tract  232,2162,595,2,451,233
G36008100235,1980,New York,36,Queens,081,,,,0235,,,,Tract  235,4307,146,19,344,1298
G36008100236,1980,New York,36,Queens,081,,,,0236,,,,Tract  236,1230,297,7,197,223
G36008100238,1980,New York,36,Queens,081,,,,0238,,,,Tract  238,1157,1666,14,181,706
G36008100240,1980,New York,36,Queens,081,,,,0240,,,,Tract  240,2129,815,14,222,845
G36008100243,1980,New York,36,Queens,081,,,,0243,,,,Tract  243,3754,38,0,205,113
G36008100244,1980,New York,36,Queens,081,,,,0244,,,,Tract  244,6,12,0,0,0
G36008100245,1980,New York,36,Queens,081,,,,0245,,,,Tract  245,3568,62,0,303,176
G36008100246,1980,New York,36,Queens,081,,,,0246,,,,Tract  246,8,29,0,0,0
G36008100247,1980,New York,36,Queens,081,,,,0247,,,,Tract  247,895,2,0,112,34
G36008100248,1980,New York,36,Queens,081,,,,0248,,,,Tract  248,15,847,1,0,3
G36008100249,1980,New York,36,Queens,081,,,,0249,,,,Tract  249,2969,37,0,659,531
G36008100250,1980,New York,36,Queens,081,,,,0250,,,,Tract  250,11,180,0,0,16
G36008100251,1980,New York,36,Queens,081,,,,0251,,,,Tract  251,3951,78,4,767,517
G36008100252,1980,New York,36,Queens,081,,,,0252,,,,Tract  252,109,4678,20,0,69
G36008100253,1980,New York,36,Queens,081,,,,0253,,,,Tract  253,4887,42,19,785,690
G36008100255,1980,New York,36,Queens,081,,,,0255,,,,Tract  255,1023,14,1,131,113
G36008100257,1980,New York,36,Queens,081,,,,0257,,,,Tract  257,1019,4,0,136,64
G36008100258,1980,New York,36,Queens,081,,,,0258,,,,Tract  258,9,1473,9,1,12
G36008100259,1980,New York,36,Queens,081,,,,0259,,,,Tract  259,2023,16,1,401,127
G36008100260,1980,New York,36,Queens,081,,,,0260,,,,Tract  260,23,1584,7,0,12
G36008100261,1980,New York,36,Queens,081,,,,0261,,,,Tract  261,3841,81,16,675,969
G36008100262,1980,New York,36,Queens,081,,,,0262,,,,Tract  262,13,897,1,6,19
G36008100263,1980,New York,36,Queens,081,,,,0263,,,,Tract  263,3388,18,0,631,433
G36008100264,1980,New York,36,Queens,081,,,,0264,,,,Tract  264,8,1420,10,2,5
G36008100265,1980,New York,36,Queens,081,,,,0265,,,,Tract  265,1903,45,1,724,273
G36008100266,1980,New York,36,Queens,081,,,,0266,,,,Tract  266,11,1242,4,3,10
G36008100267,1980,New York,36,Queens,081,,,,0267,,,,Tract  267,2633,104,2,1483,738
G36008100269,1980,New York,36,Queens,081,,,,0269,,,,Tract  269,4359,86,14,1568,940
G36008100270,1980,New York,36,Queens,081,,,,0270,,,,Tract  270,11,1375,5,4,12
G36008100271,1980,New York,36,Queens,081,,,,0271,,,,Tract  271,3764,263,24,1486,1064
G36008100272,1980,New York,36,Queens,081,,,,0272,,,,Tract  272,17,1318,5,1,14
G36008100273,1980,New York,36,Queens,081,,,,0273,,,,Tract  273,4237,425,43,245,2009
G36008100274,1980,New York,36,Queens,081,,,,0274,,,,Tract  274,26,1620,12,1,14
G36008100275,1980,New York,36,Queens,081,,,,0275,,,,Tract  275,3700,173,9,453,973
G36008100276,1980,New York,36,Queens,081,,,,0276,,,,Tract  276,4,685,0,1,2
G36008100277,1980,New York,36,Queens,081,,,,0277,,,,Tract  277,4803,218,7,563,1169
G36008100278,1980,New York,36,Queens,081,,,,0278,,,,Tract  278,47,2201,9,4,66
G36008100279,1980,New York,36,Queens,081,,,,0279,,,,Tract  279,4070,60,6,300,605
G36008100280,1980,New York,36,Queens,081,,,,0280,,,,Tract  280,18,1238,5,2,8
G36008100281,1980,New York,36,Queens,081,,,,0281,,,,Tract  281,4387,52,8,286,426
G36008100282,1980,New York,36,Queens,081,,,,0282,,,,Tract  282,40,1231,3,2,14
G36008100283,1980,New York,36,Queens,081,,,,0283,,,,Tract  283,5524,29,10,355,525
G36008100284,1980,New York,36,Queens,081,,,,0284,,,,Tract  284,42,1988,22,4,43
G36008100285,1980,New York,36,Queens,081,,,,0285,,,,Tract  285,3874,51,2,208,283
G36008100287,1980,New York,36,Queens,081,,,,0287,,,,Tract  287,4942,67,3,251,396
G36008100288,1980,New York,36,Queens,081,,,,0288,,,,Tract  288,85,3398,13,9,41
G36008100289,1980,New York,36,Queens,081,,,,0289,,,,Tract  289,3568,46,1,437,165
G36008100291,1980,New York,36,Queens,081,,,,0291,,,,Tract  291,3752,38,3,670,322
G36008100292,1980,New York,36,Queens,081,,,,0292,,,,Tract  292,125,4416,20,6,42
G36008100293,1980,New York,36,Queens,081,,,,0293,,,,Tract  293,674,3,0,160,46
G36008100295,1980,New York,36,Queens,081,,,,0295,,,,Tract  295,3221,65,10,210,82
G36008100297,1980,New York,36,Queens,081,,,,0297,,,,Tract  297,1263,1,1,108,74
G36008100299,1980,New York,36,Queens,081,,,,0299,,,,Tract  299,11,0,0,0,0
G36008100304,1980,New York,36,Queens,081,,,,0304,,,,Tract  304,179,2192,4,2,61
G3600810030901,1980,New York,36,Queens,081,,,,030901,,,,Tract  309.01,5857,8,8,863,368
G3600810030902,1980,New York,36,Queens,081,,,,030902,,,,Tract  309.02,5505,65,5,1076,355
G36008100317,1980,New York,36,Queens,081,,,,0317,,,,Tract  317,5613,33,2,38,132
G36008100320,1980,New York,36,Queens,081,,,,0320,,,,Tract  320,290,2357,6,11,61
G36008100327,1980,New York,36,Queens,081,,,,0327,,,,Tract  327,2108,15,0,335,187
G36008100328,1980,New York,36,Queens,081,,,,0328,,,,Tract  328,118,1490,11,4,93
G36008100329,1980,New York,36,Queens,081,,,,0329,,,,Tract  329,1910,87,0,152,238
G36008100330,1980,New York,36,Queens,081,,,,0330,,,,Tract  330,140,4762,14,13,76
G36008100331,1980,New York,36,Queens,081,,,,0331,,,,Tract  331,3,0,0,0,0
G3600810033401,1980,New York,36,Queens,081,,,,033401,,,,Tract  334.01,44,1800,3,1,15
G3600810033402,1980,New York,36,Queens,081,,,,033402,,,,Tract  334.02,1577,12282,32,41,202
G36008100337,1980,New York,36,Queens,081,,,,0337,,,,Tract  337,1786,22,6,326,262
G36008100339,1980,New York,36,Queens,081,,,,0339,,,,Tract  339,2152,97,12,186,205
G36008100347,1980,New York,36,Queens,081,,,,0347,,,,Tract  347,1154,697,11,72,336
G36008100351,1980,New York,36,Queens,081,,,,0351,,,,Tract  351,2631,255,4,174,353
G36008100352,1980,New York,36,Queens,081,,,,0352,,,,Tract  352,74,2168,5,5,13
G36008100353,1980,New York,36,Queens,081,,,,0353,,,,Tract  353,625,1144,3,20,260
G36008100355,1980,New York,36,Queens,081,,,,0355,,,,Tract  355,218,1834,9,8,87
G36008100358,1980,New York,36,Queens,081,,,,0358,,,,Tract  358,234,2905,12,6,70
G36008100361,1980,New York,36,Queens,081,,,,0361,,,,Tract  361,184,1491,9,14,27
G36008100363,1980,New York,36,Queens,081,,,,0363,,,,Tract  363,88,1373,8,20,52
G36008100365,1980,New York,36,Queens,081,,,,0365,,,,Tract  365,47,1836,10,15,55
G36008100366,1980,New York,36,Queens,081,,,,0366,,,,Tract  366,49,2109,6,10,17
G36008100367,1980,New York,36,Queens,081,,,,0367,,,,Tract  367,35,1914,8,4,68
G36008100368,1980,New York,36,Queens,081,,,,0368,,,,Tract  368,32,2142,4,6,22
G36008100369,1980,New York,36,Queens,081,,,,0369,,,,Tract  369,258,669,1,2,26
G36008100371,1980,New York,36,Queens,081,,,,0371,,,,Tract  371,41,1057,6,2,39
G36008100373,1980,New York,36,Queens,081,,,,0373,,,,Tract  373,32,1243,1,4,43
G36008100375,1980,New York,36,Queens,081,,,,0375,,,,Tract  375,1272,628,24,128,592
G36008100376,1980,New York,36,Queens,081,,,,0376,,,,Tract  376,127,5214,8,17,85
G36008100377,1980,New York,36,Queens,081,,,,0377,,,,Tract  377,107,1864,20,37,234
G36008100379,1980,New York,36,Queens,081,,,,0379,,,,Tract  379,352,1944,0,4,427
G36008100381,1980,New York,36,Queens,081,,,,0381,,,,Tract  381,275,2788,6,7,437
G36008100383,1980,New York,36,Queens,081,,,,0383,,,,Tract  383,25,0,0,2,3
G36008100384,1980,New York,36,Queens,081,,,,0384,,,,Tract  384,78,2354,8,11,35
G36008100394,1980,New York,36,Queens,081,,,,0394,,,,Tract  394,43,2542,3,9,19
G36008100398,1980,New York,36,Queens,081,,,,0398,,,,Tract  398,15,1393,1,4,4
G36008100399,1980,New York,36,Queens,081,,,,0399,,,,Tract  399,969,407,9,65,813
G36008100400,1980,New York,36,Queens,081,,,,0400,,,,Tract  400,8,1266,3,5,11
G36008100401,1980,New York,36,Queens,081,,,,0401,,,,Tract  401,1932,454,10,93,1594
G36008100402,1980,New York,36,Queens,081,,,,0402,,,,Tract  402,26,1311,9,6,17
G36008100403,1980,New York,36,Queens,081,,,,0403,,,,Tract  403,2064,202,1,176,1037
G36008100404,1980,New York,36,Queens,081,,,,0404,,,,Tract  404,137,3771,12,19,52
G36008100405,1980,New York,36,Queens,081,,,,0405,,,,Tract  405,924,179,1,17,881
G36008100407,1980,New York,36,Queens,081,,,,0407,,,,Tract  407,2902,953,15,57,1961
G36008100409,1980,New York,36,Queens,081,,,,0409,,,,Tract  409,1649,492,18,131,778
G36008100410,1980,New York,36,Queens,081,,,,0410,,,,Tract  410,93,318,0,0,23
G36008100411,1980,New York,36,Queens,081,,,,0411,,,,Tract  411,1709,33,2,111,567
G36008100413,1980,New York,36,Queens,081,,,,0413,,,,Tract  413,1689,36,1,110,217
G36008100414,1980,New York,36,Queens,081,,,,0414,,,,Tract  414,50,3014,12,6,30
G36008100415,1980,New York,36,Queens,081,,,,0415,,,,Tract  415,1652,34,7,229,305
G36008100420,1980,New York,36,Queens,081,,,,0420,,,,Tract  420,14,789,1,3,15
G36008100422,1980,New York,36,Queens,081,,,,0422,,,,Tract  422,30,778,4,1,16
G36008100424,1980,New York,36,Queens,081,,,,0424,,,,Tract  424,2,606,2,3,13
G36008100426,1980,New York,36,Queens,081,,,,0426,,,,Tract  426,316,107,1,1,2
G36008100427,1980,New York,36,Queens,081,,,,0427,,,,Tract  427,2103,64,0,179,252
G36008100432,1980,New York,36,Queens,081,,,,0432,,,,Tract  432,18,1012,1,2,4
G36008100434,1980,New York,36,Queens,081,,,,0434,,,,Tract  434,28,1441,0,3,26
G36008100437,1980,New York,36,Queens,081,,,,0437,,,,Tract  437,4583,1081,15,774,927
G36008100439,1980,New York,36,Queens,081,,,,0439,,,,Tract  439,1845,163,1,57,510
G36008100440,1980,New York,36,Queens,081,,,,0440,,,,Tract  440,33,3109,0,6,51
G36008100442,1980,New York,36,Queens,081,,,,0442,,,,Tract  442,468,758,2,42,277
G36008100443,1980,New York,36,Queens,081,,,,0443,,,,Tract  443,2232,1008,19,1001,852
G3600810044601,1980,New York,36,Queens,081,,,,044601,,,,Tract  446.01,585,1332,3,31,182
G3600810044602,1980,New York,36,Queens,081,,,,044602,,,,Tract  446.02,1131,1732,15,119,401
G36008100448,1980,New York,36,Queens,081,,,,0448,,,,Tract  448,1276,163,1,164,118
G36008100450,1980,New York,36,Queens,081,,,,0450,,,,Tract  450,1325,24,0,100,59
G36008100452,1980,New York,36,Queens,081,,,,0452,,,,Tract  452,476,30,0,66,19
G36008100454,1980,New York,36,Queens,081,,,,0454,,,,Tract  454,1757,449,4,452,213
G36008100455,1980,New York,36,Queens,081,,,,0455,,,,Tract  455,2396,7368,26,311,853
G36008100456,1980,New York,36,Queens,081,,,,0456,,,,Tract  456,620,40,0,138,95
G36008100457,1980,New York,36,Queens,081,,,,0457,,,,Tract  457,1503,14,2,720,230
G36008100458,1980,New York,36,Queens,081,,,,0458,,,,Tract  458,1109,137,6,177,84
G36008100459,1980,New York,36,Queens,081,,,,0459,,,,Tract  459,1523,14,0,656,365
G36008100460,1980,New York,36,Queens,081,,,,0460,,,,Tract  460,922,2058,12,273,677
G36008100461,1980,New York,36,Queens,081,,,,0461,,,,Tract  461,1067,27,0,624,287
G36008100462,1980,New York,36,Queens,081,,,,0462,,,,Tract  462,2215,1115,14,623,922
G36008100463,1980,New York,36,Queens,081,,,,0463,,,,Tract  463,1500,124,4,387,669
G36008100464,1980,New York,36,Queens,081,,,,0464,,,,Tract  464,763,56,0,75,65
G36008100465,1980,New York,36,Queens,081,,,,0465,,,,Tract  465,1737,62,5,269,681
G36008100466,1980,New York,36,Queens,081,,,,0466,,,,Tract  466,1974,111,1,175,60
G36008100467,1980,New York,36,Queens,081,,,,0467,,,,Tract  467,3132,443,14,941,893
G36008100468,1980,New York,36,Queens,081,,,,0468,,,,Tract  468,1440,310,13,431,785
G36008100469,1980,New York,36,Queens,081,,,,0469,,,,Tract  469,3412,412,35,1628,1349
G36008100470,1980,New York,36,Queens,081,,,,0470,,,,Tract  470,1668,405,8,397,405
G36008100471,1980,New York,36,Queens,081,,,,0471,,,,Tract  471,1622,50,4,655,349
G36008100472,1980,New York,36,Queens,081,,,,0472,,,,Tract  472,2831,146,1,285,102
G36008100473,1980,New York,36,Queens,081,,,,0473,,,,Tract  473,1947,51,6,902,204
G36008100475,1980,New York,36,Queens,081,,,,0475,,,,Tract  475,2282,8,1,340,96
G36008100476,1980,New York,36,Queens,081,,,,0476,,,,Tract  476,1077,106,0,113,37
G36008100478,1980,New York,36,Queens,081,,,,0478,,,,Tract  478,4121,332,3,204,231
G36008100479,1980,New York,36,Queens,081,,,,0479,,,,Tract  479,3087,21,8,712,182
G36008100480,1980,New York,36,Queens,081,,,,0480,,,,Tract  480,1125,328,7,274,216
G36008100481,1980,New York,36,Queens,081,,,,0481,,,,Tract  481,2961,147,1,1001,371
G36008100482,1980,New York,36,Queens,081,,,,0482,,,,Tract  482,656,354,0,117,71
G36008100483,1980,New York,36,Queens,081,,,,0483,,,,Tract  483,1846,25,4,698,340
G36008100484,1980,New York,36,Queens,081,,,,0484,,,,Tract  484,2571,727,5,177,605
G36008100485,1980,New York,36,Queens,081,,,,0485,,,,Tract  485,1736,47,2,491,242
G36008100489,1980,New York,36,Queens,081,,,,0489,,,,Tract  489,858,2,0,62,22
G36008100492,1980,New York,36,Queens,081,,,,0492,,,,Tract  492,1825,2098,4,118,245
G3600810049301,1980,New York,36,Queens,081,,,,049301,,,,Tract  493.01,1721,0,0,68,13
G3600810049302,1980,New York,36,Queens,081,,,,049302,,,,Tract  493.02,2256,10,5,25,15
G36008100495,1980,New York,36,Queens,081,,,,0495,,,,Tract  495,1399,4,0,14,2
G36008100496,1980,New York,36,Queens,081,,,,0496,,,,Tract  496,1644,590,3,115,293
G36008100497,1980,New York,36,Queens,081,,,,0497,,,,Tract  497,2072,0,0,54,27
G36008100499,1980,New York,36,Queens,081,,,,0499,,,,Tract  499,3100,4,6,340,61
G36008100500,1980,New York,36,Queens,081,,,,0500,,,,Tract  500,710,3091,3,41,150
G3600810050201,1980,New York,36,Queens,081,,,,050201,,,,Tract  502.01,59,1163,12,7,28
G3600810050202,1980,New York,36,Queens,081,,,,050202,,,,Tract  502.02,58,1243,2,4,34
G36008100504,1980,New York,36,Queens,081,,,,0504,,,,Tract  504,40,1492,3,8,28
G36008100505,1980,New York,36,Queens,081,,,,0505,,,,Tract  505,1134,0,0,188,13
G36008100506,1980,New York,36,Queens,081,,,,0506,,,,Tract  506,63,1417,6,3,21
G36008100507,1980,New York,36,Queens,081,,,,0507,,,,Tract  507,2870,4,0,95,11
G36008100508,1980,New York,36,Queens,081,,,,0508,,,,Tract  508,36,2058,7,2,33
G36008100510,1980,New York,36,Queens,081,,,,0510,,,,Tract  510,68,1410,0,5,33
G36008100511,1980,New York,36,Queens,081,,,,0511,,,,Tract  511,1937,0,1,4,11
G36008100512,1980,New York,36,Queens,081,,,,0512,,,,Tract  512,227,2450,3,15,83
G36008100513,1980,New York,36,Queens,081,,,,0513,,,,Tract  513,2017,1,0,41,22
G36008100515,1980,New York,36,Queens,081,,,,0515,,,,Tract  515,3121,16,0,22,22
G36008100516,1980,New York,36,Queens,081,,,,0516,,,,Tract  516,50,1847,15,0,42
G36008100517,1980,New York,36,Queens,081,,,,0517,,,,Tract  517,1640,0,0,1,6
G36008100518,1980,New York,36,Queens,081,,,,0518,,,,Tract  518,55,1942,3,3,11
G36008100520,1980,New York,36,Queens,081,,,,0520,,,,Tract  520,47,1432,2,2,7
G36008100521,1980,New York,36,Queens,081,,,,0521,,,,Tract  521,1808,4,1,3,7
G36008100522,1980,New York,36,Queens,081,,,,0522,,,,Tract  522,44,1372,2,6,11
G36008100524,1980,New York,36,Queens,081,,,,0524,,,,Tract  524,59,1640,7,6,9
G36008100525,1980,New York,36,Queens,081,,,,0525,,,,Tract  525,1852,0,2,19,4
G36008100526,1980,New York,36,Queens,081,,,,0526,,,,Tract  526,35,1602,1,3,21
G36008100527,1980,New York,36,Queens,081,,,,0527,,,,Tract  527,2274,0,0,9,17
G36008100528,1980,New York,36,Queens,081,,,,0528,,,,Tract  528,16,1423,10,18,17
G36008100529,1980,New York,36,Queens,081,,,,0529,,,,Tract  529,697,0,1,4,0
G36008100530,1980,New York,36,Queens,081,,,,0530,,,,Tract  530,45,2026,3,11,21
G36008100532,1980,New York,36,Queens,081,,,,0532,,,,Tract  532,49,1695,9,2,35
G36008100534,1980,New York,36,Queens,081,,,,0534,,,,Tract  534,114,1579,2,7,37
G36008100535,1980,New York,36,Queens,081,,,,0535,,,,Tract  535,950,1,0,0,57
G36008100536,1980,New York,36,Queens,081,,,,0536,,,,Tract  536,105,1902,8,16,33
G36008100538,1980,New York,36,Queens,081,,,,0538,,,,Tract  538,130,1698,1,0,31
G36008100539,1980,New York,36,Queens,081,,,,0539,,,,Tract  539,2962,10,2,93,159
G36008100540,1980,New York,36,Queens,081,,,,0540,,,,Tract  540,667,3036,7,43,222
G36008100542,1980,New York,36,Queens,081,,,,0542,,,,Tract  542,3193,655,10,220,447
G36008100545,1980,New York,36,Queens,081,,,,0545,,,,Tract  545,2897,1,0,102,124
G36008100547,1980,New York,36,Queens,081,,,,0547,,,,Tract  547,3003,5,0,32,196
G36008100548,1980,New York,36,Queens,081,,,,0548,,,,Tract  548,1466,215,0,43,149
G36008100549,1980,New York,36,Queens,081,,,,0549,,,,Tract  549,3461,4,10,76,377
G36008100551,1980,New York,36,Queens,081,,,,0551,,,,Tract  551,3573,3,9,88,167
G36008100552,1980,New York,36,Queens,081,,,,0552,,,,Tract  552,1935,465,1,149,154
G36008100553,1980,New York,36,Queens,081,,,,0553,,,,Tract  553,1284,36,0,73,656
G36008100554,1980,New York,36,Queens,081,,,,0554,,,,Tract  554,1736,118,1,56,39
G36008100555,1980,New York,36,Queens,081,,,,0555,,,,Tract  555,1283,6,1,23,248
G36008100556,1980,New York,36,Queens,081,,,,0556,,,,Tract  556,1634,43,0,32,77
G36008100557,1980,New York,36,Queens,081,,,,0557,,,,Tract  557,2883,29,3,34,171
G36008100558,1980,New York,36,Queens,081,,,,0558,,,,Tract  558,1429,47,0,44,57
G36008100559,1980,New York,36,Queens,081,,,,0559,,,,Tract  559,593,164,1,2,383
G36008100560,1980,New York,36,Queens,081,,,,0560,,,,Tract  560,1279,12,0,23,12
G36008100561,1980,New York,36,Queens,081,,,,0561,,,,Tract  561,21,0,0,0,0
G36008100562,1980,New York,36,Queens,081,,,,0562,,,,Tract  562,1163,7,0,29,35
G36008100564,1980,New York,36,Queens,081,,,,0564,,,,Tract  564,1166,68,3,13,42
G36008100565,1980,New York,36,Queens,081,,,,0565,,,,Tract  565,778,2,0,12,19
G36008100566,1980,New York,36,Queens,081,,,,0566,,,,Tract  566,1070,112,4,49,25
G36008100567,1980,New York,36,Queens,081,,,,0567,,,,Tract  567,3790,5,3,12,13
G36008100568,1980,New York,36,Queens,081,,,,0568,,,,Tract  568,1852,1690,0,178,309
G36008100577,1980,New York,36,Queens,081,,,,0577,,,,Tract  577,3070,1,0,8,11
G36008100578,1980,New York,36,Queens,081,,,,0578,,,,Tract  578,581,2328,6,16,195
G36008100579,1980,New York,36,Queens,081,,,,0579,,,,Tract  579,1503,0,0,2,8
G36008100580,1980,New York,36,Queens,081,,,,0580,,,,Tract  580,834,2466,20,33,134
G36008100581,1980,New York,36,Queens,081,,,,0581,,,,Tract  581,2146,1,0,10,26
G36008100583,1980,New York,36,Queens,081,,,,0583,,,,Tract  583,2838,1,1,10,40
G36008100585,1980,New York,36,Queens,081,,,,0585,,,,Tract  585,3354,1,0,19,37
G36008100587,1980,New York,36,Queens,081,,,,0587,,,,Tract  587,2620,0,0,52,20
G36008100588,1980,New York,36,Queens,081,,,,0588,,,,Tract  588,90,1004,11,5,13
G36008100589,1980,New York,36,Queens,081,,,,0589,,,,Tract  589,3596,1,2,6,78
G36008100590,1980,New York,36,Queens,081,,,,0590,,,,Tract  590,129,1047,11,9,82
G36008100591,1980,New York,36,Queens,081,,,,0591,,,,Tract  591,4279,0,8,18,74
G36008100592,1980,New York,36,Queens,081,,,,0592,,,,Tract  592,151,1019,0,13,16
G36008100593,1980,New York,36,Queens,081,,,,0593,,,,Tract  593,3205,0,0,22,14
G36008100594,1980,New York,36,Queens,081,,,,0594,,,,Tract  594,178,1457,5,1,53
G36008100595,1980,New York,36,Queens,081,,,,0595,,,,Tract  595,3735,1,5,41,55
G36008100596,1980,New York,36,Queens,081,,,,0596,,,,Tract  596,124,1215,3,6,39
G36008100598,1980,New York,36,Queens,081,,,,0598,,,,Tract  598,130,1603,0,9,67
G36008100599,1980,New York,36,Queens,081,,,,0599,,,,Tract  599,1281,0,0,4,1
G36008100600,1980,New York,36,Queens,081,,,,0600,,,,Tract  600,136,1017,0,10,23
G36008100601,1980,New York,36,Queens,081,,,,0601,,,,Tract  601,1716,0,0,4,1
G36008100602,1980,New York,36,Queens,081,,,,0602,,,,Tract  602,168,914,2,2,30
G36008100603,1980,New York,36,Queens,081,,,,0603,,,,Tract  603,1515,0,0,6,0
G36008100604,1980,New York,36,Queens,081,,,,0604,,,,Tract  604,163,762,1,7,27
G36008100606,1980,New York,36,Queens,081,,,,0606,,,,Tract  606,159,1322,5,17,24
G36008100607,1980,New York,36,Queens,081,,,,0607,,,,Tract  607,1088,0,0,9,0
G36008100608,1980,New York,36,Queens,081,,,,0608,,,,Tract  608,166,1266,9,10,52
G36008100610,1980,New York,36,Queens,081,,,,0610,,,,Tract  610,113,1102,2,2,10
G36008100612,1980,New York,36,Queens,081,,,,0612,,,,Tract  612,229,1448,9,4,36
G36008100613,1980,New York,36,Queens,081,,,,0613,,,,Tract  613,4726,4,5,30,42
G36008100614,1980,New York,36,Queens,081,,,,0614,,,,Tract  614,151,1104,6,2,20
G3600810061601,1980,New York,36,Queens,081,,,,061601,,,,Tract  616.01,270,1912,0,21,45
G3600810061602,1980,New York,36,Queens,081,,,,061602,,,,Tract  616.02,462,583,2,17,24
G36008100618,1980,New York,36,Queens,081,,,,0618,,,,Tract  618,803,879,0,8,22
G36008100619,1980,New York,36,Queens,081,,,,0619,,,,Tract  619,2598,0,0,18,12
G36008100620,1980,New York,36,Queens,081,,,,0620,,,,Tract  620,212,1282,3,1,54
G3600810062101,1980,New York,36,Queens,081,,,,062101,,,,Tract  621.01,1931,0,0,11,5
G3600810062102,1980,New York,36,Queens,081,,,,062102,,,,Tract  621.02,746,0,0,5,0
G36008100623,1980,New York,36,Queens,081,,,,0623,,,,Tract  623,1628,0,0,0,2
G36008100624,1980,New York,36,Queens,081,,,,0624,,,,Tract  624,83,620,7,3,20
G36008100625,1980,New York,36,Queens,081,,,,0625,,,,Tract  625,2215,0,0,10,3
G36008100626,1980,New York,36,Queens,081,,,,0626,,,,Tract  626,245,2375,0,25,70
G36008100627,1980,New York,36,Queens,081,,,,0627,,,,Tract  627,2511,0,1,19,9
G36008100629,1980,New York,36,Queens,081,,,,0629,,,,Tract  629,2523,2,1,3,11
G36008100630,1980,New York,36,Queens,081,,,,0630,,,,Tract  630,131,1471,3,5,24
G36008100632,1980,New York,36,Queens,081,,,,0632,,,,Tract  632,238,1897,11,23,72
G3600810063301,1980,New York,36,Queens,081,,,,063301,,,,Tract  633.01,1332,0,4,0,0
G3600810063302,1980,New York,36,Queens,081,,,,063302,,,,Tract  633.02,1521,4,0,1,4
G36008100635,1980,New York,36,Queens,081,,,,0635,,,,Tract  635,2453,1,1,3,9
G36008100637,1980,New York,36,Queens,081,,,,0637,,,,Tract  637,3092,0,1,38,10
G36008100638,1980,New York,36,Queens,081,,,,0638,,,,Tract  638,2673,245,3,10,43
G36008100639,1980,New York,36,Queens,081,,,,0639,,,,Tract  639,2562,27,0,12,19
G3600810064101,1980,New York,36,Queens,081,,,,064101,,,,Tract  641.01,2153,1,0,41,13
G3600810064102,1980,New York,36,Queens,081,,,,064102,,,,Tract  641.02,0,0,0,0,0
G36008100645,1980,New York,36,Queens,081,,,,0645,,,,Tract  645,1785,5,0,75,12
G36008100646,1980,New York,36,Queens,081,,,,0646,,,,Tract  646,414,2633,2,13,61
G36008100650,1980,New York,36,Queens,081,,,,0650,,,,Tract  650,354,2604,10,17,88
G36008100654,1980,New York,36,Queens,081,,,,0654,,,,Tract  654,1911,157,0,16,60
G36008100655,1980,New York,36,Queens,081,,,,0655,,,,Tract  655,749,0,2,3,0
G36008100656,1980,New York,36,Queens,081,,,,0656,,,,Tract  656,3148,41,5,53,24
G3600810065701,1980,New York,36,Queens,081,,,,065701,,,,Tract  657.01,1835,0,0,3,3
G3600810065702,1980,New York,36,Queens,081,,,,065702,,,,Tract  657.02,1492,1,1,2,6
G36008100659,1980,New York,36,Queens,081,,,,0659,,,,Tract  659,1606,0,0,3,1
G36008100660,1980,New York,36,Queens,081,,,,0660,,,,Tract  660,2494,18,0,20,9
G36008100661,1980,New York,36,Queens,081,,,,0661,,,,Tract  661,1785,0,0,1,0
G36008100663,1980,New York,36,Queens,081,,,,0663,,,,Tract  663,2591,0,0,60,11
G36008100664,1980,New York,36,Queens,081,,,,0664,,,,Tract  664,7838,189,5,50,113
G36008100665,1980,New York,36,Queens,081,,,,0665,,,,Tract  665,3179,1,0,5,2
G36008100667,1980,New York,36,Queens,081,,,,0667,,,,Tract  667,2005,0,1,12,6
G36008100669,1980,New York,36,Queens,081,,,,0669,,,,Tract  669,1898,1,0,20,6
G3600810067101,1980,New York,36,Queens,081,,,,067101,,,,Tract  671.01,1191,0,0,4,3
G3600810067102,1980,New York,36,Queens,081,,,,067102,,,,Tract  671.02,1123,0,1,10,16
G36008100677,1980,New York,36,Queens,081,,,,0677,,,,Tract  677,1771,2,0,15,0
G36008100679,1980,New York,36,Queens,081,,,,0679,,,,Tract  679,3351,167,1,288,205
G36008100680,1980,New York,36,Queens,081,,,,0680,,,,Tract  680,1133,2603,2,54,142
G36008100682,1980,New York,36,Queens,081,,,,0682,,,,Tract  682,123,929,10,12,51
G36008100683,1980,New York,36,Queens,081,,,,0683,,,,Tract  683,2578,280,0,909,504
G36008100687,1980,New York,36,Queens,081,,,,0687,,,,Tract  687,3158,30,3,433,123
G36008100690,1980,New York,36,Queens,081,,,,0690,,,,Tract  690,405,2216,23,15,78
G36008100693,1980,New York,36,Queens,081,,,,0693,,,,Tract  693,2140,146,5,112,56
G36008100694,1980,New York,36,Queens,081,,,,0694,,,,Tract  694,920,1568,12,19,59
G36008100695,1980,New York,36,Queens,081,,,,0695,,,,Tract  695,1756,28,0,216,20
G3600810069701,1980,New York,36,Queens,081,,,,069701,,,,Tract  697.01,2676,12,0,192,60
G3600810069702,1980,New York,36,Queens,081,,,,069702,,,,Tract  697.02,4196,12,2,227,65
G36008100703,1980,New York,36,Queens,081,,,,0703,,,,Tract  703,2693,5,0,120,24
G36008100707,1980,New York,36,Queens,081,,,,0707,,,,Tract  707,1749,4,0,118,71
G36008100709,1980,New York,36,Queens,081,,,,0709,,,,Tract  709,1718,3,0,220,26
G36008100711,1980,New York,36,Queens,081,,,,0711,,,,Tract  711,4067,57,7,302,91
G3600810071301,1980,New York,36,Queens,081,,,,071301,,,,Tract  713.01,10915,104,2,269,124
G3600810071302,1980,New York,36,Queens,081,,,,071302,,,,Tract  713.02,9273,58,2,571,154
G36008100716,1980,New York,36,Queens,081,,,,0716,,,,Tract  716,0,0,0,0,0
G36008100717,1980,New York,36,Queens,081,,,,0717,,,,Tract  717,7421,413,7,647,396
G36008100719,1980,New York,36,Queens,081,,,,0719,,,,Tract  719,1622,186,5,308,79
G36008100721,1980,New York,36,Queens,081,,,,0721,,,,Tract  721,4814,12,0,256,119
G36008100725,1980,New York,36,Queens,081,,,,0725,,,,Tract  725,491,3,0,9,4
G36008100727,1980,New York,36,Queens,081,,,,0727,,,,Tract  727,915,1,0,95,19
G36008100729,1980,New York,36,Queens,081,,,,0729,,,,Tract  729,1271,0,2,89,17
G36008100731,1980,New York,36,Queens,081,,,,0731,,,,Tract  731,1423,3,0,118,21
G36008100733,1980,New York,36,Queens,081,,,,0733,,,,Tract  733,774,0,0,35,20
G36008100735,1980,New York,36,Queens,081,,,,0735,,,,Tract  735,764,1,0,68,17
G36008100737,1980,New York,36,Queens,081,,,,0737,,,,Tract  737,1894,15,2,41,31
G36008100739,1980,New York,36,Queens,081,,,,0739,,,,Tract  739,5982,25,2,135,42
G36008100741,1980,New York,36,Queens,081,,,,0741,,,,Tract  741,3322,32,0,103,53
G36008100743,1980,New York,36,Queens,081,,,,0743,,,,Tract  743,3900,40,1,373,149
G36008100745,1980,New York,36,Queens,081,,,,0745,,,,Tract  745,3123,313,1,351,173
G36008100747,1980,New York,36,Queens,081,,,,0747,,,,Tract  747,2145,267,3,933,247
G36008100757,1980,New York,36,Queens,081,,,,0757,,,,Tract  757,7715,64,0,292,134
G36008100766,1980,New York,36,Queens,081,,,,0766,,,,Tract  766,142,367,1,4,14
G36008100768,1980,New York,36,Queens,081,,,,0768,,,,Tract  768,266,409,1,4,24
G3600810076901,1980,New York,36,Queens,081,,,,076901,,,,Tract  769.01,3771,41,0,177,238
G3600810076902,1980,New York,36,Queens,081,,,,076902,,,,Tract  769.02,1162,22,0,61,17
G36008100771,1980,New York,36,Queens,081,,,,0771,,,,Tract  771,815,6,0,44,19
G36008100773,1980,New York,36,Queens,081,,,,0773,,,,Tract  773,1504,34,0,95,20
G36008100775,1980,New York,36,Queens,081,,,,0775,,,,Tract  775,2754,19,4,64,52
G3600810077901,1980,New York,36,Queens,081,,,,077901,,,,Tract  779.01,6928,955,20,442,395
G3600810077902,1980,New York,36,Queens,081,,,,077902,,,,Tract  779.02,4415,210,3,212,66
G3600810077903,1980,New York,36,Queens,081,,,,077903,,,,Tract  779.03,2422,50,1,58,105
G3600810077904,1980,New York,36,Queens,081,,,,077904,,,,Tract  779.04,4203,234,2,591,178
G3600810077905,1980,New York,36,Queens,081,,,,077905,,,,Tract  779.05,1684,391,1,389,161
G36008100788,1980,New York,36,Queens,081,,,,0788,,,,Tract  788,78,1433,1,2,55
G36008100790,1980,New York,36,Queens,081,,,,0790,,,,Tract  790,55,1991,15,2,41
G36008100792,1980,New York,36,Queens,081,,,,0792,,,,Tract  792,103,1695,7,1,46
G36008100793,1980,New York,36,Queens,081,,,,0793,,,,Tract  793,0,0,0,0,0
G36008100797,1980,New York,36,Queens,081,,,,0797,,,,Tract  797,4577,1065,15,2798,495
G36008100799,1980,New York,36,Queens,081,,,,0799,,,,Tract  799,2092,9,1,60,23
G3600810080301,1980,New York,36,Queens,081,,,,080301,,,,Tract  803.01,2662,7,0,127,30
G3600810080302,1980,New York,36,Queens,081,,,,080302,,,,Tract  803.02,2646,5,0,149,16
G36008100809,1980,New York,36,Queens,081,,,,0809,,,,Tract  809,6014,181,4,135,208
G36008100814,1980,New York,36,Queens,081,,,,0814,,,,Tract  814,338,2569,9,5,186
G36008100818,1980,New York,36,Queens,081,,,,0818,,,,Tract  818,1016,1882,1,39,281
G36008100837,1980,New York,36,Queens,081,,,,0837,,,,Tract  837,3512,12,1,312,52
G36008100838,1980,New York,36,Queens,081,,,,0838,,,,Tract  838,3492,33,0,72,54
G36008100840,1980,New York,36,Queens,081,,,,0840,,,,Tract  840,3982,488,12,97,319
G36008100845,1980,New York,36,Queens,081,,,,0845,,,,Tract  845,1739,1721,12,218,230
G3600810084601,1980,New York,36,Queens,081,,,,084601,,,,Tract  846.01,2115,14,0,22,13
G3600810084602,1980,New York,36,Queens,081,,,,084602,,,,Tract  846.02,568,19,0,7,48
G36008100851,1980,New York,36,Queens,081,,,,0851,,,,Tract  851,1758,1379,5,765,957
G36008100853,1980,New York,36,Queens,081,,,,0853,,,,Tract  853,2507,505,3,1136,342
G36008100855,1980,New York,36,Queens,081,,,,0855,,,,Tract  855,3423,459,3,1349,455
G36008100857,1980,New York,36,Queens,081,,,,0857,,,,Tract  857,3052,240,3,1234,448
G36008100859,1980,New York,36,Queens,081,,,,0859,,,,Tract  859,3058,138,8,427,175
G36008100861,1980,New York,36,Queens,081,,,,0861,,,,Tract  861,1581,58,1,274,159
G36008100863,1980,New York,36,Queens,081,,,,0863,,,,Tract  863,3035,802,8,1416,450
G36008100864,1980,New York,36,Queens,081,,,,0864,,,,Tract  864,2119,40,1,12,53
G36008100865,1980,New York,36,Queens,081,,,,0865,,,,Tract  865,2644,112,2,541,129
G36008100867,1980,New York,36,Queens,081,,,,0867,,,,Tract  867,212,85,1,11,86
G36008100871,1980,New York,36,Queens,081,,,,0871,,,,Tract  871,581,643,10,73,197
G36008100875,1980,New York,36,Queens,081,,,,0875,,,,Tract  875,211,93,1,2,35
G36008100878,1980,New York,36,Queens,081,,,,0878,,,,Tract  878,552,0,0,0,1
G36008100884,1980,New York,36,Queens,081,,,,0884,,,,Tract  884,8043,1,5,18,20
G36008100889,1980,New York,36,Queens,081,,,,0889,,,,Tract  889,7616,805,18,222,505
G36008100892,1980,New York,36,Queens,081,,,,0892,,,,Tract  892,9268,45,1,157,56
G36008100907,1980,New York,36,Queens,081,,,,0907,,,,Tract  907,1125,0,5,36,6
G3600810091601,1980,New York,36,Queens,081,,,,091601,,,,Tract  916.01,3609,0,5,3,1
G3600810091602,1980,New York,36,Queens,081,,,,091602,,,,Tract  916.02,33,5,0,0,0
G3600810091699,1980,New York,36,Queens,081,,,,091699,,,,Tract  916.99,14,0,0,0,0
G36008100918,1980,New York,36,Queens,081,,,,0918,,,,Tract  918,181,42,0,3,2
G36008100919,1980,New York,36,Queens,081,,,,0919,,,,Tract  919,3929,52,0,114,54
G36008100922,1980,New York,36,Queens,081,,,,0922,,,,Tract  922,2342,8,0,7,8
G36008100925,1980,New York,36,Queens,081,,,,0925,,,,Tract  925,2635,5,1,25,29
G36008100928,1980,New York,36,Queens,081,,,,0928,,,,Tract  928,3623,14,0,27,27
G36008100929,1980,New York,36,Queens,081,,,,0929,,,,Tract  929,4376,3,2,70,19
G36008100934,1980,New York,36,Queens,081,,,,0934,,,,Tract  934,7537,27,1,29,35
G36008100938,1980,New York,36,Queens,081,,,,0938,,,,Tract  938,4261,235,1,32,78
G36008100939,1980,New York,36,Queens,081,,,,0939,,,,Tract  939,2810,8,2,63,28
G3600810094201,1980,New York,36,Queens,081,,,,094201,,,,Tract  942.01,1345,524,10,11,98
G3600810094202,1980,New York,36,Queens,081,,,,094202,,,,Tract  942.02,1397,2285,2,21,211
G3600810094203,1980,New York,36,Queens,081,,,,094203,,,,Tract  942.03,3446,464,4,63,52
G36008100945,1980,New York,36,Queens,081,,,,0945,,,,Tract  945,3517,3,0,81,29
G36008100947,1980,New York,36,Queens,081,,,,0947,,,,Tract  947,1893,1,0,11,14
G36008100952,1980,New York,36,Queens,081,,,,0952,,,,Tract  952,725,833,3,1,80
G36008100962,1980,New York,36,Queens,081,,,,0962,,,,Tract  962,1153,1370,18,11,262
G36008100964,1980,New York,36,Queens,081,,,,0964,,,,Tract  964,1351,1603,14,52,285
G36008100972,1980,New York,36,Queens,081,,,,0972,,,,Tract  972,2188,11582,47,105,1181
G36008100973,1980,New York,36,Queens,081,,,,0973,,,,Tract  973,2199,4,0,66,4
G36008100981,1980,New York,36,Queens,081,,,,0981,,,,Tract  981,1813,0,0,11,25
G36008100987,1980,New York,36,Queens,081,,,,0987,,,,Tract  987,2303,0,1,66,7
G36008100991,1980,New York,36,Queens,081,,,,0991,,,,Tract  991,6833,51,2,177,22
G36008100992,1980,New York,36,Queens,081,,,,0992,,,,Tract  992,1477,757,11,22,259
G3600810099701,1980,New York,36,Queens,081,,,,099701,,,,Tract  997.01,3123,4,0,77,10
G3600810099702,1980,New York,36,Queens,081,,,,099702,,,,Tract  997.02,11919,180,0,568,67
G36008100998,1980,New York,36,Queens,081,,,,0998,,,,Tract  998,6209,3505,39,181,620
G36008100999,1980,New York,36,Queens,081,,,,0999,,,,Tract  999,400,96,5,40,72
G36008101008,1980,New York,36,Queens,081,,,,1008,,,,Tract 1008,5318,1887,17,221,577
G36008101010,1980,New York,36,Queens,081,,,,1010,,,,Tract 1010,8182,2689,15,150,722
G36008101017,1980,New York,36,Queens,081,,,,1017,,,,Tract 1017,6277,25,2,180,24
G36008101029,1980,New York,36,Queens,081,,,,1029,,,,Tract 1029,3319,9,0,133,20
G36008101032,1980,New York,36,Queens,081,,,,1032,,,,Tract 1032,5102,4605,28,148,605
G36008101033,1980,New York,36,Queens,081,,,,1033,,,,Tract 1033,3941,1,0,138,10
G36008101039,1980,New York,36,Queens,081,,,,1039,,,,Tract 1039,5560,6,4,139,35
G36008101047,1980,New York,36,Queens,081,,,,1047,,,,Tract 1047,6540,10,3,317,46
G36008101059,1980,New York,36,Queens,081,,,,1059,,,,Tract 1059,3338,0,3,134,21
G3600810107201,1980,New York,36,Queens,081,,,,107201,,,,Tract 1072.01,2560,5,4,5,1
G3600810107202,1980,New York,36,Queens,081,,,,107202,,,,Tract 1072.02,0,0,0,0,0
G3600810108101,1980,New York,36,Queens,081,,,,108101,,,,Tract 1081.01,822,0,0,3,8
G3600810108102,1980,New York,36,Queens,081,,,,108102,,,,Tract 1081.02,975,4,0,74,1
G36008101083,1980,New York,36,Queens,081,,,,1083,,,,Tract 1083,1602,0,0,49,12
G36008101091,1980,New York,36,Queens,081,,,,1091,,,,Tract 1091,1869,37,0,125,32
G36008101097,1980,New York,36,Queens,081,,,,1097,,,,Tract 1097,1789,6,1,44,11
G36008101099,1980,New York,36,Queens,081,,,,1099,,,,Tract 1099,3201,2,2,48,17
G36008101113,1980,New York,36,Queens,081,,,,1113,,,,Tract 1113,2197,134,0,98,27
G36008101123,1980,New York,36,Queens,081,,,,1123,,,,Tract 1123,1419,175,5,42,19
G36008101129,1980,New York,36,Queens,081,,,,1129,,,,Tract 1129,2218,37,0,119,64
G36008101133,1980,New York,36,Queens,081,,,,1133,,,,Tract 1133,1725,6,0,52,0
G36008101139,1980,New York,36,Queens,081,,,,1139,,,,Tract 1139,3002,6,3,98,32
G36008101141,1980,New York,36,Queens,081,,,,1141,,,,Tract 1141,2494,2,0,90,14
G36008101147,1980,New York,36,Queens,081,,,,1147,,,,Tract 1147,1782,4,0,73,12
G36008101151,1980,New York,36,Queens,081,,,,1151,,,,Tract 1151,1152,2,0,46,8
G36008101155,1980,New York,36,Queens,081,,,,1155,,,,Tract 1155,1703,7,0,73,45
G36008101157,1980,New York,36,Queens,081,,,,1157,,,,Tract 1157,2577,8,0,174,38
G36008101159,1980,New York,36,Queens,081,,,,1159,,,,Tract 1159,2558,222,9,277,113
G36008101161,1980,New York,36,Queens,081,,,,1161,,,,Tract 1161,2160,318,2,306,114
G36008101163,1980,New York,36,Queens,081,,,,1163,,,,Tract 1163,4360,550,2,1158,455
G36008101167,1980,New York,36,Queens,081,,,,1167,,,,Tract 1167,1092,21,2,164,32
G36008101171,1980,New York,36,Queens,081,,,,1171,,,,Tract 1171,2177,17,4,112,21
G36008101175,1980,New York,36,Queens,081,,,,1175,,,,Tract 1175,4223,15,8,187,36
G36008101181,1980,New York,36,Queens,081,,,,1181,,,,Tract 1181,1676,0,2,25,18
G36008101185,1980,New York,36,Queens,081,,,,1185,,,,Tract 1185,1376,11,2,63,80
G36008101187,1980,New York,36,Queens,081,,,,1187,,,,Tract 1187,1401,10,0,188,37
G36008101189,1980,New York,36,Queens,081,,,,1189,,,,Tract 1189,1405,8,0,120,16
G36008101191,1980,New York,36,Queens,081,,,,1191,,,,Tract 1191,2131,17,7,77,18
G36008101193,1980,New York,36,Queens,081,,,,1193,,,,Tract 1193,1862,20,3,66,32
G36008101195,1980,New York,36,Queens,081,,,,1195,,,,Tract 1195,1214,3,0,42,12
G36008101199,1980,New York,36,Queens,081,,,,1199,,,,Tract 1199,1191,0,4,69,31
G36008101201,1980,New York,36,Queens,081,,,,1201,,,,Tract 1201,1042,66,4,116,45
G36008101203,1980,New York,36,Queens,081,,,,1203,,,,Tract 1203,1102,1,0,110,19
G36008101205,1980,New York,36,Queens,081,,,,1205,,,,Tract 1205,1204,310,16,242,99
G36008101207,1980,New York,36,Queens,081,,,,1207,,,,Tract 1207,2220,1,3,85,27
G36008101211,1980,New York,36,Queens,081,,,,1211,,,,Tract 1211,0,0,0,0,0
G36008101215,1980,New York,36,Queens,081,,,,1215,,,,Tract 1215,2834,2,3,206,49
G36008101223,1980,New York,36,Queens,081,,,,1223,,,,Tract 1223,2401,4,0,267,25
G3600810122701,1980,New York,36,Queens,081,,,,122701,,,,Tract 1227.01,7288,401,0,249,149
G3600810122702,1980,New York,36,Queens,081,,,,122702,,,,Tract 1227.02,5192,1075,3,88,232
G36008101241,1980,New York,36,Queens,081,,,,1241,,,,Tract 1241,2607,290,5,307,62
G36008101247,1980,New York,36,Queens,081,,,,1247,,,,Tract 1247,3021,7,0,151,11
G36008101257,1980,New York,36,Queens,081,,,,1257,,,,Tract 1257,1195,1405,17,220,155
G36008101265,1980,New York,36,Queens,081,,,,1265,,,,Tract 1265,1119,40,0,169,57
G36008101267,1980,New York,36,Queens,081,,,,1267,,,,Tract 1267,1559,36,0,274,59
G36008101273,1980,New York,36,Queens,081,,,,1273,,,,Tract 1273,1067,11,0,78,9
G36008101275,1980,New York,36,Queens,081,,,,1275,,,,Tract 1275,2189,35,0,157,5
G36008101283,1980,New York,36,Queens,081,,,,1283,,,,Tract 1283,56,0,0,4,0
G3600810129101,1980,New York,36,Queens,081,,,,129101,,,,Tract 1291.01,8744,119,0,127,82
G3600810129102,1980,New York,36,Queens,081,,,,129102,,,,Tract 1291.02,3172,4,0,60,19
G36008101301,1980,New York,36,Queens,081,,,,1301,,,,Tract 1301,3637,16,0,72,36
G36008101319,1980,New York,36,Queens,081,,,,1319,,,,Tract 1319,0,0,0,0,0
G36008101333,1980,New York,36,Queens,081,,,,1333,,,,Tract 1333,3349,6,0,132,37
G36008101339,1980,New York,36,Queens,081,,,,1339,,,,Tract 1339,1121,3,0,58,7
G36008101341,1980,New York,36,Queens,081,,,,1341,,,,Tract 1341,2457,3,6,163,30
G36008101347,1980,New York,36,Queens,081,,,,1347,,,,Tract 1347,7868,200,4,595,26
G36008101367,1980,New York,36,Queens,081,,,,1367,,,,Tract 1367,4946,2,0,98,12
G36008101377,1980,New York,36,Queens,081,,,,1377,,,,Tract 1377,4330,33,2,250,120
G3600810138501,1980,New York,36,Queens,081,,,,138501,,,,Tract 1385.01,4080,6,1,349,25
G3600810138502,1980,New York,36,Queens,081,,,,138502,,,,Tract 1385.02,27,0,0,5,0
G36008101399,1980,New York,36,Queens,081,,,,1399,,,,Tract 1399,1626,1,0,74,14
G36008101403,1980,New York,36,Queens,081,,,,1403,,,,Tract 1403,2089,7,0,137,19
G3600810140901,1980,New York,36,Queens,081,,,,140901,,,,Tract 1409.01,804,4,0,80,3
G3600810140902,1980,New York,36,Queens,081,,,,140902,,,,Tract 1409.02,1992,0,0,173,30
G3600810141701,1980,New York,36,Queens,081,,,,141701,,,,Tract 1417.01,3473,14,0,238,18
G3600810141702,1980,New York,36,Queens,081,,,,141702,,,,Tract 1417.02,125,0,1,15,4
G36008101429,1980,New York,36,Queens,081,,,,1429,,,,Tract 1429,3177,0,1,165,28
G36008101435,1980,New York,36,Queens,081,,,,1435,,,,Tract 1435,1898,5,0,116,11
G36008101441,1980,New York,36,Queens,081,,,,1441,,,,Tract 1441,2866,9,3,113,29
G36008101447,1980,New York,36,Queens,081,,,,1447,,,,Tract 1447,1119,1064,4,133,51
G3600810145101,1980,New York,36,Queens,081,,,,145101,,,,Tract 1451.01,1218,0,0,101,4
G3600810145102,1980,New York,36,Queens,081,,,,145102,,,,Tract 1451.02,1670,330,1,107,64
G36008101459,1980,New York,36,Queens,081,,,,1459,,,,Tract 1459,2628,2,0,67,7
G36008101463,1980,New York,36,Queens,081,,,,1463,,,,Tract 1463,2764,84,0,86,25
G36008101467,1980,New York,36,Queens,081,,,,1467,,,,Tract 1467,2457,21,1,38,44
G36008101471,1980,New York,36,Queens,081,,,,1471,,,,Tract 1471,2718,6,0,66,24
G36008101479,1980,New York,36,Queens,081,,,,1479,,,,Tract 1479,3843,15,11,186,44
G36008101483,1980,New York,36,Queens,081,,,,1483,,,,Tract 1483,3127,17,1,147,22
G3600810150701,1980,New York,36,Queens,081,,,,150701,,,,Tract 1507.01,3062,13,0,108,15
G3600810150702,1980,New York,36,Queens,081,,,,150702,,,,Tract 1507.02,3173,17,1,70,18
G3600810152901,1980,New York,36,Queens,081,,,,152901,,,,Tract 1529.01,5128,15,1,169,34
G3600810152902,1980,New York,36,Queens,081,,,,152902,,,,Tract 1529.02,5134,3,1,126,15
G36008101551,1980,New York,36,Queens,081,,,,1551,,,,Tract 1551,10356,322,8,414,139
G36008101567,1980,New York,36,Queens,081,,,,1567,,,,Tract 1567,1436,493,0,13,22
G3600810157101,1980,New York,36,Queens,081,,,,157101,,,,Tract 1571.01,6013,114,8,321,98
G3600810157102,1980,New York,36,Queens,081,,,,157102,,,,Tract 1571.02,1261,0,0,17,8
G3600810157901,1980,New York,36,Queens,081,,,,157901,,,,Tract 1579.01,4487,4,7,133,16
G3600810157902,1980,New York,36,Queens,081,,,,157902,,,,Tract 1579.02,3191,2,0,103,23
G3600810157903,1980,New York,36,Queens,081,,,,157903,,,,Tract 1579.03,3670,2,0,55,22
G36008101617,1980,New York,36,Queens,081,,,,1617,,,,Tract 1617,4086,4,7,54,26
G36008101621,1980,New York,36,Queens,081,,,,1621,,,,Tract 1621,4995,2,6,70,49
G36008300401,1980,New York,36,Rensselaer,083,,,,0401,,,,Tract  401,4821,151,1,11,14
G36008300402,1980,New York,36,Rensselaer,083,,,,0402,,,,Tract  402,4735,77,17,2,8
G36008300403,1980,New York,36,Rensselaer,083,,,,0403,,,,Tract  403,3440,36,4,18,7
G36008300404,1980,New York,36,Rensselaer,083,,,,0404,,,,Tract  404,2888,521,2,6,40
G36008300405,1980,New York,36,Rensselaer,083,,,,0405,,,,Tract  405,2002,415,2,7,13
G36008300406,1980,New York,36,Rensselaer,083,,,,0406,,,,Tract  406,5218,598,9,174,80
G36008300407,1980,New York,36,Rensselaer,083,,,,0407,,,,Tract  407,3266,824,11,19,53
G36008300408,1980,New York,36,Rensselaer,083,,,,0408,,,,Tract  408,1977,74,9,10,10
G36008300409,1980,New York,36,Rensselaer,083,,,,0409,,,,Tract  409,3179,55,1,4,17
G36008300410,1980,New York,36,Rensselaer,083,,,,0410,,,,Tract  410,3923,131,4,11,20
G36008300411,1980,New York,36,Rensselaer,083,,,,0411,,,,Tract  411,5192,200,7,12,31
G36008300412,1980,New York,36,Rensselaer,083,,,,0412,,,,Tract  412,3755,7,3,24,21
G36008300413,1980,New York,36,Rensselaer,083,,,,0413,,,,Tract  413,4527,83,1,217,105
G3600830041401,1980,New York,36,Rensselaer,083,,,,041401,,,,Tract  414.01,2536,34,2,53,27
G3600830041402,1980,New York,36,Rensselaer,083,,,,041402,,,,Tract  414.02,708,162,5,10,1
G36008300515,1980,New York,36,Rensselaer,083,,,,0515,,,,Tract  515,4850,168,6,3,16
G3600830051599,1980,New York,36,Rensselaer,083,,,,051599,,,,Tract  515.99,44,10,0,0,3
G36008300516,1980,New York,36,Rensselaer,083,,,,0516,,,,Tract  516,3791,150,3,1,2
G3600830051701,1980,New York,36,Rensselaer,083,,,,051701,,,,Tract  517.01,3097,11,0,7,8
G3600830051702,1980,New York,36,Rensselaer,083,,,,051702,,,,Tract  517.02,3592,7,3,2,5
G36008300518,1980,New York,36,Rensselaer,083,,,,0518,,,,Tract  518,4865,8,14,1,13
G3600830051901,1980,New York,36,Rensselaer,083,,,,051901,,,,Tract  519.01,3628,23,5,4,5
G3600830051902,1980,New York,36,Rensselaer,083,,,,051902,,,,Tract  519.02,3392,24,4,7,2
G3600830052001,1980,New York,36,Rensselaer,083,,,,052001,,,,Tract  520.01,9393,29,2,43,11
G3600830052002,1980,New York,36,Rensselaer,083,,,,052002,,,,Tract  520.02,1492,1,0,1,2
G3600830052101,1980,New York,36,Rensselaer,083,,,,052101,,,,Tract  521.01,1652,0,6,2,5
G3600830052102,1980,New York,36,Rensselaer,083,,,,052102,,,,Tract  521.02,1366,3,0,0,0
G3600830052103,1980,New York,36,Rensselaer,083,,,,052103,,,,Tract  521.03,1686,2,4,1,3
G3600830052201,1980,New York,36,Rensselaer,083,,,,052201,,,,Tract  522.01,3650,0,7,4,3
G3600830052202,1980,New York,36,Rensselaer,083,,,,052202,,,,Tract  522.02,6981,14,4,10,13
G3600830052301,1980,New York,36,Rensselaer,083,,,,052301,,,,Tract  523.01,2649,2,1,7,8
G3600830052302,1980,New York,36,Rensselaer,083,,,,052302,,,,Tract  523.02,7681,23,3,12,10
G3600830052401,1980,New York,36,Rensselaer,083,,,,052401,,,,Tract  524.01,11283,171,6,96,37
G3600830052402,1980,New York,36,Rensselaer,083,,,,052402,,,,Tract  524.02,1309,5,0,6,0
G3600830052501,1980,New York,36,Rensselaer,083,,,,052501,,,,Tract  525.01,5462,30,19,16,19
G3600830052502,1980,New York,36,Rensselaer,083,,,,052502,,,,Tract  525.02,4056,18,2,9,8
G3600830052503,1980,New York,36,Rensselaer,083,,,,052503,,,,Tract  525.03,1622,2,0,2,1
G3600830052601,1980,New York,36,Rensselaer,083,,,,052601,,,,Tract  526.01,3225,32,4,3,9
G3600830052602,1980,New York,36,Rensselaer,083,,,,052602,,,,Tract  526.02,1271,5,1,1,7
G3600830052603,1980,New York,36,Rensselaer,083,,,,052603,,,,Tract  526.03,2009,11,3,2,6
G36008500003,1980,New York,36,Richmond,085,,,,0003,,,,Tract    3,955,179,12,110,73
G36008500006,1980,New York,36,Richmond,085,,,,0006,,,,Tract    6,1290,21,5,19,3
G36008500007,1980,New York,36,Richmond,085,,,,0007,,,,Tract    7,2326,1963,33,204,432
G36008500008,1980,New York,36,Richmond,085,,,,0008,,,,Tract    8,3420,26,0,24,50
G36008500009,1980,New York,36,Richmond,085,,,,0009,,,,Tract    9,1059,443,5,38,121
G36008500011,1980,New York,36,Richmond,085,,,,0011,,,,Tract   11,1911,1081,11,46,325
G36008500015,1980,New York,36,Richmond,085,,,,0015,,,,Tract   15,80,32,2,0,43
G3600850001599,1980,New York,36,Richmond,085,,,,001599,,,,Tract   15.99,28,1,0,0,2
G36008500017,1980,New York,36,Richmond,085,,,,0017,,,,Tract   17,1055,104,6,65,42
G36008500018,1980,New York,36,Richmond,085,,,,0018,,,,Tract   18,78,14,1,0,0
G3600850002001,1980,New York,36,Richmond,085,,,,002001,,,,Tract   20.01,1613,77,0,37,14
G3600850002002,1980,New York,36,Richmond,085,,,,002002,,,,Tract   20.02,2802,58,0,142,42
G36008500021,1980,New York,36,Richmond,085,,,,0021,,,,Tract   21,2110,567,5,46,176
G36008500027,1980,New York,36,Richmond,085,,,,0027,,,,Tract   27,962,164,6,45,71
G36008500029,1980,New York,36,Richmond,085,,,,0029,,,,Tract   29,2577,2101,11,62,565
G36008500033,1980,New York,36,Richmond,085,,,,0033,,,,Tract   33,2393,82,3,67,58
G36008500036,1980,New York,36,Richmond,085,,,,0036,,,,Tract   36,1447,3,0,43,28
G36008500039,1980,New York,36,Richmond,085,,,,0039,,,,Tract   39,1941,101,2,72,39
G36008500040,1980,New York,36,Richmond,085,,,,0040,,,,Tract   40,2762,4922,30,117,359
G36008500047,1980,New York,36,Richmond,085,,,,0047,,,,Tract   47,2776,197,1,102,37
G36008500050,1980,New York,36,Richmond,085,,,,0050,,,,Tract   50,2172,42,0,84,28
G36008500059,1980,New York,36,Richmond,085,,,,0059,,,,Tract   59,2427,33,0,38,33
G36008500064,1980,New York,36,Richmond,085,,,,0064,,,,Tract   64,3275,139,5,59,85
G36008500065,1980,New York,36,Richmond,085,,,,0065,,,,Tract   65,1635,40,0,50,7
G36008500070,1980,New York,36,Richmond,085,,,,0070,,,,Tract   70,5654,73,3,65,36
G36008500074,1980,New York,36,Richmond,085,,,,0074,,,,Tract   74,2676,43,2,39,73
G36008500075,1980,New York,36,Richmond,085,,,,0075,,,,Tract   75,2886,251,3,125,62
G36008500077,1980,New York,36,Richmond,085,,,,0077,,,,Tract   77,547,432,1,19,78
G36008500081,1980,New York,36,Richmond,085,,,,0081,,,,Tract   81,2879,884,18,145,229
G36008500089,1980,New York,36,Richmond,085,,,,0089,,,,Tract   89,12,0,0,0,0
G36008500091,1980,New York,36,Richmond,085,,,,0091,,,,Tract   91,1019,14,0,60,19
G3600850009601,1980,New York,36,Richmond,085,,,,009601,,,,Tract   96.01,3556,8,2,74,12
G3600850009602,1980,New York,36,Richmond,085,,,,009602,,,,Tract   96.02,3116,14,0,21,12
G36008500097,1980,New York,36,Richmond,085,,,,0097,,,,Tract   97,2617,1227,9,63,99
G36008500105,1980,New York,36,Richmond,085,,,,0105,,,,Tract  105,3262,670,3,65,78
G3600850011201,1980,New York,36,Richmond,085,,,,011201,,,,Tract  112.01,4384,7,1,148,39
G3600850011202,1980,New York,36,Richmond,085,,,,011202,,,,Tract  112.02,4377,15,5,49,51
G3600850011401,1980,New York,36,Richmond,085,,,,011401,,,,Tract  114.01,3009,126,1,26,25
G3600850011402,1980,New York,36,Richmond,085,,,,011402,,,,Tract  114.02,3167,38,0,13,41
G36008500121,1980,New York,36,Richmond,085,,,,0121,,,,Tract  121,3102,21,0,24,10
G36008500122,1980,New York,36,Richmond,085,,,,0122,,,,Tract  122,3820,2,1,4,19
G36008500125,1980,New York,36,Richmond,085,,,,0125,,,,Tract  125,2314,249,0,25,29
G3600850012803,1980,New York,36,Richmond,085,,,,012803,,,,Tract  128.03,7272,55,8,167,96
G3600850012804,1980,New York,36,Richmond,085,,,,012804,,,,Tract  128.04,3119,1,3,41,6
G3600850013201,1980,New York,36,Richmond,085,,,,013201,,,,Tract  132.01,1822,0,1,28,2
G3600850013202,1980,New York,36,Richmond,085,,,,013202,,,,Tract  132.02,11540,3,5,99,51
G3600850013301,1980,New York,36,Richmond,085,,,,013301,,,,Tract  133.01,646,1132,5,8,183
G3600850013302,1980,New York,36,Richmond,085,,,,013302,,,,Tract  133.02,1576,667,6,20,56
G36008500134,1980,New York,36,Richmond,085,,,,0134,,,,Tract  134,3683,2,1,39,16
G36008500138,1980,New York,36,Richmond,085,,,,0138,,,,Tract  138,7408,3,7,45,15
G36008500141,1980,New York,36,Richmond,085,,,,0141,,,,Tract  141,1572,53,1,24,14
G3600850014601,1980,New York,36,Richmond,085,,,,014601,,,,Tract  146.01,13550,22,8,136,57
G3600850014602,1980,New York,36,Richmond,085,,,,014602,,,,Tract  146.02,4396,3,1,22,21
G36008500147,1980,New York,36,Richmond,085,,,,0147,,,,Tract  147,3423,47,3,30,33
G36008500151,1980,New York,36,Richmond,085,,,,0151,,,,Tract  151,5193,18,0,72,20
G36008500154,1980,New York,36,Richmond,085,,,,0154,,,,Tract  154,73,0,0,0,0
G3600850015601,1980,New York,36,Richmond,085,,,,015601,,,,Tract  156.01,6941,4,8,54,33
G3600850015602,1980,New York,36,Richmond,085,,,,015602,,,,Tract  156.02,3982,11,0,37,14
G3600850015603,1980,New York,36,Richmond,085,,,,015603,,,,Tract  156.03,3243,8,2,74,19
G36008500164,1980,New York,36,Richmond,085,,,,0164,,,,Tract  164,89,0,0,3,0
G3600850016901,1980,New York,36,Richmond,085,,,,016901,,,,Tract  169.01,2604,4,5,98,21
G3600850016902,1980,New York,36,Richmond,085,,,,016902,,,,Tract  169.02,1080,7,0,92,15
G3600850017001,1980,New York,36,Richmond,085,,,,017001,,,,Tract  170.01,14468,177,11,444,153
G3600850017002,1980,New York,36,Richmond,085,,,,017002,,,,Tract  170.02,10204,5,6,154,27
G36008500173,1980,New York,36,Richmond,085,,,,0173,,,,Tract  173,2167,224,5,264,63
G36008500176,1980,New York,36,Richmond,085,,,,0176,,,,Tract  176,2161,1,0,26,18
G36008500177,1980,New York,36,Richmond,085,,,,0177,,,,Tract  177,5065,25,3,213,31
G36008500179,1980,New York,36,Richmond,085,,,,0179,,,,Tract  179,2597,5,0,40,10
G36008500185,1980,New York,36,Richmond,085,,,,0185,,,,Tract  185,297,12,0,3,0
G3600850018701,1980,New York,36,Richmond,085,,,,018701,,,,Tract  187.01,1425,36,2,13,17
G3600850018702,1980,New York,36,Richmond,085,,,,018702,,,,Tract  187.02,5569,410,7,185,87
G3600850018901,1980,New York,36,Richmond,085,,,,018901,,,,Tract  189.01,5309,18,2,84,21
G3600850018902,1980,New York,36,Richmond,085,,,,018902,,,,Tract  189.02,4435,192,0,275,84
G36008500196,1980,New York,36,Richmond,085,,,,0196,,,,Tract  196,2702,20,1,34,9
G36008500197,1980,New York,36,Richmond,085,,,,0197,,,,Tract  197,1880,1,1,13,10
G36008500201,1980,New York,36,Richmond,085,,,,0201,,,,Tract  201,3263,20,2,21,25
G36008500207,1980,New York,36,Richmond,085,,,,0207,,,,Tract  207,2244,1137,4,35,161
G3600850020801,1980,New York,36,Richmond,085,,,,020801,,,,Tract  208.01,396,11,2,6,0
G3600850020802,1980,New York,36,Richmond,085,,,,020802,,,,Tract  208.02,6464,27,1,75,22
G36008500213,1980,New York,36,Richmond,085,,,,0213,,,,Tract  213,3711,80,3,29,36
G36008500219,1980,New York,36,Richmond,085,,,,0219,,,,Tract  219,570,26,6,6,6
G36008500223,1980,New York,36,Richmond,085,,,,0223,,,,Tract  223,1495,244,12,17,30
G36008500226,1980,New York,36,Richmond,085,,,,0226,,,,Tract  226,1929,488,3,11,51
G36008500231,1980,New York,36,Richmond,085,,,,0231,,,,Tract  231,2003,191,0,13,28
G36008500236,1980,New York,36,Richmond,085,,,,0236,,,,Tract  236,209,261,0,2,10
G36008500239,1980,New York,36,Richmond,085,,,,0239,,,,Tract  239,1858,119,1,19,12
G36008500244,1980,New York,36,Richmond,085,,,,0244,,,,Tract  244,3374,4,3,10,2
G36008500247,1980,New York,36,Richmond,085,,,,0247,,,,Tract  247,1908,135,4,47,20
G36008500248,1980,New York,36,Richmond,085,,,,0248,,,,Tract  248,3022,59,2,2,8
G36008500251,1980,New York,36,Richmond,085,,,,0251,,,,Tract  251,6089,12,3,126,8
G3600850027301,1980,New York,36,Richmond,085,,,,027301,,,,Tract  273.01,2954,391,0,53,26
G3600850027302,1980,New York,36,Richmond,085,,,,027302,,,,Tract  273.02,3107,35,4,205,17
G36008500277,1980,New York,36,Richmond,085,,,,0277,,,,Tract  277,8024,68,1,262,26
G36008500279,1980,New York,36,Richmond,085,,,,0279,,,,Tract  279,1819,5,0,5,11
G36008500291,1980,New York,36,Richmond,085,,,,0291,,,,Tract  291,13771,39,11,231,88
G36008500303,1980,New York,36,Richmond,085,,,,0303,,,,Tract  303,5263,63,4,205,172
G3600850031901,1980,New York,36,Richmond,085,,,,031901,,,,Tract  319.01,684,1640,20,43,218
G3600850031902,1980,New York,36,Richmond,085,,,,031902,,,,Tract  319.02,2102,887,8,13,133
G36008500323,1980,New York,36,Richmond,085,,,,0323,,,,Tract  323,273,35,0,1,21
G3600850032399,1980,New York,36,Richmond,085,,,,032399,,,,Tract  323.99,20,9,0,0,1
G36008700101,1980,New York,36,Rockland,087,,,,0101,,,,Tract  101,7956,42,3,32,52
G36008700102,1980,New York,36,Rockland,087,,,,0102,,,,Tract  102,4053,12,1,10,15
G36008700103,1980,New York,36,Rockland,087,,,,0103,,,,Tract  103,586,54,1,0,21
G36008700104,1980,New York,36,Rockland,087,,,,0104,,,,Tract  104,3838,239,3,52,62
G36008700105,1980,New York,36,Rockland,087,,,,0105,,,,Tract  105,9349,207,8,96,94
G36008700106,1980,New York,36,Rockland,087,,,,0106,,,,Tract  106,7912,688,28,74,479
G36008700107,1980,New York,36,Rockland,087,,,,0107,,,,Tract  107,6504,800,16,33,1447
G36008700108,1980,New York,36,Rockland,087,,,,0108,,,,Tract  108,18791,140,17,379,102
G36008700109,1980,New York,36,Rockland,087,,,,0109,,,,Tract  109,7074,81,3,117,40
G36008700110,1980,New York,36,Rockland,087,,,,0110,,,,Tract  110,1826,50,3,14,13
G36008700111,1980,New York,36,Rockland,087,,,,0111,,,,Tract  111,8419,1202,26,406,92
G36008700112,1980,New York,36,Rockland,087,,,,0112,,,,Tract  112,6354,88,8,146,26
G36008700113,1980,New York,36,Rockland,087,,,,0113,,,,Tract  113,11231,915,13,329,90
G36008700114,1980,New York,36,Rockland,087,,,,0114,,,,Tract  114,15745,370,8,234,73
G36008700115,1980,New York,36,Rockland,087,,,,0115,,,,Tract  115,18721,889,29,546,145
G36008700116,1980,New York,36,Rockland,087,,,,0116,,,,Tract  116,11487,149,29,132,57
G36008700117,1980,New York,36,Rockland,087,,,,0117,,,,Tract  117,3110,17,10,10,7
G36008700118,1980,New York,36,Rockland,087,,,,0118,,,,Tract  118,429,271,181,0,45
G36008700119,1980,New York,36,Rockland,087,,,,0119,,,,Tract  119,6046,119,61,47,40
G36008700120,1980,New York,36,Rockland,087,,,,0120,,,,Tract  120,4313,76,2,80,10
G36008700121,1980,New York,36,Rockland,087,,,,0121,,,,Tract  121,12500,543,7,77,89
G36008700122,1980,New York,36,Rockland,087,,,,0122,,,,Tract  122,6490,1976,16,143,103
G36008700123,1980,New York,36,Rockland,087,,,,0123,,,,Tract  123,1390,3732,15,35,123
G36008700124,1980,New York,36,Rockland,087,,,,0124,,,,Tract  124,5433,904,12,125,86
G36008700125,1980,New York,36,Rockland,087,,,,0125,,,,Tract  125,9479,389,10,165,130
G36008700126,1980,New York,36,Rockland,087,,,,0126,,,,Tract  126,6563,6,2,57,59
G36008700127,1980,New York,36,Rockland,087,,,,0127,,,,Tract  127,4236,14,4,36,15
G36008700128,1980,New York,36,Rockland,087,,,,0128,,,,Tract  128,5882,37,4,250,46
G36008700129,1980,New York,36,Rockland,087,,,,0129,,,,Tract  129,1494,493,2,43,48
G36008700130,1980,New York,36,Rockland,087,,,,0130,,,,Tract  130,9222,111,9,276,75
G36008700131,1980,New York,36,Rockland,087,,,,0131,,,,Tract  131,4038,2247,9,45,89
G36008700132,1980,New York,36,Rockland,087,,,,0132,,,,Tract  132,2641,831,4,59,67
G36008700133,1980,New York,36,Rockland,087,,,,0133,,,,Tract  133,1959,210,5,35,60
G36008700134,1980,New York,36,Rockland,087,,,,0134,,,,Tract  134,7595,114,7,218,91
G36008909901,1980,New York,36,St Lawrence,089,,,,9901,,,,Tract 9901,6819,5,35,9,10
G36008909902,1980,New York,36,St Lawrence,089,,,,9902,,,,Tract 9902,7292,13,78,10,14
G36008909903,1980,New York,36,St Lawrence,089,,,,9903,,,,Tract 9903,8315,7,63,25,6
G36008909904,1980,New York,36,St Lawrence,089,,,,9904,,,,Tract 9904,5539,22,15,31,10
G36008909905,1980,New York,36,St Lawrence,089,,,,9905,,,,Tract 9905,6387,6,12,13,4
G36008909906,1980,New York,36,St Lawrence,089,,,,9906,,,,Tract 9906,4354,1,13,3,5
G36008909907,1980,New York,36,St Lawrence,089,,,,9907,,,,Tract 9907,5240,11,15,81,9
G36008909908,1980,New York,36,St Lawrence,089,,,,9908,,,,Tract 9908,8414,8,43,16,7
G36008909909,1980,New York,36,St Lawrence,089,,,,9909,,,,Tract 9909,6803,2,38,13,5
G36008909910,1980,New York,36,St Lawrence,089,,,,9910,,,,Tract 9910,5898,1,15,14,2
G36008909911,1980,New York,36,St Lawrence,089,,,,9911,,,,Tract 9911,9368,46,30,35,16
G36008909912,1980,New York,36,St Lawrence,089,,,,9912,,,,Tract 9912,6288,10,12,51,26
G36008909913,1980,New York,36,St Lawrence,089,,,,9913,,,,Tract 9913,6603,32,13,64,19
G36008909914,1980,New York,36,St Lawrence,089,,,,9914,,,,Tract 9914,489,0,0,1,0
G36008909915,1980,New York,36,St Lawrence,089,,,,9915,,,,Tract 9915,2052,0,7,1,2
G36008909916,1980,New York,36,St Lawrence,089,,,,9916,,,,Tract 9916,7700,50,20,12,21
G36008909917,1980,New York,36,St Lawrence,089,,,,9917,,,,Tract 9917,5148,2,9,4,22
G36008909918,1980,New York,36,St Lawrence,089,,,,9918,,,,Tract 9918,5269,13,19,6,2
G36008909919,1980,New York,36,St Lawrence,089,,,,9919,,,,Tract 9919,2564,0,1,3,2
G36008909920,1980,New York,36,St Lawrence,089,,,,9920,,,,Tract 9920,2455,1,5,3,7
G3600910060101,1980,New York,36,Saratoga,091,,,,060101,,,,Tract  601.01,2866,47,3,2,29
G3600910060102,1980,New York,36,Saratoga,091,,,,060102,,,,Tract  601.02,4504,15,3,3,2
G36009100602,1980,New York,36,Saratoga,091,,,,0602,,,,Tract  602,3689,17,2,5,1
G36009100603,1980,New York,36,Saratoga,091,,,,0603,,,,Tract  603,2482,16,3,6,7
G36009100604,1980,New York,36,Saratoga,091,,,,0604,,,,Tract  604,2699,0,1,0,2
G36009100605,1980,New York,36,Saratoga,091,,,,0605,,,,Tract  605,4321,5,10,0,7
G36009100606,1980,New York,36,Saratoga,091,,,,0606,,,,Tract  606,5043,30,7,4,20
G3600910060701,1980,New York,36,Saratoga,091,,,,060701,,,,Tract  607.01,4152,24,19,8,3
G3600910060702,1980,New York,36,Saratoga,091,,,,060702,,,,Tract  607.02,2990,13,3,7,2
G36009100608,1980,New York,36,Saratoga,091,,,,0608,,,,Tract  608,2711,8,1,8,4
G3600910060901,1980,New York,36,Saratoga,091,,,,060901,,,,Tract  609.01,2748,11,1,7,1
G3600910060902,1980,New York,36,Saratoga,091,,,,060902,,,,Tract  609.02,1827,0,0,0,0
G36009100610,1980,New York,36,Saratoga,091,,,,0610,,,,Tract  610,3851,224,6,21,16
G36009100611,1980,New York,36,Saratoga,091,,,,0611,,,,Tract  611,6114,211,10,33,24
G36009100612,1980,New York,36,Saratoga,091,,,,0612,,,,Tract  612,5208,291,9,24,28
G3600910061301,1980,New York,36,Saratoga,091,,,,061301,,,,Tract  613.01,955,6,0,0,1
G3600910061302,1980,New York,36,Saratoga,091,,,,061302,,,,Tract  613.02,5301,80,8,17,10
G3600910061303,1980,New York,36,Saratoga,091,,,,061303,,,,Tract  613.03,1384,40,3,17,14
G3600910061401,1980,New York,36,Saratoga,091,,,,061401,,,,Tract  614.01,3642,11,5,6,4
G3600910061402,1980,New York,36,Saratoga,091,,,,061402,,,,Tract  614.02,5435,12,11,7,27
G36009100615,1980,New York,36,Saratoga,091,,,,0615,,,,Tract  615,3008,3,6,1,0
G36009100616,1980,New York,36,Saratoga,091,,,,0616,,,,Tract  616,3982,16,5,10,6
G3600910061701,1980,New York,36,Saratoga,091,,,,061701,,,,Tract  617.01,2776,8,4,6,5
G3600910061702,1980,New York,36,Saratoga,091,,,,061702,,,,Tract  617.02,3899,9,0,10,2
G36009100618,1980,New York,36,Saratoga,091,,,,0618,,,,Tract  618,4681,11,4,9,6
G3600910061901,1980,New York,36,Saratoga,091,,,,061901,,,,Tract  619.01,6052,62,1,50,12
G3600910061902,1980,New York,36,Saratoga,091,,,,061902,,,,Tract  619.02,781,2,6,1,1
G36009100620,1980,New York,36,Saratoga,091,,,,0620,,,,Tract  620,4715,7,2,10,10
G36009100621,1980,New York,36,Saratoga,091,,,,0621,,,,Tract  621,1562,3,0,3,4
G36009100622,1980,New York,36,Saratoga,091,,,,0622,,,,Tract  622,3056,6,0,0,4
G36009100623,1980,New York,36,Saratoga,091,,,,0623,,,,Tract  623,2415,6,8,1,4
G3600910062401,1980,New York,36,Saratoga,091,,,,062401,,,,Tract  624.01,2650,2,3,2,3
G3600910062402,1980,New York,36,Saratoga,091,,,,062402,,,,Tract  624.02,5544,20,23,25,5
G3600910062403,1980,New York,36,Saratoga,091,,,,062403,,,,Tract  624.03,3569,9,3,2,0
G3600910062501,1980,New York,36,Saratoga,091,,,,062501,,,,Tract  625.01,3215,32,0,19,5
G3600910062502,1980,New York,36,Saratoga,091,,,,062502,,,,Tract  625.02,5044,31,4,112,6
G3600910062503,1980,New York,36,Saratoga,091,,,,062503,,,,Tract  625.03,5507,46,4,64,15
G3600910062504,1980,New York,36,Saratoga,091,,,,062504,,,,Tract  625.04,5235,56,1,48,5
G3600910062601,1980,New York,36,Saratoga,091,,,,062601,,,,Tract  626.01,2224,5,1,5,1
G3600910062602,1980,New York,36,Saratoga,091,,,,062602,,,,Tract  626.02,2282,6,1,12,3
G36009100627,1980,New York,36,Saratoga,091,,,,0627,,,,Tract  627,4759,6,2,9,13
G36009100628,1980,New York,36,Saratoga,091,,,,0628,,,,Tract  628,2399,2,1,2,1
G36009300201,1980,New York,36,Schenectady,093,,,,0201,,,,Tract  201,4645,189,0,75,54
G36009300202,1980,New York,36,Schenectady,093,,,,0202,,,,Tract  202,2583,58,2,2,1
G36009300203,1980,New York,36,Schenectady,093,,,,0203,,,,Tract  203,1276,62,3,12,12
G36009300204,1980,New York,36,Schenectady,093,,,,0204,,,,Tract  204,3391,46,1,35,15
G36009300205,1980,New York,36,Schenectady,093,,,,0205,,,,Tract  205,5104,45,7,10,18
G36009300206,1980,New York,36,Schenectady,093,,,,0206,,,,Tract  206,3158,67,0,1,27
G36009300207,1980,New York,36,Schenectady,093,,,,0207,,,,Tract  207,5104,266,15,48,31
G36009300208,1980,New York,36,Schenectady,093,,,,0208,,,,Tract  208,3587,443,15,8,26
G36009300209,1980,New York,36,Schenectady,093,,,,0209,,,,Tract  209,3073,1116,18,14,58
G3600930021001,1980,New York,36,Schenectady,093,,,,021001,,,,Tract  210.01,786,64,3,24,10
G3600930021002,1980,New York,36,Schenectady,093,,,,021002,,,,Tract  210.02,1846,749,13,5,35
G3600930021101,1980,New York,36,Schenectady,093,,,,021101,,,,Tract  211.01,1108,23,0,9,3
G3600930021102,1980,New York,36,Schenectady,093,,,,021102,,,,Tract  211.02,362,7,0,1,6
G3600930021103,1980,New York,36,Schenectady,093,,,,021103,,,,Tract  211.03,316,24,1,0,2
G36009300212,1980,New York,36,Schenectady,093,,,,0212,,,,Tract  212,3167,37,5,5,9
G36009300213,1980,New York,36,Schenectady,093,,,,0213,,,,Tract  213,3802,28,4,9,10
G36009300214,1980,New York,36,Schenectady,093,,,,0214,,,,Tract  214,3284,79,5,7,11
G36009300215,1980,New York,36,Schenectady,093,,,,0215,,,,Tract  215,2900,24,11,4,7
G36009300216,1980,New York,36,Schenectady,093,,,,0216,,,,Tract  216,3802,28,0,4,3
G36009300217,1980,New York,36,Schenectady,093,,,,0217,,,,Tract  217,3831,432,18,24,30
G36009300218,1980,New York,36,Schenectady,093,,,,0218,,,,Tract  218,5818,345,9,67,35
G36009300319,1980,New York,36,Schenectady,093,,,,0319,,,,Tract  319,5483,98,2,150,36
G36009300320,1980,New York,36,Schenectady,093,,,,0320,,,,Tract  320,5128,51,0,36,8
G36009300321,1980,New York,36,Schenectady,093,,,,0321,,,,Tract  321,6141,86,3,212,37
G36009300322,1980,New York,36,Schenectady,093,,,,0322,,,,Tract  322,4194,21,2,8,3
G36009300323,1980,New York,36,Schenectady,093,,,,0323,,,,Tract  323,3027,7,3,9,6
G3600930032401,1980,New York,36,Schenectady,093,,,,032401,,,,Tract  324.01,8224,26,8,70,10
G3600930032402,1980,New York,36,Schenectady,093,,,,032402,,,,Tract  324.02,2250,20,0,35,0
G3600930032501,1980,New York,36,Schenectady,093,,,,032501,,,,Tract  325.01,6295,25,8,31,5
G3600930032502,1980,New York,36,Schenectady,093,,,,032502,,,,Tract  325.02,4170,27,3,26,6
G36009300326,1980,New York,36,Schenectady,093,,,,0326,,,,Tract  326,4783,19,10,9,17
G36009300327,1980,New York,36,Schenectady,093,,,,0327,,,,Tract  327,4249,14,1,9,11
G36009300328,1980,New York,36,Schenectady,093,,,,0328,,,,Tract  328,2456,21,2,1,9
G3600930032901,1980,New York,36,Schenectady,093,,,,032901,,,,Tract  329.01,4254,15,0,11,7
G3600930032902,1980,New York,36,Schenectady,093,,,,032902,,,,Tract  329.02,4979,26,0,15,8
G3600930033001,1980,New York,36,Schenectady,093,,,,033001,,,,Tract  330.01,6801,66,12,24,27
G3600930033002,1980,New York,36,Schenectady,093,,,,033002,,,,Tract  330.02,1580,8,0,1,6
G3600930033101,1980,New York,36,Schenectady,093,,,,033101,,,,Tract  331.01,1796,3,2,3,0
G3600930033102,1980,New York,36,Schenectady,093,,,,033102,,,,Tract  331.02,4686,17,11,8,7
G36009509901,1980,New York,36,Schoharie,095,,,,9901,,,,Tract 9901,2468,9,3,6,5
G36009509902,1980,New York,36,Schoharie,095,,,,9902,,,,Tract 9902,2496,4,4,2,7
G36009509903,1980,New York,36,Schoharie,095,,,,9903,,,,Tract 9903,1635,2,2,7,0
G36009509904,1980,New York,36,Schoharie,095,,,,9904,,,,Tract 9904,5633,62,8,12,23
G36009509905,1980,New York,36,Schoharie,095,,,,9905,,,,Tract 9905,2987,15,3,17,20
G36009509906,1980,New York,36,Schoharie,095,,,,9906,,,,Tract 9906,1688,10,0,2,12
G36009509907,1980,New York,36,Schoharie,095,,,,9907,,,,Tract 9907,1675,1,4,1,1
G36009509908,1980,New York,36,Schoharie,095,,,,9908,,,,Tract 9908,1910,9,0,2,0
G36009509909,1980,New York,36,Schoharie,095,,,,9909,,,,Tract 9909,2720,18,7,3,4
G36009509910,1980,New York,36,Schoharie,095,,,,9910,,,,Tract 9910,2462,100,6,4,22
G36009509911,1980,New York,36,Schoharie,095,,,,9911,,,,Tract 9911,2191,2,9,1,4
G36009509912,1980,New York,36,Schoharie,095,,,,9912,,,,Tract 9912,1382,20,7,2,1
G36009709901,1980,New York,36,Schuyler,097,,,,9901,,,,Tract 9901,3776,5,13,11,8
G36009709902,1980,New York,36,Schuyler,097,,,,9902,,,,Tract 9902,4066,11,4,2,9
G36009709903,1980,New York,36,Schuyler,097,,,,9903,,,,Tract 9903,5034,49,18,5,17
G36009709904,1980,New York,36,Schuyler,097,,,,9904,,,,Tract 9904,2842,7,2,3,6
G36009709905,1980,New York,36,Schuyler,097,,,,9905,,,,Tract 9905,1790,0,1,3,4
G36009909901,1980,New York,36,Seneca,099,,,,9901,,,,Tract 9901,6884,28,9,5,19
G36009909902,1980,New York,36,Seneca,099,,,,9902,,,,Tract 9902,5880,36,7,24,9
G36009909903,1980,New York,36,Seneca,099,,,,9903,,,,Tract 9903,4604,12,0,25,12
G36009909904,1980,New York,36,Seneca,099,,,,9904,,,,Tract 9904,4432,52,6,14,14
G36009909905,1980,New York,36,Seneca,099,,,,9905,,,,Tract 9905,4652,145,5,46,22
G36009909906,1980,New York,36,Seneca,099,,,,9906,,,,Tract 9906,2930,6,10,1,0
G36009909907,1980,New York,36,Seneca,099,,,,9907,,,,Tract 9907,3731,58,13,27,15
G36010109901,1980,New York,36,Steuben,101,,,,9901,,,,Tract 9901,4294,23,8,8,7
G36010109902,1980,New York,36,Steuben,101,,,,9902,,,,Tract 9902,5245,90,13,16,13
G36010109903,1980,New York,36,Steuben,101,,,,9903,,,,Tract 9903,3089,29,2,12,8
G36010109904,1980,New York,36,Steuben,101,,,,9904,,,,Tract 9904,4193,11,5,5,4
G36010109905,1980,New York,36,Steuben,101,,,,9905,,,,Tract 9905,4847,50,1,16,8
G36010109906,1980,New York,36,Steuben,101,,,,9906,,,,Tract 9906,5605,67,7,8,14
G36010109907,1980,New York,36,Steuben,101,,,,9907,,,,Tract 9907,3125,48,1,1,4
G36010109908,1980,New York,36,Steuben,101,,,,9908,,,,Tract 9908,4899,69,6,15,7
G36010109909,1980,New York,36,Steuben,101,,,,9909,,,,Tract 9909,4447,54,7,19,16
G36010109910,1980,New York,36,Steuben,101,,,,9910,,,,Tract 9910,4681,16,6,20,8
G36010109911,1980,New York,36,Steuben,101,,,,9911,,,,Tract 9911,3205,12,8,6,2
G36010109912,1980,New York,36,Steuben,101,,,,9912,,,,Tract 9912,4297,8,8,10,4
G36010109913,1980,New York,36,Steuben,101,,,,9913,,,,Tract 9913,3710,11,1,7,10
G36010109914,1980,New York,36,Steuben,101,,,,9914,,,,Tract 9914,3372,3,5,2,9
G36010109915,1980,New York,36,Steuben,101,,,,9915,,,,Tract 9915,6603,8,11,6,6
G36010109916,1980,New York,36,Steuben,101,,,,9916,,,,Tract 9916,6330,14,15,9,9
G36010109917,1980,New York,36,Steuben,101,,,,9917,,,,Tract 9917,6025,45,2,78,41
G36010109918,1980,New York,36,Steuben,101,,,,9918,,,,Tract 9918,3895,36,3,11,23
G36010109919,1980,New York,36,Steuben,101,,,,9919,,,,Tract 9919,3663,23,4,13,3
G36010109920,1980,New York,36,Steuben,101,,,,9920,,,,Tract 9920,2461,63,1,4,8
G36010109921,1980,New York,36,Steuben,101,,,,9921,,,,Tract 9921,3785,176,25,26,16
G36010109922,1980,New York,36,Steuben,101,,,,9922,,,,Tract 9922,5782,37,3,29,6
G3601030110101,1980,New York,36,Suffolk,103,,,,110101,,,,Tract 1101.01,3366,17,5,14,3
G3601030110102,1980,New York,36,Suffolk,103,,,,110102,,,,Tract 1101.02,5258,21,0,41,16
G36010301102,1980,New York,36,Suffolk,103,,,,1102,,,,Tract 1102,5418,34,1,41,6
G36010301103,1980,New York,36,Suffolk,103,,,,1103,,,,Tract 1103,5593,34,5,44,50
G3601030110401,1980,New York,36,Suffolk,103,,,,110401,,,,Tract 1104.01,3089,3,0,19,6
G3601030110402,1980,New York,36,Suffolk,103,,,,110402,,,,Tract 1104.02,3307,2,1,9,7
G3601030110501,1980,New York,36,Suffolk,103,,,,110501,,,,Tract 1105.01,3219,9,0,11,11
G3601030110502,1980,New York,36,Suffolk,103,,,,110502,,,,Tract 1105.02,2725,14,1,10,2
G36010301106,1980,New York,36,Suffolk,103,,,,1106,,,,Tract 1106,7571,25,3,27,25
G36010301107,1980,New York,36,Suffolk,103,,,,1107,,,,Tract 1107,578,60,1,9,2
G3601030110801,1980,New York,36,Suffolk,103,,,,110801,,,,Tract 1108.01,2238,6,1,10,12
G3601030110802,1980,New York,36,Suffolk,103,,,,110802,,,,Tract 1108.02,5717,14,0,27,2
G3601030110901,1980,New York,36,Suffolk,103,,,,110901,,,,Tract 1109.01,2749,93,7,15,11
G3601030110902,1980,New York,36,Suffolk,103,,,,110902,,,,Tract 1109.02,3081,716,1,67,72
G3601030111001,1980,New York,36,Suffolk,103,,,,111001,,,,Tract 1110.01,1539,319,7,15,20
G3601030111002,1980,New York,36,Suffolk,103,,,,111002,,,,Tract 1110.02,2795,599,6,51,67
G36010301111,1980,New York,36,Suffolk,103,,,,1111,,,,Tract 1111,5111,1230,10,60,57
G3601030111201,1980,New York,36,Suffolk,103,,,,111201,,,,Tract 1112.01,2683,329,6,21,50
G3601030111202,1980,New York,36,Suffolk,103,,,,111202,,,,Tract 1112.02,4610,17,5,32,19
G36010301113,1980,New York,36,Suffolk,103,,,,1113,,,,Tract 1113,4289,47,5,41,10
G3601030111401,1980,New York,36,Suffolk,103,,,,111401,,,,Tract 1114.01,1483,47,1,16,18
G3601030111402,1980,New York,36,Suffolk,103,,,,111402,,,,Tract 1114.02,5407,20,3,54,25
G3601030111503,1980,New York,36,Suffolk,103,,,,111503,,,,Tract 1115.03,4282,326,7,58,27
G3601030111504,1980,New York,36,Suffolk,103,,,,111504,,,,Tract 1115.04,1471,10,0,19,5
G3601030111505,1980,New York,36,Suffolk,103,,,,111505,,,,Tract 1115.05,4820,1480,6,44,67
G3601030111506,1980,New York,36,Suffolk,103,,,,111506,,,,Tract 1115.06,2412,328,9,30,21
G3601030111601,1980,New York,36,Suffolk,103,,,,111601,,,,Tract 1116.01,4332,10,3,23,13
G3601030111602,1980,New York,36,Suffolk,103,,,,111602,,,,Tract 1116.02,3346,11,4,14,17
G3601030111701,1980,New York,36,Suffolk,103,,,,111701,,,,Tract 1117.01,5295,0,4,59,27
G3601030111703,1980,New York,36,Suffolk,103,,,,111703,,,,Tract 1117.03,3261,28,1,44,20
G3601030111704,1980,New York,36,Suffolk,103,,,,111704,,,,Tract 1117.04,3637,11,2,20,5
G3601030111801,1980,New York,36,Suffolk,103,,,,111801,,,,Tract 1118.01,5984,21,1,122,8
G3601030111802,1980,New York,36,Suffolk,103,,,,111802,,,,Tract 1118.02,3503,5,0,37,11
G3601030111803,1980,New York,36,Suffolk,103,,,,111803,,,,Tract 1118.03,3133,8,0,48,3
G3601030111804,1980,New York,36,Suffolk,103,,,,111804,,,,Tract 1118.04,2446,18,6,27,8
G36010301119,1980,New York,36,Suffolk,103,,,,1119,,,,Tract 1119,5947,13,3,90,18
G3601030112001,1980,New York,36,Suffolk,103,,,,112001,,,,Tract 1120.01,4874,12,1,44,6
G3601030112002,1980,New York,36,Suffolk,103,,,,112002,,,,Tract 1120.02,5221,23,1,38,26
G3601030112102,1980,New York,36,Suffolk,103,,,,112102,,,,Tract 1121.02,4169,51,1,75,4
G3601030112103,1980,New York,36,Suffolk,103,,,,112103,,,,Tract 1121.03,4395,0,1,21,17
G3601030112104,1980,New York,36,Suffolk,103,,,,112104,,,,Tract 1121.04,3121,23,2,42,6
G3601030112204,1980,New York,36,Suffolk,103,,,,112204,,,,Tract 1122.04,4539,5,2,53,9
G3601030112205,1980,New York,36,Suffolk,103,,,,112205,,,,Tract 1122.05,0,0,0,0,0
G3601030112206,1980,New York,36,Suffolk,103,,,,112206,,,,Tract 1122.06,3246,35,0,47,18
G3601030112207,1980,New York,36,Suffolk,103,,,,112207,,,,Tract 1122.07,4516,122,15,108,32
G3601030112208,1980,New York,36,Suffolk,103,,,,112208,,,,Tract 1122.08,2010,211,0,11,9
G3601030112209,1980,New York,36,Suffolk,103,,,,112209,,,,Tract 1122.09,8197,153,0,286,35
G3601030112210,1980,New York,36,Suffolk,103,,,,112210,,,,Tract 1122.10,6674,149,10,149,28
G3601030112211,1980,New York,36,Suffolk,103,,,,112211,,,,Tract 1122.11,4752,47,8,106,11
G36010301223,1980,New York,36,Suffolk,103,,,,1223,,,,Tract 1223,3971,216,6,78,109
G3601030122403,1980,New York,36,Suffolk,103,,,,122403,,,,Tract 1224.03,1572,776,5,4,51
G3601030122404,1980,New York,36,Suffolk,103,,,,122404,,,,Tract 1224.04,3590,4,3,9,4
G3601030122405,1980,New York,36,Suffolk,103,,,,122405,,,,Tract 1224.05,2055,1158,19,57,80
G3601030122406,1980,New York,36,Suffolk,103,,,,122406,,,,Tract 1224.06,383,3029,19,15,260
G3601030122501,1980,New York,36,Suffolk,103,,,,122501,,,,Tract 1225.01,123,3048,24,2,72
G3601030122502,1980,New York,36,Suffolk,103,,,,122502,,,,Tract 1225.02,193,4089,19,19,60
G3601030122601,1980,New York,36,Suffolk,103,,,,122601,,,,Tract 1226.01,6447,19,7,43,31
G3601030122602,1980,New York,36,Suffolk,103,,,,122602,,,,Tract 1226.02,5471,9,1,12,18
G3601030122603,1980,New York,36,Suffolk,103,,,,122603,,,,Tract 1226.03,6271,2,6,25,16
G3601030122704,1980,New York,36,Suffolk,103,,,,122704,,,,Tract 1227.04,1837,348,10,23,30
G3601030122705,1980,New York,36,Suffolk,103,,,,122705,,,,Tract 1227.05,3405,32,1,26,38
G3601030122706,1980,New York,36,Suffolk,103,,,,122706,,,,Tract 1227.06,4503,5,10,66,20
G3601030122707,1980,New York,36,Suffolk,103,,,,122707,,,,Tract 1227.07,3239,31,1,17,39
G3601030122801,1980,New York,36,Suffolk,103,,,,122801,,,,Tract 1228.01,2991,2016,19,27,65
G3601030122802,1980,New York,36,Suffolk,103,,,,122802,,,,Tract 1228.02,4203,24,1,29,7
G3601030122901,1980,New York,36,Suffolk,103,,,,122901,,,,Tract 1229.01,5775,1,6,5,12
G3601030122902,1980,New York,36,Suffolk,103,,,,122902,,,,Tract 1229.02,4047,13,1,19,19
G3601030123001,1980,New York,36,Suffolk,103,,,,123001,,,,Tract 1230.01,6001,20,11,26,23
G3601030123002,1980,New York,36,Suffolk,103,,,,123002,,,,Tract 1230.02,4735,65,4,43,45
G3601030123101,1980,New York,36,Suffolk,103,,,,123101,,,,Tract 1231.01,3742,26,4,25,26
G3601030123102,1980,New York,36,Suffolk,103,,,,123102,,,,Tract 1231.02,4534,23,4,28,23
G3601030123201,1980,New York,36,Suffolk,103,,,,123201,,,,Tract 1232.01,453,657,12,6,14
G3601030123202,1980,New York,36,Suffolk,103,,,,123202,,,,Tract 1232.02,416,5019,46,5,100
G3601030123301,1980,New York,36,Suffolk,103,,,,123301,,,,Tract 1233.01,2088,3797,29,36,93
G3601030123302,1980,New York,36,Suffolk,103,,,,123302,,,,Tract 1233.02,18,1459,16,2,59
G3601030123401,1980,New York,36,Suffolk,103,,,,123401,,,,Tract 1234.01,3705,119,1,15,35
G3601030123402,1980,New York,36,Suffolk,103,,,,123402,,,,Tract 1234.02,7327,216,7,30,56
G36010301235,1980,New York,36,Suffolk,103,,,,1235,,,,Tract 1235,4408,581,9,31,63
G36010301236,1980,New York,36,Suffolk,103,,,,1236,,,,Tract 1236,3939,15,3,9,18
G3601030123701,1980,New York,36,Suffolk,103,,,,123701,,,,Tract 1237.01,3691,704,15,11,196
G3601030123702,1980,New York,36,Suffolk,103,,,,123702,,,,Tract 1237.02,7156,26,3,32,60
G3601030123801,1980,New York,36,Suffolk,103,,,,123801,,,,Tract 1238.01,4139,27,4,18,26
G3601030123802,1980,New York,36,Suffolk,103,,,,123802,,,,Tract 1238.02,4008,0,0,12,4
G36010301239,1980,New York,36,Suffolk,103,,,,1239,,,,Tract 1239,5089,16,4,24,18
G3601030124001,1980,New York,36,Suffolk,103,,,,124001,,,,Tract 1240.01,4761,11,1,25,4
G3601030124002,1980,New York,36,Suffolk,103,,,,124002,,,,Tract 1240.02,3480,3,1,12,23
G3601030124101,1980,New York,36,Suffolk,103,,,,124101,,,,Tract 1241.01,4293,8,9,5,16
G3601030124102,1980,New York,36,Suffolk,103,,,,124102,,,,Tract 1241.02,3288,1,0,15,12
G36010301242,1980,New York,36,Suffolk,103,,,,1242,,,,Tract 1242,5750,5,3,18,24
G36010301243,1980,New York,36,Suffolk,103,,,,1243,,,,Tract 1243,5957,215,15,59,27
G3601030124401,1980,New York,36,Suffolk,103,,,,124401,,,,Tract 1244.01,3234,10,4,23,14
G3601030124402,1980,New York,36,Suffolk,103,,,,124402,,,,Tract 1244.02,3692,0,0,6,7
G36010301245,1980,New York,36,Suffolk,103,,,,1245,,,,Tract 1245,4570,302,11,36,46
G3601030124601,1980,New York,36,Suffolk,103,,,,124601,,,,Tract 1246.01,3006,4,0,15,5
G3601030124602,1980,New York,36,Suffolk,103,,,,124602,,,,Tract 1246.02,4280,56,10,16,31
G3601030134701,1980,New York,36,Suffolk,103,,,,134701,,,,Tract 1347.01,6520,36,5,120,20
G3601030134702,1980,New York,36,Suffolk,103,,,,134702,,,,Tract 1347.02,5189,4,4,24,11
G36010301348,1980,New York,36,Suffolk,103,,,,1348,,,,Tract 1348,2094,452,1,59,75
G3601030134902,1980,New York,36,Suffolk,103,,,,134902,,,,Tract 1349.02,4650,9,0,44,15
G3601030134903,1980,New York,36,Suffolk,103,,,,134903,,,,Tract 1349.03,1436,5,0,12,2
G3601030134904,1980,New York,36,Suffolk,103,,,,134904,,,,Tract 1349.04,5952,43,1,39,29
G3601030134905,1980,New York,36,Suffolk,103,,,,134905,,,,Tract 1349.05,4124,12,0,47,15
G3601030134906,1980,New York,36,Suffolk,103,,,,134906,,,,Tract 1349.06,5897,18,9,57,18
G3601030135002,1980,New York,36,Suffolk,103,,,,135002,,,,Tract 1350.02,5525,21,6,18,21
G3601030135003,1980,New York,36,Suffolk,103,,,,135003,,,,Tract 1350.03,3767,6,7,10,4
G3601030135004,1980,New York,36,Suffolk,103,,,,135004,,,,Tract 1350.04,2425,11,2,17,30
G3601030135005,1980,New York,36,Suffolk,103,,,,135005,,,,Tract 1350.05,2710,5,0,13,9
G3601030135101,1980,New York,36,Suffolk,103,,,,135101,,,,Tract 1351.01,4531,28,1,56,12
G3601030135102,1980,New York,36,Suffolk,103,,,,135102,,,,Tract 1351.02,4493,6,0,22,13
G3601030135103,1980,New York,36,Suffolk,103,,,,135103,,,,Tract 1351.03,4459,8,0,25,18
G3601030135104,1980,New York,36,Suffolk,103,,,,135104,,,,Tract 1351.04,4446,13,2,26,17
G3601030135201,1980,New York,36,Suffolk,103,,,,135201,,,,Tract 1352.01,2463,2,0,8,7
G3601030135202,1980,New York,36,Suffolk,103,,,,135202,,,,Tract 1352.02,4787,10,1,29,4
G3601030135204,1980,New York,36,Suffolk,103,,,,135204,,,,Tract 1352.04,4706,6,2,15,19
G3601030135205,1980,New York,36,Suffolk,103,,,,135205,,,,Tract 1352.05,6164,11,6,65,5
G3601030135206,1980,New York,36,Suffolk,103,,,,135206,,,,Tract 1352.06,2001,5,0,36,4
G3601030135301,1980,New York,36,Suffolk,103,,,,135301,,,,Tract 1353.01,3751,10,4,13,14
G3601030135303,1980,New York,36,Suffolk,103,,,,135303,,,,Tract 1353.03,4372,2,6,20,5
G3601030135304,1980,New York,36,Suffolk,103,,,,135304,,,,Tract 1353.04,3206,11,2,13,2
G3601030135401,1980,New York,36,Suffolk,103,,,,135401,,,,Tract 1354.01,4635,26,0,49,11
G3601030135402,1980,New York,36,Suffolk,103,,,,135402,,,,Tract 1354.02,5883,21,4,58,19
G3601030135403,1980,New York,36,Suffolk,103,,,,135403,,,,Tract 1354.03,4290,5,1,27,16
G36010301455,1980,New York,36,Suffolk,103,,,,1455,,,,Tract 1455,3134,561,4,85,81
G3601030145601,1980,New York,36,Suffolk,103,,,,145601,,,,Tract 1456.01,4778,59,0,18,58
G3601030145602,1980,New York,36,Suffolk,103,,,,145602,,,,Tract 1456.02,4725,168,1,31,123
G3601030145603,1980,New York,36,Suffolk,103,,,,145603,,,,Tract 1456.03,2197,1210,37,42,987
G3601030145604,1980,New York,36,Suffolk,103,,,,145604,,,,Tract 1456.04,2461,259,5,31,360
G3601030145605,1980,New York,36,Suffolk,103,,,,145605,,,,Tract 1456.05,2403,76,4,40,150
G3601030145701,1980,New York,36,Suffolk,103,,,,145701,,,,Tract 1457.01,5398,76,2,32,31
G3601030145702,1980,New York,36,Suffolk,103,,,,145702,,,,Tract 1457.02,3598,380,20,25,253
G3601030145703,1980,New York,36,Suffolk,103,,,,145703,,,,Tract 1457.03,3678,329,0,31,235
G3601030145704,1980,New York,36,Suffolk,103,,,,145704,,,,Tract 1457.04,5251,494,10,47,248
G3601030145803,1980,New York,36,Suffolk,103,,,,145803,,,,Tract 1458.03,4541,61,0,27,28
G3601030145804,1980,New York,36,Suffolk,103,,,,145804,,,,Tract 1458.04,2209,95,0,28,30
G3601030145805,1980,New York,36,Suffolk,103,,,,145805,,,,Tract 1458.05,5407,16,2,41,14
G3601030145806,1980,New York,36,Suffolk,103,,,,145806,,,,Tract 1458.06,8092,12,2,38,29
G3601030145901,1980,New York,36,Suffolk,103,,,,145901,,,,Tract 1459.01,2747,199,5,12,74
G3601030145902,1980,New York,36,Suffolk,103,,,,145902,,,,Tract 1459.02,4641,771,19,19,407
G3601030145903,1980,New York,36,Suffolk,103,,,,145903,,,,Tract 1459.03,5342,101,4,33,27
G3601030146001,1980,New York,36,Suffolk,103,,,,146001,,,,Tract 1460.01,2149,515,14,20,332
G3601030146002,1980,New York,36,Suffolk,103,,,,146002,,,,Tract 1460.02,2729,607,7,7,792
G3601030146003,1980,New York,36,Suffolk,103,,,,146003,,,,Tract 1460.03,3267,1247,7,38,160
G3601030146102,1980,New York,36,Suffolk,103,,,,146102,,,,Tract 1461.02,2023,65,0,15,42
G3601030146103,1980,New York,36,Suffolk,103,,,,146103,,,,Tract 1461.03,5070,199,4,36,101
G3601030146104,1980,New York,36,Suffolk,103,,,,146104,,,,Tract 1461.04,2868,250,1,28,96
G3601030146105,1980,New York,36,Suffolk,103,,,,146105,,,,Tract 1461.05,4469,190,10,38,215
G3601030146201,1980,New York,36,Suffolk,103,,,,146201,,,,Tract 1462.01,3337,346,0,17,176
G3601030146202,1980,New York,36,Suffolk,103,,,,146202,,,,Tract 1462.02,719,2248,13,16,196
G3601030146203,1980,New York,36,Suffolk,103,,,,146203,,,,Tract 1462.03,2290,1170,26,22,349
G3601030146204,1980,New York,36,Suffolk,103,,,,146204,,,,Tract 1462.04,3999,536,15,15,186
G3601030146205,1980,New York,36,Suffolk,103,,,,146205,,,,Tract 1462.05,2277,31,1,10,21
G3601030146206,1980,New York,36,Suffolk,103,,,,146206,,,,Tract 1462.06,1935,72,1,18,62
G36010301463,1980,New York,36,Suffolk,103,,,,1463,,,,Tract 1463,1827,320,6,37,4
G3601030146401,1980,New York,36,Suffolk,103,,,,146401,,,,Tract 1464.01,2710,492,6,33,154
G3601030146402,1980,New York,36,Suffolk,103,,,,146402,,,,Tract 1464.02,3881,9,1,16,45
G3601030146403,1980,New York,36,Suffolk,103,,,,146403,,,,Tract 1464.03,2969,754,11,26,309
G36010301465,1980,New York,36,Suffolk,103,,,,1465,,,,Tract 1465,5515,6,1,27,39
G3601030146604,1980,New York,36,Suffolk,103,,,,146604,,,,Tract 1466.04,4735,35,0,24,26
G3601030146605,1980,New York,36,Suffolk,103,,,,146605,,,,Tract 1466.05,1201,2,6,3,7
G3601030146606,1980,New York,36,Suffolk,103,,,,146606,,,,Tract 1466.06,7595,13,1,30,48
G3601030146607,1980,New York,36,Suffolk,103,,,,146607,,,,Tract 1466.07,1612,3,0,2,4
G3601030146608,1980,New York,36,Suffolk,103,,,,146608,,,,Tract 1466.08,1967,14,1,7,7
G3601030146609,1980,New York,36,Suffolk,103,,,,146609,,,,Tract 1466.09,8578,35,10,16,47
G3601030146610,1980,New York,36,Suffolk,103,,,,146610,,,,Tract 1466.10,8106,310,4,277,104
G3601030146611,1980,New York,36,Suffolk,103,,,,146611,,,,Tract 1466.11,2378,27,0,12,25
G3601030146703,1980,New York,36,Suffolk,103,,,,146703,,,,Tract 1467.03,4087,31,8,15,62
G3601030146704,1980,New York,36,Suffolk,103,,,,146704,,,,Tract 1467.04,2215,1,3,3,0
G3601030146705,1980,New York,36,Suffolk,103,,,,146705,,,,Tract 1467.05,4127,11,4,18,4
G3601030146706,1980,New York,36,Suffolk,103,,,,146706,,,,Tract 1467.06,2824,0,3,17,20
G36010301468,1980,New York,36,Suffolk,103,,,,1468,,,,Tract 1468,5977,2,3,17,23
G3601030146901,1980,New York,36,Suffolk,103,,,,146901,,,,Tract 1469.01,5799,2,8,40,16
G3601030146902,1980,New York,36,Suffolk,103,,,,146902,,,,Tract 1469.02,4447,3,0,31,7
G3601030147001,1980,New York,36,Suffolk,103,,,,147001,,,,Tract 1470.01,3863,6,2,23,14
G3601030147002,1980,New York,36,Suffolk,103,,,,147002,,,,Tract 1470.02,5468,13,7,38,18
G36010301471,1980,New York,36,Suffolk,103,,,,1471,,,,Tract 1471,3250,7,1,21,7
G36010301472,1980,New York,36,Suffolk,103,,,,1472,,,,Tract 1472,4827,227,6,18,114
G36010301473,1980,New York,36,Suffolk,103,,,,1473,,,,Tract 1473,4595,837,27,29,97
G3601030147399,1980,New York,36,Suffolk,103,,,,147399,,,,Tract 1473.99,7,0,0,0,0
G3601030147401,1980,New York,36,Suffolk,103,,,,147401,,,,Tract 1474.01,4976,181,7,45,84
G3601030147402,1980,New York,36,Suffolk,103,,,,147402,,,,Tract 1474.02,3689,6,2,17,3
G3601030147501,1980,New York,36,Suffolk,103,,,,147501,,,,Tract 1475.01,6698,25,12,28,46
G3601030147502,1980,New York,36,Suffolk,103,,,,147502,,,,Tract 1475.02,4581,2,5,22,16
G3601030147503,1980,New York,36,Suffolk,103,,,,147503,,,,Tract 1475.03,4013,0,3,29,3
G3601030147601,1980,New York,36,Suffolk,103,,,,147601,,,,Tract 1476.01,2727,47,3,23,14
G3601030147602,1980,New York,36,Suffolk,103,,,,147602,,,,Tract 1476.02,5198,34,3,29,12
G3601030147701,1980,New York,36,Suffolk,103,,,,147701,,,,Tract 1477.01,3351,11,1,10,3
G3601030147702,1980,New York,36,Suffolk,103,,,,147702,,,,Tract 1477.02,4750,12,5,22,20
G3601030147802,1980,New York,36,Suffolk,103,,,,147802,,,,Tract 1478.02,4363,40,11,14,32
G3601030147803,1980,New York,36,Suffolk,103,,,,147803,,,,Tract 1478.03,2015,0,1,12,2
G3601030147804,1980,New York,36,Suffolk,103,,,,147804,,,,Tract 1478.04,5474,18,2,8,21
G3601030147901,1980,New York,36,Suffolk,103,,,,147901,,,,Tract 1479.01,4775,27,5,15,18
G3601030147902,1980,New York,36,Suffolk,103,,,,147902,,,,Tract 1479.02,4395,10,0,28,9
G3601030158001,1980,New York,36,Suffolk,103,,,,158001,,,,Tract 1580.01,3827,15,8,67,22
G3601030158002,1980,New York,36,Suffolk,103,,,,158002,,,,Tract 1580.02,5856,107,7,104,28
G3601030158005,1980,New York,36,Suffolk,103,,,,158005,,,,Tract 1580.05,5682,99,3,131,78
G3601030158006,1980,New York,36,Suffolk,103,,,,158006,,,,Tract 1580.06,6440,85,7,121,29
G3601030158007,1980,New York,36,Suffolk,103,,,,158007,,,,Tract 1580.07,4765,427,10,875,161
G3601030158008,1980,New York,36,Suffolk,103,,,,158008,,,,Tract 1580.08,734,4,0,32,4
G3601030158009,1980,New York,36,Suffolk,103,,,,158009,,,,Tract 1580.09,2496,11,6,64,20
G3601030158102,1980,New York,36,Suffolk,103,,,,158102,,,,Tract 1581.02,3426,81,1,24,45
G3601030158103,1980,New York,36,Suffolk,103,,,,158103,,,,Tract 1581.03,3038,209,7,16,36
G3601030158104,1980,New York,36,Suffolk,103,,,,158104,,,,Tract 1581.04,5866,51,1,12,22
G3601030158107,1980,New York,36,Suffolk,103,,,,158107,,,,Tract 1581.07,2888,29,2,48,5
G3601030158108,1980,New York,36,Suffolk,103,,,,158108,,,,Tract 1581.08,2140,32,0,35,25
G3601030158110,1980,New York,36,Suffolk,103,,,,158110,,,,Tract 1581.10,2034,19,0,25,13
G3601030158111,1980,New York,36,Suffolk,103,,,,158111,,,,Tract 1581.11,5268,55,3,30,46
G3601030158112,1980,New York,36,Suffolk,103,,,,158112,,,,Tract 1581.12,3925,47,0,27,20
G3601030158113,1980,New York,36,Suffolk,103,,,,158113,,,,Tract 1581.13,1274,64,0,12,6
G3601030158114,1980,New York,36,Suffolk,103,,,,158114,,,,Tract 1581.14,3136,37,8,24,19
G3601030158115,1980,New York,36,Suffolk,103,,,,158115,,,,Tract 1581.15,7232,150,10,128,38
G3601030158202,1980,New York,36,Suffolk,103,,,,158202,,,,Tract 1582.02,7174,68,2,63,71
G3601030158203,1980,New York,36,Suffolk,103,,,,158203,,,,Tract 1582.03,1615,0,0,36,10
G3601030158204,1980,New York,36,Suffolk,103,,,,158204,,,,Tract 1582.04,7289,93,14,85,76
G3601030158205,1980,New York,36,Suffolk,103,,,,158205,,,,Tract 1582.05,1217,33,0,15,12
G3601030158299,1980,New York,36,Suffolk,103,,,,158299,,,,Tract 1582.99,0,0,0,0,0
G3601030158304,1980,New York,36,Suffolk,103,,,,158304,,,,Tract 1583.04,5474,22,1,26,11
G3601030158305,1980,New York,36,Suffolk,103,,,,158305,,,,Tract 1583.05,7968,23,8,56,16
G3601030158306,1980,New York,36,Suffolk,103,,,,158306,,,,Tract 1583.06,3933,68,0,40,66
G3601030158308,1980,New York,36,Suffolk,103,,,,158308,,,,Tract 1583.08,6182,93,7,52,73
G3601030158309,1980,New York,36,Suffolk,103,,,,158309,,,,Tract 1583.09,3039,85,0,23,7
G3601030158310,1980,New York,36,Suffolk,103,,,,158310,,,,Tract 1583.10,2161,29,3,3,12
G3601030158311,1980,New York,36,Suffolk,103,,,,158311,,,,Tract 1583.11,3457,45,6,21,21
G3601030158312,1980,New York,36,Suffolk,103,,,,158312,,,,Tract 1583.12,336,9,0,1,0
G3601030158313,1980,New York,36,Suffolk,103,,,,158313,,,,Tract 1583.13,6619,332,1,99,70
G3601030158314,1980,New York,36,Suffolk,103,,,,158314,,,,Tract 1583.14,7624,454,10,171,119
G3601030158401,1980,New York,36,Suffolk,103,,,,158401,,,,Tract 1584.01,6582,29,2,19,34
G3601030158402,1980,New York,36,Suffolk,103,,,,158402,,,,Tract 1584.02,4302,6,2,51,11
G3601030158403,1980,New York,36,Suffolk,103,,,,158403,,,,Tract 1584.03,1534,37,0,13,13
G3601030158404,1980,New York,36,Suffolk,103,,,,158404,,,,Tract 1584.04,6519,66,7,25,22
G3601030158502,1980,New York,36,Suffolk,103,,,,158502,,,,Tract 1585.02,2919,17,5,24,13
G3601030158505,1980,New York,36,Suffolk,103,,,,158505,,,,Tract 1585.05,4372,8,0,39,5
G3601030158506,1980,New York,36,Suffolk,103,,,,158506,,,,Tract 1585.06,2281,1,4,6,4
G3601030158507,1980,New York,36,Suffolk,103,,,,158507,,,,Tract 1585.07,3340,34,1,17,26
G3601030158508,1980,New York,36,Suffolk,103,,,,158508,,,,Tract 1585.08,5490,45,10,35,69
G3601030158509,1980,New York,36,Suffolk,103,,,,158509,,,,Tract 1585.09,4178,26,6,18,33
G3601030158510,1980,New York,36,Suffolk,103,,,,158510,,,,Tract 1585.10,4897,48,5,6,64
G3601030158511,1980,New York,36,Suffolk,103,,,,158511,,,,Tract 1585.11,5496,14,4,29,36
G3601030158512,1980,New York,36,Suffolk,103,,,,158512,,,,Tract 1585.12,3160,3,7,21,14
G3601030158601,1980,New York,36,Suffolk,103,,,,158601,,,,Tract 1586.01,7999,33,7,43,40
G3601030158604,1980,New York,36,Suffolk,103,,,,158604,,,,Tract 1586.04,4835,4,1,23,36
G3601030158605,1980,New York,36,Suffolk,103,,,,158605,,,,Tract 1586.05,4561,29,2,61,42
G3601030158606,1980,New York,36,Suffolk,103,,,,158606,,,,Tract 1586.06,4375,18,1,16,19
G3601030158607,1980,New York,36,Suffolk,103,,,,158607,,,,Tract 1586.07,2515,7,0,16,16
G3601030158704,1980,New York,36,Suffolk,103,,,,158704,,,,Tract 1587.04,3581,1062,8,22,70
G3601030158705,1980,New York,36,Suffolk,103,,,,158705,,,,Tract 1587.05,136,1364,18,5,67
G3601030158707,1980,New York,36,Suffolk,103,,,,158707,,,,Tract 1587.07,1276,23,0,5,11
G3601030158708,1980,New York,36,Suffolk,103,,,,158708,,,,Tract 1587.08,1747,91,13,30,17
G3601030158709,1980,New York,36,Suffolk,103,,,,158709,,,,Tract 1587.09,1016,15,5,9,3
G3601030158710,1980,New York,36,Suffolk,103,,,,158710,,,,Tract 1587.10,2327,86,1,112,17
G3601030158711,1980,New York,36,Suffolk,103,,,,158711,,,,Tract 1587.11,3469,321,3,6,28
G3601030158712,1980,New York,36,Suffolk,103,,,,158712,,,,Tract 1587.12,6176,384,9,29,131
G3601030158802,1980,New York,36,Suffolk,103,,,,158802,,,,Tract 1588.02,4055,8,1,5,27
G3601030158803,1980,New York,36,Suffolk,103,,,,158803,,,,Tract 1588.03,2030,56,0,9,29
G3601030158804,1980,New York,36,Suffolk,103,,,,158804,,,,Tract 1588.04,6994,71,6,21,34
G36010301589,1980,New York,36,Suffolk,103,,,,1589,,,,Tract 1589,5910,256,13,50,348
G36010301590,1980,New York,36,Suffolk,103,,,,1590,,,,Tract 1590,4511,88,12,23,80
G3601030159102,1980,New York,36,Suffolk,103,,,,159102,,,,Tract 1591.02,5374,94,2,13,65
G3601030159103,1980,New York,36,Suffolk,103,,,,159103,,,,Tract 1591.03,2097,2481,96,7,322
G3601030159104,1980,New York,36,Suffolk,103,,,,159104,,,,Tract 1591.04,9333,262,12,75,180
G3601030159105,1980,New York,36,Suffolk,103,,,,159105,,,,Tract 1591.05,5253,87,3,42,63
G3601030159106,1980,New York,36,Suffolk,103,,,,159106,,,,Tract 1591.06,1935,182,3,49,90
G3601030159201,1980,New York,36,Suffolk,103,,,,159201,,,,Tract 1592.01,2400,16,1,3,55
G3601030159203,1980,New York,36,Suffolk,103,,,,159203,,,,Tract 1592.03,4598,21,0,27,22
G3601030159204,1980,New York,36,Suffolk,103,,,,159204,,,,Tract 1592.04,3156,385,22,23,83
G36010301593,1980,New York,36,Suffolk,103,,,,1593,,,,Tract 1593,2704,46,13,30,16
G3601030159403,1980,New York,36,Suffolk,103,,,,159403,,,,Tract 1594.03,7595,154,13,26,107
G3601030159404,1980,New York,36,Suffolk,103,,,,159404,,,,Tract 1594.04,4054,100,10,11,85
G3601030159405,1980,New York,36,Suffolk,103,,,,159405,,,,Tract 1594.05,6216,214,13,30,75
G3601030159406,1980,New York,36,Suffolk,103,,,,159406,,,,Tract 1594.06,1636,465,7,7,31
G3601030159502,1980,New York,36,Suffolk,103,,,,159502,,,,Tract 1595.02,8284,48,10,12,47
G3601030159504,1980,New York,36,Suffolk,103,,,,159504,,,,Tract 1595.04,6051,121,107,30,47
G3601030159505,1980,New York,36,Suffolk,103,,,,159505,,,,Tract 1595.05,5101,27,4,30,84
G3601030159506,1980,New York,36,Suffolk,103,,,,159506,,,,Tract 1595.06,4781,43,6,30,71
G3601030159601,1980,New York,36,Suffolk,103,,,,159601,,,,Tract 1596.01,4403,22,0,35,12
G3601030159602,1980,New York,36,Suffolk,103,,,,159602,,,,Tract 1596.02,2981,71,3,44,24
G3601030169701,1980,New York,36,Suffolk,103,,,,169701,,,,Tract 1697.01,4276,81,2,32,14
G3601030169702,1980,New York,36,Suffolk,103,,,,169702,,,,Tract 1697.02,4532,395,5,10,10
G36010301698,1980,New York,36,Suffolk,103,,,,1698,,,,Tract 1698,3493,1298,7,18,25
G36010301699,1980,New York,36,Suffolk,103,,,,1699,,,,Tract 1699,5071,913,6,24,31
G3601030170001,1980,New York,36,Suffolk,103,,,,170001,,,,Tract 1700.01,4725,120,5,24,11
G3601030170002,1980,New York,36,Suffolk,103,,,,170002,,,,Tract 1700.02,3694,119,5,17,9
G36010301701,1980,New York,36,Suffolk,103,,,,1701,,,,Tract 1701,1859,388,3,7,16
G3601030170201,1980,New York,36,Suffolk,103,,,,170201,,,,Tract 1702.01,4688,62,2,7,11
G3601030170202,1980,New York,36,Suffolk,103,,,,170202,,,,Tract 1702.02,3237,152,2,0,9
G36010301803,1980,New York,36,Suffolk,103,,,,1803,,,,Tract 1803,2048,9,0,10,4
G3601030190401,1980,New York,36,Suffolk,103,,,,190401,,,,Tract 1904.01,3933,1402,21,10,34
G3601030190402,1980,New York,36,Suffolk,103,,,,190402,,,,Tract 1904.02,1270,160,1,1,35
G3601030190403,1980,New York,36,Suffolk,103,,,,190403,,,,Tract 1904.03,1645,0,4,4,7
G3601030190501,1980,New York,36,Suffolk,103,,,,190501,,,,Tract 1905.01,3924,107,5,23,7
G3601030190502,1980,New York,36,Suffolk,103,,,,190502,,,,Tract 1905.02,1926,284,9,14,5
G3601030190601,1980,New York,36,Suffolk,103,,,,190601,,,,Tract 1906.01,4387,203,11,20,13
G3601030190602,1980,New York,36,Suffolk,103,,,,190602,,,,Tract 1906.02,5565,5,5,11,10
G3601030190701,1980,New York,36,Suffolk,103,,,,190701,,,,Tract 1907.01,5434,375,213,23,51
G3601030190703,1980,New York,36,Suffolk,103,,,,190703,,,,Tract 1907.03,4978,79,6,6,12
G3601030190704,1980,New York,36,Suffolk,103,,,,190704,,,,Tract 1907.04,2402,496,4,2,4
G36010301908,1980,New York,36,Suffolk,103,,,,1908,,,,Tract 1908,3219,745,19,7,10
G36010302009,1980,New York,36,Suffolk,103,,,,2009,,,,Tract 2009,5267,324,25,24,21
G3601030201001,1980,New York,36,Suffolk,103,,,,201001,,,,Tract 2010.01,3141,33,4,11,12
G3601030201002,1980,New York,36,Suffolk,103,,,,201002,,,,Tract 2010.02,4717,362,2,42,35
G3601030201099,1980,New York,36,Suffolk,103,,,,201099,,,,Tract 2010.99,8,1,0,0,0
G36010509901,1980,New York,36,Sullivan,105,,,,9901,,,,Tract 9901,3748,34,4,12,16
G36010509902,1980,New York,36,Sullivan,105,,,,9902,,,,Tract 9902,4382,81,3,8,28
G36010509903,1980,New York,36,Sullivan,105,,,,9903,,,,Tract 9903,3407,143,9,32,40
G36010509904,1980,New York,36,Sullivan,105,,,,9904,,,,Tract 9904,2059,250,6,33,106
G36010509905,1980,New York,36,Sullivan,105,,,,9905,,,,Tract 9905,2327,6,4,1,0
G36010509906,1980,New York,36,Sullivan,105,,,,9906,,,,Tract 9906,1826,176,1,8,39
G36010509907,1980,New York,36,Sullivan,105,,,,9907,,,,Tract 9907,2626,734,5,30,226
G36010509908,1980,New York,36,Sullivan,105,,,,9908,,,,Tract 9908,1628,201,5,22,108
G36010509909,1980,New York,36,Sullivan,105,,,,9909,,,,Tract 9909,1835,147,2,8,38
G36010509910,1980,New York,36,Sullivan,105,,,,9910,,,,Tract 9910,1204,127,14,10,20
G36010509911,1980,New York,36,Sullivan,105,,,,9911,,,,Tract 9911,1725,113,3,5,63
G36010509912,1980,New York,36,Sullivan,105,,,,9912,,,,Tract 9912,873,4,0,0,2
G36010509913,1980,New York,36,Sullivan,105,,,,9913,,,,Tract 9913,1959,21,9,1,3
G36010509914,1980,New York,36,Sullivan,105,,,,9914,,,,Tract 9914,3962,303,3,11,51
G36010509915,1980,New York,36,Sullivan,105,,,,9915,,,,Tract 9915,1354,15,4,7,10
G36010509916,1980,New York,36,Sullivan,105,,,,9916,,,,Tract 9916,918,10,0,1,2
G36010509917,1980,New York,36,Sullivan,105,,,,9917,,,,Tract 9917,1660,167,1,30,43
G36010509918,1980,New York,36,Sullivan,105,,,,9918,,,,Tract 9918,1312,456,11,58,94
G36010509919,1980,New York,36,Sullivan,105,,,,9919,,,,Tract 9919,1623,576,3,20,77
G36010509920,1980,New York,36,Sullivan,105,,,,9920,,,,Tract 9920,1105,140,1,7,14
G36010509921,1980,New York,36,Sullivan,105,,,,9921,,,,Tract 9921,819,138,1,1,37
G36010509922,1980,New York,36,Sullivan,105,,,,9922,,,,Tract 9922,2204,97,4,23,23
G36010509923,1980,New York,36,Sullivan,105,,,,9923,,,,Tract 9923,822,27,4,1,13
G36010509924,1980,New York,36,Sullivan,105,,,,9924,,,,Tract 9924,865,16,0,4,10
G36010509925,1980,New York,36,Sullivan,105,,,,9925,,,,Tract 9925,2530,304,7,32,24
G36010509926,1980,New York,36,Sullivan,105,,,,9926,,,,Tract 9926,1339,12,8,2,3
G36010509927,1980,New York,36,Sullivan,105,,,,9927,,,,Tract 9927,3127,73,5,8,27
G36010509928,1980,New York,36,Sullivan,105,,,,9928,,,,Tract 9928,681,1,0,1,1
G36010509929,1980,New York,36,Sullivan,105,,,,9929,,,,Tract 9929,2044,14,3,4,5
G36010509930,1980,New York,36,Sullivan,105,,,,9930,,,,Tract 9930,3107,60,2,3,10
G36010700201,1980,New York,36,Tioga,107,,,,0201,,,,Tract  201,5986,6,2,7,5
G36010700202,1980,New York,36,Tioga,107,,,,0202,,,,Tract  202,4873,27,4,7,8
G36010700203,1980,New York,36,Tioga,107,,,,0203,,,,Tract  203,6909,50,5,44,15
G36010700204,1980,New York,36,Tioga,107,,,,0204,,,,Tract  204,8947,43,3,81,10
G36010700205,1980,New York,36,Tioga,107,,,,0205,,,,Tract  205,4274,66,4,13,7
G36010700206,1980,New York,36,Tioga,107,,,,0206,,,,Tract  206,6944,17,14,19,5
G36010700207,1980,New York,36,Tioga,107,,,,0207,,,,Tract  207,11259,68,28,33,29
G36010909901,1980,New York,36,Tompkins,109,,,,9901,,,,Tract 9901,5172,11,7,6,17
G36010909902,1980,New York,36,Tompkins,109,,,,9902,,,,Tract 9902,3850,43,2,12,9
G36010909903,1980,New York,36,Tompkins,109,,,,9903,,,,Tract 9903,847,15,0,23,2
G36010909904,1980,New York,36,Tompkins,109,,,,9904,,,,Tract 9904,464,1,3,5,2
G36010909905,1980,New York,36,Tompkins,109,,,,9905,,,,Tract 9905,6959,42,6,28,6
G36010909906,1980,New York,36,Tompkins,109,,,,9906,,,,Tract 9906,3065,333,6,41,31
G36010909907,1980,New York,36,Tompkins,109,,,,9907,,,,Tract 9907,3226,40,2,100,36
G36010909908,1980,New York,36,Tompkins,109,,,,9908,,,,Tract 9908,2400,93,0,104,33
G36010909909,1980,New York,36,Tompkins,109,,,,9909,,,,Tract 9909,1212,121,1,228,215
G36010909910,1980,New York,36,Tompkins,109,,,,9910,,,,Tract 9910,11588,534,22,638,233
G36010909911,1980,New York,36,Tompkins,109,,,,9911,,,,Tract 9911,3941,68,9,271,69
G36010909912,1980,New York,36,Tompkins,109,,,,9912,,,,Tract 9912,3640,158,9,43,30
G36010909913,1980,New York,36,Tompkins,109,,,,9913,,,,Tract 9913,4680,811,19,71,49
G36010909914,1980,New York,36,Tompkins,109,,,,9914,,,,Tract 9914,959,0,1,8,3
G36010909915,1980,New York,36,Tompkins,109,,,,9915,,,,Tract 9915,5410,107,6,67,23
G36010909916,1980,New York,36,Tompkins,109,,,,9916,,,,Tract 9916,511,6,0,7,0
G36010909917,1980,New York,36,Tompkins,109,,,,9917,,,,Tract 9917,862,2,1,13,6
G36010909918,1980,New York,36,Tompkins,109,,,,9918,,,,Tract 9918,2962,28,1,23,11
G36010909919,1980,New York,36,Tompkins,109,,,,9919,,,,Tract 9919,7614,57,14,22,16
G36010909920,1980,New York,36,Tompkins,109,,,,9920,,,,Tract 9920,5071,85,13,16,18
G36010909921,1980,New York,36,Tompkins,109,,,,9921,,,,Tract 9921,4325,44,5,10,17
G36010909922,1980,New York,36,Tompkins,109,,,,9922,,,,Tract 9922,898,26,0,68,18
G36010909923,1980,New York,36,Tompkins,109,,,,9923,,,,Tract 9923,1799,96,6,102,26
G36011109901,1980,New York,36,Ulster,111,,,,9901,,,,Tract 9901,4238,27,2,17,30
G36011109902,1980,New York,36,Ulster,111,,,,9902,,,,Tract 9902,3946,37,5,42,15
G36011109903,1980,New York,36,Ulster,111,,,,9903,,,,Tract 9903,1271,8,0,7,2
G36011109904,1980,New York,36,Ulster,111,,,,9904,,,,Tract 9904,7553,71,9,44,40
G36011109905,1980,New York,36,Ulster,111,,,,9905,,,,Tract 9905,3286,14,3,6,10
G36011109906,1980,New York,36,Ulster,111,,,,9906,,,,Tract 9906,4120,37,7,39,23
G36011109907,1980,New York,36,Ulster,111,,,,9907,,,,Tract 9907,3877,59,3,86,27
G36011109908,1980,New York,36,Ulster,111,,,,9908,,,,Tract 9908,2855,49,2,13,7
G36011109909,1980,New York,36,Ulster,111,,,,9909,,,,Tract 9909,1654,20,7,15,10
G36011109910,1980,New York,36,Ulster,111,,,,9910,,,,Tract 9910,860,2,0,2,9
G36011109911,1980,New York,36,Ulster,111,,,,9911,,,,Tract 9911,3106,28,2,11,3
G36011109912,1980,New York,36,Ulster,111,,,,9912,,,,Tract 9912,1923,44,1,12,10
G36011109913,1980,New York,36,Ulster,111,,,,9913,,,,Tract 9913,4031,74,2,26,10
G36011109914,1980,New York,36,Ulster,111,,,,9914,,,,Tract 9914,2142,10,0,9,7
G36011109915,1980,New York,36,Ulster,111,,,,9915,,,,Tract 9915,4049,76,10,25,34
G36011109916,1980,New York,36,Ulster,111,,,,9916,,,,Tract 9916,2326,42,12,7,17
G36011109917,1980,New York,36,Ulster,111,,,,9917,,,,Tract 9917,4455,65,26,4,32
G36011109918,1980,New York,36,Ulster,111,,,,9918,,,,Tract 9918,4954,95,1,11,32
G36011109919,1980,New York,36,Ulster,111,,,,9919,,,,Tract 9919,2781,38,10,8,7
G36011109920,1980,New York,36,Ulster,111,,,,9920,,,,Tract 9920,2734,37,10,5,2
G36011109921,1980,New York,36,Ulster,111,,,,9921,,,,Tract 9921,2477,29,3,1,8
G36011109922,1980,New York,36,Ulster,111,,,,9922,,,,Tract 9922,558,26,0,4,1
G36011109923,1980,New York,36,Ulster,111,,,,9923,,,,Tract 9923,4364,182,8,26,25
G36011109924,1980,New York,36,Ulster,111,,,,9924,,,,Tract 9924,3285,156,8,42,56
G36011109925,1980,New York,36,Ulster,111,,,,9925,,,,Tract 9925,1318,35,2,4,11
G36011109926,1980,New York,36,Ulster,111,,,,9926,,,,Tract 9926,5384,548,20,84,195
G36011109927,1980,New York,36,Ulster,111,,,,9927,,,,Tract 9927,6747,255,14,6,55
G36011109928,1980,New York,36,Ulster,111,,,,9928,,,,Tract 9928,11145,357,18,35,237
G36011109929,1980,New York,36,Ulster,111,,,,9929,,,,Tract 9929,4968,327,6,21,140
G36011109930,1980,New York,36,Ulster,111,,,,9930,,,,Tract 9930,10290,1143,24,59,500
G36011109931,1980,New York,36,Ulster,111,,,,9931,,,,Tract 9931,5437,342,18,28,132
G36011109932,1980,New York,36,Ulster,111,,,,9932,,,,Tract 9932,3099,1024,3,5,46
G36011109933,1980,New York,36,Ulster,111,,,,9933,,,,Tract 9933,1798,166,0,5,8
G36011109934,1980,New York,36,Ulster,111,,,,9934,,,,Tract 9934,4074,207,7,15,18
G36011109935,1980,New York,36,Ulster,111,,,,9935,,,,Tract 9935,5162,585,19,14,63
G36011109936,1980,New York,36,Ulster,111,,,,9936,,,,Tract 9936,1304,45,4,12,14
G36011109937,1980,New York,36,Ulster,111,,,,9937,,,,Tract 9937,5257,62,3,70,13
G36011109938,1980,New York,36,Ulster,111,,,,9938,,,,Tract 9938,1767,74,3,1,10
G36011109939,1980,New York,36,Ulster,111,,,,9939,,,,Tract 9939,1630,56,8,2,3
G36011109940,1980,New York,36,Ulster,111,,,,9940,,,,Tract 9940,2409,22,0,64,21
G36011109945,1980,New York,36,Ulster,111,,,,9945,,,,Tract 9945,0,0,0,0,0
G36011300701,1980,New York,36,Warren,113,,,,0701,,,,Tract  701,2599,23,4,2,3
G36011300702,1980,New York,36,Warren,113,,,,0702,,,,Tract  702,2360,92,2,7,0
G36011300703,1980,New York,36,Warren,113,,,,0703,,,,Tract  703,3984,17,8,6,6
G36011300704,1980,New York,36,Warren,113,,,,0704,,,,Tract  704,4174,15,4,9,1
G36011300705,1980,New York,36,Warren,113,,,,0705,,,,Tract  705,2561,7,8,2,3
G36011300706,1980,New York,36,Warren,113,,,,0706,,,,Tract  706,4645,11,6,13,7
G36011300707,1980,New York,36,Warren,113,,,,0707,,,,Tract  707,6886,15,5,41,9
G36011300708,1980,New York,36,Warren,113,,,,0708,,,,Tract  708,5406,28,9,21,10
G36011300709,1980,New York,36,Warren,113,,,,0709,,,,Tract  709,1852,9,0,5,0
G36011300710,1980,New York,36,Warren,113,,,,0710,,,,Tract  710,2662,0,7,1,2
G36011300720,1980,New York,36,Warren,113,,,,0720,,,,Tract  720,3373,10,1,7,3
G36011300730,1980,New York,36,Warren,113,,,,0730,,,,Tract  730,3792,2,6,7,3
G36011300735,1980,New York,36,Warren,113,,,,0735,,,,Tract  735,1374,3,1,1,1
G36011300740,1980,New York,36,Warren,113,,,,0740,,,,Tract  740,2160,4,4,4,1
G36011300750,1980,New York,36,Warren,113,,,,0750,,,,Tract  750,2890,3,1,0,15
G36011300760,1980,New York,36,Warren,113,,,,0760,,,,Tract  760,1078,0,0,2,2
G36011300770,1980,New York,36,Warren,113,,,,0770,,,,Tract  770,761,0,0,2,3
G36011300780,1980,New York,36,Warren,113,,,,0780,,,,Tract  780,1786,1,0,0,6
G36011500801,1980,New York,36,Washington,115,,,,0801,,,,Tract  801,4889,11,6,3,9
G36011500802,1980,New York,36,Washington,115,,,,0802,,,,Tract  802,2494,0,0,1,6
G36011500803,1980,New York,36,Washington,115,,,,0803,,,,Tract  803,4227,8,5,1,0
G36011500810,1980,New York,36,Washington,115,,,,0810,,,,Tract  810,3303,853,6,3,260
G36011500815,1980,New York,36,Washington,115,,,,0815,,,,Tract  815,1064,0,1,0,0
G36011500820,1980,New York,36,Washington,115,,,,0820,,,,Tract  820,4411,5,2,4,5
G36011500830,1980,New York,36,Washington,115,,,,0830,,,,Tract  830,558,0,1,0,0
G36011500840,1980,New York,36,Washington,115,,,,0840,,,,Tract  840,5538,5,9,8,6
G36011500850,1980,New York,36,Washington,115,,,,0850,,,,Tract  850,1740,0,1,0,1
G36011500860,1980,New York,36,Washington,115,,,,0860,,,,Tract  860,1283,0,0,2,3
G36011500870,1980,New York,36,Washington,115,,,,0870,,,,Tract  870,2840,0,4,2,1
G36011500880,1980,New York,36,Washington,115,,,,0880,,,,Tract  880,6443,15,4,13,4
G36011500890,1980,New York,36,Washington,115,,,,0890,,,,Tract  890,4254,0,4,4,14
G36011500900,1980,New York,36,Washington,115,,,,0900,,,,Tract  900,2368,1,4,1,3
G36011500910,1980,New York,36,Washington,115,,,,0910,,,,Tract  910,1220,2,1,4,1
G36011500920,1980,New York,36,Washington,115,,,,0920,,,,Tract  920,2954,10,3,16,5
G36011500930,1980,New York,36,Washington,115,,,,0930,,,,Tract  930,1825,3,7,11,2
G36011500940,1980,New York,36,Washington,115,,,,0940,,,,Tract  940,2018,0,1,1,0
G36011700201,1980,New York,36,Wayne,117,,,,0201,,,,Tract  201,7311,145,14,8,2
G36011700202,1980,New York,36,Wayne,117,,,,0202,,,,Tract  202,5228,31,6,6,10
G36011700203,1980,New York,36,Wayne,117,,,,0203,,,,Tract  203,6445,14,17,12,20
G3601170020401,1980,New York,36,Wayne,117,,,,020401,,,,Tract  204.01,2702,89,13,6,10
G3601170020402,1980,New York,36,Wayne,117,,,,020402,,,,Tract  204.02,3143,340,4,9,3
G36011700205,1980,New York,36,Wayne,117,,,,0205,,,,Tract  205,4404,25,2,5,20
G36011700206,1980,New York,36,Wayne,117,,,,0206,,,,Tract  206,3898,12,8,2,3
G36011700207,1980,New York,36,Wayne,117,,,,0207,,,,Tract  207,3689,11,9,13,7
G36011700208,1980,New York,36,Wayne,117,,,,0208,,,,Tract  208,3999,367,14,8,23
G36011700209,1980,New York,36,Wayne,117,,,,0209,,,,Tract  209,4481,559,17,6,11
G36011700210,1980,New York,36,Wayne,117,,,,0210,,,,Tract  210,6984,193,15,14,36
G36011700211,1980,New York,36,Wayne,117,,,,0211,,,,Tract  211,4650,83,5,26,81
G36011700212,1980,New York,36,Wayne,117,,,,0212,,,,Tract  212,3765,68,3,28,172
G36011700213,1980,New York,36,Wayne,117,,,,0213,,,,Tract  213,1074,49,2,2,9
G36011700214,1980,New York,36,Wayne,117,,,,0214,,,,Tract  214,3773,313,11,7,56
G3601170021501,1980,New York,36,Wayne,117,,,,021501,,,,Tract  215.01,1677,136,3,1,3
G3601170021502,1980,New York,36,Wayne,117,,,,021502,,,,Tract  215.02,3939,71,4,3,4
G36011700216,1980,New York,36,Wayne,117,,,,0216,,,,Tract  216,4320,57,18,2,7
G36011700217,1980,New York,36,Wayne,117,,,,0217,,,,Tract  217,3777,105,8,1,3
G36011700218,1980,New York,36,Wayne,117,,,,0218,,,,Tract  218,2367,109,2,0,13
G3601190000101,1980,New York,36,Westchester,119,,,,000101,,,,Tract    1.01,2166,1391,4,85,761
G3601190000102,1980,New York,36,Westchester,119,,,,000102,,,,Tract    1.02,2625,1594,20,53,643
G3601190000201,1980,New York,36,Westchester,119,,,,000201,,,,Tract    2.01,4302,725,11,204,678
G3601190000202,1980,New York,36,Westchester,119,,,,000202,,,,Tract    2.02,2850,410,6,65,231
G3601190000203,1980,New York,36,Westchester,119,,,,000203,,,,Tract    2.03,2679,137,3,41,97
G36011900003,1980,New York,36,Westchester,119,,,,0003,,,,Tract    3,2536,1594,7,203,359
G3601190000401,1980,New York,36,Westchester,119,,,,000401,,,,Tract    4.01,1206,1388,2,27,439
G3601190000402,1980,New York,36,Westchester,119,,,,000402,,,,Tract    4.02,1728,3759,7,96,226
G36011900005,1980,New York,36,Westchester,119,,,,0005,,,,Tract    5,1831,2229,13,17,544
G36011900006,1980,New York,36,Westchester,119,,,,0006,,,,Tract    6,4730,949,8,68,271
G36011900007,1980,New York,36,Westchester,119,,,,0007,,,,Tract    7,6103,1889,7,293,264
G3601190000801,1980,New York,36,Westchester,119,,,,000801,,,,Tract    8.01,5913,50,2,60,44
G3601190000802,1980,New York,36,Westchester,119,,,,000802,,,,Tract    8.02,2844,11,1,2,14
G3601190000803,1980,New York,36,Westchester,119,,,,000803,,,,Tract    8.03,4435,39,0,15,34
G36011900009,1980,New York,36,Westchester,119,,,,0009,,,,Tract    9,3258,69,6,21,45
G36011900010,1980,New York,36,Westchester,119,,,,0010,,,,Tract   10,699,631,2,12,67
G3601190001101,1980,New York,36,Westchester,119,,,,001101,,,,Tract   11.01,2503,352,3,17,540
G3601190001102,1980,New York,36,Westchester,119,,,,001102,,,,Tract   11.02,4412,400,8,164,327
G36011900012,1980,New York,36,Westchester,119,,,,0012,,,,Tract   12,3430,277,0,2,539
G3601190001301,1980,New York,36,Westchester,119,,,,001301,,,,Tract   13.01,3639,60,1,62,145
G3601190001302,1980,New York,36,Westchester,119,,,,001302,,,,Tract   13.02,2899,89,0,81,111
G3601190001303,1980,New York,36,Westchester,119,,,,001303,,,,Tract   13.03,4773,630,10,120,328
G3601190001401,1980,New York,36,Westchester,119,,,,001401,,,,Tract   14.01,3865,12,5,25,11
G3601190001402,1980,New York,36,Westchester,119,,,,001402,,,,Tract   14.02,2009,16,0,14,33
G3601190001403,1980,New York,36,Westchester,119,,,,001403,,,,Tract   14.03,3244,13,3,17,27
G3601190001502,1980,New York,36,Westchester,119,,,,001502,,,,Tract   15.02,3240,33,1,28,14
G3601190001503,1980,New York,36,Westchester,119,,,,001503,,,,Tract   15.03,2967,6,1,17,21
G3601190001504,1980,New York,36,Westchester,119,,,,001504,,,,Tract   15.04,4513,15,6,16,20
G3601190001505,1980,New York,36,Westchester,119,,,,001505,,,,Tract   15.05,3042,5,1,62,10
G36011900016,1980,New York,36,Westchester,119,,,,0016,,,,Tract   16,3216,58,1,2,41
G36011900017,1980,New York,36,Westchester,119,,,,0017,,,,Tract   17,6504,59,1,33,44
G36011900018,1980,New York,36,Westchester,119,,,,0018,,,,Tract   18,252,997,2,7,12
G36011900019,1980,New York,36,Westchester,119,,,,0019,,,,Tract   19,1805,36,0,6,17
G36011900020,1980,New York,36,Westchester,119,,,,0020,,,,Tract   20,4256,11,0,43,20
G3601190002101,1980,New York,36,Westchester,119,,,,002101,,,,Tract   21.01,3949,32,0,62,19
G3601190002103,1980,New York,36,Westchester,119,,,,002103,,,,Tract   21.03,3887,7,1,16,4
G3601190002104,1980,New York,36,Westchester,119,,,,002104,,,,Tract   21.04,5935,109,0,104,55
G3601190002105,1980,New York,36,Westchester,119,,,,002105,,,,Tract   21.05,2937,45,1,66,13
G3601190002106,1980,New York,36,Westchester,119,,,,002106,,,,Tract   21.06,2278,105,0,214,23
G3601190002201,1980,New York,36,Westchester,119,,,,002201,,,,Tract   22.01,2554,35,0,37,12
G3601190002202,1980,New York,36,Westchester,119,,,,002202,,,,Tract   22.02,5388,30,0,64,27
G3601190002203,1980,New York,36,Westchester,119,,,,002203,,,,Tract   22.03,1923,26,1,45,14
G3601190002204,1980,New York,36,Westchester,119,,,,002204,,,,Tract   22.04,5134,112,0,143,44
G36011900023,1980,New York,36,Westchester,119,,,,0023,,,,Tract   23,3724,59,3,18,13
G3601190002401,1980,New York,36,Westchester,119,,,,002401,,,,Tract   24.01,1670,0,0,98,5
G3601190002402,1980,New York,36,Westchester,119,,,,002402,,,,Tract   24.02,3389,40,3,19,37
G3601190002403,1980,New York,36,Westchester,119,,,,002403,,,,Tract   24.03,5621,39,4,66,43
G3601190002404,1980,New York,36,Westchester,119,,,,002404,,,,Tract   24.04,2498,5,0,13,9
G3601190002405,1980,New York,36,Westchester,119,,,,002405,,,,Tract   24.05,2998,5,2,4,10
G36011900025,1980,New York,36,Westchester,119,,,,0025,,,,Tract   25,86,351,1,1,5
G36011900026,1980,New York,36,Westchester,119,,,,0026,,,,Tract   26,709,2707,16,5,66
G36011900027,1980,New York,36,Westchester,119,,,,0027,,,,Tract   27,105,3533,5,9,56
G36011900028,1980,New York,36,Westchester,119,,,,0028,,,,Tract   28,129,2312,5,1,37
G36011900029,1980,New York,36,Westchester,119,,,,0029,,,,Tract   29,146,3249,8,19,32
G36011900030,1980,New York,36,Westchester,119,,,,0030,,,,Tract   30,741,2065,2,32,190
G36011900031,1980,New York,36,Westchester,119,,,,0031,,,,Tract   31,222,2001,4,39,56
G36011900032,1980,New York,36,Westchester,119,,,,0032,,,,Tract   32,150,2169,8,0,21
G36011900033,1980,New York,36,Westchester,119,,,,0033,,,,Tract   33,189,3150,7,5,35
G36011900034,1980,New York,36,Westchester,119,,,,0034,,,,Tract   34,930,3499,12,19,53
G36011900035,1980,New York,36,Westchester,119,,,,0035,,,,Tract   35,1473,696,0,22,137
G36011900036,1980,New York,36,Westchester,119,,,,0036,,,,Tract   36,2766,547,4,113,126
G36011900037,1980,New York,36,Westchester,119,,,,0037,,,,Tract   37,2830,168,3,33,76
G36011900038,1980,New York,36,Westchester,119,,,,0038,,,,Tract   38,3498,196,4,30,65
G36011900039,1980,New York,36,Westchester,119,,,,0039,,,,Tract   39,3526,136,0,42,28
G36011900040,1980,New York,36,Westchester,119,,,,0040,,,,Tract   40,3645,2158,3,52,107
G36011900041,1980,New York,36,Westchester,119,,,,0041,,,,Tract   41,1496,2071,12,55,99
G36011900042,1980,New York,36,Westchester,119,,,,0042,,,,Tract   42,3758,710,1,87,105
G36011900043,1980,New York,36,Westchester,119,,,,0043,,,,Tract   43,1230,441,7,21,16
G36011900044,1980,New York,36,Westchester,119,,,,0044,,,,Tract   44,3099,290,4,37,38
G36011900045,1980,New York,36,Westchester,119,,,,0045,,,,Tract   45,1407,20,4,21,8
G36011900046,1980,New York,36,Westchester,119,,,,0046,,,,Tract   46,2498,12,3,61,21
G36011900047,1980,New York,36,Westchester,119,,,,0047,,,,Tract   47,3561,39,0,62,10
G36011900048,1980,New York,36,Westchester,119,,,,0048,,,,Tract   48,4908,686,17,404,61
G36011900049,1980,New York,36,Westchester,119,,,,0049,,,,Tract   49,2814,33,2,393,18
G3601190005001,1980,New York,36,Westchester,119,,,,005001,,,,Tract   50.01,3614,9,0,125,7
G3601190005002,1980,New York,36,Westchester,119,,,,005002,,,,Tract   50.02,3253,8,1,106,17
G36011900051,1980,New York,36,Westchester,119,,,,0051,,,,Tract   51,5076,25,3,78,31
G36011900052,1980,New York,36,Westchester,119,,,,0052,,,,Tract   52,4587,36,0,61,8
G36011900053,1980,New York,36,Westchester,119,,,,0053,,,,Tract   53,4503,401,5,58,47
G36011900054,1980,New York,36,Westchester,119,,,,0054,,,,Tract   54,1769,17,2,32,14
G36011900055,1980,New York,36,Westchester,119,,,,0055,,,,Tract   55,5983,27,1,81,38
G36011900056,1980,New York,36,Westchester,119,,,,0056,,,,Tract   56,0,0,0,0,0
G3601190005701,1980,New York,36,Westchester,119,,,,005701,,,,Tract   57.01,5846,281,1,83,76
G3601190005702,1980,New York,36,Westchester,119,,,,005702,,,,Tract   57.02,3081,148,1,26,73
G36011900058,1980,New York,36,Westchester,119,,,,0058,,,,Tract   58,2997,173,0,52,27
G3601190005901,1980,New York,36,Westchester,119,,,,005901,,,,Tract   59.01,3463,237,10,41,53
G3601190005902,1980,New York,36,Westchester,119,,,,005902,,,,Tract   59.02,5343,449,1,218,82
G36011900060,1980,New York,36,Westchester,119,,,,0060,,,,Tract   60,2498,452,1,20,70
G36011900061,1980,New York,36,Westchester,119,,,,0061,,,,Tract   61,1806,705,0,27,57
G36011900062,1980,New York,36,Westchester,119,,,,0062,,,,Tract   62,3459,796,1,6,122
G36011900063,1980,New York,36,Westchester,119,,,,0063,,,,Tract   63,3072,1807,7,229,148
G36011900064,1980,New York,36,Westchester,119,,,,0064,,,,Tract   64,1189,4168,12,39,67
G36011900065,1980,New York,36,Westchester,119,,,,0065,,,,Tract   65,2758,2460,3,41,83
G36011900066,1980,New York,36,Westchester,119,,,,0066,,,,Tract   66,5170,284,4,61,33
G36011900067,1980,New York,36,Westchester,119,,,,0067,,,,Tract   67,4674,435,0,102,92
G3601190006801,1980,New York,36,Westchester,119,,,,006801,,,,Tract   68.01,5791,163,4,131,17
G3601190006802,1980,New York,36,Westchester,119,,,,006802,,,,Tract   68.02,4679,131,0,111,47
G36011900069,1980,New York,36,Westchester,119,,,,0069,,,,Tract   69,5671,109,1,149,43
G36011900070,1980,New York,36,Westchester,119,,,,0070,,,,Tract   70,6181,79,3,149,43
G36011900071,1980,New York,36,Westchester,119,,,,0071,,,,Tract   71,6050,74,7,136,41
G36011900072,1980,New York,36,Westchester,119,,,,0072,,,,Tract   72,5895,263,5,60,69
G36011900073,1980,New York,36,Westchester,119,,,,0073,,,,Tract   73,3363,557,3,16,50
G3601190007401,1980,New York,36,Westchester,119,,,,007401,,,,Tract   74.01,4159,234,4,74,13
G3601190007402,1980,New York,36,Westchester,119,,,,007402,,,,Tract   74.02,2754,15,1,69,12
G36011900075,1980,New York,36,Westchester,119,,,,0075,,,,Tract   75,3953,48,1,130,13
G36011900076,1980,New York,36,Westchester,119,,,,0076,,,,Tract   76,5550,183,4,126,53
G36011900077,1980,New York,36,Westchester,119,,,,0077,,,,Tract   77,4724,102,0,136,60
G36011900078,1980,New York,36,Westchester,119,,,,0078,,,,Tract   78,2456,841,5,8,190
G36011900079,1980,New York,36,Westchester,119,,,,0079,,,,Tract   79,4842,915,1,87,247
G36011900080,1980,New York,36,Westchester,119,,,,0080,,,,Tract   80,2210,1465,6,56,511
G36011900081,1980,New York,36,Westchester,119,,,,0081,,,,Tract   81,2877,94,1,16,80
G36011900082,1980,New York,36,Westchester,119,,,,0082,,,,Tract   82,6493,47,7,67,43
G3601190008301,1980,New York,36,Westchester,119,,,,008301,,,,Tract   83.01,2279,79,0,34,20
G3601190008302,1980,New York,36,Westchester,119,,,,008302,,,,Tract   83.02,5391,52,8,104,29
G3601190008401,1980,New York,36,Westchester,119,,,,008401,,,,Tract   84.01,1885,18,6,25,2
G3601190008403,1980,New York,36,Westchester,119,,,,008403,,,,Tract   84.03,3660,9,0,42,18
G3601190008404,1980,New York,36,Westchester,119,,,,008404,,,,Tract   84.04,4383,8,1,140,13
G36011900085,1980,New York,36,Westchester,119,,,,0085,,,,Tract   85,3109,84,0,42,25
G36011900086,1980,New York,36,Westchester,119,,,,0086,,,,Tract   86,3959,252,7,70,98
G36011900087,1980,New York,36,Westchester,119,,,,0087,,,,Tract   87,5127,29,0,16,18
G36011900088,1980,New York,36,Westchester,119,,,,0088,,,,Tract   88,2651,795,5,65,167
G36011900089,1980,New York,36,Westchester,119,,,,0089,,,,Tract   89,6880,1219,8,175,104
G36011900090,1980,New York,36,Westchester,119,,,,0090,,,,Tract   90,1693,829,0,43,68
G36011900091,1980,New York,36,Westchester,119,,,,0091,,,,Tract   91,3300,967,0,41,85
G36011900092,1980,New York,36,Westchester,119,,,,0092,,,,Tract   92,3182,1921,7,46,130
G36011900093,1980,New York,36,Westchester,119,,,,0093,,,,Tract   93,650,1337,4,8,92
G36011900094,1980,New York,36,Westchester,119,,,,0094,,,,Tract   94,1608,627,7,14,126
G36011900095,1980,New York,36,Westchester,119,,,,0095,,,,Tract   95,3456,910,4,97,74
G36011900096,1980,New York,36,Westchester,119,,,,0096,,,,Tract   96,4618,106,0,96,5
G3601190009701,1980,New York,36,Westchester,119,,,,009701,,,,Tract   97.01,2462,91,0,41,38
G3601190009702,1980,New York,36,Westchester,119,,,,009702,,,,Tract   97.02,2834,257,2,60,15
G3601190009703,1980,New York,36,Westchester,119,,,,009703,,,,Tract   97.03,2891,37,1,42,8
G36011900098,1980,New York,36,Westchester,119,,,,0098,,,,Tract   98,4134,97,8,168,23
G36011900099,1980,New York,36,Westchester,119,,,,0099,,,,Tract   99,2899,70,0,123,9
G36011900100,1980,New York,36,Westchester,119,,,,0100,,,,Tract  100,4813,110,1,250,30
G36011900101,1980,New York,36,Westchester,119,,,,0101,,,,Tract  101,4595,37,0,269,14
G36011900102,1980,New York,36,Westchester,119,,,,0102,,,,Tract  102,4965,87,6,132,37
G36011900103,1980,New York,36,Westchester,119,,,,0103,,,,Tract  103,3050,216,4,42,34
G36011900104,1980,New York,36,Westchester,119,,,,0104,,,,Tract  104,3272,91,2,85,40
G36011900105,1980,New York,36,Westchester,119,,,,0105,,,,Tract  105,5788,375,4,252,144
G36011900106,1980,New York,36,Westchester,119,,,,0106,,,,Tract  106,3967,45,3,122,46
G36011900107,1980,New York,36,Westchester,119,,,,0107,,,,Tract  107,8458,182,5,907,81
G3601190010801,1980,New York,36,Westchester,119,,,,010801,,,,Tract  108.01,2646,133,2,126,19
G3601190010802,1980,New York,36,Westchester,119,,,,010802,,,,Tract  108.02,6191,475,6,566,52
G3601190010901,1980,New York,36,Westchester,119,,,,010901,,,,Tract  109.01,1444,253,0,54,20
G3601190010902,1980,New York,36,Westchester,119,,,,010902,,,,Tract  109.02,2541,2298,8,52,57
G3601190010903,1980,New York,36,Westchester,119,,,,010903,,,,Tract  109.03,1459,2683,5,60,82
G36011900110,1980,New York,36,Westchester,119,,,,0110,,,,Tract  110,1298,1094,4,20,27
G3601190011101,1980,New York,36,Westchester,119,,,,011101,,,,Tract  111.01,3589,126,0,180,42
G3601190011102,1980,New York,36,Westchester,119,,,,011102,,,,Tract  111.02,2845,128,1,55,15
G36011900112,1980,New York,36,Westchester,119,,,,0112,,,,Tract  112,2699,599,1,38,24
G36011900113,1980,New York,36,Westchester,119,,,,0113,,,,Tract  113,5456,111,3,177,27
G36011900114,1980,New York,36,Westchester,119,,,,0114,,,,Tract  114,5647,167,4,169,108
G36011900115,1980,New York,36,Westchester,119,,,,0115,,,,Tract  115,3726,608,2,32,185
G36011900116,1980,New York,36,Westchester,119,,,,0116,,,,Tract  116,4170,615,10,14,282
G36011900117,1980,New York,36,Westchester,119,,,,0117,,,,Tract  117,2836,15,0,38,14
G36011900118,1980,New York,36,Westchester,119,,,,0118,,,,Tract  118,3117,50,7,76,20
G3601190011901,1980,New York,36,Westchester,119,,,,011901,,,,Tract  119.01,1111,668,8,106,41
G3601190011902,1980,New York,36,Westchester,119,,,,011902,,,,Tract  119.02,4345,48,0,15,9
G36011900120,1980,New York,36,Westchester,119,,,,0120,,,,Tract  120,4871,96,1,30,12
G36011900121,1980,New York,36,Westchester,119,,,,0121,,,,Tract  121,8782,181,5,122,39
G36011900122,1980,New York,36,Westchester,119,,,,0122,,,,Tract  122,6597,39,1,77,35
G3601190012301,1980,New York,36,Westchester,119,,,,012301,,,,Tract  123.01,2001,111,2,7,15
G3601190012302,1980,New York,36,Westchester,119,,,,012302,,,,Tract  123.02,7169,15,2,132,13
G36011900124,1980,New York,36,Westchester,119,,,,0124,,,,Tract  124,3917,53,1,23,15
G36011900125,1980,New York,36,Westchester,119,,,,0125,,,,Tract  125,8725,73,3,41,29
G36011900126,1980,New York,36,Westchester,119,,,,0126,,,,Tract  126,3986,133,3,35,14
G36011900127,1980,New York,36,Westchester,119,,,,0127,,,,Tract  127,4108,30,0,25,7
G36011900128,1980,New York,36,Westchester,119,,,,0128,,,,Tract  128,5903,659,1,82,151
G36011900129,1980,New York,36,Westchester,119,,,,0129,,,,Tract  129,3205,541,9,55,90
G36011900130,1980,New York,36,Westchester,119,,,,0130,,,,Tract  130,3947,109,1,29,39
G3601190013102,1980,New York,36,Westchester,119,,,,013102,,,,Tract  131.02,4730,26,3,91,14
G3601190013103,1980,New York,36,Westchester,119,,,,013103,,,,Tract  131.03,4360,82,0,91,18
G3601190013104,1980,New York,36,Westchester,119,,,,013104,,,,Tract  131.04,5816,58,1,122,13
G3601190013201,1980,New York,36,Westchester,119,,,,013201,,,,Tract  132.01,3565,115,2,72,35
G3601190013202,1980,New York,36,Westchester,119,,,,013202,,,,Tract  132.02,3238,25,0,51,12
G3601190013301,1980,New York,36,Westchester,119,,,,013301,,,,Tract  133.01,803,1233,6,3,78
G3601190013303,1980,New York,36,Westchester,119,,,,013303,,,,Tract  133.03,293,694,2,3,323
G3601190013304,1980,New York,36,Westchester,119,,,,013304,,,,Tract  133.04,2323,1253,8,21,164
G36011900134,1980,New York,36,Westchester,119,,,,0134,,,,Tract  134,5643,363,15,65,74
G36011900135,1980,New York,36,Westchester,119,,,,0135,,,,Tract  135,3793,49,1,30,19
G36011900136,1980,New York,36,Westchester,119,,,,0136,,,,Tract  136,2649,204,0,28,56
G36011900137,1980,New York,36,Westchester,119,,,,0137,,,,Tract  137,3978,58,5,93,30
G36011900138,1980,New York,36,Westchester,119,,,,0138,,,,Tract  138,3297,38,1,37,31
G36011900139,1980,New York,36,Westchester,119,,,,0139,,,,Tract  139,3338,93,2,34,18
G36011900140,1980,New York,36,Westchester,119,,,,0140,,,,Tract  140,2038,1,1,1,0
G36011900141,1980,New York,36,Westchester,119,,,,0141,,,,Tract  141,4202,469,12,21,62
G36011900142,1980,New York,36,Westchester,119,,,,0142,,,,Tract  142,2768,601,7,26,103
G36011900143,1980,New York,36,Westchester,119,,,,0143,,,,Tract  143,1671,1577,6,41,140
G36011900144,1980,New York,36,Westchester,119,,,,0144,,,,Tract  144,3000,664,14,24,59
G36011900145,1980,New York,36,Westchester,119,,,,0145,,,,Tract  145,2515,231,0,7,16
G3601190014602,1980,New York,36,Westchester,119,,,,014602,,,,Tract  146.02,9211,189,9,102,37
G3601190014603,1980,New York,36,Westchester,119,,,,014603,,,,Tract  146.03,995,255,2,19,25
G3601190014604,1980,New York,36,Westchester,119,,,,014604,,,,Tract  146.04,4681,30,11,29,12
G3601190014701,1980,New York,36,Westchester,119,,,,014701,,,,Tract  147.01,3608,346,3,16,51
G3601190014702,1980,New York,36,Westchester,119,,,,014702,,,,Tract  147.02,6936,143,7,34,24
G3601190014804,1980,New York,36,Westchester,119,,,,014804,,,,Tract  148.04,6104,85,0,47,30
G3601190014805,1980,New York,36,Westchester,119,,,,014805,,,,Tract  148.05,3240,175,0,49,14
G3601190014806,1980,New York,36,Westchester,119,,,,014806,,,,Tract  148.06,5681,54,4,84,17
G3601190014807,1980,New York,36,Westchester,119,,,,014807,,,,Tract  148.07,7313,130,3,74,20
G3601190014808,1980,New York,36,Westchester,119,,,,014808,,,,Tract  148.08,3382,56,3,70,16
G3601190014809,1980,New York,36,Westchester,119,,,,014809,,,,Tract  148.09,5076,154,4,86,17
G3601190014902,1980,New York,36,Westchester,119,,,,014902,,,,Tract  149.02,2977,23,0,29,1
G3601190014903,1980,New York,36,Westchester,119,,,,014903,,,,Tract  149.03,8641,195,11,108,41
G3601190014904,1980,New York,36,Westchester,119,,,,014904,,,,Tract  149.04,1102,5,0,0,0
G36011900150,1980,New York,36,Westchester,119,,,,0150,,,,Tract  150,4510,33,1,14,11
G36012109901,1980,New York,36,Wyoming,121,,,,9901,,,,Tract 9901,5057,16,9,6,7
G36012109902,1980,New York,36,Wyoming,121,,,,9902,,,,Tract 9902,6466,946,20,7,173
G36012109903,1980,New York,36,Wyoming,121,,,,9903,,,,Tract 9903,3709,1,2,1,1
G36012109904,1980,New York,36,Wyoming,121,,,,9904,,,,Tract 9904,5333,3,8,9,8
G36012109905,1980,New York,36,Wyoming,121,,,,9905,,,,Tract 9905,4950,5,22,34,3
G36012109906,1980,New York,36,Wyoming,121,,,,9906,,,,Tract 9906,5812,10,6,13,19
G36012109907,1980,New York,36,Wyoming,121,,,,9907,,,,Tract 9907,3764,25,1,5,1
G36012109908,1980,New York,36,Wyoming,121,,,,9908,,,,Tract 9908,3408,14,3,11,7
G36012309901,1980,New York,36,Yates,123,,,,9901,,,,Tract 9901,4968,25,5,3,13
G36012309902,1980,New York,36,Yates,123,,,,9902,,,,Tract 9902,5731,45,5,8,16
G36012309903,1980,New York,36,Yates,123,,,,9903,,,,Tract 9903,5642,33,7,11,12
G36012309904,1980,New York,36,Yates,123,,,,9904,,,,Tract 9904,4887,27,3,4,14