GISJOIN,YEAR,STUSAB,ANRCA,AIANHHA,RES_ONLYA,TRUSTA,AIANCC,RES_TRSTA,BLOCKA,BLCK_GRPA,TRACTA,CD101A,C_CITYA,CMSA,COUNTY,COUNTYA,CTY_SUBA,COUSUBCC,DIVISIONA,MSA_CMSAA,PLACEA,PLACECC,PLACEDC,PMSAA,REGIONA,STATE,STATEA,URBRURALA,URB_AREAA,CD103A,AREALAND,AREAWAT,ANPSADPI,FUNCSTAT,INTPTLAT,INTPTLNG,PSADC,white,black,native,asian,other,white_his,black_his,native_his,asian_his,other_his
G36000100001,1990,NY,,,,,,,,,0001,,,99,Albany,001,,,2,0160,,,,9999,1,New York,36,,,,0000002358,0000000236,Tract 1,S,42669667,-73736493,,1231,1137,5,36,16,25,24,0,0,50
G36000100002,1990,NY,,,,,,,,,0002,,,99,Albany,001,,,2,0160,,,,9999,1,New York,36,,,,0000002086,0000000000,Tract 2,S,42664500,-73752434,,914,4605,22,195,25,79,83,1,4,83
G36000100003,1990,NY,,,,,,,,,0003,,,99,Albany,001,,,2,0160,,,,9999,1,New York,36,,,,0000005809,0000000031,Tract 3,S,42679800,-73781199,,4713,976,11,82,16,102,23,0,2,30
G3600010000401,1990,NY,,,,,,,,,000401,,,99,Albany,001,,,2,0160,,,,9999,1,New York,36,,,,0000009244,0000000065,Tract 4.01,S,42705805,-73867342,,1907,164,0,59,0,50,7,0,3,14
G3600010000402,1990,NY,,,,,,,,,000402,,,99,Albany,001,,,2,0160,,,,9999,1,New York,36,,,,0000005030,0000000072,Tract 4.02,S,42680333,-73815049,,8186,671,16,367,4,213,34,0,3,191
G3600010000501,1990,NY,,,,,,,,,000501,,,99,Albany,001,,,2,0160,,,,9999,1,New York,36,,,,0000000549,0000000000,Tract 5.01,S,42671250,-73783759,,2708,423,17,72,7,65,23,0,0,46
G3600010000502,1990,NY,,,,,,,,,000502,,,99,Albany,001,,,2,0160,,,,9999,1,New York,36,,,,0000000776,0000000000,Tract 5.02,S,42667701,-73787479,,2932,221,7,132,3,60,18,1,1,52
G36000100006,1990,NY,,,,,,,,,0006,,,99,Albany,001,,,2,0160,,,,9999,1,New York,36,,,,0000000522,0000000000,Tract 6,S,42663900,-73773630,,2485,602,3,167,11,110,18,1,1,24
G36000100007,1990,NY,,,,,,,,,0007,,,99,Albany,001,,,2,0160,,,,9999,1,New York,36,,,,0000001618,0000000002,Tract 7,S,42668250,-73767970,,1605,2871,26,45,16,59,43,1,0,68
G36000100008,1990,NY,,,,,,,,,0008,,,99,Albany,001,,,2,0160,,,,9999,1,New York,36,,,,0000000352,0000000000,Tract 8,S,42659800,-73765599,,1159,1215,12,27,8,23,16,0,4,50
G36000100011,1990,NY,,,,,,,,,0011,,,99,Albany,001,,,2,0160,,,,9999,1,New York,36,,,,0000001832,0000000166,Tract 11,S,42651850,-73751349,,833,347,4,8,2,25,2,0,0,27
G36000100014,1990,NY,,,,,,,,,0014,,,99,Albany,001,,,2,0160,,,,9999,1,New York,36,,,,0000000767,0000000018,Tract 14,S,42656650,-73769599,,3092,314,11,108,1,70,13,1,7,48
G36000100015,1990,NY,,,,,,,,,0015,,,99,Albany,001,,,2,0160,,,,9999,1,New York,36,,,,0000000585,0000000000,Tract 15,S,42656800,-73781419,,3923,233,5,154,4,69,21,2,3,12
G36000100016,1990,NY,,,,,,,,,0016,,,99,Albany,001,,,2,0160,,,,9999,1,New York,36,,,,0000000927,0000000000,Tract 16,S,42658450,-73790312,,3899,194,10,134,8,79,11,0,2,34
G36000100017,1990,NY,,,,,,,,,0017,,,99,Albany,001,,,2,0160,,,,9999,1,New York,36,,,,0000001345,0000000000,Tract 17,S,42662050,-73799765,,3926,153,9,78,6,67,1,1,0,24
G3600010001801,1990,NY,,,,,,,,,001801,,,99,Albany,001,,,2,0160,,,,9999,1,New York,36,,,,0000007439,0000000026,Tract 18.01,S,42653000,-73813720,,6311,133,1,81,3,53,4,0,3,19
G3600010001802,1990,NY,,,,,,,,,001802,,,99,Albany,001,,,2,0160,,,,9999,1,New York,36,,,,0000002106,0000000000,Tract 18.02,S,42668967,-73819671,,4161,79,6,53,4,43,2,0,0,7
G3600010001901,1990,NY,,,,,,,,,001901,,,99,Albany,001,,,2,0160,,,,9999,1,New York,36,,,,0000000854,0000000000,Tract 19.01,S,42651150,-73792410,,2729,64,1,40,4,34,0,0,0,3
G3600010001902,1990,NY,,,,,,,,,001902,,,99,Albany,001,,,2,0160,,,,9999,1,New York,36,,,,0000001218,0000000000,Tract 19.02,S,42644550,-73796464,,2576,42,3,49,0,19,0,0,6,8
G36000100020,1990,NY,,,,,,,,,0020,,,99,Albany,001,,,2,0160,,,,9999,1,New York,36,,,,0000002973,0000000000,Tract 20,S,42635133,-73784749,,5394,336,6,82,12,60,9,0,0,39
G36000100021,1990,NY,,,,,,,,,0021,,,99,Albany,001,,,2,0160,,,,9999,1,New York,36,,,,0000001418,0000000000,Tract 21,S,42653068,-73778951,,2920,601,17,144,15,66,23,0,5,32
G36000100022,1990,NY,,,,,,,,,0022,,,99,Albany,001,,,2,0160,,,,9999,1,New York,36,,,,0000000267,0000000000,Tract 22,S,42649950,-73765699,,1606,552,20,30,4,46,23,1,3,15
G36000100023,1990,NY,,,,,,,,,0023,,,99,Albany,001,,,2,0160,,,,9999,1,New York,36,,,,0000000633,0000000000,Tract 23,S,42644667,-73765264,,1073,912,10,31,19,39,30,2,2,51
G36000100025,1990,NY,,,,,,,,,0025,,,99,Albany,001,,,2,0160,,,,9999,1,New York,36,,,,0000000687,0000000115,Tract 25,S,42641400,-73754583,,1250,1781,18,41,31,50,30,0,0,66
G36000100026,1990,NY,,,,,,,,,0026,,,99,Albany,001,,,2,0160,,,,9999,1,New York,36,,,,0000004422,0000000617,Tract 26,S,42629721,-73764873,,3246,1743,23,60,19,63,42,3,2,56
G36000100127,1990,NY,,,,,,,,,0127,,,99,Albany,001,,,2,0160,,,,9999,1,New York,36,,,,0000001497,0000000668,Tract 127,S,42770001,-73688673,,2256,12,3,1,1,8,0,1,0,2
G36000100128,1990,NY,,,,,,,,,0128,,,99,Albany,001,,,2,0160,,,,9999,1,New York,36,,,,0000001594,0000000179,Tract 128,S,42764200,-73700446,,4163,21,13,9,4,19,6,0,0,8
G36000100129,1990,NY,,,,,,,,,0129,,,99,Albany,001,,,2,0160,,,,9999,1,New York,36,,,,0000001500,0000000404,Tract 129,S,42780700,-73706517,,3537,24,2,5,0,26,0,0,0,16
G36000100130,1990,NY,,,,,,,,,0130,,,99,Albany,001,,,2,0160,,,,9999,1,New York,36,,,,0000005102,0000000043,Tract 130,S,42775450,-73722071,,6587,43,8,26,1,14,1,0,4,4
G36000100131,1990,NY,,,,,,,,,0131,,,99,Albany,001,,,2,0160,,,,9999,1,New York,36,,,,0000001816,0000000575,Tract 131,S,42747767,-73692599,,2446,3,12,10,0,16,0,0,0,3
G36000100132,1990,NY,,,,,,,,,0132,,,99,Albany,001,,,2,0160,,,,9999,1,New York,36,,,,0000000841,0000000154,Tract 132,S,42729100,-73701459,,3607,39,7,20,1,29,6,0,1,13
G36000100133,1990,NY,,,,,,,,,0133,,,99,Albany,001,,,2,0160,,,,9999,1,New York,36,,,,0000001344,0000000000,Tract 133,S,42731500,-73710358,,4372,109,5,21,0,32,5,6,0,11
G36000100134,1990,NY,,,,,,,,,0134,,,99,Albany,001,,,2,0160,,,,9999,1,New York,36,,,,0000001205,0000000239,Tract 134,S,42713967,-73707652,,2727,23,7,6,4,5,0,0,0,5
G3600010013502,1990,NY,,,,,,,,,013502,,,99,Albany,001,,,2,0160,,,,9999,1,New York,36,,,,0000023413,0000002527,Tract 135.02,S,42772051,-73770800,,6953,142,6,217,1,68,5,0,1,11
G3600010013503,1990,NY,,,,,,,,,013503,,,99,Albany,001,,,2,0160,,,,9999,1,New York,36,,,,0000010944,0000001204,Tract 135.03,S,42784251,-73730614,,2970,60,9,120,2,25,3,0,2,10
G3600010013504,1990,NY,,,,,,,,,013504,,,99,Albany,001,,,2,0160,,,,9999,1,New York,36,,,,0000011893,0000000029,Tract 135.04,S,42746678,-73736535,,8547,96,9,172,3,67,3,0,9,14
G3600010013601,1990,NY,,,,,,,,,013601,,,99,Albany,001,,,2,0160,,,,9999,1,New York,36,,,,0000013732,0000000132,Tract 136.01,S,42712633,-73732215,,6559,105,3,137,2,63,0,0,6,33
G3600010013602,1990,NY,,,,,,,,,013602,,,99,Albany,001,,,2,0160,,,,9999,1,New York,36,,,,0000008278,0000000561,Tract 136.02,S,42691189,-73728647,,3945,239,2,64,5,48,7,0,6,17
G3600010013703,1990,NY,,,,,,,,,013703,,,99,Albany,001,,,2,0160,,,,9999,1,New York,36,,,,0000016002,0000000054,Tract 137.03,S,42743551,-73813358,,2417,352,11,40,0,22,10,0,0,15
G3600010013704,1990,NY,,,,,,,,,013704,,,99,Albany,001,,,2,0160,,,,9999,1,New York,36,,,,0000010908,0000000074,Tract 137.04,S,42715550,-73770294,,8009,114,6,316,10,79,5,0,4,17
G3600010013705,1990,NY,,,,,,,,,013705,,,99,Albany,001,,,2,0160,,,,9999,1,New York,36,,,,0000008521,0000000021,Tract 137.05,S,42703950,-73784651,,6326,133,3,103,4,61,1,0,7,5
G3600010013801,1990,NY,,,,,,,,,013801,,,99,Albany,001,,,2,0160,,,,9999,1,New York,36,,,,0000020903,0000000011,Tract 138.01,S,42746483,-73879442,,6486,260,14,104,8,40,5,0,0,12
G3600010013802,1990,NY,,,,,,,,,013802,,,99,Albany,001,,,2,0160,,,,9999,1,New York,36,,,,0000005478,0000000005,Tract 138.02,S,42762500,-73849598,,3488,85,3,49,0,18,12,0,0,9
G36000100139,1990,NY,,,,,,,,,0139,,,99,Albany,001,,,2,0160,,,,9999,1,New York,36,,,,0000008743,0000000019,Tract 139,S,42720800,-73834580,,7457,243,13,200,2,83,5,0,2,14
G36000100140,1990,NY,,,,,,,,,0140,,,99,Albany,001,,,2,0160,,,,9999,1,New York,36,,,,0000006442,0000000011,Tract 140,S,42698900,-73808806,,8502,262,18,114,7,84,9,0,4,21
G36000100141,1990,NY,,,,,,,,,0141,,,99,Albany,001,,,2,0160,,,,9999,1,New York,36,,,,0000015782,0000000000,Tract 141,S,42649850,-73845633,,3568,40,5,96,0,38,0,0,0,1
G3600010014201,1990,NY,,,,,,,,,014201,,,99,Albany,001,,,2,0160,,,,9999,1,New York,36,,,,0000012496,0000000020,Tract 142.01,S,42616550,-73794974,,4399,30,1,33,2,28,1,1,0,1
G3600010014202,1990,NY,,,,,,,,,014202,,,99,Albany,001,,,2,0160,,,,9999,1,New York,36,,,,0000007903,0000000000,Tract 142.02,S,42618067,-73864741,,4631,30,4,64,0,38,0,0,0,0
G3600010014203,1990,NY,,,,,,,,,014203,,,99,Albany,001,,,2,0160,,,,9999,1,New York,36,,,,0000010988,0000000000,Tract 142.03,S,42603350,-73845710,,5655,50,6,65,4,47,2,0,1,6
G3600010014301,1990,NY,,,,,,,,,014301,,,99,Albany,001,,,2,0160,,,,9999,1,New York,36,,,,0000032092,0000001842,Tract 143.01,S,42559000,-73786281,,2452,295,7,18,1,19,19,0,0,46
G3600010014302,1990,NY,,,,,,,,,014302,,,99,Albany,001,,,2,0160,,,,9999,1,New York,36,,,,0000046929,0000000000,Tract 143.02,S,42564600,-73842794,,5668,51,3,73,0,33,3,1,2,14
G3600010014401,1990,NY,,,,,,,,,014401,,,99,Albany,001,,,2,0160,,,,9999,1,New York,36,,,,0000127290,0000007553,Tract 144.01,S,42495066,-73882780,,4553,82,6,11,3,64,0,0,0,14
G3600010014402,1990,NY,,,,,,,,,014402,,,99,Albany,001,,,2,0160,,,,9999,1,New York,36,,,,0000002661,0000000000,Tract 144.02,S,42472296,-73810423,,3278,72,5,11,0,45,5,1,0,8
G3600010014501,1990,NY,,,,,,,,,014501,,,99,Albany,001,,,2,0160,,,,9999,1,New York,36,,,,0000056669,0000000051,Tract 145.01,S,42644563,-73954506,,2299,1,2,2,2,9,0,1,0,0
G3600010014502,1990,NY,,,,,,,,,014502,,,99,Albany,001,,,2,0160,,,,9999,1,New York,36,,,,0000088562,0000000806,Tract 145.02,S,42579496,-73932841,,3741,11,5,20,0,31,0,0,0,3
G3600010014503,1990,NY,,,,,,,,,014503,,,99,Albany,001,,,2,0160,,,,9999,1,New York,36,,,,0000005177,0000000000,Tract 145.03,S,42649058,-73933443,,2942,14,8,27,0,17,1,0,0,3
G3600010014606,1990,NY,,,,,,,,,014606,,,99,Albany,001,,,2,0160,,,,9999,1,New York,36,,,,0000017579,0000000028,Tract 146.06,S,42744100,-73977908,,3070,15,1,20,0,18,0,0,0,13
G3600010014607,1990,NY,,,,,,,,,014607,,,99,Albany,001,,,2,0160,,,,9999,1,New York,36,,,,0000021861,0000000092,Tract 146.07,S,42724834,-73910731,,6221,89,3,71,7,63,0,1,0,3
G3600010014608,1990,NY,,,,,,,,,014608,,,99,Albany,001,,,2,0160,,,,9999,1,New York,36,,,,0000004035,0000000000,Tract 146.08,S,42688700,-73856426,,2757,45,2,65,8,19,0,0,0,6
G3600010014609,1990,NY,,,,,,,,,014609,,,99,Albany,001,,,2,0160,,,,9999,1,New York,36,,,,0000006509,0000000000,Tract 146.09,S,42676909,-73851098,,4468,163,6,79,4,66,7,1,4,17
G3600010014610,1990,NY,,,,,,,,,014610,,,99,Albany,001,,,2,0160,,,,9999,1,New York,36,,,,0000013031,0000000018,Tract 146.10,S,42688937,-73902499,,5354,209,5,149,4,66,9,0,0,9
G3600010014611,1990,NY,,,,,,,,,014611,,,99,Albany,001,,,2,0160,,,,9999,1,New York,36,,,,0000051679,0000001699,Tract 146.11,S,42701300,-73970188,,3103,43,7,23,1,19,1,0,1,13
G3600010014612,1990,NY,,,,,,,,,014612,,,99,Albany,001,,,2,0160,,,,9999,1,New York,36,,,,0000002756,0000000000,Tract 146.12,S,42705083,-74036297,,1499,5,1,2,0,12,0,0,0,0
G3600010014613,1990,NY,,,,,,,,,014613,,,99,Albany,001,,,2,0160,,,,9999,1,New York,36,,,,0000033322,0000000003,Tract 146.13,S,42713500,-74033156,,892,17,1,2,0,2,0,0,0,3
G36000100147,1990,NY,,,,,,,,,0147,,,99,Albany,001,,,2,0160,,,,9999,1,New York,36,,,,0000107470,0000000362,Tract 147,S,42673890,-74115415,,2622,14,0,10,0,14,0,0,0,1
G3600010014801,1990,NY,,,,,,,,,014801,,,99,Albany,001,,,2,0160,,,,9999,1,New York,36,,,,0000166046,0000001647,Tract 148.01,S,42591941,-74119864,,3022,13,1,6,0,11,0,0,0,0
G3600010014802,1990,NY,,,,,,,,,014802,,,99,Albany,001,,,2,0160,,,,9999,1,New York,36,,,,0000159821,0000001021,Tract 148.02,S,42476917,-74178771,,1902,43,2,11,0,27,3,0,0,2
G3600010014803,1990,NY,,,,,,,,,014803,,,99,Albany,001,,,2,0160,,,,9999,1,New York,36,,,,0000149924,0000001737,Tract 148.03,S,42484051,-74042282,,3283,2,6,2,1,22,0,0,0,9
G36000309501,1990,NY,,,,,,,,,9501,,,99,Allegany,003,,,2,9999,,,,9999,1,New York,36,,,,0000330440,0000000730,BNA 9501,S,42402135,-77835151,,2619,4,8,6,1,8,0,0,0,0
G36000309502,1990,NY,,,,,,,,,9502,,,99,Allegany,003,,,2,9999,,,,9999,1,New York,36,,,,0000368870,0000002252,BNA 9502,S,42409353,-78024285,,3163,16,4,9,0,5,1,0,0,1
G36000309503,1990,NY,,,,,,,,,9503,,,99,Allegany,003,,,2,9999,,,,9999,1,New York,36,,,,0000231861,0000002053,BNA 9503,S,42465130,-78196461,,4640,19,13,47,2,22,3,0,0,7
G36000309504,1990,NY,,,,,,,,,9504,,,99,Allegany,003,,,2,9999,,,,9999,1,New York,36,,,,0000336056,0000002942,BNA 9504,S,42301563,-78195670,,3776,20,16,0,1,24,0,0,0,3
G36000309505,1990,NY,,,,,,,,,9505,,,99,Allegany,003,,,2,9999,,,,9999,1,New York,36,,,,0000134974,0000001756,BNA 9505,S,42174918,-78231286,,3934,4,4,7,1,8,0,1,0,3
G36000309506,1990,NY,,,,,,,,,9506,,,99,Allegany,003,,,2,9999,,,,9999,1,New York,36,,,,0000155210,0000000142,BNA 9506,S,42217198,-78052768,,3892,37,7,9,0,15,0,1,0,12
G36000309507,1990,NY,,,,,,,,,9507,,,99,Allegany,003,,,2,9999,,,,9999,1,New York,36,,,,0000092684,0000000076,BNA 9507,S,42171974,-77926014,,4231,17,17,27,3,28,0,2,1,0
G36000309508,1990,NY,,,,,,,,,9508,,,99,Allegany,003,,,2,9999,,,,9999,1,New York,36,,,,0000200568,0000000294,BNA 9508,S,42264974,-77858888,,6383,147,11,156,2,52,4,0,5,35
G36000309509,1990,NY,,,,,,,,,9509,,,99,Allegany,003,,,2,9999,,,,9999,1,New York,36,,,,0000205832,0000000181,BNA 9509,S,42145935,-77802098,,4129,8,10,2,0,24,0,0,0,1
G36000309510,1990,NY,,,,,,,,,9510,,,99,Allegany,003,,,2,9999,,,,9999,1,New York,36,,,,0000203550,0000000232,BNA 9510,S,42039092,-77896445,,3557,7,2,11,0,15,0,0,0,4
G36000309511,1990,NY,,,,,,,,,9511,,,99,Allegany,003,,,2,9999,,,,9999,1,New York,36,,,,0000154298,0000000040,BNA 9511,S,42083236,-78040642,,3941,3,1,13,6,8,0,4,0,4
G36000309512,1990,NY,,,,,,,,,9512,,,99,Allegany,003,,,2,9999,,,,9999,1,New York,36,,,,0000252539,0000000153,BNA 9512,S,42068087,-78205308,,5186,13,2,11,0,8,2,0,0,2
G36000309513,1990,NY,,,,,,,,,9513,,,99,Allegany,003,,,2,9999,,,,9999,1,New York,36,,,,0000001546,0000000030,BNA 9513,S,42229276,-78303497,,2,0,0,0,0,0,0,0,0,0
G36000500001,1990,NY,,,,,,,,,0001,,,70,Bronx,005,,,2,5602,,,,5600,1,New York,36,,,,0000001672,0000000998,Tract 1,S,40793747,-73882336,,453,4902,10,31,17,898,4978,71,12,2678
G36000500002,1990,NY,,,,,,,,,0002,,,70,Bronx,005,,,2,5602,,,,5600,1,New York,36,,,,0000000453,0000001010,Tract 2,S,40807217,-73858732,,337,675,6,20,4,701,226,19,5,1127
G36000500004,1990,NY,,,,,,,,,0004,,,70,Bronx,005,,,2,5602,,,,5600,1,New York,36,,,,0000000747,0000000785,Tract 4,S,40806800,-73850748,,194,397,2,37,15,625,98,4,9,919
G36000500005,1990,NY,,,,,,,,,0005,,,70,Bronx,005,,,2,5602,,,,5600,1,New York,36,,,,0000000081,0000000268,Tract 5,S,40798800,-73898950,,0,0,0,0,0,0,0,0,0,0
G36000500011,1990,NY,,,,,,,,,0011,,,70,Bronx,005,,,2,5602,,,,5600,1,New York,36,,,,0000000425,0000000000,Tract 11,S,40802689,-73911850,,75,121,1,10,3,223,10,1,0,281
G36000500015,1990,NY,,,,,,,,,0015,,,70,Bronx,005,,,2,5602,,,,5600,1,New York,36,,,,0000000073,0000000000,Tract 15,S,40803167,-73918399,,0,1,0,0,0,9,2,0,0,35
G36000500016,1990,NY,,,,,,,,,0016,,,70,Bronx,005,,,2,5602,,,,5600,1,New York,36,,,,0000000474,0000000000,Tract 16,S,40818362,-73859550,,301,1573,10,34,24,1258,441,14,14,1552
G36000500017,1990,NY,,,,,,,,,0017,,,70,Bronx,005,,,2,5602,,,,5600,1,New York,36,,,,0000000248,0000000000,Tract 17,S,40806767,-73925245,,32,143,0,2,2,203,47,0,0,388
G36000500020,1990,NY,,,,,,,,,0020,,,70,Bronx,005,,,2,5602,,,,5600,1,New York,36,,,,0000000397,0000000000,Tract 20,S,40817450,-73866044,,153,4413,32,20,13,1288,834,10,62,2285
G36000500023,1990,NY,,,,,,,,,0023,,,70,Bronx,005,,,2,5602,,,,5600,1,New York,36,,,,0000000101,0000000000,Tract 23,S,40808500,-73924939,,74,1837,10,9,24,592,394,7,1,1717
G36000500024,1990,NY,,,,,,,,,0024,,,70,Bronx,005,,,2,5602,,,,5600,1,New York,36,,,,0000000685,0000000251,Tract 24,S,40818500,-73875836,,0,0,0,0,0,0,0,0,0,0
G36000500025,1990,NY,,,,,,,,,0025,,,70,Bronx,005,,,2,5602,,,,5600,1,New York,36,,,,0000000114,0000000000,Tract 25,S,40806650,-73920878,,41,1266,4,15,20,1029,398,22,12,2677
G3600050002701,1990,NY,,,,,,,,,002701,,,70,Bronx,005,,,2,5602,,,,5600,1,New York,36,,,,0000000087,0000000000,Tract 27.01,S,40804800,-73917549,,20,1172,0,3,8,436,250,0,0,1033
G3600050002702,1990,NY,,,,,,,,,002702,,,70,Bronx,005,,,2,5602,,,,5600,1,New York,36,,,,0000000156,0000000000,Tract 27.02,S,40806200,-73913755,,51,1098,11,5,16,444,313,13,10,2051
G36000500028,1990,NY,,,,,,,,,0028,,,70,Bronx,005,,,2,5602,,,,5600,1,New York,36,,,,0000000415,0000000026,Tract 28,S,40822400,-73878699,,57,4747,14,21,11,389,252,10,1,462
G36000500031,1990,NY,,,,,,,,,0031,,,70,Bronx,005,,,2,5602,,,,5600,1,New York,36,,,,0000000140,0000000000,Tract 31,S,40809450,-73906213,,5,33,0,2,3,162,34,1,4,498
G36000500033,1990,NY,,,,,,,,,0033,,,70,Bronx,005,,,2,5602,,,,5600,1,New York,36,,,,0000000148,0000000000,Tract 33,S,40808150,-73913042,,36,1170,0,7,19,421,209,8,9,1410
G36000500035,1990,NY,,,,,,,,,0035,,,70,Bronx,005,,,2,5602,,,,5600,1,New York,36,,,,0000000140,0000000000,Tract 35,S,40810750,-73908939,,39,765,2,9,12,398,138,18,4,1487
G36000500036,1990,NY,,,,,,,,,0036,,,70,Bronx,005,,,2,5602,,,,5600,1,New York,36,,,,0000000352,0000000000,Tract 36,S,40824050,-73863636,,200,3707,8,38,29,1192,485,3,8,1885
G36000500037,1990,NY,,,,,,,,,0037,,,70,Bronx,005,,,2,5602,,,,5600,1,New York,36,,,,0000000173,0000000000,Tract 37,S,40811450,-73912690,,5,2,0,0,0,20,6,0,0,45
G36000500038,1990,NY,,,,,,,,,0038,,,70,Bronx,005,,,2,5602,,,,5600,1,New York,36,,,,0000000066,0000000000,Tract 38,S,40820000,-73863695,,18,439,5,15,0,170,72,1,0,253
G36000500039,1990,NY,,,,,,,,,0039,,,70,Bronx,005,,,2,5602,,,,5600,1,New York,36,,,,0000000213,0000000000,Tract 39,S,40809300,-73921152,,110,923,6,14,44,948,266,12,18,2965
G3600050004001,1990,NY,,,,,,,,,004001,,,70,Bronx,005,,,2,5602,,,,5600,1,New York,36,,,,0000000117,0000000000,Tract 40.01,S,40828150,-73858628,,352,202,2,96,5,271,62,0,17,325
G3600050004002,1990,NY,,,,,,,,,004002,,,70,Bronx,005,,,2,5602,,,,5600,1,New York,36,,,,0000000118,0000000000,Tract 40.02,S,40824823,-73858066,,0,0,0,0,0,0,0,0,0,0
G36000500041,1990,NY,,,,,,,,,0041,,,70,Bronx,005,,,2,5602,,,,5600,1,New York,36,,,,0000000184,0000000000,Tract 41,S,40811200,-73919501,,94,1872,15,25,15,923,331,2,13,2890
G36000500043,1990,NY,,,,,,,,,0043,,,70,Bronx,005,,,2,5602,,,,5600,1,New York,36,,,,0000000221,0000000000,Tract 43,S,40813750,-73917950,,54,888,0,3,25,903,255,14,25,2476
G36000500044,1990,NY,,,,,,,,,0044,,,70,Bronx,005,,,2,5602,,,,5600,1,New York,36,,,,0000000253,0000000000,Tract 44,S,40826350,-73867156,,168,2398,3,23,13,790,258,5,12,1294
G36000500046,1990,NY,,,,,,,,,0046,,,70,Bronx,005,,,2,5602,,,,5600,1,New York,36,,,,0000000156,0000000000,Tract 46,S,40822231,-73869551,,54,594,1,4,5,353,127,4,0,374
G36000500047,1990,NY,,,,,,,,,0047,,,70,Bronx,005,,,2,5602,,,,5600,1,New York,36,,,,0000000226,0000000000,Tract 47,S,40814000,-73925994,,53,2594,9,18,10,682,523,14,8,2032
G36000500048,1990,NY,,,,,,,,,0048,,,70,Bronx,005,,,2,5602,,,,5600,1,New York,36,,,,0000000141,0000000000,Tract 48,S,40827800,-73875144,,73,563,19,116,40,914,433,36,34,1883
G36000500049,1990,NY,,,,,,,,,0049,,,70,Bronx,005,,,2,5602,,,,5600,1,New York,36,,,,0000000184,0000000000,Tract 49,S,40813567,-73928731,,7,93,2,2,4,39,17,0,7,190
G36000500050,1990,NY,,,,,,,,,0050,,,70,Bronx,005,,,2,5602,,,,5600,1,New York,36,,,,0000000210,0000000000,Tract 50,S,40827200,-73878943,,169,2142,26,124,55,1891,821,39,16,4936
G36000500052,1990,NY,,,,,,,,,0052,,,70,Bronx,005,,,2,5602,,,,5600,1,New York,36,,,,0000000179,0000000000,Tract 52,S,40824300,-73883099,,21,601,1,17,5,303,160,5,3,804
G3600050005301,1990,NY,,,,,,,,,005301,,,70,Bronx,005,,,2,5602,,,,5600,1,New York,36,,,,0000000762,0000000006,Tract 53.01,S,40830994,-73932450,,0,0,0,0,0,0,0,0,0,0
G3600050005302,1990,NY,,,,,,,,,005302,,,70,Bronx,005,,,2,5602,,,,5600,1,New York,36,,,,0000000258,0000000035,Tract 53.02,S,40855872,-73917990,,32,3341,20,26,14,218,334,2,0,747
G36000500054,1990,NY,,,,,,,,,0054,,,70,Bronx,005,,,2,5602,,,,5600,1,New York,36,,,,0000000203,0000000000,Tract 54,S,40829700,-73880380,,98,1323,20,120,28,1373,546,21,17,2042
G36000500056,1990,NY,,,,,,,,,0056,,,70,Bronx,005,,,2,5602,,,,5600,1,New York,36,,,,0000000143,0000000000,Tract 56,S,40832300,-73880169,,56,693,3,48,24,455,320,20,19,813
G36000500057,1990,NY,,,,,,,,,0057,,,70,Bronx,005,,,2,5602,,,,5600,1,New York,36,,,,0000000418,0000000000,Tract 57,S,40819600,-73929918,,36,392,2,22,4,40,59,0,6,304
G36000500058,1990,NY,,,,,,,,,0058,,,70,Bronx,005,,,2,5602,,,,5600,1,New York,36,,,,0000000492,0000000000,Tract 58,S,40833983,-73882624,,0,0,0,0,0,0,0,0,0,0
G3600050005901,1990,NY,,,,,,,,,005901,,,70,Bronx,005,,,2,5602,,,,5600,1,New York,36,,,,0000000211,0000000000,Tract 59.01,S,40823800,-73926961,,208,1681,25,212,12,602,439,18,35,1744
G3600050005902,1990,NY,,,,,,,,,005902,,,70,Bronx,005,,,2,5602,,,,5600,1,New York,36,,,,0000000078,0000000000,Tract 59.02,S,40824200,-73923776,,177,1210,15,13,14,261,199,4,20,714
G36000500060,1990,NY,,,,,,,,,0060,,,70,Bronx,005,,,2,5602,,,,5600,1,New York,36,,,,0000000091,0000000000,Tract 60,S,40838833,-73875698,,39,99,4,13,10,220,72,5,4,526
G36000500061,1990,NY,,,,,,,,,0061,,,70,Bronx,005,,,2,5602,,,,5600,1,New York,36,,,,0000000245,0000000000,Tract 61,S,40821900,-73922994,,187,2935,12,14,9,128,106,0,0,58
G36000500062,1990,NY,,,,,,,,,0062,,,70,Bronx,005,,,2,5602,,,,5600,1,New York,36,,,,0000000190,0000000000,Tract 62,S,40832750,-73876349,,104,3468,11,44,32,855,550,8,24,1759
G36000500064,1990,NY,,,,,,,,,0064,,,70,Bronx,005,,,2,5602,,,,5600,1,New York,36,,,,0000000164,0000000000,Tract 64,S,40833200,-73872632,,85,1334,10,54,24,549,370,7,1,958
G36000500065,1990,NY,,,,,,,,,0065,,,70,Bronx,005,,,2,5602,,,,5600,1,New York,36,,,,0000000235,0000000000,Tract 65,S,40817250,-73921347,,283,1358,9,68,25,904,326,12,3,1338
G36000500066,1990,NY,,,,,,,,,0066,,,70,Bronx,005,,,2,5602,,,,5600,1,New York,36,,,,0000000151,0000000000,Tract 66,S,40833500,-73869819,,146,763,5,130,32,773,286,2,24,1471
G36000500067,1990,NY,,,,,,,,,0067,,,70,Bronx,005,,,2,5602,,,,5600,1,New York,36,,,,0000000204,0000000000,Tract 67,S,40819350,-73917799,,115,2252,14,39,14,1347,409,7,15,1812
G36000500068,1990,NY,,,,,,,,,0068,,,70,Bronx,005,,,2,5602,,,,5600,1,New York,36,,,,0000000155,0000000000,Tract 68,S,40828000,-73871423,,62,860,3,79,18,420,111,3,24,1008
G36000500069,1990,NY,,,,,,,,,0069,,,70,Bronx,005,,,2,5602,,,,5600,1,New York,36,,,,0000000178,0000000000,Tract 69,S,40822100,-73916400,,85,1807,18,16,14,646,352,16,2,1382
G36000500070,1990,NY,,,,,,,,,0070,,,70,Bronx,005,,,2,5602,,,,5600,1,New York,36,,,,0000000201,0000000000,Tract 70,S,40828700,-73865747,,308,604,20,186,11,706,157,7,113,1127
G36000500071,1990,NY,,,,,,,,,0071,,,70,Bronx,005,,,2,5602,,,,5600,1,New York,36,,,,0000000264,0000000000,Tract 71,S,40818500,-73912807,,17,193,0,0,10,199,65,1,0,575
G36000500072,1990,NY,,,,,,,,,0072,,,70,Bronx,005,,,2,5602,,,,5600,1,New York,36,,,,0000000200,0000000000,Tract 72,S,40831503,-73862206,,782,566,10,587,18,1033,178,7,54,1431
G36000500073,1990,NY,,,,,,,,,0073,,,70,Bronx,005,,,2,5602,,,,5600,1,New York,36,,,,0000000143,0000000000,Tract 73,S,40814600,-73910595,,30,949,1,7,6,471,257,20,11,1442
G36000500074,1990,NY,,,,,,,,,0074,,,70,Bronx,005,,,2,5602,,,,5600,1,New York,36,,,,0000000189,0000000000,Tract 74,S,40819100,-73853434,,151,1544,9,82,1,516,162,7,15,815
G36000500075,1990,NY,,,,,,,,,0075,,,70,Bronx,005,,,2,5602,,,,5600,1,New York,36,,,,0000000226,0000000000,Tract 75,S,40819450,-73909449,,25,1380,5,12,17,413,310,7,9,919
G36000500077,1990,NY,,,,,,,,,0077,,,70,Bronx,005,,,2,5602,,,,5600,1,New York,36,,,,0000000113,0000000000,Tract 77,S,40819800,-73905445,,16,357,9,1,0,154,105,6,7,438
G36000500078,1990,NY,,,,,,,,,0078,,,70,Bronx,005,,,2,5602,,,,5600,1,New York,36,,,,0000000271,0000000000,Tract 78,S,40828850,-73852507,,1094,570,46,312,38,1070,396,11,39,1869
G36000500079,1990,NY,,,,,,,,,0079,,,70,Bronx,005,,,2,5602,,,,5600,1,New York,36,,,,0000000204,0000000000,Tract 79,S,40814950,-73906499,,51,1270,5,13,16,1665,631,16,27,2284
G36000500081,1990,NY,,,,,,,,,0081,,,70,Bronx,005,,,2,5602,,,,5600,1,New York,36,,,,0000001577,0000001256,Tract 81,S,40806295,-73901748,,0,15,0,0,0,9,0,0,0,15
G36000500083,1990,NY,,,,,,,,,0083,,,70,Bronx,005,,,2,5602,,,,5600,1,New York,36,,,,0000000203,0000000000,Tract 83,S,40813600,-73903422,,81,865,11,20,20,1535,591,10,20,2055
G36000500084,1990,NY,,,,,,,,,0084,,,70,Bronx,005,,,2,5602,,,,5600,1,New York,36,,,,0000000158,0000000000,Tract 84,S,40815400,-73848249,,40,692,1,20,6,342,96,3,4,571
G36000500085,1990,NY,,,,,,,,,0085,,,70,Bronx,005,,,2,5602,,,,5600,1,New York,36,,,,0000000175,0000000000,Tract 85,S,40816650,-73899482,,64,1134,16,0,16,1361,749,16,26,1706
G36000500086,1990,NY,,,,,,,,,0086,,,70,Bronx,005,,,2,5602,,,,5600,1,New York,36,,,,0000000191,0000000000,Tract 86,S,40819350,-73850255,,70,1771,18,19,12,676,346,9,6,1515
G36000500087,1990,NY,,,,,,,,,0087,,,70,Bronx,005,,,2,5602,,,,5600,1,New York,36,,,,0000000219,0000000000,Tract 87,S,40819000,-73898258,,51,788,5,21,19,1103,528,20,4,2310
G36000500088,1990,NY,,,,,,,,,0088,,,70,Bronx,005,,,2,5602,,,,5600,1,New York,36,,,,0000000180,0000000000,Tract 88,S,40819450,-73847131,,123,1367,6,33,17,624,137,7,1,1184
G36000500089,1990,NY,,,,,,,,,0089,,,70,Bronx,005,,,2,5602,,,,5600,1,New York,36,,,,0000000094,0000000000,Tract 89,S,40818900,-73894476,,34,220,0,7,2,685,254,11,1,1464
G36000500091,1990,NY,,,,,,,,,0091,,,70,Bronx,005,,,2,5602,,,,5600,1,New York,36,,,,0000000234,0000000000,Tract 91,S,40814300,-73894307,,7,55,0,3,0,17,128,2,6,41
G36000500092,1990,NY,,,,,,,,,0092,,,70,Bronx,005,,,2,5602,,,,5600,1,New York,36,,,,0000000335,0000000000,Tract 92,S,40831700,-73853221,,1047,265,32,318,20,980,131,32,22,1322
G36000500094,1990,NY,,,,,,,,,0094,,,70,Bronx,005,,,2,5602,,,,5600,1,New York,36,,,,0000000217,0000000000,Tract 94,S,40831000,-73846710,,563,79,2,55,2,229,13,0,5,358
G36000500097,1990,NY,,,,,,,,,0097,,,70,Bronx,005,,,2,5602,,,,5600,1,New York,36,,,,0000000993,0000001315,Tract 97,S,40803400,-73881295,,6,12,0,0,0,7,14,0,6,60
G36000500098,1990,NY,,,,,,,,,0098,,,70,Bronx,005,,,2,5602,,,,5600,1,New York,36,,,,0000000536,0000000000,Tract 98,S,40825550,-73848588,,476,1428,19,144,32,1182,291,14,31,1586
G36000500099,1990,NY,,,,,,,,,0099,,,70,Bronx,005,,,2,5602,,,,5600,1,New York,36,,,,0000000349,0000000000,Tract 99,S,40815300,-73888768,,114,501,2,6,6,807,265,6,5,2233
G36000500102,1990,NY,,,,,,,,,0102,,,70,Bronx,005,,,2,5602,,,,5600,1,New York,36,,,,0000000370,0000000151,Tract 102,S,40817787,-73843965,,3,5,0,2,0,6,0,0,0,3
G36000500105,1990,NY,,,,,,,,,0105,,,70,Bronx,005,,,2,5602,,,,5600,1,New York,36,,,,0000001320,0000000450,Tract 105,S,40808000,-73876318,,0,104,0,0,1,14,38,0,0,111
G36000500110,1990,NY,,,,,,,,,0110,,,70,Bronx,005,,,2,5602,,,,5600,1,New York,36,,,,0000002494,0000001408,Tract 110,S,40812802,-73832362,,221,79,0,2,3,91,15,0,0,65
G3600050011501,1990,NY,,,,,,,,,011501,,,70,Bronx,005,,,2,5602,,,,5600,1,New York,36,,,,0000000083,0000000000,Tract 115.01,S,40815750,-73885955,,9,320,7,0,5,137,153,0,0,461
G3600050011502,1990,NY,,,,,,,,,011502,,,70,Bronx,005,,,2,5602,,,,5600,1,New York,36,,,,0000000288,0000000000,Tract 115.02,S,40819950,-73887075,,45,683,7,11,15,548,252,2,18,1542
G36000500118,1990,NY,,,,,,,,,0118,,,70,Bronx,005,,,2,5602,,,,5600,1,New York,36,,,,0000000971,0000002976,Tract 118,S,40807850,-73798564,,3922,22,3,50,0,185,4,0,2,48
G36000500119,1990,NY,,,,,,,,,0119,,,70,Bronx,005,,,2,5602,,,,5600,1,New York,36,,,,0000000162,0000000000,Tract 119,S,40824000,-73890523,,34,1234,18,7,19,760,503,8,18,1829
G3600050012101,1990,NY,,,,,,,,,012101,,,70,Bronx,005,,,2,5602,,,,5600,1,New York,36,,,,0000000117,0000000000,Tract 121.01,S,40828633,-73889112,,30,223,2,20,5,342,142,1,0,905
G3600050012102,1990,NY,,,,,,,,,012102,,,70,Bronx,005,,,2,5602,,,,5600,1,New York,36,,,,0000000055,0000000000,Tract 121.02,S,40825900,-73888685,,10,120,1,0,3,342,140,8,10,675
G36000500123,1990,NY,,,,,,,,,0123,,,70,Bronx,005,,,2,5602,,,,5600,1,New York,36,,,,0000000144,0000000000,Tract 123,S,40830800,-73889484,,30,423,4,1,6,362,209,8,6,1114
G36000500125,1990,NY,,,,,,,,,0125,,,70,Bronx,005,,,2,5602,,,,5600,1,New York,36,,,,0000000174,0000000000,Tract 125,S,40829150,-73893802,,15,554,1,13,10,191,130,4,13,634
G3600050012701,1990,NY,,,,,,,,,012701,,,70,Bronx,005,,,2,5602,,,,5600,1,New York,36,,,,0000000107,0000000000,Tract 127.01,S,40825400,-73892917,,28,362,2,6,16,395,166,2,1,928
G3600050012702,1990,NY,,,,,,,,,012702,,,70,Bronx,005,,,2,5602,,,,5600,1,New York,36,,,,0000000065,0000000000,Tract 127.02,S,40822750,-73892795,,17,161,0,0,6,591,193,1,1,629
G3600050012901,1990,NY,,,,,,,,,012901,,,70,Bronx,005,,,2,5602,,,,5600,1,New York,36,,,,0000000154,0000000000,Tract 129.01,S,40822833,-73898840,,24,487,12,2,13,498,271,6,5,532
G3600050012902,1990,NY,,,,,,,,,012902,,,70,Bronx,005,,,2,5602,,,,5600,1,New York,36,,,,0000000041,0000000000,Tract 129.02,S,40822250,-73894924,,5,50,0,0,3,196,65,0,0,240
G36000500130,1990,NY,,,,,,,,,0130,,,70,Bronx,005,,,2,5602,,,,5600,1,New York,36,,,,0000000122,0000000000,Tract 130,S,40819650,-73815150,,742,1,0,10,0,115,0,0,0,45
G36000500131,1990,NY,,,,,,,,,0131,,,70,Bronx,005,,,2,5602,,,,5600,1,New York,36,,,,0000000232,0000000000,Tract 131,S,40825400,-73898764,,48,1167,10,9,10,401,232,3,7,735
G36000500132,1990,NY,,,,,,,,,0132,,,70,Bronx,005,,,2,5602,,,,5600,1,New York,36,,,,0000000617,0000000942,Tract 132,S,40813433,-73819058,,3718,32,0,65,2,511,6,0,1,135
G36000500133,1990,NY,,,,,,,,,0133,,,70,Bronx,005,,,2,5602,,,,5600,1,New York,36,,,,0000000165,0000000000,Tract 133,S,40821700,-73903436,,27,3749,8,14,20,680,525,10,8,1090
G36000500135,1990,NY,,,,,,,,,0135,,,70,Bronx,005,,,2,5602,,,,5600,1,New York,36,,,,0000000165,0000000000,Tract 135,S,40827100,-73902382,,20,1906,6,2,5,326,182,1,7,419
G36000500137,1990,NY,,,,,,,,,0137,,,70,Bronx,005,,,2,5602,,,,5600,1,New York,36,,,,0000000228,0000000000,Tract 137,S,40825867,-73906744,,44,2326,14,15,14,151,238,2,9,547
G36000500138,1990,NY,,,,,,,,,0138,,,70,Bronx,005,,,2,5602,,,,5600,1,New York,36,,,,0000000751,0000003438,Tract 138,S,40820799,-73793409,,2522,37,0,12,1,217,21,0,0,52
G36000500139,1990,NY,,,,,,,,,0139,,,70,Bronx,005,,,2,5602,,,,5600,1,New York,36,,,,0000000183,0000000000,Tract 139,S,40826400,-73909233,,4,391,0,0,2,56,94,0,4,154
G36000500141,1990,NY,,,,,,,,,0141,,,70,Bronx,005,,,2,5602,,,,5600,1,New York,36,,,,0000000157,0000000000,Tract 141,S,40823100,-73912296,,39,786,2,1,29,223,132,4,8,1273
G36000500143,1990,NY,,,,,,,,,0143,,,70,Bronx,005,,,2,5602,,,,5600,1,New York,36,,,,0000000148,0000000000,Tract 143,S,40827733,-73913212,,19,491,7,0,1,85,57,0,0,255
G36000500144,1990,NY,,,,,,,,,0144,,,70,Bronx,005,,,2,5602,,,,5600,1,New York,36,,,,0000000340,0000000000,Tract 144,S,40821550,-73824100,,672,2357,29,67,15,1191,245,8,1,1001
G36000500145,1990,NY,,,,,,,,,0145,,,70,Bronx,005,,,2,5602,,,,5600,1,New York,36,,,,0000000184,0000000000,Tract 145,S,40832250,-73907449,,33,3389,22,7,5,299,397,10,10,934
G36000500147,1990,NY,,,,,,,,,0147,,,70,Bronx,005,,,2,5602,,,,5600,1,New York,36,,,,0000000257,0000000000,Tract 147,S,40835750,-73905452,,36,7922,22,6,38,713,781,3,11,1986
G36000500149,1990,NY,,,,,,,,,0149,,,70,Bronx,005,,,2,5602,,,,5600,1,New York,36,,,,0000000156,0000000000,Tract 149,S,40833100,-73902342,,18,1716,9,6,7,148,220,1,6,534
G36000500151,1990,NY,,,,,,,,,0151,,,70,Bronx,005,,,2,5602,,,,5600,1,New York,36,,,,0000000215,0000000000,Tract 151,S,40830700,-73898373,,10,1773,7,4,15,87,157,4,2,414
G36000500153,1990,NY,,,,,,,,,0153,,,70,Bronx,005,,,2,5602,,,,5600,1,New York,36,,,,0000000233,0000000000,Tract 153,S,40833833,-73894254,,26,1424,2,14,2,281,209,0,10,485
G36000500154,1990,NY,,,,,,,,,0154,,,70,Bronx,005,,,2,5602,,,,5600,1,New York,36,,,,0000000105,0000000000,Tract 154,S,40826850,-73827753,,620,6,3,16,0,86,0,0,0,10
G36000500155,1990,NY,,,,,,,,,0155,,,70,Bronx,005,,,2,5602,,,,5600,1,New York,36,,,,0000000124,0000000000,Tract 155,S,40835803,-73890423,,19,551,1,19,12,379,166,0,2,794
G36000500156,1990,NY,,,,,,,,,0156,,,70,Bronx,005,,,2,5602,,,,5600,1,New York,36,,,,0000000182,0000000000,Tract 156,S,40825700,-73823049,,960,2,0,4,2,179,5,0,0,33
G36000500157,1990,NY,,,,,,,,,0157,,,70,Bronx,005,,,2,5602,,,,5600,1,New York,36,,,,0000000189,0000000000,Tract 157,S,40833950,-73887588,,33,654,4,13,17,385,261,7,6,804
G36000500158,1990,NY,,,,,,,,,0158,,,70,Bronx,005,,,2,5602,,,,5600,1,New York,36,,,,0000000163,0000000000,Tract 158,S,40823500,-73818917,,934,2,1,4,0,67,7,0,9,23
G36000500160,1990,NY,,,,,,,,,0160,,,70,Bronx,005,,,2,5602,,,,5600,1,New York,36,,,,0000000499,0000002729,Tract 160,S,40831200,-73795384,,3146,24,0,24,8,204,3,0,0,27
G36000500161,1990,NY,,,,,,,,,0161,,,70,Bronx,005,,,2,5602,,,,5600,1,New York,36,,,,0000000246,0000000000,Tract 161,S,40837800,-73885278,,31,2015,10,4,13,505,420,5,10,1276
G36000500162,1990,NY,,,,,,,,,0162,,,70,Bronx,005,,,2,5602,,,,5600,1,New York,36,,,,0000000177,0000000000,Tract 162,S,40829600,-73822477,,1399,0,0,13,0,84,0,0,0,9
G36000500163,1990,NY,,,,,,,,,0163,,,70,Bronx,005,,,2,5602,,,,5600,1,New York,36,,,,0000000580,0000000000,Tract 163,S,40838650,-73892842,,0,3,0,0,0,0,0,0,0,0
G36000500164,1990,NY,,,,,,,,,0164,,,70,Bronx,005,,,2,5602,,,,5600,1,New York,36,,,,0000000161,0000000000,Tract 164,S,40832150,-73825812,,946,0,0,0,0,51,0,0,0,4
G36000500165,1990,NY,,,,,,,,,0165,,,70,Bronx,005,,,2,5602,,,,5600,1,New York,36,,,,0000000163,0000000000,Tract 165,S,40843450,-73901021,,6,250,0,0,1,56,108,0,0,191
G36000500166,1990,NY,,,,,,,,,0166,,,70,Bronx,005,,,2,5602,,,,5600,1,New York,36,,,,0000000343,0000000000,Tract 166,S,40828100,-73830049,,1717,4,1,21,0,192,0,3,0,60
G36000500167,1990,NY,,,,,,,,,0167,,,70,Bronx,005,,,2,5602,,,,5600,1,New York,36,,,,0000000208,0000000000,Tract 167,S,40840900,-73902468,,10,375,0,0,6,98,103,1,0,373
G36000500169,1990,NY,,,,,,,,,0169,,,70,Bronx,005,,,2,5602,,,,5600,1,New York,36,,,,0000000086,0000000000,Tract 169,S,40837900,-73902637,,46,412,1,0,2,26,93,0,1,330
G36000500171,1990,NY,,,,,,,,,0171,,,70,Bronx,005,,,2,5602,,,,5600,1,New York,36,,,,0000000169,0000000000,Tract 171,S,40841817,-73907797,,1,176,0,0,1,5,41,0,0,33
G36000500173,1990,NY,,,,,,,,,0173,,,70,Bronx,005,,,2,5602,,,,5600,1,New York,36,,,,0000000170,0000000000,Tract 173,S,40826450,-73917042,,47,2451,4,0,27,465,507,9,24,2005
G36000500175,1990,NY,,,,,,,,,0175,,,70,Bronx,005,,,2,5602,,,,5600,1,New York,36,,,,0000000141,0000000000,Tract 175,S,40831050,-73914306,,66,3514,5,16,12,543,646,11,20,1430
G36000500177,1990,NY,,,,,,,,,0177,,,70,Bronx,005,,,2,5602,,,,5600,1,New York,36,,,,0000000251,0000000000,Tract 177,S,40834833,-73911154,,468,3968,32,18,40,770,699,10,7,1275
G36000500179,1990,NY,,,,,,,,,0179,,,70,Bronx,005,,,2,5602,,,,5600,1,New York,36,,,,0000000155,0000000000,Tract 179,S,40836050,-73914598,,108,1990,11,61,43,873,1207,32,30,2320
G36000500181,1990,NY,,,,,,,,,0181,,,70,Bronx,005,,,2,5602,,,,5600,1,New York,36,,,,0000000171,0000000000,Tract 181,S,40831800,-73917949,,171,3718,27,124,37,673,914,25,25,1624
G36000500183,1990,NY,,,,,,,,,0183,,,70,Bronx,005,,,2,5602,,,,5600,1,New York,36,,,,0000000177,0000000000,Tract 183,S,40828400,-73919859,,185,3709,62,196,35,775,638,48,60,1491
G36000500184,1990,NY,,,,,,,,,0184,,,70,Bronx,005,,,2,5602,,,,5600,1,New York,36,,,,0000000440,0000000000,Tract 184,S,40837250,-73829778,,3328,2,0,13,0,127,0,2,0,17
G36000500187,1990,NY,,,,,,,,,0187,,,70,Bronx,005,,,2,5602,,,,5600,1,New York,36,,,,0000000299,0000000000,Tract 187,S,40829150,-73927167,,3,83,2,0,4,35,24,0,0,52
G36000500189,1990,NY,,,,,,,,,0189,,,70,Bronx,005,,,2,5602,,,,5600,1,New York,36,,,,0000000204,0000000000,Tract 189,S,40832350,-73929308,,120,2032,9,81,36,565,500,24,31,2048
G36000500193,1990,NY,,,,,,,,,0193,,,70,Bronx,005,,,2,5602,,,,5600,1,New York,36,,,,0000000134,0000000000,Tract 193,S,40836900,-73928902,,71,2302,13,8,16,355,509,12,3,1240
G36000500194,1990,NY,,,,,,,,,0194,,,70,Bronx,005,,,2,5602,,,,5600,1,New York,36,,,,0000000881,0000000000,Tract 194,S,40833600,-73837319,,1176,6,0,15,0,166,4,0,6,98
G36000500195,1990,NY,,,,,,,,,0195,,,70,Bronx,005,,,2,5602,,,,5600,1,New York,36,,,,0000000227,0000000000,Tract 195,S,40830750,-73922830,,176,2174,92,138,100,641,770,39,17,2362
G36000500196,1990,NY,,,,,,,,,0196,,,70,Bronx,005,,,2,5602,,,,5600,1,New York,36,,,,0000000532,0000000016,Tract 196,S,40833867,-73844095,,116,11,1,39,2,145,15,0,8,68
G36000500197,1990,NY,,,,,,,,,0197,,,70,Bronx,005,,,2,5602,,,,5600,1,New York,36,,,,0000000148,0000000000,Tract 197,S,40834450,-73920624,,73,1402,49,195,64,849,1081,109,73,2084
G36000500198,1990,NY,,,,,,,,,0198,,,70,Bronx,005,,,2,5602,,,,5600,1,New York,36,,,,0000000199,0000000000,Tract 198,S,40841100,-73846483,,1506,52,3,493,3,756,51,2,60,357
G36000500199,1990,NY,,,,,,,,,0199,,,70,Bronx,005,,,2,5602,,,,5600,1,New York,36,,,,0000000176,0000000000,Tract 199,S,40835800,-73926518,,87,2237,7,30,23,833,590,3,9,1974
G36000500201,1990,NY,,,,,,,,,0201,,,70,Bronx,005,,,2,5602,,,,5600,1,New York,36,,,,0000000171,0000000000,Tract 201,S,40842300,-73925982,,77,1242,5,14,8,256,309,13,1,723
G36000500202,1990,NY,,,,,,,,,0202,,,70,Bronx,005,,,2,5602,,,,5600,1,New York,36,,,,0000000122,0000000000,Tract 202,S,40837850,-73848049,,825,50,22,109,1,349,29,1,5,241
G36000500204,1990,NY,,,,,,,,,0204,,,70,Bronx,005,,,2,5602,,,,5600,1,New York,36,,,,0000000129,0000000000,Tract 204,S,40840250,-73851184,,1335,55,5,140,10,644,58,0,10,233
G36000500205,1990,NY,,,,,,,,,0205,,,70,Bronx,005,,,2,5602,,,,5600,1,New York,36,,,,0000000237,0000000000,Tract 205,S,40849100,-73920613,,112,5367,28,19,41,617,634,9,15,2060
G3600050020601,1990,NY,,,,,,,,,020601,,,70,Bronx,005,,,2,5602,,,,5600,1,New York,36,,,,0000000149,0000000000,Tract 206.01,S,40836300,-73850616,,816,130,0,213,14,498,66,0,7,389
G3600050020602,1990,NY,,,,,,,,,020602,,,70,Bronx,005,,,2,5602,,,,5600,1,New York,36,,,,0000000068,0000000000,Tract 206.02,S,40838500,-73853728,,348,94,1,21,0,143,13,4,21,307
G36000500208,1990,NY,,,,,,,,,0208,,,70,Bronx,005,,,2,5602,,,,5600,1,New York,36,,,,0000000158,0000000000,Tract 208,S,40834747,-73857080,,581,92,7,95,8,373,61,1,16,484
G36000500210,1990,NY,,,,,,,,,0210,,,70,Bronx,005,,,2,5602,,,,5600,1,New York,36,,,,0000000362,0000000000,Tract 210,S,40839689,-73858235,,2214,5689,73,482,51,1431,663,4,51,1627
G36000500211,1990,NY,,,,,,,,,0211,,,70,Bronx,005,,,2,5602,,,,5600,1,New York,36,,,,0000000149,0000000000,Tract 211,S,40840450,-73924398,,39,1374,11,12,26,476,384,23,11,1160
G36000500212,1990,NY,,,,,,,,,0212,,,70,Bronx,005,,,2,5602,,,,5600,1,New York,36,,,,0000000093,0000000000,Tract 212,S,40835467,-73859040,,1136,2203,66,296,17,435,353,10,64,626
G3600050021301,1990,NY,,,,,,,,,021301,,,70,Bronx,005,,,2,5602,,,,5600,1,New York,36,,,,0000000063,0000000000,Tract 213.01,S,40845333,-73919987,,20,217,4,0,6,238,72,1,1,494
G3600050021302,1990,NY,,,,,,,,,021302,,,70,Bronx,005,,,2,5602,,,,5600,1,New York,36,,,,0000000171,0000000000,Tract 213.02,S,40842850,-73920455,,47,889,0,4,11,220,395,5,17,977
G36000500214,1990,NY,,,,,,,,,0214,,,70,Bronx,005,,,2,5602,,,,5600,1,New York,36,,,,0000000064,0000000000,Tract 214,S,40832950,-73865816,,64,27,1,17,1,141,24,0,0,358
G3600050021501,1990,NY,,,,,,,,,021501,,,70,Bronx,005,,,2,5602,,,,5600,1,New York,36,,,,0000000084,0000000000,Tract 215.01,S,40849367,-73918293,,26,1461,14,4,5,633,504,32,16,1411
G3600050021502,1990,NY,,,,,,,,,021502,,,70,Bronx,005,,,2,5602,,,,5600,1,New York,36,,,,0000000167,0000000000,Tract 215.02,S,40847333,-73917535,,58,1907,6,6,12,483,607,12,10,1624
G3600050021601,1990,NY,,,,,,,,,021601,,,70,Bronx,005,,,2,5602,,,,5600,1,New York,36,,,,0000000175,0000000000,Tract 216.01,S,40836400,-73865499,,769,423,6,121,20,780,147,12,122,1531
G3600050021602,1990,NY,,,,,,,,,021602,,,70,Bronx,005,,,2,5602,,,,5600,1,New York,36,,,,0000000187,0000000000,Tract 216.02,S,40836477,-73862356,,860,1922,19,260,11,679,268,4,16,711
G3600050021701,1990,NY,,,,,,,,,021701,,,70,Bronx,005,,,2,5602,,,,5600,1,New York,36,,,,0000000171,0000000000,Tract 217.01,S,40847500,-73913444,,92,2436,10,12,19,363,515,23,3,1084
G3600050021702,1990,NY,,,,,,,,,021702,,,70,Bronx,005,,,2,5602,,,,5600,1,New York,36,,,,0000000058,0000000000,Tract 217.02,S,40842950,-73916928,,9,318,4,1,1,165,84,1,8,361
G36000500218,1990,NY,,,,,,,,,0218,,,70,Bronx,005,,,2,5602,,,,5600,1,New York,36,,,,0000000316,0000000000,Tract 218,S,40837200,-73870251,,785,1331,20,231,49,1346,356,25,77,2399
G36000500219,1990,NY,,,,,,,,,0219,,,70,Bronx,005,,,2,5602,,,,5600,1,New York,36,,,,0000000141,0000000000,Tract 219,S,40839300,-73920506,,15,73,0,7,3,125,145,0,3,298
G36000500220,1990,NY,,,,,,,,,0220,,,70,Bronx,005,,,2,5602,,,,5600,1,New York,36,,,,0000000204,0000000000,Tract 220,S,40842422,-73873172,,48,91,8,23,9,248,61,1,1,544
G36000500221,1990,NY,,,,,,,,,0221,,,70,Bronx,005,,,2,5602,,,,5600,1,New York,36,,,,0000000142,0000000000,Tract 221,S,40837550,-73916559,,122,1332,36,165,70,1047,1220,67,37,3132
G36000500223,1990,NY,,,,,,,,,0223,,,70,Bronx,005,,,2,5602,,,,5600,1,New York,36,,,,0000000163,0000000000,Tract 223,S,40840850,-73914816,,122,2131,37,235,45,1068,1094,27,48,3045
G3600050022401,1990,NY,,,,,,,,,022401,,,70,Bronx,005,,,2,5602,,,,5600,1,New York,36,,,,0000000077,0000000000,Tract 224.01,S,40855450,-73868501,,1443,59,13,186,7,267,13,0,15,235
G3600050022402,1990,NY,,,,,,,,,022402,,,70,Bronx,005,,,2,5602,,,,5600,1,New York,36,,,,0000000213,0000000000,Tract 224.02,S,40855600,-73866549,,3414,234,2,548,15,1003,89,0,12,846
G36000500225,1990,NY,,,,,,,,,0225,,,70,Bronx,005,,,2,5602,,,,5600,1,New York,36,,,,0000000180,0000000000,Tract 225,S,40839100,-73911860,,104,2978,17,137,44,705,705,29,32,2115
G3600050022701,1990,NY,,,,,,,,,022701,,,70,Bronx,005,,,2,5602,,,,5600,1,New York,36,,,,0000000129,0000000000,Tract 227.01,S,40846600,-73911923,,63,1653,9,59,12,502,473,6,17,1249
G3600050022702,1990,NY,,,,,,,,,022702,,,70,Bronx,005,,,2,5602,,,,5600,1,New York,36,,,,0000000037,0000000000,Tract 227.02,S,40844200,-73913720,,23,221,7,59,10,153,152,6,14,553
G3600050022703,1990,NY,,,,,,,,,022703,,,70,Bronx,005,,,2,5602,,,,5600,1,New York,36,,,,0000000039,0000000000,Tract 227.03,S,40844067,-73911496,,49,642,10,162,13,225,146,2,4,419
G36000500228,1990,NY,,,,,,,,,0228,,,70,Bronx,005,,,2,5602,,,,5600,1,New York,36,,,,0000000173,0000000000,Tract 228,S,40853350,-73863849,,3420,250,11,339,9,725,56,7,6,288
G3600050022901,1990,NY,,,,,,,,,022901,,,70,Bronx,005,,,2,5602,,,,5600,1,New York,36,,,,0000000138,0000000000,Tract 229.01,S,40845952,-73907383,,104,2118,41,389,61,691,482,18,21,1642
G3600050022902,1990,NY,,,,,,,,,022902,,,70,Bronx,005,,,2,5602,,,,5600,1,New York,36,,,,0000000085,0000000000,Tract 229.02,S,40844100,-73907624,,22,1120,8,61,11,313,273,11,7,778
G36000500230,1990,NY,,,,,,,,,0230,,,70,Bronx,005,,,2,5602,,,,5600,1,New York,36,,,,0000000159,0000000000,Tract 230,S,40848902,-73866943,,1195,196,5,179,2,493,41,6,5,368
G36000500231,1990,NY,,,,,,,,,0231,,,70,Bronx,005,,,2,5602,,,,5600,1,New York,36,,,,0000000136,0000000000,Tract 231,S,40846300,-73902497,,64,377,1,1,5,156,110,5,1,582
G36000500232,1990,NY,,,,,,,,,0232,,,70,Bronx,005,,,2,5602,,,,5600,1,New York,36,,,,0000000158,0000000000,Tract 232,S,40846850,-73863932,,1457,31,9,140,9,178,22,4,3,235
G3600050023301,1990,NY,,,,,,,,,023301,,,70,Bronx,005,,,2,5602,,,,5600,1,New York,36,,,,0000000121,0000000000,Tract 233.01,S,40849400,-73909062,,58,1515,12,36,26,525,536,9,19,1386
G3600050023302,1990,NY,,,,,,,,,023302,,,70,Bronx,005,,,2,5602,,,,5600,1,New York,36,,,,0000000071,0000000000,Tract 233.02,S,40848600,-73904905,,80,896,10,46,22,402,229,11,8,1506
G36000500234,1990,NY,,,,,,,,,0234,,,70,Bronx,005,,,2,5602,,,,5600,1,New York,36,,,,0000000140,0000000000,Tract 234,S,40844900,-73863370,,1481,8,4,31,0,240,13,0,0,95
G3600050023501,1990,NY,,,,,,,,,023501,,,70,Bronx,005,,,2,5602,,,,5600,1,New York,36,,,,0000000068,0000000000,Tract 235.01,S,40852150,-73905061,,68,832,7,87,32,391,280,22,11,1655
G3600050023502,1990,NY,,,,,,,,,023502,,,70,Bronx,005,,,2,5602,,,,5600,1,New York,36,,,,0000000093,0000000000,Tract 235.02,S,40851250,-73904029,,217,1112,35,127,46,772,291,19,14,1508
G36000500236,1990,NY,,,,,,,,,0236,,,70,Bronx,005,,,2,5602,,,,5600,1,New York,36,,,,0000000093,0000000000,Tract 236,S,40844650,-73867825,,728,61,0,30,1,279,57,0,4,320
G3600050023701,1990,NY,,,,,,,,,023701,,,70,Bronx,005,,,2,5602,,,,5600,1,New York,36,,,,0000000172,0000000000,Tract 237.01,S,40858250,-73900399,,212,2620,9,95,35,979,632,29,31,3675
G3600050023702,1990,NY,,,,,,,,,023702,,,70,Bronx,005,,,2,5602,,,,5600,1,New York,36,,,,0000000051,0000000000,Tract 237.02,S,40860750,-73897517,,66,181,5,52,8,126,86,8,5,803
G36000500239,1990,NY,,,,,,,,,0239,,,70,Bronx,005,,,2,5602,,,,5600,1,New York,36,,,,0000000177,0000000000,Tract 239,S,40859550,-73902997,,162,1705,44,156,44,1654,1012,27,73,2432
G36000500240,1990,NY,,,,,,,,,0240,,,70,Bronx,005,,,2,5602,,,,5600,1,New York,36,,,,0000000227,0000000000,Tract 240,S,40841144,-73869125,,636,705,7,83,10,747,290,4,14,644
G36000500241,1990,NY,,,,,,,,,0241,,,70,Bronx,005,,,2,5602,,,,5600,1,New York,36,,,,0000000136,0000000000,Tract 241,S,40852700,-73906977,,97,1261,35,91,48,752,591,3,8,1807
G36000500242,1990,NY,,,,,,,,,0242,,,70,Bronx,005,,,2,5602,,,,5600,1,New York,36,,,,0000000198,0000000000,Tract 242,S,40842583,-73861526,,7,5,0,0,0,1,0,0,0,0
G36000500243,1990,NY,,,,,,,,,0243,,,70,Bronx,005,,,2,5602,,,,5600,1,New York,36,,,,0000000151,0000000000,Tract 243,S,40852592,-73911318,,59,1672,7,12,12,888,458,33,23,1701
G36000500244,1990,NY,,,,,,,,,0244,,,70,Bronx,005,,,2,5602,,,,5600,1,New York,36,,,,0000000178,0000000000,Tract 244,S,40846450,-73858338,,1731,4,0,15,3,79,6,0,0,21
G36000500245,1990,NY,,,,,,,,,0245,,,70,Bronx,005,,,2,5602,,,,5600,1,New York,36,,,,0000000204,0000000000,Tract 245,S,40854950,-73915131,,140,2821,6,10,44,922,1036,25,5,2586
G36000500246,1990,NY,,,,,,,,,0246,,,70,Bronx,005,,,2,5602,,,,5600,1,New York,36,,,,0000000151,0000000000,Tract 246,S,40851450,-73862024,,1656,4,3,26,3,59,6,0,5,42
G36000500247,1990,NY,,,,,,,,,0247,,,70,Bronx,005,,,2,5602,,,,5600,1,New York,36,,,,0000000048,0000000000,Tract 247,S,40854350,-73918210,,25,988,3,20,4,155,136,17,6,325
G36000500248,1990,NY,,,,,,,,,0248,,,70,Bronx,005,,,2,5602,,,,5600,1,New York,36,,,,0000000280,0000000000,Tract 248,S,40854850,-73859047,,2540,41,0,56,10,144,0,0,5,61
G36000500249,1990,NY,,,,,,,,,0249,,,70,Bronx,005,,,2,5602,,,,5600,1,New York,36,,,,0000000163,0000000000,Tract 249,S,40857050,-73913404,,14,25,1,16,0,1,5,0,0,31
G36000500250,1990,NY,,,,,,,,,0250,,,70,Bronx,005,,,2,5602,,,,5600,1,New York,36,,,,0000000182,0000000000,Tract 250,S,40852250,-73856201,,2182,1,2,30,0,39,0,2,0,7
G36000500251,1990,NY,,,,,,,,,0251,,,70,Bronx,005,,,2,5602,,,,5600,1,New York,36,,,,0000000211,0000000000,Tract 251,S,40857100,-73908350,,101,2029,17,106,36,775,630,41,61,1999
G36000500252,1990,NY,,,,,,,,,0252,,,70,Bronx,005,,,2,5602,,,,5600,1,New York,36,,,,0000000185,0000000000,Tract 252,S,40847500,-73855878,,2017,39,0,42,2,121,3,0,3,26
G36000500253,1990,NY,,,,,,,,,0253,,,70,Bronx,005,,,2,5602,,,,5600,1,New York,36,,,,0000000126,0000000000,Tract 253,S,40860650,-73904498,,286,1489,23,280,31,930,563,35,71,2717
G36000500254,1990,NY,,,,,,,,,0254,,,70,Bronx,005,,,2,5602,,,,5600,1,New York,36,,,,0000000191,0000000000,Tract 254,S,40848650,-73853442,,1826,2,0,34,0,43,0,0,3,0
G36000500255,1990,NY,,,,,,,,,0255,,,70,Bronx,005,,,2,5602,,,,5600,1,New York,36,,,,0000000167,0000000000,Tract 255,S,40859633,-73909885,,293,1629,14,448,30,908,951,37,30,2278
G36000500256,1990,NY,,,,,,,,,0256,,,70,Bronx,005,,,2,5602,,,,5600,1,New York,36,,,,0000000196,0000000000,Tract 256,S,40843900,-73851348,,1292,36,1,25,4,171,10,0,0,64
G36000500257,1990,NY,,,,,,,,,0257,,,70,Bronx,005,,,2,5602,,,,5600,1,New York,36,,,,0000000081,0000000000,Tract 257,S,40860600,-73912303,,58,527,7,17,13,170,110,4,8,537
G36000500258,1990,NY,,,,,,,,,0258,,,70,Bronx,005,,,2,5602,,,,5600,1,New York,36,,,,0000000149,0000000000,Tract 258,S,40842500,-73844227,,236,14,0,17,0,69,2,0,0,22
G36000500261,1990,NY,,,,,,,,,0261,,,70,Bronx,005,,,2,5602,,,,5600,1,New York,36,,,,0000000167,0000000000,Tract 261,S,40867255,-73905732,,592,1172,16,95,6,121,81,6,1,143
G36000500263,1990,NY,,,,,,,,,0263,,,70,Bronx,005,,,2,5602,,,,5600,1,New York,36,,,,0000000164,0000000000,Tract 263,S,40865100,-73905505,,1571,1349,24,513,21,1077,472,24,86,1842
G36000500264,1990,NY,,,,,,,,,0264,,,70,Bronx,005,,,2,5602,,,,5600,1,New York,36,,,,0000000428,0000000000,Tract 264,S,40841350,-73832312,,3968,11,1,37,1,214,6,0,1,47
G36000500265,1990,NY,,,,,,,,,0265,,,70,Bronx,005,,,2,5602,,,,5600,1,New York,36,,,,0000000155,0000000000,Tract 265,S,40865300,-73900999,,536,1073,14,519,29,1241,456,17,81,2085
G3600050026601,1990,NY,,,,,,,,,026601,,,70,Bronx,005,,,2,5602,,,,5600,1,New York,36,,,,0000000180,0000000000,Tract 266.01,S,40846633,-73834327,,2713,43,0,66,6,191,2,1,3,31
G3600050026602,1990,NY,,,,,,,,,026602,,,70,Bronx,005,,,2,5602,,,,5600,1,New York,36,,,,0000000326,0000000000,Tract 266.02,S,40846100,-73831635,,4396,171,7,85,2,387,25,0,10,79
G36000500267,1990,NY,,,,,,,,,0267,,,70,Bronx,005,,,2,5602,,,,5600,1,New York,36,,,,0000000228,0000000000,Tract 267,S,40871300,-73901140,,1670,1850,37,712,36,1673,541,21,54,2792
G36000500269,1990,NY,,,,,,,,,0269,,,70,Bronx,005,,,2,5602,,,,5600,1,New York,36,,,,0000000188,0000000000,Tract 269,S,40868833,-73906613,,447,1006,14,165,16,564,369,9,38,1190
G3600050027101,1990,NY,,,,,,,,,027101,,,70,Bronx,005,,,2,5602,,,,5600,1,New York,36,,,,0000000023,0000000000,Tract 271.01,S,40877500,-73908621,,50,854,4,2,5,180,136,15,0,343
G3600050027102,1990,NY,,,,,,,,,027102,,,70,Bronx,005,,,2,5602,,,,5600,1,New York,36,,,,0000000212,0000000027,Tract 271.02,S,40870374,-73908993,,0,0,0,0,0,0,0,0,0,0
G36000500273,1990,NY,,,,,,,,,0273,,,70,Bronx,005,,,2,5602,,,,5600,1,New York,36,,,,0000000198,0000000000,Tract 273,S,40872986,-73904113,,1142,2024,16,281,43,799,810,33,28,2383
G36000500274,1990,NY,,,,,,,,,0274,,,70,Bronx,005,,,2,5602,,,,5600,1,New York,36,,,,0000001235,0000000724,Tract 274,S,40841067,-73817696,,7343,11,2,40,0,247,0,0,1,39
G36000500276,1990,NY,,,,,,,,,0276,,,70,Bronx,005,,,2,5602,,,,5600,1,New York,36,,,,0000001499,0000000800,Tract 276,S,40850633,-73821721,,5,0,0,0,0,0,0,0,0,0
G36000500277,1990,NY,,,,,,,,,0277,,,70,Bronx,005,,,2,5602,,,,5600,1,New York,36,,,,0000000184,0000000000,Tract 277,S,40877200,-73901449,,1441,627,9,234,29,811,205,14,17,1231
G36000500279,1990,NY,,,,,,,,,0279,,,70,Bronx,005,,,2,5602,,,,5600,1,New York,36,,,,0000000279,0000000000,Tract 279,S,40882283,-73897934,,4319,565,15,421,11,712,78,5,14,557
G36000500281,1990,NY,,,,,,,,,0281,,,70,Bronx,005,,,2,5602,,,,5600,1,New York,36,,,,0000000135,0000000000,Tract 281,S,40883300,-73890574,,3022,168,11,51,6,254,19,3,5,126
G36000500283,1990,NY,,,,,,,,,0283,,,70,Bronx,005,,,2,5602,,,,5600,1,New York,36,,,,0000000228,0000000000,Tract 283,S,40880716,-73903165,,504,30,3,21,4,71,29,4,6,111
G36000500284,1990,NY,,,,,,,,,0284,,,70,Bronx,005,,,2,5602,,,,5600,1,New York,36,,,,0000001136,0000000000,Tract 284,S,40849150,-73839906,,168,246,2,11,3,264,173,1,0,42
G36000500285,1990,NY,,,,,,,,,0285,,,70,Bronx,005,,,2,5602,,,,5600,1,New York,36,,,,0000000253,0000000000,Tract 285,S,40886400,-73903029,,2036,248,5,138,1,177,21,0,2,183
G36000500286,1990,NY,,,,,,,,,0286,,,70,Bronx,005,,,2,5602,,,,5600,1,New York,36,,,,0000000203,0000000000,Tract 286,S,40848850,-73847900,,1072,2,0,11,0,29,0,0,2,12
G36000500287,1990,NY,,,,,,,,,0287,,,70,Bronx,005,,,2,5602,,,,5600,1,New York,36,,,,0000000160,0000000000,Tract 287,S,40881700,-73905899,,1667,118,0,232,12,295,41,12,4,400
G36000500288,1990,NY,,,,,,,,,0288,,,70,Bronx,005,,,2,5602,,,,5600,1,New York,36,,,,0000000337,0000000000,Tract 288,S,40854150,-73851981,,2619,12,3,53,1,118,0,0,0,37
G36000500289,1990,NY,,,,,,,,,0289,,,70,Bronx,005,,,2,5602,,,,5600,1,New York,36,,,,0000000174,0000000000,Tract 289,S,40879150,-73908538,,2535,187,4,99,10,638,129,7,14,293
G36000500293,1990,NY,,,,,,,,,0293,,,70,Bronx,005,,,2,5602,,,,5600,1,New York,36,,,,0000000688,0000000742,Tract 293,S,40881565,-73923725,,6445,445,5,304,5,334,40,0,1,134
G36000500295,1990,NY,,,,,,,,,0295,,,70,Bronx,005,,,2,5602,,,,5600,1,New York,36,,,,0000000231,0000000000,Tract 295,S,40884250,-73909460,,3409,131,0,147,12,258,11,1,5,87
G36000500296,1990,NY,,,,,,,,,0296,,,70,Bronx,005,,,2,5602,,,,5600,1,New York,36,,,,0000000745,0000000000,Tract 296,S,40856400,-73847335,,1767,301,19,361,9,277,42,0,10,130
G36000500297,1990,NY,,,,,,,,,0297,,,70,Bronx,005,,,2,5602,,,,5600,1,New York,36,,,,0000000263,0000000000,Tract 297,S,40884550,-73912419,,3203,112,3,183,1,133,18,0,1,55
G36000500300,1990,NY,,,,,,,,,0300,,,70,Bronx,005,,,2,5602,,,,5600,1,New York,36,,,,0000000416,0000000000,Tract 300,S,40852433,-73830889,,4969,52,1,118,3,276,2,1,3,91
G36000500301,1990,NY,,,,,,,,,0301,,,70,Bronx,005,,,2,5602,,,,5600,1,New York,36,,,,0000000129,0000000000,Tract 301,S,40882550,-73919280,,1276,59,0,59,2,73,2,0,1,23
G36000500302,1990,NY,,,,,,,,,0302,,,70,Bronx,005,,,2,5602,,,,5600,1,New York,36,,,,0000000471,0000000117,Tract 302,S,40863233,-73823006,,2731,4788,24,74,30,830,333,4,20,654
G36000500307,1990,NY,,,,,,,,,0307,,,70,Bronx,005,,,2,5602,,,,5600,1,New York,36,,,,0000001072,0000000000,Tract 307,S,40891767,-73914662,,7657,169,7,160,2,292,29,0,6,75
G36000500310,1990,NY,,,,,,,,,0310,,,70,Bronx,005,,,2,5602,,,,5600,1,New York,36,,,,0000000627,0000000000,Tract 310,S,40861800,-73837029,,2757,329,7,71,0,194,96,0,0,127
G36000500312,1990,NY,,,,,,,,,0312,,,70,Bronx,005,,,2,5602,,,,5600,1,New York,36,,,,0000000202,0000000000,Tract 312,S,40861750,-73842974,,1236,9,0,27,0,64,0,0,0,6
G36000500314,1990,NY,,,,,,,,,0314,,,70,Bronx,005,,,2,5602,,,,5600,1,New York,36,,,,0000000213,0000000000,Tract 314,S,40861750,-73846326,,1450,56,1,38,3,61,16,1,0,47
G36000500316,1990,NY,,,,,,,,,0316,,,70,Bronx,005,,,2,5602,,,,5600,1,New York,36,,,,0000000174,0000000000,Tract 316,S,40861850,-73849198,,1342,5,0,40,0,59,0,0,5,22
G36000500317,1990,NY,,,,,,,,,0317,,,70,Bronx,005,,,2,5602,,,,5600,1,New York,36,,,,0000000659,0000002086,Tract 317,S,40900847,-73920762,,1017,26,0,1,0,2,4,0,0,4
G36000500318,1990,NY,,,,,,,,,0318,,,70,Bronx,005,,,2,5602,,,,5600,1,New York,36,,,,0000000178,0000000000,Tract 318,S,40861850,-73851999,,1265,33,0,36,1,98,5,0,4,34
G36000500319,1990,NY,,,,,,,,,0319,,,70,Bronx,005,,,2,5602,,,,5600,1,New York,36,,,,0000000217,0000000205,Tract 319,S,40913850,-73911475,,346,40,0,17,2,32,5,1,1,20
G36000500320,1990,NY,,,,,,,,,0320,,,70,Bronx,005,,,2,5602,,,,5600,1,New York,36,,,,0000000195,0000000000,Tract 320,S,40861900,-73854749,,1334,2,0,16,1,90,0,0,0,24
G36000500322,1990,NY,,,,,,,,,0322,,,70,Bronx,005,,,2,5602,,,,5600,1,New York,36,,,,0000000137,0000000000,Tract 322,S,40862267,-73857699,,964,83,0,66,0,103,8,0,0,42
G36000500323,1990,NY,,,,,,,,,0323,,,70,Bronx,005,,,2,5602,,,,5600,1,New York,36,,,,0000000554,0000000000,Tract 323,S,40905369,-73907166,,4043,440,13,225,6,314,42,0,2,192
G36000500324,1990,NY,,,,,,,,,0324,,,70,Bronx,005,,,2,5602,,,,5600,1,New York,36,,,,0000000265,0000000000,Tract 324,S,40862050,-73860067,,1615,334,3,60,4,310,32,0,7,185
G36000500328,1990,NY,,,,,,,,,0328,,,70,Bronx,005,,,2,5602,,,,5600,1,New York,36,,,,0000000202,0000000000,Tract 328,S,40862050,-73863498,,2140,224,3,119,5,566,42,0,26,222
G36000500329,1990,NY,,,,,,,,,0329,,,70,Bronx,005,,,2,5602,,,,5600,1,New York,36,,,,0000000322,0000000000,Tract 329,S,40890119,-73906268,,2250,132,6,35,4,72,7,3,4,50
G36000500330,1990,NY,,,,,,,,,0330,,,70,Bronx,005,,,2,5602,,,,5600,1,New York,36,,,,0000000198,0000000000,Tract 330,S,40861543,-73866347,,2612,253,1,118,17,603,58,1,25,426
G36000500332,1990,NY,,,,,,,,,0332,,,70,Bronx,005,,,2,5602,,,,5600,1,New York,36,,,,0000000219,0000000000,Tract 332,S,40862200,-73869101,,3365,914,7,257,22,1285,355,14,17,1024
G36000500333,1990,NY,,,,,,,,,0333,,,70,Bronx,005,,,2,5602,,,,5600,1,New York,36,,,,0000000440,0000000000,Tract 333,S,40898033,-73906866,,380,28,0,11,0,13,2,0,1,9
G36000500334,1990,NY,,,,,,,,,0334,,,70,Bronx,005,,,2,5602,,,,5600,1,New York,36,,,,0000003075,0000000060,Tract 334,S,40856116,-73874193,,0,0,0,0,0,0,0,0,0,6
G36000500336,1990,NY,,,,,,,,,0336,,,70,Bronx,005,,,2,5602,,,,5600,1,New York,36,,,,0000000162,0000000000,Tract 336,S,40868600,-73869399,,957,2409,18,196,19,911,486,15,24,916
G36000500338,1990,NY,,,,,,,,,0338,,,70,Bronx,005,,,2,5602,,,,5600,1,New York,36,,,,0000000157,0000000000,Tract 338,S,40868450,-73865999,,960,1118,14,134,21,546,138,0,30,805
G36000500339,1990,NY,,,,,,,,,0339,,,70,Bronx,005,,,2,5602,,,,5600,1,New York,36,,,,0000000253,0000000000,Tract 339,S,40905200,-73904037,,878,13,1,76,0,35,3,0,0,11
G36000500340,1990,NY,,,,,,,,,0340,,,70,Bronx,005,,,2,5602,,,,5600,1,New York,36,,,,0000000155,0000000000,Tract 340,S,40868100,-73863166,,1302,818,5,196,11,801,112,3,29,856
G36000500341,1990,NY,,,,,,,,,0341,,,70,Bronx,005,,,2,5602,,,,5600,1,New York,36,,,,0000000140,0000000000,Tract 341,S,40910550,-73902065,,1307,14,1,40,1,31,5,0,0,17
G36000500342,1990,NY,,,,,,,,,0342,,,70,Bronx,005,,,2,5602,,,,5600,1,New York,36,,,,0000000149,0000000000,Tract 342,S,40868550,-73860274,,468,474,7,15,6,164,47,0,0,153
G36000500343,1990,NY,,,,,,,,,0343,,,70,Bronx,005,,,2,5602,,,,5600,1,New York,36,,,,0000000121,0000000000,Tract 343,S,40910000,-73898524,,1161,86,2,97,0,92,20,1,0,66
G36000500344,1990,NY,,,,,,,,,0344,,,70,Bronx,005,,,2,5602,,,,5600,1,New York,36,,,,0000000154,0000000000,Tract 344,S,40868500,-73857374,,445,516,5,29,0,126,18,1,1,146
G36000500345,1990,NY,,,,,,,,,0345,,,70,Bronx,005,,,2,5602,,,,5600,1,New York,36,,,,0000000250,0000000000,Tract 345,S,40903750,-73898438,,2551,255,4,178,2,169,25,1,3,123
G36000500346,1990,NY,,,,,,,,,0346,,,70,Bronx,005,,,2,5602,,,,5600,1,New York,36,,,,0000000299,0000000000,Tract 346,S,40868400,-73853499,,874,2182,14,72,9,814,215,4,9,525
G36000500350,1990,NY,,,,,,,,,0350,,,70,Bronx,005,,,2,5602,,,,5600,1,New York,36,,,,0000000189,0000000000,Tract 350,S,40868193,-73848218,,377,846,5,44,6,280,59,2,12,117
G36000500351,1990,NY,,,,,,,,,0351,,,70,Bronx,005,,,2,5602,,,,5600,1,New York,36,,,,0000000598,0000000000,Tract 351,S,40894100,-73900504,,1801,181,4,168,3,300,36,3,0,134
G36000500352,1990,NY,,,,,,,,,0352,,,70,Bronx,005,,,2,5602,,,,5600,1,New York,36,,,,0000000148,0000000000,Tract 352,S,40866300,-73845224,,906,289,0,41,1,279,15,2,1,177
G36000500354,1990,NY,,,,,,,,,0354,,,70,Bronx,005,,,2,5602,,,,5600,1,New York,36,,,,0000000119,0000000000,Tract 354,S,40866150,-73840668,,541,116,0,6,0,112,8,0,0,62
G36000500356,1990,NY,,,,,,,,,0356,,,70,Bronx,005,,,2,5602,,,,5600,1,New York,36,,,,0000000393,0000000000,Tract 356,S,40866602,-73835136,,153,1209,16,27,5,123,49,0,3,84
G36000500358,1990,NY,,,,,,,,,0358,,,70,Bronx,005,,,2,5602,,,,5600,1,New York,36,,,,0000000656,0000000000,Tract 358,S,40874295,-73843113,,312,4293,12,52,8,353,220,6,2,176
G36000500359,1990,NY,,,,,,,,,0359,,,70,Bronx,005,,,2,5602,,,,5600,1,New York,36,,,,0000000132,0000000000,Tract 359,S,40840600,-73884275,,13,176,1,0,2,177,98,1,3,729
G36000500361,1990,NY,,,,,,,,,0361,,,70,Bronx,005,,,2,5602,,,,5600,1,New York,36,,,,0000000161,0000000000,Tract 361,S,40842650,-73880427,,47,2158,4,17,23,917,639,37,7,2148
G36000500363,1990,NY,,,,,,,,,0363,,,70,Bronx,005,,,2,5602,,,,5600,1,New York,36,,,,0000000216,0000000000,Tract 363,S,40844000,-73883055,,24,1037,22,4,31,1092,731,48,51,2520
G36000500364,1990,NY,,,,,,,,,0364,,,70,Bronx,005,,,2,5602,,,,5600,1,New York,36,,,,0000000205,0000000000,Tract 364,S,40872400,-73850086,,68,2072,6,23,5,37,84,1,0,50
G3600050036501,1990,NY,,,,,,,,,036501,,,70,Bronx,005,,,2,5602,,,,5600,1,New York,36,,,,0000000098,0000000000,Tract 365.01,S,40845500,-73886054,,23,1457,7,3,23,264,301,6,40,931
G3600050036502,1990,NY,,,,,,,,,036502,,,70,Bronx,005,,,2,5602,,,,5600,1,New York,36,,,,0000000098,0000000000,Tract 365.02,S,40842900,-73889150,,10,481,3,0,6,245,215,3,1,687
G36000500366,1990,NY,,,,,,,,,0366,,,70,Bronx,005,,,2,5602,,,,5600,1,New York,36,,,,0000000126,0000000000,Tract 366,S,40872000,-73854340,,21,597,3,6,0,57,25,0,0,34
G36000500367,1990,NY,,,,,,,,,0367,,,70,Bronx,005,,,2,5602,,,,5600,1,New York,36,,,,0000000093,0000000000,Tract 367,S,40840650,-73889104,,15,552,5,1,6,144,115,2,1,555
G36000500368,1990,NY,,,,,,,,,0368,,,70,Bronx,005,,,2,5602,,,,5600,1,New York,36,,,,0000000168,0000000000,Tract 368,S,40875250,-73856475,,170,1036,10,5,9,65,63,3,0,49
G3600050036901,1990,NY,,,,,,,,,036901,,,70,Bronx,005,,,2,5602,,,,5600,1,New York,36,,,,0000000092,0000000000,Tract 369.01,S,40843691,-73892295,,8,411,4,1,5,275,110,8,1,710
G3600050036902,1990,NY,,,,,,,,,036902,,,70,Bronx,005,,,2,5602,,,,5600,1,New York,36,,,,0000000070,0000000000,Tract 369.02,S,40842700,-73893200,,20,840,0,0,3,179,130,2,0,377
G36000500370,1990,NY,,,,,,,,,0370,,,70,Bronx,005,,,2,5602,,,,5600,1,New York,36,,,,0000000161,0000000000,Tract 370,S,40873700,-73858993,,344,1365,14,35,3,195,92,2,9,125
G36000500371,1990,NY,,,,,,,,,0371,,,70,Bronx,005,,,2,5602,,,,5600,1,New York,36,,,,0000000199,0000000000,Tract 371,S,40846950,-73887858,,38,1654,6,14,21,732,382,6,8,1261
G36000500372,1990,NY,,,,,,,,,0372,,,70,Bronx,005,,,2,5602,,,,5600,1,New York,36,,,,0000000178,0000000000,Tract 372,S,40874000,-73863606,,308,816,6,132,2,160,54,3,2,255
G36000500373,1990,NY,,,,,,,,,0373,,,70,Bronx,005,,,2,5602,,,,5600,1,New York,36,,,,0000000190,0000000000,Tract 373,S,40848433,-73890636,,132,1415,21,0,6,873,312,8,3,1451
G36000500374,1990,NY,,,,,,,,,0374,,,70,Bronx,005,,,2,5602,,,,5600,1,New York,36,,,,0000000172,0000000000,Tract 374,S,40874500,-73866749,,385,1822,2,199,18,397,238,6,19,640
G3600050037501,1990,NY,,,,,,,,,037501,,,70,Bronx,005,,,2,5602,,,,5600,1,New York,36,,,,0000000201,0000000000,Tract 375.01,S,40844800,-73898080,,3,99,0,0,3,70,48,7,0,151
G3600050037502,1990,NY,,,,,,,,,037502,,,70,Bronx,005,,,2,5602,,,,5600,1,New York,36,,,,0000000067,0000000000,Tract 375.02,S,40848000,-73894164,,23,359,0,4,3,292,93,1,9,603
G3600050037503,1990,NY,,,,,,,,,037503,,,70,Bronx,005,,,2,5602,,,,5600,1,New York,36,,,,0000000164,0000000000,Tract 375.03,S,40851079,-73891758,,90,566,11,95,1,370,116,9,1,621
G36000500376,1990,NY,,,,,,,,,0376,,,70,Bronx,005,,,2,5602,,,,5600,1,New York,36,,,,0000000119,0000000000,Tract 376,S,40874050,-73869924,,307,1032,0,28,6,284,102,1,9,260
G36000500377,1990,NY,,,,,,,,,0377,,,70,Bronx,005,,,2,5602,,,,5600,1,New York,36,,,,0000000228,0000000000,Tract 377,S,40850800,-73896781,,32,713,2,7,2,475,227,2,6,713
G36000500378,1990,NY,,,,,,,,,0378,,,70,Bronx,005,,,2,5602,,,,5600,1,New York,36,,,,0000000131,0000000000,Tract 378,S,40878733,-73866419,,384,1355,3,23,20,347,181,0,6,412
G36000500379,1990,NY,,,,,,,,,0379,,,70,Bronx,005,,,2,5602,,,,5600,1,New York,36,,,,0000000202,0000000000,Tract 379,S,40851467,-73899716,,99,2779,18,66,25,518,302,28,9,1228
G36000500380,1990,NY,,,,,,,,,0380,,,70,Bronx,005,,,2,5602,,,,5600,1,New York,36,,,,0000000213,0000000000,Tract 380,S,40877850,-73862849,,339,3158,15,40,7,181,151,0,4,142
G36000500381,1990,NY,,,,,,,,,0381,,,70,Bronx,005,,,2,5602,,,,5600,1,New York,36,,,,0000000154,0000000000,Tract 381,S,40852050,-73902124,,203,1304,11,223,18,1284,566,35,23,2331
G36000500382,1990,NY,,,,,,,,,0382,,,70,Bronx,005,,,2,5602,,,,5600,1,New York,36,,,,0000000146,0000000000,Tract 382,S,40877200,-73855250,,99,1646,13,4,0,82,104,0,1,127
G36000500383,1990,NY,,,,,,,,,0383,,,70,Bronx,005,,,2,5602,,,,5600,1,New York,36,,,,0000000238,0000000000,Tract 383,S,40856653,-73896500,,196,4019,44,117,33,1340,709,27,32,3535
G36000500385,1990,NY,,,,,,,,,0385,,,70,Bronx,005,,,2,5602,,,,5600,1,New York,36,,,,0000000200,0000000000,Tract 385,S,40856000,-73892339,,127,1011,8,62,14,798,227,23,0,1740
G36000500386,1990,NY,,,,,,,,,0386,,,70,Bronx,005,,,2,5602,,,,5600,1,New York,36,,,,0000000404,0000000000,Tract 386,S,40879800,-73848524,,326,5707,18,32,17,209,246,3,5,236
G36000500387,1990,NY,,,,,,,,,0387,,,70,Bronx,005,,,2,5602,,,,5600,1,New York,36,,,,0000000187,0000000000,Tract 387,S,40858550,-73889599,,1030,588,11,44,10,446,119,11,5,674
G36000500388,1990,NY,,,,,,,,,0388,,,70,Bronx,005,,,2,5602,,,,5600,1,New York,36,,,,0000000155,0000000000,Tract 388,S,40879300,-73856895,,31,1734,15,11,0,37,27,0,0,19
G36000500389,1990,NY,,,,,,,,,0389,,,70,Bronx,005,,,2,5602,,,,5600,1,New York,36,,,,0000000161,0000000000,Tract 389,S,40856400,-73885584,,1729,162,2,70,13,735,217,14,27,776
G36000500390,1990,NY,,,,,,,,,0390,,,70,Bronx,005,,,2,5602,,,,5600,1,New York,36,,,,0000000175,0000000000,Tract 390,S,40880200,-73859901,,184,1606,5,29,6,53,74,3,0,87
G36000500391,1990,NY,,,,,,,,,0391,,,70,Bronx,005,,,2,5602,,,,5600,1,New York,36,,,,0000000213,0000000000,Tract 391,S,40853350,-73887514,,2176,427,9,115,39,1019,231,7,20,1642
G36000500392,1990,NY,,,,,,,,,0392,,,70,Bronx,005,,,2,5602,,,,5600,1,New York,36,,,,0000000099,0000000000,Tract 392,S,40882750,-73865699,,131,883,7,30,1,133,90,2,0,165
G36000500393,1990,NY,,,,,,,,,0393,,,70,Bronx,005,,,2,5602,,,,5600,1,New York,36,,,,0000000177,0000000000,Tract 393,S,40851800,-73883078,,1463,2012,11,88,45,957,371,29,46,2519
G36000500394,1990,NY,,,,,,,,,0394,,,70,Bronx,005,,,2,5602,,,,5600,1,New York,36,,,,0000000150,0000000000,Tract 394,S,40886250,-73863392,,656,2235,15,47,5,389,238,2,8,436
G36000500396,1990,NY,,,,,,,,,0396,,,70,Bronx,005,,,2,5602,,,,5600,1,New York,36,,,,0000000228,0000000000,Tract 396,S,40883750,-73858042,,70,2743,5,48,11,78,119,1,0,200
G36000500397,1990,NY,,,,,,,,,0397,,,70,Bronx,005,,,2,5602,,,,5600,1,New York,36,,,,0000000511,0000000000,Tract 397,S,40861950,-73886011,,2687,136,0,88,11,299,97,8,2,711
G36000500398,1990,NY,,,,,,,,,0398,,,70,Bronx,005,,,2,5602,,,,5600,1,New York,36,,,,0000000205,0000000000,Tract 398,S,40882850,-73855151,,36,2303,5,14,7,8,61,0,0,28
G3600050039901,1990,NY,,,,,,,,,039901,,,70,Bronx,005,,,2,5602,,,,5600,1,New York,36,,,,0000000152,0000000000,Tract 399.01,S,40863900,-73893135,,446,1085,18,671,18,791,391,10,59,2132
G3600050039902,1990,NY,,,,,,,,,039902,,,70,Bronx,005,,,2,5602,,,,5600,1,New York,36,,,,0000000124,0000000000,Tract 399.02,S,40860250,-73895490,,212,1464,55,415,33,817,399,19,32,1456
G36000500401,1990,NY,,,,,,,,,0401,,,70,Bronx,005,,,2,5602,,,,5600,1,New York,36,,,,0000000178,0000000000,Tract 401,S,40865300,-73898013,,410,850,2,329,20,632,253,10,71,1342
G3600050040301,1990,NY,,,,,,,,,040301,,,70,Bronx,005,,,2,5602,,,,5600,1,New York,36,,,,0000000150,0000000000,Tract 403.01,S,40869663,-73894900,,873,785,15,455,41,1339,869,12,41,3192
G3600050040302,1990,NY,,,,,,,,,040302,,,70,Bronx,005,,,2,5602,,,,5600,1,New York,36,,,,0000000055,0000000000,Tract 403.02,S,40867950,-73892378,,462,486,6,372,12,1568,511,5,47,1032
G36000500404,1990,NY,,,,,,,,,0404,,,70,Bronx,005,,,2,5602,,,,5600,1,New York,36,,,,0000000216,0000000000,Tract 404,S,40887050,-73852801,,76,2065,6,16,6,54,90,0,1,57
G36000500405,1990,NY,,,,,,,,,0405,,,70,Bronx,005,,,2,5602,,,,5600,1,New York,36,,,,0000000210,0000000000,Tract 405,S,40866500,-73889624,,818,2539,87,521,33,2430,987,33,47,3303
G36000500406,1990,NY,,,,,,,,,0406,,,70,Bronx,005,,,2,5602,,,,5600,1,New York,36,,,,0000000219,0000000000,Tract 406,S,40887250,-73856092,,170,2543,4,37,0,81,133,0,0,111
G3600050040701,1990,NY,,,,,,,,,040701,,,70,Bronx,005,,,2,5602,,,,5600,1,New York,36,,,,0000000056,0000000000,Tract 407.01,S,40871150,-73890371,,688,392,16,273,23,384,176,7,6,1186
G3600050040702,1990,NY,,,,,,,,,040702,,,70,Bronx,005,,,2,5602,,,,5600,1,New York,36,,,,0000000172,0000000000,Tract 407.02,S,40869100,-73887870,,1587,712,10,610,16,1562,325,5,19,976
G36000500408,1990,NY,,,,,,,,,0408,,,70,Bronx,005,,,2,5602,,,,5600,1,New York,36,,,,0000000121,0000000000,Tract 408,S,40889250,-73862279,,386,1710,33,187,13,395,205,4,40,613
G36000500409,1990,NY,,,,,,,,,0409,,,70,Bronx,005,,,2,5602,,,,5600,1,New York,36,,,,0000000841,0000000353,Tract 409,S,40875950,-73892364,,980,1743,9,31,3,80,106,0,3,150
G36000500410,1990,NY,,,,,,,,,0410,,,70,Bronx,005,,,2,5602,,,,5600,1,New York,36,,,,0000000171,0000000000,Tract 410,S,40897433,-73860952,,5,10,0,0,0,0,0,0,0,0
G36000500411,1990,NY,,,,,,,,,0411,,,70,Bronx,005,,,2,5602,,,,5600,1,New York,36,,,,0000000128,0000000000,Tract 411,S,40874900,-73887318,,1437,116,3,77,7,266,31,1,0,319
G36000500413,1990,NY,,,,,,,,,0413,,,70,Bronx,005,,,2,5602,,,,5600,1,New York,36,,,,0000000180,0000000000,Tract 413,S,40873850,-73886199,,3230,300,5,582,22,1324,117,6,41,667
G36000500414,1990,NY,,,,,,,,,0414,,,70,Bronx,005,,,2,5602,,,,5600,1,New York,36,,,,0000000565,0000000000,Tract 414,S,40903700,-73854524,,1497,1536,74,174,10,552,109,0,8,231
G36000500415,1990,NY,,,,,,,,,0415,,,70,Bronx,005,,,2,5602,,,,5600,1,New York,36,,,,0000000129,0000000000,Tract 415,S,40869400,-73884346,,2377,412,14,470,11,537,154,6,53,887
G36000500418,1990,NY,,,,,,,,,0418,,,70,Bronx,005,,,2,5602,,,,5600,1,New York,36,,,,0000000178,0000000000,Tract 418,S,40896700,-73857708,,1163,959,16,144,10,506,69,2,8,292
G36000500419,1990,NY,,,,,,,,,0419,,,70,Bronx,005,,,2,5602,,,,5600,1,New York,36,,,,0000000323,0000000000,Tract 419,S,40877050,-73881528,,3041,460,35,569,54,705,110,4,24,1069
G36000500420,1990,NY,,,,,,,,,0420,,,70,Bronx,005,,,2,5602,,,,5600,1,New York,36,,,,0000000143,0000000000,Tract 420,S,40892550,-73859897,,707,1079,22,200,12,488,132,1,50,328
G36000500421,1990,NY,,,,,,,,,0421,,,70,Bronx,005,,,2,5602,,,,5600,1,New York,36,,,,0000000250,0000000000,Tract 421,S,40881600,-73883227,,1339,808,7,864,24,766,261,15,37,1887
G36000500422,1990,NY,,,,,,,,,0422,,,70,Bronx,005,,,2,5602,,,,5600,1,New York,36,,,,0000000170,0000000000,Tract 422,S,40891567,-73855543,,535,1505,4,13,9,174,103,0,5,146
G36000500423,1990,NY,,,,,,,,,0423,,,70,Bronx,005,,,2,5602,,,,5600,1,New York,36,,,,0000000183,0000000000,Tract 423,S,40877550,-73877733,,1655,253,7,182,8,397,46,2,18,653
G36000500424,1990,NY,,,,,,,,,0424,,,70,Bronx,005,,,2,5602,,,,5600,1,New York,36,,,,0000000177,0000000000,Tract 424,S,40888250,-73848888,,172,1514,6,14,2,97,64,4,6,75
G36000500425,1990,NY,,,,,,,,,0425,,,70,Bronx,005,,,2,5602,,,,5600,1,New York,36,,,,0000000301,0000000000,Tract 425,S,40871250,-73879436,,3152,395,4,276,0,841,58,3,15,489
G36000500426,1990,NY,,,,,,,,,0426,,,70,Bronx,005,,,2,5602,,,,5600,1,New York,36,,,,0000000505,0000000000,Tract 426,S,40891550,-73842237,,454,4000,25,51,12,224,163,4,2,145
G36000500428,1990,NY,,,,,,,,,0428,,,70,Bronx,005,,,2,5602,,,,5600,1,New York,36,,,,0000000168,0000000000,Tract 428,S,40893550,-73845888,,296,1250,39,59,1,52,50,8,0,82
G3600050042901,1990,NY,,,,,,,,,042901,,,70,Bronx,005,,,2,5602,,,,5600,1,New York,36,,,,0000000097,0000000000,Tract 429.01,S,40874233,-73874026,,1516,228,2,142,3,723,49,0,10,376
G3600050042902,1990,NY,,,,,,,,,042902,,,70,Bronx,005,,,2,5602,,,,5600,1,New York,36,,,,0000000114,0000000000,Tract 429.02,S,40877400,-73873807,,1345,442,8,145,5,613,207,4,4,449
G36000500430,1990,NY,,,,,,,,,0430,,,70,Bronx,005,,,2,5602,,,,5600,1,New York,36,,,,0000000209,0000000000,Tract 430,S,40892200,-73851099,,510,1488,23,90,13,242,148,4,3,155
G36000500431,1990,NY,,,,,,,,,0431,,,70,Bronx,005,,,2,5602,,,,5600,1,New York,36,,,,0000000228,0000000000,Tract 431,S,40880950,-73877321,,1836,2163,57,862,78,1589,694,21,75,2098
G36000500432,1990,NY,,,,,,,,,0432,,,70,Bronx,005,,,2,5602,,,,5600,1,New York,36,,,,0000000159,0000000000,Tract 432,S,40895800,-73854974,,890,742,18,103,1,263,68,0,0,161
G36000500435,1990,NY,,,,,,,,,0435,,,70,Bronx,005,,,2,5602,,,,5600,1,New York,36,,,,0000006668,0000000032,Tract 435,S,40894710,-73881648,,49,0,0,3,0,0,0,0,0,6
G36000500436,1990,NY,,,,,,,,,0436,,,70,Bronx,005,,,2,5602,,,,5600,1,New York,36,,,,0000000159,0000000000,Tract 436,S,40896800,-73849949,,490,747,11,47,2,148,51,3,11,94
G36000500438,1990,NY,,,,,,,,,0438,,,70,Bronx,005,,,2,5602,,,,5600,1,New York,36,,,,0000000194,0000000000,Tract 438,S,40897700,-73845588,,468,1410,6,31,3,125,122,0,0,87
G36000500440,1990,NY,,,,,,,,,0440,,,70,Bronx,005,,,2,5602,,,,5600,1,New York,36,,,,0000000179,0000000000,Tract 440,S,40900600,-73849686,,254,256,4,48,1,83,25,2,8,36
G36000500442,1990,NY,,,,,,,,,0442,,,70,Bronx,005,,,2,5602,,,,5600,1,New York,36,,,,0000000249,0000000000,Tract 442,S,40903400,-73846145,,504,1740,31,128,13,362,127,7,16,332
G36000500446,1990,NY,,,,,,,,,0446,,,70,Bronx,005,,,2,5602,,,,5600,1,New York,36,,,,0000000165,0000000000,Tract 446,S,40898640,-73841615,,95,503,11,22,0,57,14,3,0,47
G36000500448,1990,NY,,,,,,,,,0448,,,70,Bronx,005,,,2,5602,,,,5600,1,New York,36,,,,0000000162,0000000000,Tract 448,S,40894600,-73841499,,216,1133,8,7,5,58,67,0,0,68
G3600050044901,1990,NY,,,,,,,,,044901,,,70,Bronx,005,,,2,5602,,,,5600,1,New York,36,,,,0000000163,0000000000,Tract 449.01,S,40896900,-73874168,,1811,36,2,2,0,51,2,0,0,7
G3600050044902,1990,NY,,,,,,,,,044902,,,70,Bronx,005,,,2,5602,,,,5600,1,New York,36,,,,0000000168,0000000000,Tract 449.02,S,40898150,-73869599,,2069,7,0,5,0,36,0,0,0,10
G3600050045101,1990,NY,,,,,,,,,045101,,,70,Bronx,005,,,2,5602,,,,5600,1,New York,36,,,,0000000140,0000000000,Tract 451.01,S,40897050,-73866195,,1857,20,4,7,0,56,1,0,0,19
G3600050045102,1990,NY,,,,,,,,,045102,,,70,Bronx,005,,,2,5602,,,,5600,1,New York,36,,,,0000000153,0000000000,Tract 451.02,S,40899950,-73864726,,2009,17,2,7,2,39,0,0,0,8
G36000500454,1990,NY,,,,,,,,,0454,,,70,Bronx,005,,,2,5602,,,,5600,1,New York,36,,,,0000000349,0000000000,Tract 454,S,40889668,-73830703,,295,1125,4,48,5,123,52,0,5,69
G36000500458,1990,NY,,,,,,,,,0458,,,70,Bronx,005,,,2,5602,,,,5600,1,New York,36,,,,0000000245,0000000000,Tract 458,S,40885550,-73845618,,105,4561,24,10,19,545,639,15,4,868
G36000500460,1990,NY,,,,,,,,,0460,,,70,Bronx,005,,,2,5602,,,,5600,1,New York,36,,,,0000000278,0000000000,Tract 460,S,40882062,-73844237,,255,1820,14,5,10,206,156,1,3,151
G3600050046201,1990,NY,,,,,,,,,046201,,,70,Bronx,005,,,2,5602,,,,5600,1,New York,36,,,,0000002039,0000000113,Tract 462.01,S,40874800,-73828597,,9727,9798,34,275,46,2130,706,23,24,1443
G3600050046202,1990,NY,,,,,,,,,046202,,,70,Bronx,005,,,2,5602,,,,5600,1,New York,36,,,,0000000929,0000000008,Tract 462.02,S,40878850,-73835238,,793,3377,13,50,13,338,224,1,1,424
G36000500484,1990,NY,,,,,,,,,0484,,,70,Bronx,005,,,2,5602,,,,5600,1,New York,36,,,,0000000690,0000000000,Tract 484,S,40885650,-73834837,,251,1611,10,27,5,201,93,0,0,94
G36000500502,1990,NY,,,,,,,,,0502,,,70,Bronx,005,,,2,5602,,,,5600,1,New York,36,,,,0000000509,0000000010,Tract 502,S,40886633,-73814641,,594,11,2,0,0,32,5,0,0,10
G36000500504,1990,NY,,,,,,,,,0504,,,70,Bronx,005,,,2,5602,,,,5600,1,New York,36,,,,0000007266,0000008903,Tract 504,S,40869600,-73792334,,0,0,0,0,0,0,0,0,0,0
G36000500516,1990,NY,,,,,,,,,0516,,,70,Bronx,005,,,2,5602,,,,5600,1,New York,36,,,,0000001593,0000007630,Tract 516,S,40841462,-73772637,,3772,44,10,39,1,150,2,1,4,30
G36000700001,1990,NY,,,,,,,,,0001,,,99,Broome,007,,,2,0960,,,,9999,1,New York,36,,,,0000000901,0000000000,Tract 1,S,42107505,-75942096,,3020,69,4,161,4,46,5,1,3,19
G36000700002,1990,NY,,,,,,,,,0002,,,99,Broome,007,,,2,0960,,,,9999,1,New York,36,,,,0000001376,0000000000,Tract 2,S,42109700,-75931588,,3197,102,9,84,5,16,11,1,0,9
G36000700003,1990,NY,,,,,,,,,0003,,,99,Broome,007,,,2,0960,,,,9999,1,New York,36,,,,0000003208,0000000068,Tract 3,S,42113152,-75921302,,3063,219,16,65,4,24,14,0,0,28
G36000700004,1990,NY,,,,,,,,,0004,,,99,Broome,007,,,2,0960,,,,9999,1,New York,36,,,,0000001086,0000000179,Tract 4,S,42118350,-75898724,,2513,100,6,18,1,10,2,0,0,4
G36000700005,1990,NY,,,,,,,,,0005,,,99,Broome,007,,,2,0960,,,,9999,1,New York,36,,,,0000001223,0000000107,Tract 5,S,42108888,-75902607,,2042,206,6,71,9,28,5,1,1,31
G36000700006,1990,NY,,,,,,,,,0006,,,99,Broome,007,,,2,0960,,,,9999,1,New York,36,,,,0000001573,0000000026,Tract 6,S,42113000,-75889999,,2217,208,12,36,6,13,13,0,0,33
G36000700007,1990,NY,,,,,,,,,0007,,,99,Broome,007,,,2,0960,,,,9999,1,New York,36,,,,0000001530,0000000051,Tract 7,S,42109100,-75880672,,3670,91,9,17,2,27,1,0,0,22
G36000700008,1990,NY,,,,,,,,,0008,,,99,Broome,007,,,2,0960,,,,9999,1,New York,36,,,,0000001760,0000000089,Tract 8,S,42109850,-75867280,,541,15,0,12,0,6,1,0,0,4
G36000700009,1990,NY,,,,,,,,,0009,,,99,Broome,007,,,2,0960,,,,9999,1,New York,36,,,,0000001137,0000000255,Tract 9,S,42099100,-75889143,,1714,53,9,23,0,8,2,0,0,11
G36000700010,1990,NY,,,,,,,,,0010,,,99,Broome,007,,,2,0960,,,,9999,1,New York,36,,,,0000000421,0000000065,Tract 10,S,42102150,-75899699,,707,56,5,46,0,14,1,0,3,2
G36000700011,1990,NY,,,,,,,,,0011,,,99,Broome,007,,,2,0960,,,,9999,1,New York,36,,,,0000000475,0000000110,Tract 11,S,42095467,-75909999,,848,248,7,16,3,3,3,0,0,13
G36000700012,1990,NY,,,,,,,,,0012,,,99,Broome,007,,,2,0960,,,,9999,1,New York,36,,,,0000000599,0000000038,Tract 12,S,42100500,-75911241,,1055,113,5,9,6,15,5,0,0,24
G36000700013,1990,NY,,,,,,,,,0013,,,99,Broome,007,,,2,0960,,,,9999,1,New York,36,,,,0000000703,0000000015,Tract 13,S,42103200,-75924820,,2812,198,13,132,11,29,8,0,0,17
G36000700014,1990,NY,,,,,,,,,0014,,,99,Broome,007,,,2,0960,,,,9999,1,New York,36,,,,0000001322,0000000100,Tract 14,S,42095300,-75924638,,4753,178,15,94,14,122,16,1,3,23
G36000700015,1990,NY,,,,,,,,,0015,,,99,Broome,007,,,2,0960,,,,9999,1,New York,36,,,,0000002129,0000000159,Tract 15,S,42097200,-75939424,,4928,32,3,31,3,46,2,0,0,15
G36000700016,1990,NY,,,,,,,,,0016,,,99,Broome,007,,,2,0960,,,,9999,1,New York,36,,,,0000002872,0000000268,Tract 16,S,42083633,-75929123,,2656,66,7,55,3,15,3,0,3,10
G36000700017,1990,NY,,,,,,,,,0017,,,99,Broome,007,,,2,0960,,,,9999,1,New York,36,,,,0000002267,0000000025,Tract 17,S,42080994,-75909382,,4503,186,17,59,0,26,14,0,1,13
G36000700018,1990,NY,,,,,,,,,0018,,,99,Broome,007,,,2,0960,,,,9999,1,New York,36,,,,0000002305,0000000000,Tract 18,S,42091650,-75889745,,3996,325,18,145,31,50,23,0,0,48
G3600070010298,1990,NY,,,,,,,,,010298,,,99,Broome,007,,,2,0960,,,,9999,1,New York,36,,,,0000118227,0000000072,Tract 102.98,S,42196144,-76031090,,5511,18,3,23,0,20,0,0,0,1
G3600070011901,1990,NY,,,,,,,,,011901,,,99,Broome,007,,,2,0960,,,,9999,1,New York,36,,,,0000098653,0000004377,Tract 119.01,S,42376933,-75919595,,2986,1,4,10,0,5,0,0,0,0
G3600070011902,1990,NY,,,,,,,,,011902,,,99,Broome,007,,,2,0960,,,,9999,1,New York,36,,,,0000107183,0000001052,Tract 119.02,S,42284968,-75916618,,2667,14,18,1,4,2,2,2,1,3
G3600070011903,1990,NY,,,,,,,,,011903,,,99,Broome,007,,,2,0960,,,,9999,1,New York,36,,,,0000121559,0000000142,Tract 119.03,S,42359494,-76052270,,2469,2,6,4,0,3,0,0,0,2
G3600070012001,1990,NY,,,,,,,,,012001,,,99,Broome,007,,,2,0960,,,,9999,1,New York,36,,,,0000062977,0000000091,Tract 120.01,S,42284757,-76025099,,1818,15,4,0,0,8,0,0,0,1
G3600070012101,1990,NY,,,,,,,,,012101,,,99,Broome,007,,,2,0960,,,,9999,1,New York,36,,,,0000033324,0000000266,Tract 121.01,S,42217137,-75880467,,4209,19,5,7,2,34,2,0,0,8
G3600070012102,1990,NY,,,,,,,,,012102,,,99,Broome,007,,,2,0960,,,,9999,1,New York,36,,,,0000010138,0000000478,Tract 121.02,S,42171450,-75858146,,4023,16,2,16,3,13,0,2,0,6
G3600070012103,1990,NY,,,,,,,,,012103,,,99,Broome,007,,,2,0960,,,,9999,1,New York,36,,,,0000044504,0000000129,Tract 121.03,S,42187424,-75914998,,3864,33,1,19,0,25,0,0,0,1
G3600070012201,1990,NY,,,,,,,,,012201,,,99,Broome,007,,,2,0960,,,,9999,1,New York,36,,,,0000010274,0000000387,Tract 122.01,S,42159133,-75860493,,2725,14,6,5,5,6,2,0,0,1
G3600070012202,1990,NY,,,,,,,,,012202,,,99,Broome,007,,,2,0960,,,,9999,1,New York,36,,,,0000074900,0000000872,Tract 122.02,S,42207630,-75803011,,4429,13,11,6,0,10,0,0,0,3
G36000700123,1990,NY,,,,,,,,,0123,,,99,Broome,007,,,2,0960,,,,9999,1,New York,36,,,,0000203382,0000001789,Tract 123,S,42170497,-75666270,,5512,17,7,22,0,26,1,0,3,2
G36000700124,1990,NY,,,,,,,,,0124,,,99,Broome,007,,,2,0960,,,,9999,1,New York,36,,,,0000233306,0000002404,Tract 124,S,42092769,-75479893,,2541,5,3,2,0,25,0,0,0,0
G36000700125,1990,NY,,,,,,,,,0125,,,99,Broome,007,,,2,0960,,,,9999,1,New York,36,,,,0000236979,0000003269,Tract 125,S,42056354,-75666379,,6361,13,6,20,2,31,5,0,0,2
G36000700126,1990,NY,,,,,,,,,0126,,,99,Broome,007,,,2,0960,,,,9999,1,New York,36,,,,0000080202,0000001108,Tract 126,S,42091911,-75808802,,5990,33,7,35,2,23,0,0,1,5
G3600070012701,1990,NY,,,,,,,,,012701,,,99,Broome,007,,,2,0960,,,,9999,1,New York,36,,,,0000063485,0000001089,Tract 127.01,S,42040560,-75835678,,6126,50,9,31,2,34,0,0,0,13
G3600070012702,1990,NY,,,,,,,,,012702,,,99,Broome,007,,,2,0960,,,,9999,1,New York,36,,,,0000066161,0000000099,Tract 127.02,S,42047600,-75921462,,4826,67,5,69,3,27,6,0,1,2
G36000700128,1990,NY,,,,,,,,,0128,,,99,Broome,007,,,2,0960,,,,9999,1,New York,36,,,,0000012372,0000000193,Tract 128,S,42129000,-75908792,,5354,70,6,9,1,32,4,2,0,8
G36000700129,1990,NY,,,,,,,,,0129,,,99,Broome,007,,,2,0960,,,,9999,1,New York,36,,,,0000014514,0000000021,Tract 129,S,42143183,-75980315,,976,5,1,8,0,3,0,0,0,2
G36000700130,1990,NY,,,,,,,,,0130,,,99,Broome,007,,,2,0960,,,,9999,1,New York,36,,,,0000009915,0000000445,Tract 130,S,42122800,-75994078,,4571,27,5,100,1,40,5,0,0,8
G36000700131,1990,NY,,,,,,,,,0131,,,99,Broome,007,,,2,0960,,,,9999,1,New York,36,,,,0000002080,0000000156,Tract 131,S,42105533,-76028975,,2700,50,6,34,7,22,1,0,0,7
G3600070013201,1990,NY,,,,,,,,,013201,,,99,Broome,007,,,2,0960,,,,9999,1,New York,36,,,,0000000998,0000000000,Tract 132.01,S,42113300,-76028324,,2417,11,0,21,0,4,0,0,0,1
G3600070013202,1990,NY,,,,,,,,,013202,,,99,Broome,007,,,2,0960,,,,9999,1,New York,36,,,,0000002432,0000000003,Tract 132.02,S,42122527,-76032311,,3466,60,0,74,2,23,0,0,0,5
G3600070013301,1990,NY,,,,,,,,,013301,,,99,Broome,007,,,2,0960,,,,9999,1,New York,36,,,,0000010397,0000000041,Tract 133.01,S,42102325,-76086020,,5251,61,8,57,0,37,2,0,1,1
G3600070013303,1990,NY,,,,,,,,,013303,,,99,Broome,007,,,2,0960,,,,9999,1,New York,36,,,,0000021541,0000000000,Tract 133.03,S,42143019,-76077899,,3165,44,1,60,0,31,0,0,0,1
G3600070013304,1990,NY,,,,,,,,,013304,,,99,Broome,007,,,2,0960,,,,9999,1,New York,36,,,,0000009560,0000000036,Tract 133.04,S,42133717,-76042382,,5702,72,5,148,7,48,0,0,4,2
G36000700134,1990,NY,,,,,,,,,0134,,,99,Broome,007,,,2,0960,,,,9999,1,New York,36,,,,0000002288,0000000000,Tract 134,S,42111200,-76051905,,4345,66,2,54,2,33,1,0,0,8
G36000700135,1990,NY,,,,,,,,,0135,,,99,Broome,007,,,2,0960,,,,9999,1,New York,36,,,,0000000953,0000000000,Tract 135,S,42104000,-76047773,,1858,53,9,41,15,16,1,0,0,1
G36000700136,1990,NY,,,,,,,,,0136,,,99,Broome,007,,,2,0960,,,,9999,1,New York,36,,,,0000001516,0000000000,Tract 136,S,42099704,-76063849,,3741,81,6,27,2,30,0,0,1,7
G36000700137,1990,NY,,,,,,,,,0137,,,99,Broome,007,,,2,0960,,,,9999,1,New York,36,,,,0000003406,0000000675,Tract 137,S,42086000,-76075516,,3004,45,4,24,3,41,0,0,0,10
G36000700138,1990,NY,,,,,,,,,0138,,,99,Broome,007,,,2,0960,,,,9999,1,New York,36,,,,0000001667,0000000000,Tract 138,S,42122033,-75953286,,3481,20,2,10,2,11,2,2,0,11
G36000700139,1990,NY,,,,,,,,,0139,,,99,Broome,007,,,2,0960,,,,9999,1,New York,36,,,,0000000998,0000000000,Tract 139,S,42114700,-75958848,,2547,73,3,155,3,50,0,0,4,18
G36000700140,1990,NY,,,,,,,,,0140,,,99,Broome,007,,,2,0960,,,,9999,1,New York,36,,,,0000000664,0000000000,Tract 140,S,42109300,-75958248,,3052,106,7,184,4,36,1,0,1,9
G36000700141,1990,NY,,,,,,,,,0141,,,99,Broome,007,,,2,0960,,,,9999,1,New York,36,,,,0000001664,0000000333,Tract 141,S,42103550,-75960622,,3766,31,2,36,1,19,1,0,0,5
G36000700142,1990,NY,,,,,,,,,0142,,,99,Broome,007,,,2,0960,,,,9999,1,New York,36,,,,0000006513,0000000016,Tract 142,S,42125650,-75967225,,3105,17,2,57,3,30,1,0,0,14
G36000700143,1990,NY,,,,,,,,,0143,,,99,Broome,007,,,2,0960,,,,9999,1,New York,36,,,,0000026198,0000000616,Tract 143,S,42083300,-75992610,,10230,359,4,953,6,177,35,3,6,135
G36000700144,1990,NY,,,,,,,,,0144,,,99,Broome,007,,,2,0960,,,,9999,1,New York,36,,,,0000011092,0000000304,Tract 144,S,42087950,-76036420,,5343,34,3,84,3,59,0,0,0,21
G36000700145,1990,NY,,,,,,,,,0145,,,99,Broome,007,,,2,0960,,,,9999,1,New York,36,,,,0000016246,0000000366,Tract 145,S,42058850,-76080828,,3682,24,3,39,0,17,0,0,0,6
G36000700146,1990,NY,,,,,,,,,0146,,,99,Broome,007,,,2,0960,,,,9999,1,New York,36,,,,0000081451,0000000000,Tract 146,S,42038122,-76027223,,5337,28,1,121,0,15,0,2,0,3
G3600070014798,1990,NY,,,,,,,,,014798,,,99,Broome,007,,,2,0960,,,,9999,1,New York,36,,,,0000000164,0000000000,Tract 147.98,S,42246107,-76089564,,0,0,0,0,0,0,0,0,0,0
G36000909601,1990,NY,,,,,,,,,9601,,,99,Cattaraugus,009,,,2,9999,,,,9999,1,New York,36,,,,0000194094,0000000894,BNA 9601,S,42453728,-78393293,,2995,5,1,1,0,17,1,0,0,2
G36000909602,1990,NY,,,,,,,,,9602,,,99,Cattaraugus,009,,,2,9999,,,,9999,1,New York,36,,,,0000070883,0000001230,BNA 9602,S,42453222,-78502942,,4710,23,11,17,0,13,0,0,0,12
G36000909603,1990,NY,,,,,,,,,9603,,,99,Cattaraugus,009,,,2,9999,,,,9999,1,New York,36,,,,0000363013,0000000949,BNA 9603,S,42422134,-78696056,,4242,43,10,8,0,21,0,0,0,3
G36000909604,1990,NY,,,,,,,,,9604,,,99,Cattaraugus,009,,,2,9999,,,,9999,1,New York,36,,,,0000119139,0000000143,BNA 9604,S,42456653,-78989616,,4505,19,155,13,1,30,1,3,1,9
G36000909605,1990,NY,,,,,,,,,9605,,,99,Cattaraugus,009,,,2,9999,,,,9999,1,New York,36,,,,0000310824,0000001009,BNA 9605,S,42332053,-78964481,,5033,4,24,2,0,6,0,0,0,9
G36000909606,1990,NY,,,,,,,,,9606,,,99,Cattaraugus,009,,,2,9999,,,,9999,1,New York,36,,,,0000248953,0000000394,BNA 9606,S,42233027,-78827435,,3383,11,19,6,1,9,0,0,0,3
G36000909607,1990,NY,,,,,,,,,9607,,,99,Cattaraugus,009,,,2,9999,,,,9999,1,New York,36,,,,0000212663,0000000261,BNA 9607,S,42270619,-78692343,,3445,39,27,12,0,15,6,0,0,2
G36000909608,1990,NY,,,,,,,,,9608,,,99,Cattaraugus,009,,,2,9999,,,,9999,1,New York,36,,,,0000286160,0000000979,BNA 9608,S,42334976,-78505254,,4109,5,11,11,0,11,0,0,1,4
G36000909609,1990,NY,,,,,,,,,9609,,,99,Cattaraugus,009,,,2,9999,,,,9999,1,New York,36,,,,0000281275,0000000244,BNA 9609,S,42252704,-78432922,,2350,3,2,0,0,6,0,0,0,0
G36000909610,1990,NY,,,,,,,,,9610,,,99,Cattaraugus,009,,,2,9999,,,,9999,1,New York,36,,,,0000169614,0000000177,BNA 9610,S,42140465,-78402968,,4421,29,8,40,2,25,0,0,0,5
G36000909611,1990,NY,,,,,,,,,9611,,,99,Cattaraugus,009,,,2,9999,,,,9999,1,New York,36,,,,0000148756,0000000655,BNA 9611,S,42161518,-78602597,,4153,16,12,46,0,18,0,0,4,0
G36000909612,1990,NY,,,,,,,,,9612,,,99,Cattaraugus,009,,,2,9999,,,,9999,1,New York,36,,,,0000113026,0000001141,BNA 9612,S,42038864,-78376776,,4274,24,7,2,5,17,0,0,0,4
G36000909613,1990,NY,,,,,,,,,9613,,,99,Cattaraugus,009,,,2,9999,,,,9999,1,New York,36,,,,0000417212,0000002448,BNA 9613,S,42046506,-78708189,,5709,37,34,31,0,45,1,3,0,12
G36000909614,1990,NY,,,,,,,,,9614,,,99,Cattaraugus,009,,,2,9999,,,,9999,1,New York,36,,,,0000323244,0000000969,BNA 9614,S,42118011,-78979327,,5094,13,45,7,1,10,0,0,0,16
G36000909615,1990,NY,,,,,,,,,9615,,,99,Cattaraugus,009,,,2,9999,,,,9999,1,New York,36,,,,0000004562,0000000053,BNA 9615,S,42094001,-78435695,,2671,18,13,48,3,10,0,0,0,3
G36000909616,1990,NY,,,,,,,,,9616,,,99,Cattaraugus,009,,,2,9999,,,,9999,1,New York,36,,,,0000002920,0000000157,BNA 9616,S,42076315,-78452337,,4436,79,27,11,4,33,5,1,0,10
G36000909617,1990,NY,,,,,,,,,9617,,,99,Cattaraugus,009,,,2,9999,,,,9999,1,New York,36,,,,0000001854,0000000063,BNA 9617,S,42080432,-78433593,,4061,169,21,16,5,17,0,0,0,16
G36000909618,1990,NY,,,,,,,,,9618,,,99,Cattaraugus,009,,,2,9999,,,,9999,1,New York,36,,,,0000006022,0000000325,BNA 9618,S,42075708,-78420233,,4981,184,20,28,7,15,1,1,0,32
G36000909619,1990,NY,,,,,,,,,9619,,,99,Cattaraugus,009,,,2,9999,,,,9999,1,New York,36,,,,0000006211,0000000155,BNA 9619,S,42482839,-78970957,,4,0,191,0,0,0,0,1,0,0
G36000909620,1990,NY,,,,,,,,,9620,,,99,Cattaraugus,009,,,2,9999,,,,9999,1,New York,36,,,,0000008710,0000000419,BNA 9620,S,42530024,-79031647,,5,0,152,1,0,0,0,5,0,0
G36000909621,1990,NY,,,,,,,,,9621,,,99,Cattaraugus,009,,,2,9999,,,,9999,1,New York,36,,,,0000102641,0000019420,BNA 9621,S,42107320,-78791380,,6173,21,1061,21,0,16,0,1,0,22
G36000909622,1990,NY,,,,,,,,,9622,,,99,Cattaraugus,009,,,2,9999,,,,9999,1,New York,36,,,,0000000963,0000000001,BNA 9622,S,42233331,-78314213,,3,0,0,0,0,0,0,0,0,0
G36001100401,1990,NY,,,,,,,,,0401,,,99,Cayuga,011,,,2,9999,,,,9999,1,New York,36,,,,0000207286,0000003973,Tract 401,S,43270560,-76650155,,4760,17,31,1,2,5,0,1,0,3
G36001100402,1990,NY,,,,,,,,,0402,,,99,Cayuga,011,,,2,9999,,,,9999,1,New York,36,,,,0000177357,0000006846,Tract 402,S,43167472,-76539686,,4369,13,29,12,1,16,0,0,0,2
G36001100403,1990,NY,,,,,,,,,0403,,,99,Cayuga,011,,,2,9999,,,,9999,1,New York,36,,,,0000135309,0000003259,Tract 403,S,43093172,-76647710,,4255,26,13,5,2,9,0,0,0,2
G36001100404,1990,NY,,,,,,,,,0404,,,99,Cayuga,011,,,2,9999,,,,9999,1,New York,36,,,,0000057349,0000000928,Tract 404,S,43045542,-76546679,,4912,16,38,22,1,18,0,0,0,6
G36001100405,1990,NY,,,,,,,,,0405,,,99,Cayuga,011,,,2,9999,,,,9999,1,New York,36,,,,0000095852,0000001036,Tract 405,S,42993907,-76657992,,3041,9,6,3,0,9,0,2,0,2
G36001100406,1990,NY,,,,,,,,,0406,,,99,Cayuga,011,,,2,9999,,,,9999,1,New York,36,,,,0000074640,0000000054,Tract 406,S,42967148,-76511530,,2834,26,5,37,0,5,1,0,1,4
G36001100407,1990,NY,,,,,,,,,0407,,,99,Cayuga,011,,,2,9999,,,,9999,1,New York,36,,,,0000054221,0000006576,Tract 407,S,42891045,-76492955,,3462,6,1,13,0,4,0,0,0,4
G36001100408,1990,NY,,,,,,,,,0408,,,99,Cayuga,011,,,2,9999,,,,9999,1,New York,36,,,,0000176398,0000012727,Tract 408,S,42782896,-76410834,,4100,635,4,17,0,53,44,1,2,209
G36001100409,1990,NY,,,,,,,,,0409,,,99,Cayuga,011,,,2,9999,,,,9999,1,New York,36,,,,0000206337,0000001202,Tract 409,S,42684452,-76351391,,3699,4,3,9,0,18,1,0,0,2
G36001100410,1990,NY,,,,,,,,,0410,,,99,Cayuga,011,,,2,9999,,,,9999,1,New York,36,,,,0000303370,0000041242,Tract 410,S,42708680,-76606022,,4831,32,5,17,1,23,1,0,0,10
G36001100411,1990,NY,,,,,,,,,0411,,,99,Cayuga,011,,,2,9999,,,,9999,1,New York,36,,,,0000151519,0000013208,Tract 411,S,42825153,-76566765,,4084,15,15,17,0,23,0,0,0,7
G36001100412,1990,NY,,,,,,,,,0412,,,99,Cayuga,011,,,2,9999,,,,9999,1,New York,36,,,,0000134198,0000017952,Tract 412,S,42887009,-76675353,,4995,20,26,12,0,40,0,0,1,0
G36001100413,1990,NY,,,,,,,,,0413,,,99,Cayuga,011,,,2,9999,,,,9999,1,New York,36,,,,0000005591,0000000000,Tract 413,S,42946568,-76585156,,4375,105,11,14,3,43,0,2,0,4
G36001100414,1990,NY,,,,,,,,,0414,,,99,Cayuga,011,,,2,9999,,,,9999,1,New York,36,,,,0000004111,0000000046,Tract 414,S,42946173,-76554826,,5223,64,4,40,3,29,5,2,2,12
G36001100415,1990,NY,,,,,,,,,0415,,,99,Cayuga,011,,,2,9999,,,,9999,1,New York,36,,,,0000001517,0000000004,Tract 415,S,42936545,-76549126,,3350,56,19,12,2,11,1,1,0,3
G36001100416,1990,NY,,,,,,,,,0416,,,99,Cayuga,011,,,2,9999,,,,9999,1,New York,36,,,,0000001230,0000000019,Tract 416,S,42929798,-76546534,,2845,63,4,8,6,26,1,0,0,6
G36001100417,1990,NY,,,,,,,,,0417,,,99,Cayuga,011,,,2,9999,,,,9999,1,New York,36,,,,0000002923,0000000030,Tract 417,S,42919622,-76557356,,4553,39,4,27,1,26,0,0,5,6
G36001100418,1990,NY,,,,,,,,,0418,,,99,Cayuga,011,,,2,9999,,,,9999,1,New York,36,,,,0000003780,0000000000,Tract 418,S,42917723,-76578359,,4746,541,18,26,13,42,3,0,0,16
G36001100419,1990,NY,,,,,,,,,0419,,,99,Cayuga,011,,,2,9999,,,,9999,1,New York,36,,,,0000002467,0000000000,Tract 419,S,42928218,-76583971,,2877,200,15,24,3,25,0,1,1,1
G36001100420,1990,NY,,,,,,,,,0420,,,99,Cayuga,011,,,2,9999,,,,9999,1,New York,36,,,,0000000124,0000000000,Tract 420,S,42934382,-76574583,,408,887,8,3,2,176,164,6,0,53
G36001300301,1990,NY,,,,,,,,,0301,,,99,Chautauqua,013,,,2,3610,,,,9999,1,New York,36,,,,0000003069,0000000000,Tract 301,S,42112050,-79218124,,4005,55,42,18,3,105,6,5,6,147
G36001300302,1990,NY,,,,,,,,,0302,,,99,Chautauqua,013,,,2,3610,,,,9999,1,New York,36,,,,0000001856,0000000000,Tract 302,S,42109900,-79234519,,4308,156,14,30,3,79,3,0,4,35
G36001300303,1990,NY,,,,,,,,,0303,,,99,Chautauqua,013,,,2,3610,,,,9999,1,New York,36,,,,0000004311,0000000197,Tract 303,S,42108771,-79250550,,2084,427,28,20,12,41,7,0,0,43
G36001300304,1990,NY,,,,,,,,,0304,,,99,Chautauqua,013,,,2,3610,,,,9999,1,New York,36,,,,0000002115,0000000000,Tract 304,S,42092850,-79259980,,4477,25,6,23,0,28,1,2,0,4
G36001300305,1990,NY,,,,,,,,,0305,,,99,Chautauqua,013,,,2,3610,,,,9999,1,New York,36,,,,0000001645,0000000020,Tract 305,S,42095000,-79240919,,3584,102,41,9,4,88,5,1,1,154
G36001300306,1990,NY,,,,,,,,,0306,,,99,Chautauqua,013,,,2,3610,,,,9999,1,New York,36,,,,0000003749,0000000000,Tract 306,S,42095133,-79219430,,4228,41,8,3,7,66,0,4,3,80
G36001300307,1990,NY,,,,,,,,,0307,,,99,Chautauqua,013,,,2,3610,,,,9999,1,New York,36,,,,0000003587,0000000000,Tract 307,S,42081750,-79223241,,4917,47,10,23,0,41,1,0,0,17
G36001300308,1990,NY,,,,,,,,,0308,,,99,Chautauqua,013,,,2,3610,,,,9999,1,New York,36,,,,0000002604,0000000000,Tract 308,S,42082100,-79250574,,4831,24,14,17,0,38,0,0,0,20
G36001300351,1990,NY,,,,,,,,,0351,,,99,Chautauqua,013,,,2,3610,,,,9999,1,New York,36,,,,0000022099,0000007512,Tract 351,S,42548857,-79150346,,4712,34,69,5,1,20,1,0,0,13
G36001300352,1990,NY,,,,,,,,,0352,,,99,Chautauqua,013,,,2,3610,,,,9999,1,New York,36,,,,0000112359,0000000600,Tract 352,S,42488919,-79121843,,2476,6,48,8,1,11,0,0,0,5
G36001300353,1990,NY,,,,,,,,,0353,,,99,Chautauqua,013,,,2,3610,,,,9999,1,New York,36,,,,0000096591,0000019854,Tract 353,S,42495437,-79231875,,2511,13,14,20,0,16,2,0,1,5
G36001300354,1990,NY,,,,,,,,,0354,,,99,Chautauqua,013,,,2,3610,,,,9999,1,New York,36,,,,0000001693,0000000000,Tract 354,S,42481682,-79317654,,2607,139,34,5,0,308,5,0,0,279
G36001300355,1990,NY,,,,,,,,,0355,,,99,Chautauqua,013,,,2,3610,,,,9999,1,New York,36,,,,0000002479,0000004216,Tract 355,S,42498002,-79318829,,2638,199,13,4,6,144,10,0,1,381
G36001300356,1990,NY,,,,,,,,,0356,,,99,Chautauqua,013,,,2,3610,,,,9999,1,New York,36,,,,0000004711,0000002171,Tract 356,S,42485185,-79346995,,3287,87,8,10,0,205,9,9,5,202
G36001300357,1990,NY,,,,,,,,,0357,,,99,Chautauqua,013,,,2,3610,,,,9999,1,New York,36,,,,0000002850,0000000000,Tract 357,S,42470402,-79329768,,2893,76,11,17,1,136,2,1,0,257
G36001300358,1990,NY,,,,,,,,,0358,,,99,Chautauqua,013,,,2,3610,,,,9999,1,New York,36,,,,0000006819,0000000000,Tract 358,S,42439894,-79319558,,3744,47,11,40,1,63,0,1,0,21
G3600130035901,1990,NY,,,,,,,,,035901,,,99,Chautauqua,013,,,2,3610,,,,9999,1,New York,36,,,,0000011735,0000000000,Tract 359.01,S,42433918,-79345895,,4324,49,4,46,6,49,1,0,0,25
G3600130035902,1990,NY,,,,,,,,,035902,,,99,Chautauqua,013,,,2,3610,,,,9999,1,New York,36,,,,0000001021,0000000000,Tract 359.02,S,42452160,-79339901,,2315,66,7,29,1,27,3,0,1,19
G36001300360,1990,NY,,,,,,,,,0360,,,99,Chautauqua,013,,,2,3610,,,,9999,1,New York,36,,,,0000110293,0000009378,Tract 360,S,42412198,-79358142,,4465,193,11,10,3,64,14,0,0,46
G36001300361,1990,NY,,,,,,,,,0361,,,99,Chautauqua,013,,,2,3610,,,,9999,1,New York,36,,,,0000375454,0000000378,Tract 361,S,42348519,-79178371,,4613,10,19,8,1,42,0,0,0,4
G36001300363,1990,NY,,,,,,,,,0363,,,99,Chautauqua,013,,,2,3610,,,,9999,1,New York,36,,,,0000088734,0000015845,Tract 363,S,42374476,-79468921,,4154,363,10,13,4,69,30,0,0,189
G36001300364,1990,NY,,,,,,,,,0364,,,99,Chautauqua,013,,,2,3610,,,,9999,1,New York,36,,,,0000296640,0000018946,Tract 364,S,42257212,-79438821,,6957,24,12,11,3,45,1,0,5,11
G36001300365,1990,NY,,,,,,,,,0365,,,99,Chautauqua,013,,,2,3610,,,,9999,1,New York,36,,,,0000122280,0000014460,Tract 365,S,42286016,-79601973,,5058,12,7,16,4,61,1,0,12,23
G36001300366,1990,NY,,,,,,,,,0366,,,99,Chautauqua,013,,,2,3610,,,,9999,1,New York,36,,,,0000219615,0000001381,Tract 366,S,42194789,-79703723,,4071,3,8,1,0,4,0,0,0,9
G36001300367,1990,NY,,,,,,,,,0367,,,99,Chautauqua,013,,,2,3610,,,,9999,1,New York,36,,,,0000281360,0000000405,Tract 367,S,42075343,-79617922,,3876,3,2,10,0,4,0,0,0,0
G36001300368,1990,NY,,,,,,,,,0368,,,99,Chautauqua,013,,,2,3610,,,,9999,1,New York,36,,,,0000226181,0000007812,Tract 368,S,42086259,-79453872,,4450,3,12,4,0,5,0,0,0,3
G36001300369,1990,NY,,,,,,,,,0369,,,99,Chautauqua,013,,,2,3610,,,,9999,1,New York,36,,,,0000216912,0000019215,Tract 369,S,42199202,-79310709,,6613,25,13,5,3,18,0,0,0,4
G36001300370,1990,NY,,,,,,,,,0370,,,99,Chautauqua,013,,,2,3610,,,,9999,1,New York,36,,,,0000114916,0000000039,Tract 370,S,42041091,-79318555,,3544,4,6,9,3,13,0,0,0,0
G36001300371,1990,NY,,,,,,,,,0371,,,99,Chautauqua,013,,,2,3610,,,,9999,1,New York,36,,,,0000009761,0000006957,Tract 371,S,42102000,-79335175,,4364,21,7,53,0,21,3,0,0,3
G36001300372,1990,NY,,,,,,,,,0372,,,99,Chautauqua,013,,,2,3610,,,,9999,1,New York,36,,,,0000008756,0000000000,Tract 372,S,42093400,-79277699,,3807,19,11,13,0,10,3,1,0,1
G36001300373,1990,NY,,,,,,,,,0373,,,99,Chautauqua,013,,,2,3610,,,,9999,1,New York,36,,,,0000070543,0000001559,Tract 373,S,42132843,-79232090,,5522,15,6,15,0,28,0,0,0,4
G36001300374,1990,NY,,,,,,,,,0374,,,99,Chautauqua,013,,,2,3610,,,,9999,1,New York,36,,,,0000189678,0000000268,Tract 374,S,42175257,-79114691,,4165,6,16,9,0,18,0,0,0,5
G36001300375,1990,NY,,,,,,,,,0375,,,99,Chautauqua,013,,,2,3610,,,,9999,1,New York,36,,,,0000134539,0000000174,Tract 375,S,42038154,-79143853,,4836,3,12,2,0,8,0,0,0,0
G36001500001,1990,NY,,,,,,,,,0001,,,99,Chemung,015,,,2,2335,,,,9999,1,New York,36,,,,0000004299,0000000044,Tract 1,S,42106600,-76803235,,2713,611,15,11,15,38,6,0,4,10
G36001500002,1990,NY,,,,,,,,,0002,,,99,Chemung,015,,,2,2335,,,,9999,1,New York,36,,,,0000001515,0000000000,Tract 2,S,42106200,-76821564,,2889,169,7,19,14,27,13,0,0,8
G36001500003,1990,NY,,,,,,,,,0003,,,99,Chemung,015,,,2,2335,,,,9999,1,New York,36,,,,0000000501,0000000000,Tract 3,S,42112650,-76833543,,227,1009,7,11,6,111,196,9,21,158
G36001500004,1990,NY,,,,,,,,,0004,,,99,Chemung,015,,,2,2335,,,,9999,1,New York,36,,,,0000002356,0000000000,Tract 4,S,42099550,-76830399,,2496,109,4,11,10,5,0,0,0,11
G36001500005,1990,NY,,,,,,,,,0005,,,99,Chemung,015,,,2,2335,,,,9999,1,New York,36,,,,0000001521,0000000051,Tract 5,S,42086750,-76823665,,3317,163,9,17,3,13,0,0,0,13
G36001500006,1990,NY,,,,,,,,,0006,,,99,Chemung,015,,,2,2335,,,,9999,1,New York,36,,,,0000001112,0000000029,Tract 6,S,42092000,-76815342,,3751,395,13,58,26,31,5,4,1,24
G36001500007,1990,NY,,,,,,,,,0007,,,99,Chemung,015,,,2,2335,,,,9999,1,New York,36,,,,0000000719,0000000070,Tract 7,S,42089900,-76806180,,545,94,2,7,0,8,1,0,0,7
G36001500008,1990,NY,,,,,,,,,0008,,,99,Chemung,015,,,2,2335,,,,9999,1,New York,36,,,,0000001754,0000000112,Tract 8,S,42092100,-76794962,,1516,886,4,6,37,14,22,1,0,19
G36001500009,1990,NY,,,,,,,,,0009,,,99,Chemung,015,,,2,2335,,,,9999,1,New York,36,,,,0000002422,0000000171,Tract 9,S,42079150,-76792148,,3905,162,8,9,10,25,2,0,0,25
G36001500010,1990,NY,,,,,,,,,0010,,,99,Chemung,015,,,2,2335,,,,9999,1,New York,36,,,,0000001312,0000000120,Tract 10,S,42081600,-76806107,,3358,178,9,6,27,19,1,1,0,18
G36001500011,1990,NY,,,,,,,,,0011,,,99,Chemung,015,,,2,2335,,,,9999,1,New York,36,,,,0000001477,0000000100,Tract 11,S,42073900,-76811378,,3788,140,8,10,5,19,0,0,0,9
G36001500101,1990,NY,,,,,,,,,0101,,,99,Chemung,015,,,2,2335,,,,9999,1,New York,36,,,,0000222452,0000000411,Tract 101,S,42194600,-76635169,,3445,17,22,12,0,12,1,0,0,0
G36001500102,1990,NY,,,,,,,,,0102,,,99,Chemung,015,,,2,2335,,,,9999,1,New York,36,,,,0000197998,0000000145,Tract 102,S,42243667,-76846619,,5983,33,8,23,8,22,0,0,0,17
G36001500103,1990,NY,,,,,,,,,0103,,,99,Chemung,015,,,2,2335,,,,9999,1,New York,36,,,,0000115237,0000001461,Tract 103,S,42138652,-76913915,,7378,67,5,108,2,27,0,4,0,5
G36001500104,1990,NY,,,,,,,,,0104,,,99,Chemung,015,,,2,2335,,,,9999,1,New York,36,,,,0000003345,0000000000,Tract 104,S,42174267,-76836945,,3586,47,3,62,5,12,0,0,0,1
G36001500105,1990,NY,,,,,,,,,0105,,,99,Chemung,015,,,2,2335,,,,9999,1,New York,36,,,,0000005986,0000000000,Tract 105,S,42167100,-76825099,,2976,27,15,18,1,21,0,0,0,2
G36001500106,1990,NY,,,,,,,,,0106,,,99,Chemung,015,,,2,2335,,,,9999,1,New York,36,,,,0000012475,0000000000,Tract 106,S,42135667,-76849170,,3116,24,2,42,2,4,2,0,0,10
G36001500107,1990,NY,,,,,,,,,0107,,,99,Chemung,015,,,2,2335,,,,9999,1,New York,36,,,,0000068708,0000000099,Tract 107,S,42156600,-76781311,,6909,95,8,65,5,23,0,0,0,10
G36001500108,1990,NY,,,,,,,,,0108,,,99,Chemung,015,,,2,2335,,,,9999,1,New York,36,,,,0000004967,0000000037,Tract 108,S,42135150,-76818954,,4028,47,3,13,1,19,1,0,1,4
G36001500109,1990,NY,,,,,,,,,0109,,,99,Chemung,015,,,2,2335,,,,9999,1,New York,36,,,,0000011666,0000000322,Tract 109,S,42096767,-76849445,,5225,52,3,113,4,22,2,0,0,1
G36001500110,1990,NY,,,,,,,,,0110,,,99,Chemung,015,,,2,2335,,,,9999,1,New York,36,,,,0000238673,0000001942,Tract 110,S,42072942,-76659932,,4043,27,15,4,10,24,0,0,0,2
G36001500111,1990,NY,,,,,,,,,0111,,,99,Chemung,015,,,2,2335,,,,9999,1,New York,36,,,,0000014328,0000000317,Tract 111,S,42063700,-76812739,,7595,108,8,15,8,16,3,0,0,6
G36001500112,1990,NY,,,,,,,,,0112,,,99,Chemung,015,,,2,2335,,,,9999,1,New York,36,,,,0000142390,0000001348,Tract 112,S,42037133,-76856704,,5011,453,11,9,4,58,77,3,14,116
G36001709901,1990,NY,,,,,,,,,9901,,,99,Chenango,017,,,2,9999,,,,9999,1,New York,36,,,,0000255319,0000000206,BNA 9901,S,42693059,-75485458,,5885,9,11,10,1,24,1,1,0,2
G36001709902,1990,NY,,,,,,,,,9902,,,99,Chenango,017,,,2,9999,,,,9999,1,New York,36,,,,0000559305,0000002513,BNA 9902,S,42609854,-75756274,,4426,138,7,9,2,58,15,1,0,34
G36001709903,1990,NY,,,,,,,,,9903,,,99,Chenango,017,,,2,9999,,,,9999,1,New York,36,,,,0000002876,0000000000,BNA 9903,S,42534754,-75527841,,4006,26,7,51,0,31,1,0,0,3
G36001709904,1990,NY,,,,,,,,,9904,,,99,Chenango,017,,,2,9999,,,,9999,1,New York,36,,,,0000002388,0000000000,BNA 9904,S,42533849,-75517619,,3349,69,15,11,1,23,3,0,2,15
G36001709905,1990,NY,,,,,,,,,9905,,,99,Chenango,017,,,2,9999,,,,9999,1,New York,36,,,,0000258409,0000000911,BNA 9905,S,42591691,-75418480,,5825,28,16,16,0,40,1,0,0,4
G36001709906,1990,NY,,,,,,,,,9906,,,99,Chenango,017,,,2,9999,,,,9999,1,New York,36,,,,0000304836,0000001289,BNA 9906,S,42473669,-75523860,,8605,37,25,12,11,65,3,0,0,7
G36001709907,1990,NY,,,,,,,,,9907,,,99,Chenango,017,,,2,9999,,,,9999,1,New York,36,,,,0000184626,0000000635,BNA 9907,S,42460417,-75736497,,2297,17,6,6,1,20,0,0,0,3
G36001709908,1990,NY,,,,,,,,,9908,,,99,Chenango,017,,,2,9999,,,,9999,1,New York,36,,,,0000390312,0000002450,BNA 9908,S,42361427,-75622856,,7435,10,19,30,1,59,5,0,3,5
G36001709909,1990,NY,,,,,,,,,9909,,,99,Chenango,017,,,2,9999,,,,9999,1,New York,36,,,,0000205375,0000002210,BNA 9909,S,42246140,-75540109,,5014,11,24,6,3,23,0,0,0,4
G36001709910,1990,NY,,,,,,,,,9910,,,99,Chenango,017,,,2,9999,,,,9999,1,New York,36,,,,0000153099,0000001028,BNA 9910,S,42285277,-75747000,,3773,9,13,9,0,18,1,0,0,1
G36001901001,1990,NY,,,,,,,,,1001,,,99,Clinton,019,,,2,9999,,,,9999,1,New York,36,,,,0000132647,0000019672,Tract 1001,S,44965768,-73436778,,5727,11,10,11,0,27,0,0,1,9
G36001901002,1990,NY,,,,,,,,,1002,,,99,Clinton,019,,,2,9999,,,,9999,1,New York,36,,,,0000140382,0000018430,Tract 1002,S,44857919,-73463440,,3866,7,1,4,0,9,0,0,0,3
G36001901003,1990,NY,,,,,,,,,1003,,,99,Clinton,019,,,2,9999,,,,9999,1,New York,36,,,,0000488764,0000001588,Tract 1003,S,44905198,-73666039,,5150,327,16,12,1,68,76,2,1,117
G36001901004,1990,NY,,,,,,,,,1004,,,99,Clinton,019,,,2,9999,,,,9999,1,New York,36,,,,0000603488,0000018787,Tract 1004,S,44840084,-73889611,,4696,88,19,17,6,47,19,0,0,31
G36001901005,1990,NY,,,,,,,,,1005,,,99,Clinton,019,,,2,9999,,,,9999,1,New York,36,,,,0000000290,0000000000,Tract 1005,S,44722825,-73721230,,654,1361,14,9,13,170,263,16,12,307
G36001901006,1990,NY,,,,,,,,,1006,,,99,Clinton,019,,,2,9999,,,,9999,1,New York,36,,,,0000156641,0000023637,Tract 1006,S,44771091,-73500198,,5031,39,3,2,8,22,0,0,0,3
G36001901007,1990,NY,,,,,,,,,1007,,,99,Clinton,019,,,2,9999,,,,9999,1,New York,36,,,,0000039359,0000001118,Tract 1007,S,44712692,-73599393,,3125,8,1,7,1,10,0,0,1,5
G36001901008,1990,NY,,,,,,,,,1008,,,99,Clinton,019,,,2,9999,,,,9999,1,New York,36,,,,0000045418,0000032839,Tract 1008,S,44722411,-73439085,,4795,76,8,40,0,54,7,0,0,6
G36001901009,1990,NY,,,,,,,,,1009,,,99,Clinton,019,,,2,9999,,,,9999,1,New York,36,,,,0000003413,0000001881,Tract 1009,S,44714402,-73447896,,5104,160,9,34,5,29,3,0,1,16
G36001901010,1990,NY,,,,,,,,,1010,,,99,Clinton,019,,,2,9999,,,,9999,1,New York,36,,,,0000003535,0000000165,Tract 1010,S,44694359,-73474937,,4199,63,9,95,2,32,9,0,1,6
G36001901011,1990,NY,,,,,,,,,1011,,,99,Clinton,019,,,2,9999,,,,9999,1,New York,36,,,,0000000530,0000000066,Tract 1011,S,44693229,-73466597,,2241,86,4,33,0,33,4,0,0,30
G36001901012,1990,NY,,,,,,,,,1012,,,99,Clinton,019,,,2,9999,,,,9999,1,New York,36,,,,0000002864,0000000286,Tract 1012,S,44677791,-73463767,,3555,112,11,6,0,35,12,0,0,11
G36001901013,1990,NY,,,,,,,,,1013,,,99,Clinton,019,,,2,9999,,,,9999,1,New York,36,,,,0000001563,0000000775,Tract 1013,S,44696385,-73450615,,3857,88,20,61,0,43,4,0,3,12
G36001901014,1990,NY,,,,,,,,,1014,,,99,Clinton,019,,,2,9999,,,,9999,1,New York,36,,,,0000001278,0000000799,Tract 1014,S,44684452,-73445622,,1095,74,7,31,1,31,0,0,0,15
G36001901015,1990,NY,,,,,,,,,1015,,,99,Clinton,019,,,2,9999,,,,9999,1,New York,36,,,,0000012336,0000000047,Tract 1015,S,44650283,-73461399,,4349,645,17,175,6,166,17,1,7,100
G36001901016,1990,NY,,,,,,,,,1016,,,99,Clinton,019,,,2,9999,,,,9999,1,New York,36,,,,0000021210,0000022761,Tract 1016,S,44664219,-73445548,,3443,39,4,36,2,37,0,1,3,2
G36001901017,1990,NY,,,,,,,,,1017,,,99,Clinton,019,,,2,9999,,,,9999,1,New York,36,,,,0000096972,0000000828,Tract 1017,S,44659520,-73584706,,4644,60,5,32,3,40,0,0,0,3
G36001901018,1990,NY,,,,,,,,,1018,,,99,Clinton,019,,,2,9999,,,,9999,1,New York,36,,,,0000633827,0000012381,Tract 1018,S,44590857,-73806892,,5214,4,9,1,0,36,0,0,0,2
G36001901019,1990,NY,,,,,,,,,1019,,,99,Clinton,019,,,2,9999,,,,9999,1,New York,36,,,,0000206224,0000034293,Tract 1019,S,44580545,-73557002,,6095,65,16,33,0,36,0,0,3,6
G36001901020,1990,NY,,,,,,,,,1020,,,99,Clinton,019,,,2,9999,,,,9999,1,New York,36,,,,0000101327,0000012330,Tract 1020,S,44518660,-73526258,,2807,17,6,10,1,23,0,0,0,6
G36002109901,1990,NY,,,,,,,,,9901,,,99,Columbia,021,,,2,9999,,,,9999,1,New York,36,,,,0000092979,0000000203,BNA 9901,S,42466601,-73443802,,2320,15,1,13,9,20,0,0,1,0
G36002109902,1990,NY,,,,,,,,,9902,,,99,Columbia,021,,,2,9999,,,,9999,1,New York,36,,,,0000095108,0000000624,BNA 9902,S,42392593,-73456123,,1627,93,8,7,1,30,5,0,1,1
G36002109903,1990,NY,,,,,,,,,9903,,,99,Columbia,021,,,2,9999,,,,9999,1,New York,36,,,,0000137936,0000000693,BNA 9903,S,42418007,-73576974,,4275,85,1,6,1,40,0,0,0,5
G36002109904,1990,NY,,,,,,,,,9904,,,99,Columbia,021,,,2,9999,,,,9999,1,New York,36,,,,0000082504,0000001525,BNA 9904,S,42412898,-73681935,,7966,23,8,40,2,64,2,0,4,3
G36002109905,1990,NY,,,,,,,,,9905,,,99,Columbia,021,,,2,9999,,,,9999,1,New York,36,,,,0000064888,0000004389,BNA 9905,S,42408625,-73755686,,2126,39,3,4,3,1,0,0,0,2
G36002109906,1990,NY,,,,,,,,,9906,,,99,Columbia,021,,,2,9999,,,,9999,1,New York,36,,,,0000030151,0000003913,BNA 9906,S,42317832,-73755261,,2971,72,1,3,0,28,0,0,0,10
G36002109907,1990,NY,,,,,,,,,9907,,,99,Columbia,021,,,2,9999,,,,9999,1,New York,36,,,,0000117022,0000000571,BNA 9907,S,42309389,-73651692,,4685,52,5,15,8,33,1,1,0,12
G36002109908,1990,NY,,,,,,,,,9908,,,99,Columbia,021,,,2,9999,,,,9999,1,New York,36,,,,0000126234,0000000254,BNA 9908,S,42306568,-73507088,,1439,3,3,0,0,10,0,1,0,0
G36002109909,1990,NY,,,,,,,,,9909,,,99,Columbia,021,,,2,9999,,,,9999,1,New York,36,,,,0000123385,0000000346,BNA 9909,S,42226788,-73537294,,1735,19,2,9,12,10,0,1,1,4
G36002109910,1990,NY,,,,,,,,,9910,,,99,Columbia,021,,,2,9999,,,,9999,1,New York,36,,,,0000123425,0000000776,BNA 9910,S,42216863,-73680318,,6238,70,8,37,2,46,1,0,0,12
G36002109911,1990,NY,,,,,,,,,9911,,,99,Columbia,021,,,2,9999,,,,9999,1,New York,36,,,,0000048632,0000004452,BNA 9911,S,42230520,-73795619,,3908,91,10,29,5,45,3,1,0,26
G36002109912,1990,NY,,,,,,,,,9912,,,99,Columbia,021,,,2,9999,,,,9999,1,New York,36,,,,0000002318,0000000139,BNA 9912,S,42257339,-73781766,,2751,883,13,23,20,73,27,1,0,19
G36002109913,1990,NY,,,,,,,,,9913,,,99,Columbia,021,,,2,9999,,,,9999,1,New York,36,,,,0000003276,0000000261,BNA 9913,S,42247527,-73788831,,3138,723,11,19,10,112,106,0,0,88
G36002109914,1990,NY,,,,,,,,,9914,,,99,Columbia,021,,,2,9999,,,,9999,1,New York,36,,,,0000099023,0000001870,BNA 9914,S,42139822,-73787601,,3462,46,3,14,1,44,1,0,0,11
G36002109915,1990,NY,,,,,,,,,9915,,,99,Columbia,021,,,2,9999,,,,9999,1,New York,36,,,,0000103693,0000000336,BNA 9915,S,42134624,-73668184,,1092,4,2,2,0,10,0,0,1,0
G36002109916,1990,NY,,,,,,,,,9916,,,99,Columbia,021,,,2,9999,,,,9999,1,New York,36,,,,0000106106,0000002987,BNA 9916,S,42129100,-73548740,,3049,15,10,4,5,23,3,1,0,8
G36002109917,1990,NY,,,,,,,,,9917,,,99,Columbia,021,,,2,9999,,,,9999,1,New York,36,,,,0000110228,0000000488,BNA 9917,S,42030872,-73575182,,1447,38,10,1,0,11,0,1,0,2
G36002109918,1990,NY,,,,,,,,,9918,,,99,Columbia,021,,,2,9999,,,,9999,1,New York,36,,,,0000101713,0000000936,BNA 9918,S,42049781,-73713500,,1635,1,0,3,0,15,1,0,0,3
G36002109919,1990,NY,,,,,,,,,9919,,,99,Columbia,021,,,2,9999,,,,9999,1,New York,36,,,,0000046594,0000003140,BNA 9919,S,42085968,-73854815,,1407,11,0,3,1,15,1,0,0,5
G36002109920,1990,NY,,,,,,,,,9920,,,99,Columbia,021,,,2,9999,,,,9999,1,New York,36,,,,0000031481,0000004557,BNA 9920,S,42134030,-73871746,,1975,7,3,11,0,13,0,0,0,1
G36002309901,1990,NY,,,,,,,,,9901,,,99,Cortland,023,,,2,9999,,,,9999,1,New York,36,,,,0000383289,0000000293,BNA 9901,S,42667512,-75977382,,3398,1,17,4,0,48,0,0,0,1
G36002309902,1990,NY,,,,,,,,,9902,,,99,Cortland,023,,,2,9999,,,,9999,1,New York,36,,,,0000255013,0000002715,BNA 9902,S,42704907,-76173254,,6143,10,25,13,2,24,0,0,0,5
G36002309903,1990,NY,,,,,,,,,9903,,,99,Cortland,023,,,2,9999,,,,9999,1,New York,36,,,,0000002911,0000000004,BNA 9903,S,42638330,-76182779,,2983,10,3,10,0,15,0,0,0,4
G36002309904,1990,NY,,,,,,,,,9904,,,99,Cortland,023,,,2,9999,,,,9999,1,New York,36,,,,0000077991,0000000103,BNA 9904,S,42590357,-76122495,,3102,6,3,4,0,12,0,0,0,3
G36002309905,1990,NY,,,,,,,,,9905,,,99,Cortland,023,,,2,9999,,,,9999,1,New York,36,,,,0000002959,0000000040,BNA 9905,S,42608123,-76170468,,3895,54,12,31,7,34,5,1,0,4
G36002309906,1990,NY,,,,,,,,,9906,,,99,Cortland,023,,,2,9999,,,,9999,1,New York,36,,,,0000001346,0000000000,BNA 9906,S,42599448,-76173492,,3122,29,15,9,2,20,9,0,0,5
G36002309907,1990,NY,,,,,,,,,9907,,,99,Cortland,023,,,2,9999,,,,9999,1,New York,36,,,,0000002123,0000000000,BNA 9907,S,42604806,-76192486,,4875,43,6,29,5,28,6,0,1,15
G36002309908,1990,NY,,,,,,,,,9908,,,99,Cortland,023,,,2,9999,,,,9999,1,New York,36,,,,0000000672,0000000000,BNA 9908,S,42594393,-76193141,,2623,72,4,21,1,29,6,0,1,29
G36002309909,1990,NY,,,,,,,,,9909,,,99,Cortland,023,,,2,9999,,,,9999,1,New York,36,,,,0000003045,0000000000,BNA 9909,S,42591408,-76176478,,4601,51,14,22,4,31,2,3,3,22
G36002309910,1990,NY,,,,,,,,,9910,,,99,Cortland,023,,,2,9999,,,,9999,1,New York,36,,,,0000051010,0000000115,BNA 9910,S,42589042,-76227897,,4801,16,14,55,1,18,2,0,10,7
G36002309911,1990,NY,,,,,,,,,9911,,,99,Cortland,023,,,2,9999,,,,9999,1,New York,36,,,,0000263663,0000001198,BNA 9911,S,42484729,-75965710,,4675,4,10,3,0,26,0,0,0,3
G36002309912,1990,NY,,,,,,,,,9912,,,99,Cortland,023,,,2,9999,,,,9999,1,New York,36,,,,0000250157,0000000378,BNA 9912,S,42481883,-76163307,,3620,21,8,6,1,9,1,0,0,5
G36002509901,1990,NY,,,,,,,,,9901,,,99,Delaware,025,,,2,9999,,,,9999,1,New York,36,,,,0000244679,0000000891,BNA 9901,S,42459512,-74806328,,3799,25,8,11,1,39,0,0,0,5
G36002509902,1990,NY,,,,,,,,,9902,,,99,Delaware,025,,,2,9999,,,,9999,1,New York,36,,,,0000312989,0000000541,BNA 9902,S,42390188,-74864935,,2848,34,4,6,3,22,0,0,1,5
G36002509903,1990,NY,,,,,,,,,9903,,,99,Delaware,025,,,2,9999,,,,9999,1,New York,36,,,,0000210961,0000000284,BNA 9903,S,42333903,-75111858,,2433,15,0,2,1,16,0,4,0,0
G36002509904,1990,NY,,,,,,,,,9904,,,99,Delaware,025,,,2,9999,,,,9999,1,New York,36,,,,0000132597,0000000979,BNA 9904,S,42306743,-75275569,,6497,59,23,43,3,19,5,0,0,18
G36002509905,1990,NY,,,,,,,,,9905,,,99,Delaware,025,,,2,9999,,,,9999,1,New York,36,,,,0000503935,0000020506,BNA 9905,S,42137094,-75310882,,3979,122,16,11,1,21,8,0,0,12
G36002509906,1990,NY,,,,,,,,,9906,,,99,Delaware,025,,,2,9999,,,,9999,1,New York,36,,,,0000251766,0000001106,BNA 9906,S,42176623,-75125630,,5868,28,2,27,0,21,1,0,0,6
G36002509907,1990,NY,,,,,,,,,9907,,,99,Delaware,025,,,2,9999,,,,9999,1,New York,36,,,,0000437706,0000009054,BNA 9907,S,42158708,-74858112,,2391,6,16,4,0,16,0,0,0,3
G36002509908,1990,NY,,,,,,,,,9908,,,99,Delaware,025,,,2,9999,,,,9999,1,New York,36,,,,0000166417,0000000108,BNA 9908,S,42277136,-74910143,,3624,22,7,33,4,19,1,0,0,4
G36002509909,1990,NY,,,,,,,,,9909,,,99,Delaware,025,,,2,9999,,,,9999,1,New York,36,,,,0000000820,0000000000,BNA 9909,S,42269674,-74928427,,1203,46,2,11,1,22,11,0,0,5
G36002509910,1990,NY,,,,,,,,,9910,,,99,Delaware,025,,,2,9999,,,,9999,1,New York,36,,,,0000240262,0000000415,BNA 9910,S,42305440,-74716789,,2546,11,6,13,0,16,0,0,0,4
G36002509911,1990,NY,,,,,,,,,9911,,,99,Delaware,025,,,2,9999,,,,9999,1,New York,36,,,,0000225770,0000001183,BNA 9911,S,42300539,-74553501,,2337,1,6,2,0,23,0,1,0,18
G36002509912,1990,NY,,,,,,,,,9912,,,99,Delaware,025,,,2,9999,,,,9999,1,New York,36,,,,0000249694,0000002242,BNA 9912,S,42159424,-74625089,,3239,15,6,15,3,98,0,0,0,30
G36002509913,1990,NY,,,,,,,,,9913,,,99,Delaware,025,,,2,9999,,,,9999,1,New York,36,,,,0000355988,0000012344,BNA 9913,S,42040286,-74955273,,1897,10,1,3,0,13,2,0,0,2
G36002509914,1990,NY,,,,,,,,,9914,,,99,Delaware,025,,,2,9999,,,,9999,1,New York,36,,,,0000412695,0000006474,BNA 9914,S,41958313,-75162258,,3269,53,14,2,1,32,1,0,0,12
G36002700100,1990,NY,,,,,,,,,0100,,,99,Dutchess,027,,,2,6460,,,,9999,1,New York,36,,,,0000106947,0000000642,Tract 100,S,41822979,-73559147,,3634,55,6,23,4,21,0,0,0,8
G3600270020001,1990,NY,,,,,,,,,020001,,,99,Dutchess,027,,,2,6460,,,,9999,1,New York,36,,,,0000031200,0000000519,Tract 200.01,S,41625512,-73704904,,5143,90,7,88,3,107,1,0,4,31
G3600270020002,1990,NY,,,,,,,,,020002,,,99,Dutchess,027,,,2,6460,,,,9999,1,New York,36,,,,0000043301,0000000166,Tract 200.02,S,41596200,-73685259,,2736,39,4,38,1,59,0,0,2,4
G36002700300,1990,NY,,,,,,,,,0300,,,99,Dutchess,027,,,2,6460,,,,9999,1,New York,36,,,,0000099613,0000000953,Tract 300,S,41867227,-73823022,,3603,48,2,31,2,59,4,1,0,10
G3600270040001,1990,NY,,,,,,,,,040001,,,99,Dutchess,027,,,2,6460,,,,9999,1,New York,36,,,,0000075163,0000000990,Tract 400.01,S,41721304,-73568669,,4009,67,12,38,1,43,0,0,0,18
G3600270040002,1990,NY,,,,,,,,,040002,,,99,Dutchess,027,,,2,6460,,,,9999,1,New York,36,,,,0000065418,0000000617,Tract 400.02,S,41647621,-73581802,,2247,208,8,19,1,35,4,0,0,13
G3600270050101,1990,NY,,,,,,,,,050101,,,99,Dutchess,027,,,2,6460,,,,9999,1,New York,36,,,,0000033098,0000000108,Tract 501.01,S,41605829,-73793041,,6662,144,10,290,11,157,9,0,0,20
G3600270050102,1990,NY,,,,,,,,,050102,,,99,Dutchess,027,,,2,6460,,,,9999,1,New York,36,,,,0000009388,0000000253,Tract 501.02,S,41582136,-73842633,,3430,99,4,100,1,116,1,3,1,12
G3600270050201,1990,NY,,,,,,,,,050201,,,99,Dutchess,027,,,2,6460,,,,9999,1,New York,36,,,,0000048717,0000000108,Tract 502.01,S,41538736,-73811143,,5181,138,13,292,9,109,3,0,0,18
G3600270050202,1990,NY,,,,,,,,,050202,,,99,Dutchess,027,,,2,6460,,,,9999,1,New York,36,,,,0000056197,0000000691,Tract 502.02,S,41538608,-73744304,,4976,84,7,90,3,90,5,0,0,13
G36002700601,1990,NY,,,,,,,,,0601,,,99,Dutchess,027,,,2,6460,,,,9999,1,New York,36,,,,0000007106,0000002024,Tract 601,S,41535500,-73967606,,1703,204,0,86,4,57,10,0,0,22
G36002700602,1990,NY,,,,,,,,,0602,,,99,Dutchess,027,,,2,6460,,,,9999,1,New York,36,,,,0000037907,0000009484,Tract 602,S,41486450,-73940793,,6257,222,4,87,5,151,13,0,1,17
G36002700603,1990,NY,,,,,,,,,0603,,,99,Dutchess,027,,,2,6460,,,,9999,1,New York,36,,,,0000024533,0000000313,Tract 603,S,41524267,-73878112,,4986,179,3,219,2,117,6,0,3,28
G3600270070101,1990,NY,,,,,,,,,070101,,,99,Dutchess,027,,,2,6460,,,,9999,1,New York,36,,,,0000033331,0000005114,Tract 701.01,S,41845099,-73922806,,4023,203,1,67,2,37,12,0,0,14
G3600270070102,1990,NY,,,,,,,,,070102,,,99,Dutchess,027,,,2,6460,,,,9999,1,New York,36,,,,0000020864,0000000015,Tract 701.02,S,41817616,-73892154,,3148,102,3,43,4,42,5,0,0,11
G36002700702,1990,NY,,,,,,,,,0702,,,99,Dutchess,027,,,2,6460,,,,9999,1,New York,36,,,,0000006948,0000000853,Tract 702,S,41778312,-73933482,,2557,31,2,15,0,34,1,0,0,6
G36002700703,1990,NY,,,,,,,,,0703,,,99,Dutchess,027,,,2,6460,,,,9999,1,New York,36,,,,0000022746,0000000000,Tract 703,S,41764795,-73886285,,5586,261,6,99,3,55,9,0,4,18
G36002700704,1990,NY,,,,,,,,,0704,,,99,Dutchess,027,,,2,6460,,,,9999,1,New York,36,,,,0000011459,0000001512,Tract 704,S,41751080,-73921824,,3589,160,4,117,1,74,7,0,0,34
G3600270080101,1990,NY,,,,,,,,,080101,,,99,Dutchess,027,,,2,6460,,,,9999,1,New York,36,,,,0000046847,0000000006,Tract 801.01,S,41680152,-73765049,,3191,56,2,62,8,46,5,0,0,23
G3600270080102,1990,NY,,,,,,,,,080102,,,99,Dutchess,027,,,2,6460,,,,9999,1,New York,36,,,,0000026251,0000000217,Tract 801.02,S,41693192,-73826966,,3567,87,3,60,5,46,1,4,0,7
G36002700802,1990,NY,,,,,,,,,0802,,,99,Dutchess,027,,,2,6460,,,,9999,1,New York,36,,,,0000027996,0000000197,Tract 802,S,41656752,-73829673,,5476,133,7,273,1,120,4,2,8,19
G36002700900,1990,NY,,,,,,,,,0900,,,99,Dutchess,027,,,2,6460,,,,9999,1,New York,36,,,,0000093506,0000000487,Tract 900,S,41977640,-73781024,,1819,16,7,5,0,33,12,0,0,3
G36002701000,1990,NY,,,,,,,,,1000,,,99,Dutchess,027,,,2,6460,,,,9999,1,New York,36,,,,0000112346,0000000846,Tract 1000,S,41948160,-73546731,,2814,54,5,19,0,24,1,0,0,1
G3600270110001,1990,NY,,,,,,,,,110001,,,99,Dutchess,027,,,2,6460,,,,9999,1,New York,36,,,,0000056893,0000001812,Tract 1100.01,S,41564085,-73634532,,3349,17,6,27,0,58,1,0,0,5
G3600270110002,1990,NY,,,,,,,,,110002,,,99,Dutchess,027,,,2,6460,,,,9999,1,New York,36,,,,0000057516,0000000289,Tract 1100.02,S,41565181,-73563644,,2373,61,2,6,0,26,0,1,0,15
G36002701200,1990,NY,,,,,,,,,1200,,,99,Dutchess,027,,,2,6460,,,,9999,1,New York,36,,,,0000080037,0000001166,Tract 1200,S,41971480,-73648326,,2216,29,2,4,1,28,0,1,0,6
G3600270130001,1990,NY,,,,,,,,,130001,,,99,Dutchess,027,,,2,6460,,,,9999,1,New York,36,,,,0000032626,0000000403,Tract 1300.01,S,41747888,-73793208,,3484,67,2,51,6,48,0,0,0,16
G3600270130002,1990,NY,,,,,,,,,130002,,,99,Dutchess,027,,,2,6460,,,,9999,1,New York,36,,,,0000052642,0000000415,Tract 1300.02,S,41781696,-73819075,,4226,69,7,29,1,55,1,0,0,1
G36002701401,1990,NY,,,,,,,,,1401,,,99,Dutchess,027,,,2,6460,,,,9999,1,New York,36,,,,0000004694,0000000881,Tract 1401,S,41724350,-73924615,,4268,209,3,65,2,68,15,0,4,27
G36002701402,1990,NY,,,,,,,,,1402,,,99,Dutchess,027,,,2,6460,,,,9999,1,New York,36,,,,0000017854,0000000000,Tract 1402,S,41709200,-73876225,,4897,263,3,138,10,48,14,0,0,32
G36002701403,1990,NY,,,,,,,,,1403,,,99,Dutchess,027,,,2,6460,,,,9999,1,New York,36,,,,0000004506,0000000000,Tract 1403,S,41701550,-73895661,,5202,524,6,163,7,104,19,0,4,51
G36002701404,1990,NY,,,,,,,,,1404,,,99,Dutchess,027,,,2,6460,,,,9999,1,New York,36,,,,0000011153,0000000000,Tract 1404,S,41662700,-73894719,,5425,137,1,390,0,92,0,1,1,9
G36002701405,1990,NY,,,,,,,,,1405,,,99,Dutchess,027,,,2,6460,,,,9999,1,New York,36,,,,0000006065,0000001604,Tract 1405,S,41666150,-73936333,,1591,106,3,142,1,41,1,0,0,5
G36002701406,1990,NY,,,,,,,,,1406,,,99,Dutchess,027,,,2,6460,,,,9999,1,New York,36,,,,0000006442,0000001428,Tract 1406,S,41637092,-73938443,,2605,321,1,144,5,60,49,0,0,27
G36002701407,1990,NY,,,,,,,,,1407,,,99,Dutchess,027,,,2,6460,,,,9999,1,New York,36,,,,0000010803,0000000109,Tract 1407,S,41637500,-73898799,,5772,250,3,301,4,83,13,0,3,26
G36002701408,1990,NY,,,,,,,,,1408,,,99,Dutchess,027,,,2,6460,,,,9999,1,New York,36,,,,0000008194,0000002137,Tract 1408,S,41610450,-73933440,,2593,87,6,78,2,44,3,0,0,2
G3600270150001,1990,NY,,,,,,,,,150001,,,99,Dutchess,027,,,2,6460,,,,9999,1,New York,36,,,,0000041850,0000008641,Tract 1500.01,S,42010693,-73908101,,5201,35,11,144,1,66,15,0,2,11
G3600270150002,1990,NY,,,,,,,,,150002,,,99,Dutchess,027,,,2,6460,,,,9999,1,New York,36,,,,0000053224,0000000158,Tract 1500.02,S,42023632,-73862236,,3874,79,5,61,6,37,2,0,0,15
G3600270160001,1990,NY,,,,,,,,,160001,,,99,Dutchess,027,,,2,6460,,,,9999,1,New York,36,,,,0000024642,0000004843,Tract 1600.01,S,41943077,-73923567,,2638,25,1,23,0,32,1,0,0,6
G3600270160002,1990,NY,,,,,,,,,160002,,,99,Dutchess,027,,,2,6460,,,,9999,1,New York,36,,,,0000069271,0000004403,Tract 1600.02,S,41917552,-73897066,,4483,187,3,44,0,68,11,1,0,35
G36002701700,1990,NY,,,,,,,,,1700,,,99,Dutchess,027,,,2,6460,,,,9999,1,New York,36,,,,0000129484,0000000744,Tract 1700,S,41889005,-73697929,,3380,55,5,7,3,25,6,0,0,14
G36002701800,1990,NY,,,,,,,,,1800,,,99,Dutchess,027,,,2,6460,,,,9999,1,New York,36,,,,0000099271,0000000323,Tract 1800,S,41677973,-73677765,,3459,70,1,36,1,36,2,0,0,11
G36002701901,1990,NY,,,,,,,,,1901,,,99,Dutchess,027,,,2,6460,,,,9999,1,New York,36,,,,0000022994,0000000017,Tract 1901,S,41616733,-73859284,,4984,150,7,270,0,107,6,0,0,27
G3600270190201,1990,NY,,,,,,,,,190201,,,99,Dutchess,027,,,2,6460,,,,9999,1,New York,36,,,,0000007167,0000000097,Tract 1902.01,S,41605650,-73893352,,2340,89,3,69,2,66,1,0,0,21
G3600270190202,1990,NY,,,,,,,,,190202,,,99,Dutchess,027,,,2,6460,,,,9999,1,New York,36,,,,0000008148,0000000038,Tract 1902.02,S,41584488,-73876547,,4446,192,3,253,6,184,9,2,1,33
G36002701903,1990,NY,,,,,,,,,1903,,,99,Dutchess,027,,,2,6460,,,,9999,1,New York,36,,,,0000014252,0000003215,Tract 1903,S,41565233,-73940665,,4788,285,7,120,3,117,3,0,4,38
G36002701904,1990,NY,,,,,,,,,1904,,,99,Dutchess,027,,,2,6460,,,,9999,1,New York,36,,,,0000016037,0000000000,Tract 1904,S,41561482,-73897220,,3317,136,1,103,0,66,4,2,6,21
G36002702000,1990,NY,,,,,,,,,2000,,,99,Dutchess,027,,,2,6460,,,,9999,1,New York,36,,,,0000153006,0000000761,Tract 2000,S,41791376,-73678135,,4245,141,6,8,2,40,23,0,0,14
G36002702101,1990,NY,,,,,,,,,2101,,,99,Dutchess,027,,,2,6460,,,,9999,1,New York,36,,,,0000002790,0000000000,Tract 2101,S,41512550,-73968010,,2810,433,3,22,1,262,41,0,0,112
G36002702102,1990,NY,,,,,,,,,2102,,,99,Dutchess,027,,,2,6460,,,,9999,1,New York,36,,,,0000003714,0000000294,Tract 2102,S,41498333,-73975425,,2926,1090,2,38,9,621,64,1,1,398
G36002702103,1990,NY,,,,,,,,,2103,,,99,Dutchess,027,,,2,6460,,,,9999,1,New York,36,,,,0000004174,0000000000,Tract 2103,S,41498467,-73955646,,3604,191,6,30,5,170,13,0,4,69
G36002702201,1990,NY,,,,,,,,,2201,,,99,Dutchess,027,,,2,6460,,,,9999,1,New York,36,,,,0000001250,0000000529,Tract 2201,S,41708526,-73937435,,2840,1246,25,101,6,90,23,3,0,40
G36002702202,1990,NY,,,,,,,,,2202,,,99,Dutchess,027,,,2,6460,,,,9999,1,New York,36,,,,0000000839,0000000000,Tract 2202,S,41711800,-73925495,,1097,1136,1,16,21,29,26,1,0,53
G36002702203,1990,NY,,,,,,,,,2203,,,99,Dutchess,027,,,2,6460,,,,9999,1,New York,36,,,,0000001303,0000000045,Tract 2203,S,41712300,-73913957,,381,570,9,9,11,16,8,0,0,14
G36002702204,1990,NY,,,,,,,,,2204,,,99,Dutchess,027,,,2,6460,,,,9999,1,New York,36,,,,0000000671,0000000000,Tract 2204,S,41702400,-73926803,,993,673,3,25,29,112,25,7,0,41
G36002702205,1990,NY,,,,,,,,,2205,,,99,Dutchess,027,,,2,6460,,,,9999,1,New York,36,,,,0000000662,0000000000,Tract 2205,S,41702550,-73917762,,1110,2359,15,16,9,51,71,2,0,25
G36002702206,1990,NY,,,,,,,,,2206,,,99,Dutchess,027,,,2,6460,,,,9999,1,New York,36,,,,0000000593,0000000000,Tract 2206,S,41699900,-73909469,,1537,610,7,31,5,34,36,0,0,24
G36002702207,1990,NY,,,,,,,,,2207,,,99,Dutchess,027,,,2,6460,,,,9999,1,New York,36,,,,0000001291,0000000858,Tract 2207,S,41694200,-73938193,,1101,1144,6,56,0,31,31,0,0,21
G36002702208,1990,NY,,,,,,,,,2208,,,99,Dutchess,027,,,2,6460,,,,9999,1,New York,36,,,,0000001911,0000000000,Tract 2208,S,41691133,-73925485,,3017,430,10,62,3,56,8,0,3,25
G36002702209,1990,NY,,,,,,,,,2209,,,99,Dutchess,027,,,2,6460,,,,9999,1,New York,36,,,,0000000733,0000000000,Tract 2209,S,41695800,-73914032,,2204,466,3,24,7,68,16,2,1,17
G36002702210,1990,NY,,,,,,,,,2210,,,99,Dutchess,027,,,2,6460,,,,9999,1,New York,36,,,,0000004074,0000000000,Tract 2210,S,41679400,-73906848,,4041,185,7,94,7,51,15,0,1,9
G36002703000,1990,NY,,,,,,,,,3000,,,99,Dutchess,027,,,2,6460,,,,9999,1,New York,36,,,,0000002989,0000000168,Tract 3000,S,41599000,-73918496,,4073,168,2,177,1,137,8,2,0,37
G36002704100,1990,NY,,,,,,,,,4100,,,99,Dutchess,027,,,2,6460,,,,9999,1,New York,36,,,,0000001758,0000000028,Tract 4100,S,41686950,-73891757,,2044,197,8,130,0,66,16,1,4,23
G36002706100,1990,NY,,,,,,,,,6100,,,99,Dutchess,027,,,2,6460,,,,9999,1,New York,36,,,,0000003316,0000000000,Tract 6100,S,41578456,-73719184,,371,1041,4,16,1,489,179,0,2,6
G36002706200,1990,NY,,,,,,,,,6200,,,99,Dutchess,027,,,2,6460,,,,9999,1,New York,36,,,,0000003684,0000000058,Tract 6200,S,41641056,-73567026,,602,341,0,24,0,47,9,0,0,32
G36002706300,1990,NY,,,,,,,,,6300,,,99,Dutchess,027,,,2,6460,,,,9999,1,New York,36,,,,0000002460,0000000000,Tract 6300,S,41736677,-73917354,,810,147,1,41,0,13,6,0,0,13
G36002706400,1990,NY,,,,,,,,,6400,,,99,Dutchess,027,,,2,6460,,,,9999,1,New York,36,,,,0000003170,0000000000,Tract 6400,S,41524750,-73953968,,538,1674,5,8,1,807,319,0,1,233
G36002706500,1990,NY,,,,,,,,,6500,,,99,Dutchess,027,,,2,6460,,,,9999,1,New York,36,,,,0000005254,0000000000,Tract 6500,S,41780608,-73558603,,1199,193,2,4,0,22,4,0,0,20
G36002900001,1990,NY,,,,,,,,,0001,,,10,Erie,029,,,2,1282,,,,1280,1,New York,36,,,,0000003884,0000000128,Tract 1,S,42837000,-78838738,,2274,6,9,5,1,97,3,3,1,86
G36002900002,1990,NY,,,,,,,,,0002,,,10,Erie,029,,,2,1282,,,,1280,1,New York,36,,,,0000001212,0000000017,Tract 2,S,42853100,-78827938,,4584,28,19,49,6,112,4,0,1,109
G36002900003,1990,NY,,,,,,,,,0003,,,10,Erie,029,,,2,1282,,,,1280,1,New York,36,,,,0000004517,0000003341,Tract 3,S,42847150,-78857975,,740,26,18,1,4,54,9,0,0,68
G36002900004,1990,NY,,,,,,,,,0004,,,10,Erie,029,,,2,1282,,,,1280,1,New York,36,,,,0000001304,0000000044,Tract 4,S,42867450,-78835469,,547,2,14,8,0,9,4,0,0,19
G36002900005,1990,NY,,,,,,,,,0005,,,10,Erie,029,,,2,1282,,,,1280,1,New York,36,,,,0000004474,0000004841,Tract 5,S,42863033,-78873926,,2516,19,18,0,1,59,3,5,0,161
G36002900006,1990,NY,,,,,,,,,0006,,,10,Erie,029,,,2,1282,,,,1280,1,New York,36,,,,0000001170,0000000000,Tract 6,S,42837400,-78819720,,5479,19,18,10,1,70,0,0,0,36
G36002900007,1990,NY,,,,,,,,,0007,,,10,Erie,029,,,2,1282,,,,1280,1,New York,36,,,,0000001096,0000000000,Tract 7,S,42836850,-78806074,,4273,3,11,22,0,30,0,0,0,25
G36002900008,1990,NY,,,,,,,,,0008,,,10,Erie,029,,,2,1282,,,,1280,1,New York,36,,,,0000001065,0000000000,Tract 8,S,42848450,-78816698,,5731,31,10,6,0,65,2,1,5,30
G36002900009,1990,NY,,,,,,,,,0009,,,10,Erie,029,,,2,1282,,,,1280,1,New York,36,,,,0000000524,0000000000,Tract 9,S,42852900,-78817199,,2655,1,15,9,0,32,0,0,0,3
G36002900010,1990,NY,,,,,,,,,0010,,,10,Erie,029,,,2,1282,,,,1280,1,New York,36,,,,0000002098,0000000000,Tract 10,S,42850550,-78805099,,6612,16,23,34,2,58,2,15,0,35
G36002900011,1990,NY,,,,,,,,,0011,,,10,Erie,029,,,2,1282,,,,1280,1,New York,36,,,,0000001506,0000000000,Tract 11,S,42862600,-78815335,,3787,4,10,4,1,19,0,0,0,11
G36002900012,1990,NY,,,,,,,,,0012,,,10,Erie,029,,,2,1282,,,,1280,1,New York,36,,,,0000001681,0000000000,Tract 12,S,42874050,-78852332,,1655,1314,13,8,0,86,24,6,0,371
G3600290001301,1990,NY,,,,,,,,,001301,,,10,Erie,029,,,2,1282,,,,1280,1,New York,36,,,,0000000718,0000000016,Tract 13.01,S,42877500,-78873766,,65,10,1,0,1,1,0,0,0,0
G3600290001302,1990,NY,,,,,,,,,001302,,,10,Erie,029,,,2,1282,,,,1280,1,New York,36,,,,0000000882,0000000018,Tract 13.02,S,42873650,-78868168,,61,459,3,0,1,27,28,5,0,82
G3600290001401,1990,NY,,,,,,,,,001401,,,10,Erie,029,,,2,1282,,,,1280,1,New York,36,,,,0000000144,0000000000,Tract 14.01,S,42885000,-78870071,,37,11,0,6,1,2,0,0,0,0
G3600290001402,1990,NY,,,,,,,,,001402,,,10,Erie,029,,,2,1282,,,,1280,1,New York,36,,,,0000001089,0000000000,Tract 14.02,S,42883850,-78860503,,31,3063,5,1,0,0,17,0,0,5
G36002900015,1990,NY,,,,,,,,,0015,,,10,Erie,029,,,2,1282,,,,1280,1,New York,36,,,,0000000943,0000000000,Tract 15,S,42886300,-78848399,,277,2466,4,28,1,12,13,0,0,25
G36002900016,1990,NY,,,,,,,,,0016,,,10,Erie,029,,,2,1282,,,,1280,1,New York,36,,,,0000001973,0000000000,Tract 16,S,42889300,-78832329,,4183,1334,27,5,15,41,22,6,0,41
G36002900017,1990,NY,,,,,,,,,0017,,,10,Erie,029,,,2,1282,,,,1280,1,New York,36,,,,0000001162,0000000000,Tract 17,S,42880650,-78835141,,2400,173,3,4,1,13,1,0,0,31
G36002900018,1990,NY,,,,,,,,,0018,,,10,Erie,029,,,2,1282,,,,1280,1,New York,36,,,,0000000896,0000000000,Tract 18,S,42875267,-78838199,,1216,9,12,0,0,13,1,0,0,24
G36002900019,1990,NY,,,,,,,,,0019,,,10,Erie,029,,,2,1282,,,,1280,1,New York,36,,,,0000001249,0000000000,Tract 19,S,42870150,-78809248,,3428,0,4,0,0,13,0,1,0,3
G36002900020,1990,NY,,,,,,,,,0020,,,10,Erie,029,,,2,1282,,,,1280,1,New York,36,,,,0000001933,0000000000,Tract 20,S,42877400,-78824803,,1564,2,17,4,1,17,1,3,0,17
G36002900021,1990,NY,,,,,,,,,0021,,,10,Erie,029,,,2,1282,,,,1280,1,New York,36,,,,0000001138,0000000000,Tract 21,S,42880047,-78810736,,797,0,2,1,0,0,0,0,0,2
G36002900022,1990,NY,,,,,,,,,0022,,,10,Erie,029,,,2,1282,,,,1280,1,New York,36,,,,0000000758,0000000000,Tract 22,S,42877300,-78803727,,2094,20,0,1,0,9,0,0,0,2
G36002900023,1990,NY,,,,,,,,,0023,,,10,Erie,029,,,2,1282,,,,1280,1,New York,36,,,,0000000771,0000000000,Tract 23,S,42885900,-78808250,,3616,7,5,15,0,20,0,0,0,7
G36002900024,1990,NY,,,,,,,,,0024,,,10,Erie,029,,,2,1282,,,,1280,1,New York,36,,,,0000001643,0000000000,Tract 24,S,42893933,-78811840,,5894,31,26,4,1,28,1,2,0,18
G3600290002501,1990,NY,,,,,,,,,002501,,,10,Erie,029,,,2,1282,,,,1280,1,New York,36,,,,0000000401,0000000000,Tract 25.01,S,42889400,-78870450,,64,91,2,34,0,6,1,0,1,0
G3600290002502,1990,NY,,,,,,,,,002502,,,10,Erie,029,,,2,1282,,,,1280,1,New York,36,,,,0000001115,0000000000,Tract 25.02,S,42891550,-78861925,,136,2241,8,6,1,0,8,0,0,19
G36002900026,1990,NY,,,,,,,,,0026,,,10,Erie,029,,,2,1282,,,,1280,1,New York,36,,,,0000000440,0000000000,Tract 26,S,42893450,-78851462,,34,1315,0,0,0,6,8,0,0,1
G3600290002701,1990,NY,,,,,,,,,002701,,,10,Erie,029,,,2,1282,,,,1280,1,New York,36,,,,0000000728,0000000000,Tract 27.01,S,42898500,-78842949,,312,3264,8,0,1,1,26,0,0,30
G3600290002702,1990,NY,,,,,,,,,002702,,,10,Erie,029,,,2,1282,,,,1280,1,New York,36,,,,0000000880,0000000000,Tract 27.02,S,42898250,-78834120,,2888,2951,20,20,7,63,14,0,0,25
G36002900028,1990,NY,,,,,,,,,0028,,,10,Erie,029,,,2,1282,,,,1280,1,New York,36,,,,0000001177,0000000000,Tract 28,S,42899000,-78821499,,4312,1400,25,12,9,18,3,1,0,57
G36002900029,1990,NY,,,,,,,,,0029,,,10,Erie,029,,,2,1282,,,,1280,1,New York,36,,,,0000000772,0000000000,Tract 29,S,42906150,-78819974,,1425,3565,19,39,3,29,16,2,0,29
G36002900030,1990,NY,,,,,,,,,0030,,,10,Erie,029,,,2,1282,,,,1280,1,New York,36,,,,0000001407,0000000000,Tract 30,S,42902183,-78807373,,2797,121,7,18,0,19,1,0,0,9
G36002900031,1990,NY,,,,,,,,,0031,,,10,Erie,029,,,2,1282,,,,1280,1,New York,36,,,,0000001487,0000000000,Tract 31,S,42901150,-78858167,,217,3531,16,11,1,16,30,0,0,15
G3600290003201,1990,NY,,,,,,,,,003201,,,10,Erie,029,,,2,1282,,,,1280,1,New York,36,,,,0000000435,0000000000,Tract 32.01,S,42917350,-78857924,,58,1118,0,1,0,1,10,0,0,0
G3600290003202,1990,NY,,,,,,,,,003202,,,10,Erie,029,,,2,1282,,,,1280,1,New York,36,,,,0000001297,0000000000,Tract 32.02,S,42908900,-78860924,,110,4320,20,3,0,0,33,3,1,11
G3600290003301,1990,NY,,,,,,,,,003301,,,10,Erie,029,,,2,1282,,,,1280,1,New York,36,,,,0000000682,0000000000,Tract 33.01,S,42918100,-78850028,,270,4065,9,2,4,1,18,0,2,9
G3600290003302,1990,NY,,,,,,,,,003302,,,10,Erie,029,,,2,1282,,,,1280,1,New York,36,,,,0000001001,0000000000,Tract 33.02,S,42909600,-78848546,,139,4808,5,7,3,11,31,0,0,12
G36002900034,1990,NY,,,,,,,,,0034,,,10,Erie,029,,,2,1282,,,,1280,1,New York,36,,,,0000001505,0000000000,Tract 34,S,42918700,-78835398,,164,4381,11,1,3,1,31,2,0,12
G36002900035,1990,NY,,,,,,,,,0035,,,10,Erie,029,,,2,1282,,,,1280,1,New York,36,,,,0000001592,0000000000,Tract 35,S,42907550,-78834824,,238,5936,16,9,4,20,32,4,0,26
G36002900036,1990,NY,,,,,,,,,0036,,,10,Erie,029,,,2,1282,,,,1280,1,New York,36,,,,0000001252,0000000000,Tract 36,S,42915950,-78819930,,609,4556,15,26,0,7,30,2,1,10
G36002900037,1990,NY,,,,,,,,,0037,,,10,Erie,029,,,2,1282,,,,1280,1,New York,36,,,,0000001115,0000000000,Tract 37,S,42915500,-78809848,,3430,1778,17,13,6,46,18,1,4,19
G36002900038,1990,NY,,,,,,,,,0038,,,10,Erie,029,,,2,1282,,,,1280,1,New York,36,,,,0000000604,0000000000,Tract 38,S,42916700,-78801274,,2910,177,11,14,2,7,2,0,0,4
G3600290003901,1990,NY,,,,,,,,,003901,,,10,Erie,029,,,2,1282,,,,1280,1,New York,36,,,,0000000503,0000000000,Tract 39.01,S,42932350,-78826224,,160,1180,3,0,4,0,4,0,0,4
G3600290003902,1990,NY,,,,,,,,,003902,,,10,Erie,029,,,2,1282,,,,1280,1,New York,36,,,,0000000990,0000000000,Tract 39.02,S,42926200,-78826148,,311,3454,5,8,0,4,4,0,0,21
G3600290004001,1990,NY,,,,,,,,,004001,,,10,Erie,029,,,2,1282,,,,1280,1,New York,36,,,,0000001551,0000000000,Tract 40.01,S,42934100,-78836999,,1115,4949,11,13,11,30,37,3,1,25
G3600290004002,1990,NY,,,,,,,,,004002,,,10,Erie,029,,,2,1282,,,,1280,1,New York,36,,,,0000000413,0000000000,Tract 40.02,S,42923983,-78836483,,12,165,0,0,0,0,1,0,0,0
G36002900041,1990,NY,,,,,,,,,0041,,,10,Erie,029,,,2,1282,,,,1280,1,New York,36,,,,0000001089,0000000000,Tract 41,S,42925600,-78809524,,2055,3387,26,7,3,17,12,0,1,4
G36002900042,1990,NY,,,,,,,,,0042,,,10,Erie,029,,,2,1282,,,,1280,1,New York,36,,,,0000000987,0000000000,Tract 42,S,42935500,-78818024,,783,3433,12,12,4,7,12,1,6,26
G36002900043,1990,NY,,,,,,,,,0043,,,10,Erie,029,,,2,1282,,,,1280,1,New York,36,,,,0000001177,0000000000,Tract 43,S,42944600,-78808721,,4214,1684,13,475,9,69,37,1,10,58
G3600290004401,1990,NY,,,,,,,,,004401,,,10,Erie,029,,,2,1282,,,,1280,1,New York,36,,,,0000001025,0000000000,Tract 44.01,S,42936900,-78804474,,1881,2689,11,152,6,24,31,0,0,41
G3600290004402,1990,NY,,,,,,,,,004402,,,10,Erie,029,,,2,1282,,,,1280,1,New York,36,,,,0000000534,0000000000,Tract 44.02,S,42930200,-78805924,,250,2697,2,8,0,11,15,0,0,15
G36002900045,1990,NY,,,,,,,,,0045,,,10,Erie,029,,,2,1282,,,,1280,1,New York,36,,,,0000001977,0000000000,Tract 45,S,42946850,-78837849,,5059,880,26,77,2,86,8,0,2,35
G3600290004601,1990,NY,,,,,,,,,004601,,,10,Erie,029,,,2,1282,,,,1280,1,New York,36,,,,0000000836,0000000000,Tract 46.01,S,42954874,-78828842,,3035,145,10,224,1,36,6,3,1,21
G3600290004602,1990,NY,,,,,,,,,004602,,,10,Erie,029,,,2,1282,,,,1280,1,New York,36,,,,0000001220,0000000000,Tract 46.02,S,42953900,-78815059,,1040,176,7,130,4,22,11,2,2,37
G36002900047,1990,NY,,,,,,,,,0047,,,10,Erie,029,,,2,1282,,,,1280,1,New York,36,,,,0000001492,0000000000,Tract 47,S,42945450,-78822911,,4474,1804,23,430,10,87,31,1,6,68
G36002900048,1990,NY,,,,,,,,,0048,,,10,Erie,029,,,2,1282,,,,1280,1,New York,36,,,,0000000982,0000000000,Tract 48,S,42949250,-78848472,,4038,213,17,34,1,49,1,0,0,14
G36002900049,1990,NY,,,,,,,,,0049,,,10,Erie,029,,,2,1282,,,,1280,1,New York,36,,,,0000001142,0000000000,Tract 49,S,42949650,-78859474,,6605,152,42,23,9,96,7,3,0,29
G36002900050,1990,NY,,,,,,,,,0050,,,10,Erie,029,,,2,1282,,,,1280,1,New York,36,,,,0000001319,0000000000,Tract 50,S,42951450,-78875310,,2513,69,8,14,0,58,3,3,0,11
G36002900051,1990,NY,,,,,,,,,0051,,,10,Erie,029,,,2,1282,,,,1280,1,New York,36,,,,0000001144,0000000000,Tract 51,S,42956600,-78856474,,4424,209,7,62,8,40,1,0,1,18
G3600290005201,1990,NY,,,,,,,,,005201,,,10,Erie,029,,,2,1282,,,,1280,1,New York,36,,,,0000001038,0000000000,Tract 52.01,S,42934350,-78847517,,2802,547,15,28,9,56,8,0,0,36
G3600290005202,1990,NY,,,,,,,,,005202,,,10,Erie,029,,,2,1282,,,,1280,1,New York,36,,,,0000000583,0000000000,Tract 52.02,S,42924600,-78848114,,939,2263,9,14,5,9,21,1,0,24
G36002900053,1990,NY,,,,,,,,,0053,,,10,Erie,029,,,2,1282,,,,1280,1,New York,36,,,,0000002290,0000000006,Tract 53,S,42930633,-78856210,,679,268,4,15,3,10,0,0,0,4
G36002900054,1990,NY,,,,,,,,,0054,,,10,Erie,029,,,2,1282,,,,1280,1,New York,36,,,,0000001872,0000000067,Tract 54,S,42938050,-78868093,,3947,160,6,60,2,42,0,0,1,11
G36002900055,1990,NY,,,,,,,,,0055,,,10,Erie,029,,,2,1282,,,,1280,1,New York,36,,,,0000001616,0000000000,Tract 55,S,42937850,-78888774,,3611,63,99,52,3,80,0,0,6,29
G36002900056,1990,NY,,,,,,,,,0056,,,10,Erie,029,,,2,1282,,,,1280,1,New York,36,,,,0000002200,0000000000,Tract 56,S,42950400,-78887838,,3491,474,67,35,10,75,13,8,2,44
G36002900057,1990,NY,,,,,,,,,0057,,,10,Erie,029,,,2,1282,,,,1280,1,New York,36,,,,0000000971,0000000000,Tract 57,S,42949400,-78899383,,2675,107,35,44,3,43,3,3,1,84
G36002900058,1990,NY,,,,,,,,,0058,,,10,Erie,029,,,2,1282,,,,1280,1,New York,36,,,,0000001784,0000000947,Tract 58,S,42952300,-78907159,,7855,20,103,41,0,102,0,1,6,62
G36002900059,1990,NY,,,,,,,,,0059,,,10,Erie,029,,,2,1282,,,,1280,1,New York,36,,,,0000001241,0000000314,Tract 59,S,42938800,-78903966,,3914,66,59,37,1,82,0,3,0,33
G36002900060,1990,NY,,,,,,,,,0060,,,10,Erie,029,,,2,1282,,,,1280,1,New York,36,,,,0000001520,0000000431,Tract 60,S,42927900,-78898284,,4111,336,164,17,11,147,9,6,1,223
G36002900061,1990,NY,,,,,,,,,0061,,,10,Erie,029,,,2,1282,,,,1280,1,New York,36,,,,0000001148,0000000216,Tract 61,S,42917450,-78896317,,4500,280,152,37,18,177,15,5,5,364
G3600290006201,1990,NY,,,,,,,,,006201,,,10,Erie,029,,,2,1282,,,,1280,1,New York,36,,,,0000000449,0000000000,Tract 62.01,S,42932417,-78882616,,1401,349,2,43,7,16,16,0,0,84
G3600290006202,1990,NY,,,,,,,,,006202,,,10,Erie,029,,,2,1282,,,,1280,1,New York,36,,,,0000000447,0000000000,Tract 62.02,S,42929600,-78882406,,764,161,19,27,0,2,5,1,0,4
G3600290006301,1990,NY,,,,,,,,,006301,,,10,Erie,029,,,2,1282,,,,1280,1,New York,36,,,,0000000715,0000000000,Tract 63.01,S,42923450,-78883022,,4735,192,44,36,3,116,15,1,3,83
G3600290006302,1990,NY,,,,,,,,,006302,,,10,Erie,029,,,2,1282,,,,1280,1,New York,36,,,,0000001001,0000000022,Tract 63.02,S,42926900,-78872523,,2663,76,23,28,2,46,2,0,0,17
G36002900064,1990,NY,,,,,,,,,0064,,,10,Erie,029,,,2,1282,,,,1280,1,New York,36,,,,0000000186,0000000000,Tract 64,S,42921757,-78864200,,238,415,0,1,1,14,10,0,1,16
G3600290006501,1990,NY,,,,,,,,,006501,,,10,Erie,029,,,2,1282,,,,1280,1,New York,36,,,,0000000487,0000000000,Tract 65.01,S,42917600,-78882573,,2848,194,56,24,4,73,5,0,0,81
G3600290006502,1990,NY,,,,,,,,,006502,,,10,Erie,029,,,2,1282,,,,1280,1,New York,36,,,,0000000716,0000000000,Tract 65.02,S,42918800,-78869389,,2376,786,15,27,8,46,10,0,3,32
G3600290006601,1990,NY,,,,,,,,,006601,,,10,Erie,029,,,2,1282,,,,1280,1,New York,36,,,,0000000391,0000000000,Tract 66.01,S,42913500,-78881124,,2046,319,58,22,8,187,10,2,3,226
G3600290006602,1990,NY,,,,,,,,,006602,,,10,Erie,029,,,2,1282,,,,1280,1,New York,36,,,,0000000452,0000000000,Tract 66.02,S,42912050,-78871424,,2174,259,5,14,0,23,4,0,0,21
G3600290006701,1990,NY,,,,,,,,,006701,,,10,Erie,029,,,2,1282,,,,1280,1,New York,36,,,,0000000562,0000000000,Tract 67.01,S,42906650,-78881007,,3003,422,49,45,12,72,13,2,0,187
G3600290006702,1990,NY,,,,,,,,,006702,,,10,Erie,029,,,2,1282,,,,1280,1,New York,36,,,,0000000796,0000000000,Tract 67.02,S,42907367,-78873131,,2582,522,19,56,4,21,12,0,1,35
G36002900068,1990,NY,,,,,,,,,0068,,,10,Erie,029,,,2,1282,,,,1280,1,New York,36,,,,0000000870,0000000000,Tract 68,S,42898867,-78876441,,2741,461,66,45,7,111,52,2,0,327
G36002900069,1990,NY,,,,,,,,,0069,,,10,Erie,029,,,2,1282,,,,1280,1,New York,36,,,,0000001210,0000000000,Tract 69,S,42906000,-78889184,,6126,977,309,204,11,916,159,35,14,1503
G36002900070,1990,NY,,,,,,,,,0070,,,10,Erie,029,,,2,1282,,,,1280,1,New York,36,,,,0000001243,0000000761,Tract 70,S,42902633,-78900296,,2580,341,66,30,8,379,32,5,0,717
G3600290007101,1990,NY,,,,,,,,,007101,,,10,Erie,029,,,2,1282,,,,1280,1,New York,36,,,,0000000719,0000000000,Tract 71.01,S,42895300,-78887450,,1302,1333,122,40,21,718,160,19,10,2146
G3600290007102,1990,NY,,,,,,,,,007102,,,10,Erie,029,,,2,1282,,,,1280,1,New York,36,,,,0000000898,0000000000,Tract 71.02,S,42889900,-78882402,,877,1234,70,14,7,175,68,0,0,572
G3600290007201,1990,NY,,,,,,,,,007201,,,10,Erie,029,,,2,1282,,,,1280,1,New York,36,,,,0000000605,0000000000,Tract 72.01,S,42888150,-78876238,,432,602,15,7,0,19,40,1,0,68
G3600290007202,1990,NY,,,,,,,,,007202,,,10,Erie,029,,,2,1282,,,,1280,1,New York,36,,,,0000001080,0000002856,Tract 72.02,S,42886800,-78901583,,1096,41,3,5,0,6,3,2,0,6
G3600290007302,1990,NY,,,,,,,,,007302,,,10,Erie,029,,,2,1282,,,,1280,1,New York,36,,,,0000037452,0000004953,Tract 73.02,S,43001550,-78975699,,7678,76,17,56,3,76,0,0,4,10
G3600290007303,1990,NY,,,,,,,,,007303,,,10,Erie,029,,,2,1282,,,,1280,1,New York,36,,,,0000015267,0000002286,Tract 73.03,S,43040500,-78967299,,5815,165,22,150,5,16,3,0,0,4
G3600290007304,1990,NY,,,,,,,,,007304,,,10,Erie,029,,,2,1282,,,,1280,1,New York,36,,,,0000021406,0000004481,Tract 73.04,S,43036100,-78928624,,3336,32,4,54,0,25,5,0,0,5
G36002900074,1990,NY,,,,,,,,,0074,,,10,Erie,029,,,2,1282,,,,1280,1,New York,36,,,,0000001713,0000000055,Tract 74,S,43016733,-78861048,,816,2,10,1,0,8,2,0,0,1
G36002900075,1990,NY,,,,,,,,,0075,,,10,Erie,029,,,2,1282,,,,1280,1,New York,36,,,,0000000553,0000000005,Tract 75,S,43015700,-78871725,,1741,4,15,6,0,19,0,1,0,3
G36002900076,1990,NY,,,,,,,,,0076,,,10,Erie,029,,,2,1282,,,,1280,1,New York,36,,,,0000001947,0000000000,Tract 76,S,43007600,-78862904,,3320,5,17,4,0,5,0,0,0,0
G36002900077,1990,NY,,,,,,,,,0077,,,10,Erie,029,,,2,1282,,,,1280,1,New York,36,,,,0000001848,0000000182,Tract 77,S,43013733,-78880263,,5068,6,23,20,0,25,0,0,0,8
G36002900078,1990,NY,,,,,,,,,0078,,,10,Erie,029,,,2,1282,,,,1280,1,New York,36,,,,0000003765,0000000532,Tract 78,S,43007800,-78898145,,6040,9,33,24,2,40,0,0,5,1
G3600290007901,1990,NY,,,,,,,,,007901,,,10,Erie,029,,,2,1282,,,,1280,1,New York,36,,,,0000005860,0000000097,Tract 79.01,S,43012650,-78835005,,8679,86,6,243,1,44,2,0,0,15
G3600290007902,1990,NY,,,,,,,,,007902,,,10,Erie,029,,,2,1282,,,,1280,1,New York,36,,,,0000003399,0000000000,Tract 79.02,S,42997167,-78838751,,6795,66,5,63,1,30,0,0,2,2
G3600290007903,1990,NY,,,,,,,,,007903,,,10,Erie,029,,,2,1282,,,,1280,1,New York,36,,,,0000001417,0000000000,Tract 79.03,S,42987150,-78845449,,3852,12,18,6,0,11,0,0,0,0
G3600290007904,1990,NY,,,,,,,,,007904,,,10,Erie,029,,,2,1282,,,,1280,1,New York,36,,,,0000001345,0000000000,Tract 79.04,S,42985333,-78830166,,3362,11,4,29,0,20,1,0,0,6
G3600290008001,1990,NY,,,,,,,,,008001,,,10,Erie,029,,,2,1282,,,,1280,1,New York,36,,,,0000002424,0000000000,Tract 80.01,S,42974850,-78834999,,6272,67,7,45,6,32,1,2,4,8
G3600290008002,1990,NY,,,,,,,,,008002,,,10,Erie,029,,,2,1282,,,,1280,1,New York,36,,,,0000002058,0000000000,Tract 80.02,S,42967250,-78847845,,5689,49,8,61,2,38,1,0,0,6
G3600290008003,1990,NY,,,,,,,,,008003,,,10,Erie,029,,,2,1282,,,,1280,1,New York,36,,,,0000001655,0000000000,Tract 80.03,S,42963800,-78831774,,5330,58,9,126,4,53,1,0,0,4
G3600290008101,1990,NY,,,,,,,,,008101,,,10,Erie,029,,,2,1282,,,,1280,1,New York,36,,,,0000003368,0000000000,Tract 81.01,S,42990500,-78863899,,6049,19,12,41,0,44,0,0,0,3
G3600290008102,1990,NY,,,,,,,,,008102,,,10,Erie,029,,,2,1282,,,,1280,1,New York,36,,,,0000001905,0000000000,Tract 81.02,S,42974850,-78862099,,4672,22,5,9,0,32,0,0,0,5
G3600290008201,1990,NY,,,,,,,,,008201,,,10,Erie,029,,,2,1282,,,,1280,1,New York,36,,,,0000001803,0000000000,Tract 82.01,S,42987550,-78877287,,2741,9,4,10,2,14,0,0,0,3
G3600290008202,1990,NY,,,,,,,,,008202,,,10,Erie,029,,,2,1282,,,,1280,1,New York,36,,,,0000001278,0000000000,Tract 82.02,S,42975850,-78880533,,4383,7,6,11,0,17,1,0,0,5
G36002900083,1990,NY,,,,,,,,,0083,,,10,Erie,029,,,2,1282,,,,1280,1,New York,36,,,,0000007342,0000000514,Tract 83,S,42992239,-78903847,,2977,20,7,17,1,29,0,0,0,25
G36002900084,1990,NY,,,,,,,,,0084,,,10,Erie,029,,,2,1282,,,,1280,1,New York,36,,,,0000011146,0000003252,Tract 84,S,42970967,-78914408,,2746,39,10,2,1,23,3,0,0,3
G36002900085,1990,NY,,,,,,,,,0085,,,10,Erie,029,,,2,1282,,,,1280,1,New York,36,,,,0000000532,0000000000,Tract 85,S,42960400,-78859928,,2902,20,3,12,0,18,0,0,1,6
G36002900086,1990,NY,,,,,,,,,0086,,,10,Erie,029,,,2,1282,,,,1280,1,New York,36,,,,0000001148,0000000000,Tract 86,S,42966400,-78861951,,5095,24,11,28,2,29,0,0,2,7
G36002900087,1990,NY,,,,,,,,,0087,,,10,Erie,029,,,2,1282,,,,1280,1,New York,36,,,,0000001096,0000000000,Tract 87,S,42967100,-78874668,,5146,31,13,30,0,26,0,4,0,11
G36002900088,1990,NY,,,,,,,,,0088,,,10,Erie,029,,,2,1282,,,,1280,1,New York,36,,,,0000000945,0000000000,Tract 88,S,42963600,-78883770,,3719,1,5,6,2,20,1,0,0,5
G36002900089,1990,NY,,,,,,,,,0089,,,10,Erie,029,,,2,1282,,,,1280,1,New York,36,,,,0000003356,0000000000,Tract 89,S,42958790,-78739806,,4505,24,2,32,1,14,0,0,0,1
G3600290009003,1990,NY,,,,,,,,,009003,,,10,Erie,029,,,2,1282,,,,1280,1,New York,36,,,,0000032722,0000000134,Tract 90.03,S,43052750,-78734338,,7281,130,23,249,2,49,2,0,0,2
G3600290009004,1990,NY,,,,,,,,,009004,,,10,Erie,029,,,2,1282,,,,1280,1,New York,36,,,,0000005088,0000000000,Tract 90.04,S,43045265,-78709744,,3038,43,10,91,3,18,0,0,1,2
G3600290009006,1990,NY,,,,,,,,,009006,,,10,Erie,029,,,2,1282,,,,1280,1,New York,36,,,,0000004761,0000000000,Tract 90.06,S,42986250,-78717247,,7316,172,5,394,2,85,5,0,1,9
G3600290009007,1990,NY,,,,,,,,,009007,,,10,Erie,029,,,2,1282,,,,1280,1,New York,36,,,,0000007241,0000000000,Tract 90.07,S,43009800,-78717099,,5844,92,1,567,0,61,0,0,4,10
G3600290009008,1990,NY,,,,,,,,,009008,,,10,Erie,029,,,2,1282,,,,1280,1,New York,36,,,,0000003846,0000000000,Tract 90.08,S,42997634,-78721206,,2848,63,2,29,0,11,0,0,0,4
G3600290009104,1990,NY,,,,,,,,,009104,,,10,Erie,029,,,2,1282,,,,1280,1,New York,36,,,,0000003044,0000000000,Tract 91.04,S,42986250,-78751053,,4001,88,1,165,0,16,1,0,0,3
G3600290009106,1990,NY,,,,,,,,,009106,,,10,Erie,029,,,2,1282,,,,1280,1,New York,36,,,,0000012128,0000000096,Tract 91.06,S,43051150,-78785228,,3235,93,7,79,0,34,0,0,0,7
G3600290009107,1990,NY,,,,,,,,,009107,,,10,Erie,029,,,2,1282,,,,1280,1,New York,36,,,,0000007315,0000000169,Tract 91.07,S,43040490,-78814651,,4301,281,15,298,8,83,5,6,0,26
G3600290009108,1990,NY,,,,,,,,,009108,,,10,Erie,029,,,2,1282,,,,1280,1,New York,36,,,,0000005098,0000000000,Tract 91.08,S,43010867,-78806770,,5904,220,2,341,2,59,0,1,2,19
G3600290009109,1990,NY,,,,,,,,,009109,,,10,Erie,029,,,2,1282,,,,1280,1,New York,36,,,,0000003926,0000000000,Tract 91.09,S,42987300,-78777073,,3026,101,0,136,1,37,0,0,1,16
G3600290009110,1990,NY,,,,,,,,,009110,,,10,Erie,029,,,2,1282,,,,1280,1,New York,36,,,,0000004631,0000000262,Tract 91.10,S,43004284,-78787133,,3102,185,5,432,5,73,9,0,3,48
G3600290009112,1990,NY,,,,,,,,,009112,,,10,Erie,029,,,2,1282,,,,1280,1,New York,36,,,,0000003524,0000000000,Tract 91.12,S,43017416,-78781305,,1991,84,15,59,0,26,1,0,0,2
G3600290009113,1990,NY,,,,,,,,,009113,,,10,Erie,029,,,2,1282,,,,1280,1,New York,36,,,,0000004969,0000000000,Tract 91.13,S,43012192,-78751623,,5436,121,5,325,0,51,1,0,8,3
G3600290009114,1990,NY,,,,,,,,,009114,,,10,Erie,029,,,2,1282,,,,1280,1,New York,36,,,,0000002292,0000000000,Tract 91.14,S,42997233,-78750910,,4181,153,5,166,2,17,1,0,1,0
G36002900092,1990,NY,,,,,,,,,0092,,,10,Erie,029,,,2,1282,,,,1280,1,New York,36,,,,0000005315,0000000000,Tract 92,S,42988900,-78807235,,4083,120,13,102,4,49,2,0,0,8
G3600290009301,1990,NY,,,,,,,,,009301,,,10,Erie,029,,,2,1282,,,,1280,1,New York,36,,,,0000001925,0000000000,Tract 93.01,S,42968150,-78818762,,4027,593,13,383,7,46,10,0,0,12
G3600290009302,1990,NY,,,,,,,,,009302,,,10,Erie,029,,,2,1282,,,,1280,1,New York,36,,,,0000001167,0000000000,Tract 93.02,S,42973250,-78809872,,2751,78,6,64,1,19,0,0,0,1
G3600290009401,1990,NY,,,,,,,,,009401,,,10,Erie,029,,,2,1282,,,,1280,1,New York,36,,,,0000003239,0000000000,Tract 94.01,S,42970750,-78797153,,5344,138,11,192,3,57,6,1,0,19
G3600290009402,1990,NY,,,,,,,,,009402,,,10,Erie,029,,,2,1282,,,,1280,1,New York,36,,,,0000003774,0000000000,Tract 94.02,S,42966683,-78771268,,4223,65,7,49,0,34,0,0,4,3
G3600290009501,1990,NY,,,,,,,,,009501,,,10,Erie,029,,,2,1282,,,,1280,1,New York,36,,,,0000003185,0000000000,Tract 95.01,S,42957017,-78796117,,5092,119,3,89,1,31,3,0,0,11
G3600290009502,1990,NY,,,,,,,,,009502,,,10,Erie,029,,,2,1282,,,,1280,1,New York,36,,,,0000003988,0000000000,Tract 95.02,S,42955750,-78764862,,6713,57,5,64,1,44,6,2,0,0
G36002900096,1990,NY,,,,,,,,,0096,,,10,Erie,029,,,2,1282,,,,1280,1,New York,36,,,,0000011480,0000000000,Tract 96,S,42966750,-78722999,,4623,77,2,43,2,13,0,1,0,5
G3600290009701,1990,NY,,,,,,,,,009701,,,10,Erie,029,,,2,1282,,,,1280,1,New York,36,,,,0000002350,0000000000,Tract 97.01,S,42915350,-78725349,,3335,24,4,0,2,6,2,0,0,1
G3600290009702,1990,NY,,,,,,,,,009702,,,10,Erie,029,,,2,1282,,,,1280,1,New York,36,,,,0000002803,0000000000,Tract 97.02,S,42919267,-78705849,,5742,18,4,10,0,31,3,0,0,2
G36002900098,1990,NY,,,,,,,,,0098,,,10,Erie,029,,,2,1282,,,,1280,1,New York,36,,,,0000003331,0000000000,Tract 98,S,42903950,-78708981,,1868,5,2,4,0,3,0,0,0,2
G36002900099,1990,NY,,,,,,,,,0099,,,10,Erie,029,,,2,1282,,,,1280,1,New York,36,,,,0000002051,0000000000,Tract 99,S,42892200,-78791652,,3801,0,5,6,0,16,0,0,0,2
G3600290010001,1990,NY,,,,,,,,,010001,,,10,Erie,029,,,2,1282,,,,1280,1,New York,36,,,,0000008884,0000000000,Tract 100.01,S,42944667,-78726119,,3273,12,1,6,0,21,0,0,0,4
G3600290010002,1990,NY,,,,,,,,,010002,,,10,Erie,029,,,2,1282,,,,1280,1,New York,36,,,,0000005984,0000000000,Tract 100.02,S,42925000,-78727820,,9463,32,15,32,0,30,0,0,0,7
G3600290010101,1990,NY,,,,,,,,,010101,,,10,Erie,029,,,2,1282,,,,1280,1,New York,36,,,,0000004096,0000000000,Tract 101.01,S,42940950,-78767489,,9253,32,7,22,1,24,0,0,1,3
G3600290010102,1990,NY,,,,,,,,,010102,,,10,Erie,029,,,2,1282,,,,1280,1,New York,36,,,,0000002184,0000000000,Tract 101.02,S,42929100,-78770559,,4106,15,7,19,1,36,0,0,0,3
G36002900102,1990,NY,,,,,,,,,0102,,,10,Erie,029,,,2,1282,,,,1280,1,New York,36,,,,0000004226,0000000000,Tract 102,S,42935850,-78792899,,6419,400,6,84,6,40,1,0,0,18
G36002900103,1990,NY,,,,,,,,,0103,,,10,Erie,029,,,2,1282,,,,1280,1,New York,36,,,,0000000439,0000000000,Tract 103,S,42914400,-78797199,,1443,29,9,5,0,5,5,0,0,1
G36002900104,1990,NY,,,,,,,,,0104,,,10,Erie,029,,,2,1282,,,,1280,1,New York,36,,,,0000000477,0000000000,Tract 104,S,42909550,-78790200,,2282,2,1,10,0,3,0,0,0,1
G36002900105,1990,NY,,,,,,,,,0105,,,10,Erie,029,,,2,1282,,,,1280,1,New York,36,,,,0000001063,0000000000,Tract 105,S,42914867,-78786771,,2326,8,3,2,0,1,1,0,0,2
G36002900106,1990,NY,,,,,,,,,0106,,,10,Erie,029,,,2,1282,,,,1280,1,New York,36,,,,0000001226,0000000000,Tract 106,S,42923200,-78765801,,2788,3,6,9,1,7,0,3,0,0
G36002900107,1990,NY,,,,,,,,,0107,,,10,Erie,029,,,2,1282,,,,1280,1,New York,36,,,,0000005770,0000000000,Tract 107,S,42909533,-78774347,,3066,1,13,6,1,11,0,0,1,3
G3600290010803,1990,NY,,,,,,,,,010803,,,10,Erie,029,,,2,1282,,,,1280,1,New York,36,,,,0000007304,0000000000,Tract 108.03,S,42896200,-78744299,,3070,18,1,11,0,8,0,0,0,6
G3600290010804,1990,NY,,,,,,,,,010804,,,10,Erie,029,,,2,1282,,,,1280,1,New York,36,,,,0000004910,0000000000,Tract 108.04,S,42883450,-78712999,,3158,22,5,12,0,10,0,0,0,6
G3600290010805,1990,NY,,,,,,,,,010805,,,10,Erie,029,,,2,1282,,,,1280,1,New York,36,,,,0000002837,0000000000,Tract 108.05,S,42875450,-78710399,,6450,35,10,14,0,19,1,0,0,3
G3600290010806,1990,NY,,,,,,,,,010806,,,10,Erie,029,,,2,1282,,,,1280,1,New York,36,,,,0000004925,0000000000,Tract 108.06,S,42874469,-78741113,,7669,137,12,68,1,33,0,0,4,7
G3600290010807,1990,NY,,,,,,,,,010807,,,10,Erie,029,,,2,1282,,,,1280,1,New York,36,,,,0000002147,0000000000,Tract 108.07,S,42866050,-78725217,,5897,64,9,20,0,19,4,0,0,6
G3600290010901,1990,NY,,,,,,,,,010901,,,10,Erie,029,,,2,1282,,,,1280,1,New York,36,,,,0000003155,0000000000,Tract 109.01,S,42889800,-78776070,,2909,0,1,0,0,10,0,0,0,3
G3600290010902,1990,NY,,,,,,,,,010902,,,10,Erie,029,,,2,1282,,,,1280,1,New York,36,,,,0000004157,0000000000,Tract 109.02,S,42886450,-78765072,,4759,78,4,22,0,19,0,0,0,2
G36002900110,1990,NY,,,,,,,,,0110,,,10,Erie,029,,,2,1282,,,,1280,1,New York,36,,,,0000001035,0000000000,Tract 110,S,42875650,-78788846,,1896,6,6,1,0,9,0,0,0,0
G36002900111,1990,NY,,,,,,,,,0111,,,10,Erie,029,,,2,1282,,,,1280,1,New York,36,,,,0000001106,0000000000,Tract 111,S,42880433,-78791177,,2381,8,2,2,0,2,0,0,0,0
G36002900112,1990,NY,,,,,,,,,0112,,,10,Erie,029,,,2,1282,,,,1280,1,New York,36,,,,0000013903,0000000016,Tract 112,S,42852700,-78731032,,6797,37,14,32,0,22,0,0,0,11
G36002900113,1990,NY,,,,,,,,,0113,,,10,Erie,029,,,2,1282,,,,1280,1,New York,36,,,,0000006117,0000000018,Tract 113,S,42859050,-78777330,,5180,4,4,9,1,19,0,0,0,10
G36002900114,1990,NY,,,,,,,,,0114,,,10,Erie,029,,,2,1282,,,,1280,1,New York,36,,,,0000000772,0000000000,Tract 114,S,42849433,-78797498,,2475,4,15,7,2,19,0,0,0,5
G36002900115,1990,NY,,,,,,,,,0115,,,10,Erie,029,,,2,1282,,,,1280,1,New York,36,,,,0000001519,0000000000,Tract 115,S,42846764,-78785530,,1654,1,5,15,0,12,0,0,0,2
G36002900116,1990,NY,,,,,,,,,0116,,,10,Erie,029,,,2,1282,,,,1280,1,New York,36,,,,0000001963,0000000000,Tract 116,S,42845200,-78770480,,2034,5,3,8,0,1,0,0,0,1
G36002900117,1990,NY,,,,,,,,,0117,,,10,Erie,029,,,2,1282,,,,1280,1,New York,36,,,,0000003353,0000000000,Tract 117,S,42837200,-78771803,,4279,12,10,7,0,20,0,2,0,1
G36002900118,1990,NY,,,,,,,,,0118,,,10,Erie,029,,,2,1282,,,,1280,1,New York,36,,,,0000003951,0000000000,Tract 118,S,42837600,-78732821,,3932,9,9,11,0,21,0,0,0,3
G3600290011901,1990,NY,,,,,,,,,011901,,,10,Erie,029,,,2,1282,,,,1280,1,New York,36,,,,0000002242,0000000009,Tract 119.01,S,42826678,-78720659,,743,92,6,13,0,4,0,0,0,16
G3600290011902,1990,NY,,,,,,,,,011902,,,10,Erie,029,,,2,1282,,,,1280,1,New York,36,,,,0000007113,0000000012,Tract 119.02,S,42819203,-78725840,,6960,28,7,39,0,41,0,0,4,1
G3600290012001,1990,NY,,,,,,,,,012001,,,10,Erie,029,,,2,1282,,,,1280,1,New York,36,,,,0000006423,0000000000,Tract 120.01,S,42818900,-78788138,,4486,9,4,11,0,22,0,0,0,2
G3600290012002,1990,NY,,,,,,,,,012002,,,10,Erie,029,,,2,1282,,,,1280,1,New York,36,,,,0000008000,0000000000,Tract 120.02,S,42814000,-78758783,,8338,9,8,21,5,28,3,0,0,9
G36002900121,1990,NY,,,,,,,,,0121,,,10,Erie,029,,,2,1282,,,,1280,1,New York,36,,,,0000001114,0000000000,Tract 121,S,42827550,-78846481,,276,594,0,18,0,86,16,2,0,129
G36002900122,1990,NY,,,,,,,,,0122,,,10,Erie,029,,,2,1282,,,,1280,1,New York,36,,,,0000005211,0000002119,Tract 122,S,42817200,-78856153,,1695,1117,8,8,9,69,27,0,11,253
G36002900123,1990,NY,,,,,,,,,0123,,,10,Erie,029,,,2,1282,,,,1280,1,New York,36,,,,0000001393,0000000000,Tract 123,S,42820950,-78831049,,3536,2,5,6,0,142,0,1,0,23
G36002900124,1990,NY,,,,,,,,,0124,,,10,Erie,029,,,2,1282,,,,1280,1,New York,36,,,,0000001394,0000000000,Tract 124,S,42809033,-78830413,,2656,4,7,5,4,62,0,0,0,13
G3600290012501,1990,NY,,,,,,,,,012501,,,10,Erie,029,,,2,1282,,,,1280,1,New York,36,,,,0000002459,0000000000,Tract 125.01,S,42824900,-78806999,,4775,7,1,15,0,98,0,0,1,12
G3600290012502,1990,NY,,,,,,,,,012502,,,10,Erie,029,,,2,1282,,,,1280,1,New York,36,,,,0000001377,0000000000,Tract 125.02,S,42810433,-78800555,,2251,7,0,3,0,60,0,0,1,10
G36002900126,1990,NY,,,,,,,,,0126,,,10,Erie,029,,,2,1282,,,,1280,1,New York,36,,,,0000002836,0000000000,Tract 126,S,42814200,-78816633,,2391,28,6,3,0,23,2,0,0,6
G36002900127,1990,NY,,,,,,,,,0127,,,10,Erie,029,,,2,1282,,,,1280,1,New York,36,,,,0000000070,0000000000,Tract 127,S,42826150,-78822560,,91,6,1,2,0,0,0,0,0,1
G36002900128,1990,NY,,,,,,,,,0128,,,10,Erie,029,,,2,1282,,,,1280,1,New York,36,,,,0000002977,0000000000,Tract 128,S,42796233,-78833360,,2814,5,6,6,0,53,0,0,0,16
G3600290012901,1990,NY,,,,,,,,,012901,,,10,Erie,029,,,2,1282,,,,1280,1,New York,36,,,,0000009089,0000000000,Tract 129.01,S,42790250,-78808316,,7289,53,17,35,2,161,0,0,2,32
G3600290012902,1990,NY,,,,,,,,,012902,,,10,Erie,029,,,2,1282,,,,1280,1,New York,36,,,,0000006910,0000000000,Tract 129.02,S,42761633,-78814661,,2402,1,6,5,1,17,0,0,0,6
G36002900130,1990,NY,,,,,,,,,0130,,,10,Erie,029,,,2,1282,,,,1280,1,New York,36,,,,0000012801,0000007128,Tract 130,S,42775700,-78852913,,8738,68,10,25,1,123,3,0,0,22
G3600290013101,1990,NY,,,,,,,,,013101,,,10,Erie,029,,,2,1282,,,,1280,1,New York,36,,,,0000008274,0000000000,Tract 131.01,S,42748969,-78877784,,5835,28,11,16,5,50,1,0,0,15
G3600290013102,1990,NY,,,,,,,,,013102,,,10,Erie,029,,,2,1282,,,,1280,1,New York,36,,,,0000018547,0000004906,Tract 131.02,S,42723467,-78934030,,5679,5,8,7,0,20,0,1,0,5
G3600290013201,1990,NY,,,,,,,,,013201,,,10,Erie,029,,,2,1282,,,,1280,1,New York,36,,,,0000024270,0000000000,Tract 132.01,S,42714050,-78877012,,5292,25,6,14,0,58,0,0,0,8
G3600290013202,1990,NY,,,,,,,,,013202,,,10,Erie,029,,,2,1282,,,,1280,1,New York,36,,,,0000016419,0000000000,Tract 132.02,S,42710521,-78820313,,3833,13,12,6,1,13,0,0,0,0
G36002900133,1990,NY,,,,,,,,,0133,,,10,Erie,029,,,2,1282,,,,1280,1,New York,36,,,,0000002348,0000000000,Tract 133,S,42718600,-78818930,,3868,15,6,13,5,32,0,0,0,1
G36002900134,1990,NY,,,,,,,,,0134,,,10,Erie,029,,,2,1282,,,,1280,1,New York,36,,,,0000005689,0000000000,Tract 134,S,42722933,-78842412,,6871,13,5,33,0,50,0,0,0,3
G36002900135,1990,NY,,,,,,,,,0135,,,10,Erie,029,,,2,1282,,,,1280,1,New York,36,,,,0000061702,0000000084,Tract 135,S,42732550,-78740397,,10712,46,11,123,2,83,5,1,3,16
G36002900136,1990,NY,,,,,,,,,0136,,,10,Erie,029,,,2,1282,,,,1280,1,New York,36,,,,0000003356,0000000106,Tract 136,S,42763350,-78745824,,3057,6,5,30,0,23,0,0,0,1
G3600290013701,1990,NY,,,,,,,,,013701,,,10,Erie,029,,,2,1282,,,,1280,1,New York,36,,,,0000016155,0000000000,Tract 137.01,S,42783567,-78771799,,6685,41,9,30,1,46,0,1,0,5
G3600290013702,1990,NY,,,,,,,,,013702,,,10,Erie,029,,,2,1282,,,,1280,1,New York,36,,,,0000018522,0000000000,Tract 137.02,S,42796450,-78720578,,3609,15,3,37,0,21,0,0,0,5
G36002900138,1990,NY,,,,,,,,,0138,,,10,Erie,029,,,2,1282,,,,1280,1,New York,36,,,,0000087607,0000000000,Tract 138,S,42732350,-78634021,,6822,7,2,8,0,34,0,0,1,1
G36002900139,1990,NY,,,,,,,,,0139,,,10,Erie,029,,,2,1282,,,,1280,1,New York,36,,,,0000002166,0000000000,Tract 139,S,42762150,-78616630,,2398,0,3,4,0,4,0,0,0,3
G36002900140,1990,NY,,,,,,,,,0140,,,10,Erie,029,,,2,1282,,,,1280,1,New York,36,,,,0000004493,0000000000,Tract 140,S,42771867,-78609838,,4091,18,3,15,0,15,0,0,0,4
G3600290014101,1990,NY,,,,,,,,,014101,,,10,Erie,029,,,2,1282,,,,1280,1,New York,36,,,,0000044535,0000000000,Tract 141.01,S,42823183,-78604035,,5703,6,4,12,0,15,0,0,0,8
G3600290014102,1990,NY,,,,,,,,,014102,,,10,Erie,029,,,2,1282,,,,1280,1,New York,36,,,,0000044812,0000000000,Tract 141.02,S,42828350,-78669264,,4580,3,1,9,0,11,1,0,2,0
G3600290014203,1990,NY,,,,,,,,,014203,,,10,Erie,029,,,2,1282,,,,1280,1,New York,36,,,,0000037045,0000000008,Tract 142.03,S,42939500,-78632685,,6233,30,9,33,1,30,0,1,1,4
G3600290014204,1990,NY,,,,,,,,,014204,,,10,Erie,029,,,2,1282,,,,1280,1,New York,36,,,,0000023908,0000000000,Tract 142.04,S,42906150,-78615525,,2449,1,12,8,0,7,0,0,0,0
G3600290014205,1990,NY,,,,,,,,,014205,,,10,Erie,029,,,2,1282,,,,1280,1,New York,36,,,,0000025509,0000000000,Tract 142.05,S,42876800,-78648550,,4684,73,13,18,0,18,6,0,0,5
G36002900143,1990,NY,,,,,,,,,0143,,,10,Erie,029,,,2,1282,,,,1280,1,New York,36,,,,0000003208,0000000074,Tract 143,S,42891800,-78671599,,6968,14,8,12,0,18,6,0,0,2
G36002900144,1990,NY,,,,,,,,,0144,,,10,Erie,029,,,2,1282,,,,1280,1,New York,36,,,,0000003787,0000000000,Tract 144,S,42908450,-78670082,,4862,4,8,8,0,28,0,0,0,7
G3600290014501,1990,NY,,,,,,,,,014501,,,10,Erie,029,,,2,1282,,,,1280,1,New York,36,,,,0000002531,0000000000,Tract 145.01,S,42919367,-78686873,,3826,15,9,15,0,8,0,0,0,1
G3600290014502,1990,NY,,,,,,,,,014502,,,10,Erie,029,,,2,1282,,,,1280,1,New York,36,,,,0000002088,0000000000,Tract 145.02,S,42902450,-78690073,,2678,11,17,4,0,15,0,0,0,1
G3600290014601,1990,NY,,,,,,,,,014601,,,10,Erie,029,,,2,1282,,,,1280,1,New York,36,,,,0000011132,0000000000,Tract 146.01,S,42964650,-78669749,,4311,10,8,39,0,18,0,1,0,2
G3600290014602,1990,NY,,,,,,,,,014602,,,10,Erie,029,,,2,1282,,,,1280,1,New York,36,,,,0000028890,0000000036,Tract 146.02,S,43007400,-78672070,,6242,35,9,47,0,17,2,0,3,9
G3600290014701,1990,NY,,,,,,,,,014701,,,10,Erie,029,,,2,1282,,,,1280,1,New York,36,,,,0000066168,0000000000,Tract 147.01,S,43050400,-78622446,,3391,18,5,29,0,4,0,0,1,4
G3600290014702,1990,NY,,,,,,,,,014702,,,10,Erie,029,,,2,1282,,,,1280,1,New York,36,,,,0000032239,0000000000,Tract 147.02,S,42983967,-78613673,,5758,11,8,37,0,22,0,0,0,0
G3600290014801,1990,NY,,,,,,,,,014801,,,10,Erie,029,,,2,1282,,,,1280,1,New York,36,,,,0000005997,0000000000,Tract 148.01,S,43022100,-78493378,,2533,0,34,1,1,6,0,0,0,2
G3600290014803,1990,NY,,,,,,,,,014803,,,10,Erie,029,,,2,1282,,,,1280,1,New York,36,,,,0000126361,0000000000,Tract 148.03,S,43017150,-78525484,,4809,15,18,4,0,14,0,0,0,3
G3600290014804,1990,NY,,,,,,,,,014804,,,10,Erie,029,,,2,1282,,,,1280,1,New York,36,,,,0000004760,0000000000,Tract 148.04,S,43073600,-78481645,,0,0,10,0,0,0,0,0,0,0
G3600290014901,1990,NY,,,,,,,,,014901,,,10,Erie,029,,,2,1282,,,,1280,1,New York,36,,,,0000006924,0000000000,Tract 149.01,S,42898350,-78494524,,2439,3,1,3,0,6,0,0,0,1
G3600290014903,1990,NY,,,,,,,,,014903,,,10,Erie,029,,,2,1282,,,,1280,1,New York,36,,,,0000078870,0000000000,Tract 149.03,S,42919900,-78528758,,6077,8,8,7,1,18,0,1,0,0
G3600290014904,1990,NY,,,,,,,,,014904,,,10,Erie,029,,,2,1282,,,,1280,1,New York,36,,,,0000003604,0000000000,Tract 149.04,S,42928250,-78554467,,984,661,13,5,24,41,17,3,1,50
G3600290015001,1990,NY,,,,,,,,,015001,,,10,Erie,029,,,2,1282,,,,1280,1,New York,36,,,,0000071383,0000000000,Tract 150.01,S,42826739,-78537585,,5207,3,11,12,1,15,0,0,0,1
G3600290015002,1990,NY,,,,,,,,,015002,,,10,Erie,029,,,2,1282,,,,1280,1,New York,36,,,,0000092225,0000000103,Tract 150.02,S,42729408,-78520115,,2891,3,8,7,0,7,0,0,0,1
G3600290015003,1990,NY,,,,,,,,,015003,,,10,Erie,029,,,2,1282,,,,1280,1,New York,36,,,,0000092425,0000000079,Tract 150.03,S,42647540,-78513953,,3541,3,6,8,0,8,0,0,6,0
G3600290015101,1990,NY,,,,,,,,,015101,,,10,Erie,029,,,2,1282,,,,1280,1,New York,36,,,,0000092334,0000000220,Tract 151.01,S,42652672,-78639311,,2877,2,2,6,0,12,0,0,0,0
G3600290015102,1990,NY,,,,,,,,,015102,,,10,Erie,029,,,2,1282,,,,1280,1,New York,36,,,,0000130367,0000000434,Tract 151.02,S,42551683,-78549945,,2647,0,7,5,0,8,0,0,0,0
G3600290015201,1990,NY,,,,,,,,,015201,,,10,Erie,029,,,2,1282,,,,1280,1,New York,36,,,,0000048152,0000000000,Tract 152.01,S,42641424,-78778821,,2877,2,1,3,0,13,0,0,1,1
G3600290015202,1990,NY,,,,,,,,,015202,,,10,Erie,029,,,2,1282,,,,1280,1,New York,36,,,,0000044654,0000000000,Tract 152.02,S,42654955,-78729071,,4501,4,8,10,0,21,0,0,0,3
G3600290015301,1990,NY,,,,,,,,,015301,,,10,Erie,029,,,2,1282,,,,1280,1,New York,36,,,,0000055302,0000000078,Tract 153.01,S,42650096,-78908591,,4627,15,10,19,0,21,0,0,0,6
G3600290015302,1990,NY,,,,,,,,,015302,,,10,Erie,029,,,2,1282,,,,1280,1,New York,36,,,,0000047435,0000000001,Tract 153.02,S,42659467,-78842524,,2608,1,6,7,0,9,0,0,0,8
G36002900154,1990,NY,,,,,,,,,0154,,,10,Erie,029,,,2,1282,,,,1280,1,New York,36,,,,0000050989,0000014500,Tract 154,S,42691433,-79001483,,8024,14,27,13,1,37,0,0,0,12
G3600290015501,1990,NY,,,,,,,,,015501,,,10,Erie,029,,,2,1282,,,,1280,1,New York,36,,,,0000003689,0000000000,Tract 155.01,S,42637650,-79029797,,2194,3,7,0,0,13,0,3,0,11
G3600290015502,1990,NY,,,,,,,,,015502,,,10,Erie,029,,,2,1282,,,,1280,1,New York,36,,,,0000053708,0000010751,Tract 155.02,S,42626200,-79023831,,6967,41,35,9,1,59,2,1,0,17
G36002900156,1990,NY,,,,,,,,,0156,,,10,Erie,029,,,2,1282,,,,1280,1,New York,36,,,,0000062964,0000001141,Tract 156,S,42589000,-79016605,,1974,55,62,0,0,18,0,0,0,10
G36002900157,1990,NY,,,,,,,,,0157,,,10,Erie,029,,,2,1282,,,,1280,1,New York,36,,,,0000111025,0000000413,Tract 157,S,42568378,-78859360,,3392,9,42,12,0,34,5,1,0,7
G36002900158,1990,NY,,,,,,,,,0158,,,10,Erie,029,,,2,1282,,,,1280,1,New York,36,,,,0000172400,0000000149,Tract 158,S,42549199,-78711603,,4040,11,5,9,1,7,0,0,0,11
G36002900159,1990,NY,,,,,,,,,0159,,,10,Erie,029,,,2,1282,,,,1280,1,New York,36,,,,0000009135,0000000023,Tract 159,S,42509389,-78670058,,4253,17,9,12,0,8,0,0,0,4
G3600290016001,1990,NY,,,,,,,,,016001,,,10,Erie,029,,,2,1282,,,,1280,1,New York,36,,,,0000001446,0000000014,Tract 160.01,S,42469144,-78937297,,849,1,26,2,0,4,0,2,0,1
G3600290016002,1990,NY,,,,,,,,,016002,,,10,Erie,029,,,2,1282,,,,1280,1,New York,36,,,,0000119667,0000000083,Tract 160.02,S,42489565,-78857531,,3221,9,43,9,4,11,0,0,0,12
G36002900161,1990,NY,,,,,,,,,0161,,,10,Erie,029,,,2,1282,,,,1280,1,New York,36,,,,0000003011,0000000010,Tract 161,S,42485891,-78930714,,747,682,22,25,8,62,73,4,5,198
G36002900162,1990,NY,,,,,,,,,0162,,,10,Erie,029,,,2,1282,,,,1280,1,New York,36,,,,0000066128,0000000911,Tract 162,S,42538254,-79010007,,110,1,1651,0,1,0,0,21,0,5
G36003109601,1990,NY,,,,,,,,,9601,,,99,Essex,031,,,2,9999,,,,9999,1,New York,36,,,,0000206349,0000068380,BNA 9601,S,44459114,-73485045,,2241,12,1,5,3,5,0,0,0,0
G36003109602,1990,NY,,,,,,,,,9602,,,99,Essex,031,,,2,9999,,,,9999,1,New York,36,,,,0000178762,0000001353,BNA 9602,S,44376400,-73695675,,2224,6,10,0,0,3,0,0,0,1
G36003109603,1990,NY,,,,,,,,,9603,,,99,Essex,031,,,2,9999,,,,9999,1,New York,36,,,,0000315136,0000003092,BNA 9603,S,44361343,-73945742,,2287,10,14,6,0,14,0,0,0,1
G3600310960498,1990,NY,,,,,,,,,960498,,,99,Essex,031,,,2,9999,,,,9999,1,New York,36,,,,0000072870,0000010046,BNA 9604.98,S,44314959,-74003840,,1896,10,5,15,2,6,0,0,0,6
G3600310960598,1990,NY,,,,,,,,,960598,,,99,Essex,031,,,2,9999,,,,9999,1,New York,36,,,,0000320024,0000001782,BNA 9605.98,S,44217362,-73967208,,4541,754,15,84,2,313,111,3,2,111
G36003109606,1990,NY,,,,,,,,,9606,,,99,Essex,031,,,2,9999,,,,9999,1,New York,36,,,,0000412680,0000001638,BNA 9606,S,44186513,-73807489,,901,2,0,2,0,2,0,0,1,0
G36003109607,1990,NY,,,,,,,,,9607,,,99,Essex,031,,,2,9999,,,,9999,1,New York,36,,,,0000298301,0000015746,BNA 9607,S,44294128,-73519045,,1737,2,5,0,0,0,0,0,0,0
G36003109608,1990,NY,,,,,,,,,9608,,,99,Essex,031,,,2,9999,,,,9999,1,New York,36,,,,0000108536,0000079203,BNA 9608,S,44394972,-73390031,,1723,6,0,0,1,6,0,0,0,0
G36003109609,1990,NY,,,,,,,,,9609,,,99,Essex,031,,,2,9999,,,,9999,1,New York,36,,,,0000361096,0000025497,BNA 9609,S,44176501,-73537507,,2729,7,6,5,0,13,0,0,0,0
G36003109610,1990,NY,,,,,,,,,9610,,,99,Essex,031,,,2,9999,,,,9999,1,New York,36,,,,0000171600,0000016913,BNA 9610,S,44054718,-73528019,,4649,98,21,11,3,56,4,0,0,42
G36003109611,1990,NY,,,,,,,,,9611,,,99,Essex,031,,,2,9999,,,,9999,1,New York,36,,,,0000195361,0000014434,BNA 9611,S,43963537,-73525240,,1945,6,0,1,0,11,0,0,0,0
G36003109612,1990,NY,,,,,,,,,9612,,,99,Essex,031,,,2,9999,,,,9999,1,New York,36,,,,0000212163,0000016841,BNA 9612,S,43826608,-73493321,,5112,10,2,11,1,11,0,0,0,2
G36003109613,1990,NY,,,,,,,,,9613,,,99,Essex,031,,,2,9999,,,,9999,1,New York,36,,,,0000348387,0000020857,BNA 9613,S,43845261,-73768307,,1693,8,7,0,1,9,0,0,1,2
G36003109614,1990,NY,,,,,,,,,9614,,,99,Essex,031,,,2,9999,,,,9999,1,New York,36,,,,0001452857,0000033902,BNA 9614,S,43957910,-74002177,,1549,0,5,2,0,6,5,0,0,1
G36003309501,1990,NY,,,,,,,,,9501,,,99,Franklin,033,,,2,9999,,,,9999,1,New York,36,,,,0000328793,0000000000,BNA 9501,S,44932297,-74166680,,4040,17,16,3,0,14,0,0,0,3
G36003309502,1990,NY,,,,,,,,,9502,,,99,Franklin,033,,,2,9999,,,,9999,1,New York,36,,,,0000278089,0000000271,BNA 9502,S,44940846,-74487855,,4178,14,235,7,0,16,0,0,0,4
G36003309503,1990,NY,,,,,,,,,9503,,,99,Franklin,033,,,2,9999,,,,9999,1,New York,36,,,,0000335812,0000000063,BNA 9503,S,44802241,-74474360,,5104,6,22,11,2,8,0,0,0,5
G36003309504,1990,NY,,,,,,,,,9504,,,99,Franklin,033,,,2,9999,,,,9999,1,New York,36,,,,0000144998,0000001749,BNA 9504,S,44785613,-74258505,,4986,7,23,18,2,16,2,0,0,2
G36003309505,1990,NY,,,,,,,,,9505,,,99,Franklin,033,,,2,9999,,,,9999,1,New York,36,,,,0000118836,0000000650,BNA 9505,S,44802333,-74327023,,5832,1193,36,19,4,306,219,5,2,310
G36003309506,1990,NY,,,,,,,,,9506,,,99,Franklin,033,,,2,9999,,,,9999,1,New York,36,,,,0000620316,0000014844,BNA 9506,S,44719939,-74144804,,1386,1,5,1,0,5,0,0,0,0
G36003309507,1990,NY,,,,,,,,,9507,,,99,Franklin,033,,,2,9999,,,,9999,1,New York,36,,,,0000892376,0000046345,BNA 9507,S,44523898,-74446714,,2117,1,7,1,0,4,0,0,0,0
G36003309508,1990,NY,,,,,,,,,9508,,,99,Franklin,033,,,2,9999,,,,9999,1,New York,36,,,,0000643033,0000025767,BNA 9508,S,44511573,-74112539,,2236,128,23,17,3,31,7,0,4,78
G36003309509,1990,NY,,,,,,,,,9509,,,99,Franklin,033,,,2,9999,,,,9999,1,New York,36,,,,0000413152,0000018705,BNA 9509,S,44221609,-74253366,,3310,52,9,17,1,16,4,0,0,9
G36003309510,1990,NY,,,,,,,,,9510,,,99,Franklin,033,,,2,9999,,,,9999,1,New York,36,,,,0000096331,0000024766,BNA 9510,S,44320001,-74228823,,2157,12,10,9,0,14,0,0,0,1
G36003309511,1990,NY,,,,,,,,,9511,,,99,Franklin,033,,,2,9999,,,,9999,1,New York,36,,,,0000185263,0000020841,BNA 9511,S,44291914,-74479321,,4001,66,16,9,0,26,1,2,0,2
G36003309512,1990,NY,,,,,,,,,9512,,,99,Franklin,033,,,2,9999,,,,9999,1,New York,36,,,,0000119389,0000011510,BNA 9512,S,44153550,-74446321,,2042,10,16,1,0,6,0,0,0,1
G36003309913,1990,NY,,,,,,,,,9913,,,99,Franklin,033,,,2,9999,,,,9999,1,New York,36,,,,0000049171,0000005126,BNA 9913,S,44981714,-74649580,,46,1,1923,8,0,0,0,0,0,0
G3600330991498,1990,NY,,,,,,,,,991498,,,99,Franklin,033,,,2,9999,,,,9999,1,New York,36,,,,0000000312,0000000122,BNA 9914.98,S,44291267,-74120775,,0,0,0,0,0,0,0,0,0,0
G36003509901,1990,NY,,,,,,,,,9901,,,99,Fulton,035,,,2,9999,,,,9999,1,New York,36,,,,0000054523,0000035418,BNA 9901,S,43190754,-74175766,,2688,2,1,5,0,6,0,0,0,3
G36003509902,1990,NY,,,,,,,,,9902,,,99,Fulton,035,,,2,9999,,,,9999,1,New York,36,,,,0000097790,0000011137,BNA 9902,S,43162068,-74269267,,2632,7,2,1,0,13,0,0,0,0
G36003509903,1990,NY,,,,,,,,,9903,,,99,Fulton,035,,,2,9999,,,,9999,1,New York,36,,,,0000053572,0000005076,BNA 9903,S,43058073,-74252741,,3046,7,4,10,0,15,0,0,0,1
G36003509904,1990,NY,,,,,,,,,9904,,,99,Fulton,035,,,2,9999,,,,9999,1,New York,36,,,,0000279889,0000014606,BNA 9904,S,43190010,-74432648,,1840,0,4,6,0,1,0,0,0,1
G36003509905,1990,NY,,,,,,,,,9905,,,99,Fulton,035,,,2,9999,,,,9999,1,New York,36,,,,0000442066,0000004955,BNA 9905,S,43119462,-74626445,,3938,5,16,4,0,26,1,0,0,0
G36003509906,1990,NY,,,,,,,,,9906,,,99,Fulton,035,,,2,9999,,,,9999,1,New York,36,,,,0000185068,0000003090,BNA 9906,S,43049816,-74400432,,6330,48,6,15,3,29,2,0,0,3
G36003509907,1990,NY,,,,,,,,,9907,,,99,Fulton,035,,,2,9999,,,,9999,1,New York,36,,,,0000002854,0000000012,BNA 9907,S,43053726,-74358642,,3709,57,11,19,8,19,0,0,0,1
G36003509908,1990,NY,,,,,,,,,9908,,,99,Fulton,035,,,2,9999,,,,9999,1,New York,36,,,,0000004372,0000000024,BNA 9908,S,43039511,-74351256,,3238,46,10,9,1,15,5,0,1,9
G36003509909,1990,NY,,,,,,,,,9909,,,99,Fulton,035,,,2,9999,,,,9999,1,New York,36,,,,0000001561,0000000000,BNA 9909,S,43051536,-74334537,,3628,116,9,33,1,17,1,0,0,7
G36003509910,1990,NY,,,,,,,,,9910,,,99,Fulton,035,,,2,9999,,,,9999,1,New York,36,,,,0000001845,0000000000,BNA 9910,S,43064646,-74331970,,2737,15,0,3,1,14,0,0,0,3
G36003509911,1990,NY,,,,,,,,,9911,,,99,Fulton,035,,,2,9999,,,,9999,1,New York,36,,,,0000001381,0000000000,BNA 9911,S,43062667,-74343984,,2811,39,3,18,7,16,4,0,0,5
G36003509912,1990,NY,,,,,,,,,9912,,,99,Fulton,035,,,2,9999,,,,9999,1,New York,36,,,,0000004959,0000000000,BNA 9912,S,43014903,-74362419,,3916,33,10,20,0,20,4,0,0,10
G36003509913,1990,NY,,,,,,,,,9913,,,99,Fulton,035,,,2,9999,,,,9999,1,New York,36,,,,0000005515,0000000017,BNA 9913,S,43006227,-74378851,,4898,41,7,60,3,21,0,0,1,6
G36003509914,1990,NY,,,,,,,,,9914,,,99,Fulton,035,,,2,9999,,,,9999,1,New York,36,,,,0000067500,0000000054,BNA 9914,S,43005906,-74205341,,3065,186,14,10,0,68,16,0,2,16
G36003509915,1990,NY,,,,,,,,,9915,,,99,Fulton,035,,,2,9999,,,,9999,1,New York,36,,,,0000082199,0000020823,BNA 9915,S,43076934,-74153839,,4341,12,3,11,1,24,0,0,0,5
G36003709501,1990,NY,,,,,,,,,9501,,,99,Genesee,037,,,2,9999,,,,9999,1,New York,36,,,,0000132909,0000000164,BNA 9501,S,43085640,-78010638,,4722,15,4,12,0,25,0,0,1,13
G36003709502,1990,NY,,,,,,,,,9502,,,99,Genesee,037,,,2,9999,,,,9999,1,New York,36,,,,0000175280,0000001208,BNA 9502,S,43091010,-78202832,,5833,124,18,5,4,33,3,1,0,45
G36003709503,1990,NY,,,,,,,,,9503,,,99,Genesee,037,,,2,9999,,,,9999,1,New York,36,,,,0000218236,0000000584,BNA 9503,S,43039604,-78384644,,6115,31,49,10,1,17,1,0,0,6
G36003709504,1990,NY,,,,,,,,,9504,,,99,Genesee,037,,,2,9999,,,,9999,1,New York,36,,,,0000125448,0000000091,BNA 9504,S,43005738,-78228065,,5900,47,16,47,0,26,8,0,1,10
G36003709505,1990,NY,,,,,,,,,9505,,,99,Genesee,037,,,2,9999,,,,9999,1,New York,36,,,,0000002192,0000000000,BNA 9505,S,43005256,-78200845,,2880,115,8,22,8,17,4,0,0,1
G36003709506,1990,NY,,,,,,,,,9506,,,99,Genesee,037,,,2,9999,,,,9999,1,New York,36,,,,0000001574,0000000000,BNA 9506,S,43005706,-78187009,,2401,77,24,4,2,15,0,1,0,9
G36003709507,1990,NY,,,,,,,,,9507,,,99,Genesee,037,,,2,9999,,,,9999,1,New York,36,,,,0000002722,0000000000,BNA 9507,S,42992226,-78192822,,2311,103,9,3,4,27,7,0,0,6
G36003709508,1990,NY,,,,,,,,,9508,,,99,Genesee,037,,,2,9999,,,,9999,1,New York,36,,,,0000001305,0000000000,BNA 9508,S,43004772,-78176874,,2999,111,12,5,0,26,0,0,0,14
G36003709509,1990,NY,,,,,,,,,9509,,,99,Genesee,037,,,2,9999,,,,9999,1,New York,36,,,,0000002620,0000000000,BNA 9509,S,43003688,-78162871,,2386,40,8,51,5,15,0,0,0,7
G36003709510,1990,NY,,,,,,,,,9510,,,99,Genesee,037,,,2,9999,,,,9999,1,New York,36,,,,0000002983,0000000206,BNA 9510,S,42989158,-78168271,,2416,117,17,4,4,6,3,0,0,6
G36003709511,1990,NY,,,,,,,,,9511,,,99,Genesee,037,,,2,9999,,,,9999,1,New York,36,,,,0000173782,0000000286,BNA 9511,S,42999267,-78025194,,5389,46,25,10,1,8,0,0,0,6
G36003709512,1990,NY,,,,,,,,,9512,,,99,Genesee,037,,,2,9999,,,,9999,1,New York,36,,,,0000016077,0000000000,BNA 9512,S,42979542,-77982917,,5042,165,14,24,2,28,1,0,0,8
G36003709513,1990,NY,,,,,,,,,9513,,,99,Genesee,037,,,2,9999,,,,9999,1,New York,36,,,,0000185746,0000000261,BNA 9513,S,42909847,-78072846,,4043,41,21,10,0,15,0,3,0,2
G36003709514,1990,NY,,,,,,,,,9514,,,99,Genesee,037,,,2,9999,,,,9999,1,New York,36,,,,0000215122,0000000220,BNA 9514,S,42907637,-78326594,,5175,6,10,2,0,19,0,0,0,0
G36003709515,1990,NY,,,,,,,,,9515,,,99,Genesee,037,,,2,9999,,,,9999,1,New York,36,,,,0000023808,0000000173,BNA 9515,S,43066184,-78436468,,48,0,436,0,0,0,0,7,0,0
G36003900801,1990,NY,,,,,,,,,0801,,,99,Greene,039,,,2,0160,,,,9999,1,New York,36,,,,0000107691,0000003963,Tract 801,S,42415927,-73859148,,3298,22,5,4,3,34,0,0,0,5
G36003900802,1990,NY,,,,,,,,,0802,,,99,Greene,039,,,2,0160,,,,9999,1,New York,36,,,,0000228402,0000000552,Tract 802,S,42386330,-74086111,,5356,16,5,23,3,52,2,0,0,2
G36003900803,1990,NY,,,,,,,,,0803,,,99,Greene,039,,,2,0160,,,,9999,1,New York,36,,,,0000237870,0000000525,Tract 803,S,42320992,-74292000,,3171,8,13,5,6,42,3,2,0,9
G36003900804,1990,NY,,,,,,,,,0804,,,99,Greene,039,,,2,0160,,,,9999,1,New York,36,,,,0000628462,0000001138,Tract 804,S,42200957,-74265601,,3974,12,11,8,3,60,0,0,0,5
G36003900805,1990,NY,,,,,,,,,0805,,,99,Greene,039,,,2,0160,,,,9999,1,New York,36,,,,0000155336,0000000420,Tract 805,S,42299672,-74016465,,5224,14,20,11,5,72,4,2,1,65
G36003900806,1990,NY,,,,,,,,,0806,,,99,Greene,039,,,2,0160,,,,9999,1,New York,36,,,,0000085485,0000002401,Tract 806,S,42348629,-73871094,,2507,35,3,8,2,28,0,0,0,11
G36003900807,1990,NY,,,,,,,,,0807,,,99,Greene,039,,,2,0160,,,,9999,1,New York,36,,,,0000008460,0000001430,Tract 807,S,42358195,-73809250,,2735,111,2,13,1,57,2,0,2,13
G36003900808,1990,NY,,,,,,,,,0808,,,99,Greene,039,,,2,0160,,,,9999,1,New York,36,,,,0000001628,0000000000,Tract 808,S,42344831,-73830558,,285,1112,10,13,9,104,154,7,3,406
G36003900809,1990,NY,,,,,,,,,0809,,,99,Greene,039,,,2,0160,,,,9999,1,New York,36,,,,0000067802,0000006894,Tract 809,S,42279469,-73861995,,3446,27,10,35,2,31,5,0,0,5
G36003900810,1990,NY,,,,,,,,,0810,,,99,Greene,039,,,2,0160,,,,9999,1,New York,36,,,,0000017561,0000003999,Tract 810,S,42205102,-73877035,,4243,546,13,23,13,129,23,7,0,65
G36003900811,1990,NY,,,,,,,,,0811,,,99,Greene,039,,,2,0160,,,,9999,1,New York,36,,,,0000139235,0000005447,Tract 811,S,42210011,-73953191,,6663,74,20,35,1,92,0,3,0,15
G36004109501,1990,NY,,,,,,,,,9501,,,99,Hamilton,041,,,2,9999,,,,9999,1,New York,36,,,,0001056471,0000108861,BNA 9501,S,43964566,-74598031,,915,4,2,3,0,5,0,0,0,1
G36004109502,1990,NY,,,,,,,,,9502,,,99,Hamilton,041,,,2,9999,,,,9999,1,New York,36,,,,0000161343,0000010636,BNA 9502,S,43737544,-74743024,,342,0,0,0,0,1,0,0,0,0
G36004109503,1990,NY,,,,,,,,,9503,,,99,Hamilton,041,,,2,9999,,,,9999,1,New York,36,,,,0000654786,0000034718,BNA 9503,S,43787453,-74312804,,1462,2,4,2,1,9,0,0,0,1
G36004109504,1990,NY,,,,,,,,,9504,,,99,Hamilton,041,,,2,9999,,,,9999,1,New York,36,,,,0000778709,0000006606,BNA 9504,S,43394946,-74289465,,1224,2,3,0,0,3,0,0,0,0
G36004109505,1990,NY,,,,,,,,,9505,,,99,Hamilton,041,,,2,9999,,,,9999,1,New York,36,,,,0000487193,0000025577,BNA 9505,S,43574027,-74429464,,873,4,0,1,0,8,0,0,0,1
G36004109506,1990,NY,,,,,,,,,9506,,,99,Hamilton,041,,,2,9999,,,,9999,1,New York,36,,,,0001318082,0000039483,BNA 9506,S,43502804,-74619277,,403,0,1,0,0,2,0,0,0,0
G36004300101,1990,NY,,,,,,,,,0101,,,99,Herkimer,043,,,2,8680,,,,9999,1,New York,36,,,,0000327479,0000000922,Tract 101,S,42918677,-75062899,,6153,10,14,9,0,32,5,0,0,1
G3600430010201,1990,NY,,,,,,,,,010201,,,99,Herkimer,043,,,2,8680,,,,9999,1,New York,36,,,,0000004838,0000000118,Tract 102.01,S,43035275,-75069401,,3758,3,1,2,0,17,0,0,0,4
G3600430010202,1990,NY,,,,,,,,,010202,,,99,Herkimer,043,,,2,8680,,,,9999,1,New York,36,,,,0000091594,0000000195,Tract 102.02,S,43038067,-75136050,,3669,11,3,1,0,19,0,0,0,6
G36004300103,1990,NY,,,,,,,,,0103,,,99,Herkimer,043,,,2,8680,,,,9999,1,New York,36,,,,0000004730,0000000029,Tract 103,S,43007495,-75053192,,5387,13,15,16,3,20,0,3,0,7
G36004300104,1990,NY,,,,,,,,,0104,,,99,Herkimer,043,,,2,8680,,,,9999,1,New York,36,,,,0000007357,0000000116,Tract 104,S,43003163,-75036109,,3850,28,9,11,1,30,0,0,0,29
G3600430010501,1990,NY,,,,,,,,,010501,,,99,Herkimer,043,,,2,8680,,,,9999,1,New York,36,,,,0000002281,0000000023,Tract 105.01,S,43009439,-75007218,,2936,10,0,3,0,11,0,0,0,0
G3600430010502,1990,NY,,,,,,,,,010502,,,99,Herkimer,043,,,2,8680,,,,9999,1,New York,36,,,,0000073032,0000001176,Tract 105.02,S,42987722,-74967629,,1948,6,0,4,0,5,0,0,0,0
G36004300106,1990,NY,,,,,,,,,0106,,,99,Herkimer,043,,,2,8680,,,,9999,1,New York,36,,,,0000002126,0000000416,Tract 106,S,43033645,-74851189,,328,0,0,1,0,1,0,0,0,0
G36004300107,1990,NY,,,,,,,,,0107,,,99,Herkimer,043,,,2,8680,,,,9999,1,New York,36,,,,0000004570,0000000022,Tract 107,S,43047306,-74864558,,3111,2,8,11,0,20,0,0,0,2
G36004300108,1990,NY,,,,,,,,,0108,,,99,Herkimer,043,,,2,8680,,,,9999,1,New York,36,,,,0000003080,0000000000,Tract 108,S,43046172,-74846442,,2308,3,2,10,0,7,0,0,0,0
G36004300109,1990,NY,,,,,,,,,0109,,,99,Herkimer,043,,,2,8680,,,,9999,1,New York,36,,,,0000215806,0000001154,Tract 109,S,42967854,-74832982,,3442,17,7,8,0,12,0,0,0,0
G3600430011001,1990,NY,,,,,,,,,011001,,,99,Herkimer,043,,,2,8680,,,,9999,1,New York,36,,,,0000003903,0000000047,Tract 110.01,S,43101779,-74777435,,2317,2,1,5,3,15,0,0,0,1
G3600430011002,1990,NY,,,,,,,,,011002,,,99,Herkimer,043,,,2,8680,,,,9999,1,New York,36,,,,0000349524,0000003601,Tract 110.02,S,43190066,-74813851,,3086,14,1,7,0,9,0,0,0,0
G36004300111,1990,NY,,,,,,,,,0111,,,99,Herkimer,043,,,2,8680,,,,9999,1,New York,36,,,,0000002110,0000000176,Tract 111,S,43021896,-74984400,,2402,10,0,2,0,7,0,0,0,0
G36004300112,1990,NY,,,,,,,,,0112,,,99,Herkimer,043,,,2,8680,,,,9999,1,New York,36,,,,0000025588,0000000528,Tract 112,S,43036349,-75015380,,6140,39,7,27,3,39,1,0,1,4
G3600430011301,1990,NY,,,,,,,,,011301,,,99,Herkimer,043,,,2,8680,,,,9999,1,New York,36,,,,0000054058,0000000750,Tract 113.01,S,43071915,-74980464,,1695,3,0,9,0,10,0,0,0,2
G3600430011302,1990,NY,,,,,,,,,011302,,,99,Herkimer,043,,,2,8680,,,,9999,1,New York,36,,,,0000103156,0000001147,Tract 113.02,S,43098676,-75091577,,3479,3,12,1,1,8,0,0,0,4
G36004300114,1990,NY,,,,,,,,,0114,,,99,Herkimer,043,,,2,8680,,,,9999,1,New York,36,,,,0000281786,0000002398,Tract 114,S,43170848,-74963542,,4226,4,4,3,0,14,0,0,0,2
G36004300115,1990,NY,,,,,,,,,0115,,,99,Herkimer,043,,,2,8680,,,,9999,1,New York,36,,,,0002099664,0000107921,Tract 115,S,43672380,-74989750,,4755,4,22,8,0,19,0,0,0,3
G36004500601,1990,NY,,,,,,,,,0601,,,99,Jefferson,045,,,2,9999,,,,9999,1,New York,36,,,,0000233442,0000031639,Tract 601,S,44297073,-75888523,,4093,4,7,1,1,8,0,0,0,1
G36004500602,1990,NY,,,,,,,,,0602,,,99,Jefferson,045,,,2,9999,,,,9999,1,New York,36,,,,0000254257,0000079669,Tract 602,S,44224644,-76076284,,5305,590,12,18,13,43,21,1,0,431
G36004500603,1990,NY,,,,,,,,,0603,,,99,Jefferson,045,,,2,9999,,,,9999,1,New York,36,,,,0000275041,0000206210,Tract 603,S,44064946,-76240582,,3241,8,5,2,1,5,0,0,0,4
G36004500604,1990,NY,,,,,,,,,0604,,,99,Jefferson,045,,,2,9999,,,,9999,1,New York,36,,,,0000201287,0000180496,Tract 604,S,43975156,-76191732,,5696,12,17,6,0,9,0,0,0,7
G36004500605,1990,NY,,,,,,,,,0605,,,99,Jefferson,045,,,2,9999,,,,9999,1,New York,36,,,,0000221585,0000006132,Tract 605,S,44104091,-75911036,,4423,308,30,62,7,57,22,0,1,35
G36004500606,1990,NY,,,,,,,,,0606,,,99,Jefferson,045,,,2,9999,,,,9999,1,New York,36,,,,0000152241,0000000000,Tract 606,S,44122960,-75785803,,4350,389,9,41,2,50,2,1,4,59
G36004500607,1990,NY,,,,,,,,,0607,,,99,Jefferson,045,,,2,9999,,,,9999,1,New York,36,,,,0000287298,0000013291,Tract 607,S,44250509,-75714983,,4005,13,22,10,0,13,0,0,0,5
G36004500608,1990,NY,,,,,,,,,0608,,,99,Jefferson,045,,,2,9999,,,,9999,1,New York,36,,,,0000360525,0000003961,Tract 608,S,44116785,-75628122,,7151,2909,55,308,34,295,90,9,25,710
G36004500609,1990,NY,,,,,,,,,0609,,,99,Jefferson,045,,,2,9999,,,,9999,1,New York,36,,,,0000079286,0000001316,Tract 609,S,44014729,-75571646,,6455,182,44,95,0,64,11,0,0,48
G36004500610,1990,NY,,,,,,,,,0610,,,99,Jefferson,045,,,2,9999,,,,9999,1,New York,36,,,,0000057655,0000001376,Tract 610,S,43978925,-75666761,,3495,121,11,26,3,44,11,1,1,33
G36004500611,1990,NY,,,,,,,,,0611,,,99,Jefferson,045,,,2,9999,,,,9999,1,New York,36,,,,0000108725,0000001656,Tract 611,S,43985692,-75773255,,5445,123,9,57,5,27,8,0,3,32
G36004500612,1990,NY,,,,,,,,,0612,,,99,Jefferson,045,,,2,9999,,,,9999,1,New York,36,,,,0000001764,0000000069,Tract 612,S,43973891,-75884215,,3021,282,15,48,5,52,7,1,0,66
G36004500613,1990,NY,,,,,,,,,0613,,,99,Jefferson,045,,,2,9999,,,,9999,1,New York,36,,,,0000002731,0000000110,Tract 613,S,43985414,-75891282,,3351,65,23,8,4,44,1,0,0,12
G36004500614,1990,NY,,,,,,,,,0614,,,99,Jefferson,045,,,2,9999,,,,9999,1,New York,36,,,,0000002363,0000000079,Tract 614,S,43987082,-75915227,,3593,70,31,10,3,18,1,4,0,18
G36004500615,1990,NY,,,,,,,,,0615,,,99,Jefferson,045,,,2,9999,,,,9999,1,New York,36,,,,0000005682,0000000080,Tract 615,S,43978600,-75932987,,4565,411,35,48,5,52,14,0,6,117
G36004500616,1990,NY,,,,,,,,,0616,,,99,Jefferson,045,,,2,9999,,,,9999,1,New York,36,,,,0000117929,0000000910,Tract 616,S,43984271,-76003819,,4195,14,14,9,0,4,0,0,0,4
G36004500617,1990,NY,,,,,,,,,0617,,,99,Jefferson,045,,,2,9999,,,,9999,1,New York,36,,,,0000151512,0000058552,Tract 617,S,43844718,-76191535,,1894,0,3,7,0,11,0,0,0,2
G36004500618,1990,NY,,,,,,,,,0618,,,99,Jefferson,045,,,2,9999,,,,9999,1,New York,36,,,,0000161430,0000000033,Tract 618,S,43864252,-76013167,,6356,16,17,13,3,22,0,0,0,5
G36004500619,1990,NY,,,,,,,,,0619,,,99,Jefferson,045,,,2,9999,,,,9999,1,New York,36,,,,0000003417,0000000000,Tract 619,S,43960990,-75925187,,3730,35,3,34,0,17,0,0,4,8
G36004500620,1990,NY,,,,,,,,,0620,,,99,Jefferson,045,,,2,9999,,,,9999,1,New York,36,,,,0000000807,0000000056,Tract 620,S,43974534,-75909070,,1240,39,9,3,2,14,2,0,0,11
G36004500621,1990,NY,,,,,,,,,0621,,,99,Jefferson,045,,,2,9999,,,,9999,1,New York,36,,,,0000000887,0000000008,Tract 621,S,43972096,-75902922,,3215,80,13,37,6,17,4,0,0,21
G36004500622,1990,NY,,,,,,,,,0622,,,99,Jefferson,045,,,2,9999,,,,9999,1,New York,36,,,,0000004676,0000000000,Tract 622,S,43961087,-75898955,,4626,108,16,41,5,45,3,0,3,32
G36004500624,1990,NY,,,,,,,,,0624,,,99,Jefferson,045,,,2,9999,,,,9999,1,New York,36,,,,0000268584,0000000132,Tract 624,S,43875666,-75866373,,3462,420,9,22,1,59,104,1,2,129
G36004500625,1990,NY,,,,,,,,,0625,,,99,Jefferson,045,,,2,9999,,,,9999,1,New York,36,,,,0000342196,0000010080,Tract 625,S,43735448,-76012342,,3272,1,9,4,0,8,0,0,0,0
G36004700001,1990,NY,,,,,,,,,0001,,,70,Kings,047,,,2,5602,,,,5600,1,New York,36,,,,0000000150,0000000000,Tract 1,S,40699100,-73993633,,2797,340,6,102,2,151,17,0,1,38
G36004700002,1990,NY,,,,,,,,,0002,,,70,Kings,047,,,2,5602,,,,5600,1,New York,36,,,,0000000253,0000000000,Tract 2,S,40652950,-74011271,,87,49,0,28,1,561,52,0,12,275
G3600470000301,1990,NY,,,,,,,,,000301,,,70,Kings,047,,,2,5602,,,,5600,1,New York,36,,,,0000000127,0000000000,Tract 3.01,S,40695550,-73997018,,4850,455,7,149,3,253,19,2,8,124
G3600470000302,1990,NY,,,,,,,,,000302,,,70,Kings,047,,,2,5602,,,,5600,1,New York,36,,,,0000000357,0000000000,Tract 3.02,S,40694890,-73999931,,250,27,0,3,0,13,1,0,0,7
G36004700005,1990,NY,,,,,,,,,0005,,,70,Kings,047,,,2,5602,,,,5600,1,New York,36,,,,0000000181,0000000000,Tract 5,S,40694700,-73993678,,5036,307,9,205,2,287,27,9,2,111
G36004700007,1990,NY,,,,,,,,,0007,,,70,Kings,047,,,2,5602,,,,5600,1,New York,36,,,,0000000144,0000000000,Tract 7,S,40692300,-73997172,,2212,129,2,87,3,222,3,0,1,41
G36004700009,1990,NY,,,,,,,,,0009,,,70,Kings,047,,,2,5602,,,,5600,1,New York,36,,,,0000000159,0000000000,Tract 9,S,40692050,-73992744,,1507,92,2,70,0,95,10,0,0,42
G36004700011,1990,NY,,,,,,,,,0011,,,70,Kings,047,,,2,5602,,,,5600,1,New York,36,,,,0000000159,0000000000,Tract 11,S,40693400,-73988483,,21,28,0,12,0,1,0,0,0,8
G36004700013,1990,NY,,,,,,,,,0013,,,70,Kings,047,,,2,5602,,,,5600,1,New York,36,,,,0000000298,0000000000,Tract 13,S,40697800,-73988318,,1111,251,5,119,4,108,19,4,7,35
G36004700018,1990,NY,,,,,,,,,0018,,,70,Kings,047,,,2,5602,,,,5600,1,New York,36,,,,0000002391,0000004343,Tract 18,S,40653900,-74020233,,4,0,0,0,0,0,0,0,0,0
G36004700020,1990,NY,,,,,,,,,0020,,,70,Kings,047,,,2,5602,,,,5600,1,New York,36,,,,0000000134,0000000000,Tract 20,S,40647950,-74016700,,35,70,0,17,3,637,83,1,0,495
G36004700021,1990,NY,,,,,,,,,0021,,,70,Kings,047,,,2,5602,,,,5600,1,New York,36,,,,0000000475,0000000020,Tract 21,S,40703123,-73987471,,237,104,0,8,2,60,3,0,0,5
G36004700022,1990,NY,,,,,,,,,0022,,,70,Kings,047,,,2,5602,,,,5600,1,New York,36,,,,0000000328,0000000000,Tract 22,S,40642900,-74022012,,817,226,2,296,4,744,104,18,31,1296
G36004700023,1990,NY,,,,,,,,,0023,,,70,Kings,047,,,2,5602,,,,5600,1,New York,36,,,,0000000181,0000000000,Tract 23,S,40698667,-73983889,,38,3676,11,294,9,185,202,6,11,674
G36004700025,1990,NY,,,,,,,,,0025,,,70,Kings,047,,,2,5602,,,,5600,1,New York,36,,,,0000000171,0000000000,Tract 25,S,40695333,-73982641,,122,1087,3,28,2,83,78,0,16,177
G36004700027,1990,NY,,,,,,,,,0027,,,70,Kings,047,,,2,5602,,,,5600,1,New York,36,,,,0000000139,0000000000,Tract 27,S,40692183,-73983607,,29,295,9,16,2,62,51,3,0,108
G3600470002901,1990,NY,,,,,,,,,002901,,,70,Kings,047,,,2,5602,,,,5600,1,New York,36,,,,0000000095,0000000000,Tract 29.01,S,40695050,-73977770,,29,3528,17,5,6,218,437,4,10,360
G3600470002902,1990,NY,,,,,,,,,002902,,,70,Kings,047,,,2,5602,,,,5600,1,New York,36,,,,0000000067,0000000000,Tract 29.02,S,40697000,-73979532,,39,772,7,0,3,23,35,0,0,101
G36004700030,1990,NY,,,,,,,,,0030,,,70,Kings,047,,,2,5602,,,,5600,1,New York,36,,,,0000000097,0000000000,Tract 30,S,40638750,-74029800,,1277,14,2,153,1,110,4,2,1,23
G36004700031,1990,NY,,,,,,,,,0031,,,70,Kings,047,,,2,5602,,,,5600,1,New York,36,,,,0000000287,0000000000,Tract 31,S,40692500,-73978824,,322,1747,7,440,10,177,245,14,25,214
G36004700032,1990,NY,,,,,,,,,0032,,,70,Kings,047,,,2,5602,,,,5600,1,New York,36,,,,0000000725,0000006072,Tract 32,S,40638933,-74046905,,2,0,0,0,0,0,0,0,0,0
G36004700033,1990,NY,,,,,,,,,0033,,,70,Kings,047,,,2,5602,,,,5600,1,New York,36,,,,0000000168,0000000000,Tract 33,S,40688167,-73978557,,492,831,5,68,10,88,117,15,1,136
G36004700034,1990,NY,,,,,,,,,0034,,,70,Kings,047,,,2,5602,,,,5600,1,New York,36,,,,0000000181,0000000000,Tract 34,S,40636604,-74033798,,2404,4,2,130,4,141,0,0,1,50
G36004700035,1990,NY,,,,,,,,,0035,,,70,Kings,047,,,2,5602,,,,5600,1,New York,36,,,,0000000136,0000000000,Tract 35,S,40686000,-73976405,,307,933,7,36,1,50,56,2,2,111
G36004700036,1990,NY,,,,,,,,,0036,,,70,Kings,047,,,2,5602,,,,5600,1,New York,36,,,,0000000129,0000000000,Tract 36,S,40634500,-74031400,,2957,32,3,166,7,215,7,0,2,100
G36004700037,1990,NY,,,,,,,,,0037,,,70,Kings,047,,,2,5602,,,,5600,1,New York,36,,,,0000000170,0000000000,Tract 37,S,40689700,-73985448,,67,48,0,14,0,54,12,0,0,73
G36004700038,1990,NY,,,,,,,,,0038,,,70,Kings,047,,,2,5602,,,,5600,1,New York,36,,,,0000000089,0000000000,Tract 38,S,40633900,-74034550,,1377,1,0,52,1,41,1,0,2,5
G36004700039,1990,NY,,,,,,,,,0039,,,70,Kings,047,,,2,5602,,,,5600,1,New York,36,,,,0000000155,0000000000,Tract 39,S,40685200,-73982375,,705,737,14,52,7,267,112,10,3,338
G36004700040,1990,NY,,,,,,,,,0040,,,70,Kings,047,,,2,5602,,,,5600,1,New York,36,,,,0000000225,0000000000,Tract 40,S,40630950,-74037970,,1375,0,0,27,0,25,1,0,0,0
G36004700041,1990,NY,,,,,,,,,0041,,,70,Kings,047,,,2,5602,,,,5600,1,New York,36,,,,0000000161,0000000000,Tract 41,S,40686050,-73984609,,1749,782,38,89,1,327,102,1,16,210
G36004700042,1990,NY,,,,,,,,,0042,,,70,Kings,047,,,2,5602,,,,5600,1,New York,36,,,,0000000123,0000000000,Tract 42,S,40629650,-74033378,,981,1,2,28,0,22,1,1,0,4
G36004700043,1990,NY,,,,,,,,,0043,,,70,Kings,047,,,2,5602,,,,5600,1,New York,36,,,,0000000168,0000000000,Tract 43,S,40688350,-73990603,,1009,573,1,104,1,410,99,3,6,533
G36004700045,1990,NY,,,,,,,,,0045,,,70,Kings,047,,,2,5602,,,,5600,1,New York,36,,,,0000000170,0000000000,Tract 45,S,40687300,-73995119,,2757,89,12,133,8,190,8,3,2,68
G36004700046,1990,NY,,,,,,,,,0046,,,70,Kings,047,,,2,5602,,,,5600,1,New York,36,,,,0000000128,0000000000,Tract 46,S,40627350,-74034114,,793,1,0,42,0,34,0,0,1,0
G36004700047,1990,NY,,,,,,,,,0047,,,70,Kings,047,,,2,5602,,,,5600,1,New York,36,,,,0000000153,0000000000,Tract 47,S,40687727,-74001123,,223,50,0,15,3,151,14,0,2,95
G36004700048,1990,NY,,,,,,,,,0048,,,70,Kings,047,,,2,5602,,,,5600,1,New York,36,,,,0000000122,0000000000,Tract 48,S,40626400,-74038538,,315,0,0,0,0,12,0,0,0,1
G36004700049,1990,NY,,,,,,,,,0049,,,70,Kings,047,,,2,5602,,,,5600,1,New York,36,,,,0000000100,0000000000,Tract 49,S,40687600,-73998649,,1593,216,10,127,7,256,12,1,8,162
G36004700050,1990,NY,,,,,,,,,0050,,,70,Kings,047,,,2,5602,,,,5600,1,New York,36,,,,0000000185,0000000000,Tract 50,S,40624400,-74038281,,2085,2,0,78,1,74,3,0,1,11
G36004700051,1990,NY,,,,,,,,,0051,,,70,Kings,047,,,2,5602,,,,5600,1,New York,36,,,,0000000174,0000000000,Tract 51,S,40683087,-74003307,,1054,132,9,163,4,296,27,0,6,224
G3600470005201,1990,NY,,,,,,,,,005201,,,70,Kings,047,,,2,5602,,,,5600,1,New York,36,,,,0000000116,0000000000,Tract 52.01,S,40621850,-74039186,,1673,2,0,4,0,56,0,0,0,18
G3600470005202,1990,NY,,,,,,,,,005202,,,70,Kings,047,,,2,5602,,,,5600,1,New York,36,,,,0000000080,0000000000,Tract 52.02,S,40618950,-74039073,,2425,5,4,31,4,74,7,0,0,16
G36004700054,1990,NY,,,,,,,,,0054,,,70,Kings,047,,,2,5602,,,,5600,1,New York,36,,,,0000000132,0000000000,Tract 54,S,40617050,-74035356,,2816,28,3,120,0,97,3,0,5,21
G36004700055,1990,NY,,,,,,,,,0055,,,70,Kings,047,,,2,5602,,,,5600,1,New York,36,,,,0000001306,0000005684,Tract 55,S,40665454,-74032908,,96,7,0,4,0,15,7,0,0,58
G3600470005601,1990,NY,,,,,,,,,005601,,,70,Kings,047,,,2,5602,,,,5600,1,New York,36,,,,0000000111,0000000000,Tract 56.01,S,40615700,-74035101,,2305,4,5,56,0,105,3,0,0,16
G3600470005602,1990,NY,,,,,,,,,005602,,,70,Kings,047,,,2,5602,,,,5600,1,New York,36,,,,0000000075,0000000000,Tract 56.02,S,40612700,-74034967,,1313,3,0,48,2,57,1,0,0,2
G36004700057,1990,NY,,,,,,,,,0057,,,70,Kings,047,,,2,5602,,,,5600,1,New York,36,,,,0000000345,0000000000,Tract 57,S,40674750,-74012138,,411,166,3,11,3,365,58,2,4,506
G36004700058,1990,NY,,,,,,,,,0058,,,70,Kings,047,,,2,5602,,,,5600,1,New York,36,,,,0000000190,0000000000,Tract 58,S,40618350,-74031943,,2547,15,5,248,1,126,1,0,7,41
G36004700059,1990,NY,,,,,,,,,0059,,,70,Kings,047,,,2,5602,,,,5600,1,New York,36,,,,0000000354,0000000000,Tract 59,S,40679600,-74006508,,209,221,2,13,2,286,89,2,2,372
G36004700060,1990,NY,,,,,,,,,0060,,,70,Kings,047,,,2,5602,,,,5600,1,New York,36,,,,0000000150,0000000000,Tract 60,S,40622400,-74033200,,2064,5,5,304,10,94,4,0,18,58
G36004700062,1990,NY,,,,,,,,,0062,,,70,Kings,047,,,2,5602,,,,5600,1,New York,36,,,,0000000166,0000000000,Tract 62,S,40625350,-74031960,,2230,4,4,180,0,120,9,0,7,22
G36004700063,1990,NY,,,,,,,,,0063,,,70,Kings,047,,,2,5602,,,,5600,1,New York,36,,,,0000000113,0000000000,Tract 63,S,40681861,-74001833,,1431,15,0,27,1,162,8,1,1,53
G36004700064,1990,NY,,,,,,,,,0064,,,70,Kings,047,,,2,5602,,,,5600,1,New York,36,,,,0000000202,0000000000,Tract 64,S,40628950,-74030532,,2712,17,6,167,5,132,0,0,1,32
G36004700065,1990,NY,,,,,,,,,0065,,,70,Kings,047,,,2,5602,,,,5600,1,New York,36,,,,0000000253,0000000000,Tract 65,S,40678350,-73999308,,4406,75,2,57,5,430,29,1,0,148
G36004700066,1990,NY,,,,,,,,,0066,,,70,Kings,047,,,2,5602,,,,5600,1,New York,36,,,,0000000156,0000000000,Tract 66,S,40631950,-74026632,,2902,30,10,237,2,209,2,1,3,87
G36004700067,1990,NY,,,,,,,,,0067,,,70,Kings,047,,,2,5602,,,,5600,1,New York,36,,,,0000000154,0000000000,Tract 67,S,40683500,-73996849,,2764,47,2,72,11,302,19,4,0,64
G36004700068,1990,NY,,,,,,,,,0068,,,70,Kings,047,,,2,5602,,,,5600,1,New York,36,,,,0000000194,0000000000,Tract 68,S,40633869,-74026759,,2908,34,6,782,8,351,2,1,6,109
G36004700069,1990,NY,,,,,,,,,0069,,,70,Kings,047,,,2,5602,,,,5600,1,New York,36,,,,0000000178,0000000000,Tract 69,S,40685450,-73993300,,1572,214,6,152,5,570,125,0,9,479
G36004700070,1990,NY,,,,,,,,,0070,,,70,Kings,047,,,2,5602,,,,5600,1,New York,36,,,,0000000147,0000000000,Tract 70,S,40637343,-74024225,,1482,98,5,230,1,386,17,0,1,102
G36004700071,1990,NY,,,,,,,,,0071,,,70,Kings,047,,,2,5602,,,,5600,1,New York,36,,,,0000000170,0000000003,Tract 71,S,40682850,-73986715,,587,2518,22,20,12,662,405,5,7,1076
G36004700072,1990,NY,,,,,,,,,0072,,,70,Kings,047,,,2,5602,,,,5600,1,New York,36,,,,0000000061,0000000000,Tract 72,S,40640350,-74020895,,340,8,4,378,5,486,23,4,11,176
G36004700074,1990,NY,,,,,,,,,0074,,,70,Kings,047,,,2,5602,,,,5600,1,New York,36,,,,0000000150,0000000000,Tract 74,S,40642700,-74018436,,569,123,5,719,23,1053,303,11,49,1863
G36004700075,1990,NY,,,,,,,,,0075,,,70,Kings,047,,,2,5602,,,,5600,1,New York,36,,,,0000000287,0000000000,Tract 75,S,40681350,-73992988,,3009,66,3,87,6,469,29,2,5,287
G36004700076,1990,NY,,,,,,,,,0076,,,70,Kings,047,,,2,5602,,,,5600,1,New York,36,,,,0000000147,0000000000,Tract 76,S,40643062,-74014539,,547,98,8,295,24,1366,198,13,21,1026
G36004700077,1990,NY,,,,,,,,,0077,,,70,Kings,047,,,2,5602,,,,5600,1,New York,36,,,,0000000389,0000000002,Tract 77,S,40677200,-73995850,,2685,180,9,167,1,387,28,1,8,164
G36004700078,1990,NY,,,,,,,,,0078,,,70,Kings,047,,,2,5602,,,,5600,1,New York,36,,,,0000000157,0000000000,Tract 78,S,40647100,-74013788,,480,238,3,288,17,1690,340,13,49,1830
G36004700080,1990,NY,,,,,,,,,0080,,,70,Kings,047,,,2,5602,,,,5600,1,New York,36,,,,0000000151,0000000000,Tract 80,S,40647550,-74009886,,594,105,3,189,12,1242,187,10,32,1386
G36004700082,1990,NY,,,,,,,,,0082,,,70,Kings,047,,,2,5602,,,,5600,1,New York,36,,,,0000000150,0000000000,Tract 82,S,40649800,-74007550,,501,97,9,206,18,1147,130,6,12,1437
G36004700084,1990,NY,,,,,,,,,0084,,,70,Kings,047,,,2,5602,,,,5600,1,New York,36,,,,0000000258,0000000000,Tract 84,S,40652650,-74004640,,535,68,14,140,18,897,119,15,12,972
G36004700085,1990,NY,,,,,,,,,0085,,,70,Kings,047,,,2,5602,,,,5600,1,New York,36,,,,0000000249,0000000000,Tract 85,S,40675750,-74006579,,96,4934,22,3,32,728,606,12,3,1496
G36004700086,1990,NY,,,,,,,,,0086,,,70,Kings,047,,,2,5602,,,,5600,1,New York,36,,,,0000000112,0000000000,Tract 86,S,40647850,-74004238,,0,0,0,0,0,0,0,0,0,0
G36004700088,1990,NY,,,,,,,,,0088,,,70,Kings,047,,,2,5602,,,,5600,1,New York,36,,,,0000000238,0000000000,Tract 88,S,40650100,-74000450,,808,81,5,129,13,642,120,19,7,967
G36004700090,1990,NY,,,,,,,,,0090,,,70,Kings,047,,,2,5602,,,,5600,1,New York,36,,,,0000000100,0000000000,Tract 90,S,40647450,-73999026,,638,93,9,252,8,382,95,11,18,650
G36004700092,1990,NY,,,,,,,,,0092,,,70,Kings,047,,,2,5602,,,,5600,1,New York,36,,,,0000000110,0000000000,Tract 92,S,40645800,-74000799,,1010,282,12,863,8,702,88,10,36,1179
G36004700094,1990,NY,,,,,,,,,0094,,,70,Kings,047,,,2,5602,,,,5600,1,New York,36,,,,0000000151,0000000000,Tract 94,S,40642300,-74001098,,2242,54,9,632,11,352,20,9,34,647
G36004700096,1990,NY,,,,,,,,,0096,,,70,Kings,047,,,2,5602,,,,5600,1,New York,36,,,,0000000153,0000000000,Tract 96,S,40644950,-74005510,,1080,218,3,370,22,971,162,21,13,2253
G36004700098,1990,NY,,,,,,,,,0098,,,70,Kings,047,,,2,5602,,,,5600,1,New York,36,,,,0000000155,0000000000,Tract 98,S,40644550,-74009377,,729,178,25,469,36,1591,209,6,54,1699
G36004700100,1990,NY,,,,,,,,,0100,,,70,Kings,047,,,2,5602,,,,5600,1,New York,36,,,,0000000152,0000000000,Tract 100,S,40642250,-74011726,,1192,164,11,753,12,1208,82,6,19,1483
G36004700101,1990,NY,,,,,,,,,0101,,,70,Kings,047,,,2,5602,,,,5600,1,New York,36,,,,0000000320,0000000000,Tract 101,S,40657250,-74000236,,1222,135,11,137,14,686,51,0,11,985
G36004700102,1990,NY,,,,,,,,,0102,,,70,Kings,047,,,2,5602,,,,5600,1,New York,36,,,,0000000158,0000000000,Tract 102,S,40640050,-74014037,,1617,38,7,697,15,544,43,3,36,685
G36004700104,1990,NY,,,,,,,,,0104,,,70,Kings,047,,,2,5602,,,,5600,1,New York,36,,,,0000000152,0000000000,Tract 104,S,40635500,-74008084,,1807,27,4,2132,9,369,14,1,41,202
G36004700106,1990,NY,,,,,,,,,0106,,,70,Kings,047,,,2,5602,,,,5600,1,New York,36,,,,0000000143,0000000000,Tract 106,S,40637750,-74005749,,1569,53,13,1480,24,485,54,11,25,437
G36004700108,1990,NY,,,,,,,,,0108,,,70,Kings,047,,,2,5602,,,,5600,1,New York,36,,,,0000000153,0000000000,Tract 108,S,40641850,-74004892,,1582,126,9,1046,18,531,30,1,26,614
G36004700110,1990,NY,,,,,,,,,0110,,,70,Kings,047,,,2,5602,,,,5600,1,New York,36,,,,0000000156,0000000000,Tract 110,S,40645055,-73992952,,697,40,8,310,2,293,31,0,19,314
G36004700112,1990,NY,,,,,,,,,0112,,,70,Kings,047,,,2,5602,,,,5600,1,New York,36,,,,0000000179,0000000000,Tract 112,S,40642300,-73995149,,2191,259,24,782,17,1035,164,18,56,1245
G36004700114,1990,NY,,,,,,,,,0114,,,70,Kings,047,,,2,5602,,,,5600,1,New York,36,,,,0000000174,0000000000,Tract 114,S,40639850,-73999986,,2990,162,6,413,7,377,47,2,7,282
G36004700116,1990,NY,,,,,,,,,0116,,,70,Kings,047,,,2,5602,,,,5600,1,New York,36,,,,0000000161,0000000000,Tract 116,S,40635850,-74004057,,1718,41,11,813,3,335,29,6,15,117
G36004700117,1990,NY,,,,,,,,,0117,,,70,Kings,047,,,2,5602,,,,5600,1,New York,36,,,,0000000204,0000000000,Tract 117,S,40667400,-73992960,,669,196,17,143,5,592,132,7,15,503
G36004700118,1990,NY,,,,,,,,,0118,,,70,Kings,047,,,2,5602,,,,5600,1,New York,36,,,,0000000219,0000000000,Tract 118,S,40635750,-74011568,,648,6,5,540,2,142,3,0,3,108
G36004700120,1990,NY,,,,,,,,,0120,,,70,Kings,047,,,2,5602,,,,5600,1,New York,36,,,,0000000199,0000000000,Tract 120,S,40632050,-74011586,,330,6,0,462,6,133,2,2,9,46
G36004700121,1990,NY,,,,,,,,,0121,,,70,Kings,047,,,2,5602,,,,5600,1,New York,36,,,,0000000144,0000000000,Tract 121,S,40672150,-73992299,,600,90,2,127,16,388,50,10,7,312
G36004700122,1990,NY,,,,,,,,,0122,,,70,Kings,047,,,2,5602,,,,5600,1,New York,36,,,,0000000189,0000000000,Tract 122,S,40637200,-74016999,,1438,88,9,915,15,862,119,48,32,543
G36004700123,1990,NY,,,,,,,,,0123,,,70,Kings,047,,,2,5602,,,,5600,1,New York,36,,,,0000000464,0000000037,Tract 123,S,40673350,-73991312,,106,17,0,0,2,79,4,7,1,61
G36004700124,1990,NY,,,,,,,,,0124,,,70,Kings,047,,,2,5602,,,,5600,1,New York,36,,,,0000000154,0000000000,Tract 124,S,40634500,-74020062,,958,16,1,294,6,136,1,1,1,147
G36004700125,1990,NY,,,,,,,,,0125,,,70,Kings,047,,,2,5602,,,,5600,1,New York,36,,,,0000000220,0000000010,Tract 125,S,40678900,-73986650,,468,58,3,24,0,251,30,2,0,165
G36004700127,1990,NY,,,,,,,,,0127,,,70,Kings,047,,,2,5602,,,,5600,1,New York,36,,,,0000000161,0000000000,Tract 127,S,40681200,-73982305,,152,1035,9,14,8,547,303,9,12,806
G3600470012801,1990,NY,,,,,,,,,012801,,,70,Kings,047,,,2,5602,,,,5600,1,New York,36,,,,0000000112,0000000000,Tract 128.01,S,40630350,-74013424,,1153,2,1,199,2,80,4,0,1,45
G3600470012802,1990,NY,,,,,,,,,012802,,,70,Kings,047,,,2,5602,,,,5600,1,New York,36,,,,0000000084,0000000000,Tract 128.02,S,40633000,-74017774,,406,3,1,57,0,72,5,0,0,12
G3600470012901,1990,NY,,,,,,,,,012901,,,70,Kings,047,,,2,5602,,,,5600,1,New York,36,,,,0000000133,0000000000,Tract 129.01,S,40681550,-73979000,,663,493,7,85,12,349,125,12,11,387
G3600470012902,1990,NY,,,,,,,,,012902,,,70,Kings,047,,,2,5602,,,,5600,1,New York,36,,,,0000000126,0000000000,Tract 129.02,S,40680600,-73976450,,854,565,11,44,5,205,34,0,2,321
G36004700130,1990,NY,,,,,,,,,0130,,,70,Kings,047,,,2,5602,,,,5600,1,New York,36,,,,0000000177,0000000000,Tract 130,S,40632450,-74023250,,3192,38,3,481,5,323,4,2,6,141
G36004700131,1990,NY,,,,,,,,,0131,,,70,Kings,047,,,2,5602,,,,5600,1,New York,36,,,,0000000157,0000000000,Tract 131,S,40676800,-73979050,,1255,956,15,62,6,704,170,7,13,771
G36004700132,1990,NY,,,,,,,,,0132,,,70,Kings,047,,,2,5602,,,,5600,1,New York,36,,,,0000000163,0000000000,Tract 132,S,40628050,-74015655,,1498,6,2,145,3,91,0,0,2,55
G36004700133,1990,NY,,,,,,,,,0133,,,70,Kings,047,,,2,5602,,,,5600,1,New York,36,,,,0000000145,0000000000,Tract 133,S,40674250,-73980692,,1837,457,13,169,9,392,92,3,15,391
G36004700134,1990,NY,,,,,,,,,0134,,,70,Kings,047,,,2,5602,,,,5600,1,New York,36,,,,0000000262,0000000000,Tract 134,S,40628950,-74021450,,3033,2,1,188,6,144,7,0,6,62
G36004700135,1990,NY,,,,,,,,,0135,,,70,Kings,047,,,2,5602,,,,5600,1,New York,36,,,,0000000148,0000000000,Tract 135,S,40671850,-73982811,,1439,469,6,97,9,399,91,5,2,490
G36004700136,1990,NY,,,,,,,,,0136,,,70,Kings,047,,,2,5602,,,,5600,1,New York,36,,,,0000000221,0000000000,Tract 136,S,40626600,-74022686,,3190,9,4,214,1,140,6,5,1,64
G36004700137,1990,NY,,,,,,,,,0137,,,70,Kings,047,,,2,5602,,,,5600,1,New York,36,,,,0000000150,0000000000,Tract 137,S,40671100,-73986621,,1733,326,4,140,8,268,51,0,9,606
G36004700138,1990,NY,,,,,,,,,0138,,,70,Kings,047,,,2,5602,,,,5600,1,New York,36,,,,0000000161,0000000000,Tract 138,S,40624350,-74026500,,2551,14,1,218,4,110,2,0,0,51
G36004700139,1990,NY,,,,,,,,,0139,,,70,Kings,047,,,2,5602,,,,5600,1,New York,36,,,,0000000152,0000000000,Tract 139,S,40667000,-73986844,,1728,448,7,195,12,508,96,3,14,563
G36004700140,1990,NY,,,,,,,,,0140,,,70,Kings,047,,,2,5602,,,,5600,1,New York,36,,,,0000000149,0000000000,Tract 140,S,40620350,-74019685,,1702,2,1,47,2,82,1,1,2,17
G36004700141,1990,NY,,,,,,,,,0141,,,70,Kings,047,,,2,5602,,,,5600,1,New York,36,,,,0000000167,0000000000,Tract 141,S,40664550,-73988750,,1055,139,2,156,6,458,99,1,15,594
G36004700142,1990,NY,,,,,,,,,0142,,,70,Kings,047,,,2,5602,,,,5600,1,New York,36,,,,0000000200,0000000000,Tract 142,S,40622100,-74022556,,2466,11,1,224,9,139,0,1,0,47
G36004700143,1990,NY,,,,,,,,,0143,,,70,Kings,047,,,2,5602,,,,5600,1,New York,36,,,,0000000226,0000000000,Tract 143,S,40663800,-73993018,,1081,115,10,86,14,689,73,13,12,1171
G36004700144,1990,NY,,,,,,,,,0144,,,70,Kings,047,,,2,5602,,,,5600,1,New York,36,,,,0000000133,0000000000,Tract 144,S,40619150,-74017757,,992,0,0,1,0,10,0,0,0,1
G36004700145,1990,NY,,,,,,,,,0145,,,70,Kings,047,,,2,5602,,,,5600,1,New York,36,,,,0000000228,0000000000,Tract 145,S,40660950,-73995789,,1547,240,9,130,32,940,142,6,9,992
G36004700146,1990,NY,,,,,,,,,0146,,,70,Kings,047,,,2,5602,,,,5600,1,New York,36,,,,0000000133,0000000000,Tract 146,S,40617750,-74015442,,925,0,0,10,0,10,0,0,0,1
G36004700147,1990,NY,,,,,,,,,0147,,,70,Kings,047,,,2,5602,,,,5600,1,New York,36,,,,0000000129,0000000000,Tract 147,S,40660000,-73989565,,851,119,7,44,15,357,85,6,15,510
G36004700148,1990,NY,,,,,,,,,0148,,,70,Kings,047,,,2,5602,,,,5600,1,New York,36,,,,0000000134,0000000000,Tract 148,S,40616450,-74013300,,1180,0,2,17,0,19,0,1,0,5
G36004700149,1990,NY,,,,,,,,,0149,,,70,Kings,047,,,2,5602,,,,5600,1,New York,36,,,,0000000254,0000000000,Tract 149,S,40662100,-73986315,,2436,510,14,184,10,890,148,7,6,788
G36004700150,1990,NY,,,,,,,,,0150,,,70,Kings,047,,,2,5602,,,,5600,1,New York,36,,,,0000000133,0000000000,Tract 150,S,40615150,-74011157,,1393,0,1,1,0,25,0,0,1,1
G36004700151,1990,NY,,,,,,,,,0151,,,70,Kings,047,,,2,5602,,,,5600,1,New York,36,,,,0000000151,0000000000,Tract 151,S,40666450,-73983911,,2293,247,7,169,20,302,29,3,3,344
G36004700153,1990,NY,,,,,,,,,0153,,,70,Kings,047,,,2,5602,,,,5600,1,New York,36,,,,0000000147,0000000000,Tract 153,S,40667150,-73979973,,2200,251,9,385,7,194,21,2,8,125
G36004700154,1990,NY,,,,,,,,,0154,,,70,Kings,047,,,2,5602,,,,5600,1,New York,36,,,,0000000910,0000000000,Tract 154,S,40612450,-74017969,,0,0,0,0,0,0,0,0,0,0
G36004700155,1990,NY,,,,,,,,,0155,,,70,Kings,047,,,2,5602,,,,5600,1,New York,36,,,,0000000152,0000000000,Tract 155,S,40669600,-73978037,,2516,374,10,124,7,157,29,1,0,150
G36004700156,1990,NY,,,,,,,,,0156,,,70,Kings,047,,,2,5602,,,,5600,1,New York,36,,,,0000000172,0000000000,Tract 156,S,40612400,-74025368,,554,1,1,45,0,16,0,0,0,5
G36004700157,1990,NY,,,,,,,,,0157,,,70,Kings,047,,,2,5602,,,,5600,1,New York,36,,,,0000000170,0000000000,Tract 157,S,40672500,-73976716,,3402,421,12,111,11,205,47,10,3,151
G36004700158,1990,NY,,,,,,,,,0158,,,70,Kings,047,,,2,5602,,,,5600,1,New York,36,,,,0000000104,0000000000,Tract 158,S,40617000,-74023179,,1057,0,4,68,1,34,1,0,0,15
G36004700159,1990,NY,,,,,,,,,0159,,,70,Kings,047,,,2,5602,,,,5600,1,New York,36,,,,0000000255,0000000000,Tract 159,S,40675550,-73973760,,3590,667,8,177,6,232,102,4,13,102
G36004700160,1990,NY,,,,,,,,,0160,,,70,Kings,047,,,2,5602,,,,5600,1,New York,36,,,,0000000253,0000000000,Tract 160,S,40618800,-74026648,,2585,26,5,308,4,251,17,0,4,126
G36004700161,1990,NY,,,,,,,,,0161,,,70,Kings,047,,,2,5602,,,,5600,1,New York,36,,,,0000000174,0000000000,Tract 161,S,40679900,-73973428,,977,942,14,58,12,306,135,3,23,272
G36004700162,1990,NY,,,,,,,,,0162,,,70,Kings,047,,,2,5602,,,,5600,1,New York,36,,,,0000000102,0000000000,Tract 162,S,40613650,-74031789,,1575,9,1,130,1,60,3,0,3,37
G36004700163,1990,NY,,,,,,,,,0163,,,70,Kings,047,,,2,5602,,,,5600,1,New York,36,,,,0000000181,0000000000,Tract 163,S,40679250,-73970449,,906,1664,5,123,0,163,108,1,8,167
G36004700164,1990,NY,,,,,,,,,0164,,,70,Kings,047,,,2,5602,,,,5600,1,New York,36,,,,0000000915,0000002347,Tract 164,S,40600849,-74031660,,774,707,15,85,16,267,77,0,3,244
G36004700165,1990,NY,,,,,,,,,0165,,,70,Kings,047,,,2,5602,,,,5600,1,New York,36,,,,0000000175,0000000000,Tract 165,S,40669650,-73974727,,4362,195,9,101,8,213,36,1,1,59
G36004700167,1990,NY,,,,,,,,,0167,,,70,Kings,047,,,2,5602,,,,5600,1,New York,36,,,,0000000162,0000000000,Tract 167,S,40664250,-73979100,,3487,206,5,147,16,407,26,1,6,220
G36004700168,1990,NY,,,,,,,,,0168,,,70,Kings,047,,,2,5602,,,,5600,1,New York,36,,,,0000000125,0000000000,Tract 168,S,40605050,-74015671,,1372,1,4,9,0,24,0,0,0,10
G36004700169,1990,NY,,,,,,,,,0169,,,70,Kings,047,,,2,5602,,,,5600,1,New York,36,,,,0000000206,0000000000,Tract 169,S,40659000,-73981283,,2671,300,7,259,21,532,79,5,21,428
G36004700170,1990,NY,,,,,,,,,0170,,,70,Kings,047,,,2,5602,,,,5600,1,New York,36,,,,0000000202,0000000000,Tract 170,S,40609300,-74013578,,2401,2,0,40,0,99,1,0,5,19
G36004700171,1990,NY,,,,,,,,,0171,,,70,Kings,047,,,2,5602,,,,5600,1,New York,36,,,,0000000214,0000000000,Tract 171,S,40656224,-73976932,,3012,127,2,130,2,147,6,0,5,38
G36004700172,1990,NY,,,,,,,,,0172,,,70,Kings,047,,,2,5602,,,,5600,1,New York,36,,,,0000000210,0000000000,Tract 172,S,40607950,-74011432,,2305,3,1,121,0,66,0,0,0,11
G36004700173,1990,NY,,,,,,,,,0173,,,70,Kings,047,,,2,5602,,,,5600,1,New York,36,,,,0000000157,0000000000,Tract 173,S,40656050,-73982950,,328,13,0,19,1,9,0,0,0,13
G36004700174,1990,NY,,,,,,,,,0174,,,70,Kings,047,,,2,5602,,,,5600,1,New York,36,,,,0000000115,0000000000,Tract 174,S,40603400,-74012321,,1397,5,0,84,2,62,4,0,0,10
G36004700175,1990,NY,,,,,,,,,0175,,,70,Kings,047,,,2,5602,,,,5600,1,New York,36,,,,0000001966,0000000000,Tract 175,S,40651650,-73991114,,14,0,0,0,0,5,0,0,0,3
G36004700176,1990,NY,,,,,,,,,0176,,,70,Kings,047,,,2,5602,,,,5600,1,New York,36,,,,0000000132,0000000000,Tract 176,S,40602150,-74009869,,1540,27,1,154,1,149,2,2,7,30
G36004700177,1990,NY,,,,,,,,,0177,,,70,Kings,047,,,2,5602,,,,5600,1,New York,36,,,,0000002365,0000000181,Tract 177,S,40662087,-73971642,,1,7,0,0,0,3,2,0,0,0
G36004700178,1990,NY,,,,,,,,,0178,,,70,Kings,047,,,2,5602,,,,5600,1,New York,36,,,,0000000159,0000000000,Tract 178,S,40606850,-74004983,,1512,38,2,230,5,147,3,0,0,55
G36004700179,1990,NY,,,,,,,,,0179,,,70,Kings,047,,,2,5602,,,,5600,1,New York,36,,,,0000000165,0000000000,Tract 179,S,40683700,-73972056,,223,2000,17,33,10,61,175,0,2,163
G36004700180,1990,NY,,,,,,,,,0180,,,70,Kings,047,,,2,5602,,,,5600,1,New York,36,,,,0000000176,0000000000,Tract 180,S,40608300,-74007281,,2045,0,8,170,4,164,0,0,0,17
G36004700181,1990,NY,,,,,,,,,0181,,,70,Kings,047,,,2,5602,,,,5600,1,New York,36,,,,0000000165,0000000000,Tract 181,S,40688400,-73973021,,875,2307,30,76,7,157,221,1,11,205
G36004700182,1990,NY,,,,,,,,,0182,,,70,Kings,047,,,2,5602,,,,5600,1,New York,36,,,,0000000161,0000000000,Tract 182,S,40612200,-74003140,,2205,3,9,122,4,77,0,0,4,52
G36004700183,1990,NY,,,,,,,,,0183,,,70,Kings,047,,,2,5602,,,,5600,1,New York,36,,,,0000000137,0000000000,Tract 183,S,40690450,-73972344,,500,1183,29,70,9,126,128,6,6,273
G36004700184,1990,NY,,,,,,,,,0184,,,70,Kings,047,,,2,5602,,,,5600,1,New York,36,,,,0000000143,0000000000,Tract 184,S,40612500,-74006650,,1654,0,0,58,0,30,0,1,0,8
G3600470018501,1990,NY,,,,,,,,,018501,,,70,Kings,047,,,2,5602,,,,5600,1,New York,36,,,,0000000108,0000000000,Tract 185.01,S,40694933,-73974181,,61,3717,8,14,20,238,343,8,6,574
G3600470018502,1990,NY,,,,,,,,,018502,,,70,Kings,047,,,2,5602,,,,5600,1,New York,36,,,,0000000122,0000000000,Tract 185.02,S,40696850,-73973655,,87,918,1,22,1,151,133,4,5,547
G36004700186,1990,NY,,,,,,,,,0186,,,70,Kings,047,,,2,5602,,,,5600,1,New York,36,,,,0000000114,0000000000,Tract 186,S,40614750,-74004400,,1573,2,1,34,0,47,0,1,0,5
G36004700187,1990,NY,,,,,,,,,0187,,,70,Kings,047,,,2,5602,,,,5600,1,New York,36,,,,0000000081,0000000000,Tract 187,S,40694400,-73971099,,175,498,1,19,3,133,50,0,4,230
G36004700188,1990,NY,,,,,,,,,0188,,,70,Kings,047,,,2,5602,,,,5600,1,New York,36,,,,0000000172,0000000000,Tract 188,S,40616450,-74002587,,2034,0,1,104,2,42,0,0,0,30
G36004700189,1990,NY,,,,,,,,,0189,,,70,Kings,047,,,2,5602,,,,5600,1,New York,36,,,,0000000106,0000000000,Tract 189,S,40696600,-73966593,,0,4,0,0,0,1,0,0,0,0
G36004700190,1990,NY,,,,,,,,,0190,,,70,Kings,047,,,2,5602,,,,5600,1,New York,36,,,,0000000208,0000000000,Tract 190,S,40621150,-74001287,,2759,2,4,469,5,259,8,0,5,71
G36004700191,1990,NY,,,,,,,,,0191,,,70,Kings,047,,,2,5602,,,,5600,1,New York,36,,,,0000000246,0000000000,Tract 191,S,40694550,-73965223,,373,1016,3,66,4,221,159,3,8,561
G36004700192,1990,NY,,,,,,,,,0192,,,70,Kings,047,,,2,5602,,,,5600,1,New York,36,,,,0000000192,0000000000,Tract 192,S,40627389,-73999480,,1359,6,0,210,0,127,1,0,2,82
G36004700193,1990,NY,,,,,,,,,0193,,,70,Kings,047,,,2,5602,,,,5600,1,New York,36,,,,0000000269,0000000000,Tract 193,S,40691805,-73962846,,1139,2545,17,223,13,255,114,3,6,329
G36004700194,1990,NY,,,,,,,,,0194,,,70,Kings,047,,,2,5602,,,,5600,1,New York,36,,,,0000000184,0000000000,Tract 194,S,40624700,-74001164,,1519,0,2,447,2,154,8,0,0,55
G36004700195,1990,NY,,,,,,,,,0195,,,70,Kings,047,,,2,5602,,,,5600,1,New York,36,,,,0000000134,0000000000,Tract 195,S,40690450,-73968360,,839,2435,18,73,8,279,144,8,0,227
G36004700196,1990,NY,,,,,,,,,0196,,,70,Kings,047,,,2,5602,,,,5600,1,New York,36,,,,0000000187,0000000000,Tract 196,S,40623800,-74005650,,2883,7,1,144,1,111,0,0,0,85
G36004700197,1990,NY,,,,,,,,,0197,,,70,Kings,047,,,2,5602,,,,5600,1,New York,36,,,,0000000171,0000000000,Tract 197,S,40687200,-73967755,,750,2441,9,110,5,120,106,1,1,70
G36004700198,1990,NY,,,,,,,,,0198,,,70,Kings,047,,,2,5602,,,,5600,1,New York,36,,,,0000000134,0000000000,Tract 198,S,40619050,-74006950,,1619,1,1,45,0,17,0,0,0,16
G36004700199,1990,NY,,,,,,,,,0199,,,70,Kings,047,,,2,5602,,,,5600,1,New York,36,,,,0000000192,0000000000,Tract 199,S,40683800,-73967067,,282,2279,17,51,15,74,117,1,0,58
G36004700200,1990,NY,,,,,,,,,0200,,,70,Kings,047,,,2,5602,,,,5600,1,New York,36,,,,0000000139,0000000000,Tract 200,S,40620400,-74009164,,1662,1,0,58,7,41,4,0,0,33
G36004700201,1990,NY,,,,,,,,,0201,,,70,Kings,047,,,2,5602,,,,5600,1,New York,36,,,,0000000176,0000000000,Tract 201,S,40683550,-73963907,,471,2922,11,25,6,42,153,5,0,26
G36004700202,1990,NY,,,,,,,,,0202,,,70,Kings,047,,,2,5602,,,,5600,1,New York,36,,,,0000000136,0000000000,Tract 202,S,40621750,-74011400,,1716,1,0,4,0,20,0,0,2,3
G36004700203,1990,NY,,,,,,,,,0203,,,70,Kings,047,,,2,5602,,,,5600,1,New York,36,,,,0000000137,0000000000,Tract 203,S,40679600,-73965062,,48,685,1,3,0,123,71,0,2,102
G36004700204,1990,NY,,,,,,,,,0204,,,70,Kings,047,,,2,5602,,,,5600,1,New York,36,,,,0000000136,0000000000,Tract 204,S,40623050,-74013650,,1724,0,1,5,0,34,0,0,0,4
G36004700205,1990,NY,,,,,,,,,0205,,,70,Kings,047,,,2,5602,,,,5600,1,New York,36,,,,0000000158,0000000000,Tract 205,S,40677250,-73965255,,383,1831,5,24,6,49,119,2,0,114
G36004700206,1990,NY,,,,,,,,,0206,,,70,Kings,047,,,2,5602,,,,5600,1,New York,36,,,,0000000169,0000000000,Tract 206,S,40624450,-74015980,,1805,3,2,60,2,61,4,0,1,13
G36004700207,1990,NY,,,,,,,,,0207,,,70,Kings,047,,,2,5602,,,,5600,1,New York,36,,,,0000000137,0000000000,Tract 207,S,40674600,-73968282,,1270,2942,11,98,25,174,254,10,3,184
G36004700208,1990,NY,,,,,,,,,0208,,,70,Kings,047,,,2,5602,,,,5600,1,New York,36,,,,0000000144,0000000000,Tract 208,S,40625950,-74010700,,2192,0,1,86,0,128,5,0,0,12
G36004700210,1990,NY,,,,,,,,,0210,,,70,Kings,047,,,2,5602,,,,5600,1,New York,36,,,,0000000145,0000000000,Tract 210,S,40627550,-74008911,,2342,4,1,241,5,127,1,0,0,90
G36004700212,1990,NY,,,,,,,,,0212,,,70,Kings,047,,,2,5602,,,,5600,1,New York,36,,,,0000000193,0000000000,Tract 212,S,40629970,-74006536,,2322,16,0,358,15,155,2,0,0,91
G36004700213,1990,NY,,,,,,,,,0213,,,70,Kings,047,,,2,5602,,,,5600,1,New York,36,,,,0000000192,0000000000,Tract 213,S,40667909,-73961415,,105,4549,11,45,9,66,291,0,5,153
G36004700214,1990,NY,,,,,,,,,0214,,,70,Kings,047,,,2,5602,,,,5600,1,New York,36,,,,0000000172,0000000000,Tract 214,S,40632262,-74004118,,1136,0,3,190,0,57,0,0,17,42
G36004700215,1990,NY,,,,,,,,,0215,,,70,Kings,047,,,2,5602,,,,5600,1,New York,36,,,,0000000159,0000000000,Tract 215,S,40672750,-73962264,,808,3969,16,89,30,152,280,8,0,166
G36004700216,1990,NY,,,,,,,,,0216,,,70,Kings,047,,,2,5602,,,,5600,1,New York,36,,,,0000000177,0000000000,Tract 216,S,40632650,-74000056,,2591,14,12,303,4,98,0,0,10,54
G36004700217,1990,NY,,,,,,,,,0217,,,70,Kings,047,,,2,5602,,,,5600,1,New York,36,,,,0000000120,0000000000,Tract 217,S,40673187,-73959759,,69,3069,17,128,8,85,307,8,5,265
G36004700218,1990,NY,,,,,,,,,0218,,,70,Kings,047,,,2,5602,,,,5600,1,New York,36,,,,0000000158,0000000000,Tract 218,S,40634350,-73998484,,3002,7,0,263,5,148,1,0,4,80
G36004700219,1990,NY,,,,,,,,,0219,,,70,Kings,047,,,2,5602,,,,5600,1,New York,36,,,,0000000149,0000000000,Tract 219,S,40671400,-73955639,,32,3828,5,16,11,42,258,2,4,37
G36004700220,1990,NY,,,,,,,,,0220,,,70,Kings,047,,,2,5602,,,,5600,1,New York,36,,,,0000000199,0000000000,Tract 220,S,40636550,-73996141,,3417,15,1,290,5,151,14,0,5,112
G36004700221,1990,NY,,,,,,,,,0221,,,70,Kings,047,,,2,5602,,,,5600,1,New York,36,,,,0000000152,0000000000,Tract 221,S,40676000,-73954973,,22,3271,7,21,2,40,209,7,6,65
G36004700222,1990,NY,,,,,,,,,0222,,,70,Kings,047,,,2,5602,,,,5600,1,New York,36,,,,0000000175,0000000000,Tract 222,S,40638100,-73994131,,3338,5,1,163,11,269,3,0,15,145
G36004700223,1990,NY,,,,,,,,,0223,,,70,Kings,047,,,2,5602,,,,5600,1,New York,36,,,,0000000176,0000000000,Tract 223,S,40675822,-73958872,,133,2928,21,7,6,116,201,7,0,232
G36004700224,1990,NY,,,,,,,,,0224,,,70,Kings,047,,,2,5602,,,,5600,1,New York,36,,,,0000000179,0000000000,Tract 224,S,40641100,-73991435,,2329,62,9,539,2,438,46,5,39,344
G36004700225,1990,NY,,,,,,,,,0225,,,70,Kings,047,,,2,5602,,,,5600,1,New York,36,,,,0000000150,0000000000,Tract 225,S,40678311,-73957997,,5,495,0,13,0,32,18,0,0,103
G36004700226,1990,NY,,,,,,,,,0226,,,70,Kings,047,,,2,5602,,,,5600,1,New York,36,,,,0000000159,0000000000,Tract 226,S,40642000,-73986849,,728,30,2,164,3,452,36,1,6,218
G36004700227,1990,NY,,,,,,,,,0227,,,70,Kings,047,,,2,5602,,,,5600,1,New York,36,,,,0000000244,0000000000,Tract 227,S,40680848,-73957527,,39,2902,7,20,1,10,93,0,2,61
G36004700228,1990,NY,,,,,,,,,0228,,,70,Kings,047,,,2,5602,,,,5600,1,New York,36,,,,0000000165,0000000000,Tract 228,S,40639250,-73982384,,1456,174,1,471,13,276,38,1,12,446
G36004700229,1990,NY,,,,,,,,,0229,,,70,Kings,047,,,2,5602,,,,5600,1,New York,36,,,,0000000178,0000000000,Tract 229,S,40684800,-73958309,,18,2798,10,12,2,13,70,7,0,30
G36004700230,1990,NY,,,,,,,,,0230,,,70,Kings,047,,,2,5602,,,,5600,1,New York,36,,,,0000000154,0000000000,Tract 230,S,40637600,-73984099,,2668,59,0,108,9,709,6,0,16,370
G36004700231,1990,NY,,,,,,,,,0231,,,70,Kings,047,,,2,5602,,,,5600,1,New York,36,,,,0000000159,0000000000,Tract 231,S,40686000,-73961446,,101,2207,13,21,6,23,41,2,0,76
G36004700232,1990,NY,,,,,,,,,0232,,,70,Kings,047,,,2,5602,,,,5600,1,New York,36,,,,0000000232,0000000000,Tract 232,S,40635400,-73986550,,4498,27,13,257,21,276,22,8,0,192
G36004700233,1990,NY,,,,,,,,,0233,,,70,Kings,047,,,2,5602,,,,5600,1,New York,36,,,,0000000175,0000000000,Tract 233,S,40688550,-73959144,,63,4224,13,12,17,184,231,6,1,502
G36004700234,1990,NY,,,,,,,,,0234,,,70,Kings,047,,,2,5602,,,,5600,1,New York,36,,,,0000000170,0000000000,Tract 234,S,40633700,-73988357,,3977,4,0,0,0,39,0,0,0,17
G36004700235,1990,NY,,,,,,,,,0235,,,70,Kings,047,,,2,5602,,,,5600,1,New York,36,,,,0000000143,0000000000,Tract 235,S,40691550,-73958772,,69,708,1,1,17,416,122,5,5,763
G36004700236,1990,NY,,,,,,,,,0236,,,70,Kings,047,,,2,5602,,,,5600,1,New York,36,,,,0000000169,0000000000,Tract 236,S,40632050,-73990084,,4134,13,0,72,1,49,0,0,0,12
G36004700237,1990,NY,,,,,,,,,0237,,,70,Kings,047,,,2,5602,,,,5600,1,New York,36,,,,0000000171,0000000000,Tract 237,S,40696983,-73959781,,106,158,14,4,9,300,72,2,0,721
G36004700238,1990,NY,,,,,,,,,0238,,,70,Kings,047,,,2,5602,,,,5600,1,New York,36,,,,0000000169,0000000000,Tract 238,S,40630300,-73991799,,3907,6,0,61,8,64,1,6,1,31
G36004700239,1990,NY,,,,,,,,,0239,,,70,Kings,047,,,2,5602,,,,5600,1,New York,36,,,,0000000161,0000000000,Tract 239,S,40698000,-73955001,,34,188,0,0,0,80,60,0,0,155
G36004700240,1990,NY,,,,,,,,,0240,,,70,Kings,047,,,2,5602,,,,5600,1,New York,36,,,,0000000172,0000000000,Tract 240,S,40628650,-73993700,,3763,13,0,55,4,142,3,0,0,91
G36004700241,1990,NY,,,,,,,,,0241,,,70,Kings,047,,,2,5602,,,,5600,1,New York,36,,,,0000000182,0000000000,Tract 241,S,40691950,-73954722,,103,1131,8,6,2,186,160,2,0,215
G36004700242,1990,NY,,,,,,,,,0242,,,70,Kings,047,,,2,5602,,,,5600,1,New York,36,,,,0000000195,0000000000,Tract 242,S,40625803,-73993400,,2221,12,0,126,2,69,0,0,0,35
G36004700243,1990,NY,,,,,,,,,0243,,,70,Kings,047,,,2,5602,,,,5600,1,New York,36,,,,0000000158,0000000000,Tract 243,S,40687650,-73953388,,23,3247,13,8,5,64,160,0,0,173
G36004700244,1990,NY,,,,,,,,,0244,,,70,Kings,047,,,2,5602,,,,5600,1,New York,36,,,,0000000153,0000000000,Tract 244,S,40621550,-73986323,,2317,4,0,166,0,92,4,0,0,26
G36004700245,1990,NY,,,,,,,,,0245,,,70,Kings,047,,,2,5602,,,,5600,1,New York,36,,,,0000000162,0000000000,Tract 245,S,40682550,-73952299,,19,3540,8,10,3,6,115,0,0,44
G36004700246,1990,NY,,,,,,,,,0246,,,70,Kings,047,,,2,5602,,,,5600,1,New York,36,,,,0000000177,0000000000,Tract 246,S,40618250,-73982343,,2208,0,0,248,4,119,2,0,0,24
G36004700247,1990,NY,,,,,,,,,0247,,,70,Kings,047,,,2,5602,,,,5600,1,New York,36,,,,0000000197,0000000000,Tract 247,S,40678750,-73948642,,15,2457,12,52,3,12,101,3,2,24
G36004700248,1990,NY,,,,,,,,,0248,,,70,Kings,047,,,2,5602,,,,5600,1,New York,36,,,,0000000179,0000000000,Tract 248,S,40621050,-73990142,,1642,0,1,341,0,65,0,0,3,31
G36004700249,1990,NY,,,,,,,,,0249,,,70,Kings,047,,,2,5602,,,,5600,1,New York,36,,,,0000000172,0000000000,Tract 249,S,40682950,-73948839,,15,4157,18,16,9,31,191,1,1,52
G36004700250,1990,NY,,,,,,,,,0250,,,70,Kings,047,,,2,5602,,,,5600,1,New York,36,,,,0000000167,0000000000,Tract 250,S,40623255,-73995787,,803,5,0,218,0,69,3,0,1,19
G36004700251,1990,NY,,,,,,,,,0251,,,70,Kings,047,,,2,5602,,,,5600,1,New York,36,,,,0000000143,0000000000,Tract 251,S,40688100,-73949904,,10,2552,4,10,4,10,78,2,0,28
G36004700252,1990,NY,,,,,,,,,0252,,,70,Kings,047,,,2,5602,,,,5600,1,New York,36,,,,0000000180,0000000000,Tract 252,S,40619300,-73992113,,2998,10,13,354,0,237,4,0,2,101
G36004700253,1990,NY,,,,,,,,,0253,,,70,Kings,047,,,2,5602,,,,5600,1,New York,36,,,,0000000157,0000000000,Tract 253,S,40692500,-73950785,,23,1769,3,14,6,69,123,0,1,194
G36004700254,1990,NY,,,,,,,,,0254,,,70,Kings,047,,,2,5602,,,,5600,1,New York,36,,,,0000000178,0000000000,Tract 254,S,40616233,-73983404,,2004,1,1,582,2,224,0,10,4,47
G36004700255,1990,NY,,,,,,,,,0255,,,70,Kings,047,,,2,5602,,,,5600,1,New York,36,,,,0000000138,0000000000,Tract 255,S,40696200,-73951482,,22,4439,35,3,6,312,391,16,13,732
G36004700256,1990,NY,,,,,,,,,0256,,,70,Kings,047,,,2,5602,,,,5600,1,New York,36,,,,0000000178,0000000000,Tract 256,S,40614800,-73986049,,1969,7,0,430,5,102,2,0,1,26
G36004700257,1990,NY,,,,,,,,,0257,,,70,Kings,047,,,2,5602,,,,5600,1,New York,36,,,,0000000181,0000000000,Tract 257,S,40698000,-73948663,,23,120,4,6,1,170,140,0,4,770
G36004700258,1990,NY,,,,,,,,,0258,,,70,Kings,047,,,2,5602,,,,5600,1,New York,36,,,,0000000169,0000000000,Tract 258,S,40613150,-73987894,,3175,14,6,405,13,304,8,6,2,181
G3600470025901,1990,NY,,,,,,,,,025901,,,70,Kings,047,,,2,5602,,,,5600,1,New York,36,,,,0000000078,0000000000,Tract 259.01,S,40694300,-73947963,,24,615,4,1,5,180,178,2,10,588
G3600470025902,1990,NY,,,,,,,,,025902,,,70,Kings,047,,,2,5602,,,,5600,1,New York,36,,,,0000000058,0000000000,Tract 259.02,S,40696850,-73945570,,21,2908,10,6,10,168,175,8,4,771
G36004700260,1990,NY,,,,,,,,,0260,,,70,Kings,047,,,2,5602,,,,5600,1,New York,36,,,,0000000162,0000000000,Tract 260,S,40615700,-73992105,,2397,1,2,254,1,82,0,0,0,29
G36004700261,1990,NY,,,,,,,,,0261,,,70,Kings,047,,,2,5602,,,,5600,1,New York,36,,,,0000000197,0000000000,Tract 261,S,40692100,-73947553,,26,2457,8,6,15,357,310,7,3,924
G36004700262,1990,NY,,,,,,,,,0262,,,70,Kings,047,,,2,5602,,,,5600,1,New York,36,,,,0000000161,0000000000,Tract 262,S,40617900,-73997317,,1677,9,0,212,1,97,2,0,0,36
G36004700263,1990,NY,,,,,,,,,0263,,,70,Kings,047,,,2,5602,,,,5600,1,New York,36,,,,0000000125,0000000000,Tract 263,S,40689600,-73947004,,11,1494,10,5,0,8,79,10,0,31
G36004700264,1990,NY,,,,,,,,,0264,,,70,Kings,047,,,2,5602,,,,5600,1,New York,36,,,,0000000189,0000000000,Tract 264,S,40614200,-73997143,,3183,13,8,301,7,185,0,4,1,58
G36004700265,1990,NY,,,,,,,,,0265,,,70,Kings,047,,,2,5602,,,,5600,1,New York,36,,,,0000000160,0000000000,Tract 265,S,40686250,-73946384,,15,2751,15,6,2,26,74,4,0,66
G36004700266,1990,NY,,,,,,,,,0266,,,70,Kings,047,,,2,5602,,,,5600,1,New York,36,,,,0000000161,0000000000,Tract 266,S,40613350,-73991213,,2626,1,0,252,5,180,1,3,11,31
G36004700267,1990,NY,,,,,,,,,0267,,,70,Kings,047,,,2,5602,,,,5600,1,New York,36,,,,0000000162,0000000000,Tract 267,S,40683300,-73945714,,25,3749,6,12,7,31,80,1,4,41
G36004700268,1990,NY,,,,,,,,,0268,,,70,Kings,047,,,2,5602,,,,5600,1,New York,36,,,,0000000177,0000000000,Tract 268,S,40610350,-73990794,,3233,14,9,212,0,196,5,0,0,93
G36004700269,1990,NY,,,,,,,,,0269,,,70,Kings,047,,,2,5602,,,,5600,1,New York,36,,,,0000000132,0000000000,Tract 269,S,40681350,-73942462,,15,2609,2,26,0,11,36,0,3,23
G36004700270,1990,NY,,,,,,,,,0270,,,70,Kings,047,,,2,5602,,,,5600,1,New York,36,,,,0000000135,0000000000,Tract 270,S,40606700,-73990786,,1654,10,0,202,0,84,0,0,0,12
G3600470027101,1990,NY,,,,,,,,,027101,,,70,Kings,047,,,2,5602,,,,5600,1,New York,36,,,,0000000139,0000000000,Tract 271.01,S,40678300,-73940226,,27,1752,8,44,1,16,53,2,0,15
G3600470027102,1990,NY,,,,,,,,,027102,,,70,Kings,047,,,2,5602,,,,5600,1,New York,36,,,,0000000125,0000000000,Tract 271.02,S,40678950,-73934460,,10,1216,0,0,0,9,77,0,0,56
G36004700272,1990,NY,,,,,,,,,0272,,,70,Kings,047,,,2,5602,,,,5600,1,New York,36,,,,0000000126,0000000000,Tract 272,S,40608100,-73993099,,2307,9,0,325,1,162,4,0,9,92
G36004700273,1990,NY,,,,,,,,,0273,,,70,Kings,047,,,2,5602,,,,5600,1,New York,36,,,,0000000149,0000000000,Tract 273,S,40680000,-73938369,,17,3128,3,3,4,3,61,1,0,28
G36004700274,1990,NY,,,,,,,,,0274,,,70,Kings,047,,,2,5602,,,,5600,1,New York,36,,,,0000000159,0000000000,Tract 274,S,40611750,-73996299,,2190,1,1,151,2,48,1,0,0,12
G36004700275,1990,NY,,,,,,,,,0275,,,70,Kings,047,,,2,5602,,,,5600,1,New York,36,,,,0000000163,0000000000,Tract 275,S,40684300,-73937255,,50,4147,14,17,2,13,136,3,6,72
G36004700276,1990,NY,,,,,,,,,0276,,,70,Kings,047,,,2,5602,,,,5600,1,New York,36,,,,0000000147,0000000000,Tract 276,S,40611300,-74000162,,2322,4,6,220,0,210,9,0,1,40
G36004700277,1990,NY,,,,,,,,,0277,,,70,Kings,047,,,2,5602,,,,5600,1,New York,36,,,,0000000170,0000000000,Tract 277,S,40687150,-73937805,,17,4225,5,5,4,16,106,3,1,95
G36004700278,1990,NY,,,,,,,,,0278,,,70,Kings,047,,,2,5602,,,,5600,1,New York,36,,,,0000000166,0000000000,Tract 278,S,40606367,-74001030,,1921,24,6,268,0,132,3,0,4,65
G36004700279,1990,NY,,,,,,,,,0279,,,70,Kings,047,,,2,5602,,,,5600,1,New York,36,,,,0000000168,0000000000,Tract 279,S,40690150,-73938460,,22,2712,12,4,6,27,55,0,1,24
G36004700280,1990,NY,,,,,,,,,0280,,,70,Kings,047,,,2,5602,,,,5600,1,New York,36,,,,0000000126,0000000000,Tract 280,S,40602550,-74006063,,1129,6,0,129,2,95,1,0,1,28
G36004700281,1990,NY,,,,,,,,,0281,,,70,Kings,047,,,2,5602,,,,5600,1,New York,36,,,,0000000164,0000000000,Tract 281,S,40692273,-73939243,,29,2457,3,9,16,186,180,0,7,810
G36004700282,1990,NY,,,,,,,,,0282,,,70,Kings,047,,,2,5602,,,,5600,1,New York,36,,,,0000000138,0000000000,Tract 282,S,40601300,-74003649,,2108,17,4,266,0,159,6,0,1,24
G36004700283,1990,NY,,,,,,,,,0283,,,70,Kings,047,,,2,5602,,,,5600,1,New York,36,,,,0000000120,0000000000,Tract 283,S,40696000,-73940172,,27,1889,6,13,16,199,200,6,0,745
G36004700284,1990,NY,,,,,,,,,0284,,,70,Kings,047,,,2,5602,,,,5600,1,New York,36,,,,0000000159,0000000000,Tract 284,S,40605450,-73999401,,2481,17,9,551,1,340,9,1,16,84
G3600470028501,1990,NY,,,,,,,,,028501,,,70,Kings,047,,,2,5602,,,,5600,1,New York,36,,,,0000000085,0000000000,Tract 285.01,S,40698700,-73943157,,19,225,0,3,9,148,37,8,0,221
G3600470028502,1990,NY,,,,,,,,,028502,,,70,Kings,047,,,2,5602,,,,5600,1,New York,36,,,,0000000120,0000000000,Tract 285.02,S,40697450,-73939951,,9,2195,6,2,7,195,288,4,0,624
G36004700286,1990,NY,,,,,,,,,0286,,,70,Kings,047,,,2,5602,,,,5600,1,New York,36,,,,0000000151,0000000000,Tract 286,S,40600000,-74001449,,3357,131,8,470,1,419,11,0,19,130
G36004700287,1990,NY,,,,,,,,,0287,,,70,Kings,047,,,2,5602,,,,5600,1,New York,36,,,,0000000150,0000000000,Tract 287,S,40695650,-73936522,,10,1269,10,211,5,207,123,0,2,622
G36004700288,1990,NY,,,,,,,,,0288,,,70,Kings,047,,,2,5602,,,,5600,1,New York,36,,,,0000000159,0000000000,Tract 288,S,40604150,-73997253,,2016,18,2,747,4,216,3,2,17,90
G36004700289,1990,NY,,,,,,,,,0289,,,70,Kings,047,,,2,5602,,,,5600,1,New York,36,,,,0000000167,0000000000,Tract 289,S,40692950,-73933010,,10,1706,4,8,8,128,83,6,0,702
G36004700290,1990,NY,,,,,,,,,0290,,,70,Kings,047,,,2,5602,,,,5600,1,New York,36,,,,0000000159,0000000000,Tract 290,S,40603350,-73994400,,2608,39,1,383,0,203,2,1,3,71
G36004700291,1990,NY,,,,,,,,,0291,,,70,Kings,047,,,2,5602,,,,5600,1,New York,36,,,,0000000166,0000000000,Tract 291,S,40689750,-73935334,,3,1944,8,0,0,4,41,1,1,61
G36004700292,1990,NY,,,,,,,,,0292,,,70,Kings,047,,,2,5602,,,,5600,1,New York,36,,,,0000000098,0000000000,Tract 292,S,40599950,-73997968,,1707,17,3,224,1,170,5,0,0,66
G36004700293,1990,NY,,,,,,,,,0293,,,70,Kings,047,,,2,5602,,,,5600,1,New York,36,,,,0000000168,0000000000,Tract 293,S,40686850,-73934688,,7,3090,23,4,3,66,135,0,0,107
G36004700294,1990,NY,,,,,,,,,0294,,,70,Kings,047,,,2,5602,,,,5600,1,New York,36,,,,0000000082,0000000000,Tract 294,S,40597050,-73997334,,1630,22,2,372,2,104,2,0,6,55
G36004700295,1990,NY,,,,,,,,,0295,,,70,Kings,047,,,2,5602,,,,5600,1,New York,36,,,,0000000162,0000000000,Tract 295,S,40683850,-73934089,,13,3465,10,6,0,6,73,3,1,46
G36004700296,1990,NY,,,,,,,,,0296,,,70,Kings,047,,,2,5602,,,,5600,1,New York,36,,,,0000000214,0000000000,Tract 296,S,40600300,-73993998,,3741,42,3,442,7,253,5,0,4,150
G36004700297,1990,NY,,,,,,,,,0297,,,70,Kings,047,,,2,5602,,,,5600,1,New York,36,,,,0000000205,0000000000,Tract 297,S,40681250,-73930609,,41,3828,12,10,4,9,142,3,6,32
G36004700298,1990,NY,,,,,,,,,0298,,,70,Kings,047,,,2,5602,,,,5600,1,New York,36,,,,0000000221,0000000000,Tract 298,S,40600900,-73987199,,2413,1,11,200,1,178,0,0,0,33
G36004700299,1990,NY,,,,,,,,,0299,,,70,Kings,047,,,2,5602,,,,5600,1,New York,36,,,,0000000156,0000000000,Tract 299,S,40677600,-73925918,,14,1394,2,0,2,20,85,0,5,93
G36004700300,1990,NY,,,,,,,,,0300,,,70,Kings,047,,,2,5602,,,,5600,1,New York,36,,,,0000000211,0000000000,Tract 300,S,40597250,-73988768,,2435,6,1,383,0,166,0,0,0,41
G36004700301,1990,NY,,,,,,,,,0301,,,70,Kings,047,,,2,5602,,,,5600,1,New York,36,,,,0000000189,0000000000,Tract 301,S,40677100,-73916572,,14,2034,28,6,12,41,75,0,0,152
G36004700302,1990,NY,,,,,,,,,0302,,,70,Kings,047,,,2,5602,,,,5600,1,New York,36,,,,0000000216,0000000000,Tract 302,S,40595450,-73990619,,2589,5,4,500,3,103,1,0,1,30
G36004700303,1990,NY,,,,,,,,,0303,,,70,Kings,047,,,2,5602,,,,5600,1,New York,36,,,,0000000228,0000000000,Tract 303,S,40675350,-73918596,,22,3555,6,5,4,50,141,10,4,142
G36004700304,1990,NY,,,,,,,,,0304,,,70,Kings,047,,,2,5602,,,,5600,1,New York,36,,,,0000000244,0000000000,Tract 304,S,40592833,-73993316,,2777,59,6,412,1,161,3,0,0,84
G36004700306,1990,NY,,,,,,,,,0306,,,70,Kings,047,,,2,5602,,,,5600,1,New York,36,,,,0000000191,0000000000,Tract 306,S,40589800,-73987067,,1395,8,0,207,0,25,0,0,8,55
G36004700307,1990,NY,,,,,,,,,0307,,,70,Kings,047,,,2,5602,,,,5600,1,New York,36,,,,0000000251,0000000000,Tract 307,S,40675464,-73926341,,30,3466,14,8,4,52,118,7,0,92
G36004700308,1990,NY,,,,,,,,,0308,,,70,Kings,047,,,2,5602,,,,5600,1,New York,36,,,,0000000678,0000000000,Tract 308,S,40587791,-73981976,,1502,12,0,120,0,29,0,0,0,13
G36004700309,1990,NY,,,,,,,,,0309,,,70,Kings,047,,,2,5602,,,,5600,1,New York,36,,,,0000000139,0000000000,Tract 309,S,40676100,-73932120,,12,1418,1,8,10,27,62,0,1,91
G36004700311,1990,NY,,,,,,,,,0311,,,70,Kings,047,,,2,5602,,,,5600,1,New York,36,,,,0000000138,0000000000,Tract 311,S,40675850,-73940161,,64,2394,16,31,0,3,88,0,0,19
G36004700313,1990,NY,,,,,,,,,0313,,,70,Kings,047,,,2,5602,,,,5600,1,New York,36,,,,0000000163,0000000000,Tract 313,S,40675950,-73943249,,62,5145,19,29,4,23,168,0,1,56
G36004700314,1990,NY,,,,,,,,,0314,,,70,Kings,047,,,2,5602,,,,5600,1,New York,36,,,,0000000240,0000000000,Tract 314,S,40588000,-73988888,,3843,23,6,339,3,137,6,1,7,43
G36004700315,1990,NY,,,,,,,,,0315,,,70,Kings,047,,,2,5602,,,,5600,1,New York,36,,,,0000000169,0000000000,Tract 315,S,40676400,-73951642,,37,4986,15,59,4,27,272,2,4,82
G3600470031701,1990,NY,,,,,,,,,031701,,,70,Kings,047,,,2,5602,,,,5600,1,New York,36,,,,0000000137,0000000000,Tract 317.01,S,40673550,-73949099,,21,4173,27,21,0,6,131,1,3,28
G3600470031702,1990,NY,,,,,,,,,031702,,,70,Kings,047,,,2,5602,,,,5600,1,New York,36,,,,0000000141,0000000000,Tract 317.02,S,40670950,-73949349,,30,3384,5,20,3,28,263,9,3,103
G36004700319,1990,NY,,,,,,,,,0319,,,70,Kings,047,,,2,5602,,,,5600,1,New York,36,,,,0000000155,0000000000,Tract 319,S,40666400,-73949727,,329,2912,11,7,4,22,109,4,3,20
G36004700320,1990,NY,,,,,,,,,0320,,,70,Kings,047,,,2,5602,,,,5600,1,New York,36,,,,0000001027,0000004546,Tract 320,S,40590293,-74003488,,146,4,0,0,0,6,0,0,0,6
G36004700321,1990,NY,,,,,,,,,0321,,,70,Kings,047,,,2,5602,,,,5600,1,New York,36,,,,0000000159,0000000000,Tract 321,S,40666600,-73952499,,77,5146,18,38,14,238,628,11,4,351
G36004700323,1990,NY,,,,,,,,,0323,,,70,Kings,047,,,2,5602,,,,5600,1,New York,36,,,,0000000177,0000000000,Tract 323,S,40665900,-73955460,,86,3496,11,48,8,55,256,3,14,94
G36004700325,1990,NY,,,,,,,,,0325,,,70,Kings,047,,,2,5602,,,,5600,1,New York,36,,,,0000000171,0000000000,Tract 325,S,40667150,-73958040,,50,6811,20,28,4,66,263,1,8,121
G36004700326,1990,NY,,,,,,,,,0326,,,70,Kings,047,,,2,5602,,,,5600,1,New York,36,,,,0000000312,0000000000,Tract 326,S,40577100,-73988173,,616,4605,29,105,42,723,386,14,16,1899
G36004700327,1990,NY,,,,,,,,,0327,,,70,Kings,047,,,2,5602,,,,5600,1,New York,36,,,,0000000177,0000000000,Tract 327,S,40662800,-73959256,,79,3350,16,59,7,59,244,6,9,43
G36004700328,1990,NY,,,,,,,,,0328,,,70,Kings,047,,,2,5602,,,,5600,1,New York,36,,,,0000000230,0000000000,Tract 328,S,40576550,-73997449,,155,1388,10,490,6,275,158,0,13,378
G36004700329,1990,NY,,,,,,,,,0329,,,70,Kings,047,,,2,5602,,,,5600,1,New York,36,,,,0000000154,0000000000,Tract 329,S,40662700,-73949643,,729,5120,13,34,5,172,335,5,10,359
G36004700330,1990,NY,,,,,,,,,0330,,,70,Kings,047,,,2,5602,,,,5600,1,New York,36,,,,0000000318,0000000116,Tract 330,S,40579139,-73999586,,615,3361,12,57,16,459,317,23,3,572
G36004700331,1990,NY,,,,,,,,,0331,,,70,Kings,047,,,2,5602,,,,5600,1,New York,36,,,,0000000148,0000000000,Tract 331,S,40664250,-73941505,,2320,2518,2,5,2,51,84,0,2,39
G36004700333,1990,NY,,,,,,,,,0333,,,70,Kings,047,,,2,5602,,,,5600,1,New York,36,,,,0000000182,0000000000,Tract 333,S,40665150,-73941449,,2308,2352,5,6,7,51,89,3,0,70
G36004700335,1990,NY,,,,,,,,,0335,,,70,Kings,047,,,2,5602,,,,5600,1,New York,36,,,,0000000181,0000000000,Tract 335,S,40667950,-73943999,,897,2129,11,4,2,30,113,0,0,31
G36004700336,1990,NY,,,,,,,,,0336,,,70,Kings,047,,,2,5602,,,,5600,1,New York,36,,,,0000000678,0000009662,Tract 336,S,40563861,-74017927,,3508,199,17,91,36,302,26,0,9,172
G36004700337,1990,NY,,,,,,,,,0337,,,70,Kings,047,,,2,5602,,,,5600,1,New York,36,,,,0000000201,0000000000,Tract 337,S,40669600,-73941075,,1180,2966,8,21,9,134,238,4,7,102
G36004700339,1990,NY,,,,,,,,,0339,,,70,Kings,047,,,2,5602,,,,5600,1,New York,36,,,,0000000183,0000000000,Tract 339,S,40671500,-73941743,,37,4482,17,18,3,30,152,4,0,66
G36004700340,1990,NY,,,,,,,,,0340,,,70,Kings,047,,,2,5602,,,,5600,1,New York,36,,,,0000000120,0000000000,Tract 340,S,40572350,-73996632,,542,1131,0,9,7,197,182,8,7,233
G36004700341,1990,NY,,,,,,,,,0341,,,70,Kings,047,,,2,5602,,,,5600,1,New York,36,,,,0000000140,0000000000,Tract 341,S,40673500,-73946321,,38,2933,11,11,14,12,109,0,0,56
G36004700342,1990,NY,,,,,,,,,0342,,,70,Kings,047,,,2,5602,,,,5600,1,New York,36,,,,0000000231,0000000000,Tract 342,S,40574200,-73996954,,759,4899,36,43,24,692,619,20,17,1118
G36004700343,1990,NY,,,,,,,,,0343,,,70,Kings,047,,,2,5602,,,,5600,1,New York,36,,,,0000000162,0000000000,Tract 343,S,40674000,-73937927,,74,4886,8,13,10,72,185,1,1,89
G36004700345,1990,NY,,,,,,,,,0345,,,70,Kings,047,,,2,5602,,,,5600,1,New York,36,,,,0000000166,0000000000,Tract 345,S,40673000,-73935218,,20,2299,8,9,4,11,99,2,0,72
G36004700347,1990,NY,,,,,,,,,0347,,,70,Kings,047,,,2,5602,,,,5600,1,New York,36,,,,0000000143,0000000000,Tract 347,S,40672650,-73929649,,10,2954,7,7,5,47,153,1,0,151
G3600470034801,1990,NY,,,,,,,,,034801,,,70,Kings,047,,,2,5602,,,,5600,1,New York,36,,,,0000000438,0000000081,Tract 348.01,S,40580967,-73982666,,372,13,10,51,0,35,17,0,1,54
G3600470034802,1990,NY,,,,,,,,,034802,,,70,Kings,047,,,2,5602,,,,5600,1,New York,36,,,,0000000145,0000000000,Tract 348.02,S,40577750,-73982875,,203,46,1,35,1,134,20,0,0,198
G36004700349,1990,NY,,,,,,,,,0349,,,70,Kings,047,,,2,5602,,,,5600,1,New York,36,,,,0000000167,0000000000,Tract 349,S,40668100,-73929999,,91,4370,5,24,4,84,503,3,8,193
G36004700350,1990,NY,,,,,,,,,0350,,,70,Kings,047,,,2,5602,,,,5600,1,New York,36,,,,0000000129,0000000000,Tract 350,S,40577421,-73978586,,3178,40,1,31,1,52,1,0,1,4
G36004700351,1990,NY,,,,,,,,,0351,,,70,Kings,047,,,2,5602,,,,5600,1,New York,36,,,,0000000167,0000000000,Tract 351,S,40668250,-73932799,,687,3554,7,101,9,106,374,1,3,316
G36004700352,1990,NY,,,,,,,,,0352,,,70,Kings,047,,,2,5602,,,,5600,1,New York,36,,,,0000000903,0000004571,Tract 352,S,40565724,-73979990,,662,252,0,10,1,125,44,0,0,101
G36004700353,1990,NY,,,,,,,,,0353,,,70,Kings,047,,,2,5602,,,,5600,1,New York,36,,,,0000000163,0000000000,Tract 353,S,40668450,-73935604,,492,4333,14,13,12,100,253,0,0,216
G36004700354,1990,NY,,,,,,,,,0354,,,70,Kings,047,,,2,5602,,,,5600,1,New York,36,,,,0000000373,0000000000,Tract 354,S,40581050,-73973639,,5843,108,2,11,3,97,9,0,0,19
G36004700355,1990,NY,,,,,,,,,0355,,,70,Kings,047,,,2,5602,,,,5600,1,New York,36,,,,0000000135,0000000000,Tract 355,S,40663800,-73933255,,494,4293,20,22,18,80,277,9,7,323
G36004700356,1990,NY,,,,,,,,,0356,,,70,Kings,047,,,2,5602,,,,5600,1,New York,36,,,,0000000231,0000000000,Tract 356,S,40578200,-73970781,,8598,211,2,30,4,136,18,0,2,50
G36004700357,1990,NY,,,,,,,,,0357,,,70,Kings,047,,,2,5602,,,,5600,1,New York,36,,,,0000000177,0000000000,Tract 357,S,40668950,-73927196,,4,1792,0,6,1,18,121,0,0,152
G36004700359,1990,NY,,,,,,,,,0359,,,70,Kings,047,,,2,5602,,,,5600,1,New York,36,,,,0000000187,0000000000,Tract 359,S,40670600,-73924127,,20,3530,7,3,29,42,154,1,9,167
G3600470036001,1990,NY,,,,,,,,,036001,,,70,Kings,047,,,2,5602,,,,5600,1,New York,36,,,,0000000093,0000000000,Tract 360.01,S,40575141,-73966397,,3003,30,6,155,0,211,14,0,0,56
G3600470036002,1990,NY,,,,,,,,,036002,,,70,Kings,047,,,2,5602,,,,5600,1,New York,36,,,,0000000083,0000000000,Tract 360.02,S,40576700,-73961556,,3667,31,0,88,0,182,3,2,0,70
G36004700361,1990,NY,,,,,,,,,0361,,,70,Kings,047,,,2,5602,,,,5600,1,New York,36,,,,0000000130,0000000000,Tract 361,S,40669800,-73919910,,9,1141,2,6,3,66,64,1,0,80
G36004700362,1990,NY,,,,,,,,,0362,,,70,Kings,047,,,2,5602,,,,5600,1,New York,36,,,,0000000172,0000000000,Tract 362,S,40578000,-73964799,,1401,186,31,939,30,560,54,14,31,469
G36004700363,1990,NY,,,,,,,,,0363,,,70,Kings,047,,,2,5602,,,,5600,1,New York,36,,,,0000000268,0000000000,Tract 363,S,40671150,-73916866,,14,3066,6,3,6,94,167,0,5,206
G36004700364,1990,NY,,,,,,,,,0364,,,70,Kings,047,,,2,5602,,,,5600,1,New York,36,,,,0000000137,0000000000,Tract 364,S,40580230,-73964599,,996,54,5,411,7,165,7,0,20,134
G3600470036501,1990,NY,,,,,,,,,036501,,,70,Kings,047,,,2,5602,,,,5600,1,New York,36,,,,0000000122,0000000000,Tract 365.01,S,40675400,-73913154,,23,1945,11,29,18,71,68,1,0,255
G3600470036502,1990,NY,,,,,,,,,036502,,,70,Kings,047,,,2,5602,,,,5600,1,New York,36,,,,0000000114,0000000000,Tract 365.02,S,40674750,-73907971,,62,301,1,10,2,78,49,2,0,325
G36004700366,1990,NY,,,,,,,,,0366,,,70,Kings,047,,,2,5602,,,,5600,1,New York,36,,,,0000000238,0000000000,Tract 366,S,40582150,-73964366,,2095,227,5,954,12,216,20,1,26,395
G36004700367,1990,NY,,,,,,,,,0367,,,70,Kings,047,,,2,5602,,,,5600,1,New York,36,,,,0000000184,0000000000,Tract 367,S,40677400,-73905952,,44,570,2,13,12,169,85,11,3,534
G36004700369,1990,NY,,,,,,,,,0369,,,70,Kings,047,,,2,5602,,,,5600,1,New York,36,,,,0000000237,0000000000,Tract 369,S,40679000,-73910160,,73,3152,6,30,18,269,241,5,15,1062
G36004700370,1990,NY,,,,,,,,,0370,,,70,Kings,047,,,2,5602,,,,5600,1,New York,36,,,,0000000338,0000000000,Tract 370,S,40587900,-73964523,,2896,7,12,391,0,119,1,0,10,45
G36004700371,1990,NY,,,,,,,,,0371,,,70,Kings,047,,,2,5602,,,,5600,1,New York,36,,,,0000000190,0000000000,Tract 371,S,40680300,-73913263,,4,2433,7,1,7,102,120,0,2,239
G36004700373,1990,NY,,,,,,,,,0373,,,70,Kings,047,,,2,5602,,,,5600,1,New York,36,,,,0000000192,0000000000,Tract 373,S,40683600,-73916679,,31,3618,25,12,10,90,158,0,0,208
G36004700374,1990,NY,,,,,,,,,0374,,,70,Kings,047,,,2,5602,,,,5600,1,New York,36,,,,0000000509,0000000000,Tract 374,S,40587100,-73970923,,7601,173,11,591,9,271,20,2,14,131
G36004700375,1990,NY,,,,,,,,,0375,,,70,Kings,047,,,2,5602,,,,5600,1,New York,36,,,,0000000167,0000000000,Tract 375,S,40687400,-73922714,,14,1768,8,23,1,59,80,0,0,128
G36004700377,1990,NY,,,,,,,,,0377,,,70,Kings,047,,,2,5602,,,,5600,1,New York,36,,,,0000000178,0000000000,Tract 377,S,40683700,-73921885,,12,3530,9,10,5,38,113,1,0,79
G36004700379,1990,NY,,,,,,,,,0379,,,70,Kings,047,,,2,5602,,,,5600,1,New York,36,,,,0000000162,0000000000,Tract 379,S,40680400,-73918663,,24,2207,4,1,3,14,46,0,0,41
G36004700381,1990,NY,,,,,,,,,0381,,,70,Kings,047,,,2,5602,,,,5600,1,New York,36,,,,0000000243,0000000000,Tract 381,S,40681950,-73924560,,21,4914,20,17,2,44,129,0,0,118
G36004700382,1990,NY,,,,,,,,,0382,,,70,Kings,047,,,2,5602,,,,5600,1,New York,36,,,,0000000219,0000000000,Tract 382,S,40591333,-73981952,,749,3115,17,368,24,951,564,23,27,1188
G36004700383,1990,NY,,,,,,,,,0383,,,70,Kings,047,,,2,5602,,,,5600,1,New York,36,,,,0000000177,0000000000,Tract 383,S,40684900,-73925199,,25,3950,9,25,4,9,81,0,3,24
G36004700385,1990,NY,,,,,,,,,0385,,,70,Kings,047,,,2,5602,,,,5600,1,New York,36,,,,0000000175,0000000000,Tract 385,S,40687750,-73925794,,15,2967,11,19,13,52,97,1,0,177
G36004700386,1990,NY,,,,,,,,,0386,,,70,Kings,047,,,2,5602,,,,5600,1,New York,36,,,,0000000237,0000000000,Tract 386,S,40592150,-73976174,,2232,117,1,245,3,204,6,0,5,66
G36004700387,1990,NY,,,,,,,,,0387,,,70,Kings,047,,,2,5602,,,,5600,1,New York,36,,,,0000000193,0000000000,Tract 387,S,40689750,-73929377,,33,2751,14,3,5,92,126,1,6,249
G36004700388,1990,NY,,,,,,,,,0388,,,70,Kings,047,,,2,5602,,,,5600,1,New York,36,,,,0000000216,0000000000,Tract 388,S,40593750,-73970049,,3194,27,1,54,3,79,6,0,0,30
G36004700389,1990,NY,,,,,,,,,0389,,,70,Kings,047,,,2,5602,,,,5600,1,New York,36,,,,0000000159,0000000000,Tract 389,S,40698900,-73937615,,38,102,1,53,16,385,170,5,31,1506
G36004700390,1990,NY,,,,,,,,,0390,,,70,Kings,047,,,2,5602,,,,5600,1,New York,36,,,,0000000172,0000000000,Tract 390,S,40592850,-73964852,,1726,1,0,104,0,43,1,0,0,21
G36004700391,1990,NY,,,,,,,,,0391,,,70,Kings,047,,,2,5602,,,,5600,1,New York,36,,,,0000000168,0000000000,Tract 391,S,40699600,-73933692,,100,181,0,32,10,207,114,4,0,923
G36004700392,1990,NY,,,,,,,,,0392,,,70,Kings,047,,,2,5602,,,,5600,1,New York,36,,,,0000000178,0000000000,Tract 392,S,40595100,-73963556,,2135,17,3,78,1,79,1,3,0,17
G36004700393,1990,NY,,,,,,,,,0393,,,70,Kings,047,,,2,5602,,,,5600,1,New York,36,,,,0000000187,0000000000,Tract 393,S,40695050,-73930614,,64,788,5,12,16,326,158,3,9,1195
G36004700394,1990,NY,,,,,,,,,0394,,,70,Kings,047,,,2,5602,,,,5600,1,New York,36,,,,0000000192,0000000000,Tract 394,S,40599100,-73965326,,2022,2,1,79,0,83,3,0,3,32
G36004700395,1990,NY,,,,,,,,,0395,,,70,Kings,047,,,2,5602,,,,5600,1,New York,36,,,,0000000163,0000000000,Tract 395,S,40692250,-73925681,,226,1138,4,31,18,372,247,12,3,1082
G36004700396,1990,NY,,,,,,,,,0396,,,70,Kings,047,,,2,5602,,,,5600,1,New York,36,,,,0000000158,0000000000,Tract 396,S,40596500,-73969273,,1767,3,0,21,0,54,0,0,1,7
G36004700397,1990,NY,,,,,,,,,0397,,,70,Kings,047,,,2,5602,,,,5600,1,New York,36,,,,0000000153,0000000000,Tract 397,S,40689100,-73919898,,36,2094,6,12,9,108,292,9,0,322
G36004700398,1990,NY,,,,,,,,,0398,,,70,Kings,047,,,2,5602,,,,5600,1,New York,36,,,,0000000233,0000000000,Tract 398,S,40594920,-73976131,,1684,7,1,131,0,84,0,0,1,33
G36004700399,1990,NY,,,,,,,,,0399,,,70,Kings,047,,,2,5602,,,,5600,1,New York,36,,,,0000000148,0000000000,Tract 399,S,40690050,-73917749,,42,1844,9,17,11,306,262,2,0,649
G36004700400,1990,NY,,,,,,,,,0400,,,70,Kings,047,,,2,5602,,,,5600,1,New York,36,,,,0000000191,0000000000,Tract 400,S,40597800,-73976601,,2324,3,1,199,1,59,0,0,0,51
G36004700401,1990,NY,,,,,,,,,0401,,,70,Kings,047,,,2,5602,,,,5600,1,New York,36,,,,0000000159,0000000000,Tract 401,S,40687150,-73912467,,20,1775,10,20,11,175,215,1,6,718
G36004700402,1990,NY,,,,,,,,,0402,,,70,Kings,047,,,2,5602,,,,5600,1,New York,36,,,,0000000212,0000000000,Tract 402,S,40595485,-73982950,,1772,0,2,213,1,85,1,0,1,37
G36004700403,1990,NY,,,,,,,,,0403,,,70,Kings,047,,,2,5602,,,,5600,1,New York,36,,,,0000000204,0000000000,Tract 403,S,40684950,-73908782,,22,2540,21,16,9,178,211,3,2,416
G36004700404,1990,NY,,,,,,,,,0404,,,70,Kings,047,,,2,5602,,,,5600,1,New York,36,,,,0000000154,0000000000,Tract 404,S,40601450,-73985991,,1696,0,0,122,0,53,0,0,7,28
G36004700405,1990,NY,,,,,,,,,0405,,,70,Kings,047,,,2,5602,,,,5600,1,New York,36,,,,0000000141,0000000000,Tract 405,S,40681777,-73905776,,12,873,1,8,17,77,104,0,3,357
G36004700406,1990,NY,,,,,,,,,0406,,,70,Kings,047,,,2,5602,,,,5600,1,New York,36,,,,0000000141,0000000000,Tract 406,S,40599400,-73982823,,2313,7,7,165,1,130,0,0,2,31
G36004700407,1990,NY,,,,,,,,,0407,,,70,Kings,047,,,2,5602,,,,5600,1,New York,36,,,,0000000503,0000000000,Tract 407,S,40683100,-73901546,,0,0,0,0,0,0,0,0,0,0
G36004700408,1990,NY,,,,,,,,,0408,,,70,Kings,047,,,2,5602,,,,5600,1,New York,36,,,,0000000154,0000000000,Tract 408,S,40602200,-73979499,,2250,6,2,239,0,95,0,0,0,22
G36004700409,1990,NY,,,,,,,,,0409,,,70,Kings,047,,,2,5602,,,,5600,1,New York,36,,,,0000000162,0000000000,Tract 409,S,40690300,-73905819,,51,1149,6,1,11,494,318,16,6,1633
G36004700410,1990,NY,,,,,,,,,0410,,,70,Kings,047,,,2,5602,,,,5600,1,New York,36,,,,0000000140,0000000000,Tract 410,S,40601100,-73975308,,1546,1,0,45,2,44,0,0,0,13
G36004700411,1990,NY,,,,,,,,,0411,,,70,Kings,047,,,2,5602,,,,5600,1,New York,36,,,,0000000140,0000000000,Tract 411,S,40688750,-73907328,,16,1933,12,6,6,175,223,0,1,717
G36004700412,1990,NY,,,,,,,,,0412,,,70,Kings,047,,,2,5602,,,,5600,1,New York,36,,,,0000000167,0000000000,Tract 412,S,40603500,-73974928,,1866,4,2,212,3,111,0,1,2,58
G36004700413,1990,NY,,,,,,,,,0413,,,70,Kings,047,,,2,5602,,,,5600,1,New York,36,,,,0000000160,0000000000,Tract 413,S,40690450,-73910333,,21,1920,15,8,11,306,226,4,1,916
G3600470041401,1990,NY,,,,,,,,,041401,,,70,Kings,047,,,2,5602,,,,5600,1,New York,36,,,,0000000134,0000000000,Tract 414.01,S,40602300,-73971832,,1276,3,0,65,12,70,0,0,1,16
G3600470041402,1990,NY,,,,,,,,,041402,,,70,Kings,047,,,2,5602,,,,5600,1,New York,36,,,,0000000155,0000000000,Tract 414.02,S,40603407,-73968781,,1507,3,0,25,1,40,0,0,0,5
G36004700415,1990,NY,,,,,,,,,0415,,,70,Kings,047,,,2,5602,,,,5600,1,New York,36,,,,0000000163,0000000000,Tract 415,S,40691150,-73915449,,20,1746,18,10,16,313,251,1,4,712
G36004700416,1990,NY,,,,,,,,,0416,,,70,Kings,047,,,2,5602,,,,5600,1,New York,36,,,,0000000161,0000000000,Tract 416,S,40601650,-73963577,,1858,6,1,93,2,118,0,11,0,23
G36004700417,1990,NY,,,,,,,,,0417,,,70,Kings,047,,,2,5602,,,,5600,1,New York,36,,,,0000000142,0000000000,Tract 417,S,40692750,-73918420,,48,707,6,9,29,389,267,1,15,1589
G36004700418,1990,NY,,,,,,,,,0418,,,70,Kings,047,,,2,5602,,,,5600,1,New York,36,,,,0000000161,0000000000,Tract 418,S,40605650,-73965348,,2024,4,0,165,0,235,1,0,13,66
G36004700419,1990,NY,,,,,,,,,0419,,,70,Kings,047,,,2,5602,,,,5600,1,New York,36,,,,0000000148,0000000000,Tract 419,S,40694200,-73921640,,71,847,7,28,10,958,284,0,9,1626
G36004700420,1990,NY,,,,,,,,,0420,,,70,Kings,047,,,2,5602,,,,5600,1,New York,36,,,,0000000169,0000000000,Tract 420,S,40608600,-73964901,,1781,9,0,56,2,87,0,0,0,62
G36004700421,1990,NY,,,,,,,,,0421,,,70,Kings,047,,,2,5602,,,,5600,1,New York,36,,,,0000000161,0000000000,Tract 421,S,40697750,-73924224,,58,580,1,24,35,672,164,11,11,1598
G36004700422,1990,NY,,,,,,,,,0422,,,70,Kings,047,,,2,5602,,,,5600,1,New York,36,,,,0000000227,0000000000,Tract 422,S,40605700,-73970177,,2751,46,0,127,3,203,4,0,4,85
G36004700423,1990,NY,,,,,,,,,0423,,,70,Kings,047,,,2,5602,,,,5600,1,New York,36,,,,0000000179,0000000000,Tract 423,S,40698200,-73927879,,110,168,1,50,9,540,98,1,16,1945
G36004700424,1990,NY,,,,,,,,,0424,,,70,Kings,047,,,2,5602,,,,5600,1,New York,36,,,,0000000157,0000000000,Tract 424,S,40607300,-73976579,,2333,24,4,426,7,326,13,7,4,98
G36004700425,1990,NY,,,,,,,,,0425,,,70,Kings,047,,,2,5602,,,,5600,1,New York,36,,,,0000000160,0000000000,Tract 425,S,40701950,-73930612,,93,69,0,15,11,547,240,21,7,1549
G36004700426,1990,NY,,,,,,,,,0426,,,70,Kings,047,,,2,5602,,,,5600,1,New York,36,,,,0000000171,0000000000,Tract 426,S,40605391,-73980819,,2492,6,4,610,9,282,6,7,9,116
G36004700427,1990,NY,,,,,,,,,0427,,,70,Kings,047,,,2,5602,,,,5600,1,New York,36,,,,0000000132,0000000000,Tract 427,S,40702450,-73927514,,155,290,5,142,55,793,405,25,62,3757
G36004700428,1990,NY,,,,,,,,,0428,,,70,Kings,047,,,2,5602,,,,5600,1,New York,36,,,,0000000168,0000000000,Tract 428,S,40605450,-73984899,,2576,34,4,328,0,188,6,0,0,78
G36004700429,1990,NY,,,,,,,,,0429,,,70,Kings,047,,,2,5602,,,,5600,1,New York,36,,,,0000000164,0000000000,Tract 429,S,40700600,-73923686,,385,160,51,339,52,1273,270,21,62,3267
G36004700430,1990,NY,,,,,,,,,0430,,,70,Kings,047,,,2,5602,,,,5600,1,New York,36,,,,0000000158,0000000000,Tract 430,S,40608800,-73984599,,2223,10,3,348,2,210,15,0,12,123
G36004700431,1990,NY,,,,,,,,,0431,,,70,Kings,047,,,2,5602,,,,5600,1,New York,36,,,,0000000161,0000000000,Tract 431,S,40699000,-73920440,,457,224,34,240,41,1028,288,40,56,2987
G36004700432,1990,NY,,,,,,,,,0432,,,70,Kings,047,,,2,5602,,,,5600,1,New York,36,,,,0000000143,0000000000,Tract 432,S,40609200,-73980825,,2180,20,15,697,6,458,7,0,26,159
G36004700433,1990,NY,,,,,,,,,0433,,,70,Kings,047,,,2,5602,,,,5600,1,New York,36,,,,0000000158,0000000000,Tract 433,S,40696700,-73916969,,81,545,12,52,15,491,178,6,20,2003
G36004700434,1990,NY,,,,,,,,,0434,,,70,Kings,047,,,2,5602,,,,5600,1,New York,36,,,,0000000139,0000000000,Tract 434,S,40609700,-73977052,,2233,26,1,391,0,210,5,4,7,91
G36004700435,1990,NY,,,,,,,,,0435,,,70,Kings,047,,,2,5602,,,,5600,1,New York,36,,,,0000000150,0000000000,Tract 435,S,40694550,-73913299,,64,1079,5,97,21,741,331,19,11,1768
G36004700436,1990,NY,,,,,,,,,0436,,,70,Kings,047,,,2,5602,,,,5600,1,New York,36,,,,0000000137,0000000000,Tract 436,S,40612600,-73977487,,2634,18,7,634,2,291,10,2,11,179
G36004700437,1990,NY,,,,,,,,,0437,,,70,Kings,047,,,2,5602,,,,5600,1,New York,36,,,,0000000154,0000000000,Tract 437,S,40693800,-73908167,,95,1621,7,42,55,710,423,10,18,2122
G36004700438,1990,NY,,,,,,,,,0438,,,70,Kings,047,,,2,5602,,,,5600,1,New York,36,,,,0000000156,0000000000,Tract 438,S,40610300,-73970999,,1954,25,0,148,4,91,0,0,1,13
G36004700439,1990,NY,,,,,,,,,0439,,,70,Kings,047,,,2,5602,,,,5600,1,New York,36,,,,0000000198,0000000000,Tract 439,S,40696600,-73909971,,191,590,7,239,17,665,261,26,34,1795
G36004700440,1990,NY,,,,,,,,,0440,,,70,Kings,047,,,2,5602,,,,5600,1,New York,36,,,,0000000202,0000000000,Tract 440,S,40612500,-73971414,,2213,9,8,115,4,89,12,1,12,37
G36004700441,1990,NY,,,,,,,,,0441,,,70,Kings,047,,,2,5602,,,,5600,1,New York,36,,,,0000000137,0000000000,Tract 441,S,40701700,-73914132,,772,108,49,826,36,830,200,25,93,2341
G36004700442,1990,NY,,,,,,,,,0442,,,70,Kings,047,,,2,5602,,,,5600,1,New York,36,,,,0000000182,0000000000,Tract 442,S,40613500,-73965849,,2431,16,1,75,4,107,9,1,3,28
G36004700443,1990,NY,,,,,,,,,0443,,,70,Kings,047,,,2,5602,,,,5600,1,New York,36,,,,0000000160,0000000000,Tract 443,S,40703300,-73917149,,1456,307,33,688,64,649,160,48,66,2007
G36004700444,1990,NY,,,,,,,,,0444,,,70,Kings,047,,,2,5602,,,,5600,1,New York,36,,,,0000000177,0000000000,Tract 444,S,40615600,-73969844,,2649,21,0,100,1,126,10,0,10,90
G36004700445,1990,NY,,,,,,,,,0445,,,70,Kings,047,,,2,5602,,,,5600,1,New York,36,,,,0000000154,0000000000,Tract 445,S,40705100,-73920102,,540,134,17,710,33,655,143,15,97,1924
G36004700446,1990,NY,,,,,,,,,0446,,,70,Kings,047,,,2,5602,,,,5600,1,New York,36,,,,0000000142,0000000000,Tract 446,S,40615250,-73976074,,1251,3,4,196,1,77,0,0,1,11
G36004700447,1990,NY,,,,,,,,,0447,,,70,Kings,047,,,2,5602,,,,5600,1,New York,36,,,,0000000157,0000000000,Tract 447,S,40706850,-73922936,,298,68,5,96,1,285,66,18,22,981
G36004700448,1990,NY,,,,,,,,,0448,,,70,Kings,047,,,2,5602,,,,5600,1,New York,36,,,,0000000209,0000000000,Tract 448,S,40618050,-73973539,,1155,5,1,33,3,81,0,3,0,24
G36004700450,1990,NY,,,,,,,,,0450,,,70,Kings,047,,,2,5602,,,,5600,1,New York,36,,,,0000000241,0000000000,Tract 450,S,40620550,-73972839,,996,1,4,8,0,28,0,0,0,9
G36004700452,1990,NY,,,,,,,,,0452,,,70,Kings,047,,,2,5602,,,,5600,1,New York,36,,,,0000000174,0000000000,Tract 452,S,40620700,-73968299,,2438,3,0,17,1,65,1,0,0,12
G36004700453,1990,NY,,,,,,,,,0453,,,70,Kings,047,,,2,5602,,,,5600,1,New York,36,,,,0000000318,0000000000,Tract 453,S,40705850,-73929756,,39,64,7,25,15,268,68,5,4,1073
G36004700454,1990,NY,,,,,,,,,0454,,,70,Kings,047,,,2,5602,,,,5600,1,New York,36,,,,0000000145,0000000000,Tract 454,S,40618700,-73964925,,1592,5,1,104,1,79,1,0,3,26
G3600470045597,1990,NY,,,,,,,,,045597,,,70,Kings,047,,,2,5602,,,,5600,1,New York,36,,,,0000001795,0000000185,Tract 455.97,S,40717250,-73930300,,0,9,0,0,0,0,0,0,0,0
G3600470045598,1990,NY,,,,,,,,,045598,,,70,Kings,047,,,2,5602,,,,5600,1,New York,36,,,,0000000048,0000000000,Tract 455.98,S,40710540,-73922425,,0,0,0,0,0,0,0,0,0,0
G36004700456,1990,NY,,,,,,,,,0456,,,70,Kings,047,,,2,5602,,,,5600,1,New York,36,,,,0000000160,0000000000,Tract 456,S,40625700,-73967299,,1772,17,0,66,0,46,5,0,0,13
G36004700458,1990,NY,,,,,,,,,0458,,,70,Kings,047,,,2,5602,,,,5600,1,New York,36,,,,0000000178,0000000000,Tract 458,S,40625450,-73969149,,1625,3,0,8,0,37,0,0,0,7
G3600470046001,1990,NY,,,,,,,,,046001,,,70,Kings,047,,,2,5602,,,,5600,1,New York,36,,,,0000000088,0000000000,Tract 460.01,S,40630250,-73968958,,1817,161,1,506,10,137,4,2,9,49
G3600470046002,1990,NY,,,,,,,,,046002,,,70,Kings,047,,,2,5602,,,,5600,1,New York,36,,,,0000000100,0000000000,Tract 460.02,S,40632558,-73963382,,424,111,3,28,2,17,1,0,0,9
G3600470046201,1990,NY,,,,,,,,,046201,,,70,Kings,047,,,2,5602,,,,5600,1,New York,36,,,,0000000127,0000000000,Tract 462.01,S,40627650,-73973934,,1777,64,1,142,0,132,6,5,0,54
G3600470046202,1990,NY,,,,,,,,,046202,,,70,Kings,047,,,2,5602,,,,5600,1,New York,36,,,,0000000170,0000000000,Tract 462.02,S,40624850,-73974855,,1331,3,0,80,0,54,0,4,1,11
G36004700464,1990,NY,,,,,,,,,0464,,,70,Kings,047,,,2,5602,,,,5600,1,New York,36,,,,0000000167,0000000000,Tract 464,S,40624750,-73979386,,1652,19,12,62,4,130,5,0,0,38
G36004700465,1990,NY,,,,,,,,,0465,,,70,Kings,047,,,2,5602,,,,5600,1,New York,36,,,,0000000130,0000000000,Tract 465,S,40717500,-73938757,,90,1512,2,4,7,244,157,8,33,599
G36004700468,1990,NY,,,,,,,,,0468,,,70,Kings,047,,,2,5602,,,,5600,1,New York,36,,,,0000000297,0000000000,Tract 468,S,40622450,-73981698,,1129,0,0,14,0,45,0,0,0,10
G36004700470,1990,NY,,,,,,,,,0470,,,70,Kings,047,,,2,5602,,,,5600,1,New York,36,,,,0000000185,0000000000,Tract 470,S,40625400,-73986649,,2253,4,0,17,0,53,0,0,0,20
G36004700472,1990,NY,,,,,,,,,0472,,,70,Kings,047,,,2,5602,,,,5600,1,New York,36,,,,0000000169,0000000000,Tract 472,S,40626850,-73984406,,2490,4,0,18,0,52,0,0,0,33
G36004700473,1990,NY,,,,,,,,,0473,,,70,Kings,047,,,2,5602,,,,5600,1,New York,36,,,,0000000141,0000000000,Tract 473,S,40720500,-73939241,,391,22,1,12,5,126,14,1,0,100
G36004700474,1990,NY,,,,,,,,,0474,,,70,Kings,047,,,2,5602,,,,5600,1,New York,36,,,,0000000175,0000000000,Tract 474,S,40628400,-73982559,,2766,1,0,5,3,33,1,0,0,26
G36004700476,1990,NY,,,,,,,,,0476,,,70,Kings,047,,,2,5602,,,,5600,1,New York,36,,,,0000000208,0000000000,Tract 476,S,40630150,-73980921,,3040,13,9,63,4,97,1,5,8,53
G36004700477,1990,NY,,,,,,,,,0477,,,70,Kings,047,,,2,5602,,,,5600,1,New York,36,,,,0000000223,0000000000,Tract 477,S,40717633,-73942252,,1663,5,7,95,17,348,28,0,3,256
G36004700478,1990,NY,,,,,,,,,0478,,,70,Kings,047,,,2,5602,,,,5600,1,New York,36,,,,0000000222,0000000000,Tract 478,S,40633250,-73979157,,2591,40,7,240,16,461,51,9,9,370
G36004700480,1990,NY,,,,,,,,,0480,,,70,Kings,047,,,2,5602,,,,5600,1,New York,36,,,,0000000163,0000000000,Tract 480,S,40630200,-73973641,,1872,55,0,333,28,248,29,0,3,102
G36004700481,1990,NY,,,,,,,,,0481,,,70,Kings,047,,,2,5602,,,,5600,1,New York,36,,,,0000000154,0000000000,Tract 481,S,40713700,-73938028,,1202,44,5,69,13,443,37,16,14,760
G36004700482,1990,NY,,,,,,,,,0482,,,70,Kings,047,,,2,5602,,,,5600,1,New York,36,,,,0000000190,0000000000,Tract 482,S,40632524,-73970502,,2868,535,6,479,11,446,54,3,25,201
G36004700483,1990,NY,,,,,,,,,0483,,,70,Kings,047,,,2,5602,,,,5600,1,New York,36,,,,0000000412,0000000000,Tract 483,S,40709250,-73936053,,41,27,6,3,1,181,57,12,0,341
G36004700484,1990,NY,,,,,,,,,0484,,,70,Kings,047,,,2,5602,,,,5600,1,New York,36,,,,0000000204,0000000000,Tract 484,S,40634666,-73973420,,3168,263,9,239,24,419,45,8,30,357
G36004700486,1990,NY,,,,,,,,,0486,,,70,Kings,047,,,2,5602,,,,5600,1,New York,36,,,,0000000175,0000000000,Tract 486,S,40639100,-73978473,,944,278,19,660,14,494,108,8,29,403
G36004700487,1990,NY,,,,,,,,,0487,,,70,Kings,047,,,2,5602,,,,5600,1,New York,36,,,,0000000162,0000000000,Tract 487,S,40703500,-73936756,,8,8,0,1,1,55,36,0,1,143
G36004700488,1990,NY,,,,,,,,,0488,,,70,Kings,047,,,2,5602,,,,5600,1,New York,36,,,,0000000148,0000000000,Tract 488,S,40639250,-73976467,,2206,473,5,301,6,362,71,2,23,303
G36004700489,1990,NY,,,,,,,,,0489,,,70,Kings,047,,,2,5602,,,,5600,1,New York,36,,,,0000000085,0000000000,Tract 489,S,40702300,-73939347,,61,3016,11,2,18,656,724,10,4,2313
G36004700490,1990,NY,,,,,,,,,0490,,,70,Kings,047,,,2,5602,,,,5600,1,New York,36,,,,0000000190,0000000000,Tract 490,S,40637158,-73973152,,3597,708,22,168,16,390,99,1,19,267
G36004700491,1990,NY,,,,,,,,,0491,,,70,Kings,047,,,2,5602,,,,5600,1,New York,36,,,,0000000194,0000000000,Tract 491,S,40703000,-73943722,,255,1643,16,592,16,1081,385,7,35,1416
G36004700492,1990,NY,,,,,,,,,0492,,,70,Kings,047,,,2,5602,,,,5600,1,New York,36,,,,0000000172,0000000000,Tract 492,S,40639850,-73970799,,1458,895,26,230,17,262,84,2,15,194
G36004700493,1990,NY,,,,,,,,,0493,,,70,Kings,047,,,2,5602,,,,5600,1,New York,36,,,,0000000235,0000000000,Tract 493,S,40707550,-73940958,,254,1089,14,17,30,2263,554,6,51,4102
G36004700494,1990,NY,,,,,,,,,0494,,,70,Kings,047,,,2,5602,,,,5600,1,New York,36,,,,0000000181,0000000000,Tract 494,S,40642394,-73973913,,3593,838,19,363,32,302,105,2,19,278
G36004700495,1990,NY,,,,,,,,,0495,,,70,Kings,047,,,2,5602,,,,5600,1,New York,36,,,,0000000129,0000000000,Tract 495,S,40712300,-73943480,,1059,31,3,90,9,392,128,1,0,874
G36004700496,1990,NY,,,,,,,,,0496,,,70,Kings,047,,,2,5602,,,,5600,1,New York,36,,,,0000000198,0000000000,Tract 496,S,40643550,-73980461,,2060,67,4,726,14,394,28,1,16,160
G36004700497,1990,NY,,,,,,,,,0497,,,70,Kings,047,,,2,5602,,,,5600,1,New York,36,,,,0000000162,0000000000,Tract 497,S,40715950,-73944063,,2006,8,1,61,1,102,3,2,2,62
G36004700498,1990,NY,,,,,,,,,0498,,,70,Kings,047,,,2,5602,,,,5600,1,New York,36,,,,0000000208,0000000000,Tract 498,S,40645300,-73983179,,2480,36,5,399,4,237,11,2,1,103
G36004700499,1990,NY,,,,,,,,,0499,,,70,Kings,047,,,2,5602,,,,5600,1,New York,36,,,,0000000143,0000000000,Tract 499,S,40720400,-73947374,,1473,14,0,8,1,139,9,0,0,122
G36004700500,1990,NY,,,,,,,,,0500,,,70,Kings,047,,,2,5602,,,,5600,1,New York,36,,,,0000000196,0000000000,Tract 500,S,40648050,-73978203,,2505,253,3,223,10,236,29,5,3,99
G36004700501,1990,NY,,,,,,,,,0501,,,70,Kings,047,,,2,5602,,,,5600,1,New York,36,,,,0000000174,0000000000,Tract 501,S,40715400,-73949044,,2113,11,6,41,9,246,22,4,13,294
G3600470050201,1990,NY,,,,,,,,,050201,,,70,Kings,047,,,2,5602,,,,5600,1,New York,36,,,,0000000150,0000000000,Tract 502.01,S,40651350,-73978879,,1441,17,3,36,2,75,4,0,5,29
G3600470050202,1990,NY,,,,,,,,,050202,,,70,Kings,047,,,2,5602,,,,5600,1,New York,36,,,,0000000145,0000000000,Tract 502.02,S,40653550,-73974994,,1663,60,4,81,1,137,25,0,6,106
G36004700503,1990,NY,,,,,,,,,0503,,,70,Kings,047,,,2,5602,,,,5600,1,New York,36,,,,0000000124,0000000000,Tract 503,S,40711900,-73948471,,1495,36,8,65,4,386,86,5,16,901
G36004700504,1990,NY,,,,,,,,,0504,,,70,Kings,047,,,2,5602,,,,5600,1,New York,36,,,,0000000245,0000000000,Tract 504,S,40648650,-73974091,,2747,716,35,202,12,325,120,4,6,340
G36004700505,1990,NY,,,,,,,,,0505,,,70,Kings,047,,,2,5602,,,,5600,1,New York,36,,,,0000000168,0000000000,Tract 505,S,40707850,-73944468,,212,922,3,154,24,980,340,8,19,1768
G36004700506,1990,NY,,,,,,,,,0506,,,70,Kings,047,,,2,5602,,,,5600,1,New York,36,,,,0000000173,0000000000,Tract 506,S,40649000,-73966669,,563,3825,11,299,28,526,672,4,12,755
G36004700507,1990,NY,,,,,,,,,0507,,,70,Kings,047,,,2,5602,,,,5600,1,New York,36,,,,0000000165,0000000000,Tract 507,S,40701200,-73947382,,12,23,0,0,4,246,39,1,4,183
G36004700508,1990,NY,,,,,,,,,0508,,,70,Kings,047,,,2,5602,,,,5600,1,New York,36,,,,0000000234,0000000000,Tract 508,S,40652200,-73962174,,396,10032,30,1219,41,679,1029,7,61,885
G36004700509,1990,NY,,,,,,,,,0509,,,70,Kings,047,,,2,5602,,,,5600,1,New York,36,,,,0000000137,0000000000,Tract 509,S,40702967,-73950748,,29,7,0,0,1,186,46,2,4,658
G36004700510,1990,NY,,,,,,,,,0510,,,70,Kings,047,,,2,5602,,,,5600,1,New York,36,,,,0000000184,0000000000,Tract 510,S,40647800,-73961346,,264,7467,19,226,26,339,883,11,36,536
G36004700511,1990,NY,,,,,,,,,0511,,,70,Kings,047,,,2,5602,,,,5600,1,New York,36,,,,0000000160,0000000000,Tract 511,S,40706650,-73949545,,468,509,3,398,18,778,255,14,14,1539
G36004700512,1990,NY,,,,,,,,,0512,,,70,Kings,047,,,2,5602,,,,5600,1,New York,36,,,,0000000144,0000000000,Tract 512,S,40647128,-73963443,,393,4831,27,322,19,411,763,3,29,378
G36004700513,1990,NY,,,,,,,,,0513,,,70,Kings,047,,,2,5602,,,,5600,1,New York,36,,,,0000000259,0000000000,Tract 513,S,40711000,-73952312,,838,172,27,117,25,743,341,9,14,2089
G36004700514,1990,NY,,,,,,,,,0514,,,70,Kings,047,,,2,5602,,,,5600,1,New York,36,,,,0000000185,0000000000,Tract 514,S,40643450,-73961713,,761,4770,39,439,44,708,588,4,47,687
G36004700515,1990,NY,,,,,,,,,0515,,,70,Kings,047,,,2,5602,,,,5600,1,New York,36,,,,0000000186,0000000000,Tract 515,S,40718150,-73951449,,519,10,0,22,0,75,6,0,4,205
G36004700516,1990,NY,,,,,,,,,0516,,,70,Kings,047,,,2,5602,,,,5600,1,New York,36,,,,0000000198,0000000000,Tract 516,S,40639100,-73957631,,428,8935,14,261,18,206,684,2,35,541
G36004700517,1990,NY,,,,,,,,,0517,,,70,Kings,047,,,2,5602,,,,5600,1,New York,36,,,,0000000191,0000000000,Tract 517,S,40719450,-73954642,,1073,12,1,51,1,109,15,0,1,93
G36004700518,1990,NY,,,,,,,,,0518,,,70,Kings,047,,,2,5602,,,,5600,1,New York,36,,,,0000000206,0000000000,Tract 518,S,40637700,-73960662,,1183,1817,9,465,9,230,169,6,28,109
G36004700519,1990,NY,,,,,,,,,0519,,,70,Kings,047,,,2,5602,,,,5600,1,New York,36,,,,0000000279,0000000000,Tract 519,S,40715150,-73955085,,1457,24,16,177,12,414,86,4,4,597
G36004700520,1990,NY,,,,,,,,,0520,,,70,Kings,047,,,2,5602,,,,5600,1,New York,36,,,,0000000199,0000000000,Tract 520,S,40637800,-73964583,,1344,926,14,777,33,375,130,4,32,274
G36004700522,1990,NY,,,,,,,,,0522,,,70,Kings,047,,,2,5602,,,,5600,1,New York,36,,,,0000000171,0000000000,Tract 522,S,40645300,-73965953,,727,240,0,30,1,53,17,0,2,31
G36004700523,1990,NY,,,,,,,,,0523,,,70,Kings,047,,,2,5602,,,,5600,1,New York,36,,,,0000000141,0000000000,Tract 523,S,40711050,-73958828,,164,112,5,32,32,1279,875,34,26,2800
G36004700524,1990,NY,,,,,,,,,0524,,,70,Kings,047,,,2,5602,,,,5600,1,New York,36,,,,0000000209,0000000000,Tract 524,S,40642800,-73968330,,958,634,18,259,19,134,94,0,8,146
G36004700525,1990,NY,,,,,,,,,0525,,,70,Kings,047,,,2,5602,,,,5600,1,New York,36,,,,0000000125,0000000000,Tract 525,S,40708200,-73960437,,1637,156,5,75,11,622,122,11,10,869
G36004700526,1990,NY,,,,,,,,,0526,,,70,Kings,047,,,2,5602,,,,5600,1,New York,36,,,,0000000163,0000000000,Tract 526,S,40636600,-73967143,,2063,825,7,528,9,338,160,4,8,303
G36004700527,1990,NY,,,,,,,,,0527,,,70,Kings,047,,,2,5602,,,,5600,1,New York,36,,,,0000000188,0000000000,Tract 527,S,40708400,-73954032,,115,226,4,230,29,1333,1548,64,45,3447
G36004700528,1990,NY,,,,,,,,,0528,,,70,Kings,047,,,2,5602,,,,5600,1,New York,36,,,,0000000165,0000000000,Tract 528,S,40631091,-73962958,,1263,190,0,161,7,73,26,9,2,45
G36004700529,1990,NY,,,,,,,,,0529,,,70,Kings,047,,,2,5602,,,,5600,1,New York,36,,,,0000000172,0000000000,Tract 529,S,40705350,-73955333,,3006,78,0,87,7,321,126,1,2,527
G36004700530,1990,NY,,,,,,,,,0530,,,70,Kings,047,,,2,5602,,,,5600,1,New York,36,,,,0000000170,0000000000,Tract 530,S,40627950,-73963808,,2025,215,5,466,5,134,12,0,5,108
G36004700531,1990,NY,,,,,,,,,0531,,,70,Kings,047,,,2,5602,,,,5600,1,New York,36,,,,0000000162,0000000000,Tract 531,S,40700950,-73953880,,736,30,0,16,5,241,93,1,5,644
G36004700532,1990,NY,,,,,,,,,0532,,,70,Kings,047,,,2,5602,,,,5600,1,New York,36,,,,0000000173,0000000000,Tract 532,S,40626450,-73960676,,1592,134,1,335,1,83,11,0,5,21
G36004700533,1990,NY,,,,,,,,,0533,,,70,Kings,047,,,2,5602,,,,5600,1,New York,36,,,,0000000173,0000000000,Tract 533,S,40704100,-73957248,,6617,58,6,5,111,219,19,0,4,189
G36004700534,1990,NY,,,,,,,,,0534,,,70,Kings,047,,,2,5602,,,,5600,1,New York,36,,,,0000000165,0000000000,Tract 534,S,40623700,-73963044,,2519,541,8,733,6,242,21,0,10,111
G36004700535,1990,NY,,,,,,,,,0535,,,70,Kings,047,,,2,5602,,,,5600,1,New York,36,,,,0000000130,0000000000,Tract 535,S,40705100,-73961697,,3990,22,4,1,3,297,50,11,0,338
G36004700536,1990,NY,,,,,,,,,0536,,,70,Kings,047,,,2,5602,,,,5600,1,New York,36,,,,0000000150,0000000000,Tract 536,S,40619800,-73960531,,693,15,0,73,0,35,1,0,0,9
G36004700537,1990,NY,,,,,,,,,0537,,,70,Kings,047,,,2,5602,,,,5600,1,New York,36,,,,0000000158,0000000000,Tract 537,S,40700950,-73959863,,1523,9,0,1,39,25,3,0,0,30
G36004700538,1990,NY,,,,,,,,,0538,,,70,Kings,047,,,2,5602,,,,5600,1,New York,36,,,,0000000170,0000000000,Tract 538,S,40618300,-73956990,,3585,75,0,386,3,101,4,0,9,72
G36004700539,1990,NY,,,,,,,,,0539,,,70,Kings,047,,,2,5602,,,,5600,1,New York,36,,,,0000000119,0000000000,Tract 539,S,40702900,-73962955,,3973,192,3,6,7,330,35,1,10,394
G36004700540,1990,NY,,,,,,,,,0540,,,70,Kings,047,,,2,5602,,,,5600,1,New York,36,,,,0000000149,0000000000,Tract 540,S,40617500,-73961822,,2074,13,0,249,3,43,1,0,0,36
G36004700542,1990,NY,,,,,,,,,0542,,,70,Kings,047,,,2,5602,,,,5600,1,New York,36,,,,0000000187,0000000000,Tract 542,S,40614050,-73961125,,3206,30,1,131,3,196,8,0,5,46
G36004700543,1990,NY,,,,,,,,,0543,,,70,Kings,047,,,2,5602,,,,5600,1,New York,36,,,,0000000996,0000000293,Tract 543,S,40699467,-73971285,,0,0,0,0,0,0,0,0,0,0
G36004700544,1990,NY,,,,,,,,,0544,,,70,Kings,047,,,2,5602,,,,5600,1,New York,36,,,,0000000186,0000000000,Tract 544,S,40611750,-73957754,,2666,22,6,287,0,65,8,0,0,24
G36004700545,1990,NY,,,,,,,,,0545,,,70,Kings,047,,,2,5602,,,,5600,1,New York,36,,,,0000000136,0000000000,Tract 545,S,40704650,-73965320,,4068,253,1,17,13,830,171,5,6,858
G3600470054698,1990,NY,,,,,,,,,054698,,,70,Kings,047,,,2,5602,,,,5600,1,New York,36,,,,0000000178,0000000000,Tract 546.98,S,40612100,-73953602,,3752,74,5,152,6,232,8,1,5,46
G36004700547,1990,NY,,,,,,,,,0547,,,70,Kings,047,,,2,5602,,,,5600,1,New York,36,,,,0000000133,0000000000,Tract 547,S,40708150,-73966799,,617,61,9,5,3,261,87,3,1,550
G36004700548,1990,NY,,,,,,,,,0548,,,70,Kings,047,,,2,5602,,,,5600,1,New York,36,,,,0000000174,0000000000,Tract 548,S,40610300,-73949425,,1762,7,0,84,0,64,4,0,0,13
G36004700549,1990,NY,,,,,,,,,0549,,,70,Kings,047,,,2,5602,,,,5600,1,New York,36,,,,0000000170,0000000000,Tract 549,S,40710835,-73966092,,204,59,1,19,2,352,134,4,8,407
G36004700550,1990,NY,,,,,,,,,0550,,,70,Kings,047,,,2,5602,,,,5600,1,New York,36,,,,0000000174,0000000000,Tract 550,S,40607600,-73952823,,2484,69,3,279,1,108,8,0,4,90
G36004700551,1990,NY,,,,,,,,,0551,,,70,Kings,047,,,2,5602,,,,5600,1,New York,36,,,,0000000194,0000000000,Tract 551,S,40713900,-73964456,,547,124,10,36,14,1205,495,34,22,2231
G36004700552,1990,NY,,,,,,,,,0552,,,70,Kings,047,,,2,5602,,,,5600,1,New York,36,,,,0000000162,0000000000,Tract 552,S,40608950,-73957190,,2357,104,3,408,2,104,2,0,4,37
G36004700553,1990,NY,,,,,,,,,0553,,,70,Kings,047,,,2,5602,,,,5600,1,New York,36,,,,0000000157,0000000000,Tract 553,S,40716350,-73960150,,1450,18,1,131,1,362,9,6,3,248
G36004700554,1990,NY,,,,,,,,,0554,,,70,Kings,047,,,2,5602,,,,5600,1,New York,36,,,,0000000166,0000000000,Tract 554,S,40607867,-73961043,,3144,61,20,330,30,139,5,2,5,91
G36004700555,1990,NY,,,,,,,,,0555,,,70,Kings,047,,,2,5602,,,,5600,1,New York,36,,,,0000000156,0000000000,Tract 555,S,40717450,-73963449,,359,25,3,63,0,47,1,0,0,40
G36004700556,1990,NY,,,,,,,,,0556,,,70,Kings,047,,,2,5602,,,,5600,1,New York,36,,,,0000000188,0000000000,Tract 556,S,40602050,-73959728,,2818,19,11,219,3,122,4,0,0,45
G36004700557,1990,NY,,,,,,,,,0557,,,70,Kings,047,,,2,5602,,,,5600,1,New York,36,,,,0000000167,0000000000,Tract 557,S,40720600,-73958023,,828,3,0,72,0,92,0,0,0,81
G36004700558,1990,NY,,,,,,,,,0558,,,70,Kings,047,,,2,5602,,,,5600,1,New York,36,,,,0000000169,0000000000,Tract 558,S,40604756,-73956169,,1911,13,2,276,1,109,10,0,4,56
G36004700559,1990,NY,,,,,,,,,0559,,,70,Kings,047,,,2,5602,,,,5600,1,New York,36,,,,0000000081,0000000000,Tract 559,S,40725667,-73957102,,101,3,0,0,0,15,6,0,0,29
G36004700560,1990,NY,,,,,,,,,0560,,,70,Kings,047,,,2,5602,,,,5600,1,New York,36,,,,0000000179,0000000000,Tract 560,S,40602900,-73951925,,2681,36,4,94,4,119,4,0,1,27
G36004700562,1990,NY,,,,,,,,,0562,,,70,Kings,047,,,2,5602,,,,5600,1,New York,36,,,,0000000169,0000000000,Tract 562,S,40603350,-73948073,,1419,3,0,69,0,8,0,0,0,2
G36004700563,1990,NY,,,,,,,,,0563,,,70,Kings,047,,,2,5602,,,,5600,1,New York,36,,,,0000000202,0000000000,Tract 563,S,40734250,-73956994,,1511,233,20,254,19,703,89,14,60,1060
G36004700564,1990,NY,,,,,,,,,0564,,,70,Kings,047,,,2,5602,,,,5600,1,New York,36,,,,0000000180,0000000000,Tract 564,S,40606200,-73943923,,2025,12,0,61,0,43,0,0,0,30
G36004700565,1990,NY,,,,,,,,,0565,,,70,Kings,047,,,2,5602,,,,5600,1,New York,36,,,,0000000172,0000000000,Tract 565,S,40729950,-73956249,,2349,73,28,146,8,554,54,4,15,450
G36004700566,1990,NY,,,,,,,,,0566,,,70,Kings,047,,,2,5602,,,,5600,1,New York,36,,,,0000000172,0000000000,Tract 566,S,40604100,-73941525,,1972,55,1,88,4,71,1,0,2,28
G36004700567,1990,NY,,,,,,,,,0567,,,70,Kings,047,,,2,5602,,,,5600,1,New York,36,,,,0000000172,0000000000,Tract 567,S,40726700,-73954467,,2598,41,6,202,25,156,12,1,10,302
G36004700568,1990,NY,,,,,,,,,0568,,,70,Kings,047,,,2,5602,,,,5600,1,New York,36,,,,0000000116,0000000000,Tract 568,S,40602050,-73938194,,1031,1,2,57,0,46,0,0,0,5
G36004700569,1990,NY,,,,,,,,,0569,,,70,Kings,047,,,2,5602,,,,5600,1,New York,36,,,,0000000132,0000000000,Tract 569,S,40723800,-73952799,,1318,36,2,93,4,106,5,0,1,56
G36004700570,1990,NY,,,,,,,,,0570,,,70,Kings,047,,,2,5602,,,,5600,1,New York,36,,,,0000000251,0000000000,Tract 570,S,40599900,-73937749,,2993,67,7,126,0,79,6,0,0,21
G36004700571,1990,NY,,,,,,,,,0571,,,70,Kings,047,,,2,5602,,,,5600,1,New York,36,,,,0000000177,0000000000,Tract 571,S,40725150,-73948528,,4545,2,1,100,12,178,1,3,0,115
G36004700572,1990,NY,,,,,,,,,0572,,,70,Kings,047,,,2,5602,,,,5600,1,New York,36,,,,0000000254,0000000000,Tract 572,S,40597700,-73937299,,3046,1292,7,124,5,441,141,9,4,196
G36004700573,1990,NY,,,,,,,,,0573,,,70,Kings,047,,,2,5602,,,,5600,1,New York,36,,,,0000000170,0000000000,Tract 573,S,40727150,-73948699,,2228,10,5,77,0,112,8,0,0,103
G36004700574,1990,NY,,,,,,,,,0574,,,70,Kings,047,,,2,5602,,,,5600,1,New York,36,,,,0000000157,0000000000,Tract 574,S,40601300,-73944949,,1718,11,3,355,1,63,0,0,10,18
G36004700575,1990,NY,,,,,,,,,0575,,,70,Kings,047,,,2,5602,,,,5600,1,New York,36,,,,0000000187,0000000000,Tract 575,S,40731750,-73953555,,2991,100,25,260,20,403,48,8,13,852
G36004700576,1990,NY,,,,,,,,,0576,,,70,Kings,047,,,2,5602,,,,5600,1,New York,36,,,,0000000159,0000000000,Tract 576,S,40599050,-73947265,,1763,20,0,436,0,115,1,0,0,27
G36004700577,1990,NY,,,,,,,,,0577,,,70,Kings,047,,,2,5602,,,,5600,1,New York,36,,,,0000000648,0000000115,Tract 577,S,40724758,-73960458,,65,1,0,0,0,0,0,0,0,1
G36004700578,1990,NY,,,,,,,,,0578,,,70,Kings,047,,,2,5602,,,,5600,1,New York,36,,,,0000000172,0000000000,Tract 578,S,40598350,-73952128,,1846,15,0,472,10,123,7,0,3,106
G36004700579,1990,NY,,,,,,,,,0579,,,70,Kings,047,,,2,5602,,,,5600,1,New York,36,,,,0000000688,0000000114,Tract 579,S,40734250,-73948956,,450,10,8,31,5,382,67,4,3,270
G36004700580,1990,NY,,,,,,,,,0580,,,70,Kings,047,,,2,5602,,,,5600,1,New York,36,,,,0000000152,0000000000,Tract 580,S,40600017,-73956227,,1918,24,0,585,0,103,2,1,8,75
G36004700582,1990,NY,,,,,,,,,0582,,,70,Kings,047,,,2,5602,,,,5600,1,New York,36,,,,0000000158,0000000000,Tract 582,S,40599267,-73960110,,1973,18,1,439,1,130,3,0,1,58
G36004700584,1990,NY,,,,,,,,,0584,,,70,Kings,047,,,2,5602,,,,5600,1,New York,36,,,,0000000218,0000000000,Tract 584,S,40593501,-73958819,,2761,41,2,365,2,94,1,0,7,41
G36004700586,1990,NY,,,,,,,,,0586,,,70,Kings,047,,,2,5602,,,,5600,1,New York,36,,,,0000000159,0000000000,Tract 586,S,40594680,-73955159,,938,171,1,576,0,67,12,1,10,21
G36004700588,1990,NY,,,,,,,,,0588,,,70,Kings,047,,,2,5602,,,,5600,1,New York,36,,,,0000000160,0000000000,Tract 588,S,40590000,-73959099,,2721,40,1,325,3,116,8,0,6,43
G36004700589,1990,NY,,,,,,,,,0589,,,70,Kings,047,,,2,5602,,,,5600,1,New York,36,,,,0000000437,0000000030,Tract 589,S,40729167,-73940334,,1633,16,1,41,1,103,10,0,2,27
G36004700590,1990,NY,,,,,,,,,0590,,,70,Kings,047,,,2,5602,,,,5600,1,New York,36,,,,0000000160,0000000000,Tract 590,S,40590107,-73954902,,703,204,0,299,0,104,5,0,1,19
G36004700591,1990,NY,,,,,,,,,0591,,,70,Kings,047,,,2,5602,,,,5600,1,New York,36,,,,0000000190,0000000000,Tract 591,S,40724000,-73943576,,3783,46,8,23,7,239,19,0,4,320
G36004700592,1990,NY,,,,,,,,,0592,,,70,Kings,047,,,2,5602,,,,5600,1,New York,36,,,,0000000227,0000000000,Tract 592,S,40591471,-73952408,,2826,28,2,516,4,136,3,0,9,41
G36004700593,1990,NY,,,,,,,,,0593,,,70,Kings,047,,,2,5602,,,,5600,1,New York,36,,,,0000000187,0000000000,Tract 593,S,40724550,-73938389,,1664,29,2,18,0,343,26,6,1,283
G3600470059401,1990,NY,,,,,,,,,059401,,,70,Kings,047,,,2,5602,,,,5600,1,New York,36,,,,0000000408,0000000000,Tract 594.01,S,40591950,-73948517,,5584,12,10,929,4,265,4,1,2,47
G3600470059402,1990,NY,,,,,,,,,059402,,,70,Kings,047,,,2,5602,,,,5600,1,New York,36,,,,0000000317,0000000000,Tract 594.02,S,40594700,-73944003,,3827,14,3,149,3,117,2,0,0,15
G36004700596,1990,NY,,,,,,,,,0596,,,70,Kings,047,,,2,5602,,,,5600,1,New York,36,,,,0000000171,0000000000,Tract 596,S,40590800,-73940599,,2349,68,0,58,1,50,1,0,4,15
G36004700598,1990,NY,,,,,,,,,0598,,,70,Kings,047,,,2,5602,,,,5600,1,New York,36,,,,0000000196,0000000000,Tract 598,S,40587250,-73936922,,2450,165,2,104,1,89,10,0,5,42
G3600470060097,1990,NY,,,,,,,,,060097,,,70,Kings,047,,,2,5602,,,,5600,1,New York,36,,,,0000000416,0000000000,Tract 600.97,S,40586200,-73946789,,4370,40,3,240,7,242,6,3,3,43
G3600470060098,1990,NY,,,,,,,,,060098,,,70,Kings,047,,,2,5602,,,,5600,1,New York,36,,,,0000000016,0000000000,Tract 600.98,S,40586900,-73952925,,140,5,0,49,0,10,0,0,0,12
G3600470060697,1990,NY,,,,,,,,,060697,,,70,Kings,047,,,2,5602,,,,5600,1,New York,36,,,,0000000180,0000000000,Tract 606.97,S,40586400,-73957387,,1895,53,1,216,2,120,5,0,9,66
G36004700608,1990,NY,,,,,,,,,0608,,,70,Kings,047,,,2,5602,,,,5600,1,New York,36,,,,0000000364,0000000147,Tract 608,S,40584030,-73949910,,2204,86,7,173,4,138,18,0,3,86
G3600470061001,1990,NY,,,,,,,,,061001,,,70,Kings,047,,,2,5602,,,,5600,1,New York,36,,,,0000000302,0000000000,Tract 610.01,S,40581090,-73956985,,5501,149,22,876,32,473,29,1,24,302
G3600470061097,1990,NY,,,,,,,,,061097,,,70,Kings,047,,,2,5602,,,,5600,1,New York,36,,,,0000000210,0000000801,Tract 610.97,S,40568750,-73956236,,2254,25,0,12,0,76,0,0,0,25
G36004700612,1990,NY,,,,,,,,,0612,,,70,Kings,047,,,2,5602,,,,5600,1,New York,36,,,,0000000190,0000000046,Tract 612,S,40580850,-73951049,,982,7,0,11,0,36,0,0,3,14
G36004700614,1990,NY,,,,,,,,,0614,,,70,Kings,047,,,2,5602,,,,5600,1,New York,36,,,,0000000147,0000000000,Tract 614,S,40578500,-73950599,,806,2,0,25,0,37,0,0,0,4
G3600470061697,1990,NY,,,,,,,,,061697,,,70,Kings,047,,,2,5602,,,,5600,1,New York,36,,,,0000000552,0000002079,Tract 616.97,S,40573810,-73938887,,906,71,2,18,1,52,9,0,0,42
G3600470061698,1990,NY,,,,,,,,,061698,,,70,Kings,047,,,2,5602,,,,5600,1,New York,36,,,,0000000127,0000000000,Tract 616.98,S,40576150,-73950075,,643,1,0,7,0,3,0,0,0,0
G36004700618,1990,NY,,,,,,,,,0618,,,70,Kings,047,,,2,5602,,,,5600,1,New York,36,,,,0000000178,0000000038,Tract 618,S,40579600,-73944118,,764,0,0,10,0,4,0,0,0,4
G36004700622,1990,NY,,,,,,,,,0622,,,70,Kings,047,,,2,5602,,,,5600,1,New York,36,,,,0000000241,0000000118,Tract 622,S,40583800,-73936474,,2732,160,1,49,2,144,27,4,0,60
G36004700626,1990,NY,,,,,,,,,0626,,,70,Kings,047,,,2,5602,,,,5600,1,New York,36,,,,0000000324,0000000000,Tract 626,S,40593450,-73935949,,2320,14,0,84,1,62,4,0,0,29
G3600470062898,1990,NY,,,,,,,,,062898,,,70,Kings,047,,,2,5602,,,,5600,1,New York,36,,,,0000000779,0000000243,Tract 628.98,S,40591273,-73928502,,5226,4,12,39,0,127,0,0,1,25
G36004700632,1990,NY,,,,,,,,,0632,,,70,Kings,047,,,2,5602,,,,5600,1,New York,36,,,,0000000125,0000000000,Tract 632,S,40599650,-73932315,,1319,4,0,32,1,48,0,0,0,4
G36004700636,1990,NY,,,,,,,,,0636,,,70,Kings,047,,,2,5602,,,,5600,1,New York,36,,,,0000000112,0000000000,Tract 636,S,40610600,-73937087,,1119,1,1,33,0,44,0,0,0,6
G36004700638,1990,NY,,,,,,,,,0638,,,70,Kings,047,,,2,5602,,,,5600,1,New York,36,,,,0000000143,0000000000,Tract 638,S,40606150,-73939691,,1354,6,0,41,0,45,0,0,0,10
G36004700640,1990,NY,,,,,,,,,0640,,,70,Kings,047,,,2,5602,,,,5600,1,New York,36,,,,0000000158,0000000000,Tract 640,S,40610800,-73941100,,1339,4,1,40,0,39,0,0,0,2
G36004700642,1990,NY,,,,,,,,,0642,,,70,Kings,047,,,2,5602,,,,5600,1,New York,36,,,,0000000227,0000000000,Tract 642,S,40613200,-73947248,,2072,10,0,143,1,148,2,0,0,31
G36004700644,1990,NY,,,,,,,,,0644,,,70,Kings,047,,,2,5602,,,,5600,1,New York,36,,,,0000000204,0000000000,Tract 644,S,40613567,-73944210,,1904,1,1,32,0,84,1,0,2,24
G36004700646,1990,NY,,,,,,,,,0646,,,70,Kings,047,,,2,5602,,,,5600,1,New York,36,,,,0000000165,0000000000,Tract 646,S,40616900,-73940335,,1750,4,1,59,0,77,2,0,1,15
G36004700648,1990,NY,,,,,,,,,0648,,,70,Kings,047,,,2,5602,,,,5600,1,New York,36,,,,0000000142,0000000000,Tract 648,S,40618500,-73937475,,1581,12,2,17,1,57,0,0,0,6
G36004700650,1990,NY,,,,,,,,,0650,,,70,Kings,047,,,2,5602,,,,5600,1,New York,36,,,,0000000174,0000000000,Tract 650,S,40619933,-73933724,,1000,31,1,40,1,94,18,5,6,17
G36004700652,1990,NY,,,,,,,,,0652,,,70,Kings,047,,,2,5602,,,,5600,1,New York,36,,,,0000000187,0000000000,Tract 652,S,40614700,-73930681,,1031,0,0,13,0,10,0,0,0,1
G36004700654,1990,NY,,,,,,,,,0654,,,70,Kings,047,,,2,5602,,,,5600,1,New York,36,,,,0000000130,0000000000,Tract 654,S,40613750,-73932184,,1516,7,0,17,0,34,0,0,0,3
G36004700656,1990,NY,,,,,,,,,0656,,,70,Kings,047,,,2,5602,,,,5600,1,New York,36,,,,0000000154,0000000000,Tract 656,S,40612050,-73934889,,1689,7,3,12,0,42,0,0,0,3
G36004700658,1990,NY,,,,,,,,,0658,,,70,Kings,047,,,2,5602,,,,5600,1,New York,36,,,,0000000154,0000000000,Tract 658,S,40608350,-73931967,,1568,2,1,30,0,53,0,0,0,8
G36004700660,1990,NY,,,,,,,,,0660,,,70,Kings,047,,,2,5602,,,,5600,1,New York,36,,,,0000000140,0000000000,Tract 660,S,40610200,-73929149,,1578,1,1,4,0,61,0,0,2,0
G36004700662,1990,NY,,,,,,,,,0662,,,70,Kings,047,,,2,5602,,,,5600,1,New York,36,,,,0000000229,0000000000,Tract 662,S,40610000,-73925256,,1290,4,0,31,0,30,0,0,0,8
G3600470066698,1990,NY,,,,,,,,,066698,,,70,Kings,047,,,2,5602,,,,5600,1,New York,36,,,,0000004430,0000005539,Tract 666.98,S,40591686,-73913955,,0,0,0,0,0,0,0,0,0,0
G36004700670,1990,NY,,,,,,,,,0670,,,70,Kings,047,,,2,5602,,,,5600,1,New York,36,,,,0000000204,0000000000,Tract 670,S,40612933,-73923403,,2126,3,0,53,1,60,0,0,0,23
G36004700672,1990,NY,,,,,,,,,0672,,,70,Kings,047,,,2,5602,,,,5600,1,New York,36,,,,0000000165,0000000000,Tract 672,S,40617750,-73928559,,880,10,0,43,1,53,0,0,0,14
G36004700674,1990,NY,,,,,,,,,0674,,,70,Kings,047,,,2,5602,,,,5600,1,New York,36,,,,0000000189,0000000000,Tract 674,S,40620000,-73930821,,1558,26,3,32,1,61,0,0,0,31
G36004700676,1990,NY,,,,,,,,,0676,,,70,Kings,047,,,2,5602,,,,5600,1,New York,36,,,,0000000148,0000000000,Tract 676,S,40624656,-73927556,,980,187,16,73,1,79,14,0,0,21
G36004700678,1990,NY,,,,,,,,,0678,,,70,Kings,047,,,2,5602,,,,5600,1,New York,36,,,,0000000167,0000000000,Tract 678,S,40624970,-73923774,,1841,5,0,14,0,52,0,0,0,12
G36004700680,1990,NY,,,,,,,,,0680,,,70,Kings,047,,,2,5602,,,,5600,1,New York,36,,,,0000000167,0000000000,Tract 680,S,40620273,-73926132,,1410,1,3,24,0,41,0,0,0,1
G36004700682,1990,NY,,,,,,,,,0682,,,70,Kings,047,,,2,5602,,,,5600,1,New York,36,,,,0000000197,0000000000,Tract 682,S,40615788,-73924774,,1782,3,2,12,0,33,0,0,0,9
G36004700686,1990,NY,,,,,,,,,0686,,,70,Kings,047,,,2,5602,,,,5600,1,New York,36,,,,0000000150,0000000000,Tract 686,S,40614600,-73917931,,1473,1,2,54,0,27,0,0,0,3
G36004700688,1990,NY,,,,,,,,,0688,,,70,Kings,047,,,2,5602,,,,5600,1,New York,36,,,,0000000154,0000000000,Tract 688,S,40616050,-73919835,,1405,0,0,5,0,39,0,0,0,3
G36004700690,1990,NY,,,,,,,,,0690,,,70,Kings,047,,,2,5602,,,,5600,1,New York,36,,,,0000000178,0000000000,Tract 690,S,40620600,-73921275,,1554,0,1,11,0,41,4,0,1,0
G36004700692,1990,NY,,,,,,,,,0692,,,70,Kings,047,,,2,5602,,,,5600,1,New York,36,,,,0000000175,0000000000,Tract 692,S,40622950,-73920574,,1875,2,0,18,0,62,1,0,0,2
G36004700696,1990,NY,,,,,,,,,0696,,,70,Kings,047,,,2,5602,,,,5600,1,New York,36,,,,0000001131,0000000225,Tract 696,S,40625150,-73911658,,6181,13,2,120,2,184,2,0,0,54
G36004700698,1990,NY,,,,,,,,,0698,,,70,Kings,047,,,2,5602,,,,5600,1,New York,36,,,,0000000176,0000000000,Tract 698,S,40617050,-73914117,,1105,1,0,12,0,24,0,0,0,1
G36004700700,1990,NY,,,,,,,,,0700,,,70,Kings,047,,,2,5602,,,,5600,1,New York,36,,,,0000000205,0000000000,Tract 700,S,40620050,-73907974,,1574,2,0,21,0,23,0,0,0,0
G3600470070201,1990,NY,,,,,,,,,070201,,,70,Kings,047,,,2,5602,,,,5600,1,New York,36,,,,0000001062,0000000149,Tract 702.01,S,40609150,-73908513,,6107,11,2,155,0,117,1,0,0,11
G3600470070202,1990,NY,,,,,,,,,070202,,,70,Kings,047,,,2,5602,,,,5600,1,New York,36,,,,0000005854,0000001590,Tract 702.02,S,40591636,-73892527,,49,5,0,16,0,3,0,0,0,1
G3600470070203,1990,NY,,,,,,,,,070203,,,70,Kings,047,,,2,5602,,,,5600,1,New York,36,,,,0000006313,0000016125,Tract 702.03,S,40632700,-73866759,,0,0,0,0,0,0,0,0,0,1
G36004700706,1990,NY,,,,,,,,,0706,,,70,Kings,047,,,2,5602,,,,5600,1,New York,36,,,,0000001557,0000001033,Tract 706,S,40609750,-73893021,,2416,1,0,34,0,35,0,0,0,1
G36004700720,1990,NY,,,,,,,,,0720,,,70,Kings,047,,,2,5602,,,,5600,1,New York,36,,,,0000000154,0000000000,Tract 720,S,40630000,-73920890,,1156,1,0,1,0,49,0,0,1,2
G36004700722,1990,NY,,,,,,,,,0722,,,70,Kings,047,,,2,5602,,,,5600,1,New York,36,,,,0000000245,0000000000,Tract 722,S,40631786,-73924387,,536,1846,4,32,3,47,73,12,0,32
G36004700724,1990,NY,,,,,,,,,0724,,,70,Kings,047,,,2,5602,,,,5600,1,New York,36,,,,0000000185,0000000000,Tract 724,S,40634050,-73927043,,236,1561,6,10,4,30,78,1,0,31
G36004700726,1990,NY,,,,,,,,,0726,,,70,Kings,047,,,2,5602,,,,5600,1,New York,36,,,,0000000138,0000000000,Tract 726,S,40631399,-73933809,,267,1309,3,25,4,26,73,2,2,28
G36004700728,1990,NY,,,,,,,,,0728,,,70,Kings,047,,,2,5602,,,,5600,1,New York,36,,,,0000000209,0000000000,Tract 728,S,40629242,-73927626,,1375,1701,13,142,12,108,79,2,0,57
G36004700730,1990,NY,,,,,,,,,0730,,,70,Kings,047,,,2,5602,,,,5600,1,New York,36,,,,0000000168,0000000000,Tract 730,S,40625333,-73930380,,569,1064,1,39,8,71,60,0,0,42
G36004700732,1990,NY,,,,,,,,,0732,,,70,Kings,047,,,2,5602,,,,5600,1,New York,36,,,,0000000159,0000000000,Tract 732,S,40629050,-73933674,,490,1231,6,34,17,134,57,0,4,30
G36004700734,1990,NY,,,,,,,,,0734,,,70,Kings,047,,,2,5602,,,,5600,1,New York,36,,,,0000000148,0000000000,Tract 734,S,40628800,-73937397,,339,1171,7,60,6,31,61,0,5,72
G36004700736,1990,NY,,,,,,,,,0736,,,70,Kings,047,,,2,5602,,,,5600,1,New York,36,,,,0000000183,0000000000,Tract 736,S,40624550,-73935949,,1082,1248,4,190,23,184,89,14,2,86
G36004700738,1990,NY,,,,,,,,,0738,,,70,Kings,047,,,2,5602,,,,5600,1,New York,36,,,,0000000176,0000000000,Tract 738,S,40622150,-73939165,,1694,476,10,149,7,147,25,0,6,154
G36004700740,1990,NY,,,,,,,,,0740,,,70,Kings,047,,,2,5602,,,,5600,1,New York,36,,,,0000000163,0000000000,Tract 740,S,40627233,-73941949,,777,1430,3,126,12,189,109,0,14,141
G36004700742,1990,NY,,,,,,,,,0742,,,70,Kings,047,,,2,5602,,,,5600,1,New York,36,,,,0000000185,0000000000,Tract 742,S,40625750,-73945658,,1288,1264,0,138,8,109,80,8,5,82
G36004700744,1990,NY,,,,,,,,,0744,,,70,Kings,047,,,2,5602,,,,5600,1,New York,36,,,,0000000175,0000000000,Tract 744,S,40623550,-73943273,,1722,92,1,62,0,76,13,0,0,27
G36004700746,1990,NY,,,,,,,,,0746,,,70,Kings,047,,,2,5602,,,,5600,1,New York,36,,,,0000000203,0000000000,Tract 746,S,40618800,-73943366,,1386,45,2,91,1,121,9,0,4,24
G36004700748,1990,NY,,,,,,,,,0748,,,70,Kings,047,,,2,5602,,,,5600,1,New York,36,,,,0000000172,0000000000,Tract 748,S,40623100,-73947174,,1332,421,3,69,5,74,25,0,0,32
G36004700750,1990,NY,,,,,,,,,0750,,,70,Kings,047,,,2,5602,,,,5600,1,New York,36,,,,0000000165,0000000000,Tract 750,S,40627800,-73949029,,2188,269,3,127,1,94,41,0,1,101
G36004700752,1990,NY,,,,,,,,,0752,,,70,Kings,047,,,2,5602,,,,5600,1,New York,36,,,,0000000182,0000000000,Tract 752,S,40624850,-73953299,,1240,5,0,8,0,12,1,0,0,1
G36004700754,1990,NY,,,,,,,,,0754,,,70,Kings,047,,,2,5602,,,,5600,1,New York,36,,,,0000000178,0000000000,Tract 754,S,40620150,-73951325,,1480,6,0,0,0,9,0,0,0,7
G36004700756,1990,NY,,,,,,,,,0756,,,70,Kings,047,,,2,5602,,,,5600,1,New York,36,,,,0000000167,0000000000,Tract 756,S,40618100,-73948173,,1632,27,12,67,0,68,5,0,0,1
G3600470075898,1990,NY,,,,,,,,,075898,,,70,Kings,047,,,2,5602,,,,5600,1,New York,36,,,,0000000212,0000000000,Tract 758.98,S,40616133,-73952557,,1585,18,0,34,0,34,0,0,1,2
G36004700760,1990,NY,,,,,,,,,0760,,,70,Kings,047,,,2,5602,,,,5600,1,New York,36,,,,0000000176,0000000000,Tract 760,S,40622100,-73955695,,2305,50,0,204,1,109,2,0,0,63
G36004700762,1990,NY,,,,,,,,,0762,,,70,Kings,047,,,2,5602,,,,5600,1,New York,36,,,,0000000187,0000000000,Tract 762,S,40624400,-73957249,,2666,678,2,416,6,454,52,7,8,173
G36004700764,1990,NY,,,,,,,,,0764,,,70,Kings,047,,,2,5602,,,,5600,1,New York,36,,,,0000000161,0000000000,Tract 764,S,40631500,-73958475,,857,2269,14,112,9,171,232,3,0,154
G36004700766,1990,NY,,,,,,,,,0766,,,70,Kings,047,,,2,5602,,,,5600,1,New York,36,,,,0000000081,0000000000,Tract 766,S,40633950,-73957699,,194,1552,1,47,0,58,91,0,11,58
G36004700770,1990,NY,,,,,,,,,0770,,,70,Kings,047,,,2,5602,,,,5600,1,New York,36,,,,0000000161,0000000000,Tract 770,S,40636900,-73954276,,301,1732,3,83,4,77,113,0,3,150
G36004700772,1990,NY,,,,,,,,,0772,,,70,Kings,047,,,2,5602,,,,5600,1,New York,36,,,,0000000402,0000000000,Tract 772,S,40632350,-73953974,,1372,1415,17,152,12,212,159,3,5,120
G36004700774,1990,NY,,,,,,,,,0774,,,70,Kings,047,,,2,5602,,,,5600,1,New York,36,,,,0000000141,0000000000,Tract 774,S,40631733,-73948278,,883,973,3,122,10,150,100,0,7,110
G36004700776,1990,NY,,,,,,,,,0776,,,70,Kings,047,,,2,5602,,,,5600,1,New York,36,,,,0000000172,0000000000,Tract 776,S,40630400,-73941474,,1248,1700,8,80,3,156,106,1,4,76
G36004700778,1990,NY,,,,,,,,,0778,,,70,Kings,047,,,2,5602,,,,5600,1,New York,36,,,,0000000121,0000000000,Tract 778,S,40633194,-73933896,,68,349,0,0,4,6,21,0,0,3
G36004700780,1990,NY,,,,,,,,,0780,,,70,Kings,047,,,2,5602,,,,5600,1,New York,36,,,,0000000169,0000000000,Tract 780,S,40633250,-73939577,,231,1959,1,16,2,18,49,0,0,33
G36004700782,1990,NY,,,,,,,,,0782,,,70,Kings,047,,,2,5602,,,,5600,1,New York,36,,,,0000000171,0000000000,Tract 782,S,40637700,-73942063,,135,4280,46,47,9,33,161,0,0,15
G36004700784,1990,NY,,,,,,,,,0784,,,70,Kings,047,,,2,5602,,,,5600,1,New York,36,,,,0000000167,0000000000,Tract 784,S,40633000,-73942549,,301,1846,9,41,1,56,75,0,11,45
G36004700786,1990,NY,,,,,,,,,0786,,,70,Kings,047,,,2,5602,,,,5600,1,New York,36,,,,0000000173,0000000000,Tract 786,S,40635000,-73947546,,545,1996,20,169,19,66,133,3,14,80
G36004700788,1990,NY,,,,,,,,,0788,,,70,Kings,047,,,2,5602,,,,5600,1,New York,36,,,,0000000162,0000000000,Tract 788,S,40637300,-73948764,,48,2135,62,23,3,11,107,0,2,42
G36004700790,1990,NY,,,,,,,,,0790,,,70,Kings,047,,,2,5602,,,,5600,1,New York,36,,,,0000000188,0000000000,Tract 790,S,40641550,-73954027,,78,4717,6,73,5,68,280,6,14,96
G36004700792,1990,NY,,,,,,,,,0792,,,70,Kings,047,,,2,5602,,,,5600,1,New York,36,,,,0000000225,0000000000,Tract 792,S,40644300,-73955379,,85,3436,6,50,7,73,147,4,21,77
G36004700794,1990,NY,,,,,,,,,0794,,,70,Kings,047,,,2,5602,,,,5600,1,New York,36,,,,0000000228,0000000000,Tract 794,S,40648950,-73955574,,31,1552,7,4,3,49,68,0,0,14
G36004700796,1990,NY,,,,,,,,,0796,,,70,Kings,047,,,2,5602,,,,5600,1,New York,36,,,,0000000244,0000000000,Tract 796,S,40654150,-73958104,,286,9224,32,78,16,160,858,7,19,484
G36004700798,1990,NY,,,,,,,,,0798,,,70,Kings,047,,,2,5602,,,,5600,1,New York,36,,,,0000000234,0000000000,Tract 798,S,40659050,-73958981,,362,7844,32,381,22,126,502,0,5,156
G36004700800,1990,NY,,,,,,,,,0800,,,70,Kings,047,,,2,5602,,,,5600,1,New York,36,,,,0000000178,0000000000,Tract 800,S,40660000,-73955418,,255,3356,16,41,3,27,126,0,0,48
G36004700802,1990,NY,,,,,,,,,0802,,,70,Kings,047,,,2,5602,,,,5600,1,New York,36,,,,0000000186,0000000000,Tract 802,S,40657000,-73955054,,79,4970,14,27,4,58,269,6,6,84
G36004700804,1990,NY,,,,,,,,,0804,,,70,Kings,047,,,2,5602,,,,5600,1,New York,36,,,,0000000189,0000000000,Tract 804,S,40658950,-73949231,,92,3118,17,139,4,56,145,4,4,51
G36004700806,1990,NY,,,,,,,,,0806,,,70,Kings,047,,,2,5602,,,,5600,1,New York,36,,,,0000000160,0000000000,Tract 806,S,40661500,-73944321,,72,2283,16,14,9,41,128,0,0,73
G36004700810,1990,NY,,,,,,,,,0810,,,70,Kings,047,,,2,5602,,,,5600,1,New York,36,,,,0000000167,0000000000,Tract 810,S,40658550,-73944047,,71,1923,5,95,7,37,69,0,3,35
G36004700812,1990,NY,,,,,,,,,0812,,,70,Kings,047,,,2,5602,,,,5600,1,New York,36,,,,0000000179,0000000000,Tract 812,S,40656550,-73943682,,150,309,2,92,2,14,5,2,1,51
G36004700814,1990,NY,,,,,,,,,0814,,,70,Kings,047,,,2,5602,,,,5600,1,New York,36,,,,0000000176,0000000000,Tract 814,S,40653800,-73939972,,32,2631,16,7,3,23,89,3,0,26
G36004700816,1990,NY,,,,,,,,,0816,,,70,Kings,047,,,2,5602,,,,5600,1,New York,36,,,,0000000182,0000000000,Tract 816,S,40653300,-73944699,,68,2685,24,57,5,27,169,3,1,29
G36004700818,1990,NY,,,,,,,,,0818,,,70,Kings,047,,,2,5602,,,,5600,1,New York,36,,,,0000000157,0000000000,Tract 818,S,40653250,-73948599,,511,4228,7,271,14,112,259,1,18,95
G36004700820,1990,NY,,,,,,,,,0820,,,70,Kings,047,,,2,5602,,,,5600,1,New York,36,,,,0000000149,0000000000,Tract 820,S,40653100,-73951526,,56,5017,6,81,14,82,372,3,4,107
G36004700822,1990,NY,,,,,,,,,0822,,,70,Kings,047,,,2,5602,,,,5600,1,New York,36,,,,0000000165,0000000000,Tract 822,S,40652950,-73954621,,104,5996,14,157,24,144,427,0,7,132
G36004700824,1990,NY,,,,,,,,,0824,,,70,Kings,047,,,2,5602,,,,5600,1,New York,36,,,,0000000218,0000000000,Tract 824,S,40649750,-73949177,,72,3979,16,43,8,53,255,5,5,58
G36004700826,1990,NY,,,,,,,,,0826,,,70,Kings,047,,,2,5602,,,,5600,1,New York,36,,,,0000000202,0000000000,Tract 826,S,40644550,-73949568,,106,5015,22,89,4,66,264,0,0,74
G36004700828,1990,NY,,,,,,,,,0828,,,70,Kings,047,,,2,5602,,,,5600,1,New York,36,,,,0000000155,0000000000,Tract 828,S,40640200,-73950052,,162,3042,14,110,8,86,129,4,1,114
G36004700830,1990,NY,,,,,,,,,0830,,,70,Kings,047,,,2,5602,,,,5600,1,New York,36,,,,0000000201,0000000000,Tract 830,S,40640500,-73945193,,100,6306,50,73,24,45,262,6,3,84
G36004700832,1990,NY,,,,,,,,,0832,,,70,Kings,047,,,2,5602,,,,5600,1,New York,36,,,,0000000141,0000000000,Tract 832,S,40642350,-73941521,,143,2008,6,25,4,14,97,0,0,16
G36004700834,1990,NY,,,,,,,,,0834,,,70,Kings,047,,,2,5602,,,,5600,1,New York,36,,,,0000000129,0000000000,Tract 834,S,40640300,-73938496,,186,1402,2,41,1,13,48,0,0,10
G36004700836,1990,NY,,,,,,,,,0836,,,70,Kings,047,,,2,5602,,,,5600,1,New York,36,,,,0000000212,0000000000,Tract 836,S,40637733,-73935228,,152,1791,6,30,7,19,48,1,1,19
G36004700838,1990,NY,,,,,,,,,0838,,,70,Kings,047,,,2,5602,,,,5600,1,New York,36,,,,0000000161,0000000000,Tract 838,S,40640500,-73935546,,280,1956,15,21,1,8,121,0,2,21
G36004700840,1990,NY,,,,,,,,,0840,,,70,Kings,047,,,2,5602,,,,5600,1,New York,36,,,,0000000171,0000000000,Tract 840,S,40643050,-73931076,,160,1783,21,18,5,61,109,0,0,57
G36004700842,1990,NY,,,,,,,,,0842,,,70,Kings,047,,,2,5602,,,,5600,1,New York,36,,,,0000000176,0000000000,Tract 842,S,40636700,-73930349,,110,1082,1,9,0,0,79,0,0,32
G36004700844,1990,NY,,,,,,,,,0844,,,70,Kings,047,,,2,5602,,,,5600,1,New York,36,,,,0000000126,0000000000,Tract 844,S,40637367,-73928278,,8,272,1,4,0,0,0,0,0,2
G36004700846,1990,NY,,,,,,,,,0846,,,70,Kings,047,,,2,5602,,,,5600,1,New York,36,,,,0000000163,0000000000,Tract 846,S,40641000,-73927775,,60,1849,3,15,2,42,79,0,3,25
G36004700848,1990,NY,,,,,,,,,0848,,,70,Kings,047,,,2,5602,,,,5600,1,New York,36,,,,0000000139,0000000000,Tract 848,S,40645715,-73928417,,32,1617,3,8,8,22,48,0,0,12
G36004700850,1990,NY,,,,,,,,,0850,,,70,Kings,047,,,2,5602,,,,5600,1,New York,36,,,,0000000155,0000000000,Tract 850,S,40645550,-73932342,,94,1133,2,2,5,10,63,0,2,29
G36004700852,1990,NY,,,,,,,,,0852,,,70,Kings,047,,,2,5602,,,,5600,1,New York,36,,,,0000000392,0000000000,Tract 852,S,40647050,-73938258,,0,0,0,0,0,0,0,0,0,0
G36004700854,1990,NY,,,,,,,,,0854,,,70,Kings,047,,,2,5602,,,,5600,1,New York,36,,,,0000000134,0000000000,Tract 854,S,40644000,-73942672,,87,1757,0,25,5,17,66,2,3,29
G36004700856,1990,NY,,,,,,,,,0856,,,70,Kings,047,,,2,5602,,,,5600,1,New York,36,,,,0000000161,0000000000,Tract 856,S,40648000,-73945124,,59,3236,16,44,3,25,172,0,2,49
G36004700858,1990,NY,,,,,,,,,0858,,,70,Kings,047,,,2,5602,,,,5600,1,New York,36,,,,0000000138,0000000000,Tract 858,S,40650300,-73939545,,87,2165,3,8,7,18,68,2,0,16
G36004700860,1990,NY,,,,,,,,,0860,,,70,Kings,047,,,2,5602,,,,5600,1,New York,36,,,,0000000176,0000000000,Tract 860,S,40650700,-73932926,,107,3234,6,19,7,30,105,8,4,46
G36004700862,1990,NY,,,,,,,,,0862,,,70,Kings,047,,,2,5602,,,,5600,1,New York,36,,,,0000000137,0000000000,Tract 862,S,40649200,-73928730,,60,2802,6,25,5,17,148,0,0,35
G36004700864,1990,NY,,,,,,,,,0864,,,70,Kings,047,,,2,5602,,,,5600,1,New York,36,,,,0000000136,0000000000,Tract 864,S,40654915,-73923848,,38,1966,8,11,1,10,94,1,1,18
G36004700866,1990,NY,,,,,,,,,0866,,,70,Kings,047,,,2,5602,,,,5600,1,New York,36,,,,0000000160,0000000000,Tract 866,S,40656150,-73926624,,17,3328,4,20,5,29,109,3,0,31
G36004700868,1990,NY,,,,,,,,,0868,,,70,Kings,047,,,2,5602,,,,5600,1,New York,36,,,,0000000171,0000000000,Tract 868,S,40654450,-73930349,,37,3241,3,14,0,35,121,0,0,14
G36004700870,1990,NY,,,,,,,,,0870,,,70,Kings,047,,,2,5602,,,,5600,1,New York,36,,,,0000000159,0000000000,Tract 870,S,40654250,-73933247,,45,2672,6,18,3,11,80,3,0,23
G36004700872,1990,NY,,,,,,,,,0872,,,70,Kings,047,,,2,5602,,,,5600,1,New York,36,,,,0000000146,0000000000,Tract 872,S,40654050,-73937026,,34,2798,5,8,2,11,133,1,4,44
G3600470087401,1990,NY,,,,,,,,,087401,,,70,Kings,047,,,2,5602,,,,5600,1,New York,36,,,,0000000133,0000000000,Tract 874.01,S,40660350,-73938695,,291,2918,3,26,2,44,114,0,0,57
G3600470087402,1990,NY,,,,,,,,,087402,,,70,Kings,047,,,2,5602,,,,5600,1,New York,36,,,,0000000133,0000000000,Tract 874.02,S,40657050,-73935512,,141,365,0,1,1,14,22,0,0,41
G36004700876,1990,NY,,,,,,,,,0876,,,70,Kings,047,,,2,5602,,,,5600,1,New York,36,,,,0000000141,0000000000,Tract 876,S,40660900,-73935992,,46,1248,1,4,0,3,78,0,0,10
G36004700878,1990,NY,,,,,,,,,0878,,,70,Kings,047,,,2,5602,,,,5600,1,New York,36,,,,0000000156,0000000000,Tract 878,S,40659350,-73930899,,421,2794,3,41,9,37,172,0,0,37
G36004700880,1990,NY,,,,,,,,,0880,,,70,Kings,047,,,2,5602,,,,5600,1,New York,36,,,,0000000185,0000000000,Tract 880,S,40661600,-73931170,,63,2683,4,14,4,26,126,0,0,23
G36004700882,1990,NY,,,,,,,,,0882,,,70,Kings,047,,,2,5602,,,,5600,1,New York,36,,,,0000000200,0000000000,Tract 882,S,40661150,-73926452,,36,6166,7,20,5,22,220,2,5,87
G36004700884,1990,NY,,,,,,,,,0884,,,70,Kings,047,,,2,5602,,,,5600,1,New York,36,,,,0000000155,0000000000,Tract 884,S,40662150,-73925100,,34,4774,24,33,24,21,262,2,0,89
G36004700886,1990,NY,,,,,,,,,0886,,,70,Kings,047,,,2,5602,,,,5600,1,New York,36,,,,0000000172,0000000000,Tract 886,S,40657550,-73921536,,21,4378,7,20,12,32,259,4,0,63
G36004700888,1990,NY,,,,,,,,,0888,,,70,Kings,047,,,2,5602,,,,5600,1,New York,36,,,,0000000199,0000000000,Tract 888,S,40654133,-73918716,,100,3404,7,13,12,58,162,9,1,88
G36004700890,1990,NY,,,,,,,,,0890,,,70,Kings,047,,,2,5602,,,,5600,1,New York,36,,,,0000000246,0000000000,Tract 890,S,40656800,-73916417,,418,5547,9,30,5,76,271,2,0,256
G36004700892,1990,NY,,,,,,,,,0892,,,70,Kings,047,,,2,5602,,,,5600,1,New York,36,,,,0000000166,0000000000,Tract 892,S,40663750,-73922757,,23,3686,5,13,6,71,172,2,1,246
G36004700894,1990,NY,,,,,,,,,0894,,,70,Kings,047,,,2,5602,,,,5600,1,New York,36,,,,0000000160,0000000000,Tract 894,S,40662100,-73916832,,20,2404,2,16,3,18,163,4,0,104
G36004700896,1990,NY,,,,,,,,,0896,,,70,Kings,047,,,2,5602,,,,5600,1,New York,36,,,,0000000146,0000000000,Tract 896,S,40657950,-73912816,,130,2631,13,101,10,60,140,2,9,140
G36004700898,1990,NY,,,,,,,,,0898,,,70,Kings,047,,,2,5602,,,,5600,1,New York,36,,,,0000000157,0000000000,Tract 898,S,40662500,-73914019,,11,1218,12,0,0,16,41,0,1,67
G36004700900,1990,NY,,,,,,,,,0900,,,70,Kings,047,,,2,5602,,,,5600,1,New York,36,,,,0000000233,0000000000,Tract 900,S,40666750,-73920809,,14,3702,23,11,7,140,341,16,2,464
G36004700902,1990,NY,,,,,,,,,0902,,,70,Kings,047,,,2,5602,,,,5600,1,New York,36,,,,0000000189,0000000000,Tract 902,S,40667550,-73915293,,56,3838,14,53,7,113,211,64,2,469
G36004700904,1990,NY,,,,,,,,,0904,,,70,Kings,047,,,2,5602,,,,5600,1,New York,36,,,,0000000138,0000000000,Tract 904,S,40668000,-73912449,,0,299,0,2,0,37,35,0,1,161
G36004700906,1990,NY,,,,,,,,,0906,,,70,Kings,047,,,2,5602,,,,5600,1,New York,36,,,,0000000226,0000000000,Tract 906,S,40670550,-73908293,,19,4617,22,3,13,205,218,3,7,628
G36004700908,1990,NY,,,,,,,,,0908,,,70,Kings,047,,,2,5602,,,,5600,1,New York,36,,,,0000000192,0000000000,Tract 908,S,40671100,-73904572,,5,2417,7,0,6,149,198,4,5,483
G36004700910,1990,NY,,,,,,,,,0910,,,70,Kings,047,,,2,5602,,,,5600,1,New York,36,,,,0000000218,0000000000,Tract 910,S,40665700,-73903130,,32,5514,15,2,12,156,225,10,3,395
G36004700912,1990,NY,,,,,,,,,0912,,,70,Kings,047,,,2,5602,,,,5600,1,New York,36,,,,0000000169,0000000000,Tract 912,S,40664900,-73908333,,12,7973,13,10,11,91,398,10,6,513
G36004700914,1990,NY,,,,,,,,,0914,,,70,Kings,047,,,2,5602,,,,5600,1,New York,36,,,,0000000127,0000000000,Tract 914,S,40664450,-73911476,,1,1336,10,2,3,6,44,1,0,89
G36004700916,1990,NY,,,,,,,,,0916,,,70,Kings,047,,,2,5602,,,,5600,1,New York,36,,,,0000000209,0000000000,Tract 916,S,40658350,-73909949,,20,3300,3,14,5,51,242,6,4,331
G36004700918,1990,NY,,,,,,,,,0918,,,70,Kings,047,,,2,5602,,,,5600,1,New York,36,,,,0000000203,0000000000,Tract 918,S,40662150,-73905149,,15,2003,1,7,9,124,381,12,11,479
G36004700920,1990,NY,,,,,,,,,0920,,,70,Kings,047,,,2,5602,,,,5600,1,New York,36,,,,0000000237,0000000000,Tract 920,S,40657950,-73903116,,23,2834,15,10,3,80,166,0,2,249
G36004700922,1990,NY,,,,,,,,,0922,,,70,Kings,047,,,2,5602,,,,5600,1,New York,36,,,,0000000153,0000000000,Tract 922,S,40655450,-73906872,,76,2745,1,4,7,43,141,0,0,91
G36004700928,1990,NY,,,,,,,,,0928,,,70,Kings,047,,,2,5602,,,,5600,1,New York,36,,,,0000000147,0000000000,Tract 928,S,40653200,-73912413,,87,2607,11,67,3,43,85,0,2,70
G36004700930,1990,NY,,,,,,,,,0930,,,70,Kings,047,,,2,5602,,,,5600,1,New York,36,,,,0000000198,0000000000,Tract 930,S,40649000,-73915497,,97,2236,7,4,7,11,75,0,3,29
G36004700934,1990,NY,,,,,,,,,0934,,,70,Kings,047,,,2,5602,,,,5600,1,New York,36,,,,0000000186,0000000000,Tract 934,S,40649000,-73919700,,185,2007,5,11,0,13,54,0,1,23
G36004700936,1990,NY,,,,,,,,,0936,,,70,Kings,047,,,2,5602,,,,5600,1,New York,36,,,,0000000145,0000000000,Tract 936,S,40649700,-73922402,,24,1731,6,11,2,8,89,0,4,15
G36004700938,1990,NY,,,,,,,,,0938,,,70,Kings,047,,,2,5602,,,,5600,1,New York,36,,,,0000000121,0000000000,Tract 938,S,40650300,-73924273,,77,2498,4,6,0,7,81,0,1,26
G36004700940,1990,NY,,,,,,,,,0940,,,70,Kings,047,,,2,5602,,,,5600,1,New York,36,,,,0000000114,0000000000,Tract 940,S,40646917,-73924424,,23,1161,4,11,3,0,61,0,0,17
G36004700942,1990,NY,,,,,,,,,0942,,,70,Kings,047,,,2,5602,,,,5600,1,New York,36,,,,0000000150,0000000000,Tract 942,S,40643750,-73923329,,37,527,7,5,0,0,6,0,3,2
G3600470094401,1990,NY,,,,,,,,,094401,,,70,Kings,047,,,2,5602,,,,5600,1,New York,36,,,,0000000314,0000000000,Tract 944.01,S,40639645,-73923220,,279,2633,3,37,8,14,83,2,1,16
G3600470094402,1990,NY,,,,,,,,,094402,,,70,Kings,047,,,2,5602,,,,5600,1,New York,36,,,,0000000103,0000000000,Tract 944.02,S,40635250,-73921513,,1573,754,2,25,6,143,51,0,12,105
G36004700950,1990,NY,,,,,,,,,0950,,,70,Kings,047,,,2,5602,,,,5600,1,New York,36,,,,0000000235,0000000000,Tract 950,S,40636550,-73918565,,1565,301,7,62,8,70,12,0,8,91
G36004700954,1990,NY,,,,,,,,,0954,,,70,Kings,047,,,2,5602,,,,5600,1,New York,36,,,,0000000240,0000000000,Tract 954,S,40638500,-73915486,,2040,1176,3,246,6,138,55,2,11,77
G36004700956,1990,NY,,,,,,,,,0956,,,70,Kings,047,,,2,5602,,,,5600,1,New York,36,,,,0000000237,0000000000,Tract 956,S,40635300,-73911966,,2572,16,0,33,4,71,0,0,0,22
G36004700958,1990,NY,,,,,,,,,0958,,,70,Kings,047,,,2,5602,,,,5600,1,New York,36,,,,0000000230,0000000000,Tract 958,S,40641067,-73912309,,2267,13,4,140,9,134,0,0,7,50
G36004700960,1990,NY,,,,,,,,,0960,,,70,Kings,047,,,2,5602,,,,5600,1,New York,36,,,,0000000428,0000000000,Tract 960,S,40645150,-73915323,,0,0,0,0,0,0,0,0,0,0
G36004700962,1990,NY,,,,,,,,,0962,,,70,Kings,047,,,2,5602,,,,5600,1,New York,36,,,,0000000189,0000000000,Tract 962,S,40645450,-73911345,,1147,31,7,50,4,50,7,0,4,47
G36004700964,1990,NY,,,,,,,,,0964,,,70,Kings,047,,,2,5602,,,,5600,1,New York,36,,,,0000000192,0000000000,Tract 964,S,40642400,-73907849,,1435,2,1,33,4,43,0,0,0,25
G36004700966,1990,NY,,,,,,,,,0966,,,70,Kings,047,,,2,5602,,,,5600,1,New York,36,,,,0000000189,0000000000,Tract 966,S,40640850,-73904253,,1301,5,2,61,0,61,0,0,0,13
G36004700968,1990,NY,,,,,,,,,0968,,,70,Kings,047,,,2,5602,,,,5600,1,New York,36,,,,0000000144,0000000000,Tract 968,S,40643850,-73903850,,798,29,0,63,4,89,0,4,0,40
G36004700970,1990,NY,,,,,,,,,0970,,,70,Kings,047,,,2,5602,,,,5600,1,New York,36,,,,0000000154,0000000000,Tract 970,S,40647600,-73908049,,1297,40,3,41,4,86,3,0,2,67
G36004700974,1990,NY,,,,,,,,,0974,,,70,Kings,047,,,2,5602,,,,5600,1,New York,36,,,,0000000241,0000000000,Tract 974,S,40646100,-73900163,,897,867,4,72,4,57,34,0,4,127
G36004700982,1990,NY,,,,,,,,,0982,,,70,Kings,047,,,2,5602,,,,5600,1,New York,36,,,,0000000244,0000000000,Tract 982,S,40650350,-73896751,,199,3628,28,10,19,295,326,1,1,453
G36004700984,1990,NY,,,,,,,,,0984,,,70,Kings,047,,,2,5602,,,,5600,1,New York,36,,,,0000000116,0000000000,Tract 984,S,40646250,-73892060,,290,1385,9,53,3,83,59,0,5,126
G36004700986,1990,NY,,,,,,,,,0986,,,70,Kings,047,,,2,5602,,,,5600,1,New York,36,,,,0000000161,0000000000,Tract 986,S,40645900,-73895549,,308,2028,8,263,1,78,69,0,1,65
G36004700988,1990,NY,,,,,,,,,0988,,,70,Kings,047,,,2,5602,,,,5600,1,New York,36,,,,0000000159,0000000000,Tract 988,S,40643650,-73898062,,1207,635,1,360,7,148,35,0,4,131
G36004700990,1990,NY,,,,,,,,,0990,,,70,Kings,047,,,2,5602,,,,5600,1,New York,36,,,,0000000155,0000000000,Tract 990,S,40639150,-73898596,,862,42,0,35,2,28,7,0,1,19
G36004700992,1990,NY,,,,,,,,,0992,,,70,Kings,047,,,2,5602,,,,5600,1,New York,36,,,,0000000142,0000000000,Tract 992,S,40637150,-73901291,,1130,1,3,53,0,61,0,0,0,16
G36004700994,1990,NY,,,,,,,,,0994,,,70,Kings,047,,,2,5602,,,,5600,1,New York,36,,,,0000000176,0000000000,Tract 994,S,40636450,-73904849,,1196,5,2,19,0,63,1,0,6,10
G36004700996,1990,NY,,,,,,,,,0996,,,70,Kings,047,,,2,5602,,,,5600,1,New York,36,,,,0000000184,0000000000,Tract 996,S,40634300,-73908254,,2482,6,1,86,0,48,1,0,8,8
G36004700998,1990,NY,,,,,,,,,0998,,,70,Kings,047,,,2,5602,,,,5600,1,New York,36,,,,0000000410,0000000066,Tract 998,S,40632550,-73912823,,2947,22,0,40,11,72,1,0,0,20
G36004701004,1990,NY,,,,,,,,,1004,,,70,Kings,047,,,2,5602,,,,5600,1,New York,36,,,,0000000138,0000000000,Tract 1004,S,40631400,-73905034,,1779,7,0,55,0,28,0,0,0,8
G36004701006,1990,NY,,,,,,,,,1006,,,70,Kings,047,,,2,5602,,,,5600,1,New York,36,,,,0000000159,0000000000,Tract 1006,S,40633200,-73902146,,1806,25,0,20,0,95,0,0,14,13
G36004701008,1990,NY,,,,,,,,,1008,,,70,Kings,047,,,2,5602,,,,5600,1,New York,36,,,,0000000150,0000000000,Tract 1008,S,40634150,-73897866,,1326,1,1,60,0,100,0,0,5,19
G36004701010,1990,NY,,,,,,,,,1010,,,70,Kings,047,,,2,5602,,,,5600,1,New York,36,,,,0000000173,0000000000,Tract 1010,S,40634950,-73895119,,1390,11,0,120,0,75,4,0,12,32
G36004701012,1990,NY,,,,,,,,,1012,,,70,Kings,047,,,2,5602,,,,5600,1,New York,36,,,,0000000156,0000000000,Tract 1012,S,40640700,-73894886,,1254,20,1,208,0,76,2,0,11,90
G36004701014,1990,NY,,,,,,,,,1014,,,70,Kings,047,,,2,5602,,,,5600,1,New York,36,,,,0000000154,0000000000,Tract 1014,S,40640550,-73890952,,1141,81,4,359,1,131,15,0,20,28
G36004701016,1990,NY,,,,,,,,,1016,,,70,Kings,047,,,2,5602,,,,5600,1,New York,36,,,,0000000115,0000000000,Tract 1016,S,40642950,-73888592,,769,176,1,134,2,39,24,0,0,23
G36004701018,1990,NY,,,,,,,,,1018,,,70,Kings,047,,,2,5602,,,,5600,1,New York,36,,,,0000000278,0000000000,Tract 1018,S,40641400,-73886584,,841,46,0,46,0,86,15,0,4,42
G36004701020,1990,NY,,,,,,,,,1020,,,70,Kings,047,,,2,5602,,,,5600,1,New York,36,,,,0000000171,0000000000,Tract 1020,S,40639400,-73888285,,1327,6,3,103,8,55,0,0,11,16
G36004701022,1990,NY,,,,,,,,,1022,,,70,Kings,047,,,2,5602,,,,5600,1,New York,36,,,,0000000157,0000000000,Tract 1022,S,40637400,-73891167,,1196,3,1,247,1,82,0,0,7,32
G36004701024,1990,NY,,,,,,,,,1024,,,70,Kings,047,,,2,5602,,,,5600,1,New York,36,,,,0000000144,0000000000,Tract 1024,S,40633050,-73894245,,1209,12,0,168,0,81,0,1,0,21
G36004701026,1990,NY,,,,,,,,,1026,,,70,Kings,047,,,2,5602,,,,5600,1,New York,36,,,,0000000155,0000000000,Tract 1026,S,40629450,-73899049,,2030,6,0,34,1,63,0,0,0,30
G36004701028,1990,NY,,,,,,,,,1028,,,70,Kings,047,,,2,5602,,,,5600,1,New York,36,,,,0000000153,0000000000,Tract 1028,S,40631350,-73890019,,907,7,5,108,3,61,2,0,6,45
G36004701034,1990,NY,,,,,,,,,1034,,,70,Kings,047,,,2,5602,,,,5600,1,New York,36,,,,0000001483,0000000481,Tract 1034,S,40631613,-73885655,,2092,1068,6,5,4,322,65,7,1,187
G36004701058,1990,NY,,,,,,,,,1058,,,70,Kings,047,,,2,5602,,,,5600,1,New York,36,,,,0000001097,0000000055,Tract 1058,S,40646400,-73881785,,7022,3678,22,1034,38,974,237,12,24,977
G36004701070,1990,NY,,,,,,,,,1070,,,70,Kings,047,,,2,5602,,,,5600,1,New York,36,,,,0000003155,0000001072,Tract 1070,S,40649200,-73864488,,362,365,0,9,3,25,10,1,6,149
G36004701078,1990,NY,,,,,,,,,1078,,,70,Kings,047,,,2,5602,,,,5600,1,New York,36,,,,0000000496,0000000000,Tract 1078,S,40659350,-73877426,,114,3877,21,31,12,50,193,4,4,77
G36004701098,1990,NY,,,,,,,,,1098,,,70,Kings,047,,,2,5602,,,,5600,1,New York,36,,,,0000000844,0000000000,Tract 1098,S,40651800,-73902866,,320,828,1,53,7,72,65,0,2,208
G36004701100,1990,NY,,,,,,,,,1100,,,70,Kings,047,,,2,5602,,,,5600,1,New York,36,,,,0000000420,0000000000,Tract 1100,S,40653350,-73891301,,8,429,0,2,2,63,15,0,0,51
G36004701102,1990,NY,,,,,,,,,1102,,,70,Kings,047,,,2,5602,,,,5600,1,New York,36,,,,0000000431,0000000000,Tract 1102,S,40659000,-73887480,,36,2958,6,12,26,160,201,12,5,454
G36004701106,1990,NY,,,,,,,,,1106,,,70,Kings,047,,,2,5602,,,,5600,1,New York,36,,,,0000000166,0000000000,Tract 1106,S,40656050,-73885399,,34,4165,11,4,9,151,285,7,0,476
G36004701110,1990,NY,,,,,,,,,1110,,,70,Kings,047,,,2,5602,,,,5600,1,New York,36,,,,0000000123,0000000000,Tract 1110,S,40661050,-73882427,,32,2949,9,12,16,128,322,4,8,241
G36004701112,1990,NY,,,,,,,,,1112,,,70,Kings,047,,,2,5602,,,,5600,1,New York,36,,,,0000000340,0000000000,Tract 1112,S,40663700,-73876380,,51,596,1,2,3,59,58,0,4,75
G36004701114,1990,NY,,,,,,,,,1114,,,70,Kings,047,,,2,5602,,,,5600,1,New York,36,,,,0000000136,0000000000,Tract 1114,S,40665550,-73876655,,21,653,0,0,0,135,144,7,0,252
G36004701118,1990,NY,,,,,,,,,1118,,,70,Kings,047,,,2,5602,,,,5600,1,New York,36,,,,0000000164,0000000000,Tract 1118,S,40668900,-73876861,,52,1523,9,3,1,286,286,0,5,280
G36004701120,1990,NY,,,,,,,,,1120,,,70,Kings,047,,,2,5602,,,,5600,1,New York,36,,,,0000000172,0000000000,Tract 1120,S,40665800,-73881199,,53,1644,11,15,10,435,345,3,4,423
G36004701122,1990,NY,,,,,,,,,1122,,,70,Kings,047,,,2,5602,,,,5600,1,New York,36,,,,0000000165,0000000000,Tract 1122,S,40663350,-73886872,,66,1802,8,126,22,199,234,4,6,437
G36004701124,1990,NY,,,,,,,,,1124,,,70,Kings,047,,,2,5602,,,,5600,1,New York,36,,,,0000000171,0000000000,Tract 1124,S,40666300,-73887999,,29,1845,8,3,6,151,237,1,2,269
G36004701126,1990,NY,,,,,,,,,1126,,,70,Kings,047,,,2,5602,,,,5600,1,New York,36,,,,0000000168,0000000000,Tract 1126,S,40665450,-73893442,,43,1568,3,2,23,281,277,0,10,487
G36004701128,1990,NY,,,,,,,,,1128,,,70,Kings,047,,,2,5602,,,,5600,1,New York,36,,,,0000000180,0000000000,Tract 1128,S,40660850,-73892599,,25,2660,17,18,31,156,208,7,3,555
G36004701130,1990,NY,,,,,,,,,1130,,,70,Kings,047,,,2,5602,,,,5600,1,New York,36,,,,0000000192,0000000000,Tract 1130,S,40661750,-73897349,,16,2092,8,1,27,108,310,10,1,486
G36004701132,1990,NY,,,,,,,,,1132,,,70,Kings,047,,,2,5602,,,,5600,1,New York,36,,,,0000000191,0000000000,Tract 1132,S,40661450,-73899195,,3,720,11,1,4,97,71,2,0,284
G36004701134,1990,NY,,,,,,,,,1134,,,70,Kings,047,,,2,5602,,,,5600,1,New York,36,,,,0000000154,0000000000,Tract 1134,S,40667750,-73899856,,17,1694,11,2,9,126,157,5,0,514
G36004701136,1990,NY,,,,,,,,,1136,,,70,Kings,047,,,2,5602,,,,5600,1,New York,36,,,,0000000166,0000000000,Tract 1136,S,40671700,-73900899,,16,242,1,0,0,5,13,0,0,22
G36004701138,1990,NY,,,,,,,,,1138,,,70,Kings,047,,,2,5602,,,,5600,1,New York,36,,,,0000000145,0000000000,Tract 1138,S,40674400,-73903493,,7,157,1,0,1,40,27,0,2,104
G36004701140,1990,NY,,,,,,,,,1140,,,70,Kings,047,,,2,5602,,,,5600,1,New York,36,,,,0000000128,0000000000,Tract 1140,S,40676200,-73898226,,416,251,0,6,1,113,31,0,3,225
G3600470114201,1990,NY,,,,,,,,,114201,,,70,Kings,047,,,2,5602,,,,5600,1,New York,36,,,,0000000297,0000000000,Tract 1142.01,S,40680233,-73897732,,95,336,14,6,27,237,172,12,11,499
G3600470114202,1990,NY,,,,,,,,,114202,,,70,Kings,047,,,2,5602,,,,5600,1,New York,36,,,,0000000115,0000000000,Tract 1142.02,S,40682033,-73892563,,276,748,6,53,12,336,192,10,4,529
G36004701146,1990,NY,,,,,,,,,1146,,,70,Kings,047,,,2,5602,,,,5600,1,New York,36,,,,0000000167,0000000000,Tract 1146,S,40678600,-73893107,,163,469,14,61,11,481,301,10,44,947
G36004701148,1990,NY,,,,,,,,,1148,,,70,Kings,047,,,2,5602,,,,5600,1,New York,36,,,,0000000197,0000000000,Tract 1148,S,40676800,-73892614,,105,679,7,32,28,311,187,18,22,1020
G36004701150,1990,NY,,,,,,,,,1150,,,70,Kings,047,,,2,5602,,,,5600,1,New York,36,,,,0000000159,0000000000,Tract 1150,S,40673750,-73887157,,88,665,24,21,12,364,99,1,28,425
G36004701152,1990,NY,,,,,,,,,1152,,,70,Kings,047,,,2,5602,,,,5600,1,New York,36,,,,0000000166,0000000000,Tract 1152,S,40673000,-73891649,,27,1198,16,6,8,331,131,3,5,473
G36004701154,1990,NY,,,,,,,,,1154,,,70,Kings,047,,,2,5602,,,,5600,1,New York,36,,,,0000000175,0000000000,Tract 1154,S,40672350,-73896249,,38,1082,7,37,6,226,128,1,17,654
G36004701156,1990,NY,,,,,,,,,1156,,,70,Kings,047,,,2,5602,,,,5600,1,New York,36,,,,0000000158,0000000000,Tract 1156,S,40668250,-73896214,,21,2784,11,9,4,398,306,0,6,723
G36004701158,1990,NY,,,,,,,,,1158,,,70,Kings,047,,,2,5602,,,,5600,1,New York,36,,,,0000000154,0000000000,Tract 1158,S,40668850,-73892449,,39,1296,14,6,8,121,229,11,2,753
G36004701160,1990,NY,,,,,,,,,1160,,,70,Kings,047,,,2,5602,,,,5600,1,New York,36,,,,0000000153,0000000000,Tract 1160,S,40669350,-73888790,,5,1241,4,1,1,107,152,9,3,282
G36004701162,1990,NY,,,,,,,,,1162,,,70,Kings,047,,,2,5602,,,,5600,1,New York,36,,,,0000000147,0000000000,Tract 1162,S,40669750,-73886149,,14,1096,7,11,13,46,65,5,4,256
G36004701164,1990,NY,,,,,,,,,1164,,,70,Kings,047,,,2,5602,,,,5600,1,New York,36,,,,0000000184,0000000000,Tract 1164,S,40670400,-73882049,,37,1383,4,8,12,156,200,6,16,508
G36004701166,1990,NY,,,,,,,,,1166,,,70,Kings,047,,,2,5602,,,,5600,1,New York,36,,,,0000000156,0000000000,Tract 1166,S,40674350,-73883034,,52,914,9,15,17,237,149,10,7,814
G36004701168,1990,NY,,,,,,,,,1168,,,70,Kings,047,,,2,5602,,,,5600,1,New York,36,,,,0000000160,0000000000,Tract 1168,S,40678550,-73883691,,140,410,0,66,13,270,125,8,4,802
G36004701170,1990,NY,,,,,,,,,1170,,,70,Kings,047,,,2,5602,,,,5600,1,New York,36,,,,0000000141,0000000000,Tract 1170,S,40678100,-73887321,,84,501,7,62,7,195,115,13,4,873
G3600470117201,1990,NY,,,,,,,,,117201,,,70,Kings,047,,,2,5602,,,,5600,1,New York,36,,,,0000000130,0000000000,Tract 1172.01,S,40681200,-73888127,,137,567,15,58,19,513,179,11,5,773
G3600470117202,1990,NY,,,,,,,,,117202,,,70,Kings,047,,,2,5602,,,,5600,1,New York,36,,,,0000000147,0000000000,Tract 1172.02,S,40681750,-73884405,,331,880,10,154,25,491,137,10,26,1761
G36004701174,1990,NY,,,,,,,,,1174,,,70,Kings,047,,,2,5602,,,,5600,1,New York,36,,,,0000000216,0000000000,Tract 1174,S,40682350,-73880693,,373,783,14,192,21,572,248,11,25,1663
G3600470117601,1990,NY,,,,,,,,,117601,,,70,Kings,047,,,2,5602,,,,5600,1,New York,36,,,,0000000153,0000000000,Tract 1176.01,S,40685000,-73877369,,279,350,24,147,14,580,186,5,27,826
G3600470117602,1990,NY,,,,,,,,,117602,,,70,Kings,047,,,2,5602,,,,5600,1,New York,36,,,,0000000146,0000000000,Tract 1176.02,S,40685500,-73875007,,315,474,16,191,33,484,237,16,48,989
G36004701178,1990,NY,,,,,,,,,1178,,,70,Kings,047,,,2,5602,,,,5600,1,New York,36,,,,0000000136,0000000000,Tract 1178,S,40681650,-73875187,,197,175,2,228,48,138,112,8,5,527
G36004701180,1990,NY,,,,,,,,,1180,,,70,Kings,047,,,2,5602,,,,5600,1,New York,36,,,,0000000760,0000000000,Tract 1180,S,40686650,-73883313,,2,1,0,0,0,0,0,0,0,0
G3600470118201,1990,NY,,,,,,,,,118201,,,70,Kings,047,,,2,5602,,,,5600,1,New York,36,,,,0000000129,0000000000,Tract 1182.01,S,40688400,-73872800,,353,416,11,276,33,339,106,0,14,1021
G3600470118202,1990,NY,,,,,,,,,118202,,,70,Kings,047,,,2,5602,,,,5600,1,New York,36,,,,0000000126,0000000000,Tract 1182.02,S,40689150,-73870076,,331,356,8,193,15,539,125,5,30,1168
G36004701184,1990,NY,,,,,,,,,1184,,,70,Kings,047,,,2,5602,,,,5600,1,New York,36,,,,0000000197,0000000000,Tract 1184,S,40683050,-73870433,,564,412,12,456,29,704,317,24,105,1464
G36004701186,1990,NY,,,,,,,,,1186,,,70,Kings,047,,,2,5602,,,,5600,1,New York,36,,,,0000000133,0000000000,Tract 1186,S,40681300,-73869090,,442,293,19,274,29,485,170,16,63,661
G36004701188,1990,NY,,,,,,,,,1188,,,70,Kings,047,,,2,5602,,,,5600,1,New York,36,,,,0000000178,0000000000,Tract 1188,S,40679450,-73866717,,744,508,59,438,88,571,227,25,46,1331
G3600470119097,1990,NY,,,,,,,,,119097,,,70,Kings,047,,,2,5602,,,,5600,1,New York,36,,,,0000000129,0000000000,Tract 1190.97,S,40678750,-73872854,,136,519,54,99,17,225,140,9,27,593
G36004701192,1990,NY,,,,,,,,,1192,,,70,Kings,047,,,2,5602,,,,5600,1,New York,36,,,,0000000230,0000000000,Tract 1192,S,40676250,-73878699,,133,789,15,55,3,508,193,7,17,885
G36004701194,1990,NY,,,,,,,,,1194,,,70,Kings,047,,,2,5602,,,,5600,1,New York,36,,,,0000000186,0000000000,Tract 1194,S,40672500,-73877806,,36,1713,14,17,10,423,434,3,3,526
G36004701196,1990,NY,,,,,,,,,1196,,,70,Kings,047,,,2,5602,,,,5600,1,New York,36,,,,0000000299,0000000000,Tract 1196,S,40675600,-73873883,,159,1875,29,244,29,543,406,19,30,891
G36004701200,1990,NY,,,,,,,,,1200,,,70,Kings,047,,,2,5602,,,,5600,1,New York,36,,,,0000000148,0000000000,Tract 1200,S,40675050,-73868199,,138,1085,11,113,37,207,107,2,2,383
G3600470120297,1990,NY,,,,,,,,,120297,,,70,Kings,047,,,2,5602,,,,5600,1,New York,36,,,,0000000105,0000000000,Tract 1202.97,S,40675550,-73863549,,230,104,3,166,6,75,27,0,8,145
G3600470120298,1990,NY,,,,,,,,,120298,,,70,Kings,047,,,2,5602,,,,5600,1,New York,36,,,,0000000061,0000000000,Tract 1202.98,S,40676650,-73866794,,59,176,0,24,3,36,18,0,15,184
G36004701208,1990,NY,,,,,,,,,1208,,,70,Kings,047,,,2,5602,,,,5600,1,New York,36,,,,0000000480,0000000000,Tract 1208,S,40671250,-73865331,,454,5827,38,90,18,302,518,21,8,593
G36004701210,1990,NY,,,,,,,,,1210,,,70,Kings,047,,,2,5602,,,,5600,1,New York,36,,,,0000000159,0000000000,Tract 1210,S,40669600,-73872877,,28,3709,24,0,13,200,269,5,6,418
G36004701214,1990,NY,,,,,,,,,1214,,,70,Kings,047,,,2,5602,,,,5600,1,New York,36,,,,0000000183,0000000000,Tract 1214,S,40668150,-73865056,,68,4003,23,9,10,250,302,7,2,561
G36004701220,1990,NY,,,,,,,,,1220,,,70,Kings,047,,,2,5602,,,,5600,1,New York,36,,,,0000000936,0000000000,Tract 1220,S,40663321,-73864317,,144,1146,31,25,12,100,124,0,8,185
G36004909501,1990,NY,,,,,,,,,9501,,,99,Lewis,049,,,2,9999,,,,9999,1,New York,36,,,,0000549903,0000010657,BNA 9501,S,43991409,-75272608,,2522,3,4,3,0,3,0,0,0,1
G36004909502,1990,NY,,,,,,,,,9502,,,99,Lewis,049,,,2,9999,,,,9999,1,New York,36,,,,0000468866,0000009480,BNA 9502,S,44013876,-75433810,,4462,2,8,12,0,14,0,0,0,8
G36004909503,1990,NY,,,,,,,,,9503,,,99,Lewis,049,,,2,9999,,,,9999,1,New York,36,,,,0000395618,0000002525,BNA 9503,S,43854385,-75625684,,7249,90,9,53,6,31,2,0,5,24
G36004909504,1990,NY,,,,,,,,,9504,,,99,Lewis,049,,,2,9999,,,,9999,1,New York,36,,,,0000349995,0000005278,BNA 9504,S,43779315,-75272380,,2569,4,17,8,0,1,0,0,0,0
G36004909505,1990,NY,,,,,,,,,9505,,,99,Lewis,049,,,2,9999,,,,9999,1,New York,36,,,,0000269851,0000000854,BNA 9505,S,43744599,-75614722,,2342,3,10,4,0,9,1,0,0,18
G36004909506,1990,NY,,,,,,,,,9506,,,99,Lewis,049,,,2,9999,,,,9999,1,New York,36,,,,0000306480,0000005951,BNA 9506,S,43625709,-75249475,,1903,1,3,4,0,3,0,0,0,2
G36004909507,1990,NY,,,,,,,,,9507,,,99,Lewis,049,,,2,9999,,,,9999,1,New York,36,,,,0000963029,0000002588,BNA 9507,S,43586150,-75565156,,5356,7,10,4,0,6,0,0,0,0
G36005100301,1990,NY,,,,,,,,,0301,,,99,Livingston,051,,,2,6840,,,,9999,1,New York,36,,,,0000114274,0000000483,Tract 301,S,42950590,-77827748,,4242,151,14,16,2,6,1,0,0,9
G36005100302,1990,NY,,,,,,,,,0302,,,99,Livingston,051,,,2,6840,,,,9999,1,New York,36,,,,0000331503,0000003354,Tract 302,S,42853187,-77807706,,9411,143,31,24,6,69,4,0,0,8
G36005100303,1990,NY,,,,,,,,,0303,,,99,Livingston,051,,,2,6840,,,,9999,1,New York,36,,,,0000008087,0000000000,Tract 303,S,42912534,-77745811,,2878,47,14,25,1,19,4,0,0,11
G36005100304,1990,NY,,,,,,,,,0304,,,99,Livingston,051,,,2,6840,,,,9999,1,New York,36,,,,0000006935,0000000000,Tract 304,S,42793670,-77808791,,3177,55,7,53,0,22,2,1,0,7
G36005100305,1990,NY,,,,,,,,,0305,,,99,Livingston,051,,,2,6840,,,,9999,1,New York,36,,,,0000000791,0000000000,Tract 305,S,42795958,-77825007,,2781,63,7,46,1,30,4,0,1,22
G36005100306,1990,NY,,,,,,,,,0306,,,99,Livingston,051,,,2,6840,,,,9999,1,New York,36,,,,0000082616,0000000111,Tract 306,S,42896326,-77608529,,4084,25,6,29,3,31,1,0,0,8
G36005100307,1990,NY,,,,,,,,,0307,,,99,Livingston,051,,,2,6840,,,,9999,1,New York,36,,,,0000099191,0000007013,Tract 307,S,42809845,-77653297,,6690,18,21,37,3,24,0,3,0,8
G36005100308,1990,NY,,,,,,,,,0308,,,99,Livingston,051,,,2,6840,,,,9999,1,New York,36,,,,0000308538,0000002125,Tract 308,S,42705590,-77861296,,5250,23,17,21,3,54,0,0,0,7
G36005100309,1990,NY,,,,,,,,,0309,,,99,Livingston,051,,,2,6840,,,,9999,1,New York,36,,,,0000005270,0000000000,Tract 309,S,42723720,-77874984,,2935,37,2,13,3,44,1,0,0,67
G36005100310,1990,NY,,,,,,,,,0310,,,99,Livingston,051,,,2,6840,,,,9999,1,New York,36,,,,0000005966,0000000000,Tract 310,S,42679102,-77833905,,405,737,10,2,7,132,114,2,0,160
G36005100311,1990,NY,,,,,,,,,0311,,,99,Livingston,051,,,2,6840,,,,9999,1,New York,36,,,,0000223258,0000007620,Tract 311,S,42667293,-77606381,,4546,13,21,4,2,12,0,4,0,1
G36005100312,1990,NY,,,,,,,,,0312,,,99,Livingston,051,,,2,6840,,,,9999,1,New York,36,,,,0000164298,0000000739,Tract 312,S,42564242,-77938915,,3774,11,5,2,0,19,1,0,0,12
G36005100313,1990,NY,,,,,,,,,0313,,,99,Livingston,051,,,2,6840,,,,9999,1,New York,36,,,,0000280597,0000000094,Tract 313,S,42576714,-77761512,,4407,30,18,15,1,14,0,0,0,6
G36005100314,1990,NY,,,,,,,,,0314,,,99,Livingston,051,,,2,6840,,,,9999,1,New York,36,,,,0000006003,0000000000,Tract 314,S,42560916,-77695286,,4905,27,5,35,0,22,1,0,0,7
G3600530030101,1990,NY,,,,,,,,,030101,,,99,Madison,053,,,2,8160,,,,9999,1,New York,36,,,,0000002792,0000000000,Tract 301.01,S,43097490,-75649996,,2736,23,11,0,0,16,0,0,0,8
G3600530030102,1990,NY,,,,,,,,,030102,,,99,Madison,053,,,2,8160,,,,9999,1,New York,36,,,,0000005821,0000000000,Tract 301.02,S,43093162,-75667748,,5165,33,31,21,3,24,0,0,0,6
G3600530030103,1990,NY,,,,,,,,,030103,,,99,Madison,053,,,2,8160,,,,9999,1,New York,36,,,,0000048421,0000000120,Tract 301.03,S,43075759,-75663819,,2667,14,49,31,2,6,0,0,0,4
G36005300302,1990,NY,,,,,,,,,0302,,,99,Madison,053,,,2,8160,,,,9999,1,New York,36,,,,0000079765,0000000000,Tract 302,S,43114436,-75760028,,3258,8,9,6,2,14,0,0,0,5
G36005300303,1990,NY,,,,,,,,,0303,,,99,Madison,053,,,2,8160,,,,9999,1,New York,36,,,,0000014514,0000000000,Tract 303,S,43079362,-75758689,,5178,69,16,19,1,30,1,1,0,4
G3600530030401,1990,NY,,,,,,,,,030401,,,99,Madison,053,,,2,8160,,,,9999,1,New York,36,,,,0000102813,0000000309,Tract 304.01,S,43137154,-75893462,,6898,11,18,11,5,16,0,2,1,2
G3600530030402,1990,NY,,,,,,,,,030402,,,99,Madison,053,,,2,8160,,,,9999,1,New York,36,,,,0000078324,0000000200,Tract 304.02,S,43051974,-75855744,,2994,5,10,8,0,12,0,0,3,2
G3600530030403,1990,NY,,,,,,,,,030403,,,99,Madison,053,,,2,8160,,,,9999,1,New York,36,,,,0000008863,0000000006,Tract 304.03,S,43050200,-75879879,,4519,21,19,36,0,21,0,2,1,5
G3600530030501,1990,NY,,,,,,,,,030501,,,99,Madison,053,,,2,8160,,,,9999,1,New York,36,,,,0000007403,0000000000,Tract 305.01,S,42926809,-75851793,,3156,43,7,18,0,17,7,1,1,7
G3600530030502,1990,NY,,,,,,,,,030502,,,99,Madison,053,,,2,8160,,,,9999,1,New York,36,,,,0000121823,0000004738,Tract 305.02,S,42909713,-75862495,,3212,4,3,15,0,19,0,0,0,2
G36005300306,1990,NY,,,,,,,,,0306,,,99,Madison,053,,,2,8160,,,,9999,1,New York,36,,,,0000290308,0000000163,Tract 306,S,42994355,-75693038,,6291,21,36,7,7,17,0,0,0,7
G36005300307,1990,NY,,,,,,,,,0307,,,99,Madison,053,,,2,8160,,,,9999,1,New York,36,,,,0000227566,0000004575,Tract 307,S,42875990,-75690475,,6934,170,20,30,4,50,21,1,3,21
G36005300308,1990,NY,,,,,,,,,0308,,,99,Madison,053,,,2,8160,,,,9999,1,New York,36,,,,0000295342,0000002832,Tract 308,S,42781231,-75722627,,3399,140,8,5,0,29,3,0,0,71
G36005300309,1990,NY,,,,,,,,,0309,,,99,Madison,053,,,2,8160,,,,9999,1,New York,36,,,,0000010681,0000000022,Tract 309,S,42815175,-75542920,,3584,130,4,175,3,40,4,0,2,31
G36005300310,1990,NY,,,,,,,,,0310,,,99,Madison,053,,,2,8160,,,,9999,1,New York,36,,,,0000202373,0000001511,Tract 310,S,42839305,-75494435,,4943,17,6,25,2,28,0,0,1,0
G36005300311,1990,NY,,,,,,,,,0311,,,99,Madison,053,,,2,8160,,,,9999,1,New York,36,,,,0000201902,0000000253,Tract 311,S,42807538,-75343859,,2205,7,6,2,2,3,0,0,0,0
G36005500002,1990,NY,,,,,,,,,0002,,,99,Monroe,055,,,2,6840,,,,9999,1,New York,36,,,,0000000596,0000000033,Tract 2,S,43160651,-77620313,,35,8,0,0,0,0,3,0,0,26
G36005500007,1990,NY,,,,,,,,,0007,,,99,Monroe,055,,,2,6840,,,,9999,1,New York,36,,,,0000000179,0000000000,Tract 7,S,43173551,-77616492,,92,351,1,22,5,108,15,0,8,465
G36005500010,1990,NY,,,,,,,,,0010,,,99,Monroe,055,,,2,6840,,,,9999,1,New York,36,,,,0000001408,0000000000,Tract 10,S,43155734,-77583952,,2869,494,8,66,5,39,8,0,0,50
G36005500013,1990,NY,,,,,,,,,0013,,,99,Monroe,055,,,2,6840,,,,9999,1,New York,36,,,,0000000404,0000000000,Tract 13,S,43171052,-77609010,,14,1483,0,1,1,33,34,0,2,191
G36005500014,1990,NY,,,,,,,,,0014,,,99,Monroe,055,,,2,6840,,,,9999,1,New York,36,,,,0000000404,0000000000,Tract 14,S,43173768,-77606683,,90,1281,3,13,0,53,28,0,3,199
G36005500015,1990,NY,,,,,,,,,0015,,,99,Monroe,055,,,2,6840,,,,9999,1,New York,36,,,,0000000427,0000000000,Tract 15,S,43172001,-77596271,,125,1170,2,5,1,105,35,0,0,302
G36005500016,1990,NY,,,,,,,,,0016,,,99,Monroe,055,,,2,6840,,,,9999,1,New York,36,,,,0000000311,0000000007,Tract 16,S,43165601,-77626150,,514,295,13,39,3,92,9,0,0,117
G36005500017,1990,NY,,,,,,,,,0017,,,99,Monroe,055,,,2,6840,,,,9999,1,New York,36,,,,0000000539,0000000000,Tract 17,S,43165251,-77631510,,954,331,17,88,9,74,13,1,0,210
G36005500018,1990,NY,,,,,,,,,0018,,,99,Monroe,055,,,2,6840,,,,9999,1,New York,36,,,,0000004713,0000000000,Tract 18,S,43196101,-77654250,,4581,379,8,43,2,112,17,0,0,77
G36005500019,1990,NY,,,,,,,,,0019,,,99,Monroe,055,,,2,6840,,,,9999,1,New York,36,,,,0000001806,0000000093,Tract 19,S,43199601,-77632311,,2260,249,22,26,1,34,20,0,1,64
G36005500020,1990,NY,,,,,,,,,0020,,,99,Monroe,055,,,2,6840,,,,9999,1,New York,36,,,,0000001494,0000000090,Tract 20,S,43190501,-77635250,,4669,246,26,40,2,96,3,0,3,39
G36005500021,1990,NY,,,,,,,,,0021,,,99,Monroe,055,,,2,6840,,,,9999,1,New York,36,,,,0000001027,0000000000,Tract 21,S,43185751,-77640800,,3344,207,19,42,4,64,3,0,0,17
G36005500022,1990,NY,,,,,,,,,0022,,,99,Monroe,055,,,2,6840,,,,9999,1,New York,36,,,,0000000577,0000000000,Tract 22,S,43181301,-77640475,,2476,290,16,55,9,58,18,0,0,77
G36005500023,1990,NY,,,,,,,,,0023,,,99,Monroe,055,,,2,6840,,,,9999,1,New York,36,,,,0000001143,0000000076,Tract 23,S,43174451,-77632875,,3195,937,59,91,9,140,25,1,0,199
G36005500024,1990,NY,,,,,,,,,0024,,,99,Monroe,055,,,2,6840,,,,9999,1,New York,36,,,,0000000971,0000000000,Tract 24,S,43173451,-77642012,,2889,367,30,84,1,120,22,0,13,82
G36005500027,1990,NY,,,,,,,,,0027,,,99,Monroe,055,,,2,6840,,,,9999,1,New York,36,,,,0000000388,0000000000,Tract 27,S,43149426,-77626699,,40,1555,4,0,0,2,28,0,0,11
G36005500029,1990,NY,,,,,,,,,0029,,,99,Monroe,055,,,2,6840,,,,9999,1,New York,36,,,,0000000808,0000000000,Tract 29,S,43152101,-77590350,,3477,269,5,65,5,31,5,0,1,27
G36005500030,1990,NY,,,,,,,,,0030,,,99,Monroe,055,,,2,6840,,,,9999,1,New York,36,,,,0000000435,0000000000,Tract 30,S,43145351,-77595117,,1688,276,18,45,1,39,1,1,0,28
G36005500031,1990,NY,,,,,,,,,0031,,,99,Monroe,055,,,2,6840,,,,9999,1,New York,36,,,,0000001037,0000000000,Tract 31,S,43146101,-77582681,,4338,226,19,76,11,85,7,2,5,33
G36005500032,1990,NY,,,,,,,,,0032,,,99,Monroe,055,,,2,6840,,,,9999,1,New York,36,,,,0000000571,0000000088,Tract 32,S,43146401,-77607217,,1007,1163,9,57,2,35,19,2,1,75
G36005500033,1990,NY,,,,,,,,,0033,,,99,Monroe,055,,,2,6840,,,,9999,1,New York,36,,,,0000000318,0000000000,Tract 33,S,43140801,-77600580,,1209,178,27,25,0,25,2,1,5,5
G36005500034,1990,NY,,,,,,,,,0034,,,99,Monroe,055,,,2,6840,,,,9999,1,New York,36,,,,0000000726,0000000000,Tract 34,S,43137901,-77609136,,1848,372,9,79,10,55,9,0,1,44
G36005500035,1990,NY,,,,,,,,,0035,,,99,Monroe,055,,,2,6840,,,,9999,1,New York,36,,,,0000000740,0000000010,Tract 35,S,43135051,-77603998,,1983,67,8,17,7,15,2,0,0,7
G36005500036,1990,NY,,,,,,,,,0036,,,99,Monroe,055,,,2,6840,,,,9999,1,New York,36,,,,0000000734,0000000000,Tract 36,S,43136149,-77595309,,2622,247,42,86,4,50,18,0,0,34
G36005500037,1990,NY,,,,,,,,,0037,,,99,Monroe,055,,,2,6840,,,,9999,1,New York,36,,,,0000000884,0000000000,Tract 37,S,43138351,-77584200,,2901,230,19,98,7,35,7,0,3,19
G3600550003801,1990,NY,,,,,,,,,003801,,,99,Monroe,055,,,2,6840,,,,9999,1,New York,36,,,,0000006008,0000000472,Tract 38.01,S,43119701,-77631151,,5147,376,9,637,8,115,19,1,6,60
G3600550003802,1990,NY,,,,,,,,,003802,,,99,Monroe,055,,,2,6840,,,,9999,1,New York,36,,,,0000000314,0000000000,Tract 38.02,S,43130268,-77629058,,2421,98,8,257,3,67,5,0,3,40
G3600550003803,1990,NY,,,,,,,,,003803,,,99,Monroe,055,,,2,6840,,,,9999,1,New York,36,,,,0000000725,0000000000,Tract 38.03,S,43120751,-77611547,,463,115,0,0,3,1,0,0,0,12
G3600550003804,1990,NY,,,,,,,,,003804,,,99,Monroe,055,,,2,6840,,,,9999,1,New York,36,,,,0000000176,0000000000,Tract 38.04,S,43113068,-77620164,,511,109,1,0,0,8,0,0,0,0
G36005500039,1990,NY,,,,,,,,,0039,,,99,Monroe,055,,,2,6840,,,,9999,1,New York,36,,,,0000000321,0000000044,Tract 39,S,43178001,-77623700,,301,731,4,108,7,42,22,2,0,263
G36005500040,1990,NY,,,,,,,,,0040,,,99,Monroe,055,,,2,6840,,,,9999,1,New York,36,,,,0000000364,0000000000,Tract 40,S,43166851,-77644376,,1171,246,21,66,2,64,20,7,0,82
G36005500041,1990,NY,,,,,,,,,0041,,,99,Monroe,055,,,2,6840,,,,9999,1,New York,36,,,,0000000499,0000000000,Tract 41,S,43163268,-77634542,,1050,533,12,33,21,178,12,2,2,349
G36005500043,1990,NY,,,,,,,,,0043,,,99,Monroe,055,,,2,6840,,,,9999,1,New York,36,,,,0000000244,0000000000,Tract 43,S,43168301,-77594731,,27,284,0,0,0,11,13,0,0,46
G3600550004601,1990,NY,,,,,,,,,004601,,,99,Monroe,055,,,2,6840,,,,9999,1,New York,36,,,,0000001606,0000000420,Tract 46.01,S,43212701,-77619982,,985,92,3,29,0,10,3,0,0,7
G3600550004602,1990,NY,,,,,,,,,004602,,,99,Monroe,055,,,2,6840,,,,9999,1,New York,36,,,,0000000569,0000000073,Tract 46.02,S,43186668,-77621001,,1416,882,6,44,14,73,30,2,0,239
G3600550004701,1990,NY,,,,,,,,,004701,,,99,Monroe,055,,,2,6840,,,,9999,1,New York,36,,,,0000000428,0000000000,Tract 47.01,S,43194201,-77608778,,989,519,5,5,4,136,18,0,0,163
G3600550004702,1990,NY,,,,,,,,,004702,,,99,Monroe,055,,,2,6840,,,,9999,1,New York,36,,,,0000000857,0000000000,Tract 47.02,S,43187701,-77608300,,1226,465,5,67,2,149,4,2,0,265
G36005500048,1990,NY,,,,,,,,,0048,,,99,Monroe,055,,,2,6840,,,,9999,1,New York,36,,,,0000000445,0000000000,Tract 48,S,43184001,-77606400,,980,1063,5,7,2,213,88,5,0,416
G36005500049,1990,NY,,,,,,,,,0049,,,99,Monroe,055,,,2,6840,,,,9999,1,New York,36,,,,0000000370,0000000000,Tract 49,S,43181351,-77604075,,394,1640,2,33,4,163,40,3,0,326
G36005500050,1990,NY,,,,,,,,,0050,,,99,Monroe,055,,,2,6840,,,,9999,1,New York,36,,,,0000000559,0000000000,Tract 50,S,43178901,-77619850,,657,1608,7,143,5,265,81,0,7,880
G36005500051,1990,NY,,,,,,,,,0051,,,99,Monroe,055,,,2,6840,,,,9999,1,New York,36,,,,0000000438,0000000000,Tract 51,S,43181201,-77615121,,325,862,17,125,9,139,45,0,0,382
G36005500052,1990,NY,,,,,,,,,0052,,,99,Monroe,055,,,2,6840,,,,9999,1,New York,36,,,,0000000425,0000000000,Tract 52,S,43177234,-77607209,,278,1725,10,69,7,98,71,0,4,542
G36005500053,1990,NY,,,,,,,,,0053,,,99,Monroe,055,,,2,6840,,,,9999,1,New York,36,,,,0000000503,0000000000,Tract 53,S,43173334,-77586313,,338,1385,11,19,0,248,59,3,4,497
G36005500054,1990,NY,,,,,,,,,0054,,,99,Monroe,055,,,2,6840,,,,9999,1,New York,36,,,,0000000875,0000000000,Tract 54,S,43171934,-77569097,,2665,830,1,24,8,64,7,0,0,140
G36005500055,1990,NY,,,,,,,,,0055,,,99,Monroe,055,,,2,6840,,,,9999,1,New York,36,,,,0000000440,0000000000,Tract 55,S,43169551,-77587228,,246,1206,13,10,5,173,64,0,0,250
G36005500056,1990,NY,,,,,,,,,0056,,,99,Monroe,055,,,2,6840,,,,9999,1,New York,36,,,,0000000679,0000000000,Tract 56,S,43167551,-77582502,,549,1688,9,54,3,114,49,3,2,262
G36005500057,1990,NY,,,,,,,,,0057,,,99,Monroe,055,,,2,6840,,,,9999,1,New York,36,,,,0000000404,0000000000,Tract 57,S,43165001,-77577428,,640,1502,12,15,7,84,22,0,0,181
G36005500058,1990,NY,,,,,,,,,0058,,,99,Monroe,055,,,2,6840,,,,9999,1,New York,36,,,,0000000795,0000000000,Tract 58,S,43166851,-77568850,,2444,1342,25,40,15,95,34,2,0,182
G36005500059,1990,NY,,,,,,,,,0059,,,99,Monroe,055,,,2,6840,,,,9999,1,New York,36,,,,0000000917,0000000000,Tract 59,S,43159451,-77575097,,668,1160,18,20,0,32,20,0,0,88
G36005500060,1990,NY,,,,,,,,,0060,,,99,Monroe,055,,,2,6840,,,,9999,1,New York,36,,,,0000000954,0000000000,Tract 60,S,43164751,-77559050,,3418,219,22,20,2,57,5,1,0,42
G36005500061,1990,NY,,,,,,,,,0061,,,99,Monroe,055,,,2,6840,,,,9999,1,New York,36,,,,0000001360,0000000000,Tract 61,S,43164001,-77542594,,2627,117,0,7,2,32,0,0,0,11
G36005500062,1990,NY,,,,,,,,,0062,,,99,Monroe,055,,,2,6840,,,,9999,1,New York,36,,,,0000000693,0000000000,Tract 62,S,43141851,-77654918,,1523,1617,11,15,2,17,17,0,0,10
G36005500063,1990,NY,,,,,,,,,0063,,,99,Monroe,055,,,2,6840,,,,9999,1,New York,36,,,,0000000710,0000000000,Tract 63,S,43145101,-77641900,,840,2532,15,16,6,22,33,0,0,37
G36005500064,1990,NY,,,,,,,,,0064,,,99,Monroe,055,,,2,6840,,,,9999,1,New York,36,,,,0000000652,0000000000,Tract 64,S,43142851,-77631450,,69,3424,4,10,0,3,31,0,0,0
G36005500065,1990,NY,,,,,,,,,0065,,,99,Monroe,055,,,2,6840,,,,9999,1,New York,36,,,,0000000456,0000000023,Tract 65,S,43142951,-77622375,,52,2048,2,3,1,0,16,0,0,1
G36005500066,1990,NY,,,,,,,,,0066,,,99,Monroe,055,,,2,6840,,,,9999,1,New York,36,,,,0000000430,0000000000,Tract 66,S,43138201,-77632350,,118,1949,8,0,2,5,26,0,0,2
G36005500067,1990,NY,,,,,,,,,0067,,,99,Monroe,055,,,2,6840,,,,9999,1,New York,36,,,,0000000749,0000000000,Tract 67,S,43137901,-77642425,,981,2286,14,24,6,16,19,1,2,2
G36005500068,1990,NY,,,,,,,,,0068,,,99,Monroe,055,,,2,6840,,,,9999,1,New York,36,,,,0000000931,0000000048,Tract 68,S,43134901,-77657696,,1808,911,7,40,3,26,17,0,0,6
G36005500069,1990,NY,,,,,,,,,0069,,,99,Monroe,055,,,2,6840,,,,9999,1,New York,36,,,,0000000640,0000000082,Tract 69,S,43135101,-77626218,,308,1897,6,9,1,12,15,0,0,6
G36005500070,1990,NY,,,,,,,,,0070,,,99,Monroe,055,,,2,6840,,,,9999,1,New York,36,,,,0000001015,0000000165,Tract 70,S,43126701,-77642025,,1395,1731,7,28,1,12,21,5,0,17
G36005500071,1990,NY,,,,,,,,,0071,,,99,Monroe,055,,,2,6840,,,,9999,1,New York,36,,,,0000000723,0000000000,Tract 71,S,43129701,-77647425,,1754,1550,9,32,4,16,7,2,1,5
G36005500075,1990,NY,,,,,,,,,0075,,,99,Monroe,055,,,2,6840,,,,9999,1,New York,36,,,,0000000857,0000000000,Tract 75,S,43148151,-77647447,,1015,2000,28,13,6,38,25,0,0,32
G36005500076,1990,NY,,,,,,,,,0076,,,99,Monroe,055,,,2,6840,,,,9999,1,New York,36,,,,0000001302,0000000000,Tract 76,S,43156951,-77556413,,2899,237,9,14,2,35,1,1,0,20
G36005500077,1990,NY,,,,,,,,,0077,,,99,Monroe,055,,,2,6840,,,,9999,1,New York,36,,,,0000001422,0000000000,Tract 77,S,43151384,-77554093,,2841,250,11,34,0,49,6,0,1,8
G3600550007801,1990,NY,,,,,,,,,007801,,,99,Monroe,055,,,2,6840,,,,9999,1,New York,36,,,,0000001007,0000000000,Tract 78.01,S,43146751,-77566052,,2378,75,3,21,0,36,0,0,0,12
G3600550007802,1990,NY,,,,,,,,,007802,,,99,Monroe,055,,,2,6840,,,,9999,1,New York,36,,,,0000002068,0000000017,Tract 78.02,S,43139901,-77562342,,1703,70,4,14,0,26,2,0,0,1
G36005500079,1990,NY,,,,,,,,,0079,,,99,Monroe,055,,,2,6840,,,,9999,1,New York,36,,,,0000000511,0000000000,Tract 79,S,43184601,-77597950,,837,742,7,28,8,98,27,0,0,292
G36005500080,1990,NY,,,,,,,,,0080,,,99,Monroe,055,,,2,6840,,,,9999,1,New York,36,,,,0000000461,0000000000,Tract 80,S,43178351,-77593756,,804,1438,15,37,9,121,46,4,0,389
G36005500081,1990,NY,,,,,,,,,0081,,,99,Monroe,055,,,2,6840,,,,9999,1,New York,36,,,,0000001577,0000000000,Tract 81,S,43188551,-77592875,,2821,859,18,76,9,211,37,0,1,277
G36005500082,1990,NY,,,,,,,,,0082,,,99,Monroe,055,,,2,6840,,,,9999,1,New York,36,,,,0000000712,0000000000,Tract 82,S,43184751,-77579114,,2218,489,11,19,4,107,23,2,9,133
G36005500083,1990,NY,,,,,,,,,0083,,,99,Monroe,055,,,2,6840,,,,9999,1,New York,36,,,,0000005459,0000000577,Tract 83,S,43213368,-77559537,,3745,520,18,25,4,96,48,2,2,214
G36005500084,1990,NY,,,,,,,,,0084,,,99,Monroe,055,,,2,6840,,,,9999,1,New York,36,,,,0000000611,0000000000,Tract 84,S,43179101,-77583176,,1239,968,17,44,7,171,38,0,0,289
G36005500085,1990,NY,,,,,,,,,0085,,,99,Monroe,055,,,2,6840,,,,9999,1,New York,36,,,,0000002278,0000000496,Tract 85,S,43254051,-77613839,,3914,83,8,15,1,49,11,0,7,18
G36005500086,1990,NY,,,,,,,,,0086,,,99,Monroe,055,,,2,6840,,,,9999,1,New York,36,,,,0000004531,0000000181,Tract 86,S,43224084,-77626599,,4443,94,6,19,0,66,5,0,0,19
G3600550008701,1990,NY,,,,,,,,,008701,,,99,Monroe,055,,,2,6840,,,,9999,1,New York,36,,,,0000003654,0000000031,Tract 87.01,S,43166051,-77666669,,2822,359,21,90,5,79,5,1,6,109
G3600550008702,1990,NY,,,,,,,,,008702,,,99,Monroe,055,,,2,6840,,,,9999,1,New York,36,,,,0000002491,0000000037,Tract 87.02,S,43150268,-77661959,,1113,361,3,16,1,28,1,0,0,22
G36005500088,1990,NY,,,,,,,,,0088,,,99,Monroe,055,,,2,6840,,,,9999,1,New York,36,,,,0000002082,0000000005,Tract 88,S,43175034,-77665500,,1919,254,18,10,0,66,4,1,0,38
G36005500089,1990,NY,,,,,,,,,0089,,,99,Monroe,055,,,2,6840,,,,9999,1,New York,36,,,,0000003301,0000000000,Tract 89,S,43121652,-77667061,,0,0,0,0,0,0,0,0,0,0
G36005500090,1990,NY,,,,,,,,,0090,,,99,Monroe,055,,,2,6840,,,,9999,1,New York,36,,,,0000000311,0000000015,Tract 90,S,43159201,-77609194,,674,185,4,3,0,32,3,0,0,11
G36005500091,1990,NY,,,,,,,,,0091,,,99,Monroe,055,,,2,6840,,,,9999,1,New York,36,,,,0000000442,0000000000,Tract 91,S,43165034,-77605766,,38,631,0,0,0,28,21,0,1,18
G36005500092,1990,NY,,,,,,,,,0092,,,99,Monroe,055,,,2,6840,,,,9999,1,New York,36,,,,0000000959,0000000077,Tract 92,S,43167701,-77617183,,168,675,7,52,3,224,74,1,0,337
G3600550009301,1990,NY,,,,,,,,,009301,,,99,Monroe,055,,,2,6840,,,,9999,1,New York,36,,,,0000000585,0000000000,Tract 93.01,S,43162801,-77595478,,263,1246,11,4,4,101,61,2,0,331
G3600550009302,1990,NY,,,,,,,,,009302,,,99,Monroe,055,,,2,6840,,,,9999,1,New York,36,,,,0000000489,0000000000,Tract 93.02,S,43152601,-77599239,,1040,318,11,54,1,40,14,0,5,46
G3600550009401,1990,NY,,,,,,,,,009401,,,99,Monroe,055,,,2,6840,,,,9999,1,New York,36,,,,0000000361,0000000000,Tract 94.01,S,43159351,-77600270,,196,46,3,8,0,26,3,0,1,21
G3600550009402,1990,NY,,,,,,,,,009402,,,99,Monroe,055,,,2,6840,,,,9999,1,New York,36,,,,0000000547,0000000030,Tract 94.02,S,43154451,-77604843,,743,431,6,40,3,44,18,0,0,22
G3600550009403,1990,NY,,,,,,,,,009403,,,99,Monroe,055,,,2,6840,,,,9999,1,New York,36,,,,0000000545,0000000039,Tract 94.03,S,43154751,-77614893,,527,600,6,2,4,16,17,1,0,76
G36005500095,1990,NY,,,,,,,,,0095,,,99,Monroe,055,,,2,6840,,,,9999,1,New York,36,,,,0000000921,0000000048,Tract 95,S,43150001,-77618300,,938,1316,9,13,0,26,22,1,0,23
G3600550009601,1990,NY,,,,,,,,,009601,,,99,Monroe,055,,,2,6840,,,,9999,1,New York,36,,,,0000000574,0000000000,Tract 96.01,S,43152101,-77630756,,179,1735,8,5,0,17,12,1,0,49
G3600550009602,1990,NY,,,,,,,,,009602,,,99,Monroe,055,,,2,6840,,,,9999,1,New York,36,,,,0000000777,0000000000,Tract 96.02,S,43154268,-77638653,,1059,842,30,18,4,94,16,0,1,115
G3600550009603,1990,NY,,,,,,,,,009603,,,99,Monroe,055,,,2,6840,,,,9999,1,New York,36,,,,0000000834,0000000000,Tract 96.03,S,43162201,-77644800,,1795,392,29,94,6,118,26,1,3,189
G3600550009604,1990,NY,,,,,,,,,009604,,,99,Monroe,055,,,2,6840,,,,9999,1,New York,36,,,,0000000361,0000000000,Tract 96.04,S,43158351,-77634100,,797,518,17,27,3,104,30,5,0,263
G36005500101,1990,NY,,,,,,,,,0101,,,99,Monroe,055,,,2,6840,,,,9999,1,New York,36,,,,0000002589,0000000641,Tract 101,S,43247668,-77594527,,3923,25,4,42,2,21,1,0,0,11
G36005500102,1990,NY,,,,,,,,,0102,,,99,Monroe,055,,,2,6840,,,,9999,1,New York,36,,,,0000004532,0000000000,Tract 102,S,43234951,-77601245,,3977,19,6,28,0,20,0,0,2,5
G36005500103,1990,NY,,,,,,,,,0103,,,99,Monroe,055,,,2,6840,,,,9999,1,New York,36,,,,0000002238,0000000000,Tract 103,S,43217951,-77607039,,3823,21,5,22,5,6,1,0,3,7
G36005500104,1990,NY,,,,,,,,,0104,,,99,Monroe,055,,,2,6840,,,,9999,1,New York,36,,,,0000002327,0000000000,Tract 104,S,43203451,-77611431,,4904,55,8,31,0,52,4,0,0,34
G36005500105,1990,NY,,,,,,,,,0105,,,99,Monroe,055,,,2,6840,,,,9999,1,New York,36,,,,0000006214,0000000000,Tract 105,S,43216701,-77575993,,4223,28,9,22,0,16,0,0,0,20
G3600550010601,1990,NY,,,,,,,,,010601,,,99,Monroe,055,,,2,6840,,,,9999,1,New York,36,,,,0000002248,0000000000,Tract 106.01,S,43204871,-77571988,,2499,32,3,18,0,60,0,0,0,3
G3600550010602,1990,NY,,,,,,,,,010602,,,99,Monroe,055,,,2,6840,,,,9999,1,New York,36,,,,0000003068,0000000000,Tract 106.02,S,43202151,-77590122,,3610,62,10,19,0,26,1,0,1,3
G36005500107,1990,NY,,,,,,,,,0107,,,99,Monroe,055,,,2,6840,,,,9999,1,New York,36,,,,0000002108,0000000677,Tract 107,S,43228318,-77545026,,3607,32,13,17,1,25,0,0,0,7
G36005500108,1990,NY,,,,,,,,,0108,,,99,Monroe,055,,,2,6840,,,,9999,1,New York,36,,,,0000002808,0000001066,Tract 108,S,43208768,-77545063,,3105,37,7,12,0,19,0,0,0,7
G3600550010901,1990,NY,,,,,,,,,010901,,,99,Monroe,055,,,2,6840,,,,9999,1,New York,36,,,,0000001610,0000000000,Tract 109.01,S,43192151,-77573800,,4307,161,5,42,0,112,3,0,0,68
G3600550010902,1990,NY,,,,,,,,,010902,,,99,Monroe,055,,,2,6840,,,,9999,1,New York,36,,,,0000002583,0000000000,Tract 109.02,S,43197451,-77552493,,3054,34,0,23,4,33,4,0,0,16
G36005500110,1990,NY,,,,,,,,,0110,,,99,Monroe,055,,,2,6840,,,,9999,1,New York,36,,,,0000004491,0000001847,Tract 110,S,43187250,-77539324,,5090,127,11,26,6,46,4,0,1,51
G36005500111,1990,NY,,,,,,,,,0111,,,99,Monroe,055,,,2,6840,,,,9999,1,New York,36,,,,0000002435,0000000000,Tract 111,S,43171251,-77543495,,4369,51,5,20,2,49,1,0,0,9
G3600550011201,1990,NY,,,,,,,,,011201,,,99,Monroe,055,,,2,6840,,,,9999,1,New York,36,,,,0000005292,0000002117,Tract 112.01,S,43220078,-77522381,,3144,21,6,23,4,13,0,0,1,1
G3600550011203,1990,NY,,,,,,,,,011203,,,99,Monroe,055,,,2,6840,,,,9999,1,New York,36,,,,0000003416,0000000288,Tract 112.03,S,43238351,-77502990,,1975,2,2,23,0,9,0,0,0,4
G3600550011205,1990,NY,,,,,,,,,011205,,,99,Monroe,055,,,2,6840,,,,9999,1,New York,36,,,,0000008707,0000000000,Tract 112.05,S,43221457,-77481924,,3725,57,7,78,2,24,9,0,0,13
G3600550011206,1990,NY,,,,,,,,,011206,,,99,Monroe,055,,,2,6840,,,,9999,1,New York,36,,,,0000011062,0000000000,Tract 112.06,S,43200701,-77479650,,5570,72,7,53,2,52,0,0,1,11
G36005500113,1990,NY,,,,,,,,,0113,,,99,Monroe,055,,,2,6840,,,,9999,1,New York,36,,,,0000040630,0000001371,Tract 113,S,43249352,-77427341,,9698,86,9,168,0,39,4,0,5,17
G36005500114,1990,NY,,,,,,,,,0114,,,99,Monroe,055,,,2,6840,,,,9999,1,New York,36,,,,0000019078,0000000000,Tract 114,S,43212801,-77409781,,6337,154,15,129,1,46,2,1,0,17
G3600550011501,1990,NY,,,,,,,,,011501,,,99,Monroe,055,,,2,6840,,,,9999,1,New York,36,,,,0000019346,0000000911,Tract 115.01,S,43186401,-77450658,,2834,39,6,43,0,12,0,0,0,3
G3600550011503,1990,NY,,,,,,,,,011503,,,99,Monroe,055,,,2,6840,,,,9999,1,New York,36,,,,0000010094,0000000000,Tract 115.03,S,43169501,-77502526,,5065,82,1,93,4,32,0,0,1,11
G3600550011504,1990,NY,,,,,,,,,011504,,,99,Monroe,055,,,2,6840,,,,9999,1,New York,36,,,,0000018108,0000000000,Tract 115.04,S,43167399,-77460946,,4262,92,5,103,0,16,4,0,0,16
G3600550011505,1990,NY,,,,,,,,,011505,,,99,Monroe,055,,,2,6840,,,,9999,1,New York,36,,,,0000032826,0000000000,Tract 115.05,S,43155801,-77406700,,4659,119,3,158,2,30,1,0,6,18
G3600550011601,1990,NY,,,,,,,,,011601,,,99,Monroe,055,,,2,6840,,,,9999,1,New York,36,,,,0000004759,0000000000,Tract 116.01,S,43129421,-77457838,,5640,125,4,228,2,41,0,0,0,6
G3600550011603,1990,NY,,,,,,,,,011603,,,99,Monroe,055,,,2,6840,,,,9999,1,New York,36,,,,0000002069,0000000000,Tract 116.03,S,43125768,-77496568,,1609,10,5,21,0,13,0,0,0,6
G3600550011604,1990,NY,,,,,,,,,011604,,,99,Monroe,055,,,2,6840,,,,9999,1,New York,36,,,,0000005717,0000000166,Tract 116.04,S,43147405,-77504962,,2285,42,1,69,0,23,0,0,0,4
G3600550011605,1990,NY,,,,,,,,,011605,,,99,Monroe,055,,,2,6840,,,,9999,1,New York,36,,,,0000004215,0000000000,Tract 116.05,S,43138951,-77478214,,2261,23,1,70,0,5,0,0,2,3
G3600550011701,1990,NY,,,,,,,,,011701,,,99,Monroe,055,,,2,6840,,,,9999,1,New York,36,,,,0000012796,0000000232,Tract 117.01,S,43066151,-77463102,,9956,151,8,228,9,69,0,0,0,16
G3600550011703,1990,NY,,,,,,,,,011703,,,99,Monroe,055,,,2,6840,,,,9999,1,New York,36,,,,0000019266,0000000120,Tract 117.03,S,43101051,-77402555,,6174,120,8,176,6,55,0,0,2,9
G3600550011704,1990,NY,,,,,,,,,011704,,,99,Monroe,055,,,2,6840,,,,9999,1,New York,36,,,,0000036680,0000000150,Tract 117.04,S,43055801,-77412868,,8013,177,11,218,5,53,1,0,0,11
G36005500118,1990,NY,,,,,,,,,0118,,,99,Monroe,055,,,2,6840,,,,9999,1,New York,36,,,,0000004101,0000000118,Tract 118,S,43097151,-77443285,,5653,34,10,61,2,26,0,0,1,1
G3600550011901,1990,NY,,,,,,,,,011901,,,99,Monroe,055,,,2,6840,,,,9999,1,New York,36,,,,0000007688,0000000008,Tract 119.01,S,43108351,-77462100,,4485,131,7,209,3,49,1,2,6,27
G3600550011902,1990,NY,,,,,,,,,011902,,,99,Monroe,055,,,2,6840,,,,9999,1,New York,36,,,,0000007883,0000000184,Tract 119.02,S,43088551,-77465950,,6651,58,7,69,0,38,1,0,1,6
G36005500120,1990,NY,,,,,,,,,0120,,,99,Monroe,055,,,2,6840,,,,9999,1,New York,36,,,,0000001406,0000000000,Tract 120,S,43112451,-77480973,,3135,25,12,22,1,28,0,0,0,9
G36005500121,1990,NY,,,,,,,,,0121,,,99,Monroe,055,,,2,6840,,,,9999,1,New York,36,,,,0000002074,0000000000,Tract 121,S,43111151,-77492161,,3623,17,5,18,1,20,1,1,7,15
G3600550012201,1990,NY,,,,,,,,,012201,,,99,Monroe,055,,,2,6840,,,,9999,1,New York,36,,,,0000009526,0000000000,Tract 122.01,S,43112801,-77516937,,5023,124,4,57,0,29,0,0,0,16
G3600550012202,1990,NY,,,,,,,,,012202,,,99,Monroe,055,,,2,6840,,,,9999,1,New York,36,,,,0000006065,0000000144,Tract 122.02,S,43087602,-77493835,,3366,36,1,53,4,36,0,0,0,2
G3600550012301,1990,NY,,,,,,,,,012301,,,99,Monroe,055,,,2,6840,,,,9999,1,New York,36,,,,0000008763,0000000309,Tract 123.01,S,43092768,-77531265,,4891,40,7,187,0,46,0,0,0,6
G3600550012302,1990,NY,,,,,,,,,012302,,,99,Monroe,055,,,2,6840,,,,9999,1,New York,36,,,,0000035753,0000000039,Tract 123.02,S,43056251,-77530750,,9674,234,3,552,3,87,2,0,1,5
G36005500124,1990,NY,,,,,,,,,0124,,,99,Monroe,055,,,2,6840,,,,9999,1,New York,36,,,,0000103101,0000000374,Tract 124,S,42976801,-77541699,,6716,29,9,45,2,34,0,1,0,9
G36005500125,1990,NY,,,,,,,,,0125,,,99,Monroe,055,,,2,6840,,,,9999,1,New York,36,,,,0000005237,0000000000,Tract 125,S,43146051,-77530929,,4115,83,5,68,6,25,4,0,0,8
G36005500126,1990,NY,,,,,,,,,0126,,,99,Monroe,055,,,2,6840,,,,9999,1,New York,36,,,,0000005377,0000000000,Tract 126,S,43129934,-77539764,,4837,68,9,59,2,51,0,0,0,11
G36005500127,1990,NY,,,,,,,,,0127,,,99,Monroe,055,,,2,6840,,,,9999,1,New York,36,,,,0000002119,0000000000,Tract 127,S,43128601,-77561776,,3594,68,1,86,4,35,0,0,0,12
G36005500128,1990,NY,,,,,,,,,0128,,,99,Monroe,055,,,2,6840,,,,9999,1,New York,36,,,,0000002374,0000000000,Tract 128,S,43129851,-77583953,,3997,105,10,199,4,56,12,0,0,25
G36005500129,1990,NY,,,,,,,,,0129,,,99,Monroe,055,,,2,6840,,,,9999,1,New York,36,,,,0000004401,0000000000,Tract 129,S,43118590,-77584391,,4275,218,3,229,7,25,3,0,7,23
G3600550013001,1990,NY,,,,,,,,,013001,,,99,Monroe,055,,,2,6840,,,,9999,1,New York,36,,,,0000015964,0000000389,Tract 130.01,S,43102734,-77622485,,4703,304,15,568,8,104,11,0,0,47
G3600550013002,1990,NY,,,,,,,,,013002,,,99,Monroe,055,,,2,6840,,,,9999,1,New York,36,,,,0000004594,0000000055,Tract 130.02,S,43106718,-77559868,,5825,155,4,248,5,93,2,0,2,8
G3600550013101,1990,NY,,,,,,,,,013101,,,99,Monroe,055,,,2,6840,,,,9999,1,New York,36,,,,0000011455,0000000102,Tract 131.01,S,43081690,-77584565,,5501,354,24,170,3,35,7,1,4,26
G3600550013103,1990,NY,,,,,,,,,013103,,,99,Monroe,055,,,2,6840,,,,9999,1,New York,36,,,,0000005991,0000000154,Tract 131.03,S,43081001,-77673876,,4308,212,12,346,1,92,10,1,6,63
G3600550013104,1990,NY,,,,,,,,,013104,,,99,Monroe,055,,,2,6840,,,,9999,1,New York,36,,,,0000011194,0000000000,Tract 131.04,S,43080251,-77633941,,4606,557,20,227,3,69,4,11,8,63
G3600550013202,1990,NY,,,,,,,,,013202,,,99,Monroe,055,,,2,6840,,,,9999,1,New York,36,,,,0000027079,0000000229,Tract 132.02,S,43045751,-77688301,,6335,346,28,286,9,82,14,0,3,24
G3600550013203,1990,NY,,,,,,,,,013203,,,99,Monroe,055,,,2,6840,,,,9999,1,New York,36,,,,0000007606,0000000000,Tract 132.03,S,43058801,-77595350,,5699,451,28,175,8,54,2,1,0,29
G3600550013204,1990,NY,,,,,,,,,013204,,,99,Monroe,055,,,2,6840,,,,9999,1,New York,36,,,,0000028309,0000000000,Tract 132.04,S,43038218,-77629645,,5515,308,7,118,2,77,3,1,1,26
G36005500133,1990,NY,,,,,,,,,0133,,,99,Monroe,055,,,2,6840,,,,9999,1,New York,36,,,,0000079024,0000000438,Tract 133,S,42983136,-77670649,,3025,110,7,27,0,35,7,0,0,6
G36005500134,1990,NY,,,,,,,,,0134,,,99,Monroe,055,,,2,6840,,,,9999,1,New York,36,,,,0000016475,0000009497,Tract 134,S,43294534,-77680414,,7848,206,26,52,4,92,3,0,4,45
G3600550013501,1990,NY,,,,,,,,,013501,,,99,Monroe,055,,,2,6840,,,,9999,1,New York,36,,,,0000031787,0000000543,Tract 135.01,S,43274425,-77723846,,11538,238,33,215,5,96,9,0,0,29
G3600550013502,1990,NY,,,,,,,,,013502,,,99,Monroe,055,,,2,6840,,,,9999,1,New York,36,,,,0000013424,0000000000,Tract 135.02,S,43229468,-77726870,,7716,161,10,153,0,104,1,0,6,33
G3600550013601,1990,NY,,,,,,,,,013601,,,99,Monroe,055,,,2,6840,,,,9999,1,New York,36,,,,0000002378,0000000000,Tract 136.01,S,43240851,-77652988,,4833,81,13,45,0,27,2,0,0,16
G3600550013602,1990,NY,,,,,,,,,013602,,,99,Monroe,055,,,2,6840,,,,9999,1,New York,36,,,,0000012514,0000000000,Tract 136.02,S,43254401,-77677300,,9089,415,16,127,3,138,23,1,0,76
G3600550013701,1990,NY,,,,,,,,,013701,,,99,Monroe,055,,,2,6840,,,,9999,1,New York,36,,,,0000001440,0000000000,Tract 137.01,S,43247601,-77630021,,2277,18,6,11,0,36,3,0,1,4
G3600550013702,1990,NY,,,,,,,,,013702,,,99,Monroe,055,,,2,6840,,,,9999,1,New York,36,,,,0000002683,0000000000,Tract 137.02,S,43247868,-77639780,,3565,28,7,13,1,8,0,0,4,2
G36005500138,1990,NY,,,,,,,,,0138,,,99,Monroe,055,,,2,6840,,,,9999,1,New York,36,,,,0000002278,0000000000,Tract 138,S,43228551,-77638000,,5795,75,23,31,3,56,1,0,4,15
G3600550013901,1990,NY,,,,,,,,,013901,,,99,Monroe,055,,,2,6840,,,,9999,1,New York,36,,,,0000002209,0000000000,Tract 139.01,S,43222451,-77652200,,3534,23,1,22,2,27,5,0,0,17
G3600550013902,1990,NY,,,,,,,,,013902,,,99,Monroe,055,,,2,6840,,,,9999,1,New York,36,,,,0000001370,0000000000,Tract 139.02,S,43210269,-77654214,,3862,169,14,61,1,59,7,0,5,59
G3600550014001,1990,NY,,,,,,,,,014001,,,99,Monroe,055,,,2,6840,,,,9999,1,New York,36,,,,0000004932,0000000000,Tract 140.01,S,43233513,-77679200,,5275,118,12,77,0,30,4,0,5,11
G3600550014003,1990,NY,,,,,,,,,014003,,,99,Monroe,055,,,2,6840,,,,9999,1,New York,36,,,,0000002534,0000000000,Tract 140.03,S,43216201,-77685397,,4833,103,10,52,6,74,3,0,4,30
G3600550014004,1990,NY,,,,,,,,,014004,,,99,Monroe,055,,,2,6840,,,,9999,1,New York,36,,,,0000002982,0000000000,Tract 140.04,S,43214851,-77667970,,3411,97,3,42,2,48,5,0,0,9
G3600550014102,1990,NY,,,,,,,,,014102,,,99,Monroe,055,,,2,6840,,,,9999,1,New York,36,,,,0000005208,0000000000,Tract 141.02,S,43199379,-77683403,,3915,63,3,77,0,41,0,0,0,17
G3600550014103,1990,NY,,,,,,,,,014103,,,99,Monroe,055,,,2,6840,,,,9999,1,New York,36,,,,0000004303,0000000000,Tract 141.03,S,43205851,-77716600,,4824,71,12,48,2,54,0,0,0,9
G3600550014104,1990,NY,,,,,,,,,014104,,,99,Monroe,055,,,2,6840,,,,9999,1,New York,36,,,,0000016221,0000000230,Tract 141.04,S,43192555,-77722016,,3141,67,8,40,0,22,1,0,0,28
G3600550014202,1990,NY,,,,,,,,,014202,,,99,Monroe,055,,,2,6840,,,,9999,1,New York,36,,,,0000014746,0000000000,Tract 142.02,S,43143068,-77740995,,5717,217,8,103,5,51,2,0,0,40
G3600550014203,1990,NY,,,,,,,,,014203,,,99,Monroe,055,,,2,6840,,,,9999,1,New York,36,,,,0000004148,0000000000,Tract 142.03,S,43171901,-77716050,,5919,336,12,175,5,86,9,0,2,72
G3600550014204,1990,NY,,,,,,,,,014204,,,99,Monroe,055,,,2,6840,,,,9999,1,New York,36,,,,0000003642,0000000000,Tract 142.04,S,43155301,-77718570,,2395,232,1,38,0,51,10,0,4,11
G3600550014301,1990,NY,,,,,,,,,014301,,,99,Monroe,055,,,2,6840,,,,9999,1,New York,36,,,,0000002771,0000000062,Tract 143.01,S,43172768,-77689266,,2688,92,10,28,3,42,2,1,0,10
G3600550014302,1990,NY,,,,,,,,,014302,,,99,Monroe,055,,,2,6840,,,,9999,1,New York,36,,,,0000005136,0000000043,Tract 143.02,S,43155451,-77692372,,5118,232,6,56,2,60,8,0,5,16
G36005500144,1990,NY,,,,,,,,,0144,,,99,Monroe,055,,,2,6840,,,,9999,1,New York,36,,,,0000009010,0000000091,Tract 144,S,43137201,-77688940,,4498,129,4,24,3,24,6,0,0,15
G3600550014502,1990,NY,,,,,,,,,014502,,,99,Monroe,055,,,2,6840,,,,9999,1,New York,36,,,,0000012061,0000000000,Tract 145.02,S,43117553,-77783018,,8215,286,9,91,4,81,6,0,2,27
G3600550014503,1990,NY,,,,,,,,,014503,,,99,Monroe,055,,,2,6840,,,,9999,1,New York,36,,,,0000003463,0000000000,Tract 145.03,S,43118251,-77732723,,3565,128,8,38,0,22,1,0,0,12
G3600550014504,1990,NY,,,,,,,,,014504,,,99,Monroe,055,,,2,6840,,,,9999,1,New York,36,,,,0000009669,0000000111,Tract 145.04,S,43116301,-77695560,,5169,433,13,38,3,39,0,0,4,14
G36005500146,1990,NY,,,,,,,,,0146,,,99,Monroe,055,,,2,6840,,,,9999,1,New York,36,,,,0000077747,0000000382,Tract 146,S,43079501,-77761519,,6498,303,18,75,6,33,5,1,0,31
G36005500147,1990,NY,,,,,,,,,0147,,,99,Monroe,055,,,2,6840,,,,9999,1,New York,36,,,,0000079313,0000000200,Tract 147,S,43012018,-77812621,,4900,106,13,36,1,30,0,0,0,7
G3600550014802,1990,NY,,,,,,,,,014802,,,99,Monroe,055,,,2,6840,,,,9999,1,New York,36,,,,0000066753,0000000000,Tract 148.02,S,43235468,-77811567,,5261,31,18,19,0,22,0,0,0,3
G3600550014803,1990,NY,,,,,,,,,014803,,,99,Monroe,055,,,2,6840,,,,9999,1,New York,36,,,,0000027010,0000002595,Tract 148.03,S,43318001,-77785340,,2378,24,4,4,2,17,0,0,0,2
G3600550014804,1990,NY,,,,,,,,,014804,,,99,Monroe,055,,,2,6840,,,,9999,1,New York,36,,,,0000014858,0000000000,Tract 148.04,S,43288951,-77786927,,5931,60,15,32,0,42,2,0,0,6
G3600550014901,1990,NY,,,,,,,,,014901,,,99,Monroe,055,,,2,6840,,,,9999,1,New York,36,,,,0000009540,0000000207,Tract 149.01,S,43185601,-77810889,,4787,12,7,29,2,46,0,0,0,3
G3600550014903,1990,NY,,,,,,,,,014903,,,99,Monroe,055,,,2,6840,,,,9999,1,New York,36,,,,0000053564,0000000311,Tract 149.03,S,43157651,-77840569,,4368,27,14,20,5,30,4,0,1,10
G3600550014904,1990,NY,,,,,,,,,014904,,,99,Monroe,055,,,2,6840,,,,9999,1,New York,36,,,,0000031651,0000000115,Tract 149.04,S,43160351,-77790050,,7104,210,39,73,4,79,10,1,0,27
G36005500150,1990,NY,,,,,,,,,0150,,,99,Monroe,055,,,2,6840,,,,9999,1,New York,36,,,,0000091018,0000000331,Tract 150,S,43079120,-77873609,,4976,52,8,23,4,31,1,0,4,15
G36005500151,1990,NY,,,,,,,,,0151,,,99,Monroe,055,,,2,6840,,,,9999,1,New York,36,,,,0000112446,0000002853,Tract 151,S,43322451,-77919478,,8980,100,22,17,0,54,3,0,1,26
G36005500152,1990,NY,,,,,,,,,0152,,,99,Monroe,055,,,2,6840,,,,9999,1,New York,36,,,,0000086042,0000000013,Tract 152,S,43256800,-77920047,,4303,77,6,49,3,51,0,0,0,28
G3600550015301,1990,NY,,,,,,,,,015301,,,99,Monroe,055,,,2,6840,,,,9999,1,New York,36,,,,0000002865,0000000031,Tract 153.01,S,43207501,-77962047,,2917,217,16,17,6,23,13,0,2,28
G3600550015302,1990,NY,,,,,,,,,015302,,,99,Monroe,055,,,2,6840,,,,9999,1,New York,36,,,,0000008163,0000000145,Tract 153.02,S,43210801,-77931215,,7382,343,16,105,10,108,11,0,2,76
G36005500154,1990,NY,,,,,,,,,0154,,,99,Monroe,055,,,2,6840,,,,9999,1,New York,36,,,,0000075870,0000000236,Tract 154,S,43169701,-77952517,,2816,26,6,16,0,22,1,0,0,2
G36005700701,1990,NY,,,,,,,,,0701,,,99,Montgomery,057,,,2,0160,,,,9999,1,New York,36,,,,0000000321,0000000050,Tract 701,S,42935823,-74191428,,38,3,0,0,0,3,0,0,0,4
G36005700702,1990,NY,,,,,,,,,0702,,,99,Montgomery,057,,,2,0160,,,,9999,1,New York,36,,,,0000004298,0000000452,Tract 702,S,42933216,-74201870,,2369,45,2,17,6,189,28,0,0,170
G36005700703,1990,NY,,,,,,,,,0703,,,99,Montgomery,057,,,2,0160,,,,9999,1,New York,36,,,,0000000733,0000000000,Tract 703,S,42944664,-74194016,,2059,69,4,14,9,190,17,1,1,214
G36005700704,1990,NY,,,,,,,,,0704,,,99,Montgomery,057,,,2,0160,,,,9999,1,New York,36,,,,0000001265,0000000190,Tract 704,S,42951158,-74209716,,2084,13,3,23,0,71,1,0,0,33
G36005700705,1990,NY,,,,,,,,,0705,,,99,Montgomery,057,,,2,0160,,,,9999,1,New York,36,,,,0000002386,0000000000,Tract 705,S,42956204,-74199686,,2853,12,3,22,0,56,2,0,0,39
G36005700706,1990,NY,,,,,,,,,0706,,,99,Montgomery,057,,,2,0160,,,,9999,1,New York,36,,,,0000001114,0000000035,Tract 706,S,42945713,-74183906,,2084,11,2,8,0,159,19,1,0,64
G36005700707,1990,NY,,,,,,,,,0707,,,99,Montgomery,057,,,2,0160,,,,9999,1,New York,36,,,,0000001886,0000000017,Tract 707,S,42951867,-74174414,,2664,20,1,5,1,69,1,0,0,31
G36005700708,1990,NY,,,,,,,,,0708,,,99,Montgomery,057,,,2,0160,,,,9999,1,New York,36,,,,0000002393,0000000000,Tract 708,S,42936200,-74171186,,2697,25,5,12,6,169,5,0,0,66
G36005700709,1990,NY,,,,,,,,,0709,,,99,Montgomery,057,,,2,0160,,,,9999,1,New York,36,,,,0000001031,0000000132,Tract 709,S,42930450,-74180973,,1123,13,1,12,0,448,18,0,2,334
G36005700721,1990,NY,,,,,,,,,0721,,,99,Montgomery,057,,,2,0160,,,,9999,1,New York,36,,,,0000076722,0000001809,Tract 721,S,42955909,-74166840,,5796,30,5,23,0,58,0,0,0,21
G36005700722,1990,NY,,,,,,,,,0722,,,99,Montgomery,057,,,2,0160,,,,9999,1,New York,36,,,,0000089939,0000001772,Tract 722,S,42958461,-74394678,,3841,26,16,21,1,42,6,1,1,21
G36005700723,1990,NY,,,,,,,,,0723,,,99,Montgomery,057,,,2,0160,,,,9999,1,New York,36,,,,0000106740,0000001342,Tract 723,S,42941427,-74557745,,2763,6,2,11,0,4,0,0,0,1
G36005700724,1990,NY,,,,,,,,,0724,,,99,Montgomery,057,,,2,0160,,,,9999,1,New York,36,,,,0000043603,0000001403,Tract 724,S,43005783,-74678717,,2733,4,8,15,0,8,1,0,0,4
G36005700725,1990,NY,,,,,,,,,0725,,,99,Montgomery,057,,,2,0160,,,,9999,1,New York,36,,,,0000132204,0000001078,Tract 725,S,42922786,-74693928,,4406,13,5,11,1,30,0,0,0,8
G36005700726,1990,NY,,,,,,,,,0726,,,99,Montgomery,057,,,2,0160,,,,9999,1,New York,36,,,,0000111136,0000000512,Tract 726,S,42861198,-74608531,,3834,20,5,12,7,24,1,0,0,6
G36005700727,1990,NY,,,,,,,,,0727,,,99,Montgomery,057,,,2,0160,,,,9999,1,New York,36,,,,0000231848,0000002058,Tract 727,S,42870168,-74411733,,3580,8,24,3,0,26,0,1,0,0
G36005700728,1990,NY,,,,,,,,,0728,,,99,Montgomery,057,,,2,0160,,,,9999,1,New York,36,,,,0000240879,0000003453,Tract 728,S,42856910,-74267751,,3677,25,4,4,0,26,2,0,0,6
G36005903001,1990,NY,,,,,,,,,3001,,,70,Nassau,059,,,2,5602,,,,5380,1,New York,36,,,,0000008428,0000008166,Tract 3001,S,40819800,-73747255,,3863,63,1,152,3,95,9,0,0,14
G36005903002,1990,NY,,,,,,,,,3002,,,70,Nassau,059,,,2,5602,,,,5380,1,New York,36,,,,0000000229,0000000000,Tract 3002,S,40813450,-73759359,,603,6,3,22,0,14,1,0,2,6
G36005903003,1990,NY,,,,,,,,,3003,,,70,Nassau,059,,,2,5602,,,,5380,1,New York,36,,,,0000001638,0000000000,Tract 3003,S,40804283,-73743173,,3087,270,5,153,5,159,44,2,0,79
G36005903004,1990,NY,,,,,,,,,3004,,,70,Nassau,059,,,2,5602,,,,5380,1,New York,36,,,,0000001828,0000000000,Tract 3004,S,40801800,-73725703,,4373,95,3,145,1,227,13,5,1,48
G36005903005,1990,NY,,,,,,,,,3005,,,70,Nassau,059,,,2,5602,,,,5380,1,New York,36,,,,0000003125,0000000870,Tract 3005,S,40789950,-73745606,,4265,66,1,129,1,162,11,1,0,14
G36005903006,1990,NY,,,,,,,,,3006,,,70,Nassau,059,,,2,5602,,,,5380,1,New York,36,,,,0000002808,0000000000,Tract 3006,S,40789900,-73719964,,5545,76,0,312,6,258,20,0,1,57
G36005903007,1990,NY,,,,,,,,,3007,,,70,Nassau,059,,,2,5602,,,,5380,1,New York,36,,,,0000000788,0000000000,Tract 3007,S,40786867,-73726466,,5158,106,2,119,5,324,13,0,10,120
G36005903008,1990,NY,,,,,,,,,3008,,,70,Nassau,059,,,2,5602,,,,5380,1,New York,36,,,,0000001436,0000000000,Tract 3008,S,40774750,-73727909,,3799,100,0,241,3,209,9,0,1,57
G36005903009,1990,NY,,,,,,,,,3009,,,70,Nassau,059,,,2,5602,,,,5380,1,New York,36,,,,0000011910,0000000094,Tract 3009,S,40774698,-73688259,,4885,98,0,557,1,115,4,0,0,23
G36005903010,1990,NY,,,,,,,,,3010,,,70,Nassau,059,,,2,5602,,,,5380,1,New York,36,,,,0000015278,0000012443,Tract 3010,S,40853050,-73702982,,4000,54,0,380,2,117,7,0,2,14
G3600590301101,1990,NY,,,,,,,,,301101,,,70,Nassau,059,,,2,5602,,,,5380,1,New York,36,,,,0000001210,0000000423,Tract 3011.01,S,40841850,-73714185,,4226,38,4,466,7,608,10,6,3,304
G3600590301102,1990,NY,,,,,,,,,301102,,,70,Nassau,059,,,2,5602,,,,5380,1,New York,36,,,,0000001818,0000000055,Tract 3011.02,S,40844600,-73702301,,3620,42,6,335,5,133,4,0,5,22
G36005903012,1990,NY,,,,,,,,,3012,,,70,Nassau,059,,,2,5602,,,,5380,1,New York,36,,,,0000002286,0000002249,Tract 3012,S,40825600,-73703174,,5035,55,6,260,3,353,11,0,4,88
G36005903013,1990,NY,,,,,,,,,3013,,,70,Nassau,059,,,2,5602,,,,5380,1,New York,36,,,,0000001732,0000000000,Tract 3013,S,40831450,-73687766,,3337,358,5,289,16,604,13,5,4,323
G36005903014,1990,NY,,,,,,,,,3014,,,70,Nassau,059,,,2,5602,,,,5380,1,New York,36,,,,0000002491,0000000733,Tract 3014,S,40816200,-73665757,,1778,10,0,166,0,82,0,0,0,8
G36005903015,1990,NY,,,,,,,,,3015,,,70,Nassau,059,,,2,5602,,,,5380,1,New York,36,,,,0000003060,0000000682,Tract 3015,S,40809300,-73701622,,2784,10,1,137,0,53,3,0,1,0
G36005903016,1990,NY,,,,,,,,,3016,,,70,Nassau,059,,,2,5602,,,,5380,1,New York,36,,,,0000004174,0000000000,Tract 3016,S,40808533,-73675957,,3956,37,0,352,7,138,2,0,3,24
G36005903017,1990,NY,,,,,,,,,3017,,,70,Nassau,059,,,2,5602,,,,5380,1,New York,36,,,,0000001345,0000000000,Tract 3017,S,40799371,-73680133,,2506,7,0,110,4,62,0,0,0,3
G36005903018,1990,NY,,,,,,,,,3018,,,70,Nassau,059,,,2,5602,,,,5380,1,New York,36,,,,0000004682,0000000083,Tract 3018,S,40789750,-73700630,,3335,1141,3,231,0,188,38,2,5,16
G36005903019,1990,NY,,,,,,,,,3019,,,70,Nassau,059,,,2,5602,,,,5380,1,New York,36,,,,0000001528,0000000000,Tract 3019,S,40792350,-73679992,,2728,7,0,105,0,91,1,0,0,9
G36005903020,1990,NY,,,,,,,,,3020,,,70,Nassau,059,,,2,5602,,,,5380,1,New York,36,,,,0000005479,0000000792,Tract 3020,S,40805550,-73646728,,3669,78,2,160,5,110,2,1,3,20
G3600590302101,1990,NY,,,,,,,,,302101,,,70,Nassau,059,,,2,5602,,,,5380,1,New York,36,,,,0000003728,0000000000,Tract 3021.01,S,40801800,-73629456,,3766,61,1,221,8,91,6,0,2,26
G3600590302102,1990,NY,,,,,,,,,302102,,,70,Nassau,059,,,2,5602,,,,5380,1,New York,36,,,,0000002606,0000000000,Tract 3021.02,S,40786400,-73630123,,3104,13,0,111,1,35,1,0,0,2
G36005903022,1990,NY,,,,,,,,,3022,,,70,Nassau,059,,,2,5602,,,,5380,1,New York,36,,,,0000001657,0000000000,Tract 3022,S,40786772,-73648780,,3062,505,4,171,0,153,23,0,9,38
G36005903023,1990,NY,,,,,,,,,3023,,,70,Nassau,059,,,2,5602,,,,5380,1,New York,36,,,,0000002446,0000000000,Tract 3023,S,40770122,-73660058,,4183,26,0,798,0,92,8,0,0,9
G36005903024,1990,NY,,,,,,,,,3024,,,70,Nassau,059,,,2,5602,,,,5380,1,New York,36,,,,0000001707,0000000000,Tract 3024,S,40771183,-73649253,,4647,8,4,362,7,96,1,0,0,17
G3600590302501,1990,NY,,,,,,,,,302501,,,70,Nassau,059,,,2,5602,,,,5380,1,New York,36,,,,0000002220,0000000000,Tract 3025.01,S,40772300,-73634342,,2268,29,4,106,1,27,2,0,2,1
G3600590302502,1990,NY,,,,,,,,,302502,,,70,Nassau,059,,,2,5602,,,,5380,1,New York,36,,,,0000014353,0000000000,Tract 3025.02,S,40778960,-73603827,,2163,118,0,274,1,81,5,1,1,15
G36005903026,1990,NY,,,,,,,,,3026,,,70,Nassau,059,,,2,5602,,,,5380,1,New York,36,,,,0000000499,0000000000,Tract 3026,S,40731600,-73701771,,2104,1,0,64,0,58,0,0,4,2
G36005903027,1990,NY,,,,,,,,,3027,,,70,Nassau,059,,,2,5602,,,,5380,1,New York,36,,,,0000001000,0000000000,Tract 3027,S,40740184,-73697484,,3395,0,6,338,0,82,0,3,15,19
G36005903028,1990,NY,,,,,,,,,3028,,,70,Nassau,059,,,2,5602,,,,5380,1,New York,36,,,,0000002186,0000000000,Tract 3028,S,40749000,-73692185,,5502,6,0,386,0,182,0,0,9,10
G36005903029,1990,NY,,,,,,,,,3029,,,70,Nassau,059,,,2,5602,,,,5380,1,New York,36,,,,0000001953,0000000000,Tract 3029,S,40746333,-73679147,,4008,1,0,246,0,142,0,0,6,3
G36005903030,1990,NY,,,,,,,,,3030,,,70,Nassau,059,,,2,5602,,,,5380,1,New York,36,,,,0000001219,0000000000,Tract 3030,S,40734900,-73685471,,5043,2,1,321,3,184,0,2,6,14
G3600590303101,1990,NY,,,,,,,,,303101,,,70,Nassau,059,,,2,5602,,,,5380,1,New York,36,,,,0000001540,0000000000,Tract 3031.01,S,40759150,-73680254,,2982,11,0,651,9,58,0,0,0,11
G3600590303102,1990,NY,,,,,,,,,303102,,,70,Nassau,059,,,2,5602,,,,5380,1,New York,36,,,,0000001456,0000000000,Tract 3031.02,S,40756850,-73664343,,3560,10,0,461,6,104,3,0,18,5
G3600590303201,1990,NY,,,,,,,,,303201,,,70,Nassau,059,,,2,5602,,,,5380,1,New York,36,,,,0000001391,0000000000,Tract 3032.01,S,40745350,-73662052,,2790,351,4,478,10,78,2,0,4,31
G3600590303202,1990,NY,,,,,,,,,303202,,,70,Nassau,059,,,2,5602,,,,5380,1,New York,36,,,,0000001152,0000000000,Tract 3032.02,S,40741650,-73665849,,3142,67,4,315,3,173,2,0,3,26
G3600590303301,1990,NY,,,,,,,,,303301,,,70,Nassau,059,,,2,5602,,,,5380,1,New York,36,,,,0000000676,0000000000,Tract 3033.01,S,40758550,-73650184,,3029,2,1,158,0,62,0,0,0,6
G3600590303302,1990,NY,,,,,,,,,303302,,,70,Nassau,059,,,2,5602,,,,5380,1,New York,36,,,,0000000945,0000000000,Tract 3033.02,S,40757950,-73644640,,3922,28,6,85,1,135,0,0,1,10
G36005903034,1990,NY,,,,,,,,,3034,,,70,Nassau,059,,,2,5602,,,,5380,1,New York,36,,,,0000001460,0000000000,Tract 3034,S,40760650,-73633855,,2386,9,0,86,1,26,0,0,0,7
G36005903035,1990,NY,,,,,,,,,3035,,,70,Nassau,059,,,2,5602,,,,5380,1,New York,36,,,,0000001326,0000000000,Tract 3035,S,40747150,-73650812,,4983,0,1,182,0,305,0,0,9,33
G36005903036,1990,NY,,,,,,,,,3036,,,70,Nassau,059,,,2,5602,,,,5380,1,New York,36,,,,0000001692,0000000000,Tract 3036,S,40745100,-73640648,,5502,57,5,169,7,568,14,4,0,164
G36005903037,1990,NY,,,,,,,,,3037,,,70,Nassau,059,,,2,5602,,,,5380,1,New York,36,,,,0000001789,0000000000,Tract 3037,S,40749450,-73627400,,6305,114,4,114,4,395,5,2,2,46
G36005903038,1990,NY,,,,,,,,,3038,,,70,Nassau,059,,,2,5602,,,,5380,1,New York,36,,,,0000002444,0000000000,Tract 3038,S,40750967,-73611532,,4594,44,5,168,4,242,9,0,1,40
G36005903039,1990,NY,,,,,,,,,3039,,,70,Nassau,059,,,2,5602,,,,5380,1,New York,36,,,,0000002400,0000000000,Tract 3039,S,40764850,-73591231,,1915,1427,14,226,2,118,23,2,7,58
G3600590304001,1990,NY,,,,,,,,,304001,,,70,Nassau,059,,,2,5602,,,,5380,1,New York,36,,,,0000000739,0000000000,Tract 3040.01,S,40752567,-73598498,,2324,8,0,48,5,104,0,0,0,6
G3600590304002,1990,NY,,,,,,,,,304002,,,70,Nassau,059,,,2,5602,,,,5380,1,New York,36,,,,0000001268,0000000000,Tract 3040.02,S,40756767,-73592507,,3085,92,1,62,2,179,7,0,0,50
G36005903041,1990,NY,,,,,,,,,3041,,,70,Nassau,059,,,2,5602,,,,5380,1,New York,36,,,,0000001776,0000000000,Tract 3041,S,40759750,-73579785,,1316,1099,14,131,11,432,49,0,6,125
G3600590304201,1990,NY,,,,,,,,,304201,,,70,Nassau,059,,,2,5602,,,,5380,1,New York,36,,,,0000001746,0000000000,Tract 3042.01,S,40762800,-73567467,,204,5765,21,21,5,933,250,20,3,330
G3600590304202,1990,NY,,,,,,,,,304202,,,70,Nassau,059,,,2,5602,,,,5380,1,New York,36,,,,0000002052,0000000000,Tract 3042.02,S,40757750,-73562685,,1395,684,2,92,2,266,42,0,12,210
G36005904043,1990,NY,,,,,,,,,4043,,,70,Nassau,059,,,2,5602,,,,5380,1,New York,36,,,,0000000672,0000000000,Tract 4043,S,40723200,-73721099,,2670,24,9,158,4,181,6,1,8,54
G36005904044,1990,NY,,,,,,,,,4044,,,70,Nassau,059,,,2,5602,,,,5380,1,New York,36,,,,0000001145,0000000000,Tract 4044,S,40721150,-73712249,,5025,9,1,80,0,109,0,0,0,7
G36005904045,1990,NY,,,,,,,,,4045,,,70,Nassau,059,,,2,5602,,,,5380,1,New York,36,,,,0000001069,0000000000,Tract 4045,S,40724337,-73697190,,3882,26,6,68,8,138,6,0,6,42
G36005904046,1990,NY,,,,,,,,,4046,,,70,Nassau,059,,,2,5602,,,,5380,1,New York,36,,,,0000001005,0000000000,Tract 4046,S,40717600,-73700002,,4191,5,1,69,2,127,1,2,1,18
G36005904047,1990,NY,,,,,,,,,4047,,,70,Nassau,059,,,2,5602,,,,5380,1,New York,36,,,,0000001522,0000000000,Tract 4047,S,40726100,-73685305,,5767,12,8,178,4,152,0,1,4,12
G36005904048,1990,NY,,,,,,,,,4048,,,70,Nassau,059,,,2,5602,,,,5380,1,New York,36,,,,0000002995,0000000007,Tract 4048,S,40712200,-73708072,,2774,1793,11,81,12,502,91,0,0,269
G36005904049,1990,NY,,,,,,,,,4049,,,70,Nassau,059,,,2,5602,,,,5380,1,New York,36,,,,0000001753,0000000000,Tract 4049,S,40702933,-73719654,,4181,1898,45,972,17,737,194,4,41,254
G36005904050,1990,NY,,,,,,,,,4050,,,70,Nassau,059,,,2,5602,,,,5380,1,New York,36,,,,0000001744,0000000000,Tract 4050,S,40700850,-73704265,,3553,66,2,200,4,297,7,0,13,70
G36005904051,1990,NY,,,,,,,,,4051,,,70,Nassau,059,,,2,5602,,,,5380,1,New York,36,,,,0000001702,0000000000,Tract 4051,S,40691900,-73703940,,4841,861,14,680,9,372,51,0,29,158
G36005904052,1990,NY,,,,,,,,,4052,,,70,Nassau,059,,,2,5602,,,,5380,1,New York,36,,,,0000000904,0000000000,Tract 4052,S,40700400,-73693145,,4541,4,3,108,6,231,6,0,6,82
G3600590405301,1990,NY,,,,,,,,,405301,,,70,Nassau,059,,,2,5602,,,,5380,1,New York,36,,,,0000000971,0000000000,Tract 4053.01,S,40710907,-73682527,,3076,5,2,66,0,93,0,0,0,16
G3600590405302,1990,NY,,,,,,,,,405302,,,70,Nassau,059,,,2,5602,,,,5380,1,New York,36,,,,0000001046,0000000000,Tract 4053.02,S,40713300,-73670437,,3823,5,0,35,0,105,4,0,0,19
G36005904054,1990,NY,,,,,,,,,4054,,,70,Nassau,059,,,2,5602,,,,5380,1,New York,36,,,,0000001621,0000000000,Tract 4054,S,40697800,-73685317,,6434,9,1,143,2,281,0,0,7,54
G36005904055,1990,NY,,,,,,,,,4055,,,70,Nassau,059,,,2,5602,,,,5380,1,New York,36,,,,0000001230,0000000000,Tract 4055,S,40702067,-73672632,,4855,10,1,62,0,126,1,2,0,16
G36005904056,1990,NY,,,,,,,,,4056,,,70,Nassau,059,,,2,5602,,,,5380,1,New York,36,,,,0000001050,0000000000,Tract 4056,S,40695800,-73672327,,3992,3,4,76,1,115,0,0,0,13
G36005904057,1990,NY,,,,,,,,,4057,,,70,Nassau,059,,,2,5602,,,,5380,1,New York,36,,,,0000001550,0000000000,Tract 4057,S,40688204,-73677897,,4427,12,4,149,4,136,0,0,8,8
G36005904058,1990,NY,,,,,,,,,4058,,,70,Nassau,059,,,2,5602,,,,5380,1,New York,36,,,,0000001069,0000000000,Tract 4058,S,40711200,-73660632,,3863,3,0,65,1,113,3,3,2,20
G36005904059,1990,NY,,,,,,,,,4059,,,70,Nassau,059,,,2,5602,,,,5380,1,New York,36,,,,0000001818,0000000004,Tract 4059,S,40689700,-73662285,,4531,53,5,199,3,127,0,0,5,10
G3600590406001,1990,NY,,,,,,,,,406001,,,70,Nassau,059,,,2,5602,,,,5380,1,New York,36,,,,0000001312,0000000001,Tract 4060.01,S,40701100,-73653391,,4027,34,1,118,0,163,1,5,2,43
G3600590406002,1990,NY,,,,,,,,,406002,,,70,Nassau,059,,,2,5602,,,,5380,1,New York,36,,,,0000000907,0000000000,Tract 4060.02,S,40696233,-73650267,,2770,16,8,59,0,72,1,0,2,5
G36005904061,1990,NY,,,,,,,,,4061,,,70,Nassau,059,,,2,5602,,,,5380,1,New York,36,,,,0000000915,0000000000,Tract 4061,S,40707950,-73647617,,2616,49,0,26,4,72,0,0,0,31
G3600590406201,1990,NY,,,,,,,,,406201,,,70,Nassau,059,,,2,5602,,,,5380,1,New York,36,,,,0000001920,0000000242,Tract 4062.01,S,40692200,-73645085,,2155,183,0,96,2,126,4,0,2,36
G3600590406202,1990,NY,,,,,,,,,406202,,,70,Nassau,059,,,2,5602,,,,5380,1,New York,36,,,,0000002482,0000000550,Tract 4062.02,S,40675200,-73651434,,272,4786,42,45,10,64,162,13,0,82
G36005904063,1990,NY,,,,,,,,,4063,,,70,Nassau,059,,,2,5602,,,,5380,1,New York,36,,,,0000001431,0000000000,Tract 4063,S,40723950,-73677049,,3474,4,4,85,0,67,0,0,4,0
G36005904064,1990,NY,,,,,,,,,4064,,,70,Nassau,059,,,2,5602,,,,5380,1,New York,36,,,,0000004723,0000000008,Tract 4064,S,40730200,-73651600,,6129,19,1,131,0,104,1,0,0,8
G3600590406501,1990,NY,,,,,,,,,406501,,,70,Nassau,059,,,2,5602,,,,5380,1,New York,36,,,,0000004632,0000000004,Tract 4065.01,S,40720200,-73639222,,5978,18,1,198,1,183,0,1,1,12
G3600590406502,1990,NY,,,,,,,,,406502,,,70,Nassau,059,,,2,5602,,,,5380,1,New York,36,,,,0000000248,0000000000,Tract 4065.02,S,40720012,-73652271,,820,194,0,39,4,60,4,0,1,15
G36005904066,1990,NY,,,,,,,,,4066,,,70,Nassau,059,,,2,5602,,,,5380,1,New York,36,,,,0000002781,0000000000,Tract 4066,S,40734450,-73625129,,3843,7,1,160,3,52,0,0,5,8
G36005904067,1990,NY,,,,,,,,,4067,,,70,Nassau,059,,,2,5602,,,,5380,1,New York,36,,,,0000001908,0000000011,Tract 4067,S,40705200,-73633647,,2535,3095,19,120,15,564,243,11,14,582
G36005904068,1990,NY,,,,,,,,,4068,,,70,Nassau,059,,,2,5602,,,,5380,1,New York,36,,,,0000001212,0000000000,Tract 4068,S,40711350,-73623727,,999,2922,29,149,23,2466,182,28,5,940
G36005904069,1990,NY,,,,,,,,,4069,,,70,Nassau,059,,,2,5602,,,,5380,1,New York,36,,,,0000001128,0000000000,Tract 4069,S,40715350,-73614220,,468,4905,31,51,7,320,139,6,3,228
G36005904070,1990,NY,,,,,,,,,4070,,,70,Nassau,059,,,2,5602,,,,5380,1,New York,36,,,,0000001326,0000000000,Tract 4070,S,40696400,-73626301,,331,5457,29,22,21,76,188,9,11,202
G3600590407101,1990,NY,,,,,,,,,407101,,,70,Nassau,059,,,2,5602,,,,5380,1,New York,36,,,,0000001057,0000000000,Tract 4071.01,S,40694900,-73616682,,501,3523,13,24,15,115,170,0,2,99
G3600590407102,1990,NY,,,,,,,,,407102,,,70,Nassau,059,,,2,5602,,,,5380,1,New York,36,,,,0000001164,0000000000,Tract 4071.02,S,40694700,-73608698,,1028,3177,15,61,12,212,176,0,11,248
G36005904072,1990,NY,,,,,,,,,4072,,,70,Nassau,059,,,2,5602,,,,5380,1,New York,36,,,,0000001757,0000000000,Tract 4072,S,40707142,-73609582,,5414,4637,23,324,47,1001,297,12,27,867
G3600590407301,1990,NY,,,,,,,,,407301,,,70,Nassau,059,,,2,5602,,,,5380,1,New York,36,,,,0000007854,0000000000,Tract 4073.01,S,40731496,-73598785,,452,577,5,12,0,26,19,2,1,4
G3600590407302,1990,NY,,,,,,,,,407302,,,70,Nassau,059,,,2,5602,,,,5380,1,New York,36,,,,0000001540,0000000000,Tract 4073.02,S,40713400,-73589244,,2221,1275,12,139,2,268,67,0,9,252
G3600590407401,1990,NY,,,,,,,,,407401,,,70,Nassau,059,,,2,5602,,,,5380,1,New York,36,,,,0000002195,0000000000,Tract 4074.01,S,40704650,-73588807,,2959,2488,27,223,16,413,102,6,6,405
G3600590407402,1990,NY,,,,,,,,,407402,,,70,Nassau,059,,,2,5602,,,,5380,1,New York,36,,,,0000000243,0000000000,Tract 4074.02,S,40699484,-73583896,,770,137,1,1,0,4,1,0,0,0
G3600590407501,1990,NY,,,,,,,,,407501,,,70,Nassau,059,,,2,5602,,,,5380,1,New York,36,,,,0000001564,0000000000,Tract 4075.01,S,40693200,-73600670,,1062,1948,13,66,20,368,111,8,3,391
G3600590407502,1990,NY,,,,,,,,,407502,,,70,Nassau,059,,,2,5602,,,,5380,1,New York,36,,,,0000001330,0000000000,Tract 4075.02,S,40694750,-73588289,,888,3082,14,71,10,161,167,10,2,129
G36005904076,1990,NY,,,,,,,,,4076,,,70,Nassau,059,,,2,5602,,,,5380,1,New York,36,,,,0000001972,0000000035,Tract 4076,S,40747300,-73569483,,4751,37,2,440,4,211,0,0,0,54
G36005904077,1990,NY,,,,,,,,,4077,,,70,Nassau,059,,,2,5602,,,,5380,1,New York,36,,,,0000005995,0000000011,Tract 4077,S,40736550,-73565541,,4231,8,11,133,0,179,0,0,3,13
G3600590407801,1990,NY,,,,,,,,,407801,,,70,Nassau,059,,,2,5602,,,,5380,1,New York,36,,,,0000002041,0000000000,Tract 4078.01,S,40736900,-73548649,,4853,17,9,213,1,173,3,0,2,38
G3600590407802,1990,NY,,,,,,,,,407802,,,70,Nassau,059,,,2,5602,,,,5380,1,New York,36,,,,0000000530,0000000000,Tract 4078.02,S,40731550,-73553472,,798,1246,0,151,6,29,15,0,4,190
G36005904079,1990,NY,,,,,,,,,4079,,,70,Nassau,059,,,2,5602,,,,5380,1,New York,36,,,,0000001854,0000000000,Tract 4079,S,40707650,-73574790,,4054,421,4,136,9,178,39,0,7,84
G36005904080,1990,NY,,,,,,,,,4080,,,70,Nassau,059,,,2,5602,,,,5380,1,New York,36,,,,0000001863,0000000000,Tract 4080,S,40714133,-73567990,,5752,29,3,158,1,182,0,0,0,17
G36005904081,1990,NY,,,,,,,,,4081,,,70,Nassau,059,,,2,5602,,,,5380,1,New York,36,,,,0000002258,0000000021,Tract 4081,S,40706150,-73555674,,6256,33,0,207,3,146,0,0,1,21
G36005904082,1990,NY,,,,,,,,,4082,,,70,Nassau,059,,,2,5602,,,,5380,1,New York,36,,,,0000002109,0000000000,Tract 4082,S,40718364,-73554216,,5996,9,4,230,6,146,4,1,6,40
G36005904083,1990,NY,,,,,,,,,4083,,,70,Nassau,059,,,2,5602,,,,5380,1,New York,36,,,,0000002136,0000000000,Tract 4083,S,40713900,-73536824,,6590,25,8,263,1,198,2,1,4,35
G36005904084,1990,NY,,,,,,,,,4084,,,70,Nassau,059,,,2,5602,,,,5380,1,New York,36,,,,0000001473,0000000022,Tract 4084,S,40694250,-73564149,,3429,59,0,116,0,91,1,0,0,13
G36005904085,1990,NY,,,,,,,,,4085,,,70,Nassau,059,,,2,5602,,,,5380,1,New York,36,,,,0000001976,0000000000,Tract 4085,S,40699550,-73543787,,5689,27,0,119,0,104,0,0,4,15
G36005904086,1990,NY,,,,,,,,,4086,,,70,Nassau,059,,,2,5602,,,,5380,1,New York,36,,,,0000001481,0000000000,Tract 4086,S,40735950,-73534551,,4293,22,0,87,0,110,0,0,5,24
G36005904087,1990,NY,,,,,,,,,4087,,,70,Nassau,059,,,2,5602,,,,5380,1,New York,36,,,,0000001394,0000000000,Tract 4087,S,40740550,-73525188,,4593,13,6,112,6,199,5,0,0,23
G36005904088,1990,NY,,,,,,,,,4088,,,70,Nassau,059,,,2,5602,,,,5380,1,New York,36,,,,0000002217,0000000000,Tract 4088,S,40737400,-73503946,,6468,16,3,151,2,297,0,2,1,60
G36005904089,1990,NY,,,,,,,,,4089,,,70,Nassau,059,,,2,5602,,,,5380,1,New York,36,,,,0000002051,0000000000,Tract 4089,S,40729400,-73528873,,5550,6,6,107,0,203,3,0,3,30
G36005904090,1990,NY,,,,,,,,,4090,,,70,Nassau,059,,,2,5602,,,,5380,1,New York,36,,,,0000002351,0000000000,Tract 4090,S,40725050,-73501093,,5569,14,2,145,5,202,3,1,12,36
G36005904091,1990,NY,,,,,,,,,4091,,,70,Nassau,059,,,2,5602,,,,5380,1,New York,36,,,,0000001993,0000000000,Tract 4091,S,40713600,-73526124,,5392,14,4,79,2,197,1,0,5,27
G36005904092,1990,NY,,,,,,,,,4092,,,70,Nassau,059,,,2,5602,,,,5380,1,New York,36,,,,0000001996,0000000000,Tract 4092,S,40720450,-73512898,,5933,17,2,69,4,270,5,0,0,25
G36005904093,1990,NY,,,,,,,,,4093,,,70,Nassau,059,,,2,5602,,,,5380,1,New York,36,,,,0000001440,0000000000,Tract 4093,S,40709850,-73508038,,4382,2,2,61,0,152,2,0,0,18
G36005904094,1990,NY,,,,,,,,,4094,,,70,Nassau,059,,,2,5602,,,,5380,1,New York,36,,,,0000001402,0000000000,Tract 4094,S,40712400,-73497099,,4003,6,3,57,0,137,0,0,0,13
G36005904095,1990,NY,,,,,,,,,4095,,,70,Nassau,059,,,2,5602,,,,5380,1,New York,36,,,,0000001479,0000000000,Tract 4095,S,40705650,-73490236,,3830,8,0,56,0,103,0,0,0,10
G36005904096,1990,NY,,,,,,,,,4096,,,70,Nassau,059,,,2,5602,,,,5380,1,New York,36,,,,0000002128,0000000015,Tract 4096,S,40699887,-73521246,,4757,11,2,93,4,144,0,0,3,16
G36005904097,1990,NY,,,,,,,,,4097,,,70,Nassau,059,,,2,5602,,,,5380,1,New York,36,,,,0000001615,0000000000,Tract 4097,S,40695144,-73505043,,4286,11,3,64,0,115,1,0,0,8
G36005904098,1990,NY,,,,,,,,,4098,,,70,Nassau,059,,,2,5602,,,,5380,1,New York,36,,,,0000001641,0000000005,Tract 4098,S,40688200,-73714404,,2442,1552,26,535,9,295,110,5,23,167
G36005904099,1990,NY,,,,,,,,,4099,,,70,Nassau,059,,,2,5602,,,,5380,1,New York,36,,,,0000001537,0000000002,Tract 4099,S,40683133,-73717622,,4910,206,10,422,0,297,5,4,23,86
G36005904100,1990,NY,,,,,,,,,4100,,,70,Nassau,059,,,2,5602,,,,5380,1,New York,36,,,,0000001707,0000000000,Tract 4100,S,40679667,-73693209,,3069,63,6,151,0,123,0,0,2,33
G36005904101,1990,NY,,,,,,,,,4101,,,70,Nassau,059,,,2,5602,,,,5380,1,New York,36,,,,0000001987,0000000000,Tract 4101,S,40677250,-73674984,,5900,22,1,159,0,181,2,0,0,13
G36005904102,1990,NY,,,,,,,,,4102,,,70,Nassau,059,,,2,5602,,,,5380,1,New York,36,,,,0000001283,0000000000,Tract 4102,S,40670600,-73667656,,3544,97,3,92,0,189,4,0,0,24
G36005904103,1990,NY,,,,,,,,,4103,,,70,Nassau,059,,,2,5602,,,,5380,1,New York,36,,,,0000001255,0000000000,Tract 4103,S,40673700,-73716996,,4796,17,1,317,0,170,1,0,6,67
G36005904104,1990,NY,,,,,,,,,4104,,,70,Nassau,059,,,2,5602,,,,5380,1,New York,36,,,,0000001409,0000000000,Tract 4104,S,40666900,-73719328,,3793,61,2,168,1,214,5,0,6,40
G36005904105,1990,NY,,,,,,,,,4105,,,70,Nassau,059,,,2,5602,,,,5380,1,New York,36,,,,0000001939,0000000057,Tract 4105,S,40668850,-73699809,,5576,11,3,262,1,229,11,0,1,98
G36005904106,1990,NY,,,,,,,,,4106,,,70,Nassau,059,,,2,5602,,,,5380,1,New York,36,,,,0000001637,0000000000,Tract 4106,S,40670250,-73691060,,6582,12,4,184,1,159,5,0,7,24
G36005904107,1990,NY,,,,,,,,,4107,,,70,Nassau,059,,,2,5602,,,,5380,1,New York,36,,,,0000001422,0000000000,Tract 4107,S,40653100,-73697358,,5638,6,1,159,5,191,3,0,0,57
G36005904108,1990,NY,,,,,,,,,4108,,,70,Nassau,059,,,2,5602,,,,5380,1,New York,36,,,,0000001256,0000000008,Tract 4108,S,40652750,-73707660,,4697,15,2,113,4,186,2,0,1,31
G36005904109,1990,NY,,,,,,,,,4109,,,70,Nassau,059,,,2,5602,,,,5380,1,New York,36,,,,0000002239,0000000000,Tract 4109,S,40655900,-73718122,,4935,35,1,266,0,89,0,0,0,2
G36005904110,1990,NY,,,,,,,,,4110,,,70,Nassau,059,,,2,5602,,,,5380,1,New York,36,,,,0000003381,0000001368,Tract 4110,S,40624200,-73751360,,3241,515,3,48,2,313,18,3,0,141
G36005904111,1990,NY,,,,,,,,,4111,,,70,Nassau,059,,,2,5602,,,,5380,1,New York,36,,,,0000000873,0000000000,Tract 4111,S,40616100,-73743627,,1551,1475,11,21,11,252,32,4,8,118
G36005904112,1990,NY,,,,,,,,,4112,,,70,Nassau,059,,,2,5602,,,,5380,1,New York,36,,,,0000001777,0000000000,Tract 4112,S,40625500,-73727889,,5265,87,3,122,0,155,7,1,1,75
G3600590411301,1990,NY,,,,,,,,,411301,,,70,Nassau,059,,,2,5602,,,,5380,1,New York,36,,,,0000002275,0000000240,Tract 4113.01,S,40642433,-73733075,,3369,15,0,103,0,44,2,0,1,7
G3600590411302,1990,NY,,,,,,,,,411302,,,70,Nassau,059,,,2,5602,,,,5380,1,New York,36,,,,0000002450,0000000119,Tract 4113.02,S,40639100,-73720743,,6029,34,0,95,4,84,1,0,5,8
G36005904114,1990,NY,,,,,,,,,4114,,,70,Nassau,059,,,2,5602,,,,5380,1,New York,36,,,,0000002037,0000000000,Tract 4114,S,40630100,-73710154,,5301,123,2,163,10,118,3,0,0,57
G36005904115,1990,NY,,,,,,,,,4115,,,70,Nassau,059,,,2,5602,,,,5380,1,New York,36,,,,0000004360,0000000407,Tract 4115,S,40629033,-73692579,,3228,32,0,81,0,55,4,0,0,5
G36005904116,1990,NY,,,,,,,,,4116,,,70,Nassau,059,,,2,5602,,,,5380,1,New York,36,,,,0000009852,0000002203,Tract 4116,S,40604433,-73712821,,6021,139,7,66,0,208,7,5,0,60
G36005904117,1990,NY,,,,,,,,,4117,,,70,Nassau,059,,,2,5602,,,,5380,1,New York,36,,,,0000002308,0000000016,Tract 4117,S,40641733,-73694710,,6034,38,1,198,7,224,2,1,4,111
G36005904118,1990,NY,,,,,,,,,4118,,,70,Nassau,059,,,2,5602,,,,5380,1,New York,36,,,,0000001755,0000000000,Tract 4118,S,40662550,-73679610,,5854,26,5,115,1,241,0,0,1,48
G3600590411901,1990,NY,,,,,,,,,411901,,,70,Nassau,059,,,2,5602,,,,5380,1,New York,36,,,,0000000853,0000000000,Tract 4119.01,S,40652400,-73675939,,2839,16,0,61,7,92,15,0,0,77
G3600590411902,1990,NY,,,,,,,,,411902,,,70,Nassau,059,,,2,5602,,,,5380,1,New York,36,,,,0000000823,0000000000,Tract 4119.02,S,40649800,-73682631,,3505,4,0,81,0,129,1,0,0,6
G36005904120,1990,NY,,,,,,,,,4120,,,70,Nassau,059,,,2,5602,,,,5380,1,New York,36,,,,0000001803,0000000000,Tract 4120,S,40659100,-73664942,,5562,37,4,147,0,218,5,0,3,105
G36005904121,1990,NY,,,,,,,,,4121,,,70,Nassau,059,,,2,5602,,,,5380,1,New York,36,,,,0000001702,0000000000,Tract 4121,S,40645650,-73666450,,6308,22,4,73,3,200,1,0,6,56
G36005904122,1990,NY,,,,,,,,,4122,,,70,Nassau,059,,,2,5602,,,,5380,1,New York,36,,,,0000002095,0000000214,Tract 4122,S,40633967,-73667754,,5559,17,3,59,0,104,0,0,0,20
G3600590412301,1990,NY,,,,,,,,,412301,,,70,Nassau,059,,,2,5602,,,,5380,1,New York,36,,,,0000001229,0000000047,Tract 4123.01,S,40654050,-73648624,,2980,45,1,60,0,325,21,0,2,69
G3600590412302,1990,NY,,,,,,,,,412302,,,70,Nassau,059,,,2,5602,,,,5380,1,New York,36,,,,0000001154,0000000000,Tract 4123.02,S,40651567,-73638610,,3324,17,5,39,2,188,31,0,0,54
G36005904124,1990,NY,,,,,,,,,4124,,,70,Nassau,059,,,2,5602,,,,5380,1,New York,36,,,,0000001659,0000000079,Tract 4124,S,40660050,-73642913,,3966,734,3,49,7,367,17,0,3,117
G36005904125,1990,NY,,,,,,,,,4125,,,70,Nassau,059,,,2,5602,,,,5380,1,New York,36,,,,0000001530,0000000088,Tract 4125,S,40668400,-73641679,,4375,22,1,40,0,67,0,0,0,17
G36005904126,1990,NY,,,,,,,,,4126,,,70,Nassau,059,,,2,5602,,,,5380,1,New York,36,,,,0000001654,0000000000,Tract 4126,S,40678650,-73633316,,3616,54,8,57,4,44,0,0,0,10
G36005904127,1990,NY,,,,,,,,,4127,,,70,Nassau,059,,,2,5602,,,,5380,1,New York,36,,,,0000001266,0000000000,Tract 4127,S,40665750,-73626374,,3877,25,0,25,0,71,0,0,0,4
G36005904128,1990,NY,,,,,,,,,4128,,,70,Nassau,059,,,2,5602,,,,5380,1,New York,36,,,,0000001519,0000000000,Tract 4128,S,40682750,-73623730,,2639,152,4,88,3,77,12,0,0,39
G36005904129,1990,NY,,,,,,,,,4129,,,70,Nassau,059,,,2,5602,,,,5380,1,New York,36,,,,0000001966,0000000015,Tract 4129,S,40678200,-73609260,,3113,1895,9,126,12,130,140,0,1,53
G3600590413001,1990,NY,,,,,,,,,413001,,,70,Nassau,059,,,2,5602,,,,5380,1,New York,36,,,,0000001226,0000000035,Tract 4130.01,S,40643800,-73649785,,3959,11,8,34,1,179,15,0,0,33
G3600590413002,1990,NY,,,,,,,,,413002,,,70,Nassau,059,,,2,5602,,,,5380,1,New York,36,,,,0000001618,0000000150,Tract 4130.02,S,40631950,-73654581,,3520,3,1,70,0,111,3,1,0,23
G36005904131,1990,NY,,,,,,,,,4131,,,70,Nassau,059,,,2,5602,,,,5380,1,New York,36,,,,0000001541,0000000000,Tract 4131,S,40649850,-73628277,,4680,17,9,109,13,154,0,0,0,44
G36005904132,1990,NY,,,,,,,,,4132,,,70,Nassau,059,,,2,5602,,,,5380,1,New York,36,,,,0000002591,0000000064,Tract 4132,S,40630450,-73643749,,6221,25,7,84,0,283,1,9,6,80
G36005904133,1990,NY,,,,,,,,,4133,,,70,Nassau,059,,,2,5602,,,,5380,1,New York,36,,,,0000002207,0000000000,Tract 4133,S,40637600,-73628391,,6632,33,3,57,2,143,1,0,6,12
G36005904134,1990,NY,,,,,,,,,4134,,,70,Nassau,059,,,2,5602,,,,5380,1,New York,36,,,,0000003819,0000000799,Tract 4134,S,40622983,-73627310,,5557,19,2,94,1,121,0,0,0,26
G36005904135,1990,NY,,,,,,,,,4135,,,70,Nassau,059,,,2,5602,,,,5380,1,New York,36,,,,0000002018,0000000000,Tract 4135,S,40669533,-73611276,,5910,385,6,195,0,253,34,1,7,45
G36005904136,1990,NY,,,,,,,,,4136,,,70,Nassau,059,,,2,5602,,,,5380,1,New York,36,,,,0000001852,0000000009,Tract 4136,S,40657400,-73611449,,4663,108,3,146,2,252,13,0,7,50
G36005904137,1990,NY,,,,,,,,,4137,,,70,Nassau,059,,,2,5602,,,,5380,1,New York,36,,,,0000001795,0000000003,Tract 4137,S,40645700,-73611272,,4665,41,3,128,2,278,8,0,2,33
G3600590413801,1990,NY,,,,,,,,,413801,,,70,Nassau,059,,,2,5602,,,,5380,1,New York,36,,,,0000001797,0000000366,Tract 4138.01,S,40630650,-73607235,,3625,17,2,133,12,130,2,0,1,1
G3600590413802,1990,NY,,,,,,,,,413802,,,70,Nassau,059,,,2,5602,,,,5380,1,New York,36,,,,0000001376,0000000868,Tract 4138.02,S,40629300,-73595042,,3710,51,3,100,2,87,7,0,4,12
G36005904139,1990,NY,,,,,,,,,4139,,,70,Nassau,059,,,2,5602,,,,5380,1,New York,36,,,,0000001773,0000000000,Tract 4139,S,40679100,-73592270,,470,5787,30,31,14,372,219,2,5,177
G3600590414001,1990,NY,,,,,,,,,414001,,,70,Nassau,059,,,2,5602,,,,5380,1,New York,36,,,,0000001392,0000000028,Tract 4140.01,S,40685583,-73581705,,101,3704,12,12,11,30,123,1,1,95
G3600590414002,1990,NY,,,,,,,,,414002,,,70,Nassau,059,,,2,5602,,,,5380,1,New York,36,,,,0000001442,0000000005,Tract 4140.02,S,40673867,-73577324,,105,3413,21,9,1,107,85,0,0,92
G36005904141,1990,NY,,,,,,,,,4141,,,70,Nassau,059,,,2,5602,,,,5380,1,New York,36,,,,0000001741,0000000000,Tract 4141,S,40669100,-73591031,,1526,4090,15,28,23,220,161,4,7,309
G3600590414201,1990,NY,,,,,,,,,414201,,,70,Nassau,059,,,2,5602,,,,5380,1,New York,36,,,,0000000976,0000000000,Tract 4142.01,S,40659800,-73594649,,1994,843,15,31,16,535,226,22,28,843
G3600590414202,1990,NY,,,,,,,,,414202,,,70,Nassau,059,,,2,5602,,,,5380,1,New York,36,,,,0000000792,0000000000,Tract 4142.02,S,40663600,-73583978,,738,2171,24,28,15,389,144,7,6,477
G3600590414301,1990,NY,,,,,,,,,414301,,,70,Nassau,059,,,2,5602,,,,5380,1,New York,36,,,,0000000898,0000000012,Tract 4143.01,S,40654600,-73593792,,1529,419,4,69,11,331,40,17,1,479
G3600590414302,1990,NY,,,,,,,,,414302,,,70,Nassau,059,,,2,5602,,,,5380,1,New York,36,,,,0000001876,0000000000,Tract 4143.02,S,40648233,-73589427,,4402,691,7,101,20,951,154,26,1,918
G36005904144,1990,NY,,,,,,,,,4144,,,70,Nassau,059,,,2,5602,,,,5380,1,New York,36,,,,0000002583,0000000173,Tract 4144,S,40653000,-73572697,,927,2699,10,43,23,788,102,2,8,423
G3600590414501,1990,NY,,,,,,,,,414501,,,70,Nassau,059,,,2,5602,,,,5380,1,New York,36,,,,0000001479,0000000149,Tract 4145.01,S,40636850,-73590999,,3842,811,6,94,6,349,23,0,1,145
G3600590414502,1990,NY,,,,,,,,,414502,,,70,Nassau,059,,,2,5602,,,,5380,1,New York,36,,,,0000001558,0000000278,Tract 4145.02,S,40635050,-73579301,,3789,301,3,60,11,211,12,0,1,98
G36005904146,1990,NY,,,,,,,,,4146,,,70,Nassau,059,,,2,5602,,,,5380,1,New York,36,,,,0000001568,0000000000,Tract 4146,S,40684250,-73566779,,3504,29,1,71,0,71,0,0,2,21
G36005904147,1990,NY,,,,,,,,,4147,,,70,Nassau,059,,,2,5602,,,,5380,1,New York,36,,,,0000001554,0000000000,Tract 4147,S,40684550,-73556277,,4469,12,3,109,0,100,0,0,0,12
G36005904148,1990,NY,,,,,,,,,4148,,,70,Nassau,059,,,2,5602,,,,5380,1,New York,36,,,,0000002476,0000000000,Tract 4148,S,40682650,-73543121,,6371,40,6,94,4,159,4,0,4,15
G36005904149,1990,NY,,,,,,,,,4149,,,70,Nassau,059,,,2,5602,,,,5380,1,New York,36,,,,0000002298,0000000000,Tract 4149,S,40689400,-73531349,,6393,241,6,155,0,182,13,6,0,56
G36005904150,1990,NY,,,,,,,,,4150,,,70,Nassau,059,,,2,5602,,,,5380,1,New York,36,,,,0000002271,0000000039,Tract 4150,S,40668400,-73563501,,5595,11,1,150,4,140,0,1,0,32
G3600590415101,1990,NY,,,,,,,,,415101,,,70,Nassau,059,,,2,5602,,,,5380,1,New York,36,,,,0000001187,0000000000,Tract 4151.01,S,40657150,-73558924,,2787,35,1,63,0,41,0,0,0,11
G3600590415102,1990,NY,,,,,,,,,415102,,,70,Nassau,059,,,2,5602,,,,5380,1,New York,36,,,,0000004281,0000001489,Tract 4151.02,S,40641400,-73560560,,5172,32,3,67,3,44,1,0,0,27
G3600590415201,1990,NY,,,,,,,,,415201,,,70,Nassau,059,,,2,5602,,,,5380,1,New York,36,,,,0000001659,0000000010,Tract 4152.01,S,40667350,-73549599,,3860,13,1,46,2,76,0,0,0,11
G3600590415202,1990,NY,,,,,,,,,415202,,,70,Nassau,059,,,2,5602,,,,5380,1,New York,36,,,,0000001477,0000001045,Tract 4152.02,S,40644067,-73536950,,4648,30,0,64,0,68,0,0,0,2
G36005904153,1990,NY,,,,,,,,,4153,,,70,Nassau,059,,,2,5602,,,,5380,1,New York,36,,,,0000002044,0000000017,Tract 4153,S,40673450,-73535099,,5480,20,6,78,0,168,11,1,0,35
G3600590415401,1990,NY,,,,,,,,,415401,,,70,Nassau,059,,,2,5602,,,,5380,1,New York,36,,,,0000002571,0000000176,Tract 4154.01,S,40657500,-73530615,,5441,16,1,65,0,120,1,0,0,12
G3600590415402,1990,NY,,,,,,,,,415402,,,70,Nassau,059,,,2,5602,,,,5380,1,New York,36,,,,0000001799,0000001167,Tract 4154.02,S,40643600,-73522029,,4863,10,1,50,0,48,1,0,0,10
G36005904155,1990,NY,,,,,,,,,4155,,,70,Nassau,059,,,2,5602,,,,5380,1,New York,36,,,,0000001054,0000000000,Tract 4155,S,40695400,-73488593,,2638,9,1,31,0,73,0,2,0,4
G36005904156,1990,NY,,,,,,,,,4156,,,70,Nassau,059,,,2,5602,,,,5380,1,New York,36,,,,0000003174,0000000199,Tract 4156,S,40679250,-73516899,,5172,2,0,108,0,81,0,0,1,22
G36005904157,1990,NY,,,,,,,,,4157,,,70,Nassau,059,,,2,5602,,,,5380,1,New York,36,,,,0000004167,0000000584,Tract 4157,S,40654241,-73513532,,5954,7,4,57,1,120,0,0,0,17
G36005904158,1990,NY,,,,,,,,,4158,,,70,Nassau,059,,,2,5602,,,,5380,1,New York,36,,,,0000002602,0000000000,Tract 4158,S,40682733,-73503318,,6754,17,2,97,1,133,3,0,6,8
G36005904159,1990,NY,,,,,,,,,4159,,,70,Nassau,059,,,2,5602,,,,5380,1,New York,36,,,,0000001925,0000000000,Tract 4159,S,40682850,-73487749,,4955,9,3,53,1,114,2,0,0,19
G36005904160,1990,NY,,,,,,,,,4160,,,70,Nassau,059,,,2,5602,,,,5380,1,New York,36,,,,0000001769,0000000000,Tract 4160,S,40669900,-73491635,,3941,7,0,33,0,105,0,0,0,21
G36005904161,1990,NY,,,,,,,,,4161,,,70,Nassau,059,,,2,5602,,,,5380,1,New York,36,,,,0000003024,0000000037,Tract 4161,S,40657783,-73495020,,6068,10,5,128,0,116,0,0,0,7
G3600590416201,1990,NY,,,,,,,,,416201,,,70,Nassau,059,,,2,5602,,,,5380,1,New York,36,,,,0000007758,0000006291,Tract 4162.01,S,40609317,-73662311,,3755,17,1,44,0,161,2,0,6,11
G3600590416202,1990,NY,,,,,,,,,416202,,,70,Nassau,059,,,2,5602,,,,5380,1,New York,36,,,,0000000952,0000000000,Tract 4162.02,S,40603367,-73655531,,4219,27,11,63,4,460,3,0,2,71
G36005904163,1990,NY,,,,,,,,,4163,,,70,Nassau,059,,,2,5602,,,,5380,1,New York,36,,,,0000002601,0000003505,Tract 4163,S,40586000,-73728252,,3930,17,1,24,0,113,3,0,2,11
G36005904164,1990,NY,,,,,,,,,4164,,,70,Nassau,059,,,2,5602,,,,5380,1,New York,36,,,,0000001120,0000001186,Tract 4164,S,40585450,-73690924,,6651,42,7,53,1,275,2,4,3,44
G36005904165,1990,NY,,,,,,,,,4165,,,70,Nassau,059,,,2,5602,,,,5380,1,New York,36,,,,0000001079,0000000322,Tract 4165,S,40591850,-73668549,,2376,2043,42,116,23,599,120,5,19,351
G36005904166,1990,NY,,,,,,,,,4166,,,70,Nassau,059,,,2,5602,,,,5380,1,New York,36,,,,0000001132,0000001244,Tract 4166,S,40583500,-73668499,,4705,147,9,167,6,435,12,0,7,125
G3600590416701,1990,NY,,,,,,,,,416701,,,70,Nassau,059,,,2,5602,,,,5380,1,New York,36,,,,0000000865,0000000073,Tract 4167.01,S,40590600,-73651399,,3555,41,9,83,2,322,7,5,10,128
G3600590416702,1990,NY,,,,,,,,,416702,,,70,Nassau,059,,,2,5602,,,,5380,1,New York,36,,,,0000000394,0000000820,Tract 4167.02,S,40578979,-73654209,,3583,128,9,41,8,371,12,0,1,326
G36005904168,1990,NY,,,,,,,,,4168,,,70,Nassau,059,,,2,5602,,,,5380,1,New York,36,,,,0000000939,0000000905,Tract 4168,S,40584500,-73642699,,5945,44,3,59,2,346,1,0,0,80
G36005904169,1990,NY,,,,,,,,,4169,,,70,Nassau,059,,,2,5602,,,,5380,1,New York,36,,,,0000032737,0000038730,Tract 4169,S,40603950,-73560592,,4168,15,1,50,0,63,3,0,0,5
G36005905170,1990,NY,,,,,,,,,5170,,,70,Nassau,059,,,2,5602,,,,5380,1,New York,36,,,,0000005709,0000004683,Tract 5170,S,40876276,-73648293,,2930,51,3,139,5,140,2,0,4,29
G3600590517101,1990,NY,,,,,,,,,517101,,,70,Nassau,059,,,2,5602,,,,5380,1,New York,36,,,,0000002313,0000000882,Tract 5171.01,S,40863900,-73647829,,3515,368,8,82,13,485,28,1,5,131
G3600590517102,1990,NY,,,,,,,,,517102,,,70,Nassau,059,,,2,5602,,,,5380,1,New York,36,,,,0000001556,0000000000,Tract 5171.02,S,40877000,-73623889,,2391,32,0,170,1,97,0,0,0,10
G36005905172,1990,NY,,,,,,,,,5172,,,70,Nassau,059,,,2,5602,,,,5380,1,New York,36,,,,0000002764,0000000000,Tract 5172,S,40857697,-73630566,,3398,1093,3,172,7,771,169,13,7,381
G3600590517301,1990,NY,,,,,,,,,517301,,,70,Nassau,059,,,2,5602,,,,5380,1,New York,36,,,,0000002455,0000000000,Tract 5173.01,S,40866300,-73617698,,2366,114,3,106,0,162,7,0,1,49
G3600590517302,1990,NY,,,,,,,,,517302,,,70,Nassau,059,,,2,5602,,,,5380,1,New York,36,,,,0000002413,0000000000,Tract 5173.02,S,40860400,-73605632,,4261,15,1,127,1,203,4,0,7,68
G36005905174,1990,NY,,,,,,,,,5174,,,70,Nassau,059,,,2,5602,,,,5380,1,New York,36,,,,0000002818,0000002271,Tract 5174,S,40848500,-73651329,,4707,87,3,52,6,157,5,1,2,34
G36005905175,1990,NY,,,,,,,,,5175,,,70,Nassau,059,,,2,5602,,,,5380,1,New York,36,,,,0000002979,0000000269,Tract 5175,S,40828700,-73638332,,3397,5,0,91,6,86,0,0,0,23
G36005905176,1990,NY,,,,,,,,,5176,,,70,Nassau,059,,,2,5602,,,,5380,1,New York,36,,,,0000004172,0000000000,Tract 5176,S,40843264,-73619338,,4259,13,1,64,1,117,0,0,0,33
G3600590517701,1990,NY,,,,,,,,,517701,,,70,Nassau,059,,,2,5602,,,,5380,1,New York,36,,,,0000037395,0000000003,Tract 5177.01,S,40837500,-73561252,,5754,101,1,484,1,181,2,2,2,15
G3600590517704,1990,NY,,,,,,,,,517704,,,70,Nassau,059,,,2,5602,,,,5380,1,New York,36,,,,0000001537,0000000000,Tract 5177.04,S,40814667,-73589486,,1388,308,3,103,14,28,13,0,1,101
G3600590517705,1990,NY,,,,,,,,,517705,,,70,Nassau,059,,,2,5602,,,,5380,1,New York,36,,,,0000014479,0000000000,Tract 5177.05,S,40806800,-73578414,,2068,41,4,97,3,38,2,0,0,21
G3600590517706,1990,NY,,,,,,,,,517706,,,70,Nassau,059,,,2,5602,,,,5380,1,New York,36,,,,0000002722,0000000000,Tract 5177.06,S,40792790,-73570048,,71,485,6,30,2,15,99,0,3,41
G3600590517801,1990,NY,,,,,,,,,517801,,,70,Nassau,059,,,2,5602,,,,5380,1,New York,36,,,,0000023338,0000002520,Tract 5178.01,S,40884550,-73584399,,3467,42,2,67,0,107,1,0,8,14
G3600590517802,1990,NY,,,,,,,,,517802,,,70,Nassau,059,,,2,5602,,,,5380,1,New York,36,,,,0000002378,0000000049,Tract 5178.02,S,40877900,-73588648,,2932,164,1,60,5,191,34,0,7,96
G36005905179,1990,NY,,,,,,,,,5179,,,70,Nassau,059,,,2,5602,,,,5380,1,New York,36,,,,0000006953,0000014716,Tract 5179,S,40908700,-73537679,,7688,13,8,101,0,261,5,2,1,26
G36005905180,1990,NY,,,,,,,,,5180,,,70,Nassau,059,,,2,5602,,,,5380,1,New York,36,,,,0000003180,0000000977,Tract 5180,S,40868600,-73533091,,5906,319,8,57,11,286,3,0,1,96
G36005905181,1990,NY,,,,,,,,,5181,,,70,Nassau,059,,,2,5602,,,,5380,1,New York,36,,,,0000002712,0000000000,Tract 5181,S,40847033,-73529247,,2585,2,0,66,0,42,0,0,0,3
G3600590518201,1990,NY,,,,,,,,,518201,,,70,Nassau,059,,,2,5602,,,,5380,1,New York,36,,,,0000021800,0000006099,Tract 5182.01,S,40867050,-73491352,,3942,35,7,176,0,54,1,0,0,6
G3600590518203,1990,NY,,,,,,,,,518203,,,70,Nassau,059,,,2,5602,,,,5380,1,New York,36,,,,0000006966,0000000016,Tract 5182.03,S,40827709,-73468817,,3583,50,1,213,1,33,0,0,5,3
G3600590518204,1990,NY,,,,,,,,,518204,,,70,Nassau,059,,,2,5602,,,,5380,1,New York,36,,,,0000006160,0000000006,Tract 5182.04,S,40806500,-73471165,,3895,35,3,131,2,44,8,0,0,1
G36005905183,1990,NY,,,,,,,,,5183,,,70,Nassau,059,,,2,5602,,,,5380,1,New York,36,,,,0000004396,0000000000,Tract 5183,S,40829832,-73506730,,4992,21,0,422,1,86,0,1,2,20
G36005905184,1990,NY,,,,,,,,,5184,,,70,Nassau,059,,,2,5602,,,,5380,1,New York,36,,,,0000003080,0000000000,Tract 5184,S,40823850,-73491516,,3703,58,0,387,2,73,4,0,1,8
G3600590518501,1990,NY,,,,,,,,,518501,,,70,Nassau,059,,,2,5602,,,,5380,1,New York,36,,,,0000006839,0000000000,Tract 5185.01,S,40784300,-73553032,,5650,96,0,276,3,84,4,1,0,16
G3600590518502,1990,NY,,,,,,,,,518502,,,70,Nassau,059,,,2,5602,,,,5380,1,New York,36,,,,0000001163,0000000000,Tract 5185.02,S,40783100,-73525236,,2375,32,1,173,3,170,1,0,4,14
G36005905186,1990,NY,,,,,,,,,5186,,,70,Nassau,059,,,2,5602,,,,5380,1,New York,36,,,,0000002647,0000000000,Tract 5186,S,40792700,-73526375,,4082,18,0,174,4,39,3,0,1,17
G36005905187,1990,NY,,,,,,,,,5187,,,70,Nassau,059,,,2,5602,,,,5380,1,New York,36,,,,0000003742,0000000000,Tract 5187,S,40803783,-73507139,,5191,22,4,464,0,106,0,0,4,11
G36005905188,1990,NY,,,,,,,,,5188,,,70,Nassau,059,,,2,5602,,,,5380,1,New York,36,,,,0000001724,0000000000,Tract 5188,S,40793700,-73501802,,3080,5,0,188,0,75,0,0,0,4
G36005905189,1990,NY,,,,,,,,,5189,,,70,Nassau,059,,,2,5602,,,,5380,1,New York,36,,,,0000004284,0000000013,Tract 5189,S,40768000,-73541020,,5263,245,5,472,2,335,4,0,11,83
G36005905190,1990,NY,,,,,,,,,5190,,,70,Nassau,059,,,2,5602,,,,5380,1,New York,36,,,,0000002388,0000000000,Tract 5190,S,40751767,-73538924,,5786,10,4,205,4,208,2,0,0,44
G36005905191,1990,NY,,,,,,,,,5191,,,70,Nassau,059,,,2,5602,,,,5380,1,New York,36,,,,0000002089,0000000000,Tract 5191,S,40751500,-73525351,,5404,9,9,194,7,190,1,0,7,31
G36005905192,1990,NY,,,,,,,,,5192,,,70,Nassau,059,,,2,5602,,,,5380,1,New York,36,,,,0000002057,0000000000,Tract 5192,S,40752300,-73513384,,5677,7,0,201,2,158,0,1,0,18
G36005905193,1990,NY,,,,,,,,,5193,,,70,Nassau,059,,,2,5602,,,,5380,1,New York,36,,,,0000003516,0000000000,Tract 5193,S,40765550,-73514733,,4540,14,0,263,1,371,8,15,5,143
G36005905194,1990,NY,,,,,,,,,5194,,,70,Nassau,059,,,2,5602,,,,5380,1,New York,36,,,,0000001279,0000000000,Tract 5194,S,40773850,-73508572,,3979,10,0,160,0,151,0,2,1,26
G36005905195,1990,NY,,,,,,,,,5195,,,70,Nassau,059,,,2,5602,,,,5380,1,New York,36,,,,0000002031,0000000000,Tract 5195,S,40783400,-73511894,,5480,5,5,235,1,143,0,0,0,17
G3600590519601,1990,NY,,,,,,,,,519601,,,70,Nassau,059,,,2,5602,,,,5380,1,New York,36,,,,0000001531,0000000000,Tract 5196.01,S,40779400,-73497878,,4391,11,1,123,0,100,0,1,2,23
G3600590519602,1990,NY,,,,,,,,,519602,,,70,Nassau,059,,,2,5602,,,,5380,1,New York,36,,,,0000000969,0000000000,Tract 5196.02,S,40774850,-73487877,,2127,9,0,15,0,21,1,0,0,0
G3600590519702,1990,NY,,,,,,,,,519702,,,70,Nassau,059,,,2,5602,,,,5380,1,New York,36,,,,0000006206,0000000000,Tract 5197.02,S,40787616,-73459656,,4289,26,1,148,0,67,1,0,0,3
G3600590519703,1990,NY,,,,,,,,,519703,,,70,Nassau,059,,,2,5602,,,,5380,1,New York,36,,,,0000001557,0000000000,Tract 5197.03,S,40788867,-73487560,,3567,6,0,81,0,79,2,0,0,2
G3600590519704,1990,NY,,,,,,,,,519704,,,70,Nassau,059,,,2,5602,,,,5380,1,New York,36,,,,0000001475,0000000000,Tract 5197.04,S,40781650,-73476760,,3188,21,0,76,0,46,0,0,0,2
G3600590519801,1990,NY,,,,,,,,,519801,,,70,Nassau,059,,,2,5602,,,,5380,1,New York,36,,,,0000000871,0000000000,Tract 5198.01,S,40769450,-73488836,,2239,13,0,109,2,59,1,0,0,28
G3600590519802,1990,NY,,,,,,,,,519802,,,70,Nassau,059,,,2,5602,,,,5380,1,New York,36,,,,0000002197,0000000000,Tract 5198.02,S,40770050,-73470145,,4988,15,0,220,0,85,4,2,6,6
G36005905199,1990,NY,,,,,,,,,5199,,,70,Nassau,059,,,2,5602,,,,5380,1,New York,36,,,,0000002159,0000000000,Tract 5199,S,40761650,-73483501,,5237,0,2,128,5,100,0,1,4,48
G3600590520001,1990,NY,,,,,,,,,520001,,,70,Nassau,059,,,2,5602,,,,5380,1,New York,36,,,,0000004477,0000000000,Tract 5200.01,S,40748733,-73492008,,5690,13,0,97,10,183,0,3,9,10
G3600590520002,1990,NY,,,,,,,,,520002,,,70,Nassau,059,,,2,5602,,,,5380,1,New York,36,,,,0000002792,0000000000,Tract 5200.02,S,40742833,-73474624,,3995,8,2,87,0,121,0,0,0,8
G36005905201,1990,NY,,,,,,,,,5201,,,70,Nassau,059,,,2,5602,,,,5380,1,New York,36,,,,0000010603,0000000009,Tract 5201,S,40754267,-73455504,,5312,68,5,141,7,70,1,0,0,6
G36005905202,1990,NY,,,,,,,,,5202,,,70,Nassau,059,,,2,5602,,,,5380,1,New York,36,,,,0000001448,0000000000,Tract 5202,S,40729200,-73480099,,2815,1,1,45,0,73,0,0,3,8
G36005905203,1990,NY,,,,,,,,,5203,,,70,Nassau,059,,,2,5602,,,,5380,1,New York,36,,,,0000002264,0000000000,Tract 5203,S,40720067,-73477619,,5453,26,0,111,0,187,0,2,0,14
G3600590520401,1990,NY,,,,,,,,,520401,,,70,Nassau,059,,,2,5602,,,,5380,1,New York,36,,,,0000001571,0000000000,Tract 5204.01,S,40734233,-73450004,,3513,31,0,98,6,317,3,0,5,73
G3600590520402,1990,NY,,,,,,,,,520402,,,70,Nassau,059,,,2,5602,,,,5380,1,New York,36,,,,0000001330,0000000000,Tract 5204.02,S,40728700,-73443499,,3701,25,0,66,0,172,3,0,0,28
G3600590520501,1990,NY,,,,,,,,,520501,,,70,Nassau,059,,,2,5602,,,,5380,1,New York,36,,,,0000001493,0000000000,Tract 5205.01,S,40724169,-73456853,,3476,3,1,71,0,111,3,0,0,21
G3600590520502,1990,NY,,,,,,,,,520502,,,70,Nassau,059,,,2,5602,,,,5380,1,New York,36,,,,0000002212,0000000000,Tract 5205.02,S,40715523,-73449388,,5315,11,2,70,13,132,2,0,0,20
G36005905206,1990,NY,,,,,,,,,5206,,,70,Nassau,059,,,2,5602,,,,5380,1,New York,36,,,,0000001940,0000000000,Tract 5206,S,40713300,-73436652,,5711,26,2,150,1,200,0,3,3,30
G36005905207,1990,NY,,,,,,,,,5207,,,70,Nassau,059,,,2,5602,,,,5380,1,New York,36,,,,0000001708,0000000000,Tract 5207,S,40713200,-73471049,,4693,14,4,59,0,104,0,0,0,17
G36005905208,1990,NY,,,,,,,,,5208,,,70,Nassau,059,,,2,5602,,,,5380,1,New York,36,,,,0000001677,0000000000,Tract 5208,S,40707700,-73471403,,4061,4,1,63,2,104,0,0,0,15
G36005905209,1990,NY,,,,,,,,,5209,,,70,Nassau,059,,,2,5602,,,,5380,1,New York,36,,,,0000001688,0000000000,Tract 5209,S,40697800,-73475270,,4760,10,1,52,0,114,1,0,2,13
G36005905210,1990,NY,,,,,,,,,5210,,,70,Nassau,059,,,2,5602,,,,5380,1,New York,36,,,,0000002727,0000000000,Tract 5210,S,40697300,-73459209,,5155,4,1,27,0,78,0,0,0,6
G36005905211,1990,NY,,,,,,,,,5211,,,70,Nassau,059,,,2,5602,,,,5380,1,New York,36,,,,0000001568,0000000000,Tract 5211,S,40688200,-73471435,,4360,2,0,39,3,62,1,0,1,14
G36005905212,1990,NY,,,,,,,,,5212,,,70,Nassau,059,,,2,5602,,,,5380,1,New York,36,,,,0000001404,0000000061,Tract 5212,S,40680500,-73473280,,2708,5,1,27,3,30,1,0,0,4
G3600590521301,1990,NY,,,,,,,,,521301,,,70,Nassau,059,,,2,5602,,,,5380,1,New York,36,,,,0000001513,0000000126,Tract 5213.01,S,40672250,-73473819,,2189,11,3,23,0,67,0,0,1,6
G3600590521302,1990,NY,,,,,,,,,521302,,,70,Nassau,059,,,2,5602,,,,5380,1,New York,36,,,,0000002161,0000000293,Tract 5213.02,S,40656950,-73479016,,5685,16,2,38,2,83,1,0,0,8
G36005905214,1990,NY,,,,,,,,,5214,,,70,Nassau,059,,,2,5602,,,,5380,1,New York,36,,,,0000002768,0000000483,Tract 5214,S,40658200,-73463474,,6346,7,2,121,7,124,0,2,3,10
G36005905215,1990,NY,,,,,,,,,5215,,,70,Nassau,059,,,2,5602,,,,5380,1,New York,36,,,,0000001273,0000000000,Tract 5215,S,40698100,-73444944,,4989,3,0,94,0,93,0,0,0,11
G3600590521601,1990,NY,,,,,,,,,521601,,,70,Nassau,059,,,2,5602,,,,5380,1,New York,36,,,,0000001415,0000000000,Tract 5216.01,S,40684750,-73452749,,4285,5,3,40,0,81,0,0,0,2
G3600590521602,1990,NY,,,,,,,,,521602,,,70,Nassau,059,,,2,5602,,,,5380,1,New York,36,,,,0000001034,0000000000,Tract 5216.02,S,40684600,-73443749,,3472,1,0,22,1,61,1,0,0,3
G36005905217,1990,NY,,,,,,,,,5217,,,70,Nassau,059,,,2,5602,,,,5380,1,New York,36,,,,0000001863,0000000118,Tract 5217,S,40667050,-73454705,,4699,6,1,86,1,80,1,0,0,3
G3600590521801,1990,NY,,,,,,,,,521801,,,70,Nassau,059,,,2,5602,,,,5380,1,New York,36,,,,0000001722,0000000000,Tract 5218.01,S,40692133,-73436556,,3706,8,0,57,0,101,0,0,1,12
G3600590521802,1990,NY,,,,,,,,,521802,,,70,Nassau,059,,,2,5602,,,,5380,1,New York,36,,,,0000002017,0000000015,Tract 5218.02,S,40672233,-73442316,,3969,20,11,43,0,83,2,0,0,13
G36005905219,1990,NY,,,,,,,,,5219,,,70,Nassau,059,,,2,5602,,,,5380,1,New York,36,,,,0000012769,0000020812,Tract 5219,S,40632500,-73446387,,4514,4,6,79,1,115,0,1,0,6
G36005905220,1990,NY,,,,,,,,,5220,,,70,Nassau,059,,,2,5602,,,,5380,1,New York,36,,,,0000002891,0000000139,Tract 5220,S,40677100,-73428699,,3821,1989,25,184,23,451,106,2,10,187
G36006100001,1990,NY,,,,,,,,,0001,,,70,New York,061,,,2,5602,,,,5600,1,New York,36,,,,0000000190,0000000000,Tract 1,S,40699267,-74040588,,0,0,0,0,0,1,0,0,0,5
G3600610000201,1990,NY,,,,,,,,,000201,,,70,New York,061,,,2,5602,,,,5600,1,New York,36,,,,0000000066,0000000000,Tract 2.01,S,40711900,-73986282,,134,309,3,1151,7,550,177,0,102,948
G3600610000202,1990,NY,,,,,,,,,000202,,,70,New York,061,,,2,5602,,,,5600,1,New York,36,,,,0000000330,0000000000,Tract 2.02,S,40711950,-73982470,,2381,994,14,1034,7,1887,347,13,78,1160
G36006100005,1990,NY,,,,,,,,,0005,,,70,New York,061,,,2,5602,,,,5600,1,New York,36,,,,0000000527,0000000000,Tract 5,S,40691614,-74020679,,2101,361,12,135,1,136,21,0,11,35
G3600610000599,1990,NY,,,,,,,,,000599,,,70,New York,061,,,2,5602,,,,5600,1,New York,36,,,,0000000000,0000000000,Tract 5.99,S,40694959,-74016644,,202,27,1,9,0,9,2,0,0,7
G36006100006,1990,NY,,,,,,,,,0006,,,70,New York,061,,,2,5602,,,,5600,1,New York,36,,,,0000000268,0000000000,Tract 6,S,40711600,-73988738,,805,1022,21,6863,10,1062,284,6,219,1704
G36006100007,1990,NY,,,,,,,,,0007,,,70,New York,061,,,2,5602,,,,5600,1,New York,36,,,,0000000181,0000000000,Tract 7,S,40705800,-74008868,,105,33,0,42,0,14,5,0,1,2
G36006100008,1990,NY,,,,,,,,,0008,,,70,New York,061,,,2,5602,,,,5600,1,New York,36,,,,0000000200,0000000000,Tract 8,S,40711600,-73994192,,1706,32,3,7899,7,159,4,0,31,63
G36006100009,1990,NY,,,,,,,,,0009,,,70,New York,061,,,2,5602,,,,5600,1,New York,36,,,,0000000181,0000000000,Tract 9,S,40703550,-74011474,,371,61,1,34,0,17,9,0,0,9
G3600610001001,1990,NY,,,,,,,,,001001,,,70,New York,061,,,2,5602,,,,5600,1,New York,36,,,,0000000049,0000000000,Tract 10.01,S,40713900,-73978681,,1271,154,1,27,2,200,21,6,7,258
G3600610001002,1990,NY,,,,,,,,,001002,,,70,New York,061,,,2,5602,,,,5600,1,New York,36,,,,0000000167,0000000000,Tract 10.02,S,40716750,-73977140,,258,1349,25,214,36,1839,587,10,50,3253
G36006100012,1990,NY,,,,,,,,,0012,,,70,New York,061,,,2,5602,,,,5600,1,New York,36,,,,0000000109,0000000000,Tract 12,S,40715000,-73982449,,2016,134,8,238,4,566,82,13,20,430
G36006100013,1990,NY,,,,,,,,,0013,,,70,New York,061,,,2,5602,,,,5600,1,New York,36,,,,0000000303,0000000000,Tract 13,S,40708850,-74012800,,164,97,0,11,0,27,51,0,0,15
G3600610001401,1990,NY,,,,,,,,,001401,,,70,New York,061,,,2,5602,,,,5600,1,New York,36,,,,0000000094,0000000000,Tract 14.01,S,40715000,-73988749,,2689,82,0,50,2,181,22,4,9,91
G3600610001402,1990,NY,,,,,,,,,001402,,,70,New York,061,,,2,5602,,,,5600,1,New York,36,,,,0000000116,0000000000,Tract 14.02,S,40717000,-73985737,,457,121,11,843,8,674,244,0,39,560
G3600610001501,1990,NY,,,,,,,,,001501,,,70,New York,061,,,2,5602,,,,5600,1,New York,36,,,,0000000202,0000000000,Tract 15.01,S,40708850,-74003949,,2868,332,10,600,4,217,36,1,5,89
G3600610001502,1990,NY,,,,,,,,,001502,,,70,New York,061,,,2,5602,,,,5600,1,New York,36,,,,0000000159,0000000000,Tract 15.02,S,40707850,-74007409,,827,79,5,153,0,48,7,1,2,24
G36006100016,1990,NY,,,,,,,,,0016,,,70,New York,061,,,2,5602,,,,5600,1,New York,36,,,,0000000210,0000000000,Tract 16,S,40715650,-73993899,,589,54,5,7591,3,174,29,8,78,178
G36006100018,1990,NY,,,,,,,,,0018,,,70,New York,061,,,2,5602,,,,5600,1,New York,36,,,,0000000214,0000000000,Tract 18,S,40718350,-73990999,,860,187,18,6289,11,540,277,6,190,869
G36006100020,1990,NY,,,,,,,,,0020,,,70,New York,061,,,2,5602,,,,5600,1,New York,36,,,,0000000090,0000000000,Tract 20,S,40719767,-73977222,,122,961,9,80,13,1330,455,18,26,3096
G36006100021,1990,NY,,,,,,,,,0021,,,70,New York,061,,,2,5602,,,,5600,1,New York,36,,,,0000000239,0000000000,Tract 21,S,40713400,-74010000,,1474,64,4,182,7,65,13,0,0,22
G3600610002201,1990,NY,,,,,,,,,002201,,,70,New York,061,,,2,5602,,,,5600,1,New York,36,,,,0000000161,0000000000,Tract 22.01,S,40718900,-73981520,,937,928,20,1124,33,1351,334,9,97,1826
G3600610002202,1990,NY,,,,,,,,,002202,,,70,New York,061,,,2,5602,,,,5600,1,New York,36,,,,0000000061,0000000000,Tract 22.02,S,40721450,-73982343,,428,193,5,46,4,251,69,3,7,218
G36006100024,1990,NY,,,,,,,,,0024,,,70,New York,061,,,2,5602,,,,5600,1,New York,36,,,,0000001394,0000000000,Tract 24,S,40721500,-73968353,,109,940,8,111,28,1247,305,15,34,2799
G36006100025,1990,NY,,,,,,,,,0025,,,70,New York,061,,,2,5602,,,,5600,1,New York,36,,,,0000000109,0000000000,Tract 25,S,40710000,-73999067,,258,1074,16,1950,13,776,243,5,201,1469
G3600610002601,1990,NY,,,,,,,,,002601,,,70,New York,061,,,2,5602,,,,5600,1,New York,36,,,,0000000105,0000000000,Tract 26.01,S,40721650,-73979100,,461,400,3,244,11,504,116,5,24,1018
G3600610002602,1990,NY,,,,,,,,,002602,,,70,New York,061,,,2,5602,,,,5600,1,New York,36,,,,0000000100,0000000000,Tract 26.02,S,40724450,-73979991,,1283,391,12,88,5,256,61,1,1,627
G36006100027,1990,NY,,,,,,,,,0027,,,70,New York,061,,,2,5602,,,,5600,1,New York,36,,,,0000000061,0000000000,Tract 27,S,40711533,-73999485,,484,41,0,730,0,46,6,0,15,13
G36006100028,1990,NY,,,,,,,,,0028,,,70,New York,061,,,2,5602,,,,5600,1,New York,36,,,,0000000186,0000000000,Tract 28,S,40726050,-73976502,,1944,907,15,739,31,939,208,9,45,1990
G36006100029,1990,NY,,,,,,,,,0029,,,70,New York,061,,,2,5602,,,,5600,1,New York,36,,,,0000000298,0000000000,Tract 29,S,40713233,-74001190,,694,617,5,5162,7,196,19,0,18,340
G3600610003001,1990,NY,,,,,,,,,003001,,,70,New York,061,,,2,5602,,,,5600,1,New York,36,,,,0000000122,0000000000,Tract 30.01,S,40721228,-73987386,,927,128,12,1005,10,902,303,67,27,626
G3600610003002,1990,NY,,,,,,,,,003002,,,70,New York,061,,,2,5602,,,,5600,1,New York,36,,,,0000000086,0000000000,Tract 30.02,S,40721567,-73985995,,1586,191,8,275,0,389,80,3,3,246
G36006100031,1990,NY,,,,,,,,,0031,,,70,New York,061,,,2,5602,,,,5600,1,New York,36,,,,0000000205,0000000000,Tract 31,S,40714800,-74004568,,164,85,0,42,0,21,7,0,0,0
G36006100032,1990,NY,,,,,,,,,0032,,,70,New York,061,,,2,5602,,,,5600,1,New York,36,,,,0000000220,0000000000,Tract 32,S,40724250,-73983309,,5777,460,37,600,17,530,117,5,18,271
G36006100033,1990,NY,,,,,,,,,0033,,,70,New York,061,,,2,5602,,,,5600,1,New York,36,,,,0000000347,0000000000,Tract 33,S,40718400,-74006215,,2032,74,7,141,1,63,26,4,3,10
G36006100034,1990,NY,,,,,,,,,0034,,,70,New York,061,,,2,5602,,,,5600,1,New York,36,,,,0000000158,0000000000,Tract 34,S,40728800,-73982853,,3559,446,40,417,18,892,101,17,23,799
G3600610003601,1990,NY,,,,,,,,,003601,,,70,New York,061,,,2,5602,,,,5600,1,New York,36,,,,0000000108,0000000000,Tract 36.01,S,40721900,-73991605,,696,585,9,780,16,393,219,17,46,991
G3600610003602,1990,NY,,,,,,,,,003602,,,70,New York,061,,,2,5602,,,,5600,1,New York,36,,,,0000000094,0000000000,Tract 36.02,S,40724501,-73991461,,1366,374,15,194,8,263,92,3,10,133
G36006100038,1990,NY,,,,,,,,,0038,,,70,New York,061,,,2,5602,,,,5600,1,New York,36,,,,0000000206,0000000000,Tract 38,S,40727650,-73989496,,5858,430,31,1022,22,464,80,2,14,472
G36006100039,1990,NY,,,,,,,,,0039,,,70,New York,061,,,2,5602,,,,5600,1,New York,36,,,,0000000273,0000000000,Tract 39,S,40720050,-74010782,,3091,490,16,165,15,307,49,2,3,56
G36006100040,1990,NY,,,,,,,,,0040,,,70,New York,061,,,2,5602,,,,5600,1,New York,36,,,,0000000182,0000000000,Tract 40,S,40730600,-73987281,,5996,393,28,987,16,554,50,4,22,400
G36006100041,1990,NY,,,,,,,,,0041,,,70,New York,061,,,2,5602,,,,5600,1,New York,36,,,,0000000193,0000000000,Tract 41,S,40719350,-73996999,,1729,52,4,6520,8,93,59,10,41,125
G36006100042,1990,NY,,,,,,,,,0042,,,70,New York,061,,,2,5602,,,,5600,1,New York,36,,,,0000000085,0000000000,Tract 42,S,40731750,-73989755,,2063,80,5,210,11,91,8,2,3,37
G36006100043,1990,NY,,,,,,,,,0043,,,70,New York,061,,,2,5602,,,,5600,1,New York,36,,,,0000000145,0000000000,Tract 43,S,40723450,-73996121,,2479,94,4,1579,8,399,156,5,33,316
G3600610004401,1990,NY,,,,,,,,,004401,,,70,New York,061,,,2,5602,,,,5600,1,New York,36,,,,0000000380,0000000000,Tract 44.01,S,40730650,-73976639,,12376,848,28,1176,11,566,53,1,37,137
G3600610004402,1990,NY,,,,,,,,,004402,,,70,New York,061,,,2,5602,,,,5600,1,New York,36,,,,0000002159,0000000000,Tract 44.02,S,40737910,-73966390,,2214,214,3,255,3,146,19,0,3,45
G36006100045,1990,NY,,,,,,,,,0045,,,70,New York,061,,,2,5602,,,,5600,1,New York,36,,,,0000000101,0000000000,Tract 45,S,40720350,-73999395,,628,9,0,199,1,44,20,3,0,17
G36006100047,1990,NY,,,,,,,,,0047,,,70,New York,061,,,2,5602,,,,5600,1,New York,36,,,,0000000163,0000000000,Tract 47,S,40722250,-74003310,,2084,50,3,124,4,126,12,0,1,38
G3600610004897,1990,NY,,,,,,,,,004897,,,70,New York,061,,,2,5602,,,,5600,1,New York,36,,,,0000000175,0000000000,Tract 48.97,S,40733100,-73983915,,5200,352,7,781,18,370,33,4,15,154
G36006100049,1990,NY,,,,,,,,,0049,,,70,New York,061,,,2,5602,,,,5600,1,New York,36,,,,0000000216,0000000000,Tract 49,S,40724200,-74000525,,4382,71,11,186,5,191,6,0,9,52
G36006100050,1990,NY,,,,,,,,,0050,,,70,New York,061,,,2,5602,,,,5600,1,New York,36,,,,0000000168,0000000000,Tract 50,S,40736050,-73988185,,4735,103,9,380,4,166,7,0,3,48
G36006100051,1990,NY,,,,,,,,,0051,,,70,New York,061,,,2,5602,,,,5600,1,New York,36,,,,0000000208,0000000000,Tract 51,S,40724950,-74005449,,1589,38,1,53,1,54,8,1,1,8
G36006100052,1990,NY,,,,,,,,,0052,,,70,New York,061,,,2,5602,,,,5600,1,New York,36,,,,0000000170,0000000000,Tract 52,S,40737500,-73991481,,2667,145,3,222,4,110,5,1,2,45
G36006100053,1990,NY,,,,,,,,,0053,,,70,New York,061,,,2,5602,,,,5600,1,New York,36,,,,0000000133,0000000000,Tract 53,S,40727150,-74009597,,274,18,0,8,0,37,0,0,0,12
G36006100054,1990,NY,,,,,,,,,0054,,,70,New York,061,,,2,5602,,,,5600,1,New York,36,,,,0000000165,0000000000,Tract 54,S,40738600,-73994014,,3405,165,5,154,3,118,9,0,6,64
G3600610005501,1990,NY,,,,,,,,,005501,,,70,New York,061,,,2,5602,,,,5600,1,New York,36,,,,0000000121,0000000000,Tract 55.01,S,40727800,-73997598,,3794,159,8,388,6,137,7,2,1,33
G3600610005502,1990,NY,,,,,,,,,005502,,,70,New York,061,,,2,5602,,,,5600,1,New York,36,,,,0000000117,0000000000,Tract 55.02,S,40725493,-73993789,,1614,169,2,99,4,114,50,0,6,54
G36006100056,1990,NY,,,,,,,,,0056,,,70,New York,061,,,2,5602,,,,5600,1,New York,36,,,,0000000174,0000000000,Tract 56,S,40741812,-73988390,,1841,18,4,193,10,79,0,0,5,3
G36006100057,1990,NY,,,,,,,,,0057,,,70,New York,061,,,2,5602,,,,5600,1,New York,36,,,,0000000107,0000000000,Tract 57,S,40728650,-73993382,,2274,29,3,73,0,42,3,0,0,4
G36006100058,1990,NY,,,,,,,,,0058,,,70,New York,061,,,2,5602,,,,5600,1,New York,36,,,,0000000181,0000000000,Tract 58,S,40742900,-73990976,,541,41,0,43,1,28,3,0,0,8
G36006100059,1990,NY,,,,,,,,,0059,,,70,New York,061,,,2,5602,,,,5600,1,New York,36,,,,0000000119,0000000000,Tract 59,S,40730700,-73995129,,5308,138,3,316,2,141,12,1,11,32
G36006100060,1990,NY,,,,,,,,,0060,,,70,New York,061,,,2,5602,,,,5600,1,New York,36,,,,0000000109,0000000000,Tract 60,S,40733650,-73976644,,3997,60,0,87,2,40,5,0,0,4
G36006100061,1990,NY,,,,,,,,,0061,,,70,New York,061,,,2,5602,,,,5600,1,New York,36,,,,0000000137,0000000000,Tract 61,S,40732950,-73992588,,4231,213,7,298,5,136,6,2,2,55
G36006100062,1990,NY,,,,,,,,,0062,,,70,New York,061,,,2,5602,,,,5600,1,New York,36,,,,0000000228,0000000000,Tract 62,S,40738967,-73975421,,1673,594,6,140,3,150,167,3,6,132
G36006100063,1990,NY,,,,,,,,,0063,,,70,New York,061,,,2,5602,,,,5600,1,New York,36,,,,0000000178,0000000000,Tract 63,S,40734150,-73997283,,6168,116,10,199,7,184,22,0,4,45
G3600610006497,1990,NY,,,,,,,,,006497,,,70,New York,061,,,2,5602,,,,5600,1,New York,36,,,,0000000165,0000000000,Tract 64.97,S,40735950,-73980807,,5648,330,10,575,7,275,37,3,15,152
G3600610006498,1990,NY,,,,,,,,,006498,,,70,New York,061,,,2,5602,,,,5600,1,New York,36,,,,0000000016,0000000000,Tract 64.98,S,40735800,-73984000,,575,16,0,62,0,28,0,0,0,10
G36006100065,1990,NY,,,,,,,,,0065,,,70,New York,061,,,2,5602,,,,5600,1,New York,36,,,,0000000197,0000000000,Tract 65,S,40730200,-73999783,,5819,276,21,417,18,272,15,4,19,105
G36006100066,1990,NY,,,,,,,,,0066,,,70,New York,061,,,2,5602,,,,5600,1,New York,36,,,,0000000179,0000000000,Tract 66,S,40740424,-73979470,,7226,1323,26,976,17,1182,265,4,43,776
G36006100067,1990,NY,,,,,,,,,0067,,,70,New York,061,,,2,5602,,,,5600,1,New York,36,,,,0000000169,0000000000,Tract 67,S,40730093,-74004889,,5079,104,7,193,10,305,14,8,4,50
G36006100068,1990,NY,,,,,,,,,0068,,,70,New York,061,,,2,5602,,,,5600,1,New York,36,,,,0000000175,0000000000,Tract 68,S,40740450,-73985204,,4937,408,8,371,10,305,40,3,11,110
G36006100069,1990,NY,,,,,,,,,0069,,,70,New York,061,,,2,5602,,,,5600,1,New York,36,,,,0000000129,0000000000,Tract 69,S,40730400,-74008917,,1841,166,4,119,7,84,13,0,2,63
G36006100070,1990,NY,,,,,,,,,0070,,,70,New York,061,,,2,5602,,,,5600,1,New York,36,,,,0000000175,0000000000,Tract 70,S,40743300,-73978397,,5889,237,13,526,9,382,27,1,7,104
G36006100071,1990,NY,,,,,,,,,0071,,,70,New York,061,,,2,5602,,,,5600,1,New York,36,,,,0000000165,0000000000,Tract 71,S,40734933,-73999832,,5279,305,15,176,23,247,43,2,9,142
G36006100072,1990,NY,,,,,,,,,0072,,,70,New York,061,,,2,5602,,,,5600,1,New York,36,,,,0000000171,0000000000,Tract 72,S,40744150,-73980454,,6332,234,5,543,12,241,3,1,4,60
G36006100073,1990,NY,,,,,,,,,0073,,,70,New York,061,,,2,5602,,,,5600,1,New York,36,,,,0000000166,0000000000,Tract 73,S,40734100,-74004216,,5916,194,17,182,7,346,11,1,7,71
G36006100074,1990,NY,,,,,,,,,0074,,,70,New York,061,,,2,5602,,,,5600,1,New York,36,,,,0000000174,0000000000,Tract 74,S,40745500,-73983536,,2798,199,9,155,1,163,18,1,4,19
G36006100075,1990,NY,,,,,,,,,0075,,,70,New York,061,,,2,5602,,,,5600,1,New York,36,,,,0000000128,0000000000,Tract 75,S,40734200,-74008116,,3620,139,4,121,5,170,14,1,5,60
G36006100076,1990,NY,,,,,,,,,0076,,,70,New York,061,,,2,5602,,,,5600,1,New York,36,,,,0000000174,0000000000,Tract 76,S,40747050,-73987266,,999,123,5,439,4,101,12,0,18,58
G36006100077,1990,NY,,,,,,,,,0077,,,70,New York,061,,,2,5602,,,,5600,1,New York,36,,,,0000000180,0000000000,Tract 77,S,40738106,-74003375,,5403,218,6,178,8,307,68,1,8,146
G36006100078,1990,NY,,,,,,,,,0078,,,70,New York,061,,,2,5602,,,,5600,1,New York,36,,,,0000000174,0000000000,Tract 78,S,40745850,-73974455,,5022,126,5,536,7,220,9,1,5,60
G36006100079,1990,NY,,,,,,,,,0079,,,70,New York,061,,,2,5602,,,,5600,1,New York,36,,,,0000000203,0000000000,Tract 79,S,40738750,-74007599,,3812,202,10,177,8,122,10,0,9,59
G36006100080,1990,NY,,,,,,,,,0080,,,70,New York,061,,,2,5602,,,,5600,1,New York,36,,,,0000000171,0000000000,Tract 80,S,40749800,-73978206,,4675,97,5,259,4,211,9,0,0,29
G36006100081,1990,NY,,,,,,,,,0081,,,70,New York,061,,,2,5602,,,,5600,1,New York,36,,,,0000000170,0000000000,Tract 81,S,40738650,-73997815,,5716,371,14,298,9,722,75,6,15,344
G36006100082,1990,NY,,,,,,,,,0082,,,70,New York,061,,,2,5602,,,,5600,1,New York,36,,,,0000000170,0000000000,Tract 82,S,40750550,-73982046,,2276,47,5,125,1,89,0,1,5,16
G36006100083,1990,NY,,,,,,,,,0083,,,70,New York,061,,,2,5602,,,,5600,1,New York,36,,,,0000000168,0000000000,Tract 83,S,40742800,-74005950,,1664,339,10,129,6,836,99,6,7,495
G36006100084,1990,NY,,,,,,,,,0084,,,70,New York,061,,,2,5602,,,,5600,1,New York,36,,,,0000000172,0000000000,Tract 84,S,40751600,-73984450,,491,58,2,104,1,32,3,0,1,4
G36006100086,1990,NY,,,,,,,,,0086,,,70,New York,061,,,2,5602,,,,5600,1,New York,36,,,,0000000341,0000000000,Tract 86,S,40750000,-73967638,,6507,184,4,508,6,277,7,0,7,21
G36006100087,1990,NY,,,,,,,,,0087,,,70,New York,061,,,2,5602,,,,5600,1,New York,36,,,,0000000160,0000000000,Tract 87,S,40742700,-73998507,,3543,222,6,166,3,717,27,0,2,327
G36006100088,1990,NY,,,,,,,,,0088,,,70,New York,061,,,2,5602,,,,5600,1,New York,36,,,,0000000181,0000000000,Tract 88,S,40748700,-73971750,,5581,195,10,779,11,286,11,6,11,39
G36006100089,1990,NY,,,,,,,,,0089,,,70,New York,061,,,2,5602,,,,5600,1,New York,36,,,,0000000168,0000000000,Tract 89,S,40745050,-74004199,,3971,439,18,152,8,552,68,1,14,388
G36006100090,1990,NY,,,,,,,,,0090,,,70,New York,061,,,2,5602,,,,5600,1,New York,36,,,,0000000181,0000000000,Tract 90,S,40751850,-73969258,,5709,229,5,1046,10,373,12,1,14,29
G36006100091,1990,NY,,,,,,,,,0091,,,70,New York,061,,,2,5602,,,,5600,1,New York,36,,,,0000000181,0000000000,Tract 91,S,40743450,-73994350,,3356,341,5,215,5,343,38,2,12,134
G36006100092,1990,NY,,,,,,,,,0092,,,70,New York,061,,,2,5602,,,,5600,1,New York,36,,,,0000000197,0000000000,Tract 92,S,40753626,-73975311,,995,198,3,146,1,79,25,1,1,14
G36006100093,1990,NY,,,,,,,,,0093,,,70,New York,061,,,2,5602,,,,5600,1,New York,36,,,,0000000184,0000000000,Tract 93,S,40746036,-74000523,,6281,627,9,208,19,953,194,8,8,613
G36006100094,1990,NY,,,,,,,,,0094,,,70,New York,061,,,2,5602,,,,5600,1,New York,36,,,,0000000158,0000000000,Tract 94,S,40755000,-73978706,,37,30,0,4,0,0,4,0,0,0
G36006100095,1990,NY,,,,,,,,,0095,,,70,New York,061,,,2,5602,,,,5600,1,New York,36,,,,0000000173,0000000000,Tract 95,S,40747800,-73994838,,2089,151,0,185,11,156,11,1,2,72
G36006100096,1990,NY,,,,,,,,,0096,,,70,New York,061,,,2,5602,,,,5600,1,New York,36,,,,0000000177,0000000000,Tract 96,S,40756100,-73981274,,105,5,0,36,1,3,0,0,0,1
G36006100097,1990,NY,,,,,,,,,0097,,,70,New York,061,,,2,5602,,,,5600,1,New York,36,,,,0000000175,0000000000,Tract 97,S,40749033,-73998023,,2872,442,9,185,7,710,91,1,13,479
G36006100098,1990,NY,,,,,,,,,0098,,,70,New York,061,,,2,5602,,,,5600,1,New York,36,,,,0000000177,0000000000,Tract 98,S,40755050,-73967253,,5813,229,4,512,4,341,5,4,11,56
G36006100099,1990,NY,,,,,,,,,0099,,,70,New York,061,,,2,5602,,,,5600,1,New York,36,,,,0000000780,0000000000,Tract 99,S,40752050,-74002998,,267,172,1,22,1,150,62,0,0,30
G36006100100,1990,NY,,,,,,,,,0100,,,70,New York,061,,,2,5602,,,,5600,1,New York,36,,,,0000000172,0000000000,Tract 100,S,40757400,-73970850,,1433,19,0,115,0,80,5,2,2,7
G36006100101,1990,NY,,,,,,,,,0101,,,70,New York,061,,,2,5602,,,,5600,1,New York,36,,,,0000000166,0000000000,Tract 101,S,40750200,-73992870,,371,81,3,46,0,287,392,0,26,27
G36006100102,1990,NY,,,,,,,,,0102,,,70,New York,061,,,2,5602,,,,5600,1,New York,36,,,,0000000174,0000000000,Tract 102,S,40759400,-73975594,,258,24,0,14,0,23,0,0,0,1
G36006100103,1990,NY,,,,,,,,,0103,,,70,New York,061,,,2,5602,,,,5600,1,New York,36,,,,0000000171,0000000000,Tract 103,S,40752360,-73997960,,831,139,8,90,3,236,26,7,9,118
G36006100104,1990,NY,,,,,,,,,0104,,,70,New York,061,,,2,5602,,,,5600,1,New York,36,,,,0000000173,0000000000,Tract 104,S,40760450,-73977950,,1047,25,1,54,0,44,0,5,0,3
G3600610010601,1990,NY,,,,,,,,,010601,,,70,New York,061,,,2,5602,,,,5600,1,New York,36,,,,0000000134,0000000000,Tract 106.01,S,40757200,-73962400,,7344,51,4,231,4,205,2,0,5,23
G3600610010602,1990,NY,,,,,,,,,010602,,,70,New York,061,,,2,5602,,,,5600,1,New York,36,,,,0000000136,0000000000,Tract 106.02,S,40760400,-73960197,,3047,41,0,384,6,127,8,2,5,29
G36006100108,1990,NY,,,,,,,,,0108,,,70,New York,061,,,2,5602,,,,5600,1,New York,36,,,,0000000184,0000000000,Tract 108,S,40759150,-73964929,,6869,74,1,398,5,264,4,0,9,62
G36006100109,1990,NY,,,,,,,,,0109,,,70,New York,061,,,2,5602,,,,5600,1,New York,36,,,,0000000179,0000000000,Tract 109,S,40751700,-73988762,,124,118,1,21,0,19,7,0,0,0
G36006100110,1990,NY,,,,,,,,,0110,,,70,New York,061,,,2,5602,,,,5600,1,New York,36,,,,0000000178,0000000000,Tract 110,S,40761600,-73963179,,5523,101,4,295,2,296,6,1,24,81
G36006100111,1990,NY,,,,,,,,,0111,,,70,New York,061,,,2,5602,,,,5600,1,New York,36,,,,0000000176,0000000000,Tract 111,S,40754800,-73995949,,1142,247,3,112,2,520,42,0,11,149
G3600610011201,1990,NY,,,,,,,,,011201,,,70,New York,061,,,2,5602,,,,5600,1,New York,36,,,,0000000076,0000000000,Tract 112.01,S,40763550,-73975504,,882,7,0,19,3,29,2,0,1,4
G3600610011202,1990,NY,,,,,,,,,011202,,,70,New York,061,,,2,5602,,,,5600,1,New York,36,,,,0000000079,0000000000,Tract 112.02,S,40761850,-73971557,,378,4,0,22,2,20,0,0,0,19
G3600610011203,1990,NY,,,,,,,,,011203,,,70,New York,061,,,2,5602,,,,5600,1,New York,36,,,,0000000074,0000000000,Tract 112.03,S,40760550,-73968453,,1062,16,2,47,1,50,0,0,0,8
G36006100113,1990,NY,,,,,,,,,0113,,,70,New York,061,,,2,5602,,,,5600,1,New York,36,,,,0000000172,0000000000,Tract 113,S,40754450,-73987488,,205,554,10,27,0,68,272,7,22,131
G3600610011401,1990,NY,,,,,,,,,011401,,,70,New York,061,,,2,5602,,,,5600,1,New York,36,,,,0000000100,0000000000,Tract 114.01,S,40765100,-73971400,,1766,26,0,38,0,77,0,0,1,11
G3600610011402,1990,NY,,,,,,,,,011402,,,70,New York,061,,,2,5602,,,,5600,1,New York,36,,,,0000000095,0000000000,Tract 114.02,S,40763750,-73968150,,2413,53,0,61,1,115,3,2,4,20
G36006100115,1990,NY,,,,,,,,,0115,,,70,New York,061,,,2,5602,,,,5600,1,New York,36,,,,0000000173,0000000000,Tract 115,S,40757300,-73994149,,378,160,3,54,4,165,279,4,5,76
G36006100116,1990,NY,,,,,,,,,0116,,,70,New York,061,,,2,5602,,,,5600,1,New York,36,,,,0000000212,0000000000,Tract 116,S,40762250,-73955953,,3119,156,2,266,5,233,40,1,5,86
G36006100117,1990,NY,,,,,,,,,0117,,,70,New York,061,,,2,5602,,,,5600,1,New York,36,,,,0000000148,0000000000,Tract 117,S,40759256,-73999611,,41,72,0,3,0,22,76,0,1,37
G36006100118,1990,NY,,,,,,,,,0118,,,70,New York,061,,,2,5602,,,,5600,1,New York,36,,,,0000000180,0000000000,Tract 118,S,40764450,-73960216,,7702,132,4,240,13,241,2,0,1,44
G36006100119,1990,NY,,,,,,,,,0119,,,70,New York,061,,,2,5602,,,,5600,1,New York,36,,,,0000000177,0000000000,Tract 119,S,40756917,-73986167,,958,551,11,92,3,166,63,14,0,147
G36006100120,1990,NY,,,,,,,,,0120,,,70,New York,061,,,2,5602,,,,5600,1,New York,36,,,,0000000168,0000000000,Tract 120,S,40766850,-73965850,,3870,96,2,125,8,74,5,0,1,19
G36006100121,1990,NY,,,,,,,,,0121,,,70,New York,061,,,2,5602,,,,5600,1,New York,36,,,,0000000176,0000000000,Tract 121,S,40758400,-73990817,,5246,744,14,420,26,932,85,5,27,474
G36006100122,1990,NY,,,,,,,,,0122,,,70,New York,061,,,2,5602,,,,5600,1,New York,36,,,,0000000176,0000000000,Tract 122,S,40768250,-73969150,,3800,38,2,83,3,130,1,0,1,18
G36006100124,1990,NY,,,,,,,,,0124,,,70,New York,061,,,2,5602,,,,5600,1,New York,36,,,,0000000175,0000000000,Tract 124,S,40765650,-73953243,,8454,233,6,752,24,358,24,2,10,110
G36006100125,1990,NY,,,,,,,,,0125,,,70,New York,061,,,2,5602,,,,5600,1,New York,36,,,,0000000173,0000000000,Tract 125,S,40759900,-73984476,,450,268,1,123,13,92,14,0,1,6
G36006100126,1990,NY,,,,,,,,,0126,,,70,New York,061,,,2,5602,,,,5600,1,New York,36,,,,0000000182,0000000000,Tract 126,S,40767600,-73957750,,11874,159,8,382,5,402,12,0,5,50
G36006100127,1990,NY,,,,,,,,,0127,,,70,New York,061,,,2,5602,,,,5600,1,New York,36,,,,0000000175,0000000000,Tract 127,S,40762700,-73991251,,3569,417,26,605,35,1381,83,10,38,910
G36006100128,1990,NY,,,,,,,,,0128,,,70,New York,061,,,2,5602,,,,5600,1,New York,36,,,,0000000178,0000000000,Tract 128,S,40770700,-73960999,,6648,56,3,106,1,218,5,1,5,13
G36006100129,1990,NY,,,,,,,,,0129,,,70,New York,061,,,2,5602,,,,5600,1,New York,36,,,,0000000304,0000000000,Tract 129,S,40762166,-73995880,,1996,370,7,148,7,625,61,0,12,393
G36006100130,1990,NY,,,,,,,,,0130,,,70,New York,061,,,2,5602,,,,5600,1,New York,36,,,,0000000184,0000000000,Tract 130,S,40772700,-73965844,,4341,38,2,116,3,150,7,1,6,14
G36006100131,1990,NY,,,,,,,,,0131,,,70,New York,061,,,2,5602,,,,5600,1,New York,36,,,,0000000174,0000000000,Tract 131,S,40762450,-73982860,,1501,337,0,156,11,186,23,0,9,47
G36006100132,1990,NY,,,,,,,,,0132,,,70,New York,061,,,2,5602,,,,5600,1,New York,36,,,,0000000207,0000000000,Tract 132,S,40769750,-73950962,,8071,162,9,429,15,341,16,2,7,97
G36006100133,1990,NY,,,,,,,,,0133,,,70,New York,061,,,2,5602,,,,5600,1,New York,36,,,,0000000174,0000000000,Tract 133,S,40763450,-73987240,,3083,468,26,365,33,643,80,2,8,653
G36006100134,1990,NY,,,,,,,,,0134,,,70,New York,061,,,2,5602,,,,5600,1,New York,36,,,,0000000177,0000000000,Tract 134,S,40770800,-73955410,,8872,113,3,455,7,323,5,0,3,97
G36006100135,1990,NY,,,,,,,,,0135,,,70,New York,061,,,2,5602,,,,5600,1,New York,36,,,,0000000321,0000000000,Tract 135,S,40767869,-73991873,,1351,561,7,165,11,760,116,6,14,846
G36006100136,1990,NY,,,,,,,,,0136,,,70,New York,061,,,2,5602,,,,5600,1,New York,36,,,,0000000232,0000000000,Tract 136,S,40772150,-73948411,,14388,180,13,652,8,515,15,2,10,52
G36006100137,1990,NY,,,,,,,,,0137,,,70,New York,061,,,2,5602,,,,5600,1,New York,36,,,,0000000224,0000000000,Tract 137,S,40765150,-73981356,,6005,170,7,480,7,281,14,1,6,78
G36006100138,1990,NY,,,,,,,,,0138,,,70,New York,061,,,2,5602,,,,5600,1,New York,36,,,,0000000199,0000000000,Tract 138,S,40774200,-73953119,,11084,187,7,375,10,405,28,1,9,131
G36006100139,1990,NY,,,,,,,,,0139,,,70,New York,061,,,2,5602,,,,5600,1,New York,36,,,,0000000179,0000000000,Tract 139,S,40766000,-73985437,,7458,512,16,765,18,818,71,6,20,259
G36006100140,1990,NY,,,,,,,,,0140,,,70,New York,061,,,2,5602,,,,5600,1,New York,36,,,,0000000189,0000000000,Tract 140,S,40776100,-73959355,,7211,41,5,205,8,227,3,0,1,31
G36006100142,1990,NY,,,,,,,,,0142,,,70,New York,061,,,2,5602,,,,5600,1,New York,36,,,,0000000195,0000000000,Tract 142,S,40776900,-73960993,,4801,30,5,127,1,130,3,0,0,21
G36006100143,1990,NY,,,,,,,,,0143,,,70,New York,061,,,2,5602,,,,5600,1,New York,36,,,,0000003581,0000000000,Tract 143,S,40781713,-73966459,,9,7,0,1,0,11,8,0,0,27
G3600610014401,1990,NY,,,,,,,,,014401,,,70,New York,061,,,2,5602,,,,5600,1,New York,36,,,,0000000084,0000000000,Tract 144.01,S,40774900,-73946837,,4568,82,1,192,3,113,11,0,1,30
G3600610014402,1990,NY,,,,,,,,,014402,,,70,New York,061,,,2,5602,,,,5600,1,New York,36,,,,0000000171,0000000000,Tract 144.02,S,40776250,-73945551,,5952,112,2,239,7,163,7,1,7,56
G36006100145,1990,NY,,,,,,,,,0145,,,70,New York,061,,,2,5602,,,,5600,1,New York,36,,,,0000000173,0000000000,Tract 145,S,40769350,-73983537,,2758,92,2,247,6,123,7,0,2,30
G3600610014601,1990,NY,,,,,,,,,014601,,,70,New York,061,,,2,5602,,,,5600,1,New York,36,,,,0000000077,0000000000,Tract 146.01,S,40777000,-73951295,,2923,56,1,168,2,161,8,0,2,24
G3600610014602,1990,NY,,,,,,,,,014602,,,70,New York,061,,,2,5602,,,,5600,1,New York,36,,,,0000000108,0000000000,Tract 146.02,S,40779900,-73952088,,6369,165,3,385,7,297,13,4,6,79
G36006100147,1990,NY,,,,,,,,,0147,,,70,New York,061,,,2,5602,,,,5600,1,New York,36,,,,0000000088,0000000000,Tract 147,S,40770900,-73989085,,407,126,0,186,8,82,15,0,6,39
G3600610014801,1990,NY,,,,,,,,,014801,,,70,New York,061,,,2,5602,,,,5600,1,New York,36,,,,0000000051,0000000000,Tract 148.01,S,40779450,-73957183,,2795,50,6,177,3,105,10,0,5,22
G3600610014802,1990,NY,,,,,,,,,014802,,,70,New York,061,,,2,5602,,,,5600,1,New York,36,,,,0000000126,0000000000,Tract 148.02,S,40781350,-73955648,,5635,88,3,188,1,203,7,0,4,33
G36006100149,1990,NY,,,,,,,,,0149,,,70,New York,061,,,2,5602,,,,5600,1,New York,36,,,,0000000175,0000000000,Tract 149,S,40771900,-73982607,,4539,117,4,168,7,137,13,0,4,42
G3600610015001,1990,NY,,,,,,,,,015001,,,70,New York,061,,,2,5602,,,,5600,1,New York,36,,,,0000000053,0000000000,Tract 150.01,S,40780800,-73960399,,2043,12,0,57,0,81,1,1,0,7
G3600610015002,1990,NY,,,,,,,,,015002,,,70,New York,061,,,2,5602,,,,5600,1,New York,36,,,,0000000125,0000000000,Tract 150.02,S,40782100,-73957464,,5784,42,9,110,0,155,3,0,0,7
G36006100151,1990,NY,,,,,,,,,0151,,,70,New York,061,,,2,5602,,,,5600,1,New York,36,,,,0000000654,0000000000,Tract 151,S,40776950,-73991460,,669,1735,21,73,3,814,299,2,19,776
G36006100152,1990,NY,,,,,,,,,0152,,,70,New York,061,,,2,5602,,,,5600,1,New York,36,,,,0000000185,0000000000,Tract 152,S,40779750,-73944557,,4434,373,8,215,2,647,83,3,8,282
G36006100153,1990,NY,,,,,,,,,0153,,,70,New York,061,,,2,5602,,,,5600,1,New York,36,,,,0000000175,0000000000,Tract 153,S,40774550,-73981803,,7442,206,9,368,5,371,24,2,2,88
G36006100154,1990,NY,,,,,,,,,0154,,,70,New York,061,,,2,5602,,,,5600,1,New York,36,,,,0000000176,0000000000,Tract 154,S,40780850,-73948600,,10225,898,11,620,25,784,76,7,14,331
G36006100155,1990,NY,,,,,,,,,0155,,,70,New York,061,,,2,5602,,,,5600,1,New York,36,,,,0000000133,0000000000,Tract 155,S,40776350,-73985321,,6266,174,5,269,5,158,17,0,0,46
G3600610015601,1990,NY,,,,,,,,,015601,,,70,New York,061,,,2,5602,,,,5600,1,New York,36,,,,0000000074,0000000000,Tract 156.01,S,40782700,-73947110,,3178,429,17,329,5,332,54,6,12,268
G3600610015602,1990,NY,,,,,,,,,015602,,,70,New York,061,,,2,5602,,,,5600,1,New York,36,,,,0000000108,0000000000,Tract 156.02,S,40785900,-73947827,,173,432,6,23,8,334,154,15,16,385
G36006100157,1990,NY,,,,,,,,,0157,,,70,New York,061,,,2,5602,,,,5600,1,New York,36,,,,0000000200,0000000000,Tract 157,S,40776250,-73977890,,9540,418,17,332,10,696,43,7,5,187
G3600610015801,1990,NY,,,,,,,,,015801,,,70,New York,061,,,2,5602,,,,5600,1,New York,36,,,,0000000125,0000000000,Tract 158.01,S,40784550,-73953446,,4766,87,4,132,8,177,21,0,10,69
G3600610015802,1990,NY,,,,,,,,,015802,,,70,New York,061,,,2,5602,,,,5600,1,New York,36,,,,0000000050,0000000000,Tract 158.02,S,40785800,-73950399,,1028,355,0,162,13,309,93,12,18,300
G36006100159,1990,NY,,,,,,,,,0159,,,70,New York,061,,,2,5602,,,,5600,1,New York,36,,,,0000000150,0000000000,Tract 159,S,40778800,-73984024,,8327,229,17,271,3,382,23,1,4,91
G3600610016001,1990,NY,,,,,,,,,016001,,,70,New York,061,,,2,5602,,,,5600,1,New York,36,,,,0000000124,0000000000,Tract 160.01,S,40785250,-73955089,,3901,68,3,101,0,86,5,0,0,15
G3600610016002,1990,NY,,,,,,,,,016002,,,70,New York,061,,,2,5602,,,,5600,1,New York,36,,,,0000000051,0000000000,Tract 160.02,S,40787150,-73953642,,2279,234,3,223,7,281,92,2,8,335
G36006100161,1990,NY,,,,,,,,,0161,,,70,New York,061,,,2,5602,,,,5600,1,New York,36,,,,0000000152,0000000000,Tract 161,S,40780850,-73978685,,6007,188,5,198,8,327,32,3,2,100
G36006100162,1990,NY,,,,,,,,,0162,,,70,New York,061,,,2,5602,,,,5600,1,New York,36,,,,0000000298,0000000000,Tract 162,S,40787300,-73940459,,209,5297,24,98,37,1186,1382,21,18,1945
G36006100163,1990,NY,,,,,,,,,0163,,,70,New York,061,,,2,5602,,,,5600,1,New York,36,,,,0000000145,0000000000,Tract 163,S,40782300,-73982221,,6626,263,10,259,10,391,27,2,4,92
G36006100164,1990,NY,,,,,,,,,0164,,,70,New York,061,,,2,5602,,,,5600,1,New York,36,,,,0000000181,0000000000,Tract 164,S,40787150,-73943851,,135,1576,15,28,17,1313,598,13,15,2323
G36006100165,1990,NY,,,,,,,,,0165,,,70,New York,061,,,2,5602,,,,5600,1,New York,36,,,,0000000204,0000000000,Tract 165,S,40781200,-73974680,,6004,329,20,243,9,353,65,1,1,253
G36006100166,1990,NY,,,,,,,,,0166,,,70,New York,061,,,2,5602,,,,5600,1,New York,36,,,,0000000173,0000000000,Tract 166,S,40789550,-73949610,,344,1024,13,25,29,1408,823,34,25,2349
G36006100167,1990,NY,,,,,,,,,0167,,,70,New York,061,,,2,5602,,,,5600,1,New York,36,,,,0000000141,0000000000,Tract 167,S,40784400,-73980899,,6319,265,11,231,13,342,41,7,9,138
G36006100168,1990,NY,,,,,,,,,0168,,,70,New York,061,,,2,5602,,,,5600,1,New York,36,,,,0000000205,0000000000,Tract 168,S,40791650,-73952582,,587,1071,2,176,15,825,656,19,24,1355
G36006100169,1990,NY,,,,,,,,,0169,,,70,New York,061,,,2,5602,,,,5600,1,New York,36,,,,0000000172,0000000000,Tract 169,S,40784200,-73972500,,6628,595,21,253,14,605,165,6,18,497
G36006100170,1990,NY,,,,,,,,,0170,,,70,New York,061,,,2,5602,,,,5600,1,New York,36,,,,0000000183,0000000000,Tract 170,S,40789750,-73942050,,407,2015,23,444,53,1740,496,8,53,1388
G36006100171,1990,NY,,,,,,,,,0171,,,70,New York,061,,,2,5602,,,,5600,1,New York,36,,,,0000000158,0000000000,Tract 171,S,40786900,-73978921,,8084,536,14,284,13,519,212,7,5,427
G3600610017201,1990,NY,,,,,,,,,017201,,,70,New York,061,,,2,5602,,,,5600,1,New York,36,,,,0000000128,0000000000,Tract 172.01,S,40793500,-73946799,,127,800,9,108,24,747,266,8,32,1807
G3600610017202,1990,NY,,,,,,,,,017202,,,70,New York,061,,,2,5602,,,,5600,1,New York,36,,,,0000000050,0000000000,Tract 172.02,S,40794750,-73943835,,13,59,0,4,2,125,70,0,2,293
G36006100173,1990,NY,,,,,,,,,0173,,,70,New York,061,,,2,5602,,,,5600,1,New York,36,,,,0000000180,0000000000,Tract 173,S,40786800,-73970696,,6494,831,15,185,12,671,273,11,5,627
G3600610017401,1990,NY,,,,,,,,,017401,,,70,New York,061,,,2,5602,,,,5600,1,New York,36,,,,0000000103,0000000000,Tract 174.01,S,40795550,-73949600,,449,2300,2,52,20,701,465,8,5,1472
G3600610017402,1990,NY,,,,,,,,,017402,,,70,New York,061,,,2,5602,,,,5600,1,New York,36,,,,0000000052,0000000000,Tract 174.02,S,40796050,-73947046,,101,1355,1,34,7,236,210,2,2,687
G36006100175,1990,NY,,,,,,,,,0175,,,70,New York,061,,,2,5602,,,,5600,1,New York,36,,,,0000000169,0000000000,Tract 175,S,40789450,-73976982,,8965,692,6,292,12,752,113,7,9,312
G36006100177,1990,NY,,,,,,,,,0177,,,70,New York,061,,,2,5602,,,,5600,1,New York,36,,,,0000000169,0000000000,Tract 177,S,40791050,-73971051,,5534,1719,19,184,47,1362,514,12,15,1318
G36006100178,1990,NY,,,,,,,,,0178,,,70,New York,061,,,2,5602,,,,5600,1,New York,36,,,,0000000265,0000000000,Tract 178,S,40794150,-73933124,,684,672,3,44,10,578,330,7,10,1121
G36006100179,1990,NY,,,,,,,,,0179,,,70,New York,061,,,2,5602,,,,5600,1,New York,36,,,,0000000135,0000000000,Tract 179,S,40792600,-73974599,,7093,852,13,390,23,1028,219,11,40,499
G36006100180,1990,NY,,,,,,,,,0180,,,70,New York,061,,,2,5602,,,,5600,1,New York,36,,,,0000000215,0000000000,Tract 180,S,40793600,-73939043,,194,1737,7,32,31,1266,1193,22,20,2620
G36006100181,1990,NY,,,,,,,,,0181,,,70,New York,061,,,2,5602,,,,5600,1,New York,36,,,,0000000139,0000000000,Tract 181,S,40793650,-73969075,,5856,1873,14,413,36,852,253,13,20,685
G36006100182,1990,NY,,,,,,,,,0182,,,70,New York,061,,,2,5602,,,,5600,1,New York,36,,,,0000000175,0000000000,Tract 182,S,40798550,-73943068,,75,2484,9,44,53,1091,979,19,14,2326
G36006100183,1990,NY,,,,,,,,,0183,,,70,New York,061,,,2,5602,,,,5600,1,New York,36,,,,0000000144,0000000000,Tract 183,S,40794550,-73973235,,5778,952,19,776,27,1104,310,18,29,1097
G36006100184,1990,NY,,,,,,,,,0184,,,70,New York,061,,,2,5602,,,,5600,1,New York,36,,,,0000000176,0000000000,Tract 184,S,40799300,-73944718,,29,2841,8,1,30,557,578,12,9,1664
G36006100185,1990,NY,,,,,,,,,0185,,,70,New York,061,,,2,5602,,,,5600,1,New York,36,,,,0000000132,0000000000,Tract 185,S,40794950,-73968278,,2253,1108,15,134,8,202,42,3,7,94
G36006100186,1990,NY,,,,,,,,,0186,,,70,New York,061,,,2,5602,,,,5600,1,New York,36,,,,0000000124,0000000000,Tract 186,S,40798450,-73950649,,66,5082,15,20,15,242,336,2,3,535
G36006100187,1990,NY,,,,,,,,,0187,,,70,New York,061,,,2,5602,,,,5600,1,New York,36,,,,0000000141,0000000000,Tract 187,S,40797150,-73971382,,5924,1237,10,447,19,814,244,22,14,899
G36006100188,1990,NY,,,,,,,,,0188,,,70,New York,061,,,2,5602,,,,5600,1,New York,36,,,,0000000152,0000000000,Tract 188,S,40798400,-73938660,,332,547,4,13,18,1083,343,21,10,2106
G36006100189,1990,NY,,,,,,,,,0189,,,70,New York,061,,,2,5602,,,,5600,1,New York,36,,,,0000000264,0000000000,Tract 189,S,40796250,-73964523,,2102,4466,46,143,46,2099,938,43,24,2899
G36006100190,1990,NY,,,,,,,,,0190,,,70,New York,061,,,2,5602,,,,5600,1,New York,36,,,,0000000103,0000000000,Tract 190,S,40801600,-73948209,,13,1601,7,3,0,24,95,5,4,157
G36006100191,1990,NY,,,,,,,,,0191,,,70,New York,061,,,2,5602,,,,5600,1,New York,36,,,,0000000136,0000000000,Tract 191,S,40800300,-73969220,,6080,1064,13,370,23,705,209,14,6,794
G36006100192,1990,NY,,,,,,,,,0192,,,70,New York,061,,,2,5602,,,,5600,1,New York,36,,,,0000000195,0000000000,Tract 192,S,40798800,-73932213,,56,1846,6,3,11,461,336,17,10,923
G36006100193,1990,NY,,,,,,,,,0193,,,70,New York,061,,,2,5602,,,,5600,1,New York,36,,,,0000000178,0000000000,Tract 193,S,40799850,-73961899,,1674,2393,36,339,44,1201,1060,52,34,2194
G36006100194,1990,NY,,,,,,,,,0194,,,70,New York,061,,,2,5602,,,,5600,1,New York,36,,,,0000000179,0000000000,Tract 194,S,40800900,-73936742,,111,2342,10,17,25,1072,662,24,5,2247
G36006100195,1990,NY,,,,,,,,,0195,,,70,New York,061,,,2,5602,,,,5600,1,New York,36,,,,0000000134,0000000000,Tract 195,S,40802000,-73966867,,4338,534,18,424,21,1214,386,22,26,1124
G36006100196,1990,NY,,,,,,,,,0196,,,70,New York,061,,,2,5602,,,,5600,1,New York,36,,,,0000000175,0000000000,Tract 196,S,40803050,-73939853,,48,1823,7,5,15,469,385,9,21,871
G3600610019701,1990,NY,,,,,,,,,019701,,,70,New York,061,,,2,5602,,,,5600,1,New York,36,,,,0000000226,0000000000,Tract 197.01,S,40802783,-73960015,,15,15,0,0,0,11,2,2,1,0
G3600610019702,1990,NY,,,,,,,,,019702,,,70,New York,061,,,2,5602,,,,5600,1,New York,36,,,,0000000045,0000000000,Tract 197.02,S,40802400,-73958199,,166,1104,1,77,2,56,88,0,5,82
G36006100198,1990,NY,,,,,,,,,0198,,,70,New York,061,,,2,5602,,,,5600,1,New York,36,,,,0000000227,0000000000,Tract 198,S,40804450,-73944112,,93,627,1,8,1,41,49,0,0,43
G36006100199,1990,NY,,,,,,,,,0199,,,70,New York,061,,,2,5602,,,,5600,1,New York,36,,,,0000000144,0000000000,Tract 199,S,40804550,-73965089,,6546,648,33,1476,26,670,187,8,47,337
G36006100200,1990,NY,,,,,,,,,0200,,,70,New York,061,,,2,5602,,,,5600,1,New York,36,,,,0000000128,0000000000,Tract 200,S,40805750,-73946296,,62,2056,41,9,7,34,99,2,0,61
G3600610020101,1990,NY,,,,,,,,,020101,,,70,New York,061,,,2,5602,,,,5600,1,New York,36,,,,0000000055,0000000000,Tract 201.01,S,40806050,-73960947,,863,85,6,279,10,55,33,0,0,27
G3600610020102,1990,NY,,,,,,,,,020102,,,70,New York,061,,,2,5602,,,,5600,1,New York,36,,,,0000000086,0000000000,Tract 201.02,S,40804950,-73956345,,30,2147,7,4,4,19,98,3,3,66
G36006100202,1990,NY,,,,,,,,,0202,,,70,New York,061,,,2,5602,,,,5600,1,New York,36,,,,0000000203,0000000000,Tract 202,S,40803950,-73932264,,4,175,1,0,1,113,24,6,0,114
G36006100203,1990,NY,,,,,,,,,0203,,,70,New York,061,,,2,5602,,,,5600,1,New York,36,,,,0000000178,0000000000,Tract 203,S,40808000,-73962495,,1659,360,3,448,27,137,16,0,4,94
G36006100204,1990,NY,,,,,,,,,0204,,,70,New York,061,,,2,5602,,,,5600,1,New York,36,,,,0000000322,0000000000,Tract 204,S,40808300,-73934524,,11,2416,10,4,7,94,122,9,1,336
G36006100205,1990,NY,,,,,,,,,0205,,,70,New York,061,,,2,5602,,,,5600,1,New York,36,,,,0000000124,0000000000,Tract 205,S,40809400,-73963916,,4825,254,5,808,30,241,78,7,7,301
G36006100206,1990,NY,,,,,,,,,0206,,,70,New York,061,,,2,5602,,,,5600,1,New York,36,,,,0000000148,0000000000,Tract 206,S,40808850,-73939810,,25,1634,5,3,1,18,163,1,0,72
G3600610020701,1990,NY,,,,,,,,,020701,,,70,New York,061,,,2,5602,,,,5600,1,New York,36,,,,0000000047,0000000000,Tract 207.01,S,40808650,-73959092,,2172,255,12,413,11,120,21,1,12,29
G3600610020702,1990,NY,,,,,,,,,020702,,,70,New York,061,,,2,5602,,,,5600,1,New York,36,,,,0000000091,0000000000,Tract 207.02,S,40806950,-73954949,,322,1619,5,76,2,25,118,5,2,111
G36006100208,1990,NY,,,,,,,,,0208,,,70,New York,061,,,2,5602,,,,5600,1,New York,36,,,,0000000149,0000000000,Tract 208,S,40809900,-73942250,,7,2606,12,5,3,21,140,3,0,50
G3600610020901,1990,NY,,,,,,,,,020901,,,70,New York,061,,,2,5602,,,,5600,1,New York,36,,,,0000000118,0000000000,Tract 209.01,S,40811350,-73954800,,135,2300,3,41,7,238,219,0,7,375
G3600610020902,1990,NY,,,,,,,,,020902,,,70,New York,061,,,2,5602,,,,5600,1,New York,36,,,,0000000058,0000000000,Tract 209.02,S,40809400,-73952833,,27,818,9,8,2,9,57,0,1,29
G36006100210,1990,NY,,,,,,,,,0210,,,70,New York,061,,,2,5602,,,,5600,1,New York,36,,,,0000000276,0000000000,Tract 210,S,40813900,-73934882,,20,6316,24,15,10,72,282,12,5,175
G36006100211,1990,NY,,,,,,,,,0211,,,70,New York,061,,,2,5602,,,,5600,1,New York,36,,,,0000000225,0000000000,Tract 211,S,40814550,-73960131,,2974,3226,43,694,16,872,556,8,57,1026
G36006100212,1990,NY,,,,,,,,,0212,,,70,New York,061,,,2,5602,,,,5600,1,New York,36,,,,0000000173,0000000000,Tract 212,S,40814000,-73939199,,32,3977,9,16,5,29,157,0,0,65
G3600610021301,1990,NY,,,,,,,,,021301,,,70,New York,061,,,2,5602,,,,5600,1,New York,36,,,,0000000111,0000000000,Tract 213.01,S,40813550,-73952768,,63,3036,6,9,10,66,300,11,0,229
G3600610021302,1990,NY,,,,,,,,,021302,,,70,New York,061,,,2,5602,,,,5600,1,New York,36,,,,0000000028,0000000000,Tract 213.02,S,40811950,-73951090,,1,285,0,0,0,1,7,0,0,7
G36006100214,1990,NY,,,,,,,,,0214,,,70,New York,061,,,2,5602,,,,5600,1,New York,36,,,,0000000143,0000000000,Tract 214,S,40818100,-73936271,,23,3443,8,3,1,13,77,2,0,82
G36006100216,1990,NY,,,,,,,,,0216,,,70,New York,061,,,2,5602,,,,5600,1,New York,36,,,,0000000171,0000000000,Tract 216,S,40800500,-73953819,,188,5981,14,60,9,202,617,20,7,506
G3600610021701,1990,NY,,,,,,,,,021701,,,70,New York,061,,,2,5602,,,,5600,1,New York,36,,,,0000000187,0000000000,Tract 217.01,S,40816200,-73951937,,16,799,5,5,2,76,204,2,0,147
G3600610021702,1990,NY,,,,,,,,,021702,,,70,New York,061,,,2,5602,,,,5600,1,New York,36,,,,0000000043,0000000000,Tract 217.02,S,40814450,-73949133,,13,2420,1,2,2,31,89,4,0,27
G36006100218,1990,NY,,,,,,,,,0218,,,70,New York,061,,,2,5602,,,,5600,1,New York,36,,,,0000000182,0000000000,Tract 218,S,40802592,-73953248,,34,3825,9,9,3,48,190,5,0,135
G3600610021997,1990,NY,,,,,,,,,021997,,,70,New York,061,,,2,5602,,,,5600,1,New York,36,,,,0000000239,0000000000,Tract 219.97,S,40817633,-73956691,,62,2508,20,15,46,480,610,40,13,1393
G36006100220,1990,NY,,,,,,,,,0220,,,70,New York,061,,,2,5602,,,,5600,1,New York,36,,,,0000000179,0000000000,Tract 220,S,40805900,-73952419,,57,3458,12,8,8,43,155,3,2,217
G3600610022101,1990,NY,,,,,,,,,022101,,,70,New York,061,,,2,5602,,,,5600,1,New York,36,,,,0000000171,0000000000,Tract 221.01,S,40819333,-73949576,,3,387,9,14,0,13,43,0,0,11
G3600610022102,1990,NY,,,,,,,,,022102,,,70,New York,061,,,2,5602,,,,5600,1,New York,36,,,,0000000104,0000000000,Tract 221.02,S,40818300,-73946505,,32,1227,9,7,2,35,49,1,2,8
G36006100222,1990,NY,,,,,,,,,0222,,,70,New York,061,,,2,5602,,,,5600,1,New York,36,,,,0000000183,0000000000,Tract 222,S,40807300,-73948100,,17,1767,6,2,2,6,85,1,3,51
G3600610022397,1990,NY,,,,,,,,,022397,,,70,New York,061,,,2,5602,,,,5600,1,New York,36,,,,0000000137,0000000000,Tract 223.97,S,40819750,-73953850,,270,574,20,205,60,1506,2337,103,60,3665
G3600610022398,1990,NY,,,,,,,,,022398,,,70,New York,061,,,2,5602,,,,5600,1,New York,36,,,,0000000045,0000000000,Tract 223.98,S,40819900,-73957434,,33,1747,6,18,15,412,596,11,12,729
G36006100224,1990,NY,,,,,,,,,0224,,,70,New York,061,,,2,5602,,,,5600,1,New York,36,,,,0000000195,0000000000,Tract 224,S,40812050,-73948394,,23,5356,14,14,6,65,186,5,1,202
G36006100225,1990,NY,,,,,,,,,0225,,,70,New York,061,,,2,5602,,,,5600,1,New York,36,,,,0000000156,0000000000,Tract 225,S,40822600,-73952700,,384,2916,25,137,59,2758,1750,42,54,2930
G36006100226,1990,NY,,,,,,,,,0226,,,70,New York,061,,,2,5602,,,,5600,1,New York,36,,,,0000000154,0000000000,Tract 226,S,40813050,-73943978,,15,3146,4,8,11,19,103,0,1,98
G3600610022701,1990,NY,,,,,,,,,022701,,,70,New York,061,,,2,5602,,,,5600,1,New York,36,,,,0000000143,0000000000,Tract 227.01,S,40824033,-73946193,,101,3479,17,34,5,101,227,9,3,222
G3600610022702,1990,NY,,,,,,,,,022702,,,70,New York,061,,,2,5602,,,,5600,1,New York,36,,,,0000000036,0000000000,Tract 227.02,S,40821400,-73944149,,9,895,1,1,0,1,32,0,0,45
G36006100228,1990,NY,,,,,,,,,0228,,,70,New York,061,,,2,5602,,,,5600,1,New York,36,,,,0000000179,0000000000,Tract 228,S,40815000,-73942593,,50,4248,9,9,1,19,122,1,8,102
G36006100229,1990,NY,,,,,,,,,0229,,,70,New York,061,,,2,5602,,,,5600,1,New York,36,,,,0000000137,0000000000,Tract 229,S,40824850,-73950324,,251,3347,40,88,29,995,1535,48,25,2065
G36006100230,1990,NY,,,,,,,,,0230,,,70,New York,061,,,2,5602,,,,5600,1,New York,36,,,,0000000172,0000000000,Tract 230,S,40819300,-73943062,,60,6735,25,16,9,104,277,12,1,211
G3600610023101,1990,NY,,,,,,,,,023101,,,70,New York,061,,,2,5602,,,,5600,1,New York,36,,,,0000000216,0000000000,Tract 231.01,S,40826500,-73944449,,108,4759,14,45,8,179,389,13,3,318
G3600610023102,1990,NY,,,,,,,,,023102,,,70,New York,061,,,2,5602,,,,5600,1,New York,36,,,,0000000039,0000000000,Tract 231.02,S,40824600,-73941657,,29,739,0,1,0,5,31,0,0,17
G36006100232,1990,NY,,,,,,,,,0232,,,70,New York,061,,,2,5602,,,,5600,1,New York,36,,,,0000000175,0000000000,Tract 232,S,40821850,-73941211,,33,5652,19,10,10,87,318,13,0,315
G36006100233,1990,NY,,,,,,,,,0233,,,70,New York,061,,,2,5602,,,,5600,1,New York,36,,,,0000000134,0000000000,Tract 233,S,40827350,-73948316,,125,3420,25,33,21,423,638,9,14,989
G36006100234,1990,NY,,,,,,,,,0234,,,70,New York,061,,,2,5602,,,,5600,1,New York,36,,,,0000000111,0000000000,Tract 234,S,40823750,-73939704,,76,3149,8,5,5,28,187,6,9,112
G3600610023501,1990,NY,,,,,,,,,023501,,,70,New York,061,,,2,5602,,,,5600,1,New York,36,,,,0000000142,0000000000,Tract 235.01,S,40828900,-73942189,,57,4531,35,16,10,171,433,4,6,442
G3600610023502,1990,NY,,,,,,,,,023502,,,70,New York,061,,,2,5602,,,,5600,1,New York,36,,,,0000000044,0000000000,Tract 235.02,S,40827700,-73939457,,17,1249,0,0,0,70,69,0,1,33
G36006100236,1990,NY,,,,,,,,,0236,,,70,New York,061,,,2,5602,,,,5600,1,New York,36,,,,0000000401,0000000000,Tract 236,S,40825067,-73935904,,47,5969,21,5,7,20,194,5,2,64
G36006100237,1990,NY,,,,,,,,,0237,,,70,New York,061,,,2,5602,,,,5600,1,New York,36,,,,0000000214,0000000000,Tract 237,S,40830400,-73946004,,222,3532,22,26,42,945,897,104,25,1040
G36006100238,1990,NY,,,,,,,,,0238,,,70,New York,061,,,2,5602,,,,5600,1,New York,36,,,,0000003043,0000000000,Tract 238,S,40764400,-73948195,,4422,1952,11,513,43,719,220,4,15,291
G36006100239,1990,NY,,,,,,,,,0239,,,70,New York,061,,,2,5602,,,,5600,1,New York,36,,,,0000000063,0000000000,Tract 239,S,40832200,-73942186,,29,1542,12,4,9,73,176,10,0,138
G36006100240,1990,NY,,,,,,,,,0240,,,70,New York,061,,,2,5602,,,,5600,1,New York,36,,,,0000004166,0000000000,Tract 240,S,40785850,-73928203,,325,1044,12,17,8,126,277,0,3,228
G36006100241,1990,NY,,,,,,,,,0241,,,70,New York,061,,,2,5602,,,,5600,1,New York,36,,,,0000000147,0000000000,Tract 241,S,40833995,-73945500,,568,3410,15,42,11,1080,801,27,11,1622
G3600610024301,1990,NY,,,,,,,,,024301,,,70,New York,061,,,2,5602,,,,5600,1,New York,36,,,,0000000101,0000000000,Tract 243.01,S,40835600,-73938942,,84,2343,12,4,18,308,294,3,8,646
G3600610024302,1990,NY,,,,,,,,,024302,,,70,New York,061,,,2,5602,,,,5600,1,New York,36,,,,0000000344,0000000079,Tract 243.02,S,40834667,-73935221,,45,6259,30,3,10,393,331,2,3,492
G36006100245,1990,NY,,,,,,,,,0245,,,70,New York,061,,,2,5602,,,,5600,1,New York,36,,,,0000000214,0000000000,Tract 245,S,40836200,-73941786,,538,2543,39,175,125,3614,2553,120,69,5429
G36006100247,1990,NY,,,,,,,,,0247,,,70,New York,061,,,2,5602,,,,5600,1,New York,36,,,,0000000156,0000000000,Tract 247,S,40837801,-73945638,,730,1103,20,115,59,1669,1091,44,16,2557
G36006100249,1990,NY,,,,,,,,,0249,,,70,New York,061,,,2,5602,,,,5600,1,New York,36,,,,0000000058,0000000000,Tract 249,S,40839200,-73937174,,28,455,0,11,6,202,188,2,8,409
G36006100251,1990,NY,,,,,,,,,0251,,,70,New York,061,,,2,5602,,,,5600,1,New York,36,,,,0000000161,0000000000,Tract 251,S,40840000,-73940547,,240,896,21,109,33,615,545,40,16,1263
G36006100253,1990,NY,,,,,,,,,0253,,,70,New York,061,,,2,5602,,,,5600,1,New York,36,,,,0000000169,0000000000,Tract 253,S,40842700,-73939332,,1027,566,37,444,106,3220,2348,165,59,4869
G36006100255,1990,NY,,,,,,,,,0255,,,70,New York,061,,,2,5602,,,,5600,1,New York,36,,,,0000000177,0000000000,Tract 255,S,40843950,-73942448,,2151,344,4,606,35,1159,423,11,60,1489
G36006100261,1990,NY,,,,,,,,,0261,,,70,New York,061,,,2,5602,,,,5600,1,New York,36,,,,0000000169,0000000000,Tract 261,S,40845400,-73934277,,384,1297,16,40,130,3110,1714,142,39,5727
G36006100263,1990,NY,,,,,,,,,0263,,,70,New York,061,,,2,5602,,,,5600,1,New York,36,,,,0000000160,0000000000,Tract 263,S,40847100,-73938092,,946,959,10,220,59,2178,923,67,49,3269
G36006100265,1990,NY,,,,,,,,,0265,,,70,New York,061,,,2,5602,,,,5600,1,New York,36,,,,0000000157,0000000000,Tract 265,S,40849850,-73939567,,1857,223,15,106,54,2829,603,40,44,1812
G36006100267,1990,NY,,,,,,,,,0267,,,70,New York,061,,,2,5602,,,,5600,1,New York,36,,,,0000000039,0000000000,Tract 267,S,40850717,-73928447,,511,51,0,22,8,573,177,7,10,320
G36006100269,1990,NY,,,,,,,,,0269,,,70,New York,061,,,2,5602,,,,5600,1,New York,36,,,,0000000189,0000000000,Tract 269,S,40851050,-73931674,,1368,356,10,92,63,1980,1161,98,37,4795
G36006100271,1990,NY,,,,,,,,,0271,,,70,New York,061,,,2,5602,,,,5600,1,New York,36,,,,0000000202,0000000000,Tract 271,S,40852250,-73934183,,2231,225,6,127,49,1808,675,48,45,2892
G36006100273,1990,NY,,,,,,,,,0273,,,70,New York,061,,,2,5602,,,,5600,1,New York,36,,,,0000000176,0000000000,Tract 273,S,40854400,-73937778,,3998,214,14,218,14,812,147,2,11,642
G36006100275,1990,NY,,,,,,,,,0275,,,70,New York,061,,,2,5602,,,,5600,1,New York,36,,,,0000000085,0000000000,Tract 275,S,40852750,-73940873,,1936,180,4,94,6,267,23,2,2,191
G36006100277,1990,NY,,,,,,,,,0277,,,70,New York,061,,,2,5602,,,,5600,1,New York,36,,,,0000000160,0000000000,Tract 277,S,40856350,-73927932,,906,299,36,62,44,1532,1280,65,44,3346
G36006100279,1990,NY,,,,,,,,,0279,,,70,New York,061,,,2,5602,,,,5600,1,New York,36,,,,0000000179,0000000000,Tract 279,S,40856867,-73931590,,1852,646,5,166,72,2134,1065,77,40,5118
G36006100281,1990,NY,,,,,,,,,0281,,,70,New York,061,,,2,5602,,,,5600,1,New York,36,,,,0000000058,0000000000,Tract 281,S,40856000,-73934959,,2216,122,5,79,3,131,20,7,5,70
G36006100283,1990,NY,,,,,,,,,0283,,,70,New York,061,,,2,5602,,,,5600,1,New York,36,,,,0000000146,0000000000,Tract 283,S,40858600,-73929469,,2176,735,23,254,31,1476,571,30,9,1862
G36006100285,1990,NY,,,,,,,,,0285,,,70,New York,061,,,2,5602,,,,5600,1,New York,36,,,,0000000116,0000000000,Tract 285,S,40861900,-73927649,,661,254,21,262,87,2078,1352,110,63,3245
G36006100287,1990,NY,,,,,,,,,0287,,,70,New York,061,,,2,5602,,,,5600,1,New York,36,,,,0000000419,0000000000,Tract 287,S,40865250,-73930507,,1475,167,6,113,21,861,329,15,45,887
G36006100289,1990,NY,,,,,,,,,0289,,,70,New York,061,,,2,5602,,,,5600,1,New York,36,,,,0000000350,0000000247,Tract 289,S,40858717,-73922137,,204,1449,8,22,21,682,486,11,21,1183
G36006100291,1990,NY,,,,,,,,,0291,,,70,New York,061,,,2,5602,,,,5600,1,New York,36,,,,0000000183,0000000000,Tract 291,S,40863600,-73924700,,643,690,10,243,98,2739,2381,95,68,5582
G36006100293,1990,NY,,,,,,,,,0293,,,70,New York,061,,,2,5602,,,,5600,1,New York,36,,,,0000000145,0000000000,Tract 293,S,40866650,-73919874,,843,514,15,90,81,2031,1549,70,28,4135
G36006100295,1990,NY,,,,,,,,,0295,,,70,New York,061,,,2,5602,,,,5600,1,New York,36,,,,0000000130,0000000000,Tract 295,S,40867900,-73924736,,3375,380,8,346,20,1103,267,30,35,1123
G36006100297,1990,NY,,,,,,,,,0297,,,70,New York,061,,,2,5602,,,,5600,1,New York,36,,,,0000000882,0000000974,Tract 297,S,40876233,-73925689,,0,2,0,0,0,2,2,0,0,0
G36006100301,1990,NY,,,,,,,,,0301,,,70,New York,061,,,2,5602,,,,5600,1,New York,36,,,,0000000348,0000000164,Tract 301,S,40868800,-73912599,,0,0,0,0,0,0,0,0,0,0
G36006100303,1990,NY,,,,,,,,,0303,,,70,New York,061,,,2,5602,,,,5600,1,New York,36,,,,0000000148,0000000000,Tract 303,S,40869300,-73919133,,1769,207,8,72,11,790,296,5,37,606
G36006100307,1990,NY,,,,,,,,,0307,,,70,New York,061,,,2,5602,,,,5600,1,New York,36,,,,0000000077,0000000000,Tract 307,S,40870900,-73917287,,2205,345,13,70,3,446,61,2,4,228
G36006100309,1990,NY,,,,,,,,,0309,,,70,New York,061,,,2,5602,,,,5600,1,New York,36,,,,0000000302,0000000000,Tract 309,S,40876200,-73910749,,826,2555,17,143,26,1597,742,28,24,1734
G36006100311,1990,NY,,,,,,,,,0311,,,70,New York,061,,,2,5602,,,,5600,1,New York,36,,,,0000000702,0000000042,Tract 311,S,40846900,-73930702,,0,0,0,0,0,6,0,0,0,4
G36006100313,1990,NY,,,,,,,,,0313,,,70,New York,061,,,2,5602,,,,5600,1,New York,36,,,,0000001123,0000003408,Tract 313,S,40848664,-73945774,,70,45,0,9,0,10,9,0,0,7
G36006100315,1990,NY,,,,,,,,,0315,,,70,New York,061,,,2,5602,,,,5600,1,New York,36,,,,0000005706,0000000000,Tract 315,S,40797216,-73981526,,101,2,0,3,0,2,0,0,0,0
G3600610031701,1990,NY,,,,,,,,,031701,,,70,New York,061,,,2,5602,,,,5600,1,New York,36,,,,0000000442,0000000039,Tract 317.01,S,40711986,-74016371,,4347,178,9,831,9,148,18,2,2,30
G3600610031702,1990,NY,,,,,,,,,031702,,,70,New York,061,,,2,5602,,,,5600,1,New York,36,,,,0000001235,0000002735,Tract 317.02,S,40744150,-74010447,,58,181,0,0,2,27,0,0,0,72
G36006100319,1990,NY,,,,,,,,,0319,,,70,New York,061,,,2,5602,,,,5600,1,New York,36,,,,0000001417,0000006049,Tract 319,S,40701436,-74011649,,29,31,0,0,0,18,32,0,1,0
G36006300201,1990,NY,,,,,,,,,0201,,,10,Niagara,063,,,2,1282,,,,5700,1,New York,36,,,,0000002459,0000000194,Tract 201,S,43121067,-79054849,,3915,169,32,21,3,56,8,0,0,3
G36006300202,1990,NY,,,,,,,,,0202,,,10,Niagara,063,,,2,1282,,,,5700,1,New York,36,,,,0000002211,0000000000,Tract 202,S,43119367,-79040674,,391,3038,43,7,4,3,35,0,0,6
G36006300203,1990,NY,,,,,,,,,0203,,,10,Niagara,063,,,2,1282,,,,5700,1,New York,36,,,,0000006218,0000000117,Tract 203,S,43107833,-79009199,,2285,148,53,1,8,34,2,3,0,19
G36006300204,1990,NY,,,,,,,,,0204,,,10,Niagara,063,,,2,1282,,,,5700,1,New York,36,,,,0000000705,0000000000,Tract 204,S,43109483,-79039222,,1097,881,42,3,8,20,1,0,0,7
G36006300205,1990,NY,,,,,,,,,0205,,,10,Niagara,063,,,2,1282,,,,5700,1,New York,36,,,,0000001216,0000000151,Tract 205,S,43101867,-79055382,,2238,667,53,7,6,15,4,0,0,5
G36006300206,1990,NY,,,,,,,,,0206,,,10,Niagara,063,,,2,1282,,,,5700,1,New York,36,,,,0000000519,0000000000,Tract 206,S,43104900,-79045324,,1240,1088,80,1,3,12,17,0,0,1
G36006300207,1990,NY,,,,,,,,,0207,,,10,Niagara,063,,,2,1282,,,,5700,1,New York,36,,,,0000000605,0000000000,Tract 207,S,43104600,-79034927,,2794,252,49,2,2,29,0,2,0,0
G36006300209,1990,NY,,,,,,,,,0209,,,10,Niagara,063,,,2,1282,,,,5700,1,New York,36,,,,0000000743,0000000000,Tract 209,S,43098500,-79045449,,2475,377,89,7,7,42,0,2,0,9
G36006300210,1990,NY,,,,,,,,,0210,,,10,Niagara,063,,,2,1282,,,,5700,1,New York,36,,,,0000000796,0000000000,Tract 210,S,43098200,-79031570,,3029,110,25,1,3,41,0,3,1,9
G36006300211,1990,NY,,,,,,,,,0211,,,10,Niagara,063,,,2,1282,,,,5700,1,New York,36,,,,0000000711,0000000070,Tract 211,S,43091750,-79060134,,1479,591,102,1,0,30,10,0,4,8
G36006300212,1990,NY,,,,,,,,,0212,,,10,Niagara,063,,,2,1282,,,,5700,1,New York,36,,,,0000001696,0000000375,Tract 212,S,43084550,-79048010,,2673,987,101,11,3,30,2,0,0,19
G36006300213,1990,NY,,,,,,,,,0213,,,10,Niagara,063,,,2,1282,,,,5700,1,New York,36,,,,0000000487,0000000000,Tract 213,S,43092200,-79037199,,2411,169,87,8,2,35,12,0,0,15
G36006300214,1990,NY,,,,,,,,,0214,,,10,Niagara,063,,,2,1282,,,,5700,1,New York,36,,,,0000000624,0000000000,Tract 214,S,43090950,-79027674,,2189,83,37,0,5,14,0,0,0,2
G36006300215,1990,NY,,,,,,,,,0215,,,10,Niagara,063,,,2,1282,,,,5700,1,New York,36,,,,0000001283,0000001400,Tract 215,S,43081700,-79059487,,587,27,5,7,0,2,0,0,0,0
G36006300217,1990,NY,,,,,,,,,0217,,,10,Niagara,063,,,2,1282,,,,5700,1,New York,36,,,,0000005127,0000003038,Tract 217,S,43078307,-79021645,,3449,596,69,10,8,16,0,0,0,2
G36006300220,1990,NY,,,,,,,,,0220,,,10,Niagara,063,,,2,1282,,,,5700,1,New York,36,,,,0000002861,0000000215,Tract 220,S,43082000,-78992355,,3911,106,22,10,2,18,0,1,0,11
G36006300221,1990,NY,,,,,,,,,0221,,,10,Niagara,063,,,2,1282,,,,5700,1,New York,36,,,,0000001738,0000000000,Tract 221,S,43086650,-78980074,,2728,21,16,7,3,21,0,5,0,8
G36006300222,1990,NY,,,,,,,,,0222,,,10,Niagara,063,,,2,1282,,,,5700,1,New York,36,,,,0000002091,0000001559,Tract 222,S,43075257,-78966545,,4105,47,20,6,0,20,1,4,1,3
G36006300223,1990,NY,,,,,,,,,0223,,,10,Niagara,063,,,2,1282,,,,5700,1,New York,36,,,,0000001253,0000000000,Tract 223,S,43084750,-78968342,,2804,29,28,11,2,13,0,0,0,1
G3600630022401,1990,NY,,,,,,,,,022401,,,10,Niagara,063,,,2,1282,,,,5700,1,New York,36,,,,0000001715,0000000000,Tract 224.01,S,43083200,-78951838,,1310,29,18,4,3,12,0,0,0,0
G36006300225,1990,NY,,,,,,,,,0225,,,10,Niagara,063,,,2,1282,,,,5700,1,New York,36,,,,0000001335,0000000000,Tract 225,S,43091700,-78951453,,3234,127,15,32,0,21,0,0,0,9
G3600630022601,1990,NY,,,,,,,,,022601,,,10,Niagara,063,,,2,1282,,,,5700,1,New York,36,,,,0000008973,0000000000,Tract 226.01,S,43126088,-79000913,,2620,60,39,0,2,11,0,0,0,0
G3600630022602,1990,NY,,,,,,,,,022602,,,10,Niagara,063,,,2,1282,,,,5700,1,New York,36,,,,0000015360,0000000000,Tract 226.02,S,43105272,-78970720,,6766,187,67,40,1,61,3,0,1,22
G3600630022702,1990,NY,,,,,,,,,022702,,,10,Niagara,063,,,2,1282,,,,5700,1,New York,36,,,,0000070392,0000000683,Tract 227.02,S,43103850,-78764750,,4947,7,8,16,0,26,2,0,0,4
G3600630022711,1990,NY,,,,,,,,,022711,,,10,Niagara,063,,,2,1282,,,,5700,1,New York,36,,,,0000054222,0000000016,Tract 227.11,S,43100800,-78873816,,5834,5,24,4,0,17,0,0,0,4
G3600630022712,1990,NY,,,,,,,,,022712,,,10,Niagara,063,,,2,1282,,,,5700,1,New York,36,,,,0000018078,0000001781,Tract 227.12,S,43080500,-78910300,,5143,29,24,17,1,22,0,0,0,1
G3600630022801,1990,NY,,,,,,,,,022801,,,10,Niagara,063,,,2,1282,,,,5700,1,New York,36,,,,0000003605,0000000000,Tract 228.01,S,43058600,-78875369,,3777,3,11,4,0,4,0,0,0,5
G3600630022802,1990,NY,,,,,,,,,022802,,,10,Niagara,063,,,2,1282,,,,5700,1,New York,36,,,,0000006028,0000000012,Tract 228.02,S,43055640,-78850270,,7926,19,14,30,1,19,0,1,0,20
G36006300229,1990,NY,,,,,,,,,0229,,,10,Niagara,063,,,2,1282,,,,5700,1,New York,36,,,,0000004771,0000001123,Tract 229,S,43054733,-78893267,,5687,4,11,18,1,29,0,0,1,9
G36006300230,1990,NY,,,,,,,,,0230,,,10,Niagara,063,,,2,1282,,,,5700,1,New York,36,,,,0000001504,0000000180,Tract 230,S,43039300,-78877299,,3481,3,12,11,3,17,0,0,0,4
G36006300231,1990,NY,,,,,,,,,0231,,,10,Niagara,063,,,2,1282,,,,5700,1,New York,36,,,,0000001150,0000000056,Tract 231,S,43033500,-78873096,,2808,3,4,4,0,47,0,0,2,3
G36006300232,1990,NY,,,,,,,,,0232,,,10,Niagara,063,,,2,1282,,,,5700,1,New York,36,,,,0000001864,0000000658,Tract 232,S,43027367,-78875904,,3181,5,23,13,0,39,1,0,2,25
G36006300233,1990,NY,,,,,,,,,0233,,,10,Niagara,063,,,2,1282,,,,5700,1,New York,36,,,,0000007236,0000000143,Tract 233,S,43033467,-78842373,,7561,18,35,39,1,36,0,1,5,8
G3600630023401,1990,NY,,,,,,,,,023401,,,10,Niagara,063,,,2,1282,,,,5700,1,New York,36,,,,0000056509,0000000159,Tract 234.01,S,43189967,-78705106,,7185,291,42,29,7,39,0,0,4,29
G3600630023402,1990,NY,,,,,,,,,023402,,,10,Niagara,063,,,2,1282,,,,5700,1,New York,36,,,,0000059112,0000000050,Tract 234.02,S,43140350,-78646497,,8728,97,21,64,0,46,1,0,1,12
G36006300235,1990,NY,,,,,,,,,0235,,,10,Niagara,063,,,2,1282,,,,5700,1,New York,36,,,,0000004772,0000000142,Tract 235,S,43183550,-78688208,,2833,382,8,4,6,66,12,0,0,14
G36006300236,1990,NY,,,,,,,,,0236,,,10,Niagara,063,,,2,1282,,,,5700,1,New York,36,,,,0000008202,0000000080,Tract 236,S,43168050,-78716465,,4088,323,24,13,3,91,5,2,0,12
G36006300237,1990,NY,,,,,,,,,0237,,,10,Niagara,063,,,2,1282,,,,5700,1,New York,36,,,,0000000873,0000000054,Tract 237,S,43169200,-78691049,,2108,302,12,12,6,50,7,2,0,1
G36006300238,1990,NY,,,,,,,,,0238,,,10,Niagara,063,,,2,1282,,,,5700,1,New York,36,,,,0000001462,0000000000,Tract 238,S,43174400,-78678210,,3776,204,10,10,4,39,0,0,0,10
G36006300239,1990,NY,,,,,,,,,0239,,,10,Niagara,063,,,2,1282,,,,5700,1,New York,36,,,,0000006766,0000000045,Tract 239,S,43161200,-78683349,,9665,134,19,79,1,70,2,0,0,17
G3600630024001,1990,NY,,,,,,,,,024001,,,10,Niagara,063,,,2,1282,,,,5700,1,New York,36,,,,0000181058,0000000669,Tract 240.01,S,43145507,-78550422,,5642,44,8,9,0,10,0,1,3,8
G3600630024002,1990,NY,,,,,,,,,024002,,,10,Niagara,063,,,2,1282,,,,5700,1,New York,36,,,,0000002258,0000000000,Tract 240.02,S,43211698,-78475987,,1839,9,7,15,0,3,0,2,0,1
G3600630024101,1990,NY,,,,,,,,,024101,,,10,Niagara,063,,,2,1282,,,,5700,1,New York,36,,,,0000135217,0000000101,Tract 241.01,S,43263418,-78553275,,3697,22,4,11,1,20,4,1,0,3
G3600630024102,1990,NY,,,,,,,,,024102,,,10,Niagara,063,,,2,1282,,,,5700,1,New York,36,,,,0000096287,0000001647,Tract 241.02,S,43336617,-78546235,,2591,26,9,6,0,9,0,0,0,14
G3600630024201,1990,NY,,,,,,,,,024201,,,10,Niagara,063,,,2,1282,,,,5700,1,New York,36,,,,0000074570,0000000000,Tract 242.01,S,43253400,-78681172,,5973,38,27,9,1,17,0,3,0,4
G3600630024202,1990,NY,,,,,,,,,024202,,,10,Niagara,063,,,2,1282,,,,5700,1,New York,36,,,,0000059719,0000004214,Tract 242.02,S,43314050,-78705920,,2816,51,31,8,0,16,0,0,0,2
G3600630024301,1990,NY,,,,,,,,,024301,,,10,Niagara,063,,,2,1282,,,,5700,1,New York,36,,,,0000002129,0000000459,Tract 243.01,S,43310650,-78826949,,1298,0,1,7,0,1,0,0,0,0
G3600630024302,1990,NY,,,,,,,,,024302,,,10,Niagara,063,,,2,1282,,,,5700,1,New York,36,,,,0000126151,0000004550,Tract 243.02,S,43272600,-78813247,,4343,13,35,18,3,25,1,0,0,16
G3600630024303,1990,NY,,,,,,,,,024303,,,10,Niagara,063,,,2,1282,,,,5700,1,New York,36,,,,0000103276,0000000000,Tract 243.03,S,43170800,-78830196,,4724,11,17,8,0,16,0,0,0,3
G3600630024401,1990,NY,,,,,,,,,024401,,,10,Niagara,063,,,2,1282,,,,5700,1,New York,36,,,,0000002761,0000000288,Tract 244.01,S,43171650,-79040752,,3016,0,3,6,0,17,0,4,1,1
G3600630024402,1990,NY,,,,,,,,,024402,,,10,Niagara,063,,,2,1282,,,,5700,1,New York,36,,,,0000093601,0000009459,Tract 244.02,S,43178900,-78978368,,11987,126,79,86,5,103,1,5,1,12
G3600630024403,1990,NY,,,,,,,,,024403,,,10,Niagara,063,,,2,1282,,,,5700,1,New York,36,,,,0000024166,0000000000,Tract 244.03,S,43166450,-78957565,,462,0,310,0,0,0,0,0,0,0
G3600630024501,1990,NY,,,,,,,,,024501,,,10,Niagara,063,,,2,1282,,,,5700,1,New York,36,,,,0000008207,0000001098,Tract 245.01,S,43242900,-79042587,,2809,5,5,30,0,20,0,0,0,6
G3600630024502,1990,NY,,,,,,,,,024502,,,10,Niagara,063,,,2,1282,,,,5700,1,New York,36,,,,0000077821,0000010635,Tract 245.02,S,43256600,-78971575,,4163,10,39,2,0,20,0,0,0,1
G36006500201,1990,NY,,,,,,,,,0201,,,99,Oneida,065,,,2,8680,,,,9999,1,New York,36,,,,0000002469,0000000084,Tract 201,S,43103300,-75208096,,3,3,0,0,0,0,0,0,0,0
G3600650020201,1990,NY,,,,,,,,,020201,,,99,Oneida,065,,,2,8680,,,,9999,1,New York,36,,,,0000000343,0000000000,Tract 202.01,S,43105650,-75232347,,81,701,3,1,0,1,0,0,0,16
G3600650020202,1990,NY,,,,,,,,,020202,,,99,Oneida,065,,,2,8680,,,,9999,1,New York,36,,,,0000001559,0000000102,Tract 202.02,S,43107967,-75235331,,353,4,1,0,0,1,0,0,0,5
G36006500203,1990,NY,,,,,,,,,0203,,,99,Oneida,065,,,2,8680,,,,9999,1,New York,36,,,,0000000440,0000000000,Tract 203,S,43101350,-75235782,,729,132,3,14,1,13,4,0,0,8
G36006500204,1990,NY,,,,,,,,,0204,,,99,Oneida,065,,,2,8680,,,,9999,1,New York,36,,,,0000000406,0000000000,Tract 204,S,43098912,-75231741,,535,185,11,36,1,8,2,5,0,3
G36006500205,1990,NY,,,,,,,,,0205,,,99,Oneida,065,,,2,8680,,,,9999,1,New York,36,,,,0000000215,0000000000,Tract 205,S,43099850,-75221979,,427,98,2,41,1,38,1,0,0,0
G36006500206,1990,NY,,,,,,,,,0206,,,99,Oneida,065,,,2,8680,,,,9999,1,New York,36,,,,0000000327,0000000000,Tract 206,S,43107000,-75247654,,937,83,6,4,3,15,2,0,0,27
G3600650020701,1990,NY,,,,,,,,,020701,,,99,Oneida,065,,,2,8680,,,,9999,1,New York,36,,,,0000000746,0000000000,Tract 207.01,S,43092750,-75241941,,2183,1332,32,44,19,73,33,8,0,72
G3600650020702,1990,NY,,,,,,,,,020702,,,99,Oneida,065,,,2,8680,,,,9999,1,New York,36,,,,0000003717,0000000000,Tract 207.02,S,43080200,-75247817,,3961,171,7,54,5,87,1,0,0,4
G3600650020801,1990,NY,,,,,,,,,020801,,,99,Oneida,065,,,2,8680,,,,9999,1,New York,36,,,,0000000842,0000000000,Tract 208.01,S,43091650,-75195197,,685,9,0,1,0,10,0,0,0,6
G3600650020802,1990,NY,,,,,,,,,020802,,,99,Oneida,065,,,2,8680,,,,9999,1,New York,36,,,,0000000865,0000000000,Tract 208.02,S,43093800,-75207225,,2893,65,10,40,2,225,21,1,2,59
G3600650020803,1990,NY,,,,,,,,,020803,,,99,Oneida,065,,,2,8680,,,,9999,1,New York,36,,,,0000000650,0000000000,Tract 208.03,S,43097200,-75216309,,2210,251,10,89,2,270,13,1,7,83
G36006500209,1990,NY,,,,,,,,,0209,,,99,Oneida,065,,,2,8680,,,,9999,1,New York,36,,,,0000000670,0000000000,Tract 209,S,43102300,-75247814,,2509,152,8,28,1,35,1,0,6,29
G36006500210,1990,NY,,,,,,,,,0210,,,99,Oneida,065,,,2,8680,,,,9999,1,New York,36,,,,0000000292,0000000000,Tract 210,S,43097050,-75225932,,770,269,11,41,16,20,4,0,0,80
G3600650021101,1990,NY,,,,,,,,,021101,,,99,Oneida,065,,,2,8680,,,,9999,1,New York,36,,,,0000000357,0000000000,Tract 211.01,S,43098150,-75244521,,1274,94,5,22,3,27,0,0,0,16
G3600650021102,1990,NY,,,,,,,,,021102,,,99,Oneida,065,,,2,8680,,,,9999,1,New York,36,,,,0000000618,0000000000,Tract 211.02,S,43094050,-75253702,,2594,170,6,18,7,33,6,1,0,21
G3600650021103,1990,NY,,,,,,,,,021103,,,99,Oneida,065,,,2,8680,,,,9999,1,New York,36,,,,0000000843,0000000000,Tract 211.03,S,43088800,-75266621,,1526,106,0,9,1,24,0,0,0,1
G3600650021201,1990,NY,,,,,,,,,021201,,,99,Oneida,065,,,2,8680,,,,9999,1,New York,36,,,,0000000604,0000000000,Tract 212.01,S,43089950,-75228743,,1323,682,3,48,33,76,12,0,1,94
G3600650021202,1990,NY,,,,,,,,,021202,,,99,Oneida,065,,,2,8680,,,,9999,1,New York,36,,,,0000000494,0000000000,Tract 212.02,S,43082750,-75235946,,2398,198,3,38,10,20,1,0,1,19
G3600650021301,1990,NY,,,,,,,,,021301,,,99,Oneida,065,,,2,8680,,,,9999,1,New York,36,,,,0000003656,0000000000,Tract 213.01,S,43078200,-75203767,,2742,458,3,10,4,47,9,0,3,159
G3600650021302,1990,NY,,,,,,,,,021302,,,99,Oneida,065,,,2,8680,,,,9999,1,New York,36,,,,0000001138,0000000000,Tract 213.02,S,43087850,-75215868,,3163,65,1,25,5,27,1,0,0,31
G3600650021303,1990,NY,,,,,,,,,021303,,,99,Oneida,065,,,2,8680,,,,9999,1,New York,36,,,,0000001902,0000000000,Tract 213.03,S,43081700,-75220750,,2966,33,1,21,0,14,1,0,0,9
G3600650021401,1990,NY,,,,,,,,,021401,,,99,Oneida,065,,,2,8680,,,,9999,1,New York,36,,,,0000000816,0000000000,Tract 214.01,S,43097650,-75259791,,2576,86,1,10,4,25,0,0,1,15
G3600650021402,1990,NY,,,,,,,,,021402,,,99,Oneida,065,,,2,8680,,,,9999,1,New York,36,,,,0000000749,0000000000,Tract 214.02,S,43108550,-75261214,,1941,57,2,8,1,18,0,0,7,4
G3600650021403,1990,NY,,,,,,,,,021403,,,99,Oneida,065,,,2,8680,,,,9999,1,New York,36,,,,0000000678,0000000000,Tract 214.03,S,43100773,-75259632,,603,58,0,5,0,11,4,0,0,1
G3600650021404,1990,NY,,,,,,,,,021404,,,99,Oneida,065,,,2,8680,,,,9999,1,New York,36,,,,0000000651,0000000000,Tract 214.04,S,43098633,-75271035,,410,83,1,9,1,8,8,0,0,15
G36006500215,1990,NY,,,,,,,,,0215,,,99,Oneida,065,,,2,8680,,,,9999,1,New York,36,,,,0000000550,0000000000,Tract 215,S,43090450,-75237342,,1652,1220,15,52,19,48,10,0,0,60
G3600650021601,1990,NY,,,,,,,,,021601,,,99,Oneida,065,,,2,8680,,,,9999,1,New York,36,,,,0000007378,0000000325,Tract 216.01,S,43111767,-75191199,,5978,201,3,42,4,65,3,0,2,20
G3600650021602,1990,NY,,,,,,,,,021602,,,99,Oneida,065,,,2,8680,,,,9999,1,New York,36,,,,0000003839,0000000166,Tract 216.02,S,43118950,-75222434,,2377,41,1,7,0,9,0,0,0,1
G3600650021701,1990,NY,,,,,,,,,021701,,,99,Oneida,065,,,2,8680,,,,9999,1,New York,36,,,,0000001987,0000000000,Tract 217.01,S,43075650,-75271517,,3591,26,3,12,2,21,0,0,0,3
G3600650021702,1990,NY,,,,,,,,,021702,,,99,Oneida,065,,,2,8680,,,,9999,1,New York,36,,,,0000002543,0000000000,Tract 217.02,S,43083550,-75284233,,2804,29,10,12,1,16,0,0,0,3
G36006500218,1990,NY,,,,,,,,,0218,,,99,Oneida,065,,,2,8680,,,,9999,1,New York,36,,,,0000000677,0000000000,Tract 218,S,43211800,-75459633,,969,53,6,7,1,8,0,0,0,12
G36006500219,1990,NY,,,,,,,,,0219,,,99,Oneida,065,,,2,8680,,,,9999,1,New York,36,,,,0000002711,0000000126,Tract 219,S,43206050,-75472340,,1916,123,2,8,3,50,3,1,0,24
G36006500220,1990,NY,,,,,,,,,0220,,,99,Oneida,065,,,2,8680,,,,9999,1,New York,36,,,,0000002970,0000000000,Tract 220,S,43223450,-75476447,,3654,183,10,33,3,43,8,0,2,31
G36006500221,1990,NY,,,,,,,,,0221,,,99,Oneida,065,,,2,8680,,,,9999,1,New York,36,,,,0000002121,0000000000,Tract 221,S,43230300,-75466961,,2963,43,5,31,1,20,2,0,1,4
G36006500222,1990,NY,,,,,,,,,0222,,,99,Oneida,065,,,2,8680,,,,9999,1,New York,36,,,,0000001549,0000000000,Tract 222,S,43228467,-75449057,,2776,18,2,12,0,14,0,0,1,3
G36006500223,1990,NY,,,,,,,,,0223,,,99,Oneida,065,,,2,8680,,,,9999,1,New York,36,,,,0000000941,0000000000,Tract 223,S,43217633,-75456631,,3468,177,10,36,4,87,2,0,6,65
G36006500224,1990,NY,,,,,,,,,0224,,,99,Oneida,065,,,2,8680,,,,9999,1,New York,36,,,,0000002288,0000000000,Tract 224,S,43222550,-75439294,,3767,209,7,66,2,40,1,0,2,18
G36006500225,1990,NY,,,,,,,,,0225,,,99,Oneida,065,,,2,8680,,,,9999,1,New York,36,,,,0000004449,0000000121,Tract 225,S,43209800,-75435371,,5167,523,8,75,1,108,6,0,0,61
G36006500226,1990,NY,,,,,,,,,0226,,,99,Oneida,065,,,2,8680,,,,9999,1,New York,36,,,,0000014314,0000000000,Tract 226,S,43212117,-75408885,,3538,636,12,110,8,121,20,1,13,99
G3600650022701,1990,NY,,,,,,,,,022701,,,99,Oneida,065,,,2,8680,,,,9999,1,New York,36,,,,0000004634,0000000000,Tract 227.01,S,43238400,-75452262,,2153,52,7,51,1,18,5,4,2,7
G3600650022702,1990,NY,,,,,,,,,022702,,,99,Oneida,065,,,2,8680,,,,9999,1,New York,36,,,,0000068397,0000000492,Tract 227.02,S,43259555,-75494010,,4791,127,7,64,0,32,2,0,2,19
G36006500228,1990,NY,,,,,,,,,0228,,,99,Oneida,065,,,2,8680,,,,9999,1,New York,36,,,,0000086880,0000001189,Tract 228,S,43204323,-75520582,,3293,33,10,33,2,14,2,1,0,4
G36006500229,1990,NY,,,,,,,,,0229,,,99,Oneida,065,,,2,8680,,,,9999,1,New York,36,,,,0000002241,0000000000,Tract 229,S,43181250,-75483620,,409,944,5,5,3,238,354,9,5,119
G36006500230,1990,NY,,,,,,,,,0230,,,99,Oneida,065,,,2,8680,,,,9999,1,New York,36,,,,0000111720,0000000050,Tract 230,S,43123036,-75447663,,5622,48,4,17,0,35,3,0,4,4
G36006500231,1990,NY,,,,,,,,,0231,,,99,Oneida,065,,,2,8680,,,,9999,1,New York,36,,,,0000001998,0000000000,Tract 231,S,43155950,-75332831,,1433,9,1,2,0,3,0,0,0,2
G36006500232,1990,NY,,,,,,,,,0232,,,99,Oneida,065,,,2,8680,,,,9999,1,New York,36,,,,0000008848,0000000014,Tract 232,S,43125900,-75292756,,4798,37,5,33,4,21,0,0,1,13
G3600650023202,1990,NY,,,,,,,,,023202,,,99,Oneida,065,,,2,8680,,,,9999,1,New York,36,,,,0000008838,0000000000,Tract 232.02,S,43156233,-75150351,,163,0,0,0,0,0,0,0,0,0
G36006500233,1990,NY,,,,,,,,,0233,,,99,Oneida,065,,,2,8680,,,,9999,1,New York,36,,,,0000001711,0000000000,Tract 233,S,43111700,-75273915,,2929,6,1,11,0,19,0,0,1,5
G36006500234,1990,NY,,,,,,,,,0234,,,99,Oneida,065,,,2,8680,,,,9999,1,New York,36,,,,0000006373,0000000000,Tract 234,S,43098450,-75290325,,4825,73,10,23,0,20,4,0,0,13
G3600650023501,1990,NY,,,,,,,,,023501,,,99,Oneida,065,,,2,8680,,,,9999,1,New York,36,,,,0000003024,0000000000,Tract 235.01,S,43105786,-75307321,,2506,3,1,21,0,11,0,0,0,3
G3600650023502,1990,NY,,,,,,,,,023502,,,99,Oneida,065,,,2,8680,,,,9999,1,New York,36,,,,0000022563,0000000000,Tract 235.02,S,43122100,-75334789,,3799,9,2,10,0,22,0,0,0,2
G36006500236,1990,NY,,,,,,,,,0236,,,99,Oneida,065,,,2,8680,,,,9999,1,New York,36,,,,0000029540,0000000000,Tract 236,S,43153172,-75371413,,1068,113,0,9,1,14,2,0,0,1
G3600650023701,1990,NY,,,,,,,,,023701,,,99,Oneida,065,,,2,8680,,,,9999,1,New York,36,,,,0000081102,0000001109,Tract 237.01,S,43172315,-75264793,,5258,58,5,13,0,19,0,0,0,9
G3600650023702,1990,NY,,,,,,,,,023702,,,99,Oneida,065,,,2,8680,,,,9999,1,New York,36,,,,0000089530,0000000414,Tract 237.02,S,43249750,-75329524,,3778,14,9,18,2,31,2,0,0,2
G36006500238,1990,NY,,,,,,,,,0238,,,99,Oneida,065,,,2,8680,,,,9999,1,New York,36,,,,0000004287,0000000047,Tract 238,S,43160951,-75299324,,788,1551,7,13,16,178,457,4,3,306
G3600650023901,1990,NY,,,,,,,,,023901,,,99,Oneida,065,,,2,8680,,,,9999,1,New York,36,,,,0000006024,0000000006,Tract 239.01,S,43130450,-75200635,,2356,11,5,18,0,8,0,0,0,0
G3600650023902,1990,NY,,,,,,,,,023902,,,99,Oneida,065,,,2,8680,,,,9999,1,New York,36,,,,0000070434,0000000335,Tract 239.02,S,43181533,-75148316,,1368,9,0,0,1,3,0,0,0,0
G36006500240,1990,NY,,,,,,,,,0240,,,99,Oneida,065,,,2,8680,,,,9999,1,New York,36,,,,0000112184,0000001011,Tract 240,S,43254323,-75201566,,4642,13,2,7,1,16,0,0,0,1
G36006500241,1990,NY,,,,,,,,,0241,,,99,Oneida,065,,,2,8680,,,,9999,1,New York,36,,,,0000401951,0000008452,Tract 241,S,43422559,-75181998,,4255,20,7,7,1,7,0,2,0,2
G36006500242,1990,NY,,,,,,,,,0242,,,99,Oneida,065,,,2,8680,,,,9999,1,New York,36,,,,0000186520,0000001786,Tract 242,S,43466466,-75298760,,4215,5,5,4,0,12,0,0,0,5
G3600650024301,1990,NY,,,,,,,,,024301,,,99,Oneida,065,,,2,8680,,,,9999,1,New York,36,,,,0000009376,0000000890,Tract 243.01,S,43287850,-75476710,,3060,52,10,43,2,16,0,0,0,19
G3600650024302,1990,NY,,,,,,,,,024302,,,99,Oneida,065,,,2,8680,,,,9999,1,New York,36,,,,0000107541,0000000093,Tract 243.02,S,43331398,-75524903,,3789,58,3,17,1,14,0,0,1,5
G3600650024303,1990,NY,,,,,,,,,024303,,,99,Oneida,065,,,2,8680,,,,9999,1,New York,36,,,,0000230596,0000008714,Tract 243.03,S,43372052,-75418422,,2802,14,6,4,0,16,0,0,0,7
G36006500244,1990,NY,,,,,,,,,0244,,,99,Oneida,065,,,2,8680,,,,9999,1,New York,36,,,,0000298263,0000000944,Tract 244,S,43386452,-75678526,,3527,64,8,7,2,20,4,0,1,5
G36006500245,1990,NY,,,,,,,,,0245,,,99,Oneida,065,,,2,8680,,,,9999,1,New York,36,,,,0000139920,0000000321,Tract 245,S,43342886,-75784625,,5068,17,7,10,1,26,0,1,0,4
G36006500246,1990,NY,,,,,,,,,0246,,,99,Oneida,065,,,2,8680,,,,9999,1,New York,36,,,,0000159248,0000086310,Tract 246,S,43229999,-75777970,,5471,17,27,17,0,24,0,0,0,8
G36006500247,1990,NY,,,,,,,,,0247,,,99,Oneida,065,,,2,8680,,,,9999,1,New York,36,,,,0000179392,0000001030,Tract 247,S,43153478,-75616655,,6389,15,24,11,4,12,1,1,0,3
G36006500248,1990,NY,,,,,,,,,0248,,,99,Oneida,065,,,2,8680,,,,9999,1,New York,36,,,,0000005116,0000000000,Tract 248,S,43069960,-75600000,,2826,3,9,13,3,6,0,0,0,4
G36006500249,1990,NY,,,,,,,,,0249,,,99,Oneida,065,,,2,8680,,,,9999,1,New York,36,,,,0000098871,0000000000,Tract 249,S,43066960,-75530205,,5269,5,17,27,4,11,0,0,0,5
G3600650025001,1990,NY,,,,,,,,,025001,,,99,Oneida,065,,,2,8680,,,,9999,1,New York,36,,,,0000028951,0000000156,Tract 250.01,S,43042973,-75342602,,3219,9,0,6,0,14,0,0,1,5
G3600650025002,1990,NY,,,,,,,,,025002,,,99,Oneida,065,,,2,8680,,,,9999,1,New York,36,,,,0000022468,0000000000,Tract 250.02,S,43029700,-75373793,,3982,15,1,23,0,24,0,1,5,5
G3600650025003,1990,NY,,,,,,,,,025003,,,99,Oneida,065,,,2,8680,,,,9999,1,New York,36,,,,0000036111,0000000035,Tract 250.03,S,43025800,-75425371,,2616,70,4,74,3,52,7,0,1,16
G36006500251,1990,NY,,,,,,,,,0251,,,99,Oneida,065,,,2,8680,,,,9999,1,New York,36,,,,0000001588,0000000000,Tract 251,S,43071100,-75289635,,2083,17,1,0,0,3,0,0,0,7
G36006500252,1990,NY,,,,,,,,,0252,,,99,Oneida,065,,,2,8680,,,,9999,1,New York,36,,,,0000012573,0000000000,Tract 252,S,43081683,-75327098,,4018,13,3,35,0,3,0,0,0,0
G36006500253,1990,NY,,,,,,,,,0253,,,99,Oneida,065,,,2,8680,,,,9999,1,New York,36,,,,0000021156,0000000000,Tract 253,S,43050833,-75301635,,6873,33,11,172,0,22,0,0,3,4
G36006500254,1990,NY,,,,,,,,,0254,,,99,Oneida,065,,,2,8680,,,,9999,1,New York,36,,,,0000026810,0000000254,Tract 254,S,43045950,-75241711,,5235,23,1,120,4,35,0,1,0,6
G36006500255,1990,NY,,,,,,,,,0255,,,99,Oneida,065,,,2,8680,,,,9999,1,New York,36,,,,0000081436,0000000030,Tract 255,S,42983288,-75268332,,4369,6,5,7,0,24,1,0,1,1
G36006500256,1990,NY,,,,,,,,,0256,,,99,Oneida,065,,,2,8680,,,,9999,1,New York,36,,,,0000156775,0000000000,Tract 256,S,42969561,-75437233,,4160,18,1,5,0,6,0,0,0,5
G36006500257,1990,NY,,,,,,,,,0257,,,99,Oneida,065,,,2,8680,,,,9999,1,New York,36,,,,0000079809,0000000418,Tract 257,S,42900851,-75371822,,2432,10,1,9,0,8,0,0,0,0
G36006500258,1990,NY,,,,,,,,,0258,,,99,Oneida,065,,,2,8680,,,,9999,1,New York,36,,,,0000061777,0000000006,Tract 258,S,42907440,-75256031,,1543,17,6,11,1,11,0,0,0,2
G3600650034301,1990,NY,,,,,,,,,034301,,,99,Oneida,065,,,2,8680,,,,9999,1,New York,36,,,,0000000100,0000000000,Tract 343.01,S,43273668,-75502550,,25,0,0,0,0,0,0,0,0,0
G36006700001,1990,NY,,,,,,,,,0001,,,99,Onondaga,067,,,2,8160,,,,9999,1,New York,36,,,,0000004882,0000001264,Tract 1,S,43066450,-76175894,,255,3,3,1,0,0,0,0,0,1
G36006700002,1990,NY,,,,,,,,,0002,,,99,Onondaga,067,,,2,8160,,,,9999,1,New York,36,,,,0000001086,0000000000,Tract 2,S,43075450,-76158589,,3383,39,37,41,1,32,4,2,0,9
G36006700003,1990,NY,,,,,,,,,0003,,,99,Onondaga,067,,,2,8160,,,,9999,1,New York,36,,,,0000000553,0000000000,Tract 3,S,43082350,-76148763,,1584,12,10,6,0,8,0,0,0,5
G36006700004,1990,NY,,,,,,,,,0004,,,99,Onondaga,067,,,2,8160,,,,9999,1,New York,36,,,,0000001519,0000000000,Tract 4,S,43076550,-76139102,,3810,14,18,12,2,18,0,0,2,3
G36006700005,1990,NY,,,,,,,,,0005,,,99,Onondaga,067,,,2,8160,,,,9999,1,New York,36,,,,0000000403,0000000000,Tract 5,S,43065550,-76160003,,1294,35,27,41,4,21,0,0,0,3
G36006700006,1990,NY,,,,,,,,,0006,,,99,Onondaga,067,,,2,8160,,,,9999,1,New York,36,,,,0000000620,0000000000,Tract 6,S,43070550,-76154038,,2950,57,29,39,4,38,1,2,2,14
G36006700007,1990,NY,,,,,,,,,0007,,,99,Onondaga,067,,,2,8160,,,,9999,1,New York,36,,,,0000000321,0000000000,Tract 7,S,43068700,-76145871,,1481,22,24,22,2,13,0,0,0,5
G36006700008,1990,NY,,,,,,,,,0008,,,99,Onondaga,067,,,2,8160,,,,9999,1,New York,36,,,,0000000668,0000000000,Tract 8,S,43067900,-76140630,,2457,30,11,35,1,31,0,3,0,10
G36006700009,1990,NY,,,,,,,,,0009,,,99,Onondaga,067,,,2,8160,,,,9999,1,New York,36,,,,0000001261,0000000000,Tract 9,S,43068000,-76128419,,3518,25,6,30,0,30,2,0,0,2
G36006700010,1990,NY,,,,,,,,,0010,,,99,Onondaga,067,,,2,8160,,,,9999,1,New York,36,,,,0000001236,0000000000,Tract 10,S,43072150,-76109875,,3490,472,19,18,13,55,7,0,0,25
G36006700013,1990,NY,,,,,,,,,0013,,,99,Onondaga,067,,,2,8160,,,,9999,1,New York,36,,,,0000000286,0000000000,Tract 13,S,43060250,-76152499,,1127,70,35,92,9,9,4,0,0,5
G36006700014,1990,NY,,,,,,,,,0014,,,99,Onondaga,067,,,2,8160,,,,9999,1,New York,36,,,,0000000419,0000000000,Tract 14,S,43064033,-76149725,,2480,58,43,80,3,45,0,1,0,27
G36006700015,1990,NY,,,,,,,,,0015,,,99,Onondaga,067,,,2,8160,,,,9999,1,New York,36,,,,0000000521,0000000000,Tract 15,S,43061317,-76140965,,2269,33,48,100,1,34,0,0,2,5
G36006700016,1990,NY,,,,,,,,,0016,,,99,Onondaga,067,,,2,8160,,,,9999,1,New York,36,,,,0000000590,0000000000,Tract 16,S,43057250,-76136916,,2483,416,22,31,3,41,5,0,1,8
G3600670001701,1990,NY,,,,,,,,,001701,,,99,Onondaga,067,,,2,8160,,,,9999,1,New York,36,,,,0000000769,0000000000,Tract 17.01,S,43056900,-76127495,,2183,142,35,25,3,65,10,1,0,18
G3600670001702,1990,NY,,,,,,,,,001702,,,99,Onondaga,067,,,2,8160,,,,9999,1,New York,36,,,,0000001013,0000000000,Tract 17.02,S,43059350,-76119949,,2587,47,34,30,0,21,1,0,1,11
G36006700018,1990,NY,,,,,,,,,0018,,,99,Onondaga,067,,,2,8160,,,,9999,1,New York,36,,,,0000000883,0000000000,Tract 18,S,43062800,-76110754,,2750,38,8,15,3,28,0,1,0,1
G36006700019,1990,NY,,,,,,,,,0019,,,99,Onondaga,067,,,2,8160,,,,9999,1,New York,36,,,,0000001619,0000000000,Tract 19,S,43063150,-76097298,,4322,68,24,18,0,20,0,0,0,8
G36006700020,1990,NY,,,,,,,,,0020,,,99,Onondaga,067,,,2,8160,,,,9999,1,New York,36,,,,0000000948,0000000000,Tract 20,S,43057400,-76193882,,2372,15,37,4,0,35,0,1,0,7
G36006700021,1990,NY,,,,,,,,,0021,,,99,Onondaga,067,,,2,8160,,,,9999,1,New York,36,,,,0000000854,0000000000,Tract 21,S,43052900,-76175616,,1749,53,73,12,4,15,0,4,0,18
G36006700022,1990,NY,,,,,,,,,0022,,,99,Onondaga,067,,,2,8160,,,,9999,1,New York,36,,,,0000000731,0000000000,Tract 22,S,43052800,-76164999,,1093,78,44,41,6,19,2,8,1,6
G36006700023,1990,NY,,,,,,,,,0023,,,99,Onondaga,067,,,2,8160,,,,9999,1,New York,36,,,,0000000485,0000000000,Tract 23,S,43055550,-76148748,,1937,240,42,216,4,33,11,2,1,32
G36006700024,1990,NY,,,,,,,,,0024,,,99,Onondaga,067,,,2,8160,,,,9999,1,New York,36,,,,0000000443,0000000000,Tract 24,S,43054150,-76135750,,1536,316,75,44,4,29,12,3,0,33
G36006700027,1990,NY,,,,,,,,,0027,,,99,Onondaga,067,,,2,8160,,,,9999,1,New York,36,,,,0000000601,0000000000,Tract 27,S,43049350,-76191660,,2027,22,23,8,0,14,0,0,0,4
G36006700028,1990,NY,,,,,,,,,0028,,,99,Onondaga,067,,,2,8160,,,,9999,1,New York,36,,,,0000000496,0000000000,Tract 28,S,43045500,-76187726,,2008,10,25,4,0,7,3,0,0,1
G36006700029,1990,NY,,,,,,,,,0029,,,99,Onondaga,067,,,2,8160,,,,9999,1,New York,36,,,,0000000575,0000000000,Tract 29,S,43046250,-76177464,,1037,5,26,1,0,2,2,0,0,2
G36006700030,1990,NY,,,,,,,,,0030,,,99,Onondaga,067,,,2,8160,,,,9999,1,New York,36,,,,0000000805,0000000000,Tract 30,S,43046200,-76162984,,1260,666,72,7,25,92,26,0,0,136
G36006700031,1990,NY,,,,,,,,,0031,,,99,Onondaga,067,,,2,8160,,,,9999,1,New York,36,,,,0000000730,0000000000,Tract 31,S,43049200,-76153299,,383,83,7,4,0,7,1,0,0,2
G36006700032,1990,NY,,,,,,,,,0032,,,99,Onondaga,067,,,2,8160,,,,9999,1,New York,36,,,,0000000504,0000000000,Tract 32,S,43047900,-76146999,,647,492,8,79,4,15,17,4,1,33
G36006700033,1990,NY,,,,,,,,,0033,,,99,Onondaga,067,,,2,8160,,,,9999,1,New York,36,,,,0000000452,0000000000,Tract 33,S,43049000,-76139324,,107,726,10,53,0,1,16,4,0,3
G36006700034,1990,NY,,,,,,,,,0034,,,99,Onondaga,067,,,2,8160,,,,9999,1,New York,36,,,,0000000464,0000000000,Tract 34,S,43048100,-76131474,,743,614,11,87,2,9,5,1,0,7
G36006700035,1990,NY,,,,,,,,,0035,,,99,Onondaga,067,,,2,8160,,,,9999,1,New York,36,,,,0000001138,0000000000,Tract 35,S,43047800,-76121219,,1202,1713,30,108,25,17,24,1,4,7
G3600670003601,1990,NY,,,,,,,,,003601,,,99,Onondaga,067,,,2,8160,,,,9999,1,New York,36,,,,0000001133,0000000000,Tract 36.01,S,43049500,-76109439,,757,1901,30,19,13,6,29,0,0,9
G3600670003602,1990,NY,,,,,,,,,003602,,,99,Onondaga,067,,,2,8160,,,,9999,1,New York,36,,,,0000001715,0000000000,Tract 36.02,S,43054850,-76094259,,1009,1231,18,21,12,8,7,0,0,7
G36006700037,1990,NY,,,,,,,,,0037,,,99,Onondaga,067,,,2,8160,,,,9999,1,New York,36,,,,0000000791,0000000000,Tract 37,S,43041450,-76185093,,422,29,0,0,0,2,3,0,0,1
G36006700038,1990,NY,,,,,,,,,0038,,,99,Onondaga,067,,,2,8160,,,,9999,1,New York,36,,,,0000000767,0000000000,Tract 38,S,43036050,-76180499,,2227,185,57,11,6,61,8,2,0,60
G36006700039,1990,NY,,,,,,,,,0039,,,99,Onondaga,067,,,2,8160,,,,9999,1,New York,36,,,,0000000920,0000000000,Tract 39,S,43036950,-76166100,,3125,1589,260,30,52,222,139,20,6,399
G36006700040,1990,NY,,,,,,,,,0040,,,99,Onondaga,067,,,2,8160,,,,9999,1,New York,36,,,,0000000500,0000000000,Tract 40,S,43041950,-76162619,,1165,621,79,4,14,184,109,6,0,202
G36006700041,1990,NY,,,,,,,,,0041,,,99,Onondaga,067,,,2,8160,,,,9999,1,New York,36,,,,0000000469,0000000000,Tract 41,S,43037800,-76152472,,75,296,0,0,4,6,0,1,0,1
G36006700042,1990,NY,,,,,,,,,0042,,,99,Onondaga,067,,,2,8160,,,,9999,1,New York,36,,,,0000000400,0000000000,Tract 42,S,43039849,-76145734,,214,1469,20,14,2,38,15,0,1,18
G36006700043,1990,NY,,,,,,,,,0043,,,99,Onondaga,067,,,2,8160,,,,9999,1,New York,36,,,,0000001566,0000000000,Tract 43,S,43040050,-76136024,,9039,1129,33,378,11,173,30,4,9,92
G36006700044,1990,NY,,,,,,,,,0044,,,99,Onondaga,067,,,2,8160,,,,9999,1,New York,36,,,,0000000791,0000000000,Tract 44,S,43037100,-76126894,,1919,48,0,117,3,50,1,0,0,4
G36006700045,1990,NY,,,,,,,,,0045,,,99,Onondaga,067,,,2,8160,,,,9999,1,New York,36,,,,0000001019,0000000000,Tract 45,S,43036250,-76118801,,3563,240,22,151,8,49,14,2,1,10
G36006700046,1990,NY,,,,,,,,,0046,,,99,Onondaga,067,,,2,8160,,,,9999,1,New York,36,,,,0000003914,0000000000,Tract 46,S,43040000,-76097883,,4944,665,18,90,10,38,5,0,0,14
G36006700048,1990,NY,,,,,,,,,0048,,,99,Onondaga,067,,,2,8160,,,,9999,1,New York,36,,,,0000001220,0000000000,Tract 48,S,43029000,-76191767,,1606,25,9,10,0,9,2,0,0,2
G36006700049,1990,NY,,,,,,,,,0049,,,99,Onondaga,067,,,2,8160,,,,9999,1,New York,36,,,,0000000809,0000000047,Tract 49,S,43024400,-76179188,,1444,69,22,9,3,11,0,0,0,15
G36006700050,1990,NY,,,,,,,,,0050,,,99,Onondaga,067,,,2,8160,,,,9999,1,New York,36,,,,0000001136,0000000052,Tract 50,S,43028450,-76171274,,2845,199,8,34,8,14,2,0,0,12
G36006700051,1990,NY,,,,,,,,,0051,,,99,Onondaga,067,,,2,8160,,,,9999,1,New York,36,,,,0000000776,0000000000,Tract 51,S,43023748,-76161376,,1547,1364,62,5,2,33,13,6,7,19
G36006700052,1990,NY,,,,,,,,,0052,,,99,Onondaga,067,,,2,8160,,,,9999,1,New York,36,,,,0000000711,0000000000,Tract 52,S,43032550,-76159824,,558,2383,10,2,8,20,33,1,0,49
G36006700053,1990,NY,,,,,,,,,0053,,,99,Onondaga,067,,,2,8160,,,,9999,1,New York,36,,,,0000000719,0000000000,Tract 53,S,43031950,-76147839,,468,2211,16,20,6,15,22,1,0,35
G36006700054,1990,NY,,,,,,,,,0054,,,99,Onondaga,067,,,2,8160,,,,9999,1,New York,36,,,,0000000761,0000000000,Tract 54,S,43024333,-76145750,,558,3258,25,13,14,46,44,0,1,94
G36006700055,1990,NY,,,,,,,,,0055,,,99,Onondaga,067,,,2,8160,,,,9999,1,New York,36,,,,0000002706,0000000000,Tract 55,S,43021300,-76136199,,2958,726,28,423,8,52,9,0,6,19
G3600670005601,1990,NY,,,,,,,,,005601,,,99,Onondaga,067,,,2,8160,,,,9999,1,New York,36,,,,0000001702,0000000000,Tract 56.01,S,43023400,-76121512,,1526,84,2,34,3,11,2,0,1,1
G3600670005602,1990,NY,,,,,,,,,005602,,,99,Onondaga,067,,,2,8160,,,,9999,1,New York,36,,,,0000000928,0000000000,Tract 56.02,S,43016200,-76119107,,1595,270,5,671,0,64,9,3,0,41
G36006700057,1990,NY,,,,,,,,,0057,,,99,Onondaga,067,,,2,8160,,,,9999,1,New York,36,,,,0000001357,0000000000,Tract 57,S,43015767,-76164946,,1739,757,60,12,4,37,7,1,3,36
G36006700058,1990,NY,,,,,,,,,0058,,,99,Onondaga,067,,,2,8160,,,,9999,1,New York,36,,,,0000000857,0000000000,Tract 58,S,43020150,-76153840,,957,2018,22,8,14,22,36,0,0,21
G36006700059,1990,NY,,,,,,,,,0059,,,99,Onondaga,067,,,2,8160,,,,9999,1,New York,36,,,,0000000568,0000000000,Tract 59,S,43016450,-76143610,,815,1761,34,38,8,67,29,2,2,49
G36006700060,1990,NY,,,,,,,,,0060,,,99,Onondaga,067,,,2,8160,,,,9999,1,New York,36,,,,0000003680,0000000021,Tract 60,S,42998200,-76156684,,3373,364,86,24,3,17,12,0,0,8
G3600670006101,1990,NY,,,,,,,,,006101,,,99,Onondaga,067,,,2,8160,,,,9999,1,New York,36,,,,0000001335,0000000000,Tract 61.01,S,43006150,-76142402,,3187,923,80,27,8,48,18,1,4,27
G3600670006102,1990,NY,,,,,,,,,006102,,,99,Onondaga,067,,,2,8160,,,,9999,1,New York,36,,,,0000001706,0000000000,Tract 61.02,S,42999233,-76128799,,1870,93,7,27,2,16,0,0,0,6
G3600670006103,1990,NY,,,,,,,,,006103,,,99,Onondaga,067,,,2,8160,,,,9999,1,New York,36,,,,0000001986,0000000000,Tract 61.03,S,42993800,-76142324,,2682,47,43,7,1,12,0,2,0,0
G36006700101,1990,NY,,,,,,,,,0101,,,99,Onondaga,067,,,2,8160,,,,9999,1,New York,36,,,,0000013386,0000000011,Tract 101,S,43179616,-76033561,,1957,4,13,6,0,3,0,0,0,0
G36006700102,1990,NY,,,,,,,,,0102,,,99,Onondaga,067,,,2,8160,,,,9999,1,New York,36,,,,0000023247,0000000113,Tract 102,S,43217291,-76125827,,3994,26,14,15,1,9,4,0,0,2
G3600670010301,1990,NY,,,,,,,,,010301,,,99,Onondaga,067,,,2,8160,,,,9999,1,New York,36,,,,0000008891,0000000000,Tract 103.01,S,43162500,-76108677,,4411,73,16,37,4,47,0,0,3,7
G3600670010302,1990,NY,,,,,,,,,010302,,,99,Onondaga,067,,,2,8160,,,,9999,1,New York,36,,,,0000010173,0000000000,Tract 103.02,S,43185216,-76101669,,3709,52,21,29,2,32,0,0,0,8
G36006700104,1990,NY,,,,,,,,,0104,,,99,Onondaga,067,,,2,8160,,,,9999,1,New York,36,,,,0000058119,0000000000,Tract 104,S,43148288,-76036141,,2686,34,15,9,0,14,0,0,0,1
G36006700105,1990,NY,,,,,,,,,0105,,,99,Onondaga,067,,,2,8160,,,,9999,1,New York,36,,,,0000004563,0000000000,Tract 105,S,43145407,-76106649,,2666,39,6,19,2,11,0,0,0,0
G36006700106,1990,NY,,,,,,,,,0106,,,99,Onondaga,067,,,2,8160,,,,9999,1,New York,36,,,,0000004937,0000000000,Tract 106,S,43127800,-76105737,,3231,139,14,38,2,38,4,0,6,26
G36006700107,1990,NY,,,,,,,,,0107,,,99,Onondaga,067,,,2,8160,,,,9999,1,New York,36,,,,0000002197,0000000000,Tract 107,S,43137211,-76122976,,2030,13,4,4,0,9,0,0,0,1
G36006700108,1990,NY,,,,,,,,,0108,,,99,Onondaga,067,,,2,8160,,,,9999,1,New York,36,,,,0000002836,0000000000,Tract 108,S,43131850,-76136872,,5134,44,35,53,0,28,2,0,1,5
G36006700109,1990,NY,,,,,,,,,0109,,,99,Onondaga,067,,,2,8160,,,,9999,1,New York,36,,,,0000002339,0000000024,Tract 109,S,43125500,-76145691,,2689,14,17,4,0,7,0,0,0,0
G3600670011001,1990,NY,,,,,,,,,011001,,,99,Onondaga,067,,,2,8160,,,,9999,1,New York,36,,,,0000004869,0000000000,Tract 110.01,S,43127600,-76176116,,7588,174,17,170,3,62,3,0,6,17
G3600670011002,1990,NY,,,,,,,,,011002,,,99,Onondaga,067,,,2,8160,,,,9999,1,New York,36,,,,0000011963,0000000000,Tract 110.02,S,43150050,-76170534,,5744,115,23,80,5,48,0,0,4,8
G3600670011101,1990,NY,,,,,,,,,011101,,,99,Onondaga,067,,,2,8160,,,,9999,1,New York,36,,,,0000004504,0000000059,Tract 111.01,S,43139200,-76222811,,6646,220,26,89,3,41,2,0,2,7
G3600670011102,1990,NY,,,,,,,,,011102,,,99,Onondaga,067,,,2,8160,,,,9999,1,New York,36,,,,0000007862,0000000000,Tract 111.02,S,43132967,-76201123,,3621,333,22,64,3,34,3,0,4,35
G3600670011201,1990,NY,,,,,,,,,011201,,,99,Onondaga,067,,,2,8160,,,,9999,1,New York,36,,,,0000004753,0000000179,Tract 112.01,S,43167400,-76251395,,4817,120,31,19,2,33,1,2,0,4
G3600670011202,1990,NY,,,,,,,,,011202,,,99,Onondaga,067,,,2,8160,,,,9999,1,New York,36,,,,0000003734,0000000000,Tract 112.02,S,43175737,-76239934,,3156,171,9,85,0,33,2,0,0,9
G3600670011203,1990,NY,,,,,,,,,011203,,,99,Onondaga,067,,,2,8160,,,,9999,1,New York,36,,,,0000012420,0000000000,Tract 112.03,S,43165933,-76216560,,8169,195,29,189,8,82,1,0,5,17
G3600670011204,1990,NY,,,,,,,,,011204,,,99,Onondaga,067,,,2,8160,,,,9999,1,New York,36,,,,0000012276,0000000000,Tract 112.04,S,43170766,-76163106,,6188,281,16,75,0,40,2,0,7,25
G36006700113,1990,NY,,,,,,,,,0113,,,99,Onondaga,067,,,2,8160,,,,9999,1,New York,36,,,,0000056765,0000001782,Tract 113,S,43211950,-76204497,,2626,8,13,14,0,9,0,0,0,1
G3600670011401,1990,NY,,,,,,,,,011401,,,99,Onondaga,067,,,2,8160,,,,9999,1,New York,36,,,,0000019457,0000000411,Tract 114.01,S,43193750,-76299247,,4294,47,22,52,5,31,0,1,0,3
G3600670011402,1990,NY,,,,,,,,,011402,,,99,Onondaga,067,,,2,8160,,,,9999,1,New York,36,,,,0000107848,0000005323,Tract 114.02,S,43181156,-76409924,,3946,18,8,6,0,20,1,0,0,2
G36006700115,1990,NY,,,,,,,,,0115,,,99,Onondaga,067,,,2,8160,,,,9999,1,New York,36,,,,0000024104,0000000826,Tract 115,S,43146850,-76279184,,2862,9,15,7,1,6,0,0,0,5
G36006700116,1990,NY,,,,,,,,,0116,,,99,Onondaga,067,,,2,8160,,,,9999,1,New York,36,,,,0000008966,0000000439,Tract 116,S,43165067,-76339364,,4895,32,12,18,4,19,0,0,0,5
G36006700117,1990,NY,,,,,,,,,0117,,,99,Onondaga,067,,,2,8160,,,,9999,1,New York,36,,,,0000006199,0000000332,Tract 117,S,43150596,-76342558,,2803,10,17,9,3,23,0,0,1,0
G36006700118,1990,NY,,,,,,,,,0118,,,99,Onondaga,067,,,2,8160,,,,9999,1,New York,36,,,,0000011543,0000000216,Tract 118,S,43123283,-76296138,,6790,119,45,28,1,56,2,0,6,6
G36006700119,1990,NY,,,,,,,,,0119,,,99,Onondaga,067,,,2,8160,,,,9999,1,New York,36,,,,0000074372,0000000884,Tract 119,S,43115979,-76368184,,3393,15,4,10,2,21,2,0,1,0
G36006700120,1990,NY,,,,,,,,,0120,,,99,Onondaga,067,,,2,8160,,,,9999,1,New York,36,,,,0000097319,0000001846,Tract 120,S,43055059,-76435831,,6097,4,19,20,2,33,2,0,0,15
G36006700121,1990,NY,,,,,,,,,0121,,,99,Onondaga,067,,,2,8160,,,,9999,1,New York,36,,,,0000055632,0000000000,Tract 121,S,43059546,-76328561,,2235,10,7,9,3,19,0,0,0,13
G36006700122,1990,NY,,,,,,,,,0122,,,99,Onondaga,067,,,2,8160,,,,9999,1,New York,36,,,,0000001005,0000000000,Tract 122,S,43038779,-76310001,,1197,7,8,1,0,9,0,0,0,0
G36006700123,1990,NY,,,,,,,,,0123,,,99,Onondaga,067,,,2,8160,,,,9999,1,New York,36,,,,0000009746,0000000000,Tract 123,S,43021867,-76301369,,3294,18,2,38,2,37,0,0,0,1
G36006700124,1990,NY,,,,,,,,,0124,,,99,Onondaga,067,,,2,8160,,,,9999,1,New York,36,,,,0000006134,0000000000,Tract 124,S,43050033,-76280569,,4542,12,15,43,0,32,0,0,0,3
G36006700125,1990,NY,,,,,,,,,0125,,,99,Onondaga,067,,,2,8160,,,,9999,1,New York,36,,,,0000001994,0000000000,Tract 125,S,43049200,-76255975,,4081,50,26,41,0,17,0,0,0,7
G36006700126,1990,NY,,,,,,,,,0126,,,99,Onondaga,067,,,2,8160,,,,9999,1,New York,36,,,,0000005667,0000000000,Tract 126,S,43035933,-76251208,,5997,19,17,34,2,36,0,0,0,1
G36006700127,1990,NY,,,,,,,,,0127,,,99,Onondaga,067,,,2,8160,,,,9999,1,New York,36,,,,0000009090,0000000000,Tract 127,S,43060932,-76257267,,1695,3,8,9,0,28,0,1,0,1
G36006700128,1990,NY,,,,,,,,,0128,,,99,Onondaga,067,,,2,8160,,,,9999,1,New York,36,,,,0000013422,0000007651,Tract 128,S,43089242,-76235698,,3126,6,9,9,0,22,0,0,0,4
G36006700129,1990,NY,,,,,,,,,0129,,,99,Onondaga,067,,,2,8160,,,,9999,1,New York,36,,,,0000001866,0000000000,Tract 129,S,43062317,-76216330,,2491,8,20,3,0,48,1,0,0,4
G36006700130,1990,NY,,,,,,,,,0130,,,99,Onondaga,067,,,2,8160,,,,9999,1,New York,36,,,,0000002391,0000000000,Tract 130,S,43053050,-76209236,,4006,6,13,11,3,60,0,1,1,8
G36006700131,1990,NY,,,,,,,,,0131,,,99,Onondaga,067,,,2,8160,,,,9999,1,New York,36,,,,0000003623,0000000006,Tract 131,S,43043250,-76221197,,4616,8,13,23,2,40,0,0,0,5
G36006700132,1990,NY,,,,,,,,,0132,,,99,Onondaga,067,,,2,8160,,,,9999,1,New York,36,,,,0000002821,0000000042,Tract 132,S,43039000,-76201882,,3061,11,9,27,0,17,0,0,0,1
G36006700133,1990,NY,,,,,,,,,0133,,,99,Onondaga,067,,,2,8160,,,,9999,1,New York,36,,,,0000001958,0000000000,Tract 133,S,43105900,-76209916,,2562,27,8,12,2,8,0,0,0,5
G36006700134,1990,NY,,,,,,,,,0134,,,99,Onondaga,067,,,2,8160,,,,9999,1,New York,36,,,,0000006368,0000001123,Tract 134,S,43120336,-76228964,,5998,112,10,121,3,41,1,0,1,11
G36006700135,1990,NY,,,,,,,,,0135,,,99,Onondaga,067,,,2,8160,,,,9999,1,New York,36,,,,0000005183,0000000000,Tract 135,S,43107933,-76179032,,4152,52,13,40,4,30,0,0,7,5
G36006700136,1990,NY,,,,,,,,,0136,,,99,Onondaga,067,,,2,8160,,,,9999,1,New York,36,,,,0000002691,0000000000,Tract 136,S,43100033,-76192493,,3825,80,18,41,0,25,1,0,4,11
G36006700137,1990,NY,,,,,,,,,0137,,,99,Onondaga,067,,,2,8160,,,,9999,1,New York,36,,,,0000002292,0000002291,Tract 137,S,43087900,-76189049,,3365,34,13,40,1,10,0,0,0,3
G36006700138,1990,NY,,,,,,,,,0138,,,99,Onondaga,067,,,2,8160,,,,9999,1,New York,36,,,,0000002785,0000000000,Tract 138,S,43111400,-76153723,,2141,11,10,10,5,14,0,0,0,1
G36006700139,1990,NY,,,,,,,,,0139,,,99,Onondaga,067,,,2,8160,,,,9999,1,New York,36,,,,0000004573,0000000000,Tract 139,S,43110500,-76132447,,2890,36,18,11,0,25,0,0,0,4
G36006700140,1990,NY,,,,,,,,,0140,,,99,Onondaga,067,,,2,8160,,,,9999,1,New York,36,,,,0000003132,0000000000,Tract 140,S,43097150,-76143376,,3838,30,14,13,1,36,1,0,1,0
G36006700141,1990,NY,,,,,,,,,0141,,,99,Onondaga,067,,,2,8160,,,,9999,1,New York,36,,,,0000004232,0000000000,Tract 141,S,43086600,-76149493,,1290,9,14,17,0,10,0,1,0,0
G36006700142,1990,NY,,,,,,,,,0142,,,99,Onondaga,067,,,2,8160,,,,9999,1,New York,36,,,,0000002494,0000000000,Tract 142,S,43082050,-76129299,,3892,59,8,8,0,27,1,0,0,3
G36006700143,1990,NY,,,,,,,,,0143,,,99,Onondaga,067,,,2,8160,,,,9999,1,New York,36,,,,0000004143,0000000000,Tract 143,S,43063600,-76070699,,3260,17,27,14,0,15,1,0,0,9
G36006700144,1990,NY,,,,,,,,,0144,,,99,Onondaga,067,,,2,8160,,,,9999,1,New York,36,,,,0000017211,0000000000,Tract 144,S,43094750,-76095870,,2694,41,10,2,1,14,0,0,0,0
G36006700145,1990,NY,,,,,,,,,0145,,,99,Onondaga,067,,,2,8160,,,,9999,1,New York,36,,,,0000017043,0000000000,Tract 145,S,43097168,-76062744,,4115,42,16,70,0,22,1,0,1,6
G36006700146,1990,NY,,,,,,,,,0146,,,99,Onondaga,067,,,2,8160,,,,9999,1,New York,36,,,,0000009487,0000000080,Tract 146,S,43048500,-76063434,,4780,628,11,137,7,46,10,0,1,34
G36006700147,1990,NY,,,,,,,,,0147,,,99,Onondaga,067,,,2,8160,,,,9999,1,New York,36,,,,0000012086,0000000000,Tract 147,S,43024853,-76089261,,4498,108,1,258,9,25,1,0,3,3
G36006700148,1990,NY,,,,,,,,,0148,,,99,Onondaga,067,,,2,8160,,,,9999,1,New York,36,,,,0000016686,0000000032,Tract 148,S,43015100,-76048605,,2701,32,0,106,3,16,1,0,4,10
G36006700149,1990,NY,,,,,,,,,0149,,,99,Onondaga,067,,,2,8160,,,,9999,1,New York,36,,,,0000011058,0000000027,Tract 149,S,42990300,-76079274,,1294,11,7,19,3,3,0,0,0,0
G36006700150,1990,NY,,,,,,,,,0150,,,99,Onondaga,067,,,2,8160,,,,9999,1,New York,36,,,,0000014889,0000000347,Tract 150,S,43036200,-75992271,,3947,12,9,68,4,28,0,0,0,4
G36006700151,1990,NY,,,,,,,,,0151,,,99,Onondaga,067,,,2,8160,,,,9999,1,New York,36,,,,0000008043,0000000000,Tract 151,S,43016700,-76000447,,5847,37,13,69,0,42,0,0,0,3
G3600670015201,1990,NY,,,,,,,,,015201,,,99,Onondaga,067,,,2,8160,,,,9999,1,New York,36,,,,0000007618,0000000073,Tract 152.01,S,43000667,-76005763,,3032,21,2,90,4,37,3,0,4,3
G3600670015202,1990,NY,,,,,,,,,015202,,,99,Onondaga,067,,,2,8160,,,,9999,1,New York,36,,,,0000008708,0000000000,Tract 152.02,S,43004083,-75956759,,3431,44,2,127,0,33,1,0,1,5
G3600670015203,1990,NY,,,,,,,,,015203,,,99,Onondaga,067,,,2,8160,,,,9999,1,New York,36,,,,0000005397,0000000017,Tract 152.03,S,42993000,-75986213,,2031,14,2,53,0,11,0,0,0,0
G36006700153,1990,NY,,,,,,,,,0153,,,99,Onondaga,067,,,2,8160,,,,9999,1,New York,36,,,,0000031940,0000000131,Tract 153,S,43038300,-75937486,,1114,5,3,42,0,0,0,0,0,0
G36006700154,1990,NY,,,,,,,,,0154,,,99,Onondaga,067,,,2,8160,,,,9999,1,New York,36,,,,0000013812,0000000000,Tract 154,S,43077050,-76016049,,5994,20,17,82,2,17,0,1,0,4
G36006700155,1990,NY,,,,,,,,,0155,,,99,Onondaga,067,,,2,8160,,,,9999,1,New York,36,,,,0000004945,0000000000,Tract 155,S,43051938,-76022680,,1890,25,10,42,1,7,0,2,0,2
G36006700156,1990,NY,,,,,,,,,0156,,,99,Onondaga,067,,,2,8160,,,,9999,1,New York,36,,,,0000033165,0000000324,Tract 156,S,43093283,-75988120,,2330,1,4,1,0,6,0,0,0,0
G36006700157,1990,NY,,,,,,,,,0157,,,99,Onondaga,067,,,2,8160,,,,9999,1,New York,36,,,,0000171991,0000000154,Tract 157,S,42921552,-75987086,,5232,16,7,47,1,13,0,0,1,0
G36006700158,1990,NY,,,,,,,,,0158,,,99,Onondaga,067,,,2,8160,,,,9999,1,New York,36,,,,0000101652,0000000904,Tract 158,S,42912299,-76106459,,4907,42,98,29,0,15,5,1,1,7
G36006700159,1990,NY,,,,,,,,,0159,,,99,Onondaga,067,,,2,8160,,,,9999,1,New York,36,,,,0000023953,0000000141,Tract 159,S,42943248,-76160806,,759,3,2,7,0,0,0,0,0,0
G3600670016001,1990,NY,,,,,,,,,016001,,,99,Onondaga,067,,,2,8160,,,,9999,1,New York,36,,,,0000080083,0000000082,Tract 160.01,S,42945125,-76232672,,3192,11,7,10,0,11,1,0,0,2
G3600670016002,1990,NY,,,,,,,,,016002,,,99,Onondaga,067,,,2,8160,,,,9999,1,New York,36,,,,0000017923,0000000101,Tract 160.02,S,43008016,-76260405,,2465,3,2,32,0,4,0,0,0,2
G36006700161,1990,NY,,,,,,,,,0161,,,99,Onondaga,067,,,2,8160,,,,9999,1,New York,36,,,,0000015091,0000000061,Tract 161,S,42976600,-76122029,,1196,18,19,11,4,3,0,0,3,5
G36006700162,1990,NY,,,,,,,,,0162,,,99,Onondaga,067,,,2,8160,,,,9999,1,New York,36,,,,0000005636,0000000000,Tract 162,S,42977272,-76151353,,2159,124,91,8,3,10,0,0,0,0
G36006700163,1990,NY,,,,,,,,,0163,,,99,Onondaga,067,,,2,8160,,,,9999,1,New York,36,,,,0000018204,0000000000,Tract 163,S,43002833,-76193949,,5324,86,14,79,2,30,0,0,3,7
G36006700164,1990,NY,,,,,,,,,0164,,,99,Onondaga,067,,,2,8160,,,,9999,1,New York,36,,,,0000012555,0000000000,Tract 164,S,43025867,-76224250,,3388,26,18,8,0,11,0,0,0,4
G3600670016501,1990,NY,,,,,,,,,016501,,,99,Onondaga,067,,,2,8160,,,,9999,1,New York,36,,,,0000054990,0000000342,Tract 165.01,S,42931426,-76316538,,1880,0,5,4,0,4,0,0,0,1
G3600670016502,1990,NY,,,,,,,,,016502,,,99,Onondaga,067,,,2,8160,,,,9999,1,New York,36,,,,0000029320,0000000000,Tract 165.02,S,42990989,-76337223,,4508,11,9,16,3,19,0,0,0,5
G36006700166,1990,NY,,,,,,,,,0166,,,99,Onondaga,067,,,2,8160,,,,9999,1,New York,36,,,,0000052999,0000000023,Tract 166,S,42978859,-76412904,,4824,15,3,20,0,24,1,0,0,3
G36006700167,1990,NY,,,,,,,,,0167,,,99,Onondaga,067,,,2,8160,,,,9999,1,New York,36,,,,0000057482,0000015772,Tract 167,S,42897756,-76416292,,2610,1,1,12,0,10,0,0,2,0
G3600670016801,1990,NY,,,,,,,,,016801,,,99,Onondaga,067,,,2,8160,,,,9999,1,New York,36,,,,0000085035,0000016588,Tract 168.01,S,42837946,-76301592,,1652,4,5,9,0,1,0,0,0,4
G3600670016802,1990,NY,,,,,,,,,016802,,,99,Onondaga,067,,,2,8160,,,,9999,1,New York,36,,,,0000076746,0000003989,Tract 168.02,S,42862198,-76228234,,2239,1,4,9,0,1,0,0,0,1
G3600670016901,1990,NY,,,,,,,,,016901,,,99,Onondaga,067,,,2,8160,,,,9999,1,New York,36,,,,0000066989,0000001071,Tract 169.01,S,42818753,-76140251,,2333,7,12,4,3,12,0,0,0,7
G3600670016902,1990,NY,,,,,,,,,016902,,,99,Onondaga,067,,,2,8160,,,,9999,1,New York,36,,,,0000120606,0000000604,Tract 169.02,S,42823908,-75993490,,1751,0,0,4,0,4,0,0,0,1
G36006900501,1990,NY,,,,,,,,,0501,,,99,Ontario,069,,,2,6840,,,,9999,1,New York,36,,,,0000093088,0000000020,Tract 501,S,42988020,-77431827,,7040,46,12,36,0,46,3,0,2,6
G3600690050201,1990,NY,,,,,,,,,050201,,,99,Ontario,069,,,2,6840,,,,9999,1,New York,36,,,,0000087981,0000000000,Tract 502.01,S,42992787,-77300760,,5101,25,28,46,0,24,0,0,0,8
G3600690050202,1990,NY,,,,,,,,,050202,,,99,Ontario,069,,,2,6840,,,,9999,1,New York,36,,,,0000014199,0000000000,Tract 502.02,S,42955997,-77342257,,4939,73,8,53,2,52,9,0,2,11
G36006900503,1990,NY,,,,,,,,,0503,,,99,Ontario,069,,,2,6840,,,,9999,1,New York,36,,,,0000097868,0000000072,Tract 503,S,42987447,-77194487,,9216,28,36,21,0,38,1,1,0,10
G36006900504,1990,NY,,,,,,,,,0504,,,99,Ontario,069,,,2,6840,,,,9999,1,New York,36,,,,0000168302,0000000733,Tract 504,S,42957181,-77048474,,6647,32,8,27,1,23,0,0,0,11
G36006900505,1990,NY,,,,,,,,,0505,,,99,Ontario,069,,,2,6840,,,,9999,1,New York,36,,,,0000152077,0000000452,Tract 505,S,42899696,-77472661,,5618,28,28,16,7,81,10,0,0,6
G36006900506,1990,NY,,,,,,,,,0506,,,99,Ontario,069,,,2,6840,,,,9999,1,New York,36,,,,0000146819,0000014647,Tract 506,S,42860794,-77315400,,6335,20,4,25,0,46,0,5,3,10
G36006900507,1990,NY,,,,,,,,,0507,,,99,Ontario,069,,,2,6840,,,,9999,1,New York,36,,,,0000000494,0000000000,Tract 507,S,42905754,-77270737,,644,28,1,7,0,3,0,0,0,0
G36006900508,1990,NY,,,,,,,,,0508,,,99,Ontario,069,,,2,6840,,,,9999,1,New York,36,,,,0000003042,0000000000,Tract 508,S,42891947,-77296436,,2876,22,8,9,3,15,0,0,0,7
G36006900509,1990,NY,,,,,,,,,0509,,,99,Ontario,069,,,2,6840,,,,9999,1,New York,36,,,,0000002732,0000000000,Tract 509,S,42899852,-77278289,,2124,6,7,12,0,13,4,0,0,0
G36006900510,1990,NY,,,,,,,,,0510,,,99,Ontario,069,,,2,6840,,,,9999,1,New York,36,,,,0000002456,0000000153,Tract 510,S,42878951,-77284641,,2924,20,4,6,0,21,4,0,0,0
G36006900511,1990,NY,,,,,,,,,0511,,,99,Ontario,069,,,2,6840,,,,9999,1,New York,36,,,,0000003625,0000000453,Tract 511,S,42884457,-77267934,,2587,43,8,10,1,16,1,0,0,3
G36006900512,1990,NY,,,,,,,,,0512,,,99,Ontario,069,,,2,6840,,,,9999,1,New York,36,,,,0000092305,0000000061,Tract 512,S,42893444,-77196362,,2978,20,1,3,0,14,0,0,0,0
G36006900513,1990,NY,,,,,,,,,0513,,,99,Ontario,069,,,2,6840,,,,9999,1,New York,36,,,,0000126664,0000011154,Tract 513,S,42802412,-77209172,,3441,9,9,9,1,17,5,0,0,6
G36006900514,1990,NY,,,,,,,,,0514,,,99,Ontario,069,,,2,6840,,,,9999,1,New York,36,,,,0000130655,0000000000,Tract 514,S,42836743,-77075761,,2718,15,0,8,0,6,0,0,0,0
G36006900515,1990,NY,,,,,,,,,0515,,,99,Ontario,069,,,2,6840,,,,9999,1,New York,36,,,,0000049464,0000000025,Tract 515,S,42829772,-76999892,,2875,49,1,13,0,14,2,0,0,0
G36006900516,1990,NY,,,,,,,,,0516,,,99,Ontario,069,,,2,6840,,,,9999,1,New York,36,,,,0000002764,0000000000,Tract 516,S,42871376,-76998933,,4120,177,7,65,0,45,13,1,1,33
G36006900517,1990,NY,,,,,,,,,0517,,,99,Ontario,069,,,2,6840,,,,9999,1,New York,36,,,,0000002667,0000000000,Tract 517,S,42880537,-76979620,,1463,436,2,2,11,34,19,3,1,123
G36006900518,1990,NY,,,,,,,,,0518,,,99,Ontario,069,,,2,6840,,,,9999,1,New York,36,,,,0000001549,0000000000,Tract 518,S,42872520,-76976583,,2183,314,7,16,4,151,46,0,0,80
G36006900519,1990,NY,,,,,,,,,0519,,,99,Ontario,069,,,2,6840,,,,9999,1,New York,36,,,,0000003991,0000000011,Tract 519,S,42854081,-76987299,,4456,178,7,62,3,64,5,0,0,24
G36006900520,1990,NY,,,,,,,,,0520,,,99,Ontario,069,,,2,6840,,,,9999,1,New York,36,,,,0000187668,0000011165,Tract 520,S,42756409,-77535970,,5039,10,14,11,2,8,0,1,0,2
G36006900521,1990,NY,,,,,,,,,0521,,,99,Ontario,069,,,2,6840,,,,9999,1,New York,36,,,,0000196314,0000007802,Tract 521,S,42768931,-77417236,,3675,5,8,19,1,24,0,1,0,1
G36006900522,1990,NY,,,,,,,,,0522,,,99,Ontario,069,,,2,6840,,,,9999,1,New York,36,,,,0000102295,0000000000,Tract 522,S,42618854,-77427847,,2497,12,8,15,0,22,0,0,0,5
G36007100001,1990,NY,,,,,,,,,0001,,,70,Orange,071,,,2,5602,,,,5950,1,New York,36,,,,0000001737,0000000265,Tract 1,S,41515800,-74016286,,2276,715,3,18,4,102,23,0,0,94
G36007100002,1990,NY,,,,,,,,,0002,,,70,Orange,071,,,2,5602,,,,5950,1,New York,36,,,,0000001771,0000000000,Tract 2,S,41510500,-74034875,,1675,151,0,24,2,77,8,0,0,75
G36007100003,1990,NY,,,,,,,,,0003,,,70,Orange,071,,,2,5602,,,,5950,1,New York,36,,,,0000001549,0000000000,Tract 3,S,41506200,-74024465,,2796,1220,10,38,11,450,30,13,7,980
G36007100004,1990,NY,,,,,,,,,0004,,,70,Orange,071,,,2,5602,,,,5950,1,New York,36,,,,0000001118,0000001177,Tract 4,S,41504950,-74005874,,845,3751,17,10,14,304,81,7,1,649
G36007100005,1990,NY,,,,,,,,,0005,,,70,Orange,071,,,2,5602,,,,5950,1,New York,36,,,,0000001498,0000000968,Tract 5,S,41492500,-74010978,,1902,2339,12,9,26,1166,151,15,1,1395
G36007100006,1990,NY,,,,,,,,,0006,,,70,Orange,071,,,2,5602,,,,5950,1,New York,36,,,,0000002546,0000000072,Tract 6,S,41499533,-74035919,,1869,722,11,23,7,267,39,3,5,211
G36007100011,1990,NY,,,,,,,,,0011,,,70,Orange,071,,,2,5602,,,,5950,1,New York,36,,,,0000001221,0000000000,Tract 11,S,41451972,-74406852,,3246,212,26,34,4,284,27,7,1,143
G36007100012,1990,NY,,,,,,,,,0012,,,70,Orange,071,,,2,5602,,,,5950,1,New York,36,,,,0000001184,0000000000,Tract 12,S,41460164,-74410689,,1250,442,23,13,1,347,60,9,0,301
G36007100013,1990,NY,,,,,,,,,0013,,,70,Orange,071,,,2,5602,,,,5950,1,New York,36,,,,0000002161,0000000033,Tract 13,S,41457843,-74423762,,2559,79,4,103,7,60,7,0,0,34
G36007100014,1990,NY,,,,,,,,,0014,,,70,Orange,071,,,2,5602,,,,5950,1,New York,36,,,,0000001994,0000000000,Tract 14,S,41449459,-74429326,,4052,803,26,33,3,481,104,0,1,261
G36007100015,1990,NY,,,,,,,,,0015,,,70,Orange,071,,,2,5602,,,,5950,1,New York,36,,,,0000003054,0000000000,Tract 15,S,41435340,-74416479,,3042,574,24,61,6,355,61,1,2,292
G36007100016,1990,NY,,,,,,,,,0016,,,70,Orange,071,,,2,5602,,,,5950,1,New York,36,,,,0000003724,0000000020,Tract 16,S,41433822,-74435254,,3427,221,5,63,0,257,5,0,1,57
G36007100017,1990,NY,,,,,,,,,0017,,,70,Orange,071,,,2,5602,,,,5950,1,New York,36,,,,0000000941,0000000000,Tract 17,S,41451278,-74441387,,685,179,1,30,2,8,2,0,1,78
G36007100021,1990,NY,,,,,,,,,0021,,,70,Orange,071,,,2,5602,,,,5950,1,New York,36,,,,0000003300,0000000003,Tract 21,S,41385799,-74689601,,3320,56,14,25,0,81,2,2,3,14
G36007100022,1990,NY,,,,,,,,,0022,,,70,Orange,071,,,2,5602,,,,5950,1,New York,36,,,,0000001439,0000000048,Tract 22,S,41372313,-74686957,,2820,75,6,22,6,114,5,4,0,40
G36007100023,1990,NY,,,,,,,,,0023,,,70,Orange,071,,,2,5602,,,,5950,1,New York,36,,,,0000001804,0000000409,Tract 23,S,41373628,-74697215,,2259,62,7,3,2,80,3,0,0,35
G36007100101,1990,NY,,,,,,,,,0101,,,70,Orange,071,,,2,5602,,,,5950,1,New York,36,,,,0000059307,0000003087,Tract 101,S,41577103,-74060301,,5725,161,6,65,3,227,13,1,1,96
G36007100102,1990,NY,,,,,,,,,0102,,,70,Orange,071,,,2,5602,,,,5950,1,New York,36,,,,0000011779,0000003733,Tract 102,S,41544300,-74007590,,3636,80,3,103,9,104,3,1,5,54
G3600710010299,1990,NY,,,,,,,,,010299,,,70,Orange,071,,,2,5602,,,,5950,1,New York,36,,,,0000000000,0000000000,Tract 102.99,S,41555463,-73987566,,22,1,0,0,0,0,0,0,0,0
G36007100103,1990,NY,,,,,,,,,0103,,,70,Orange,071,,,2,5602,,,,5950,1,New York,36,,,,0000010082,0000000000,Tract 103,S,41540015,-74056879,,2881,136,6,42,0,142,7,0,3,54
G36007100104,1990,NY,,,,,,,,,0104,,,70,Orange,071,,,2,5602,,,,5950,1,New York,36,,,,0000009523,0000000094,Tract 104,S,41511567,-74061064,,3184,137,3,24,0,162,7,2,4,53
G36007100105,1990,NY,,,,,,,,,0105,,,70,Orange,071,,,2,5602,,,,5950,1,New York,36,,,,0000017083,0000001650,Tract 105,S,41530200,-74100723,,5757,441,11,116,2,285,26,2,0,49
G36007100106,1990,NY,,,,,,,,,0106,,,70,Orange,071,,,2,5602,,,,5950,1,New York,36,,,,0000084309,0000000969,Tract 106,S,41552175,-74208469,,5240,64,18,27,1,84,1,6,0,38
G36007100107,1990,NY,,,,,,,,,0107,,,70,Orange,071,,,2,5602,,,,5950,1,New York,36,,,,0000005119,0000000197,Tract 107,S,41559749,-74188625,,5469,64,14,49,2,180,1,0,0,57
G36007100108,1990,NY,,,,,,,,,0108,,,70,Orange,071,,,2,5602,,,,5950,1,New York,36,,,,0000033024,0000000378,Tract 108,S,41521783,-74214305,,6638,220,5,32,4,222,11,1,1,54
G36007100109,1990,NY,,,,,,,,,0109,,,70,Orange,071,,,2,5602,,,,5950,1,New York,36,,,,0000103887,0000000094,Tract 109,S,41572656,-74313524,,6099,70,3,28,2,150,7,0,4,31
G36007100110,1990,NY,,,,,,,,,0110,,,70,Orange,071,,,2,5602,,,,5950,1,New York,36,,,,0000081398,0000000307,Tract 110,S,41495655,-74357207,,3703,89,7,32,1,129,16,0,0,45
G36007100111,1990,NY,,,,,,,,,0111,,,70,Orange,071,,,2,5602,,,,5950,1,New York,36,,,,0000008886,0000000000,Tract 111,S,41479817,-74371054,,5371,449,22,154,10,363,9,3,2,156
G36007100112,1990,NY,,,,,,,,,0112,,,70,Orange,071,,,2,5602,,,,5950,1,New York,36,,,,0000009831,0000000082,Tract 112,S,41441835,-74385754,,2566,145,13,58,1,155,11,0,0,82
G36007100113,1990,NY,,,,,,,,,0113,,,70,Orange,071,,,2,5602,,,,5950,1,New York,36,,,,0000007725,0000000182,Tract 113,S,41465384,-74401174,,4315,432,18,135,23,348,51,0,6,223
G36007100114,1990,NY,,,,,,,,,0114,,,70,Orange,071,,,2,5602,,,,5950,1,New York,36,,,,0000051792,0000000912,Tract 114,S,41479109,-74453758,,3333,56,3,13,1,108,6,0,1,25
G36007100115,1990,NY,,,,,,,,,0115,,,70,Orange,071,,,2,5602,,,,5950,1,New York,36,,,,0000065259,0000000800,Tract 115,S,41460653,-74526771,,4366,758,11,51,5,510,191,7,3,69
G36007100116,1990,NY,,,,,,,,,0116,,,70,Orange,071,,,2,5602,,,,5950,1,New York,36,,,,0000172060,0000003747,Tract 116,S,41446405,-74673448,,7349,154,18,35,3,200,15,0,0,58
G36007100117,1990,NY,,,,,,,,,0117,,,70,Orange,071,,,2,5602,,,,5950,1,New York,36,,,,0000138202,0000000902,Tract 117,S,41354081,-74574496,,5805,59,9,40,2,149,7,1,0,29
G36007100118,1990,NY,,,,,,,,,0118,,,70,Orange,071,,,2,5602,,,,5950,1,New York,36,,,,0000091073,0000000141,Tract 118,S,41383933,-74456773,,5193,87,9,66,1,116,1,3,3,39
G36007100119,1990,NY,,,,,,,,,0119,,,70,Orange,071,,,2,5602,,,,5950,1,New York,36,,,,0000089936,0000000276,Tract 119,S,41383496,-74362970,,3788,309,4,45,7,175,11,1,0,23
G36007100121,1990,NY,,,,,,,,,0121,,,70,Orange,071,,,2,5602,,,,5950,1,New York,36,,,,0000010593,0000000033,Tract 121,S,41382006,-74322977,,3273,419,24,43,7,133,30,5,2,65
G36007100122,1990,NY,,,,,,,,,0122,,,70,Orange,071,,,2,5602,,,,5950,1,New York,36,,,,0000013381,0000000000,Tract 122,S,41393238,-74302224,,2962,52,3,39,3,52,4,0,0,15
G36007100123,1990,NY,,,,,,,,,0123,,,70,Orange,071,,,2,5602,,,,5950,1,New York,36,,,,0000067997,0000000471,Tract 123,S,41450428,-74253005,,3651,71,24,40,1,87,8,0,0,26
G36007100124,1990,NY,,,,,,,,,0124,,,70,Orange,071,,,2,5602,,,,5950,1,New York,36,,,,0000045129,0000000195,Tract 124,S,41491369,-74155915,,1632,396,5,75,1,83,8,0,6,38
G36007100125,1990,NY,,,,,,,,,0125,,,70,Orange,071,,,2,5602,,,,5950,1,New York,36,,,,0000037159,0000001015,Tract 125,S,41461520,-74127819,,5127,166,12,33,3,125,2,0,5,39
G36007100126,1990,NY,,,,,,,,,0126,,,70,Orange,071,,,2,5602,,,,5950,1,New York,36,,,,0000011417,0000000666,Tract 126,S,41478083,-74057234,,5302,301,10,99,10,271,9,0,2,147
G36007100127,1990,NY,,,,,,,,,0127,,,70,Orange,071,,,2,5602,,,,5950,1,New York,36,,,,0000004474,0000000026,Tract 127,S,41481667,-74026804,,3603,177,10,42,1,143,20,1,1,73
G36007100128,1990,NY,,,,,,,,,0128,,,70,Orange,071,,,2,5602,,,,5950,1,New York,36,,,,0000006107,0000003983,Tract 128,S,41463500,-74020113,,4461,145,8,77,0,206,7,0,1,57
G36007100129,1990,NY,,,,,,,,,0129,,,70,Orange,071,,,2,5602,,,,5950,1,New York,36,,,,0000003824,0000001523,Tract 129,S,41444917,-74016629,,3104,7,8,31,1,56,0,0,1,6
G36007100130,1990,NY,,,,,,,,,0130,,,70,Orange,071,,,2,5602,,,,5950,1,New York,36,,,,0000006669,0000000000,Tract 130,S,41442188,-74047626,,3805,59,3,42,2,97,0,0,1,15
G36007100131,1990,NY,,,,,,,,,0131,,,70,Orange,071,,,2,5602,,,,5950,1,New York,36,,,,0000056832,0000001956,Tract 131,S,41412705,-74060205,,3859,42,1,43,1,72,2,0,0,12
G36007100132,1990,NY,,,,,,,,,0132,,,70,Orange,071,,,2,5602,,,,5950,1,New York,36,,,,0000015046,0000000231,Tract 132,S,41429667,-74155180,,5388,245,13,81,13,241,14,0,0,68
G36007100133,1990,NY,,,,,,,,,0133,,,70,Orange,071,,,2,5602,,,,5950,1,New York,36,,,,0000061893,0000001014,Tract 133,S,41389876,-74191966,,5575,113,8,61,0,178,2,0,1,48
G36007100134,1990,NY,,,,,,,,,0134,,,70,Orange,071,,,2,5602,,,,5950,1,New York,36,,,,0000013160,0000000055,Tract 134,S,41380719,-74174524,,3322,49,2,63,0,117,9,0,0,23
G36007100135,1990,NY,,,,,,,,,0135,,,70,Orange,071,,,2,5602,,,,5950,1,New York,36,,,,0000020853,0000000415,Tract 135,S,41360671,-74133945,,3647,50,7,40,3,89,1,4,0,19
G36007100136,1990,NY,,,,,,,,,0136,,,70,Orange,071,,,2,5602,,,,5950,1,New York,36,,,,0000072683,0000004189,Tract 136,S,41368471,-74019481,,6721,575,25,319,5,240,12,0,3,124
G36007100137,1990,NY,,,,,,,,,0137,,,70,Orange,071,,,2,5602,,,,5950,1,New York,36,,,,0000000951,0000000000,Tract 137,S,41372345,-73970675,,2014,487,3,35,6,132,6,0,9,56
G36007100138,1990,NY,,,,,,,,,0138,,,70,Orange,071,,,2,5602,,,,5950,1,New York,36,,,,0000019030,0000002748,Tract 138,S,41325677,-74005659,,2726,56,8,25,0,61,0,0,2,17
G36007100139,1990,NY,,,,,,,,,0139,,,70,Orange,071,,,2,5602,,,,5950,1,New York,36,,,,0000060941,0000001961,Tract 139,S,41316536,-74094179,,3589,34,6,42,0,93,0,0,0,18
G36007100141,1990,NY,,,,,,,,,0141,,,70,Orange,071,,,2,5602,,,,5950,1,New York,36,,,,0000012169,0000000299,Tract 141,S,41319584,-74167513,,6546,103,8,172,1,272,9,1,0,55
G3600710014201,1990,NY,,,,,,,,,014201,,,70,Orange,071,,,2,5602,,,,5950,1,New York,36,,,,0000005977,0000000402,Tract 142.01,S,41324354,-74210622,,3223,11,1,35,4,77,0,0,2,12
G3600710014202,1990,NY,,,,,,,,,014202,,,70,Orange,071,,,2,5602,,,,5950,1,New York,36,,,,0000029337,0000002298,Tract 142.02,S,41289691,-74199042,,4676,34,6,85,0,115,0,0,1,15
G3600710014301,1990,NY,,,,,,,,,014301,,,70,Orange,071,,,2,5602,,,,5950,1,New York,36,,,,0000014748,0000000000,Tract 143.01,S,41361515,-74269361,,4288,641,30,56,6,255,86,4,1,109
G3600710014302,1990,NY,,,,,,,,,014302,,,70,Orange,071,,,2,5602,,,,5950,1,New York,36,,,,0000050667,0000000159,Tract 143.02,S,41319428,-74273417,,4313,102,2,60,0,198,12,1,1,18
G36007100144,1990,NY,,,,,,,,,0144,,,70,Orange,071,,,2,5602,,,,5950,1,New York,36,,,,0000027627,0000001298,Tract 144,S,41313769,-74352223,,3786,81,22,25,1,125,7,2,1,22
G36007100145,1990,NY,,,,,,,,,0145,,,70,Orange,071,,,2,5602,,,,5950,1,New York,36,,,,0000139959,0000000274,Tract 145,S,41269122,-74414223,,6935,69,11,34,3,139,16,3,0,15
G36007100146,1990,NY,,,,,,,,,0146,,,70,Orange,071,,,2,5602,,,,5950,1,New York,36,,,,0000011295,0000000000,Tract 146,S,41258809,-74347657,,5691,215,43,36,7,164,14,6,4,41
G36007100147,1990,NY,,,,,,,,,0147,,,70,Orange,071,,,2,5602,,,,5950,1,New York,36,,,,0000030870,0000000692,Tract 147,S,41275514,-74302707,,2451,412,7,22,3,241,212,6,0,107
G36007100148,1990,NY,,,,,,,,,0148,,,70,Orange,071,,,2,5602,,,,5950,1,New York,36,,,,0000053437,0000006007,Tract 148,S,41184752,-74283230,,5921,82,10,30,6,139,0,0,0,26
G36007100149,1990,NY,,,,,,,,,0149,,,70,Orange,071,,,2,5602,,,,5950,1,New York,36,,,,0000122978,0000004974,Tract 149,S,41228934,-74185081,,2925,18,0,34,2,36,0,0,0,8
G36007100150,1990,NY,,,,,,,,,0150,,,70,Orange,071,,,2,5602,,,,5950,1,New York,36,,,,0000005888,0000000078,Tract 150,S,41344544,-74171478,,7989,6,10,5,1,153,0,0,1,0
G36007300401,1990,NY,,,,,,,,,0401,,,99,Orleans,073,,,2,6840,,,,9999,1,New York,36,,,,0000292343,0000002362,Tract 401,S,43334901,-78218234,,7697,229,39,19,4,19,9,0,1,19
G36007300402,1990,NY,,,,,,,,,0402,,,99,Orleans,073,,,2,6840,,,,9999,1,New York,36,,,,0000127340,0000000232,Tract 402,S,43266891,-78379990,,3213,62,12,8,0,11,0,0,0,6
G36007300403,1990,NY,,,,,,,,,0403,,,99,Orleans,073,,,2,6840,,,,9999,1,New York,36,,,,0000116324,0000000951,Tract 403,S,43171640,-78387222,,2518,172,13,0,0,14,8,0,0,26
G36007300404,1990,NY,,,,,,,,,0404,,,99,Orleans,073,,,2,6840,,,,9999,1,New York,36,,,,0000005409,0000000362,Tract 404,S,43225587,-78390125,,3611,299,16,18,2,80,6,1,4,30
G36007300405,1990,NY,,,,,,,,,0405,,,99,Orleans,073,,,2,6840,,,,9999,1,New York,36,,,,0000004391,0000000007,Tract 405,S,43211579,-78392890,,2445,178,6,19,0,38,7,1,5,67
G36007300406,1990,NY,,,,,,,,,0406,,,99,Orleans,073,,,2,6840,,,,9999,1,New York,36,,,,0000285252,0000000429,Tract 406,S,43215670,-78214890,,5850,966,35,26,1,145,145,5,1,215
G36007300407,1990,NY,,,,,,,,,0407,,,99,Orleans,073,,,2,6840,,,,9999,1,New York,36,,,,0000011139,0000000017,Tract 407,S,43244353,-78191591,,5131,609,40,15,18,40,5,0,1,40
G36007300408,1990,NY,,,,,,,,,0408,,,99,Orleans,073,,,2,6840,,,,9999,1,New York,36,,,,0000171594,0000000144,Tract 408,S,43214856,-78055456,,7425,59,26,30,6,51,0,0,0,29
G36007500201,1990,NY,,,,,,,,,0201,,,99,Oswego,075,,,2,8160,,,,9999,1,New York,36,,,,0000537911,0000013958,Tract 201,S,43568345,-75892808,,3389,24,17,3,0,18,1,0,0,5
G36007500202,1990,NY,,,,,,,,,0202,,,99,Oswego,075,,,2,8160,,,,9999,1,New York,36,,,,0000109468,0000015057,Tract 202,S,43638585,-76108272,,3418,3,16,3,0,12,0,0,1,1
G3600750020301,1990,NY,,,,,,,,,020301,,,99,Oswego,075,,,2,8160,,,,9999,1,New York,36,,,,0000008516,0000000366,Tract 203.01,S,43565309,-76128185,,2503,1,6,6,1,3,0,0,4,1
G3600750020302,1990,NY,,,,,,,,,020302,,,99,Oswego,075,,,2,8160,,,,9999,1,New York,36,,,,0000139574,0000007192,Tract 203.02,S,43542209,-76146063,,3356,2,12,12,0,7,0,0,1,2
G36007500204,1990,NY,,,,,,,,,0204,,,99,Oswego,075,,,2,8160,,,,9999,1,New York,36,,,,0000120030,0000001641,Tract 204,S,43454756,-76204817,,4989,13,24,5,1,14,0,0,2,2
G36007500205,1990,NY,,,,,,,,,0205,,,99,Oswego,075,,,2,8160,,,,9999,1,New York,36,,,,0000326743,0000003518,Tract 205,S,43429576,-76013782,,5398,12,22,12,1,29,0,1,0,3
G36007500206,1990,NY,,,,,,,,,0206,,,99,Oswego,075,,,2,8160,,,,9999,1,New York,36,,,,0000147270,0000110774,Tract 206,S,43251090,-75961470,,4821,5,16,1,1,14,0,1,4,5
G3600750020701,1990,NY,,,,,,,,,020701,,,99,Oswego,075,,,2,8160,,,,9999,1,New York,36,,,,0000087342,0000012458,Tract 207.01,S,43296439,-76069515,,4329,6,39,5,0,14,0,0,0,0
G3600750020702,1990,NY,,,,,,,,,020702,,,99,Oswego,075,,,2,8160,,,,9999,1,New York,36,,,,0000032003,0000000550,Tract 207.02,S,43274462,-76163685,,3619,11,21,3,4,21,0,0,0,10
G3600750020703,1990,NY,,,,,,,,,020703,,,99,Oswego,075,,,2,8160,,,,9999,1,New York,36,,,,0000086546,0000000102,Tract 207.03,S,43340485,-76164781,,4361,8,27,5,3,15,0,0,0,5
G36007500208,1990,NY,,,,,,,,,0208,,,99,Oswego,075,,,2,8160,,,,9999,1,New York,36,,,,0000105162,0000000392,Tract 208,S,43367988,-76262526,,3513,11,26,10,0,15,0,4,0,3
G3600750020901,1990,NY,,,,,,,,,020901,,,99,Oswego,075,,,2,8160,,,,9999,1,New York,36,,,,0000002974,0000000298,Tract 209.01,S,43230752,-76296249,,2384,7,6,4,0,18,0,0,0,4
G3600750020902,1990,NY,,,,,,,,,020902,,,99,Oswego,075,,,2,8160,,,,9999,1,New York,36,,,,0000106615,0000001981,Tract 209.02,S,43268291,-76269957,,6398,38,37,8,0,23,0,0,0,4
G36007500210,1990,NY,,,,,,,,,0210,,,99,Oswego,075,,,2,8160,,,,9999,1,New York,36,,,,0000125222,0000002212,Tract 210,S,43359246,-76368659,,5591,13,12,24,0,29,0,0,0,7
G3600750021101,1990,NY,,,,,,,,,021101,,,99,Oswego,075,,,2,8160,,,,9999,1,New York,36,,,,0000002660,0000000254,Tract 211.01,S,43328339,-76411308,,4169,22,13,50,0,41,9,0,0,20
G3600750021102,1990,NY,,,,,,,,,021102,,,99,Oswego,075,,,2,8160,,,,9999,1,New York,36,,,,0000001890,0000000200,Tract 211.02,S,43315005,-76404222,,2496,15,9,14,0,24,0,0,0,15
G3600750021103,1990,NY,,,,,,,,,021103,,,99,Oswego,075,,,2,8160,,,,9999,1,New York,36,,,,0000002637,0000001803,Tract 211.03,S,43305309,-76417681,,3127,16,6,16,2,18,0,0,0,2
G3600750021104,1990,NY,,,,,,,,,021104,,,99,Oswego,075,,,2,8160,,,,9999,1,New York,36,,,,0000002559,0000000166,Tract 211.04,S,43322156,-76428202,,2773,10,8,1,1,40,0,0,0,12
G36007500212,1990,NY,,,,,,,,,0212,,,99,Oswego,075,,,2,8160,,,,9999,1,New York,36,,,,0000116339,0000004045,Tract 212,S,43292185,-76440274,,6900,32,20,22,0,31,0,0,0,8
G36007500213,1990,NY,,,,,,,,,0213,,,99,Oswego,075,,,2,8160,,,,9999,1,New York,36,,,,0000115961,0000000055,Tract 213,S,43310139,-76550335,,4547,11,15,9,4,23,0,0,2,5
G3600750021401,1990,NY,,,,,,,,,021401,,,99,Oswego,075,,,2,8160,,,,9999,1,New York,36,,,,0000071019,0000004983,Tract 214.01,S,43403615,-76560927,,7600,168,13,91,1,78,13,4,2,57
G3600750021402,1990,NY,,,,,,,,,021402,,,99,Oswego,075,,,2,8160,,,,9999,1,New York,36,,,,0000015000,0000000662,Tract 214.02,S,43399029,-76481472,,1783,5,4,11,4,15,0,0,0,0
G3600750021501,1990,NY,,,,,,,,,021501,,,99,Oswego,075,,,2,8160,,,,9999,1,New York,36,,,,0000080749,0000005892,Tract 215.01,S,43476782,-76311950,,2725,4,4,8,5,26,1,0,0,5
G3600750021502,1990,NY,,,,,,,,,021502,,,99,Oswego,075,,,2,8160,,,,9999,1,New York,36,,,,0000105086,0000008541,Tract 215.02,S,43466374,-76415735,,6349,16,14,34,2,40,1,0,0,16
G3600750021601,1990,NY,,,,,,,,,021601,,,99,Oswego,075,,,2,8160,,,,9999,1,New York,36,,,,0000001229,0000001497,Tract 216.01,S,43462413,-76517895,,3214,20,8,20,0,51,2,0,0,23
G3600750021602,1990,NY,,,,,,,,,021602,,,99,Oswego,075,,,2,8160,,,,9999,1,New York,36,,,,0000003634,0000000631,Tract 216.02,S,43451208,-76529764,,3234,32,5,26,1,42,6,0,3,38
G3600750021603,1990,NY,,,,,,,,,021603,,,99,Oswego,075,,,2,8160,,,,9999,1,New York,36,,,,0000004250,0000000274,Tract 216.03,S,43437955,-76506068,,4001,12,7,29,0,22,0,0,1,12
G3600750021604,1990,NY,,,,,,,,,021604,,,99,Oswego,075,,,2,8160,,,,9999,1,New York,36,,,,0000004763,0000000350,Tract 216.04,S,43444595,-76489014,,4215,33,5,14,0,60,7,0,1,8
G3600750021605,1990,NY,,,,,,,,,021605,,,99,Oswego,075,,,2,8160,,,,9999,1,New York,36,,,,0000005970,0000002600,Tract 216.05,S,43468633,-76492777,,3930,28,5,8,0,35,1,2,2,32
G36007709901,1990,NY,,,,,,,,,9901,,,99,Otsego,077,,,2,9999,,,,9999,1,New York,36,,,,0000381284,0000010387,BNA 9901,S,42771070,-74830617,,4492,17,13,14,2,19,0,1,0,10
G36007709902,1990,NY,,,,,,,,,9902,,,99,Otsego,077,,,2,9999,,,,9999,1,New York,36,,,,0000244982,0000009709,BNA 9902,S,42700398,-74996287,,6036,10,5,16,3,39,0,0,0,8
G36007709903,1990,NY,,,,,,,,,9903,,,99,Otsego,077,,,2,9999,,,,9999,1,New York,36,,,,0000239516,0000005427,BNA 9903,S,42833426,-75111044,,4447,19,21,21,0,16,3,0,0,1
G36007709904,1990,NY,,,,,,,,,9904,,,99,Otsego,077,,,2,9999,,,,9999,1,New York,36,,,,0000444935,0000000779,BNA 9904,S,42666321,-75194653,,4793,23,5,6,1,31,1,0,1,4
G36007709905,1990,NY,,,,,,,,,9905,,,99,Otsego,077,,,2,9999,,,,9999,1,New York,36,,,,0000119432,0000002764,BNA 9905,S,42546284,-74977239,,2763,8,10,10,0,45,0,0,0,9
G36007709906,1990,NY,,,,,,,,,9906,,,99,Otsego,077,,,2,9999,,,,9999,1,New York,36,,,,0000226270,0000000663,BNA 9906,S,42672598,-74751236,,1632,13,1,1,1,8,0,0,0,2
G36007709907,1990,NY,,,,,,,,,9907,,,99,Otsego,077,,,2,9999,,,,9999,1,New York,36,,,,0000255046,0000000663,BNA 9907,S,42559192,-74791322,,3716,8,3,16,2,37,0,0,0,4
G36007709908,1990,NY,,,,,,,,,9908,,,99,Otsego,077,,,2,9999,,,,9999,1,New York,36,,,,0000086952,0000000364,BNA 9908,S,42469223,-75067702,,4517,314,8,23,1,54,13,1,0,32
G36007709909,1990,NY,,,,,,,,,9909,,,99,Otsego,077,,,2,9999,,,,9999,1,New York,36,,,,0000002752,0000000000,BNA 9909,S,42455690,-75045333,,2422,54,4,43,2,19,12,0,0,19
G36007709910,1990,NY,,,,,,,,,9910,,,99,Otsego,077,,,2,9999,,,,9999,1,New York,36,,,,0000001451,0000000000,BNA 9910,S,42465174,-75059811,,3320,68,7,43,0,41,9,0,0,9
G36007709911,1990,NY,,,,,,,,,9911,,,99,Otsego,077,,,2,9999,,,,9999,1,New York,36,,,,0000004240,0000000000,BNA 9911,S,42446163,-75077203,,2903,49,5,11,1,55,7,1,0,19
G36007709912,1990,NY,,,,,,,,,9912,,,99,Otsego,077,,,2,9999,,,,9999,1,New York,36,,,,0000002405,0000000000,BNA 9912,S,42456782,-75080635,,2034,40,2,25,3,21,0,0,1,6
G36007709913,1990,NY,,,,,,,,,9913,,,99,Otsego,077,,,2,9999,,,,9999,1,New York,36,,,,0000000466,0000000000,BNA 9913,S,42466391,-75063412,,2530,50,1,40,0,55,8,0,2,13
G36007709914,1990,NY,,,,,,,,,9914,,,99,Otsego,077,,,2,9999,,,,9999,1,New York,36,,,,0000226509,0000000270,BNA 9914,S,42481056,-75155513,,5373,39,4,21,5,34,0,0,0,1
G36007709915,1990,NY,,,,,,,,,9915,,,99,Otsego,077,,,2,9999,,,,9999,1,New York,36,,,,0000241139,0000000241,BNA 9915,S,42501233,-75298152,,3370,7,7,4,3,20,0,0,2,0
G36007709916,1990,NY,,,,,,,,,9916,,,99,Otsego,077,,,2,9999,,,,9999,1,New York,36,,,,0000120207,0000000608,BNA 9916,S,42365991,-75328107,,4247,38,17,14,0,22,0,0,2,3
G36007900101,1990,NY,,,,,,,,,0101,,,70,Putnam,079,,,2,5602,,,,5600,1,New York,36,,,,0000009966,0000001139,Tract 101,S,41475643,-73549667,,3246,76,3,19,1,82,9,0,0,23
G36007900102,1990,NY,,,,,,,,,0102,,,70,Putnam,079,,,2,5602,,,,5600,1,New York,36,,,,0000073615,0000000509,Tract 102,S,41488199,-73602441,,4997,78,9,30,7,94,0,2,0,3
G36007900103,1990,NY,,,,,,,,,0103,,,70,Putnam,079,,,2,5602,,,,5600,1,New York,36,,,,0000006592,0000000294,Tract 103,S,41468235,-73662740,,4947,17,9,26,0,102,0,6,1,30
G36007900104,1990,NY,,,,,,,,,0104,,,70,Putnam,079,,,2,5602,,,,5600,1,New York,36,,,,0000006782,0000000604,Tract 104,S,41452188,-73672321,,3152,27,6,25,0,98,2,0,2,22
G36007900105,1990,NY,,,,,,,,,0105,,,70,Putnam,079,,,2,5602,,,,5600,1,New York,36,,,,0000092068,0000005481,Tract 105,S,41476891,-73742329,,4461,41,10,59,1,115,4,10,4,6
G36007900106,1990,NY,,,,,,,,,0106,,,70,Putnam,079,,,2,5602,,,,5600,1,New York,36,,,,0000086142,0000003623,Tract 106,S,41448059,-73906248,,3030,29,4,57,0,45,0,0,0,10
G36007900107,1990,NY,,,,,,,,,0107,,,70,Putnam,079,,,2,5602,,,,5600,1,New York,36,,,,0000004265,0000000577,Tract 107,S,41423531,-73949770,,2518,2,2,16,2,37,0,0,0,6
G36007900108,1990,NY,,,,,,,,,0108,,,70,Putnam,079,,,2,5602,,,,5600,1,New York,36,,,,0000036135,0000002700,Tract 108,S,41351020,-73925922,,3255,77,14,17,1,97,5,0,0,18
G36007900109,1990,NY,,,,,,,,,0109,,,70,Putnam,079,,,2,5602,,,,5600,1,New York,36,,,,0000033956,0000001890,Tract 109,S,41369468,-73859616,,5343,44,3,48,0,183,0,0,1,33
G36007900110,1990,NY,,,,,,,,,0110,,,70,Putnam,079,,,2,5602,,,,5600,1,New York,36,,,,0000073580,0000001938,Tract 110,S,41409971,-73821592,,3257,63,4,43,1,61,2,1,0,7
G36007900111,1990,NY,,,,,,,,,0111,,,70,Putnam,079,,,2,5602,,,,5600,1,New York,36,,,,0000015080,0000000380,Tract 111,S,41398186,-73778119,,3895,57,0,54,3,72,4,0,1,26
G36007900112,1990,NY,,,,,,,,,0112,,,70,Putnam,079,,,2,5602,,,,5600,1,New York,36,,,,0000012975,0000000044,Tract 112,S,41357720,-73768766,,5870,47,2,78,1,166,1,1,0,33
G36007900113,1990,NY,,,,,,,,,0113,,,70,Putnam,079,,,2,5602,,,,5600,1,New York,36,,,,0000006818,0000000101,Tract 113,S,41360108,-73734037,,4053,11,7,35,4,69,0,0,0,3
G36007900114,1990,NY,,,,,,,,,0114,,,70,Putnam,079,,,2,5602,,,,5600,1,New York,36,,,,0000017295,0000003236,Tract 114,S,41406151,-73741896,,4187,13,5,18,6,128,0,0,1,15
G36007900115,1990,NY,,,,,,,,,0115,,,70,Putnam,079,,,2,5602,,,,5600,1,New York,36,,,,0000022002,0000005078,Tract 115,S,41414547,-73683758,,4604,43,0,35,3,92,1,3,0,19
G36007900116,1990,NY,,,,,,,,,0116,,,70,Putnam,079,,,2,5602,,,,5600,1,New York,36,,,,0000019381,0000002992,Tract 116,S,41372990,-73690874,,4969,27,10,43,3,84,1,5,5,3
G36007900117,1990,NY,,,,,,,,,0117,,,70,Putnam,079,,,2,5602,,,,5600,1,New York,36,,,,0000033159,0000003495,Tract 117,S,41379406,-73609103,,4330,34,2,21,0,51,7,0,0,4
G36007900118,1990,NY,,,,,,,,,0118,,,70,Putnam,079,,,2,5602,,,,5600,1,New York,36,,,,0000022321,0000000318,Tract 118,S,41421052,-73617917,,6280,55,2,71,2,191,3,0,0,66
G36007900119,1990,NY,,,,,,,,,0119,,,70,Putnam,079,,,2,5602,,,,5600,1,New York,36,,,,0000027556,0000003750,Tract 119,S,41412078,-73567473,,3622,65,1,48,2,44,6,0,0,20
G36008100001,1990,NY,,,,,,,,,0001,,,70,Queens,081,,,2,5602,,,,5600,1,New York,36,,,,0000001152,0000000199,Tract 1,S,40741550,-73951256,,72,269,4,3,1,14,9,2,1,33
G36008100002,1990,NY,,,,,,,,,0002,,,70,Queens,081,,,2,5602,,,,5600,1,New York,36,,,,0000000159,0000000000,Tract 2,S,40693350,-73865939,,1547,36,5,362,2,199,2,4,7,130
G36008100004,1990,NY,,,,,,,,,0004,,,70,Queens,081,,,2,5602,,,,5600,1,New York,36,,,,0000000229,0000000000,Tract 4,S,40690300,-73865757,,1796,74,7,367,22,548,55,4,8,471
G36008100006,1990,NY,,,,,,,,,0006,,,70,Queens,081,,,2,5602,,,,5600,1,New York,36,,,,0000000216,0000000000,Tract 6,S,40685349,-73864513,,1588,79,1,345,9,425,53,0,17,245
G36008100007,1990,NY,,,,,,,,,0007,,,70,Queens,081,,,2,5602,,,,5600,1,New York,36,,,,0000000504,0000000000,Tract 7,S,40745200,-73952172,,2062,87,3,196,5,582,116,1,37,446
G36008100008,1990,NY,,,,,,,,,0008,,,70,Queens,081,,,2,5602,,,,5600,1,New York,36,,,,0000000184,0000000000,Tract 8,S,40686450,-73858191,,1903,19,1,227,3,210,15,2,4,132
G36008100010,1990,NY,,,,,,,,,0010,,,70,Queens,081,,,2,5602,,,,5600,1,New York,36,,,,0000000166,0000000000,Tract 10,S,40690250,-73861025,,1820,16,0,360,2,154,23,0,2,210
G36008100012,1990,NY,,,,,,,,,0012,,,70,Queens,081,,,2,5602,,,,5600,1,New York,36,,,,0000000227,0000000000,Tract 12,S,40693850,-73861434,,2245,7,2,231,2,258,8,8,0,153
G36008100014,1990,NY,,,,,,,,,0014,,,70,Queens,081,,,2,5602,,,,5600,1,New York,36,,,,0000000220,0000000000,Tract 14,S,40694650,-73856441,,2078,16,1,147,8,156,4,0,0,80
G36008100016,1990,NY,,,,,,,,,0016,,,70,Queens,081,,,2,5602,,,,5600,1,New York,36,,,,0000000156,0000000000,Tract 16,S,40689050,-73855508,,1562,2,0,116,3,175,0,0,2,87
G36008100018,1990,NY,,,,,,,,,0018,,,70,Queens,081,,,2,5602,,,,5600,1,New York,36,,,,0000000177,0000000000,Tract 18,S,40689700,-73852984,,1721,17,1,187,0,262,12,6,5,149
G36008100019,1990,NY,,,,,,,,,0019,,,70,Queens,081,,,2,5602,,,,5600,1,New York,36,,,,0000000700,0000000000,Tract 19,S,40749600,-73945848,,230,30,0,76,6,122,23,0,11,91
G36008100020,1990,NY,,,,,,,,,0020,,,70,Queens,081,,,2,5602,,,,5600,1,New York,36,,,,0000000141,0000000000,Tract 20,S,40690500,-73850004,,745,1,0,76,0,64,12,0,0,75
G36008100022,1990,NY,,,,,,,,,0022,,,70,Queens,081,,,2,5602,,,,5600,1,New York,36,,,,0000000139,0000000000,Tract 22,S,40695700,-73851159,,1295,27,1,149,9,210,17,0,1,116
G36008100024,1990,NY,,,,,,,,,0024,,,70,Queens,081,,,2,5602,,,,5600,1,New York,36,,,,0000000146,0000000000,Tract 24,S,40696300,-73847264,,1066,37,4,141,20,200,29,0,14,168
G36008100025,1990,NY,,,,,,,,,0025,,,70,Queens,081,,,2,5602,,,,5600,1,New York,36,,,,0000000213,0000000000,Tract 25,S,40753333,-73944255,,170,6079,31,28,16,622,495,10,21,751
G36008100026,1990,NY,,,,,,,,,0026,,,70,Queens,081,,,2,5602,,,,5600,1,New York,36,,,,0000000145,0000000000,Tract 26,S,40697750,-73843733,,1090,55,16,95,4,168,32,0,25,159
G36008100027,1990,NY,,,,,,,,,0027,,,70,Queens,081,,,2,5602,,,,5600,1,New York,36,,,,0000000170,0000000000,Tract 27,S,40751000,-73939499,,68,8,1,49,1,76,5,8,2,21
G36008100028,1990,NY,,,,,,,,,0028,,,70,Queens,081,,,2,5602,,,,5600,1,New York,36,,,,0000000217,0000000000,Tract 28,S,40692200,-73845667,,1356,70,4,165,5,426,59,0,26,172
G36008100029,1990,NY,,,,,,,,,0029,,,70,Queens,081,,,2,5602,,,,5600,1,New York,36,,,,0000000219,0000000000,Tract 29,S,40754350,-73938749,,206,92,4,176,6,430,29,0,17,208
G36008100030,1990,NY,,,,,,,,,0030,,,70,Queens,081,,,2,5602,,,,5600,1,New York,36,,,,0000000116,0000000000,Tract 30,S,40691000,-73848350,,932,13,0,50,0,140,3,0,0,79
G36008100031,1990,NY,,,,,,,,,0031,,,70,Queens,081,,,2,5602,,,,5600,1,New York,36,,,,0000000166,0000000000,Tract 31,S,40753500,-73933885,,604,7,0,240,5,282,13,1,26,143
G36008100032,1990,NY,,,,,,,,,0032,,,70,Queens,081,,,2,5602,,,,5600,1,New York,36,,,,0000000178,0000000000,Tract 32,S,40686750,-73847132,,858,12,0,79,0,150,9,0,0,69
G36008100034,1990,NY,,,,,,,,,0034,,,70,Queens,081,,,2,5602,,,,5600,1,New York,36,,,,0000000222,0000000000,Tract 34,S,40684500,-73859047,,975,14,5,178,3,239,23,0,6,127
G36008100035,1990,NY,,,,,,,,,0035,,,70,Queens,081,,,2,5602,,,,5600,1,New York,36,,,,0000000125,0000000000,Tract 35,S,40756900,-73942469,,44,46,0,7,0,122,14,0,1,67
G36008100036,1990,NY,,,,,,,,,0036,,,70,Queens,081,,,2,5602,,,,5600,1,New York,36,,,,0000000178,0000000000,Tract 36,S,40683700,-73857766,,1500,34,1,142,6,400,16,1,8,300
G36008100037,1990,NY,,,,,,,,,0037,,,70,Queens,081,,,2,5602,,,,5600,1,New York,36,,,,0000000424,0000000032,Tract 37,S,40762950,-73943450,,0,1,0,0,0,3,0,0,0,0
G36008100038,1990,NY,,,,,,,,,0038,,,70,Queens,081,,,2,5602,,,,5600,1,New York,36,,,,0000000170,0000000000,Tract 38,S,40684450,-73848458,,1164,12,1,88,1,212,1,0,0,124
G36008100039,1990,NY,,,,,,,,,0039,,,70,Queens,081,,,2,5602,,,,5600,1,New York,36,,,,0000000153,0000000000,Tract 39,S,40762100,-73940978,,472,281,6,71,7,242,52,1,22,228
G3600810004001,1990,NY,,,,,,,,,004001,,,70,Queens,081,,,2,5602,,,,5600,1,New York,36,,,,0000000178,0000000000,Tract 40.01,S,40682900,-73846735,,1134,8,1,102,1,151,18,2,5,76
G3600810004002,1990,NY,,,,,,,,,004002,,,70,Queens,081,,,2,5602,,,,5600,1,New York,36,,,,0000000143,0000000000,Tract 40.02,S,40681350,-73843884,,702,55,3,78,9,115,12,4,11,202
G36008100041,1990,NY,,,,,,,,,0041,,,70,Queens,081,,,2,5602,,,,5600,1,New York,36,,,,0000000149,0000000000,Tract 41,S,40761450,-73939340,,342,34,0,104,6,136,5,0,3,62
G36008100042,1990,NY,,,,,,,,,0042,,,70,Queens,081,,,2,5602,,,,5600,1,New York,36,,,,0000000184,0000000000,Tract 42,S,40681450,-73858569,,1649,48,1,268,8,335,44,8,8,381
G36008100043,1990,NY,,,,,,,,,0043,,,70,Queens,081,,,2,5602,,,,5600,1,New York,36,,,,0000000169,0000000000,Tract 43,S,40760906,-73937450,,528,848,12,92,5,465,149,4,7,433
G3600810004401,1990,NY,,,,,,,,,004401,,,70,Queens,081,,,2,5602,,,,5600,1,New York,36,,,,0000000270,0000000000,Tract 44.01,S,40677050,-73860152,,1625,63,0,204,7,357,7,1,8,142
G3600810004402,1990,NY,,,,,,,,,004402,,,70,Queens,081,,,2,5602,,,,5600,1,New York,36,,,,0000000085,0000000000,Tract 44.02,S,40672015,-73858896,,50,14,0,7,0,45,0,0,0,9
G36008100045,1990,NY,,,,,,,,,0045,,,70,Queens,081,,,2,5602,,,,5600,1,New York,36,,,,0000000213,0000000000,Tract 45,S,40764350,-73933946,,1907,79,5,43,2,92,3,1,2,45
G36008100047,1990,NY,,,,,,,,,0047,,,70,Queens,081,,,2,5602,,,,5600,1,New York,36,,,,0000000176,0000000000,Tract 47,S,40758900,-73933428,,1523,957,18,299,24,744,172,4,12,415
G36008100049,1990,NY,,,,,,,,,0049,,,70,Queens,081,,,2,5602,,,,5600,1,New York,36,,,,0000000140,0000000000,Tract 49,S,40757850,-73935527,,181,9,0,189,4,21,1,0,0,35
G36008100050,1990,NY,,,,,,,,,0050,,,70,Queens,081,,,2,5602,,,,5600,1,New York,36,,,,0000000164,0000000000,Tract 50,S,40677347,-73856495,,49,0,0,7,0,15,0,0,0,25
G36008100051,1990,NY,,,,,,,,,0051,,,70,Queens,081,,,2,5602,,,,5600,1,New York,36,,,,0000000136,0000000000,Tract 51,S,40755033,-73932903,,731,47,0,498,13,392,8,0,23,240
G36008100052,1990,NY,,,,,,,,,0052,,,70,Queens,081,,,2,5602,,,,5600,1,New York,36,,,,0000000137,0000000000,Tract 52,S,40680600,-73854799,,1117,35,5,209,5,122,13,0,0,265
G36008100053,1990,NY,,,,,,,,,0053,,,70,Queens,081,,,2,5602,,,,5600,1,New York,36,,,,0000000203,0000000000,Tract 53,S,40759450,-73930194,,3253,55,7,676,61,626,10,0,22,360
G36008100054,1990,NY,,,,,,,,,0054,,,70,Queens,081,,,2,5602,,,,5600,1,New York,36,,,,0000000421,0000000000,Tract 54,S,40678650,-73849538,,3374,17,7,101,4,295,27,0,7,151
G36008100055,1990,NY,,,,,,,,,0055,,,70,Queens,081,,,2,5602,,,,5600,1,New York,36,,,,0000000164,0000000000,Tract 55,S,40754050,-73927999,,348,35,6,127,12,179,5,4,0,214
G36008100057,1990,NY,,,,,,,,,0057,,,70,Queens,081,,,2,5602,,,,5600,1,New York,36,,,,0000000222,0000000000,Tract 57,S,40757250,-73925398,,1940,89,1,527,38,763,37,5,12,512
G36008100058,1990,NY,,,,,,,,,0058,,,70,Queens,081,,,2,5602,,,,5600,1,New York,36,,,,0000000604,0000000000,Tract 58,S,40673271,-73849173,,4225,23,2,148,4,242,8,0,4,129
G36008100059,1990,NY,,,,,,,,,0059,,,70,Queens,081,,,2,5602,,,,5600,1,New York,36,,,,0000000193,0000000000,Tract 59,S,40759150,-73923849,,2601,45,22,442,47,671,16,6,25,414
G36008100061,1990,NY,,,,,,,,,0061,,,70,Queens,081,,,2,5602,,,,5600,1,New York,36,,,,0000000196,0000000000,Tract 61,S,40761900,-73922800,,3653,35,9,710,40,760,9,4,28,429
G36008100062,1990,NY,,,,,,,,,0062,,,70,Queens,081,,,2,5602,,,,5600,1,New York,36,,,,0000001374,0000000022,Tract 62,S,40664650,-73853099,,9994,167,7,322,18,635,46,2,10,258
G36008100063,1990,NY,,,,,,,,,0063,,,70,Queens,081,,,2,5602,,,,5600,1,New York,36,,,,0000000208,0000000000,Tract 63,S,40764450,-73920747,,3914,45,9,856,35,655,14,2,27,366
G36008100065,1990,NY,,,,,,,,,0065,,,70,Queens,081,,,2,5602,,,,5600,1,New York,36,,,,0000000260,0000000000,Tract 65,S,40767950,-73916666,,5419,53,19,832,52,1018,21,5,13,375
G36008100067,1990,NY,,,,,,,,,0067,,,70,Queens,081,,,2,5602,,,,5600,1,New York,36,,,,0000000088,0000000000,Tract 67,S,40770200,-73915081,,613,1,1,33,0,116,0,0,4,39
G36008100069,1990,NY,,,,,,,,,0069,,,70,Queens,081,,,2,5602,,,,5600,1,New York,36,,,,0000000204,0000000000,Tract 69,S,40771071,-73922162,,2322,38,22,421,12,680,34,7,13,321
G36008100071,1990,NY,,,,,,,,,0071,,,70,Queens,081,,,2,5602,,,,5600,1,New York,36,,,,0000000193,0000000000,Tract 71,S,40769083,-73923326,,2459,72,11,463,9,509,13,7,24,238
G36008100073,1990,NY,,,,,,,,,0073,,,70,Queens,081,,,2,5602,,,,5600,1,New York,36,,,,0000000145,0000000000,Tract 73,S,40766650,-73924999,,2664,70,3,463,24,611,14,3,24,211
G36008100075,1990,NY,,,,,,,,,0075,,,70,Queens,081,,,2,5602,,,,5600,1,New York,36,,,,0000000130,0000000000,Tract 75,S,40763900,-73927029,,2765,100,3,478,18,658,25,1,8,204
G36008100077,1990,NY,,,,,,,,,0077,,,70,Queens,081,,,2,5602,,,,5600,1,New York,36,,,,0000000127,0000000000,Tract 77,S,40766600,-73931901,,651,64,1,68,19,235,8,0,13,52
G36008100079,1990,NY,,,,,,,,,0079,,,70,Queens,081,,,2,5602,,,,5600,1,New York,36,,,,0000000162,0000000000,Tract 79,S,40768850,-73930200,,1182,175,3,508,18,513,28,9,41,281
G36008100081,1990,NY,,,,,,,,,0081,,,70,Queens,081,,,2,5602,,,,5600,1,New York,36,,,,0000000116,0000000000,Tract 81,S,40770000,-73933632,,242,30,4,36,3,127,10,6,1,194
G36008100083,1990,NY,,,,,,,,,0083,,,70,Queens,081,,,2,5602,,,,5600,1,New York,36,,,,0000000189,0000000000,Tract 83,S,40772550,-73928575,,995,201,29,256,18,572,98,0,28,482
G36008100086,1990,NY,,,,,,,,,0086,,,70,Queens,081,,,2,5602,,,,5600,1,New York,36,,,,0000000322,0000000000,Tract 86,S,40677050,-73841829,,2025,15,1,56,1,124,11,0,0,61
G36008100087,1990,NY,,,,,,,,,0087,,,70,Queens,081,,,2,5602,,,,5600,1,New York,36,,,,0000000256,0000000000,Tract 87,S,40773223,-73935349,,256,3384,24,77,8,485,343,1,33,379
G36008100088,1990,NY,,,,,,,,,0088,,,70,Queens,081,,,2,5602,,,,5600,1,New York,36,,,,0000000229,0000000000,Tract 88,S,40671550,-73840321,,1579,7,0,13,0,88,3,0,0,24
G36008100091,1990,NY,,,,,,,,,0091,,,70,Queens,081,,,2,5602,,,,5600,1,New York,36,,,,0000000209,0000000000,Tract 91,S,40776164,-73929352,,916,49,3,116,3,319,9,1,4,215
G36008100094,1990,NY,,,,,,,,,0094,,,70,Queens,081,,,2,5602,,,,5600,1,New York,36,,,,0000000172,0000000000,Tract 94,S,40681250,-73837035,,1447,84,26,118,28,346,29,0,18,210
G36008100095,1990,NY,,,,,,,,,0095,,,70,Queens,081,,,2,5602,,,,5600,1,New York,36,,,,0000000174,0000000000,Tract 95,S,40774150,-73920789,,1900,14,2,183,1,267,4,1,14,86
G36008100096,1990,NY,,,,,,,,,0096,,,70,Queens,081,,,2,5602,,,,5600,1,New York,36,,,,0000000203,0000000000,Tract 96,S,40680350,-73832664,,1439,124,13,202,18,295,41,0,9,164
G36008100097,1990,NY,,,,,,,,,0097,,,70,Queens,081,,,2,5602,,,,5600,1,New York,36,,,,0000000205,0000000000,Tract 97,S,40776050,-73918729,,2978,11,3,83,3,312,2,0,5,56
G36008100098,1990,NY,,,,,,,,,0098,,,70,Queens,081,,,2,5602,,,,5600,1,New York,36,,,,0000000151,0000000000,Tract 98,S,40685150,-73831803,,1065,141,14,200,9,282,36,9,12,226
G36008100099,1990,NY,,,,,,,,,0099,,,70,Queens,081,,,2,5602,,,,5600,1,New York,36,,,,0000000244,0000000000,Tract 99,S,40778200,-73923898,,57,0,0,2,0,14,0,0,0,5
G36008100100,1990,NY,,,,,,,,,0100,,,70,Queens,081,,,2,5602,,,,5600,1,New York,36,,,,0000000221,0000000000,Tract 100,S,40681200,-73829863,,1553,55,85,262,6,390,25,11,17,196
G36008100101,1990,NY,,,,,,,,,0101,,,70,Queens,081,,,2,5602,,,,5600,1,New York,36,,,,0000000184,0000000000,Tract 101,S,40778950,-73916705,,2030,4,0,100,1,191,7,0,5,85
G36008100102,1990,NY,,,,,,,,,0102,,,70,Queens,081,,,2,5602,,,,5600,1,New York,36,,,,0000000202,0000000000,Tract 102,S,40678700,-73823877,,1112,170,23,335,28,330,15,0,14,389
G36008100103,1990,NY,,,,,,,,,0103,,,70,Queens,081,,,2,5602,,,,5600,1,New York,36,,,,0000000249,0000000000,Tract 103,S,40781400,-73915199,,3083,87,12,290,7,555,9,0,7,189
G36008100104,1990,NY,,,,,,,,,0104,,,70,Queens,081,,,2,5602,,,,5600,1,New York,36,,,,0000000182,0000000000,Tract 104,S,40681900,-73827314,,1052,296,4,372,13,416,52,1,22,357
G36008100105,1990,NY,,,,,,,,,0105,,,70,Queens,081,,,2,5602,,,,5600,1,New York,36,,,,0000000202,0000000000,Tract 105,S,40782700,-73913599,,2214,381,15,193,21,1120,97,8,28,665
G36008100106,1990,NY,,,,,,,,,0106,,,70,Queens,081,,,2,5602,,,,5600,1,New York,36,,,,0000000172,0000000000,Tract 106,S,40684600,-73825836,,712,358,227,387,12,541,48,5,10,333
G36008100107,1990,NY,,,,,,,,,0107,,,70,Queens,081,,,2,5602,,,,5600,1,New York,36,,,,0000001798,0000001559,Tract 107,S,40790000,-73899064,,77,0,0,1,0,8,0,0,0,11
G36008100108,1990,NY,,,,,,,,,0108,,,70,Queens,081,,,2,5602,,,,5600,1,New York,36,,,,0000000154,0000000000,Tract 108,S,40687400,-73831027,,1094,196,7,235,26,298,34,0,14,216
G36008100110,1990,NY,,,,,,,,,0110,,,70,Queens,081,,,2,5602,,,,5600,1,New York,36,,,,0000000166,0000000000,Tract 110,S,40686150,-73835221,,1335,64,2,182,3,371,72,5,12,163
G36008100111,1990,NY,,,,,,,,,0111,,,70,Queens,081,,,2,5602,,,,5600,1,New York,36,,,,0000000154,0000000000,Tract 111,S,40778400,-73908100,,1916,22,8,130,11,334,8,1,18,161
G36008100112,1990,NY,,,,,,,,,0112,,,70,Queens,081,,,2,5602,,,,5600,1,New York,36,,,,0000000180,0000000000,Tract 112,S,40684850,-73839799,,1354,30,2,203,1,176,2,0,7,63
G36008100113,1990,NY,,,,,,,,,0113,,,70,Queens,081,,,2,5602,,,,5600,1,New York,36,,,,0000000176,0000000000,Tract 113,S,40775750,-73908695,,2833,89,19,380,17,638,35,0,28,358
G36008100114,1990,NY,,,,,,,,,0114,,,70,Queens,081,,,2,5602,,,,5600,1,New York,36,,,,0000000113,0000000000,Tract 114,S,40687800,-73842262,,575,57,0,35,8,172,3,0,0,74
G36008100115,1990,NY,,,,,,,,,0115,,,70,Queens,081,,,2,5602,,,,5600,1,New York,36,,,,0000000247,0000000000,Tract 115,S,40774000,-73914200,,2421,12,3,309,6,414,5,6,1,155
G36008100116,1990,NY,,,,,,,,,0116,,,70,Queens,081,,,2,5602,,,,5600,1,New York,36,,,,0000000133,0000000000,Tract 116,S,40688500,-73839565,,1037,24,0,95,7,166,3,0,7,70
G36008100117,1990,NY,,,,,,,,,0117,,,70,Queens,081,,,2,5602,,,,5600,1,New York,36,,,,0000000229,0000000000,Tract 117,S,40771800,-73910442,,2990,25,0,308,7,422,7,0,4,150
G36008100118,1990,NY,,,,,,,,,0118,,,70,Queens,081,,,2,5602,,,,5600,1,New York,36,,,,0000000164,0000000000,Tract 118,S,40691150,-73834779,,967,76,9,169,21,379,19,0,12,170
G36008100119,1990,NY,,,,,,,,,0119,,,70,Queens,081,,,2,5602,,,,5600,1,New York,36,,,,0000000113,0000000000,Tract 119,S,40770850,-73906455,,1483,8,7,97,1,156,3,0,9,73
G36008100120,1990,NY,,,,,,,,,0120,,,70,Queens,081,,,2,5602,,,,5600,1,New York,36,,,,0000000144,0000000000,Tract 120,S,40691050,-73829174,,685,135,17,260,13,283,18,2,17,260
G36008100121,1990,NY,,,,,,,,,0121,,,70,Queens,081,,,2,5602,,,,5600,1,New York,36,,,,0000000135,0000000000,Tract 121,S,40772700,-73904199,,1845,7,1,68,5,163,4,0,0,90
G36008100122,1990,NY,,,,,,,,,0122,,,70,Queens,081,,,2,5602,,,,5600,1,New York,36,,,,0000000207,0000000000,Tract 122,S,40695637,-73832419,,1000,142,8,329,23,415,35,4,12,266
G36008100123,1990,NY,,,,,,,,,0123,,,70,Queens,081,,,2,5602,,,,5600,1,New York,36,,,,0000000232,0000000000,Tract 123,S,40774950,-73901722,,2074,10,3,67,15,216,2,8,0,66
G36008100124,1990,NY,,,,,,,,,0124,,,70,Queens,081,,,2,5602,,,,5600,1,New York,36,,,,0000000194,0000000000,Tract 124,S,40694310,-73834438,,1011,116,0,260,9,511,22,1,12,307
G3600810012601,1990,NY,,,,,,,,,012601,,,70,Queens,081,,,2,5602,,,,5600,1,New York,36,,,,0000000146,0000000000,Tract 126.01,S,40693700,-73838246,,1054,45,1,89,2,322,19,0,4,213
G3600810012602,1990,NY,,,,,,,,,012602,,,70,Queens,081,,,2,5602,,,,5600,1,New York,36,,,,0000000141,0000000000,Tract 126.02,S,40692500,-73841698,,1175,25,0,117,4,265,39,0,2,198
G36008100128,1990,NY,,,,,,,,,0128,,,70,Queens,081,,,2,5602,,,,5600,1,New York,36,,,,0000000143,0000000000,Tract 128,S,40698300,-73840520,,1249,19,1,119,3,189,8,2,4,151
G36008100130,1990,NY,,,,,,,,,0130,,,70,Queens,081,,,2,5602,,,,5600,1,New York,36,,,,0000000184,0000000000,Tract 130,S,40699300,-73839027,,996,15,1,27,0,125,22,0,1,23
G36008100132,1990,NY,,,,,,,,,0132,,,70,Queens,081,,,2,5602,,,,5600,1,New York,36,,,,0000000188,0000000000,Tract 132,S,40700467,-73835497,,923,74,5,88,5,169,25,0,12,135
G36008100134,1990,NY,,,,,,,,,0134,,,70,Queens,081,,,2,5602,,,,5600,1,New York,36,,,,0000000186,0000000000,Tract 134,S,40705350,-73835795,,4012,140,2,298,8,513,22,2,18,237
G36008100135,1990,NY,,,,,,,,,0135,,,70,Queens,081,,,2,5602,,,,5600,1,New York,36,,,,0000000139,0000000000,Tract 135,S,40769650,-73899978,,1347,3,0,17,1,99,0,0,0,21
G36008100136,1990,NY,,,,,,,,,0136,,,70,Queens,081,,,2,5602,,,,5600,1,New York,36,,,,0000000150,0000000000,Tract 136,S,40705833,-73828810,,1042,44,1,83,1,243,8,2,4,87
G36008100137,1990,NY,,,,,,,,,0137,,,70,Queens,081,,,2,5602,,,,5600,1,New York,36,,,,0000000205,0000000000,Tract 137,S,40768500,-73905749,,1064,1,1,31,6,103,0,0,6,62
G36008100138,1990,NY,,,,,,,,,0138,,,70,Queens,081,,,2,5602,,,,5600,1,New York,36,,,,0000000170,0000000000,Tract 138,S,40705700,-73825781,,2599,208,8,328,9,494,25,1,8,177
G36008100140,1990,NY,,,,,,,,,0140,,,70,Queens,081,,,2,5602,,,,5600,1,New York,36,,,,0000000219,0000000000,Tract 140,S,40702500,-73829104,,2380,93,5,399,0,218,17,0,6,210
G36008100141,1990,NY,,,,,,,,,0141,,,70,Queens,081,,,2,5602,,,,5600,1,New York,36,,,,0000000145,0000000000,Tract 141,S,40767400,-73907273,,1213,3,4,97,12,199,11,0,5,89
G3600810014201,1990,NY,,,,,,,,,014201,,,70,Queens,081,,,2,5602,,,,5600,1,New York,36,,,,0000000197,0000000000,Tract 142.01,S,40699700,-73825638,,512,968,28,377,68,715,256,10,12,799
G3600810014202,1990,NY,,,,,,,,,014202,,,70,Queens,081,,,2,5602,,,,5600,1,New York,36,,,,0000000638,0000000000,Tract 142.02,S,40698367,-73820902,,763,462,38,198,25,482,53,11,32,420
G36008100143,1990,NY,,,,,,,,,0143,,,70,Queens,081,,,2,5602,,,,5600,1,New York,36,,,,0000000140,0000000000,Tract 143,S,40765800,-73911943,,2535,21,1,380,28,677,15,0,20,280
G36008100144,1990,NY,,,,,,,,,0144,,,70,Queens,081,,,2,5602,,,,5600,1,New York,36,,,,0000000222,0000000000,Tract 144,S,40698100,-73829529,,613,120,13,184,20,270,29,0,0,195
G36008100145,1990,NY,,,,,,,,,0145,,,70,Queens,081,,,2,5602,,,,5600,1,New York,36,,,,0000000139,0000000000,Tract 145,S,40763950,-73907885,,1788,2,2,93,11,147,5,1,0,185
G36008100147,1990,NY,,,,,,,,,0147,,,70,Queens,081,,,2,5602,,,,5600,1,New York,36,,,,0000000137,0000000000,Tract 147,S,40762686,-73911097,,2385,9,4,171,21,204,0,0,1,89
G36008100148,1990,NY,,,,,,,,,0148,,,70,Queens,081,,,2,5602,,,,5600,1,New York,36,,,,0000000164,0000000000,Tract 148,S,40693900,-73823703,,421,383,11,126,9,204,30,0,0,536
G36008100149,1990,NY,,,,,,,,,0149,,,70,Queens,081,,,2,5602,,,,5600,1,New York,36,,,,0000000103,0000000000,Tract 149,S,40761350,-73914484,,1926,13,1,221,9,341,3,0,7,157
G36008100150,1990,NY,,,,,,,,,0150,,,70,Queens,081,,,2,5602,,,,5600,1,New York,36,,,,0000000148,0000000000,Tract 150,S,40693050,-73822266,,500,632,6,188,33,175,33,0,7,576
G36008100151,1990,NY,,,,,,,,,0151,,,70,Queens,081,,,2,5602,,,,5600,1,New York,36,,,,0000000140,0000000000,Tract 151,S,40759400,-73911655,,1799,21,7,323,35,406,7,5,19,180
G36008100152,1990,NY,,,,,,,,,0152,,,70,Queens,081,,,2,5602,,,,5600,1,New York,36,,,,0000000209,0000000000,Tract 152,S,40694100,-73814266,,199,1025,22,182,52,251,74,1,4,400
G36008100153,1990,NY,,,,,,,,,0153,,,70,Queens,081,,,2,5602,,,,5600,1,New York,36,,,,0000000126,0000000000,Tract 153,S,40757300,-73914393,,1400,16,1,464,36,241,11,0,14,186
G36008100154,1990,NY,,,,,,,,,0154,,,70,Queens,081,,,2,5602,,,,5600,1,New York,36,,,,0000000149,0000000000,Tract 154,S,40691900,-73821686,,378,474,0,211,51,168,41,6,14,503
G36008100155,1990,NY,,,,,,,,,0155,,,70,Queens,081,,,2,5602,,,,5600,1,New York,36,,,,0000000151,0000000000,Tract 155,S,40759700,-73917920,,1413,13,6,303,54,212,2,0,7,213
G36008100156,1990,NY,,,,,,,,,0156,,,70,Queens,081,,,2,5602,,,,5600,1,New York,36,,,,0000000212,0000000000,Tract 156,S,40690050,-73821749,,536,780,1,372,29,234,44,0,7,553
G36008100157,1990,NY,,,,,,,,,0157,,,70,Queens,081,,,2,5602,,,,5600,1,New York,36,,,,0000000129,0000000000,Tract 157,S,40753850,-73922549,,527,15,4,268,18,312,4,2,8,308
G36008100158,1990,NY,,,,,,,,,0158,,,70,Queens,081,,,2,5602,,,,5600,1,New York,36,,,,0000000614,0000000000,Tract 158,S,40687950,-73816108,,776,2960,109,1149,72,1026,398,13,154,893
G36008100159,1990,NY,,,,,,,,,0159,,,70,Queens,081,,,2,5602,,,,5600,1,New York,36,,,,0000000165,0000000000,Tract 159,S,40756600,-73918277,,3015,16,15,322,42,500,5,12,19,303
G36008100161,1990,NY,,,,,,,,,0161,,,70,Queens,081,,,2,5602,,,,5600,1,New York,36,,,,0000000110,0000000000,Tract 161,S,40755100,-73915128,,909,80,23,669,23,360,11,0,17,241
G36008100163,1990,NY,,,,,,,,,0163,,,70,Queens,081,,,2,5602,,,,5600,1,New York,36,,,,0000000216,0000000000,Tract 163,S,40755834,-73910565,,1233,1236,20,736,29,949,167,6,28,567
G36008100164,1990,NY,,,,,,,,,0164,,,70,Queens,081,,,2,5602,,,,5600,1,New York,36,,,,0000000209,0000000000,Tract 164,S,40684850,-73817363,,286,1212,25,393,60,246,87,0,5,542
G36008100166,1990,NY,,,,,,,,,0166,,,70,Queens,081,,,2,5602,,,,5600,1,New York,36,,,,0000000198,0000000000,Tract 166,S,40681450,-73821256,,733,640,12,526,7,495,112,8,41,539
G36008100168,1990,NY,,,,,,,,,0168,,,70,Queens,081,,,2,5602,,,,5600,1,New York,36,,,,0000000202,0000000000,Tract 168,S,40678833,-73817921,,527,428,135,266,26,405,103,6,4,315
G36008100169,1990,NY,,,,,,,,,0169,,,70,Queens,081,,,2,5602,,,,5600,1,New York,36,,,,0000000232,0000000000,Tract 169,S,40748446,-73914524,,3257,55,4,781,5,706,16,2,16,212
G36008100170,1990,NY,,,,,,,,,0170,,,70,Queens,081,,,2,5602,,,,5600,1,New York,36,,,,0000000252,0000000000,Tract 170,S,40684263,-73812300,,103,1567,0,134,53,90,40,0,15,177
G36008100171,1990,NY,,,,,,,,,0171,,,70,Queens,081,,,2,5602,,,,5600,1,New York,36,,,,0000001419,0000000000,Tract 171,S,40748604,-73927912,,209,5,0,0,0,40,1,0,0,2
G36008100172,1990,NY,,,,,,,,,0172,,,70,Queens,081,,,2,5602,,,,5600,1,New York,36,,,,0000000183,0000000000,Tract 172,S,40682113,-73812380,,92,1386,16,111,4,121,69,5,4,142
G36008100174,1990,NY,,,,,,,,,0174,,,70,Queens,081,,,2,5602,,,,5600,1,New York,36,,,,0000000245,0000000000,Tract 174,S,40680600,-73810577,,75,1712,18,75,7,130,88,0,0,131
G36008100176,1990,NY,,,,,,,,,0176,,,70,Queens,081,,,2,5602,,,,5600,1,New York,36,,,,0000000185,0000000000,Tract 176,S,40678600,-73810692,,101,1482,14,92,23,58,78,0,1,101
G36008100178,1990,NY,,,,,,,,,0178,,,70,Queens,081,,,2,5602,,,,5600,1,New York,36,,,,0000000183,0000000000,Tract 178,S,40676850,-73809754,,100,1538,2,45,0,46,61,2,2,157
G36008100179,1990,NY,,,,,,,,,0179,,,70,Queens,081,,,2,5602,,,,5600,1,New York,36,,,,0000000473,0000000000,Tract 179,S,40743993,-73930619,,464,15,0,154,2,320,8,1,5,97
G36008100180,1990,NY,,,,,,,,,0180,,,70,Queens,081,,,2,5602,,,,5600,1,New York,36,,,,0000000164,0000000000,Tract 180,S,40675950,-73806104,,22,753,3,26,2,8,61,0,0,14
G36008100181,1990,NY,,,,,,,,,0181,,,70,Queens,081,,,2,5602,,,,5600,1,New York,36,,,,0000000191,0000000000,Tract 181,S,40744300,-73923872,,4116,83,18,1584,23,1298,44,12,34,619
G36008100182,1990,NY,,,,,,,,,0182,,,70,Queens,081,,,2,5602,,,,5600,1,New York,36,,,,0000000240,0000000000,Tract 182,S,40675376,-73799351,,33,1896,10,6,0,38,86,6,0,46
G36008100183,1990,NY,,,,,,,,,0183,,,70,Queens,081,,,2,5602,,,,5600,1,New York,36,,,,0000000203,0000000000,Tract 183,S,40745600,-73919949,,3139,30,8,1302,22,766,29,17,63,503
G3600810018401,1990,NY,,,,,,,,,018401,,,70,Queens,081,,,2,5602,,,,5600,1,New York,36,,,,0000000189,0000000000,Tract 184.01,S,40674500,-73792089,,18,2049,10,32,0,5,54,1,0,26
G3600810018402,1990,NY,,,,,,,,,018402,,,70,Queens,081,,,2,5602,,,,5600,1,New York,36,,,,0000000210,0000000000,Tract 184.02,S,40679150,-73795385,,13,1817,2,24,2,16,62,2,0,19
G36008100185,1990,NY,,,,,,,,,0185,,,70,Queens,081,,,2,5602,,,,5600,1,New York,36,,,,0000000191,0000000000,Tract 185,S,40739900,-73922938,,3745,163,12,1078,43,976,72,9,61,703
G36008100186,1990,NY,,,,,,,,,0186,,,70,Queens,081,,,2,5602,,,,5600,1,New York,36,,,,0000000170,0000000000,Tract 186,S,40680000,-73798888,,12,1500,2,16,5,5,40,0,0,22
G36008100187,1990,NY,,,,,,,,,0187,,,70,Queens,081,,,2,5602,,,,5600,1,New York,36,,,,0000000238,0000000000,Tract 187,S,40736550,-73924490,,1623,33,4,517,27,359,22,1,7,167
G36008100188,1990,NY,,,,,,,,,0188,,,70,Queens,081,,,2,5602,,,,5600,1,New York,36,,,,0000000162,0000000000,Tract 188,S,40681750,-73799763,,15,1154,3,4,0,6,29,0,1,8
G36008100189,1990,NY,,,,,,,,,0189,,,70,Queens,081,,,2,5602,,,,5600,1,New York,36,,,,0000000221,0000000000,Tract 189,S,40738900,-73927833,,1320,165,9,548,23,523,71,2,13,356
G36008100190,1990,NY,,,,,,,,,0190,,,70,Queens,081,,,2,5602,,,,5600,1,New York,36,,,,0000000187,0000000000,Tract 190,S,40685000,-73795379,,22,1656,10,28,5,15,31,5,0,23
G36008100191,1990,NY,,,,,,,,,0191,,,70,Queens,081,,,2,5602,,,,5600,1,New York,36,,,,0000000377,0000000000,Tract 191,S,40739800,-73934274,,218,445,3,1,0,94,102,2,0,55
G36008100192,1990,NY,,,,,,,,,0192,,,70,Queens,081,,,2,5602,,,,5600,1,New York,36,,,,0000000189,0000000000,Tract 192,S,40683400,-73800569,,16,1764,14,23,4,9,77,0,1,33
G3600810019401,1990,NY,,,,,,,,,019401,,,70,Queens,081,,,2,5602,,,,5600,1,New York,36,,,,0000000115,0000000000,Tract 194.01,S,40685514,-73805181,,18,841,10,6,12,9,21,0,0,24
G3600810019402,1990,NY,,,,,,,,,019402,,,70,Queens,081,,,2,5602,,,,5600,1,New York,36,,,,0000000165,0000000000,Tract 194.02,S,40686000,-73802547,,11,1237,4,13,5,10,53,0,0,44
G36008100196,1990,NY,,,,,,,,,0196,,,70,Queens,081,,,2,5602,,,,5600,1,New York,36,,,,0000000222,0000000000,Tract 196,S,40688900,-73800849,,68,2022,14,23,3,37,66,0,0,61
G36008100197,1990,NY,,,,,,,,,0197,,,70,Queens,081,,,2,5602,,,,5600,1,New York,36,,,,0000001127,0000000075,Tract 197,S,40734600,-73935616,,290,12,0,30,0,149,0,0,3,51
G36008100198,1990,NY,,,,,,,,,0198,,,70,Queens,081,,,2,5602,,,,5600,1,New York,36,,,,0000000211,0000000000,Tract 198,S,40691350,-73803330,,66,1942,3,46,21,18,61,0,2,39
G36008100202,1990,NY,,,,,,,,,0202,,,70,Queens,081,,,2,5602,,,,5600,1,New York,36,,,,0000000121,0000000000,Tract 202,S,40690251,-73808578,,13,937,23,12,1,22,39,0,1,38
G36008100204,1990,NY,,,,,,,,,0204,,,70,Queens,081,,,2,5602,,,,5600,1,New York,36,,,,0000000194,0000000000,Tract 204,S,40694100,-73805546,,136,1249,4,15,7,71,46,5,0,96
G3600810020501,1990,NY,,,,,,,,,020501,,,70,Queens,081,,,2,5602,,,,5600,1,New York,36,,,,0000000520,0000000000,Tract 205.01,S,40729700,-73923411,,118,4,0,20,1,79,0,0,0,74
G3600810020502,1990,NY,,,,,,,,,020502,,,70,Queens,081,,,2,5602,,,,5600,1,New York,36,,,,0000000075,0000000000,Tract 205.02,S,40732733,-73919879,,453,4,0,39,0,70,17,0,0,164
G36008100206,1990,NY,,,,,,,,,0206,,,70,Queens,081,,,2,5602,,,,5600,1,New York,36,,,,0000000145,0000000000,Tract 206,S,40694037,-73810490,,211,792,14,55,5,170,98,0,8,171
G36008100208,1990,NY,,,,,,,,,0208,,,70,Queens,081,,,2,5602,,,,5600,1,New York,36,,,,0000000426,0000000000,Tract 208,S,40698300,-73808620,,524,918,6,51,10,301,164,0,8,301
G36008100212,1990,NY,,,,,,,,,0212,,,70,Queens,081,,,2,5602,,,,5600,1,New York,36,,,,0000000196,0000000000,Tract 212,S,40700750,-73812599,,337,502,23,227,30,393,111,7,53,581
G36008100214,1990,NY,,,,,,,,,0214,,,70,Queens,081,,,2,5602,,,,5600,1,New York,36,,,,0000000342,0000000000,Tract 214,S,40705914,-73814737,,1595,797,50,1195,36,820,152,2,78,873
G36008100216,1990,NY,,,,,,,,,0216,,,70,Queens,081,,,2,5602,,,,5600,1,New York,36,,,,0000000747,0000000000,Tract 216,S,40708050,-73823946,,2312,616,6,359,3,676,77,0,10,429
G36008100219,1990,NY,,,,,,,,,0219,,,70,Queens,081,,,2,5602,,,,5600,1,New York,36,,,,0000001457,0000000147,Tract 219,S,40723510,-73918283,,68,1,0,4,0,6,0,0,0,3
G3600810022001,1990,NY,,,,,,,,,022001,,,70,Queens,081,,,2,5602,,,,5600,1,New York,36,,,,0000000310,0000000000,Tract 220.01,S,40713413,-73819812,,3656,447,14,450,8,526,36,1,0,276
G3600810022002,1990,NY,,,,,,,,,022002,,,70,Queens,081,,,2,5602,,,,5600,1,New York,36,,,,0000000338,0000000000,Tract 220.02,S,40713330,-73814322,,3186,258,22,730,31,368,28,2,12,267
G36008100229,1990,NY,,,,,,,,,0229,,,70,Queens,081,,,2,5602,,,,5600,1,New York,36,,,,0000001185,0000000000,Tract 229,S,40732800,-73914906,,0,0,0,0,0,0,0,0,0,0
G36008100230,1990,NY,,,,,,,,,0230,,,70,Queens,081,,,2,5602,,,,5600,1,New York,36,,,,0000000170,0000000000,Tract 230,S,40712400,-73808662,,909,80,0,275,1,153,5,0,2,128
G36008100232,1990,NY,,,,,,,,,0232,,,70,Queens,081,,,2,5602,,,,5600,1,New York,36,,,,0000000332,0000000000,Tract 232,S,40708350,-73811778,,1560,657,18,929,48,475,70,0,56,424
G36008100235,1990,NY,,,,,,,,,0235,,,70,Queens,081,,,2,5602,,,,5600,1,New York,36,,,,0000000256,0000000000,Tract 235,S,40739715,-73918398,,1663,92,9,874,45,2433,342,3,25,1968
G36008100236,1990,NY,,,,,,,,,0236,,,70,Queens,081,,,2,5602,,,,5600,1,New York,36,,,,0000000171,0000000000,Tract 236,S,40707111,-73805457,,470,478,22,516,20,463,40,12,34,501
G36008100238,1990,NY,,,,,,,,,0238,,,70,Queens,081,,,2,5602,,,,5600,1,New York,36,,,,0000000164,0000000000,Tract 238,S,40705050,-73809300,,224,1528,157,510,51,676,400,18,34,1200
G36008100240,1990,NY,,,,,,,,,0240,,,70,Queens,081,,,2,5602,,,,5600,1,New York,36,,,,0000000231,0000000000,Tract 240,S,40702450,-73805800,,416,1261,63,508,70,925,358,20,60,1696
G36008100243,1990,NY,,,,,,,,,0243,,,70,Queens,081,,,2,5602,,,,5600,1,New York,36,,,,0000000569,0000000000,Tract 243,S,40736000,-73902676,,2516,30,1,611,25,600,4,4,21,464
G36008100244,1990,NY,,,,,,,,,0244,,,70,Queens,081,,,2,5602,,,,5600,1,New York,36,,,,0000000122,0000000000,Tract 244,S,40703445,-73797531,,0,0,0,0,0,0,0,0,0,0
G36008100245,1990,NY,,,,,,,,,0245,,,70,Queens,081,,,2,5602,,,,5600,1,New York,36,,,,0000000270,0000000000,Tract 245,S,40738973,-73905517,,2772,57,1,568,20,331,15,1,22,208
G36008100246,1990,NY,,,,,,,,,0246,,,70,Queens,081,,,2,5602,,,,5600,1,New York,36,,,,0000000251,0000000000,Tract 246,S,40701109,-73798304,,19,59,1,7,0,17,13,0,1,1
G36008100247,1990,NY,,,,,,,,,0247,,,70,Queens,081,,,2,5602,,,,5600,1,New York,36,,,,0000000099,0000000000,Tract 247,S,40741750,-73900308,,414,0,0,411,2,164,4,3,10,94
G36008100248,1990,NY,,,,,,,,,0248,,,70,Queens,081,,,2,5602,,,,5600,1,New York,36,,,,0000000183,0000000000,Tract 248,S,40699140,-73792629,,8,784,2,4,0,0,35,0,0,11
G36008100249,1990,NY,,,,,,,,,0249,,,70,Queens,081,,,2,5602,,,,5600,1,New York,36,,,,0000000197,0000000000,Tract 249,S,40742050,-73904342,,2062,54,1,1254,15,405,28,0,66,249
G36008100250,1990,NY,,,,,,,,,0250,,,70,Queens,081,,,2,5602,,,,5600,1,New York,36,,,,0000000209,0000000000,Tract 250,S,40698150,-73799810,,8,86,9,0,0,11,3,0,0,4
G36008100251,1990,NY,,,,,,,,,0251,,,70,Queens,081,,,2,5602,,,,5600,1,New York,36,,,,0000000235,0000000000,Tract 251,S,40744933,-73910387,,2476,43,5,971,9,901,25,0,43,484
G36008100252,1990,NY,,,,,,,,,0252,,,70,Queens,081,,,2,5602,,,,5600,1,New York,36,,,,0000000495,0000000000,Tract 252,S,40695500,-73796629,,34,4486,36,6,1,66,115,2,1,82
G36008100253,1990,NY,,,,,,,,,0253,,,70,Queens,081,,,2,5602,,,,5600,1,New York,36,,,,0000000235,0000000000,Tract 253,S,40743500,-73915609,,2966,64,30,1737,63,1115,19,6,78,838
G36008100255,1990,NY,,,,,,,,,0255,,,70,Queens,081,,,2,5602,,,,5600,1,New York,36,,,,0000000217,0000000000,Tract 255,S,40750100,-73908039,,805,15,1,562,2,302,5,0,20,127
G36008100257,1990,NY,,,,,,,,,0257,,,70,Queens,081,,,2,5602,,,,5600,1,New York,36,,,,0000000150,0000000000,Tract 257,S,40748950,-73905626,,630,7,0,345,5,164,4,6,0,170
G36008100258,1990,NY,,,,,,,,,0258,,,70,Queens,081,,,2,5602,,,,5600,1,New York,36,,,,0000000212,0000000000,Tract 258,S,40695220,-73788124,,9,1114,13,19,0,0,34,0,1,30
G36008100259,1990,NY,,,,,,,,,0259,,,70,Queens,081,,,2,5602,,,,5600,1,New York,36,,,,0000000188,0000000000,Tract 259,S,40748492,-73903944,,992,10,3,845,14,514,9,1,57,284
G36008100260,1990,NY,,,,,,,,,0260,,,70,Queens,081,,,2,5602,,,,5600,1,New York,36,,,,0000000188,0000000000,Tract 260,S,40692300,-73794173,,9,1651,2,7,0,0,38,0,0,42
G36008100261,1990,NY,,,,,,,,,0261,,,70,Queens,081,,,2,5602,,,,5600,1,New York,36,,,,0000000227,0000000000,Tract 261,S,40747550,-73901122,,1874,98,14,1792,25,1146,196,5,53,1378
G36008100262,1990,NY,,,,,,,,,0262,,,70,Queens,081,,,2,5602,,,,5600,1,New York,36,,,,0000000147,0000000000,Tract 262,S,40690700,-73792999,,4,1008,1,11,0,1,46,0,0,38
G36008100263,1990,NY,,,,,,,,,0263,,,70,Queens,081,,,2,5602,,,,5600,1,New York,36,,,,0000000197,0000000000,Tract 263,S,40744999,-73897063,,1487,20,1,1598,19,1014,15,1,61,631
G36008100264,1990,NY,,,,,,,,,0264,,,70,Queens,081,,,2,5602,,,,5600,1,New York,36,,,,0000000258,0000000000,Tract 264,S,40692016,-73786391,,12,1295,3,0,0,0,37,0,0,11
G36008100265,1990,NY,,,,,,,,,0265,,,70,Queens,081,,,2,5602,,,,5600,1,New York,36,,,,0000000189,0000000000,Tract 265,S,40744433,-73893043,,726,44,5,1767,5,650,13,7,36,435
G36008100266,1990,NY,,,,,,,,,0266,,,70,Queens,081,,,2,5602,,,,5600,1,New York,36,,,,0000000166,0000000000,Tract 266,S,40691329,-73782335,,16,1663,10,4,0,2,46,0,0,13
G36008100267,1990,NY,,,,,,,,,0267,,,70,Queens,081,,,2,5602,,,,5600,1,New York,36,,,,0000000210,0000000000,Tract 267,S,40745033,-73888210,,905,109,4,2301,31,1322,46,1,130,700
G36008100269,1990,NY,,,,,,,,,0269,,,70,Queens,081,,,2,5602,,,,5600,1,New York,36,,,,0000000203,0000000000,Tract 269,S,40745450,-73883251,,1318,99,11,3224,47,1870,85,25,128,1148
G36008100270,1990,NY,,,,,,,,,0270,,,70,Queens,081,,,2,5602,,,,5600,1,New York,36,,,,0000000181,0000000000,Tract 270,S,40688850,-73792507,,11,1259,6,6,1,13,33,0,0,18
G36008100271,1990,NY,,,,,,,,,0271,,,70,Queens,081,,,2,5602,,,,5600,1,New York,36,,,,0000000145,0000000000,Tract 271,S,40744750,-73879791,,1039,219,29,2630,67,1349,151,11,227,1720
G36008100272,1990,NY,,,,,,,,,0272,,,70,Queens,081,,,2,5602,,,,5600,1,New York,36,,,,0000000160,0000000000,Tract 272,S,40683450,-73791886,,11,1524,8,0,2,19,43,0,0,2
G36008100273,1990,NY,,,,,,,,,0273,,,70,Queens,081,,,2,5602,,,,5600,1,New York,36,,,,0000000198,0000000000,Tract 273,S,40751700,-73873182,,925,347,14,912,47,2621,450,26,134,2214
G36008100274,1990,NY,,,,,,,,,0274,,,70,Queens,081,,,2,5602,,,,5600,1,New York,36,,,,0000000142,0000000000,Tract 274,S,40684950,-73789584,,14,1578,8,10,0,6,44,0,0,21
G36008100275,1990,NY,,,,,,,,,0275,,,70,Queens,081,,,2,5602,,,,5600,1,New York,36,,,,0000000176,0000000000,Tract 275,S,40751400,-73876026,,1400,172,4,988,13,2030,98,13,123,777
G36008100276,1990,NY,,,,,,,,,0276,,,70,Queens,081,,,2,5602,,,,5600,1,New York,36,,,,0000000167,0000000000,Tract 276,S,40687362,-73786259,,2,789,9,7,0,1,14,4,1,10
G36008100277,1990,NY,,,,,,,,,0277,,,70,Queens,081,,,2,5602,,,,5600,1,New York,36,,,,0000000163,0000000000,Tract 277,S,40753150,-73878225,,1852,193,17,1547,18,2078,188,15,195,1212
G36008100278,1990,NY,,,,,,,,,0278,,,70,Queens,081,,,2,5602,,,,5600,1,New York,36,,,,0000000169,0000000000,Tract 278,S,40685069,-73782709,,23,2029,11,4,2,30,70,0,0,33
G36008100279,1990,NY,,,,,,,,,0279,,,70,Queens,081,,,2,5602,,,,5600,1,New York,36,,,,0000000176,0000000000,Tract 279,S,40750900,-73880569,,2062,61,4,565,50,1589,63,10,72,858
G36008100280,1990,NY,,,,,,,,,0280,,,70,Queens,081,,,2,5602,,,,5600,1,New York,36,,,,0000000172,0000000000,Tract 280,S,40688023,-73780358,,10,1259,12,3,3,1,26,0,0,8
G36008100281,1990,NY,,,,,,,,,0281,,,70,Queens,081,,,2,5602,,,,5600,1,New York,36,,,,0000000171,0000000000,Tract 281,S,40752650,-73882819,,2611,44,3,485,17,1166,38,6,41,616
G36008100282,1990,NY,,,,,,,,,0282,,,70,Queens,081,,,2,5602,,,,5600,1,New York,36,,,,0000000178,0000000000,Tract 282,S,40684250,-73774598,,11,1197,4,1,1,9,31,0,0,14
G36008100283,1990,NY,,,,,,,,,0283,,,70,Queens,081,,,2,5602,,,,5600,1,New York,36,,,,0000000183,0000000000,Tract 283,S,40750400,-73885258,,3101,60,14,651,26,1509,63,8,68,792
G36008100284,1990,NY,,,,,,,,,0284,,,70,Queens,081,,,2,5602,,,,5600,1,New York,36,,,,0000000420,0000000000,Tract 284,S,40681933,-73778026,,19,2191,15,17,5,17,38,0,1,11
G36008100285,1990,NY,,,,,,,,,0285,,,70,Queens,081,,,2,5602,,,,5600,1,New York,36,,,,0000000157,0000000000,Tract 285,S,40750150,-73887104,,2767,45,6,438,6,881,19,2,22,326
G36008100287,1990,NY,,,,,,,,,0287,,,70,Queens,081,,,2,5602,,,,5600,1,New York,36,,,,0000000197,0000000000,Tract 287,S,40749950,-73889999,,3099,90,10,790,32,1045,40,2,31,629
G36008100288,1990,NY,,,,,,,,,0288,,,70,Queens,081,,,2,5602,,,,5600,1,New York,36,,,,0000000703,0000000098,Tract 288,S,40676737,-73785552,,21,3253,21,23,1,41,81,1,1,22
G36008100289,1990,NY,,,,,,,,,0289,,,70,Queens,081,,,2,5602,,,,5600,1,New York,36,,,,0000000173,0000000000,Tract 289,S,40751700,-73892154,,2202,59,7,799,21,626,19,1,16,415
G36008100291,1990,NY,,,,,,,,,0291,,,70,Queens,081,,,2,5602,,,,5600,1,New York,36,,,,0000000256,0000000000,Tract 291,S,40751300,-73895999,,2073,50,8,1527,41,846,28,4,54,507
G36008100292,1990,NY,,,,,,,,,0292,,,70,Queens,081,,,2,5602,,,,5600,1,New York,36,,,,0000000755,0000000000,Tract 292,S,40672750,-73779843,,82,4720,25,18,8,12,124,0,0,48
G36008100293,1990,NY,,,,,,,,,0293,,,70,Queens,081,,,2,5602,,,,5600,1,New York,36,,,,0000000145,0000000000,Tract 293,S,40750850,-73899748,,289,36,9,338,9,136,44,1,25,227
G36008100295,1990,NY,,,,,,,,,0295,,,70,Queens,081,,,2,5602,,,,5600,1,New York,36,,,,0000000185,0000000000,Tract 295,S,40755900,-73907106,,2208,123,1,518,21,337,19,0,7,196
G36008100297,1990,NY,,,,,,,,,0297,,,70,Queens,081,,,2,5602,,,,5600,1,New York,36,,,,0000000513,0000000000,Tract 297,S,40757734,-73903380,,957,21,0,251,17,135,7,2,5,133
G36008100299,1990,NY,,,,,,,,,0299,,,70,Queens,081,,,2,5602,,,,5600,1,New York,36,,,,0000000426,0000000000,Tract 299,S,40765698,-73898797,,127,0,0,26,0,90,0,0,2,30
G36008100304,1990,NY,,,,,,,,,0304,,,70,Queens,081,,,2,5602,,,,5600,1,New York,36,,,,0000000617,0000000000,Tract 304,S,40665131,-73773800,,84,2188,6,15,2,31,56,0,1,71
G3600810030901,1990,NY,,,,,,,,,030901,,,70,Queens,081,,,2,5602,,,,5600,1,New York,36,,,,0000000744,0000000000,Tract 309.01,S,40759500,-73890823,,3682,58,23,1396,68,1408,55,1,95,1000
G3600810030902,1990,NY,,,,,,,,,030902,,,70,Queens,081,,,2,5602,,,,5600,1,New York,36,,,,0000000418,0000000000,Tract 309.02,S,40757000,-73896904,,3387,66,6,1292,38,1219,47,2,35,645
G36008100317,1990,NY,,,,,,,,,0317,,,70,Queens,081,,,2,5602,,,,5600,1,New York,36,,,,0000000587,0000000000,Tract 317,S,40769200,-73893526,,4765,29,10,159,1,448,9,3,2,156
G36008100320,1990,NY,,,,,,,,,0320,,,70,Queens,081,,,2,5602,,,,5600,1,New York,36,,,,0000001028,0000000000,Tract 320,S,40661800,-73765499,,127,2819,12,49,0,30,110,0,1,138
G36008100327,1990,NY,,,,,,,,,0327,,,70,Queens,081,,,2,5602,,,,5600,1,New York,36,,,,0000000158,0000000000,Tract 327,S,40758139,-73885850,,1004,23,8,485,26,670,30,0,19,637
G36008100328,1990,NY,,,,,,,,,0328,,,70,Queens,081,,,2,5602,,,,5600,1,New York,36,,,,0000000370,0000000000,Tract 328,S,40671750,-73756061,,43,1658,3,1,3,12,51,0,0,15
G36008100329,1990,NY,,,,,,,,,0329,,,70,Queens,081,,,2,5602,,,,5600,1,New York,36,,,,0000000428,0000000000,Tract 329,S,40764500,-73883246,,971,139,5,279,17,749,41,0,19,380
G36008100330,1990,NY,,,,,,,,,0330,,,70,Queens,081,,,2,5602,,,,5600,1,New York,36,,,,0000000804,0000000000,Tract 330,S,40669900,-73763913,,45,4828,9,37,16,20,110,1,5,41
G36008100331,1990,NY,,,,,,,,,0331,,,70,Queens,081,,,2,5602,,,,5600,1,New York,36,,,,0000003152,0000001967,Tract 331,S,40773214,-73874004,,28,12,0,1,0,8,2,0,0,0
G3600810033401,1990,NY,,,,,,,,,033401,,,70,Queens,081,,,2,5602,,,,5600,1,New York,36,,,,0000000536,0000000000,Tract 334.01,S,40679523,-73768059,,38,2109,23,11,1,6,47,0,0,32
G3600810033402,1990,NY,,,,,,,,,033402,,,70,Queens,081,,,2,5602,,,,5600,1,New York,36,,,,0000000789,0000000000,Tract 334.02,S,40675950,-73773238,,566,12121,39,32,15,32,280,4,2,94
G36008100337,1990,NY,,,,,,,,,0337,,,70,Queens,081,,,2,5602,,,,5600,1,New York,36,,,,0000000149,0000000000,Tract 337,S,40758438,-73883074,,777,45,2,473,64,483,24,1,23,612
G36008100339,1990,NY,,,,,,,,,0339,,,70,Queens,081,,,2,5602,,,,5600,1,New York,36,,,,0000000153,0000000000,Tract 339,S,40758750,-73880202,,1035,108,13,312,38,610,29,3,21,516
G36008100347,1990,NY,,,,,,,,,0347,,,70,Queens,081,,,2,5602,,,,5600,1,New York,36,,,,0000000299,0000000000,Tract 347,S,40766500,-73878881,,479,705,6,199,22,589,187,4,18,465
G36008100351,1990,NY,,,,,,,,,0351,,,70,Queens,081,,,2,5602,,,,5600,1,New York,36,,,,0000000142,0000000000,Tract 351,S,40759050,-73877517,,1277,228,12,310,13,1004,95,0,24,633
G36008100352,1990,NY,,,,,,,,,0352,,,70,Queens,081,,,2,5602,,,,5600,1,New York,36,,,,0000000622,0000000000,Tract 352,S,40679760,-73758774,,31,2207,11,15,3,4,33,0,0,18
G36008100353,1990,NY,,,,,,,,,0353,,,70,Queens,081,,,2,5602,,,,5600,1,New York,36,,,,0000000156,0000000000,Tract 353,S,40759400,-73874561,,125,848,13,98,10,356,124,9,0,598
G36008100355,1990,NY,,,,,,,,,0355,,,70,Queens,081,,,2,5602,,,,5600,1,New York,36,,,,0000000338,0000000000,Tract 355,S,40767150,-73873150,,131,1582,16,18,11,77,95,5,2,225
G36008100358,1990,NY,,,,,,,,,0358,,,70,Queens,081,,,2,5602,,,,5600,1,New York,36,,,,0000000507,0000000000,Tract 358,S,40675900,-73751399,,86,3356,2,4,14,38,115,0,0,35
G36008100361,1990,NY,,,,,,,,,0361,,,70,Queens,081,,,2,5602,,,,5600,1,New York,36,,,,0000000156,0000000000,Tract 361,S,40761000,-73873018,,86,1246,21,27,12,60,71,1,0,194
G36008100363,1990,NY,,,,,,,,,0363,,,70,Queens,081,,,2,5602,,,,5600,1,New York,36,,,,0000000135,0000000000,Tract 363,S,40759750,-73869949,,37,1137,15,40,3,86,78,0,1,165
G36008100365,1990,NY,,,,,,,,,0365,,,70,Queens,081,,,2,5602,,,,5600,1,New York,36,,,,0000000168,0000000000,Tract 365,S,40758300,-73865728,,19,1700,16,106,12,99,131,9,0,264
G36008100366,1990,NY,,,,,,,,,0366,,,70,Queens,081,,,2,5602,,,,5600,1,New York,36,,,,0000000361,0000000000,Tract 366,S,40684500,-73764157,,22,2214,13,13,7,8,75,0,0,25
G36008100367,1990,NY,,,,,,,,,0367,,,70,Queens,081,,,2,5602,,,,5600,1,New York,36,,,,0000000199,0000000000,Tract 367,S,40762350,-73867737,,23,1711,2,25,3,42,86,5,1,75
G36008100368,1990,NY,,,,,,,,,0368,,,70,Queens,081,,,2,5602,,,,5600,1,New York,36,,,,0000000224,0000000000,Tract 368,S,40685750,-73767449,,22,1979,6,12,1,0,31,0,0,12
G36008100369,1990,NY,,,,,,,,,0369,,,70,Queens,081,,,2,5602,,,,5600,1,New York,36,,,,0000000143,0000000000,Tract 369,S,40767500,-73869389,,224,639,3,15,3,35,53,0,1,38
G36008100371,1990,NY,,,,,,,,,0371,,,70,Queens,081,,,2,5602,,,,5600,1,New York,36,,,,0000000137,0000000000,Tract 371,S,40763950,-73864832,,29,926,3,7,0,6,23,0,0,35
G36008100373,1990,NY,,,,,,,,,0373,,,70,Queens,081,,,2,5602,,,,5600,1,New York,36,,,,0000000197,0000000000,Tract 373,S,40758700,-73861063,,21,1027,14,11,20,39,66,0,3,221
G36008100375,1990,NY,,,,,,,,,0375,,,70,Queens,081,,,2,5602,,,,5600,1,New York,36,,,,0000000159,0000000000,Tract 375,S,40750350,-73870207,,140,368,4,422,20,499,181,2,23,1214
G36008100376,1990,NY,,,,,,,,,0376,,,70,Queens,081,,,2,5602,,,,5600,1,New York,36,,,,0000000760,0000000000,Tract 376,S,40687400,-73754727,,69,5184,18,23,9,23,123,3,0,32
G36008100377,1990,NY,,,,,,,,,0377,,,70,Queens,081,,,2,5602,,,,5600,1,New York,36,,,,0000000146,0000000000,Tract 377,S,40755950,-73869237,,51,1219,15,15,31,273,229,3,8,517
G36008100379,1990,NY,,,,,,,,,0379,,,70,Queens,081,,,2,5602,,,,5600,1,New York,36,,,,0000000199,0000000000,Tract 379,S,40755100,-73864689,,128,1203,15,61,13,365,242,13,1,998
G36008100381,1990,NY,,,,,,,,,0381,,,70,Queens,081,,,2,5602,,,,5600,1,New York,36,,,,0000000253,0000000000,Tract 381,S,40755100,-73858099,,67,2239,14,91,22,251,351,1,15,914
G36008100383,1990,NY,,,,,,,,,0383,,,70,Queens,081,,,2,5602,,,,5600,1,New York,36,,,,0000005694,0000001399,Tract 383,S,40746950,-73843673,,80,156,3,0,0,3,14,0,0,8
G36008100384,1990,NY,,,,,,,,,0384,,,70,Queens,081,,,2,5602,,,,5600,1,New York,36,,,,0000000307,0000000000,Tract 384,S,40693400,-73748499,,27,2181,10,5,13,7,42,1,0,14
G36008100394,1990,NY,,,,,,,,,0394,,,70,Queens,081,,,2,5602,,,,5600,1,New York,36,,,,0000000343,0000000000,Tract 394,S,40689600,-73759412,,15,2437,14,20,2,2,48,0,0,30
G36008100398,1990,NY,,,,,,,,,0398,,,70,Queens,081,,,2,5602,,,,5600,1,New York,36,,,,0000000195,0000000000,Tract 398,S,40694155,-73764762,,20,1372,2,6,4,6,34,0,0,18
G36008100399,1990,NY,,,,,,,,,0399,,,70,Queens,081,,,2,5602,,,,5600,1,New York,36,,,,0000000138,0000000000,Tract 399,S,40751450,-73854339,,298,351,3,371,55,581,173,6,31,1011
G36008100400,1990,NY,,,,,,,,,0400,,,70,Queens,081,,,2,5602,,,,5600,1,New York,36,,,,0000000201,0000000000,Tract 400,S,40697500,-73765249,,11,1161,10,13,0,1,43,0,0,9
G36008100401,1990,NY,,,,,,,,,0401,,,70,Queens,081,,,2,5602,,,,5600,1,New York,36,,,,0000000210,0000000000,Tract 401,S,40751300,-73857813,,411,351,28,489,38,975,522,28,38,2139
G36008100402,1990,NY,,,,,,,,,0402,,,70,Queens,081,,,2,5602,,,,5600,1,New York,36,,,,0000000227,0000000000,Tract 402,S,40700350,-73768899,,13,1217,2,15,1,1,19,0,0,11
G36008100403,1990,NY,,,,,,,,,0403,,,70,Queens,081,,,2,5602,,,,5600,1,New York,36,,,,0000000198,0000000000,Tract 403,S,40750500,-73860679,,367,157,23,471,32,1232,322,12,97,1438
G36008100404,1990,NY,,,,,,,,,0404,,,70,Queens,081,,,2,5602,,,,5600,1,New York,36,,,,0000000440,0000000000,Tract 404,S,40704700,-73770682,,37,3476,15,30,5,11,78,4,2,31
G36008100405,1990,NY,,,,,,,,,0405,,,70,Queens,081,,,2,5602,,,,5600,1,New York,36,,,,0000000125,0000000000,Tract 405,S,40749367,-73863736,,176,131,2,198,18,706,265,13,18,959
G36008100407,1990,NY,,,,,,,,,0407,,,70,Queens,081,,,2,5602,,,,5600,1,New York,36,,,,0000000195,0000000000,Tract 407,S,40749800,-73866787,,455,492,11,407,30,1569,583,45,54,2215
G36008100409,1990,NY,,,,,,,,,0409,,,70,Queens,081,,,2,5602,,,,5600,1,New York,36,,,,0000000153,0000000000,Tract 409,S,40749600,-73867667,,267,293,3,302,28,1223,397,19,48,911
G36008100410,1990,NY,,,,,,,,,0410,,,70,Queens,081,,,2,5602,,,,5600,1,New York,36,,,,0000000708,0000000000,Tract 410,S,40706100,-73779824,,27,371,3,11,0,23,30,2,1,18
G36008100411,1990,NY,,,,,,,,,0411,,,70,Queens,081,,,2,5602,,,,5600,1,New York,36,,,,0000000146,0000000000,Tract 411,S,40743150,-73865685,,339,39,1,246,22,640,80,5,28,1475
G36008100413,1990,NY,,,,,,,,,0413,,,70,Queens,081,,,2,5602,,,,5600,1,New York,36,,,,0000000156,0000000000,Tract 413,S,40744833,-73860945,,856,42,1,301,14,539,66,12,11,975
G36008100414,1990,NY,,,,,,,,,0414,,,70,Queens,081,,,2,5602,,,,5600,1,New York,36,,,,0000000480,0000000000,Tract 414,S,40699450,-73781791,,24,3397,11,15,2,12,81,6,1,12
G36008100415,1990,NY,,,,,,,,,0415,,,70,Queens,081,,,2,5602,,,,5600,1,New York,36,,,,0000000170,0000000000,Tract 415,S,40746948,-73856223,,786,68,2,411,19,452,73,3,18,749
G36008100420,1990,NY,,,,,,,,,0420,,,70,Queens,081,,,2,5602,,,,5600,1,New York,36,,,,0000000228,0000000000,Tract 420,S,40694700,-73770631,,7,722,23,3,0,0,33,0,0,7
G36008100422,1990,NY,,,,,,,,,0422,,,70,Queens,081,,,2,5602,,,,5600,1,New York,36,,,,0000000164,0000000000,Tract 422,S,40695450,-73773633,,10,773,5,0,0,1,23,0,0,4
G36008100424,1990,NY,,,,,,,,,0424,,,70,Queens,081,,,2,5602,,,,5600,1,New York,36,,,,0000000129,0000000000,Tract 424,S,40693567,-73776324,,7,574,9,0,0,0,18,0,1,6
G36008100426,1990,NY,,,,,,,,,0426,,,70,Queens,081,,,2,5602,,,,5600,1,New York,36,,,,0000000535,0000000000,Tract 426,S,40689148,-73768693,,317,212,11,2,0,4,31,1,1,1
G36008100427,1990,NY,,,,,,,,,0427,,,70,Queens,081,,,2,5602,,,,5600,1,New York,36,,,,0000000163,0000000000,Tract 427,S,40743774,-73854280,,1050,58,10,275,23,553,28,7,15,1066
G36008100432,1990,NY,,,,,,,,,0432,,,70,Queens,081,,,2,5602,,,,5600,1,New York,36,,,,0000000235,0000000000,Tract 432,S,40691150,-73776981,,12,837,3,6,0,18,35,2,0,9
G36008100434,1990,NY,,,,,,,,,0434,,,70,Queens,081,,,2,5602,,,,5600,1,New York,36,,,,0000000210,0000000000,Tract 434,S,40696300,-73779553,,19,1431,0,12,9,2,17,5,0,16
G36008100437,1990,NY,,,,,,,,,0437,,,70,Queens,081,,,2,5602,,,,5600,1,New York,36,,,,0000000295,0000000000,Tract 437,S,40738400,-73854680,,2449,1154,6,1444,41,1397,183,10,37,1916
G36008100439,1990,NY,,,,,,,,,0439,,,70,Queens,081,,,2,5602,,,,5600,1,New York,36,,,,0000000162,0000000000,Tract 439,S,40741950,-73856598,,758,102,5,250,15,581,63,9,20,1253
G36008100440,1990,NY,,,,,,,,,0440,,,70,Queens,081,,,2,5602,,,,5600,1,New York,36,,,,0000000386,0000000000,Tract 440,S,40702300,-73784685,,28,3245,5,37,2,17,91,6,4,82
G36008100442,1990,NY,,,,,,,,,0442,,,70,Queens,081,,,2,5602,,,,5600,1,New York,36,,,,0000000199,0000000000,Tract 442,S,40706700,-73787548,,124,961,28,97,13,207,65,4,9,187
G36008100443,1990,NY,,,,,,,,,0443,,,70,Queens,081,,,2,5602,,,,5600,1,New York,36,,,,0000000414,0000000000,Tract 443,S,40740075,-73862736,,827,943,20,1814,27,848,181,17,49,1473
G3600810044601,1990,NY,,,,,,,,,044601,,,70,Queens,081,,,2,5602,,,,5600,1,New York,36,,,,0000000148,0000000000,Tract 446.01,S,40705350,-73798315,,187,1511,19,125,25,222,205,7,8,502
G3600810044602,1990,NY,,,,,,,,,044602,,,70,Queens,081,,,2,5602,,,,5600,1,New York,36,,,,0000000179,0000000000,Tract 446.02,S,40707050,-73800420,,422,2358,12,430,42,545,277,4,24,628
G36008100448,1990,NY,,,,,,,,,0448,,,70,Queens,081,,,2,5602,,,,5600,1,New York,36,,,,0000000205,0000000000,Tract 448,S,40710000,-73802329,,757,423,20,426,7,234,21,4,48,140
G36008100450,1990,NY,,,,,,,,,0450,,,70,Queens,081,,,2,5602,,,,5600,1,New York,36,,,,0000000184,0000000000,Tract 450,S,40714100,-73805046,,968,65,2,299,6,148,5,5,3,135
G36008100452,1990,NY,,,,,,,,,0452,,,70,Queens,081,,,2,5602,,,,5600,1,New York,36,,,,0000000229,0000000000,Tract 452,S,40714567,-73800109,,536,66,3,203,5,54,4,0,27,64
G36008100454,1990,NY,,,,,,,,,0454,,,70,Queens,081,,,2,5602,,,,5600,1,New York,36,,,,0000000228,0000000000,Tract 454,S,40712450,-73795920,,784,1020,54,1042,17,239,70,12,56,251
G36008100455,1990,NY,,,,,,,,,0455,,,70,Queens,081,,,2,5602,,,,5600,1,New York,36,,,,0000000167,0000000000,Tract 455,S,40735850,-73862701,,635,8706,28,220,62,642,681,4,20,912
G3600810045698,1990,NY,,,,,,,,,045698,,,70,Queens,081,,,2,5602,,,,5600,1,New York,36,,,,0000000201,0000000000,Tract 456.98,S,40716750,-73794558,,342,84,3,329,6,58,11,0,8,97
G36008100457,1990,NY,,,,,,,,,0457,,,70,Queens,081,,,2,5602,,,,5600,1,New York,36,,,,0000000140,0000000000,Tract 457,S,40737700,-73869728,,740,45,0,1102,12,262,15,1,43,386
G36008100458,1990,NY,,,,,,,,,0458,,,70,Queens,081,,,2,5602,,,,5600,1,New York,36,,,,0000000229,0000000000,Tract 458,S,40714350,-73790653,,628,199,28,499,29,203,38,5,14,245
G36008100459,1990,NY,,,,,,,,,0459,,,70,Queens,081,,,2,5602,,,,5600,1,New York,36,,,,0000000140,0000000000,Tract 459,S,40739700,-73870514,,552,41,1,1281,18,381,22,4,24,483
G36008100460,1990,NY,,,,,,,,,0460,,,70,Queens,081,,,2,5602,,,,5600,1,New York,36,,,,0000000222,0000000000,Tract 460,S,40708100,-73793437,,245,2435,71,594,40,583,351,16,54,1031
G36008100461,1990,NY,,,,,,,,,0461,,,70,Queens,081,,,2,5602,,,,5600,1,New York,36,,,,0000000116,0000000000,Tract 461,S,40741150,-73871871,,348,33,3,1043,11,302,38,0,16,669
G36008100462,1990,NY,,,,,,,,,0462,,,70,Queens,081,,,2,5602,,,,5600,1,New York,36,,,,0000000230,0000000000,Tract 462,S,40709795,-73788449,,734,1971,50,985,54,764,468,10,60,1139
G36008100463,1990,NY,,,,,,,,,0463,,,70,Queens,081,,,2,5602,,,,5600,1,New York,36,,,,0000000159,0000000000,Tract 463,S,40743650,-73872061,,407,129,3,1088,8,916,93,3,42,784
G36008100464,1990,NY,,,,,,,,,0464,,,70,Queens,081,,,2,5602,,,,5600,1,New York,36,,,,0000000260,0000000000,Tract 464,S,40717450,-73787530,,593,212,0,240,4,58,20,0,23,52
G36008100465,1990,NY,,,,,,,,,0465,,,70,Queens,081,,,2,5602,,,,5600,1,New York,36,,,,0000000129,0000000000,Tract 465,S,40746400,-73871321,,338,49,8,536,26,963,73,7,49,705
G36008100466,1990,NY,,,,,,,,,0466,,,70,Queens,081,,,2,5602,,,,5600,1,New York,36,,,,0000000232,0000000000,Tract 466,S,40714550,-73785275,,1394,404,9,365,21,183,54,0,10,154
G36008100467,1990,NY,,,,,,,,,0467,,,70,Queens,081,,,2,5602,,,,5600,1,New York,36,,,,0000000131,0000000000,Tract 467,S,40745000,-73874738,,664,226,7,1782,19,1138,131,25,120,1535
G36008100468,1990,NY,,,,,,,,,0468,,,70,Queens,081,,,2,5602,,,,5600,1,New York,36,,,,0000000224,0000000000,Tract 468,S,40709300,-73783045,,377,851,71,839,53,328,102,11,57,571
G36008100469,1990,NY,,,,,,,,,0469,,,70,Queens,081,,,2,5602,,,,5600,1,New York,36,,,,0000000153,0000000000,Tract 469,S,40745050,-73876917,,991,307,22,2450,29,2208,273,12,149,1185
G36008100470,1990,NY,,,,,,,,,0470,,,70,Queens,081,,,2,5602,,,,5600,1,New York,36,,,,0000000226,0000000000,Tract 470,S,40710600,-73777889,,337,851,37,927,25,386,111,6,49,620
G36008100471,1990,NY,,,,,,,,,0471,,,70,Queens,081,,,2,5602,,,,5600,1,New York,36,,,,0000000160,0000000000,Tract 471,S,40740800,-73876311,,680,67,8,1469,16,467,16,3,51,724
G36008100472,1990,NY,,,,,,,,,0472,,,70,Queens,081,,,2,5602,,,,5600,1,New York,36,,,,0000000561,0000000000,Tract 472,S,40717450,-73779680,,1911,319,4,693,10,289,72,4,27,319
G36008100473,1990,NY,,,,,,,,,0473,,,70,Queens,081,,,2,5602,,,,5600,1,New York,36,,,,0000000181,0000000000,Tract 473,S,40736400,-73876418,,981,55,7,1315,5,827,7,0,31,434
G36008100475,1990,NY,,,,,,,,,0475,,,70,Queens,081,,,2,5602,,,,5600,1,New York,36,,,,0000000289,0000000000,Tract 475,S,40732750,-73876244,,1197,49,9,1190,4,524,15,9,21,296
G36008100476,1990,NY,,,,,,,,,0476,,,70,Queens,081,,,2,5602,,,,5600,1,New York,36,,,,0000000538,0000000000,Tract 476,S,40722500,-73770557,,905,149,0,236,7,27,12,1,5,22
G36008100478,1990,NY,,,,,,,,,0478,,,70,Queens,081,,,2,5602,,,,5600,1,New York,36,,,,0000000653,0000000000,Tract 478,S,40719700,-73766965,,2831,838,26,677,27,354,149,3,9,389
G36008100479,1990,NY,,,,,,,,,0479,,,70,Queens,081,,,2,5602,,,,5600,1,New York,36,,,,0000000390,0000000000,Tract 479,S,40734513,-73883472,,1802,39,15,1637,7,576,8,0,46,442
G36008100480,1990,NY,,,,,,,,,0480,,,70,Queens,081,,,2,5602,,,,5600,1,New York,36,,,,0000000235,0000000000,Tract 480,S,40712900,-73773272,,256,615,38,657,8,228,131,2,31,236
G36008100481,1990,NY,,,,,,,,,0481,,,70,Queens,081,,,2,5602,,,,5600,1,New York,36,,,,0000000151,0000000000,Tract 481,S,40742917,-73884757,,1158,147,2,2365,23,738,27,1,59,928
G36008100482,1990,NY,,,,,,,,,0482,,,70,Queens,081,,,2,5602,,,,5600,1,New York,36,,,,0000000223,0000000000,Tract 482,S,40715250,-73768227,,264,505,1,203,8,140,66,0,3,113
G36008100483,1990,NY,,,,,,,,,0483,,,70,Queens,081,,,2,5602,,,,5600,1,New York,36,,,,0000000231,0000000000,Tract 483,S,40741300,-73892421,,817,49,20,1471,8,328,18,0,24,458
G36008100484,1990,NY,,,,,,,,,0484,,,70,Queens,081,,,2,5602,,,,5600,1,New York,36,,,,0000000412,0000000000,Tract 484,S,40715300,-73760683,,686,2155,29,654,30,464,182,5,19,561
G36008100485,1990,NY,,,,,,,,,0485,,,70,Queens,081,,,2,5602,,,,5600,1,New York,36,,,,0000000339,0000000000,Tract 485,S,40739300,-73886188,,963,93,4,1732,30,471,28,16,49,345
G36008100489,1990,NY,,,,,,,,,0489,,,70,Queens,081,,,2,5602,,,,5600,1,New York,36,,,,0000000337,0000000000,Tract 489,S,40737167,-73893512,,607,123,2,236,3,126,7,8,7,105
G36008100492,1990,NY,,,,,,,,,0492,,,70,Queens,081,,,2,5602,,,,5600,1,New York,36,,,,0000000485,0000000000,Tract 492,S,40721850,-73759136,,646,2713,20,398,5,367,206,3,12,511
G3600810049301,1990,NY,,,,,,,,,049301,,,70,Queens,081,,,2,5602,,,,5600,1,New York,36,,,,0000000170,0000000000,Tract 493.01,S,40732050,-73893811,,1401,0,0,106,0,130,4,0,0,65
G3600810049302,1990,NY,,,,,,,,,049302,,,70,Queens,081,,,2,5602,,,,5600,1,New York,36,,,,0000000245,0000000000,Tract 493.02,S,40727300,-73891749,,1774,11,7,79,7,204,17,0,0,38
G36008100495,1990,NY,,,,,,,,,0495,,,70,Queens,081,,,2,5602,,,,5600,1,New York,36,,,,0000000153,0000000000,Tract 495,S,40724600,-73891315,,1048,4,0,34,0,87,0,0,1,24
G36008100496,1990,NY,,,,,,,,,0496,,,70,Queens,081,,,2,5602,,,,5600,1,New York,36,,,,0000000278,0000000000,Tract 496,S,40716990,-73753983,,557,1373,13,309,30,221,157,4,21,357
G36008100497,1990,NY,,,,,,,,,0497,,,70,Queens,081,,,2,5602,,,,5600,1,New York,36,,,,0000000195,0000000000,Tract 497,S,40731800,-73891127,,1803,4,0,210,0,182,1,0,14,47
G36008100499,1990,NY,,,,,,,,,0499,,,70,Queens,081,,,2,5602,,,,5600,1,New York,36,,,,0000000405,0000000000,Tract 499,S,40730900,-73883780,,2021,15,2,1017,8,327,7,2,30,173
G36008100500,1990,NY,,,,,,,,,0500,,,70,Queens,081,,,2,5602,,,,5600,1,New York,36,,,,0000000343,0000000000,Tract 500,S,40711750,-73764062,,365,3260,35,170,9,81,68,0,15,108
G3600810050201,1990,NY,,,,,,,,,050201,,,70,Queens,081,,,2,5602,,,,5600,1,New York,36,,,,0000000171,0000000000,Tract 502.01,S,40708467,-73765743,,27,1141,4,11,3,0,37,0,0,4
G3600810050202,1990,NY,,,,,,,,,050202,,,70,Queens,081,,,2,5602,,,,5600,1,New York,36,,,,0000000144,0000000000,Tract 502.02,S,40710233,-73759300,,38,1171,1,15,2,10,22,0,0,14
G36008100504,1990,NY,,,,,,,,,0504,,,70,Queens,081,,,2,5602,,,,5600,1,New York,36,,,,0000000225,0000000000,Tract 504,S,40705250,-73765134,,13,1414,3,10,0,4,45,0,0,25
G36008100505,1990,NY,,,,,,,,,0505,,,70,Queens,081,,,2,5602,,,,5600,1,New York,36,,,,0000000094,0000000000,Tract 505,S,40727800,-73875070,,809,8,1,314,0,169,6,0,0,40
G36008100506,1990,NY,,,,,,,,,0506,,,70,Queens,081,,,2,5602,,,,5600,1,New York,36,,,,0000000211,0000000000,Tract 506,S,40705400,-73760040,,22,1280,6,6,5,2,52,0,0,25
G36008100507,1990,NY,,,,,,,,,0507,,,70,Queens,081,,,2,5602,,,,5600,1,New York,36,,,,0000000443,0000000000,Tract 507,S,40727300,-73882120,,2434,10,3,230,2,182,0,0,13,41
G36008100508,1990,NY,,,,,,,,,0508,,,70,Queens,081,,,2,5602,,,,5600,1,New York,36,,,,0000000218,0000000000,Tract 508,S,40706900,-73755949,,20,1768,3,6,3,16,17,0,0,6
G36008100510,1990,NY,,,,,,,,,0510,,,70,Queens,081,,,2,5602,,,,5600,1,New York,36,,,,0000000178,0000000000,Tract 510,S,40709000,-73753839,,21,1350,6,21,1,17,48,0,0,40
G36008100511,1990,NY,,,,,,,,,0511,,,70,Queens,081,,,2,5602,,,,5600,1,New York,36,,,,0000000242,0000000000,Tract 511,S,40727267,-73899848,,1676,1,0,59,0,71,0,0,3,47
G36008100512,1990,NY,,,,,,,,,0512,,,70,Queens,081,,,2,5602,,,,5600,1,New York,36,,,,0000000361,0000000000,Tract 512,S,40709850,-73750257,,48,2302,15,33,10,21,96,1,1,63
G36008100513,1990,NY,,,,,,,,,0513,,,70,Queens,081,,,2,5602,,,,5600,1,New York,36,,,,0000000195,0000000000,Tract 513,S,40731400,-73898499,,1513,3,2,124,5,180,6,0,1,50
G36008100515,1990,NY,,,,,,,,,0515,,,70,Queens,081,,,2,5602,,,,5600,1,New York,36,,,,0000000230,0000000000,Tract 515,S,40730100,-73902534,,2238,8,0,120,1,206,4,0,0,72
G36008100516,1990,NY,,,,,,,,,0516,,,70,Queens,081,,,2,5602,,,,5600,1,New York,36,,,,0000000190,0000000000,Tract 516,S,40702400,-73748028,,12,1885,13,0,2,21,61,1,0,30
G36008100517,1990,NY,,,,,,,,,0517,,,70,Queens,081,,,2,5602,,,,5600,1,New York,36,,,,0000000285,0000000000,Tract 517,S,40724500,-73900206,,1485,4,9,17,0,73,4,0,0,41
G36008100518,1990,NY,,,,,,,,,0518,,,70,Queens,081,,,2,5602,,,,5600,1,New York,36,,,,0000000173,0000000000,Tract 518,S,40701300,-73752310,,25,1678,2,0,0,6,43,0,0,1
G36008100520,1990,NY,,,,,,,,,0520,,,70,Queens,081,,,2,5602,,,,5600,1,New York,36,,,,0000000177,0000000000,Tract 520,S,40700600,-73754968,,22,1426,5,13,0,8,54,0,1,6
G36008100521,1990,NY,,,,,,,,,0521,,,70,Queens,081,,,2,5602,,,,5600,1,New York,36,,,,0000000201,0000000000,Tract 521,S,40720859,-73901838,,1447,1,6,49,1,128,1,0,0,22
G36008100522,1990,NY,,,,,,,,,0522,,,70,Queens,081,,,2,5602,,,,5600,1,New York,36,,,,0000000176,0000000000,Tract 522,S,40699950,-73757722,,39,1301,9,13,3,3,30,0,0,18
G36008100524,1990,NY,,,,,,,,,0524,,,70,Queens,081,,,2,5602,,,,5600,1,New York,36,,,,0000000190,0000000000,Tract 524,S,40700350,-73763044,,18,1422,3,12,1,0,32,0,0,0
G36008100525,1990,NY,,,,,,,,,0525,,,70,Queens,081,,,2,5602,,,,5600,1,New York,36,,,,0000000196,0000000000,Tract 525,S,40718833,-73906424,,1503,0,0,49,0,115,0,0,2,43
G36008100526,1990,NY,,,,,,,,,0526,,,70,Queens,081,,,2,5602,,,,5600,1,New York,36,,,,0000000187,0000000000,Tract 526,S,40696900,-73759442,,12,1817,13,7,2,5,56,0,0,7
G36008100527,1990,NY,,,,,,,,,0527,,,70,Queens,081,,,2,5602,,,,5600,1,New York,36,,,,0000000248,0000000000,Tract 527,S,40721700,-73906827,,1949,12,2,29,5,91,2,0,0,59
G36008100528,1990,NY,,,,,,,,,0528,,,70,Queens,081,,,2,5602,,,,5600,1,New York,36,,,,0000000171,0000000000,Tract 528,S,40693050,-73758965,,12,1222,2,13,1,2,25,0,0,3
G36008100529,1990,NY,,,,,,,,,0529,,,70,Queens,081,,,2,5602,,,,5600,1,New York,36,,,,0000000183,0000000000,Tract 529,S,40723850,-73910254,,628,2,0,2,6,66,3,0,5,20
G36008100530,1990,NY,,,,,,,,,0530,,,70,Queens,081,,,2,5602,,,,5600,1,New York,36,,,,0000000226,0000000000,Tract 530,S,40696800,-73753609,,13,2083,3,16,6,6,56,0,2,15
G36008100532,1990,NY,,,,,,,,,0532,,,70,Queens,081,,,2,5602,,,,5600,1,New York,36,,,,0000000195,0000000000,Tract 532,S,40700150,-73749460,,20,1460,2,6,3,4,42,0,0,30
G36008100534,1990,NY,,,,,,,,,0534,,,70,Queens,081,,,2,5602,,,,5600,1,New York,36,,,,0000000234,0000000000,Tract 534,S,40699113,-73744592,,34,1703,5,6,6,14,30,0,1,40
G36008100535,1990,NY,,,,,,,,,0535,,,70,Queens,081,,,2,5602,,,,5600,1,New York,36,,,,0000000514,0000000000,Tract 535,S,40714350,-73915839,,662,7,0,3,0,242,8,0,0,78
G36008100536,1990,NY,,,,,,,,,0536,,,70,Queens,081,,,2,5602,,,,5600,1,New York,36,,,,0000000208,0000000000,Tract 536,S,40706116,-73746393,,30,1727,10,26,2,13,64,0,0,13
G36008100538,1990,NY,,,,,,,,,0538,,,70,Queens,081,,,2,5602,,,,5600,1,New York,36,,,,0000000191,0000000000,Tract 538,S,40706050,-73742945,,30,1535,6,9,1,9,58,0,3,34
G36008100539,1990,NY,,,,,,,,,0539,,,70,Queens,081,,,2,5602,,,,5600,1,New York,36,,,,0000000581,0000000000,Tract 539,S,40710100,-73917279,,1824,19,18,588,10,564,29,11,28,394
G36008100540,1990,NY,,,,,,,,,0540,,,70,Queens,081,,,2,5602,,,,5600,1,New York,36,,,,0000000542,0000000000,Tract 540,S,40712550,-73743709,,323,3247,5,61,7,191,205,4,8,145
G36008100542,1990,NY,,,,,,,,,0542,,,70,Queens,081,,,2,5602,,,,5600,1,New York,36,,,,0000000555,0000000000,Tract 542,S,40718150,-73746769,,1171,1698,24,631,28,462,139,7,31,574
G36008100545,1990,NY,,,,,,,,,0545,,,70,Queens,081,,,2,5602,,,,5600,1,New York,36,,,,0000000116,0000000000,Tract 545,S,40704600,-73913532,,1778,6,16,492,8,600,25,0,19,378
G36008100547,1990,NY,,,,,,,,,0547,,,70,Queens,081,,,2,5602,,,,5600,1,New York,36,,,,0000000123,0000000000,Tract 547,S,40702950,-73910270,,1517,22,0,680,20,757,69,0,54,665
G36008100548,1990,NY,,,,,,,,,0548,,,70,Queens,081,,,2,5602,,,,5600,1,New York,36,,,,0000000227,0000000000,Tract 548,S,40722500,-73751434,,552,652,14,356,21,201,64,1,19,131
G36008100549,1990,NY,,,,,,,,,0549,,,70,Queens,081,,,2,5602,,,,5600,1,New York,36,,,,0000000149,0000000000,Tract 549,S,40701750,-73908249,,1857,40,5,583,17,1059,116,13,41,737
G36008100551,1990,NY,,,,,,,,,0551,,,70,Queens,081,,,2,5602,,,,5600,1,New York,36,,,,0000000152,0000000000,Tract 551,S,40701200,-73904325,,2855,12,2,495,9,573,10,0,14,267
G36008100552,1990,NY,,,,,,,,,0552,,,70,Queens,081,,,2,5602,,,,5600,1,New York,36,,,,0000000469,0000000000,Tract 552,S,40727750,-73749567,,809,761,15,659,13,321,43,2,25,402
G36008100553,1990,NY,,,,,,,,,0553,,,70,Queens,081,,,2,5602,,,,5600,1,New York,36,,,,0000000130,0000000000,Tract 553,S,40698500,-73907249,,385,52,6,367,2,636,144,5,26,821
G36008100554,1990,NY,,,,,,,,,0554,,,70,Queens,081,,,2,5602,,,,5600,1,New York,36,,,,0000000222,0000000000,Tract 554,S,40726650,-73740049,,1123,119,12,321,0,225,30,0,5,164
G36008100555,1990,NY,,,,,,,,,0555,,,70,Queens,081,,,2,5602,,,,5600,1,New York,36,,,,0000000158,0000000000,Tract 555,S,40696600,-73903992,,603,79,0,231,9,517,37,2,15,376
G36008100556,1990,NY,,,,,,,,,0556,,,70,Queens,081,,,2,5602,,,,5600,1,New York,36,,,,0000000223,0000000000,Tract 556,S,40726200,-73745596,,890,186,4,366,4,312,4,0,3,201
G36008100557,1990,NY,,,,,,,,,0557,,,70,Queens,081,,,2,5602,,,,5600,1,New York,36,,,,0000000237,0000000000,Tract 557,S,40698100,-73899064,,1695,29,2,456,8,420,47,4,6,728
G36008100558,1990,NY,,,,,,,,,0558,,,70,Queens,081,,,2,5602,,,,5600,1,New York,36,,,,0000000188,0000000000,Tract 558,S,40721950,-73742315,,776,222,1,286,3,197,8,0,6,235
G36008100559,1990,NY,,,,,,,,,0559,,,70,Queens,081,,,2,5602,,,,5600,1,New York,36,,,,0000000158,0000000000,Tract 559,S,40693318,-73902281,,171,82,0,39,1,323,11,6,11,440
G36008100560,1990,NY,,,,,,,,,0560,,,70,Queens,081,,,2,5602,,,,5600,1,New York,36,,,,0000000212,0000000000,Tract 560,S,40725300,-73737378,,842,84,4,166,3,140,12,0,0,70
G36008100561,1990,NY,,,,,,,,,0561,,,70,Queens,081,,,2,5602,,,,5600,1,New York,36,,,,0000002717,0000000154,Tract 561,S,40692300,-73885955,,13,0,0,0,0,0,0,0,0,0
G36008100562,1990,NY,,,,,,,,,0562,,,70,Queens,081,,,2,5602,,,,5600,1,New York,36,,,,0000000160,0000000000,Tract 562,S,40724200,-73733462,,861,72,3,189,2,115,0,0,2,41
G36008100564,1990,NY,,,,,,,,,0564,,,70,Queens,081,,,2,5602,,,,5600,1,New York,36,,,,0000000189,0000000000,Tract 564,S,40720550,-73733655,,870,125,0,152,0,154,24,0,0,93
G36008100565,1990,NY,,,,,,,,,0565,,,70,Queens,081,,,2,5602,,,,5600,1,New York,36,,,,0000000117,0000000000,Tract 565,S,40694400,-73897853,,404,19,0,41,0,133,31,3,0,184
G36008100566,1990,NY,,,,,,,,,0566,,,70,Queens,081,,,2,5602,,,,5600,1,New York,36,,,,0000000189,0000000000,Tract 566,S,40719800,-73739311,,556,199,3,208,1,125,15,2,9,131
G36008100567,1990,NY,,,,,,,,,0567,,,70,Queens,081,,,2,5602,,,,5600,1,New York,36,,,,0000000319,0000000000,Tract 567,S,40696050,-73892599,,3297,21,0,60,1,214,6,0,2,166
G36008100568,1990,NY,,,,,,,,,0568,,,70,Queens,081,,,2,5602,,,,5600,1,New York,36,,,,0000000907,0000000000,Tract 568,S,40714900,-73734123,,613,2786,10,194,14,280,172,1,23,283
G36008100577,1990,NY,,,,,,,,,0577,,,70,Queens,081,,,2,5602,,,,5600,1,New York,36,,,,0000000184,0000000000,Tract 577,S,40700323,-73891519,,2757,1,5,60,3,123,12,0,0,113
G36008100578,1990,NY,,,,,,,,,0578,,,70,Queens,081,,,2,5602,,,,5600,1,New York,36,,,,0000000427,0000000000,Tract 578,S,40707766,-73737124,,251,2551,22,22,8,60,109,2,5,58
G36008100579,1990,NY,,,,,,,,,0579,,,70,Queens,081,,,2,5602,,,,5600,1,New York,36,,,,0000000062,0000000000,Tract 579,S,40703050,-73890154,,1361,0,0,7,1,74,0,0,0,17
G36008100580,1990,NY,,,,,,,,,0580,,,70,Queens,081,,,2,5602,,,,5600,1,New York,36,,,,0000000538,0000000000,Tract 580,S,40707000,-73730642,,237,3239,16,36,16,69,127,1,2,80
G36008100581,1990,NY,,,,,,,,,0581,,,70,Queens,081,,,2,5602,,,,5600,1,New York,36,,,,0000000133,0000000000,Tract 581,S,40703050,-73894496,,1943,1,1,70,1,169,1,0,3,34
G36008100583,1990,NY,,,,,,,,,0583,,,70,Queens,081,,,2,5602,,,,5600,1,New York,36,,,,0000000135,0000000000,Tract 583,S,40701280,-73898369,,2421,2,1,86,11,234,1,0,1,114
G36008100585,1990,NY,,,,,,,,,0585,,,70,Queens,081,,,2,5602,,,,5600,1,New York,36,,,,0000000153,0000000000,Tract 585,S,40704376,-73899719,,2890,9,4,112,0,177,5,1,0,146
G36008100587,1990,NY,,,,,,,,,0587,,,70,Queens,081,,,2,5602,,,,5600,1,New York,36,,,,0000000145,0000000000,Tract 587,S,40706600,-73899518,,2434,7,2,154,6,141,6,1,0,62
G36008100588,1990,NY,,,,,,,,,0588,,,70,Queens,081,,,2,5602,,,,5600,1,New York,36,,,,0000000138,0000000000,Tract 588,S,40703500,-73737499,,35,1078,1,6,3,11,37,0,0,20
G36008100589,1990,NY,,,,,,,,,0589,,,70,Queens,081,,,2,5602,,,,5600,1,New York,36,,,,0000000159,0000000000,Tract 589,S,40705250,-73905686,,3057,18,3,99,13,357,1,0,5,181
G36008100590,1990,NY,,,,,,,,,0590,,,70,Queens,081,,,2,5602,,,,5600,1,New York,36,,,,0000000166,0000000000,Tract 590,S,40701300,-73737599,,31,1078,1,17,0,11,23,1,0,6
G36008100591,1990,NY,,,,,,,,,0591,,,70,Queens,081,,,2,5602,,,,5600,1,New York,36,,,,0000000232,0000000000,Tract 591,S,40707800,-73910165,,3588,13,7,176,10,443,17,1,9,363
G36008100592,1990,NY,,,,,,,,,0592,,,70,Queens,081,,,2,5602,,,,5600,1,New York,36,,,,0000000306,0000000000,Tract 592,S,40701100,-73729278,,55,941,0,10,5,0,58,0,1,24
G36008100593,1990,NY,,,,,,,,,0593,,,70,Queens,081,,,2,5602,,,,5600,1,New York,36,,,,0000000251,0000000000,Tract 593,S,40709794,-73902424,,3000,5,0,72,0,111,1,0,2,100
G36008100594,1990,NY,,,,,,,,,0594,,,70,Queens,081,,,2,5602,,,,5600,1,New York,36,,,,0000000221,0000000000,Tract 594,S,40698850,-73730787,,94,1520,6,12,0,5,51,0,0,26
G36008100595,1990,NY,,,,,,,,,0595,,,70,Queens,081,,,2,5602,,,,5600,1,New York,36,,,,0000000400,0000000000,Tract 595,S,40712950,-73908736,,2966,7,5,103,7,519,8,1,5,193
G36008100596,1990,NY,,,,,,,,,0596,,,70,Queens,081,,,2,5602,,,,5600,1,New York,36,,,,0000000196,0000000000,Tract 596,S,40696800,-73737213,,66,1334,1,15,2,5,47,0,2,0
G36008100598,1990,NY,,,,,,,,,0598,,,70,Queens,081,,,2,5602,,,,5600,1,New York,36,,,,0000000196,0000000000,Tract 598,S,40698100,-73741499,,43,1621,6,13,2,5,108,0,4,7
G36008100599,1990,NY,,,,,,,,,0599,,,70,Queens,081,,,2,5602,,,,5600,1,New York,36,,,,0000000132,0000000000,Tract 599,S,40717050,-73902709,,1319,1,0,19,0,75,0,0,1,14
G36008100600,1990,NY,,,,,,,,,0600,,,70,Queens,081,,,2,5602,,,,5600,1,New York,36,,,,0000000182,0000000000,Tract 600,S,40695750,-73733605,,60,1072,6,2,0,1,26,0,0,3
G36008100601,1990,NY,,,,,,,,,0601,,,70,Queens,081,,,2,5602,,,,5600,1,New York,36,,,,0000000150,0000000000,Tract 601,S,40714300,-73902987,,1451,0,0,32,3,79,2,0,0,44
G36008100602,1990,NY,,,,,,,,,0602,,,70,Queens,081,,,2,5602,,,,5600,1,New York,36,,,,0000000270,0000000000,Tract 602,S,40693317,-73728065,,67,1009,1,7,4,19,54,0,1,9
G36008100603,1990,NY,,,,,,,,,0603,,,70,Queens,081,,,2,5602,,,,5600,1,New York,36,,,,0000000179,0000000000,Tract 603,S,40713550,-73899001,,1353,2,2,32,1,54,0,0,0,7
G36008100604,1990,NY,,,,,,,,,0604,,,70,Queens,081,,,2,5602,,,,5600,1,New York,36,,,,0000000158,0000000000,Tract 604,S,40689278,-73730838,,68,794,2,4,2,10,29,1,3,14
G36008100606,1990,NY,,,,,,,,,0606,,,70,Queens,081,,,2,5602,,,,5600,1,New York,36,,,,0000000218,0000000000,Tract 606,S,40690900,-73736105,,63,1307,3,23,3,6,56,0,0,15
G36008100607,1990,NY,,,,,,,,,0607,,,70,Queens,081,,,2,5602,,,,5600,1,New York,36,,,,0000000825,0000000000,Tract 607,S,40718926,-73893286,,994,0,0,22,0,37,0,0,0,4
G36008100608,1990,NY,,,,,,,,,0608,,,70,Queens,081,,,2,5602,,,,5600,1,New York,36,,,,0000000210,0000000000,Tract 608,S,40692700,-73742382,,70,1358,8,9,0,7,41,0,0,10
G36008100610,1990,NY,,,,,,,,,0610,,,70,Queens,081,,,2,5602,,,,5600,1,New York,36,,,,0000000220,0000000000,Tract 610,S,40690533,-73744241,,41,1001,0,3,1,4,40,0,0,0
G36008100612,1990,NY,,,,,,,,,0612,,,70,Queens,081,,,2,5602,,,,5600,1,New York,36,,,,0000000253,0000000000,Tract 612,S,40687250,-73736983,,132,1502,5,0,5,4,52,0,0,5
G36008100613,1990,NY,,,,,,,,,0613,,,70,Queens,081,,,2,5602,,,,5600,1,New York,36,,,,0000001206,0000000000,Tract 613,S,40707786,-73890627,,4279,7,1,118,3,230,2,0,1,80
G36008100614,1990,NY,,,,,,,,,0614,,,70,Queens,081,,,2,5602,,,,5600,1,New York,36,,,,0000000317,0000000000,Tract 614,S,40686850,-73729207,,59,1101,7,1,6,7,29,1,0,7
G3600810061601,1990,NY,,,,,,,,,061601,,,70,Queens,081,,,2,5602,,,,5600,1,New York,36,,,,0000000350,0000000000,Tract 616.01,S,40681650,-73732671,,88,1950,5,12,5,9,54,0,0,10
G3600810061602,1990,NY,,,,,,,,,061602,,,70,Queens,081,,,2,5602,,,,5600,1,New York,36,,,,0000000447,0000000000,Tract 616.02,S,40677950,-73729455,,290,785,5,49,10,22,72,3,0,26
G36008100618,1990,NY,,,,,,,,,0618,,,70,Queens,081,,,2,5602,,,,5600,1,New York,36,,,,0000000238,0000000000,Tract 618,S,40677550,-73736383,,359,1116,11,17,0,37,31,0,0,14
G36008100619,1990,NY,,,,,,,,,0619,,,70,Queens,081,,,2,5602,,,,5600,1,New York,36,,,,0000000222,0000000000,Tract 619,S,40709200,-73876627,,2412,4,0,30,0,116,3,0,0,34
G36008100620,1990,NY,,,,,,,,,0620,,,70,Queens,081,,,2,5602,,,,5600,1,New York,36,,,,0000000205,0000000000,Tract 620,S,40680450,-73737896,,75,1296,10,4,4,11,71,0,0,22
G3600810062101,1990,NY,,,,,,,,,062101,,,70,Queens,081,,,2,5602,,,,5600,1,New York,36,,,,0000000133,0000000000,Tract 621.01,S,40711150,-73872699,,1747,1,8,16,5,116,0,2,0,45
G3600810062102,1990,NY,,,,,,,,,062102,,,70,Queens,081,,,2,5602,,,,5600,1,New York,36,,,,0000000130,0000000000,Tract 621.02,S,40707883,-73873157,,676,0,1,2,0,14,0,0,0,4
G36008100623,1990,NY,,,,,,,,,0623,,,70,Queens,081,,,2,5602,,,,5600,1,New York,36,,,,0000000165,0000000000,Tract 623,S,40703750,-73878976,,1466,0,1,4,0,24,0,0,0,5
G36008100624,1990,NY,,,,,,,,,0624,,,70,Queens,081,,,2,5602,,,,5600,1,New York,36,,,,0000000592,0000000000,Tract 624,S,40685650,-73742787,,32,569,5,1,1,16,32,0,0,16
G36008100625,1990,NY,,,,,,,,,0625,,,70,Queens,081,,,2,5602,,,,5600,1,New York,36,,,,0000000201,0000000000,Tract 625,S,40704600,-73883142,,2277,2,0,10,0,39,0,0,0,18
G36008100626,1990,NY,,,,,,,,,0626,,,70,Queens,081,,,2,5602,,,,5600,1,New York,36,,,,0000000410,0000000000,Tract 626,S,40682400,-73749074,,119,2254,17,18,0,23,65,0,0,29
G36008100627,1990,NY,,,,,,,,,0627,,,70,Queens,081,,,2,5602,,,,5600,1,New York,36,,,,0000000143,0000000000,Tract 627,S,40703650,-73887433,,2422,0,0,19,4,109,0,0,1,18
G36008100629,1990,NY,,,,,,,,,0629,,,70,Queens,081,,,2,5602,,,,5600,1,New York,36,,,,0000000178,0000000000,Tract 629,S,40700800,-73883808,,2243,3,1,19,2,83,3,0,2,72
G36008100630,1990,NY,,,,,,,,,0630,,,70,Queens,081,,,2,5602,,,,5600,1,New York,36,,,,0000000181,0000000000,Tract 630,S,40680000,-73744431,,55,1431,4,3,2,17,77,1,0,9
G36008100632,1990,NY,,,,,,,,,0632,,,70,Queens,081,,,2,5602,,,,5600,1,New York,36,,,,0000000300,0000000000,Tract 632,S,40676850,-73740969,,83,2002,11,9,5,31,72,0,5,36
G3600810063301,1990,NY,,,,,,,,,063301,,,70,Queens,081,,,2,5602,,,,5600,1,New York,36,,,,0000000141,0000000000,Tract 633.01,S,40705000,-73875508,,1282,0,0,18,0,43,0,0,0,1
G3600810063302,1990,NY,,,,,,,,,063302,,,70,Queens,081,,,2,5602,,,,5600,1,New York,36,,,,0000000134,0000000000,Tract 633.02,S,40705350,-73871833,,1325,0,0,11,0,43,0,0,0,12
G36008100635,1990,NY,,,,,,,,,0635,,,70,Queens,081,,,2,5602,,,,5600,1,New York,36,,,,0000000195,0000000000,Tract 635,S,40704800,-73867599,,2284,0,0,7,0,62,2,0,0,8
G36008100637,1990,NY,,,,,,,,,0637,,,70,Queens,081,,,2,5602,,,,5600,1,New York,36,,,,0000000554,0000000000,Tract 637,S,40708700,-73862684,,2668,2,3,64,1,115,0,7,0,49
G36008100638,1990,NY,,,,,,,,,0638,,,70,Queens,081,,,2,5602,,,,5600,1,New York,36,,,,0000000733,0000000000,Tract 638,S,40669385,-73733445,,1085,1418,6,105,13,157,103,2,0,175
G36008100639,1990,NY,,,,,,,,,0639,,,70,Queens,081,,,2,5602,,,,5600,1,New York,36,,,,0000000245,0000000000,Tract 639,S,40703100,-73857317,,2278,36,0,27,0,84,7,0,1,10
G3600810064101,1990,NY,,,,,,,,,064101,,,70,Queens,081,,,2,5602,,,,5600,1,New York,36,,,,0000000091,0000000000,Tract 641.01,S,40698500,-73852399,,1655,9,2,23,0,29,1,0,0,12
G3600810064102,1990,NY,,,,,,,,,064102,,,70,Queens,081,,,2,5602,,,,5600,1,New York,36,,,,0000002342,0000000000,Tract 641.02,S,40701000,-73853780,,559,12,1,12,0,22,6,0,3,8
G36008100645,1990,NY,,,,,,,,,0645,,,70,Queens,081,,,2,5602,,,,5600,1,New York,36,,,,0000000464,0000000000,Tract 645,S,40708367,-73854418,,1372,10,1,236,0,111,3,0,2,25
G36008100646,1990,NY,,,,,,,,,0646,,,70,Queens,081,,,2,5602,,,,5600,1,New York,36,,,,0000000406,0000000000,Tract 646,S,40673800,-73742869,,139,2661,10,7,6,14,91,0,2,30
G36008100650,1990,NY,,,,,,,,,0650,,,70,Queens,081,,,2,5602,,,,5600,1,New York,36,,,,0000000403,0000000000,Tract 650,S,40668750,-73746016,,120,2639,14,9,8,10,100,3,1,26
G36008100654,1990,NY,,,,,,,,,0654,,,70,Queens,081,,,2,5602,,,,5600,1,New York,36,,,,0000000700,0000000000,Tract 654,S,40662700,-73740849,,1013,1014,1,85,8,189,46,1,1,111
G36008100655,1990,NY,,,,,,,,,0655,,,70,Queens,081,,,2,5602,,,,5600,1,New York,36,,,,0000000899,0000000000,Tract 655,S,40714467,-73866337,,735,0,0,6,2,27,0,1,0,3
G36008100656,1990,NY,,,,,,,,,0656,,,70,Queens,081,,,2,5602,,,,5600,1,New York,36,,,,0000000621,0000000000,Tract 656,S,40660150,-73729711,,2108,677,1,179,3,196,49,2,15,212
G3600810065701,1990,NY,,,,,,,,,065701,,,70,Queens,081,,,2,5602,,,,5600,1,New York,36,,,,0000000164,0000000000,Tract 657.01,S,40714800,-73876949,,1667,2,0,8,1,32,0,0,0,28
G3600810065702,1990,NY,,,,,,,,,065702,,,70,Queens,081,,,2,5602,,,,5600,1,New York,36,,,,0000000152,0000000000,Tract 657.02,S,40713300,-73883499,,1357,1,0,22,0,54,1,0,0,41
G36008100659,1990,NY,,,,,,,,,0659,,,70,Queens,081,,,2,5602,,,,5600,1,New York,36,,,,0000000197,0000000000,Tract 659,S,40715050,-73883099,,1602,1,0,20,0,31,0,0,0,14
G36008100660,1990,NY,,,,,,,,,0660,,,70,Queens,081,,,2,5602,,,,5600,1,New York,36,,,,0000000390,0000000000,Tract 660,S,40658430,-73733924,,1385,566,5,139,11,208,51,0,9,158
G36008100661,1990,NY,,,,,,,,,0661,,,70,Queens,081,,,2,5602,,,,5600,1,New York,36,,,,0000000133,0000000000,Tract 661,S,40717100,-73881792,,1554,0,0,20,0,43,0,0,0,15
G36008100663,1990,NY,,,,,,,,,0663,,,70,Queens,081,,,2,5602,,,,5600,1,New York,36,,,,0000000539,0000000000,Tract 663,S,40721950,-73877885,,2333,2,2,124,1,83,1,0,0,5
G3600810066498,1990,NY,,,,,,,,,066498,,,70,Queens,081,,,2,5602,,,,5600,1,New York,36,,,,0000002865,0000000059,Tract 664.98,S,40652750,-73742349,,4384,2324,12,464,22,735,160,3,22,557
G36008100665,1990,NY,,,,,,,,,0665,,,70,Queens,081,,,2,5602,,,,5600,1,New York,36,,,,0000000276,0000000000,Tract 665,S,40719750,-73887169,,2952,4,0,19,1,70,0,0,0,36
G36008100667,1990,NY,,,,,,,,,0667,,,70,Queens,081,,,2,5602,,,,5600,1,New York,36,,,,0000000191,0000000000,Tract 667,S,40720900,-73890289,,1799,6,3,14,1,43,0,0,0,20
G36008100669,1990,NY,,,,,,,,,0669,,,70,Queens,081,,,2,5602,,,,5600,1,New York,36,,,,0000000159,0000000000,Tract 669,S,40723633,-73885818,,1627,0,0,35,1,62,0,0,0,8
G3600810067101,1990,NY,,,,,,,,,067101,,,70,Queens,081,,,2,5602,,,,5600,1,New York,36,,,,0000000106,0000000000,Tract 671.01,S,40723050,-73879968,,1076,1,0,29,0,42,0,0,0,7
G3600810067102,1990,NY,,,,,,,,,067102,,,70,Queens,081,,,2,5602,,,,5600,1,New York,36,,,,0000000125,0000000000,Tract 671.02,S,40725036,-73875790,,1012,0,2,28,0,29,0,0,0,17
G36008100677,1990,NY,,,,,,,,,0677,,,70,Queens,081,,,2,5602,,,,5600,1,New York,36,,,,0000000191,0000000000,Tract 677,S,40719000,-73872650,,1637,2,2,39,0,75,0,0,3,9
G36008100679,1990,NY,,,,,,,,,0679,,,70,Queens,081,,,2,5602,,,,5600,1,New York,36,,,,0000000247,0000000000,Tract 679,S,40724150,-73870376,,2856,159,5,320,7,284,20,1,24,331
G36008100680,1990,NY,,,,,,,,,0680,,,70,Queens,081,,,2,5602,,,,5600,1,New York,36,,,,0000000778,0000000000,Tract 680,S,40664350,-73751052,,399,3115,2,51,11,86,72,0,7,67
G36008100682,1990,NY,,,,,,,,,0682,,,70,Queens,081,,,2,5602,,,,5600,1,New York,36,,,,0000000234,0000000000,Tract 682,S,40667837,-73750485,,63,1023,2,10,1,15,37,1,2,33
G36008100683,1990,NY,,,,,,,,,0683,,,70,Queens,081,,,2,5602,,,,5600,1,New York,36,,,,0000000226,0000000000,Tract 683,S,40734950,-73868663,,931,179,29,1629,22,758,64,5,81,652
G36008100687,1990,NY,,,,,,,,,0687,,,70,Queens,081,,,2,5602,,,,5600,1,New York,36,,,,0000000288,0000000000,Tract 687,S,40729450,-73869670,,2159,61,39,1183,8,428,15,0,23,131
G36008100690,1990,NY,,,,,,,,,0690,,,70,Queens,081,,,2,5602,,,,5600,1,New York,36,,,,0000000346,0000000000,Tract 690,S,40661100,-73756137,,125,2286,7,44,11,20,82,0,0,29
G36008100693,1990,NY,,,,,,,,,0693,,,70,Queens,081,,,2,5602,,,,5600,1,New York,36,,,,0000000139,0000000000,Tract 693,S,40729050,-73864650,,1575,103,4,397,4,244,8,1,2,42
G36008100694,1990,NY,,,,,,,,,0694,,,70,Queens,081,,,2,5602,,,,5600,1,New York,36,,,,0000000528,0000000000,Tract 694,S,40656700,-73750793,,315,2020,5,54,1,62,77,7,8,70
G36008100695,1990,NY,,,,,,,,,0695,,,70,Queens,081,,,2,5602,,,,5600,1,New York,36,,,,0000000214,0000000000,Tract 695,S,40725550,-73868776,,1441,18,0,424,2,147,2,0,8,39
G3600810069701,1990,NY,,,,,,,,,069701,,,70,Queens,081,,,2,5602,,,,5600,1,New York,36,,,,0000000130,0000000000,Tract 697.01,S,40726750,-73860815,,2388,47,7,393,3,270,11,0,3,67
G3600810069702,1990,NY,,,,,,,,,069702,,,70,Queens,081,,,2,5602,,,,5600,1,New York,36,,,,0000000529,0000000000,Tract 697.02,S,40722100,-73862250,,3396,43,3,694,4,234,9,0,12,50
G36008100703,1990,NY,,,,,,,,,0703,,,70,Queens,081,,,2,5602,,,,5600,1,New York,36,,,,0000000317,0000000000,Tract 703,S,40717000,-73858884,,2341,17,1,296,0,194,1,6,2,50
G36008100707,1990,NY,,,,,,,,,0707,,,70,Queens,081,,,2,5602,,,,5600,1,New York,36,,,,0000000188,0000000000,Tract 707,S,40714500,-73855156,,1464,7,1,339,0,77,4,0,0,12
G36008100709,1990,NY,,,,,,,,,0709,,,70,Queens,081,,,2,5602,,,,5600,1,New York,36,,,,0000000171,0000000000,Tract 709,S,40719250,-73855159,,1229,15,2,367,6,102,1,0,0,22
G36008100711,1990,NY,,,,,,,,,0711,,,70,Queens,081,,,2,5602,,,,5600,1,New York,36,,,,0000000288,0000000000,Tract 711,S,40721633,-73851165,,3293,79,2,496,3,331,6,0,10,58
G3600810071301,1990,NY,,,,,,,,,071301,,,70,Queens,081,,,2,5602,,,,5600,1,New York,36,,,,0000000308,0000000000,Tract 713.01,S,40726800,-73853223,,9278,90,7,408,11,578,6,0,7,110
G3600810071302,1990,NY,,,,,,,,,071302,,,70,Queens,081,,,2,5602,,,,5600,1,New York,36,,,,0000000299,0000000000,Tract 713.02,S,40724350,-73854940,,7791,102,10,714,5,511,11,1,20,95
G3600810071698,1990,NY,,,,,,,,,071698,,,70,Queens,081,,,2,5602,,,,5600,1,New York,36,,,,0000017932,0000000831,Tract 716.98,S,40644384,-73780522,,0,0,0,0,0,0,0,0,0,0
G36008100717,1990,NY,,,,,,,,,0717,,,70,Queens,081,,,2,5602,,,,5600,1,New York,36,,,,0000000430,0000000000,Tract 717,S,40730950,-73862492,,5718,421,28,1598,13,775,46,2,22,193
G36008100719,1990,NY,,,,,,,,,0719,,,70,Queens,081,,,2,5602,,,,5600,1,New York,36,,,,0000000138,0000000000,Tract 719,S,40733350,-73856870,,1774,165,3,572,8,270,33,0,26,68
G36008100721,1990,NY,,,,,,,,,0721,,,70,Queens,081,,,2,5602,,,,5600,1,New York,36,,,,0000000173,0000000000,Tract 721,S,40730700,-73855111,,3571,46,5,420,10,468,10,0,0,161
G36008100725,1990,NY,,,,,,,,,0725,,,70,Queens,081,,,2,5602,,,,5600,1,New York,36,,,,0000000101,0000000000,Tract 725,S,40718067,-73848365,,363,1,0,41,0,32,1,0,5,5
G36008100727,1990,NY,,,,,,,,,0727,,,70,Queens,081,,,2,5602,,,,5600,1,New York,36,,,,0000000176,0000000000,Tract 727,S,40716300,-73851322,,728,11,4,150,1,49,0,0,0,0
G36008100729,1990,NY,,,,,,,,,0729,,,70,Queens,081,,,2,5602,,,,5600,1,New York,36,,,,0000000189,0000000000,Tract 729,S,40713050,-73853401,,983,10,4,263,1,53,0,0,0,17
G36008100731,1990,NY,,,,,,,,,0731,,,70,Queens,081,,,2,5602,,,,5600,1,New York,36,,,,0000000189,0000000000,Tract 731,S,40710650,-73846976,,1200,9,0,237,1,101,2,0,6,20
G36008100733,1990,NY,,,,,,,,,0733,,,70,Queens,081,,,2,5602,,,,5600,1,New York,36,,,,0000000150,0000000000,Tract 733,S,40714050,-73842033,,767,6,0,83,0,50,0,0,0,0
G36008100735,1990,NY,,,,,,,,,0735,,,70,Queens,081,,,2,5602,,,,5600,1,New York,36,,,,0000000200,0000000000,Tract 735,S,40714033,-73845594,,666,1,0,144,8,43,1,0,0,0
G36008100737,1990,NY,,,,,,,,,0737,,,70,Queens,081,,,2,5602,,,,5600,1,New York,36,,,,0000000214,0000000000,Tract 737,S,40718050,-73844262,,1425,8,0,251,0,100,0,0,2,20
G36008100739,1990,NY,,,,,,,,,0739,,,70,Queens,081,,,2,5602,,,,5600,1,New York,36,,,,0000000229,0000000000,Tract 739,S,40723200,-73843970,,4610,29,0,239,2,179,1,0,6,19
G36008100741,1990,NY,,,,,,,,,0741,,,70,Queens,081,,,2,5602,,,,5600,1,New York,36,,,,0000000170,0000000000,Tract 741,S,40728500,-73846749,,2548,30,1,213,4,167,1,0,2,36
G36008100743,1990,NY,,,,,,,,,0743,,,70,Queens,081,,,2,5602,,,,5600,1,New York,36,,,,0000000187,0000000000,Tract 743,S,40732000,-73848498,,2728,77,11,711,5,439,5,0,16,112
G36008100745,1990,NY,,,,,,,,,0745,,,70,Queens,081,,,2,5602,,,,5600,1,New York,36,,,,0000000199,0000000000,Tract 745,S,40735434,-73852759,,2270,267,16,445,18,464,36,0,5,178
G36008100747,1990,NY,,,,,,,,,0747,,,70,Queens,081,,,2,5602,,,,5600,1,New York,36,,,,0000000290,0000000000,Tract 747,S,40731600,-73845623,,1290,225,13,1293,24,329,35,0,23,102
G36008100757,1990,NY,,,,,,,,,0757,,,70,Queens,081,,,2,5602,,,,5600,1,New York,36,,,,0000000533,0000000000,Tract 757,S,40722400,-73839047,,6315,114,10,702,3,436,9,1,4,73
G36008100766,1990,NY,,,,,,,,,0766,,,70,Queens,081,,,2,5602,,,,5600,1,New York,36,,,,0000000248,0000000000,Tract 766,S,40666100,-73783967,,62,426,1,4,0,16,7,0,0,9
G36008100768,1990,NY,,,,,,,,,0768,,,70,Queens,081,,,2,5602,,,,5600,1,New York,36,,,,0000000291,0000000000,Tract 768,S,40668750,-73786429,,174,406,0,5,0,21,21,0,7,19
G3600810076902,1990,NY,,,,,,,,,076902,,,70,Queens,081,,,2,5602,,,,5600,1,New York,36,,,,0000000087,0000000000,Tract 769.02,S,40714400,-73835142,,828,8,0,95,1,58,0,1,0,8
G3600810076997,1990,NY,,,,,,,,,076997,,,70,Queens,081,,,2,5602,,,,5600,1,New York,36,,,,0000000184,0000000000,Tract 769.97,S,40715767,-73837629,,2795,74,3,189,4,275,5,0,2,38
G3600810076998,1990,NY,,,,,,,,,076998,,,70,Queens,081,,,2,5602,,,,5600,1,New York,36,,,,0000000016,0000000000,Tract 769.98,S,40714100,-73832603,,364,16,0,42,1,69,1,2,1,20
G36008100771,1990,NY,,,,,,,,,0771,,,70,Queens,081,,,2,5602,,,,5600,1,New York,36,,,,0000000198,0000000000,Tract 771,S,40712600,-73839817,,567,0,0,103,1,37,0,0,0,0
G3600810077397,1990,NY,,,,,,,,,077397,,,70,Queens,081,,,2,5602,,,,5600,1,New York,36,,,,0000000132,0000000000,Tract 773.97,S,40711019,-73832896,,711,8,0,64,1,70,0,0,0,6
G3600810077398,1990,NY,,,,,,,,,077398,,,70,Queens,081,,,2,5602,,,,5600,1,New York,36,,,,0000000016,0000000000,Tract 773.98,S,40712300,-73834361,,337,19,0,57,1,34,8,0,2,17
G36008100775,1990,NY,,,,,,,,,0775,,,70,Queens,081,,,2,5602,,,,5600,1,New York,36,,,,0000000228,0000000000,Tract 775,S,40708300,-73832336,,1797,22,6,141,4,226,4,2,2,58
G3600810077901,1990,NY,,,,,,,,,077901,,,70,Queens,081,,,2,5602,,,,5600,1,New York,36,,,,0000000703,0000000000,Tract 779.01,S,40726300,-73818377,,5382,1080,15,698,17,876,59,1,41,557
G3600810077902,1990,NY,,,,,,,,,077902,,,70,Queens,081,,,2,5602,,,,5600,1,New York,36,,,,0000000574,0000000000,Tract 779.02,S,40724000,-73825005,,4244,130,2,320,1,178,18,0,3,60
G3600810077903,1990,NY,,,,,,,,,077903,,,70,Queens,081,,,2,5602,,,,5600,1,New York,36,,,,0000000271,0000000000,Tract 779.03,S,40719000,-73822405,,1629,57,2,251,6,298,8,0,8,255
G3600810077904,1990,NY,,,,,,,,,077904,,,70,Queens,081,,,2,5602,,,,5600,1,New York,36,,,,0000000395,0000000000,Tract 779.04,S,40720250,-73815447,,3079,247,7,1250,12,400,30,1,16,374
G3600810077905,1990,NY,,,,,,,,,077905,,,70,Queens,081,,,2,5602,,,,5600,1,New York,36,,,,0000000221,0000000000,Tract 779.05,S,40716179,-73812688,,1486,414,2,360,0,154,16,0,1,94
G36008100788,1990,NY,,,,,,,,,0788,,,70,Queens,081,,,2,5602,,,,5600,1,New York,36,,,,0000000183,0000000000,Tract 788,S,40670650,-73790554,,34,1364,2,14,4,3,55,0,1,33
G36008100790,1990,NY,,,,,,,,,0790,,,70,Queens,081,,,2,5602,,,,5600,1,New York,36,,,,0000000242,0000000000,Tract 790,S,40672000,-73797666,,31,1916,8,8,1,14,80,0,1,16
G36008100792,1990,NY,,,,,,,,,0792,,,70,Queens,081,,,2,5602,,,,5600,1,New York,36,,,,0000000328,0000000000,Tract 792,S,40668763,-73797456,,40,1731,10,28,8,22,77,0,0,32
G36008100793,1990,NY,,,,,,,,,0793,,,70,Queens,081,,,2,5602,,,,5600,1,New York,36,,,,0000000826,0000000000,Tract 793,S,40736500,-73830655,,4,0,0,0,0,4,0,0,0,0
G36008100797,1990,NY,,,,,,,,,0797,,,70,Queens,081,,,2,5602,,,,5600,1,New York,36,,,,0000000400,0000000000,Tract 797,S,40751600,-73827780,,2728,854,58,5157,50,968,74,4,73,523
G36008100799,1990,NY,,,,,,,,,0799,,,70,Queens,081,,,2,5602,,,,5600,1,New York,36,,,,0000000281,0000000000,Tract 799,S,40746500,-73828420,,1459,17,0,546,4,170,5,0,22,68
G3600810080301,1990,NY,,,,,,,,,080301,,,70,Queens,081,,,2,5602,,,,5600,1,New York,36,,,,0000000293,0000000000,Tract 803.01,S,40744450,-73831781,,1792,32,1,586,5,227,5,0,14,131
G3600810080302,1990,NY,,,,,,,,,080302,,,70,Queens,081,,,2,5602,,,,5600,1,New York,36,,,,0000000551,0000000000,Tract 803.02,S,40740550,-73826881,,2017,5,1,630,5,224,5,0,22,85
G36008100809,1990,NY,,,,,,,,,0809,,,70,Queens,081,,,2,5602,,,,5600,1,New York,36,,,,0000001011,0000000000,Tract 809,S,40733699,-73822018,,4931,347,6,445,4,445,16,0,6,121
G36008100814,1990,NY,,,,,,,,,0814,,,70,Queens,081,,,2,5602,,,,5600,1,New York,36,,,,0000000436,0000000000,Tract 814,S,40671257,-73803755,,129,2615,11,79,9,125,121,4,0,153
G36008100818,1990,NY,,,,,,,,,0818,,,70,Queens,081,,,2,5602,,,,5600,1,New York,36,,,,0000000366,0000000000,Tract 818,S,40670950,-73810094,,347,1990,15,90,20,272,111,5,2,212
G36008100837,1990,NY,,,,,,,,,0837,,,70,Queens,081,,,2,5602,,,,5600,1,New York,36,,,,0000000730,0000000000,Tract 837,S,40745050,-73820681,,2338,35,1,1453,8,215,12,10,15,55
G36008100838,1990,NY,,,,,,,,,0838,,,70,Queens,081,,,2,5602,,,,5600,1,New York,36,,,,0000000490,0000000000,Tract 838,S,40670134,-73820825,,2372,250,20,286,33,450,39,2,7,313
G36008100840,1990,NY,,,,,,,,,0840,,,70,Queens,081,,,2,5602,,,,5600,1,New York,36,,,,0000000572,0000000000,Tract 840,S,40672650,-73818396,,2068,941,20,420,23,646,219,0,63,503
G36008100845,1990,NY,,,,,,,,,0845,,,70,Queens,081,,,2,5602,,,,5600,1,New York,36,,,,0000000192,0000000000,Tract 845,S,40749859,-73820326,,1198,1373,9,811,5,520,172,6,11,309
G3600810084601,1990,NY,,,,,,,,,084601,,,70,Queens,081,,,2,5602,,,,5600,1,New York,36,,,,0000000359,0000000000,Tract 846.01,S,40667450,-73821728,,1663,111,10,139,23,262,42,2,6,87
G3600810084602,1990,NY,,,,,,,,,084602,,,70,Queens,081,,,2,5602,,,,5600,1,New York,36,,,,0000001282,0000000000,Tract 846.02,S,40664500,-73811075,,360,197,7,24,5,86,58,6,2,67
G36008100851,1990,NY,,,,,,,,,0851,,,70,Queens,081,,,2,5602,,,,5600,1,New York,36,,,,0000000149,0000000000,Tract 851,S,40754864,-73830901,,450,778,23,2061,29,868,282,10,208,1003
G36008100853,1990,NY,,,,,,,,,0853,,,70,Queens,081,,,2,5602,,,,5600,1,New York,36,,,,0000000197,0000000000,Tract 853,S,40757033,-73828647,,959,315,42,3086,31,622,47,9,45,239
G36008100855,1990,NY,,,,,,,,,0855,,,70,Queens,081,,,2,5602,,,,5600,1,New York,36,,,,0000000133,0000000000,Tract 855,S,40759500,-73822881,,1568,429,27,2407,44,1201,46,4,45,691
G36008100857,1990,NY,,,,,,,,,0857,,,70,Queens,081,,,2,5602,,,,5600,1,New York,36,,,,0000000132,0000000000,Tract 857,S,40756950,-73823683,,1429,349,7,2382,13,892,81,2,30,415
G36008100859,1990,NY,,,,,,,,,0859,,,70,Queens,081,,,2,5602,,,,5600,1,New York,36,,,,0000000156,0000000000,Tract 859,S,40753700,-73820712,,1655,206,4,1242,21,772,45,2,24,338
G36008100861,1990,NY,,,,,,,,,0861,,,70,Queens,081,,,2,5602,,,,5600,1,New York,36,,,,0000000140,0000000000,Tract 861,S,40756150,-73818469,,887,73,1,835,6,291,24,0,14,107
G36008100863,1990,NY,,,,,,,,,0863,,,70,Queens,081,,,2,5602,,,,5600,1,New York,36,,,,0000000143,0000000000,Tract 863,S,40761000,-73820308,,1247,709,3,3160,21,1001,154,1,97,455
G36008100864,1990,NY,,,,,,,,,0864,,,70,Queens,081,,,2,5602,,,,5600,1,New York,36,,,,0000001120,0000000000,Tract 864,S,40673744,-73831814,,1509,34,3,103,0,212,6,0,0,92
G36008100865,1990,NY,,,,,,,,,0865,,,70,Queens,081,,,2,5602,,,,5600,1,New York,36,,,,0000000148,0000000000,Tract 865,S,40762650,-73824375,,1573,126,5,1816,6,449,12,0,24,287
G36008100867,1990,NY,,,,,,,,,0867,,,70,Queens,081,,,2,5602,,,,5600,1,New York,36,,,,0000000193,0000000000,Tract 867,S,40763650,-73831410,,81,170,2,403,0,54,11,1,9,104
G36008100871,1990,NY,,,,,,,,,0871,,,70,Queens,081,,,2,5602,,,,5600,1,New York,36,,,,0000000234,0000000000,Tract 871,S,40759350,-73831531,,214,647,8,373,0,169,73,2,3,288
G36008100875,1990,NY,,,,,,,,,0875,,,70,Queens,081,,,2,5602,,,,5600,1,New York,36,,,,0000000336,0000000034,Tract 875,S,40756139,-73835061,,70,57,0,106,5,54,0,2,2,59
G36008100878,1990,NY,,,,,,,,,0878,,,70,Queens,081,,,2,5602,,,,5600,1,New York,36,,,,0000000178,0000000000,Tract 878,S,40668900,-73837174,,568,6,0,12,0,33,0,0,0,21
G36008100884,1990,NY,,,,,,,,,0884,,,70,Queens,081,,,2,5602,,,,5600,1,New York,36,,,,0000001672,0000000601,Tract 884,S,40655500,-73834123,,7317,53,4,50,2,238,0,0,0,68
G36008100889,1990,NY,,,,,,,,,0889,,,70,Queens,081,,,2,5602,,,,5600,1,New York,36,,,,0000001069,0000000012,Tract 889,S,40770300,-73831374,,5484,628,16,1386,12,856,65,3,15,686
G36008100892,1990,NY,,,,,,,,,0892,,,70,Queens,081,,,2,5602,,,,5600,1,New York,36,,,,0000002845,0000000545,Tract 892,S,40652150,-73846805,,7594,16,4,188,0,262,10,1,8,22
G36008100907,1990,NY,,,,,,,,,0907,,,70,Queens,081,,,2,5602,,,,5600,1,New York,36,,,,0000002068,0000000331,Tract 907,S,40773300,-73840647,,900,9,4,86,0,132,0,2,3,26
G3600810091601,1990,NY,,,,,,,,,091601,,,70,Queens,081,,,2,5602,,,,5600,1,New York,36,,,,0000003917,0000045456,Tract 916.01,S,40538149,-73991467,,3616,5,10,7,1,26,1,0,0,0
G3600810091602,1990,NY,,,,,,,,,091602,,,70,Queens,081,,,2,5602,,,,5600,1,New York,36,,,,0000001118,0000001549,Tract 916.02,S,40557854,-73887984,,14,6,0,3,0,1,0,0,0,0
G3600810091699,1990,NY,,,,,,,,,091699,,,70,Queens,081,,,2,5602,,,,5600,1,New York,36,,,,0000000000,0000000000,Tract 916.99,S,40568017,-73885467,,0,0,0,0,0,0,0,0,0,0
G36008100918,1990,NY,,,,,,,,,0918,,,70,Queens,081,,,2,5602,,,,5600,1,New York,36,,,,0000001218,0000002314,Tract 918,S,40565600,-73870262,,159,84,1,1,0,0,0,0,0,19
G36008100919,1990,NY,,,,,,,,,0919,,,70,Queens,081,,,2,5602,,,,5600,1,New York,36,,,,0000000445,0000000525,Tract 919,S,40778381,-73849795,,3415,134,3,392,10,406,26,2,4,222
G36008100922,1990,NY,,,,,,,,,0922,,,70,Queens,081,,,2,5602,,,,5600,1,New York,36,,,,0000000641,0000000781,Tract 922,S,40571500,-73860449,,2112,9,1,26,0,30,0,0,0,1
G36008100925,1990,NY,,,,,,,,,0925,,,70,Queens,081,,,2,5602,,,,5600,1,New York,36,,,,0000000313,0000000000,Tract 925,S,40782250,-73845099,,2034,30,2,117,4,393,9,0,0,159
G36008100928,1990,NY,,,,,,,,,0928,,,70,Queens,081,,,2,5602,,,,5600,1,New York,36,,,,0000000802,0000001340,Tract 928,S,40572300,-73853592,,3228,9,1,42,0,44,5,0,1,2
G36008100929,1990,NY,,,,,,,,,0929,,,70,Queens,081,,,2,5602,,,,5600,1,New York,36,,,,0000000878,0000002390,Tract 929,S,40784933,-73858558,,3681,40,11,335,7,544,6,0,6,149
G36008100934,1990,NY,,,,,,,,,0934,,,70,Queens,081,,,2,5602,,,,5600,1,New York,36,,,,0000000947,0000001802,Tract 934,S,40577650,-73841099,,6764,69,3,130,8,262,15,1,4,57
G36008100938,1990,NY,,,,,,,,,0938,,,70,Queens,081,,,2,5602,,,,5600,1,New York,36,,,,0000000794,0000001263,Tract 938,S,40581700,-73828179,,3715,387,6,61,1,117,34,0,0,70
G36008100939,1990,NY,,,,,,,,,0939,,,70,Queens,081,,,2,5602,,,,5600,1,New York,36,,,,0000000565,0000001053,Tract 939,S,40793045,-73842700,,2668,20,4,375,9,275,2,0,1,68
G3600810094201,1990,NY,,,,,,,,,094201,,,70,Queens,081,,,2,5602,,,,5600,1,New York,36,,,,0000000311,0000000203,Tract 942.01,S,40585774,-73821751,,847,613,6,20,21,108,37,1,1,142
G3600810094202,1990,NY,,,,,,,,,094202,,,70,Queens,081,,,2,5602,,,,5600,1,New York,36,,,,0000000760,0000000464,Tract 942.02,S,40591499,-73811274,,1092,2135,16,46,12,175,61,0,1,229
G3600810094203,1990,NY,,,,,,,,,094203,,,70,Queens,081,,,2,5602,,,,5600,1,New York,36,,,,0000000502,0000001360,Tract 942.03,S,40579927,-73810930,,3727,637,11,62,8,128,32,0,10,95
G36008100945,1990,NY,,,,,,,,,0945,,,70,Queens,081,,,2,5602,,,,5600,1,New York,36,,,,0000001447,0000000669,Tract 945,S,40789014,-73831726,,3088,45,5,309,3,256,11,3,9,53
G36008100947,1990,NY,,,,,,,,,0947,,,70,Queens,081,,,2,5602,,,,5600,1,New York,36,,,,0000000279,0000000000,Tract 947,S,40786350,-73842129,,1529,2,2,47,1,204,1,0,0,97
G36008100952,1990,NY,,,,,,,,,0952,,,70,Queens,081,,,2,5602,,,,5600,1,New York,36,,,,0000000395,0000000354,Tract 952,S,40586433,-73800417,,130,690,4,2,2,18,33,0,1,33
G36008100962,1990,NY,,,,,,,,,0962,,,70,Queens,081,,,2,5602,,,,5600,1,New York,36,,,,0000000462,0000000169,Tract 962,S,40597050,-73800399,,558,1642,39,27,8,145,86,0,0,242
G36008100964,1990,NY,,,,,,,,,0964,,,70,Queens,081,,,2,5602,,,,5600,1,New York,36,,,,0000000892,0000000492,Tract 964,S,40592300,-73793638,,418,1833,30,37,5,224,176,3,7,181
G36008100972,1990,NY,,,,,,,,,0972,,,70,Queens,081,,,2,5602,,,,5600,1,New York,36,,,,0000002328,0000001926,Tract 972,S,40595950,-73781659,,790,11463,47,102,40,495,653,13,7,1072
G36008100973,1990,NY,,,,,,,,,0973,,,70,Queens,081,,,2,5602,,,,5600,1,New York,36,,,,0000000593,0000000178,Tract 973,S,40794150,-73823699,,1966,1,2,138,0,81,0,0,0,18
G36008100981,1990,NY,,,,,,,,,0981,,,70,Queens,081,,,2,5602,,,,5600,1,New York,36,,,,0000000653,0000000851,Tract 981,S,40798733,-73818721,,1645,0,0,123,2,71,1,0,1,9
G36008100987,1990,NY,,,,,,,,,0987,,,70,Queens,081,,,2,5602,,,,5600,1,New York,36,,,,0000000654,0000000727,Tract 987,S,40795733,-73808466,,2141,3,0,148,1,175,0,0,2,25
G36008100991,1990,NY,,,,,,,,,0991,,,70,Queens,081,,,2,5602,,,,5600,1,New York,36,,,,0000001130,0000000418,Tract 991,S,40791850,-73799399,,6192,50,2,310,2,325,3,0,0,51
G36008100992,1990,NY,,,,,,,,,0992,,,70,Queens,081,,,2,5602,,,,5600,1,New York,36,,,,0000000579,0000000399,Tract 992,S,40592050,-73766928,,719,1159,12,21,17,214,71,6,1,287
G3600810099701,1990,NY,,,,,,,,,099701,,,70,Queens,081,,,2,5602,,,,5600,1,New York,36,,,,0000000924,0000000000,Tract 997.01,S,40781900,-73789058,,2599,3,2,248,1,83,0,1,0,27
G3600810099702,1990,NY,,,,,,,,,099702,,,70,Queens,081,,,2,5602,,,,5600,1,New York,36,,,,0000001784,0000004433,Tract 997.02,S,40801133,-73777365,,12904,162,12,1093,6,562,18,4,15,130
G36008100998,1990,NY,,,,,,,,,0998,,,70,Queens,081,,,2,5602,,,,5600,1,New York,36,,,,0000000915,0000000597,Tract 998,S,40591800,-73759047,,2593,6044,39,167,19,868,499,8,6,975
G36008100999,1990,NY,,,,,,,,,0999,,,70,Queens,081,,,2,5602,,,,5600,1,New York,36,,,,0000000651,0000000000,Tract 999,S,40789967,-73777244,,244,242,0,19,1,127,27,0,0,74
G36008101008,1990,NY,,,,,,,,,1008,,,70,Queens,081,,,2,5602,,,,5600,1,New York,36,,,,0000001664,0000000535,Tract 1008,S,40606100,-73766738,,2178,3963,57,312,28,397,249,14,16,1110
G36008101010,1990,NY,,,,,,,,,1010,,,70,Queens,081,,,2,5602,,,,5600,1,New York,36,,,,0000001415,0000000259,Tract 1010,S,40597900,-73746089,,5826,3931,36,213,29,1259,411,5,45,1253
G36008101017,1990,NY,,,,,,,,,1017,,,70,Queens,081,,,2,5602,,,,5600,1,New York,36,,,,0000000970,0000000000,Tract 1017,S,40779650,-73799499,,5466,24,2,474,5,154,1,4,0,27
G36008101029,1990,NY,,,,,,,,,1029,,,70,Queens,081,,,2,5602,,,,5600,1,New York,36,,,,0000000491,0000000000,Tract 1029,S,40783800,-73807544,,2905,19,4,217,4,151,1,0,0,65
G36008101032,1990,NY,,,,,,,,,1032,,,70,Queens,081,,,2,5602,,,,5600,1,New York,36,,,,0000001110,0000000032,Tract 1032,S,40608050,-73751231,,3145,4889,37,143,48,900,325,9,11,875
G36008101033,1990,NY,,,,,,,,,1033,,,70,Queens,081,,,2,5602,,,,5600,1,New York,36,,,,0000000610,0000000000,Tract 1033,S,40778900,-73811199,,3433,3,0,231,1,148,2,0,14,59
G36008101039,1990,NY,,,,,,,,,1039,,,70,Queens,081,,,2,5602,,,,5600,1,New York,36,,,,0000000897,0000000000,Tract 1039,S,40784100,-73820513,,4695,30,1,395,5,355,1,0,4,106
G36008101047,1990,NY,,,,,,,,,1047,,,70,Queens,081,,,2,5602,,,,5600,1,New York,36,,,,0000000839,0000000000,Tract 1047,S,40774850,-73821249,,5239,9,2,779,7,287,15,1,1,89
G36008101059,1990,NY,,,,,,,,,1059,,,70,Queens,081,,,2,5602,,,,5600,1,New York,36,,,,0000000652,0000000000,Tract 1059,S,40773300,-73808749,,3047,3,0,364,0,121,0,0,1,16
G3600810107201,1990,NY,,,,,,,,,107201,,,70,Queens,081,,,2,5602,,,,5600,1,New York,36,,,,0000001471,0000000669,Tract 1072.01,S,40603350,-73821811,,2429,2,0,11,0,32,0,0,0,9
G3600810107202,1990,NY,,,,,,,,,107202,,,70,Queens,081,,,2,5602,,,,5600,1,New York,36,,,,0000008204,0000014972,Tract 1072.02,S,40623567,-73803460,,2,0,0,0,0,0,0,0,0,0
G3600810108101,1990,NY,,,,,,,,,108101,,,70,Queens,081,,,2,5602,,,,5600,1,New York,36,,,,0000000197,0000000000,Tract 1081.01,S,40773533,-73787194,,721,0,0,106,0,19,0,0,4,10
G3600810108102,1990,NY,,,,,,,,,108102,,,70,Queens,081,,,2,5602,,,,5600,1,New York,36,,,,0000000279,0000000000,Tract 1081.02,S,40773360,-73782134,,717,4,0,272,0,27,0,0,0,6
G36008101083,1990,NY,,,,,,,,,1083,,,70,Queens,081,,,2,5602,,,,5600,1,New York,36,,,,0000000232,0000000000,Tract 1083,S,40771500,-73791159,,1347,1,1,140,0,107,0,0,2,29
G36008101091,1990,NY,,,,,,,,,1091,,,70,Queens,081,,,2,5602,,,,5600,1,New York,36,,,,0000000871,0000000454,Tract 1091,S,40775200,-73769100,,1627,37,0,266,0,96,11,0,1,11
G36008101097,1990,NY,,,,,,,,,1097,,,70,Queens,081,,,2,5602,,,,5600,1,New York,36,,,,0000000457,0000000000,Tract 1097,S,40770750,-73778080,,1506,21,5,229,1,93,0,0,2,48
G36008101099,1990,NY,,,,,,,,,1099,,,70,Queens,081,,,2,5602,,,,5600,1,New York,36,,,,0000000359,0000000000,Tract 1099,S,40767750,-73787301,,2727,8,1,254,4,182,1,0,2,16
G36008101113,1990,NY,,,,,,,,,1113,,,70,Queens,081,,,2,5602,,,,5600,1,New York,36,,,,0000000715,0000000181,Tract 1113,S,40767950,-73763023,,1710,83,5,263,6,108,6,0,3,9
G36008101123,1990,NY,,,,,,,,,1123,,,70,Queens,081,,,2,5602,,,,5600,1,New York,36,,,,0000000278,0000000000,Tract 1123,S,40766000,-73772050,,1130,140,4,258,5,130,7,0,1,50
G36008101129,1990,NY,,,,,,,,,1129,,,70,Queens,081,,,2,5602,,,,5600,1,New York,36,,,,0000000368,0000000000,Tract 1129,S,40766000,-73777258,,1763,20,6,217,2,139,5,0,0,37
G36008101133,1990,NY,,,,,,,,,1133,,,70,Queens,081,,,2,5602,,,,5600,1,New York,36,,,,0000000247,0000000000,Tract 1133,S,40764150,-73783405,,1356,2,1,95,6,48,0,0,7,19
G36008101139,1990,NY,,,,,,,,,1139,,,70,Queens,081,,,2,5602,,,,5600,1,New York,36,,,,0000000391,0000000000,Tract 1139,S,40763901,-73791072,,2533,5,1,328,6,216,1,0,3,100
G36008101141,1990,NY,,,,,,,,,1141,,,70,Queens,081,,,2,5602,,,,5600,1,New York,36,,,,0000000449,0000000000,Tract 1141,S,40769679,-73796975,,2118,5,0,190,0,108,0,0,5,27
G36008101147,1990,NY,,,,,,,,,1147,,,70,Queens,081,,,2,5602,,,,5600,1,New York,36,,,,0000000302,0000000000,Tract 1147,S,40768391,-73801954,,1453,3,0,210,0,81,0,0,8,7
G36008101151,1990,NY,,,,,,,,,1151,,,70,Queens,081,,,2,5602,,,,5600,1,New York,36,,,,0000000297,0000000000,Tract 1151,S,40768900,-73808399,,949,5,0,148,0,49,1,0,0,22
G36008101155,1990,NY,,,,,,,,,1155,,,70,Queens,081,,,2,5602,,,,5600,1,New York,36,,,,0000000192,0000000000,Tract 1155,S,40767400,-73812720,,1253,24,2,247,7,196,15,1,2,79
G36008101157,1990,NY,,,,,,,,,1157,,,70,Queens,081,,,2,5602,,,,5600,1,New York,36,,,,0000000320,0000000000,Tract 1157,S,40767800,-73815371,,1814,35,1,628,1,307,3,0,1,93
G36008101159,1990,NY,,,,,,,,,1159,,,70,Queens,081,,,2,5602,,,,5600,1,New York,36,,,,0000000311,0000000000,Tract 1159,S,40767800,-73821106,,1699,244,11,1064,5,386,16,4,27,281
G36008101161,1990,NY,,,,,,,,,1161,,,70,Queens,081,,,2,5602,,,,5600,1,New York,36,,,,0000000177,0000000000,Tract 1161,S,40767050,-73826025,,1534,313,5,1002,22,646,58,0,27,309
G36008101163,1990,NY,,,,,,,,,1163,,,70,Queens,081,,,2,5602,,,,5600,1,New York,36,,,,0000000252,0000000000,Tract 1163,S,40764286,-73818653,,2423,470,8,3302,23,1352,50,7,46,592
G36008101167,1990,NY,,,,,,,,,1167,,,70,Queens,081,,,2,5602,,,,5600,1,New York,36,,,,0000000162,0000000000,Tract 1167,S,40762050,-73813470,,671,29,4,650,12,219,8,3,7,156
G36008101171,1990,NY,,,,,,,,,1171,,,70,Queens,081,,,2,5602,,,,5600,1,New York,36,,,,0000000384,0000000000,Tract 1171,S,40764050,-73806229,,1587,39,0,470,2,342,18,0,10,88
G36008101175,1990,NY,,,,,,,,,1175,,,70,Queens,081,,,2,5602,,,,5600,1,New York,36,,,,0000000567,0000000000,Tract 1175,S,40761038,-73796786,,3292,31,9,791,7,280,7,2,5,90
G36008101181,1990,NY,,,,,,,,,1181,,,70,Queens,081,,,2,5602,,,,5600,1,New York,36,,,,0000000197,0000000000,Tract 1181,S,40758750,-73787796,,1417,8,0,131,2,123,8,0,8,12
G36008101185,1990,NY,,,,,,,,,1185,,,70,Queens,081,,,2,5602,,,,5600,1,New York,36,,,,0000000155,0000000000,Tract 1185,S,40759350,-73803969,,1029,49,8,193,5,263,4,0,6,99
G36008101187,1990,NY,,,,,,,,,1187,,,70,Queens,081,,,2,5602,,,,5600,1,New York,36,,,,0000000190,0000000000,Tract 1187,S,40759500,-73812949,,864,23,7,619,6,243,9,4,14,73
G36008101189,1990,NY,,,,,,,,,1189,,,70,Queens,081,,,2,5602,,,,5600,1,New York,36,,,,0000000205,0000000000,Tract 1189,S,40756550,-73812273,,905,15,0,576,1,156,1,0,27,62
G36008101191,1990,NY,,,,,,,,,1191,,,70,Queens,081,,,2,5602,,,,5600,1,New York,36,,,,0000000224,0000000000,Tract 1191,S,40757600,-73807075,,1480,26,17,504,0,343,8,4,4,35
G36008101193,1990,NY,,,,,,,,,1193,,,70,Queens,081,,,2,5602,,,,5600,1,New York,36,,,,0000000212,0000000000,Tract 1193,S,40757050,-73799599,,1288,29,0,240,3,213,8,0,8,49
G36008101195,1990,NY,,,,,,,,,1195,,,70,Queens,081,,,2,5602,,,,5600,1,New York,36,,,,0000000196,0000000000,Tract 1195,S,40754750,-73799899,,1010,8,0,100,1,91,1,0,0,24
G36008101199,1990,NY,,,,,,,,,1199,,,70,Queens,081,,,2,5602,,,,5600,1,New York,36,,,,0000000176,0000000000,Tract 1199,S,40752900,-73809573,,811,8,0,341,1,98,1,0,7,34
G36008101201,1990,NY,,,,,,,,,1201,,,70,Queens,081,,,2,5602,,,,5600,1,New York,36,,,,0000000161,0000000000,Tract 1201,S,40752900,-73814977,,502,73,1,558,1,188,20,6,0,61
G36008101203,1990,NY,,,,,,,,,1203,,,70,Queens,081,,,2,5602,,,,5600,1,New York,36,,,,0000000192,0000000000,Tract 1203,S,40748100,-73813041,,645,13,5,485,0,139,2,1,12,35
G36008101205,1990,NY,,,,,,,,,1205,,,70,Queens,081,,,2,5602,,,,5600,1,New York,36,,,,0000000210,0000000000,Tract 1205,S,40750750,-73817206,,678,221,9,825,2,189,20,2,20,168
G36008101207,1990,NY,,,,,,,,,1207,,,70,Queens,081,,,2,5602,,,,5600,1,New York,36,,,,0000000689,0000000000,Tract 1207,S,40749450,-73801501,,1833,8,2,392,0,198,0,0,7,55
G36008101211,1990,NY,,,,,,,,,1211,,,70,Queens,081,,,2,5602,,,,5600,1,New York,36,,,,0000001028,0000000024,Tract 1211,S,40748200,-73805503,,7,0,0,0,0,0,0,0,0,0
G36008101215,1990,NY,,,,,,,,,1215,,,70,Queens,081,,,2,5602,,,,5600,1,New York,36,,,,0000000552,0000000000,Tract 1215,S,40740950,-73806326,,1937,48,6,944,5,314,7,0,2,69
G36008101223,1990,NY,,,,,,,,,1223,,,70,Queens,081,,,2,5602,,,,5600,1,New York,36,,,,0000000547,0000000000,Tract 1223,S,40735400,-73799924,,1991,27,3,493,3,209,1,0,3,57
G3600810122701,1990,NY,,,,,,,,,122701,,,70,Queens,081,,,2,5602,,,,5600,1,New York,36,,,,0000000770,0000000000,Tract 1227.01,S,40733133,-73806753,,6310,628,5,992,22,678,71,2,32,234
G3600810122702,1990,NY,,,,,,,,,122702,,,70,Queens,081,,,2,5602,,,,5600,1,New York,36,,,,0000000426,0000000000,Tract 1227.02,S,40730900,-73813261,,3567,1189,13,304,3,535,83,10,7,231
G36008101241,1990,NY,,,,,,,,,1241,,,70,Queens,081,,,2,5602,,,,5600,1,New York,36,,,,0000000523,0000000000,Tract 1241,S,40726633,-73802792,,2017,282,6,655,11,216,28,1,8,178
G36008101247,1990,NY,,,,,,,,,1247,,,70,Queens,081,,,2,5602,,,,5600,1,New York,36,,,,0000000481,0000000000,Tract 1247,S,40728250,-73796606,,2597,24,3,551,5,89,3,0,0,62
G36008101257,1990,NY,,,,,,,,,1257,,,70,Queens,081,,,2,5602,,,,5600,1,New York,36,,,,0000000329,0000000000,Tract 1257,S,40724050,-73807699,,502,1240,11,452,16,302,68,16,17,141
G36008101265,1990,NY,,,,,,,,,1265,,,70,Queens,081,,,2,5602,,,,5600,1,New York,36,,,,0000000198,0000000000,Tract 1265,S,40719659,-73803855,,702,66,12,407,10,137,7,0,24,70
G3600810126798,1990,NY,,,,,,,,,126798,,,70,Queens,081,,,2,5602,,,,5600,1,New York,36,,,,0000000727,0000000000,Tract 1267.98,S,40721000,-73798360,,1075,124,0,701,2,100,20,0,12,73
G36008101273,1990,NY,,,,,,,,,1273,,,70,Queens,081,,,2,5602,,,,5600,1,New York,36,,,,0000000347,0000000000,Tract 1273,S,40722450,-73787115,,965,15,0,164,0,39,1,0,0,4
G36008101275,1990,NY,,,,,,,,,1275,,,70,Queens,081,,,2,5602,,,,5600,1,New York,36,,,,0000000659,0000000000,Tract 1275,S,40725700,-73780878,,1951,37,0,254,1,41,0,0,6,20
G36008101283,1990,NY,,,,,,,,,1283,,,70,Queens,081,,,2,5602,,,,5600,1,New York,36,,,,0000002295,0000000000,Tract 1283,S,40734650,-73769999,,33,0,0,3,0,10,0,0,0,0
G3600810129101,1990,NY,,,,,,,,,129101,,,70,Queens,081,,,2,5602,,,,5600,1,New York,36,,,,0000001124,0000000000,Tract 1291.01,S,40736650,-73754751,,7152,140,6,518,11,307,11,4,1,57
G3600810129102,1990,NY,,,,,,,,,129102,,,70,Queens,081,,,2,5602,,,,5600,1,New York,36,,,,0000000757,0000000000,Tract 1291.02,S,40731400,-73754799,,2734,13,0,227,1,100,0,0,2,18
G36008101301,1990,NY,,,,,,,,,1301,,,70,Queens,081,,,2,5602,,,,5600,1,New York,36,,,,0000000748,0000000000,Tract 1301,S,40733750,-73739902,,3002,28,6,337,2,156,3,0,9,78
G36008101319,1990,NY,,,,,,,,,1319,,,70,Queens,081,,,2,5602,,,,5600,1,New York,36,,,,0000001324,0000000006,Tract 1319,S,40742567,-73744031,,45,3,0,5,0,2,0,0,0,3
G36008101333,1990,NY,,,,,,,,,1333,,,70,Queens,081,,,2,5602,,,,5600,1,New York,36,,,,0000000701,0000000000,Tract 1333,S,40730700,-73779799,,2929,19,0,372,6,134,0,0,2,35
G36008101339,1990,NY,,,,,,,,,1339,,,70,Queens,081,,,2,5602,,,,5600,1,New York,36,,,,0000000213,0000000000,Tract 1339,S,40727450,-73790372,,982,3,0,153,0,50,1,0,0,17
G36008101341,1990,NY,,,,,,,,,1341,,,70,Queens,081,,,2,5602,,,,5600,1,New York,36,,,,0000000591,0000000000,Tract 1341,S,40735650,-73792137,,1911,23,1,673,2,157,12,0,2,26
G36008101347,1990,NY,,,,,,,,,1347,,,70,Queens,081,,,2,5602,,,,5600,1,New York,36,,,,0000001106,0000000000,Tract 1347,S,40737800,-73780685,,5986,959,10,331,6,195,51,1,2,87
G36008101367,1990,NY,,,,,,,,,1367,,,70,Queens,081,,,2,5602,,,,5600,1,New York,36,,,,0000000803,0000000000,Tract 1367,S,40744700,-73761018,,4375,65,1,919,0,181,2,0,8,69
G36008101377,1990,NY,,,,,,,,,1377,,,70,Queens,081,,,2,5602,,,,5600,1,New York,36,,,,0000000791,0000000000,Tract 1377,S,40747700,-73749627,,3863,90,6,872,2,446,20,0,19,112
G3600810138501,1990,NY,,,,,,,,,138501,,,70,Queens,081,,,2,5602,,,,5600,1,New York,36,,,,0000001001,0000000033,Tract 1385.01,S,40753800,-73755757,,2916,28,0,1288,0,176,1,0,28,31
G3600810138502,1990,NY,,,,,,,,,138502,,,70,Queens,081,,,2,5602,,,,5600,1,New York,36,,,,0000000978,0000000043,Tract 1385.02,S,40760767,-73751946,,0,0,0,0,0,0,0,0,0,0
G36008101399,1990,NY,,,,,,,,,1399,,,70,Queens,081,,,2,5602,,,,5600,1,New York,36,,,,0000000307,0000000000,Tract 1399,S,40750013,-73763497,,1205,1,0,281,3,44,5,0,0,17
G36008101403,1990,NY,,,,,,,,,1403,,,70,Queens,081,,,2,5602,,,,5600,1,New York,36,,,,0000000372,0000000000,Tract 1403,S,40748300,-73770014,,1556,13,4,382,0,138,8,0,0,24
G3600810140901,1990,NY,,,,,,,,,140901,,,70,Queens,081,,,2,5602,,,,5600,1,New York,36,,,,0000000170,0000000000,Tract 1409.01,S,40746600,-73776262,,596,3,0,168,0,52,0,0,0,7
G3600810140902,1990,NY,,,,,,,,,140902,,,70,Queens,081,,,2,5602,,,,5600,1,New York,36,,,,0000000505,0000000000,Tract 1409.02,S,40744950,-73782535,,1476,4,1,516,0,119,0,0,3,24
G3600810141701,1990,NY,,,,,,,,,141701,,,70,Queens,081,,,2,5602,,,,5600,1,New York,36,,,,0000000738,0000000000,Tract 1417.01,S,40745400,-73790840,,2840,22,1,779,1,182,0,3,36,34
G3600810141702,1990,NY,,,,,,,,,141702,,,70,Queens,081,,,2,5602,,,,5600,1,New York,36,,,,0000000128,0000000000,Tract 1417.02,S,40739310,-73794570,,188,3,1,65,0,39,2,1,0,32
G36008101429,1990,NY,,,,,,,,,1429,,,70,Queens,081,,,2,5602,,,,5600,1,New York,36,,,,0000000532,0000000000,Tract 1429,S,40751700,-73784804,,2604,4,3,479,2,154,1,0,7,37
G36008101435,1990,NY,,,,,,,,,1435,,,70,Queens,081,,,2,5602,,,,5600,1,New York,36,,,,0000000374,0000000000,Tract 1435,S,40751700,-73770606,,1432,43,1,326,5,153,3,0,1,19
G36008101441,1990,NY,,,,,,,,,1441,,,70,Queens,081,,,2,5602,,,,5600,1,New York,36,,,,0000000344,0000000000,Tract 1441,S,40754800,-73764094,,2305,12,7,382,1,121,7,0,1,32
G36008101447,1990,NY,,,,,,,,,1447,,,70,Queens,081,,,2,5602,,,,5600,1,New York,36,,,,0000000429,0000000000,Tract 1447,S,40756933,-73772452,,781,910,6,412,13,173,32,1,7,118
G3600810145101,1990,NY,,,,,,,,,145101,,,70,Queens,081,,,2,5602,,,,5600,1,New York,36,,,,0000000245,0000000000,Tract 1451.01,S,40754650,-73785296,,972,9,3,156,0,32,1,0,0,11
G3600810145102,1990,NY,,,,,,,,,145102,,,70,Queens,081,,,2,5602,,,,5600,1,New York,36,,,,0000000315,0000000000,Tract 1451.02,S,40752800,-73779163,,1200,255,2,361,0,206,22,0,2,91
G36008101459,1990,NY,,,,,,,,,1459,,,70,Queens,081,,,2,5602,,,,5600,1,New York,36,,,,0000000366,0000000000,Tract 1459,S,40754350,-73792406,,2039,4,0,273,2,199,4,0,0,41
G36008101463,1990,NY,,,,,,,,,1463,,,70,Queens,081,,,2,5602,,,,5600,1,New York,36,,,,0000000314,0000000000,Tract 1463,S,40759350,-73781749,,2057,96,0,344,4,194,4,4,10,111
G36008101467,1990,NY,,,,,,,,,1467,,,70,Queens,081,,,2,5602,,,,5600,1,New York,36,,,,0000000379,0000000000,Tract 1467,S,40761350,-73773717,,1907,25,1,149,0,136,1,0,5,42
G36008101471,1990,NY,,,,,,,,,1471,,,70,Queens,081,,,2,5602,,,,5600,1,New York,36,,,,0000000414,0000000000,Tract 1471,S,40761700,-73763940,,2222,17,0,369,0,168,1,0,3,14
G36008101479,1990,NY,,,,,,,,,1479,,,70,Queens,081,,,2,5602,,,,5600,1,New York,36,,,,0000000971,0000000000,Tract 1479,S,40769406,-73741962,,3033,15,10,485,8,235,15,0,3,62
G36008101483,1990,NY,,,,,,,,,1483,,,70,Queens,081,,,2,5602,,,,5600,1,New York,36,,,,0000001408,0000001029,Tract 1483,S,40777500,-73752735,,2580,20,3,303,0,121,1,1,0,14
G3600810150701,1990,NY,,,,,,,,,150701,,,70,Queens,081,,,2,5602,,,,5600,1,New York,36,,,,0000000868,0000000000,Tract 1507.01,S,40762450,-73740549,,2478,14,1,294,0,90,0,1,0,17
G3600810150702,1990,NY,,,,,,,,,150702,,,70,Queens,081,,,2,5602,,,,5600,1,New York,36,,,,0000000844,0000000000,Tract 1507.02,S,40766050,-73731473,,2681,17,0,302,1,127,2,0,0,33
G3600810152901,1990,NY,,,,,,,,,152901,,,70,Queens,081,,,2,5602,,,,5600,1,New York,36,,,,0000001355,0000000000,Tract 1529.01,S,40750589,-73732451,,4176,46,3,790,2,225,9,0,17,55
G3600810152902,1990,NY,,,,,,,,,152902,,,70,Queens,081,,,2,5602,,,,5600,1,New York,36,,,,0000001022,0000000000,Tract 1529.02,S,40760750,-73725027,,4190,14,0,495,4,134,0,0,1,21
G36008101551,1990,NY,,,,,,,,,1551,,,70,Queens,081,,,2,5602,,,,5600,1,New York,36,,,,0000002083,0000000000,Tract 1551,S,40753567,-73717073,,9701,517,38,925,13,694,30,1,21,147
G36008101567,1990,NY,,,,,,,,,1567,,,70,Queens,081,,,2,5602,,,,5600,1,New York,36,,,,0000001496,0000000000,Tract 1567,S,40741000,-73730703,,1041,749,5,30,2,17,38,1,2,19
G3600810157101,1990,NY,,,,,,,,,157101,,,70,Queens,081,,,2,5602,,,,5600,1,New York,36,,,,0000001131,0000000000,Tract 1571.01,S,40737750,-73720222,,4910,131,13,912,8,315,8,3,9,120
G3600810157102,1990,NY,,,,,,,,,157102,,,70,Queens,081,,,2,5602,,,,5600,1,New York,36,,,,0000000339,0000000000,Tract 1571.02,S,40736167,-73726193,,1132,1,3,158,0,54,0,0,7,19
G3600810157901,1990,NY,,,,,,,,,157901,,,70,Queens,081,,,2,5602,,,,5600,1,New York,36,,,,0000000980,0000000000,Tract 1579.01,S,40745000,-73705036,,4010,8,16,555,17,185,3,0,15,45
G3600810157902,1990,NY,,,,,,,,,157902,,,70,Queens,081,,,2,5602,,,,5600,1,New York,36,,,,0000000746,0000000000,Tract 1579.02,S,40741400,-73712671,,2434,6,4,598,5,195,0,0,3,27
G3600810157903,1990,NY,,,,,,,,,157903,,,70,Queens,081,,,2,5602,,,,5600,1,New York,36,,,,0000000718,0000000000,Tract 1579.03,S,40734250,-73708141,,3102,14,3,299,4,189,0,2,2,52
G36008101617,1990,NY,,,,,,,,,1617,,,70,Queens,081,,,2,5602,,,,5600,1,New York,36,,,,0000000690,0000000000,Tract 1617,S,40728700,-73718406,,3494,32,0,214,2,221,0,1,4,32
G36008101621,1990,NY,,,,,,,,,1621,,,70,Queens,081,,,2,5602,,,,5600,1,New York,36,,,,0000000788,0000000000,Tract 1621,S,40729200,-73729059,,3981,76,12,571,16,391,21,0,15,271
G36008300401,1990,NY,,,,,,,,,0401,,,99,Rensselaer,083,,,2,0160,,,,9999,1,New York,36,,,,0000001673,0000000212,Tract 401,S,42785500,-73669100,,4291,160,7,15,2,33,12,0,0,19
G36008300402,1990,NY,,,,,,,,,0402,,,99,Rensselaer,083,,,2,0160,,,,9999,1,New York,36,,,,0000001338,0000000144,Tract 402,S,42770650,-73676000,,4535,147,9,19,8,30,2,1,0,14
G36008300403,1990,NY,,,,,,,,,0403,,,99,Rensselaer,083,,,2,0160,,,,9999,1,New York,36,,,,0000000957,0000000284,Tract 403,S,42759450,-73680031,,3317,78,8,17,1,33,2,1,3,3
G36008300404,1990,NY,,,,,,,,,0404,,,99,Rensselaer,083,,,2,0160,,,,9999,1,New York,36,,,,0000000803,0000000186,Tract 404,S,42746033,-73684145,,2356,689,7,7,10,44,6,1,0,35
G36008300405,1990,NY,,,,,,,,,0405,,,99,Rensselaer,083,,,2,0160,,,,9999,1,New York,36,,,,0000000663,0000000000,Tract 405,S,42744234,-73678084,,1635,424,3,19,16,30,9,0,1,13
G36008300406,1990,NY,,,,,,,,,0406,,,99,Rensselaer,083,,,2,0160,,,,9999,1,New York,36,,,,0000001594,0000000000,Tract 406,S,42729801,-73681511,,3653,471,13,369,6,54,5,0,3,36
G36008300407,1990,NY,,,,,,,,,0407,,,99,Rensselaer,083,,,2,0160,,,,9999,1,New York,36,,,,0000000904,0000000146,Tract 407,S,42732350,-73689542,,3027,745,19,68,9,73,30,2,0,93
G36008300408,1990,NY,,,,,,,,,0408,,,99,Rensselaer,083,,,2,0160,,,,9999,1,New York,36,,,,0000000324,0000000036,Tract 408,S,42724900,-73693227,,1698,137,7,28,4,30,10,0,0,3
G36008300409,1990,NY,,,,,,,,,0409,,,99,Rensselaer,083,,,2,0160,,,,9999,1,New York,36,,,,0000000981,0000000073,Tract 409,S,42717834,-73692834,,2847,119,5,7,2,51,5,0,0,6
G36008300410,1990,NY,,,,,,,,,0410,,,99,Rensselaer,083,,,2,0160,,,,9999,1,New York,36,,,,0000002486,0000000243,Tract 410,S,42704434,-73696995,,3526,237,8,13,15,49,2,0,0,25
G36008300411,1990,NY,,,,,,,,,0411,,,99,Rensselaer,083,,,2,0160,,,,9999,1,New York,36,,,,0000004565,0000000109,Tract 411,S,42703179,-73676410,,5181,355,18,7,5,38,4,0,0,12
G36008300412,1990,NY,,,,,,,,,0412,,,99,Rensselaer,083,,,2,0160,,,,9999,1,New York,36,,,,0000002649,0000000021,Tract 412,S,42714433,-73664686,,3318,49,2,40,0,28,0,0,1,4
G36008300413,1990,NY,,,,,,,,,0413,,,99,Rensselaer,083,,,2,0160,,,,9999,1,New York,36,,,,0000002960,0000000000,Tract 413,S,42730621,-73669509,,5024,198,7,876,4,129,11,1,6,64
G3600830041401,1990,NY,,,,,,,,,041401,,,99,Rensselaer,083,,,2,0160,,,,9999,1,New York,36,,,,0000001838,0000000052,Tract 414.01,S,42747367,-73667247,,2202,58,3,132,0,24,0,0,0,7
G3600830041402,1990,NY,,,,,,,,,041402,,,99,Rensselaer,083,,,2,0160,,,,9999,1,New York,36,,,,0000003242,0000000060,Tract 414.02,S,42760333,-73668567,,700,161,1,7,5,8,6,0,0,11
G36008300515,1990,NY,,,,,,,,,0515,,,99,Rensselaer,083,,,2,0160,,,,9999,1,New York,36,,,,0000004218,0000000555,Tract 515,S,42633567,-73745040,,4137,156,19,20,11,50,5,0,0,25
G36008300516,1990,NY,,,,,,,,,0516,,,99,Rensselaer,083,,,2,0160,,,,9999,1,New York,36,,,,0000002996,0000000281,Tract 516,S,42659767,-73722608,,3578,193,8,2,7,24,7,0,0,13
G3600830051701,1990,NY,,,,,,,,,051701,,,99,Rensselaer,083,,,2,0160,,,,9999,1,New York,36,,,,0000158505,0000000346,Tract 517.01,S,42888738,-73355947,,3155,14,2,15,0,14,0,0,0,0
G3600830051702,1990,NY,,,,,,,,,051702,,,99,Rensselaer,083,,,2,0160,,,,9999,1,New York,36,,,,0000004454,0000000000,Tract 517.02,S,42900499,-73350350,,3425,17,5,10,0,24,2,0,0,7
G36008300518,1990,NY,,,,,,,,,0518,,,99,Rensselaer,083,,,2,0160,,,,9999,1,New York,36,,,,0000160209,0000008042,Tract 518,S,42860415,-73502825,,5404,11,19,11,10,18,0,0,0,1
G3600830051901,1990,NY,,,,,,,,,051901,,,99,Rensselaer,083,,,2,0160,,,,9999,1,New York,36,,,,0000101062,0000004187,Tract 519.01,S,42901614,-73608869,,3830,16,13,12,0,10,0,0,0,3
G3600830051902,1990,NY,,,,,,,,,051902,,,99,Rensselaer,083,,,2,0160,,,,9999,1,New York,36,,,,0000028219,0000000876,Tract 519.02,S,42825291,-73628494,,3602,44,6,12,0,26,0,0,0,0
G3600830052002,1990,NY,,,,,,,,,052002,,,99,Rensselaer,083,,,2,0160,,,,9999,1,New York,36,,,,0000051205,0000000060,Tract 520.02,S,42756156,-73558430,,1367,1,0,1,1,0,0,0,0,0
G3600830052003,1990,NY,,,,,,,,,052003,,,99,Rensselaer,083,,,2,0160,,,,9999,1,New York,36,,,,0000032080,0000000198,Tract 520.03,S,42780846,-73623826,,4106,22,3,29,1,19,10,0,0,2
G3600830052004,1990,NY,,,,,,,,,052004,,,99,Rensselaer,083,,,2,0160,,,,9999,1,New York,36,,,,0000030946,0000000028,Tract 520.04,S,42731700,-73619304,,5309,42,1,61,2,25,6,1,0,0
G3600830052101,1990,NY,,,,,,,,,052101,,,99,Rensselaer,083,,,2,0160,,,,9999,1,New York,36,,,,0000116274,0000002786,Tract 521.01,S,42767411,-73453346,,1899,1,5,7,0,5,0,0,0,0
G3600830052102,1990,NY,,,,,,,,,052102,,,99,Rensselaer,083,,,2,0160,,,,9999,1,New York,36,,,,0000108317,0000000000,Tract 521.02,S,42777606,-73328839,,1447,2,2,4,1,4,0,0,0,1
G3600830052103,1990,NY,,,,,,,,,052103,,,99,Rensselaer,083,,,2,0160,,,,9999,1,New York,36,,,,0000153962,0000000711,Tract 521.03,S,42667772,-73371535,,1916,1,0,4,0,7,1,0,0,0
G3600830052201,1990,NY,,,,,,,,,052201,,,99,Rensselaer,083,,,2,0160,,,,9999,1,New York,36,,,,0000084060,0000000351,Tract 522.01,S,42687575,-73522027,,3779,3,10,9,0,8,0,0,0,0
G3600830052202,1990,NY,,,,,,,,,052202,,,99,Rensselaer,083,,,2,0160,,,,9999,1,New York,36,,,,0000091173,0000002445,Tract 522.02,S,42629487,-73551522,,7537,9,5,38,0,50,1,1,0,1
G3600830052301,1990,NY,,,,,,,,,052301,,,99,Rensselaer,083,,,2,0160,,,,9999,1,New York,36,,,,0000025564,0000000424,Tract 523.01,S,42658200,-73683489,,2842,6,1,20,0,9,0,0,0,2
G3600830052302,1990,NY,,,,,,,,,052302,,,99,Rensselaer,083,,,2,0160,,,,9999,1,New York,36,,,,0000024664,0000000429,Tract 523.02,S,42682100,-73644107,,7921,77,1,36,0,33,1,0,1,5
G3600830052402,1990,NY,,,,,,,,,052402,,,99,Rensselaer,083,,,2,0160,,,,9999,1,New York,36,,,,0000029245,0000000000,Tract 524.02,S,42616611,-73659003,,1526,10,0,23,0,12,0,0,0,1
G3600830052403,1990,NY,,,,,,,,,052403,,,99,Rensselaer,083,,,2,0160,,,,9999,1,New York,36,,,,0000014420,0000000043,Tract 524.03,S,42627450,-73719996,,5544,95,15,55,10,32,0,0,0,10
G3600830052404,1990,NY,,,,,,,,,052404,,,99,Rensselaer,083,,,2,0160,,,,9999,1,New York,36,,,,0000018636,0000000609,Tract 524.04,S,42596537,-73724134,,6333,155,13,133,4,88,4,0,10,3
G3600830052501,1990,NY,,,,,,,,,052501,,,99,Rensselaer,083,,,2,0160,,,,9999,1,New York,36,,,,0000082504,0000002831,Tract 525.01,S,42523617,-73721264,,5563,20,8,23,0,48,1,0,0,4
G3600830052502,1990,NY,,,,,,,,,052502,,,99,Rensselaer,083,,,2,0160,,,,9999,1,New York,36,,,,0000075424,0000000507,Tract 525.02,S,42541825,-73636350,,4333,31,7,12,0,47,0,0,0,0
G3600830052503,1990,NY,,,,,,,,,052503,,,99,Rensselaer,083,,,2,0160,,,,9999,1,New York,36,,,,0000003125,0000000361,Tract 525.03,S,42531465,-73746786,,1652,2,0,6,0,9,0,0,1,2
G3600830052601,1990,NY,,,,,,,,,052601,,,99,Rensselaer,083,,,2,0160,,,,9999,1,New York,36,,,,0000113751,0000001719,Tract 526.01,S,42546785,-73543167,,3718,42,6,3,10,17,4,0,1,4
G3600830052602,1990,NY,,,,,,,,,052602,,,99,Rensselaer,083,,,2,0160,,,,9999,1,New York,36,,,,0000001765,0000000000,Tract 526.02,S,42513717,-73611581,,1235,3,0,4,3,8,0,0,0,1
G3600830052603,1990,NY,,,,,,,,,052603,,,99,Rensselaer,083,,,2,0160,,,,9999,1,New York,36,,,,0000150181,0000000238,Tract 526.03,S,42553905,-73405350,,2478,23,3,3,2,10,0,0,0,2
G36008500003,1990,NY,,,,,,,,,0003,,,70,Richmond,085,,,2,5602,,,,5600,1,New York,36,,,,0000000160,0000000000,Tract 3,S,40640650,-74076785,,986,247,4,176,6,149,45,0,2,41
G36008500006,1990,NY,,,,,,,,,0006,,,70,Richmond,085,,,2,5602,,,,5600,1,New York,36,,,,0000000466,0000000984,Tract 6,S,40615650,-74056755,,1341,75,11,64,6,63,3,0,2,19
G36008500007,1990,NY,,,,,,,,,0007,,,70,Richmond,085,,,2,5602,,,,5600,1,New York,36,,,,0000000355,0000000000,Tract 7,S,40645492,-74083466,,1414,1766,34,188,37,377,153,1,5,466
G36008500008,1990,NY,,,,,,,,,0008,,,70,Richmond,085,,,2,5602,,,,5600,1,New York,36,,,,0000000776,0000000000,Tract 8,S,40611600,-74067783,,2986,24,2,81,3,193,0,0,4,68
G36008500009,1990,NY,,,,,,,,,0009,,,70,Richmond,085,,,2,5602,,,,5600,1,New York,36,,,,0000000227,0000000000,Tract 9,S,40641800,-74082629,,704,527,16,49,8,145,71,4,6,126
G36008500011,1990,NY,,,,,,,,,0011,,,70,Richmond,085,,,2,5602,,,,5600,1,New York,36,,,,0000000325,0000000000,Tract 11,S,40638450,-74083777,,1196,1095,21,123,5,292,175,5,15,154
G36008500015,1990,NY,,,,,,,,,0015,,,70,Richmond,085,,,2,5602,,,,5600,1,New York,36,,,,0000002398,0000005873,Tract 15,S,40642525,-74075782,,42,65,4,6,0,6,10,0,0,9
G36008500017,1990,NY,,,,,,,,,0017,,,70,Richmond,085,,,2,5602,,,,5600,1,New York,36,,,,0000000307,0000000000,Tract 17,S,40634850,-74081953,,867,191,12,101,4,78,15,0,0,67
G36008500018,1990,NY,,,,,,,,,0018,,,70,Richmond,085,,,2,5602,,,,5600,1,New York,36,,,,0000000988,0000004425,Tract 18,S,40589650,-74047313,,150,33,3,8,0,5,6,0,0,5
G3600850002001,1990,NY,,,,,,,,,002001,,,70,Richmond,085,,,2,5602,,,,5600,1,New York,36,,,,0000000381,0000000000,Tract 20.01,S,40607421,-74072083,,1577,36,9,126,0,153,4,0,4,34
G3600850002002,1990,NY,,,,,,,,,002002,,,70,Richmond,085,,,2,5602,,,,5600,1,New York,36,,,,0000000778,0000000000,Tract 20.02,S,40601800,-74070813,,2333,71,6,195,0,113,2,6,6,42
G36008500021,1990,NY,,,,,,,,,0021,,,70,Richmond,085,,,2,5602,,,,5600,1,New York,36,,,,0000000525,0000000000,Tract 21,S,40629850,-74079980,,1193,676,11,154,19,289,66,8,9,233
G36008500027,1990,NY,,,,,,,,,0027,,,70,Richmond,085,,,2,5602,,,,5600,1,New York,36,,,,0000000260,0000000000,Tract 27,S,40624050,-74077250,,690,270,5,33,1,51,8,0,1,80
G36008500029,1990,NY,,,,,,,,,0029,,,70,Richmond,085,,,2,5602,,,,5600,1,New York,36,,,,0000000531,0000000000,Tract 29,S,40619000,-74083242,,1198,2241,28,104,10,434,152,9,7,771
G36008500033,1990,NY,,,,,,,,,0033,,,70,Richmond,085,,,2,5602,,,,5600,1,New York,36,,,,0000000857,0000000000,Tract 33,S,40624833,-74087083,,1854,297,3,170,2,175,27,1,1,74
G36008500036,1990,NY,,,,,,,,,0036,,,70,Richmond,085,,,2,5602,,,,5600,1,New York,36,,,,0000000372,0000000000,Tract 36,S,40611350,-74076025,,1293,4,0,82,1,76,4,0,3,11
G36008500039,1990,NY,,,,,,,,,0039,,,70,Richmond,085,,,2,5602,,,,5600,1,New York,36,,,,0000000577,0000000000,Tract 39,S,40621400,-74093493,,1473,227,3,68,1,90,14,0,4,60
G36008500040,1990,NY,,,,,,,,,0040,,,70,Richmond,085,,,2,5602,,,,5600,1,New York,36,,,,0000001184,0000000000,Tract 40,S,40613709,-74079774,,2108,4696,58,243,10,571,271,1,10,607
G36008500047,1990,NY,,,,,,,,,0047,,,70,Richmond,085,,,2,5602,,,,5600,1,New York,36,,,,0000000884,0000000000,Tract 47,S,40614887,-74094949,,2387,184,2,185,2,127,9,1,23,33
G36008500050,1990,NY,,,,,,,,,0050,,,70,Richmond,085,,,2,5602,,,,5600,1,New York,36,,,,0000000818,0000000077,Tract 50,S,40604560,-74087440,,2516,55,6,241,0,154,5,0,7,52
G36008500059,1990,NY,,,,,,,,,0059,,,70,Richmond,085,,,2,5602,,,,5600,1,New York,36,,,,0000001386,0000000000,Tract 59,S,40627100,-74096394,,2242,39,2,71,1,68,0,0,6,11
G36008500064,1990,NY,,,,,,,,,0064,,,70,Richmond,085,,,2,5602,,,,5600,1,New York,36,,,,0000000696,0000000000,Tract 64,S,40597450,-74078661,,2730,166,6,109,3,173,4,4,0,122
G36008500065,1990,NY,,,,,,,,,0065,,,70,Richmond,085,,,2,5602,,,,5600,1,New York,36,,,,0000000347,0000000000,Tract 65,S,40631900,-74102394,,1719,54,0,37,1,85,2,0,3,9
G36008500070,1990,NY,,,,,,,,,0070,,,70,Richmond,085,,,2,5602,,,,5600,1,New York,36,,,,0000002341,0000000000,Tract 70,S,40589800,-74079488,,5279,70,5,113,0,350,8,0,3,86
G36008500074,1990,NY,,,,,,,,,0074,,,70,Richmond,085,,,2,5602,,,,5600,1,New York,36,,,,0000000421,0000000000,Tract 74,S,40594167,-74065747,,2376,22,1,98,6,316,7,3,1,65
G36008500075,1990,NY,,,,,,,,,0075,,,70,Richmond,085,,,2,5602,,,,5600,1,New York,36,,,,0000000480,0000000000,Tract 75,S,40633250,-74092055,,2088,299,10,145,9,226,26,2,8,189
G36008500077,1990,NY,,,,,,,,,0077,,,70,Richmond,085,,,2,5602,,,,5600,1,New York,36,,,,0000000246,0000000000,Tract 77,S,40637600,-74092059,,334,421,3,27,4,87,44,1,4,132
G36008500081,1990,NY,,,,,,,,,0081,,,70,Richmond,085,,,2,5602,,,,5600,1,New York,36,,,,0000000708,0000000000,Tract 81,S,40642800,-74094349,,2050,1064,9,178,16,209,85,4,12,212
G36008500089,1990,NY,,,,,,,,,0089,,,70,Richmond,085,,,2,5602,,,,5600,1,New York,36,,,,0000000307,0000000000,Tract 89,S,40641950,-74103662,,2,0,0,0,0,0,0,0,0,0
G36008500091,1990,NY,,,,,,,,,0091,,,70,Richmond,085,,,2,5602,,,,5600,1,New York,36,,,,0000000615,0000000000,Tract 91,S,40635250,-74101707,,911,32,0,35,0,59,1,0,0,8
G3600850009601,1990,NY,,,,,,,,,009601,,,70,Richmond,085,,,2,5602,,,,5600,1,New York,36,,,,0000000776,0000000000,Tract 96.01,S,40597000,-74088713,,3162,12,2,108,4,149,2,0,5,27
G3600850009602,1990,NY,,,,,,,,,009602,,,70,Richmond,085,,,2,5602,,,,5600,1,New York,36,,,,0000000625,0000000000,Tract 96.02,S,40590950,-74095013,,2725,15,0,94,0,81,5,0,1,23
G36008500097,1990,NY,,,,,,,,,0097,,,70,Richmond,085,,,2,5602,,,,5600,1,New York,36,,,,0000000637,0000000000,Tract 97,S,40640950,-74111339,,2088,1047,5,74,4,248,114,3,2,189
G36008500105,1990,NY,,,,,,,,,0105,,,70,Richmond,085,,,2,5602,,,,5600,1,New York,36,,,,0000000811,0000000000,Tract 105,S,40633750,-74112072,,2675,684,13,173,2,233,56,0,15,105
G3600850011201,1990,NY,,,,,,,,,011201,,,70,Richmond,085,,,2,5602,,,,5600,1,New York,36,,,,0000001389,0000000000,Tract 112.01,S,40579515,-74088728,,4650,6,0,298,2,333,0,0,11,42
G3600850011202,1990,NY,,,,,,,,,011202,,,70,Richmond,085,,,2,5602,,,,5600,1,New York,36,,,,0000002792,0000016304,Tract 112.02,S,40568043,-74062259,,4000,167,0,173,9,346,30,6,4,154
G3600850011401,1990,NY,,,,,,,,,011401,,,70,Richmond,085,,,2,5602,,,,5600,1,New York,36,,,,0000000527,0000000000,Tract 114.01,S,40585474,-74099236,,2488,156,2,122,3,194,23,0,6,37
G3600850011402,1990,NY,,,,,,,,,011402,,,70,Richmond,085,,,2,5602,,,,5600,1,New York,36,,,,0000000573,0000000000,Tract 114.02,S,40580550,-74105049,,2681,42,3,84,7,172,2,0,0,37
G36008500121,1990,NY,,,,,,,,,0121,,,70,Richmond,085,,,2,5602,,,,5600,1,New York,36,,,,0000000726,0000000000,Tract 121,S,40625750,-74110568,,2847,38,0,82,0,73,1,0,3,6
G36008500122,1990,NY,,,,,,,,,0122,,,70,Richmond,085,,,2,5602,,,,5600,1,New York,36,,,,0000000827,0000000000,Tract 122,S,40576000,-74112023,,3386,7,7,35,3,133,0,0,4,5
G36008500125,1990,NY,,,,,,,,,0125,,,70,Richmond,085,,,2,5602,,,,5600,1,New York,36,,,,0000000459,0000000000,Tract 125,S,40629050,-74118390,,1740,309,2,66,2,156,31,0,9,69
G3600850012803,1990,NY,,,,,,,,,012803,,,70,Richmond,085,,,2,5602,,,,5600,1,New York,36,,,,0000002630,0000019915,Tract 128.03,S,40534553,-74067121,,6900,61,4,296,4,457,4,0,16,76
G3600850012804,1990,NY,,,,,,,,,012804,,,70,Richmond,085,,,2,5602,,,,5600,1,New York,36,,,,0000000713,0000000000,Tract 128.04,S,40564334,-74106108,,3013,4,0,172,0,133,6,0,1,34
G3600850013201,1990,NY,,,,,,,,,013201,,,70,Richmond,085,,,2,5602,,,,5600,1,New York,36,,,,0000000469,0000000000,Tract 132.01,S,40564050,-74123061,,1418,4,4,23,0,52,0,0,0,3
G3600850013202,1990,NY,,,,,,,,,013202,,,70,Richmond,085,,,2,5602,,,,5600,1,New York,36,,,,0000002069,0000000000,Tract 132.02,S,40554550,-74136965,,9552,14,3,203,3,356,6,0,1,67
G3600850013301,1990,NY,,,,,,,,,013301,,,70,Richmond,085,,,2,5602,,,,5600,1,New York,36,,,,0000000068,0000000000,Tract 133.01,S,40635400,-74119404,,163,1068,13,45,7,214,134,0,6,189
G3600850013302,1990,NY,,,,,,,,,013302,,,70,Richmond,085,,,2,5602,,,,5600,1,New York,36,,,,0000000696,0000000000,Tract 133.02,S,40634500,-74124262,,977,675,10,88,8,162,44,2,7,242
G36008500134,1990,NY,,,,,,,,,0134,,,70,Richmond,085,,,2,5602,,,,5600,1,New York,36,,,,0000000871,0000000000,Tract 134,S,40569400,-74118428,,3235,19,1,103,2,129,3,0,4,32
G36008500138,1990,NY,,,,,,,,,0138,,,70,Richmond,085,,,2,5602,,,,5600,1,New York,36,,,,0000001409,0000000000,Tract 138,S,40570833,-74131623,,6186,5,2,123,0,173,2,0,0,23
G36008500141,1990,NY,,,,,,,,,0141,,,70,Richmond,085,,,2,5602,,,,5600,1,New York,36,,,,0000000315,0000000000,Tract 141,S,40628200,-74126474,,1390,73,2,57,0,146,12,0,3,31
G3600850014601,1990,NY,,,,,,,,,014601,,,70,Richmond,085,,,2,5602,,,,5600,1,New York,36,,,,0000003011,0000000000,Tract 146.01,S,40556903,-74160820,,13151,14,10,259,3,438,2,0,3,66
G3600850014602,1990,NY,,,,,,,,,014602,,,70,Richmond,085,,,2,5602,,,,5600,1,New York,36,,,,0000002678,0000000000,Tract 146.02,S,40560650,-74144988,,8032,9,5,272,0,244,4,0,2,36
G36008500147,1990,NY,,,,,,,,,0147,,,70,Richmond,085,,,2,5602,,,,5600,1,New York,36,,,,0000001664,0000000000,Tract 147,S,40617450,-74116726,,3032,59,2,109,1,115,4,0,4,26
G36008500151,1990,NY,,,,,,,,,0151,,,70,Richmond,085,,,2,5602,,,,5600,1,New York,36,,,,0000000999,0000000000,Tract 151,S,40619800,-74127729,,4463,33,4,137,0,136,2,0,1,19
G36008500154,1990,NY,,,,,,,,,0154,,,70,Richmond,085,,,2,5602,,,,5600,1,New York,36,,,,0000002463,0000017904,Tract 154,S,40523150,-74105272,,0,0,0,0,0,0,0,0,0,0
G3600850015601,1990,NY,,,,,,,,,015601,,,70,Richmond,085,,,2,5602,,,,5600,1,New York,36,,,,0000001444,0000000000,Tract 156.01,S,40542200,-74154949,,5904,19,2,116,0,224,0,0,0,29
G3600850015602,1990,NY,,,,,,,,,015602,,,70,Richmond,085,,,2,5602,,,,5600,1,New York,36,,,,0000000908,0000000000,Tract 156.02,S,40535900,-74161818,,3277,6,1,70,4,121,1,0,1,3
G3600850015603,1990,NY,,,,,,,,,015603,,,70,Richmond,085,,,2,5602,,,,5600,1,New York,36,,,,0000001026,0000011433,Tract 156.03,S,40499128,-74125896,,3452,10,2,122,0,215,1,1,7,33
G3600850016901,1990,NY,,,,,,,,,016901,,,70,Richmond,085,,,2,5602,,,,5600,1,New York,36,,,,0000000677,0000000000,Tract 169.01,S,40612400,-74109778,,2419,8,6,162,6,106,0,0,1,33
G3600850016902,1990,NY,,,,,,,,,016902,,,70,Richmond,085,,,2,5602,,,,5600,1,New York,36,,,,0000001138,0000000000,Tract 169.02,S,40609483,-74110806,,785,4,1,185,0,14,0,0,0,10
G3600850017002,1990,NY,,,,,,,,,017002,,,70,Richmond,085,,,2,5602,,,,5600,1,New York,36,,,,0000003224,0000000000,Tract 170.02,S,40545550,-74177942,,10055,11,7,397,1,359,1,0,8,43
G3600850017003,1990,NY,,,,,,,,,017003,,,70,Richmond,085,,,2,5602,,,,5600,1,New York,36,,,,0000002480,0000000000,Tract 170.03,S,40554805,-74183161,,7497,26,5,428,14,249,0,0,5,52
G3600850017004,1990,NY,,,,,,,,,017004,,,70,Richmond,085,,,2,5602,,,,5600,1,New York,36,,,,0000002180,0000000000,Tract 170.04,S,40547440,-74193982,,10889,134,7,446,2,599,28,2,1,151
G36008500173,1990,NY,,,,,,,,,0173,,,70,Richmond,085,,,2,5602,,,,5600,1,New York,36,,,,0000000348,0000000000,Tract 173,S,40605033,-74118564,,1724,289,12,408,9,171,10,4,10,89
G36008500176,1990,NY,,,,,,,,,0176,,,70,Richmond,085,,,2,5602,,,,5600,1,New York,36,,,,0000003411,0000008361,Tract 176,S,40508663,-74155008,,3582,25,0,100,0,200,0,1,9,20
G36008500177,1990,NY,,,,,,,,,0177,,,70,Richmond,085,,,2,5602,,,,5600,1,New York,36,,,,0000002555,0000000000,Tract 177,S,40600295,-74101263,,4836,17,5,439,3,114,2,0,0,22
G36008500179,1990,NY,,,,,,,,,0179,,,70,Richmond,085,,,2,5602,,,,5600,1,New York,36,,,,0000004062,0000000000,Tract 179,S,40589197,-74116094,,2243,13,6,162,2,72,4,1,0,2
G36008500185,1990,NY,,,,,,,,,0185,,,70,Richmond,085,,,2,5602,,,,5600,1,New York,36,,,,0000001177,0000000000,Tract 185,S,40590650,-74132262,,261,33,0,4,0,2,0,0,0,7
G3600850018701,1990,NY,,,,,,,,,018701,,,70,Richmond,085,,,2,5602,,,,5600,1,New York,36,,,,0000000332,0000000000,Tract 187.01,S,40611500,-74127821,,1295,41,11,60,1,61,4,0,0,24
G3600850018702,1990,NY,,,,,,,,,018702,,,70,Richmond,085,,,2,5602,,,,5600,1,New York,36,,,,0000001068,0000000000,Tract 187.02,S,40603400,-74126349,,4760,429,15,688,2,384,29,3,18,69
G3600850018901,1990,NY,,,,,,,,,018901,,,70,Richmond,085,,,2,5602,,,,5600,1,New York,36,,,,0000001066,0000000000,Tract 189.01,S,40612150,-74140029,,4545,38,4,236,6,153,2,0,17,23
G3600850018902,1990,NY,,,,,,,,,018902,,,70,Richmond,085,,,2,5602,,,,5600,1,New York,36,,,,0000000798,0000000000,Tract 189.02,S,40604950,-74137699,,3561,179,1,458,0,170,14,1,10,46
G36008500196,1990,NY,,,,,,,,,0196,,,70,Richmond,085,,,2,5602,,,,5600,1,New York,36,,,,0000003931,0000010397,Tract 196,S,40501056,-74188458,,3158,26,2,89,0,93,2,1,0,24
G36008500197,1990,NY,,,,,,,,,0197,,,70,Richmond,085,,,2,5602,,,,5600,1,New York,36,,,,0000000288,0000000000,Tract 197,S,40616200,-74135449,,1765,10,0,36,0,46,0,0,0,2
G36008500201,1990,NY,,,,,,,,,0201,,,70,Richmond,085,,,2,5602,,,,5600,1,New York,36,,,,0000000621,0000000000,Tract 201,S,40623636,-74135060,,2805,45,0,26,4,114,1,0,0,99
G36008500207,1990,NY,,,,,,,,,0207,,,70,Richmond,085,,,2,5602,,,,5600,1,New York,36,,,,0000000598,0000000000,Tract 207,S,40637200,-74134915,,1545,1301,18,63,8,260,68,2,7,285
G3600850020801,1990,NY,,,,,,,,,020801,,,70,Richmond,085,,,2,5602,,,,5600,1,New York,36,,,,0000002555,0000000000,Tract 208.01,S,40550327,-74211348,,4433,31,4,237,7,221,5,0,1,44
G3600850020802,1990,NY,,,,,,,,,020802,,,70,Richmond,085,,,2,5602,,,,5600,1,New York,36,,,,0000003449,0000000000,Tract 208.02,S,40533869,-74206010,,9383,28,8,342,3,298,6,0,4,40
G36008500213,1990,NY,,,,,,,,,0213,,,70,Richmond,085,,,2,5602,,,,5600,1,New York,36,,,,0000000559,0000000000,Tract 213,S,40631650,-74136949,,3041,194,1,60,9,250,25,0,1,145
G36008500219,1990,NY,,,,,,,,,0219,,,70,Richmond,085,,,2,5602,,,,5600,1,New York,36,,,,0000000349,0000000000,Tract 219,S,40635595,-74144294,,463,64,1,11,3,32,9,0,0,88
G36008500223,1990,NY,,,,,,,,,0223,,,70,Richmond,085,,,2,5602,,,,5600,1,New York,36,,,,0000000414,0000000000,Tract 223,S,40635350,-74152966,,1015,314,6,26,1,185,38,0,7,66
G36008500226,1990,NY,,,,,,,,,0226,,,70,Richmond,085,,,2,5602,,,,5600,1,New York,36,,,,0000012879,0000003213,Tract 226,S,40544930,-74223108,,1812,491,1,65,4,221,50,0,0,55
G36008500231,1990,NY,,,,,,,,,0231,,,70,Richmond,085,,,2,5602,,,,5600,1,New York,36,,,,0000000600,0000000000,Tract 231,S,40629719,-74156595,,1545,320,1,38,3,245,40,5,1,100
G36008500236,1990,NY,,,,,,,,,0236,,,70,Richmond,085,,,2,5602,,,,5600,1,New York,36,,,,0000001887,0000000751,Tract 236,S,40510174,-74217409,,64,133,0,2,0,35,29,0,0,0
G36008500239,1990,NY,,,,,,,,,0239,,,70,Richmond,085,,,2,5602,,,,5600,1,New York,36,,,,0000000531,0000000000,Tract 239,S,40629600,-74149489,,1513,238,5,59,4,154,17,1,0,49
G36008500244,1990,NY,,,,,,,,,0244,,,70,Richmond,085,,,2,5602,,,,5600,1,New York,36,,,,0000004035,0000009531,Tract 244,S,40496977,-74237099,,4773,13,11,45,2,207,2,2,0,16
G36008500247,1990,NY,,,,,,,,,0247,,,70,Richmond,085,,,2,5602,,,,5600,1,New York,36,,,,0000000484,0000000000,Tract 247,S,40627433,-74141878,,1466,282,2,43,4,139,22,0,11,77
G36008500248,1990,NY,,,,,,,,,0248,,,70,Richmond,085,,,2,5602,,,,5600,1,New York,36,,,,0000001749,0000000623,Tract 248,S,40514200,-74244733,,2719,20,8,31,0,66,1,2,0,48
G36008500251,1990,NY,,,,,,,,,0251,,,70,Richmond,085,,,2,5602,,,,5600,1,New York,36,,,,0000001220,0000000000,Tract 251,S,40617950,-74146881,,5093,29,0,170,5,150,7,0,8,31
G3600850027301,1990,NY,,,,,,,,,027301,,,70,Richmond,085,,,2,5602,,,,5600,1,New York,36,,,,0000003058,0000000000,Tract 273.01,S,40603551,-74153222,,2763,56,1,262,3,144,6,7,15,54
G3600850027302,1990,NY,,,,,,,,,027302,,,70,Richmond,085,,,2,5602,,,,5600,1,New York,36,,,,0000001024,0000000000,Tract 273.02,S,40596950,-74140392,,3395,41,1,375,3,81,3,0,7,20
G3600850027701,1990,NY,,,,,,,,,027701,,,70,Richmond,085,,,2,5602,,,,5600,1,New York,36,,,,0000001482,0000000000,Tract 277.01,S,40587950,-74157368,,9483,53,20,1300,10,415,3,0,3,105
G3600850027702,1990,NY,,,,,,,,,027702,,,70,Richmond,085,,,2,5602,,,,5600,1,New York,36,,,,0000001432,0000000000,Tract 277.02,S,40579682,-74163092,,3650,148,6,505,1,244,9,3,5,54
G36008500279,1990,NY,,,,,,,,,0279,,,70,Richmond,085,,,2,5602,,,,5600,1,New York,36,,,,0000004622,0000000074,Tract 279,S,40574895,-74146380,,1614,9,0,16,0,51,0,0,0,2
G3600850029101,1990,NY,,,,,,,,,029101,,,70,Richmond,085,,,2,5602,,,,5600,1,New York,36,,,,0000004076,0000000000,Tract 291.01,S,40607700,-74169513,,11666,111,14,804,9,700,14,1,10,164
G3600850029102,1990,NY,,,,,,,,,029102,,,70,Richmond,085,,,2,5602,,,,5600,1,New York,36,,,,0000014371,0000002465,Tract 291.02,S,40600908,-74187209,,1523,0,1,23,0,46,0,0,5,21
G36008500303,1990,NY,,,,,,,,,0303,,,70,Richmond,085,,,2,5602,,,,5600,1,New York,36,,,,0000001526,0000000000,Tract 303,S,40621495,-74156894,,7164,417,27,791,22,774,56,0,23,244
G3600850031901,1990,NY,,,,,,,,,031901,,,70,Richmond,085,,,2,5602,,,,5600,1,New York,36,,,,0000000385,0000000000,Tract 319.01,S,40631000,-74164080,,380,1623,7,59,10,296,129,2,7,180
G3600850031902,1990,NY,,,,,,,,,031902,,,70,Richmond,085,,,2,5602,,,,5600,1,New York,36,,,,0000000503,0000000000,Tract 319.02,S,40637770,-74166235,,1220,1293,13,77,7,243,114,4,2,219
G36008500323,1990,NY,,,,,,,,,0323,,,70,Richmond,085,,,2,5602,,,,5600,1,New York,36,,,,0000004355,0000001654,Tract 323,S,40635179,-74170165,,546,132,0,41,0,51,2,0,0,45
G3600850032399,1990,NY,,,,,,,,,032399,,,70,Richmond,085,,,2,5602,,,,5600,1,New York,36,,,,0000000000,0000000000,Tract 323.99,S,40641604,-74165873,,6,0,0,0,0,0,0,0,0,0
G36008700101,1990,NY,,,,,,,,,0101,,,70,Rockland,087,,,2,5602,,,,5600,1,New York,36,,,,0000066809,0000006355,Tract 101,S,41261559,-74016313,,7929,65,14,63,4,281,5,2,2,36
G36008700102,1990,NY,,,,,,,,,0102,,,70,Rockland,087,,,2,5602,,,,5600,1,New York,36,,,,0000004389,0000003263,Tract 102,S,41233550,-73977224,,4119,63,8,14,0,145,13,0,0,51
G36008700103,1990,NY,,,,,,,,,0103,,,70,Rockland,087,,,2,5602,,,,5600,1,New York,36,,,,0000000888,0000000000,Tract 103,S,41224800,-74030126,,0,0,0,0,0,0,0,0,0,0
G36008700104,1990,NY,,,,,,,,,0104,,,70,Rockland,087,,,2,5602,,,,5600,1,New York,36,,,,0000001796,0000000010,Tract 104,S,41215050,-74024863,,733,62,1,1,6,5,2,0,0,25
G3600870010501,1990,NY,,,,,,,,,010501,,,70,Rockland,087,,,2,5602,,,,5600,1,New York,36,,,,0000005676,0000000038,Tract 105.01,S,41201624,-74011950,,4584,118,3,116,4,285,18,2,3,71
G3600870010502,1990,NY,,,,,,,,,010502,,,70,Rockland,087,,,2,5602,,,,5600,1,New York,36,,,,0000003797,0000000015,Tract 105.02,S,41192893,-74028681,,5159,277,1,139,5,315,33,0,1,83
G3600870010503,1990,NY,,,,,,,,,010503,,,70,Rockland,087,,,2,5602,,,,5600,1,New York,36,,,,0000036216,0000002092,Tract 105.03,S,41207920,-74085169,,1875,31,0,71,1,46,1,0,0,4
G36008700106,1990,NY,,,,,,,,,0106,,,70,Rockland,087,,,2,5602,,,,5600,1,New York,36,,,,0000005415,0000003187,Tract 106,S,41210100,-73969900,,6158,1005,27,279,26,1017,118,0,12,551
G36008700107,1990,NY,,,,,,,,,0107,,,70,Rockland,087,,,2,5602,,,,5600,1,New York,36,,,,0000005162,0000007967,Tract 107,S,41185291,-73955013,,3448,1010,11,103,20,2025,863,38,13,1907
G3600870010801,1990,NY,,,,,,,,,010801,,,70,Rockland,087,,,2,5602,,,,5600,1,New York,36,,,,0000010122,0000000060,Tract 108.01,S,41174200,-74006627,,4078,55,2,151,3,83,6,0,0,14
G3600870010802,1990,NY,,,,,,,,,010802,,,70,Rockland,087,,,2,5602,,,,5600,1,New York,36,,,,0000011275,0000001742,Tract 108.02,S,41166550,-73971346,,4910,60,2,219,9,134,4,0,0,6
G3600870010803,1990,NY,,,,,,,,,010803,,,70,Rockland,087,,,2,5602,,,,5600,1,New York,36,,,,0000007732,0000000000,Tract 108.03,S,41150900,-73988035,,8448,227,9,375,5,298,15,0,8,100
G36008700109,1990,NY,,,,,,,,,0109,,,70,Rockland,087,,,2,5602,,,,5600,1,New York,36,,,,0000014239,0000011566,Tract 109,S,41150300,-73931378,,7197,116,16,475,10,306,3,1,0,79
G36008700110,1990,NY,,,,,,,,,0110,,,70,Rockland,087,,,2,5602,,,,5600,1,New York,36,,,,0000003431,0000007521,Tract 110,S,41114481,-73914544,,1906,67,0,25,2,66,0,0,3,15
G36008700111,1990,NY,,,,,,,,,0111,,,70,Rockland,087,,,2,5602,,,,5600,1,New York,36,,,,0000014601,0000000000,Tract 111,S,41111550,-73947969,,8404,1225,20,784,10,337,49,6,12,68
G36008700112,1990,NY,,,,,,,,,0112,,,70,Rockland,087,,,2,5602,,,,5600,1,New York,36,,,,0000011211,0000000844,Tract 112,S,41100244,-73976266,,5847,104,5,401,2,200,5,0,7,45
G36008700113,1990,NY,,,,,,,,,0113,,,70,Rockland,087,,,2,5602,,,,5600,1,New York,36,,,,0000013346,0000000008,Tract 113,S,41095200,-74016038,,10181,1437,4,855,19,480,87,0,11,132
G3600870011401,1990,NY,,,,,,,,,011401,,,70,Rockland,087,,,2,5602,,,,5600,1,New York,36,,,,0000008431,0000000000,Tract 114.01,S,41129550,-74000415,,9456,82,4,395,15,246,3,6,5,43
G3600870011402,1990,NY,,,,,,,,,011402,,,70,Rockland,087,,,2,5602,,,,5600,1,New York,36,,,,0000004578,0000000000,Tract 114.02,S,41121100,-74016211,,5157,497,0,305,3,215,24,1,7,61
G3600870011501,1990,NY,,,,,,,,,011501,,,70,Rockland,087,,,2,5602,,,,5600,1,New York,36,,,,0000012631,0000000000,Tract 115.01,S,41165700,-74070349,,5591,184,5,175,3,127,10,0,7,19
G3600870011502,1990,NY,,,,,,,,,011502,,,70,Rockland,087,,,2,5602,,,,5600,1,New York,36,,,,0000015949,0000000020,Tract 115.02,S,41162500,-74039113,,4563,473,7,141,3,166,32,7,3,71
G3600870011503,1990,NY,,,,,,,,,011503,,,70,Rockland,087,,,2,5602,,,,5600,1,New York,36,,,,0000001551,0000000000,Tract 115.03,S,41143462,-74027227,,3069,70,0,61,0,25,1,0,1,12
G3600870011504,1990,NY,,,,,,,,,011504,,,70,Rockland,087,,,2,5602,,,,5600,1,New York,36,,,,0000003274,0000000000,Tract 115.04,S,41129550,-74035942,,3101,1912,21,877,12,278,110,0,17,88
G36008700116,1990,NY,,,,,,,,,0116,,,70,Rockland,087,,,2,5602,,,,5600,1,New York,36,,,,0000077059,0000001472,Tract 116,S,41142222,-74125393,,10883,287,21,276,4,260,18,2,6,54
G36008700117,1990,NY,,,,,,,,,0117,,,70,Rockland,087,,,2,5602,,,,5600,1,New York,36,,,,0000006592,0000000070,Tract 117,S,41160629,-74191248,,2830,34,7,24,0,111,9,0,0,20
G36008700118,1990,NY,,,,,,,,,0118,,,70,Rockland,087,,,2,5602,,,,5600,1,New York,36,,,,0000005768,0000000053,Tract 118,S,41127233,-74170416,,435,203,184,18,12,14,1,10,0,15
G36008700119,1990,NY,,,,,,,,,0119,,,70,Rockland,087,,,2,5602,,,,5600,1,New York,36,,,,0000004018,0000000090,Tract 119,S,41116083,-74146124,,5869,371,47,137,6,359,26,2,9,75
G36008700120,1990,NY,,,,,,,,,0120,,,70,Rockland,087,,,2,5602,,,,5600,1,New York,36,,,,0000001374,0000000000,Tract 120,S,41104800,-74130906,,3921,73,3,73,0,63,2,0,0,19
G36008700121,1990,NY,,,,,,,,,0121,,,70,Rockland,087,,,2,5602,,,,5600,1,New York,36,,,,0000009183,0000000052,Tract 121,S,41116000,-74069944,,15289,670,15,123,10,176,48,1,4,32
G36008700122,1990,NY,,,,,,,,,0122,,,70,Rockland,087,,,2,5602,,,,5600,1,New York,36,,,,0000001764,0000000005,Tract 122,S,41125733,-74052585,,4536,2445,12,657,9,282,141,1,47,155
G36008700123,1990,NY,,,,,,,,,0123,,,70,Rockland,087,,,2,5602,,,,5600,1,New York,36,,,,0000001400,0000000024,Tract 123,S,41114800,-74045139,,860,4561,32,47,19,109,115,0,2,88
G36008700124,1990,NY,,,,,,,,,0124,,,70,Rockland,087,,,2,5602,,,,5600,1,New York,36,,,,0000002252,0000000001,Tract 124,S,41106200,-74050380,,4653,2013,25,363,11,414,117,8,18,135
G36008700125,1990,NY,,,,,,,,,0125,,,70,Rockland,087,,,2,5602,,,,5600,1,New York,36,,,,0000016406,0000000014,Tract 125,S,41084292,-74061801,,8072,575,14,362,11,368,48,6,1,77
G36008700126,1990,NY,,,,,,,,,0126,,,70,Rockland,087,,,2,5602,,,,5600,1,New York,36,,,,0000005626,0000000000,Tract 126,S,41068050,-74023463,,5834,30,2,164,1,159,0,0,0,16
G36008700127,1990,NY,,,,,,,,,0127,,,70,Rockland,087,,,2,5602,,,,5600,1,New York,36,,,,0000002069,0000000000,Tract 127,S,41055450,-74017344,,3865,11,3,47,3,107,0,0,0,12
G36008700128,1990,NY,,,,,,,,,0128,,,70,Rockland,087,,,2,5602,,,,5600,1,New York,36,,,,0000011649,0000000912,Tract 128,S,41056367,-73991667,,5771,62,2,492,6,180,4,0,0,30
G36008700129,1990,NY,,,,,,,,,0129,,,70,Rockland,087,,,2,5602,,,,5600,1,New York,36,,,,0000002071,0000000179,Tract 129,S,41048433,-73974155,,920,358,2,23,4,98,27,0,1,44
G36008700130,1990,NY,,,,,,,,,0130,,,70,Rockland,087,,,2,5602,,,,5600,1,New York,36,,,,0000021582,0000006087,Tract 130,S,41058817,-73945217,,8020,170,1,689,3,271,15,1,20,38
G36008700131,1990,NY,,,,,,,,,0131,,,70,Rockland,087,,,2,5602,,,,5600,1,New York,36,,,,0000002000,0000002161,Tract 131,S,41090077,-73915029,,3792,2379,5,97,11,155,89,0,6,49
G36008700132,1990,NY,,,,,,,,,0132,,,70,Rockland,087,,,2,5602,,,,5600,1,New York,36,,,,0000001605,0000002779,Tract 132,S,41077733,-73917053,,2340,710,5,147,3,80,40,2,8,17
G36008700133,1990,NY,,,,,,,,,0133,,,70,Rockland,087,,,2,5602,,,,5600,1,New York,36,,,,0000001741,0000001234,Tract 133,S,41039600,-73915544,,1715,123,7,69,2,182,8,7,0,50
G36008700134,1990,NY,,,,,,,,,0134,,,70,Rockland,087,,,2,5602,,,,5600,1,New York,36,,,,0000014563,0000005268,Tract 134,S,41026767,-73923854,,6548,137,4,678,7,324,6,0,8,51
G36008909901,1990,NY,,,,,,,,,9901,,,99,St Lawrence,089,,,2,9999,,,,9999,1,New York,36,,,,0000045489,0000025567,BNA 9901,S,44979578,-74850007,,3579,2,56,2,0,21,0,0,0,5
G36008909902,1990,NY,,,,,,,,,9902,,,99,St Lawrence,089,,,2,9999,,,,9999,1,New York,36,,,,0000008200,0000000513,BNA 9902,S,44936358,-74907644,,4025,2,45,20,0,21,0,0,0,2
G36008909903,1990,NY,,,,,,,,,9903,,,99,St Lawrence,089,,,2,9999,,,,9999,1,New York,36,,,,0000062018,0000003621,BNA 9903,S,44943491,-74796832,,5461,28,250,12,0,25,1,0,0,4
G36008909904,1990,NY,,,,,,,,,9904,,,99,St Lawrence,089,,,2,9999,,,,9999,1,New York,36,,,,0000124736,0000040634,BNA 9904,S,44907379,-75015629,,2983,4,18,27,0,7,0,0,0,1
G36008909905,1990,NY,,,,,,,,,9905,,,99,St Lawrence,089,,,2,9999,,,,9999,1,New York,36,,,,0000270618,0000018422,BNA 9905,S,44808861,-75166938,,3501,14,19,1,0,6,2,1,7,7
G36008909906,1990,NY,,,,,,,,,9906,,,99,St Lawrence,089,,,2,9999,,,,9999,1,New York,36,,,,0000147368,0000002191,BNA 9906,S,44822236,-74947472,,4455,9,37,3,0,18,0,0,0,1
G36008909907,1990,NY,,,,,,,,,9907,,,99,St Lawrence,089,,,2,9999,,,,9999,1,New York,36,,,,0000479538,0000003210,BNA 9907,S,44814265,-74789637,,5562,18,47,8,2,15,0,0,0,5
G36008909908,1990,NY,,,,,,,,,9908,,,99,St Lawrence,089,,,2,9999,,,,9999,1,New York,36,,,,0000080179,0000001035,BNA 9908,S,44633079,-75001496,,3650,17,6,135,7,17,0,0,3,6
G36008909909,1990,NY,,,,,,,,,9909,,,99,St Lawrence,089,,,2,9999,,,,9999,1,New York,36,,,,0000028604,0000000459,BNA 9909,S,44688136,-74969314,,3725,9,16,197,1,22,0,0,0,7
G36008909910,1990,NY,,,,,,,,,9910,,,99,St Lawrence,089,,,2,9999,,,,9999,1,New York,36,,,,0000150957,0000003471,BNA 9910,S,44702891,-75075519,,4490,17,20,54,2,16,1,0,0,2
G36008909911,1990,NY,,,,,,,,,9911,,,99,St Lawrence,089,,,2,9999,,,,9999,1,New York,36,,,,0000002581,0000000191,BNA 9911,S,44658396,-75007878,,1924,19,4,74,1,23,0,0,1,7
G36008909912,1990,NY,,,,,,,,,9912,,,99,St Lawrence,089,,,2,9999,,,,9999,1,New York,36,,,,0000000484,0000000000,BNA 9912,S,44661706,-74974076,,2253,29,13,20,1,26,1,0,0,6
G36008909913,1990,NY,,,,,,,,,9913,,,99,St Lawrence,089,,,2,9999,,,,9999,1,New York,36,,,,0000280346,0000014067,BNA 9913,S,44702676,-75325943,,3716,2,12,7,0,8,0,1,0,0
G36008909914,1990,NY,,,,,,,,,9914,,,99,St Lawrence,089,,,2,9999,,,,9999,1,New York,36,,,,0000009079,0000004542,BNA 9914,S,44714440,-75457018,,4346,880,47,50,3,165,233,1,2,314
G36008909915,1990,NY,,,,,,,,,9915,,,99,St Lawrence,089,,,2,9999,,,,9999,1,New York,36,,,,0000001941,0000002070,BNA 9915,S,44701213,-75490064,,4468,3,20,31,0,20,0,0,0,1
G36008909916,1990,NY,,,,,,,,,9916,,,99,St Lawrence,089,,,2,9999,,,,9999,1,New York,36,,,,0000002104,0000001387,BNA 9916,S,44689973,-75505886,,2881,2,32,6,1,11,0,0,2,2
G36008909917,1990,NY,,,,,,,,,9917,,,99,St Lawrence,089,,,2,9999,,,,9999,1,New York,36,,,,0000170517,0000014342,BNA 9917,S,44631910,-75485495,,3975,10,15,20,0,13,1,0,0,2
G36008909918,1990,NY,,,,,,,,,9918,,,99,St Lawrence,089,,,2,9999,,,,9999,1,New York,36,,,,0000463718,0000009021,BNA 9918,S,44476618,-75365126,,4085,6,7,7,0,1,0,0,0,1
G36008909919,1990,NY,,,,,,,,,9919,,,99,St Lawrence,089,,,2,9999,,,,9999,1,New York,36,,,,0000002344,0000000000,BNA 9919,S,44588658,-75150624,,1185,37,5,18,0,11,2,0,1,2
G36008909920,1990,NY,,,,,,,,,9920,,,99,St Lawrence,089,,,2,9999,,,,9999,1,New York,36,,,,0000130895,0000000952,BNA 9920,S,44555858,-75159203,,5402,48,17,20,4,13,3,2,0,5
G36008909921,1990,NY,,,,,,,,,9921,,,99,St Lawrence,089,,,2,9999,,,,9999,1,New York,36,,,,0000137896,0000001880,BNA 9921,S,44606706,-75247477,,3349,15,7,14,1,14,0,0,0,3
G36008909922,1990,NY,,,,,,,,,9922,,,99,St Lawrence,089,,,2,9999,,,,9999,1,New York,36,,,,0000000312,0000000000,BNA 9922,S,44602967,-75183059,,864,50,3,5,0,9,4,0,0,7
G36008909923,1990,NY,,,,,,,,,9923,,,99,St Lawrence,089,,,2,9999,,,,9999,1,New York,36,,,,0000770697,0000031369,BNA 9923,S,44494338,-74870763,,5504,6,12,9,0,9,0,3,0,0
G36008909924,1990,NY,,,,,,,,,9924,,,99,St Lawrence,089,,,2,9999,,,,9999,1,New York,36,,,,0000603652,0000004251,BNA 9924,S,44587337,-74660195,,2446,0,16,0,0,11,0,0,0,0
G36008909925,1990,NY,,,,,,,,,9925,,,99,St Lawrence,089,,,2,9999,,,,9999,1,New York,36,,,,0001609278,0000076273,BNA 9925,S,44225707,-74878215,,3069,2,16,5,3,8,0,3,0,2
G36008909926,1990,NY,,,,,,,,,9926,,,99,St Lawrence,089,,,2,9999,,,,9999,1,New York,36,,,,0000650005,0000006814,BNA 9926,S,44319286,-75261155,,5389,2,14,7,1,10,1,0,0,3
G36008909927,1990,NY,,,,,,,,,9927,,,99,St Lawrence,089,,,2,9999,,,,9999,1,New York,36,,,,0000185272,0000002335,BNA 9927,S,44366023,-75496737,,6776,105,26,26,0,22,0,5,0,25
G36008909928,1990,NY,,,,,,,,,9928,,,99,St Lawrence,089,,,2,9999,,,,9999,1,New York,36,,,,0000277420,0000040158,BNA 9928,S,44489645,-75609016,,2753,10,23,3,0,14,5,0,0,1
G36008909929,1990,NY,,,,,,,,,9929,,,99,St Lawrence,089,,,2,9999,,,,9999,1,New York,36,,,,0000259777,0000043183,BNA 9929,S,44396616,-75707483,,1892,18,8,8,0,6,3,3,0,0
G3600910060101,1990,NY,,,,,,,,,060101,,,99,Saratoga,091,,,2,0160,,,,9999,1,New York,36,,,,0000084932,0000002314,Tract 601.01,S,43240121,-73678010,,4489,381,9,20,3,75,68,4,36,107
G3600910060102,1990,NY,,,,,,,,,060102,,,99,Saratoga,091,,,2,0160,,,,9999,1,New York,36,,,,0000020795,0000001069,Tract 601.02,S,43285033,-73630103,,4273,11,3,9,1,20,0,0,0,7
G36009100602,1990,NY,,,,,,,,,0602,,,99,Saratoga,091,,,2,0160,,,,9999,1,New York,36,,,,0000003488,0000000366,Tract 602,S,43293380,-73635268,,3453,16,6,15,0,16,0,0,0,0
G36009100603,1990,NY,,,,,,,,,0603,,,99,Saratoga,091,,,2,0160,,,,9999,1,New York,36,,,,0000144405,0000003332,Tract 603,S,43236592,-73893857,,3127,11,7,7,0,20,0,0,1,2
G36009100604,1990,NY,,,,,,,,,0604,,,99,Saratoga,091,,,2,0160,,,,9999,1,New York,36,,,,0000002768,0000000116,Tract 604,S,43245479,-73830661,,2751,0,6,0,0,3,0,0,0,0
G36009100605,1990,NY,,,,,,,,,0605,,,99,Saratoga,091,,,2,0160,,,,9999,1,New York,36,,,,0000529304,0000037908,Tract 605,S,43269478,-74018991,,4676,29,20,15,1,19,2,0,0,13
G36009100606,1990,NY,,,,,,,,,0606,,,99,Saratoga,091,,,2,0160,,,,9999,1,New York,36,,,,0000174184,0000000803,Tract 606,S,43137441,-73874176,,6260,26,5,34,4,27,3,0,1,7
G3600910060701,1990,NY,,,,,,,,,060701,,,99,Saratoga,091,,,2,0160,,,,9999,1,New York,36,,,,0000074401,0000000046,Tract 607.01,S,43156142,-73719038,,5137,80,8,12,3,49,1,0,4,11
G3600910060702,1990,NY,,,,,,,,,060702,,,99,Saratoga,091,,,2,0160,,,,9999,1,New York,36,,,,0000018896,0000000195,Tract 607.02,S,43130724,-73754980,,5140,33,1,47,6,45,1,0,5,11
G36009100608,1990,NY,,,,,,,,,0608,,,99,Saratoga,091,,,2,0160,,,,9999,1,New York,36,,,,0000083792,0000001423,Tract 608,S,43161064,-73633418,,3601,16,3,5,0,16,0,1,2,1
G3600910060901,1990,NY,,,,,,,,,060901,,,99,Saratoga,091,,,2,0160,,,,9999,1,New York,36,,,,0000102664,0000005655,Tract 609.01,S,43053334,-73649665,,3040,38,7,11,1,21,0,0,0,6
G3600910060902,1990,NY,,,,,,,,,060902,,,99,Saratoga,091,,,2,0160,,,,9999,1,New York,36,,,,0000002687,0000000146,Tract 609.02,S,43095767,-73586762,,1914,6,0,3,2,15,1,0,1,3
G36009100610,1990,NY,,,,,,,,,0610,,,99,Saratoga,091,,,2,0160,,,,9999,1,New York,36,,,,0000001758,0000000000,Tract 610,S,43079700,-73784195,,4242,134,8,27,2,45,4,0,0,5
G36009100611,1990,NY,,,,,,,,,0611,,,99,Saratoga,091,,,2,0160,,,,9999,1,New York,36,,,,0000009634,0000000097,Tract 611,S,43075349,-73766587,,5747,218,14,42,11,55,13,1,7,4
G36009100612,1990,NY,,,,,,,,,0612,,,99,Saratoga,091,,,2,0160,,,,9999,1,New York,36,,,,0000004799,0000000000,Tract 612,S,43078078,-73792573,,6168,316,5,66,9,82,12,1,1,38
G3600910061301,1990,NY,,,,,,,,,061301,,,99,Saratoga,091,,,2,0160,,,,9999,1,New York,36,,,,0000036021,0000001511,Tract 613.01,S,43056323,-73752133,,1493,7,1,10,0,13,1,0,0,0
G3600910061302,1990,NY,,,,,,,,,061302,,,99,Saratoga,091,,,2,0160,,,,9999,1,New York,36,,,,0000020238,0000000030,Tract 613.02,S,43068287,-73825571,,5972,112,11,32,4,47,2,0,0,13
G3600910061303,1990,NY,,,,,,,,,061303,,,99,Saratoga,091,,,2,0160,,,,9999,1,New York,36,,,,0000001174,0000000000,Tract 613.03,S,43098304,-73783328,,6,0,0,0,0,0,0,0,0,0
G3600910061401,1990,NY,,,,,,,,,061401,,,99,Saratoga,091,,,2,0160,,,,9999,1,New York,36,,,,0000061006,0000000003,Tract 614.01,S,43042522,-73918036,,4123,26,7,5,2,37,4,0,0,11
G3600910061402,1990,NY,,,,,,,,,061402,,,99,Saratoga,091,,,2,0160,,,,9999,1,New York,36,,,,0000027797,0000000030,Tract 614.02,S,43036736,-73863960,,6187,43,7,27,0,42,4,0,0,7
G36009100615,1990,NY,,,,,,,,,0615,,,99,Saratoga,091,,,2,0160,,,,9999,1,New York,36,,,,0000114008,0000002569,Tract 615,S,43031591,-74031930,,3235,6,2,7,0,13,0,2,0,1
G36009100616,1990,NY,,,,,,,,,0616,,,99,Saratoga,091,,,2,0160,,,,9999,1,New York,36,,,,0000084960,0000000052,Tract 616,S,42963260,-73993314,,3937,10,3,7,4,22,0,0,0,1
G3600910061701,1990,NY,,,,,,,,,061701,,,99,Saratoga,091,,,2,0160,,,,9999,1,New York,36,,,,0000051094,0000001044,Tract 617.01,S,42963555,-73871168,,3203,29,4,8,1,29,0,0,0,1
G3600910061702,1990,NY,,,,,,,,,061702,,,99,Saratoga,091,,,2,0160,,,,9999,1,New York,36,,,,0000024589,0000000000,Tract 617.02,S,42925450,-73891057,,3863,8,3,13,0,28,0,0,0,3
G36009100618,1990,NY,,,,,,,,,0618,,,99,Saratoga,091,,,2,0160,,,,9999,1,New York,36,,,,0000004413,0000000017,Tract 618,S,43007110,-73851602,,4916,25,6,15,1,41,0,0,1,6
G3600910061901,1990,NY,,,,,,,,,061901,,,99,Saratoga,091,,,2,0160,,,,9999,1,New York,36,,,,0000049920,0000007373,Tract 619.01,S,42997357,-73792776,,5976,45,7,46,2,63,4,0,0,10
G3600910061903,1990,NY,,,,,,,,,061903,,,99,Saratoga,091,,,2,0160,,,,9999,1,New York,36,,,,0000022665,0000001318,Tract 619.03,S,42959219,-73774662,,5358,76,5,42,2,60,6,0,1,8
G36009100620,1990,NY,,,,,,,,,0620,,,99,Saratoga,091,,,2,0160,,,,9999,1,New York,36,,,,0000103806,0000005220,Tract 620,S,42970411,-73692095,,5605,14,11,22,3,54,0,0,0,5
G36009100621,1990,NY,,,,,,,,,0621,,,99,Saratoga,091,,,2,0160,,,,9999,1,New York,36,,,,0000003308,0000000503,Tract 621,S,42950043,-73644948,,1496,0,7,4,0,7,1,0,0,4
G36009100622,1990,NY,,,,,,,,,0622,,,99,Saratoga,091,,,2,0160,,,,9999,1,New York,36,,,,0000001349,0000000294,Tract 622,S,42903464,-73687152,,2937,0,3,10,0,43,0,1,0,1
G36009100623,1990,NY,,,,,,,,,0623,,,99,Saratoga,091,,,2,0160,,,,9999,1,New York,36,,,,0000000807,0000000000,Tract 623,S,42902675,-73693471,,2241,2,2,2,0,7,0,0,0,0
G3600910062401,1990,NY,,,,,,,,,062401,,,99,Saratoga,091,,,2,0160,,,,9999,1,New York,36,,,,0000053720,0000001201,Tract 624.01,S,42870942,-73707909,,2576,1,2,7,0,12,0,0,0,0
G3600910062402,1990,NY,,,,,,,,,062402,,,99,Saratoga,091,,,2,0160,,,,9999,1,New York,36,,,,0000016910,0000000000,Tract 624.02,S,42860669,-73747344,,5906,28,5,64,2,37,3,0,0,6
G3600910062403,1990,NY,,,,,,,,,062403,,,99,Saratoga,091,,,2,0160,,,,9999,1,New York,36,,,,0000013926,0000001327,Tract 624.03,S,42820807,-73751179,,5092,27,9,59,3,25,4,1,0,10
G3600910062501,1990,NY,,,,,,,,,062501,,,99,Saratoga,091,,,2,0160,,,,9999,1,New York,36,,,,0000012909,0000000067,Tract 625.01,S,42909567,-73800255,,4868,48,7,97,1,39,0,0,1,3
G3600910062502,1990,NY,,,,,,,,,062502,,,99,Saratoga,091,,,2,0160,,,,9999,1,New York,36,,,,0000017959,0000000000,Tract 625.02,S,42873635,-73788937,,6416,92,7,144,0,68,6,0,5,16
G3600910062503,1990,NY,,,,,,,,,062503,,,99,Saratoga,091,,,2,0160,,,,9999,1,New York,36,,,,0000007528,0000000000,Tract 625.03,S,42847950,-73797143,,5598,47,15,101,0,35,0,0,0,4
G3600910062504,1990,NY,,,,,,,,,062504,,,99,Saratoga,091,,,2,0160,,,,9999,1,New York,36,,,,0000026082,0000002834,Tract 625.04,S,42812671,-73797908,,6700,107,14,143,12,80,7,0,0,10
G3600910062601,1990,NY,,,,,,,,,062601,,,99,Saratoga,091,,,2,0160,,,,9999,1,New York,36,,,,0000018448,0000000000,Tract 626.01,S,42906400,-73849594,,2344,20,2,33,0,3,0,0,0,2
G3600910062602,1990,NY,,,,,,,,,062602,,,99,Saratoga,091,,,2,0160,,,,9999,1,New York,36,,,,0000042865,0000001380,Tract 626.02,S,42857367,-73851629,,2930,13,2,51,0,17,0,0,1,6
G36009100627,1990,NY,,,,,,,,,0627,,,99,Saratoga,091,,,2,0160,,,,9999,1,New York,36,,,,0000016237,0000002028,Tract 627,S,42806749,-73696032,,6211,30,6,30,4,29,0,0,0,15
G36009100628,1990,NY,,,,,,,,,0628,,,99,Saratoga,091,,,2,0160,,,,9999,1,New York,36,,,,0000000741,0000000203,Tract 628,S,42791776,-73679353,,2329,0,3,29,0,8,0,0,0,1
G3600910062998,1990,NY,,,,,,,,,062998,,,99,Saratoga,091,,,2,0160,,,,9999,1,New York,36,,,,0000009854,0000000066,Tract 629.98,S,43379881,-74053174,,0,0,0,0,0,0,0,0,0,0
G36009300201,1990,NY,,,,,,,,,0201,,,99,Schenectady,093,,,2,0160,,,,9999,1,New York,36,,,,0000002022,0000000008,Tract 201,S,42826951,-73914138,,4640,299,10,46,5,20,15,0,5,40
G36009300202,1990,NY,,,,,,,,,0202,,,99,Schenectady,093,,,2,0160,,,,9999,1,New York,36,,,,0000001846,0000000225,Tract 202,S,42829250,-73926441,,2303,53,9,35,4,30,0,1,0,17
G36009300203,1990,NY,,,,,,,,,0203,,,99,Schenectady,093,,,2,0160,,,,9999,1,New York,36,,,,0000000499,0000000028,Tract 203,S,42818500,-73938325,,1286,63,0,10,2,37,3,2,0,7
G36009300204,1990,NY,,,,,,,,,0204,,,99,Schenectady,093,,,2,0160,,,,9999,1,New York,36,,,,0000001256,0000000000,Tract 204,S,42817350,-73923174,,3211,105,2,95,3,44,2,1,0,28
G36009300205,1990,NY,,,,,,,,,0205,,,99,Schenectady,093,,,2,0160,,,,9999,1,New York,36,,,,0000001781,0000000000,Tract 205,S,42810150,-73910248,,4570,81,13,41,5,50,1,0,3,22
G36009300206,1990,NY,,,,,,,,,0206,,,99,Schenectady,093,,,2,0160,,,,9999,1,New York,36,,,,0000002077,0000000038,Tract 206,S,42800533,-73912974,,2852,131,11,21,10,43,2,0,2,12
G36009300207,1990,NY,,,,,,,,,0207,,,99,Schenectady,093,,,2,0160,,,,9999,1,New York,36,,,,0000001396,0000000000,Tract 207,S,42795000,-73917452,,4466,521,24,91,21,73,17,3,5,57
G36009300208,1990,NY,,,,,,,,,0208,,,99,Schenectady,093,,,2,0160,,,,9999,1,New York,36,,,,0000001183,0000000011,Tract 208,S,42806607,-73928692,,3259,633,13,42,23,72,39,5,2,24
G36009300209,1990,NY,,,,,,,,,0209,,,99,Schenectady,093,,,2,0160,,,,9999,1,New York,36,,,,0000000743,0000000000,Tract 209,S,42801533,-73935888,,2393,1361,29,38,64,78,52,0,3,214
G3600930021001,1990,NY,,,,,,,,,021001,,,99,Schenectady,093,,,2,0160,,,,9999,1,New York,36,,,,0000000431,0000000000,Tract 210.01,S,42812767,-73940118,,642,183,4,14,3,33,7,0,0,13
G3600930021002,1990,NY,,,,,,,,,021002,,,99,Schenectady,093,,,2,0160,,,,9999,1,New York,36,,,,0000000517,0000000000,Tract 210.02,S,42806400,-73942198,,1491,844,12,37,12,29,11,0,0,133
G3600930021101,1990,NY,,,,,,,,,021101,,,99,Schenectady,093,,,2,0160,,,,9999,1,New York,36,,,,0000000322,0000000049,Tract 211.01,S,42818400,-73947688,,1132,36,6,11,0,11,0,0,0,4
G3600930021102,1990,NY,,,,,,,,,021102,,,99,Schenectady,093,,,2,0160,,,,9999,1,New York,36,,,,0000000432,0000000000,Tract 211.02,S,42813900,-73947711,,648,118,0,13,1,12,8,0,0,9
G3600930021103,1990,NY,,,,,,,,,021103,,,99,Schenectady,093,,,2,0160,,,,9999,1,New York,36,,,,0000000396,0000000000,Tract 211.03,S,42805950,-73949784,,316,28,0,1,3,0,0,0,0,4
G36009300212,1990,NY,,,,,,,,,0212,,,99,Schenectady,093,,,2,0160,,,,9999,1,New York,36,,,,0000002656,0000000000,Tract 212,S,42803001,-73967618,,2929,40,6,14,0,21,3,0,0,3
G36009300213,1990,NY,,,,,,,,,0213,,,99,Schenectady,093,,,2,0160,,,,9999,1,New York,36,,,,0000001598,0000000000,Tract 213,S,42793350,-73961120,,3407,49,8,4,0,33,3,0,1,11
G36009300214,1990,NY,,,,,,,,,0214,,,99,Schenectady,093,,,2,0160,,,,9999,1,New York,36,,,,0000000711,0000000000,Tract 214,S,42800100,-73949469,,2961,135,6,13,4,71,10,1,0,22
G36009300215,1990,NY,,,,,,,,,0215,,,99,Schenectady,093,,,2,0160,,,,9999,1,New York,36,,,,0000000858,0000000000,Tract 215,S,42795850,-73945767,,2546,44,3,2,4,26,3,0,1,20
G36009300216,1990,NY,,,,,,,,,0216,,,99,Schenectady,093,,,2,0160,,,,9999,1,New York,36,,,,0000001240,0000000000,Tract 216,S,42793150,-73936633,,3386,48,2,11,9,36,5,0,0,4
G36009300217,1990,NY,,,,,,,,,0217,,,99,Schenectady,093,,,2,0160,,,,9999,1,New York,36,,,,0000001280,0000000000,Tract 217,S,42791470,-73921798,,3315,424,7,49,6,69,12,2,2,48
G36009300218,1990,NY,,,,,,,,,0218,,,99,Schenectady,093,,,2,0160,,,,9999,1,New York,36,,,,0000004864,0000000000,Tract 218,S,42778950,-73905507,,5525,306,11,78,4,27,2,0,6,14
G36009300319,1990,NY,,,,,,,,,0319,,,99,Schenectady,093,,,2,0160,,,,9999,1,New York,36,,,,0000010784,0000000000,Tract 319,S,42778077,-73874630,,6490,138,6,278,3,56,0,0,1,8
G36009300320,1990,NY,,,,,,,,,0320,,,99,Schenectady,093,,,2,0160,,,,9999,1,New York,36,,,,0000002631,0000000000,Tract 320,S,42817150,-73898008,,4753,69,1,65,3,41,1,0,0,9
G36009300321,1990,NY,,,,,,,,,0321,,,99,Schenectady,093,,,2,0160,,,,9999,1,New York,36,,,,0000023134,0000002431,Tract 321,S,42812162,-73870822,,6574,68,2,375,2,85,3,1,0,16
G36009300322,1990,NY,,,,,,,,,0322,,,99,Schenectady,093,,,2,0160,,,,9999,1,New York,36,,,,0000003436,0000000196,Tract 322,S,42832933,-73958930,,4421,32,2,49,0,21,2,0,1,10
G36009300323,1990,NY,,,,,,,,,0323,,,99,Schenectady,093,,,2,0160,,,,9999,1,New York,36,,,,0000000901,0000000000,Tract 323,S,42828050,-73969128,,2876,19,4,17,0,39,2,0,1,3
G3600930032401,1990,NY,,,,,,,,,032401,,,99,Schenectady,093,,,2,0160,,,,9999,1,New York,36,,,,0000028640,0000000858,Tract 324.01,S,42856250,-73980202,,8404,32,4,65,0,42,0,0,0,5
G3600930032402,1990,NY,,,,,,,,,032402,,,99,Schenectady,093,,,2,0160,,,,9999,1,New York,36,,,,0000011436,0000000701,Tract 324.02,S,42846034,-73923188,,2312,10,1,68,6,22,0,0,0,1
G3600930032501,1990,NY,,,,,,,,,032501,,,99,Schenectady,093,,,2,0160,,,,9999,1,New York,36,,,,0000077420,0000000626,Tract 325.01,S,42913811,-74012902,,6082,28,3,49,0,38,1,0,1,0
G3600930032502,1990,NY,,,,,,,,,032502,,,99,Schenectady,093,,,2,0160,,,,9999,1,New York,36,,,,0000007360,0000000000,Tract 325.02,S,42881601,-73914760,,4014,31,8,13,2,28,1,0,0,1
G36009300326,1990,NY,,,,,,,,,0326,,,99,Schenectady,093,,,2,0160,,,,9999,1,New York,36,,,,0000066606,0000001523,Tract 326,S,42828474,-74031673,,5344,27,5,21,5,45,2,0,0,6
G36009300327,1990,NY,,,,,,,,,0327,,,99,Schenectady,093,,,2,0160,,,,9999,1,New York,36,,,,0000002320,0000000000,Tract 327,S,42793550,-73985394,,3869,10,7,12,0,26,2,0,3,2
G36009300328,1990,NY,,,,,,,,,0328,,,99,Schenectady,093,,,2,0160,,,,9999,1,New York,36,,,,0000001510,0000000000,Tract 328,S,42786254,-73956854,,2217,8,5,6,1,6,0,0,0,2
G3600930032901,1990,NY,,,,,,,,,032901,,,99,Schenectady,093,,,2,0160,,,,9999,1,New York,36,,,,0000004452,0000000000,Tract 329.01,S,42771167,-73926791,,4081,79,2,28,2,39,0,0,0,18
G3600930032902,1990,NY,,,,,,,,,032902,,,99,Schenectady,093,,,2,0160,,,,9999,1,New York,36,,,,0000002995,0000000000,Tract 329.02,S,42778867,-73942825,,4456,19,5,16,2,31,6,0,0,4
G3600930033001,1990,NY,,,,,,,,,033001,,,99,Schenectady,093,,,2,0160,,,,9999,1,New York,36,,,,0000007683,0000000000,Tract 330.01,S,42775633,-73972381,,6214,24,5,33,1,50,0,0,0,8
G3600930033002,1990,NY,,,,,,,,,033002,,,99,Schenectady,093,,,2,0160,,,,9999,1,New York,36,,,,0000007633,0000000000,Tract 330.02,S,42766709,-73986311,,1619,10,2,4,0,6,0,0,0,0
G3600930033101,1990,NY,,,,,,,,,033101,,,99,Schenectady,093,,,2,0160,,,,9999,1,New York,36,,,,0000062073,0000000111,Tract 331.01,S,42811597,-74075364,,2009,3,0,3,0,12,0,0,0,1
G3600930033102,1990,NY,,,,,,,,,033102,,,99,Schenectady,093,,,2,0160,,,,9999,1,New York,36,,,,0000184742,0000002300,Tract 331.02,S,42783300,-74177187,,5415,24,4,15,0,13,0,3,2,1
G36009509901,1990,NY,,,,,,,,,9901,,,99,Schoharie,095,,,2,9999,,,,9999,1,New York,36,,,,0000127917,0000001630,BNA 9901,S,42707432,-74312450,,5400,15,4,3,0,37,0,0,0,11
G36009509902,1990,NY,,,,,,,,,9902,,,99,Schoharie,095,,,2,9999,,,,9999,1,New York,36,,,,0000079069,0000000396,BNA 9902,S,42682491,-74449230,,5404,61,17,42,1,67,8,0,1,37
G36009509903,1990,NY,,,,,,,,,9903,,,99,Schoharie,095,,,2,9999,,,,9999,1,New York,36,,,,0000000234,0000000000,BNA 9903,S,42673228,-74498088,,1490,70,0,12,3,23,7,0,0,27
G36009509904,1990,NY,,,,,,,,,9904,,,99,Schoharie,095,,,2,9999,,,,9999,1,New York,36,,,,0000283965,0000000632,BNA 9904,S,42747393,-74538884,,5056,30,17,13,1,79,0,1,2,16
G36009509905,1990,NY,,,,,,,,,9905,,,99,Schoharie,095,,,2,9999,,,,9999,1,New York,36,,,,0000174411,0000000956,BNA 9905,S,42605903,-74583407,,3284,36,3,6,0,30,0,0,0,11
G36009509906,1990,NY,,,,,,,,,9906,,,99,Schoharie,095,,,2,9999,,,,9999,1,New York,36,,,,0000368359,0000001430,BNA 9906,S,42526847,-74505835,,2809,108,2,7,2,42,36,0,0,32
G36009509907,1990,NY,,,,,,,,,9907,,,99,Schoharie,095,,,2,9999,,,,9999,1,New York,36,,,,0000201822,0000000380,BNA 9907,S,42623528,-74279120,,4603,23,16,11,3,16,0,0,0,7
G36009509908,1990,NY,,,,,,,,,9908,,,99,Schoharie,095,,,2,9999,,,,9999,1,New York,36,,,,0000374782,0000005822,BNA 9908,S,42443304,-74373770,,2721,26,9,8,5,35,8,0,0,5
G36009709501,1990,NY,,,,,,,,,9501,,,99,Schuyler,097,,,2,9999,,,,9999,1,New York,36,,,,0000265427,0000036010,BNA 9501,S,42472862,-76794013,,4356,9,6,14,1,32,0,1,0,4
G36009709502,1990,NY,,,,,,,,,9502,,,99,Schuyler,097,,,2,9999,,,,9999,1,New York,36,,,,0000070528,0000000031,BNA 9502,S,42419922,-76938120,,1782,10,8,6,0,3,0,0,0,1
G36009709503,1990,NY,,,,,,,,,9503,,,99,Schuyler,097,,,2,9999,,,,9999,1,New York,36,,,,0000237235,0000006330,BNA 9503,S,42387958,-77036966,,2993,104,7,2,0,22,9,0,0,44
G36009709504,1990,NY,,,,,,,,,9504,,,99,Schuyler,097,,,2,9999,,,,9999,1,New York,36,,,,0000102408,0000001213,BNA 9504,S,42336896,-76899042,,4259,12,13,7,0,31,0,0,0,1
G36009709505,1990,NY,,,,,,,,,9505,,,99,Schuyler,097,,,2,9999,,,,9999,1,New York,36,,,,0000175794,0000001566,BNA 9505,S,42320158,-76748350,,4864,13,15,10,6,11,0,0,0,6
G36009909501,1990,NY,,,,,,,,,9501,,,99,Seneca,099,,,2,9999,,,,9999,1,New York,36,,,,0000147357,0000007961,BNA 9501,S,42984617,-76845521,,2200,3,2,2,0,10,0,0,1,6
G36009909502,1990,NY,,,,,,,,,9502,,,99,Seneca,099,,,2,9999,,,,9999,1,New York,36,,,,0000016112,0000000391,BNA 9502,S,42935281,-76786625,,2654,9,12,20,1,21,1,0,0,0
G36009909503,1990,NY,,,,,,,,,9503,,,99,Seneca,099,,,2,9999,,,,9999,1,New York,36,,,,0000022354,0000007519,BNA 9503,S,42904142,-76761931,,3532,31,12,29,0,15,0,0,0,4
G36009909504,1990,NY,,,,,,,,,9504,,,99,Seneca,099,,,2,9999,,,,9999,1,New York,36,,,,0000024316,0000000364,BNA 9504,S,42909999,-76822394,,3002,12,0,12,2,12,1,0,0,2
G36009909505,1990,NY,,,,,,,,,9505,,,99,Seneca,099,,,2,9999,,,,9999,1,New York,36,,,,0000023402,0000000085,BNA 9505,S,42926069,-76878544,,3733,18,2,24,0,6,2,0,0,11
G36009909506,1990,NY,,,,,,,,,9506,,,99,Seneca,099,,,2,9999,,,,9999,1,New York,36,,,,0000032835,0000000379,BNA 9506,S,42909955,-76931058,,3834,67,6,5,4,40,3,0,0,10
G36009909507,1990,NY,,,,,,,,,9507,,,99,Seneca,099,,,2,9999,,,,9999,1,New York,36,,,,0000142924,0000029236,BNA 9507,S,42845177,-76849163,,3590,13,5,12,0,7,2,0,0,7
G3600990950797,1990,NY,,,,,,,,,950797,,,99,Seneca,099,,,2,9999,,,,9999,1,New York,36,,,,0000000043,0000003225,BNA 9507.97,S,42856617,-76972022,,0,0,0,0,0,0,0,0,0,0
G3600990950798,1990,NY,,,,,,,,,950798,,,99,Seneca,099,,,2,9999,,,,9999,1,New York,36,,,,0000000030,0000000882,BNA 9507.98,S,42868613,-76970705,,0,0,0,0,0,0,0,0,0,0
G36009909508,1990,NY,,,,,,,,,9508,,,99,Seneca,099,,,2,9999,,,,9999,1,New York,36,,,,0000181533,0000069551,BNA 9508,S,42745922,-76841414,,4179,294,16,79,0,65,16,0,2,42
G36009909509,1990,NY,,,,,,,,,9509,,,99,Seneca,099,,,2,9999,,,,9999,1,New York,36,,,,0000169056,0000034412,BNA 9509,S,42622228,-76814224,,3572,51,24,23,2,43,0,0,0,20
G36009909510,1990,NY,,,,,,,,,9510,,,99,Seneca,099,,,2,9999,,,,9999,1,New York,36,,,,0000081590,0000015905,BNA 9510,S,42584918,-76695081,,2205,15,5,6,1,11,0,0,0,3
G36010109601,1990,NY,,,,,,,,,9601,,,99,Steuben,101,,,2,9999,,,,9999,1,New York,36,,,,0000086090,0000008247,BNA 9601,S,42519911,-77193414,,1408,5,3,1,0,0,0,0,0,0
G36010109602,1990,NY,,,,,,,,,9602,,,99,Steuben,101,,,2,9999,,,,9999,1,New York,36,,,,0000253344,0000000164,BNA 9602,S,42493268,-77331472,,2799,95,15,4,0,55,1,0,0,9
G36010109603,1990,NY,,,,,,,,,9603,,,99,Steuben,101,,,2,9999,,,,9999,1,New York,36,,,,0000145475,0000000000,BNA 9603,S,42515566,-77482227,,2497,10,9,7,0,6,0,1,2,1
G36010109604,1990,NY,,,,,,,,,9604,,,99,Steuben,101,,,2,9999,,,,9999,1,New York,36,,,,0000101096,0000001335,BNA 9604,S,42530742,-77589868,,4219,45,15,18,3,9,0,0,0,2
G36010109605,1990,NY,,,,,,,,,9605,,,99,Steuben,101,,,2,9999,,,,9999,1,New York,36,,,,0000207793,0000000522,BNA 9605,S,42443535,-77641272,,2693,8,1,3,6,10,0,0,0,2
G36010109606,1990,NY,,,,,,,,,9606,,,99,Steuben,101,,,2,9999,,,,9999,1,New York,36,,,,0000112985,0000000455,BNA 9606,S,42334454,-77677601,,4085,9,1,32,0,18,0,0,0,4
G36010109607,1990,NY,,,,,,,,,9607,,,99,Steuben,101,,,2,9999,,,,9999,1,New York,36,,,,0000002241,0000000000,BNA 9607,S,42332828,-77659354,,3488,64,9,13,1,12,1,0,0,3
G36010109608,1990,NY,,,,,,,,,9608,,,99,Steuben,101,,,2,9999,,,,9999,1,New York,36,,,,0000002934,0000000000,BNA 9608,S,42319901,-77664548,,3289,41,4,17,0,12,0,1,0,2
G36010109609,1990,NY,,,,,,,,,9609,,,99,Steuben,101,,,2,9999,,,,9999,1,New York,36,,,,0000001484,0000000000,BNA 9609,S,42319486,-77652344,,2782,91,3,19,7,12,0,0,5,1
G36010109610,1990,NY,,,,,,,,,9610,,,99,Steuben,101,,,2,9999,,,,9999,1,New York,36,,,,0000250823,0000000322,BNA 9610,S,42366872,-77493056,,3542,19,4,9,0,9,0,0,0,4
G36010109611,1990,NY,,,,,,,,,9611,,,99,Steuben,101,,,2,9999,,,,9999,1,New York,36,,,,0000109772,0000000134,BNA 9611,S,42330644,-77381700,,4996,107,9,24,4,21,2,0,0,8
G36010109612,1990,NY,,,,,,,,,9612,,,99,Steuben,101,,,2,9999,,,,9999,1,New York,36,,,,0000006596,0000000000,BNA 9612,S,42346633,-77307989,,3475,39,7,35,3,17,0,0,0,5
G36010109613,1990,NY,,,,,,,,,9613,,,99,Steuben,101,,,2,9999,,,,9999,1,New York,36,,,,0000132284,0000000662,BNA 9613,S,42311200,-77251141,,3910,17,14,8,7,10,1,0,1,4
G36010109614,1990,NY,,,,,,,,,9614,,,99,Steuben,101,,,2,9999,,,,9999,1,New York,36,,,,0000106487,0000007857,BNA 9614,S,42409903,-77227338,,2772,6,2,16,0,9,0,2,0,0
G36010109615,1990,NY,,,,,,,,,9615,,,99,Steuben,101,,,2,9999,,,,9999,1,New York,36,,,,0000117915,0000004959,BNA 9615,S,42382673,-77140193,,1705,0,5,7,0,7,1,0,0,3
G36010109616,1990,NY,,,,,,,,,9616,,,99,Steuben,101,,,2,9999,,,,9999,1,New York,36,,,,0000105900,0000000037,BNA 9616,S,42227154,-77026903,,1639,8,1,0,0,1,0,0,0,6
G36010109617,1990,NY,,,,,,,,,9617,,,99,Steuben,101,,,2,9999,,,,9999,1,New York,36,,,,0000105543,0000000083,BNA 9617,S,42234643,-77168935,,3622,4,9,8,0,12,0,0,0,3
G36010109618,1990,NY,,,,,,,,,9618,,,99,Steuben,101,,,2,9999,,,,9999,1,New York,36,,,,0000308922,0000000307,BNA 9618,S,42193528,-77345926,,2843,2,12,2,0,2,0,0,1,0
G36010109619,1990,NY,,,,,,,,,9619,,,99,Steuben,101,,,2,9999,,,,9999,1,New York,36,,,,0000140821,0000000000,BNA 9619,S,42236717,-77534748,,3605,5,2,17,1,5,0,0,0,1
G36010109620,1990,NY,,,,,,,,,9620,,,99,Steuben,101,,,2,9999,,,,9999,1,New York,36,,,,0000602053,0000000293,BNA 9620,S,42113992,-77613387,,4053,2,2,8,0,24,1,1,0,3
G36010109621,1990,NY,,,,,,,,,9621,,,99,Steuben,101,,,2,9999,,,,9999,1,New York,36,,,,0000241226,0000000135,BNA 9621,S,42045076,-77334818,,2865,6,7,1,1,5,0,0,0,1
G36010109622,1990,NY,,,,,,,,,9622,,,99,Steuben,101,,,2,9999,,,,9999,1,New York,36,,,,0000066367,0000000099,BNA 9622,S,42137116,-77239817,,2614,4,4,1,0,19,0,0,1,2
G36010109623,1990,NY,,,,,,,,,9623,,,99,Steuben,101,,,2,9999,,,,9999,1,New York,36,,,,0000100198,0000001198,BNA 9623,S,42141123,-77141181,,6507,121,7,97,6,19,1,0,0,5
G36010109624,1990,NY,,,,,,,,,9624,,,99,Steuben,101,,,2,9999,,,,9999,1,New York,36,,,,0000001597,0000000066,BNA 9624,S,42155638,-77069872,,3014,38,6,18,3,12,5,0,1,1
G36010109625,1990,NY,,,,,,,,,9625,,,99,Steuben,101,,,2,9999,,,,9999,1,New York,36,,,,0000002381,0000000143,BNA 9625,S,42152209,-77053359,,2626,28,15,35,1,20,1,0,0,3
G36010109626,1990,NY,,,,,,,,,9626,,,99,Steuben,101,,,2,9999,,,,9999,1,New York,36,,,,0000001794,0000000089,BNA 9626,S,42142649,-77063249,,2263,58,5,20,4,13,0,2,0,1
G36010109627,1990,NY,,,,,,,,,9627,,,99,Steuben,101,,,2,9999,,,,9999,1,New York,36,,,,0000002265,0000000144,BNA 9627,S,42139066,-77046630,,3542,113,10,52,8,13,3,0,0,4
G36010109628,1990,NY,,,,,,,,,9628,,,99,Steuben,101,,,2,9999,,,,9999,1,New York,36,,,,0000055937,0000000685,BNA 9628,S,42163154,-77010337,,3741,37,6,29,0,15,0,0,0,1
G36010109629,1990,NY,,,,,,,,,9629,,,99,Steuben,101,,,2,9999,,,,9999,1,New York,36,,,,0000039684,0000000361,BNA 9629,S,42118203,-77033938,,2372,125,3,25,1,11,0,0,0,1
G36010109630,1990,NY,,,,,,,,,9630,,,99,Steuben,101,,,2,9999,,,,9999,1,New York,36,,,,0000195145,0000001347,BNA 9630,S,42042516,-77084905,,3672,28,7,14,4,23,1,1,0,0
G3601030110101,1990,NY,,,,,,,,,110101,,,70,Suffolk,103,,,2,5602,,,,5380,1,New York,36,,,,0000024204,0000005277,Tract 1101.01,S,40917533,-73457654,,3243,13,1,35,1,50,1,0,0,5
G3601030110102,1990,NY,,,,,,,,,110102,,,70,Suffolk,103,,,2,5602,,,,5380,1,New York,36,,,,0000009639,0000000487,Tract 1101.02,S,40863050,-73447898,,4652,11,4,55,0,60,0,0,0,1
G36010301102,1990,NY,,,,,,,,,1102,,,70,Suffolk,103,,,2,5602,,,,5380,1,New York,36,,,,0000004541,0000000349,Tract 1102,S,40881650,-73435551,,5042,51,3,57,1,55,4,0,0,8
G36010301103,1990,NY,,,,,,,,,1103,,,70,Suffolk,103,,,2,5602,,,,5380,1,New York,36,,,,0000005785,0000004072,Tract 1103,S,40899900,-73415807,,4951,55,6,52,1,88,8,0,0,13
G3601030110401,1990,NY,,,,,,,,,110401,,,70,Suffolk,103,,,2,5602,,,,5380,1,New York,36,,,,0000003916,0000000010,Tract 1104.01,S,40890500,-73396369,,2779,7,3,24,0,30,1,0,0,3
G3601030110402,1990,NY,,,,,,,,,110402,,,70,Suffolk,103,,,2,5602,,,,5380,1,New York,36,,,,0000001816,0000000214,Tract 1104.02,S,40891627,-73379118,,3099,10,3,28,0,27,0,1,2,1
G3601030110501,1990,NY,,,,,,,,,110501,,,70,Suffolk,103,,,2,5602,,,,5380,1,New York,36,,,,0000005484,0000003518,Tract 1105.01,S,40898200,-73365579,,2884,7,0,43,1,52,1,0,0,1
G3601030110502,1990,NY,,,,,,,,,110502,,,70,Suffolk,103,,,2,5602,,,,5380,1,New York,36,,,,0000003545,0000000007,Tract 1105.02,S,40873267,-73362912,,2623,37,0,40,0,49,1,0,0,5
G36010301106,1990,NY,,,,,,,,,1106,,,70,Suffolk,103,,,2,5602,,,,5380,1,New York,36,,,,0000005990,0000000600,Tract 1106,S,40903700,-73345551,,7284,38,3,91,1,134,9,0,0,9
G3601030110699,1990,NY,,,,,,,,,110699,,,70,Suffolk,103,,,2,5602,,,,5380,1,New York,36,,,,0000000000,0000000000,Tract 1106.99,S,40897042,-73353610,,2,0,0,0,0,1,0,0,0,0
G36010301107,1990,NY,,,,,,,,,1107,,,70,Suffolk,103,,,2,5602,,,,5380,1,New York,36,,,,0000001287,0000000000,Tract 1107,S,40893733,-73312165,,138,8,0,1,0,1,0,0,0,0
G3601030110801,1990,NY,,,,,,,,,110801,,,70,Suffolk,103,,,2,5602,,,,5380,1,New York,36,,,,0000006179,0000021026,Tract 1108.01,S,40939883,-73397597,,2266,13,1,26,0,31,0,0,0,4
G3601030110802,1990,NY,,,,,,,,,110802,,,70,Suffolk,103,,,2,5602,,,,5380,1,New York,36,,,,0000012992,0000003942,Tract 1108.02,S,40914725,-73317526,,5428,10,0,80,2,77,1,0,0,4
G3601030110901,1990,NY,,,,,,,,,110901,,,70,Suffolk,103,,,2,5602,,,,5380,1,New York,36,,,,0000001620,0000000000,Tract 1109.01,S,40862350,-73424803,,2426,60,2,53,4,91,12,1,0,10
G3601030110902,1990,NY,,,,,,,,,110902,,,70,Suffolk,103,,,2,5602,,,,5380,1,New York,36,,,,0000001946,0000000000,Tract 1109.02,S,40852900,-73421871,,2329,903,7,84,2,279,33,3,5,178
G3601030111001,1990,NY,,,,,,,,,111001,,,70,Suffolk,103,,,2,5602,,,,5380,1,New York,36,,,,0000001433,0000000000,Tract 1110.01,S,40866350,-73414518,,1462,276,12,52,4,78,8,0,4,39
G3601030111002,1990,NY,,,,,,,,,111002,,,70,Suffolk,103,,,2,5602,,,,5380,1,New York,36,,,,0000002115,0000000000,Tract 1110.02,S,40857050,-73404566,,2199,683,3,51,8,616,43,10,5,379
G36010301111,1990,NY,,,,,,,,,1111,,,70,Suffolk,103,,,2,5602,,,,5380,1,New York,36,,,,0000003091,0000000000,Tract 1111,S,40837750,-73420973,,4130,1314,12,131,11,604,111,4,11,198
G3601030111201,1990,NY,,,,,,,,,111201,,,70,Suffolk,103,,,2,5602,,,,5380,1,New York,36,,,,0000001179,0000000010,Tract 1112.01,S,40843100,-73403818,,2138,302,2,37,9,354,19,12,1,131
G3601030111202,1990,NY,,,,,,,,,111202,,,70,Suffolk,103,,,2,5602,,,,5380,1,New York,36,,,,0000001928,0000000000,Tract 1112.02,S,40835520,-73404302,,4132,71,8,58,0,158,5,0,0,40
G36010301113,1990,NY,,,,,,,,,1113,,,70,Suffolk,103,,,2,5602,,,,5380,1,New York,36,,,,0000007142,0000000013,Tract 1113,S,40869300,-73389017,,4382,64,2,88,0,65,5,0,6,3
G3601030111401,1990,NY,,,,,,,,,111401,,,70,Suffolk,103,,,2,5602,,,,5380,1,New York,36,,,,0000001091,0000000000,Tract 1114.01,S,40851800,-73388685,,1316,79,6,40,0,15,5,0,0,1
G3601030111402,1990,NY,,,,,,,,,111402,,,70,Suffolk,103,,,2,5602,,,,5380,1,New York,36,,,,0000002721,0000000000,Tract 1114.02,S,40841750,-73386131,,4678,26,0,97,4,143,2,0,7,5
G3601030111503,1990,NY,,,,,,,,,111503,,,70,Suffolk,103,,,2,5602,,,,5380,1,New York,36,,,,0000003315,0000000000,Tract 1115.03,S,40861500,-73354353,,4043,364,2,122,8,123,26,0,0,18
G3601030111504,1990,NY,,,,,,,,,111504,,,70,Suffolk,103,,,2,5602,,,,5380,1,New York,36,,,,0000002468,0000000000,Tract 1115.04,S,40855200,-73342399,,1266,17,5,39,2,35,6,0,0,5
G3601030111505,1990,NY,,,,,,,,,111505,,,70,Suffolk,103,,,2,5602,,,,5380,1,New York,36,,,,0000003097,0000000000,Tract 1115.05,S,40851150,-73375720,,4155,1644,17,135,14,218,95,4,0,84
G3601030111506,1990,NY,,,,,,,,,111506,,,70,Suffolk,103,,,2,5602,,,,5380,1,New York,36,,,,0000005216,0000000000,Tract 1115.06,S,40840650,-73351627,,2185,359,9,88,17,121,15,0,0,28
G3601030111601,1990,NY,,,,,,,,,111601,,,70,Suffolk,103,,,2,5602,,,,5380,1,New York,36,,,,0000002046,0000000000,Tract 1116.01,S,40887400,-73334474,,3897,31,4,77,0,71,2,0,0,34
G3601030111602,1990,NY,,,,,,,,,111602,,,70,Suffolk,103,,,2,5602,,,,5380,1,New York,36,,,,0000001884,0000000000,Tract 1116.02,S,40889322,-73323357,,3095,14,2,24,1,71,0,0,0,14
G3601030111701,1990,NY,,,,,,,,,111701,,,70,Suffolk,103,,,2,5602,,,,5380,1,New York,36,,,,0000002175,0000000000,Tract 1117.01,S,40870400,-73330835,,4941,19,11,72,5,146,2,1,2,40
G3601030111703,1990,NY,,,,,,,,,111703,,,70,Suffolk,103,,,2,5602,,,,5380,1,New York,36,,,,0000002765,0000000000,Tract 1117.03,S,40879650,-73303292,,2838,50,1,93,0,102,0,0,0,13
G3601030111704,1990,NY,,,,,,,,,111704,,,70,Suffolk,103,,,2,5602,,,,5380,1,New York,36,,,,0000002089,0000000000,Tract 1117.04,S,40870900,-73307581,,3153,31,0,48,0,49,1,0,0,10
G3601030111801,1990,NY,,,,,,,,,111801,,,70,Suffolk,103,,,2,5602,,,,5380,1,New York,36,,,,0000003859,0000000000,Tract 1118.01,S,40849400,-73325952,,5034,21,0,240,0,118,1,1,4,5
G3601030111802,1990,NY,,,,,,,,,111802,,,70,Suffolk,103,,,2,5602,,,,5380,1,New York,36,,,,0000002390,0000000000,Tract 1118.02,S,40862800,-73306057,,2739,18,2,96,4,68,1,0,0,5
G3601030111803,1990,NY,,,,,,,,,111803,,,70,Suffolk,103,,,2,5602,,,,5380,1,New York,36,,,,0000002108,0000000000,Tract 1118.03,S,40853050,-73305026,,2590,19,1,91,2,70,0,0,0,0
G3601030111804,1990,NY,,,,,,,,,111804,,,70,Suffolk,103,,,2,5602,,,,5380,1,New York,36,,,,0000001922,0000000000,Tract 1118.04,S,40845267,-73304536,,2037,19,0,74,0,66,0,0,0,4
G36010301119,1990,NY,,,,,,,,,1119,,,70,Suffolk,103,,,2,5602,,,,5380,1,New York,36,,,,0000012828,0000000000,Tract 1119,S,40819250,-73431735,,5538,14,2,197,0,89,6,0,1,2
G3601030112001,1990,NY,,,,,,,,,112001,,,70,Suffolk,103,,,2,5602,,,,5380,1,New York,36,,,,0000002732,0000000000,Tract 1120.01,S,40820400,-73410008,,4247,18,1,100,3,130,0,0,0,28
G3601030112002,1990,NY,,,,,,,,,112002,,,70,Suffolk,103,,,2,5602,,,,5380,1,New York,36,,,,0000006017,0000000000,Tract 1120.02,S,40822033,-73383405,,4924,30,0,65,3,71,3,0,1,0
G3601030112102,1990,NY,,,,,,,,,112102,,,70,Suffolk,103,,,2,5602,,,,5380,1,New York,36,,,,0000008142,0000000000,Tract 1121.02,S,40818750,-73346212,,3697,46,2,177,0,79,5,0,1,5
G3601030112103,1990,NY,,,,,,,,,112103,,,70,Suffolk,103,,,2,5602,,,,5380,1,New York,36,,,,0000003290,0000000000,Tract 1121.03,S,40834200,-73300809,,4084,7,0,103,0,89,0,0,0,21
G3601030112104,1990,NY,,,,,,,,,112104,,,70,Suffolk,103,,,2,5602,,,,5380,1,New York,36,,,,0000005690,0000000000,Tract 1121.04,S,40829867,-73335982,,3006,34,6,173,0,103,1,0,1,6
G3601030112204,1990,NY,,,,,,,,,112204,,,70,Suffolk,103,,,2,5602,,,,5380,1,New York,36,,,,0000001702,0000000000,Tract 1122.04,S,40807901,-73399543,,3742,26,2,72,0,88,1,0,6,7
G3601030112206,1990,NY,,,,,,,,,112206,,,70,Suffolk,103,,,2,5602,,,,5380,1,New York,36,,,,0000018741,0000000000,Tract 1122.06,S,40781500,-73422310,,4163,27,1,227,2,102,4,2,0,16
G3601030112207,1990,NY,,,,,,,,,112207,,,70,Suffolk,103,,,2,5602,,,,5380,1,New York,36,,,,0000008873,0000000000,Tract 1122.07,S,40777650,-73386734,,3592,130,4,215,0,127,13,0,0,17
G3601030112208,1990,NY,,,,,,,,,112208,,,70,Suffolk,103,,,2,5602,,,,5380,1,New York,36,,,,0000001942,0000000000,Tract 1122.08,S,40796856,-73389881,,809,128,0,9,0,48,1,0,0,0
G3601030112210,1990,NY,,,,,,,,,112210,,,70,Suffolk,103,,,2,5602,,,,5380,1,New York,36,,,,0000010894,0000000000,Tract 1122.10,S,40793500,-73323745,,5978,175,11,250,5,177,11,1,0,25
G3601030112211,1990,NY,,,,,,,,,112211,,,70,Suffolk,103,,,2,5602,,,,5380,1,New York,36,,,,0000004961,0000000000,Tract 1122.11,S,40809050,-73307582,,4383,69,3,171,4,101,0,1,0,10
G3601030112212,1990,NY,,,,,,,,,112212,,,70,Suffolk,103,,,2,5602,,,,5380,1,New York,36,,,,0000005909,0000000000,Tract 1122.12,S,40801800,-73364082,,2814,82,1,252,3,63,3,1,16,4
G3601030112213,1990,NY,,,,,,,,,112213,,,70,Suffolk,103,,,2,5602,,,,5380,1,New York,36,,,,0000006656,0000000000,Tract 1122.13,S,40783465,-73352313,,4509,177,0,324,4,157,4,2,4,7
G3601030122301,1990,NY,,,,,,,,,122301,,,70,Suffolk,103,,,2,5602,,,,5380,1,New York,36,,,,0000000876,0000000000,Tract 1223.01,S,40751050,-73428385,,303,349,1,47,0,62,72,2,8,41
G3601030122302,1990,NY,,,,,,,,,122302,,,70,Suffolk,103,,,2,5602,,,,5380,1,New York,36,,,,0000011504,0000000066,Tract 1223.02,S,40740150,-73417706,,3079,43,3,60,3,99,0,0,0,30
G3601030122403,1990,NY,,,,,,,,,122403,,,70,Suffolk,103,,,2,5602,,,,5380,1,New York,36,,,,0000008486,0000000000,Tract 1224.03,S,40747933,-73387953,,1273,730,15,32,0,115,34,7,6,96
G3601030122404,1990,NY,,,,,,,,,122404,,,70,Suffolk,103,,,2,5602,,,,5380,1,New York,36,,,,0000002774,0000000000,Tract 1224.04,S,40722700,-73383506,,3398,8,1,27,2,129,1,0,0,26
G3601030122405,1990,NY,,,,,,,,,122405,,,70,Suffolk,103,,,2,5602,,,,5380,1,New York,36,,,,0000001637,0000000000,Tract 1224.05,S,40765050,-73361267,,1347,1599,43,137,12,177,68,4,4,92
G3601030122406,1990,NY,,,,,,,,,122406,,,70,Suffolk,103,,,2,5602,,,,5380,1,New York,36,,,,0000002009,0000000000,Tract 1224.06,S,40749200,-73369622,,163,3282,21,12,14,322,140,1,1,309
G3601030122501,1990,NY,,,,,,,,,122501,,,70,Suffolk,103,,,2,5602,,,,5380,1,New York,36,,,,0000002254,0000000009,Tract 1225.01,S,40746350,-73359149,,65,2975,24,5,4,69,120,1,0,104
G3601030122502,1990,NY,,,,,,,,,122502,,,70,Suffolk,103,,,2,5602,,,,5380,1,New York,36,,,,0000002268,0000000071,Tract 1225.02,S,40735250,-73357199,,191,3659,32,33,13,63,106,0,1,59
G3601030122601,1990,NY,,,,,,,,,122601,,,70,Suffolk,103,,,2,5602,,,,5380,1,New York,36,,,,0000002272,0000000010,Tract 1226.01,S,40756550,-73334122,,5670,39,2,98,0,265,7,0,0,44
G3601030122602,1990,NY,,,,,,,,,122602,,,70,Suffolk,103,,,2,5602,,,,5380,1,New York,36,,,,0000001637,0000000000,Tract 1226.02,S,40747200,-73337326,,4669,9,0,51,0,162,4,0,0,23
G3601030122603,1990,NY,,,,,,,,,122603,,,70,Suffolk,103,,,2,5602,,,,5380,1,New York,36,,,,0000002766,0000000041,Tract 1226.03,S,40740700,-73330424,,5437,59,4,88,0,218,4,3,1,18
G3601030122704,1990,NY,,,,,,,,,122704,,,70,Suffolk,103,,,2,5602,,,,5380,1,New York,36,,,,0000001239,0000000000,Tract 1227.04,S,40766233,-73348918,,1598,383,1,43,7,112,13,0,2,25
G3601030122705,1990,NY,,,,,,,,,122705,,,70,Suffolk,103,,,2,5602,,,,5380,1,New York,36,,,,0000001918,0000000000,Tract 1227.05,S,40763200,-73340741,,3044,34,2,72,0,96,1,0,0,7
G3601030122706,1990,NY,,,,,,,,,122706,,,70,Suffolk,103,,,2,5602,,,,5380,1,New York,36,,,,0000001592,0000000000,Tract 1227.06,S,40768150,-73325964,,3826,29,16,110,1,214,4,1,1,37
G3601030122707,1990,NY,,,,,,,,,122707,,,70,Suffolk,103,,,2,5602,,,,5380,1,New York,36,,,,0000003643,0000000000,Tract 1227.07,S,40773150,-73312899,,2988,37,5,44,0,181,3,0,0,13
G3601030122801,1990,NY,,,,,,,,,122801,,,70,Suffolk,103,,,2,5602,,,,5380,1,New York,36,,,,0000004352,0000000000,Tract 1228.01,S,40756150,-73309987,,2939,1933,17,83,4,227,87,2,5,104
G3601030122802,1990,NY,,,,,,,,,122802,,,70,Suffolk,103,,,2,5602,,,,5380,1,New York,36,,,,0000001425,0000000027,Tract 1228.02,S,40739200,-73314426,,3897,43,10,58,5,126,0,0,3,8
G3601030122901,1990,NY,,,,,,,,,122901,,,70,Suffolk,103,,,2,5602,,,,5380,1,New York,36,,,,0000001952,0000000000,Tract 1229.01,S,40721750,-73370549,,5598,10,6,40,0,163,1,0,5,63
G3601030122902,1990,NY,,,,,,,,,122902,,,70,Suffolk,103,,,2,5602,,,,5380,1,New York,36,,,,0000001678,0000000009,Tract 1229.02,S,40715050,-73362710,,4117,65,1,38,2,145,1,1,5,25
G3601030123001,1990,NY,,,,,,,,,123001,,,70,Suffolk,103,,,2,5602,,,,5380,1,New York,36,,,,0000002021,0000000000,Tract 1230.01,S,40724500,-73353574,,5680,33,7,60,0,270,10,0,4,59
G3601030123002,1990,NY,,,,,,,,,123002,,,70,Suffolk,103,,,2,5602,,,,5380,1,New York,36,,,,0000002053,0000000007,Tract 1230.02,S,40719300,-73341749,,4388,54,3,48,0,258,19,0,5,54
G3601030123101,1990,NY,,,,,,,,,123101,,,70,Suffolk,103,,,2,5602,,,,5380,1,New York,36,,,,0000002788,0000000068,Tract 1231.01,S,40722045,-73328134,,3377,30,11,72,1,144,2,0,0,25
G3601030123102,1990,NY,,,,,,,,,123102,,,70,Suffolk,103,,,2,5602,,,,5380,1,New York,36,,,,0000001762,0000000000,Tract 1231.02,S,40722433,-73317712,,4166,25,7,43,3,149,7,0,0,37
G3601030123201,1990,NY,,,,,,,,,123201,,,70,Suffolk,103,,,2,5602,,,,5380,1,New York,36,,,,0000002471,0000000000,Tract 1232.01,S,40714950,-73421726,,359,618,7,20,1,53,42,1,0,92
G3601030123202,1990,NY,,,,,,,,,123202,,,70,Suffolk,103,,,2,5602,,,,5380,1,New York,36,,,,0000003119,0000000000,Tract 1232.02,S,40703950,-73406774,,271,5022,47,24,5,90,211,6,0,141
G3601030123301,1990,NY,,,,,,,,,123301,,,70,Suffolk,103,,,2,5602,,,,5380,1,New York,36,,,,0000002558,0000000000,Tract 1233.01,S,40699100,-73422321,,1766,4040,72,76,27,206,170,14,8,137
G3601030123302,1990,NY,,,,,,,,,123302,,,70,Suffolk,103,,,2,5602,,,,5380,1,New York,36,,,,0000000642,0000000000,Tract 1233.02,S,40692550,-73408009,,28,1288,48,17,5,49,78,0,3,19
G3601030123401,1990,NY,,,,,,,,,123401,,,70,Suffolk,103,,,2,5602,,,,5380,1,New York,36,,,,0000002282,0000000000,Tract 1234.01,S,40705500,-73392895,,3352,113,3,42,0,169,4,0,3,62
G3601030123402,1990,NY,,,,,,,,,123402,,,70,Suffolk,103,,,2,5602,,,,5380,1,New York,36,,,,0000002613,0000000000,Tract 1234.02,S,40707700,-73380594,,6134,186,14,100,15,309,6,0,0,51
G36010301235,1990,NY,,,,,,,,,1235,,,70,Suffolk,103,,,2,5602,,,,5380,1,New York,36,,,,0000003095,0000000017,Tract 1235,S,40679300,-73416099,,4131,647,16,65,8,318,48,1,5,116
G36010301236,1990,NY,,,,,,,,,1236,,,70,Suffolk,103,,,2,5602,,,,5380,1,New York,36,,,,0000002406,0000000970,Tract 1236,S,40660850,-73414779,,3940,14,5,30,0,55,3,0,0,6
G3601030123701,1990,NY,,,,,,,,,123701,,,70,Suffolk,103,,,2,5602,,,,5380,1,New York,36,,,,0000002193,0000000000,Tract 1237.01,S,40686350,-73401072,,2871,644,30,92,14,779,184,6,5,357
G3601030123702,1990,NY,,,,,,,,,123702,,,70,Suffolk,103,,,2,5602,,,,5380,1,New York,36,,,,0000002264,0000000006,Tract 1237.02,S,40674650,-73395831,,6669,50,2,74,8,315,20,0,2,144
G3601030123801,1990,NY,,,,,,,,,123801,,,70,Suffolk,103,,,2,5602,,,,5380,1,New York,36,,,,0000002219,0000000863,Tract 1238.01,S,40662400,-73393964,,4365,63,8,29,0,105,9,0,2,16
G3601030123802,1990,NY,,,,,,,,,123802,,,70,Suffolk,103,,,2,5602,,,,5380,1,New York,36,,,,0000001594,0000000389,Tract 1238.02,S,40664300,-73377104,,3725,0,3,16,1,129,1,0,0,31
G36010301239,1990,NY,,,,,,,,,1239,,,70,Suffolk,103,,,2,5602,,,,5380,1,New York,36,,,,0000001646,0000000000,Tract 1239,S,40689850,-73383802,,4637,25,0,42,0,196,9,0,2,31
G3601030124001,1990,NY,,,,,,,,,124001,,,70,Suffolk,103,,,2,5602,,,,5380,1,New York,36,,,,0000001536,0000000000,Tract 1240.01,S,40695650,-73371799,,4438,11,2,52,0,126,0,0,2,20
G3601030124002,1990,NY,,,,,,,,,124002,,,70,Suffolk,103,,,2,5602,,,,5380,1,New York,36,,,,0000001350,0000000000,Tract 1240.02,S,40698100,-73364025,,3243,6,1,26,0,114,5,0,0,12
G3601030124101,1990,NY,,,,,,,,,124101,,,70,Suffolk,103,,,2,5602,,,,5380,1,New York,36,,,,0000001422,0000000000,Tract 1241.01,S,40678850,-73381090,,4176,14,6,40,0,136,15,0,0,46
G3601030124102,1990,NY,,,,,,,,,124102,,,70,Suffolk,103,,,2,5602,,,,5380,1,New York,36,,,,0000001220,0000000000,Tract 1241.02,S,40676650,-73371217,,3323,1,2,35,0,109,0,0,4,16
G36010301242,1990,NY,,,,,,,,,1242,,,70,Suffolk,103,,,2,5602,,,,5380,1,New York,36,,,,0000002532,0000000158,Tract 1242,S,40678967,-73361602,,5585,28,4,53,4,225,1,3,0,34
G36010301243,1990,NY,,,,,,,,,1243,,,70,Suffolk,103,,,2,5602,,,,5380,1,New York,36,,,,0000003340,0000000000,Tract 1243,S,40702350,-73350327,,5876,191,8,89,5,262,1,0,8,58
G3601030124401,1990,NY,,,,,,,,,124401,,,70,Suffolk,103,,,2,5602,,,,5380,1,New York,36,,,,0000002810,0000000450,Tract 1244.01,S,40682700,-73345092,,3489,25,9,29,1,92,0,0,0,16
G3601030124402,1990,NY,,,,,,,,,124402,,,70,Suffolk,103,,,2,5602,,,,5380,1,New York,36,,,,0000021125,0000058052,Tract 1244.02,S,40642133,-73337219,,3636,5,1,22,0,100,0,1,0,4
G36010301245,1990,NY,,,,,,,,,1245,,,70,Suffolk,103,,,2,5602,,,,5380,1,New York,36,,,,0000002368,0000000051,Tract 1245,S,40706333,-73327397,,4387,228,5,62,3,171,27,5,6,38
G3601030124601,1990,NY,,,,,,,,,124601,,,70,Suffolk,103,,,2,5602,,,,5380,1,New York,36,,,,0000001213,0000000180,Tract 1246.01,S,40686700,-73334799,,2786,12,3,25,0,57,0,0,0,4
G3601030124602,1990,NY,,,,,,,,,124602,,,70,Suffolk,103,,,2,5602,,,,5380,1,New York,36,,,,0000002651,0000000663,Tract 1246.02,S,40690600,-73322458,,4104,77,5,34,2,145,10,0,0,17
G3601030134702,1990,NY,,,,,,,,,134702,,,70,Suffolk,103,,,2,5602,,,,5380,1,New York,36,,,,0000005372,0000000000,Tract 1347.02,S,40878549,-73261351,,5321,33,2,79,2,109,1,0,0,24
G3601030134703,1990,NY,,,,,,,,,134703,,,70,Suffolk,103,,,2,5602,,,,5380,1,New York,36,,,,0000011031,0000005901,Tract 1347.03,S,40906768,-73274189,,3407,15,2,57,0,83,0,0,2,8
G3601030134704,1990,NY,,,,,,,,,134704,,,70,Suffolk,103,,,2,5602,,,,5380,1,New York,36,,,,0000003715,0000000000,Tract 1347.04,S,40900696,-73249386,,2386,34,2,72,2,80,0,0,0,12
G36010301348,1990,NY,,,,,,,,,1348,,,70,Suffolk,103,,,2,5602,,,,5380,1,New York,36,,,,0000002363,0000000079,Tract 1348,S,40894920,-73241254,,1432,446,3,36,1,74,8,2,4,67
G3601030134902,1990,NY,,,,,,,,,134902,,,70,Suffolk,103,,,2,5602,,,,5380,1,New York,36,,,,0000006570,0000001050,Tract 1349.02,S,40877237,-73208444,,4505,15,1,107,0,108,0,0,0,11
G3601030134903,1990,NY,,,,,,,,,134903,,,70,Suffolk,103,,,2,5602,,,,5380,1,New York,36,,,,0000003375,0000000179,Tract 1349.03,S,40845541,-73220450,,1259,12,0,21,0,19,1,0,0,0
G3601030134904,1990,NY,,,,,,,,,134904,,,70,Suffolk,103,,,2,5602,,,,5380,1,New York,36,,,,0000008073,0000000083,Tract 1349.04,S,40859808,-73190850,,5514,39,11,99,3,197,2,0,1,9
G3601030134905,1990,NY,,,,,,,,,134905,,,70,Suffolk,103,,,2,5602,,,,5380,1,New York,36,,,,0000002176,0000000909,Tract 1349.05,S,40894008,-73226637,,3883,17,1,30,0,72,1,0,0,8
G3601030134906,1990,NY,,,,,,,,,134906,,,70,Suffolk,103,,,2,5602,,,,5380,1,New York,36,,,,0000003527,0000000000,Tract 1349.06,S,40877749,-73229267,,5291,25,5,96,0,88,2,2,0,17
G3601030135002,1990,NY,,,,,,,,,135002,,,70,Suffolk,103,,,2,5602,,,,5380,1,New York,36,,,,0000004018,0000000000,Tract 1350.02,S,40869048,-73163335,,5033,25,2,69,1,103,1,1,0,13
G3601030135003,1990,NY,,,,,,,,,135003,,,70,Suffolk,103,,,2,5602,,,,5380,1,New York,36,,,,0000004218,0000000000,Tract 1350.03,S,40870792,-73144573,,3889,10,1,15,1,81,1,2,1,6
G3601030135004,1990,NY,,,,,,,,,135004,,,70,Suffolk,103,,,2,5602,,,,5380,1,New York,36,,,,0000017907,0000010303,Tract 1350.04,S,40909195,-73185693,,2848,7,2,36,1,76,3,1,0,0
G3601030135005,1990,NY,,,,,,,,,135005,,,70,Suffolk,103,,,2,5602,,,,5380,1,New York,36,,,,0000003522,0000000002,Tract 1350.05,S,40889380,-73145098,,3335,17,1,35,1,57,0,0,0,3
G3601030135101,1990,NY,,,,,,,,,135101,,,70,Suffolk,103,,,2,5602,,,,5380,1,New York,36,,,,0000003592,0000000000,Tract 1351.01,S,40860370,-73287270,,3631,30,2,92,0,103,7,1,2,4
G3601030135102,1990,NY,,,,,,,,,135102,,,70,Suffolk,103,,,2,5602,,,,5380,1,New York,36,,,,0000003680,0000000000,Tract 1351.02,S,40860149,-73271915,,3927,9,0,115,2,64,2,0,0,23
G3601030135103,1990,NY,,,,,,,,,135103,,,70,Suffolk,103,,,2,5602,,,,5380,1,New York,36,,,,0000003723,0000000000,Tract 1351.03,S,40858248,-73256566,,4894,67,4,209,5,98,10,0,4,16
G3601030135104,1990,NY,,,,,,,,,135104,,,70,Suffolk,103,,,2,5602,,,,5380,1,New York,36,,,,0000005488,0000000035,Tract 1351.04,S,40858032,-73235487,,4566,13,5,52,6,96,1,0,0,15
G3601030135201,1990,NY,,,,,,,,,135201,,,70,Suffolk,103,,,2,5602,,,,5380,1,New York,36,,,,0000001440,0000000000,Tract 1352.01,S,40843008,-73268811,,2092,6,0,37,0,38,0,0,2,2
G3601030135202,1990,NY,,,,,,,,,135202,,,70,Suffolk,103,,,2,5602,,,,5380,1,New York,36,,,,0000003454,0000000000,Tract 1352.02,S,40830107,-73264692,,4368,14,1,132,0,117,2,0,0,6
G3601030135204,1990,NY,,,,,,,,,135204,,,70,Suffolk,103,,,2,5602,,,,5380,1,New York,36,,,,0000004685,0000000000,Tract 1352.04,S,40837765,-73250087,,4478,7,0,98,1,78,0,0,0,10
G3601030135205,1990,NY,,,,,,,,,135205,,,70,Suffolk,103,,,2,5602,,,,5380,1,New York,36,,,,0000006752,0000000000,Tract 1352.05,S,40818781,-73283086,,4980,26,3,109,5,100,0,0,3,15
G3601030135206,1990,NY,,,,,,,,,135206,,,70,Suffolk,103,,,2,5602,,,,5380,1,New York,36,,,,0000005887,0000000000,Tract 1352.06,S,40814648,-73251256,,1873,20,0,38,0,30,1,0,5,9
G3601030135301,1990,NY,,,,,,,,,135301,,,70,Suffolk,103,,,2,5602,,,,5380,1,New York,36,,,,0000005643,0000000369,Tract 1353.01,S,40830624,-73211171,,3278,4,1,52,3,66,1,1,1,22
G3601030135303,1990,NY,,,,,,,,,135303,,,70,Suffolk,103,,,2,5602,,,,5380,1,New York,36,,,,0000003137,0000000000,Tract 1353.03,S,40840533,-73190030,,3818,8,0,45,1,69,0,0,0,12
G3601030135304,1990,NY,,,,,,,,,135304,,,70,Suffolk,103,,,2,5602,,,,5380,1,New York,36,,,,0000002307,0000000019,Tract 1353.04,S,40834896,-73178998,,3135,22,0,43,1,79,1,1,0,5
G3601030135401,1990,NY,,,,,,,,,135401,,,70,Suffolk,103,,,2,5602,,,,5380,1,New York,36,,,,0000005248,0000000000,Tract 1354.01,S,40841704,-73161126,,4538,21,0,76,1,114,0,0,5,3
G3601030135402,1990,NY,,,,,,,,,135402,,,70,Suffolk,103,,,2,5602,,,,5380,1,New York,36,,,,0000004663,0000000009,Tract 1354.02,S,40850589,-73143310,,5602,42,5,123,0,152,0,0,0,30
G3601030135403,1990,NY,,,,,,,,,135403,,,70,Suffolk,103,,,2,5602,,,,5380,1,New York,36,,,,0000003272,0000000008,Tract 1354.03,S,40837240,-73133690,,4072,23,4,85,0,136,0,1,1,10
G36010301455,1990,NY,,,,,,,,,1455,,,70,Suffolk,103,,,2,5602,,,,5380,1,New York,36,,,,0000003197,0000000000,Tract 1455,S,40792400,-73283215,,1724,419,8,9,0,89,0,2,0,27
G3601030145601,1990,NY,,,,,,,,,145601,,,70,Suffolk,103,,,2,5602,,,,5380,1,New York,36,,,,0000003144,0000000000,Tract 1456.01,S,40801237,-73266369,,3452,174,2,96,9,555,32,6,7,166
G3601030145602,1990,NY,,,,,,,,,145602,,,70,Suffolk,103,,,2,5602,,,,5380,1,New York,36,,,,0000001472,0000000000,Tract 1456.02,S,40793400,-73255418,,3296,282,4,116,5,604,49,1,5,321
G3601030145603,1990,NY,,,,,,,,,145603,,,70,Suffolk,103,,,2,5602,,,,5380,1,New York,36,,,,0000004475,0000000000,Tract 1456.03,S,40781494,-73276210,,487,1012,29,37,34,2157,407,8,12,1027
G3601030145604,1990,NY,,,,,,,,,145604,,,70,Suffolk,103,,,2,5602,,,,5380,1,New York,36,,,,0000001592,0000000000,Tract 1456.04,S,40784584,-73254699,,1548,357,6,114,2,647,83,0,7,557
G3601030145605,1990,NY,,,,,,,,,145605,,,70,Suffolk,103,,,2,5602,,,,5380,1,New York,36,,,,0000001828,0000000000,Tract 1456.05,S,40792424,-73244930,,1822,179,0,92,2,378,42,0,15,182
G3601030145701,1990,NY,,,,,,,,,145701,,,70,Suffolk,103,,,2,5602,,,,5380,1,New York,36,,,,0000006926,0000000000,Tract 1457.01,S,40811600,-73214703,,4665,125,1,109,5,207,4,0,3,31
G3601030145702,1990,NY,,,,,,,,,145702,,,70,Suffolk,103,,,2,5602,,,,5380,1,New York,36,,,,0000002905,0000000000,Tract 1457.02,S,40790928,-73233253,,2338,505,6,85,4,1135,79,1,1,361
G3601030145703,1990,NY,,,,,,,,,145703,,,70,Suffolk,103,,,2,5602,,,,5380,1,New York,36,,,,0000002546,0000000000,Tract 1457.03,S,40794472,-73217482,,2467,565,9,72,11,752,54,0,3,463
G3601030145704,1990,NY,,,,,,,,,145704,,,70,Suffolk,103,,,2,5602,,,,5380,1,New York,36,,,,0000003044,0000000000,Tract 1457.04,S,40799375,-73195162,,3949,790,20,118,7,756,75,2,12,576
G3601030145803,1990,NY,,,,,,,,,145803,,,70,Suffolk,103,,,2,5602,,,,5380,1,New York,36,,,,0000006195,0000000000,Tract 1458.03,S,40820040,-73173581,,4059,73,6,99,11,150,7,0,3,23
G3601030145804,1990,NY,,,,,,,,,145804,,,70,Suffolk,103,,,2,5602,,,,5380,1,New York,36,,,,0000005643,0000000000,Tract 1458.04,S,40806325,-73170500,,2265,146,0,67,3,197,27,5,3,96
G3601030145805,1990,NY,,,,,,,,,145805,,,70,Suffolk,103,,,2,5602,,,,5380,1,New York,36,,,,0000002724,0000000915,Tract 1458.05,S,40823887,-73133322,,5489,32,5,80,2,182,7,2,0,47
G3601030145806,1990,NY,,,,,,,,,145806,,,70,Suffolk,103,,,2,5602,,,,5380,1,New York,36,,,,0000004484,0000000000,Tract 1458.06,S,40810320,-73137087,,7718,16,7,83,10,324,6,5,0,98
G3601030145901,1990,NY,,,,,,,,,145901,,,70,Suffolk,103,,,2,5602,,,,5380,1,New York,36,,,,0000003674,0000000000,Tract 1459.01,S,40756360,-73288071,,2419,270,4,56,2,316,36,3,0,172
G3601030145902,1990,NY,,,,,,,,,145902,,,70,Suffolk,103,,,2,5602,,,,5380,1,New York,36,,,,0000004598,0000000000,Tract 1459.02,S,40762312,-73271301,,3185,855,17,58,16,1393,110,5,4,575
G3601030145903,1990,NY,,,,,,,,,145903,,,70,Suffolk,103,,,2,5602,,,,5380,1,New York,36,,,,0000002645,0000000000,Tract 1459.03,S,40738272,-73272859,,4762,66,6,32,8,308,26,0,3,65
G3601030146001,1990,NY,,,,,,,,,146001,,,70,Suffolk,103,,,2,5602,,,,5380,1,New York,36,,,,0000002278,0000000000,Tract 1460.01,S,40769888,-73252430,,1059,421,6,32,12,1363,134,26,11,585
G3601030146002,1990,NY,,,,,,,,,146002,,,70,Suffolk,103,,,2,5602,,,,5380,1,New York,36,,,,0000002220,0000000000,Tract 1460.02,S,40754762,-73254042,,1452,685,1,41,29,950,100,5,17,1199
G3601030146003,1990,NY,,,,,,,,,146003,,,70,Suffolk,103,,,2,5602,,,,5380,1,New York,36,,,,0000003134,0000000000,Tract 1460.03,S,40740577,-73251112,,2883,1329,16,99,2,427,84,0,6,229
G3601030146102,1990,NY,,,,,,,,,146102,,,70,Suffolk,103,,,2,5602,,,,5380,1,New York,36,,,,0000000894,0000000000,Tract 1461.02,S,40756008,-73239472,,1545,104,2,36,4,251,33,0,3,124
G3601030146103,1990,NY,,,,,,,,,146103,,,70,Suffolk,103,,,2,5602,,,,5380,1,New York,36,,,,0000003150,0000000000,Tract 1461.03,S,40744544,-73232158,,4552,220,6,74,3,312,28,2,8,218
G3601030146104,1990,NY,,,,,,,,,146104,,,70,Suffolk,103,,,2,5602,,,,5380,1,New York,36,,,,0000002343,0000000000,Tract 1461.04,S,40766432,-73238863,,1870,391,18,31,5,383,29,3,6,363
G3601030146105,1990,NY,,,,,,,,,146105,,,70,Suffolk,103,,,2,5602,,,,5380,1,New York,36,,,,0000002343,0000000000,Tract 1461.05,S,40771288,-73230919,,3013,466,12,84,23,741,87,0,5,552
G3601030146201,1990,NY,,,,,,,,,146201,,,70,Suffolk,103,,,2,5602,,,,5380,1,New York,36,,,,0000001427,0000000000,Tract 1462.01,S,40778512,-73221215,,1979,512,11,50,14,804,56,8,8,446
G3601030146202,1990,NY,,,,,,,,,146202,,,70,Suffolk,103,,,2,5602,,,,5380,1,New York,36,,,,0000001725,0000000000,Tract 1462.02,S,40775936,-73211734,,403,2291,18,20,21,288,136,7,2,519
G3601030146203,1990,NY,,,,,,,,,146203,,,70,Suffolk,103,,,2,5602,,,,5380,1,New York,36,,,,0000003197,0000000000,Tract 1462.03,S,40777947,-73201907,,1366,858,10,54,13,626,126,7,6,455
G3601030146204,1990,NY,,,,,,,,,146204,,,70,Suffolk,103,,,2,5602,,,,5380,1,New York,36,,,,0000002256,0000000000,Tract 1462.04,S,40763472,-73217643,,2663,675,10,65,9,721,105,14,5,392
G3601030146205,1990,NY,,,,,,,,,146205,,,70,Suffolk,103,,,2,5602,,,,5380,1,New York,36,,,,0000001844,0000000000,Tract 1462.05,S,40748640,-73216732,,2076,22,4,14,0,63,8,0,0,12
G3601030146206,1990,NY,,,,,,,,,146206,,,70,Suffolk,103,,,2,5602,,,,5380,1,New York,36,,,,0000001611,0000000000,Tract 1462.06,S,40751512,-73204778,,1773,127,2,15,0,150,25,7,4,54
G36010301463,1990,NY,,,,,,,,,1463,,,70,Suffolk,103,,,2,5602,,,,5380,1,New York,36,,,,0000002254,0000000000,Tract 1463,S,40767216,-73194386,,1108,333,12,128,8,61,28,0,2,67
G3601030146402,1990,NY,,,,,,,,,146402,,,70,Suffolk,103,,,2,5602,,,,5380,1,New York,36,,,,0000005916,0000000065,Tract 1464.02,S,40756272,-73170087,,3697,15,7,28,2,166,2,1,9,37
G3601030146403,1990,NY,,,,,,,,,146403,,,70,Suffolk,103,,,2,5602,,,,5380,1,New York,36,,,,0000001294,0000000000,Tract 1464.03,S,40783488,-73186541,,2134,880,18,64,11,796,116,12,17,453
G3601030146404,1990,NY,,,,,,,,,146404,,,70,Suffolk,103,,,2,5602,,,,5380,1,New York,36,,,,0000004750,0000000000,Tract 1464.04,S,40777573,-73174664,,2169,481,5,73,19,527,71,0,4,225
G36010301465,1990,NY,,,,,,,,,1465,,,70,Suffolk,103,,,2,5602,,,,5380,1,New York,36,,,,0000003662,0000000000,Tract 1465,S,40748640,-73186858,,5224,21,2,46,1,170,2,1,0,63
G3601030146604,1990,NY,,,,,,,,,146604,,,70,Suffolk,103,,,2,5602,,,,5380,1,New York,36,,,,0000005543,0000000000,Tract 1466.04,S,40794592,-73142448,,4566,43,0,118,2,220,0,0,0,64
G3601030146605,1990,NY,,,,,,,,,146605,,,70,Suffolk,103,,,2,5602,,,,5380,1,New York,36,,,,0000008479,0000000000,Tract 1466.05,S,40791221,-73100141,,1141,18,1,32,1,78,1,0,0,5
G3601030146606,1990,NY,,,,,,,,,146606,,,70,Suffolk,103,,,2,5602,,,,5380,1,New York,36,,,,0000018335,0000000083,Tract 1466.06,S,40775563,-73134075,,7268,33,1,43,4,185,3,0,0,29
G3601030146607,1990,NY,,,,,,,,,146607,,,70,Suffolk,103,,,2,5602,,,,5380,1,New York,36,,,,0000004264,0000000000,Tract 1466.07,S,40772323,-73097410,,1850,7,1,83,0,43,3,0,0,3
G3601030146608,1990,NY,,,,,,,,,146608,,,70,Suffolk,103,,,2,5602,,,,5380,1,New York,36,,,,0000002077,0000000000,Tract 1466.08,S,40771216,-73075834,,1774,16,0,26,0,77,2,0,0,7
G3601030146611,1990,NY,,,,,,,,,146611,,,70,Suffolk,103,,,2,5602,,,,5380,1,New York,36,,,,0000002126,0000000000,Tract 1466.11,S,40800291,-73049431,,2280,16,2,15,1,93,1,1,0,33
G3601030146612,1990,NY,,,,,,,,,146612,,,70,Suffolk,103,,,2,5602,,,,5380,1,New York,36,,,,0000002469,0000000000,Tract 1466.12,S,40794760,-73080909,,4810,30,0,71,1,324,4,0,1,55
G3601030146613,1990,NY,,,,,,,,,146613,,,70,Suffolk,103,,,2,5602,,,,5380,1,New York,36,,,,0000002354,0000000000,Tract 1466.13,S,40792152,-73074657,,3428,11,3,82,0,133,3,0,0,32
G3601030146614,1990,NY,,,,,,,,,146614,,,70,Suffolk,103,,,2,5602,,,,5380,1,New York,36,,,,0000004538,0000000000,Tract 1466.14,S,40798464,-73062209,,4275,153,7,188,2,184,9,0,21,45
G3601030146615,1990,NY,,,,,,,,,146615,,,70,Suffolk,103,,,2,5602,,,,5380,1,New York,36,,,,0000003354,0000000000,Tract 1466.15,S,40778757,-73054216,,3932,73,5,185,4,166,18,0,5,48
G3601030146703,1990,NY,,,,,,,,,146703,,,70,Suffolk,103,,,2,5602,,,,5380,1,New York,36,,,,0000002143,0000000000,Tract 1467.03,S,40747872,-73297632,,3545,43,5,29,5,364,19,1,0,62
G3601030146704,1990,NY,,,,,,,,,146704,,,70,Suffolk,103,,,2,5602,,,,5380,1,New York,36,,,,0000001173,0000000029,Tract 1467.04,S,40735984,-73300459,,2105,2,0,14,0,45,0,0,0,15
G3601030146705,1990,NY,,,,,,,,,146705,,,70,Suffolk,103,,,2,5602,,,,5380,1,New York,36,,,,0000001724,0000000000,Tract 1467.05,S,40725944,-73306905,,3542,6,0,43,0,120,0,0,0,4
G3601030146706,1990,NY,,,,,,,,,146706,,,70,Suffolk,103,,,2,5602,,,,5380,1,New York,36,,,,0000001780,0000000000,Tract 1467.06,S,40730312,-73289607,,2655,3,0,25,0,87,2,0,2,39
G36010301468,1990,NY,,,,,,,,,1468,,,70,Suffolk,103,,,2,5602,,,,5380,1,New York,36,,,,0000003072,0000000000,Tract 1468,S,40715253,-73302702,,5758,4,1,56,0,174,2,2,0,33
G3601030146901,1990,NY,,,,,,,,,146901,,,70,Suffolk,103,,,2,5602,,,,5380,1,New York,36,,,,0000002922,0000000037,Tract 1469.01,S,40703120,-73300379,,5228,8,1,51,2,176,1,0,0,16
G3601030146902,1990,NY,,,,,,,,,146902,,,70,Suffolk,103,,,2,5602,,,,5380,1,New York,36,,,,0000003009,0000000961,Tract 1469.02,S,40689308,-73300382,,4115,7,0,61,0,80,0,0,0,4
G3601030147001,1990,NY,,,,,,,,,147001,,,70,Suffolk,103,,,2,5602,,,,5380,1,New York,36,,,,0000002322,0000000125,Tract 1470.01,S,40703792,-73284316,,3760,9,4,81,0,67,0,0,0,9
G3601030147002,1990,NY,,,,,,,,,147002,,,70,Suffolk,103,,,2,5602,,,,5380,1,New York,36,,,,0000015538,0000078060,Tract 1470.02,S,40665812,-73208366,,4933,15,10,77,0,164,0,0,0,27
G3601030147099,1990,NY,,,,,,,,,147099,,,70,Suffolk,103,,,2,5602,,,,5380,1,New York,36,,,,0000000000,0000000000,Tract 1470.99,S,40631341,-73229590,,10,0,0,0,0,0,0,0,0,0
G36010301471,1990,NY,,,,,,,,,1471,,,70,Suffolk,103,,,2,5602,,,,5380,1,New York,36,,,,0000002503,0000000166,Tract 1471,S,40718008,-73265895,,3117,30,2,31,0,79,1,0,2,3
G36010301472,1990,NY,,,,,,,,,1472,,,70,Suffolk,103,,,2,5602,,,,5380,1,New York,36,,,,0000002950,0000000610,Tract 1472,S,40717997,-73252930,,3996,306,14,75,0,428,29,1,2,195
G36010301473,1990,NY,,,,,,,,,1473,,,70,Suffolk,103,,,2,5602,,,,5380,1,New York,36,,,,0000004916,0000001496,Tract 1473,S,40720603,-73236326,,3816,1070,10,79,14,489,69,0,2,333
G3601030147401,1990,NY,,,,,,,,,147401,,,70,Suffolk,103,,,2,5602,,,,5380,1,New York,36,,,,0000003195,0000000059,Tract 1474.01,S,40733008,-73214351,,4814,161,16,88,5,233,15,0,5,115
G3601030147402,1990,NY,,,,,,,,,147402,,,70,Suffolk,103,,,2,5602,,,,5380,1,New York,36,,,,0000004181,0000000861,Tract 1474.02,S,40714336,-73217022,,3564,7,1,31,0,63,0,0,6,21
G3601030147501,1990,NY,,,,,,,,,147501,,,70,Suffolk,103,,,2,5602,,,,5380,1,New York,36,,,,0000006403,0000000459,Tract 1475.01,S,40727208,-73193691,,7146,35,5,125,4,202,7,4,1,74
G3601030147502,1990,NY,,,,,,,,,147502,,,70,Suffolk,103,,,2,5602,,,,5380,1,New York,36,,,,0000002258,0000000000,Tract 1475.02,S,40727024,-73176798,,4113,6,2,43,0,97,0,0,2,8
G3601030147503,1990,NY,,,,,,,,,147503,,,70,Suffolk,103,,,2,5602,,,,5380,1,New York,36,,,,0000014193,0000003087,Tract 1475.03,S,40712016,-73164951,,3733,1,3,51,0,94,1,0,1,9
G3601030147601,1990,NY,,,,,,,,,147601,,,70,Suffolk,103,,,2,5602,,,,5380,1,New York,36,,,,0000002849,0000000612,Tract 1476.01,S,40733211,-73147950,,2562,58,3,32,0,53,0,0,2,11
G3601030147602,1990,NY,,,,,,,,,147602,,,70,Suffolk,103,,,2,5602,,,,5380,1,New York,36,,,,0000005753,0000000525,Tract 1476.02,S,40735913,-73130050,,4994,8,0,45,0,95,5,0,0,7
G3601030147701,1990,NY,,,,,,,,,147701,,,70,Suffolk,103,,,2,5602,,,,5380,1,New York,36,,,,0000003610,0000000000,Tract 1477.01,S,40749328,-73102546,,3198,17,7,44,0,83,0,0,0,9
G3601030147702,1990,NY,,,,,,,,,147702,,,70,Suffolk,103,,,2,5602,,,,5380,1,New York,36,,,,0000004806,0000000017,Tract 1477.02,S,40728216,-73105707,,4519,25,9,29,4,82,0,0,2,10
G3601030147802,1990,NY,,,,,,,,,147802,,,70,Suffolk,103,,,2,5602,,,,5380,1,New York,36,,,,0000003529,0000000063,Tract 1478.02,S,40731824,-73083602,,4054,24,11,24,0,92,5,0,2,6
G3601030147803,1990,NY,,,,,,,,,147803,,,70,Suffolk,103,,,2,5602,,,,5380,1,New York,36,,,,0000002102,0000000000,Tract 1478.03,S,40754888,-73088584,,2486,14,5,76,0,75,0,2,0,3
G3601030147804,1990,NY,,,,,,,,,147804,,,70,Suffolk,103,,,2,5602,,,,5380,1,New York,36,,,,0000003503,0000000018,Tract 1478.04,S,40753512,-73075710,,5089,25,1,72,3,69,3,5,1,2
G3601030147901,1990,NY,,,,,,,,,147901,,,70,Suffolk,103,,,2,5602,,,,5380,1,New York,36,,,,0000005969,0000000167,Tract 1479.01,S,40758480,-73056162,,4146,64,3,56,0,103,3,0,5,74
G3601030147902,1990,NY,,,,,,,,,147902,,,70,Suffolk,103,,,2,5602,,,,5380,1,New York,36,,,,0000005217,0000000142,Tract 1479.02,S,40733915,-73057740,,4167,17,0,50,0,53,0,0,0,4
G3601030158001,1990,NY,,,,,,,,,158001,,,70,Suffolk,103,,,2,5602,,,,5380,1,New York,36,,,,0000012104,0000011579,Tract 1580.01,S,40957630,-73122072,,3903,22,3,140,3,65,5,0,3,3
G3601030158002,1990,NY,,,,,,,,,158002,,,70,Suffolk,103,,,2,5602,,,,5380,1,New York,36,,,,0000008282,0000001110,Tract 1580.02,S,40932720,-73135814,,5840,141,10,195,8,102,0,0,3,6
G3601030158005,1990,NY,,,,,,,,,158005,,,70,Suffolk,103,,,2,5602,,,,5380,1,New York,36,,,,0000011333,0000000000,Tract 1580.05,S,40916160,-73098980,,6562,71,12,304,9,161,4,1,2,30
G3601030158006,1990,NY,,,,,,,,,158006,,,70,Suffolk,103,,,2,5602,,,,5380,1,New York,36,,,,0000006724,0000000000,Tract 1580.06,S,40888808,-73126704,,6586,107,6,354,0,148,8,8,0,21
G3601030158007,1990,NY,,,,,,,,,158007,,,70,Suffolk,103,,,2,5602,,,,5380,1,New York,36,,,,0000004421,0000000000,Tract 1580.07,S,40907360,-73121186,,3249,754,13,1764,26,188,36,2,22,185
G3601030158009,1990,NY,,,,,,,,,158009,,,70,Suffolk,103,,,2,5602,,,,5380,1,New York,36,,,,0000002497,0000000000,Tract 1580.09,S,40895643,-73105717,,2236,19,2,103,2,55,0,0,0,13
G3601030158102,1990,NY,,,,,,,,,158102,,,70,Suffolk,103,,,2,5602,,,,5380,1,New York,36,,,,0000002753,0000000000,Tract 1581.02,S,40890808,-73045781,,3774,88,3,110,1,167,13,0,1,58
G3601030158103,1990,NY,,,,,,,,,158103,,,70,Suffolk,103,,,2,5602,,,,5380,1,New York,36,,,,0000003787,0000000000,Tract 1581.03,S,40866368,-73097916,,3082,219,5,101,2,195,12,0,1,49
G3601030158104,1990,NY,,,,,,,,,158104,,,70,Suffolk,103,,,2,5602,,,,5380,1,New York,36,,,,0000003451,0000000000,Tract 1581.04,S,40872077,-73081149,,5083,50,3,54,1,187,4,0,0,39
G3601030158107,1990,NY,,,,,,,,,158107,,,70,Suffolk,103,,,2,5602,,,,5380,1,New York,36,,,,0000003500,0000000000,Tract 1581.07,S,40869824,-73117040,,2689,32,7,84,0,133,5,0,0,14
G3601030158108,1990,NY,,,,,,,,,158108,,,70,Suffolk,103,,,2,5602,,,,5380,1,New York,36,,,,0000002738,0000000000,Tract 1581.08,S,40886840,-73090296,,1865,50,1,99,1,71,6,0,1,27
G3601030158110,1990,NY,,,,,,,,,158110,,,70,Suffolk,103,,,2,5602,,,,5380,1,New York,36,,,,0000001635,0000000000,Tract 1581.10,S,40871096,-73068675,,1750,26,1,30,0,80,0,0,0,14
G3601030158111,1990,NY,,,,,,,,,158111,,,70,Suffolk,103,,,2,5602,,,,5380,1,New York,36,,,,0000002226,0000000000,Tract 1581.11,S,40872008,-73058193,,4716,58,7,60,0,188,20,3,6,42
G3601030158112,1990,NY,,,,,,,,,158112,,,70,Suffolk,103,,,2,5602,,,,5380,1,New York,36,,,,0000002460,0000000000,Tract 1581.12,S,40874648,-73040308,,3713,30,0,26,0,174,2,0,1,21
G3601030158114,1990,NY,,,,,,,,,158114,,,70,Suffolk,103,,,2,5602,,,,5380,1,New York,36,,,,0000002118,0000000000,Tract 1581.14,S,40900432,-73062492,,2978,29,3,40,1,145,0,1,0,21
G3601030158115,1990,NY,,,,,,,,,158115,,,70,Suffolk,103,,,2,5602,,,,5380,1,New York,36,,,,0000003719,0000000000,Tract 1581.15,S,40888912,-73066957,,6407,111,1,171,3,292,2,3,12,28
G3601030158197,1990,NY,,,,,,,,,158197,,,70,Suffolk,103,,,2,5602,,,,5380,1,New York,36,,,,0000001965,0000000000,Tract 1581.97,S,40869544,-73023568,,1347,68,1,44,0,83,6,0,0,19
G3601030158198,1990,NY,,,,,,,,,158198,,,70,Suffolk,103,,,2,5602,,,,5380,1,New York,36,,,,0000000794,0000000000,Tract 1581.98,S,40874619,-73013944,,976,41,4,37,0,56,7,0,0,16
G3601030158202,1990,NY,,,,,,,,,158202,,,70,Suffolk,103,,,2,5602,,,,5380,1,New York,36,,,,0000006840,0000000000,Tract 1582.02,S,40923477,-73067740,,6530,113,3,155,10,305,39,2,1,74
G3601030158203,1990,NY,,,,,,,,,158203,,,70,Suffolk,103,,,2,5602,,,,5380,1,New York,36,,,,0000002225,0000000000,Tract 1582.03,S,40941109,-73089087,,1506,6,1,63,0,22,0,0,0,7
G3601030158204,1990,NY,,,,,,,,,158204,,,70,Suffolk,103,,,2,5602,,,,5380,1,New York,36,,,,0000010652,0000005494,Tract 1582.04,S,40956328,-73065964,,7569,107,6,268,3,240,13,1,2,58
G3601030158205,1990,NY,,,,,,,,,158205,,,70,Suffolk,103,,,2,5602,,,,5380,1,New York,36,,,,0000003760,0000000351,Tract 1582.05,S,40941445,-73030901,,1698,14,0,46,0,48,0,0,0,5
G3601030158304,1990,NY,,,,,,,,,158304,,,70,Suffolk,103,,,2,5602,,,,5380,1,New York,36,,,,0000009172,0000006363,Tract 1583.04,S,40960944,-73011573,,5892,24,0,60,5,115,0,0,2,9
G3601030158305,1990,NY,,,,,,,,,158305,,,70,Suffolk,103,,,2,5602,,,,5380,1,New York,36,,,,0000006880,0000002155,Tract 1583.05,S,40959184,-72968249,,8629,47,15,97,1,279,10,0,3,21
G3601030158306,1990,NY,,,,,,,,,158306,,,70,Suffolk,103,,,2,5602,,,,5380,1,New York,36,,,,0000008051,0000000000,Tract 1583.06,S,40927360,-73010340,,4598,70,4,47,0,146,9,0,2,26
G3601030158308,1990,NY,,,,,,,,,158308,,,70,Suffolk,103,,,2,5602,,,,5380,1,New York,36,,,,0000006208,0000000000,Tract 1583.08,S,40911800,-73046485,,6323,131,19,148,0,353,11,0,4,68
G3601030158309,1990,NY,,,,,,,,,158309,,,70,Suffolk,103,,,2,5602,,,,5380,1,New York,36,,,,0000004672,0000000000,Tract 1583.09,S,40886595,-72984426,,3245,112,10,97,2,167,2,0,1,18
G3601030158310,1990,NY,,,,,,,,,158310,,,70,Suffolk,103,,,2,5602,,,,5380,1,New York,36,,,,0000007671,0000000048,Tract 1583.10,S,40891848,-72953737,,2330,29,1,9,0,52,0,0,0,9
G3601030158311,1990,NY,,,,,,,,,158311,,,70,Suffolk,103,,,2,5602,,,,5380,1,New York,36,,,,0000011351,0000000000,Tract 1583.11,S,40928886,-72986567,,4318,40,2,49,0,117,7,0,0,26
G3601030158313,1990,NY,,,,,,,,,158313,,,70,Suffolk,103,,,2,5602,,,,5380,1,New York,36,,,,0000007627,0000000000,Tract 1583.13,S,40901736,-73021589,,7339,372,23,181,5,310,18,0,6,77
G3601030158315,1990,NY,,,,,,,,,158315,,,70,Suffolk,103,,,2,5602,,,,5380,1,New York,36,,,,0000003558,0000000000,Tract 1583.15,S,40901056,-72998555,,3968,245,7,125,5,286,13,0,2,60
G3601030158316,1990,NY,,,,,,,,,158316,,,70,Suffolk,103,,,2,5602,,,,5380,1,New York,36,,,,0000005673,0000000000,Tract 1583.16,S,40883951,-73011611,,3697,223,5,86,4,249,8,0,1,76
G3601030158401,1990,NY,,,,,,,,,158401,,,70,Suffolk,103,,,2,5602,,,,5380,1,New York,36,,,,0000026794,0000003342,Tract 1584.01,S,40947029,-72936471,,8175,28,10,71,3,270,7,0,2,30
G3601030158402,1990,NY,,,,,,,,,158402,,,70,Suffolk,103,,,2,5602,,,,5380,1,New York,36,,,,0000009856,0000004555,Tract 1584.02,S,40957237,-72884451,,4319,22,1,83,0,56,0,0,0,10
G3601030158403,1990,NY,,,,,,,,,158403,,,70,Suffolk,103,,,2,5602,,,,5380,1,New York,36,,,,0000005691,0000000000,Tract 1584.03,S,40897024,-72929350,,1648,59,8,28,0,71,0,0,0,36
G3601030158405,1990,NY,,,,,,,,,158405,,,70,Suffolk,103,,,2,5602,,,,5380,1,New York,36,,,,0000018603,0000000226,Tract 1584.05,S,40929232,-72861249,,3368,66,3,21,3,92,1,0,0,19
G3601030158406,1990,NY,,,,,,,,,158406,,,70,Suffolk,103,,,2,5602,,,,5380,1,New York,36,,,,0000009987,0000000000,Tract 1584.06,S,40906693,-72904010,,6112,99,8,29,1,108,0,0,0,19
G3601030158502,1990,NY,,,,,,,,,158502,,,70,Suffolk,103,,,2,5602,,,,5380,1,New York,36,,,,0000003092,0000000000,Tract 1585.02,S,40830512,-73101427,,2892,25,0,29,0,92,2,0,1,4
G3601030158505,1990,NY,,,,,,,,,158505,,,70,Suffolk,103,,,2,5602,,,,5380,1,New York,36,,,,0000002932,0000000004,Tract 1585.05,S,40853049,-73117029,,3881,67,7,66,1,133,3,0,4,10
G3601030158506,1990,NY,,,,,,,,,158506,,,70,Suffolk,103,,,2,5602,,,,5380,1,New York,36,,,,0000001300,0000000000,Tract 1585.06,S,40842624,-73118399,,2440,4,7,16,0,68,0,0,0,14
G3601030158507,1990,NY,,,,,,,,,158507,,,70,Suffolk,103,,,2,5602,,,,5380,1,New York,36,,,,0000003665,0000000000,Tract 1585.07,S,40853736,-73060139,,3166,58,0,54,1,123,8,0,0,15
G3601030158508,1990,NY,,,,,,,,,158508,,,70,Suffolk,103,,,2,5602,,,,5380,1,New York,36,,,,0000004720,0000000000,Tract 1585.08,S,40842872,-73060749,,5606,48,1,111,1,234,2,2,2,23
G3601030158509,1990,NY,,,,,,,,,158509,,,70,Suffolk,103,,,2,5602,,,,5380,1,New York,36,,,,0000002162,0000000000,Tract 1585.09,S,40859488,-73038092,,4285,31,0,60,7,202,8,0,4,35
G3601030158510,1990,NY,,,,,,,,,158510,,,70,Suffolk,103,,,2,5602,,,,5380,1,New York,36,,,,0000004538,0000000000,Tract 1585.10,S,40841792,-73029650,,5389,58,2,65,1,348,15,0,0,25
G3601030158511,1990,NY,,,,,,,,,158511,,,70,Suffolk,103,,,2,5602,,,,5380,1,New York,36,,,,0000004095,0000000000,Tract 1585.11,S,40850560,-73088988,,5515,29,8,69,1,198,0,0,0,30
G3601030158512,1990,NY,,,,,,,,,158512,,,70,Suffolk,103,,,2,5602,,,,5380,1,New York,36,,,,0000001896,0000000000,Tract 1585.12,S,40845313,-73100012,,3114,10,7,55,0,76,5,0,0,18
G3601030158601,1990,NY,,,,,,,,,158601,,,70,Suffolk,103,,,2,5602,,,,5380,1,New York,36,,,,0000004444,0000000000,Tract 1586.01,S,40817528,-73107039,,7684,81,13,105,4,301,2,0,13,58
G3601030158604,1990,NY,,,,,,,,,158604,,,70,Suffolk,103,,,2,5602,,,,5380,1,New York,36,,,,0000002874,0000000000,Tract 1586.04,S,40820896,-73087055,,4729,21,1,68,0,224,0,0,2,18
G3601030158605,1990,NY,,,,,,,,,158605,,,70,Suffolk,103,,,2,5602,,,,5380,1,New York,36,,,,0000004422,0000000000,Tract 1586.05,S,40823592,-73071793,,4551,25,5,104,3,185,9,1,5,24
G3601030158606,1990,NY,,,,,,,,,158606,,,70,Suffolk,103,,,2,5602,,,,5380,1,New York,36,,,,0000004400,0000000000,Tract 1586.06,S,40827608,-73045582,,4396,17,10,50,2,316,0,0,12,31
G3601030158607,1990,NY,,,,,,,,,158607,,,70,Suffolk,103,,,2,5602,,,,5380,1,New York,36,,,,0000002836,0000000000,Tract 1586.07,S,40818136,-73039951,,2697,22,0,22,0,135,0,0,0,13
G3601030158704,1990,NY,,,,,,,,,158704,,,70,Suffolk,103,,,2,5602,,,,5380,1,New York,36,,,,0000011422,0000000000,Tract 1587.04,S,40861208,-73000224,,4587,1217,36,78,10,259,90,5,6,73
G3601030158705,1990,NY,,,,,,,,,158705,,,70,Suffolk,103,,,2,5602,,,,5380,1,New York,36,,,,0000004385,0000000040,Tract 1587.05,S,40863697,-72969066,,459,1535,26,11,0,42,51,2,0,74
G3601030158707,1990,NY,,,,,,,,,158707,,,70,Suffolk,103,,,2,5602,,,,5380,1,New York,36,,,,0000008892,0000000111,Tract 1587.07,S,40835171,-72937539,,1457,58,5,2,0,24,1,0,0,4
G3601030158708,1990,NY,,,,,,,,,158708,,,70,Suffolk,103,,,2,5602,,,,5380,1,New York,36,,,,0000008010,0000000123,Tract 1587.08,S,40872732,-72938838,,3108,163,7,55,1,179,9,0,0,46
G3601030158709,1990,NY,,,,,,,,,158709,,,70,Suffolk,103,,,2,5602,,,,5380,1,New York,36,,,,0000013012,0000000114,Tract 1587.09,S,40851776,-72924142,,1956,19,0,18,1,50,1,0,1,0
G3601030158710,1990,NY,,,,,,,,,158710,,,70,Suffolk,103,,,2,5602,,,,5380,1,New York,36,,,,0000034082,0000000050,Tract 1587.10,S,40874955,-72878314,,3120,149,4,151,3,127,9,0,5,14
G3601030158711,1990,NY,,,,,,,,,158711,,,70,Suffolk,103,,,2,5602,,,,5380,1,New York,36,,,,0000007325,0000000000,Tract 1587.11,S,40838411,-72989867,,3262,264,6,27,0,187,7,0,4,19
G3601030158712,1990,NY,,,,,,,,,158712,,,70,Suffolk,103,,,2,5602,,,,5380,1,New York,36,,,,0000008947,0000000000,Tract 1587.12,S,40828968,-72988329,,5665,332,22,95,4,417,42,2,6,152
G3601030158802,1990,NY,,,,,,,,,158802,,,70,Suffolk,103,,,2,5602,,,,5380,1,New York,36,,,,0000004612,0000000016,Tract 1588.02,S,40750276,-73035027,,4097,12,1,14,6,78,7,0,0,15
G3601030158803,1990,NY,,,,,,,,,158803,,,70,Suffolk,103,,,2,5602,,,,5380,1,New York,36,,,,0000006674,0000000000,Tract 1588.03,S,40802845,-73028020,,2566,41,5,10,1,156,6,0,0,19
G3601030158804,1990,NY,,,,,,,,,158804,,,70,Suffolk,103,,,2,5602,,,,5380,1,New York,36,,,,0000005510,0000000128,Tract 1588.04,S,40784384,-73024449,,6852,40,12,46,1,312,3,3,4,65
G36010301589,1990,NY,,,,,,,,,1589,,,70,Suffolk,103,,,2,5602,,,,5380,1,New York,36,,,,0000003518,0000000259,Tract 1589,S,40766944,-73022104,,5033,196,32,63,12,553,21,1,3,382
G36010301590,1990,NY,,,,,,,,,1590,,,70,Suffolk,103,,,2,5602,,,,5380,1,New York,36,,,,0000002333,0000000442,Tract 1590,S,40754240,-73012888,,3936,127,7,49,9,357,9,0,1,212
G3601030159102,1990,NY,,,,,,,,,159102,,,70,Suffolk,103,,,2,5602,,,,5380,1,New York,36,,,,0000006217,0000000044,Tract 1591.02,S,40775168,-72985440,,5131,101,4,44,2,223,2,8,0,90
G3601030159103,1990,NY,,,,,,,,,159103,,,70,Suffolk,103,,,2,5602,,,,5380,1,New York,36,,,,0000009366,0000000000,Tract 1591.03,S,40783984,-72935838,,1497,2260,68,38,14,495,92,22,0,286
G3601030159105,1990,NY,,,,,,,,,159105,,,70,Suffolk,103,,,2,5602,,,,5380,1,New York,36,,,,0000005759,0000000000,Tract 1591.05,S,40792635,-72987869,,6330,209,7,185,14,346,15,6,5,93
G3601030159106,1990,NY,,,,,,,,,159106,,,70,Suffolk,103,,,2,5602,,,,5380,1,New York,36,,,,0000019779,0000000071,Tract 1591.06,S,40802264,-72929918,,2732,413,7,103,9,371,61,1,3,73
G3601030159107,1990,NY,,,,,,,,,159107,,,70,Suffolk,103,,,2,5602,,,,5380,1,New York,36,,,,0000004208,0000000000,Tract 1591.07,S,40804960,-73002102,,3363,29,6,42,6,186,4,0,0,45
G3601030159108,1990,NY,,,,,,,,,159108,,,70,Suffolk,103,,,2,5602,,,,5380,1,New York,36,,,,0000007580,0000000000,Tract 1591.08,S,40809616,-72973265,,6118,170,12,101,4,495,15,1,3,161
G3601030159201,1990,NY,,,,,,,,,159201,,,70,Suffolk,103,,,2,5602,,,,5380,1,New York,36,,,,0000002960,0000000125,Tract 1592.01,S,40760328,-72993888,,2452,61,1,7,2,102,6,1,2,70
G3601030159203,1990,NY,,,,,,,,,159203,,,70,Suffolk,103,,,2,5602,,,,5380,1,New York,36,,,,0000006626,0000000234,Tract 1592.03,S,40754552,-72967289,,4580,30,2,31,2,107,0,0,0,17
G3601030159204,1990,NY,,,,,,,,,159204,,,70,Suffolk,103,,,2,5602,,,,5380,1,New York,36,,,,0000012061,0000000345,Tract 1592.04,S,40771280,-72917954,,3301,296,25,20,0,89,14,0,5,45
G36010301593,1990,NY,,,,,,,,,1593,,,70,Suffolk,103,,,2,5602,,,,5380,1,New York,36,,,,0000003775,0000000236,Tract 1593,S,40756936,-72942053,,2455,37,15,29,3,33,0,0,0,0
G3601030159404,1990,NY,,,,,,,,,159404,,,70,Suffolk,103,,,2,5602,,,,5380,1,New York,36,,,,0000006608,0000000135,Tract 1594.04,S,40808976,-72835245,,4927,178,11,55,2,382,23,1,5,92
G3601030159406,1990,NY,,,,,,,,,159406,,,70,Suffolk,103,,,2,5602,,,,5380,1,New York,36,,,,0000014141,0000000051,Tract 1594.06,S,40816032,-72776170,,1969,432,8,29,4,153,12,4,0,39
G3601030159407,1990,NY,,,,,,,,,159407,,,70,Suffolk,103,,,2,5602,,,,5380,1,New York,36,,,,0000004126,0000000000,Tract 1594.07,S,40833792,-72881056,,4449,78,11,22,1,338,3,5,10,65
G3601030159408,1990,NY,,,,,,,,,159408,,,70,Suffolk,103,,,2,5602,,,,5380,1,New York,36,,,,0000009019,0000000211,Tract 1594.08,S,40815792,-72874618,,4338,120,8,67,3,304,6,5,5,92
G3601030159409,1990,NY,,,,,,,,,159409,,,70,Suffolk,103,,,2,5602,,,,5380,1,New York,36,,,,0000029003,0000000000,Tract 1594.09,S,40841864,-72822278,,6297,131,3,61,7,233,10,0,0,40
G3601030159410,1990,NY,,,,,,,,,159410,,,70,Suffolk,103,,,2,5602,,,,5380,1,New York,36,,,,0000056639,0000000314,Tract 1594.10,S,40875992,-72758476,,2206,142,18,23,3,96,3,4,0,13
G3601030159504,1990,NY,,,,,,,,,159504,,,70,Suffolk,103,,,2,5602,,,,5380,1,New York,36,,,,0000005563,0000000833,Tract 1595.04,S,40790320,-72839213,,6490,195,161,42,3,439,26,4,0,163
G3601030159505,1990,NY,,,,,,,,,159505,,,70,Suffolk,103,,,2,5602,,,,5380,1,New York,36,,,,0000009998,0000000630,Tract 1595.05,S,40773304,-72881117,,6319,60,5,31,0,340,2,0,2,40
G3601030159506,1990,NY,,,,,,,,,159506,,,70,Suffolk,103,,,2,5602,,,,5380,1,New York,36,,,,0000005087,0000000000,Tract 1595.06,S,40776952,-72861962,,5460,133,5,86,6,437,11,0,1,68
G3601030159507,1990,NY,,,,,,,,,159507,,,70,Suffolk,103,,,2,5602,,,,5380,1,New York,36,,,,0000019571,0000188814,Tract 1595.07,S,40732427,-72961749,,3684,102,9,16,0,157,2,0,0,38
G3601030159508,1990,NY,,,,,,,,,159508,,,70,Suffolk,103,,,2,5602,,,,5380,1,New York,36,,,,0000007464,0000001841,Tract 1595.08,S,40765488,-72832556,,5884,86,11,21,1,285,11,1,2,73
G3601030159601,1990,NY,,,,,,,,,159601,,,70,Suffolk,103,,,2,5602,,,,5380,1,New York,36,,,,0000009036,0000001592,Tract 1596.01,S,40791408,-72798776,,4716,47,7,64,1,83,2,0,5,21
G3601030159602,1990,NY,,,,,,,,,159602,,,70,Suffolk,103,,,2,5602,,,,5380,1,New York,36,,,,0000009337,0000000512,Tract 1596.02,S,40802904,-72752269,,3398,60,6,69,0,79,5,0,3,14
G3601030169701,1990,NY,,,,,,,,,169701,,,70,Suffolk,103,,,2,5602,,,,5380,1,New York,36,,,,0000025399,0000007287,Tract 1697.01,S,40953995,-72822422,,5037,114,2,30,7,96,8,0,5,18
G3601030169702,1990,NY,,,,,,,,,169702,,,70,Suffolk,103,,,2,5602,,,,5380,1,New York,36,,,,0000079320,0000006846,Tract 1697.02,S,40931683,-72762195,,5109,433,10,46,6,116,9,0,0,41
G36010301698,1990,NY,,,,,,,,,1698,,,70,Suffolk,103,,,2,5602,,,,5380,1,New York,36,,,,0000006222,0000000291,Tract 1698,S,40925325,-72669990,,3376,1302,25,15,1,96,18,1,0,20
G36010301699,1990,NY,,,,,,,,,1699,,,70,Suffolk,103,,,2,5602,,,,5380,1,New York,36,,,,0000063562,0000021102,Tract 1699,S,40960808,-72624723,,5818,1026,15,34,3,143,7,1,3,20
G3601030170001,1990,NY,,,,,,,,,170001,,,70,Suffolk,103,,,2,5602,,,,5380,1,New York,36,,,,0000031100,0000043423,Tract 1700.01,S,40980807,-72528319,,4849,89,4,23,1,28,0,0,0,2
G3601030170002,1990,NY,,,,,,,,,170002,,,70,Suffolk,103,,,2,5602,,,,5380,1,New York,36,,,,0000037223,0000021741,Tract 1700.02,S,41012768,-72472771,,3876,98,5,26,2,74,15,2,0,3
G3601030170101,1990,NY,,,,,,,,,170101,,,70,Suffolk,103,,,2,5602,,,,5380,1,New York,36,,,,0000002492,0000000651,Tract 1701.01,S,41102661,-72367765,,1628,313,3,2,6,63,10,0,0,10
G3601030170201,1990,NY,,,,,,,,,170201,,,70,Suffolk,103,,,2,5602,,,,5380,1,New York,36,,,,0000027040,0000034210,Tract 1702.01,S,41055331,-72419053,,5030,47,2,17,0,70,3,6,0,17
G3601030170202,1990,NY,,,,,,,,,170202,,,70,Suffolk,103,,,2,5602,,,,5380,1,New York,36,,,,0000041253,0000271785,Tract 1702.02,S,41189337,-72183579,,3287,121,6,21,0,59,6,1,0,11
G36010301803,1990,NY,,,,,,,,,1803,,,70,Suffolk,103,,,2,5602,,,,5380,1,New York,36,,,,0000031424,0000038758,Tract 1803,S,41068011,-72316367,,2203,11,0,5,0,41,2,0,0,1
G3601030190401,1990,NY,,,,,,,,,190401,,,70,Suffolk,103,,,2,5602,,,,5380,1,New York,36,,,,0000068249,0000014051,Tract 1904.01,S,40894056,-72628501,,4136,1706,44,44,6,134,57,4,1,45
G3601030190402,1990,NY,,,,,,,,,190402,,,70,Suffolk,103,,,2,5602,,,,5380,1,New York,36,,,,0000046568,0000000076,Tract 1904.02,S,40851397,-72636551,,1360,120,1,7,0,39,0,0,0,25
G3601030190403,1990,NY,,,,,,,,,190403,,,70,Suffolk,103,,,2,5602,,,,5380,1,New York,36,,,,0000013477,0000001384,Tract 1904.03,S,40893027,-72531037,,1947,45,3,7,2,27,0,1,1,9
G3601030190501,1990,NY,,,,,,,,,190501,,,70,Suffolk,103,,,2,5602,,,,5380,1,New York,36,,,,0000018169,0000018169,Tract 1905.01,S,40798587,-72699655,,3527,68,9,21,2,62,1,6,1,9
G3601030190502,1990,NY,,,,,,,,,190502,,,70,Suffolk,103,,,2,5602,,,,5380,1,New York,36,,,,0000010809,0000007244,Tract 1905.02,S,40805485,-72641075,,1804,243,8,24,0,59,4,3,1,9
G3601030190601,1990,NY,,,,,,,,,190601,,,70,Suffolk,103,,,2,5602,,,,5380,1,New York,36,,,,0000019637,0000010586,Tract 1906.01,S,40832811,-72582250,,4511,104,11,27,0,59,1,0,4,15
G3601030190602,1990,NY,,,,,,,,,190602,,,70,Suffolk,103,,,2,5602,,,,5380,1,New York,36,,,,0000013858,0000022960,Tract 1906.02,S,40851739,-72514153,,5487,65,0,26,1,97,1,1,0,13
G3601030190704,1990,NY,,,,,,,,,190704,,,70,Suffolk,103,,,2,5602,,,,5380,1,New York,36,,,,0000052602,0000015588,Tract 1907.04,S,40926680,-72305532,,2518,497,9,15,0,58,2,0,2,21
G3601030190705,1990,NY,,,,,,,,,190705,,,70,Suffolk,103,,,2,5602,,,,5380,1,New York,36,,,,0000019400,0000038230,Tract 1907.05,S,40893909,-72469306,,2570,165,342,26,4,84,14,4,1,12
G3601030190706,1990,NY,,,,,,,,,190706,,,70,Suffolk,103,,,2,5602,,,,5380,1,New York,36,,,,0000031246,0000014259,Tract 1907.06,S,40928712,-72416896,,3091,225,15,19,0,78,6,3,0,13
G3601030190707,1990,NY,,,,,,,,,190707,,,70,Suffolk,103,,,2,5602,,,,5380,1,New York,36,,,,0000043243,0000038609,Tract 1907.07,S,40982640,-72364119,,3415,31,4,19,5,47,3,0,1,8
G3601030190708,1990,NY,,,,,,,,,190708,,,70,Suffolk,103,,,2,5602,,,,5380,1,New York,36,,,,0000009456,0000003158,Tract 1907.08,S,41017576,-72312867,,1938,13,5,4,0,20,0,0,0,9
G36010301908,1990,NY,,,,,,,,,1908,,,70,Suffolk,103,,,2,5602,,,,5380,1,New York,36,,,,0000016382,0000009145,Tract 1908,S,40870097,-72401435,,3136,647,18,46,7,99,17,0,0,10
G36010302009,1990,NY,,,,,,,,,2009,,,70,Suffolk,103,,,2,5602,,,,5380,1,New York,36,,,,0000077027,0000024748,Tract 2009,S,40986725,-72227400,,5698,331,22,60,2,128,6,0,0,60
G3601030201001,1990,NY,,,,,,,,,201001,,,70,Suffolk,103,,,2,5602,,,,5380,1,New York,36,,,,0000034064,0000042254,Tract 2010.01,S,41093995,-72118291,,4035,53,7,55,4,153,6,0,0,42
G3601030201003,1990,NY,,,,,,,,,201003,,,70,Suffolk,103,,,2,5602,,,,5380,1,New York,36,,,,0000033770,0000015360,Tract 2010.03,S,40986775,-72118601,,2088,249,0,10,2,80,11,3,0,26
G3601030201004,1990,NY,,,,,,,,,201004,,,70,Suffolk,103,,,2,5602,,,,5380,1,New York,36,,,,0000044985,0000052861,Tract 2010.04,S,41046312,-71949269,,2651,33,1,10,0,264,14,2,1,16
G3601030201099,1990,NY,,,,,,,,,201099,,,70,Suffolk,103,,,2,5602,,,,5380,1,New York,36,,,,0000000000,0000000000,Tract 2010.99,S,41072253,-71935298,,9,0,0,0,0,0,0,0,0,0
G36010509501,1990,NY,,,,,,,,,9501,,,99,Sullivan,105,,,2,9999,,,,9999,1,New York,36,,,,0000214785,0000008925,BNA 9501,S,41879460,-74603866,,2890,11,2,11,0,32,0,0,0,5
G36010509502,1990,NY,,,,,,,,,9502,,,99,Sullivan,105,,,2,9999,,,,9999,1,New York,36,,,,0000244221,0000002479,BNA 9502,S,41947605,-74799447,,3807,50,4,7,1,152,1,5,2,67
G36010509503,1990,NY,,,,,,,,,9503,,,99,Sullivan,105,,,2,9999,,,,9999,1,New York,36,,,,0000130369,0000002313,BNA 9503,S,41857948,-75028975,,1255,52,1,6,5,10,1,0,0,2
G36010509504,1990,NY,,,,,,,,,9504,,,99,Sullivan,105,,,2,9999,,,,9999,1,New York,36,,,,0000126068,0000000852,BNA 9504,S,41834879,-74925147,,2949,17,3,5,1,36,1,0,6,6
G36010509505,1990,NY,,,,,,,,,9505,,,99,Sullivan,105,,,2,9999,,,,9999,1,New York,36,,,,0000095889,0000001106,BNA 9505,S,41824054,-74736211,,2572,292,5,48,1,130,21,0,1,44
G36010509506,1990,NY,,,,,,,,,9506,,,99,Sullivan,105,,,2,9999,,,,9999,1,New York,36,,,,0000078828,0000001680,BNA 9506,S,41801517,-74824805,,1810,44,3,17,0,58,2,4,0,21
G36010509507,1990,NY,,,,,,,,,9507,,,99,Sullivan,105,,,2,9999,,,,9999,1,New York,36,,,,0000031479,0000000068,BNA 9507,S,41797169,-74777617,,3799,493,8,52,15,229,10,0,0,146
G36010509508,1990,NY,,,,,,,,,9508,,,99,Sullivan,105,,,2,9999,,,,9999,1,New York,36,,,,0000082982,0000001448,BNA 9508,S,41787047,-74623879,,3342,267,5,25,5,125,16,2,0,58
G36010509509,1990,NY,,,,,,,,,9509,,,99,Sullivan,105,,,2,9999,,,,9999,1,New York,36,,,,0000027090,0000000484,BNA 9509,S,41732873,-74661726,,1756,347,4,16,1,151,12,0,5,60
G36010509510,1990,NY,,,,,,,,,9510,,,99,Sullivan,105,,,2,9999,,,,9999,1,New York,36,,,,0000030897,0000000780,BNA 9510,S,41694491,-74603343,,1240,240,8,16,7,142,5,0,0,77
G36010509511,1990,NY,,,,,,,,,9511,,,99,Sullivan,105,,,2,9999,,,,9999,1,New York,36,,,,0000060103,0000000842,BNA 9511,S,41701666,-74552041,,1743,1003,6,15,3,446,75,0,0,222
G36010509512,1990,NY,,,,,,,,,9512,,,99,Sullivan,105,,,2,9999,,,,9999,1,New York,36,,,,0000077129,0000000121,BNA 9512,S,41589742,-74432946,,6146,114,11,30,3,166,7,0,0,52
G36010509513,1990,NY,,,,,,,,,9513,,,99,Sullivan,105,,,2,9999,,,,9999,1,New York,36,,,,0000172096,0000005906,BNA 9513,S,41588247,-74517910,,3036,67,10,29,0,87,24,0,0,10
G36010509514,1990,NY,,,,,,,,,9514,,,99,Sullivan,105,,,2,9999,,,,9999,1,New York,36,,,,0000038305,0000001529,BNA 9514,S,41641240,-74604911,,913,16,0,10,0,38,4,0,0,7
G36010509515,1990,NY,,,,,,,,,9515,,,99,Sullivan,105,,,2,9999,,,,9999,1,New York,36,,,,0000038980,0000001652,BNA 9515,S,41698878,-74687875,,1334,230,1,19,0,207,10,0,0,60
G36010509516,1990,NY,,,,,,,,,9516,,,99,Sullivan,105,,,2,9999,,,,9999,1,New York,36,,,,0000084970,0000002769,BNA 9516,S,41636618,-74735178,,2736,192,1,44,3,206,4,0,1,63
G36010509517,1990,NY,,,,,,,,,9517,,,99,Sullivan,105,,,2,9999,,,,9999,1,New York,36,,,,0000184533,0000006516,BNA 9517,S,41558266,-74681466,,1786,6,1,32,1,36,0,0,0,1
G36010509518,1990,NY,,,,,,,,,9518,,,99,Sullivan,105,,,2,9999,,,,9999,1,New York,36,,,,0000013235,0000000227,BNA 9518,S,41644917,-74680535,,3725,1578,19,97,6,490,73,9,3,363
G36010509519,1990,NY,,,,,,,,,9519,,,99,Sullivan,105,,,2,9999,,,,9999,1,New York,36,,,,0000069867,0000001435,BNA 9519,S,41712045,-74800222,,1365,139,1,3,4,113,4,0,3,14
G36010509520,1990,NY,,,,,,,,,9520,,,99,Sullivan,105,,,2,9999,,,,9999,1,New York,36,,,,0000151355,0000010544,BNA 9520,S,41677653,-74868586,,1937,30,11,6,0,42,2,0,1,18
G36010509521,1990,NY,,,,,,,,,9521,,,99,Sullivan,105,,,2,9999,,,,9999,1,New York,36,,,,0000089963,0000001528,BNA 9521,S,41758280,-75003421,,2239,263,7,19,4,38,21,1,0,41
G36010509522,1990,NY,,,,,,,,,9522,,,99,Sullivan,105,,,2,9999,,,,9999,1,New York,36,,,,0000094936,0000001892,BNA 9522,S,41678701,-74994350,,1284,14,1,7,3,4,0,0,0,5
G36010509523,1990,NY,,,,,,,,,9523,,,99,Sullivan,105,,,2,9999,,,,9999,1,New York,36,,,,0000122421,0000004008,BNA 9523,S,41585860,-74980899,,1178,49,3,5,0,16,14,0,0,6
G36010509524,1990,NY,,,,,,,,,9524,,,99,Sullivan,105,,,2,9999,,,,9999,1,New York,36,,,,0000129533,0000004343,BNA 9524,S,41534785,-74894809,,2004,58,4,1,1,37,5,0,0,37
G36010509525,1990,NY,,,,,,,,,9525,,,99,Sullivan,105,,,2,9999,,,,9999,1,New York,36,,,,0000121752,0000006812,BNA 9525,S,41492018,-74812630,,1397,0,0,5,7,14,0,0,0,2
G3601070020198,1990,NY,,,,,,,,,020198,,,99,Tioga,107,,,2,0960,,,,9999,1,New York,36,,,,0000307298,0000000288,Tract 201.98,S,42294675,-76183527,,6593,5,10,9,0,20,0,0,0,8
G36010700202,1990,NY,,,,,,,,,0202,,,99,Tioga,107,,,2,0960,,,,9999,1,New York,36,,,,0000244843,0000000165,Tract 202,S,42231185,-76332778,,5215,35,4,10,0,38,2,0,3,3
G36010700203,1990,NY,,,,,,,,,0203,,,99,Tioga,107,,,2,0960,,,,9999,1,New York,36,,,,0000129946,0000001814,Tract 203,S,42129955,-76182788,,7276,55,9,109,1,41,1,1,3,6
G36010700204,1990,NY,,,,,,,,,0204,,,99,Tioga,107,,,2,0960,,,,9999,1,New York,36,,,,0000133399,0000001775,Tract 204,S,42049813,-76200043,,9122,78,8,80,1,23,5,0,1,17
G36010700205,1990,NY,,,,,,,,,0205,,,99,Tioga,107,,,2,0960,,,,9999,1,New York,36,,,,0000006569,0000000618,Tract 205,S,42104300,-76263782,,4361,35,16,26,2,33,0,0,1,16
G36010700206,1990,NY,,,,,,,,,0206,,,99,Tioga,107,,,2,0960,,,,9999,1,New York,36,,,,0000239164,0000004439,Tract 206,S,42075477,-76360877,,7135,10,17,38,7,28,5,0,0,9
G3601070020701,1990,NY,,,,,,,,,020701,,,99,Tioga,107,,,2,0960,,,,9999,1,New York,36,,,,0000128360,0000000860,Tract 207.01,S,42215845,-76480182,,2807,25,2,8,3,20,1,3,0,12
G3601070020702,1990,NY,,,,,,,,,020702,,,99,Tioga,107,,,2,0960,,,,9999,1,New York,36,,,,0000149933,0000000949,Tract 207.02,S,42079601,-76499333,,4383,17,21,3,4,23,0,0,0,1
G3601070020703,1990,NY,,,,,,,,,020703,,,99,Tioga,107,,,2,0960,,,,9999,1,New York,36,,,,0000003812,0000000000,Tract 207.03,S,42004200,-76531882,,4364,38,4,22,2,16,2,0,0,25
G3601070020897,1990,NY,,,,,,,,,020897,,,99,Tioga,107,,,2,0960,,,,9999,1,New York,36,,,,0000000089,0000000000,Tract 208.97,S,42228808,-76083119,,0,0,0,0,0,0,0,0,0,0
G3601070020898,1990,NY,,,,,,,,,020898,,,99,Tioga,107,,,2,0960,,,,9999,1,New York,36,,,,0000000084,0000000000,Tract 208.98,S,42237312,-76087743,,0,0,0,0,0,0,0,0,0,0
G36010900001,1990,NY,,,,,,,,,0001,,,99,Tompkins,109,,,2,9999,,,,9999,1,New York,36,,,,0000000533,0000000000,Tract 1,S,42439981,-76498319,,1038,105,6,46,4,21,0,0,0,19
G36010900002,1990,NY,,,,,,,,,0002,,,99,Tompkins,109,,,2,9999,,,,9999,1,New York,36,,,,0000000432,0000000000,Tract 2,S,42441176,-76488392,,3733,117,9,806,7,131,2,0,11,56
G36010900003,1990,NY,,,,,,,,,0003,,,99,Tompkins,109,,,2,9999,,,,9999,1,New York,36,,,,0000003948,0000000045,Tract 3,S,42446009,-76468025,,2479,48,10,338,5,79,4,0,3,30
G36010900004,1990,NY,,,,,,,,,0004,,,99,Tompkins,109,,,2,9999,,,,9999,1,New York,36,,,,0000004081,0000000038,Tract 4,S,42457314,-76459256,,2440,302,10,973,11,174,17,2,12,130
G36010900005,1990,NY,,,,,,,,,0005,,,99,Tompkins,109,,,2,9999,,,,9999,1,New York,36,,,,0000005273,0000000040,Tract 5,S,42474229,-76468897,,3530,191,9,536,2,124,1,0,1,29
G36010900006,1990,NY,,,,,,,,,0006,,,99,Tompkins,109,,,2,9999,,,,9999,1,New York,36,,,,0000009396,0000003734,Tract 6,S,42477569,-76502286,,4194,102,9,489,18,82,14,2,4,45
G36010900007,1990,NY,,,,,,,,,0007,,,99,Tompkins,109,,,2,9999,,,,9999,1,New York,36,,,,0000001587,0000000099,Tract 7,S,42451292,-76500487,,3645,103,14,242,4,90,12,2,1,19
G36010900008,1990,NY,,,,,,,,,0008,,,99,Tompkins,109,,,2,9999,,,,9999,1,New York,36,,,,0000001274,0000000081,Tract 8,S,42444812,-76508024,,1927,386,14,216,5,53,13,0,7,24
G36010900009,1990,NY,,,,,,,,,0009,,,99,Tompkins,109,,,2,9999,,,,9999,1,New York,36,,,,0000024898,0000003966,Tract 9,S,42462583,-76540788,,3067,92,2,40,2,30,2,1,0,1
G36010900010,1990,NY,,,,,,,,,0010,,,99,Tompkins,109,,,2,9999,,,,9999,1,New York,36,,,,0000030788,0000000106,Tract 10,S,42411041,-76546841,,3126,616,16,193,25,38,7,1,2,21
G36010900011,1990,NY,,,,,,,,,0011,,,99,Tompkins,109,,,2,9999,,,,9999,1,New York,36,,,,0000018948,0000000231,Tract 11,S,42411526,-76490986,,3972,139,8,90,11,55,1,3,0,21
G36010900012,1990,NY,,,,,,,,,0012,,,99,Tompkins,109,,,2,9999,,,,9999,1,New York,36,,,,0000001327,0000000000,Tract 12,S,42421125,-76497029,,3490,86,3,27,3,39,5,0,1,30
G36010900013,1990,NY,,,,,,,,,0013,,,99,Tompkins,109,,,2,9999,,,,9999,1,New York,36,,,,0000019203,0000000096,Tract 13,S,42420329,-76443367,,4997,141,16,576,12,158,5,1,6,29
G36010900014,1990,NY,,,,,,,,,0014,,,99,Tompkins,109,,,2,9999,,,,9999,1,New York,36,,,,0000049950,0000000053,Tract 14,S,42445512,-76391170,,3144,37,2,95,2,36,2,0,1,10
G36010900015,1990,NY,,,,,,,,,0015,,,99,Tompkins,109,,,2,9999,,,,9999,1,New York,36,,,,0000044493,0000003292,Tract 15,S,42505929,-76470939,,4002,145,14,193,6,49,2,0,0,13
G36010900016,1990,NY,,,,,,,,,0016,,,99,Tompkins,109,,,2,9999,,,,9999,1,New York,36,,,,0000067281,0000008368,Tract 16,S,42518832,-76618689,,4102,39,8,43,5,24,1,0,0,11
G36010900017,1990,NY,,,,,,,,,0017,,,99,Tompkins,109,,,2,9999,,,,9999,1,New York,36,,,,0000119969,0000000098,Tract 17,S,42434405,-76631768,,3851,45,9,10,3,42,2,0,0,0
G36010900018,1990,NY,,,,,,,,,0018,,,99,Tompkins,109,,,2,9999,,,,9999,1,New York,36,,,,0000165370,0000000385,Tract 18,S,42326383,-76594962,,4720,41,22,12,4,19,1,0,0,9
G36010900019,1990,NY,,,,,,,,,0019,,,99,Tompkins,109,,,2,9999,,,,9999,1,New York,36,,,,0000267892,0000000446,Tract 19,S,42344794,-76390034,,5177,114,11,62,10,44,2,13,3,0
G36010900020,1990,NY,,,,,,,,,0020,,,99,Tompkins,109,,,2,9999,,,,9999,1,New York,36,,,,0000055169,0000000439,Tract 20,S,42471023,-76296771,,3844,33,18,39,2,36,9,1,0,3
G36010900021,1990,NY,,,,,,,,,0021,,,99,Tompkins,109,,,2,9999,,,,9999,1,New York,36,,,,0000091278,0000000176,Tract 21,S,42517530,-76344826,,4076,70,25,31,2,35,1,7,1,9
G36010900022,1990,NY,,,,,,,,,0022,,,99,Tompkins,109,,,2,9999,,,,9999,1,New York,36,,,,0000079390,0000000025,Tract 22,S,42588418,-76334158,,4335,15,4,9,3,18,4,0,0,7
G36010900023,1990,NY,,,,,,,,,0023,,,99,Tompkins,109,,,2,9999,,,,9999,1,New York,36,,,,0000170560,0000018621,Tract 23,S,42577641,-76520301,,4586,56,9,22,0,22,2,0,3,4
G36011109501,1990,NY,,,,,,,,,9501,,,99,Ulster,111,,,2,9999,,,,9999,1,New York,36,,,,0000080045,0000003198,BNA 9501,S,42124209,-73988425,,4869,58,20,17,3,50,1,0,1,12
G36011109502,1990,NY,,,,,,,,,9502,,,99,Ulster,111,,,2,9999,,,,9999,1,New York,36,,,,0000012238,0000001140,BNA 9502,S,42055283,-73970263,,4003,47,16,21,8,54,2,0,0,10
G36011109503,1990,NY,,,,,,,,,9503,,,99,Ulster,111,,,2,9999,,,,9999,1,New York,36,,,,0000016924,0000004569,BNA 9503,S,42043152,-73950909,,4991,51,8,81,0,71,0,0,3,12
G36011109504,1990,NY,,,,,,,,,9504,,,99,Ulster,111,,,2,9999,,,,9999,1,New York,36,,,,0000057977,0000000144,BNA 9504,S,42061962,-74032394,,3895,66,6,44,5,45,0,0,1,7
G36011109505,1990,NY,,,,,,,,,9505,,,99,Ulster,111,,,2,9999,,,,9999,1,New York,36,,,,0000030054,0000000179,BNA 9505,S,42028240,-74086393,,3119,50,10,79,5,68,4,2,1,7
G36011109506,1990,NY,,,,,,,,,9506,,,99,Ulster,111,,,2,9999,,,,9999,1,New York,36,,,,0000144294,0000000764,BNA 9506,S,42062715,-74179944,,2803,42,12,34,6,42,9,2,0,3
G36011109507,1990,NY,,,,,,,,,9507,,,99,Ulster,111,,,2,9999,,,,9999,1,New York,36,,,,0000088612,0000000033,BNA 9507,S,42116149,-74428528,,1098,14,4,7,0,35,0,0,3,0
G36011109508,1990,NY,,,,,,,,,9508,,,99,Ulster,111,,,2,9999,,,,9999,1,New York,36,,,,0000221715,0000000023,BNA 9508,S,42025449,-74374852,,1792,8,8,10,1,27,1,0,0,5
G36011109509,1990,NY,,,,,,,,,9509,,,99,Ulster,111,,,2,9999,,,,9999,1,New York,36,,,,0000483049,0000000766,BNA 9509,S,41977153,-74521319,,711,1,6,3,0,7,0,0,0,0
G36011109510,1990,NY,,,,,,,,,9510,,,99,Ulster,111,,,2,9999,,,,9999,1,New York,36,,,,0000151956,0000016758,BNA 9510,S,41944529,-74257331,,3927,10,6,22,3,106,1,2,0,9
G36011109511,1990,NY,,,,,,,,,9511,,,99,Ulster,111,,,2,9999,,,,9999,1,New York,36,,,,0000018726,0000000162,BNA 9511,S,42002077,-74133172,,2530,33,4,49,4,10,1,0,0,0
G36011109512,1990,NY,,,,,,,,,9512,,,99,Ulster,111,,,2,9999,,,,9999,1,New York,36,,,,0000059217,0000015423,BNA 9512,S,41952911,-74111015,,3931,50,8,59,7,47,0,0,0,0
G36011109513,1990,NY,,,,,,,,,9513,,,99,Ulster,111,,,2,9999,,,,9999,1,New York,36,,,,0000017507,0000002355,BNA 9513,S,41989680,-73971378,,3411,69,9,141,2,67,4,0,0,11
G36011109514,1990,NY,,,,,,,,,9514,,,99,Ulster,111,,,2,9999,,,,9999,1,New York,36,,,,0000014494,0000002184,BNA 9514,S,41964949,-73982106,,3119,80,7,62,0,40,3,0,0,5
G36011109515,1990,NY,,,,,,,,,9515,,,99,Ulster,111,,,2,9999,,,,9999,1,New York,36,,,,0000047676,0000000727,BNA 9515,S,41980407,-74039160,,3386,60,7,78,5,33,2,0,0,4
G36011109516,1990,NY,,,,,,,,,9516,,,99,Ulster,111,,,2,9999,,,,9999,1,New York,36,,,,0000009954,0000000251,BNA 9516,S,41907300,-74036002,,2410,32,0,64,8,29,1,0,0,7
G36011109517,1990,NY,,,,,,,,,9517,,,99,Ulster,111,,,2,9999,,,,9999,1,New York,36,,,,0000004362,0000003172,BNA 9517,S,41933045,-73974886,,2615,852,10,20,8,33,32,0,3,43
G36011109518,1990,NY,,,,,,,,,9518,,,99,Ulster,111,,,2,9999,,,,9999,1,New York,36,,,,0000001488,0000000000,BNA 9518,S,41938547,-73988947,,1470,102,6,4,1,36,7,0,0,2
G36011109519,1990,NY,,,,,,,,,9519,,,99,Ulster,111,,,2,9999,,,,9999,1,New York,36,,,,0000002937,0000000000,BNA 9519,S,41922824,-73995813,,3802,277,2,47,10,52,8,0,0,16
G36011109520,1990,NY,,,,,,,,,9520,,,99,Ulster,111,,,2,9999,,,,9999,1,New York,36,,,,0000000708,0000000000,BNA 9520,S,41933544,-74003284,,1916,189,14,37,0,60,12,0,0,11
G36011109521,1990,NY,,,,,,,,,9521,,,99,Ulster,111,,,2,9999,,,,9999,1,New York,36,,,,0000001449,0000000000,BNA 9521,S,41924518,-74008566,,2608,582,12,33,11,85,27,2,0,39
G36011109522,1990,NY,,,,,,,,,9522,,,99,Ulster,111,,,2,9999,,,,9999,1,New York,36,,,,0000004044,0000000051,BNA 9522,S,41918385,-74019898,,3487,130,5,66,4,35,3,0,0,12
G36011109523,1990,NY,,,,,,,,,9523,,,99,Ulster,111,,,2,9999,,,,9999,1,New York,36,,,,0000001140,0000000000,BNA 9523,S,41933556,-74035195,,1615,16,0,73,2,30,2,0,0,11
G36011109524,1990,NY,,,,,,,,,9524,,,99,Ulster,111,,,2,9999,,,,9999,1,New York,36,,,,0000002882,0000000143,BNA 9524,S,41936491,-74016454,,2333,87,4,40,0,36,4,0,0,30
G36011109525,1990,NY,,,,,,,,,9525,,,99,Ulster,111,,,2,9999,,,,9999,1,New York,36,,,,0000005186,0000001855,BNA 9525,S,41905200,-73978934,,3226,65,6,53,1,19,0,1,0,9
G36011109526,1990,NY,,,,,,,,,9526,,,99,Ulster,111,,,2,9999,,,,9999,1,New York,36,,,,0000091284,0000010170,BNA 9526,S,41836448,-73997551,,5217,113,11,46,6,66,5,0,1,15
G36011109527,1990,NY,,,,,,,,,9527,,,99,Ulster,111,,,2,9999,,,,9999,1,New York,36,,,,0000026552,0000001127,BNA 9527,S,41867176,-74070969,,2895,63,10,15,1,75,0,0,0,10
G36011109528,1990,NY,,,,,,,,,9528,,,99,Ulster,111,,,2,9999,,,,9999,1,New York,36,,,,0000025097,0000000967,BNA 9528,S,41824996,-74082279,,3044,40,11,12,1,35,0,0,0,8
G36011109529,1990,NY,,,,,,,,,9529,,,99,Ulster,111,,,2,9999,,,,9999,1,New York,36,,,,0000141379,0000001574,BNA 9529,S,41877601,-74166388,,5107,58,9,23,4,68,4,0,1,11
G36011109530,1990,NY,,,,,,,,,9530,,,99,Ulster,111,,,2,9999,,,,9999,1,New York,36,,,,0000069588,0000000902,BNA 9530,S,41765847,-74213025,,1455,31,2,4,1,51,4,0,0,28
G36011109531,1990,NY,,,,,,,,,9531,,,99,Ulster,111,,,2,9999,,,,9999,1,New York,36,,,,0000077811,0000000059,BNA 9531,S,41818744,-74264751,,2900,56,22,18,0,52,2,2,7,10
G36011109532,1990,NY,,,,,,,,,9532,,,99,Ulster,111,,,2,9999,,,,9999,1,New York,36,,,,0000081609,0000000000,BNA 9532,S,41845991,-74350957,,963,41,1,2,1,18,4,0,0,4
G36011109533,1990,NY,,,,,,,,,9533,,,99,Ulster,111,,,2,9999,,,,9999,1,New York,36,,,,0000071371,0000000875,BNA 9533,S,41764506,-74094015,,3255,74,8,37,0,81,9,5,4,20
G36011109534,1990,NY,,,,,,,,,9534,,,99,Ulster,111,,,2,9999,,,,9999,1,New York,36,,,,0000009477,0000000136,BNA 9534,S,41760193,-74076170,,2973,269,6,82,11,146,16,0,4,69
G36011109535,1990,NY,,,,,,,,,9535,,,99,Ulster,111,,,2,9999,,,,9999,1,New York,36,,,,0000007180,0000000011,BNA 9535,S,41737249,-74091083,,3460,322,9,161,8,161,83,0,9,106
G36011109536,1990,NY,,,,,,,,,9536,,,99,Ulster,111,,,2,9999,,,,9999,1,New York,36,,,,0000012235,0000000917,BNA 9536,S,41717256,-73965690,,4170,119,4,39,2,126,3,1,0,30
G36011109537,1990,NY,,,,,,,,,9537,,,99,Ulster,111,,,2,9999,,,,9999,1,New York,36,,,,0000069987,0000003332,BNA 9537,S,41730741,-74003827,,4363,194,12,47,8,98,17,0,4,10
G36011109538,1990,NY,,,,,,,,,9538,,,99,Ulster,111,,,2,9999,,,,9999,1,New York,36,,,,0000014828,0000004140,BNA 9538,S,41624424,-73960903,,3426,76,4,4,1,66,1,0,0,9
G36011109539,1990,NY,,,,,,,,,9539,,,99,Ulster,111,,,2,9999,,,,9999,1,New York,36,,,,0000049871,0000000097,BNA 9539,S,41636734,-73999211,,3652,97,11,10,0,63,0,0,0,16
G36011109540,1990,NY,,,,,,,,,9540,,,99,Ulster,111,,,2,9999,,,,9999,1,New York,36,,,,0000042517,0000000052,BNA 9540,S,41673248,-74090709,,4411,128,21,12,1,127,4,0,0,62
G36011109541,1990,NY,,,,,,,,,9541,,,99,Ulster,111,,,2,9999,,,,9999,1,New York,36,,,,0000049375,0000000158,BNA 9541,S,41638028,-74064646,,2878,220,9,25,4,703,43,2,0,219
G36011109542,1990,NY,,,,,,,,,9542,,,99,Ulster,111,,,2,9999,,,,9999,1,New York,36,,,,0000114773,0000001416,BNA 9542,S,41698264,-74192595,,4032,81,8,36,2,100,10,0,0,9
G36011109543,1990,NY,,,,,,,,,9543,,,99,Ulster,111,,,2,9999,,,,9999,1,New York,36,,,,0000027599,0000000216,BNA 9543,S,41614881,-74158970,,3152,674,6,31,0,135,251,1,13,18
G36011109544,1990,NY,,,,,,,,,9544,,,99,Ulster,111,,,2,9999,,,,9999,1,New York,36,,,,0000118447,0000000599,BNA 9544,S,41631918,-74289052,,5405,163,13,27,0,129,2,6,3,52
G36011109545,1990,NY,,,,,,,,,9545,,,99,Ulster,111,,,2,9999,,,,9999,1,New York,36,,,,0000101723,0000000738,BNA 9545,S,41718873,-74348083,,3430,660,21,55,5,269,187,0,3,57
G36011109546,1990,NY,,,,,,,,,9546,,,99,Ulster,111,,,2,9999,,,,9999,1,New York,36,,,,0000136604,0000006125,BNA 9546,S,41798886,-74421199,,2078,82,7,8,2,118,8,0,3,70
G36011109547,1990,NY,,,,,,,,,9547,,,99,Ulster,111,,,2,9999,,,,9999,1,New York,36,,,,0000092788,0000001172,BNA 9547,S,41733314,-74485217,,1189,219,12,5,0,75,21,1,0,69
G36011109548,1990,NY,,,,,,,,,9548,,,99,Ulster,111,,,2,9999,,,,9999,1,New York,36,,,,0000007102,0000000000,BNA 9548,S,41710492,-74404384,,2247,447,33,59,11,482,59,3,3,350
G36011300701,1990,NY,,,,,,,,,0701,,,99,Warren,113,,,2,2975,,,,9999,1,New York,36,,,,0000002379,0000000228,Tract 701,S,43296550,-73651860,,2462,51,3,4,2,26,0,0,0,1
G36011300702,1990,NY,,,,,,,,,0702,,,99,Warren,113,,,2,2975,,,,9999,1,New York,36,,,,0000000841,0000000000,Tract 702,S,43308050,-73654688,,1930,56,9,8,3,19,0,1,0,2
G36011300703,1990,NY,,,,,,,,,0703,,,99,Warren,113,,,2,2975,,,,9999,1,New York,36,,,,0000002119,0000000000,Tract 703,S,43316700,-73657444,,3817,24,4,15,1,27,0,0,0,6
G36011300704,1990,NY,,,,,,,,,0704,,,99,Warren,113,,,2,2975,,,,9999,1,New York,36,,,,0000002172,0000000000,Tract 704,S,43320450,-73639999,,4007,19,3,9,1,26,0,6,1,5
G36011300705,1990,NY,,,,,,,,,0705,,,99,Warren,113,,,2,2975,,,,9999,1,New York,36,,,,0000002468,0000000045,Tract 705,S,43311350,-73630731,,2402,25,4,5,1,32,0,1,0,5
G36011300706,1990,NY,,,,,,,,,0706,,,99,Warren,113,,,2,2975,,,,9999,1,New York,36,,,,0000086287,0000010267,Tract 706,S,43387341,-73647568,,5100,10,7,30,0,19,0,0,0,1
G36011300707,1990,NY,,,,,,,,,0707,,,99,Warren,113,,,2,2975,,,,9999,1,New York,36,,,,0000020990,0000000360,Tract 707,S,43334680,-73684335,,7809,20,5,84,1,42,1,3,1,12
G36011300708,1990,NY,,,,,,,,,0708,,,99,Warren,113,,,2,2975,,,,9999,1,New York,36,,,,0000014811,0000000973,Tract 708,S,43297600,-73684499,,6052,34,13,27,0,50,1,0,0,6
G36011300709,1990,NY,,,,,,,,,0709,,,99,Warren,113,,,2,2975,,,,9999,1,New York,36,,,,0000042575,0000001481,Tract 709,S,43325084,-73732110,,3214,14,5,32,0,28,0,0,0,9
G36011300710,1990,NY,,,,,,,,,0710,,,99,Warren,113,,,2,2975,,,,9999,1,New York,36,,,,0000136289,0000003732,Tract 710,S,43325988,-73813223,,2788,4,6,1,0,14,0,0,0,3
G36011300720,1990,NY,,,,,,,,,0720,,,99,Warren,113,,,2,2975,,,,9999,1,New York,36,,,,0000076858,0000009545,Tract 720,S,43439010,-73724336,,3152,13,10,11,0,21,0,0,0,4
G36011300730,1990,NY,,,,,,,,,0730,,,99,Warren,113,,,2,2975,,,,9999,1,New York,36,,,,0000165043,0000002929,Tract 730,S,43502853,-73792468,,4133,5,3,13,0,20,0,0,0,0
G3601130073598,1990,NY,,,,,,,,,073598,,,99,Warren,113,,,2,2975,,,,9999,1,New York,36,,,,0000449969,0000005863,Tract 735.98,S,43463828,-74000602,,1689,4,4,5,0,13,0,0,0,0
G36011300740,1990,NY,,,,,,,,,0740,,,99,Warren,113,,,2,2975,,,,9999,1,New York,36,,,,0000529858,0000005643,Tract 740,S,43643814,-74051938,,2334,4,7,6,0,1,0,0,0,0
G36011300750,1990,NY,,,,,,,,,0750,,,99,Warren,113,,,2,2975,,,,9999,1,New York,36,,,,0000218756,0000006889,Tract 750,S,43688129,-73869767,,3406,14,5,10,0,21,0,0,1,8
G36011300760,1990,NY,,,,,,,,,0760,,,99,Warren,113,,,2,2975,,,,9999,1,New York,36,,,,0000171132,0000014800,Tract 760,S,43703419,-73711664,,1255,0,8,1,0,5,0,0,0,0
G36011300770,1990,NY,,,,,,,,,0770,,,99,Warren,113,,,2,2975,,,,9999,1,New York,36,,,,0000165842,0000040377,Tract 770,S,43713986,-73537178,,690,0,2,3,0,0,0,0,0,4
G36011300780,1990,NY,,,,,,,,,0780,,,99,Warren,113,,,2,2975,,,,9999,1,New York,36,,,,0000164182,0000057465,Tract 780,S,43579214,-73657419,,1819,2,1,3,0,29,0,0,0,1
G36011500801,1990,NY,,,,,,,,,0801,,,99,Washington,115,,,2,2975,,,,9999,1,New York,36,,,,0000002848,0000000107,Tract 801,S,43300350,-73584204,,5036,9,5,12,1,33,0,0,0,3
G36011500802,1990,NY,,,,,,,,,0802,,,99,Washington,115,,,2,2975,,,,9999,1,New York,36,,,,0000001975,0000000000,Tract 802,S,43310167,-73581263,,2521,7,3,8,0,11,0,0,0,2
G36011500803,1990,NY,,,,,,,,,0803,,,99,Washington,115,,,2,2975,,,,9999,1,New York,36,,,,0000098435,0000000275,Tract 803,S,43354828,-73532124,,4154,14,5,6,0,20,0,0,0,1
G36011500810,1990,NY,,,,,,,,,0810,,,99,Washington,115,,,2,2975,,,,9999,1,New York,36,,,,0000278891,0000003366,Tract 810,S,43474879,-73502136,,3821,1549,8,7,4,316,335,11,4,313
G36011500815,1990,NY,,,,,,,,,0815,,,99,Washington,115,,,2,2975,,,,9999,1,New York,36,,,,0000228773,0000010300,Tract 815,S,43665713,-73458741,,1032,0,1,0,0,5,0,0,0,0
G36011500820,1990,NY,,,,,,,,,0820,,,99,Washington,115,,,2,2975,,,,9999,1,New York,36,,,,0000207728,0000003093,Tract 820,S,43536037,-73362072,,5107,7,6,8,0,32,0,0,5,0
G36011500840,1990,NY,,,,,,,,,0840,,,99,Washington,115,,,2,2975,,,,9999,1,New York,36,,,,0000145267,0000000085,Tract 840,S,43422035,-73305891,,5854,17,11,8,1,37,0,0,0,7
G36011500850,1990,NY,,,,,,,,,0850,,,99,Washington,115,,,2,2975,,,,9999,1,New York,36,,,,0000112529,0000000092,Tract 850,S,43360572,-73422058,,1981,2,2,2,0,2,0,0,0,0
G36011500860,1990,NY,,,,,,,,,0860,,,99,Washington,115,,,2,2975,,,,9999,1,New York,36,,,,0000145689,0000000449,Tract 860,S,43274298,-73321808,,1507,11,3,1,0,17,0,0,0,1
G36011500870,1990,NY,,,,,,,,,0870,,,99,Washington,115,,,2,2975,,,,9999,1,New York,36,,,,0000146692,0000002864,Tract 870,S,43238191,-73466619,,2998,7,2,1,0,21,0,0,1,1
G36011500880,1990,NY,,,,,,,,,0880,,,99,Washington,115,,,2,2975,,,,9999,1,New York,36,,,,0000069571,0000001550,Tract 880,S,43235701,-73564940,,6238,9,15,15,0,46,0,0,1,6
G36011500890,1990,NY,,,,,,,,,0890,,,99,Washington,115,,,2,2975,,,,9999,1,New York,36,,,,0000113857,0000000858,Tract 890,S,43132308,-73477236,,4506,6,3,14,0,24,0,0,0,4
G36011500900,1990,NY,,,,,,,,,0900,,,99,Washington,115,,,2,2975,,,,9999,1,New York,36,,,,0000135901,0000000128,Tract 900,S,43164695,-73324588,,2568,13,7,2,0,14,4,0,0,0
G36011500910,1990,NY,,,,,,,,,0910,,,99,Washington,115,,,2,2975,,,,9999,1,New York,36,,,,0000096269,0000000796,Tract 910,S,43088351,-73376785,,1536,18,14,4,0,9,0,0,0,0
G36011500920,1990,NY,,,,,,,,,0920,,,99,Washington,115,,,2,2975,,,,9999,1,New York,36,,,,0000123979,0000000167,Tract 920,S,43000356,-73344643,,3150,10,6,12,0,15,0,0,1,2
G36011500930,1990,NY,,,,,,,,,0930,,,99,Washington,115,,,2,2975,,,,9999,1,New York,36,,,,0000094353,0000000310,Tract 930,S,42995638,-73447658,,1908,16,2,6,0,3,0,0,1,2
G36011500940,1990,NY,,,,,,,,,0940,,,99,Washington,115,,,2,2975,,,,9999,1,New York,36,,,,0000161281,0000002438,Tract 940,S,43030204,-73537779,,2180,17,0,3,0,3,0,0,0,0
G36011700201,1990,NY,,,,,,,,,0201,,,99,Wayne,117,,,2,6840,,,,9999,1,New York,36,,,,0000083446,0000009256,Tract 201,S,43245066,-77316334,,8319,130,30,22,0,50,0,0,0,9
G36011700202,1990,NY,,,,,,,,,0202,,,99,Wayne,117,,,2,6840,,,,9999,1,New York,36,,,,0000087615,0000000107,Tract 202,S,43164125,-77318677,,6792,64,6,22,5,41,0,0,2,13
G36011700203,1990,NY,,,,,,,,,0203,,,99,Wayne,117,,,2,6840,,,,9999,1,New York,36,,,,0000100204,0000000441,Tract 203,S,43078419,-77311576,,7241,19,15,36,2,39,0,7,1,15
G3601170020401,1990,NY,,,,,,,,,020401,,,99,Wayne,117,,,2,6840,,,,9999,1,New York,36,,,,0000052891,0000005912,Tract 204.01,S,43263247,-77190655,,2667,47,9,11,0,20,0,0,0,7
G3601170020402,1990,NY,,,,,,,,,020402,,,99,Wayne,117,,,2,6840,,,,9999,1,New York,36,,,,0000036786,0000000028,Tract 204.02,S,43217979,-77193829,,3456,252,8,9,7,31,4,2,0,10
G36011700205,1990,NY,,,,,,,,,0205,,,99,Wayne,117,,,2,6840,,,,9999,1,New York,36,,,,0000075634,0000000174,Tract 205,S,43160177,-77200336,,4821,27,9,26,0,14,1,0,0,3
G36011700206,1990,NY,,,,,,,,,0206,,,99,Wayne,117,,,2,6840,,,,9999,1,New York,36,,,,0000080917,0000000542,Tract 206,S,43087004,-77193037,,3967,4,11,6,0,17,1,0,0,4
G36011700207,1990,NY,,,,,,,,,0207,,,99,Wayne,117,,,2,6840,,,,9999,1,New York,36,,,,0000005798,0000000000,Tract 207,S,43057568,-77233033,,3600,13,10,30,0,18,0,0,0,9
G36011700208,1990,NY,,,,,,,,,0208,,,99,Wayne,117,,,2,6840,,,,9999,1,New York,36,,,,0000068954,0000019262,Tract 208,S,43253665,-77044880,,3150,161,18,13,6,18,0,1,0,5
G36011700209,1990,NY,,,,,,,,,0209,,,99,Wayne,117,,,2,6840,,,,9999,1,New York,36,,,,0000105694,0000000223,Tract 209,S,43195644,-77052913,,4758,602,15,19,11,52,10,0,8,30
G36011700210,1990,NY,,,,,,,,,0210,,,99,Wayne,117,,,2,6840,,,,9999,1,New York,36,,,,0000200059,0000000346,Tract 210,S,43094733,-77048367,,6279,146,21,20,0,49,5,0,0,17
G36011700211,1990,NY,,,,,,,,,0211,,,99,Wayne,117,,,2,6840,,,,9999,1,New York,36,,,,0000010947,0000000015,Tract 211,S,43043858,-77109524,,4937,94,10,29,3,97,5,0,0,136
G36011700212,1990,NY,,,,,,,,,0212,,,99,Wayne,117,,,2,6840,,,,9999,1,New York,36,,,,0000009830,0000000000,Tract 212,S,43035828,-77085520,,4082,205,4,36,5,146,8,4,9,267
G36011700213,1990,NY,,,,,,,,,0213,,,99,Wayne,117,,,2,6840,,,,9999,1,New York,36,,,,0000000474,0000000000,Tract 213,S,43038506,-77081997,,266,10,0,0,0,0,0,0,0,0
G36011700214,1990,NY,,,,,,,,,0214,,,99,Wayne,117,,,2,6840,,,,9999,1,New York,36,,,,0000010523,0000000222,Tract 214,S,43063429,-76993618,,3691,452,12,15,5,54,10,0,0,41
G3601170021501,1990,NY,,,,,,,,,021501,,,99,Wayne,117,,,2,6840,,,,9999,1,New York,36,,,,0000102341,0000018237,Tract 215.01,S,43246432,-76896647,,1872,122,1,12,1,14,0,0,0,3
G3601170021502,1990,NY,,,,,,,,,021502,,,99,Wayne,117,,,2,6840,,,,9999,1,New York,36,,,,0000101793,0000003572,Tract 215.02,S,43274397,-76764786,,4173,48,9,6,3,27,8,0,0,9
G36011700216,1990,NY,,,,,,,,,0216,,,99,Wayne,117,,,2,6840,,,,9999,1,New York,36,,,,0000183887,0000000160,Tract 216,S,43168486,-76825005,,4277,163,16,4,3,20,4,0,0,89
G36011700217,1990,NY,,,,,,,,,0217,,,99,Wayne,117,,,2,6840,,,,9999,1,New York,36,,,,0000241428,0000001912,Tract 217,S,43077632,-76835428,,3686,49,13,2,9,8,2,0,0,3
G36011700218,1990,NY,,,,,,,,,0218,,,99,Wayne,117,,,2,6840,,,,9999,1,New York,36,,,,0000005730,0000000134,Tract 218,S,43083373,-76870995,,2229,127,9,3,0,36,0,0,0,5
G3601190000101,1990,NY,,,,,,,,,000101,,,70,Westchester,119,,,2,5602,,,,5600,1,New York,36,,,,0000000255,0000000000,Tract 1.01,S,40926567,-73899107,,622,1582,12,161,15,1547,101,5,11,808
G3601190000103,1990,NY,,,,,,,,,000103,,,70,Westchester,119,,,2,5602,,,,5600,1,New York,36,,,,0000000337,0000000000,Tract 1.03,S,40928550,-73902572,,803,2113,5,95,17,1267,173,16,4,1049
G3601190000104,1990,NY,,,,,,,,,000104,,,70,Westchester,119,,,2,5602,,,,5600,1,New York,36,,,,0000000152,0000000831,Tract 1.04,S,40930000,-73910123,,28,7,0,0,0,4,6,0,0,2
G3601190000201,1990,NY,,,,,,,,,000201,,,70,Westchester,119,,,2,5602,,,,5600,1,New York,36,,,,0000000347,0000000000,Tract 2.01,S,40918850,-73899631,,2205,1084,15,459,29,1823,198,8,20,1141
G3601190000202,1990,NY,,,,,,,,,000202,,,70,Westchester,119,,,2,5602,,,,5600,1,New York,36,,,,0000000490,0000000453,Tract 2.02,S,40921500,-73908189,,1875,397,6,139,7,471,59,6,1,395
G3601190000203,1990,NY,,,,,,,,,000203,,,70,Westchester,119,,,2,5602,,,,5600,1,New York,36,,,,0000000484,0000000184,Tract 2.03,S,40915841,-73907998,,2146,173,0,70,2,259,32,0,3,147
G36011900003,1990,NY,,,,,,,,,0003,,,70,Westchester,119,,,2,5602,,,,5600,1,New York,36,,,,0000000387,0000000000,Tract 3,S,40931150,-73896122,,1107,1682,9,297,22,758,144,5,5,768
G3601190000401,1990,NY,,,,,,,,,000401,,,70,Westchester,119,,,2,5602,,,,5600,1,New York,36,,,,0000000480,0000000454,Tract 4.01,S,40936315,-73903277,,415,1607,7,50,26,420,101,4,2,818
G3601190000402,1990,NY,,,,,,,,,000402,,,70,Westchester,119,,,2,5602,,,,5600,1,New York,36,,,,0000000599,0000000743,Tract 4.02,S,40944546,-73899840,,688,4269,10,70,7,557,164,6,9,479
G36011900005,1990,NY,,,,,,,,,0005,,,70,Westchester,119,,,2,5602,,,,5600,1,New York,36,,,,0000000455,0000000000,Tract 5,S,40938800,-73889230,,973,2274,18,30,11,867,181,26,2,510
G36011900006,1990,NY,,,,,,,,,0006,,,70,Westchester,119,,,2,5602,,,,5600,1,New York,36,,,,0000000632,0000000000,Tract 6,S,40943400,-73890432,,3544,1458,15,162,13,549,118,1,28,537
G3601190000701,1990,NY,,,,,,,,,000701,,,70,Westchester,119,,,2,5602,,,,5600,1,New York,36,,,,0000001249,0000000000,Tract 7.01,S,40961117,-73888777,,2631,462,0,126,37,178,15,1,1,85
G3601190000702,1990,NY,,,,,,,,,000702,,,70,Westchester,119,,,2,5602,,,,5600,1,New York,36,,,,0000000651,0000002224,Tract 7.02,S,40966465,-73896873,,2040,1856,11,120,7,350,86,2,2,229
G3601190000801,1990,NY,,,,,,,,,000801,,,70,Westchester,119,,,2,5602,,,,5600,1,New York,36,,,,0000001048,0000000000,Tract 8.01,S,40961800,-73882661,,4656,66,5,151,7,201,5,0,0,52
G3601190000802,1990,NY,,,,,,,,,000802,,,70,Westchester,119,,,2,5602,,,,5600,1,New York,36,,,,0000000911,0000000000,Tract 8.02,S,40956250,-73876748,,2267,27,1,69,11,128,6,0,1,46
G3601190000803,1990,NY,,,,,,,,,000803,,,70,Westchester,119,,,2,5602,,,,5600,1,New York,36,,,,0000000801,0000000000,Tract 8.03,S,40951600,-73886670,,3651,102,0,71,3,213,6,1,3,119
G36011900009,1990,NY,,,,,,,,,0009,,,70,Westchester,119,,,2,5602,,,,5600,1,New York,36,,,,0000002555,0000000000,Tract 9,S,40973150,-73871149,,2700,83,1,64,0,122,2,0,1,60
G36011900010,1990,NY,,,,,,,,,0010,,,70,Westchester,119,,,2,5602,,,,5600,1,New York,36,,,,0000000197,0000000000,Tract 10,S,40936550,-73885014,,614,686,2,18,6,149,27,2,0,128
G3601190001101,1990,NY,,,,,,,,,001101,,,70,Westchester,119,,,2,5602,,,,5600,1,New York,36,,,,0000000172,0000000000,Tract 11.01,S,40934300,-73890379,,1426,431,1,102,22,613,124,6,6,1049
G3601190001102,1990,NY,,,,,,,,,001102,,,70,Westchester,119,,,2,5602,,,,5600,1,New York,36,,,,0000000755,0000000000,Tract 11.02,S,40931000,-73885263,,3001,513,15,147,13,849,41,1,8,301
G36011900012,1990,NY,,,,,,,,,0012,,,70,Westchester,119,,,2,5602,,,,5600,1,New York,36,,,,0000000427,0000000000,Tract 12,S,40927700,-73892699,,1997,346,10,64,17,595,111,11,14,1095
G3601190001301,1990,NY,,,,,,,,,001301,,,70,Westchester,119,,,2,5602,,,,5600,1,New York,36,,,,0000001398,0000000000,Tract 13.01,S,40920933,-73886287,,2495,138,3,111,2,425,25,2,15,146
G3601190001302,1990,NY,,,,,,,,,001302,,,70,Westchester,119,,,2,5602,,,,5600,1,New York,36,,,,0000000393,0000000000,Tract 13.02,S,40911450,-73889989,,2219,129,9,231,4,521,37,10,5,183
G3601190001303,1990,NY,,,,,,,,,001303,,,70,Westchester,119,,,2,5602,,,,5600,1,New York,36,,,,0000000373,0000000000,Tract 13.03,S,40915200,-73895307,,2765,713,1,324,18,1268,152,16,20,842
G3601190001401,1990,NY,,,,,,,,,001401,,,70,Westchester,119,,,2,5602,,,,5600,1,New York,36,,,,0000001769,0000000038,Tract 14.01,S,40925077,-73872261,,3414,73,2,97,1,93,9,0,1,25
G3601190001402,1990,NY,,,,,,,,,001402,,,70,Westchester,119,,,2,5602,,,,5600,1,New York,36,,,,0000000643,0000000000,Tract 14.02,S,40916250,-73876856,,1703,10,1,107,0,93,7,0,2,25
G3601190001403,1990,NY,,,,,,,,,001403,,,70,Westchester,119,,,2,5602,,,,5600,1,New York,36,,,,0000000472,0000000000,Tract 14.03,S,40910567,-73882223,,2822,21,1,56,1,153,1,0,0,33
G3601190001502,1990,NY,,,,,,,,,001502,,,70,Westchester,119,,,2,5602,,,,5600,1,New York,36,,,,0000000415,0000000000,Tract 15.02,S,40905100,-73862015,,2788,58,0,76,1,97,4,0,0,32
G3601190001503,1990,NY,,,,,,,,,001503,,,70,Westchester,119,,,2,5602,,,,5600,1,New York,36,,,,0000000842,0000000335,Tract 15.03,S,40909750,-73872920,,2785,6,1,42,0,49,0,0,0,9
G3601190001504,1990,NY,,,,,,,,,001504,,,70,Westchester,119,,,2,5602,,,,5600,1,New York,36,,,,0000001144,0000000000,Tract 15.04,S,40913467,-73863250,,3660,69,2,82,0,144,0,0,7,19
G3601190001505,1990,NY,,,,,,,,,001505,,,70,Westchester,119,,,2,5602,,,,5600,1,New York,36,,,,0000000268,0000000000,Tract 15.05,S,40908850,-73856729,,2369,31,0,59,4,145,1,0,0,38
G36011900016,1990,NY,,,,,,,,,0016,,,70,Westchester,119,,,2,5602,,,,5600,1,New York,36,,,,0000001964,0000000000,Tract 16,S,40943300,-73875944,,2781,43,3,40,2,179,1,0,6,65
G36011900017,1990,NY,,,,,,,,,0017,,,70,Westchester,119,,,2,5602,,,,5600,1,New York,36,,,,0000001994,0000000036,Tract 17,S,40949450,-73863345,,5722,39,6,114,0,236,0,0,2,36
G36011900018,1990,NY,,,,,,,,,0018,,,70,Westchester,119,,,2,5602,,,,5600,1,New York,36,,,,0000000496,0000000000,Tract 18,S,40958367,-73868015,,214,1055,3,6,4,36,15,0,0,45
G36011900019,1990,NY,,,,,,,,,0019,,,70,Westchester,119,,,2,5602,,,,5600,1,New York,36,,,,0000000646,0000000000,Tract 19,S,40963667,-73867063,,1493,62,3,67,0,39,1,0,0,4
G36011900020,1990,NY,,,,,,,,,0020,,,70,Westchester,119,,,2,5602,,,,5600,1,New York,36,,,,0000005038,0000000493,Tract 20,S,40970524,-73849564,,3482,21,0,167,0,111,0,0,1,24
G3601190002101,1990,NY,,,,,,,,,002101,,,70,Westchester,119,,,2,5602,,,,5600,1,New York,36,,,,0000001038,0000000000,Tract 21.01,S,40979000,-73833750,,2992,18,2,128,0,87,1,0,5,45
G3601190002103,1990,NY,,,,,,,,,002103,,,70,Westchester,119,,,2,5602,,,,5600,1,New York,36,,,,0000001442,0000000000,Tract 21.03,S,40967650,-73822299,,3187,7,1,38,0,63,1,1,0,10
G3601190002104,1990,NY,,,,,,,,,002104,,,70,Westchester,119,,,2,5602,,,,5600,1,New York,36,,,,0000001373,0000000000,Tract 21.04,S,40960700,-73837430,,4939,120,1,180,1,211,3,0,8,58
G3601190002105,1990,NY,,,,,,,,,002105,,,70,Westchester,119,,,2,5602,,,,5600,1,New York,36,,,,0000002096,0000000052,Tract 21.05,S,40977317,-73825954,,2464,59,1,196,4,84,5,0,0,34
G3601190002106,1990,NY,,,,,,,,,002106,,,70,Westchester,119,,,2,5602,,,,5600,1,New York,36,,,,0000000265,0000000000,Tract 21.06,S,40973650,-73830512,,1724,217,2,146,8,97,18,0,0,66
G3601190002201,1990,NY,,,,,,,,,002201,,,70,Westchester,119,,,2,5602,,,,5600,1,New York,36,,,,0000001013,0000000000,Tract 22.01,S,40954900,-73835827,,2137,30,4,72,0,71,0,0,1,28
G3601190002202,1990,NY,,,,,,,,,002202,,,70,Westchester,119,,,2,5602,,,,5600,1,New York,36,,,,0000001305,0000000000,Tract 22.02,S,40945567,-73842777,,4573,33,4,82,1,109,2,0,3,6
G3601190002203,1990,NY,,,,,,,,,002203,,,70,Westchester,119,,,2,5602,,,,5600,1,New York,36,,,,0000000331,0000000000,Tract 22.03,S,40948850,-73849918,,1677,38,0,28,0,56,0,0,0,37
G3601190002204,1990,NY,,,,,,,,,002204,,,70,Westchester,119,,,2,5602,,,,5600,1,New York,36,,,,0000001924,0000000000,Tract 22.04,S,40936500,-73846298,,4827,99,4,124,2,148,10,2,8,30
G36011900023,1990,NY,,,,,,,,,0023,,,70,Westchester,119,,,2,5602,,,,5600,1,New York,36,,,,0000001642,0000000000,Tract 23,S,40937933,-73863062,,3290,42,1,75,0,140,0,0,2,28
G3601190002401,1990,NY,,,,,,,,,002401,,,70,Westchester,119,,,2,5602,,,,5600,1,New York,36,,,,0000000349,0000000000,Tract 24.01,S,40931600,-73854149,,1252,6,5,41,0,75,0,0,0,15
G3601190002402,1990,NY,,,,,,,,,002402,,,70,Westchester,119,,,2,5602,,,,5600,1,New York,36,,,,0000000299,0000000000,Tract 24.02,S,40927433,-73846775,,3227,97,2,67,1,176,2,0,4,37
G3601190002403,1990,NY,,,,,,,,,002403,,,70,Westchester,119,,,2,5602,,,,5600,1,New York,36,,,,0000000889,0000000000,Tract 24.03,S,40920100,-73850471,,4677,55,2,118,2,247,11,0,5,132
G3601190002404,1990,NY,,,,,,,,,002404,,,70,Westchester,119,,,2,5602,,,,5600,1,New York,36,,,,0000000973,0000000000,Tract 24.04,S,40923600,-73855832,,2411,8,0,41,0,60,1,0,0,7
G3601190002405,1990,NY,,,,,,,,,002405,,,70,Westchester,119,,,2,5602,,,,5600,1,New York,36,,,,0000000659,0000000000,Tract 24.05,S,40926650,-73861068,,2632,24,2,40,0,96,1,1,1,12
G36011900026,1990,NY,,,,,,,,,0026,,,70,Westchester,119,,,2,5602,,,,5600,1,New York,36,,,,0000001482,0000000047,Tract 26,S,40896300,-73828039,,337,3237,15,23,4,68,74,2,0,48
G36011900027,1990,NY,,,,,,,,,0027,,,70,Westchester,119,,,2,5602,,,,5600,1,New York,36,,,,0000000346,0000000000,Tract 27,S,40903450,-73831922,,45,3407,18,5,8,6,40,2,0,49
G36011900028,1990,NY,,,,,,,,,0028,,,70,Westchester,119,,,2,5602,,,,5600,1,New York,36,,,,0000000275,0000000000,Tract 28,S,40902200,-73837576,,65,2335,21,21,0,13,15,0,1,11
G36011900029,1990,NY,,,,,,,,,0029,,,70,Westchester,119,,,2,5602,,,,5600,1,New York,36,,,,0000000380,0000000000,Tract 29,S,40904600,-73840528,,66,3991,15,25,6,11,49,1,0,51
G36011900030,1990,NY,,,,,,,,,0030,,,70,Westchester,119,,,2,5602,,,,5600,1,New York,36,,,,0000000361,0000000000,Tract 30,S,40908250,-73844949,,311,2363,27,90,15,149,58,4,9,56
G36011900031,1990,NY,,,,,,,,,0031,,,70,Westchester,119,,,2,5602,,,,5600,1,New York,36,,,,0000000289,0000000000,Tract 31,S,40907900,-73835667,,223,2442,20,23,10,61,45,0,0,43
G36011900032,1990,NY,,,,,,,,,0032,,,70,Westchester,119,,,2,5602,,,,5600,1,New York,36,,,,0000000294,0000000000,Tract 32,S,40908500,-73831566,,68,2517,7,2,4,17,79,0,0,13
G36011900033,1990,NY,,,,,,,,,0033,,,70,Westchester,119,,,2,5602,,,,5600,1,New York,36,,,,0000000617,0000000000,Tract 33,S,40906133,-73825531,,88,3317,14,32,6,22,61,0,4,26
G36011900034,1990,NY,,,,,,,,,0034,,,70,Westchester,119,,,2,5602,,,,5600,1,New York,36,,,,0000000679,0000000000,Tract 34,S,40907533,-73818944,,482,3606,15,29,13,114,77,1,2,101
G36011900035,1990,NY,,,,,,,,,0035,,,70,Westchester,119,,,2,5602,,,,5600,1,New York,36,,,,0000000329,0000000000,Tract 35,S,40910900,-73848769,,475,1099,14,112,35,223,96,3,1,365
G36011900036,1990,NY,,,,,,,,,0036,,,70,Westchester,119,,,2,5602,,,,5600,1,New York,36,,,,0000000358,0000000000,Tract 36,S,40912900,-73840959,,2022,469,15,173,12,480,27,4,2,271
G36011900037,1990,NY,,,,,,,,,0037,,,70,Westchester,119,,,2,5602,,,,5600,1,New York,36,,,,0000000488,0000000000,Tract 37,S,40918100,-73844040,,2118,330,6,72,13,303,36,7,1,165
G36011900038,1990,NY,,,,,,,,,0038,,,70,Westchester,119,,,2,5602,,,,5600,1,New York,36,,,,0000000353,0000000000,Tract 38,S,40924200,-73839999,,2964,155,1,71,1,158,8,0,2,41
G36011900039,1990,NY,,,,,,,,,0039,,,70,Westchester,119,,,2,5602,,,,5600,1,New York,36,,,,0000000494,0000000000,Tract 39,S,40920800,-73834438,,2920,198,3,62,7,132,11,0,1,40
G36011900040,1990,NY,,,,,,,,,0040,,,70,Westchester,119,,,2,5602,,,,5600,1,New York,36,,,,0000000569,0000000000,Tract 40,S,40915300,-73833199,,2511,2639,11,149,14,361,59,1,2,99
G36011900041,1990,NY,,,,,,,,,0041,,,70,Westchester,119,,,2,5602,,,,5600,1,New York,36,,,,0000000795,0000000017,Tract 41,S,40914600,-73821577,,1230,2108,7,66,18,152,127,0,0,100
G36011900042,1990,NY,,,,,,,,,0042,,,70,Westchester,119,,,2,5602,,,,5600,1,New York,36,,,,0000000661,0000000000,Tract 42,S,40921200,-73826187,,3095,941,12,90,15,189,22,0,2,82
G36011900043,1990,NY,,,,,,,,,0043,,,70,Westchester,119,,,2,5602,,,,5600,1,New York,36,,,,0000000733,0000000000,Tract 43,S,40922550,-73813706,,1021,544,12,34,4,53,21,0,0,21
G36011900044,1990,NY,,,,,,,,,0044,,,70,Westchester,119,,,2,5602,,,,5600,1,New York,36,,,,0000001561,0000000000,Tract 44,S,40927467,-73824869,,2688,477,2,89,7,96,8,3,0,29
G36011900045,1990,NY,,,,,,,,,0045,,,70,Westchester,119,,,2,5602,,,,5600,1,New York,36,,,,0000000277,0000000000,Tract 45,S,40930914,-73836496,,1316,50,0,38,4,40,0,0,1,9
G36011900046,1990,NY,,,,,,,,,0046,,,70,Westchester,119,,,2,5602,,,,5600,1,New York,36,,,,0000000685,0000000000,Tract 46,S,40939833,-73834410,,2424,11,2,191,2,68,1,1,0,7
G36011900047,1990,NY,,,,,,,,,0047,,,70,Westchester,119,,,2,5602,,,,5600,1,New York,36,,,,0000001801,0000000000,Tract 47,S,40938900,-73823769,,2990,29,4,208,4,81,3,0,0,11
G36011900048,1990,NY,,,,,,,,,0048,,,70,Westchester,119,,,2,5602,,,,5600,1,New York,36,,,,0000001579,0000000000,Tract 48,S,40952700,-73823196,,4441,908,10,699,5,138,20,1,0,80
G36011900049,1990,NY,,,,,,,,,0049,,,70,Westchester,119,,,2,5602,,,,5600,1,New York,36,,,,0000000227,0000000000,Tract 49,S,40983535,-73811747,,2564,23,1,155,0,101,1,0,0,20
G3601190005001,1990,NY,,,,,,,,,005001,,,70,Westchester,119,,,2,5602,,,,5600,1,New York,36,,,,0000001131,0000000000,Tract 50.01,S,40976900,-73801603,,2809,8,1,366,0,66,0,0,0,1
G3601190005002,1990,NY,,,,,,,,,005002,,,70,Westchester,119,,,2,5602,,,,5600,1,New York,36,,,,0000002864,0000000171,Tract 50.02,S,40966750,-73809460,,2800,17,0,285,0,67,1,0,0,1
G36011900051,1990,NY,,,,,,,,,0051,,,70,Westchester,119,,,2,5602,,,,5600,1,New York,36,,,,0000001171,0000000000,Tract 51,S,40955433,-73813441,,4291,19,1,311,0,90,2,0,0,16
G36011900052,1990,NY,,,,,,,,,0052,,,70,Westchester,119,,,2,5602,,,,5600,1,New York,36,,,,0000003277,0000000077,Tract 52,S,40940950,-73810579,,4225,37,0,164,1,86,0,0,0,7
G36011900053,1990,NY,,,,,,,,,0053,,,70,Westchester,119,,,2,5602,,,,5600,1,New York,36,,,,0000001180,0000000000,Tract 53,S,40916600,-73807021,,3782,424,3,183,0,123,29,0,5,52
G36011900054,1990,NY,,,,,,,,,0054,,,70,Westchester,119,,,2,5602,,,,5600,1,New York,36,,,,0000000925,0000000000,Tract 54,S,40906350,-73808188,,1596,93,0,65,5,30,0,0,0,5
G36011900055,1990,NY,,,,,,,,,0055,,,70,Westchester,119,,,2,5602,,,,5600,1,New York,36,,,,0000003483,0000000123,Tract 55,S,40893650,-73805207,,5104,44,1,160,0,145,13,0,3,20
G36011900056,1990,NY,,,,,,,,,0056,,,70,Westchester,119,,,2,5602,,,,5600,1,New York,36,,,,0000000326,0000000175,Tract 56,S,40883333,-73771009,,94,0,0,3,0,1,0,0,0,0
G3601190005701,1990,NY,,,,,,,,,005701,,,70,Westchester,119,,,2,5602,,,,5600,1,New York,36,,,,0000001823,0000000557,Tract 57.01,S,40891166,-73788514,,5094,275,3,157,18,349,9,1,2,79
G3601190005702,1990,NY,,,,,,,,,005702,,,70,Westchester,119,,,2,5602,,,,5600,1,New York,36,,,,0000000497,0000000024,Tract 57.02,S,40899650,-73780084,,2575,214,2,59,0,186,3,0,4,85
G36011900058,1990,NY,,,,,,,,,0058,,,70,Westchester,119,,,2,5602,,,,5600,1,New York,36,,,,0000000574,0000000000,Tract 58,S,40902733,-73785566,,2426,182,1,163,9,512,16,2,12,155
G3601190005901,1990,NY,,,,,,,,,005901,,,70,Westchester,119,,,2,5602,,,,5600,1,New York,36,,,,0000000451,0000000000,Tract 59.01,S,40907100,-73776398,,2672,392,6,118,1,479,18,0,9,127
G3601190005902,1990,NY,,,,,,,,,005902,,,70,Westchester,119,,,2,5602,,,,5600,1,New York,36,,,,0000002580,0000006380,Tract 59.02,S,40898250,-73764681,,4479,492,9,213,8,339,27,0,4,95
G36011900060,1990,NY,,,,,,,,,0060,,,70,Westchester,119,,,2,5602,,,,5600,1,New York,36,,,,0000000920,0000000000,Tract 60,S,40915300,-73776629,,1746,454,1,36,7,464,17,1,0,136
G36011900061,1990,NY,,,,,,,,,0061,,,70,Westchester,119,,,2,5602,,,,5600,1,New York,36,,,,0000000885,0000000000,Tract 61,S,40904967,-73793127,,1205,541,1,43,9,368,16,0,3,184
G36011900062,1990,NY,,,,,,,,,0062,,,70,Westchester,119,,,2,5602,,,,5600,1,New York,36,,,,0000000703,0000000000,Tract 62,S,40911600,-73797149,,2539,682,11,57,9,613,28,2,2,428
G36011900063,1990,NY,,,,,,,,,0063,,,70,Westchester,119,,,2,5602,,,,5600,1,New York,36,,,,0000000730,0000000000,Tract 63,S,40913019,-73788530,,2071,1662,7,284,10,724,37,0,6,232
G36011900064,1990,NY,,,,,,,,,0064,,,70,Westchester,119,,,2,5602,,,,5600,1,New York,36,,,,0000001032,0000000015,Tract 64,S,40919350,-73795879,,939,3752,20,64,12,109,65,2,2,79
G36011900065,1990,NY,,,,,,,,,0065,,,70,Westchester,119,,,2,5602,,,,5600,1,New York,36,,,,0000002142,0000000000,Tract 65,S,40925050,-73778315,,2091,1920,3,90,7,338,77,0,6,123
G36011900066,1990,NY,,,,,,,,,0066,,,70,Westchester,119,,,2,5602,,,,5600,1,New York,36,,,,0000001893,0000000060,Tract 66,S,40929533,-73799238,,4313,337,2,149,7,174,9,2,3,29
G36011900067,1990,NY,,,,,,,,,0067,,,70,Westchester,119,,,2,5602,,,,5600,1,New York,36,,,,0000003763,0000000123,Tract 67,S,40939084,-73779079,,4211,513,1,119,7,130,15,1,0,21
G3601190006801,1990,NY,,,,,,,,,006801,,,70,Westchester,119,,,2,5602,,,,5600,1,New York,36,,,,0000003663,0000000086,Tract 68.01,S,40974067,-73786140,,4957,217,1,180,1,96,11,0,8,7
G3601190006802,1990,NY,,,,,,,,,006802,,,70,Westchester,119,,,2,5602,,,,5600,1,New York,36,,,,0000004823,0000000063,Tract 68.02,S,40952250,-73789715,,4715,189,0,166,6,126,13,1,5,20
G36011900069,1990,NY,,,,,,,,,0069,,,70,Westchester,119,,,2,5602,,,,5600,1,New York,36,,,,0000006806,0000000112,Tract 69,S,40954367,-73755655,,5118,105,1,250,2,238,12,0,1,19
G36011900070,1990,NY,,,,,,,,,0070,,,70,Westchester,119,,,2,5602,,,,5600,1,New York,36,,,,0000002397,0000004280,Tract 70,S,40913550,-73755807,,5240,113,13,275,0,147,3,0,0,27
G36011900071,1990,NY,,,,,,,,,0071,,,70,Westchester,119,,,2,5602,,,,5600,1,New York,36,,,,0000002774,0000006879,Tract 71,S,40915936,-73747746,,5617,74,2,185,8,239,11,0,0,45
G36011900072,1990,NY,,,,,,,,,0072,,,70,Westchester,119,,,2,5602,,,,5600,1,New York,36,,,,0000003527,0000007957,Tract 72,S,40928500,-73728017,,5058,237,6,117,5,448,11,3,0,171
G36011900073,1990,NY,,,,,,,,,0073,,,70,Westchester,119,,,2,5602,,,,5600,1,New York,36,,,,0000001654,0000000008,Tract 73,S,40957593,-73740117,,2764,410,3,101,4,433,14,0,11,172
G3601190007401,1990,NY,,,,,,,,,007401,,,70,Westchester,119,,,2,5602,,,,5600,1,New York,36,,,,0000001223,0000000000,Tract 74.01,S,40958226,-73730468,,3609,186,5,161,3,314,18,0,6,87
G3601190007402,1990,NY,,,,,,,,,007402,,,70,Westchester,119,,,2,5602,,,,5600,1,New York,36,,,,0000001733,0000000849,Tract 74.02,S,40947800,-73722892,,2377,7,0,149,2,83,1,0,0,21
G36011900075,1990,NY,,,,,,,,,0075,,,70,Westchester,119,,,2,5602,,,,5600,1,New York,36,,,,0000004873,0000001777,Tract 75,S,40952550,-73703381,,3519,39,2,427,1,83,2,2,0,6
G36011900076,1990,NY,,,,,,,,,0076,,,70,Westchester,119,,,2,5602,,,,5600,1,New York,36,,,,0000005567,0000035155,Tract 76,S,40953427,-73663600,,5186,115,3,271,8,180,3,0,11,72
G36011900077,1990,NY,,,,,,,,,0077,,,70,Westchester,119,,,2,5602,,,,5600,1,New York,36,,,,0000004526,0000000000,Tract 77,S,40982550,-73687092,,4268,79,3,318,3,255,4,0,3,73
G36011900078,1990,NY,,,,,,,,,0078,,,70,Westchester,119,,,2,5602,,,,5600,1,New York,36,,,,0000001133,0000000141,Tract 78,S,40991217,-73667779,,1421,695,2,16,9,1113,28,1,1,374
G36011900079,1990,NY,,,,,,,,,0079,,,70,Westchester,119,,,2,5602,,,,5600,1,New York,36,,,,0000001046,0000000000,Tract 79,S,40999650,-73675262,,3275,662,4,158,14,1325,78,1,4,363
G36011900080,1990,NY,,,,,,,,,0080,,,70,Westchester,119,,,2,5602,,,,5600,1,New York,36,,,,0000000832,0000000118,Tract 80,S,41001650,-73664648,,1216,866,4,42,9,1706,55,4,4,879
G36011900081,1990,NY,,,,,,,,,0081,,,70,Westchester,119,,,2,5602,,,,5600,1,New York,36,,,,0000000830,0000000040,Tract 81,S,41010850,-73659778,,2453,73,2,61,15,646,19,6,3,243
G36011900082,1990,NY,,,,,,,,,0082,,,70,Westchester,119,,,2,5602,,,,5600,1,New York,36,,,,0000002269,0000000000,Tract 82,S,41014550,-73670802,,6103,50,0,133,6,382,2,0,4,205
G3601190008301,1990,NY,,,,,,,,,008301,,,70,Westchester,119,,,2,5602,,,,5600,1,New York,36,,,,0000001040,0000000019,Tract 83.01,S,41006675,-73682640,,2127,67,0,46,1,167,0,0,2,85
G3601190008302,1990,NY,,,,,,,,,008302,,,70,Westchester,119,,,2,5602,,,,5600,1,New York,36,,,,0000007949,0000000000,Tract 83.02,S,41032121,-73686052,,4838,42,1,249,0,110,8,5,0,10
G3601190008401,1990,NY,,,,,,,,,008401,,,70,Westchester,119,,,2,5602,,,,5600,1,New York,36,,,,0000003612,0000000000,Tract 84.01,S,40975647,-73728968,,1832,11,0,95,0,47,1,0,6,1
G3601190008403,1990,NY,,,,,,,,,008403,,,70,Westchester,119,,,2,5602,,,,5600,1,New York,36,,,,0000001278,0000000000,Tract 84.03,S,40970146,-73719445,,3170,12,0,183,0,135,0,0,0,12
G3601190008404,1990,NY,,,,,,,,,008404,,,70,Westchester,119,,,2,5602,,,,5600,1,New York,36,,,,0000001127,0000000000,Tract 84.04,S,40964760,-73715064,,3869,8,4,331,1,180,0,0,2,44
G36011900085,1990,NY,,,,,,,,,0085,,,70,Westchester,119,,,2,5602,,,,5600,1,New York,36,,,,0000013341,0000000000,Tract 85,S,40998777,-73707314,,3073,70,1,86,0,93,0,0,2,21
G3601190008601,1990,NY,,,,,,,,,008601,,,70,Westchester,119,,,2,5602,,,,5600,1,New York,36,,,,0000001937,0000000000,Tract 86.01,S,41042071,-73698259,,1253,128,5,71,7,44,9,1,1,65
G3601190008602,1990,NY,,,,,,,,,008602,,,70,Westchester,119,,,2,5602,,,,5600,1,New York,36,,,,0000020028,0000001342,Tract 86.02,S,41046604,-73722186,,2895,88,2,159,2,144,1,1,2,46
G36011900087,1990,NY,,,,,,,,,0087,,,70,Westchester,119,,,2,5602,,,,5600,1,New York,36,,,,0000002266,0000000107,Tract 87,S,41041923,-73745997,,4725,26,3,53,2,226,3,0,0,58
G36011900088,1990,NY,,,,,,,,,0088,,,70,Westchester,119,,,2,5602,,,,5600,1,New York,36,,,,0000000445,0000000000,Tract 88,S,41034550,-73760594,,1954,800,3,118,16,422,26,0,1,242
G3601190008901,1990,NY,,,,,,,,,008901,,,70,Westchester,119,,,2,5602,,,,5600,1,New York,36,,,,0000001082,0000000000,Tract 89.01,S,41042900,-73767421,,4030,338,5,242,2,287,20,0,1,145
G3601190008902,1990,NY,,,,,,,,,008902,,,70,Westchester,119,,,2,5602,,,,5600,1,New York,36,,,,0000003406,0000000224,Tract 89.02,S,41052650,-73759844,,1943,870,6,80,12,230,7,0,0,142
G36011900090,1990,NY,,,,,,,,,0090,,,70,Westchester,119,,,2,5602,,,,5600,1,New York,36,,,,0000001272,0000000012,Tract 90,S,41040350,-73773226,,1603,840,1,124,1,369,54,26,1,145
G36011900091,1990,NY,,,,,,,,,0091,,,70,Westchester,119,,,2,5602,,,,5600,1,New York,36,,,,0000001120,0000000000,Tract 91,S,41029500,-73784640,,2445,1045,5,131,16,583,48,6,5,528
G36011900092,1990,NY,,,,,,,,,0092,,,70,Westchester,119,,,2,5602,,,,5600,1,New York,36,,,,0000001278,0000000000,Tract 92,S,41022300,-73776955,,2351,1666,4,92,10,1047,93,4,7,316
G36011900093,1990,NY,,,,,,,,,0093,,,70,Westchester,119,,,2,5602,,,,5600,1,New York,36,,,,0000000571,0000000000,Tract 93,S,41029300,-73770688,,503,1492,3,50,3,275,47,1,0,63
G36011900094,1990,NY,,,,,,,,,0094,,,70,Westchester,119,,,2,5602,,,,5600,1,New York,36,,,,0000000674,0000000000,Tract 94,S,41029550,-73761911,,1232,567,6,95,7,539,30,0,1,164
G36011900095,1990,NY,,,,,,,,,0095,,,70,Westchester,119,,,2,5602,,,,5600,1,New York,36,,,,0000000648,0000000000,Tract 95,S,41022700,-73765369,,3000,794,5,127,8,457,45,1,5,105
G36011900096,1990,NY,,,,,,,,,0096,,,70,Westchester,119,,,2,5602,,,,5600,1,New York,36,,,,0000002258,0000000000,Tract 96,S,41012717,-73766876,,4057,136,2,131,7,112,8,0,0,13
G3601190009701,1990,NY,,,,,,,,,009701,,,70,Westchester,119,,,2,5602,,,,5600,1,New York,36,,,,0000002320,0000000000,Tract 97.01,S,41001433,-73753256,,2363,81,0,88,2,65,4,0,0,7
G3601190009702,1990,NY,,,,,,,,,009702,,,70,Westchester,119,,,2,5602,,,,5600,1,New York,36,,,,0000004850,0000000000,Tract 97.02,S,41019350,-73747078,,2755,184,3,97,1,80,20,0,1,23
G3601190009703,1990,NY,,,,,,,,,009703,,,70,Westchester,119,,,2,5602,,,,5600,1,New York,36,,,,0000005494,0000000000,Tract 97.03,S,41003493,-73734643,,3109,56,1,98,2,72,0,0,0,7
G36011900098,1990,NY,,,,,,,,,0098,,,70,Westchester,119,,,2,5602,,,,5600,1,New York,36,,,,0000006681,0000000000,Tract 98,S,40977200,-73762849,,3619,120,2,528,2,57,7,0,1,12
G36011900099,1990,NY,,,,,,,,,0099,,,70,Westchester,119,,,2,5602,,,,5600,1,New York,36,,,,0000004909,0000000018,Tract 99,S,40996150,-73782069,,2537,73,1,255,1,79,2,0,0,12
G36011900100,1990,NY,,,,,,,,,0100,,,70,Westchester,119,,,2,5602,,,,5600,1,New York,36,,,,0000003712,0000000000,Tract 100,S,41002750,-73793041,,4052,109,0,617,7,81,5,1,1,3
G36011900101,1990,NY,,,,,,,,,0101,,,70,Westchester,119,,,2,5602,,,,5600,1,New York,36,,,,0000001877,0000000000,Tract 101,S,40984373,-73799810,,3714,62,0,911,5,88,3,0,6,14
G36011900102,1990,NY,,,,,,,,,0102,,,70,Westchester,119,,,2,5602,,,,5600,1,New York,36,,,,0000003425,0000000000,Tract 102,S,40991100,-73871299,,4402,90,5,206,6,66,5,0,1,9
G36011900103,1990,NY,,,,,,,,,0103,,,70,Westchester,119,,,2,5602,,,,5600,1,New York,36,,,,0000001652,0000002452,Tract 103,S,40990184,-73886263,,2645,109,2,200,3,84,113,0,0,54
G36011900104,1990,NY,,,,,,,,,0104,,,70,Westchester,119,,,2,5602,,,,5600,1,New York,36,,,,0000001748,0000001896,Tract 104,S,41015917,-73877696,,2841,106,0,169,5,141,8,0,2,34
G36011900105,1990,NY,,,,,,,,,0105,,,70,Westchester,119,,,2,5602,,,,5600,1,New York,36,,,,0000004567,0000000000,Tract 105,S,41011767,-73861824,,5340,471,4,515,7,188,8,4,5,92
G36011900106,1990,NY,,,,,,,,,0106,,,70,Westchester,119,,,2,5602,,,,5600,1,New York,36,,,,0000003408,0000000000,Tract 106,S,41014600,-73841236,,3738,49,1,406,0,89,8,0,2,39
G3601190010701,1990,NY,,,,,,,,,010701,,,70,Westchester,119,,,2,5602,,,,5600,1,New York,36,,,,0000009536,0000000064,Tract 107.01,S,40996452,-73839847,,4659,102,1,1067,3,124,12,0,7,11
G3601190010702,1990,NY,,,,,,,,,010702,,,70,Westchester,119,,,2,5602,,,,5600,1,New York,36,,,,0000003319,0000000029,Tract 107.02,S,40999328,-73810275,,3952,97,2,1018,1,155,12,0,1,38
G3601190010801,1990,NY,,,,,,,,,010801,,,70,Westchester,119,,,2,5602,,,,5600,1,New York,36,,,,0000003615,0000000000,Tract 108.01,S,41024002,-73814225,,2276,171,3,180,14,81,3,4,0,24
G3601190010803,1990,NY,,,,,,,,,010803,,,70,Westchester,119,,,2,5602,,,,5600,1,New York,36,,,,0000003046,0000000000,Tract 108.03,S,41033148,-73802292,,3143,416,1,300,3,164,22,1,1,88
G3601190010804,1990,NY,,,,,,,,,010804,,,70,Westchester,119,,,2,5602,,,,5600,1,New York,36,,,,0000001216,0000000000,Tract 108.04,S,41020810,-73793032,,2219,74,0,286,3,84,9,1,0,16
G3601190010901,1990,NY,,,,,,,,,010901,,,70,Westchester,119,,,2,5602,,,,5600,1,New York,36,,,,0000003129,0000000000,Tract 109.01,S,41060375,-73793176,,1165,317,0,70,6,43,4,0,0,17
G3601190010902,1990,NY,,,,,,,,,010902,,,70,Westchester,119,,,2,5602,,,,5600,1,New York,36,,,,0000003868,0000000000,Tract 109.02,S,41050197,-73782442,,1852,2390,19,140,9,231,49,1,4,69
G3601190010903,1990,NY,,,,,,,,,010903,,,70,Westchester,119,,,2,5602,,,,5600,1,New York,36,,,,0000002295,0000000000,Tract 109.03,S,41044800,-73803782,,1162,2848,18,142,13,150,73,2,0,73
G36011900110,1990,NY,,,,,,,,,0110,,,70,Westchester,119,,,2,5602,,,,5600,1,New York,36,,,,0000005081,0000000000,Tract 110,S,41067381,-73816955,,991,1079,1,71,1,58,16,0,0,43
G3601190011101,1990,NY,,,,,,,,,011101,,,70,Westchester,119,,,2,5602,,,,5600,1,New York,36,,,,0000008917,0000000000,Tract 111.01,S,41053173,-73835913,,2932,227,8,307,2,101,17,0,0,34
G3601190011102,1990,NY,,,,,,,,,011102,,,70,Westchester,119,,,2,5602,,,,5600,1,New York,36,,,,0000002698,0000000000,Tract 111.02,S,41027847,-73833445,,2519,135,5,196,0,52,5,0,1,2
G36011900112,1990,NY,,,,,,,,,0112,,,70,Westchester,119,,,2,5602,,,,5600,1,New York,36,,,,0000002594,0000000000,Tract 112,S,41053500,-73815299,,2311,1048,10,109,5,323,51,7,18,56
G36011900113,1990,NY,,,,,,,,,0113,,,70,Westchester,119,,,2,5602,,,,5600,1,New York,36,,,,0000007218,0000003236,Tract 113,S,41038600,-73867341,,5515,100,5,505,5,173,11,0,1,33
G36011900114,1990,NY,,,,,,,,,0114,,,70,Westchester,119,,,2,5602,,,,5600,1,New York,36,,,,0000006283,0000004176,Tract 114,S,41062313,-73866224,,5033,194,6,298,2,201,14,0,4,79
G36011900115,1990,NY,,,,,,,,,0115,,,70,Westchester,119,,,2,5602,,,,5600,1,New York,36,,,,0000001441,0000002702,Tract 115,S,41071533,-73879317,,3128,525,2,142,10,816,36,1,0,248
G36011900116,1990,NY,,,,,,,,,0116,,,70,Westchester,119,,,2,5602,,,,5600,1,New York,36,,,,0000001096,0000003746,Tract 116,S,41084067,-73884221,,2325,482,5,37,11,1755,169,35,4,662
G36011900117,1990,NY,,,,,,,,,0117,,,70,Westchester,119,,,2,5602,,,,5600,1,New York,36,,,,0000004666,0000003787,Tract 117,S,41097939,-73869434,,2449,34,1,54,1,130,1,0,0,26
G36011900118,1990,NY,,,,,,,,,0118,,,70,Westchester,119,,,2,5602,,,,5600,1,New York,36,,,,0000028759,0000003298,Tract 118,S,41120322,-73825637,,3766,58,11,196,7,94,3,0,2,15
G3601190011901,1990,NY,,,,,,,,,011901,,,70,Westchester,119,,,2,5602,,,,5600,1,New York,36,,,,0000004414,0000000000,Tract 119.01,S,41079034,-73811047,,977,1177,32,102,2,177,166,17,1,145
G3601190011902,1990,NY,,,,,,,,,011902,,,70,Westchester,119,,,2,5602,,,,5600,1,New York,36,,,,0000007665,0000000012,Tract 119.02,S,41083744,-73784102,,3996,32,2,65,5,81,1,1,0,16
G36011900120,1990,NY,,,,,,,,,0120,,,70,Westchester,119,,,2,5602,,,,5600,1,New York,36,,,,0000004506,0000000000,Tract 120,S,41104275,-73793845,,4490,99,3,50,1,65,9,1,0,46
G3601190012101,1990,NY,,,,,,,,,012101,,,70,Westchester,119,,,2,5602,,,,5600,1,New York,36,,,,0000010304,0000002209,Tract 121.01,S,41116619,-73760184,,4760,54,0,253,5,74,0,0,0,8
G3601190012102,1990,NY,,,,,,,,,012102,,,70,Westchester,119,,,2,5602,,,,5600,1,New York,36,,,,0000004371,0000000000,Tract 121.02,S,41120299,-73776269,,3817,111,3,72,3,88,4,2,1,53
G36011900122,1990,NY,,,,,,,,,0122,,,70,Westchester,119,,,2,5602,,,,5600,1,New York,36,,,,0000004695,0000000000,Tract 122,S,41136422,-73783289,,5923,113,2,218,0,222,13,0,5,40
G3601190012301,1990,NY,,,,,,,,,012301,,,70,Westchester,119,,,2,5602,,,,5600,1,New York,36,,,,0000003966,0000001425,Tract 123.01,S,41073523,-73757283,,1825,115,2,48,2,123,12,0,0,25
G3601190012303,1990,NY,,,,,,,,,012303,,,70,Westchester,119,,,2,5602,,,,5600,1,New York,36,,,,0000026957,0000004321,Tract 123.03,S,41118592,-73721623,,3133,74,2,123,2,77,1,0,0,16
G3601190012304,1990,NY,,,,,,,,,012304,,,70,Westchester,119,,,2,5602,,,,5600,1,New York,36,,,,0000031446,0000000476,Tract 123.04,S,41155979,-73660071,,4136,27,1,190,3,107,7,0,1,9
G36011900124,1990,NY,,,,,,,,,0124,,,70,Westchester,119,,,2,5602,,,,5600,1,New York,36,,,,0000059058,0000001750,Tract 124,S,41216362,-73576654,,4353,67,8,55,4,46,3,1,1,12
G3601190012501,1990,NY,,,,,,,,,012501,,,70,Westchester,119,,,2,5602,,,,5600,1,New York,36,,,,0000015839,0000001427,Tract 125.01,S,41289247,-73656487,,2446,64,5,66,2,50,0,0,0,4
G3601190012502,1990,NY,,,,,,,,,012502,,,70,Westchester,119,,,2,5602,,,,5600,1,New York,36,,,,0000036214,0000001322,Tract 125.02,S,41281694,-73585915,,4925,34,6,68,5,105,3,0,0,4
G3601190012503,1990,NY,,,,,,,,,012503,,,70,Westchester,119,,,2,5602,,,,5600,1,New York,36,,,,0000020119,0000000562,Tract 125.03,S,41233154,-73517650,,3382,26,1,60,3,52,1,0,0,15
G36011900126,1990,NY,,,,,,,,,0126,,,70,Westchester,119,,,2,5602,,,,5600,1,New York,36,,,,0000026489,0000003763,Tract 126,S,41255817,-73659920,,4162,149,5,79,1,70,0,0,3,25
G36011900127,1990,NY,,,,,,,,,0127,,,70,Westchester,119,,,2,5602,,,,5600,1,New York,36,,,,0000042657,0000000700,Tract 127,S,41195891,-73658155,,4319,39,5,36,3,107,1,0,0,19
G36011900128,1990,NY,,,,,,,,,0128,,,70,Westchester,119,,,2,5602,,,,5600,1,New York,36,,,,0000027326,0000000994,Tract 128,S,41233692,-73703131,,5771,959,15,120,6,460,97,14,3,424
G36011900129,1990,NY,,,,,,,,,0129,,,70,Westchester,119,,,2,5602,,,,5600,1,New York,36,,,,0000001474,0000000000,Tract 129,S,41207666,-73728939,,2524,457,14,110,2,466,38,3,17,140
G36011900130,1990,NY,,,,,,,,,0130,,,70,Westchester,119,,,2,5602,,,,5600,1,New York,36,,,,0000006550,0000000000,Tract 130,S,41196892,-73730842,,4493,241,7,147,5,369,13,0,2,60
G3601190013102,1990,NY,,,,,,,,,013102,,,70,Westchester,119,,,2,5602,,,,5600,1,New York,36,,,,0000020644,0000000156,Tract 131.02,S,41162451,-73741658,,5276,53,7,313,1,155,3,0,3,15
G3601190013103,1990,NY,,,,,,,,,013103,,,70,Westchester,119,,,2,5602,,,,5600,1,New York,36,,,,0000021952,0000000147,Tract 131.03,S,41190762,-73812789,,4345,103,2,292,7,98,4,0,0,15
G3601190013104,1990,NY,,,,,,,,,013104,,,70,Westchester,119,,,2,5602,,,,5600,1,New York,36,,,,0000017355,0000000405,Tract 131.04,S,41197207,-73768593,,5534,72,1,267,0,87,4,0,0,8
G3601190013201,1990,NY,,,,,,,,,013201,,,70,Westchester,119,,,2,5602,,,,5600,1,New York,36,,,,0000010652,0000001936,Tract 132.01,S,41136555,-73853159,,3611,90,0,219,3,91,14,1,0,38
G3601190013202,1990,NY,,,,,,,,,013202,,,70,Westchester,119,,,2,5602,,,,5600,1,New York,36,,,,0000004626,0000000000,Tract 132.02,S,41151300,-73831563,,2759,38,1,124,0,59,3,0,0,11
G3601190013301,1990,NY,,,,,,,,,013301,,,70,Westchester,119,,,2,5602,,,,5600,1,New York,36,,,,0000000773,0000001768,Tract 133.01,S,41155833,-73884689,,621,1314,4,43,6,399,58,8,0,105
G3601190013303,1990,NY,,,,,,,,,013303,,,70,Westchester,119,,,2,5602,,,,5600,1,New York,36,,,,0000000256,0000000000,Tract 133.03,S,41150902,-73868044,,264,1170,2,4,6,158,327,3,0,350
G3601190013304,1990,NY,,,,,,,,,013304,,,70,Westchester,119,,,2,5602,,,,5600,1,New York,36,,,,0000001251,0000002683,Tract 133.04,S,41145734,-73879948,,1996,1283,4,46,4,558,51,0,0,192
G36011900134,1990,NY,,,,,,,,,0134,,,70,Westchester,119,,,2,5602,,,,5600,1,New York,36,,,,0000001837,0000000016,Tract 134,S,41161108,-73851053,,5084,369,4,188,3,352,41,13,2,94
G36011900135,1990,NY,,,,,,,,,0135,,,70,Westchester,119,,,2,5602,,,,5600,1,New York,36,,,,0000001659,0000000000,Tract 135,S,41172339,-73844844,,3441,100,1,62,1,237,1,0,9,51
G36011900136,1990,NY,,,,,,,,,0136,,,70,Westchester,119,,,2,5602,,,,5600,1,New York,36,,,,0000002538,0000003633,Tract 136,S,41170394,-73874275,,2296,470,13,70,21,430,30,5,6,212
G36011900137,1990,NY,,,,,,,,,0137,,,70,Westchester,119,,,2,5602,,,,5600,1,New York,36,,,,0000007957,0000000080,Tract 137,S,41179009,-73847007,,4718,78,5,136,3,133,3,0,3,38
G36011900138,1990,NY,,,,,,,,,0138,,,70,Westchester,119,,,2,5602,,,,5600,1,New York,36,,,,0000002868,0000002093,Tract 138,S,41192406,-73881846,,2994,38,3,58,1,94,0,0,0,15
G36011900139,1990,NY,,,,,,,,,0139,,,70,Westchester,119,,,2,5602,,,,5600,1,New York,36,,,,0000009476,0000013604,Tract 139,S,41194441,-73908074,,3472,93,11,118,0,87,1,0,1,59
G36011900140,1990,NY,,,,,,,,,0140,,,70,Westchester,119,,,2,5602,,,,5600,1,New York,36,,,,0000003582,0000000765,Tract 140,S,41263225,-73944853,,1918,4,0,10,0,30,0,0,0,8
G36011900141,1990,NY,,,,,,,,,0141,,,70,Westchester,119,,,2,5602,,,,5600,1,New York,36,,,,0000003110,0000002448,Tract 141,S,41281657,-73937387,,3623,625,14,66,14,288,26,0,2,118
G36011900142,1990,NY,,,,,,,,,0142,,,70,Westchester,119,,,2,5602,,,,5600,1,New York,36,,,,0000002209,0000000456,Tract 142,S,41299495,-73926096,,1979,701,5,137,9,264,39,0,8,100
G36011900143,1990,NY,,,,,,,,,0143,,,70,Westchester,119,,,2,5602,,,,5600,1,New York,36,,,,0000000719,0000000000,Tract 143,S,41291470,-73914733,,1343,1496,10,65,20,206,71,5,0,182
G36011900144,1990,NY,,,,,,,,,0144,,,70,Westchester,119,,,2,5602,,,,5600,1,New York,36,,,,0000002414,0000000046,Tract 144,S,41296813,-73907521,,3345,817,6,110,18,310,24,0,3,92
G36011900145,1990,NY,,,,,,,,,0145,,,70,Westchester,119,,,2,5602,,,,5600,1,New York,36,,,,0000002741,0000000014,Tract 145,S,41284172,-73912086,,2839,342,2,46,7,98,2,0,0,59
G3601190014603,1990,NY,,,,,,,,,014603,,,70,Westchester,119,,,2,5602,,,,5600,1,New York,36,,,,0000000954,0000001537,Tract 146.03,S,41233481,-73937934,,498,177,1,10,0,55,10,0,0,11
G3601190014604,1990,NY,,,,,,,,,014604,,,70,Westchester,119,,,2,5602,,,,5600,1,New York,36,,,,0000005702,0000003911,Tract 146.04,S,41242265,-73948341,,4167,26,1,64,0,107,5,0,1,17
G3601190014605,1990,NY,,,,,,,,,014605,,,70,Westchester,119,,,2,5602,,,,5600,1,New York,36,,,,0000004027,0000001442,Tract 146.05,S,41230661,-73914132,,2693,107,3,78,0,49,0,0,3,2
G3601190014606,1990,NY,,,,,,,,,014606,,,70,Westchester,119,,,2,5602,,,,5600,1,New York,36,,,,0000036897,0000002358,Tract 146.06,S,41246413,-73882622,,4992,132,7,121,5,116,5,0,3,9
G3601190014607,1990,NY,,,,,,,,,014607,,,70,Westchester,119,,,2,5602,,,,5600,1,New York,36,,,,0000008037,0000000000,Tract 146.07,S,41283990,-73877076,,2797,111,4,76,7,127,0,0,0,22
G3601190014701,1990,NY,,,,,,,,,014701,,,70,Westchester,119,,,2,5602,,,,5600,1,New York,36,,,,0000019922,0000001510,Tract 147.01,S,41313239,-73930359,,3814,354,6,53,5,154,12,4,1,36
G3601190014703,1990,NY,,,,,,,,,014703,,,70,Westchester,119,,,2,5602,,,,5600,1,New York,36,,,,0000006940,0000000000,Tract 147.03,S,41322046,-73880161,,4960,176,4,80,2,168,16,0,0,30
G3601190014704,1990,NY,,,,,,,,,014704,,,70,Westchester,119,,,2,5602,,,,5600,1,New York,36,,,,0000004325,0000000031,Tract 147.04,S,41300686,-73869416,,1544,158,3,37,11,86,3,0,0,6
G3601190014804,1990,NY,,,,,,,,,014804,,,70,Westchester,119,,,2,5602,,,,5600,1,New York,36,,,,0000011685,0000000516,Tract 148.04,S,41318005,-73840077,,5771,297,12,95,1,261,37,1,3,80
G3601190014805,1990,NY,,,,,,,,,014805,,,70,Westchester,119,,,2,5602,,,,5600,1,New York,36,,,,0000037539,0000004500,Tract 148.05,S,41246895,-73817627,,3328,92,3,67,0,70,26,0,2,21
G3601190014806,1990,NY,,,,,,,,,014806,,,70,Westchester,119,,,2,5602,,,,5600,1,New York,36,,,,0000010176,0000000160,Tract 148.06,S,41316512,-73808606,,5911,112,4,199,6,149,2,2,0,43
G3601190014807,1990,NY,,,,,,,,,014807,,,70,Westchester,119,,,2,5602,,,,5600,1,New York,36,,,,0000007740,0000000047,Tract 148.07,S,41316504,-73788816,,7220,139,0,132,12,148,10,0,0,29
G3601190014808,1990,NY,,,,,,,,,014808,,,70,Westchester,119,,,2,5602,,,,5600,1,New York,36,,,,0000009030,0000000585,Tract 148.08,S,41284870,-73794946,,3016,52,1,153,1,85,0,1,6,20
G3601190014809,1990,NY,,,,,,,,,014809,,,70,Westchester,119,,,2,5602,,,,5600,1,New York,36,,,,0000018979,0000000860,Tract 148.09,S,41250015,-73788615,,5258,189,4,175,1,185,1,0,0,34
G3601190014902,1990,NY,,,,,,,,,014902,,,70,Westchester,119,,,2,5602,,,,5600,1,New York,36,,,,0000033463,0000002423,Tract 149.02,S,41275719,-73736626,,3205,171,6,78,0,62,23,0,0,33
G3601190014905,1990,NY,,,,,,,,,014905,,,70,Westchester,119,,,2,5602,,,,5600,1,New York,36,,,,0000011837,0000000004,Tract 149.05,S,41337342,-73697845,,4951,58,0,135,4,67,1,0,0,12
G3601190014906,1990,NY,,,,,,,,,014906,,,70,Westchester,119,,,2,5602,,,,5600,1,New York,36,,,,0000010743,0000000830,Tract 149.06,S,41320138,-73676105,,1282,9,0,34,1,14,0,0,0,2
G3601190014907,1990,NY,,,,,,,,,014907,,,70,Westchester,119,,,2,5602,,,,5600,1,New York,36,,,,0000007474,0000000185,Tract 149.07,S,41333977,-73737634,,3237,29,1,35,2,76,4,0,0,13
G3601190014908,1990,NY,,,,,,,,,014908,,,70,Westchester,119,,,2,5602,,,,5600,1,New York,36,,,,0000014302,0000002299,Tract 149.08,S,41312692,-73757794,,2532,36,0,54,0,44,0,0,0,5
G36011900150,1990,NY,,,,,,,,,0150,,,70,Westchester,119,,,2,5602,,,,5600,1,New York,36,,,,0000055481,0000003771,Tract 150,S,41332649,-73606169,,4548,29,3,50,0,90,1,0,3,1
G36012109901,1990,NY,,,,,,,,,9901,,,99,Wyoming,121,,,2,9999,,,,9999,1,New York,36,,,,0000160134,0000000080,BNA 9901,S,42829746,-78084369,,2775,4,5,4,2,7,1,0,0,0
G36012109902,1990,NY,,,,,,,,,9902,,,99,Wyoming,121,,,2,9999,,,,9999,1,New York,36,,,,0000092494,0000000784,BNA 9902,S,42831568,-78249832,,4693,1758,29,10,8,208,223,1,0,453
G36012109903,1990,NY,,,,,,,,,9903,,,99,Wyoming,121,,,2,9999,,,,9999,1,New York,36,,,,0000142585,0000000568,BNA 9903,S,42830962,-78398916,,3040,0,0,3,0,3,0,0,0,0
G36012109904,1990,NY,,,,,,,,,9904,,,99,Wyoming,121,,,2,9999,,,,9999,1,New York,36,,,,0000214749,0000000311,BNA 9904,S,42736805,-78318108,,3579,5,3,8,0,7,0,0,0,0
G36012109905,1990,NY,,,,,,,,,9905,,,99,Wyoming,121,,,2,9999,,,,9999,1,New York,36,,,,0000091808,0000000082,BNA 9905,S,42739705,-78131788,,5238,13,18,44,0,11,0,1,8,9
G36012109906,1990,NY,,,,,,,,,9906,,,99,Wyoming,121,,,2,9999,,,,9999,1,New York,36,,,,0000094214,0000000535,BNA 9906,S,42758737,-78014895,,5276,29,6,16,0,18,1,0,2,5
G36012109907,1990,NY,,,,,,,,,9907,,,99,Wyoming,121,,,2,9999,,,,9999,1,New York,36,,,,0000095856,0000003746,BNA 9907,S,42661797,-78022986,,3014,6,5,7,1,9,0,0,0,0
G36012109908,1990,NY,,,,,,,,,9908,,,99,Wyoming,121,,,2,9999,,,,9999,1,New York,36,,,,0000185045,0000001014,BNA 9908,S,42651970,-78193697,,3041,9,12,11,0,8,0,0,0,1
G36012109909,1990,NY,,,,,,,,,9909,,,99,Wyoming,121,,,2,9999,,,,9999,1,New York,36,,,,0000121984,0000000566,BNA 9909,S,42649665,-78387417,,2187,0,1,3,1,5,0,0,0,0
G36012109910,1990,NY,,,,,,,,,9910,,,99,Wyoming,121,,,2,9999,,,,9999,1,New York,36,,,,0000121947,0000000253,BNA 9910,S,42557352,-78388880,,3904,6,2,3,5,12,0,0,0,6
G36012109911,1990,NY,,,,,,,,,9911,,,99,Wyoming,121,,,2,9999,,,,9999,1,New York,36,,,,0000215000,0000001136,BNA 9911,S,42569208,-78173448,,2695,10,6,8,0,5,0,0,0,0
G36012309901,1990,NY,,,,,,,,,9901,,,99,Yates,123,,,2,9999,,,,9999,1,New York,36,,,,0000185941,0000053012,BNA 9901,S,42606329,-76952883,,5354,39,10,10,1,56,6,0,0,11
G36012309902,1990,NY,,,,,,,,,9902,,,99,Yates,123,,,2,9999,,,,9999,1,New York,36,,,,0000136761,0000000000,BNA 9902,S,42708976,-77077344,,5118,39,8,22,0,45,0,0,3,13
G36012309903,1990,NY,,,,,,,,,9903,,,99,Yates,123,,,2,9999,,,,9999,1,New York,36,,,,0000334537,0000010629,BNA 9903,S,42661588,-77258139,,4753,17,12,11,0,22,3,0,1,4
G36012309904,1990,NY,,,,,,,,,9904,,,99,Yates,123,,,2,9999,,,,9999,1,New York,36,,,,0000071816,0000014912,BNA 9904,S,42597965,-77117327,,3323,25,8,13,0,29,0,1,1,6
G36012309905,1990,NY,,,,,,,,,9905,,,99,Yates,123,,,2,9999,,,,9999,1,New York,36,,,,0000147012,0000008477,BNA 9905,S,42566083,-77046351,,3782,19,8,8,0,19,0,0,0,10