GISJOIN,YEAR,STATE,STATEA,COUNTY,COUNTYA,PRETRACTA,TRACTA,POSTTRCTA,AREANAME,inc0_to_500,inc500_to_999,inc1000_to_1499,inc1500_to_1999,inc2000_to_2499,inc2500_to_2999,inc3000_to_3499,inc3500_to_3999,inc4000_to_4499,inc4500_to_4999,inc5000_to_5999,inc6000_to_6999,inc7000_to_9999,inc10000_or_more
G36000500001,1950,New York,36,Bronx,005,,0001,,STCTY-36005 TRACT-    0001     IN NEW YORK NY,0,0,0,5,0,5,0,5,0,0,0,0,0,0
G36000500002,1950,New York,36,Bronx,005,,0002,,STCTY-36005 TRACT-    0002     IN NEW YORK NY,10,5,5,5,0,0,20,0,10,10,5,15,5,0
G36000500003,1950,New York,36,Bronx,005,,0003,,STCTY-36005 TRACT-    0003     IN NEW YORK NY,0,0,0,0,0,0,0,0,0,0,0,0,0,0
G36000500004,1950,New York,36,Bronx,005,,0004,,STCTY-36005 TRACT-    0004     IN NEW YORK NY,10,5,0,5,5,5,10,20,0,0,15,5,20,0
G36000500005,1950,New York,36,Bronx,005,,0005,,STCTY-36005 TRACT-    0005     IN NEW YORK NY,50,55,100,65,40,25,40,45,15,0,5,5,0,0
G36000500006,1950,New York,36,Bronx,005,,0006,,STCTY-36005 TRACT-    0006     IN NEW YORK NY,15,0,5,5,25,35,30,20,25,20,20,5,15,10
G36000500008,1950,New York,36,Bronx,005,,0008,,STCTY-36005 TRACT-    0008     IN NEW YORK NY,5,10,0,0,0,60,40,15,25,20,20,15,15,0
G36000500009,1950,New York,36,Bronx,005,,0009,,STCTY-36005 TRACT-    0009     IN NEW YORK NY,5,5,5,10,5,20,0,0,0,5,0,10,0,0
G36000500010,1950,New York,36,Bronx,005,,0010,,STCTY-36005 TRACT-    0010     IN NEW YORK NY,50,15,15,10,20,50,115,50,40,25,45,10,40,15
G36000500011,1950,New York,36,Bronx,005,,0011,,STCTY-36005 TRACT-    0011     IN NEW YORK NY,20,25,10,25,10,20,35,15,15,0,10,10,5,0
G36000500013,1950,New York,36,Bronx,005,,0013,,STCTY-36005 TRACT-    0013     IN NEW YORK NY,0,0,0,0,0,0,0,0,0,0,0,0,0,0
G36000500014,1950,New York,36,Bronx,005,,0014,,STCTY-36005 TRACT-    0014     IN NEW YORK NY,30,5,5,5,20,10,25,25,15,5,10,10,10,15
G36000500015,1950,New York,36,Bronx,005,,0015,,STCTY-36005 TRACT-    0015     IN NEW YORK NY,10,5,10,20,35,15,25,5,15,5,5,10,0,0
G36000500016,1950,New York,36,Bronx,005,,0016,,STCTY-36005 TRACT-    0016     IN NEW YORK NY,0,0,0,0,0,0,0,0,5,0,10,0,0,0
G36000500017,1950,New York,36,Bronx,005,,0017,,STCTY-36005 TRACT-    0017     IN NEW YORK NY,60,35,60,30,65,115,85,40,25,30,45,20,25,5
G36000500018,1950,New York,36,Bronx,005,,0018,,STCTY-36005 TRACT-    0018     IN NEW YORK NY,15,5,10,5,20,25,15,30,15,5,20,20,10,5
G36000500019,1950,New York,36,Bronx,005,,0019,,STCTY-36005 TRACT-    0019     IN NEW YORK NY,0,0,0,0,0,0,0,0,0,0,0,0,0,0
G36000500020,1950,New York,36,Bronx,005,,0020,,STCTY-36005 TRACT-    0020     IN NEW YORK NY,30,20,15,35,30,55,75,70,60,55,110,50,45,15
G36000500021,1950,New York,36,Bronx,005,,0021,,STCTY-36005 TRACT-    0021     IN NEW YORK NY,35,5,0,5,25,5,5,20,5,5,10,0,0,0
G36000500022,1950,New York,36,Bronx,005,,0022,,STCTY-36005 TRACT-    0022     IN NEW YORK NY,5,0,0,20,20,30,15,25,5,10,0,0,5,0
G36000500023,1950,New York,36,Bronx,005,,0023,,STCTY-36005 TRACT-    0023     IN NEW YORK NY,160,130,85,105,185,215,260,85,120,55,115,70,85,10
G36000500024,1950,New York,36,Bronx,005,,0024,,STCTY-36005 TRACT-    0024     IN NEW YORK NY,5,0,5,5,0,0,0,0,0,0,0,0,0,0
G36000500025,1950,New York,36,Bronx,005,,0025,,STCTY-36005 TRACT-    0025     IN NEW YORK NY,390,240,200,335,480,455,370,275,185,190,170,70,95,15
G360005000270,1950,New York,36,Bronx,005,,0027,0,STCTY-36005 TRACT-    0027.0   IN NEW YORK NY,235,140,205,210,310,280,205,160,170,160,135,70,60,10
G360005000271,1950,New York,36,Bronx,005,,0027,1,STCTY-36005 TRACT-    0027.1   IN NEW YORK NY,255,120,165,270,295,345,400,300,260,155,220,105,145,20
G36000500028,1950,New York,36,Bronx,005,,0028,,STCTY-36005 TRACT-    0028     IN NEW YORK NY,5,15,65,75,145,125,140,100,80,25,65,30,30,0
G36000500029,1950,New York,36,Bronx,005,,0029,,STCTY-36005 TRACT-    0029     IN NEW YORK NY,0,0,0,0,0,0,0,0,0,0,0,0,0,0
G36000500031,1950,New York,36,Bronx,005,,0031,,STCTY-36005 TRACT-    0031     IN NEW YORK NY,35,25,15,40,55,85,135,95,80,55,125,30,85,15
G36000500033,1950,New York,36,Bronx,005,,0033,,STCTY-36005 TRACT-    0033     IN NEW YORK NY,405,155,90,145,355,325,325,205,185,120,205,100,80,30
G36000500034,1950,New York,36,Bronx,005,,0034,,STCTY-36005 TRACT-    0034     IN NEW YORK NY,40,0,5,20,25,50,45,45,35,20,10,10,60,5
G36000500035,1950,New York,36,Bronx,005,,0035,,STCTY-36005 TRACT-    0035     IN NEW YORK NY,75,50,105,70,105,155,165,140,110,45,95,55,55,0
G36000500036,1950,New York,36,Bronx,005,,0036,,STCTY-36005 TRACT-    0036     IN NEW YORK NY,10,0,0,0,5,10,35,5,20,5,15,25,10,5
G36000500037,1950,New York,36,Bronx,005,,0037,,STCTY-36005 TRACT-    0037     IN NEW YORK NY,15,5,10,20,40,20,15,20,5,20,10,5,5,0
G36000500038,1950,New York,36,Bronx,005,,0038,,STCTY-36005 TRACT-    0038     IN NEW YORK NY,0,0,0,0,0,0,0,0,0,0,0,0,0,0
G36000500039,1950,New York,36,Bronx,005,,0039,,STCTY-36005 TRACT-    0039     IN NEW YORK NY,335,255,215,260,360,405,450,275,210,145,260,125,190,80
G36000500040,1950,New York,36,Bronx,005,,0040,,STCTY-36005 TRACT-    0040     IN NEW YORK NY,10,0,10,10,20,40,60,25,30,20,25,20,25,5
G36000500041,1950,New York,36,Bronx,005,,0041,,STCTY-36005 TRACT-    0041     IN NEW YORK NY,255,255,95,130,185,275,235,225,170,65,100,65,90,5
G36000500042,1950,New York,36,Bronx,005,,0042,,STCTY-36005 TRACT-    0042     IN NEW YORK NY,5,5,0,0,0,15,15,0,10,15,5,0,0,10
G36000500043,1950,New York,36,Bronx,005,,0043,,STCTY-36005 TRACT-    0043     IN NEW YORK NY,535,280,270,315,460,530,690,340,280,140,175,135,110,15
G36000500044,1950,New York,36,Bronx,005,,0044,,STCTY-36005 TRACT-    0044     IN NEW YORK NY,0,0,0,0,0,0,0,0,5,0,5,0,0,0
G36000500045,1950,New York,36,Bronx,005,,0045,,STCTY-36005 TRACT-    0045     IN NEW YORK NY,10,5,5,10,20,10,10,0,5,0,0,0,5,0
G36000500046,1950,New York,36,Bronx,005,,0046,,STCTY-36005 TRACT-    0046     IN NEW YORK NY,35,5,5,25,30,75,60,45,30,25,25,5,5,0
G36000500047,1950,New York,36,Bronx,005,,0047,,STCTY-36005 TRACT-    0047     IN NEW YORK NY,35,15,10,20,35,70,10,5,10,5,10,15,0,0
G36000500048,1950,New York,36,Bronx,005,,0048,,STCTY-36005 TRACT-    0048     IN NEW YORK NY,55,40,45,55,115,80,130,150,160,100,105,55,105,15
G36000500049,1950,New York,36,Bronx,005,,0049,,STCTY-36005 TRACT-    0049     IN NEW YORK NY,0,0,5,5,5,0,20,0,5,0,5,0,0,0
G36000500050,1950,New York,36,Bronx,005,,0050,,STCTY-36005 TRACT-    0050     IN NEW YORK NY,255,65,125,115,240,290,435,345,270,200,325,195,200,60
G36000500051,1950,New York,36,Bronx,005,,0051,,STCTY-36005 TRACT-    0051     IN NEW YORK NY,15,10,5,10,25,50,25,20,10,30,0,0,10,0
G36000500052,1950,New York,36,Bronx,005,,0052,,STCTY-36005 TRACT-    0052     IN NEW YORK NY,50,15,5,25,30,30,100,95,60,60,45,35,20,25
G36000500053,1950,New York,36,Bronx,005,,0053,,STCTY-36005 TRACT-    0053     IN NEW YORK NY,0,0,0,0,0,0,0,0,0,0,0,0,0,0
G36000500054,1950,New York,36,Bronx,005,,0054,,STCTY-36005 TRACT-    0054     IN NEW YORK NY,195,50,60,30,140,135,240,195,165,120,205,105,85,50
G36000500055,1950,New York,36,Bronx,005,,0055,,STCTY-36005 TRACT-    0055     IN NEW YORK NY,0,0,0,0,0,0,0,0,0,0,0,0,0,0
G36000500056,1950,New York,36,Bronx,005,,0056,,STCTY-36005 TRACT-    0056     IN NEW YORK NY,40,20,35,30,40,90,65,65,60,55,105,35,65,25
G36000500057,1950,New York,36,Bronx,005,,0057,,STCTY-36005 TRACT-    0057     IN NEW YORK NY,70,15,10,10,15,40,45,20,25,40,55,30,40,50
G36000500058,1950,New York,36,Bronx,005,,0058,,STCTY-36005 TRACT-    0058     IN NEW YORK NY,0,0,0,0,0,0,0,0,0,0,0,0,0,0
G36000500059,1950,New York,36,Bronx,005,,0059,,STCTY-36005 TRACT-    0059     IN NEW YORK NY,145,100,45,45,75,90,155,85,110,80,165,45,145,125
G36000500060,1950,New York,36,Bronx,005,,0060,,STCTY-36005 TRACT-    0060     IN NEW YORK NY,60,10,25,20,30,80,80,60,35,30,65,35,50,10
G36000500061,1950,New York,36,Bronx,005,,0061,,STCTY-36005 TRACT-    0061     IN NEW YORK NY,80,20,35,30,25,5,45,40,35,40,100,45,150,135
G36000500062,1950,New York,36,Bronx,005,,0062,,STCTY-36005 TRACT-    0062     IN NEW YORK NY,15,20,5,15,30,30,45,45,20,25,50,20,25,5
G36000500063,1950,New York,36,Bronx,005,,0063,,STCTY-36005 TRACT-    0063     IN NEW YORK NY,105,75,85,75,70,70,105,45,25,25,35,0,15,5
G36000500064,1950,New York,36,Bronx,005,,0064,,STCTY-36005 TRACT-    0064     IN NEW YORK NY,65,20,50,20,95,90,135,85,95,35,150,65,90,15
G36000500065,1950,New York,36,Bronx,005,,0065,,STCTY-36005 TRACT-    0065     IN NEW YORK NY,220,145,70,145,105,180,200,95,70,70,120,30,35,5
G36000500066,1950,New York,36,Bronx,005,,0066,,STCTY-36005 TRACT-    0066     IN NEW YORK NY,70,20,35,35,70,135,110,110,100,85,120,85,100,65
G36000500067,1950,New York,36,Bronx,005,,0067,,STCTY-36005 TRACT-    0067     IN NEW YORK NY,365,195,210,210,315,305,395,205,235,105,200,110,125,55
G36000500068,1950,New York,36,Bronx,005,,0068,,STCTY-36005 TRACT-    0068     IN NEW YORK NY,20,15,15,50,80,75,90,90,60,40,65,55,35,15
G36000500069,1950,New York,36,Bronx,005,,0069,,STCTY-36005 TRACT-    0069     IN NEW YORK NY,210,145,140,185,165,300,310,195,175,135,210,95,145,10
G36000500070,1950,New York,36,Bronx,005,,0070,,STCTY-36005 TRACT-    0070     IN NEW YORK NY,40,25,50,40,85,45,115,90,85,65,110,75,100,30
G36000500071,1950,New York,36,Bronx,005,,0071,,STCTY-36005 TRACT-    0071     IN NEW YORK NY,255,125,75,100,200,225,230,105,160,110,75,45,25,0
G36000500072,1950,New York,36,Bronx,005,,0072,,STCTY-36005 TRACT-    0072     IN NEW YORK NY,60,45,30,55,65,90,170,180,135,100,200,115,150,40
G36000500073,1950,New York,36,Bronx,005,,0073,,STCTY-36005 TRACT-    0073     IN NEW YORK NY,350,115,200,185,290,275,380,150,190,110,180,105,80,0
G36000500074,1950,New York,36,Bronx,005,,0074,,STCTY-36005 TRACT-    0074     IN NEW YORK NY,0,0,0,0,0,0,0,0,0,5,0,0,0,0
G36000500075,1950,New York,36,Bronx,005,,0075,,STCTY-36005 TRACT-    0075     IN NEW YORK NY,595,260,285,410,570,395,370,235,195,120,200,95,105,30
G36000500076,1950,New York,36,Bronx,005,,0076,,STCTY-36005 TRACT-    0076     IN NEW YORK NY,5,5,10,5,10,15,30,10,15,5,20,0,20,5
G36000500077,1950,New York,36,Bronx,005,,0077,,STCTY-36005 TRACT-    0077     IN NEW YORK NY,320,225,225,270,350,220,210,105,70,35,80,70,60,0
G36000500078,1950,New York,36,Bronx,005,,0078,,STCTY-36005 TRACT-    0078     IN NEW YORK NY,50,30,5,30,85,95,140,95,95,85,95,60,80,20
G36000500079,1950,New York,36,Bronx,005,,0079,,STCTY-36005 TRACT-    0079     IN NEW YORK NY,475,305,295,365,370,300,365,205,160,90,165,60,85,20
G36000500080,1950,New York,36,Bronx,005,,0080,,STCTY-36005 TRACT-    0080     IN NEW YORK NY,90,15,40,15,40,55,125,55,80,35,130,45,40,10
G36000500081,1950,New York,36,Bronx,005,,0081,,STCTY-36005 TRACT-    0081     IN NEW YORK NY,0,0,0,0,0,0,0,0,0,0,0,0,0,0
G36000500082,1950,New York,36,Bronx,005,,0082,,STCTY-36005 TRACT-    0082     IN NEW YORK NY,45,10,15,30,30,45,105,50,75,30,75,45,25,5
G36000500083,1950,New York,36,Bronx,005,,0083,,STCTY-36005 TRACT-    0083     IN NEW YORK NY,505,190,295,315,480,545,565,310,280,215,255,155,145,5
G36000500084,1950,New York,36,Bronx,005,,0084,,STCTY-36005 TRACT-    0084     IN NEW YORK NY,0,0,5,5,0,10,0,5,0,5,5,0,10,5
G36000500085,1950,New York,36,Bronx,005,,0085,,STCTY-36005 TRACT-    0085     IN NEW YORK NY,400,255,360,350,400,495,415,210,195,140,195,95,75,5
G36000500086,1950,New York,36,Bronx,005,,0086,,STCTY-36005 TRACT-    0086     IN NEW YORK NY,35,25,15,15,75,60,120,40,80,30,15,15,20,0
G36000500087,1950,New York,36,Bronx,005,,0087,,STCTY-36005 TRACT-    0087     IN NEW YORK NY,915,480,525,590,715,510,490,275,270,145,250,140,115,30
G36000500088,1950,New York,36,Bronx,005,,0088,,STCTY-36005 TRACT-    0088     IN NEW YORK NY,5,5,25,20,40,35,60,30,35,5,35,10,25,10
G36000500089,1950,New York,36,Bronx,005,,0089,,STCTY-36005 TRACT-    0089     IN NEW YORK NY,265,115,120,120,275,210,195,95,90,40,140,80,65,25
G36000500090,1950,New York,36,Bronx,005,,0090,,STCTY-36005 TRACT-    0090     IN NEW YORK NY,15,15,0,15,45,40,90,25,70,25,65,25,20,25
G36000500091,1950,New York,36,Bronx,005,,0091,,STCTY-36005 TRACT-    0091     IN NEW YORK NY,25,0,0,0,10,10,0,5,5,5,5,0,0,0
G36000500092,1950,New York,36,Bronx,005,,0092,,STCTY-36005 TRACT-    0092     IN NEW YORK NY,60,0,30,35,55,110,120,65,60,20,65,55,50,10
G360005000930,1950,New York,36,Bronx,005,,0093,0,STCTY-36005 TRACT-    0093.0   IN NEW YORK NY,0,0,0,0,0,0,0,0,0,0,0,0,0,0
G360005000931,1950,New York,36,Bronx,005,,0093,1,STCTY-36005 TRACT-    0093.1   IN NEW YORK NY,0,0,0,0,0,0,0,0,0,0,0,0,0,0
G36000500094,1950,New York,36,Bronx,005,,0094,,STCTY-36005 TRACT-    0094     IN NEW YORK NY,45,5,10,25,30,25,25,35,25,10,25,15,5,0
G36000500095,1950,New York,36,Bronx,005,,0095,,STCTY-36005 TRACT-    0095     IN NEW YORK NY,10,0,0,15,10,20,0,0,0,5,10,0,0,0
G36000500096,1950,New York,36,Bronx,005,,0096,,STCTY-36005 TRACT-    0096     IN NEW YORK NY,0,0,0,0,0,0,0,0,0,0,0,0,0,0
G36000500097,1950,New York,36,Bronx,005,,0097,,STCTY-36005 TRACT-    0097     IN NEW YORK NY,5,5,0,0,10,15,5,5,0,0,5,0,5,0
G36000500098,1950,New York,36,Bronx,005,,0098,,STCTY-36005 TRACT-    0098     IN NEW YORK NY,10,10,5,0,0,5,20,35,20,15,15,5,20,5
G36000500099,1950,New York,36,Bronx,005,,0099,,STCTY-36005 TRACT-    0099     IN NEW YORK NY,165,35,45,95,190,200,270,180,180,75,110,55,40,0
G36000500101,1950,New York,36,Bronx,005,,0101,,STCTY-36005 TRACT-    0101     IN NEW YORK NY,145,65,110,80,130,185,270,205,145,70,145,115,65,45
G36000500102,1950,New York,36,Bronx,005,,0102,,STCTY-36005 TRACT-    0102     IN NEW YORK NY,25,15,15,5,20,70,65,15,5,5,10,10,0,0
G36000500103,1950,New York,36,Bronx,005,,0103,,STCTY-36005 TRACT-    0103     IN NEW YORK NY,0,0,0,0,0,0,0,0,0,0,0,0,0,0
G36000500104,1950,New York,36,Bronx,005,,0104,,STCTY-36005 TRACT-    0104     IN NEW YORK NY,0,0,5,0,5,0,0,0,0,0,0,0,0,0
G36000500105,1950,New York,36,Bronx,005,,0105,,STCTY-36005 TRACT-    0105     IN NEW YORK NY,0,0,0,0,0,0,0,0,0,0,0,0,0,0
G36000500107,1950,New York,36,Bronx,005,,0107,,STCTY-36005 TRACT-    0107     IN NEW YORK NY,0,0,0,0,0,0,0,0,0,0,0,0,0,0
G36000500109,1950,New York,36,Bronx,005,,0109,,STCTY-36005 TRACT-    0109     IN NEW YORK NY,0,0,0,0,0,0,0,0,0,0,0,0,0,0
G36000500110,1950,New York,36,Bronx,005,,0110,,STCTY-36005 TRACT-    0110     IN NEW YORK NY,0,0,0,5,0,0,5,5,0,0,5,0,0,0
G360005001110,1950,New York,36,Bronx,005,,0111,0,STCTY-36005 TRACT-    0111.0   IN NEW YORK NY,0,0,0,0,0,0,0,0,5,0,0,0,0,0
G360005001111,1950,New York,36,Bronx,005,,0111,1,STCTY-36005 TRACT-    0111.1   IN NEW YORK NY,0,0,0,0,0,0,0,0,0,0,0,0,0,0
G36000500113,1950,New York,36,Bronx,005,,0113,,STCTY-36005 TRACT-    0113     IN NEW YORK NY,0,0,0,10,0,0,0,5,5,0,0,0,0,0
G36000500114,1950,New York,36,Bronx,005,,0114,,STCTY-36005 TRACT-    0114     IN NEW YORK NY,5,15,5,0,5,5,5,5,15,5,5,0,0,10
G360005001150,1950,New York,36,Bronx,005,,0115,0,STCTY-36005 TRACT-    0115.0   IN NEW YORK NY,30,10,45,30,70,20,55,35,45,15,90,45,20,20
G360005001151,1950,New York,36,Bronx,005,,0115,1,STCTY-36005 TRACT-    0115.1   IN NEW YORK NY,65,20,30,40,50,50,65,85,55,40,50,15,25,0
G36000500116,1950,New York,36,Bronx,005,,0116,,STCTY-36005 TRACT-    0116     IN NEW YORK NY,0,0,0,0,0,0,0,0,0,0,0,0,0,0
G36000500117,1950,New York,36,Bronx,005,,0117,,STCTY-36005 TRACT-    0117     IN NEW YORK NY,10,0,0,0,5,0,0,0,0,0,5,5,0,0
G36000500118,1950,New York,36,Bronx,005,,0118,,STCTY-36005 TRACT-    0118     IN NEW YORK NY,145,255,60,35,25,15,115,65,75,50,85,45,55,15
G36000500119,1950,New York,36,Bronx,005,,0119,,STCTY-36005 TRACT-    0119     IN NEW YORK NY,395,150,215,195,315,385,395,265,320,150,300,185,160,50
G36000500121,1950,New York,36,Bronx,005,,0121,,STCTY-36005 TRACT-    0121     IN NEW YORK NY,195,255,175,260,265,370,380,265,240,175,215,85,145,55
G36000500123,1950,New York,36,Bronx,005,,0123,,STCTY-36005 TRACT-    0123     IN NEW YORK NY,250,135,155,200,280,295,225,200,170,115,190,80,90,0
G36000500124,1950,New York,36,Bronx,005,,0124,,STCTY-36005 TRACT-    0124     IN NEW YORK NY,5,0,0,0,10,5,15,10,5,0,0,15,5,5
G36000500125,1950,New York,36,Bronx,005,,0125,,STCTY-36005 TRACT-    0125     IN NEW YORK NY,295,115,195,245,375,230,265,205,145,130,140,20,45,0
G36000500126,1950,New York,36,Bronx,005,,0126,,STCTY-36005 TRACT-    0126     IN NEW YORK NY,15,5,5,0,0,5,5,10,5,10,15,5,25,5
G36000500127,1950,New York,36,Bronx,005,,0127,,STCTY-36005 TRACT-    0127     IN NEW YORK NY,420,285,315,295,485,420,400,255,175,110,230,105,120,35
G36000500129,1950,New York,36,Bronx,005,,0129,,STCTY-36005 TRACT-    0129     IN NEW YORK NY,560,205,345,475,500,435,320,225,115,95,120,75,105,10
G36000500130,1950,New York,36,Bronx,005,,0130,,STCTY-36005 TRACT-    0130     IN NEW YORK NY,35,5,10,5,5,20,40,25,30,15,15,20,15,5
G36000500131,1950,New York,36,Bronx,005,,0131,,STCTY-36005 TRACT-    0131     IN NEW YORK NY,665,280,355,340,505,440,425,205,190,125,80,40,45,15
G36000500132,1950,New York,36,Bronx,005,,0132,,STCTY-36005 TRACT-    0132     IN NEW YORK NY,20,10,5,5,25,35,40,45,75,25,25,30,35,5
G36000500133,1950,New York,36,Bronx,005,,0133,,STCTY-36005 TRACT-    0133     IN NEW YORK NY,415,280,340,435,370,300,190,115,95,35,55,40,50,10
G36000500134,1950,New York,36,Bronx,005,,0134,,STCTY-36005 TRACT-    0134     IN NEW YORK NY,5,5,0,0,10,0,10,0,10,10,5,5,5,0
G36000500135,1950,New York,36,Bronx,005,,0135,,STCTY-36005 TRACT-    0135     IN NEW YORK NY,440,190,300,320,520,275,235,110,115,75,70,35,25,5
G36000500136,1950,New York,36,Bronx,005,,0136,,STCTY-36005 TRACT-    0136     IN NEW YORK NY,0,5,0,0,5,0,5,5,0,5,0,0,0,0
G36000500137,1950,New York,36,Bronx,005,,0137,,STCTY-36005 TRACT-    0137     IN NEW YORK NY,515,385,445,455,480,405,255,220,175,75,105,60,60,10
G36000500138,1950,New York,36,Bronx,005,,0138,,STCTY-36005 TRACT-    0138     IN NEW YORK NY,45,5,20,20,55,60,80,95,55,25,75,45,40,5
G36000500139,1950,New York,36,Bronx,005,,0139,,STCTY-36005 TRACT-    0139     IN NEW YORK NY,200,165,215,200,190,160,255,120,75,45,75,50,45,0
G36000500141,1950,New York,36,Bronx,005,,0141,,STCTY-36005 TRACT-    0141     IN NEW YORK NY,360,185,185,190,395,320,440,330,190,140,210,90,85,30
G36000500142,1950,New York,36,Bronx,005,,0142,,STCTY-36005 TRACT-    0142     IN NEW YORK NY,10,0,0,10,5,25,10,10,0,15,5,10,20,10
G36000500143,1950,New York,36,Bronx,005,,0143,,STCTY-36005 TRACT-    0143     IN NEW YORK NY,50,45,30,30,70,70,50,65,50,30,35,25,30,10
G36000500144,1950,New York,36,Bronx,005,,0144,,STCTY-36005 TRACT-    0144     IN NEW YORK NY,10,0,5,0,20,15,30,40,25,20,20,5,20,0
G36000500145,1950,New York,36,Bronx,005,,0145,,STCTY-36005 TRACT-    0145     IN NEW YORK NY,375,200,240,220,285,265,190,95,80,60,50,45,10,0
G36000500147,1950,New York,36,Bronx,005,,0147,,STCTY-36005 TRACT-    0147     IN NEW YORK NY,335,275,320,360,365,270,230,95,100,65,65,45,25,15
G36000500149,1950,New York,36,Bronx,005,,0149,,STCTY-36005 TRACT-    0149     IN NEW YORK NY,360,100,160,260,305,285,210,100,110,105,110,50,80,40
G36000500150,1950,New York,36,Bronx,005,,0150,,STCTY-36005 TRACT-    0150     IN NEW YORK NY,0,0,0,0,0,0,0,0,0,0,0,0,0,0
G36000500151,1950,New York,36,Bronx,005,,0151,,STCTY-36005 TRACT-    0151     IN NEW YORK NY,435,305,290,340,460,385,305,170,175,55,80,50,30,5
G36000500152,1950,New York,36,Bronx,005,,0152,,STCTY-36005 TRACT-    0152     IN NEW YORK NY,0,0,0,0,0,0,0,0,0,0,0,0,0,0
G36000500153,1950,New York,36,Bronx,005,,0153,,STCTY-36005 TRACT-    0153     IN NEW YORK NY,680,200,440,370,680,525,570,350,310,185,275,125,120,20
G36000500154,1950,New York,36,Bronx,005,,0154,,STCTY-36005 TRACT-    0154     IN NEW YORK NY,5,10,10,15,0,30,35,40,35,15,45,5,15,10
G36000500155,1950,New York,36,Bronx,005,,0155,,STCTY-36005 TRACT-    0155     IN NEW YORK NY,295,120,155,135,195,225,225,160,165,100,135,90,80,30
G36000500156,1950,New York,36,Bronx,005,,0156,,STCTY-36005 TRACT-    0156     IN NEW YORK NY,0,15,10,10,40,20,35,80,45,45,55,35,40,20
G36000500157,1950,New York,36,Bronx,005,,0157,,STCTY-36005 TRACT-    0157     IN NEW YORK NY,295,230,150,225,290,295,370,225,240,195,285,85,105,35
G36000500158,1950,New York,36,Bronx,005,,0158,,STCTY-36005 TRACT-    0158     IN NEW YORK NY,40,0,0,10,15,20,40,15,40,0,10,15,0,0
G36000500159,1950,New York,36,Bronx,005,,0159,,STCTY-36005 TRACT-    0159     IN NEW YORK NY,5,0,0,0,5,0,5,0,0,0,0,0,0,0
G36000500160,1950,New York,36,Bronx,005,,0160,,STCTY-36005 TRACT-    0160     IN NEW YORK NY,5,5,0,20,10,20,30,20,30,20,20,15,15,5
G36000500161,1950,New York,36,Bronx,005,,0161,,STCTY-36005 TRACT-    0161     IN NEW YORK NY,310,130,165,215,375,365,435,475,350,260,375,155,185,15
G36000500162,1950,New York,36,Bronx,005,,0162,,STCTY-36005 TRACT-    0162     IN NEW YORK NY,45,0,20,10,30,30,50,40,35,20,20,10,35,15
G36000500163,1950,New York,36,Bronx,005,,0163,,STCTY-36005 TRACT-    0163     IN NEW YORK NY,0,0,0,0,0,0,0,0,0,0,0,0,0,0
G36000500164,1950,New York,36,Bronx,005,,0164,,STCTY-36005 TRACT-    0164     IN NEW YORK NY,20,0,5,5,15,5,40,5,25,20,20,30,10,0
G36000500165,1950,New York,36,Bronx,005,,0165,,STCTY-36005 TRACT-    0165     IN NEW YORK NY,445,210,220,250,410,265,340,210,195,85,130,75,70,10
G36000500166,1950,New York,36,Bronx,005,,0166,,STCTY-36005 TRACT-    0166     IN NEW YORK NY,5,0,0,0,15,5,10,5,5,5,5,10,0,0
G36000500167,1950,New York,36,Bronx,005,,0167,,STCTY-36005 TRACT-    0167     IN NEW YORK NY,495,130,200,225,310,200,255,120,135,55,120,75,90,35
G36000500168,1950,New York,36,Bronx,005,,0168,,STCTY-36005 TRACT-    0168     IN NEW YORK NY,0,10,20,15,5,0,0,0,0,0,0,0,0,0
G36000500169,1950,New York,36,Bronx,005,,0169,,STCTY-36005 TRACT-    0169     IN NEW YORK NY,505,350,460,385,460,265,335,200,170,75,135,45,65,30
G36000500170,1950,New York,36,Bronx,005,,0170,,STCTY-36005 TRACT-    0170     IN NEW YORK NY,0,0,0,0,0,0,0,0,0,0,0,0,0,0
G36000500171,1950,New York,36,Bronx,005,,0171,,STCTY-36005 TRACT-    0171     IN NEW YORK NY,0,0,0,0,0,0,0,0,0,0,0,0,0,0
G36000500172,1950,New York,36,Bronx,005,,0172,,STCTY-36005 TRACT-    0172     IN NEW YORK NY,0,0,0,0,5,5,5,0,5,0,10,5,5,0
G36000500173,1950,New York,36,Bronx,005,,0173,,STCTY-36005 TRACT-    0173     IN NEW YORK NY,215,80,125,115,160,155,250,160,125,65,90,25,50,20
G36000500174,1950,New York,36,Bronx,005,,0174,,STCTY-36005 TRACT-    0174     IN NEW YORK NY,0,5,5,10,0,0,0,0,0,0,0,0,0,0
G36000500175,1950,New York,36,Bronx,005,,0175,,STCTY-36005 TRACT-    0175     IN NEW YORK NY,210,135,90,150,200,260,350,275,290,115,325,160,230,90
G36000500176,1950,New York,36,Bronx,005,,0176,,STCTY-36005 TRACT-    0176     IN NEW YORK NY,5,0,10,0,10,5,20,10,10,5,15,0,15,5
G36000500177,1950,New York,36,Bronx,005,,0177,,STCTY-36005 TRACT-    0177     IN NEW YORK NY,370,185,120,190,285,325,385,235,255,120,340,215,185,70
G36000500179,1950,New York,36,Bronx,005,,0179,,STCTY-36005 TRACT-    0179     IN NEW YORK NY,420,60,225,125,495,240,535,265,430,185,420,195,265,105
G36000500180,1950,New York,36,Bronx,005,,0180,,STCTY-36005 TRACT-    0180     IN NEW YORK NY,0,10,0,10,15,5,15,30,5,10,20,0,5,15
G36000500181,1950,New York,36,Bronx,005,,0181,,STCTY-36005 TRACT-    0181     IN NEW YORK NY,200,90,85,130,205,245,335,205,350,150,400,165,230,170
G36000500182,1950,New York,36,Bronx,005,,0182,,STCTY-36005 TRACT-    0182     IN NEW YORK NY,15,30,5,5,30,30,65,20,15,35,25,10,35,10
G36000500183,1950,New York,36,Bronx,005,,0183,,STCTY-36005 TRACT-    0183     IN NEW YORK NY,245,50,90,60,120,170,160,200,245,175,310,190,225,310
G36000500184,1950,New York,36,Bronx,005,,0184,,STCTY-36005 TRACT-    0184     IN NEW YORK NY,50,5,10,15,30,45,50,20,45,20,20,15,10,20
G36000500185,1950,New York,36,Bronx,005,,0185,,STCTY-36005 TRACT-    0185     IN NEW YORK NY,0,5,0,10,15,0,10,5,5,35,115,25,85,75
G36000500186,1950,New York,36,Bronx,005,,0186,,STCTY-36005 TRACT-    0186     IN NEW YORK NY,40,20,15,20,25,80,40,45,40,0,20,20,5,0
G36000500187,1950,New York,36,Bronx,005,,0187,,STCTY-36005 TRACT-    0187     IN NEW YORK NY,135,5,30,30,40,40,90,100,85,30,35,25,15,10
G36000500189,1950,New York,36,Bronx,005,,0189,,STCTY-36005 TRACT-    0189     IN NEW YORK NY,195,105,90,110,195,260,320,215,250,170,250,190,180,115
G36000500191,1950,New York,36,Bronx,005,,0191,,STCTY-36005 TRACT-    0191     IN NEW YORK NY,0,0,0,0,0,0,0,0,0,0,0,0,0,0
G36000500192,1950,New York,36,Bronx,005,,0192,,STCTY-36005 TRACT-    0192     IN NEW YORK NY,50,0,5,25,25,25,35,20,40,5,25,15,5,0
G36000500193,1950,New York,36,Bronx,005,,0193,,STCTY-36005 TRACT-    0193     IN NEW YORK NY,180,55,35,60,90,125,155,135,175,85,170,75,70,35
G36000500194,1950,New York,36,Bronx,005,,0194,,STCTY-36005 TRACT-    0194     IN NEW YORK NY,35,5,15,0,25,35,75,25,25,25,15,15,25,10
G36000500195,1950,New York,36,Bronx,005,,0195,,STCTY-36005 TRACT-    0195     IN NEW YORK NY,290,65,85,55,130,140,225,145,180,80,250,110,185,130
G36000500196,1950,New York,36,Bronx,005,,0196,,STCTY-36005 TRACT-    0196     IN NEW YORK NY,0,5,0,0,10,5,5,0,0,0,0,5,0,0
G36000500197,1950,New York,36,Bronx,005,,0197,,STCTY-36005 TRACT-    0197     IN NEW YORK NY,270,80,70,70,180,230,170,175,155,80,225,140,175,110
G36000500198,1950,New York,36,Bronx,005,,0198,,STCTY-36005 TRACT-    0198     IN NEW YORK NY,70,65,45,45,135,165,175,120,115,65,125,45,65,15
G36000500199,1950,New York,36,Bronx,005,,0199,,STCTY-36005 TRACT-    0199     IN NEW YORK NY,260,75,65,70,145,205,420,325,315,185,305,175,150,75
G36000500200,1950,New York,36,Bronx,005,,0200,,STCTY-36005 TRACT-    0200     IN NEW YORK NY,5,5,5,5,15,30,15,10,15,5,20,15,5,0
G36000500201,1950,New York,36,Bronx,005,,0201,,STCTY-36005 TRACT-    0201     IN NEW YORK NY,120,60,65,90,125,130,250,180,175,95,200,130,60,25
G36000500202,1950,New York,36,Bronx,005,,0202,,STCTY-36005 TRACT-    0202     IN NEW YORK NY,20,10,20,20,55,40,130,35,65,40,75,40,35,5
G36000500203,1950,New York,36,Bronx,005,,0203,,STCTY-36005 TRACT-    0203     IN NEW YORK NY,5,0,0,0,0,0,0,5,0,0,0,0,0,0
G36000500204,1950,New York,36,Bronx,005,,0204,,STCTY-36005 TRACT-    0204     IN NEW YORK NY,65,20,30,30,85,80,140,60,90,40,110,35,50,10
G36000500205,1950,New York,36,Bronx,005,,0205,,STCTY-36005 TRACT-    0205     IN NEW YORK NY,160,30,30,65,50,130,145,125,120,100,170,75,190,95
G360005002060,1950,New York,36,Bronx,005,,0206,0,STCTY-36005 TRACT-    0206.0   IN NEW YORK NY,35,15,35,30,40,50,75,50,50,55,55,60,30,20
G360005002061,1950,New York,36,Bronx,005,,0206,1,STCTY-36005 TRACT-    0206.1   IN NEW YORK NY,20,35,5,15,10,45,30,40,55,10,30,10,30,10
G36000500207,1950,New York,36,Bronx,005,,0207,,STCTY-36005 TRACT-    0207     IN NEW YORK NY,65,20,20,30,55,30,75,40,60,30,60,20,25,20
G36000500208,1950,New York,36,Bronx,005,,0208,,STCTY-36005 TRACT-    0208     IN NEW YORK NY,55,15,15,40,35,45,95,45,55,40,90,20,60,15
G36000500210,1950,New York,36,Bronx,005,,0210,,STCTY-36005 TRACT-    0210     IN NEW YORK NY,275,70,150,155,230,375,665,595,1120,570,1375,590,680,225
G36000500211,1950,New York,36,Bronx,005,,0211,,STCTY-36005 TRACT-    0211     IN NEW YORK NY,240,115,115,95,165,210,260,180,235,70,195,110,155,75
G36000500212,1950,New York,36,Bronx,005,,0212,,STCTY-36005 TRACT-    0212     IN NEW YORK NY,90,45,65,60,110,125,250,310,375,220,435,220,235,80
G36000500213,1950,New York,36,Bronx,005,,0213,,STCTY-36005 TRACT-    0213     IN NEW YORK NY,290,145,95,105,265,245,325,260,300,180,460,200,275,100
G36000500214,1950,New York,36,Bronx,005,,0214,,STCTY-36005 TRACT-    0214     IN NEW YORK NY,30,20,20,25,65,75,115,85,75,60,130,80,65,15
G36000500215,1950,New York,36,Bronx,005,,0215,,STCTY-36005 TRACT-    0215     IN NEW YORK NY,390,120,200,210,240,400,500,405,365,315,595,225,370,165
G36000500216,1950,New York,36,Bronx,005,,0216,,STCTY-36005 TRACT-    0216     IN NEW YORK NY,180,40,95,115,160,200,365,350,290,210,460,260,305,65
G36000500217,1950,New York,36,Bronx,005,,0217,,STCTY-36005 TRACT-    0217     IN NEW YORK NY,300,130,80,90,330,220,375,260,255,145,410,120,180,130
G36000500218,1950,New York,36,Bronx,005,,0218,,STCTY-36005 TRACT-    0218     IN NEW YORK NY,70,45,50,65,145,135,305,190,200,115,190,110,105,35
G36000500219,1950,New York,36,Bronx,005,,0219,,STCTY-36005 TRACT-    0219     IN NEW YORK NY,50,15,10,30,40,45,30,40,30,35,25,10,15,15
G36000500220,1950,New York,36,Bronx,005,,0220,,STCTY-36005 TRACT-    0220     IN NEW YORK NY,60,30,30,50,40,95,95,80,15,35,55,5,30,5
G36000500221,1950,New York,36,Bronx,005,,0221,,STCTY-36005 TRACT-    0221     IN NEW YORK NY,280,90,125,195,235,265,380,285,310,140,365,130,200,90
G36000500222,1950,New York,36,Bronx,005,,0222,,STCTY-36005 TRACT-    0222     IN NEW YORK NY,0,0,0,0,0,0,0,0,0,0,0,0,0,0
G36000500223,1950,New York,36,Bronx,005,,0223,,STCTY-36005 TRACT-    0223     IN NEW YORK NY,325,115,125,105,185,245,360,270,240,120,425,170,260,140
G36000500224,1950,New York,36,Bronx,005,,0224,,STCTY-36005 TRACT-    0224     IN NEW YORK NY,270,40,80,80,250,340,365,335,345,195,520,260,345,235
G36000500225,1950,New York,36,Bronx,005,,0225,,STCTY-36005 TRACT-    0225     IN NEW YORK NY,270,85,90,85,180,245,305,190,315,135,415,140,365,210
G36000500227,1950,New York,36,Bronx,005,,0227,,STCTY-36005 TRACT-    0227     IN NEW YORK NY,225,100,110,125,260,175,395,310,325,215,465,190,280,260
G36000500228,1950,New York,36,Bronx,005,,0228,,STCTY-36005 TRACT-    0228     IN NEW YORK NY,120,5,35,35,90,125,165,130,140,120,275,115,150,80
G36000500229,1950,New York,36,Bronx,005,,0229,,STCTY-36005 TRACT-    0229     IN NEW YORK NY,245,110,85,140,155,290,285,340,225,180,390,230,275,155
G36000500230,1950,New York,36,Bronx,005,,0230,,STCTY-36005 TRACT-    0230     IN NEW YORK NY,25,40,15,20,65,75,125,80,85,35,100,85,60,20
G36000500231,1950,New York,36,Bronx,005,,0231,,STCTY-36005 TRACT-    0231     IN NEW YORK NY,155,45,55,65,95,75,85,70,80,45,115,65,40,20
G36000500232,1950,New York,36,Bronx,005,,0232,,STCTY-36005 TRACT-    0232     IN NEW YORK NY,70,30,35,25,95,50,120,75,50,40,85,50,50,15
G36000500233,1950,New York,36,Bronx,005,,0233,,STCTY-36005 TRACT-    0233     IN NEW YORK NY,285,60,125,110,225,225,250,210,230,135,440,140,260,195
G36000500234,1950,New York,36,Bronx,005,,0234,,STCTY-36005 TRACT-    0234     IN NEW YORK NY,110,25,15,45,85,70,90,60,25,45,30,20,45,5
G36000500235,1950,New York,36,Bronx,005,,0235,,STCTY-36005 TRACT-    0235     IN NEW YORK NY,175,80,110,140,155,165,280,140,205,130,350,130,205,125
G36000500236,1950,New York,36,Bronx,005,,0236,,STCTY-36005 TRACT-    0236     IN NEW YORK NY,30,35,35,20,35,65,80,45,25,35,40,30,65,10
G36000500237,1950,New York,36,Bronx,005,,0237,,STCTY-36005 TRACT-    0237     IN NEW YORK NY,270,135,130,160,260,265,320,160,285,145,385,175,335,160
G36000500238,1950,New York,36,Bronx,005,,0238,,STCTY-36005 TRACT-    0238     IN NEW YORK NY,50,30,40,30,40,25,110,50,60,35,90,35,70,5
G36000500239,1950,New York,36,Bronx,005,,0239,,STCTY-36005 TRACT-    0239     IN NEW YORK NY,210,100,100,155,185,255,375,365,215,185,330,235,255,70
G36000500240,1950,New York,36,Bronx,005,,0240,,STCTY-36005 TRACT-    0240     IN NEW YORK NY,35,25,20,5,40,65,60,50,10,20,55,40,65,5
G36000500241,1950,New York,36,Bronx,005,,0241,,STCTY-36005 TRACT-    0241     IN NEW YORK NY,290,175,115,165,255,275,315,215,240,95,275,130,215,60
G36000500242,1950,New York,36,Bronx,005,,0242,,STCTY-36005 TRACT-    0242     IN NEW YORK NY,0,0,0,0,0,0,0,5,0,5,5,0,5,0
G36000500243,1950,New York,36,Bronx,005,,0243,,STCTY-36005 TRACT-    0243     IN NEW YORK NY,140,125,110,90,180,220,305,150,190,140,220,140,170,65
G36000500244,1950,New York,36,Bronx,005,,0244,,STCTY-36005 TRACT-    0244     IN NEW YORK NY,60,10,10,30,15,55,45,55,55,20,75,50,30,5
G36000500245,1950,New York,36,Bronx,005,,0245,,STCTY-36005 TRACT-    0245     IN NEW YORK NY,240,70,65,95,165,185,290,275,220,190,350,145,280,215
G36000500246,1950,New York,36,Bronx,005,,0246,,STCTY-36005 TRACT-    0246     IN NEW YORK NY,20,10,20,10,25,20,60,40,30,15,35,10,20,10
G36000500247,1950,New York,36,Bronx,005,,0247,,STCTY-36005 TRACT-    0247     IN NEW YORK NY,35,20,5,25,15,25,20,15,15,10,35,10,25,15
G36000500248,1950,New York,36,Bronx,005,,0248,,STCTY-36005 TRACT-    0248     IN NEW YORK NY,35,10,35,10,15,25,95,35,20,40,45,30,40,40
G36000500249,1950,New York,36,Bronx,005,,0249,,STCTY-36005 TRACT-    0249     IN NEW YORK NY,120,105,30,5,0,0,0,0,0,5,0,0,5,0
G36000500250,1950,New York,36,Bronx,005,,0250,,STCTY-36005 TRACT-    0250     IN NEW YORK NY,55,10,10,20,45,70,60,60,60,40,50,65,60,30
G36000500251,1950,New York,36,Bronx,005,,0251,,STCTY-36005 TRACT-    0251     IN NEW YORK NY,300,105,105,180,240,255,410,330,335,200,360,185,145,50
G36000500252,1950,New York,36,Bronx,005,,0252,,STCTY-36005 TRACT-    0252     IN NEW YORK NY,75,10,15,10,35,65,85,70,60,45,100,35,40,30
G36000500253,1950,New York,36,Bronx,005,,0253,,STCTY-36005 TRACT-    0253     IN NEW YORK NY,180,60,30,80,120,165,205,140,120,75,190,105,145,30
G36000500254,1950,New York,36,Bronx,005,,0254,,STCTY-36005 TRACT-    0254     IN NEW YORK NY,80,10,10,0,15,45,65,55,40,25,60,40,40,40
G36000500255,1950,New York,36,Bronx,005,,0255,,STCTY-36005 TRACT-    0255     IN NEW YORK NY,225,70,80,135,200,130,215,175,270,105,175,155,190,180
G36000500256,1950,New York,36,Bronx,005,,0256,,STCTY-36005 TRACT-    0256     IN NEW YORK NY,55,25,30,25,25,35,30,35,50,40,50,30,20,5
G36000500257,1950,New York,36,Bronx,005,,0257,,STCTY-36005 TRACT-    0257     IN NEW YORK NY,25,10,15,50,20,50,85,60,55,35,90,55,50,35
G36000500258,1950,New York,36,Bronx,005,,0258,,STCTY-36005 TRACT-    0258     IN NEW YORK NY,5,10,5,0,15,20,20,25,15,10,10,20,10,10
G36000500259,1950,New York,36,Bronx,005,,0259,,STCTY-36005 TRACT-    0259     IN NEW YORK NY,0,0,0,0,0,0,0,0,0,0,0,0,5,0
G36000500260,1950,New York,36,Bronx,005,,0260,,STCTY-36005 TRACT-    0260     IN NEW YORK NY,15,0,0,0,10,0,10,10,0,0,0,0,0,0
G36000500261,1950,New York,36,Bronx,005,,0261,,STCTY-36005 TRACT-    0261     IN NEW YORK NY,30,85,10,45,15,50,30,40,35,15,10,25,15,15
G36000500262,1950,New York,36,Bronx,005,,0262,,STCTY-36005 TRACT-    0262     IN NEW YORK NY,0,0,0,0,0,0,0,0,0,0,0,0,0,0
G36000500263,1950,New York,36,Bronx,005,,0263,,STCTY-36005 TRACT-    0263     IN NEW YORK NY,120,80,50,60,115,140,160,80,205,100,270,120,155,60
G36000500264,1950,New York,36,Bronx,005,,0264,,STCTY-36005 TRACT-    0264     IN NEW YORK NY,20,20,35,40,45,60,90,75,120,45,55,70,80,15
G36000500265,1950,New York,36,Bronx,005,,0265,,STCTY-36005 TRACT-    0265     IN NEW YORK NY,195,60,90,70,170,120,175,180,140,85,235,115,185,145
G36000500266,1950,New York,36,Bronx,005,,0266,,STCTY-36005 TRACT-    0266     IN NEW YORK NY,65,15,5,15,80,70,65,60,80,45,60,45,35,10
G36000500267,1950,New York,36,Bronx,005,,0267,,STCTY-36005 TRACT-    0267     IN NEW YORK NY,255,85,95,100,195,135,315,305,325,210,450,220,370,310
G36000500268,1950,New York,36,Bronx,005,,0268,,STCTY-36005 TRACT-    0268     IN NEW YORK NY,35,20,5,15,60,5,75,45,55,15,80,25,15,5
G36000500269,1950,New York,36,Bronx,005,,0269,,STCTY-36005 TRACT-    0269     IN NEW YORK NY,60,50,20,35,50,75,65,75,40,60,105,40,55,50
G36000500270,1950,New York,36,Bronx,005,,0270,,STCTY-36005 TRACT-    0270     IN NEW YORK NY,80,20,15,40,60,90,80,80,65,30,65,50,55,20
G36000500271,1950,New York,36,Bronx,005,,0271,,STCTY-36005 TRACT-    0271     IN NEW YORK NY,0,0,0,0,0,0,0,0,0,0,0,0,0,0
G36000500272,1950,New York,36,Bronx,005,,0272,,STCTY-36005 TRACT-    0272     IN NEW YORK NY,20,5,0,5,25,15,25,10,30,20,10,5,10,0
G36000500273,1950,New York,36,Bronx,005,,0273,,STCTY-36005 TRACT-    0273     IN NEW YORK NY,135,30,25,85,150,120,175,200,155,95,185,75,100,25
G36000500274,1950,New York,36,Bronx,005,,0274,,STCTY-36005 TRACT-    0274     IN NEW YORK NY,105,20,25,45,65,130,165,85,130,30,130,75,130,60
G36000500275,1950,New York,36,Bronx,005,,0275,,STCTY-36005 TRACT-    0275     IN NEW YORK NY,5,15,10,10,5,50,20,35,30,5,30,10,35,15
G36000500276,1950,New York,36,Bronx,005,,0276,,STCTY-36005 TRACT-    0276     IN NEW YORK NY,0,0,0,0,0,0,0,0,0,0,0,0,0,0
G36000500277,1950,New York,36,Bronx,005,,0277,,STCTY-36005 TRACT-    0277     IN NEW YORK NY,70,45,65,100,95,120,215,180,185,105,210,80,105,55
G36000500278,1950,New York,36,Bronx,005,,0278,,STCTY-36005 TRACT-    0278     IN NEW YORK NY,90,40,45,50,110,90,150,105,135,80,155,80,115,35
G36000500279,1950,New York,36,Bronx,005,,0279,,STCTY-36005 TRACT-    0279     IN NEW YORK NY,75,30,40,80,40,70,130,155,105,80,200,125,100,70
G36000500280,1950,New York,36,Bronx,005,,0280,,STCTY-36005 TRACT-    0280     IN NEW YORK NY,35,20,0,5,45,50,45,60,60,35,40,20,35,20
G36000500281,1950,New York,36,Bronx,005,,0281,,STCTY-36005 TRACT-    0281     IN NEW YORK NY,145,15,35,15,30,70,65,70,115,65,190,95,165,50
G36000500282,1950,New York,36,Bronx,005,,0282,,STCTY-36005 TRACT-    0282     IN NEW YORK NY,5,0,10,20,35,90,95,25,25,5,35,15,25,30
G36000500283,1950,New York,36,Bronx,005,,0283,,STCTY-36005 TRACT-    0283     IN NEW YORK NY,20,20,20,10,35,30,40,50,60,45,45,20,45,15
G36000500284,1950,New York,36,Bronx,005,,0284,,STCTY-36005 TRACT-    0284     IN NEW YORK NY,0,0,0,0,0,0,0,0,0,0,0,0,0,0
G36000500285,1950,New York,36,Bronx,005,,0285,,STCTY-36005 TRACT-    0285     IN NEW YORK NY,55,5,10,5,20,40,80,45,85,55,60,40,65,20
G36000500286,1950,New York,36,Bronx,005,,0286,,STCTY-36005 TRACT-    0286     IN NEW YORK NY,50,10,0,25,20,30,60,25,60,15,30,20,25,10
G36000500287,1950,New York,36,Bronx,005,,0287,,STCTY-36005 TRACT-    0287     IN NEW YORK NY,135,10,40,25,30,55,145,80,80,55,135,50,60,25
G36000500288,1950,New York,36,Bronx,005,,0288,,STCTY-36005 TRACT-    0288     IN NEW YORK NY,10,10,0,5,10,10,20,25,30,15,45,20,40,40
G36000500289,1950,New York,36,Bronx,005,,0289,,STCTY-36005 TRACT-    0289     IN NEW YORK NY,110,50,25,55,90,90,160,165,185,105,165,90,110,40
G36000500290,1950,New York,36,Bronx,005,,0290,,STCTY-36005 TRACT-    0290     IN NEW YORK NY,50,0,5,0,15,10,15,5,30,35,25,20,55,40
G36000500291,1950,New York,36,Bronx,005,,0291,,STCTY-36005 TRACT-    0291     IN NEW YORK NY,5,0,5,0,0,0,5,0,0,0,0,0,0,0
G36000500292,1950,New York,36,Bronx,005,,0292,,STCTY-36005 TRACT-    0292     IN NEW YORK NY,5,0,5,0,5,15,0,0,5,0,0,0,5,0
G36000500293,1950,New York,36,Bronx,005,,0293,,STCTY-36005 TRACT-    0293     IN NEW YORK NY,15,0,15,20,25,30,15,10,5,10,30,30,40,80
G36000500294,1950,New York,36,Bronx,005,,0294,,STCTY-36005 TRACT-    0294     IN NEW YORK NY,0,0,0,0,0,0,0,0,0,0,0,0,0,0
G36000500295,1950,New York,36,Bronx,005,,0295,,STCTY-36005 TRACT-    0295     IN NEW YORK NY,65,10,5,35,60,25,35,50,50,40,95,60,185,90
G36000500296,1950,New York,36,Bronx,005,,0296,,STCTY-36005 TRACT-    0296     IN NEW YORK NY,0,10,0,5,0,5,10,0,0,5,10,5,5,5
G36000500297,1950,New York,36,Bronx,005,,0297,,STCTY-36005 TRACT-    0297     IN NEW YORK NY,40,0,10,15,10,5,5,10,10,5,40,35,85,130
G36000500299,1950,New York,36,Bronx,005,,0299,,STCTY-36005 TRACT-    0299     IN NEW YORK NY,15,0,30,10,15,15,10,0,0,0,0,0,0,0
G36000500300,1950,New York,36,Bronx,005,,0300,,STCTY-36005 TRACT-    0300     IN NEW YORK NY,85,10,20,15,30,65,100,90,95,75,75,80,75,30
G36000500301,1950,New York,36,Bronx,005,,0301,,STCTY-36005 TRACT-    0301     IN NEW YORK NY,70,15,10,5,5,0,0,5,0,5,5,0,25,45
G36000500302,1950,New York,36,Bronx,005,,0302,,STCTY-36005 TRACT-    0302     IN NEW YORK NY,5,10,0,0,10,0,5,20,15,10,5,0,0,0
G36000500304,1950,New York,36,Bronx,005,,0304,,STCTY-36005 TRACT-    0304     IN NEW YORK NY,0,0,0,0,0,0,5,0,10,0,15,0,0,5
G36000500306,1950,New York,36,Bronx,005,,0306,,STCTY-36005 TRACT-    0306     IN NEW YORK NY,5,0,5,0,0,0,0,0,0,0,0,0,0,5
G36000500307,1950,New York,36,Bronx,005,,0307,,STCTY-36005 TRACT-    0307     IN NEW YORK NY,0,0,5,35,25,0,0,5,5,0,0,0,15,30
G36000500308,1950,New York,36,Bronx,005,,0308,,STCTY-36005 TRACT-    0308     IN NEW YORK NY,10,0,5,0,0,15,15,0,5,0,20,5,5,10
G36000500310,1950,New York,36,Bronx,005,,0310,,STCTY-36005 TRACT-    0310     IN NEW YORK NY,10,5,0,5,10,10,15,20,20,5,20,25,15,10
G36000500311,1950,New York,36,Bronx,005,,0311,,STCTY-36005 TRACT-    0311     IN NEW YORK NY,0,5,0,0,5,5,0,0,0,0,0,0,0,0
G36000500312,1950,New York,36,Bronx,005,,0312,,STCTY-36005 TRACT-    0312     IN NEW YORK NY,5,5,20,5,25,30,40,30,35,15,40,25,45,10
G36000500313,1950,New York,36,Bronx,005,,0313,,STCTY-36005 TRACT-    0313     IN NEW YORK NY,5,0,0,10,0,0,5,0,0,0,5,0,0,0
G36000500314,1950,New York,36,Bronx,005,,0314,,STCTY-36005 TRACT-    0314     IN NEW YORK NY,20,10,5,0,20,30,20,10,45,20,45,10,40,25
G36000500315,1950,New York,36,Bronx,005,,0315,,STCTY-36005 TRACT-    0315     IN NEW YORK NY,40,0,0,0,0,5,0,0,0,0,0,0,5,10
G36000500316,1950,New York,36,Bronx,005,,0316,,STCTY-36005 TRACT-    0316     IN NEW YORK NY,5,15,10,5,5,15,30,30,35,15,25,5,20,5
G36000500317,1950,New York,36,Bronx,005,,0317,,STCTY-36005 TRACT-    0317     IN NEW YORK NY,5,0,5,10,0,0,10,0,0,0,0,0,0,5
G36000500318,1950,New York,36,Bronx,005,,0318,,STCTY-36005 TRACT-    0318     IN NEW YORK NY,5,5,5,10,15,15,25,25,20,10,65,10,30,25
G36000500319,1950,New York,36,Bronx,005,,0319,,STCTY-36005 TRACT-    0319     IN NEW YORK NY,370,45,5,0,0,0,0,0,0,0,0,0,0,0
G36000500320,1950,New York,36,Bronx,005,,0320,,STCTY-36005 TRACT-    0320     IN NEW YORK NY,15,0,5,20,10,40,30,40,40,30,40,40,50,20
G36000500321,1950,New York,36,Bronx,005,,0321,,STCTY-36005 TRACT-    0321     IN NEW YORK NY,0,0,5,5,5,0,0,0,0,10,10,5,5,5
G36000500322,1950,New York,36,Bronx,005,,0322,,STCTY-36005 TRACT-    0322     IN NEW YORK NY,0,10,20,5,0,25,15,10,25,10,45,5,40,25
G36000500323,1950,New York,36,Bronx,005,,0323,,STCTY-36005 TRACT-    0323     IN NEW YORK NY,45,10,5,20,20,25,45,25,55,35,80,105,185,50
G36000500324,1950,New York,36,Bronx,005,,0324,,STCTY-36005 TRACT-    0324     IN NEW YORK NY,35,20,30,20,35,65,190,170,200,75,110,35,35,5
G36000500326,1950,New York,36,Bronx,005,,0326,,STCTY-36005 TRACT-    0326     IN NEW YORK NY,0,0,0,0,0,0,0,0,0,0,0,0,0,0
G36000500328,1950,New York,36,Bronx,005,,0328,,STCTY-36005 TRACT-    0328     IN NEW YORK NY,50,20,20,25,35,25,45,15,25,5,35,45,20,15
G36000500329,1950,New York,36,Bronx,005,,0329,,STCTY-36005 TRACT-    0329     IN NEW YORK NY,20,10,10,15,20,15,60,10,35,5,40,10,100,60
G36000500330,1950,New York,36,Bronx,005,,0330,,STCTY-36005 TRACT-    0330     IN NEW YORK NY,95,35,25,45,50,90,110,70,90,40,115,85,90,55
G36000500332,1950,New York,36,Bronx,005,,0332,,STCTY-36005 TRACT-    0332     IN NEW YORK NY,95,30,50,110,115,90,130,95,125,90,175,100,170,60
G36000500333,1950,New York,36,Bronx,005,,0333,,STCTY-36005 TRACT-    0333     IN NEW YORK NY,10,5,10,10,0,0,5,0,5,10,10,5,65,25
G36000500334,1950,New York,36,Bronx,005,,0334,,STCTY-36005 TRACT-    0334     IN NEW YORK NY,0,0,0,0,0,0,0,0,0,0,0,0,0,0
G36000500336,1950,New York,36,Bronx,005,,0336,,STCTY-36005 TRACT-    0336     IN NEW YORK NY,105,50,70,70,105,105,100,115,85,55,100,40,70,10
G36000500338,1950,New York,36,Bronx,005,,0338,,STCTY-36005 TRACT-    0338     IN NEW YORK NY,125,20,55,35,80,145,130,145,105,35,110,75,80,25
G36000500339,1950,New York,36,Bronx,005,,0339,,STCTY-36005 TRACT-    0339     IN NEW YORK NY,20,30,10,10,10,5,10,10,25,10,35,25,20,0
G36000500340,1950,New York,36,Bronx,005,,0340,,STCTY-36005 TRACT-    0340     IN NEW YORK NY,90,60,50,95,110,145,175,170,135,70,170,95,130,40
G36000500341,1950,New York,36,Bronx,005,,0341,,STCTY-36005 TRACT-    0341     IN NEW YORK NY,5,5,0,10,15,0,20,20,20,5,55,30,60,5
G36000500342,1950,New York,36,Bronx,005,,0342,,STCTY-36005 TRACT-    0342     IN NEW YORK NY,30,0,10,5,10,20,40,40,25,15,50,25,25,5
G36000500343,1950,New York,36,Bronx,005,,0343,,STCTY-36005 TRACT-    0343     IN NEW YORK NY,30,0,15,10,10,10,35,15,10,35,15,15,20,20
G36000500344,1950,New York,36,Bronx,005,,0344,,STCTY-36005 TRACT-    0344     IN NEW YORK NY,15,0,0,0,15,10,35,20,35,0,30,20,25,5
G36000500345,1950,New York,36,Bronx,005,,0345,,STCTY-36005 TRACT-    0345     IN NEW YORK NY,10,10,5,10,25,10,25,0,30,15,10,30,25,5
G36000500346,1950,New York,36,Bronx,005,,0346,,STCTY-36005 TRACT-    0346     IN NEW YORK NY,35,10,10,25,45,95,230,205,155,45,60,5,20,25
G36000500347,1950,New York,36,Bronx,005,,0347,,STCTY-36005 TRACT-    0347     IN NEW YORK NY,20,20,5,5,5,15,10,5,15,15,35,15,25,40
G36000500350,1950,New York,36,Bronx,005,,0350,,STCTY-36005 TRACT-    0350     IN NEW YORK NY,10,5,10,5,15,25,35,45,35,10,15,25,15,0
G36000500351,1950,New York,36,Bronx,005,,0351,,STCTY-36005 TRACT-    0351     IN NEW YORK NY,10,5,45,30,35,20,35,10,30,10,35,40,45,50
G36000500352,1950,New York,36,Bronx,005,,0352,,STCTY-36005 TRACT-    0352     IN NEW YORK NY,20,10,40,5,40,20,30,30,45,40,35,35,30,5
G36000500354,1950,New York,36,Bronx,005,,0354,,STCTY-36005 TRACT-    0354     IN NEW YORK NY,0,0,0,15,5,0,15,10,15,0,5,15,0,25
G36000500355,1950,New York,36,Bronx,005,,0355,,STCTY-36005 TRACT-    0355     IN NEW YORK NY,100,10,15,15,5,0,5,0,0,5,0,0,20,10
G36000500356,1950,New York,36,Bronx,005,,0356,,STCTY-36005 TRACT-    0356     IN NEW YORK NY,10,10,10,10,15,20,50,25,20,20,15,5,40,15
G36000500357,1950,New York,36,Bronx,005,,0357,,STCTY-36005 TRACT-    0357     IN NEW YORK NY,220,80,50,40,55,15,50,10,25,30,50,30,55,35
G36000500358,1950,New York,36,Bronx,005,,0358,,STCTY-36005 TRACT-    0358     IN NEW YORK NY,40,10,15,15,20,10,25,10,35,20,45,40,35,20
G36000500359,1950,New York,36,Bronx,005,,0359,,STCTY-36005 TRACT-    0359     IN NEW YORK NY,150,35,75,60,65,125,155,105,85,55,170,45,55,10
G36000500360,1950,New York,36,Bronx,005,,0360,,STCTY-36005 TRACT-    0360     IN NEW YORK NY,5,15,5,5,5,5,10,25,5,0,30,0,15,5
G36000500361,1950,New York,36,Bronx,005,,0361,,STCTY-36005 TRACT-    0361     IN NEW YORK NY,190,140,115,185,245,230,345,210,220,125,195,100,105,20
G36000500362,1950,New York,36,Bronx,005,,0362,,STCTY-36005 TRACT-    0362     IN NEW YORK NY,10,5,0,5,0,20,20,25,5,15,25,0,5,5
G36000500363,1950,New York,36,Bronx,005,,0363,,STCTY-36005 TRACT-    0363     IN NEW YORK NY,440,165,180,205,370,355,475,275,215,205,320,230,310,45
G36000500364,1950,New York,36,Bronx,005,,0364,,STCTY-36005 TRACT-    0364     IN NEW YORK NY,75,25,15,15,45,35,65,80,80,20,75,45,60,65
G36000500365,1950,New York,36,Bronx,005,,0365,,STCTY-36005 TRACT-    0365     IN NEW YORK NY,210,115,160,80,255,200,200,165,145,130,155,95,95,30
G36000500366,1950,New York,36,Bronx,005,,0366,,STCTY-36005 TRACT-    0366     IN NEW YORK NY,0,0,0,10,0,10,0,15,15,15,5,0,5,0
G36000500367,1950,New York,36,Bronx,005,,0367,,STCTY-36005 TRACT-    0367     IN NEW YORK NY,365,140,140,160,290,290,375,305,260,235,310,170,185,55
G36000500368,1950,New York,36,Bronx,005,,0368,,STCTY-36005 TRACT-    0368     IN NEW YORK NY,5,0,5,0,0,20,40,30,5,5,25,15,0,5
G36000500369,1950,New York,36,Bronx,005,,0369,,STCTY-36005 TRACT-    0369     IN NEW YORK NY,210,105,165,140,245,280,365,220,200,120,280,145,130,45
G36000500370,1950,New York,36,Bronx,005,,0370,,STCTY-36005 TRACT-    0370     IN NEW YORK NY,30,15,15,5,5,45,50,30,65,5,50,10,10,20
G36000500371,1950,New York,36,Bronx,005,,0371,,STCTY-36005 TRACT-    0371     IN NEW YORK NY,315,160,185,250,260,495,450,310,225,135,195,140,120,20
G36000500372,1950,New York,36,Bronx,005,,0372,,STCTY-36005 TRACT-    0372     IN NEW YORK NY,35,20,20,20,25,20,75,65,25,15,40,15,30,10
G36000500373,1950,New York,36,Bronx,005,,0373,,STCTY-36005 TRACT-    0373     IN NEW YORK NY,180,85,125,140,270,225,320,220,195,130,190,175,145,60
G36000500374,1950,New York,36,Bronx,005,,0374,,STCTY-36005 TRACT-    0374     IN NEW YORK NY,15,25,20,30,20,35,100,50,25,45,80,40,40,15
G360005003750,1950,New York,36,Bronx,005,,0375,0,STCTY-36005 TRACT-    0375.0   IN NEW YORK NY,230,110,105,120,205,170,170,140,90,60,80,45,75,10
G360005003751,1950,New York,36,Bronx,005,,0375,1,STCTY-36005 TRACT-    0375.1   IN NEW YORK NY,85,105,85,60,135,130,100,85,60,15,75,55,55,15
G36000500376,1950,New York,36,Bronx,005,,0376,,STCTY-36005 TRACT-    0376     IN NEW YORK NY,45,15,25,30,45,50,80,60,50,35,80,25,25,15
G36000500377,1950,New York,36,Bronx,005,,0377,,STCTY-36005 TRACT-    0377     IN NEW YORK NY,230,115,150,115,190,160,345,260,165,120,225,135,135,35
G36000500378,1950,New York,36,Bronx,005,,0378,,STCTY-36005 TRACT-    0378     IN NEW YORK NY,30,20,40,10,45,60,110,75,85,30,70,30,55,20
G36000500379,1950,New York,36,Bronx,005,,0379,,STCTY-36005 TRACT-    0379     IN NEW YORK NY,140,125,80,155,150,215,190,145,200,105,185,70,100,35
G36000500380,1950,New York,36,Bronx,005,,0380,,STCTY-36005 TRACT-    0380     IN NEW YORK NY,60,60,60,45,70,75,125,65,60,50,85,45,60,5
G36000500381,1950,New York,36,Bronx,005,,0381,,STCTY-36005 TRACT-    0381     IN NEW YORK NY,180,65,85,90,125,170,195,150,185,85,320,145,200,155
G36000500382,1950,New York,36,Bronx,005,,0382,,STCTY-36005 TRACT-    0382     IN NEW YORK NY,20,15,5,30,60,40,25,40,45,15,45,20,25,10
G36000500383,1950,New York,36,Bronx,005,,0383,,STCTY-36005 TRACT-    0383     IN NEW YORK NY,280,90,170,145,280,350,430,290,305,215,255,170,260,50
G36000500384,1950,New York,36,Bronx,005,,0384,,STCTY-36005 TRACT-    0384     IN NEW YORK NY,45,25,40,60,100,85,220,185,165,95,195,80,95,50
G36000500385,1950,New York,36,Bronx,005,,0385,,STCTY-36005 TRACT-    0385     IN NEW YORK NY,230,75,90,120,250,240,375,115,155,95,145,85,100,25
G36000500386,1950,New York,36,Bronx,005,,0386,,STCTY-36005 TRACT-    0386     IN NEW YORK NY,0,0,5,10,15,15,25,20,5,20,10,5,10,15
G36000500387,1950,New York,36,Bronx,005,,0387,,STCTY-36005 TRACT-    0387     IN NEW YORK NY,160,110,55,85,155,140,180,125,130,110,135,65,70,0
G36000500388,1950,New York,36,Bronx,005,,0388,,STCTY-36005 TRACT-    0388     IN NEW YORK NY,15,0,15,25,40,40,35,30,30,15,85,50,30,20
G36000500389,1950,New York,36,Bronx,005,,0389,,STCTY-36005 TRACT-    0389     IN NEW YORK NY,245,100,135,105,160,270,230,130,105,85,135,65,80,10
G36000500390,1950,New York,36,Bronx,005,,0390,,STCTY-36005 TRACT-    0390     IN NEW YORK NY,40,40,30,15,30,60,65,85,95,35,95,75,70,25
G36000500391,1950,New York,36,Bronx,005,,0391,,STCTY-36005 TRACT-    0391     IN NEW YORK NY,225,120,135,170,200,270,350,190,235,120,180,110,90,15
G36000500392,1950,New York,36,Bronx,005,,0392,,STCTY-36005 TRACT-    0392     IN NEW YORK NY,50,30,15,15,50,55,45,60,30,45,75,35,45,25
G36000500393,1950,New York,36,Bronx,005,,0393,,STCTY-36005 TRACT-    0393     IN NEW YORK NY,80,90,95,110,245,220,255,205,170,110,220,100,120,40
G36000500394,1950,New York,36,Bronx,005,,0394,,STCTY-36005 TRACT-    0394     IN NEW YORK NY,35,5,50,85,80,105,125,135,130,85,130,80,115,35
G36000500395,1950,New York,36,Bronx,005,,0395,,STCTY-36005 TRACT-    0395     IN NEW YORK NY,0,0,0,0,0,0,0,0,0,0,0,0,0,0
G36000500396,1950,New York,36,Bronx,005,,0396,,STCTY-36005 TRACT-    0396     IN NEW YORK NY,55,50,45,75,130,150,145,105,100,25,95,30,75,20
G36000500397,1950,New York,36,Bronx,005,,0397,,STCTY-36005 TRACT-    0397     IN NEW YORK NY,745,265,155,85,85,75,75,50,55,35,50,5,45,20
G36000500398,1950,New York,36,Bronx,005,,0398,,STCTY-36005 TRACT-    0398     IN NEW YORK NY,25,0,15,25,65,40,45,40,75,30,40,25,35,10
G36000500399,1950,New York,36,Bronx,005,,0399,,STCTY-36005 TRACT-    0399     IN NEW YORK NY,355,70,115,145,210,245,380,325,325,190,375,255,200,120
G36000500400,1950,New York,36,Bronx,005,,0400,,STCTY-36005 TRACT-    0400     IN NEW YORK NY,5,0,10,0,10,10,20,15,20,5,15,5,5,0
G36000500401,1950,New York,36,Bronx,005,,0401,,STCTY-36005 TRACT-    0401     IN NEW YORK NY,255,35,105,80,130,180,235,140,130,105,165,155,180,135
G36000500403,1950,New York,36,Bronx,005,,0403,,STCTY-36005 TRACT-    0403     IN NEW YORK NY,270,65,140,180,290,245,420,390,265,280,595,320,440,255
G36000500404,1950,New York,36,Bronx,005,,0404,,STCTY-36005 TRACT-    0404     IN NEW YORK NY,30,15,10,5,50,70,70,65,20,50,35,35,45,10
G36000500405,1950,New York,36,Bronx,005,,0405,,STCTY-36005 TRACT-    0405     IN NEW YORK NY,365,145,90,115,235,265,355,330,335,225,335,185,310,85
G36000500406,1950,New York,36,Bronx,005,,0406,,STCTY-36005 TRACT-    0406     IN NEW YORK NY,100,35,35,65,75,95,110,75,90,45,75,55,85,20
G36000500407,1950,New York,36,Bronx,005,,0407,,STCTY-36005 TRACT-    0407     IN NEW YORK NY,320,85,145,160,250,300,330,220,305,145,325,185,240,125
G36000500408,1950,New York,36,Bronx,005,,0408,,STCTY-36005 TRACT-    0408     IN NEW YORK NY,55,20,40,45,70,110,105,135,65,90,95,85,120,25
G36000500409,1950,New York,36,Bronx,005,,0409,,STCTY-36005 TRACT-    0409     IN NEW YORK NY,0,0,0,5,0,5,0,0,0,0,0,5,5,10
G36000500410,1950,New York,36,Bronx,005,,0410,,STCTY-36005 TRACT-    0410     IN NEW YORK NY,0,0,0,0,0,0,0,0,0,0,0,0,0,0
G36000500411,1950,New York,36,Bronx,005,,0411,,STCTY-36005 TRACT-    0411     IN NEW YORK NY,125,10,10,40,65,100,105,45,60,25,65,10,50,30
G360005004120,1950,New York,36,Bronx,005,,0412,0,STCTY-36005 TRACT-    0412.0   IN NEW YORK NY,0,0,0,0,5,0,0,0,0,0,5,0,0,0
G360005004121,1950,New York,36,Bronx,005,,0412,1,STCTY-36005 TRACT-    0412.1   IN NEW YORK NY,0,0,0,0,0,0,0,0,0,0,0,0,0,0
G36000500413,1950,New York,36,Bronx,005,,0413,,STCTY-36005 TRACT-    0413     IN NEW YORK NY,210,50,95,90,145,145,260,170,150,155,265,170,250,165
G36000500414,1950,New York,36,Bronx,005,,0414,,STCTY-36005 TRACT-    0414     IN NEW YORK NY,70,30,10,35,40,45,100,35,70,55,50,30,40,5
G36000500415,1950,New York,36,Bronx,005,,0415,,STCTY-36005 TRACT-    0415     IN NEW YORK NY,155,40,60,40,135,110,155,155,155,75,190,150,240,130
G36000500416,1950,New York,36,Bronx,005,,0416,,STCTY-36005 TRACT-    0416     IN NEW YORK NY,35,15,10,35,25,45,35,40,60,15,65,30,40,10
G36000500417,1950,New York,36,Bronx,005,,0417,,STCTY-36005 TRACT-    0417     IN NEW YORK NY,0,0,0,0,0,0,0,0,0,0,0,0,0,0
G36000500418,1950,New York,36,Bronx,005,,0418,,STCTY-36005 TRACT-    0418     IN NEW YORK NY,55,10,35,40,55,55,175,160,95,70,95,50,55,20
G36000500419,1950,New York,36,Bronx,005,,0419,,STCTY-36005 TRACT-    0419     IN NEW YORK NY,220,55,70,90,130,180,195,195,260,190,315,150,195,175
G36000500420,1950,New York,36,Bronx,005,,0420,,STCTY-36005 TRACT-    0420     IN NEW YORK NY,95,10,70,40,105,90,140,75,130,90,105,115,55,30
G36000500421,1950,New York,36,Bronx,005,,0421,,STCTY-36005 TRACT-    0421     IN NEW YORK NY,205,55,180,130,145,70,220,140,145,150,250,120,220,105
G36000500422,1950,New York,36,Bronx,005,,0422,,STCTY-36005 TRACT-    0422     IN NEW YORK NY,60,25,25,30,40,80,50,125,65,15,55,35,70,15
G36000500423,1950,New York,36,Bronx,005,,0423,,STCTY-36005 TRACT-    0423     IN NEW YORK NY,110,35,70,60,105,80,95,110,110,80,175,100,110,15
G36000500424,1950,New York,36,Bronx,005,,0424,,STCTY-36005 TRACT-    0424     IN NEW YORK NY,60,5,0,15,25,55,45,40,30,30,60,10,25,15
G36000500425,1950,New York,36,Bronx,005,,0425,,STCTY-36005 TRACT-    0425     IN NEW YORK NY,265,85,50,100,130,220,275,160,200,155,235,95,145,70
G36000500426,1950,New York,36,Bronx,005,,0426,,STCTY-36005 TRACT-    0426     IN NEW YORK NY,10,0,15,5,20,15,40,25,40,10,20,20,30,5
G36000500427,1950,New York,36,Bronx,005,,0427,,STCTY-36005 TRACT-    0427     IN NEW YORK NY,0,0,0,0,5,0,0,0,0,0,0,0,0,0
G36000500428,1950,New York,36,Bronx,005,,0428,,STCTY-36005 TRACT-    0428     IN NEW YORK NY,5,10,5,5,15,25,35,35,15,5,20,20,35,15
G360005004290,1950,New York,36,Bronx,005,,0429,0,STCTY-36005 TRACT-    0429.0   IN NEW YORK NY,60,10,15,40,50,70,80,115,140,85,155,115,135,50
G360005004291,1950,New York,36,Bronx,005,,0429,1,STCTY-36005 TRACT-    0429.1   IN NEW YORK NY,120,25,45,85,115,135,145,140,115,80,210,110,105,40
G36000500430,1950,New York,36,Bronx,005,,0430,,STCTY-36005 TRACT-    0430     IN NEW YORK NY,25,25,10,15,25,55,75,60,70,45,85,35,35,30
G36000500431,1950,New York,36,Bronx,005,,0431,,STCTY-36005 TRACT-    0431     IN NEW YORK NY,300,80,125,105,180,250,290,220,320,140,395,140,275,130
G36000500432,1950,New York,36,Bronx,005,,0432,,STCTY-36005 TRACT-    0432     IN NEW YORK NY,70,25,35,25,80,45,90,90,85,50,95,45,25,20
G36000500433,1950,New York,36,Bronx,005,,0433,,STCTY-36005 TRACT-    0433     IN NEW YORK NY,0,0,0,0,0,0,0,0,0,0,0,0,0,0
G36000500435,1950,New York,36,Bronx,005,,0435,,STCTY-36005 TRACT-    0435     IN NEW YORK NY,0,0,0,0,0,0,0,0,0,0,0,0,0,0
G36000500436,1950,New York,36,Bronx,005,,0436,,STCTY-36005 TRACT-    0436     IN NEW YORK NY,10,25,5,15,35,65,110,65,65,30,40,10,30,0
G36000500438,1950,New York,36,Bronx,005,,0438,,STCTY-36005 TRACT-    0438     IN NEW YORK NY,15,5,10,30,25,30,80,70,25,50,55,65,65,35
G36000500440,1950,New York,36,Bronx,005,,0440,,STCTY-36005 TRACT-    0440     IN NEW YORK NY,40,15,15,10,5,45,35,30,5,15,50,20,10,0
G36000500442,1950,New York,36,Bronx,005,,0442,,STCTY-36005 TRACT-    0442     IN NEW YORK NY,55,20,20,10,45,75,110,95,80,20,70,30,30,5
G36000500444,1950,New York,36,Bronx,005,,0444,,STCTY-36005 TRACT-    0444     IN NEW YORK NY,45,0,10,10,45,45,55,50,25,10,45,20,15,5
G36000500446,1950,New York,36,Bronx,005,,0446,,STCTY-36005 TRACT-    0446     IN NEW YORK NY,25,0,10,0,10,35,30,50,25,10,40,20,20,0
G36000500448,1950,New York,36,Bronx,005,,0448,,STCTY-36005 TRACT-    0448     IN NEW YORK NY,5,0,5,10,20,10,45,45,20,5,15,15,5,10
G360005004490,1950,New York,36,Bronx,005,,0449,0,STCTY-36005 TRACT-    0449.0   IN NEW YORK NY,30,10,15,20,15,35,55,20,65,15,110,40,60,40
G360005004491,1950,New York,36,Bronx,005,,0449,1,STCTY-36005 TRACT-    0449.1   IN NEW YORK NY,60,20,35,25,50,35,70,50,90,5,85,40,55,25
G36000500450,1950,New York,36,Bronx,005,,0450,,STCTY-36005 TRACT-    0450     IN NEW YORK NY,0,0,5,0,5,10,15,10,10,5,10,0,5,0
G360005004510,1950,New York,36,Bronx,005,,0451,0,STCTY-36005 TRACT-    0451.0   IN NEW YORK NY,35,15,5,20,15,40,30,55,30,65,95,65,65,50
G360005004511,1950,New York,36,Bronx,005,,0451,1,STCTY-36005 TRACT-    0451.1   IN NEW YORK NY,85,15,20,10,20,20,25,30,35,25,45,30,65,35
G36000500452,1950,New York,36,Bronx,005,,0452,,STCTY-36005 TRACT-    0452     IN NEW YORK NY,20,10,20,5,15,20,30,20,55,30,35,10,25,10
G36000500454,1950,New York,36,Bronx,005,,0454,,STCTY-36005 TRACT-    0454     IN NEW YORK NY,5,5,30,15,10,30,20,35,30,20,40,25,35,5
G36000500456,1950,New York,36,Bronx,005,,0456,,STCTY-36005 TRACT-    0456     IN NEW YORK NY,5,0,10,15,10,15,5,5,5,0,10,5,0,5
G36000500458,1950,New York,36,Bronx,005,,0458,,STCTY-36005 TRACT-    0458     IN NEW YORK NY,0,0,0,0,10,0,0,0,0,0,0,0,0,0
G36000500460,1950,New York,36,Bronx,005,,0460,,STCTY-36005 TRACT-    0460     IN NEW YORK NY,0,0,0,0,0,5,10,0,0,0,0,0,0,0
G36000500462,1950,New York,36,Bronx,005,,0462,,STCTY-36005 TRACT-    0462     IN NEW YORK NY,45,10,10,5,35,50,85,60,30,25,35,10,10,5
G36000500464,1950,New York,36,Bronx,005,,0464,,STCTY-36005 TRACT-    0464     IN NEW YORK NY,0,0,0,0,0,0,10,5,15,5,5,10,0,0
G36000500480,1950,New York,36,Bronx,005,,0480,,STCTY-36005 TRACT-    0480     IN NEW YORK NY,0,0,0,0,0,0,0,5,0,0,0,10,5,0
G36000500482,1950,New York,36,Bronx,005,,0482,,STCTY-36005 TRACT-    0482     IN NEW YORK NY,0,0,5,0,10,0,0,5,5,0,5,0,0,0
G36000500484,1950,New York,36,Bronx,005,,0484,,STCTY-36005 TRACT-    0484     IN NEW YORK NY,15,5,15,5,10,5,15,5,10,10,15,20,25,5
G36000500486,1950,New York,36,Bronx,005,,0486,,STCTY-36005 TRACT-    0486     IN NEW YORK NY,5,5,0,5,5,10,15,15,15,0,10,10,0,10
G36000500502,1950,New York,36,Bronx,005,,0502,,STCTY-36005 TRACT-    0502     IN NEW YORK NY,0,5,0,10,5,0,10,10,15,5,30,15,10,0
G36000500504,1950,New York,36,Bronx,005,,0504,,STCTY-36005 TRACT-    0504     IN NEW YORK NY,0,5,0,0,5,0,0,0,5,5,0,0,0,5
G36000500514,1950,New York,36,Bronx,005,,0514,,STCTY-36005 TRACT-    0514     IN NEW YORK NY,0,0,0,0,0,0,5,0,0,0,0,0,0,0
G36000500516,1950,New York,36,Bronx,005,,0516,,STCTY-36005 TRACT-    0516     IN NEW YORK NY,15,5,15,10,10,20,30,15,10,30,40,10,15,15
G36000500520,1950,New York,36,Bronx,005,,0520,,STCTY-36005 TRACT-    0520     IN NEW YORK NY,5,5,0,0,0,10,0,0,0,0,0,0,0,0
G36000500522,1950,New York,36,Bronx,005,,0522,,STCTY-36005 TRACT-    0522     IN NEW YORK NY,15,0,15,0,5,25,5,5,20,0,15,0,0,5
G36000500524,1950,New York,36,Bronx,005,,0524,,STCTY-36005 TRACT-    0524     IN NEW YORK NY,35,0,10,15,5,15,5,0,20,15,15,15,0,0
G36000500526,1950,New York,36,Bronx,005,,0526,,STCTY-36005 TRACT-    0526     IN NEW YORK NY,15,5,5,5,20,10,15,10,0,0,5,0,5,0
G36000500528,1950,New York,36,Bronx,005,,0528,,STCTY-36005 TRACT-    0528     IN NEW YORK NY,15,0,0,5,15,5,10,5,35,10,5,15,5,5
G36000500530,1950,New York,36,Bronx,005,,0530,,STCTY-36005 TRACT-    0530     IN NEW YORK NY,25,5,0,10,5,10,30,5,40,30,35,25,35,15
G36000500532,1950,New York,36,Bronx,005,,0532,,STCTY-36005 TRACT-    0532     IN NEW YORK NY,0,0,0,0,0,0,10,0,0,0,0,0,5,0
G36000500534,1950,New York,36,Bronx,005,,0534,,STCTY-36005 TRACT-    0534     IN NEW YORK NY,0,5,0,0,0,5,0,10,15,0,20,10,0,0
G36000500536,1950,New York,36,Bronx,005,,0536,,STCTY-36005 TRACT-    0536     IN NEW YORK NY,15,0,5,0,0,10,5,20,5,10,5,5,5,10
G36000500538,1950,New York,36,Bronx,005,,0538,,STCTY-36005 TRACT-    0538     IN NEW YORK NY,0,0,0,0,0,0,0,0,0,0,0,0,0,0
G36000500540,1950,New York,36,Bronx,005,,0540,,STCTY-36005 TRACT-    0540     IN NEW YORK NY,0,0,0,0,0,0,0,0,0,0,0,0,0,0
G36002900001,1950,New York,36,Erie,029,,0001,,STCTY-36029 TRACT-    0001     IN BUFFALO NY,15,15,40,35,70,115,165,50,80,35,55,35,30,15
G36002900002,1950,New York,36,Erie,029,,0002,,STCTY-36029 TRACT-    0002     IN BUFFALO NY,100,110,40,80,125,195,220,265,180,95,140,85,130,40
G36002900003,1950,New York,36,Erie,029,,0003,,STCTY-36029 TRACT-    0003     IN BUFFALO NY,85,20,20,65,105,150,150,75,60,40,15,35,40,10
G36002900004,1950,New York,36,Erie,029,,0004,,STCTY-36029 TRACT-    0004     IN BUFFALO NY,60,30,35,20,40,65,170,65,45,35,60,55,10,0
G36002900005,1950,New York,36,Erie,029,,0005,,STCTY-36029 TRACT-    0005     IN BUFFALO NY,205,75,65,80,115,260,335,160,110,65,190,65,60,35
G36002900006,1950,New York,36,Erie,029,,0006,,STCTY-36029 TRACT-    0006     IN BUFFALO NY,80,45,55,25,100,80,280,250,170,110,205,130,120,40
G36002900007,1950,New York,36,Erie,029,,0007,,STCTY-36029 TRACT-    0007     IN BUFFALO NY,80,30,20,10,50,80,165,130,135,75,150,90,105,40
G36002900008,1950,New York,36,Erie,029,,0008,,STCTY-36029 TRACT-    0008     IN BUFFALO NY,340,75,95,40,95,140,355,265,235,110,255,145,220,80
G36002900009,1950,New York,36,Erie,029,,0009,,STCTY-36029 TRACT-    0009     IN BUFFALO NY,20,45,45,40,50,45,175,95,100,60,140,90,100,40
G36002900010,1950,New York,36,Erie,029,,0010,,STCTY-36029 TRACT-    0010     IN BUFFALO NY,200,155,105,95,180,145,280,280,275,180,275,160,180,30
G36002900011,1950,New York,36,Erie,029,,0011,,STCTY-36029 TRACT-    0011     IN BUFFALO NY,90,15,30,45,115,110,190,170,125,100,145,45,120,45
G36002900012,1950,New York,36,Erie,029,,0012,,STCTY-36029 TRACT-    0012     IN BUFFALO NY,410,180,260,205,275,445,485,260,195,120,130,65,45,20
G36002900013,1950,New York,36,Erie,029,,0013,,STCTY-36029 TRACT-    0013     IN BUFFALO NY,1390,790,615,455,505,385,340,175,105,65,105,40,65,15
G36002900014,1950,New York,36,Erie,029,,0014,,STCTY-36029 TRACT-    0014     IN BUFFALO NY,935,745,620,555,670,815,635,130,100,65,75,45,50,0
G36002900015,1950,New York,36,Erie,029,,0015,,STCTY-36029 TRACT-    0015     IN BUFFALO NY,620,375,335,355,480,585,585,285,195,205,155,85,80,25
G36002900016,1950,New York,36,Erie,029,,0016,,STCTY-36029 TRACT-    0016     IN BUFFALO NY,335,155,190,155,385,500,665,315,380,175,295,105,140,35
G36002900017,1950,New York,36,Erie,029,,0017,,STCTY-36029 TRACT-    0017     IN BUFFALO NY,165,35,35,55,155,135,280,105,130,85,100,55,55,15
G36002900018,1950,New York,36,Erie,029,,0018,,STCTY-36029 TRACT-    0018     IN BUFFALO NY,115,75,60,50,75,130,95,95,60,45,40,30,35,10
G36002900019,1950,New York,36,Erie,029,,0019,,STCTY-36029 TRACT-    0019     IN BUFFALO NY,105,35,30,45,90,165,230,150,80,100,145,55,110,40
G36002900020,1950,New York,36,Erie,029,,0020,,STCTY-36029 TRACT-    0020     IN BUFFALO NY,60,35,35,35,65,95,160,85,100,60,85,45,30,20
G36002900021,1950,New York,36,Erie,029,,0021,,STCTY-36029 TRACT-    0021     IN BUFFALO NY,30,5,10,10,20,30,75,30,35,20,15,20,15,0
G36002900022,1950,New York,36,Erie,029,,0022,,STCTY-36029 TRACT-    0022     IN BUFFALO NY,35,25,20,20,60,55,135,120,90,45,110,20,35,10
G36002900023,1950,New York,36,Erie,029,,0023,,STCTY-36029 TRACT-    0023     IN BUFFALO NY,95,70,75,90,160,145,285,165,140,90,90,55,45,25
G36002900024,1950,New York,36,Erie,029,,0024,,STCTY-36029 TRACT-    0024     IN BUFFALO NY,255,65,135,170,230,295,485,295,200,135,175,125,75,20
G36002900025,1950,New York,36,Erie,029,,0025,,STCTY-36029 TRACT-    0025     IN BUFFALO NY,895,680,590,585,840,895,755,355,315,145,230,105,115,50
G36002900026,1950,New York,36,Erie,029,,0026,,STCTY-36029 TRACT-    0026     IN BUFFALO NY,260,120,95,70,210,290,275,140,85,85,105,45,60,0
G36002900027,1950,New York,36,Erie,029,,0027,,STCTY-36029 TRACT-    0027     IN BUFFALO NY,640,300,340,295,625,740,1000,680,525,290,455,220,230,30
G36002900028,1950,New York,36,Erie,029,,0028,,STCTY-36029 TRACT-    0028     IN BUFFALO NY,300,80,125,125,285,395,600,320,210,150,200,130,90,20
G36002900029,1950,New York,36,Erie,029,,0029,,STCTY-36029 TRACT-    0029     IN BUFFALO NY,245,80,135,90,150,390,460,280,195,110,170,90,90,20
G36002900030,1950,New York,36,Erie,029,,0030,,STCTY-36029 TRACT-    0030     IN BUFFALO NY,160,20,50,50,70,115,190,145,165,80,105,45,75,25
G36002900031,1950,New York,36,Erie,029,,0031,,STCTY-36029 TRACT-    0031     IN BUFFALO NY,750,400,475,350,520,670,745,465,350,240,310,160,175,60
G36002900032,1950,New York,36,Erie,029,,0032,,STCTY-36029 TRACT-    0032     IN BUFFALO NY,845,445,575,405,655,765,885,535,325,240,340,160,115,30
G36002900033,1950,New York,36,Erie,029,,0033,,STCTY-36029 TRACT-    0033     IN BUFFALO NY,645,225,230,315,440,545,685,530,370,300,450,205,250,105
G36002900034,1950,New York,36,Erie,029,,0034,,STCTY-36029 TRACT-    0034     IN BUFFALO NY,210,90,100,70,150,280,390,265,230,175,215,120,95,10
G36002900035,1950,New York,36,Erie,029,,0035,,STCTY-36029 TRACT-    0035     IN BUFFALO NY,290,140,135,170,255,375,590,395,265,220,300,130,175,30
G36002900036,1950,New York,36,Erie,029,,0036,,STCTY-36029 TRACT-    0036     IN BUFFALO NY,200,75,95,95,130,235,410,290,215,175,205,100,95,20
G36002900037,1950,New York,36,Erie,029,,0037,,STCTY-36029 TRACT-    0037     IN BUFFALO NY,130,60,70,100,120,195,375,310,160,160,160,140,90,40
G36002900038,1950,New York,36,Erie,029,,0038,,STCTY-36029 TRACT-    0038     IN BUFFALO NY,85,40,40,30,95,120,195,145,150,110,130,45,65,20
G36002900039,1950,New York,36,Erie,029,,0039,,STCTY-36029 TRACT-    0039     IN BUFFALO NY,255,95,75,95,160,200,275,255,190,180,285,115,90,30
G36002900040,1950,New York,36,Erie,029,,0040,,STCTY-36029 TRACT-    0040     IN BUFFALO NY,300,140,95,120,260,415,525,370,290,185,260,110,155,45
G36002900041,1950,New York,36,Erie,029,,0041,,STCTY-36029 TRACT-    0041     IN BUFFALO NY,115,40,110,105,210,325,375,245,250,150,270,130,115,20
G36002900042,1950,New York,36,Erie,029,,0042,,STCTY-36029 TRACT-    0042     IN BUFFALO NY,210,45,55,50,105,185,265,210,180,120,225,105,115,45
G36002900043,1950,New York,36,Erie,029,,0043,,STCTY-36029 TRACT-    0043     IN BUFFALO NY,205,75,80,80,125,160,365,305,250,215,250,155,140,70
G36002900044,1950,New York,36,Erie,029,,0044,,STCTY-36029 TRACT-    0044     IN BUFFALO NY,175,55,100,115,235,330,435,335,335,160,370,120,130,40
G36002900045,1950,New York,36,Erie,029,,0045,,STCTY-36029 TRACT-    0045     IN BUFFALO NY,200,85,95,55,85,125,175,160,110,85,200,165,205,270
G36002900046,1950,New York,36,Erie,029,,0046,,STCTY-36029 TRACT-    0046     IN BUFFALO NY,150,60,60,60,55,75,100,125,105,80,140,115,70,65
G36002900047,1950,New York,36,Erie,029,,0047,,STCTY-36029 TRACT-    0047     IN BUFFALO NY,200,110,95,80,120,200,295,210,235,160,245,160,235,115
G36002900048,1950,New York,36,Erie,029,,0048,,STCTY-36029 TRACT-    0048     IN BUFFALO NY,200,75,55,55,45,55,130,140,120,100,165,150,160,215
G36002900049,1950,New York,36,Erie,029,,0049,,STCTY-36029 TRACT-    0049     IN BUFFALO NY,280,85,105,95,220,185,355,295,220,195,365,240,195,90
G36002900050,1950,New York,36,Erie,029,,0050,,STCTY-36029 TRACT-    0050     IN BUFFALO NY,70,35,25,50,65,115,165,105,110,70,90,70,50,5
G36002900051,1950,New York,36,Erie,029,,0051,,STCTY-36029 TRACT-    0051     IN BUFFALO NY,125,45,50,75,95,150,240,200,190,115,290,125,160,85
G36002900052,1950,New York,36,Erie,029,,0052,,STCTY-36029 TRACT-    0052     IN BUFFALO NY,455,150,85,145,205,200,245,240,200,125,275,175,230,165
G36002900053,1950,New York,36,Erie,029,,0053,,STCTY-36029 TRACT-    0053     IN BUFFALO NY,200,15,20,5,45,20,25,20,20,10,15,10,40,45
G36002900054,1950,New York,36,Erie,029,,0054,,STCTY-36029 TRACT-    0054     IN BUFFALO NY,100,75,85,60,40,80,135,95,75,40,190,85,110,345
G36002900055,1950,New York,36,Erie,029,,0055,,STCTY-36029 TRACT-    0055     IN BUFFALO NY,310,110,135,135,190,290,425,300,150,80,165,65,105,20
G36002900056,1950,New York,36,Erie,029,,0056,,STCTY-36029 TRACT-    0056     IN BUFFALO NY,85,50,50,45,120,215,290,220,165,115,75,40,55,10
G36002900057,1950,New York,36,Erie,029,,0057,,STCTY-36029 TRACT-    0057     IN BUFFALO NY,75,25,30,60,80,125,155,135,80,85,115,70,70,5
G36002900058,1950,New York,36,Erie,029,,0058,,STCTY-36029 TRACT-    0058     IN BUFFALO NY,295,120,90,155,285,420,565,370,395,240,300,100,150,55
G36002900059,1950,New York,36,Erie,029,,0059,,STCTY-36029 TRACT-    0059     IN BUFFALO NY,215,105,125,120,145,205,245,225,150,90,190,80,80,20
G36002900060,1950,New York,36,Erie,029,,0060,,STCTY-36029 TRACT-    0060     IN BUFFALO NY,240,145,115,190,245,335,495,315,225,80,160,75,115,35
G36002900061,1950,New York,36,Erie,029,,0061,,STCTY-36029 TRACT-    0061     IN BUFFALO NY,280,225,150,195,270,360,440,295,180,145,175,125,60,30
G36002900062,1950,New York,36,Erie,029,,0062,,STCTY-36029 TRACT-    0062     IN BUFFALO NY,160,30,25,20,40,40,55,45,15,35,20,25,25,10
G36002900063,1950,New York,36,Erie,029,,0063,,STCTY-36029 TRACT-    0063     IN BUFFALO NY,445,210,310,260,255,240,395,280,255,145,335,160,200,280
G36002900064,1950,New York,36,Erie,029,,0064,,STCTY-36029 TRACT-    0064     IN BUFFALO NY,35,30,25,20,25,55,35,15,15,25,30,15,20,40
G36002900065,1950,New York,36,Erie,029,,0065,,STCTY-36029 TRACT-    0065     IN BUFFALO NY,440,205,235,240,285,330,400,220,185,135,280,135,255,370
G36002900066,1950,New York,36,Erie,029,,0066,,STCTY-36029 TRACT-    0066     IN BUFFALO NY,385,190,215,195,210,290,320,235,130,120,150,100,145,200
G36002900067,1950,New York,36,Erie,029,,0067,,STCTY-36029 TRACT-    0067     IN BUFFALO NY,720,335,360,370,515,365,410,275,250,200,280,130,260,390
G36002900068,1950,New York,36,Erie,029,,0068,,STCTY-36029 TRACT-    0068     IN BUFFALO NY,865,580,505,420,465,480,545,370,235,125,225,100,110,60
G36002900069,1950,New York,36,Erie,029,,0069,,STCTY-36029 TRACT-    0069     IN BUFFALO NY,510,180,285,280,465,705,830,450,255,245,295,140,125,25
G36002900070,1950,New York,36,Erie,029,,0070,,STCTY-36029 TRACT-    0070     IN BUFFALO NY,320,85,105,135,160,320,350,110,95,95,125,60,65,5
G36002900071,1950,New York,36,Erie,029,,0071,,STCTY-36029 TRACT-    0071     IN BUFFALO NY,1030,535,485,575,695,875,900,420,340,150,245,80,100,45
G36002900072,1950,New York,36,Erie,029,,0072,,STCTY-36029 TRACT-    0072     IN BUFFALO NY,310,230,180,165,170,155,140,80,75,45,55,25,50,20
G3600290A0001,1950,New York,36,Erie,029,A,0001,,STCTY-36029 TRACT-  A 0001     IN WILLIAMSVILLE NY,130,80,50,20,60,100,115,125,100,85,170,70,205,0
G3600290A0002,1950,New York,36,Erie,029,A,0002,,STCTY-36029 TRACT-  A 0002     IN BUFFALO NY ADJ AREAS,60,10,0,25,75,30,85,60,40,35,45,35,35,0
G3600290A0003,1950,New York,36,Erie,029,A,0003,,STCTY-36029 TRACT-  A 0003     IN BUFFALO NY ADJ AREAS,95,25,10,15,45,65,95,105,65,45,40,50,45,0
G3600290A0004,1950,New York,36,Erie,029,A,0004,,STCTY-36029 TRACT-  A 0004     IN BUFFALO NY ADJ AREAS,0,5,0,5,5,20,55,25,25,5,15,15,15,0
G3600290A0005,1950,New York,36,Erie,029,A,0005,,STCTY-36029 TRACT-  A 0005     IN BUFFALO NY ADJ AREAS,70,20,45,45,90,95,140,165,170,150,185,110,140,40
G3600290A0006,1950,New York,36,Erie,029,A,0006,,STCTY-36029 TRACT-  A 0006     IN BUFFALO NY ADJ AREAS,125,35,20,40,60,75,145,120,100,75,150,115,180,250
G3600290A0007,1950,New York,36,Erie,029,A,0007,,STCTY-36029 TRACT-  A 0007     IN BUFFALO NY ADJ AREAS,135,40,50,35,40,85,125,135,145,210,330,190,385,435
G3600290A0008,1950,New York,36,Erie,029,A,0008,,STCTY-36029 TRACT-  A 0008     IN BUFFALO NY ADJ AREAS,80,45,35,30,35,30,75,30,20,5,80,30,50,5
G3600290C0001,1950,New York,36,Erie,029,C,0001,,STCTY-36029 TRACT-  C 0001     IN DEPEW NY,10,20,10,5,30,15,45,0,15,10,5,15,15,0
G3600290C0002,1950,New York,36,Erie,029,C,0002,,STCTY-36029 TRACT-  C 0002     IN DEPEW NY,25,5,10,35,30,30,75,75,15,25,35,30,25,20
G3600290C0003,1950,New York,36,Erie,029,C,0003,,STCTY-36029 TRACT-  C 0003     IN SLOAN NY,80,35,25,30,55,145,240,170,100,50,65,60,110,0
G3600290C0004,1950,New York,36,Erie,029,C,0004,,STCTY-36029 TRACT-  C 0004     IN BUFFALO NY ADJ AREAS,40,20,30,35,45,75,140,100,75,55,65,35,15,0
G3600290C0005,1950,New York,36,Erie,029,C,0005,,STCTY-36029 TRACT-  C 0005     IN BUFFALO NY ADJ AREAS,145,25,60,55,175,340,600,460,400,205,225,105,90,25
G3600290C0006,1950,New York,36,Erie,029,C,0006,,STCTY-36029 TRACT-  C 0006     IN BUFFALO NY ADJ AREAS,45,20,20,45,95,65,235,240,155,165,295,140,115,60
G3600290C0007,1950,New York,36,Erie,029,C,0007,,STCTY-36029 TRACT-  C 0007     IN BUFFALO NY ADJ AREAS,215,40,35,15,20,35,70,35,60,35,40,20,45,15
G3600290C0008,1950,New York,36,Erie,029,C,0008,,STCTY-36029 TRACT-  C 0008     IN BUFFALO NY ADJ AREAS,40,10,20,40,50,105,235,140,80,60,115,80,25,25
G3600290C0009,1950,New York,36,Erie,029,C,0009,,STCTY-36029 TRACT-  C 0009     IN BUFFALO NY ADJ AREAS,30,20,25,15,45,60,110,70,40,65,65,50,35,5
G3600290C0010,1950,New York,36,Erie,029,C,0010,,STCTY-36029 TRACT-  C 0010     IN BUFFALO NY ADJ AREAS,35,25,10,10,10,45,55,75,70,15,55,35,15,0
G3600290C0011,1950,New York,36,Erie,029,C,0011,,STCTY-36029 TRACT-  C 0011     IN BUFFALO NY ADJ AREAS,35,10,10,20,30,40,65,20,35,15,10,20,5,0
G3600290C0012,1950,New York,36,Erie,029,C,0012,,STCTY-36029 TRACT-  C 0012     IN BUFFALO NY ADJ AREAS,65,30,10,30,40,70,105,90,60,40,35,35,60,0
G3600290C0013,1950,New York,36,Erie,029,C,0013,,STCTY-36029 TRACT-  C 0013     IN BUFFALO NY ADJ AREAS,130,30,5,30,35,40,115,75,35,25,55,10,20,0
G3600290C0014,1950,New York,36,Erie,029,C,0014,,STCTY-36029 TRACT-  C 0014     IN BUFFALO NY ADJ AREAS,30,25,0,15,50,65,110,90,45,30,45,15,30,15
G3600290C0015,1950,New York,36,Erie,029,C,0015,,STCTY-36029 TRACT-  C 0015     IN BUFFALO NY ADJ AREAS,10,0,15,20,30,40,70,50,25,5,30,0,15,5
G3600290G0001,1950,New York,36,Erie,029,G,0001,,STCTY-36029 TRACT-  G 0001     IN BUFFALO NY ADJ AREAS,95,20,20,10,55,35,55,95,70,75,75,35,75,10
G3600290K0001,1950,New York,36,Erie,029,K,0001,,STCTY-36029 TRACT-  K 0001     IN KENMORE NY,85,10,35,20,45,75,90,85,85,50,100,55,155,20
G3600290K0002,1950,New York,36,Erie,029,K,0002,,STCTY-36029 TRACT-  K 0002     IN KENMORE NY,100,40,40,70,45,145,180,150,195,85,260,125,345,10
G3600290K0003,1950,New York,36,Erie,029,K,0003,,STCTY-36029 TRACT-  K 0003     IN KENMORE NY,165,35,75,50,100,130,225,235,210,135,280,145,210,0
G3600290K0004,1950,New York,36,Erie,029,K,0004,,STCTY-36029 TRACT-  K 0004     IN KENMORE NY,5,20,15,45,75,90,225,200,180,100,150,75,105,0
G3600290L0001,1950,New York,36,Erie,029,L,0001,,STCTY-36029 TRACT-  L 0001     IN LACKAWANNA NY,330,140,90,80,185,320,275,155,65,65,100,15,55,0
G3600290L0002,1950,New York,36,Erie,029,L,0002,,STCTY-36029 TRACT-  L 0002     IN LACKAWANNA NY,130,55,20,80,155,245,320,175,90,55,150,65,100,0
G3600290L0003,1950,New York,36,Erie,029,L,0003,,STCTY-36029 TRACT-  L 0003     IN LACKAWANNA NY,80,35,45,35,75,145,310,175,125,90,110,105,145,15
G3600290L0004,1950,New York,36,Erie,029,L,0004,,STCTY-36029 TRACT-  L 0004     IN LACKAWANNA NY,95,25,25,40,40,145,210,130,65,30,50,25,35,0
G3600290L0005,1950,New York,36,Erie,029,L,0005,,STCTY-36029 TRACT-  L 0005     IN LACKAWANNA NY,50,10,25,25,30,130,160,140,115,55,115,65,110,5
G3600290L0006,1950,New York,36,Erie,029,L,0006,,STCTY-36029 TRACT-  L 0006     IN LACKAWANNA NY,30,5,10,25,20,60,100,55,40,50,55,55,45,5
G3600290L0007,1950,New York,36,Erie,029,L,0007,,STCTY-36029 TRACT-  L 0007     IN LACKAWANNA NY,165,15,15,15,0,0,0,0,5,0,0,0,0,0
G3600290T0001,1950,New York,36,Erie,029,T,0001,,STCTY-36029 TRACT-  T 0001     IN BUFFALO NY ADJ AREAS,5,5,5,10,10,20,50,90,75,60,80,30,60,0
G3600290T0002,1950,New York,36,Erie,029,T,0002,,STCTY-36029 TRACT-  T 0002     IN BUFFALO NY ADJ AREAS,145,65,60,85,165,205,360,335,335,310,565,275,310,170
G3600290T0003,1950,New York,36,Erie,029,T,0003,,STCTY-36029 TRACT-  T 0003     IN BUFFALO NY ADJ AREAS,80,25,35,35,30,60,150,195,190,190,310,220,330,285
G3600290T0004,1950,New York,36,Erie,029,T,0004,,STCTY-36029 TRACT-  T 0004     IN BUFFALO NY ADJ AREAS,135,35,35,20,65,135,210,185,225,105,240,130,105,45
G3600290T0005,1950,New York,36,Erie,029,T,0005,,STCTY-36029 TRACT-  T 0005     IN BUFFALO NY ADJ AREAS,35,5,30,60,80,190,325,165,70,60,65,5,10,0
G3600290T0006,1950,New York,36,Erie,029,T,0006,,STCTY-36029 TRACT-  T 0006     IN BUFFALO NY ADJ AREAS,80,70,25,55,55,120,160,125,75,40,60,30,30,5
G3600290T0007,1950,New York,36,Erie,029,T,0007,,STCTY-36029 TRACT-  T 0007     IN TONAWANDA NY,10,15,10,0,20,80,40,55,40,10,20,25,15,0
G3600290T0008,1950,New York,36,Erie,029,T,0008,,STCTY-36029 TRACT-  T 0008     IN TONAWANDA NY,95,30,25,40,35,55,120,60,35,40,65,15,55,5
G3600290T0009,1950,New York,36,Erie,029,T,0009,,STCTY-36029 TRACT-  T 0009     IN TONAWANDA NY,30,0,15,5,15,45,40,50,55,15,25,30,20,0
G3600290T0010,1950,New York,36,Erie,029,T,0010,,STCTY-36029 TRACT-  T 0010     IN TONAWANDA NY,225,85,55,130,175,195,325,175,180,120,165,110,95,5
G3600290T0011,1950,New York,36,Erie,029,T,0011,,STCTY-36029 TRACT-  T 0011     IN TONAWANDA NY,50,30,25,15,80,80,180,90,110,55,125,25,85,0
G3600290W0001,1950,New York,36,Erie,029,W,0001,,STCTY-36029 TRACT-  W 0001     IN BUFFALO NY ADJ AREAS,30,15,5,15,45,40,85,85,50,25,30,20,25,20
G3600290W0002,1950,New York,36,Erie,029,W,0002,,STCTY-36029 TRACT-  W 0002     IN BUFFALO NY ADJ AREAS,65,30,20,25,30,75,75,110,85,50,75,40,25,10
G3600290W0003,1950,New York,36,Erie,029,W,0003,,STCTY-36029 TRACT-  W 0003     IN BUFFALO NY ADJ AREAS,45,15,25,15,45,85,80,115,50,35,55,55,20,10
G3600290W0004,1950,New York,36,Erie,029,W,0004,,STCTY-36029 TRACT-  W 0004     IN BUFFALO NY ADJ AREAS,10,25,25,20,15,30,60,55,50,5,45,25,15,10
G3600290W0005,1950,New York,36,Erie,029,W,0005,,STCTY-36029 TRACT-  W 0005     IN BUFFALO NY ADJ AREAS,10,0,0,0,10,15,20,45,25,25,15,20,10,0
G3600290W0006,1950,New York,36,Erie,029,W,0006,,STCTY-36029 TRACT-  W 0006     IN BUFFALO NY ADJ AREAS,55,5,10,40,30,60,95,70,95,50,55,60,85,0
G3600290W0007,1950,New York,36,Erie,029,W,0007,,STCTY-36029 TRACT-  W 0007     IN BUFFALO NY ADJ AREAS,55,0,15,0,25,40,65,50,25,10,5,0,5,0
G3600290W0008,1950,New York,36,Erie,029,W,0008,,STCTY-36029 TRACT-  W 0008     IN BUFFALO NY ADJ AREAS,25,20,15,15,70,25,55,70,50,30,40,15,15,10
G3600290W0009,1950,New York,36,Erie,029,W,0009,,STCTY-36029 TRACT-  W 0009     IN BUFFALO NY ADJ AREAS,40,10,20,0,50,40,55,105,90,15,60,55,60,20
G36004700001,1950,New York,36,Kings,047,,0001,,STCTY-36047 TRACT-    0001     IN NEW YORK NY,635,165,145,175,140,195,245,165,125,70,135,60,85,95
G36004700002,1950,New York,36,Kings,047,,0002,,STCTY-36047 TRACT-    0002     IN NEW YORK NY,15,0,5,0,0,0,0,0,5,0,0,0,0,0
G36004700003,1950,New York,36,Kings,047,,0003,,STCTY-36047 TRACT-    0003     IN NEW YORK NY,250,95,135,125,200,190,270,210,210,85,245,155,190,305
G36004700005,1950,New York,36,Kings,047,,0005,,STCTY-36047 TRACT-    0005     IN NEW YORK NY,425,190,235,300,320,370,485,275,300,160,400,200,325,235
G36004700006,1950,New York,36,Kings,047,,0006,,STCTY-36047 TRACT-    0006     IN NEW YORK NY,90,5,10,10,65,40,15,15,10,15,0,0,5,0
G36004700007,1950,New York,36,Kings,047,,0007,,STCTY-36047 TRACT-    0007     IN NEW YORK NY,335,205,160,175,300,175,185,185,120,65,145,55,55,60
G36004700008,1950,New York,36,Kings,047,,0008,,STCTY-36047 TRACT-    0008     IN NEW YORK NY,0,0,0,0,0,0,0,0,0,0,0,0,0,0
G36004700009,1950,New York,36,Kings,047,,0009,,STCTY-36047 TRACT-    0009     IN NEW YORK NY,130,90,125,115,105,65,45,65,45,15,40,15,30,30
G36004700010,1950,New York,36,Kings,047,,0010,,STCTY-36047 TRACT-    0010     IN NEW YORK NY,10,0,0,5,0,5,0,5,10,0,5,0,10,0
G36004700011,1950,New York,36,Kings,047,,0011,,STCTY-36047 TRACT-    0011     IN NEW YORK NY,170,70,110,55,85,55,45,15,30,10,40,20,15,0
G36004700012,1950,New York,36,Kings,047,,0012,,STCTY-36047 TRACT-    0012     IN NEW YORK NY,55,10,5,15,25,25,40,30,30,15,10,0,5,0
G36004700013,1950,New York,36,Kings,047,,0013,,STCTY-36047 TRACT-    0013     IN NEW YORK NY,190,150,105,75,40,30,30,10,5,15,20,0,5,0
G36004700014,1950,New York,36,Kings,047,,0014,,STCTY-36047 TRACT-    0014     IN NEW YORK NY,30,40,30,55,55,70,55,40,30,15,30,10,10,5
G36004700017,1950,New York,36,Kings,047,,0017,,STCTY-36047 TRACT-    0017     IN NEW YORK NY,305,335,155,115,60,40,40,5,10,15,10,10,0,5
G36004700018,1950,New York,36,Kings,047,,0018,,STCTY-36047 TRACT-    0018     IN NEW YORK NY,0,0,0,0,0,0,0,0,0,0,0,0,0,0
G36004700019,1950,New York,36,Kings,047,,0019,,STCTY-36047 TRACT-    0019     IN NEW YORK NY,70,45,20,15,35,35,25,20,0,15,5,0,10,0
G36004700020,1950,New York,36,Kings,047,,0020,,STCTY-36047 TRACT-    0020     IN NEW YORK NY,55,70,70,50,90,105,85,15,35,15,45,10,5,0
G36004700021,1950,New York,36,Kings,047,,0021,,STCTY-36047 TRACT-    0021     IN NEW YORK NY,30,40,15,30,25,10,20,0,15,0,25,5,10,0
G36004700022,1950,New York,36,Kings,047,,0022,,STCTY-36047 TRACT-    0022     IN NEW YORK NY,55,25,105,85,115,95,120,30,20,20,35,15,15,0
G36004700023,1950,New York,36,Kings,047,,0023,,STCTY-36047 TRACT-    0023     IN NEW YORK NY,70,45,70,40,75,45,80,25,20,10,20,5,20,5
G36004700024,1950,New York,36,Kings,047,,0024,,STCTY-36047 TRACT-    0024     IN NEW YORK NY,0,0,0,0,0,0,0,0,0,0,0,0,0,0
G36004700025,1950,New York,36,Kings,047,,0025,,STCTY-36047 TRACT-    0025     IN NEW YORK NY,145,75,175,120,190,175,175,135,95,20,50,15,20,5
G36004700026,1950,New York,36,Kings,047,,0026,,STCTY-36047 TRACT-    0026     IN NEW YORK NY,40,55,165,90,135,160,105,40,80,50,45,0,15,10
G36004700027,1950,New York,36,Kings,047,,0027,,STCTY-36047 TRACT-    0027     IN NEW YORK NY,55,145,105,165,90,65,25,10,10,0,15,0,5,0
G36004700028,1950,New York,36,Kings,047,,0028,,STCTY-36047 TRACT-    0028     IN NEW YORK NY,0,5,0,25,35,55,105,45,40,20,30,25,30,15
G36004700029,1950,New York,36,Kings,047,,0029,,STCTY-36047 TRACT-    0029     IN NEW YORK NY,75,70,100,145,295,305,235,90,100,60,15,10,15,0
G36004700030,1950,New York,36,Kings,047,,0030,,STCTY-36047 TRACT-    0030     IN NEW YORK NY,15,10,15,25,20,65,40,60,55,55,75,75,105,65
G36004700031,1950,New York,36,Kings,047,,0031,,STCTY-36047 TRACT-    0031     IN NEW YORK NY,280,70,50,50,85,50,30,25,20,15,25,10,0,0
G36004700032,1950,New York,36,Kings,047,,0032,,STCTY-36047 TRACT-    0032     IN NEW YORK NY,10,10,10,0,25,10,30,10,35,15,45,15,25,5
G36004700033,1950,New York,36,Kings,047,,0033,,STCTY-36047 TRACT-    0033     IN NEW YORK NY,215,60,100,120,185,120,130,45,45,30,60,15,30,30
G36004700034,1950,New York,36,Kings,047,,0034,,STCTY-36047 TRACT-    0034     IN NEW YORK NY,45,5,10,20,25,50,30,45,45,20,70,50,25,25
G36004700035,1950,New York,36,Kings,047,,0035,,STCTY-36047 TRACT-    0035     IN NEW YORK NY,145,165,90,135,210,80,100,85,75,70,80,15,40,0
G36004700036,1950,New York,36,Kings,047,,0036,,STCTY-36047 TRACT-    0036     IN NEW YORK NY,90,35,55,30,50,80,115,120,110,120,230,135,135,75
G36004700037,1950,New York,36,Kings,047,,0037,,STCTY-36047 TRACT-    0037     IN NEW YORK NY,35,10,30,75,25,55,25,25,10,25,30,5,10,0
G36004700038,1950,New York,36,Kings,047,,0038,,STCTY-36047 TRACT-    0038     IN NEW YORK NY,25,5,15,15,20,35,25,40,45,45,130,80,75,35
G36004700039,1950,New York,36,Kings,047,,0039,,STCTY-36047 TRACT-    0039     IN NEW YORK NY,185,175,160,260,385,210,210,65,55,40,25,15,5,0
G36004700040,1950,New York,36,Kings,047,,0040,,STCTY-36047 TRACT-    0040     IN NEW YORK NY,30,20,5,5,10,15,20,25,20,10,35,25,45,25
G36004700041,1950,New York,36,Kings,047,,0041,,STCTY-36047 TRACT-    0041     IN NEW YORK NY,330,205,150,265,295,330,140,100,130,55,60,45,55,5
G36004700042,1950,New York,36,Kings,047,,0042,,STCTY-36047 TRACT-    0042     IN NEW YORK NY,30,10,0,15,25,25,45,25,35,20,50,25,70,90
G36004700043,1950,New York,36,Kings,047,,0043,,STCTY-36047 TRACT-    0043     IN NEW YORK NY,235,170,210,245,255,110,155,65,75,25,55,15,20,5
G36004700044,1950,New York,36,Kings,047,,0044,,STCTY-36047 TRACT-    0044     IN NEW YORK NY,25,5,5,5,5,0,20,0,5,10,5,5,25,110
G36004700045,1950,New York,36,Kings,047,,0045,,STCTY-36047 TRACT-    0045     IN NEW YORK NY,365,95,110,60,135,125,205,130,140,65,115,45,55,20
G36004700046,1950,New York,36,Kings,047,,0046,,STCTY-36047 TRACT-    0046     IN NEW YORK NY,40,20,5,30,15,30,30,30,35,5,20,15,20,15
G36004700047,1950,New York,36,Kings,047,,0047,,STCTY-36047 TRACT-    0047     IN NEW YORK NY,175,115,95,130,105,60,90,60,45,15,15,40,15,0
G36004700048,1950,New York,36,Kings,047,,0048,,STCTY-36047 TRACT-    0048     IN NEW YORK NY,5,0,0,0,10,0,10,15,5,0,15,10,10,20
G36004700049,1950,New York,36,Kings,047,,0049,,STCTY-36047 TRACT-    0049     IN NEW YORK NY,140,90,45,90,140,60,70,20,20,5,5,5,0,0
G36004700050,1950,New York,36,Kings,047,,0050,,STCTY-36047 TRACT-    0050     IN NEW YORK NY,70,15,10,20,50,50,85,40,95,30,145,75,100,180
G36004700051,1950,New York,36,Kings,047,,0051,,STCTY-36047 TRACT-    0051     IN NEW YORK NY,190,115,185,190,290,160,165,65,55,35,65,55,35,10
G360047000520,1950,New York,36,Kings,047,,0052,0,STCTY-36047 TRACT-    0052.0   IN NEW YORK NY,20,0,15,5,5,0,20,10,10,25,25,15,40,45
G360047000521,1950,New York,36,Kings,047,,0052,1,STCTY-36047 TRACT-    0052.1   IN NEW YORK NY,10,10,25,20,20,25,80,55,60,25,130,35,95,95
G36004700053,1950,New York,36,Kings,047,,0053,,STCTY-36047 TRACT-    0053     IN NEW YORK NY,0,0,0,0,0,0,0,0,0,0,0,0,0,0
G36004700054,1950,New York,36,Kings,047,,0054,,STCTY-36047 TRACT-    0054     IN NEW YORK NY,70,15,40,35,50,70,110,100,130,100,145,110,130,35
G360047000550,1950,New York,36,Kings,047,,0055,0,STCTY-36047 TRACT-    0055.0   IN NEW YORK NY,25,5,10,30,20,45,40,20,25,0,30,15,0,0
G360047000551,1950,New York,36,Kings,047,,0055,1,STCTY-36047 TRACT-    0055.1   IN NEW YORK NY,60,15,50,25,10,30,10,15,5,15,0,0,5,0
G360047000560,1950,New York,36,Kings,047,,0056,0,STCTY-36047 TRACT-    0056.0   IN NEW YORK NY,45,25,10,20,35,55,105,90,95,70,90,50,40,90
G360047000561,1950,New York,36,Kings,047,,0056,1,STCTY-36047 TRACT-    0056.1   IN NEW YORK NY,15,5,15,30,30,55,45,30,40,20,45,35,35,20
G360047000570,1950,New York,36,Kings,047,,0057,0,STCTY-36047 TRACT-    0057.0   IN NEW YORK NY,150,50,75,75,85,45,115,50,50,40,15,5,10,5
G360047000571,1950,New York,36,Kings,047,,0057,1,STCTY-36047 TRACT-    0057.1   IN NEW YORK NY,30,15,10,5,50,35,35,20,10,5,15,0,0,0
G36004700058,1950,New York,36,Kings,047,,0058,,STCTY-36047 TRACT-    0058     IN NEW YORK NY,135,65,45,65,140,165,265,135,160,55,140,85,80,30
G36004700059,1950,New York,36,Kings,047,,0059,,STCTY-36047 TRACT-    0059     IN NEW YORK NY,35,35,10,5,15,35,30,15,20,5,15,5,10,0
G36004700060,1950,New York,36,Kings,047,,0060,,STCTY-36047 TRACT-    0060     IN NEW YORK NY,110,25,45,45,100,110,125,115,115,75,105,45,65,35
G36004700061,1950,New York,36,Kings,047,,0061,,STCTY-36047 TRACT-    0061     IN NEW YORK NY,5,0,0,0,10,5,5,15,0,5,0,0,0,0
G36004700062,1950,New York,36,Kings,047,,0062,,STCTY-36047 TRACT-    0062     IN NEW YORK NY,125,45,40,85,95,120,95,95,130,80,195,65,40,45
G36004700063,1950,New York,36,Kings,047,,0063,,STCTY-36047 TRACT-    0063     IN NEW YORK NY,135,45,40,40,75,105,95,65,55,25,45,25,25,0
G36004700064,1950,New York,36,Kings,047,,0064,,STCTY-36047 TRACT-    0064     IN NEW YORK NY,180,40,50,90,135,120,165,115,120,80,165,80,100,45
G36004700065,1950,New York,36,Kings,047,,0065,,STCTY-36047 TRACT-    0065     IN NEW YORK NY,255,105,70,85,240,245,305,120,115,105,115,90,80,20
G36004700066,1950,New York,36,Kings,047,,0066,,STCTY-36047 TRACT-    0066     IN NEW YORK NY,135,95,45,55,100,70,130,165,125,110,150,95,65,75
G36004700067,1950,New York,36,Kings,047,,0067,,STCTY-36047 TRACT-    0067     IN NEW YORK NY,375,60,60,125,230,285,285,120,140,40,75,35,45,35
G36004700068,1950,New York,36,Kings,047,,0068,,STCTY-36047 TRACT-    0068     IN NEW YORK NY,135,80,85,65,175,120,160,140,145,80,155,80,135,35
G36004700069,1950,New York,36,Kings,047,,0069,,STCTY-36047 TRACT-    0069     IN NEW YORK NY,340,160,95,150,185,185,200,130,70,35,100,10,20,5
G36004700070,1950,New York,36,Kings,047,,0070,,STCTY-36047 TRACT-    0070     IN NEW YORK NY,30,25,10,30,30,55,105,65,65,25,20,50,40,0
G36004700071,1950,New York,36,Kings,047,,0071,,STCTY-36047 TRACT-    0071     IN NEW YORK NY,180,110,85,185,280,335,275,105,50,30,45,5,25,0
G36004700072,1950,New York,36,Kings,047,,0072,,STCTY-36047 TRACT-    0072     IN NEW YORK NY,90,20,25,45,100,140,195,110,70,45,85,30,25,15
G36004700073,1950,New York,36,Kings,047,,0073,,STCTY-36047 TRACT-    0073     IN NEW YORK NY,75,50,15,15,55,50,60,55,25,15,30,0,25,0
G36004700074,1950,New York,36,Kings,047,,0074,,STCTY-36047 TRACT-    0074     IN NEW YORK NY,255,60,90,170,290,225,310,175,140,65,100,70,55,5
G36004700075,1950,New York,36,Kings,047,,0075,,STCTY-36047 TRACT-    0075     IN NEW YORK NY,150,65,100,100,185,195,305,150,100,90,125,40,55,15
G36004700076,1950,New York,36,Kings,047,,0076,,STCTY-36047 TRACT-    0076     IN NEW YORK NY,160,100,120,105,180,195,165,120,85,45,80,50,30,25
G36004700077,1950,New York,36,Kings,047,,0077,,STCTY-36047 TRACT-    0077     IN NEW YORK NY,190,5,25,40,125,125,195,50,75,25,35,30,0,5
G36004700078,1950,New York,36,Kings,047,,0078,,STCTY-36047 TRACT-    0078     IN NEW YORK NY,345,100,100,120,210,225,270,170,135,60,65,40,55,10
G36004700079,1950,New York,36,Kings,047,,0079,,STCTY-36047 TRACT-    0079     IN NEW YORK NY,60,15,25,10,50,45,100,25,15,15,20,0,30,5
G36004700080,1950,New York,36,Kings,047,,0080,,STCTY-36047 TRACT-    0080     IN NEW YORK NY,155,80,85,145,195,180,315,150,120,60,95,45,45,15
G36004700081,1950,New York,36,Kings,047,,0081,,STCTY-36047 TRACT-    0081     IN NEW YORK NY,70,15,10,45,45,35,45,15,15,15,25,5,15,5
G36004700082,1950,New York,36,Kings,047,,0082,,STCTY-36047 TRACT-    0082     IN NEW YORK NY,210,105,100,115,145,165,280,135,75,80,140,30,70,15
G36004700083,1950,New York,36,Kings,047,,0083,,STCTY-36047 TRACT-    0083     IN NEW YORK NY,115,45,60,120,170,150,130,55,55,30,75,35,10,0
G36004700084,1950,New York,36,Kings,047,,0084,,STCTY-36047 TRACT-    0084     IN NEW YORK NY,75,5,40,25,45,75,110,30,40,25,40,5,25,5
G36004700085,1950,New York,36,Kings,047,,0085,,STCTY-36047 TRACT-    0085     IN NEW YORK NY,300,140,150,205,300,330,310,135,120,55,65,30,25,5
G36004700086,1950,New York,36,Kings,047,,0086,,STCTY-36047 TRACT-    0086     IN NEW YORK NY,0,0,0,0,0,0,0,0,0,0,0,0,0,0
G36004700087,1950,New York,36,Kings,047,,0087,,STCTY-36047 TRACT-    0087     IN NEW YORK NY,255,15,50,75,120,95,140,40,40,25,50,30,20,5
G36004700088,1950,New York,36,Kings,047,,0088,,STCTY-36047 TRACT-    0088     IN NEW YORK NY,55,45,45,45,85,65,170,110,120,100,125,65,55,5
G36004700089,1950,New York,36,Kings,047,,0089,,STCTY-36047 TRACT-    0089     IN NEW YORK NY,25,5,25,20,40,15,15,25,5,0,0,0,0,0
G36004700090,1950,New York,36,Kings,047,,0090,,STCTY-36047 TRACT-    0090     IN NEW YORK NY,50,45,25,65,70,55,100,85,80,85,75,55,35,10
G36004700091,1950,New York,36,Kings,047,,0091,,STCTY-36047 TRACT-    0091     IN NEW YORK NY,0,5,0,0,5,0,5,0,0,5,5,0,5,0
G36004700092,1950,New York,36,Kings,047,,0092,,STCTY-36047 TRACT-    0092     IN NEW YORK NY,140,65,80,110,90,110,240,160,150,100,100,50,65,20
G36004700093,1950,New York,36,Kings,047,,0093,,STCTY-36047 TRACT-    0093     IN NEW YORK NY,10,0,5,0,5,15,10,5,0,0,0,5,0,0
G36004700094,1950,New York,36,Kings,047,,0094,,STCTY-36047 TRACT-    0094     IN NEW YORK NY,105,50,35,50,85,150,245,180,90,70,195,75,115,35
G36004700095,1950,New York,36,Kings,047,,0095,,STCTY-36047 TRACT-    0095     IN NEW YORK NY,0,0,0,5,0,5,15,35,5,25,10,10,5,0
G36004700096,1950,New York,36,Kings,047,,0096,,STCTY-36047 TRACT-    0096     IN NEW YORK NY,235,70,90,100,155,175,205,185,220,90,195,75,90,25
G36004700097,1950,New York,36,Kings,047,,0097,,STCTY-36047 TRACT-    0097     IN NEW YORK NY,0,0,5,15,0,5,10,15,0,25,15,0,5,5
G36004700098,1950,New York,36,Kings,047,,0098,,STCTY-36047 TRACT-    0098     IN NEW YORK NY,195,80,110,140,160,155,225,185,160,50,135,45,55,60
G36004700099,1950,New York,36,Kings,047,,0099,,STCTY-36047 TRACT-    0099     IN NEW YORK NY,110,10,10,20,45,65,80,40,40,20,20,5,5,5
G36004700100,1950,New York,36,Kings,047,,0100,,STCTY-36047 TRACT-    0100     IN NEW YORK NY,290,100,105,115,140,200,190,150,155,80,95,85,60,25
G36004700101,1950,New York,36,Kings,047,,0101,,STCTY-36047 TRACT-    0101     IN NEW YORK NY,55,25,15,30,50,80,95,45,60,45,55,25,20,5
G36004700102,1950,New York,36,Kings,047,,0102,,STCTY-36047 TRACT-    0102     IN NEW YORK NY,180,50,50,40,125,115,155,110,125,80,120,40,70,25
G36004700103,1950,New York,36,Kings,047,,0103,,STCTY-36047 TRACT-    0103     IN NEW YORK NY,0,0,5,10,10,10,10,10,10,5,0,5,0,0
G36004700104,1950,New York,36,Kings,047,,0104,,STCTY-36047 TRACT-    0104     IN NEW YORK NY,105,65,60,95,130,145,235,200,200,110,190,110,75,5
G36004700105,1950,New York,36,Kings,047,,0105,,STCTY-36047 TRACT-    0105     IN NEW YORK NY,0,0,0,0,0,0,0,0,0,0,0,0,0,0
G36004700106,1950,New York,36,Kings,047,,0106,,STCTY-36047 TRACT-    0106     IN NEW YORK NY,90,45,60,55,90,180,240,125,130,65,135,60,30,25
G36004700107,1950,New York,36,Kings,047,,0107,,STCTY-36047 TRACT-    0107     IN NEW YORK NY,30,20,30,30,55,65,75,45,55,20,40,30,40,5
G36004700108,1950,New York,36,Kings,047,,0108,,STCTY-36047 TRACT-    0108     IN NEW YORK NY,130,35,55,85,100,100,165,95,105,50,85,85,70,20
G36004700109,1950,New York,36,Kings,047,,0109,,STCTY-36047 TRACT-    0109     IN NEW YORK NY,30,20,20,30,35,25,50,25,10,20,10,10,10,0
G36004700110,1950,New York,36,Kings,047,,0110,,STCTY-36047 TRACT-    0110     IN NEW YORK NY,55,20,30,25,80,110,60,100,45,25,45,20,10,5
G36004700111,1950,New York,36,Kings,047,,0111,,STCTY-36047 TRACT-    0111     IN NEW YORK NY,5,0,35,0,10,15,0,5,0,0,0,0,0,0
G36004700112,1950,New York,36,Kings,047,,0112,,STCTY-36047 TRACT-    0112     IN NEW YORK NY,150,95,75,175,160,270,250,185,160,70,200,60,155,40
G36004700113,1950,New York,36,Kings,047,,0113,,STCTY-36047 TRACT-    0113     IN NEW YORK NY,40,35,50,70,75,95,80,35,45,30,55,20,40,10
G36004700114,1950,New York,36,Kings,047,,0114,,STCTY-36047 TRACT-    0114     IN NEW YORK NY,130,50,30,75,80,125,165,150,165,105,210,130,80,35
G36004700115,1950,New York,36,Kings,047,,0115,,STCTY-36047 TRACT-    0115     IN NEW YORK NY,55,30,40,50,40,55,45,25,30,10,5,0,5,5
G36004700116,1950,New York,36,Kings,047,,0116,,STCTY-36047 TRACT-    0116     IN NEW YORK NY,125,35,45,20,60,65,150,95,120,65,80,30,60,35
G36004700117,1950,New York,36,Kings,047,,0117,,STCTY-36047 TRACT-    0117     IN NEW YORK NY,185,55,75,145,250,195,195,100,65,60,70,15,30,5
G36004700118,1950,New York,36,Kings,047,,0118,,STCTY-36047 TRACT-    0118     IN NEW YORK NY,70,10,15,25,60,110,80,25,55,35,50,20,15,5
G36004700119,1950,New York,36,Kings,047,,0119,,STCTY-36047 TRACT-    0119     IN NEW YORK NY,0,0,0,0,0,0,0,0,0,0,0,0,0,0
G36004700120,1950,New York,36,Kings,047,,0120,,STCTY-36047 TRACT-    0120     IN NEW YORK NY,25,0,10,15,15,25,30,25,50,20,25,5,10,10
G36004700121,1950,New York,36,Kings,047,,0121,,STCTY-36047 TRACT-    0121     IN NEW YORK NY,90,40,45,35,85,100,125,100,40,40,50,25,50,0
G36004700122,1950,New York,36,Kings,047,,0122,,STCTY-36047 TRACT-    0122     IN NEW YORK NY,135,65,25,45,115,165,145,105,105,55,145,90,55,10
G36004700123,1950,New York,36,Kings,047,,0123,,STCTY-36047 TRACT-    0123     IN NEW YORK NY,10,10,0,30,30,15,50,5,15,10,5,10,10,0
G36004700124,1950,New York,36,Kings,047,,0124,,STCTY-36047 TRACT-    0124     IN NEW YORK NY,25,30,50,20,55,100,120,80,75,35,55,55,65,10
G36004700125,1950,New York,36,Kings,047,,0125,,STCTY-36047 TRACT-    0125     IN NEW YORK NY,125,85,50,45,65,70,70,45,40,20,25,0,20,0
G36004700126,1950,New York,36,Kings,047,,0126,,STCTY-36047 TRACT-    0126     IN NEW YORK NY,5,5,10,0,30,35,20,5,0,5,10,15,15,15
G36004700127,1950,New York,36,Kings,047,,0127,,STCTY-36047 TRACT-    0127     IN NEW YORK NY,290,95,110,130,195,175,125,65,45,20,95,35,15,0
G36004700128,1950,New York,36,Kings,047,,0128,,STCTY-36047 TRACT-    0128     IN NEW YORK NY,60,25,20,45,30,60,120,120,60,50,110,50,65,25
G360047001290,1950,New York,36,Kings,047,,0129,0,STCTY-36047 TRACT-    0129.0   IN NEW YORK NY,165,185,175,160,230,165,175,70,65,25,90,30,15,0
G360047001291,1950,New York,36,Kings,047,,0129,1,STCTY-36047 TRACT-    0129.1   IN NEW YORK NY,360,145,120,135,135,85,105,55,45,5,50,35,35,15
G36004700130,1950,New York,36,Kings,047,,0130,,STCTY-36047 TRACT-    0130     IN NEW YORK NY,100,90,50,85,175,220,310,210,180,110,195,90,95,10
G36004700131,1950,New York,36,Kings,047,,0131,,STCTY-36047 TRACT-    0131     IN NEW YORK NY,340,125,155,155,240,240,170,130,85,35,130,50,35,0
G36004700132,1950,New York,36,Kings,047,,0132,,STCTY-36047 TRACT-    0132     IN NEW YORK NY,110,20,30,10,55,80,215,165,170,60,120,75,50,30
G36004700133,1950,New York,36,Kings,047,,0133,,STCTY-36047 TRACT-    0133     IN NEW YORK NY,205,55,115,120,210,155,220,150,150,110,85,55,60,20
G36004700134,1950,New York,36,Kings,047,,0134,,STCTY-36047 TRACT-    0134     IN NEW YORK NY,165,60,25,40,80,110,140,100,100,75,135,65,100,50
G36004700135,1950,New York,36,Kings,047,,0135,,STCTY-36047 TRACT-    0135     IN NEW YORK NY,140,55,65,110,175,215,210,105,55,50,70,40,65,15
G36004700136,1950,New York,36,Kings,047,,0136,,STCTY-36047 TRACT-    0136     IN NEW YORK NY,265,60,85,70,90,135,150,160,120,70,190,105,125,60
G36004700137,1950,New York,36,Kings,047,,0137,,STCTY-36047 TRACT-    0137     IN NEW YORK NY,210,75,100,100,255,195,135,125,125,45,50,15,45,0
G36004700138,1950,New York,36,Kings,047,,0138,,STCTY-36047 TRACT-    0138     IN NEW YORK NY,110,35,50,50,80,85,145,125,105,110,180,65,100,40
G36004700139,1950,New York,36,Kings,047,,0139,,STCTY-36047 TRACT-    0139     IN NEW YORK NY,160,165,65,130,140,170,225,160,125,40,155,35,60,20
G36004700140,1950,New York,36,Kings,047,,0140,,STCTY-36047 TRACT-    0140     IN NEW YORK NY,40,0,15,35,70,55,95,85,120,50,170,100,105,30
G36004700141,1950,New York,36,Kings,047,,0141,,STCTY-36047 TRACT-    0141     IN NEW YORK NY,190,70,70,120,140,170,165,70,45,30,75,50,35,5
G36004700142,1950,New York,36,Kings,047,,0142,,STCTY-36047 TRACT-    0142     IN NEW YORK NY,150,35,60,75,115,85,170,115,175,100,165,115,135,55
G36004700143,1950,New York,36,Kings,047,,0143,,STCTY-36047 TRACT-    0143     IN NEW YORK NY,145,100,80,120,270,145,145,55,95,75,60,30,50,5
G36004700144,1950,New York,36,Kings,047,,0144,,STCTY-36047 TRACT-    0144     IN NEW YORK NY,20,5,15,0,0,25,50,10,45,15,35,15,40,40
G36004700145,1950,New York,36,Kings,047,,0145,,STCTY-36047 TRACT-    0145     IN NEW YORK NY,240,65,50,90,115,110,110,110,85,55,65,35,30,0
G36004700146,1950,New York,36,Kings,047,,0146,,STCTY-36047 TRACT-    0146     IN NEW YORK NY,15,5,0,15,20,15,40,25,35,10,20,15,40,40
G36004700147,1950,New York,36,Kings,047,,0147,,STCTY-36047 TRACT-    0147     IN NEW YORK NY,140,90,160,145,175,200,295,200,125,80,150,30,60,25
G36004700148,1950,New York,36,Kings,047,,0148,,STCTY-36047 TRACT-    0148     IN NEW YORK NY,5,10,10,5,25,35,40,25,35,30,65,50,45,35
G36004700149,1950,New York,36,Kings,047,,0149,,STCTY-36047 TRACT-    0149     IN NEW YORK NY,165,70,110,105,185,145,190,185,160,100,125,60,40,25
G36004700150,1950,New York,36,Kings,047,,0150,,STCTY-36047 TRACT-    0150     IN NEW YORK NY,30,0,35,10,60,65,75,80,85,30,80,25,55,5
G36004700151,1950,New York,36,Kings,047,,0151,,STCTY-36047 TRACT-    0151     IN NEW YORK NY,260,35,60,40,130,120,190,95,85,70,105,70,80,40
G36004700153,1950,New York,36,Kings,047,,0153,,STCTY-36047 TRACT-    0153     IN NEW YORK NY,335,50,75,60,145,175,280,115,155,65,130,75,105,35
G36004700154,1950,New York,36,Kings,047,,0154,,STCTY-36047 TRACT-    0154     IN NEW YORK NY,0,0,0,0,0,0,0,0,0,0,0,0,0,0
G36004700155,1950,New York,36,Kings,047,,0155,,STCTY-36047 TRACT-    0155     IN NEW YORK NY,155,85,80,140,135,190,270,110,140,90,145,65,145,45
G36004700156,1950,New York,36,Kings,047,,0156,,STCTY-36047 TRACT-    0156     IN NEW YORK NY,35,5,5,0,10,30,25,25,45,40,35,45,35,15
G36004700157,1950,New York,36,Kings,047,,0157,,STCTY-36047 TRACT-    0157     IN NEW YORK NY,275,60,95,115,230,250,260,145,145,90,175,115,100,90
G36004700158,1950,New York,36,Kings,047,,0158,,STCTY-36047 TRACT-    0158     IN NEW YORK NY,80,25,40,40,125,160,115,105,140,75,180,125,100,35
G36004700159,1950,New York,36,Kings,047,,0159,,STCTY-36047 TRACT-    0159     IN NEW YORK NY,410,220,190,210,345,280,305,220,110,155,210,95,145,215
G36004700160,1950,New York,36,Kings,047,,0160,,STCTY-36047 TRACT-    0160     IN NEW YORK NY,45,25,40,40,45,95,110,90,85,45,75,35,40,20
G36004700161,1950,New York,36,Kings,047,,0161,,STCTY-36047 TRACT-    0161     IN NEW YORK NY,345,190,165,175,265,200,130,125,105,40,55,25,30,10
G36004700162,1950,New York,36,Kings,047,,0162,,STCTY-36047 TRACT-    0162     IN NEW YORK NY,40,5,35,10,50,55,75,35,95,25,85,30,50,20
G36004700163,1950,New York,36,Kings,047,,0163,,STCTY-36047 TRACT-    0163     IN NEW YORK NY,200,110,185,95,250,150,210,70,130,70,150,50,60,35
G36004700164,1950,New York,36,Kings,047,,0164,,STCTY-36047 TRACT-    0164     IN NEW YORK NY,55,50,135,55,55,40,85,35,35,15,45,30,40,0
G36004700165,1950,New York,36,Kings,047,,0165,,STCTY-36047 TRACT-    0165     IN NEW YORK NY,190,90,135,120,200,165,275,160,150,70,155,180,245,310
G36004700167,1950,New York,36,Kings,047,,0167,,STCTY-36047 TRACT-    0167     IN NEW YORK NY,280,65,90,85,165,220,275,145,150,120,265,135,180,55
G36004700168,1950,New York,36,Kings,047,,0168,,STCTY-36047 TRACT-    0168     IN NEW YORK NY,0,5,0,10,15,10,5,0,30,20,25,20,25,20
G36004700169,1950,New York,36,Kings,047,,0169,,STCTY-36047 TRACT-    0169     IN NEW YORK NY,215,65,110,80,110,120,165,140,135,110,125,120,85,40
G36004700170,1950,New York,36,Kings,047,,0170,,STCTY-36047 TRACT-    0170     IN NEW YORK NY,30,5,25,15,65,110,160,120,90,65,110,65,95,10
G36004700171,1950,New York,36,Kings,047,,0171,,STCTY-36047 TRACT-    0171     IN NEW YORK NY,55,40,30,30,80,135,135,110,60,75,145,75,170,65
G36004700172,1950,New York,36,Kings,047,,0172,,STCTY-36047 TRACT-    0172     IN NEW YORK NY,50,30,15,30,40,45,80,90,40,60,75,40,25,10
G36004700173,1950,New York,36,Kings,047,,0173,,STCTY-36047 TRACT-    0173     IN NEW YORK NY,35,60,40,45,65,70,110,75,65,25,80,15,50,25
G36004700174,1950,New York,36,Kings,047,,0174,,STCTY-36047 TRACT-    0174     IN NEW YORK NY,30,5,25,15,30,50,65,50,65,50,60,20,40,30
G36004700175,1950,New York,36,Kings,047,,0175,,STCTY-36047 TRACT-    0175     IN NEW YORK NY,0,0,0,0,0,0,0,0,0,0,0,0,0,0
G36004700176,1950,New York,36,Kings,047,,0176,,STCTY-36047 TRACT-    0176     IN NEW YORK NY,35,25,5,30,40,50,105,75,70,30,80,30,45,40
G36004700177,1950,New York,36,Kings,047,,0177,,STCTY-36047 TRACT-    0177     IN NEW YORK NY,0,0,0,0,0,0,0,0,0,0,0,0,0,0
G36004700178,1950,New York,36,Kings,047,,0178,,STCTY-36047 TRACT-    0178     IN NEW YORK NY,80,55,25,50,25,115,100,85,85,25,85,55,80,20
G36004700179,1950,New York,36,Kings,047,,0179,,STCTY-36047 TRACT-    0179     IN NEW YORK NY,215,235,95,140,105,90,70,40,20,20,15,10,0,0
G36004700180,1950,New York,36,Kings,047,,0180,,STCTY-36047 TRACT-    0180     IN NEW YORK NY,55,30,65,65,60,100,125,80,50,50,80,25,45,15
G36004700181,1950,New York,36,Kings,047,,0181,,STCTY-36047 TRACT-    0181     IN NEW YORK NY,465,270,215,335,330,280,335,150,125,120,165,85,60,35
G36004700182,1950,New York,36,Kings,047,,0182,,STCTY-36047 TRACT-    0182     IN NEW YORK NY,60,25,35,20,90,120,95,60,115,60,115,55,65,15
G36004700183,1950,New York,36,Kings,047,,0183,,STCTY-36047 TRACT-    0183     IN NEW YORK NY,235,55,80,70,170,190,200,120,75,60,75,25,25,30
G36004700184,1950,New York,36,Kings,047,,0184,,STCTY-36047 TRACT-    0184     IN NEW YORK NY,5,0,15,5,60,55,125,50,60,60,80,75,75,15
G36004700185,1950,New York,36,Kings,047,,0185,,STCTY-36047 TRACT-    0185     IN NEW YORK NY,160,75,170,200,340,305,320,180,135,85,110,40,25,20
G36004700186,1950,New York,36,Kings,047,,0186,,STCTY-36047 TRACT-    0186     IN NEW YORK NY,95,10,35,40,55,95,120,75,60,40,100,75,50,60
G36004700187,1950,New York,36,Kings,047,,0187,,STCTY-36047 TRACT-    0187     IN NEW YORK NY,105,95,205,120,110,90,115,55,75,25,35,25,40,30
G36004700188,1950,New York,36,Kings,047,,0188,,STCTY-36047 TRACT-    0188     IN NEW YORK NY,75,30,30,40,55,80,90,110,65,35,95,60,60,15
G36004700189,1950,New York,36,Kings,047,,0189,,STCTY-36047 TRACT-    0189     IN NEW YORK NY,55,50,20,70,75,90,105,55,50,30,80,30,35,0
G36004700190,1950,New York,36,Kings,047,,0190,,STCTY-36047 TRACT-    0190     IN NEW YORK NY,140,55,50,100,140,160,175,135,145,90,115,80,40,15
G36004700191,1950,New York,36,Kings,047,,0191,,STCTY-36047 TRACT-    0191     IN NEW YORK NY,20,10,20,20,40,15,35,45,10,10,10,15,10,0
G36004700192,1950,New York,36,Kings,047,,0192,,STCTY-36047 TRACT-    0192     IN NEW YORK NY,30,10,25,50,55,100,140,65,65,40,80,30,45,25
G36004700193,1950,New York,36,Kings,047,,0193,,STCTY-36047 TRACT-    0193     IN NEW YORK NY,85,95,55,35,65,55,65,45,20,50,45,30,35,20
G36004700194,1950,New York,36,Kings,047,,0194,,STCTY-36047 TRACT-    0194     IN NEW YORK NY,135,40,40,50,105,120,150,55,45,40,55,20,20,0
G36004700195,1950,New York,36,Kings,047,,0195,,STCTY-36047 TRACT-    0195     IN NEW YORK NY,380,125,125,105,165,255,245,120,130,145,260,105,180,80
G36004700196,1950,New York,36,Kings,047,,0196,,STCTY-36047 TRACT-    0196     IN NEW YORK NY,110,25,65,90,165,170,270,95,75,35,80,30,65,10
G36004700197,1950,New York,36,Kings,047,,0197,,STCTY-36047 TRACT-    0197     IN NEW YORK NY,455,155,150,75,155,140,185,140,85,90,175,105,185,120
G36004700198,1950,New York,36,Kings,047,,0198,,STCTY-36047 TRACT-    0198     IN NEW YORK NY,60,5,10,5,30,50,95,45,65,35,55,35,50,30
G36004700199,1950,New York,36,Kings,047,,0199,,STCTY-36047 TRACT-    0199     IN NEW YORK NY,230,165,265,200,250,135,105,50,95,30,60,25,65,30
G36004700200,1950,New York,36,Kings,047,,0200,,STCTY-36047 TRACT-    0200     IN NEW YORK NY,85,20,25,25,40,80,90,60,65,40,85,30,50,15
G36004700201,1950,New York,36,Kings,047,,0201,,STCTY-36047 TRACT-    0201     IN NEW YORK NY,340,155,200,230,290,175,230,115,105,55,55,35,40,10
G36004700202,1950,New York,36,Kings,047,,0202,,STCTY-36047 TRACT-    0202     IN NEW YORK NY,35,5,10,40,45,35,70,40,80,10,70,85,85,30
G36004700203,1950,New York,36,Kings,047,,0203,,STCTY-36047 TRACT-    0203     IN NEW YORK NY,170,80,75,70,60,60,95,20,40,30,35,25,5,15
G36004700204,1950,New York,36,Kings,047,,0204,,STCTY-36047 TRACT-    0204     IN NEW YORK NY,90,5,25,20,40,55,60,65,45,25,85,30,70,40
G36004700205,1950,New York,36,Kings,047,,0205,,STCTY-36047 TRACT-    0205     IN NEW YORK NY,140,100,90,95,175,165,220,95,120,75,150,65,95,60
G36004700206,1950,New York,36,Kings,047,,0206,,STCTY-36047 TRACT-    0206     IN NEW YORK NY,75,45,25,20,30,35,65,60,50,30,125,60,55,35
G36004700207,1950,New York,36,Kings,047,,0207,,STCTY-36047 TRACT-    0207     IN NEW YORK NY,200,60,125,100,215,225,275,140,185,65,155,95,85,85
G36004700208,1950,New York,36,Kings,047,,0208,,STCTY-36047 TRACT-    0208     IN NEW YORK NY,75,15,30,80,65,90,115,95,95,55,90,45,35,15
G36004700210,1950,New York,36,Kings,047,,0210,,STCTY-36047 TRACT-    0210     IN NEW YORK NY,55,30,45,65,90,110,180,80,115,70,105,70,55,30
G36004700211,1950,New York,36,Kings,047,,0211,,STCTY-36047 TRACT-    0211     IN NEW YORK NY,0,0,0,0,0,0,0,0,0,0,0,0,0,0
G36004700212,1950,New York,36,Kings,047,,0212,,STCTY-36047 TRACT-    0212     IN NEW YORK NY,65,35,50,60,80,125,175,105,150,95,95,65,80,25
G36004700213,1950,New York,36,Kings,047,,0213,,STCTY-36047 TRACT-    0213     IN NEW YORK NY,100,40,30,50,90,85,100,95,115,100,155,115,215,180
G36004700214,1950,New York,36,Kings,047,,0214,,STCTY-36047 TRACT-    0214     IN NEW YORK NY,90,0,40,35,55,115,65,80,60,25,45,30,25,5
G36004700215,1950,New York,36,Kings,047,,0215,,STCTY-36047 TRACT-    0215     IN NEW YORK NY,225,55,55,140,175,215,310,150,185,90,255,130,180,260
G36004700216,1950,New York,36,Kings,047,,0216,,STCTY-36047 TRACT-    0216     IN NEW YORK NY,135,30,35,25,85,60,150,120,90,60,105,60,55,25
G36004700217,1950,New York,36,Kings,047,,0217,,STCTY-36047 TRACT-    0217     IN NEW YORK NY,135,30,30,100,120,140,190,175,130,75,140,75,95,45
G36004700218,1950,New York,36,Kings,047,,0218,,STCTY-36047 TRACT-    0218     IN NEW YORK NY,110,45,30,80,80,115,155,145,130,60,120,75,125,60
G36004700219,1950,New York,36,Kings,047,,0219,,STCTY-36047 TRACT-    0219     IN NEW YORK NY,245,75,60,60,135,115,150,75,85,65,115,30,80,20
G36004700220,1950,New York,36,Kings,047,,0220,,STCTY-36047 TRACT-    0220     IN NEW YORK NY,220,55,40,55,80,120,160,125,80,110,130,80,70,75
G36004700221,1950,New York,36,Kings,047,,0221,,STCTY-36047 TRACT-    0221     IN NEW YORK NY,260,150,155,190,290,215,180,120,100,20,55,20,25,10
G36004700222,1950,New York,36,Kings,047,,0222,,STCTY-36047 TRACT-    0222     IN NEW YORK NY,115,55,70,40,140,150,160,110,65,80,165,75,125,95
G36004700223,1950,New York,36,Kings,047,,0223,,STCTY-36047 TRACT-    0223     IN NEW YORK NY,355,75,120,210,235,230,245,150,105,45,70,75,50,20
G36004700224,1950,New York,36,Kings,047,,0224,,STCTY-36047 TRACT-    0224     IN NEW YORK NY,105,80,55,50,100,115,175,155,100,100,160,70,55,25
G36004700225,1950,New York,36,Kings,047,,0225,,STCTY-36047 TRACT-    0225     IN NEW YORK NY,90,75,80,75,65,110,55,50,10,25,25,10,5,0
G36004700226,1950,New York,36,Kings,047,,0226,,STCTY-36047 TRACT-    0226     IN NEW YORK NY,75,20,30,20,55,70,85,60,50,40,35,40,60,10
G36004700227,1950,New York,36,Kings,047,,0227,,STCTY-36047 TRACT-    0227     IN NEW YORK NY,290,190,280,390,360,170,160,75,80,40,25,25,15,0
G36004700228,1950,New York,36,Kings,047,,0228,,STCTY-36047 TRACT-    0228     IN NEW YORK NY,40,25,60,65,90,120,230,50,110,75,130,40,55,35
G36004700229,1950,New York,36,Kings,047,,0229,,STCTY-36047 TRACT-    0229     IN NEW YORK NY,260,170,270,215,235,245,165,80,50,25,60,25,20,0
G36004700230,1950,New York,36,Kings,047,,0230,,STCTY-36047 TRACT-    0230     IN NEW YORK NY,115,55,100,115,165,150,170,165,70,85,145,95,105,35
G36004700231,1950,New York,36,Kings,047,,0231,,STCTY-36047 TRACT-    0231     IN NEW YORK NY,385,310,295,310,280,310,200,175,60,45,35,15,40,15
G36004700232,1950,New York,36,Kings,047,,0232,,STCTY-36047 TRACT-    0232     IN NEW YORK NY,225,120,150,165,225,270,275,200,195,80,180,135,100,45
G36004700233,1950,New York,36,Kings,047,,0233,,STCTY-36047 TRACT-    0233     IN NEW YORK NY,145,80,105,140,155,160,165,115,75,35,45,30,40,30
G36004700234,1950,New York,36,Kings,047,,0234,,STCTY-36047 TRACT-    0234     IN NEW YORK NY,165,15,30,40,55,115,170,200,185,50,290,60,115,85
G36004700235,1950,New York,36,Kings,047,,0235,,STCTY-36047 TRACT-    0235     IN NEW YORK NY,60,50,55,70,120,140,110,90,75,45,70,40,40,30
G36004700236,1950,New York,36,Kings,047,,0236,,STCTY-36047 TRACT-    0236     IN NEW YORK NY,125,30,45,60,90,55,150,175,140,65,270,75,185,130
G36004700237,1950,New York,36,Kings,047,,0237,,STCTY-36047 TRACT-    0237     IN NEW YORK NY,95,40,55,35,130,125,110,40,60,40,65,25,20,10
G36004700238,1950,New York,36,Kings,047,,0238,,STCTY-36047 TRACT-    0238     IN NEW YORK NY,145,20,15,35,80,75,130,80,100,40,185,105,105,60
G36004700239,1950,New York,36,Kings,047,,0239,,STCTY-36047 TRACT-    0239     IN NEW YORK NY,75,20,50,65,35,65,70,15,40,30,20,10,10,5
G36004700240,1950,New York,36,Kings,047,,0240,,STCTY-36047 TRACT-    0240     IN NEW YORK NY,125,50,70,55,85,165,145,145,115,65,180,120,55,50
G36004700241,1950,New York,36,Kings,047,,0241,,STCTY-36047 TRACT-    0241     IN NEW YORK NY,120,45,85,100,150,160,55,110,95,20,75,50,45,5
G36004700242,1950,New York,36,Kings,047,,0242,,STCTY-36047 TRACT-    0242     IN NEW YORK NY,45,60,30,30,140,100,120,65,80,30,50,45,50,5
G36004700243,1950,New York,36,Kings,047,,0243,,STCTY-36047 TRACT-    0243     IN NEW YORK NY,315,110,155,215,240,220,170,75,75,40,80,15,30,0
G36004700244,1950,New York,36,Kings,047,,0244,,STCTY-36047 TRACT-    0244     IN NEW YORK NY,110,30,20,30,90,80,130,90,130,85,120,55,100,40
G36004700245,1950,New York,36,Kings,047,,0245,,STCTY-36047 TRACT-    0245     IN NEW YORK NY,405,200,315,270,315,175,185,85,60,40,45,15,25,5
G36004700246,1950,New York,36,Kings,047,,0246,,STCTY-36047 TRACT-    0246     IN NEW YORK NY,80,40,35,30,80,90,140,95,80,45,145,70,55,20
G36004700247,1950,New York,36,Kings,047,,0247,,STCTY-36047 TRACT-    0247     IN NEW YORK NY,225,145,110,165,155,85,80,20,20,10,25,20,25,0
G36004700248,1950,New York,36,Kings,047,,0248,,STCTY-36047 TRACT-    0248     IN NEW YORK NY,65,25,15,70,65,100,90,85,55,40,75,65,40,15
G36004700249,1950,New York,36,Kings,047,,0249,,STCTY-36047 TRACT-    0249     IN NEW YORK NY,260,185,280,280,295,275,145,150,80,70,40,35,30,0
G36004700250,1950,New York,36,Kings,047,,0250,,STCTY-36047 TRACT-    0250     IN NEW YORK NY,35,35,5,40,35,65,65,30,65,10,60,30,35,20
G36004700251,1950,New York,36,Kings,047,,0251,,STCTY-36047 TRACT-    0251     IN NEW YORK NY,280,235,240,210,290,200,165,90,70,95,80,30,15,25
G36004700252,1950,New York,36,Kings,047,,0252,,STCTY-36047 TRACT-    0252     IN NEW YORK NY,160,50,45,90,160,110,255,190,135,115,195,105,105,65
G36004700253,1950,New York,36,Kings,047,,0253,,STCTY-36047 TRACT-    0253     IN NEW YORK NY,160,80,115,70,155,200,110,205,155,115,130,55,80,20
G36004700254,1950,New York,36,Kings,047,,0254,,STCTY-36047 TRACT-    0254     IN NEW YORK NY,100,65,55,40,85,115,145,95,105,55,120,70,65,35
G36004700255,1950,New York,36,Kings,047,,0255,,STCTY-36047 TRACT-    0255     IN NEW YORK NY,90,20,130,180,265,400,345,185,65,10,15,0,0,0
G36004700256,1950,New York,36,Kings,047,,0256,,STCTY-36047 TRACT-    0256     IN NEW YORK NY,115,20,40,20,45,100,110,35,60,75,90,65,85,35
G36004700257,1950,New York,36,Kings,047,,0257,,STCTY-36047 TRACT-    0257     IN NEW YORK NY,285,270,215,270,200,225,170,80,95,50,85,35,20,5
G36004700258,1950,New York,36,Kings,047,,0258,,STCTY-36047 TRACT-    0258     IN NEW YORK NY,120,40,35,50,70,165,185,145,135,90,170,115,90,60
G36004700259,1950,New York,36,Kings,047,,0259,,STCTY-36047 TRACT-    0259     IN NEW YORK NY,255,255,220,230,280,205,220,145,120,55,115,60,40,15
G36004700260,1950,New York,36,Kings,047,,0260,,STCTY-36047 TRACT-    0260     IN NEW YORK NY,110,25,40,45,105,80,195,110,75,65,130,80,90,25
G36004700261,1950,New York,36,Kings,047,,0261,,STCTY-36047 TRACT-    0261     IN NEW YORK NY,255,120,115,210,255,205,350,225,160,65,220,95,100,25
G36004700262,1950,New York,36,Kings,047,,0262,,STCTY-36047 TRACT-    0262     IN NEW YORK NY,110,5,50,45,100,115,105,60,60,30,70,20,45,5
G36004700263,1950,New York,36,Kings,047,,0263,,STCTY-36047 TRACT-    0263     IN NEW YORK NY,95,70,100,100,110,110,85,60,50,35,70,30,10,5
G36004700264,1950,New York,36,Kings,047,,0264,,STCTY-36047 TRACT-    0264     IN NEW YORK NY,110,60,60,70,150,200,215,160,120,115,100,100,125,40
G36004700265,1950,New York,36,Kings,047,,0265,,STCTY-36047 TRACT-    0265     IN NEW YORK NY,155,185,250,250,395,255,170,135,95,50,40,25,20,0
G36004700266,1950,New York,36,Kings,047,,0266,,STCTY-36047 TRACT-    0266     IN NEW YORK NY,80,20,15,60,70,85,145,120,100,60,160,65,135,80
G36004700267,1950,New York,36,Kings,047,,0267,,STCTY-36047 TRACT-    0267     IN NEW YORK NY,430,255,195,355,315,245,155,80,65,30,40,30,30,20
G36004700268,1950,New York,36,Kings,047,,0268,,STCTY-36047 TRACT-    0268     IN NEW YORK NY,165,55,35,60,90,90,150,190,145,95,180,70,140,75
G36004700269,1950,New York,36,Kings,047,,0269,,STCTY-36047 TRACT-    0269     IN NEW YORK NY,470,115,265,385,290,190,180,55,40,30,25,15,0,5
G36004700270,1950,New York,36,Kings,047,,0270,,STCTY-36047 TRACT-    0270     IN NEW YORK NY,70,50,20,25,35,45,90,55,40,50,115,75,75,105
G360047002710,1950,New York,36,Kings,047,,0271,0,STCTY-36047 TRACT-    0271.0   IN NEW YORK NY,140,65,125,95,115,115,70,65,35,5,35,0,5,5
G360047002711,1950,New York,36,Kings,047,,0271,1,STCTY-36047 TRACT-    0271.1   IN NEW YORK NY,65,90,125,155,120,75,35,60,5,5,5,5,5,0
G36004700272,1950,New York,36,Kings,047,,0272,,STCTY-36047 TRACT-    0272     IN NEW YORK NY,75,40,45,40,60,80,115,115,105,95,130,45,85,50
G36004700273,1950,New York,36,Kings,047,,0273,,STCTY-36047 TRACT-    0273     IN NEW YORK NY,300,155,170,245,280,300,135,50,35,15,25,10,0,0
G36004700274,1950,New York,36,Kings,047,,0274,,STCTY-36047 TRACT-    0274     IN NEW YORK NY,55,20,60,15,75,80,115,70,60,60,60,70,95,45
G36004700275,1950,New York,36,Kings,047,,0275,,STCTY-36047 TRACT-    0275     IN NEW YORK NY,410,150,150,235,280,235,190,85,55,35,25,15,15,10
G36004700276,1950,New York,36,Kings,047,,0276,,STCTY-36047 TRACT-    0276     IN NEW YORK NY,90,25,55,30,95,145,85,140,100,65,140,55,50,15
G36004700277,1950,New York,36,Kings,047,,0277,,STCTY-36047 TRACT-    0277     IN NEW YORK NY,210,165,155,205,250,165,180,55,90,40,55,20,10,5
G36004700278,1950,New York,36,Kings,047,,0278,,STCTY-36047 TRACT-    0278     IN NEW YORK NY,65,15,45,35,40,50,85,75,85,20,125,60,55,30
G36004700279,1950,New York,36,Kings,047,,0279,,STCTY-36047 TRACT-    0279     IN NEW YORK NY,215,135,145,200,190,225,130,140,70,50,100,40,35,15
G36004700280,1950,New York,36,Kings,047,,0280,,STCTY-36047 TRACT-    0280     IN NEW YORK NY,55,10,20,35,40,35,45,75,60,30,45,35,25,35
G36004700281,1950,New York,36,Kings,047,,0281,,STCTY-36047 TRACT-    0281     IN NEW YORK NY,260,155,85,210,235,165,210,145,55,70,120,35,40,15
G36004700282,1950,New York,36,Kings,047,,0282,,STCTY-36047 TRACT-    0282     IN NEW YORK NY,60,40,25,40,50,55,45,105,105,60,130,55,100,25
G36004700283,1950,New York,36,Kings,047,,0283,,STCTY-36047 TRACT-    0283     IN NEW YORK NY,215,190,130,190,200,195,245,195,120,80,120,55,55,15
G36004700284,1950,New York,36,Kings,047,,0284,,STCTY-36047 TRACT-    0284     IN NEW YORK NY,95,20,45,65,105,95,210,125,105,85,125,55,55,45
G36004700285,1950,New York,36,Kings,047,,0285,,STCTY-36047 TRACT-    0285     IN NEW YORK NY,290,155,145,205,185,155,170,120,80,95,100,25,25,0
G36004700286,1950,New York,36,Kings,047,,0286,,STCTY-36047 TRACT-    0286     IN NEW YORK NY,95,45,30,70,80,110,150,180,175,125,390,190,245,70
G36004700287,1950,New York,36,Kings,047,,0287,,STCTY-36047 TRACT-    0287     IN NEW YORK NY,195,105,70,90,160,140,160,55,90,55,70,35,40,0
G36004700288,1950,New York,36,Kings,047,,0288,,STCTY-36047 TRACT-    0288     IN NEW YORK NY,115,15,30,55,60,70,110,100,130,60,140,110,145,70
G36004700289,1950,New York,36,Kings,047,,0289,,STCTY-36047 TRACT-    0289     IN NEW YORK NY,245,185,190,130,135,215,160,190,125,45,140,40,55,0
G36004700290,1950,New York,36,Kings,047,,0290,,STCTY-36047 TRACT-    0290     IN NEW YORK NY,185,20,30,35,100,85,130,150,140,35,140,50,60,55
G36004700291,1950,New York,36,Kings,047,,0291,,STCTY-36047 TRACT-    0291     IN NEW YORK NY,360,115,130,195,250,135,145,75,105,80,35,15,10,10
G36004700292,1950,New York,36,Kings,047,,0292,,STCTY-36047 TRACT-    0292     IN NEW YORK NY,60,25,40,60,75,50,145,65,75,40,75,25,85,55
G36004700293,1950,New York,36,Kings,047,,0293,,STCTY-36047 TRACT-    0293     IN NEW YORK NY,310,130,135,345,175,265,135,75,40,25,65,20,5,10
G36004700294,1950,New York,36,Kings,047,,0294,,STCTY-36047 TRACT-    0294     IN NEW YORK NY,55,5,20,25,20,20,80,55,20,20,30,20,10,15
G36004700295,1950,New York,36,Kings,047,,0295,,STCTY-36047 TRACT-    0295     IN NEW YORK NY,250,130,270,275,265,220,160,85,95,65,110,45,25,5
G36004700296,1950,New York,36,Kings,047,,0296,,STCTY-36047 TRACT-    0296     IN NEW YORK NY,185,50,55,50,140,160,195,140,170,70,160,100,155,80
G36004700297,1950,New York,36,Kings,047,,0297,,STCTY-36047 TRACT-    0297     IN NEW YORK NY,210,135,220,250,305,160,125,110,80,70,95,45,50,15
G36004700298,1950,New York,36,Kings,047,,0298,,STCTY-36047 TRACT-    0298     IN NEW YORK NY,95,20,25,65,80,145,150,110,70,40,170,65,75,35
G36004700299,1950,New York,36,Kings,047,,0299,,STCTY-36047 TRACT-    0299     IN NEW YORK NY,215,145,145,195,185,150,110,65,70,50,60,5,25,20
G36004700300,1950,New York,36,Kings,047,,0300,,STCTY-36047 TRACT-    0300     IN NEW YORK NY,45,15,15,20,60,85,150,75,70,65,90,40,20,5
G36004700301,1950,New York,36,Kings,047,,0301,,STCTY-36047 TRACT-    0301     IN NEW YORK NY,205,95,140,150,195,160,215,130,85,55,60,60,45,40
G36004700302,1950,New York,36,Kings,047,,0302,,STCTY-36047 TRACT-    0302     IN NEW YORK NY,60,15,10,55,80,85,150,40,60,55,135,5,35,25
G36004700303,1950,New York,36,Kings,047,,0303,,STCTY-36047 TRACT-    0303     IN NEW YORK NY,150,150,185,235,270,310,310,185,90,65,155,55,65,20
G36004700304,1950,New York,36,Kings,047,,0304,,STCTY-36047 TRACT-    0304     IN NEW YORK NY,50,0,5,20,10,50,55,30,45,25,40,15,35,10
G36004700305,1950,New York,36,Kings,047,,0305,,STCTY-36047 TRACT-    0305     IN NEW YORK NY,185,145,200,195,245,265,150,95,65,50,40,30,25,0
G36004700306,1950,New York,36,Kings,047,,0306,,STCTY-36047 TRACT-    0306     IN NEW YORK NY,30,20,35,20,55,70,65,35,0,5,35,10,15,0
G36004700307,1950,New York,36,Kings,047,,0307,,STCTY-36047 TRACT-    0307     IN NEW YORK NY,165,125,200,165,255,175,170,50,80,30,35,10,15,0
G36004700308,1950,New York,36,Kings,047,,0308,,STCTY-36047 TRACT-    0308     IN NEW YORK NY,15,5,15,10,40,35,50,10,20,0,15,5,0,0
G36004700309,1950,New York,36,Kings,047,,0309,,STCTY-36047 TRACT-    0309     IN NEW YORK NY,120,40,70,150,110,85,55,40,10,5,5,0,0,0
G36004700310,1950,New York,36,Kings,047,,0310,,STCTY-36047 TRACT-    0310     IN NEW YORK NY,0,0,10,10,20,10,10,0,0,0,0,5,0,0
G36004700311,1950,New York,36,Kings,047,,0311,,STCTY-36047 TRACT-    0311     IN NEW YORK NY,285,105,130,195,270,185,155,75,60,20,35,20,10,10
G36004700312,1950,New York,36,Kings,047,,0312,,STCTY-36047 TRACT-    0312     IN NEW YORK NY,0,0,0,0,5,5,30,10,0,5,0,0,0,0
G36004700313,1950,New York,36,Kings,047,,0313,,STCTY-36047 TRACT-    0313     IN NEW YORK NY,185,130,230,280,195,230,210,155,105,115,160,60,125,65
G36004700314,1950,New York,36,Kings,047,,0314,,STCTY-36047 TRACT-    0314     IN NEW YORK NY,55,20,25,55,40,40,100,25,50,10,45,25,0,0
G36004700315,1950,New York,36,Kings,047,,0315,,STCTY-36047 TRACT-    0315     IN NEW YORK NY,310,155,180,235,415,275,195,190,160,80,160,65,140,75
G36004700316,1950,New York,36,Kings,047,,0316,,STCTY-36047 TRACT-    0316     IN NEW YORK NY,0,0,0,0,0,5,0,0,0,0,0,0,0,0
G360047003170,1950,New York,36,Kings,047,,0317,0,STCTY-36047 TRACT-    0317.0   IN NEW YORK NY,120,105,70,105,150,130,145,135,110,65,175,65,80,55
G360047003171,1950,New York,36,Kings,047,,0317,1,STCTY-36047 TRACT-    0317.1   IN NEW YORK NY,145,80,55,105,105,115,120,145,100,90,135,50,90,30
G36004700318,1950,New York,36,Kings,047,,0318,,STCTY-36047 TRACT-    0318     IN NEW YORK NY,5,15,30,35,25,25,60,75,50,10,20,0,10,5
G36004700319,1950,New York,36,Kings,047,,0319,,STCTY-36047 TRACT-    0319     IN NEW YORK NY,125,50,35,30,30,105,160,60,70,55,150,80,80,45
G36004700320,1950,New York,36,Kings,047,,0320,,STCTY-36047 TRACT-    0320     IN NEW YORK NY,20,15,0,10,0,5,30,35,5,10,10,5,0,0
G36004700321,1950,New York,36,Kings,047,,0321,,STCTY-36047 TRACT-    0321     IN NEW YORK NY,205,65,60,70,155,170,205,130,200,100,250,145,160,70
G36004700323,1950,New York,36,Kings,047,,0323,,STCTY-36047 TRACT-    0323     IN NEW YORK NY,115,50,50,55,85,120,125,120,70,105,160,85,140,90
G36004700325,1950,New York,36,Kings,047,,0325,,STCTY-36047 TRACT-    0325     IN NEW YORK NY,125,15,45,45,80,135,115,100,100,50,190,95,75,80
G36004700326,1950,New York,36,Kings,047,,0326,,STCTY-36047 TRACT-    0326     IN NEW YORK NY,175,60,55,50,105,70,105,75,55,30,55,20,35,5
G36004700327,1950,New York,36,Kings,047,,0327,,STCTY-36047 TRACT-    0327     IN NEW YORK NY,135,70,25,65,85,130,115,75,65,60,155,55,135,55
G36004700328,1950,New York,36,Kings,047,,0328,,STCTY-36047 TRACT-    0328     IN NEW YORK NY,320,80,130,105,185,150,180,110,190,85,140,95,60,45
G36004700329,1950,New York,36,Kings,047,,0329,,STCTY-36047 TRACT-    0329     IN NEW YORK NY,215,15,55,70,170,100,295,140,180,100,295,105,215,125
G36004700330,1950,New York,36,Kings,047,,0330,,STCTY-36047 TRACT-    0330     IN NEW YORK NY,35,0,20,0,30,10,10,10,25,5,15,0,5,0
G36004700331,1950,New York,36,Kings,047,,0331,,STCTY-36047 TRACT-    0331     IN NEW YORK NY,130,20,45,70,110,135,145,75,85,30,200,130,200,165
G36004700332,1950,New York,36,Kings,047,,0332,,STCTY-36047 TRACT-    0332     IN NEW YORK NY,20,5,0,10,5,5,25,0,5,5,5,0,5,0
G36004700333,1950,New York,36,Kings,047,,0333,,STCTY-36047 TRACT-    0333     IN NEW YORK NY,125,40,50,40,85,35,120,100,90,65,165,70,165,195
G36004700334,1950,New York,36,Kings,047,,0334,,STCTY-36047 TRACT-    0334     IN NEW YORK NY,90,40,35,30,115,120,85,80,65,35,60,60,60,20
G36004700335,1950,New York,36,Kings,047,,0335,,STCTY-36047 TRACT-    0335     IN NEW YORK NY,110,30,25,40,50,60,65,60,85,30,115,75,95,140
G36004700336,1950,New York,36,Kings,047,,0336,,STCTY-36047 TRACT-    0336     IN NEW YORK NY,50,30,30,20,55,40,60,55,75,30,55,20,75,40
G36004700337,1950,New York,36,Kings,047,,0337,,STCTY-36047 TRACT-    0337     IN NEW YORK NY,185,65,135,65,115,200,185,155,115,85,145,85,135,100
G360047003380,1950,New York,36,Kings,047,,0338,0,STCTY-36047 TRACT-    0338.0   IN NEW YORK NY,45,20,5,25,35,20,20,15,25,50,60,15,20,30
G360047003381,1950,New York,36,Kings,047,,0338,1,STCTY-36047 TRACT-    0338.1   IN NEW YORK NY,45,5,20,10,20,40,5,30,20,20,35,20,20,15
G36004700339,1950,New York,36,Kings,047,,0339,,STCTY-36047 TRACT-    0339     IN NEW YORK NY,150,95,105,110,115,130,165,155,115,70,165,75,130,125
G36004700340,1950,New York,36,Kings,047,,0340,,STCTY-36047 TRACT-    0340     IN NEW YORK NY,35,15,10,15,30,35,45,10,35,10,10,20,20,15
G36004700341,1950,New York,36,Kings,047,,0341,,STCTY-36047 TRACT-    0341     IN NEW YORK NY,100,60,75,85,60,95,105,60,45,55,105,80,70,130
G36004700342,1950,New York,36,Kings,047,,0342,,STCTY-36047 TRACT-    0342     IN NEW YORK NY,365,160,160,80,190,150,180,155,75,85,110,55,40,5
G36004700343,1950,New York,36,Kings,047,,0343,,STCTY-36047 TRACT-    0343     IN NEW YORK NY,195,35,70,50,110,120,125,70,40,50,50,35,35,15
G36004700344,1950,New York,36,Kings,047,,0344,,STCTY-36047 TRACT-    0344     IN NEW YORK NY,510,110,60,105,160,115,140,75,115,30,60,5,0,0
G36004700345,1950,New York,36,Kings,047,,0345,,STCTY-36047 TRACT-    0345     IN NEW YORK NY,130,55,70,135,165,175,175,65,135,65,120,70,95,25
G360047003460,1950,New York,36,Kings,047,,0346,0,STCTY-36047 TRACT-    0346.0   IN NEW YORK NY,60,45,30,35,45,50,55,30,25,10,15,15,15,0
G360047003461,1950,New York,36,Kings,047,,0346,1,STCTY-36047 TRACT-    0346.1   IN NEW YORK NY,110,90,70,40,85,65,80,75,15,20,35,20,10,0
G36004700347,1950,New York,36,Kings,047,,0347,,STCTY-36047 TRACT-    0347     IN NEW YORK NY,245,55,65,85,80,145,175,125,125,65,130,35,65,20
G360047003480,1950,New York,36,Kings,047,,0348,0,STCTY-36047 TRACT-    0348.0   IN NEW YORK NY,60,35,30,30,45,35,45,20,20,0,10,10,5,0
G360047003481,1950,New York,36,Kings,047,,0348,1,STCTY-36047 TRACT-    0348.1   IN NEW YORK NY,145,60,30,95,80,110,90,5,15,0,5,5,5,0
G36004700349,1950,New York,36,Kings,047,,0349,,STCTY-36047 TRACT-    0349     IN NEW YORK NY,175,55,45,100,185,145,250,175,205,85,310,140,135,130
G360047003500,1950,New York,36,Kings,047,,0350,0,STCTY-36047 TRACT-    0350.0   IN NEW YORK NY,5,0,10,0,0,0,5,0,0,5,0,0,5,0
G360047003501,1950,New York,36,Kings,047,,0350,1,STCTY-36047 TRACT-    0350.1   IN NEW YORK NY,5,5,15,0,15,5,0,5,0,0,0,0,5,0
G36004700351,1950,New York,36,Kings,047,,0351,,STCTY-36047 TRACT-    0351     IN NEW YORK NY,185,65,85,115,130,190,210,115,195,100,170,70,130,70
G36004700352,1950,New York,36,Kings,047,,0352,,STCTY-36047 TRACT-    0352     IN NEW YORK NY,0,0,0,0,15,10,5,0,0,0,0,0,0,0
G36004700353,1950,New York,36,Kings,047,,0353,,STCTY-36047 TRACT-    0353     IN NEW YORK NY,180,105,90,110,145,175,205,140,200,100,180,120,135,90
G360047003540,1950,New York,36,Kings,047,,0354,0,STCTY-36047 TRACT-    0354.0   IN NEW YORK NY,85,20,40,20,35,65,40,20,20,15,20,10,5,0
G360047003541,1950,New York,36,Kings,047,,0354,1,STCTY-36047 TRACT-    0354.1   IN NEW YORK NY,60,25,15,20,25,15,30,10,35,15,15,15,5,5
G36004700355,1950,New York,36,Kings,047,,0355,,STCTY-36047 TRACT-    0355     IN NEW YORK NY,110,35,40,60,65,65,200,140,130,70,315,125,245,160
G36004700356,1950,New York,36,Kings,047,,0356,,STCTY-36047 TRACT-    0356     IN NEW YORK NY,105,20,50,40,90,80,90,65,60,10,40,20,15,5
G36004700357,1950,New York,36,Kings,047,,0357,,STCTY-36047 TRACT-    0357     IN NEW YORK NY,215,85,75,90,140,170,165,150,175,70,100,80,60,55
G36004700358,1950,New York,36,Kings,047,,0358,,STCTY-36047 TRACT-    0358     IN NEW YORK NY,175,55,25,55,70,105,120,105,65,20,45,20,25,25
G36004700359,1950,New York,36,Kings,047,,0359,,STCTY-36047 TRACT-    0359     IN NEW YORK NY,250,110,95,140,175,270,200,150,175,80,180,120,85,30
G360047003600,1950,New York,36,Kings,047,,0360,0,STCTY-36047 TRACT-    0360.0   IN NEW YORK NY,105,45,80,40,105,90,60,85,110,60,105,50,45,40
G360047003601,1950,New York,36,Kings,047,,0360,1,STCTY-36047 TRACT-    0360.1   IN NEW YORK NY,155,45,130,105,185,225,225,130,145,95,285,170,195,105
G36004700361,1950,New York,36,Kings,047,,0361,,STCTY-36047 TRACT-    0361     IN NEW YORK NY,365,125,95,120,175,285,280,135,115,85,190,70,110,25
G36004700362,1950,New York,36,Kings,047,,0362,,STCTY-36047 TRACT-    0362     IN NEW YORK NY,380,230,260,145,205,200,235,150,100,115,85,25,65,25
G36004700363,1950,New York,36,Kings,047,,0363,,STCTY-36047 TRACT-    0363     IN NEW YORK NY,280,205,210,230,275,310,335,145,170,135,155,80,90,40
G36004700364,1950,New York,36,Kings,047,,0364,,STCTY-36047 TRACT-    0364     IN NEW YORK NY,190,20,30,75,85,95,135,85,35,25,55,0,15,15
G360047003650,1950,New York,36,Kings,047,,0365,0,STCTY-36047 TRACT-    0365.0   IN NEW YORK NY,180,20,75,60,125,90,70,70,50,20,85,0,10,0
G360047003651,1950,New York,36,Kings,047,,0365,1,STCTY-36047 TRACT-    0365.1   IN NEW YORK NY,75,25,35,65,125,45,30,50,25,10,35,5,5,5
G36004700366,1950,New York,36,Kings,047,,0366,,STCTY-36047 TRACT-    0366     IN NEW YORK NY,135,40,20,45,120,125,155,85,110,30,75,50,35,5
G36004700367,1950,New York,36,Kings,047,,0367,,STCTY-36047 TRACT-    0367     IN NEW YORK NY,25,25,10,35,90,65,100,40,35,20,55,10,35,25
G36004700368,1950,New York,36,Kings,047,,0368,,STCTY-36047 TRACT-    0368     IN NEW YORK NY,5,15,0,15,20,20,65,30,30,10,50,35,10,5
G36004700369,1950,New York,36,Kings,047,,0369,,STCTY-36047 TRACT-    0369     IN NEW YORK NY,165,65,100,110,180,210,300,165,105,85,185,35,100,25
G36004700370,1950,New York,36,Kings,047,,0370,,STCTY-36047 TRACT-    0370     IN NEW YORK NY,40,15,10,25,45,40,90,35,80,40,95,30,85,80
G36004700371,1950,New York,36,Kings,047,,0371,,STCTY-36047 TRACT-    0371     IN NEW YORK NY,265,65,110,185,205,245,305,170,105,80,115,65,55,15
G36004700372,1950,New York,36,Kings,047,,0372,,STCTY-36047 TRACT-    0372     IN NEW YORK NY,5,15,15,10,25,35,60,20,25,55,55,20,25,10
G36004700373,1950,New York,36,Kings,047,,0373,,STCTY-36047 TRACT-    0373     IN NEW YORK NY,185,60,95,125,155,165,265,130,60,75,80,50,55,15
G36004700374,1950,New York,36,Kings,047,,0374,,STCTY-36047 TRACT-    0374     IN NEW YORK NY,10,0,5,0,0,25,10,10,10,15,5,10,10,5
G36004700375,1950,New York,36,Kings,047,,0375,,STCTY-36047 TRACT-    0375     IN NEW YORK NY,130,90,100,110,190,290,240,120,120,20,115,65,40,5
G36004700376,1950,New York,36,Kings,047,,0376,,STCTY-36047 TRACT-    0376     IN NEW YORK NY,5,0,0,5,5,30,10,20,15,5,5,10,15,0
G36004700377,1950,New York,36,Kings,047,,0377,,STCTY-36047 TRACT-    0377     IN NEW YORK NY,260,140,100,115,235,220,230,155,90,75,100,45,35,15
G36004700378,1950,New York,36,Kings,047,,0378,,STCTY-36047 TRACT-    0378     IN NEW YORK NY,0,0,0,0,0,0,0,0,0,0,0,0,0,0
G36004700379,1950,New York,36,Kings,047,,0379,,STCTY-36047 TRACT-    0379     IN NEW YORK NY,275,100,75,115,175,245,225,85,90,35,70,20,15,5
G36004700381,1950,New York,36,Kings,047,,0381,,STCTY-36047 TRACT-    0381     IN NEW YORK NY,245,135,165,205,225,155,190,115,110,55,55,35,35,10
G36004700382,1950,New York,36,Kings,047,,0382,,STCTY-36047 TRACT-    0382     IN NEW YORK NY,20,0,5,5,20,15,15,10,30,5,20,0,10,0
G36004700383,1950,New York,36,Kings,047,,0383,,STCTY-36047 TRACT-    0383     IN NEW YORK NY,385,175,130,240,225,205,180,150,110,55,90,30,20,25
G36004700384,1950,New York,36,Kings,047,,0384,,STCTY-36047 TRACT-    0384     IN NEW YORK NY,15,20,25,5,55,65,55,25,40,25,40,40,10,0
G36004700385,1950,New York,36,Kings,047,,0385,,STCTY-36047 TRACT-    0385     IN NEW YORK NY,285,85,175,190,240,150,135,95,75,60,130,20,50,25
G36004700386,1950,New York,36,Kings,047,,0386,,STCTY-36047 TRACT-    0386     IN NEW YORK NY,10,35,35,30,60,65,60,40,45,10,30,15,15,0
G36004700387,1950,New York,36,Kings,047,,0387,,STCTY-36047 TRACT-    0387     IN NEW YORK NY,315,195,150,110,230,190,145,100,100,45,70,30,10,5
G36004700388,1950,New York,36,Kings,047,,0388,,STCTY-36047 TRACT-    0388     IN NEW YORK NY,55,20,35,65,60,105,90,70,25,25,45,35,25,15
G36004700389,1950,New York,36,Kings,047,,0389,,STCTY-36047 TRACT-    0389     IN NEW YORK NY,165,115,60,90,210,165,150,100,110,55,75,45,40,5
G36004700390,1950,New York,36,Kings,047,,0390,,STCTY-36047 TRACT-    0390     IN NEW YORK NY,80,10,0,35,35,45,35,35,45,25,25,30,50,5
G36004700391,1950,New York,36,Kings,047,,0391,,STCTY-36047 TRACT-    0391     IN NEW YORK NY,175,95,100,90,195,130,155,75,80,45,65,50,50,5
G36004700392,1950,New York,36,Kings,047,,0392,,STCTY-36047 TRACT-    0392     IN NEW YORK NY,65,0,60,25,55,35,90,75,45,40,70,45,60,25
G36004700393,1950,New York,36,Kings,047,,0393,,STCTY-36047 TRACT-    0393     IN NEW YORK NY,200,105,110,85,60,115,175,80,85,55,100,40,70,25
G36004700394,1950,New York,36,Kings,047,,0394,,STCTY-36047 TRACT-    0394     IN NEW YORK NY,100,30,65,50,45,60,140,110,75,45,130,65,45,20
G36004700395,1950,New York,36,Kings,047,,0395,,STCTY-36047 TRACT-    0395     IN NEW YORK NY,195,105,100,50,95,120,150,130,70,60,95,65,110,10
G36004700396,1950,New York,36,Kings,047,,0396,,STCTY-36047 TRACT-    0396     IN NEW YORK NY,50,15,45,20,45,80,95,45,55,30,95,40,60,30
G36004700397,1950,New York,36,Kings,047,,0397,,STCTY-36047 TRACT-    0397     IN NEW YORK NY,275,110,65,150,155,195,165,130,110,85,135,35,80,15
G36004700398,1950,New York,36,Kings,047,,0398,,STCTY-36047 TRACT-    0398     IN NEW YORK NY,40,25,25,45,60,65,110,65,75,30,115,50,55,35
G36004700399,1950,New York,36,Kings,047,,0399,,STCTY-36047 TRACT-    0399     IN NEW YORK NY,130,95,85,125,100,175,165,125,105,75,130,80,105,35
G36004700400,1950,New York,36,Kings,047,,0400,,STCTY-36047 TRACT-    0400     IN NEW YORK NY,55,70,30,50,95,130,125,120,110,105,150,75,100,15
G36004700401,1950,New York,36,Kings,047,,0401,,STCTY-36047 TRACT-    0401     IN NEW YORK NY,155,150,130,105,185,235,185,110,105,110,90,75,55,0
G36004700402,1950,New York,36,Kings,047,,0402,,STCTY-36047 TRACT-    0402     IN NEW YORK NY,40,20,25,35,75,95,90,140,55,40,65,70,55,5
G36004700403,1950,New York,36,Kings,047,,0403,,STCTY-36047 TRACT-    0403     IN NEW YORK NY,250,70,100,85,115,165,160,125,95,35,90,35,40,15
G36004700404,1950,New York,36,Kings,047,,0404,,STCTY-36047 TRACT-    0404     IN NEW YORK NY,55,5,30,35,35,45,100,75,70,30,80,45,70,40
G36004700405,1950,New York,36,Kings,047,,0405,,STCTY-36047 TRACT-    0405     IN NEW YORK NY,95,55,30,35,70,80,75,75,110,55,70,20,25,20
G36004700406,1950,New York,36,Kings,047,,0406,,STCTY-36047 TRACT-    0406     IN NEW YORK NY,45,15,30,80,145,190,195,100,105,95,95,55,25,20
G36004700407,1950,New York,36,Kings,047,,0407,,STCTY-36047 TRACT-    0407     IN NEW YORK NY,0,0,0,0,0,0,0,0,0,0,0,0,0,0
G36004700408,1950,New York,36,Kings,047,,0408,,STCTY-36047 TRACT-    0408     IN NEW YORK NY,70,35,40,45,80,75,170,95,140,55,75,60,80,25
G36004700409,1950,New York,36,Kings,047,,0409,,STCTY-36047 TRACT-    0409     IN NEW YORK NY,120,60,70,70,155,120,190,95,135,70,110,80,60,15
G36004700410,1950,New York,36,Kings,047,,0410,,STCTY-36047 TRACT-    0410     IN NEW YORK NY,30,0,35,5,35,60,95,35,45,35,70,35,75,20
G36004700411,1950,New York,36,Kings,047,,0411,,STCTY-36047 TRACT-    0411     IN NEW YORK NY,165,60,105,80,120,145,155,70,85,25,65,30,45,0
G36004700412,1950,New York,36,Kings,047,,0412,,STCTY-36047 TRACT-    0412     IN NEW YORK NY,80,30,30,55,35,45,85,100,100,55,130,85,75,35
G36004700413,1950,New York,36,Kings,047,,0413,,STCTY-36047 TRACT-    0413     IN NEW YORK NY,110,110,105,135,145,220,245,110,140,85,100,80,20,20
G360047004140,1950,New York,36,Kings,047,,0414,0,STCTY-36047 TRACT-    0414.0   IN NEW YORK NY,10,0,10,10,10,20,55,30,45,10,20,30,25,30
G360047004141,1950,New York,36,Kings,047,,0414,1,STCTY-36047 TRACT-    0414.1   IN NEW YORK NY,60,20,60,45,20,25,35,45,40,15,55,25,50,130
G36004700415,1950,New York,36,Kings,047,,0415,,STCTY-36047 TRACT-    0415     IN NEW YORK NY,160,100,90,80,230,185,245,155,125,85,155,40,50,15
G36004700416,1950,New York,36,Kings,047,,0416,,STCTY-36047 TRACT-    0416     IN NEW YORK NY,105,35,30,40,50,45,70,75,30,45,70,55,70,40
G36004700417,1950,New York,36,Kings,047,,0417,,STCTY-36047 TRACT-    0417     IN NEW YORK NY,145,75,75,120,160,210,300,145,75,105,110,45,40,15
G36004700418,1950,New York,36,Kings,047,,0418,,STCTY-36047 TRACT-    0418     IN NEW YORK NY,70,25,20,35,95,80,105,60,75,60,100,70,70,65
G36004700419,1950,New York,36,Kings,047,,0419,,STCTY-36047 TRACT-    0419     IN NEW YORK NY,205,110,80,80,165,120,200,125,120,80,170,80,70,15
G36004700420,1950,New York,36,Kings,047,,0420,,STCTY-36047 TRACT-    0420     IN NEW YORK NY,80,15,5,15,45,25,55,60,60,35,65,40,60,25
G36004700421,1950,New York,36,Kings,047,,0421,,STCTY-36047 TRACT-    0421     IN NEW YORK NY,265,55,70,115,195,185,180,100,115,85,95,30,45,10
G36004700422,1950,New York,36,Kings,047,,0422,,STCTY-36047 TRACT-    0422     IN NEW YORK NY,165,40,5,20,45,120,105,90,75,60,155,75,110,60
G36004700423,1950,New York,36,Kings,047,,0423,,STCTY-36047 TRACT-    0423     IN NEW YORK NY,155,130,110,95,185,180,205,130,120,70,80,20,20,35
G36004700424,1950,New York,36,Kings,047,,0424,,STCTY-36047 TRACT-    0424     IN NEW YORK NY,65,25,15,40,60,85,130,110,110,55,130,80,100,15
G36004700425,1950,New York,36,Kings,047,,0425,,STCTY-36047 TRACT-    0425     IN NEW YORK NY,170,85,80,75,165,145,125,120,90,60,65,30,10,0
G36004700426,1950,New York,36,Kings,047,,0426,,STCTY-36047 TRACT-    0426     IN NEW YORK NY,110,50,65,45,90,150,135,120,95,80,135,90,85,25
G36004700427,1950,New York,36,Kings,047,,0427,,STCTY-36047 TRACT-    0427     IN NEW YORK NY,215,105,120,150,275,315,265,130,130,55,135,45,55,5
G36004700428,1950,New York,36,Kings,047,,0428,,STCTY-36047 TRACT-    0428     IN NEW YORK NY,105,25,35,75,55,100,165,100,120,55,205,95,125,70
G36004700429,1950,New York,36,Kings,047,,0429,,STCTY-36047 TRACT-    0429     IN NEW YORK NY,245,70,160,115,235,265,270,110,130,70,145,55,45,40
G36004700430,1950,New York,36,Kings,047,,0430,,STCTY-36047 TRACT-    0430     IN NEW YORK NY,110,20,45,35,55,115,145,110,150,45,165,60,80,60
G36004700431,1950,New York,36,Kings,047,,0431,,STCTY-36047 TRACT-    0431     IN NEW YORK NY,200,95,105,95,205,265,340,170,170,65,110,90,50,20
G36004700432,1950,New York,36,Kings,047,,0432,,STCTY-36047 TRACT-    0432     IN NEW YORK NY,120,20,55,55,100,110,160,130,80,55,145,70,75,40
G36004700433,1950,New York,36,Kings,047,,0433,,STCTY-36047 TRACT-    0433     IN NEW YORK NY,215,155,130,180,260,245,355,245,225,70,90,75,60,0
G36004700434,1950,New York,36,Kings,047,,0434,,STCTY-36047 TRACT-    0434     IN NEW YORK NY,60,25,35,60,65,80,160,110,100,50,120,75,60,50
G36004700435,1950,New York,36,Kings,047,,0435,,STCTY-36047 TRACT-    0435     IN NEW YORK NY,80,55,80,85,105,160,275,115,125,120,175,95,95,10
G36004700436,1950,New York,36,Kings,047,,0436,,STCTY-36047 TRACT-    0436     IN NEW YORK NY,60,35,35,50,135,130,175,195,105,95,215,120,125,45
G36004700437,1950,New York,36,Kings,047,,0437,,STCTY-36047 TRACT-    0437     IN NEW YORK NY,140,80,100,115,155,190,200,170,115,35,160,50,75,20
G36004700438,1950,New York,36,Kings,047,,0438,,STCTY-36047 TRACT-    0438     IN NEW YORK NY,70,15,20,25,60,75,140,55,95,45,125,65,100,25
G36004700439,1950,New York,36,Kings,047,,0439,,STCTY-36047 TRACT-    0439     IN NEW YORK NY,155,70,55,65,130,165,185,90,95,70,95,60,25,15
G36004700440,1950,New York,36,Kings,047,,0440,,STCTY-36047 TRACT-    0440     IN NEW YORK NY,80,20,25,35,50,90,95,100,65,55,130,50,55,60
G36004700441,1950,New York,36,Kings,047,,0441,,STCTY-36047 TRACT-    0441     IN NEW YORK NY,185,115,80,110,180,135,160,130,105,95,155,35,70,0
G36004700442,1950,New York,36,Kings,047,,0442,,STCTY-36047 TRACT-    0442     IN NEW YORK NY,85,20,10,25,55,60,120,55,85,45,50,50,100,65
G36004700443,1950,New York,36,Kings,047,,0443,,STCTY-36047 TRACT-    0443     IN NEW YORK NY,220,120,95,105,200,180,190,235,180,115,150,70,110,20
G36004700444,1950,New York,36,Kings,047,,0444,,STCTY-36047 TRACT-    0444     IN NEW YORK NY,120,30,30,30,35,70,60,125,100,50,150,65,105,90
G36004700445,1950,New York,36,Kings,047,,0445,,STCTY-36047 TRACT-    0445     IN NEW YORK NY,145,45,85,120,90,165,225,110,145,40,120,45,55,25
G36004700446,1950,New York,36,Kings,047,,0446,,STCTY-36047 TRACT-    0446     IN NEW YORK NY,50,20,25,15,45,50,45,70,45,35,45,35,25,15
G36004700447,1950,New York,36,Kings,047,,0447,,STCTY-36047 TRACT-    0447     IN NEW YORK NY,50,10,15,40,45,60,75,105,40,55,55,40,30,10
G36004700448,1950,New York,36,Kings,047,,0448,,STCTY-36047 TRACT-    0448     IN NEW YORK NY,0,5,5,0,30,0,25,15,35,15,55,20,55,30
G36004700450,1950,New York,36,Kings,047,,0450,,STCTY-36047 TRACT-    0450     IN NEW YORK NY,5,0,5,5,10,20,10,10,15,10,40,15,15,15
G36004700451,1950,New York,36,Kings,047,,0451,,STCTY-36047 TRACT-    0451     IN NEW YORK NY,10,5,15,10,30,50,30,20,40,5,20,10,0,0
G36004700452,1950,New York,36,Kings,047,,0452,,STCTY-36047 TRACT-    0452     IN NEW YORK NY,55,20,30,25,35,65,50,30,50,50,125,45,85,125
G36004700453,1950,New York,36,Kings,047,,0453,,STCTY-36047 TRACT-    0453     IN NEW YORK NY,95,70,90,100,95,120,120,100,65,20,45,20,15,5
G36004700454,1950,New York,36,Kings,047,,0454,,STCTY-36047 TRACT-    0454     IN NEW YORK NY,90,30,35,30,80,50,45,75,45,45,70,35,45,55
G36004700455,1950,New York,36,Kings,047,,0455,,STCTY-36047 TRACT-    0455     IN NEW YORK NY,0,5,0,5,0,5,0,0,0,0,0,5,0,0
G36004700456,1950,New York,36,Kings,047,,0456,,STCTY-36047 TRACT-    0456     IN NEW YORK NY,120,30,15,20,35,70,70,30,55,45,65,35,130,90
G360047004570,1950,New York,36,Kings,047,,0457,0,STCTY-36047 TRACT-    0457.0   IN NEW YORK NY,5,0,0,0,0,0,0,0,0,0,0,0,0,0
G360047004571,1950,New York,36,Kings,047,,0457,1,STCTY-36047 TRACT-    0457.1   IN NEW YORK NY,0,0,0,0,0,0,0,0,5,0,0,0,0,0
G36004700458,1950,New York,36,Kings,047,,0458,,STCTY-36047 TRACT-    0458     IN NEW YORK NY,35,25,25,15,0,15,10,0,10,10,20,30,60,115
G360047004590,1950,New York,36,Kings,047,,0459,0,STCTY-36047 TRACT-    0459.0   IN NEW YORK NY,0,0,0,0,0,0,0,0,0,0,0,0,0,0
G360047004591,1950,New York,36,Kings,047,,0459,1,STCTY-36047 TRACT-    0459.1   IN NEW YORK NY,0,0,0,0,0,0,0,0,0,0,0,0,0,0
G36004700460,1950,New York,36,Kings,047,,0460,,STCTY-36047 TRACT-    0460     IN NEW YORK NY,65,30,20,55,75,45,60,85,60,45,140,75,80,115
G36004700461,1950,New York,36,Kings,047,,0461,,STCTY-36047 TRACT-    0461     IN NEW YORK NY,0,0,0,0,0,0,0,0,0,0,0,0,0,0
G360047004620,1950,New York,36,Kings,047,,0462,0,STCTY-36047 TRACT-    0462.0   IN NEW YORK NY,55,20,0,5,45,60,40,40,50,15,40,45,35,35
G360047004621,1950,New York,36,Kings,047,,0462,1,STCTY-36047 TRACT-    0462.1   IN NEW YORK NY,25,15,0,15,20,30,25,25,20,20,55,40,50,35
G36004700463,1950,New York,36,Kings,047,,0463,,STCTY-36047 TRACT-    0463     IN NEW YORK NY,0,0,0,0,0,0,0,0,0,0,0,0,0,0
G36004700464,1950,New York,36,Kings,047,,0464,,STCTY-36047 TRACT-    0464     IN NEW YORK NY,35,20,30,40,40,70,105,110,75,65,85,30,50,20
G36004700465,1950,New York,36,Kings,047,,0465,,STCTY-36047 TRACT-    0465     IN NEW YORK NY,0,0,0,0,10,5,0,0,5,0,0,0,0,0
G36004700467,1950,New York,36,Kings,047,,0467,,STCTY-36047 TRACT-    0467     IN NEW YORK NY,0,0,0,0,0,0,0,0,0,0,0,0,0,0
G36004700468,1950,New York,36,Kings,047,,0468,,STCTY-36047 TRACT-    0468     IN NEW YORK NY,20,5,25,20,65,25,35,20,25,10,15,5,10,0
G36004700469,1950,New York,36,Kings,047,,0469,,STCTY-36047 TRACT-    0469     IN NEW YORK NY,0,0,0,0,0,0,0,0,0,0,0,0,0,0
G36004700470,1950,New York,36,Kings,047,,0470,,STCTY-36047 TRACT-    0470     IN NEW YORK NY,70,25,25,25,85,75,70,110,55,30,65,40,55,30
G36004700471,1950,New York,36,Kings,047,,0471,,STCTY-36047 TRACT-    0471     IN NEW YORK NY,5,0,10,0,10,10,10,0,10,5,0,0,0,0
G36004700472,1950,New York,36,Kings,047,,0472,,STCTY-36047 TRACT-    0472     IN NEW YORK NY,80,20,30,35,100,105,115,40,95,75,100,75,60,85
G36004700473,1950,New York,36,Kings,047,,0473,,STCTY-36047 TRACT-    0473     IN NEW YORK NY,0,0,25,10,35,30,25,30,0,10,10,10,15,0
G36004700474,1950,New York,36,Kings,047,,0474,,STCTY-36047 TRACT-    0474     IN NEW YORK NY,125,15,5,20,35,30,115,85,40,45,125,80,125,55
G36004700475,1950,New York,36,Kings,047,,0475,,STCTY-36047 TRACT-    0475     IN NEW YORK NY,0,0,5,0,0,0,0,0,0,0,0,0,0,0
G36004700476,1950,New York,36,Kings,047,,0476,,STCTY-36047 TRACT-    0476     IN NEW YORK NY,65,20,60,35,60,60,105,70,75,85,90,50,70,45
G36004700477,1950,New York,36,Kings,047,,0477,,STCTY-36047 TRACT-    0477     IN NEW YORK NY,110,15,25,25,65,115,55,20,30,10,35,20,5,25
G36004700478,1950,New York,36,Kings,047,,0478,,STCTY-36047 TRACT-    0478     IN NEW YORK NY,105,20,50,45,90,130,130,160,100,75,190,85,100,40
G36004700479,1950,New York,36,Kings,047,,0479,,STCTY-36047 TRACT-    0479     IN NEW YORK NY,125,40,55,35,115,100,110,25,40,20,20,10,10,0
G36004700480,1950,New York,36,Kings,047,,0480,,STCTY-36047 TRACT-    0480     IN NEW YORK NY,65,25,35,65,90,75,150,95,75,45,90,35,95,35
G36004700481,1950,New York,36,Kings,047,,0481,,STCTY-36047 TRACT-    0481     IN NEW YORK NY,195,80,95,50,110,125,150,100,65,50,85,30,40,15
G36004700482,1950,New York,36,Kings,047,,0482,,STCTY-36047 TRACT-    0482     IN NEW YORK NY,110,45,55,85,110,70,150,105,110,65,195,90,110,45
G36004700483,1950,New York,36,Kings,047,,0483,,STCTY-36047 TRACT-    0483     IN NEW YORK NY,190,30,45,75,110,65,80,45,20,30,30,25,20,5
G36004700484,1950,New York,36,Kings,047,,0484,,STCTY-36047 TRACT-    0484     IN NEW YORK NY,110,20,30,15,90,125,165,95,135,60,115,105,85,85
G36004700485,1950,New York,36,Kings,047,,0485,,STCTY-36047 TRACT-    0485     IN NEW YORK NY,15,30,10,20,25,25,25,10,15,10,15,10,5,0
G36004700486,1950,New York,36,Kings,047,,0486,,STCTY-36047 TRACT-    0486     IN NEW YORK NY,85,20,35,55,75,115,145,100,110,60,90,70,45,10
G36004700487,1950,New York,36,Kings,047,,0487,,STCTY-36047 TRACT-    0487     IN NEW YORK NY,165,200,155,190,240,175,105,70,45,40,70,25,30,0
G36004700488,1950,New York,36,Kings,047,,0488,,STCTY-36047 TRACT-    0488     IN NEW YORK NY,145,10,15,0,100,80,120,60,55,75,90,50,105,50
G36004700489,1950,New York,36,Kings,047,,0489,,STCTY-36047 TRACT-    0489     IN NEW YORK NY,345,120,160,175,155,200,170,70,50,25,60,40,30,10
G36004700490,1950,New York,36,Kings,047,,0490,,STCTY-36047 TRACT-    0490     IN NEW YORK NY,95,55,45,60,70,125,150,100,125,105,185,65,135,65
G36004700491,1950,New York,36,Kings,047,,0491,,STCTY-36047 TRACT-    0491     IN NEW YORK NY,380,155,140,130,265,185,215,90,75,50,85,25,25,10
G36004700492,1950,New York,36,Kings,047,,0492,,STCTY-36047 TRACT-    0492     IN NEW YORK NY,65,50,30,30,90,70,65,60,70,55,95,45,75,45
G36004700493,1950,New York,36,Kings,047,,0493,,STCTY-36047 TRACT-    0493     IN NEW YORK NY,245,145,190,220,400,395,425,175,160,100,145,70,95,25
G36004700494,1950,New York,36,Kings,047,,0494,,STCTY-36047 TRACT-    0494     IN NEW YORK NY,185,30,40,65,85,170,160,145,90,70,200,80,155,180
G36004700495,1950,New York,36,Kings,047,,0495,,STCTY-36047 TRACT-    0495     IN NEW YORK NY,65,45,70,65,80,155,150,75,100,45,75,75,70,0
G36004700496,1950,New York,36,Kings,047,,0496,,STCTY-36047 TRACT-    0496     IN NEW YORK NY,165,30,60,30,130,105,160,135,105,65,120,80,115,35
G36004700497,1950,New York,36,Kings,047,,0497,,STCTY-36047 TRACT-    0497     IN NEW YORK NY,145,40,60,60,130,165,125,60,65,45,70,50,45,20
G36004700498,1950,New York,36,Kings,047,,0498,,STCTY-36047 TRACT-    0498     IN NEW YORK NY,85,50,25,45,85,85,170,130,85,50,155,65,145,90
G36004700499,1950,New York,36,Kings,047,,0499,,STCTY-36047 TRACT-    0499     IN NEW YORK NY,75,35,60,50,90,95,200,60,65,65,70,35,50,10
G36004700500,1950,New York,36,Kings,047,,0500,,STCTY-36047 TRACT-    0500     IN NEW YORK NY,100,40,20,55,100,60,130,140,100,80,155,60,130,70
G36004700501,1950,New York,36,Kings,047,,0501,,STCTY-36047 TRACT-    0501     IN NEW YORK NY,110,50,35,55,110,185,205,135,90,65,45,65,55,25
G360047005020,1950,New York,36,Kings,047,,0502,0,STCTY-36047 TRACT-    0502.0   IN NEW YORK NY,30,10,40,45,75,50,60,95,60,30,40,60,35,15
G360047005021,1950,New York,36,Kings,047,,0502,1,STCTY-36047 TRACT-    0502.1   IN NEW YORK NY,75,15,20,45,40,110,70,75,80,35,90,65,75,5
G36004700503,1950,New York,36,Kings,047,,0503,,STCTY-36047 TRACT-    0503     IN NEW YORK NY,90,45,50,75,125,140,185,80,115,55,95,50,70,15
G36004700504,1950,New York,36,Kings,047,,0504,,STCTY-36047 TRACT-    0504     IN NEW YORK NY,140,45,40,35,55,55,90,110,110,35,190,85,200,160
G36004700505,1950,New York,36,Kings,047,,0505,,STCTY-36047 TRACT-    0505     IN NEW YORK NY,235,80,85,115,180,230,165,105,65,50,75,45,30,5
G36004700506,1950,New York,36,Kings,047,,0506,,STCTY-36047 TRACT-    0506     IN NEW YORK NY,175,35,65,50,105,105,210,140,155,95,220,115,145,110
G36004700507,1950,New York,36,Kings,047,,0507,,STCTY-36047 TRACT-    0507     IN NEW YORK NY,355,115,75,125,160,100,125,85,45,45,60,15,25,5
G36004700508,1950,New York,36,Kings,047,,0508,,STCTY-36047 TRACT-    0508     IN NEW YORK NY,410,150,220,185,295,220,330,280,380,230,555,310,400,465
G36004700509,1950,New York,36,Kings,047,,0509,,STCTY-36047 TRACT-    0509     IN NEW YORK NY,40,60,35,35,55,135,90,70,15,25,40,15,10,0
G36004700510,1950,New York,36,Kings,047,,0510,,STCTY-36047 TRACT-    0510     IN NEW YORK NY,195,80,175,140,170,260,295,220,185,110,370,185,250,275
G36004700511,1950,New York,36,Kings,047,,0511,,STCTY-36047 TRACT-    0511     IN NEW YORK NY,210,135,125,145,250,195,210,95,65,65,125,55,30,15
G36004700512,1950,New York,36,Kings,047,,0512,,STCTY-36047 TRACT-    0512     IN NEW YORK NY,120,25,80,65,80,90,145,110,175,105,210,145,260,335
G36004700513,1950,New York,36,Kings,047,,0513,,STCTY-36047 TRACT-    0513     IN NEW YORK NY,160,85,125,90,200,185,260,165,140,80,150,20,75,45
G36004700514,1950,New York,36,Kings,047,,0514,,STCTY-36047 TRACT-    0514     IN NEW YORK NY,145,60,90,80,120,125,165,125,170,85,190,125,170,170
G36004700515,1950,New York,36,Kings,047,,0515,,STCTY-36047 TRACT-    0515     IN NEW YORK NY,90,30,45,40,50,130,65,30,40,10,20,5,5,5
G36004700516,1950,New York,36,Kings,047,,0516,,STCTY-36047 TRACT-    0516     IN NEW YORK NY,210,85,125,105,155,245,230,185,250,195,230,180,185,130
G36004700517,1950,New York,36,Kings,047,,0517,,STCTY-36047 TRACT-    0517     IN NEW YORK NY,70,20,40,55,70,75,95,75,45,25,70,5,5,5
G36004700518,1950,New York,36,Kings,047,,0518,,STCTY-36047 TRACT-    0518     IN NEW YORK NY,70,45,55,55,115,35,45,50,70,20,125,50,90,130
G36004700519,1950,New York,36,Kings,047,,0519,,STCTY-36047 TRACT-    0519     IN NEW YORK NY,70,25,80,40,75,100,135,50,60,20,35,5,5,0
G36004700520,1950,New York,36,Kings,047,,0520,,STCTY-36047 TRACT-    0520     IN NEW YORK NY,65,30,45,25,120,70,140,140,140,60,170,65,90,65
G36004700521,1950,New York,36,Kings,047,,0521,,STCTY-36047 TRACT-    0521     IN NEW YORK NY,150,20,25,85,115,80,110,70,50,50,40,30,35,0
G36004700522,1950,New York,36,Kings,047,,0522,,STCTY-36047 TRACT-    0522     IN NEW YORK NY,30,25,15,35,15,25,30,20,10,15,20,30,35,80
G36004700523,1950,New York,36,Kings,047,,0523,,STCTY-36047 TRACT-    0523     IN NEW YORK NY,335,170,255,285,455,350,440,260,220,130,250,105,75,15
G36004700524,1950,New York,36,Kings,047,,0524,,STCTY-36047 TRACT-    0524     IN NEW YORK NY,75,25,60,40,55,35,55,75,50,40,65,10,40,90
G36004700525,1950,New York,36,Kings,047,,0525,,STCTY-36047 TRACT-    0525     IN NEW YORK NY,260,115,100,200,180,205,150,70,65,50,80,35,50,5
G36004700526,1950,New York,36,Kings,047,,0526,,STCTY-36047 TRACT-    0526     IN NEW YORK NY,60,25,30,70,115,135,125,110,140,55,170,140,135,85
G36004700527,1950,New York,36,Kings,047,,0527,,STCTY-36047 TRACT-    0527     IN NEW YORK NY,465,160,175,280,320,440,445,220,275,130,225,70,75,35
G36004700528,1950,New York,36,Kings,047,,0528,,STCTY-36047 TRACT-    0528     IN NEW YORK NY,65,15,35,35,25,55,40,45,20,30,100,20,50,90
G36004700529,1950,New York,36,Kings,047,,0529,,STCTY-36047 TRACT-    0529     IN NEW YORK NY,270,90,90,135,185,180,170,155,105,40,130,45,40,35
G36004700530,1950,New York,36,Kings,047,,0530,,STCTY-36047 TRACT-    0530     IN NEW YORK NY,95,25,65,115,105,135,100,105,80,75,155,60,65,65
G36004700531,1950,New York,36,Kings,047,,0531,,STCTY-36047 TRACT-    0531     IN NEW YORK NY,145,45,60,100,120,85,115,70,40,35,65,35,10,0
G36004700532,1950,New York,36,Kings,047,,0532,,STCTY-36047 TRACT-    0532     IN NEW YORK NY,120,30,35,20,65,50,60,40,55,35,85,50,110,125
G36004700533,1950,New York,36,Kings,047,,0533,,STCTY-36047 TRACT-    0533     IN NEW YORK NY,305,90,60,120,125,200,245,150,170,105,140,80,135,50
G36004700534,1950,New York,36,Kings,047,,0534,,STCTY-36047 TRACT-    0534     IN NEW YORK NY,135,30,60,45,100,140,135,135,95,55,205,85,85,115
G36004700535,1950,New York,36,Kings,047,,0535,,STCTY-36047 TRACT-    0535     IN NEW YORK NY,345,105,125,115,175,280,200,205,205,65,145,75,90,55
G36004700536,1950,New York,36,Kings,047,,0536,,STCTY-36047 TRACT-    0536     IN NEW YORK NY,35,10,5,10,5,10,10,30,15,35,35,30,35,55
G36004700537,1950,New York,36,Kings,047,,0537,,STCTY-36047 TRACT-    0537     IN NEW YORK NY,90,90,60,125,110,115,60,70,50,30,55,30,25,20
G36004700538,1950,New York,36,Kings,047,,0538,,STCTY-36047 TRACT-    0538     IN NEW YORK NY,120,50,35,90,105,90,140,140,130,90,290,150,160,170
G36004700539,1950,New York,36,Kings,047,,0539,,STCTY-36047 TRACT-    0539     IN NEW YORK NY,175,40,80,80,95,90,145,60,90,70,90,20,35,0
G36004700540,1950,New York,36,Kings,047,,0540,,STCTY-36047 TRACT-    0540     IN NEW YORK NY,65,40,35,20,35,55,85,95,55,75,205,90,130,75
G36004700541,1950,New York,36,Kings,047,,0541,,STCTY-36047 TRACT-    0541     IN NEW YORK NY,5,0,0,5,10,0,0,25,0,5,20,20,10,5
G36004700542,1950,New York,36,Kings,047,,0542,,STCTY-36047 TRACT-    0542     IN NEW YORK NY,125,25,25,25,80,90,105,85,65,80,145,85,155,90
G36004700543,1950,New York,36,Kings,047,,0543,,STCTY-36047 TRACT-    0543     IN NEW YORK NY,5,30,90,25,15,0,0,0,0,5,0,10,15,0
G36004700544,1950,New York,36,Kings,047,,0544,,STCTY-36047 TRACT-    0544     IN NEW YORK NY,30,35,25,45,55,65,110,65,110,40,150,60,160,75
G36004700545,1950,New York,36,Kings,047,,0545,,STCTY-36047 TRACT-    0545     IN NEW YORK NY,230,65,55,70,125,80,105,60,55,20,45,30,45,0
G36004700546,1950,New York,36,Kings,047,,0546,,STCTY-36047 TRACT-    0546     IN NEW YORK NY,130,35,55,35,75,115,110,150,195,80,260,120,185,130
G36004700547,1950,New York,36,Kings,047,,0547,,STCTY-36047 TRACT-    0547     IN NEW YORK NY,200,85,145,80,130,155,180,120,90,60,125,55,55,10
G36004700548,1950,New York,36,Kings,047,,0548,,STCTY-36047 TRACT-    0548     IN NEW YORK NY,50,30,20,15,15,60,70,30,40,35,100,45,80,115
G36004700549,1950,New York,36,Kings,047,,0549,,STCTY-36047 TRACT-    0549     IN NEW YORK NY,60,25,50,30,60,60,60,15,20,25,50,20,10,5
G36004700550,1950,New York,36,Kings,047,,0550,,STCTY-36047 TRACT-    0550     IN NEW YORK NY,80,40,15,35,55,90,120,130,85,65,145,85,180,95
G36004700551,1950,New York,36,Kings,047,,0551,,STCTY-36047 TRACT-    0551     IN NEW YORK NY,300,100,120,135,240,285,285,150,200,90,155,80,65,20
G36004700552,1950,New York,36,Kings,047,,0552,,STCTY-36047 TRACT-    0552     IN NEW YORK NY,155,10,25,45,60,75,200,100,130,70,165,100,80,15
G36004700553,1950,New York,36,Kings,047,,0553,,STCTY-36047 TRACT-    0553     IN NEW YORK NY,125,115,115,120,160,160,115,70,70,60,95,30,35,10
G36004700554,1950,New York,36,Kings,047,,0554,,STCTY-36047 TRACT-    0554     IN NEW YORK NY,145,35,45,75,60,100,190,110,155,75,150,125,85,75
G36004700555,1950,New York,36,Kings,047,,0555,,STCTY-36047 TRACT-    0555     IN NEW YORK NY,45,25,30,35,45,40,45,30,85,15,30,25,25,5
G36004700556,1950,New York,36,Kings,047,,0556,,STCTY-36047 TRACT-    0556     IN NEW YORK NY,30,35,50,30,60,50,70,85,60,40,125,65,70,70
G36004700557,1950,New York,36,Kings,047,,0557,,STCTY-36047 TRACT-    0557     IN NEW YORK NY,50,25,35,40,40,80,100,30,35,50,40,20,5,0
G36004700558,1950,New York,36,Kings,047,,0558,,STCTY-36047 TRACT-    0558     IN NEW YORK NY,50,20,10,40,40,45,65,85,55,50,85,75,50,25
G36004700559,1950,New York,36,Kings,047,,0559,,STCTY-36047 TRACT-    0559     IN NEW YORK NY,5,5,10,0,5,10,45,0,15,0,10,0,20,0
G36004700560,1950,New York,36,Kings,047,,0560,,STCTY-36047 TRACT-    0560     IN NEW YORK NY,75,30,30,20,60,60,120,125,155,70,190,80,130,80
G36004700561,1950,New York,36,Kings,047,,0561,,STCTY-36047 TRACT-    0561     IN NEW YORK NY,0,10,0,5,15,15,15,0,0,0,0,5,0,0
G36004700562,1950,New York,36,Kings,047,,0562,,STCTY-36047 TRACT-    0562     IN NEW YORK NY,35,0,10,10,5,15,10,25,35,10,95,45,80,65
G36004700563,1950,New York,36,Kings,047,,0563,,STCTY-36047 TRACT-    0563     IN NEW YORK NY,220,65,45,70,140,105,205,115,135,75,130,30,80,20
G36004700564,1950,New York,36,Kings,047,,0564,,STCTY-36047 TRACT-    0564     IN NEW YORK NY,15,5,5,35,20,20,60,55,55,35,90,40,85,35
G36004700565,1950,New York,36,Kings,047,,0565,,STCTY-36047 TRACT-    0565     IN NEW YORK NY,105,75,40,90,120,150,290,125,105,85,125,75,85,35
G36004700566,1950,New York,36,Kings,047,,0566,,STCTY-36047 TRACT-    0566     IN NEW YORK NY,20,0,20,0,15,15,30,25,55,20,85,40,80,15
G36004700567,1950,New York,36,Kings,047,,0567,,STCTY-36047 TRACT-    0567     IN NEW YORK NY,225,45,45,80,195,110,225,130,150,100,75,65,70,15
G36004700568,1950,New York,36,Kings,047,,0568,,STCTY-36047 TRACT-    0568     IN NEW YORK NY,15,5,10,15,15,25,55,30,60,60,90,50,65,25
G36004700569,1950,New York,36,Kings,047,,0569,,STCTY-36047 TRACT-    0569     IN NEW YORK NY,160,15,20,25,120,115,115,40,80,25,40,20,45,5
G36004700570,1950,New York,36,Kings,047,,0570,,STCTY-36047 TRACT-    0570     IN NEW YORK NY,0,0,0,0,0,5,0,5,0,0,0,5,0,0
G36004700571,1950,New York,36,Kings,047,,0571,,STCTY-36047 TRACT-    0571     IN NEW YORK NY,190,120,170,135,195,180,335,170,180,145,185,75,75,25
G36004700572,1950,New York,36,Kings,047,,0572,,STCTY-36047 TRACT-    0572     IN NEW YORK NY,20,5,0,10,20,70,215,260,95,80,60,30,35,5
G36004700573,1950,New York,36,Kings,047,,0573,,STCTY-36047 TRACT-    0573     IN NEW YORK NY,125,30,45,120,85,95,205,85,50,60,60,30,35,20
G36004700574,1950,New York,36,Kings,047,,0574,,STCTY-36047 TRACT-    0574     IN NEW YORK NY,45,20,40,25,45,90,65,65,75,60,75,55,70,85
G36004700575,1950,New York,36,Kings,047,,0575,,STCTY-36047 TRACT-    0575     IN NEW YORK NY,225,60,120,165,270,265,295,190,135,120,200,80,75,10
G36004700576,1950,New York,36,Kings,047,,0576,,STCTY-36047 TRACT-    0576     IN NEW YORK NY,80,15,45,40,45,55,55,65,35,40,105,55,80,75
G36004700577,1950,New York,36,Kings,047,,0577,,STCTY-36047 TRACT-    0577     IN NEW YORK NY,65,20,15,25,15,25,25,25,5,0,0,0,5,0
G36004700578,1950,New York,36,Kings,047,,0578,,STCTY-36047 TRACT-    0578     IN NEW YORK NY,40,25,40,50,60,70,80,70,60,40,115,90,115,25
G36004700579,1950,New York,36,Kings,047,,0579,,STCTY-36047 TRACT-    0579     IN NEW YORK NY,80,35,45,20,35,40,65,15,15,0,25,25,5,0
G36004700580,1950,New York,36,Kings,047,,0580,,STCTY-36047 TRACT-    0580     IN NEW YORK NY,55,25,35,40,85,50,105,80,70,55,100,100,105,35
G36004700581,1950,New York,36,Kings,047,,0581,,STCTY-36047 TRACT-    0581     IN NEW YORK NY,20,15,10,20,35,40,30,35,35,15,15,0,30,0
G36004700582,1950,New York,36,Kings,047,,0582,,STCTY-36047 TRACT-    0582     IN NEW YORK NY,90,20,50,80,80,70,130,95,85,65,90,65,50,15
G36004700583,1950,New York,36,Kings,047,,0583,,STCTY-36047 TRACT-    0583     IN NEW YORK NY,0,0,0,0,0,0,0,0,0,0,0,0,0,0
G36004700584,1950,New York,36,Kings,047,,0584,,STCTY-36047 TRACT-    0584     IN NEW YORK NY,75,5,10,20,70,40,70,30,40,15,35,35,45,5
G36004700585,1950,New York,36,Kings,047,,0585,,STCTY-36047 TRACT-    0585     IN NEW YORK NY,0,0,0,0,0,0,0,0,0,0,0,0,0,0
G36004700586,1950,New York,36,Kings,047,,0586,,STCTY-36047 TRACT-    0586     IN NEW YORK NY,30,15,35,30,65,35,40,50,35,20,80,35,60,30
G36004700587,1950,New York,36,Kings,047,,0587,,STCTY-36047 TRACT-    0587     IN NEW YORK NY,0,0,0,0,0,0,0,0,0,0,0,0,0,0
G36004700588,1950,New York,36,Kings,047,,0588,,STCTY-36047 TRACT-    0588     IN NEW YORK NY,15,5,10,10,25,35,55,45,35,15,10,15,20,0
G36004700589,1950,New York,36,Kings,047,,0589,,STCTY-36047 TRACT-    0589     IN NEW YORK NY,40,35,20,45,65,95,80,40,95,15,90,35,45,5
G36004700590,1950,New York,36,Kings,047,,0590,,STCTY-36047 TRACT-    0590     IN NEW YORK NY,75,20,25,35,25,30,65,50,40,15,40,15,20,10
G36004700591,1950,New York,36,Kings,047,,0591,,STCTY-36047 TRACT-    0591     IN NEW YORK NY,125,80,65,75,100,255,255,205,200,95,150,55,110,15
G36004700592,1950,New York,36,Kings,047,,0592,,STCTY-36047 TRACT-    0592     IN NEW YORK NY,70,15,55,30,85,75,145,140,125,95,120,90,120,40
G36004700593,1950,New York,36,Kings,047,,0593,,STCTY-36047 TRACT-    0593     IN NEW YORK NY,50,40,20,40,80,110,170,115,60,100,90,45,30,5
G36004700594,1950,New York,36,Kings,047,,0594,,STCTY-36047 TRACT-    0594     IN NEW YORK NY,240,80,80,115,150,185,375,330,345,215,535,300,315,230
G36004700595,1950,New York,36,Kings,047,,0595,,STCTY-36047 TRACT-    0595     IN NEW YORK NY,0,0,0,0,0,0,0,0,0,0,0,0,0,0
G36004700596,1950,New York,36,Kings,047,,0596,,STCTY-36047 TRACT-    0596     IN NEW YORK NY,25,5,5,10,20,20,20,30,5,10,30,25,15,5
G36004700598,1950,New York,36,Kings,047,,0598,,STCTY-36047 TRACT-    0598     IN NEW YORK NY,10,10,10,10,15,30,25,20,20,0,10,15,15,0
G36004700600,1950,New York,36,Kings,047,,0600,,STCTY-36047 TRACT-    0600     IN NEW YORK NY,20,10,20,10,20,50,70,25,40,40,30,10,25,15
G36004700602,1950,New York,36,Kings,047,,0602,,STCTY-36047 TRACT-    0602     IN NEW YORK NY,55,25,45,40,35,50,80,35,25,80,45,15,50,20
G36004700604,1950,New York,36,Kings,047,,0604,,STCTY-36047 TRACT-    0604     IN NEW YORK NY,105,80,35,55,35,60,50,45,40,20,10,20,35,15
G36004700606,1950,New York,36,Kings,047,,0606,,STCTY-36047 TRACT-    0606     IN NEW YORK NY,75,30,35,30,55,60,55,40,45,20,75,40,30,10
G36004700608,1950,New York,36,Kings,047,,0608,,STCTY-36047 TRACT-    0608     IN NEW YORK NY,35,10,20,15,45,30,25,30,20,10,20,10,10,10
G360047006100,1950,New York,36,Kings,047,,0610,0,STCTY-36047 TRACT-    0610.0   IN NEW YORK NY,445,95,190,185,265,270,420,290,325,145,405,195,145,95
G360047006101,1950,New York,36,Kings,047,,0610,1,STCTY-36047 TRACT-    0610.1   IN NEW YORK NY,70,10,15,35,25,35,30,30,35,30,60,45,55,50
G36004700612,1950,New York,36,Kings,047,,0612,,STCTY-36047 TRACT-    0612     IN NEW YORK NY,65,20,10,30,15,10,30,20,15,15,15,45,65,130
G36004700614,1950,New York,36,Kings,047,,0614,,STCTY-36047 TRACT-    0614     IN NEW YORK NY,45,5,15,10,15,20,25,30,20,15,40,30,60,110
G36004700616,1950,New York,36,Kings,047,,0616,,STCTY-36047 TRACT-    0616     IN NEW YORK NY,95,20,55,115,130,105,320,200,220,85,270,70,165,100
G36004700618,1950,New York,36,Kings,047,,0618,,STCTY-36047 TRACT-    0618     IN NEW YORK NY,35,15,10,30,5,10,5,5,0,5,25,10,15,105
G360047006220,1950,New York,36,Kings,047,,0622,0,STCTY-36047 TRACT-    0622.0   IN NEW YORK NY,20,5,0,20,15,5,45,15,15,5,10,15,0,0
G360047006221,1950,New York,36,Kings,047,,0622,1,STCTY-36047 TRACT-    0622.1   IN NEW YORK NY,5,10,5,20,15,10,25,15,5,0,15,0,5,0
G36004700624,1950,New York,36,Kings,047,,0624,,STCTY-36047 TRACT-    0624     IN NEW YORK NY,15,0,0,10,5,5,5,5,0,10,0,5,0,0
G36004700626,1950,New York,36,Kings,047,,0626,,STCTY-36047 TRACT-    0626     IN NEW YORK NY,10,0,0,0,0,5,5,15,0,5,5,10,0,0
G36004700628,1950,New York,36,Kings,047,,0628,,STCTY-36047 TRACT-    0628     IN NEW YORK NY,155,50,70,65,125,155,215,185,185,110,90,45,105,5
G36004700632,1950,New York,36,Kings,047,,0632,,STCTY-36047 TRACT-    0632     IN NEW YORK NY,15,0,5,0,15,10,0,15,5,5,0,0,0,0
G36004700634,1950,New York,36,Kings,047,,0634,,STCTY-36047 TRACT-    0634     IN NEW YORK NY,0,0,0,0,0,0,0,0,0,0,0,0,0,0
G36004700636,1950,New York,36,Kings,047,,0636,,STCTY-36047 TRACT-    0636     IN NEW YORK NY,40,0,15,10,15,25,40,30,80,30,60,30,65,25
G36004700638,1950,New York,36,Kings,047,,0638,,STCTY-36047 TRACT-    0638     IN NEW YORK NY,35,5,10,5,20,15,50,50,60,40,75,40,90,25
G36004700640,1950,New York,36,Kings,047,,0640,,STCTY-36047 TRACT-    0640     IN NEW YORK NY,20,0,5,20,20,15,65,35,60,15,60,30,55,30
G36004700642,1950,New York,36,Kings,047,,0642,,STCTY-36047 TRACT-    0642     IN NEW YORK NY,55,15,35,30,45,35,65,50,60,35,105,40,55,145
G36004700644,1950,New York,36,Kings,047,,0644,,STCTY-36047 TRACT-    0644     IN NEW YORK NY,65,5,35,15,45,40,55,70,50,50,90,80,65,30
G36004700646,1950,New York,36,Kings,047,,0646,,STCTY-36047 TRACT-    0646     IN NEW YORK NY,35,25,25,15,10,50,80,75,75,50,110,40,75,30
G36004700648,1950,New York,36,Kings,047,,0648,,STCTY-36047 TRACT-    0648     IN NEW YORK NY,20,20,20,15,30,50,55,65,70,90,105,50,90,20
G36004700650,1950,New York,36,Kings,047,,0650,,STCTY-36047 TRACT-    0650     IN NEW YORK NY,75,35,30,15,35,25,60,50,50,25,30,20,25,15
G36004700652,1950,New York,36,Kings,047,,0652,,STCTY-36047 TRACT-    0652     IN NEW YORK NY,5,20,25,15,10,10,30,35,50,0,45,20,25,10
G36004700654,1950,New York,36,Kings,047,,0654,,STCTY-36047 TRACT-    0654     IN NEW YORK NY,35,20,5,20,40,30,70,50,65,10,55,25,50,25
G36004700656,1950,New York,36,Kings,047,,0656,,STCTY-36047 TRACT-    0656     IN NEW YORK NY,45,10,0,20,5,50,75,85,75,50,55,25,65,15
G36004700658,1950,New York,36,Kings,047,,0658,,STCTY-36047 TRACT-    0658     IN NEW YORK NY,20,0,15,30,45,45,55,25,65,60,110,50,75,40
G36004700660,1950,New York,36,Kings,047,,0660,,STCTY-36047 TRACT-    0660     IN NEW YORK NY,30,5,15,30,10,45,55,40,75,25,25,40,100,45
G36004700662,1950,New York,36,Kings,047,,0662,,STCTY-36047 TRACT-    0662     IN NEW YORK NY,30,10,10,5,20,20,50,15,25,25,40,20,40,10
G36004700664,1950,New York,36,Kings,047,,0664,,STCTY-36047 TRACT-    0664     IN NEW YORK NY,0,0,0,0,0,0,0,0,0,0,0,0,0,0
G36004700666,1950,New York,36,Kings,047,,0666,,STCTY-36047 TRACT-    0666     IN NEW YORK NY,25,25,10,60,50,120,185,185,95,55,65,25,5,5
G36004700670,1950,New York,36,Kings,047,,0670,,STCTY-36047 TRACT-    0670     IN NEW YORK NY,5,5,0,0,5,0,0,5,0,5,5,0,0,5
G36004700672,1950,New York,36,Kings,047,,0672,,STCTY-36047 TRACT-    0672     IN NEW YORK NY,15,10,15,15,10,40,70,45,20,25,75,25,20,10
G36004700674,1950,New York,36,Kings,047,,0674,,STCTY-36047 TRACT-    0674     IN NEW YORK NY,25,20,25,15,25,65,80,75,65,35,120,50,55,25
G36004700676,1950,New York,36,Kings,047,,0676,,STCTY-36047 TRACT-    0676     IN NEW YORK NY,30,5,5,5,20,30,55,50,60,25,60,10,20,20
G36004700678,1950,New York,36,Kings,047,,0678,,STCTY-36047 TRACT-    0678     IN NEW YORK NY,5,0,0,0,15,5,15,10,15,20,10,5,15,10
G36004700680,1950,New York,36,Kings,047,,0680,,STCTY-36047 TRACT-    0680     IN NEW YORK NY,15,20,35,20,40,85,50,75,45,65,60,10,30,15
G36004700682,1950,New York,36,Kings,047,,0682,,STCTY-36047 TRACT-    0682     IN NEW YORK NY,25,15,10,25,45,25,75,65,50,35,60,30,20,10
G36004700686,1950,New York,36,Kings,047,,0686,,STCTY-36047 TRACT-    0686     IN NEW YORK NY,10,0,5,0,0,5,0,5,5,0,5,0,10,0
G36004700688,1950,New York,36,Kings,047,,0688,,STCTY-36047 TRACT-    0688     IN NEW YORK NY,15,5,5,0,10,25,65,15,30,10,50,10,20,10
G36004700690,1950,New York,36,Kings,047,,0690,,STCTY-36047 TRACT-    0690     IN NEW YORK NY,30,30,35,25,45,20,70,35,55,15,45,50,35,20
G36004700692,1950,New York,36,Kings,047,,0692,,STCTY-36047 TRACT-    0692     IN NEW YORK NY,10,5,0,0,10,15,25,60,20,25,35,15,25,5
G36004700694,1950,New York,36,Kings,047,,0694,,STCTY-36047 TRACT-    0694     IN NEW YORK NY,0,0,0,0,0,5,5,10,0,0,0,5,0,0
G36004700696,1950,New York,36,Kings,047,,0696,,STCTY-36047 TRACT-    0696     IN NEW YORK NY,10,10,0,15,10,20,15,30,25,15,30,15,60,0
G36004700698,1950,New York,36,Kings,047,,0698,,STCTY-36047 TRACT-    0698     IN NEW YORK NY,15,5,15,10,25,5,20,15,35,15,25,20,30,10
G36004700700,1950,New York,36,Kings,047,,0700,,STCTY-36047 TRACT-    0700     IN NEW YORK NY,0,0,5,0,0,0,5,0,5,0,0,0,0,0
G36004700702,1950,New York,36,Kings,047,,0702,,STCTY-36047 TRACT-    0702     IN NEW YORK NY,40,5,45,30,45,40,75,70,30,25,20,10,0,0
G36004700706,1950,New York,36,Kings,047,,0706,,STCTY-36047 TRACT-    0706     IN NEW YORK NY,5,5,0,5,5,20,0,5,20,15,15,0,5,0
G360047007100,1950,New York,36,Kings,047,,0710,0,STCTY-36047 TRACT-    0710.0   IN NEW YORK NY,0,0,5,0,0,0,5,0,0,0,5,0,0,0
G360047007101,1950,New York,36,Kings,047,,0710,1,STCTY-36047 TRACT-    0710.1   IN NEW YORK NY,0,0,0,0,0,0,0,0,0,0,0,0,0,0
G36004700712,1950,New York,36,Kings,047,,0712,,STCTY-36047 TRACT-    0712     IN NEW YORK NY,10,0,0,5,5,25,15,25,20,5,25,10,0,0
G36004700714,1950,New York,36,Kings,047,,0714,,STCTY-36047 TRACT-    0714     IN NEW YORK NY,0,0,0,0,0,0,0,0,0,0,0,0,0,0
G36004700716,1950,New York,36,Kings,047,,0716,,STCTY-36047 TRACT-    0716     IN NEW YORK NY,0,0,0,0,0,0,0,0,0,0,0,0,0,0
G36004700718,1950,New York,36,Kings,047,,0718,,STCTY-36047 TRACT-    0718     IN NEW YORK NY,0,0,0,0,0,0,0,0,0,0,0,0,0,0
G36004700720,1950,New York,36,Kings,047,,0720,,STCTY-36047 TRACT-    0720     IN NEW YORK NY,0,0,0,0,0,0,0,0,0,0,0,0,0,0
G36004700722,1950,New York,36,Kings,047,,0722,,STCTY-36047 TRACT-    0722     IN NEW YORK NY,15,5,5,10,10,15,30,10,20,30,25,35,20,10
G36004700724,1950,New York,36,Kings,047,,0724,,STCTY-36047 TRACT-    0724     IN NEW YORK NY,0,10,5,5,5,20,20,35,40,15,65,35,40,0
G36004700726,1950,New York,36,Kings,047,,0726,,STCTY-36047 TRACT-    0726     IN NEW YORK NY,35,5,10,10,15,55,35,20,35,30,70,55,65,35
G36004700728,1950,New York,36,Kings,047,,0728,,STCTY-36047 TRACT-    0728     IN NEW YORK NY,5,0,0,5,25,25,45,30,30,40,75,65,65,65
G36004700730,1950,New York,36,Kings,047,,0730,,STCTY-36047 TRACT-    0730     IN NEW YORK NY,10,15,30,10,50,50,45,45,75,50,75,110,135,125
G36004700732,1950,New York,36,Kings,047,,0732,,STCTY-36047 TRACT-    0732     IN NEW YORK NY,45,15,10,25,5,50,60,60,50,40,45,40,55,35
G36004700734,1950,New York,36,Kings,047,,0734,,STCTY-36047 TRACT-    0734     IN NEW YORK NY,60,20,15,5,10,10,65,35,30,20,65,20,55,35
G36004700736,1950,New York,36,Kings,047,,0736,,STCTY-36047 TRACT-    0736     IN NEW YORK NY,20,30,15,20,20,60,40,35,70,45,80,30,60,25
G36004700738,1950,New York,36,Kings,047,,0738,,STCTY-36047 TRACT-    0738     IN NEW YORK NY,55,45,30,40,50,70,85,100,135,45,145,110,100,55
G36004700740,1950,New York,36,Kings,047,,0740,,STCTY-36047 TRACT-    0740     IN NEW YORK NY,85,15,20,20,25,90,80,60,100,35,90,80,80,45
G36004700742,1950,New York,36,Kings,047,,0742,,STCTY-36047 TRACT-    0742     IN NEW YORK NY,140,15,10,20,5,40,60,65,60,10,95,60,65,40
G36004700744,1950,New York,36,Kings,047,,0744,,STCTY-36047 TRACT-    0744     IN NEW YORK NY,30,15,5,5,35,45,40,55,35,70,55,50,100,15
G36004700746,1950,New York,36,Kings,047,,0746,,STCTY-36047 TRACT-    0746     IN NEW YORK NY,30,0,20,10,45,40,45,55,65,20,75,40,160,55
G36004700748,1950,New York,36,Kings,047,,0748,,STCTY-36047 TRACT-    0748     IN NEW YORK NY,35,25,5,5,5,10,45,5,40,10,50,40,105,65
G36004700750,1950,New York,36,Kings,047,,0750,,STCTY-36047 TRACT-    0750     IN NEW YORK NY,60,15,20,30,30,35,40,45,30,40,125,70,80,95
G36004700752,1950,New York,36,Kings,047,,0752,,STCTY-36047 TRACT-    0752     IN NEW YORK NY,25,40,10,15,35,5,10,0,15,5,60,20,90,135
G36004700754,1950,New York,36,Kings,047,,0754,,STCTY-36047 TRACT-    0754     IN NEW YORK NY,40,5,35,20,20,10,5,5,20,15,30,30,65,125
G36004700756,1950,New York,36,Kings,047,,0756,,STCTY-36047 TRACT-    0756     IN NEW YORK NY,40,25,5,25,20,10,45,15,35,30,70,35,85,60
G36004700758,1950,New York,36,Kings,047,,0758,,STCTY-36047 TRACT-    0758     IN NEW YORK NY,50,20,15,5,20,5,25,5,20,20,85,35,40,115
G36004700760,1950,New York,36,Kings,047,,0760,,STCTY-36047 TRACT-    0760     IN NEW YORK NY,80,30,45,45,70,60,75,45,75,55,125,60,105,165
G36004700762,1950,New York,36,Kings,047,,0762,,STCTY-36047 TRACT-    0762     IN NEW YORK NY,75,20,50,110,90,90,115,110,115,90,205,60,95,155
G36004700764,1950,New York,36,Kings,047,,0764,,STCTY-36047 TRACT-    0764     IN NEW YORK NY,80,20,30,15,55,60,80,100,75,65,150,90,65,90
G36004700766,1950,New York,36,Kings,047,,0766,,STCTY-36047 TRACT-    0766     IN NEW YORK NY,65,10,40,10,20,30,75,45,25,30,65,45,90,70
G36004700768,1950,New York,36,Kings,047,,0768,,STCTY-36047 TRACT-    0768     IN NEW YORK NY,10,0,15,25,5,5,30,5,45,20,45,20,45,40
G36004700770,1950,New York,36,Kings,047,,0770,,STCTY-36047 TRACT-    0770     IN NEW YORK NY,110,15,25,55,50,30,85,85,40,65,75,90,90,65
G36004700772,1950,New York,36,Kings,047,,0772,,STCTY-36047 TRACT-    0772     IN NEW YORK NY,70,20,15,25,45,60,45,75,50,30,125,70,85,60
G36004700774,1950,New York,36,Kings,047,,0774,,STCTY-36047 TRACT-    0774     IN NEW YORK NY,80,25,5,30,35,30,65,35,130,35,175,95,70,50
G36004700776,1950,New York,36,Kings,047,,0776,,STCTY-36047 TRACT-    0776     IN NEW YORK NY,30,0,10,20,60,25,85,45,55,50,70,40,40,45
G36004700778,1950,New York,36,Kings,047,,0778,,STCTY-36047 TRACT-    0778     IN NEW YORK NY,0,0,0,5,5,5,5,25,0,10,35,10,15,0
G36004700780,1950,New York,36,Kings,047,,0780,,STCTY-36047 TRACT-    0780     IN NEW YORK NY,40,10,10,20,35,25,55,55,35,40,130,25,60,40
G36004700782,1950,New York,36,Kings,047,,0782,,STCTY-36047 TRACT-    0782     IN NEW YORK NY,20,5,5,15,25,20,65,35,60,25,65,25,55,25
G36004700784,1950,New York,36,Kings,047,,0784,,STCTY-36047 TRACT-    0784     IN NEW YORK NY,55,20,30,30,10,45,75,35,45,15,75,25,50,40
G36004700786,1950,New York,36,Kings,047,,0786,,STCTY-36047 TRACT-    0786     IN NEW YORK NY,125,35,25,65,45,95,140,80,125,40,65,25,55,30
G36004700788,1950,New York,36,Kings,047,,0788,,STCTY-36047 TRACT-    0788     IN NEW YORK NY,50,50,45,50,40,90,85,65,70,60,65,45,65,25
G36004700790,1950,New York,36,Kings,047,,0790,,STCTY-36047 TRACT-    0790     IN NEW YORK NY,115,25,50,55,135,175,215,150,145,70,225,115,120,50
G36004700792,1950,New York,36,Kings,047,,0792,,STCTY-36047 TRACT-    0792     IN NEW YORK NY,185,30,95,50,145,125,175,95,170,55,145,45,95,35
G36004700794,1950,New York,36,Kings,047,,0794,,STCTY-36047 TRACT-    0794     IN NEW YORK NY,75,45,40,45,70,85,60,55,65,25,35,30,25,25
G36004700796,1950,New York,36,Kings,047,,0796,,STCTY-36047 TRACT-    0796     IN NEW YORK NY,400,80,115,165,200,220,325,290,245,200,425,210,350,280
G36004700798,1950,New York,36,Kings,047,,0798,,STCTY-36047 TRACT-    0798     IN NEW YORK NY,355,35,120,105,225,270,315,215,290,125,360,210,345,200
G36004700800,1950,New York,36,Kings,047,,0800,,STCTY-36047 TRACT-    0800     IN NEW YORK NY,120,70,50,85,85,135,125,150,120,40,130,65,120,120
G36004700802,1950,New York,36,Kings,047,,0802,,STCTY-36047 TRACT-    0802     IN NEW YORK NY,180,40,25,60,135,65,125,85,70,85,180,100,120,105
G36004700804,1950,New York,36,Kings,047,,0804,,STCTY-36047 TRACT-    0804     IN NEW YORK NY,95,55,55,45,140,75,150,135,45,35,165,55,60,30
G36004700806,1950,New York,36,Kings,047,,0806,,STCTY-36047 TRACT-    0806     IN NEW YORK NY,60,15,55,40,65,60,120,50,105,35,70,50,65,40
G36004700810,1950,New York,36,Kings,047,,0810,,STCTY-36047 TRACT-    0810     IN NEW YORK NY,50,10,25,25,60,80,125,40,45,50,65,20,30,20
G36004700812,1950,New York,36,Kings,047,,0812,,STCTY-36047 TRACT-    0812     IN NEW YORK NY,375,30,30,20,25,10,5,0,0,0,0,5,0,0
G36004700814,1950,New York,36,Kings,047,,0814,,STCTY-36047 TRACT-    0814     IN NEW YORK NY,35,45,45,40,45,45,90,65,55,70,130,75,90,60
G36004700816,1950,New York,36,Kings,047,,0816,,STCTY-36047 TRACT-    0816     IN NEW YORK NY,60,30,40,35,65,80,105,80,80,70,95,95,105,50
G36004700818,1950,New York,36,Kings,047,,0818,,STCTY-36047 TRACT-    0818     IN NEW YORK NY,155,45,35,50,105,95,160,100,145,65,150,95,125,105
G36004700820,1950,New York,36,Kings,047,,0820,,STCTY-36047 TRACT-    0820     IN NEW YORK NY,120,65,45,85,80,150,150,140,175,115,180,70,100,55
G36004700822,1950,New York,36,Kings,047,,0822,,STCTY-36047 TRACT-    0822     IN NEW YORK NY,135,70,65,100,220,190,220,275,205,145,365,215,260,110
G36004700824,1950,New York,36,Kings,047,,0824,,STCTY-36047 TRACT-    0824     IN NEW YORK NY,150,40,45,60,120,165,205,125,55,85,185,50,70,20
G36004700826,1950,New York,36,Kings,047,,0826,,STCTY-36047 TRACT-    0826     IN NEW YORK NY,100,40,40,115,120,225,215,160,155,130,180,85,145,30
G36004700828,1950,New York,36,Kings,047,,0828,,STCTY-36047 TRACT-    0828     IN NEW YORK NY,145,65,60,100,80,160,195,125,125,75,135,40,55,15
G36004700830,1950,New York,36,Kings,047,,0830,,STCTY-36047 TRACT-    0830     IN NEW YORK NY,75,25,50,75,115,100,235,185,170,90,300,205,195,60
G36004700832,1950,New York,36,Kings,047,,0832,,STCTY-36047 TRACT-    0832     IN NEW YORK NY,60,10,20,15,35,30,60,40,60,45,85,25,70,20
G36004700834,1950,New York,36,Kings,047,,0834,,STCTY-36047 TRACT-    0834     IN NEW YORK NY,20,25,10,0,10,15,50,25,55,45,90,40,65,15
G36004700836,1950,New York,36,Kings,047,,0836,,STCTY-36047 TRACT-    0836     IN NEW YORK NY,25,20,10,15,30,35,95,90,110,60,80,55,55,15
G36004700838,1950,New York,36,Kings,047,,0838,,STCTY-36047 TRACT-    0838     IN NEW YORK NY,85,10,0,15,35,45,45,50,80,70,110,45,60,35
G36004700840,1950,New York,36,Kings,047,,0840,,STCTY-36047 TRACT-    0840     IN NEW YORK NY,25,20,25,25,15,75,25,55,20,25,60,80,70,60
G36004700842,1950,New York,36,Kings,047,,0842,,STCTY-36047 TRACT-    0842     IN NEW YORK NY,30,0,10,5,5,20,20,25,35,10,25,30,45,20
G36004700844,1950,New York,36,Kings,047,,0844,,STCTY-36047 TRACT-    0844     IN NEW YORK NY,0,0,0,0,0,5,0,5,0,10,10,5,10,5
G36004700846,1950,New York,36,Kings,047,,0846,,STCTY-36047 TRACT-    0846     IN NEW YORK NY,30,15,15,30,30,60,50,30,55,50,95,50,35,70
G36004700848,1950,New York,36,Kings,047,,0848,,STCTY-36047 TRACT-    0848     IN NEW YORK NY,10,15,5,15,5,35,65,50,50,35,50,5,65,5
G36004700850,1950,New York,36,Kings,047,,0850,,STCTY-36047 TRACT-    0850     IN NEW YORK NY,30,25,0,25,15,25,20,30,45,35,35,35,80,20
G36004700852,1950,New York,36,Kings,047,,0852,,STCTY-36047 TRACT-    0852     IN NEW YORK NY,0,0,0,0,0,0,0,0,0,0,0,0,0,0
G36004700854,1950,New York,36,Kings,047,,0854,,STCTY-36047 TRACT-    0854     IN NEW YORK NY,40,25,20,0,15,50,85,35,55,40,80,70,60,20
G36004700856,1950,New York,36,Kings,047,,0856,,STCTY-36047 TRACT-    0856     IN NEW YORK NY,55,45,30,10,65,55,85,105,70,45,85,50,50,15
G36004700858,1950,New York,36,Kings,047,,0858,,STCTY-36047 TRACT-    0858     IN NEW YORK NY,60,20,30,20,20,50,100,70,60,55,75,75,40,5
G36004700860,1950,New York,36,Kings,047,,0860,,STCTY-36047 TRACT-    0860     IN NEW YORK NY,70,45,40,45,90,75,85,115,115,85,150,95,100,45
G36004700862,1950,New York,36,Kings,047,,0862,,STCTY-36047 TRACT-    0862     IN NEW YORK NY,60,35,35,30,65,75,125,105,135,50,75,75,70,25
G36004700864,1950,New York,36,Kings,047,,0864,,STCTY-36047 TRACT-    0864     IN NEW YORK NY,50,10,20,15,55,40,65,50,65,30,95,35,45,25
G36004700866,1950,New York,36,Kings,047,,0866,,STCTY-36047 TRACT-    0866     IN NEW YORK NY,110,30,20,25,50,65,100,85,110,50,140,75,85,105
G36004700868,1950,New York,36,Kings,047,,0868,,STCTY-36047 TRACT-    0868     IN NEW YORK NY,45,25,20,50,50,45,150,70,135,75,170,90,95,50
G36004700870,1950,New York,36,Kings,047,,0870,,STCTY-36047 TRACT-    0870     IN NEW YORK NY,75,20,50,10,70,60,135,90,90,50,110,75,80,85
G36004700872,1950,New York,36,Kings,047,,0872,,STCTY-36047 TRACT-    0872     IN NEW YORK NY,60,20,10,20,20,80,70,80,40,60,125,50,75,45
G360047008740,1950,New York,36,Kings,047,,0874,0,STCTY-36047 TRACT-    0874.0   IN NEW YORK NY,35,15,30,45,45,70,80,70,35,20,95,35,70,0
G360047008741,1950,New York,36,Kings,047,,0874,1,STCTY-36047 TRACT-    0874.1   IN NEW YORK NY,40,15,15,30,35,20,55,15,5,5,5,20,20,20
G36004700876,1950,New York,36,Kings,047,,0876,,STCTY-36047 TRACT-    0876     IN NEW YORK NY,10,0,0,5,30,10,40,30,35,25,75,20,25,40
G36004700878,1950,New York,36,Kings,047,,0878,,STCTY-36047 TRACT-    0878     IN NEW YORK NY,20,25,60,35,50,65,105,85,115,25,160,80,95,25
G36004700880,1950,New York,36,Kings,047,,0880,,STCTY-36047 TRACT-    0880     IN NEW YORK NY,30,15,0,30,20,50,70,45,65,45,75,55,40,35
G36004700882,1950,New York,36,Kings,047,,0882,,STCTY-36047 TRACT-    0882     IN NEW YORK NY,110,15,45,40,90,90,135,110,105,65,210,80,125,30
G36004700884,1950,New York,36,Kings,047,,0884,,STCTY-36047 TRACT-    0884     IN NEW YORK NY,110,30,55,90,140,190,205,195,145,90,245,70,135,25
G36004700886,1950,New York,36,Kings,047,,0886,,STCTY-36047 TRACT-    0886     IN NEW YORK NY,85,25,30,40,65,160,135,165,150,80,255,110,155,50
G36004700888,1950,New York,36,Kings,047,,0888,,STCTY-36047 TRACT-    0888     IN NEW YORK NY,80,30,30,35,60,100,115,115,105,90,130,95,90,75
G36004700890,1950,New York,36,Kings,047,,0890,,STCTY-36047 TRACT-    0890     IN NEW YORK NY,185,50,75,135,135,250,295,185,190,160,265,100,130,45
G36004700892,1950,New York,36,Kings,047,,0892,,STCTY-36047 TRACT-    0892     IN NEW YORK NY,115,20,35,55,115,130,235,235,135,95,150,100,85,35
G36004700894,1950,New York,36,Kings,047,,0894,,STCTY-36047 TRACT-    0894     IN NEW YORK NY,375,155,80,140,165,100,270,150,195,85,185,80,90,60
G36004700896,1950,New York,36,Kings,047,,0896,,STCTY-36047 TRACT-    0896     IN NEW YORK NY,155,10,40,40,80,110,180,165,130,75,160,60,45,5
G36004700898,1950,New York,36,Kings,047,,0898,,STCTY-36047 TRACT-    0898     IN NEW YORK NY,155,35,40,40,130,105,170,95,80,60,85,40,45,10
G36004700900,1950,New York,36,Kings,047,,0900,,STCTY-36047 TRACT-    0900     IN NEW YORK NY,505,160,165,225,360,360,430,405,200,180,325,125,130,40
G36004700902,1950,New York,36,Kings,047,,0902,,STCTY-36047 TRACT-    0902     IN NEW YORK NY,580,205,220,240,340,340,340,300,155,110,180,65,75,15
G36004700904,1950,New York,36,Kings,047,,0904,,STCTY-36047 TRACT-    0904     IN NEW YORK NY,425,115,95,120,150,135,140,115,65,40,95,15,25,15
G36004700906,1950,New York,36,Kings,047,,0906,,STCTY-36047 TRACT-    0906     IN NEW YORK NY,365,140,55,185,165,170,155,120,55,40,60,40,20,10
G36004700908,1950,New York,36,Kings,047,,0908,,STCTY-36047 TRACT-    0908     IN NEW YORK NY,200,130,115,150,170,140,125,80,105,40,100,25,15,5
G36004700910,1950,New York,36,Kings,047,,0910,,STCTY-36047 TRACT-    0910     IN NEW YORK NY,175,115,220,110,195,150,95,100,45,70,35,30,30,0
G36004700912,1950,New York,36,Kings,047,,0912,,STCTY-36047 TRACT-    0912     IN NEW YORK NY,90,105,140,225,410,340,245,145,80,20,35,15,5,10
G36004700914,1950,New York,36,Kings,047,,0914,,STCTY-36047 TRACT-    0914     IN NEW YORK NY,540,95,110,130,180,110,115,60,55,30,35,5,20,0
G36004700916,1950,New York,36,Kings,047,,0916,,STCTY-36047 TRACT-    0916     IN NEW YORK NY,345,95,190,135,240,180,220,165,125,75,105,50,60,15
G36004700918,1950,New York,36,Kings,047,,0918,,STCTY-36047 TRACT-    0918     IN NEW YORK NY,455,260,275,205,350,315,330,210,130,65,115,65,50,25
G36004700920,1950,New York,36,Kings,047,,0920,,STCTY-36047 TRACT-    0920     IN NEW YORK NY,140,65,75,60,130,85,195,55,65,80,120,35,70,15
G36004700922,1950,New York,36,Kings,047,,0922,,STCTY-36047 TRACT-    0922     IN NEW YORK NY,35,30,40,25,40,30,30,35,65,45,50,20,25,15
G36004700924,1950,New York,36,Kings,047,,0924,,STCTY-36047 TRACT-    0924     IN NEW YORK NY,0,0,0,0,0,0,0,0,0,0,0,0,0,0
G36004700926,1950,New York,36,Kings,047,,0926,,STCTY-36047 TRACT-    0926     IN NEW YORK NY,0,0,0,5,0,0,0,0,0,0,0,0,0,0
G36004700928,1950,New York,36,Kings,047,,0928,,STCTY-36047 TRACT-    0928     IN NEW YORK NY,10,30,20,0,35,45,75,85,40,25,105,45,85,15
G36004700930,1950,New York,36,Kings,047,,0930,,STCTY-36047 TRACT-    0930     IN NEW YORK NY,30,15,15,10,35,30,30,60,40,20,70,35,60,25
G36004700932,1950,New York,36,Kings,047,,0932,,STCTY-36047 TRACT-    0932     IN NEW YORK NY,10,0,0,10,0,0,15,0,5,0,5,0,0,0
G36004700934,1950,New York,36,Kings,047,,0934,,STCTY-36047 TRACT-    0934     IN NEW YORK NY,50,0,5,25,25,45,80,75,105,35,65,40,60,40
G36004700936,1950,New York,36,Kings,047,,0936,,STCTY-36047 TRACT-    0936     IN NEW YORK NY,25,30,20,10,40,30,20,40,45,25,65,30,45,30
G36004700938,1950,New York,36,Kings,047,,0938,,STCTY-36047 TRACT-    0938     IN NEW YORK NY,20,10,5,35,55,60,110,60,65,50,110,30,45,45
G36004700940,1950,New York,36,Kings,047,,0940,,STCTY-36047 TRACT-    0940     IN NEW YORK NY,25,0,10,20,25,25,25,25,35,15,50,20,40,35
G36004700942,1950,New York,36,Kings,047,,0942,,STCTY-36047 TRACT-    0942     IN NEW YORK NY,5,5,0,0,0,5,5,5,0,5,10,5,15,15
G36004700944,1950,New York,36,Kings,047,,0944,,STCTY-36047 TRACT-    0944     IN NEW YORK NY,5,0,5,10,10,5,70,60,65,60,55,0,10,10
G360047009480,1950,New York,36,Kings,047,,0948,0,STCTY-36047 TRACT-    0948.0   IN NEW YORK NY,0,0,0,0,0,0,0,0,0,0,0,0,0,0
G360047009481,1950,New York,36,Kings,047,,0948,1,STCTY-36047 TRACT-    0948.1   IN NEW YORK NY,0,0,0,0,0,0,0,0,0,0,0,0,0,0
G36004700950,1950,New York,36,Kings,047,,0950,,STCTY-36047 TRACT-    0950     IN NEW YORK NY,0,0,10,5,0,0,5,0,0,0,0,0,0,0
G36004700952,1950,New York,36,Kings,047,,0952,,STCTY-36047 TRACT-    0952     IN NEW YORK NY,5,0,0,0,0,0,0,0,0,0,0,0,0,0
G36004700954,1950,New York,36,Kings,047,,0954,,STCTY-36047 TRACT-    0954     IN NEW YORK NY,0,0,5,0,0,10,15,5,5,5,0,10,15,0
G36004700956,1950,New York,36,Kings,047,,0956,,STCTY-36047 TRACT-    0956     IN NEW YORK NY,25,0,10,10,25,10,25,20,5,10,20,5,20,5
G36004700958,1950,New York,36,Kings,047,,0958,,STCTY-36047 TRACT-    0958     IN NEW YORK NY,25,15,10,35,10,25,25,5,20,10,10,20,0,5
G36004700960,1950,New York,36,Kings,047,,0960,,STCTY-36047 TRACT-    0960     IN NEW YORK NY,0,0,0,0,0,0,0,0,0,5,5,0,0,0
G36004700962,1950,New York,36,Kings,047,,0962,,STCTY-36047 TRACT-    0962     IN NEW YORK NY,5,10,10,5,40,35,50,40,30,25,30,15,15,0
G36004700964,1950,New York,36,Kings,047,,0964,,STCTY-36047 TRACT-    0964     IN NEW YORK NY,35,15,0,15,55,35,80,30,25,15,30,20,20,5
G36004700966,1950,New York,36,Kings,047,,0966,,STCTY-36047 TRACT-    0966     IN NEW YORK NY,60,10,20,20,30,40,85,35,55,25,35,20,15,5
G36004700968,1950,New York,36,Kings,047,,0968,,STCTY-36047 TRACT-    0968     IN NEW YORK NY,35,25,15,10,45,35,75,25,60,10,25,50,10,5
G36004700970,1950,New York,36,Kings,047,,0970,,STCTY-36047 TRACT-    0970     IN NEW YORK NY,45,10,25,15,50,35,55,40,55,55,50,15,35,10
G36004700972,1950,New York,36,Kings,047,,0972,,STCTY-36047 TRACT-    0972     IN NEW YORK NY,20,15,20,5,15,10,45,15,10,10,30,5,15,10
G36004700974,1950,New York,36,Kings,047,,0974,,STCTY-36047 TRACT-    0974     IN NEW YORK NY,5,0,0,5,10,10,5,10,5,0,0,0,5,0
G36004700976,1950,New York,36,Kings,047,,0976,,STCTY-36047 TRACT-    0976     IN NEW YORK NY,0,0,5,0,5,5,0,20,10,0,5,0,10,0
G36004700978,1950,New York,36,Kings,047,,0978,,STCTY-36047 TRACT-    0978     IN NEW YORK NY,5,0,0,0,5,0,15,15,0,10,25,10,0,0
G36004700980,1950,New York,36,Kings,047,,0980,,STCTY-36047 TRACT-    0980     IN NEW YORK NY,0,0,0,5,5,0,0,5,10,15,0,5,0,0
G36004700982,1950,New York,36,Kings,047,,0982,,STCTY-36047 TRACT-    0982     IN NEW YORK NY,0,0,0,0,0,0,0,0,0,0,0,0,0,0
G36004700984,1950,New York,36,Kings,047,,0984,,STCTY-36047 TRACT-    0984     IN NEW YORK NY,0,0,0,0,0,0,0,5,0,0,0,0,0,0
G36004700986,1950,New York,36,Kings,047,,0986,,STCTY-36047 TRACT-    0986     IN NEW YORK NY,0,0,5,15,10,10,5,20,15,10,25,30,0,0
G36004700988,1950,New York,36,Kings,047,,0988,,STCTY-36047 TRACT-    0988     IN NEW YORK NY,0,0,15,5,15,20,25,5,5,10,5,10,5,10
G36004700990,1950,New York,36,Kings,047,,0990,,STCTY-36047 TRACT-    0990     IN NEW YORK NY,40,0,15,25,55,45,95,45,45,50,25,55,25,5
G36004700992,1950,New York,36,Kings,047,,0992,,STCTY-36047 TRACT-    0992     IN NEW YORK NY,30,15,0,5,20,20,30,35,50,10,35,0,5,0
G36004700994,1950,New York,36,Kings,047,,0994,,STCTY-36047 TRACT-    0994     IN NEW YORK NY,10,10,5,10,25,15,15,5,15,10,0,10,0,0
G36004700996,1950,New York,36,Kings,047,,0996,,STCTY-36047 TRACT-    0996     IN NEW YORK NY,0,5,0,0,0,20,15,0,5,0,0,5,5,0
G36004700998,1950,New York,36,Kings,047,,0998,,STCTY-36047 TRACT-    0998     IN NEW YORK NY,0,0,0,0,0,0,0,0,0,0,0,0,0,0
G36004701000,1950,New York,36,Kings,047,,1000,,STCTY-36047 TRACT-    1000     IN NEW YORK NY,0,0,0,0,0,0,0,0,0,0,0,0,0,0
G36004701002,1950,New York,36,Kings,047,,1002,,STCTY-36047 TRACT-    1002     IN NEW YORK NY,0,0,0,0,0,0,0,0,0,0,0,0,0,0
G36004701004,1950,New York,36,Kings,047,,1004,,STCTY-36047 TRACT-    1004     IN NEW YORK NY,0,0,0,0,0,0,0,0,0,0,0,0,0,0
G36004701006,1950,New York,36,Kings,047,,1006,,STCTY-36047 TRACT-    1006     IN NEW YORK NY,10,0,0,5,5,15,20,10,0,5,0,5,5,5
G36004701008,1950,New York,36,Kings,047,,1008,,STCTY-36047 TRACT-    1008     IN NEW YORK NY,20,10,25,5,10,15,65,20,20,5,35,10,10,0
G36004701010,1950,New York,36,Kings,047,,1010,,STCTY-36047 TRACT-    1010     IN NEW YORK NY,15,25,35,30,40,35,75,65,35,15,70,30,5,10
G36004701012,1950,New York,36,Kings,047,,1012,,STCTY-36047 TRACT-    1012     IN NEW YORK NY,10,15,10,20,10,40,45,30,30,10,25,5,10,0
G36004701014,1950,New York,36,Kings,047,,1014,,STCTY-36047 TRACT-    1014     IN NEW YORK NY,0,0,0,0,0,0,0,0,0,0,0,0,0,0
G36004701016,1950,New York,36,Kings,047,,1016,,STCTY-36047 TRACT-    1016     IN NEW YORK NY,0,0,0,0,0,0,0,0,0,0,0,0,0,0
G36004701018,1950,New York,36,Kings,047,,1018,,STCTY-36047 TRACT-    1018     IN NEW YORK NY,0,0,0,0,0,0,0,0,0,0,0,0,0,0
G36004701020,1950,New York,36,Kings,047,,1020,,STCTY-36047 TRACT-    1020     IN NEW YORK NY,0,0,0,0,0,0,0,0,0,0,0,0,0,0
G36004701022,1950,New York,36,Kings,047,,1022,,STCTY-36047 TRACT-    1022     IN NEW YORK NY,30,0,0,5,5,10,20,15,10,0,20,10,10,0
G36004701024,1950,New York,36,Kings,047,,1024,,STCTY-36047 TRACT-    1024     IN NEW YORK NY,25,5,0,5,5,30,30,30,15,5,30,15,40,10
G36004701026,1950,New York,36,Kings,047,,1026,,STCTY-36047 TRACT-    1026     IN NEW YORK NY,0,0,0,0,0,0,0,0,0,0,0,0,0,0
G36004701028,1950,New York,36,Kings,047,,1028,,STCTY-36047 TRACT-    1028     IN NEW YORK NY,35,35,40,40,35,90,120,60,95,45,30,40,30,0
G36004701034,1950,New York,36,Kings,047,,1034,,STCTY-36047 TRACT-    1034     IN NEW YORK NY,75,40,50,70,150,175,230,145,65,45,60,25,0,0
G36004701040,1950,New York,36,Kings,047,,1040,,STCTY-36047 TRACT-    1040     IN NEW YORK NY,0,0,0,0,0,0,0,0,0,0,0,0,0,0
G36004701046,1950,New York,36,Kings,047,,1046,,STCTY-36047 TRACT-    1046     IN NEW YORK NY,0,5,0,0,0,0,0,0,0,0,0,0,0,0
G36004701048,1950,New York,36,Kings,047,,1048,,STCTY-36047 TRACT-    1048     IN NEW YORK NY,0,0,0,0,0,0,0,0,0,0,0,0,0,0
G36004701050,1950,New York,36,Kings,047,,1050,,STCTY-36047 TRACT-    1050     IN NEW YORK NY,0,0,0,0,0,0,0,0,0,0,0,0,0,0
G36004701054,1950,New York,36,Kings,047,,1054,,STCTY-36047 TRACT-    1054     IN NEW YORK NY,0,0,0,0,0,0,0,0,0,0,0,0,0,0
G36004701056,1950,New York,36,Kings,047,,1056,,STCTY-36047 TRACT-    1056     IN NEW YORK NY,0,0,0,0,0,0,0,0,0,0,0,0,0,0
G36004701058,1950,New York,36,Kings,047,,1058,,STCTY-36047 TRACT-    1058     IN NEW YORK NY,0,0,0,0,0,0,0,0,0,0,0,0,0,0
G36004701060,1950,New York,36,Kings,047,,1060,,STCTY-36047 TRACT-    1060     IN NEW YORK NY,0,0,0,0,0,0,0,0,0,0,0,0,0,0
G36004701062,1950,New York,36,Kings,047,,1062,,STCTY-36047 TRACT-    1062     IN NEW YORK NY,0,0,0,0,0,0,0,0,0,0,0,0,0,0
G36004701064,1950,New York,36,Kings,047,,1064,,STCTY-36047 TRACT-    1064     IN NEW YORK NY,0,0,0,0,0,0,0,0,0,0,0,0,0,0
G36004701066,1950,New York,36,Kings,047,,1066,,STCTY-36047 TRACT-    1066     IN NEW YORK NY,0,0,0,0,0,0,0,0,0,0,0,0,0,0
G36004701068,1950,New York,36,Kings,047,,1068,,STCTY-36047 TRACT-    1068     IN NEW YORK NY,0,0,0,0,0,0,0,0,0,0,0,0,0,0
G36004701070,1950,New York,36,Kings,047,,1070,,STCTY-36047 TRACT-    1070     IN NEW YORK NY,0,0,0,0,0,0,0,0,0,0,0,0,0,0
G36004701072,1950,New York,36,Kings,047,,1072,,STCTY-36047 TRACT-    1072     IN NEW YORK NY,0,0,0,0,0,0,0,0,0,0,0,0,0,0
G36004701074,1950,New York,36,Kings,047,,1074,,STCTY-36047 TRACT-    1074     IN NEW YORK NY,0,0,0,0,0,0,0,0,0,0,0,0,0,0
G36004701076,1950,New York,36,Kings,047,,1076,,STCTY-36047 TRACT-    1076     IN NEW YORK NY,0,0,0,0,0,0,0,0,0,0,0,0,0,0
G36004701078,1950,New York,36,Kings,047,,1078,,STCTY-36047 TRACT-    1078     IN NEW YORK NY,0,0,0,0,0,0,0,0,0,0,0,0,0,0
G36004701080,1950,New York,36,Kings,047,,1080,,STCTY-36047 TRACT-    1080     IN NEW YORK NY,0,0,0,0,0,0,0,0,0,0,0,5,0,0
G36004701082,1950,New York,36,Kings,047,,1082,,STCTY-36047 TRACT-    1082     IN NEW YORK NY,0,0,0,0,0,0,0,0,0,0,0,0,0,0
G36004701084,1950,New York,36,Kings,047,,1084,,STCTY-36047 TRACT-    1084     IN NEW YORK NY,0,0,0,0,0,0,0,0,0,0,0,0,0,0
G36004701086,1950,New York,36,Kings,047,,1086,,STCTY-36047 TRACT-    1086     IN NEW YORK NY,5,5,0,5,20,5,15,15,15,10,0,15,0,0
G36004701088,1950,New York,36,Kings,047,,1088,,STCTY-36047 TRACT-    1088     IN NEW YORK NY,10,5,0,15,15,15,20,15,10,20,10,5,0,0
G36004701090,1950,New York,36,Kings,047,,1090,,STCTY-36047 TRACT-    1090     IN NEW YORK NY,0,0,10,0,5,5,20,0,15,0,10,0,5,0
G36004701092,1950,New York,36,Kings,047,,1092,,STCTY-36047 TRACT-    1092     IN NEW YORK NY,0,0,0,0,0,0,0,0,0,0,0,0,0,0
G36004701094,1950,New York,36,Kings,047,,1094,,STCTY-36047 TRACT-    1094     IN NEW YORK NY,0,0,0,0,0,0,0,0,0,0,0,0,0,0
G36004701096,1950,New York,36,Kings,047,,1096,,STCTY-36047 TRACT-    1096     IN NEW YORK NY,15,0,0,5,20,10,10,15,0,15,15,5,0,0
G36004701098,1950,New York,36,Kings,047,,1098,,STCTY-36047 TRACT-    1098     IN NEW YORK NY,30,10,5,15,35,20,15,5,15,5,30,15,15,0
G36004701100,1950,New York,36,Kings,047,,1100,,STCTY-36047 TRACT-    1100     IN NEW YORK NY,20,0,5,10,15,20,30,15,15,15,40,20,20,0
G36004701102,1950,New York,36,Kings,047,,1102,,STCTY-36047 TRACT-    1102     IN NEW YORK NY,20,25,5,15,40,5,30,50,35,20,30,10,15,0
G36004701104,1950,New York,36,Kings,047,,1104,,STCTY-36047 TRACT-    1104     IN NEW YORK NY,45,15,0,20,45,65,60,35,45,15,40,5,5,10
G36004701106,1950,New York,36,Kings,047,,1106,,STCTY-36047 TRACT-    1106     IN NEW YORK NY,5,15,15,20,50,40,65,70,40,25,35,15,15,15
G36004701108,1950,New York,36,Kings,047,,1108,,STCTY-36047 TRACT-    1108     IN NEW YORK NY,10,0,0,0,10,10,15,5,5,15,5,5,5,0
G36004701110,1950,New York,36,Kings,047,,1110,,STCTY-36047 TRACT-    1110     IN NEW YORK NY,0,0,0,5,15,10,15,0,0,0,5,0,0,0
G36004701112,1950,New York,36,Kings,047,,1112,,STCTY-36047 TRACT-    1112     IN NEW YORK NY,10,0,10,15,0,20,15,5,5,0,5,10,5,0
G36004701114,1950,New York,36,Kings,047,,1114,,STCTY-36047 TRACT-    1114     IN NEW YORK NY,15,0,0,0,20,25,20,20,0,10,15,20,5,10
G36004701116,1950,New York,36,Kings,047,,1116,,STCTY-36047 TRACT-    1116     IN NEW YORK NY,0,0,0,5,15,5,30,5,35,20,20,10,15,0
G36004701118,1950,New York,36,Kings,047,,1118,,STCTY-36047 TRACT-    1118     IN NEW YORK NY,60,45,20,30,85,125,115,100,65,85,90,45,45,20
G36004701120,1950,New York,36,Kings,047,,1120,,STCTY-36047 TRACT-    1120     IN NEW YORK NY,75,45,55,25,70,110,195,140,150,30,110,50,80,15
G36004701122,1950,New York,36,Kings,047,,1122,,STCTY-36047 TRACT-    1122     IN NEW YORK NY,55,10,25,60,55,90,110,105,65,40,85,65,65,0
G36004701124,1950,New York,36,Kings,047,,1124,,STCTY-36047 TRACT-    1124     IN NEW YORK NY,105,35,45,65,125,120,180,130,115,70,165,85,70,25
G36004701126,1950,New York,36,Kings,047,,1126,,STCTY-36047 TRACT-    1126     IN NEW YORK NY,235,75,70,85,125,155,190,110,150,75,130,90,50,20
G36004701128,1950,New York,36,Kings,047,,1128,,STCTY-36047 TRACT-    1128     IN NEW YORK NY,165,75,70,60,110,95,165,160,120,55,170,95,130,50
G36004701130,1950,New York,36,Kings,047,,1130,,STCTY-36047 TRACT-    1130     IN NEW YORK NY,305,140,160,160,220,240,300,245,220,115,365,105,115,35
G36004701132,1950,New York,36,Kings,047,,1132,,STCTY-36047 TRACT-    1132     IN NEW YORK NY,165,90,45,100,170,145,165,135,95,90,110,60,70,10
G36004701134,1950,New York,36,Kings,047,,1134,,STCTY-36047 TRACT-    1134     IN NEW YORK NY,345,185,125,135,220,205,215,105,70,80,150,55,65,5
G36004701136,1950,New York,36,Kings,047,,1136,,STCTY-36047 TRACT-    1136     IN NEW YORK NY,65,65,50,40,65,90,45,60,50,25,60,25,45,10
G36004701138,1950,New York,36,Kings,047,,1138,,STCTY-36047 TRACT-    1138     IN NEW YORK NY,155,35,40,65,90,100,100,35,40,20,30,10,15,0
G36004701140,1950,New York,36,Kings,047,,1140,,STCTY-36047 TRACT-    1140     IN NEW YORK NY,70,30,50,45,70,45,30,30,20,10,20,5,0,0
G360047011420,1950,New York,36,Kings,047,,1142,0,STCTY-36047 TRACT-    1142.0   IN NEW YORK NY,5,0,20,10,10,5,40,10,10,10,5,5,10,5
G360047011421,1950,New York,36,Kings,047,,1142,1,STCTY-36047 TRACT-    1142.1   IN NEW YORK NY,30,20,5,10,30,5,35,40,30,10,30,15,20,10
G360047011422,1950,New York,36,Kings,047,,1142,2,STCTY-36047 TRACT-    1142.2   IN NEW YORK NY,45,15,15,50,40,50,80,60,110,40,80,35,40,35
G36004701144,1950,New York,36,Kings,047,,1144,,STCTY-36047 TRACT-    1144     IN NEW YORK NY,0,0,0,0,0,0,0,0,0,0,0,0,0,0
G36004701146,1950,New York,36,Kings,047,,1146,,STCTY-36047 TRACT-    1146     IN NEW YORK NY,90,50,35,55,70,75,85,70,90,35,65,45,65,5
G36004701148,1950,New York,36,Kings,047,,1148,,STCTY-36047 TRACT-    1148     IN NEW YORK NY,45,50,40,55,75,115,120,95,75,65,90,25,70,20
G36004701150,1950,New York,36,Kings,047,,1150,,STCTY-36047 TRACT-    1150     IN NEW YORK NY,85,45,65,80,75,105,70,130,80,60,65,30,60,10
G36004701152,1950,New York,36,Kings,047,,1152,,STCTY-36047 TRACT-    1152     IN NEW YORK NY,105,85,70,110,95,90,160,165,115,30,75,105,25,15
G36004701154,1950,New York,36,Kings,047,,1154,,STCTY-36047 TRACT-    1154     IN NEW YORK NY,95,60,45,45,95,70,110,75,55,60,90,60,70,10
G36004701156,1950,New York,36,Kings,047,,1156,,STCTY-36047 TRACT-    1156     IN NEW YORK NY,295,95,115,115,190,185,285,165,120,60,130,85,55,20
G36004701158,1950,New York,36,Kings,047,,1158,,STCTY-36047 TRACT-    1158     IN NEW YORK NY,180,95,130,110,195,150,160,135,115,80,90,60,60,0
G36004701160,1950,New York,36,Kings,047,,1160,,STCTY-36047 TRACT-    1160     IN NEW YORK NY,185,55,85,65,80,115,185,90,85,60,105,60,60,30
G36004701162,1950,New York,36,Kings,047,,1162,,STCTY-36047 TRACT-    1162     IN NEW YORK NY,115,65,75,65,130,135,195,90,60,85,120,85,95,20
G36004701164,1950,New York,36,Kings,047,,1164,,STCTY-36047 TRACT-    1164     IN NEW YORK NY,220,90,80,80,125,200,205,110,100,70,150,70,65,10
G36004701166,1950,New York,36,Kings,047,,1166,,STCTY-36047 TRACT-    1166     IN NEW YORK NY,65,50,75,120,130,130,145,50,90,55,105,30,40,5
G36004701168,1950,New York,36,Kings,047,,1168,,STCTY-36047 TRACT-    1168     IN NEW YORK NY,80,45,30,20,90,75,120,50,55,50,60,10,50,0
G36004701170,1950,New York,36,Kings,047,,1170,,STCTY-36047 TRACT-    1170     IN NEW YORK NY,85,55,5,60,75,35,95,105,35,50,90,0,5,0
G360047011720,1950,New York,36,Kings,047,,1172,0,STCTY-36047 TRACT-    1172.0   IN NEW YORK NY,95,20,45,35,55,60,55,45,60,20,75,30,30,45
G360047011721,1950,New York,36,Kings,047,,1172,1,STCTY-36047 TRACT-    1172.1   IN NEW YORK NY,95,20,55,40,110,75,125,135,105,70,85,85,70,20
G36004701174,1950,New York,36,Kings,047,,1174,,STCTY-36047 TRACT-    1174     IN NEW YORK NY,80,45,50,50,45,95,105,95,70,95,130,55,50,20
G360047011760,1950,New York,36,Kings,047,,1176,0,STCTY-36047 TRACT-    1176.0   IN NEW YORK NY,60,20,40,40,35,60,95,45,60,55,55,25,50,25
G360047011761,1950,New York,36,Kings,047,,1176,1,STCTY-36047 TRACT-    1176.1   IN NEW YORK NY,30,40,25,30,70,75,105,85,80,45,85,25,40,10
G36004701178,1950,New York,36,Kings,047,,1178,,STCTY-36047 TRACT-    1178     IN NEW YORK NY,95,10,5,25,35,50,80,30,10,5,10,15,15,10
G36004701180,1950,New York,36,Kings,047,,1180,,STCTY-36047 TRACT-    1180     IN NEW YORK NY,0,0,0,0,5,0,0,0,0,0,0,0,0,0
G360047011820,1950,New York,36,Kings,047,,1182,0,STCTY-36047 TRACT-    1182.0   IN NEW YORK NY,65,25,15,35,45,45,110,100,100,40,95,65,25,25
G360047011821,1950,New York,36,Kings,047,,1182,1,STCTY-36047 TRACT-    1182.1   IN NEW YORK NY,60,25,30,45,60,70,115,95,65,35,105,50,35,0
G36004701184,1950,New York,36,Kings,047,,1184,,STCTY-36047 TRACT-    1184     IN NEW YORK NY,55,35,45,90,130,105,175,90,150,95,115,65,80,30
G36004701186,1950,New York,36,Kings,047,,1186,,STCTY-36047 TRACT-    1186     IN NEW YORK NY,25,40,20,40,50,55,65,50,75,55,95,95,110,20
G36004701188,1950,New York,36,Kings,047,,1188,,STCTY-36047 TRACT-    1188     IN NEW YORK NY,145,30,40,25,130,140,145,110,155,90,100,65,40,0
G36004701190,1950,New York,36,Kings,047,,1190,,STCTY-36047 TRACT-    1190     IN NEW YORK NY,65,55,60,70,95,105,165,80,65,60,120,45,40,5
G36004701192,1950,New York,36,Kings,047,,1192,,STCTY-36047 TRACT-    1192     IN NEW YORK NY,125,35,35,70,80,130,230,110,95,60,110,60,55,30
G36004701194,1950,New York,36,Kings,047,,1194,,STCTY-36047 TRACT-    1194     IN NEW YORK NY,165,65,70,75,150,205,165,180,190,145,150,95,100,10
G36004701196,1950,New York,36,Kings,047,,1196,,STCTY-36047 TRACT-    1196     IN NEW YORK NY,35,10,15,30,65,60,100,35,35,50,45,35,30,10
G36004701198,1950,New York,36,Kings,047,,1198,,STCTY-36047 TRACT-    1198     IN NEW YORK NY,35,20,25,50,65,100,95,80,60,35,90,35,10,20
G36004701200,1950,New York,36,Kings,047,,1200,,STCTY-36047 TRACT-    1200     IN NEW YORK NY,40,5,15,40,35,65,125,70,60,30,60,15,20,0
G36004701202,1950,New York,36,Kings,047,,1202,,STCTY-36047 TRACT-    1202     IN NEW YORK NY,5,5,10,35,25,40,45,35,25,5,25,25,25,15
G36004701204,1950,New York,36,Kings,047,,1204,,STCTY-36047 TRACT-    1204     IN NEW YORK NY,5,5,0,10,15,15,20,20,5,10,10,10,10,5
G36004701206,1950,New York,36,Kings,047,,1206,,STCTY-36047 TRACT-    1206     IN NEW YORK NY,15,0,10,0,25,5,10,5,5,5,0,5,5,0
G36004701208,1950,New York,36,Kings,047,,1208,,STCTY-36047 TRACT-    1208     IN NEW YORK NY,5,0,0,0,0,0,10,0,0,0,0,5,0,0
G36004701210,1950,New York,36,Kings,047,,1210,,STCTY-36047 TRACT-    1210     IN NEW YORK NY,25,0,20,15,10,30,30,20,25,15,35,20,20,0
G36004701212,1950,New York,36,Kings,047,,1212,,STCTY-36047 TRACT-    1212     IN NEW YORK NY,15,0,5,10,15,25,25,10,5,0,5,0,0,5
G36004701214,1950,New York,36,Kings,047,,1214,,STCTY-36047 TRACT-    1214     IN NEW YORK NY,5,0,5,15,5,0,5,5,0,10,0,0,0,0
G36004701216,1950,New York,36,Kings,047,,1216,,STCTY-36047 TRACT-    1216     IN NEW YORK NY,0,5,0,0,0,5,0,5,0,0,0,0,0,0
G36004701218,1950,New York,36,Kings,047,,1218,,STCTY-36047 TRACT-    1218     IN NEW YORK NY,0,0,0,0,0,0,0,0,0,0,0,0,0,0
G36004701220,1950,New York,36,Kings,047,,1220,,STCTY-36047 TRACT-    1220     IN NEW YORK NY,0,0,10,0,30,25,40,10,10,10,5,25,0,0
G36004701222,1950,New York,36,Kings,047,,1222,,STCTY-36047 TRACT-    1222     IN NEW YORK NY,0,0,0,0,0,0,0,0,0,0,0,0,0,0
G36005500001,1950,New York,36,Monroe,055,,0001,,STCTY-36055 TRACT-    0001     IN ROCHESTER NY,275,235,90,60,85,65,55,25,5,10,10,15,5,0
G36005500002,1950,New York,36,Monroe,055,,0002,,STCTY-36055 TRACT-    0002     IN ROCHESTER NY,50,45,20,25,45,40,60,20,15,0,10,0,20,15
G36005500003,1950,New York,36,Monroe,055,,0003,,STCTY-36055 TRACT-    0003     IN ROCHESTER NY,435,235,165,180,195,125,125,90,70,10,65,15,5,0
G36005500004,1950,New York,36,Monroe,055,,0004,,STCTY-36055 TRACT-    0004     IN ROCHESTER NY,325,235,190,240,355,275,230,145,105,90,80,50,20,10
G36005500005,1950,New York,36,Monroe,055,,0005,,STCTY-36055 TRACT-    0005     IN ROCHESTER NY,490,290,250,225,225,210,190,140,75,55,95,55,70,15
G36005500006,1950,New York,36,Monroe,055,,0006,,STCTY-36055 TRACT-    0006     IN ROCHESTER NY,105,45,55,60,75,60,65,65,60,40,55,25,30,5
G36005500007,1950,New York,36,Monroe,055,,0007,,STCTY-36055 TRACT-    0007     IN ROCHESTER NY,120,15,20,35,35,40,65,30,40,25,45,30,30,5
G36005500008,1950,New York,36,Monroe,055,,0008,,STCTY-36055 TRACT-    0008     IN ROCHESTER NY,115,85,30,55,110,115,140,80,95,70,70,15,45,10
G36005500009,1950,New York,36,Monroe,055,,0009,,STCTY-36055 TRACT-    0009     IN ROCHESTER NY,405,180,110,100,145,140,85,30,50,10,10,15,10,0
G36005500010,1950,New York,36,Monroe,055,,0010,,STCTY-36055 TRACT-    0010     IN ROCHESTER NY,790,160,155,190,245,180,220,160,155,65,125,90,100,95
G36005500011,1950,New York,36,Monroe,055,,0011,,STCTY-36055 TRACT-    0011     IN ROCHESTER NY,370,80,45,100,105,90,75,15,20,5,35,10,10,5
G36005500012,1950,New York,36,Monroe,055,,0012,,STCTY-36055 TRACT-    0012     IN ROCHESTER NY,185,140,120,230,210,160,125,75,25,10,25,10,0,0
G36005500013,1950,New York,36,Monroe,055,,0013,,STCTY-36055 TRACT-    0013     IN ROCHESTER NY,270,70,85,160,175,125,170,75,70,60,95,30,0,0
G36005500014,1950,New York,36,Monroe,055,,0014,,STCTY-36055 TRACT-    0014     IN ROCHESTER NY,145,110,70,135,135,145,135,100,95,45,90,75,30,0
G36005500015,1950,New York,36,Monroe,055,,0015,,STCTY-36055 TRACT-    0015     IN ROCHESTER NY,105,40,75,105,185,110,130,145,75,35,90,35,30,25
G36005500016,1950,New York,36,Monroe,055,,0016,,STCTY-36055 TRACT-    0016     IN ROCHESTER NY,105,30,40,35,65,60,80,65,45,35,25,20,35,10
G36005500017,1950,New York,36,Monroe,055,,0017,,STCTY-36055 TRACT-    0017     IN ROCHESTER NY,80,45,50,50,125,105,115,110,90,45,100,20,40,0
G36005500018,1950,New York,36,Monroe,055,,0018,,STCTY-36055 TRACT-    0018     IN ROCHESTER NY,45,15,15,45,55,140,205,180,150,110,185,110,100,35
G36005500019,1950,New York,36,Monroe,055,,0019,,STCTY-36055 TRACT-    0019     IN ROCHESTER NY,115,75,60,45,115,100,235,200,185,125,220,110,135,25
G36005500020,1950,New York,36,Monroe,055,,0020,,STCTY-36055 TRACT-    0020     IN ROCHESTER NY,180,75,75,110,80,110,210,200,200,140,180,130,150,130
G36005500021,1950,New York,36,Monroe,055,,0021,,STCTY-36055 TRACT-    0021     IN ROCHESTER NY,175,45,85,95,100,165,185,125,125,60,180,125,100,55
G36005500022,1950,New York,36,Monroe,055,,0022,,STCTY-36055 TRACT-    0022     IN ROCHESTER NY,85,50,65,40,105,135,150,85,100,55,135,95,70,35
G36005500023,1950,New York,36,Monroe,055,,0023,,STCTY-36055 TRACT-    0023     IN ROCHESTER NY,255,105,120,125,215,235,295,210,160,125,195,95,75,40
G36005500024,1950,New York,36,Monroe,055,,0024,,STCTY-36055 TRACT-    0024     IN ROCHESTER NY,105,55,30,70,90,165,155,115,65,150,135,45,55,30
G36005500025,1950,New York,36,Monroe,055,,0025,,STCTY-36055 TRACT-    0025     IN ROCHESTER NY,90,55,90,85,100,80,135,60,60,20,35,30,20,5
G36005500026,1950,New York,36,Monroe,055,,0026,,STCTY-36055 TRACT-    0026     IN ROCHESTER NY,230,150,120,100,150,175,120,110,70,25,75,35,20,20
G36005500027,1950,New York,36,Monroe,055,,0027,,STCTY-36055 TRACT-    0027     IN ROCHESTER NY,135,75,125,135,155,165,180,100,80,75,70,45,25,5
G36005500028,1950,New York,36,Monroe,055,,0028,,STCTY-36055 TRACT-    0028     IN ROCHESTER NY,145,290,230,255,315,190,135,90,75,25,90,15,35,0
G36005500029,1950,New York,36,Monroe,055,,0029,,STCTY-36055 TRACT-    0029     IN ROCHESTER NY,640,175,235,215,300,310,260,140,145,70,190,100,105,120
G36005500030,1950,New York,36,Monroe,055,,0030,,STCTY-36055 TRACT-    0030     IN ROCHESTER NY,235,135,75,90,215,145,165,105,140,100,105,60,40,15
G36005500031,1950,New York,36,Monroe,055,,0031,,STCTY-36055 TRACT-    0031     IN ROCHESTER NY,310,125,165,230,230,215,190,170,155,115,175,50,170,145
G36005500032,1950,New York,36,Monroe,055,,0032,,STCTY-36055 TRACT-    0032     IN ROCHESTER NY,175,80,70,100,130,135,190,110,65,55,45,30,30,5
G36005500033,1950,New York,36,Monroe,055,,0033,,STCTY-36055 TRACT-    0033     IN ROCHESTER NY,50,50,20,50,25,70,80,80,45,15,30,15,5,15
G36005500034,1950,New York,36,Monroe,055,,0034,,STCTY-36055 TRACT-    0034     IN ROCHESTER NY,85,80,75,30,80,135,190,105,55,60,95,60,45,25
G36005500035,1950,New York,36,Monroe,055,,0035,,STCTY-36055 TRACT-    0035     IN ROCHESTER NY,100,50,15,45,65,60,100,55,75,20,55,30,45,65
G36005500036,1950,New York,36,Monroe,055,,0036,,STCTY-36055 TRACT-    0036     IN ROCHESTER NY,125,90,75,100,110,150,175,110,145,55,110,75,65,10
G36005500037,1950,New York,36,Monroe,055,,0037,,STCTY-36055 TRACT-    0037     IN ROCHESTER NY,180,50,45,50,130,95,130,160,150,90,145,90,55,50
G36005500038,1950,New York,36,Monroe,055,,0038,,STCTY-36055 TRACT-    0038     IN ROCHESTER NY,440,245,225,230,295,255,270,155,180,160,220,105,130,45
G36005500039,1950,New York,36,Monroe,055,,0039,,STCTY-36055 TRACT-    0039     IN ROCHESTER NY,45,5,15,20,50,60,65,20,35,10,60,15,40,10
G36005500040,1950,New York,36,Monroe,055,,0040,,STCTY-36055 TRACT-    0040     IN ROCHESTER NY,80,20,20,40,40,65,105,95,70,10,65,40,20,25
G36005500041,1950,New York,36,Monroe,055,,0041,,STCTY-36055 TRACT-    0041     IN ROCHESTER NY,80,45,45,65,170,110,150,80,65,55,75,10,20,20
G36005500042,1950,New York,36,Monroe,055,,0042,,STCTY-36055 TRACT-    0042     IN ROCHESTER NY,70,45,35,55,75,100,125,105,70,65,115,25,45,10
G36005500043,1950,New York,36,Monroe,055,,0043,,STCTY-36055 TRACT-    0043     IN ROCHESTER NY,95,15,25,45,65,75,125,25,25,20,40,15,10,0
G36005500044,1950,New York,36,Monroe,055,,0044,,STCTY-36055 TRACT-    0044     IN ROCHESTER NY,205,35,65,120,215,180,150,55,30,25,30,40,40,10
G36005500045,1950,New York,36,Monroe,055,,0045,,STCTY-36055 TRACT-    0045     IN ROCHESTER NY,185,150,80,110,140,115,130,50,45,20,25,5,0,10
G36005500046,1950,New York,36,Monroe,055,,0046,,STCTY-36055 TRACT-    0046     IN ROCHESTER NY,100,35,45,25,70,65,145,105,130,85,135,75,100,30
G36005500047,1950,New York,36,Monroe,055,,0047,,STCTY-36055 TRACT-    0047     IN ROCHESTER NY,60,40,35,30,45,85,125,85,110,35,140,55,30,15
G36005500048,1950,New York,36,Monroe,055,,0048,,STCTY-36055 TRACT-    0048     IN ROCHESTER NY,80,35,50,80,40,85,105,105,70,85,120,35,50,20
G36005500049,1950,New York,36,Monroe,055,,0049,,STCTY-36055 TRACT-    0049     IN ROCHESTER NY,165,35,45,80,100,135,150,100,65,40,70,45,35,0
G36005500050,1950,New York,36,Monroe,055,,0050,,STCTY-36055 TRACT-    0050     IN ROCHESTER NY,115,65,70,50,110,110,140,140,120,60,130,75,70,10
G36005500051,1950,New York,36,Monroe,055,,0051,,STCTY-36055 TRACT-    0051     IN ROCHESTER NY,80,25,35,65,75,65,125,70,80,15,50,35,35,15
G36005500052,1950,New York,36,Monroe,055,,0052,,STCTY-36055 TRACT-    0052     IN ROCHESTER NY,125,65,95,70,105,105,185,100,90,90,120,75,55,20
G36005500053,1950,New York,36,Monroe,055,,0053,,STCTY-36055 TRACT-    0053     IN ROCHESTER NY,105,10,30,50,85,85,110,75,90,40,55,20,25,15
G36005500054,1950,New York,36,Monroe,055,,0054,,STCTY-36055 TRACT-    0054     IN ROCHESTER NY,80,40,40,65,70,145,215,175,140,120,130,105,80,30
G36005500055,1950,New York,36,Monroe,055,,0055,,STCTY-36055 TRACT-    0055     IN ROCHESTER NY,165,55,55,75,70,115,110,45,65,65,65,45,45,0
G36005500056,1950,New York,36,Monroe,055,,0056,,STCTY-36055 TRACT-    0056     IN ROCHESTER NY,155,25,75,50,80,125,125,130,105,70,65,65,20,15
G36005500057,1950,New York,36,Monroe,055,,0057,,STCTY-36055 TRACT-    0057     IN ROCHESTER NY,120,70,45,45,110,105,110,85,70,40,80,45,35,10
G36005500058,1950,New York,36,Monroe,055,,0058,,STCTY-36055 TRACT-    0058     IN ROCHESTER NY,170,80,45,40,115,120,240,135,140,120,150,75,85,35
G36005500059,1950,New York,36,Monroe,055,,0059,,STCTY-36055 TRACT-    0059     IN ROCHESTER NY,90,70,90,85,130,155,160,140,85,35,95,35,35,5
G36005500060,1950,New York,36,Monroe,055,,0060,,STCTY-36055 TRACT-    0060     IN ROCHESTER NY,75,55,50,45,80,130,185,125,125,105,210,140,100,30
G36005500061,1950,New York,36,Monroe,055,,0061,,STCTY-36055 TRACT-    0061     IN ROCHESTER NY,20,20,30,55,50,60,110,55,90,85,120,40,65,25
G36005500062,1950,New York,36,Monroe,055,,0062,,STCTY-36055 TRACT-    0062     IN ROCHESTER NY,85,65,40,40,105,120,95,145,145,70,155,90,140,45
G36005500063,1950,New York,36,Monroe,055,,0063,,STCTY-36055 TRACT-    0063     IN ROCHESTER NY,250,45,55,70,150,125,145,105,125,100,155,60,130,70
G36005500064,1950,New York,36,Monroe,055,,0064,,STCTY-36055 TRACT-    0064     IN ROCHESTER NY,130,105,70,75,140,210,230,165,125,100,145,85,55,25
G36005500065,1950,New York,36,Monroe,055,,0065,,STCTY-36055 TRACT-    0065     IN ROCHESTER NY,110,80,85,40,95,175,130,90,45,50,130,60,75,10
G36005500066,1950,New York,36,Monroe,055,,0066,,STCTY-36055 TRACT-    0066     IN ROCHESTER NY,105,65,30,80,65,105,155,90,105,65,75,50,50,15
G36005500067,1950,New York,36,Monroe,055,,0067,,STCTY-36055 TRACT-    0067     IN ROCHESTER NY,90,15,35,60,95,95,130,135,75,70,160,100,130,75
G36005500068,1950,New York,36,Monroe,055,,0068,,STCTY-36055 TRACT-    0068     IN ROCHESTER NY,80,40,20,20,70,95,165,110,95,135,125,95,85,20
G36005500069,1950,New York,36,Monroe,055,,0069,,STCTY-36055 TRACT-    0069     IN ROCHESTER NY,125,25,40,40,110,135,150,65,45,40,130,50,30,0
G36005500070,1950,New York,36,Monroe,055,,0070,,STCTY-36055 TRACT-    0070     IN ROCHESTER NY,105,65,40,90,50,100,150,110,85,90,100,90,55,15
G36005500071,1950,New York,36,Monroe,055,,0071,,STCTY-36055 TRACT-    0071     IN ROCHESTER NY,85,35,50,70,40,70,165,135,120,95,135,115,110,40
G36005500072,1950,New York,36,Monroe,055,,0072,,STCTY-36055 TRACT-    0072     IN ROCHESTER NY,50,40,30,20,45,50,35,30,30,15,15,10,15,5
G36005500073,1950,New York,36,Monroe,055,,0073,,STCTY-36055 TRACT-    0073     IN ROCHESTER NY,50,20,25,35,45,30,105,55,40,40,85,35,25,0
G36005500074,1950,New York,36,Monroe,055,,0074,,STCTY-36055 TRACT-    0074     IN ROCHESTER NY,70,45,55,30,60,75,140,85,40,65,75,25,25,20
G36005500075,1950,New York,36,Monroe,055,,0075,,STCTY-36055 TRACT-    0075     IN ROCHESTER NY,140,80,75,120,140,140,215,110,115,85,120,50,75,25
G36005500076,1950,New York,36,Monroe,055,,0076,,STCTY-36055 TRACT-    0076     IN ROCHESTER NY,120,50,40,55,90,95,105,100,110,90,100,70,80,45
G36005500077,1950,New York,36,Monroe,055,,0077,,STCTY-36055 TRACT-    0077     IN ROCHESTER NY,65,40,20,55,35,80,80,105,65,35,115,50,65,60
G36005500078,1950,New York,36,Monroe,055,,0078,,STCTY-36055 TRACT-    0078     IN ROCHESTER NY,180,50,65,95,60,120,95,65,110,75,150,80,175,350
G36005500079,1950,New York,36,Monroe,055,,0079,,STCTY-36055 TRACT-    0079     IN ROCHESTER NY,65,25,50,5,60,120,105,55,50,80,90,55,75,30
G36005500080,1950,New York,36,Monroe,055,,0080,,STCTY-36055 TRACT-    0080     IN ROCHESTER NY,150,30,55,40,95,170,220,140,85,35,75,30,25,15
G36005500081,1950,New York,36,Monroe,055,,0081,,STCTY-36055 TRACT-    0081     IN ROCHESTER NY,75,25,45,25,85,115,125,140,130,105,165,105,60,10
G36005500082,1950,New York,36,Monroe,055,,0082,,STCTY-36055 TRACT-    0082     IN ROCHESTER NY,25,15,40,60,60,115,205,125,90,60,100,100,75,25
G36005500083,1950,New York,36,Monroe,055,,0083,,STCTY-36055 TRACT-    0083     IN ROCHESTER NY,35,20,30,45,70,120,185,160,100,95,130,30,50,30
G36005500084,1950,New York,36,Monroe,055,,0084,,STCTY-36055 TRACT-    0084     IN ROCHESTER NY,60,20,20,35,85,100,115,95,80,60,80,35,45,35
G36005500085,1950,New York,36,Monroe,055,,0085,,STCTY-36055 TRACT-    0085     IN ROCHESTER NY,55,35,55,10,55,95,135,110,60,90,105,125,60,45
G36005500086,1950,New York,36,Monroe,055,,0086,,STCTY-36055 TRACT-    0086     IN ROCHESTER NY,65,35,30,20,35,70,110,90,120,100,205,135,155,65
G36005500087,1950,New York,36,Monroe,055,,0087,,STCTY-36055 TRACT-    0087     IN ROCHESTER NY,90,60,80,115,170,260,320,180,190,120,125,90,100,20
G36005500088,1950,New York,36,Monroe,055,,0088,,STCTY-36055 TRACT-    0088     IN ROCHESTER NY,35,5,15,15,35,30,105,95,65,45,65,25,50,25
G36005500089,1950,New York,36,Monroe,055,,0089,,STCTY-36055 TRACT-    0089     IN ROCHESTER NY,0,0,0,0,0,0,0,0,0,0,0,0,0,0
G36006100001,1950,New York,36,New York,061,,0001,,STCTY-36061 TRACT-    0001     IN NEW YORK NY,0,5,0,0,0,5,10,15,0,5,5,0,0,0
G36006100002,1950,New York,36,New York,061,,0002,,STCTY-36061 TRACT-    0002     IN NEW YORK NY,225,125,205,200,310,345,210,155,120,80,100,35,10,5
G36006100003,1950,New York,36,New York,061,,0003,,STCTY-36061 TRACT-    0003     IN NEW YORK NY,0,0,0,0,0,0,5,0,0,0,0,0,5,0
G36006100004,1950,New York,36,New York,061,,0004,,STCTY-36061 TRACT-    0004     IN NEW YORK NY,430,310,235,240,280,300,300,180,145,85,160,70,60,30
G36006100005,1950,New York,36,New York,061,,0005,,STCTY-36061 TRACT-    0005     IN NEW YORK NY,155,160,350,135,60,90,80,55,45,45,45,55,45,0
G36006100006,1950,New York,36,New York,061,,0006,,STCTY-36061 TRACT-    0006     IN NEW YORK NY,490,365,415,370,425,340,365,175,230,95,155,50,75,20
G36006100007,1950,New York,36,New York,061,,0007,,STCTY-36061 TRACT-    0007     IN NEW YORK NY,75,30,65,45,10,5,0,0,5,0,0,0,0,5
G36006100008,1950,New York,36,New York,061,,0008,,STCTY-36061 TRACT-    0008     IN NEW YORK NY,555,260,225,345,450,370,525,280,290,160,270,140,140,55
G36006100009,1950,New York,36,New York,061,,0009,,STCTY-36061 TRACT-    0009     IN NEW YORK NY,185,80,80,65,60,15,20,20,5,0,5,0,0,0
G36006100010,1950,New York,36,New York,061,,0010,,STCTY-36061 TRACT-    0010     IN NEW YORK NY,285,75,155,65,145,90,105,70,35,40,25,15,20,10
G36006100011,1950,New York,36,New York,061,,0011,,STCTY-36061 TRACT-    0011     IN NEW YORK NY,0,0,0,0,0,0,0,0,0,0,0,0,0,0
G36006100012,1950,New York,36,New York,061,,0012,,STCTY-36061 TRACT-    0012     IN NEW YORK NY,640,195,215,240,305,270,260,205,120,105,120,80,70,40
G36006100013,1950,New York,36,New York,061,,0013,,STCTY-36061 TRACT-    0013     IN NEW YORK NY,45,15,20,30,40,40,20,35,45,55,40,20,30,5
G36006100014,1950,New York,36,New York,061,,0014,,STCTY-36061 TRACT-    0014     IN NEW YORK NY,815,265,265,300,505,295,315,190,150,70,125,80,50,25
G36006100015,1950,New York,36,New York,061,,0015,,STCTY-36061 TRACT-    0015     IN NEW YORK NY,5,10,0,5,5,0,0,0,0,0,0,0,0,0
G36006100016,1950,New York,36,New York,061,,0016,,STCTY-36061 TRACT-    0016     IN NEW YORK NY,810,495,355,460,470,280,205,100,90,20,55,30,20,5
G36006100017,1950,New York,36,New York,061,,0017,,STCTY-36061 TRACT-    0017     IN NEW YORK NY,0,0,0,0,0,5,0,0,5,0,0,0,0,0
G36006100018,1950,New York,36,New York,061,,0018,,STCTY-36061 TRACT-    0018     IN NEW YORK NY,1030,395,465,460,610,350,290,165,90,75,85,35,25,10
G36006100019,1950,New York,36,New York,061,,0019,,STCTY-36061 TRACT-    0019     IN NEW YORK NY,5,10,5,0,10,5,0,5,0,0,5,0,0,0
G36006100020,1950,New York,36,New York,061,,0020,,STCTY-36061 TRACT-    0020     IN NEW YORK NY,345,430,350,355,620,625,530,265,125,30,120,40,5,0
G36006100021,1950,New York,36,New York,061,,0021,,STCTY-36061 TRACT-    0021     IN NEW YORK NY,20,10,5,20,5,10,0,5,0,0,0,0,0,0
G36006100022,1950,New York,36,New York,061,,0022,,STCTY-36061 TRACT-    0022     IN NEW YORK NY,1140,575,440,485,585,480,465,235,225,90,185,80,70,25
G36006100023,1950,New York,36,New York,061,,0023,,STCTY-36061 TRACT-    0023     IN NEW YORK NY,15,5,20,15,15,10,20,5,0,5,0,0,5,0
G36006100024,1950,New York,36,New York,061,,0024,,STCTY-36061 TRACT-    0024     IN NEW YORK NY,55,55,105,145,420,440,260,95,20,10,15,0,0,5
G36006100025,1950,New York,36,New York,061,,0025,,STCTY-36061 TRACT-    0025     IN NEW YORK NY,80,100,110,210,240,230,210,65,20,5,35,10,15,0
G36006100026,1950,New York,36,New York,061,,0026,,STCTY-36061 TRACT-    0026     IN NEW YORK NY,1125,565,515,670,675,700,590,395,345,165,285,155,110,20
G36006100027,1950,New York,36,New York,061,,0027,,STCTY-36061 TRACT-    0027     IN NEW YORK NY,155,55,85,115,110,105,115,55,85,45,75,35,70,20
G36006100028,1950,New York,36,New York,061,,0028,,STCTY-36061 TRACT-    0028     IN NEW YORK NY,620,355,280,400,465,305,340,245,175,140,135,105,55,55
G36006100029,1950,New York,36,New York,061,,0029,,STCTY-36061 TRACT-    0029     IN NEW YORK NY,0,5,5,0,5,5,0,5,0,0,5,0,0,0
G36006100030,1950,New York,36,New York,061,,0030,,STCTY-36061 TRACT-    0030     IN NEW YORK NY,1015,435,490,455,690,500,475,315,210,150,215,110,80,15
G36006100031,1950,New York,36,New York,061,,0031,,STCTY-36061 TRACT-    0031     IN NEW YORK NY,10,0,5,5,0,5,5,0,0,0,0,0,5,0
G36006100032,1950,New York,36,New York,061,,0032,,STCTY-36061 TRACT-    0032     IN NEW YORK NY,720,320,330,305,530,485,500,260,285,165,285,135,185,80
G36006100033,1950,New York,36,New York,061,,0033,,STCTY-36061 TRACT-    0033     IN NEW YORK NY,0,5,0,10,5,0,0,0,0,0,0,0,0,0
G36006100034,1950,New York,36,New York,061,,0034,,STCTY-36061 TRACT-    0034     IN NEW YORK NY,685,365,275,410,550,380,505,245,170,95,150,35,100,5
G36006100035,1950,New York,36,New York,061,,0035,,STCTY-36061 TRACT-    0035     IN NEW YORK NY,5,10,5,0,15,5,0,0,0,5,0,0,0,0
G36006100036,1950,New York,36,New York,061,,0036,,STCTY-36061 TRACT-    0036     IN NEW YORK NY,1240,540,385,365,445,270,250,145,100,45,155,50,35,0
G36006100037,1950,New York,36,New York,061,,0037,,STCTY-36061 TRACT-    0037     IN NEW YORK NY,0,0,0,0,0,5,0,0,0,0,0,0,0,0
G36006100038,1950,New York,36,New York,061,,0038,,STCTY-36061 TRACT-    0038     IN NEW YORK NY,965,450,410,455,630,465,600,290,270,120,255,135,135,35
G36006100039,1950,New York,36,New York,061,,0039,,STCTY-36061 TRACT-    0039     IN NEW YORK NY,20,5,15,10,25,15,25,5,0,5,5,5,0,0
G36006100040,1950,New York,36,New York,061,,0040,,STCTY-36061 TRACT-    0040     IN NEW YORK NY,950,445,450,590,630,400,405,245,195,145,220,120,110,85
G36006100041,1950,New York,36,New York,061,,0041,,STCTY-36061 TRACT-    0041     IN NEW YORK NY,730,365,295,330,385,305,290,195,130,100,165,50,40,20
G36006100042,1950,New York,36,New York,061,,0042,,STCTY-36061 TRACT-    0042     IN NEW YORK NY,100,135,55,85,75,50,40,10,0,5,10,5,10,0
G36006100043,1950,New York,36,New York,061,,0043,,STCTY-36061 TRACT-    0043     IN NEW YORK NY,610,375,260,165,250,260,240,150,85,85,90,45,45,20
G36006100044,1950,New York,36,New York,061,,0044,,STCTY-36061 TRACT-    0044     IN NEW YORK NY,160,75,115,65,115,230,555,665,955,710,1860,1235,1335,335
G36006100045,1950,New York,36,New York,061,,0045,,STCTY-36061 TRACT-    0045     IN NEW YORK NY,5,15,5,15,10,25,10,10,0,5,5,5,0,0
G36006100047,1950,New York,36,New York,061,,0047,,STCTY-36061 TRACT-    0047     IN NEW YORK NY,125,45,50,60,115,95,95,75,60,30,55,15,45,10
G36006100048,1950,New York,36,New York,061,,0048,,STCTY-36061 TRACT-    0048     IN NEW YORK NY,510,360,270,425,550,425,390,180,255,80,210,70,125,105
G36006100049,1950,New York,36,New York,061,,0049,,STCTY-36061 TRACT-    0049     IN NEW YORK NY,230,60,145,145,175,140,210,115,80,55,50,35,40,10
G36006100050,1950,New York,36,New York,061,,0050,,STCTY-36061 TRACT-    0050     IN NEW YORK NY,360,255,225,265,265,225,305,185,115,95,170,60,120,185
G36006100051,1950,New York,36,New York,061,,0051,,STCTY-36061 TRACT-    0051     IN NEW YORK NY,110,30,65,100,100,95,115,40,60,55,80,40,90,30
G36006100052,1950,New York,36,New York,061,,0052,,STCTY-36061 TRACT-    0052     IN NEW YORK NY,15,20,15,5,15,10,15,0,15,5,10,0,5,10
G36006100053,1950,New York,36,New York,061,,0053,,STCTY-36061 TRACT-    0053     IN NEW YORK NY,10,10,5,25,25,10,10,5,0,0,0,0,0,0
G36006100054,1950,New York,36,New York,061,,0054,,STCTY-36061 TRACT-    0054     IN NEW YORK NY,100,35,25,50,45,40,50,30,25,25,35,10,50,20
G36006100055,1950,New York,36,New York,061,,0055,,STCTY-36061 TRACT-    0055     IN NEW YORK NY,240,170,105,65,45,50,40,30,40,10,25,0,10,0
G36006100056,1950,New York,36,New York,061,,0056,,STCTY-36061 TRACT-    0056     IN NEW YORK NY,115,65,55,75,70,70,115,60,45,35,75,20,35,25
G36006100057,1950,New York,36,New York,061,,0057,,STCTY-36061 TRACT-    0057     IN NEW YORK NY,50,10,15,5,20,10,15,5,20,0,0,5,5,0
G36006100058,1950,New York,36,New York,061,,0058,,STCTY-36061 TRACT-    0058     IN NEW YORK NY,20,5,35,25,0,20,30,15,15,5,15,10,0,5
G36006100059,1950,New York,36,New York,061,,0059,,STCTY-36061 TRACT-    0059     IN NEW YORK NY,165,40,40,75,120,110,175,100,115,45,220,110,260,480
G36006100060,1950,New York,36,New York,061,,0060,,STCTY-36061 TRACT-    0060     IN NEW YORK NY,85,35,5,30,45,30,75,40,85,70,205,230,675,785
G36006100061,1950,New York,36,New York,061,,0061,,STCTY-36061 TRACT-    0061     IN NEW YORK NY,160,80,60,95,95,115,130,80,85,85,125,85,200,175
G36006100062,1950,New York,36,New York,061,,0062,,STCTY-36061 TRACT-    0062     IN NEW YORK NY,505,45,40,25,25,40,15,5,0,0,5,5,0,0
G36006100063,1950,New York,36,New York,061,,0063,,STCTY-36061 TRACT-    0063     IN NEW YORK NY,425,110,175,135,200,250,290,125,175,120,305,180,300,545
G36006100064,1950,New York,36,New York,061,,0064,,STCTY-36061 TRACT-    0064     IN NEW YORK NY,385,230,165,270,285,255,250,130,120,120,175,100,110,160
G36006100065,1950,New York,36,New York,061,,0065,,STCTY-36061 TRACT-    0065     IN NEW YORK NY,510,180,220,270,330,430,375,160,175,120,230,90,120,215
G36006100066,1950,New York,36,New York,061,,0066,,STCTY-36061 TRACT-    0066     IN NEW YORK NY,650,395,385,525,745,525,390,225,215,130,195,75,40,15
G36006100067,1950,New York,36,New York,061,,0067,,STCTY-36061 TRACT-    0067     IN NEW YORK NY,490,115,140,235,390,290,460,270,175,155,240,80,170,70
G36006100068,1950,New York,36,New York,061,,0068,,STCTY-36061 TRACT-    0068     IN NEW YORK NY,280,135,225,250,435,355,245,215,175,90,200,95,140,260
G36006100069,1950,New York,36,New York,061,,0069,,STCTY-36061 TRACT-    0069     IN NEW YORK NY,35,15,15,5,35,10,15,20,5,20,5,0,0,5
G36006100070,1950,New York,36,New York,061,,0070,,STCTY-36061 TRACT-    0070     IN NEW YORK NY,530,405,310,305,505,330,425,220,270,110,220,110,110,50
G36006100071,1950,New York,36,New York,061,,0071,,STCTY-36061 TRACT-    0071     IN NEW YORK NY,270,265,245,175,350,455,335,205,155,150,275,170,250,160
G36006100072,1950,New York,36,New York,061,,0072,,STCTY-36061 TRACT-    0072     IN NEW YORK NY,435,330,305,550,505,485,370,220,170,80,200,65,75,125
G36006100073,1950,New York,36,New York,061,,0073,,STCTY-36061 TRACT-    0073     IN NEW YORK NY,490,215,250,285,460,545,560,285,305,190,365,195,295,160
G36006100074,1950,New York,36,New York,061,,0074,,STCTY-36061 TRACT-    0074     IN NEW YORK NY,205,55,90,110,170,180,165,100,75,70,135,30,80,235
G36006100075,1950,New York,36,New York,061,,0075,,STCTY-36061 TRACT-    0075     IN NEW YORK NY,165,55,60,85,150,135,100,90,65,10,65,15,30,10
G36006100076,1950,New York,36,New York,061,,0076,,STCTY-36061 TRACT-    0076     IN NEW YORK NY,160,55,95,130,145,140,95,85,60,20,105,35,35,45
G36006100077,1950,New York,36,New York,061,,0077,,STCTY-36061 TRACT-    0077     IN NEW YORK NY,395,290,175,240,290,345,390,320,255,165,345,200,345,160
G36006100078,1950,New York,36,New York,061,,0078,,STCTY-36061 TRACT-    0078     IN NEW YORK NY,170,195,195,155,230,230,200,120,130,75,130,75,85,75
G36006100079,1950,New York,36,New York,061,,0079,,STCTY-36061 TRACT-    0079     IN NEW YORK NY,165,100,115,135,140,140,155,105,90,40,95,25,55,20
G36006100080,1950,New York,36,New York,061,,0080,,STCTY-36061 TRACT-    0080     IN NEW YORK NY,400,190,235,185,350,275,340,165,225,120,290,180,415,490
G36006100081,1950,New York,36,New York,061,,0081,,STCTY-36061 TRACT-    0081     IN NEW YORK NY,470,335,335,395,515,450,445,225,205,165,245,150,280,75
G36006100082,1950,New York,36,New York,061,,0082,,STCTY-36061 TRACT-    0082     IN NEW YORK NY,175,40,55,70,85,75,150,30,45,65,90,50,160,315
G36006100083,1950,New York,36,New York,061,,0083,,STCTY-36061 TRACT-    0083     IN NEW YORK NY,145,120,190,235,300,275,195,120,115,100,55,35,60,10
G36006100084,1950,New York,36,New York,061,,0084,,STCTY-36061 TRACT-    0084     IN NEW YORK NY,15,15,30,40,20,10,20,20,5,5,15,20,10,20
G36006100085,1950,New York,36,New York,061,,0085,,STCTY-36061 TRACT-    0085     IN NEW YORK NY,90,20,60,45,100,20,115,30,35,40,25,30,10,0
G36006100086,1950,New York,36,New York,061,,0086,,STCTY-36061 TRACT-    0086     IN NEW YORK NY,250,95,80,145,180,115,160,130,65,50,165,135,225,390
G36006100087,1950,New York,36,New York,061,,0087,,STCTY-36061 TRACT-    0087     IN NEW YORK NY,435,155,285,360,460,360,215,190,140,95,180,55,85,25
G36006100088,1950,New York,36,New York,061,,0088,,STCTY-36061 TRACT-    0088     IN NEW YORK NY,370,175,260,270,350,365,515,325,310,195,465,190,345,450
G36006100089,1950,New York,36,New York,061,,0089,,STCTY-36061 TRACT-    0089     IN NEW YORK NY,645,420,420,435,670,455,415,255,200,90,185,70,140,55
G36006100090,1950,New York,36,New York,061,,0090,,STCTY-36061 TRACT-    0090     IN NEW YORK NY,310,195,240,250,375,310,270,235,185,65,210,165,185,195
G36006100091,1950,New York,36,New York,061,,0091,,STCTY-36061 TRACT-    0091     IN NEW YORK NY,495,275,290,270,250,240,225,175,70,80,160,35,65,50
G36006100092,1950,New York,36,New York,061,,0092,,STCTY-36061 TRACT-    0092     IN NEW YORK NY,220,105,135,225,215,215,245,130,180,60,130,115,195,485
G36006100093,1950,New York,36,New York,061,,0093,,STCTY-36061 TRACT-    0093     IN NEW YORK NY,780,465,400,495,735,655,735,365,330,240,440,230,340,360
G36006100094,1950,New York,36,New York,061,,0094,,STCTY-36061 TRACT-    0094     IN NEW YORK NY,75,35,45,80,45,25,10,5,15,5,20,25,55,210
G36006100095,1950,New York,36,New York,061,,0095,,STCTY-36061 TRACT-    0095     IN NEW YORK NY,110,85,65,150,140,95,45,50,40,30,30,15,0,0
G36006100096,1950,New York,36,New York,061,,0096,,STCTY-36061 TRACT-    0096     IN NEW YORK NY,75,70,70,80,70,60,60,40,20,20,55,55,90,35
G36006100097,1950,New York,36,New York,061,,0097,,STCTY-36061 TRACT-    0097     IN NEW YORK NY,580,490,465,460,520,395,335,195,80,65,110,45,60,20
G36006100098,1950,New York,36,New York,061,,0098,,STCTY-36061 TRACT-    0098     IN NEW YORK NY,605,365,350,440,635,500,485,295,295,165,350,195,230,225
G36006100099,1950,New York,36,New York,061,,0099,,STCTY-36061 TRACT-    0099     IN NEW YORK NY,65,30,10,10,5,10,20,15,20,0,15,5,0,0
G36006100100,1950,New York,36,New York,061,,0100,,STCTY-36061 TRACT-    0100     IN NEW YORK NY,370,210,145,310,320,205,200,175,155,100,145,145,245,520
G36006100101,1950,New York,36,New York,061,,0101,,STCTY-36061 TRACT-    0101     IN NEW YORK NY,40,0,10,10,30,40,25,5,5,5,10,10,10,35
G36006100102,1950,New York,36,New York,061,,0102,,STCTY-36061 TRACT-    0102     IN NEW YORK NY,135,50,85,135,125,45,115,30,30,30,95,70,180,310
G36006100103,1950,New York,36,New York,061,,0103,,STCTY-36061 TRACT-    0103     IN NEW YORK NY,145,250,190,215,120,170,60,70,20,30,50,10,30,15
G36006100104,1950,New York,36,New York,061,,0104,,STCTY-36061 TRACT-    0104     IN NEW YORK NY,255,45,80,85,165,105,175,55,100,65,155,55,165,335
G36006100105,1950,New York,36,New York,061,,0105,,STCTY-36061 TRACT-    0105     IN NEW YORK NY,10,5,10,0,5,0,10,0,0,10,0,0,5,0
G36006100106,1950,New York,36,New York,061,,0106,,STCTY-36061 TRACT-    0106     IN NEW YORK NY,255,115,150,295,240,195,260,100,135,75,270,145,245,770
G36006100107,1950,New York,36,New York,061,,0107,,STCTY-36061 TRACT-    0107     IN NEW YORK NY,5,10,5,0,20,30,25,5,10,0,5,0,5,5
G36006100108,1950,New York,36,New York,061,,0108,,STCTY-36061 TRACT-    0108     IN NEW YORK NY,475,285,220,290,450,410,490,275,280,125,280,185,290,465
G36006100109,1950,New York,36,New York,061,,0109,,STCTY-36061 TRACT-    0109     IN NEW YORK NY,235,200,155,135,70,60,10,0,15,0,5,0,5,0
G36006100110,1950,New York,36,New York,061,,0110,,STCTY-36061 TRACT-    0110     IN NEW YORK NY,485,300,305,260,370,310,340,175,160,80,155,80,120,155
G36006100111,1950,New York,36,New York,061,,0111,,STCTY-36061 TRACT-    0111     IN NEW YORK NY,250,215,225,335,520,335,305,170,135,110,150,85,65,30
G36006100112,1950,New York,36,New York,061,,0112,,STCTY-36061 TRACT-    0112     IN NEW YORK NY,355,195,270,380,330,255,260,135,140,60,190,85,145,535
G36006100113,1950,New York,36,New York,061,,0113,,STCTY-36061 TRACT-    0113     IN NEW YORK NY,60,40,45,45,25,20,20,15,10,5,10,0,0,0
G36006100114,1950,New York,36,New York,061,,0114,,STCTY-36061 TRACT-    0114     IN NEW YORK NY,420,170,160,225,210,110,130,85,100,60,185,100,175,1275
G36006100115,1950,New York,36,New York,061,,0115,,STCTY-36061 TRACT-    0115     IN NEW YORK NY,205,190,120,130,170,100,115,85,55,40,75,30,20,0
G36006100116,1950,New York,36,New York,061,,0116,,STCTY-36061 TRACT-    0116     IN NEW YORK NY,300,140,195,235,350,335,300,215,140,65,90,55,45,30
G36006100117,1950,New York,36,New York,061,,0117,,STCTY-36061 TRACT-    0117     IN NEW YORK NY,55,40,30,20,25,15,40,15,15,0,0,5,0,0
G36006100118,1950,New York,36,New York,061,,0118,,STCTY-36061 TRACT-    0118     IN NEW YORK NY,450,325,295,365,440,355,415,245,205,115,160,85,185,225
G36006100119,1950,New York,36,New York,061,,0119,,STCTY-36061 TRACT-    0119     IN NEW YORK NY,215,115,165,195,125,155,115,70,45,40,80,25,20,65
G36006100120,1950,New York,36,New York,061,,0120,,STCTY-36061 TRACT-    0120     IN NEW YORK NY,340,175,205,325,135,85,115,70,75,50,85,50,95,570
G36006100121,1950,New York,36,New York,061,,0121,,STCTY-36061 TRACT-    0121     IN NEW YORK NY,645,335,385,530,535,470,495,235,185,135,165,75,120,50
G36006100122,1950,New York,36,New York,061,,0122,,STCTY-36061 TRACT-    0122     IN NEW YORK NY,275,135,220,485,250,135,180,110,85,60,150,105,145,1105
G36006100123,1950,New York,36,New York,061,,0123,,STCTY-36061 TRACT-    0123     IN NEW YORK NY,125,75,60,90,75,60,50,35,40,20,35,10,15,15
G36006100124,1950,New York,36,New York,061,,0124,,STCTY-36061 TRACT-    0124     IN NEW YORK NY,700,320,355,340,435,455,420,210,185,95,120,70,65,60
G36006100125,1950,New York,36,New York,061,,0125,,STCTY-36061 TRACT-    0125     IN NEW YORK NY,400,210,270,280,265,190,190,145,80,40,60,50,60,65
G36006100126,1950,New York,36,New York,061,,0126,,STCTY-36061 TRACT-    0126     IN NEW YORK NY,755,330,320,455,510,480,485,320,280,185,420,170,185,525
G36006100127,1950,New York,36,New York,061,,0127,,STCTY-36061 TRACT-    0127     IN NEW YORK NY,675,390,485,585,620,475,475,250,215,155,215,100,95,25
G36006100128,1950,New York,36,New York,061,,0128,,STCTY-36061 TRACT-    0128     IN NEW YORK NY,460,135,345,415,215,170,160,95,140,55,115,130,120,745
G36006100129,1950,New York,36,New York,061,,0129,,STCTY-36061 TRACT-    0129     IN NEW YORK NY,280,105,115,130,165,190,160,70,90,35,65,30,15,0
G36006100130,1950,New York,36,New York,061,,0130,,STCTY-36061 TRACT-    0130     IN NEW YORK NY,250,130,305,615,325,120,95,60,60,25,130,55,170,1300
G36006100131,1950,New York,36,New York,061,,0131,,STCTY-36061 TRACT-    0131     IN NEW YORK NY,175,140,90,80,80,60,90,20,40,30,35,40,45,65
G36006100132,1950,New York,36,New York,061,,0132,,STCTY-36061 TRACT-    0132     IN NEW YORK NY,580,425,355,495,565,480,485,225,250,170,225,80,75,35
G36006100133,1950,New York,36,New York,061,,0133,,STCTY-36061 TRACT-    0133     IN NEW YORK NY,495,485,485,635,505,395,315,235,200,90,125,75,90,30
G36006100134,1950,New York,36,New York,061,,0134,,STCTY-36061 TRACT-    0134     IN NEW YORK NY,675,445,450,475,685,630,495,385,335,205,295,200,240,225
G36006100135,1950,New York,36,New York,061,,0135,,STCTY-36061 TRACT-    0135     IN NEW YORK NY,95,15,55,85,110,90,60,35,30,20,35,20,15,0
G36006100136,1950,New York,36,New York,061,,0136,,STCTY-36061 TRACT-    0136     IN NEW YORK NY,590,320,385,480,660,510,550,290,320,180,360,115,150,220
G36006100137,1950,New York,36,New York,061,,0137,,STCTY-36061 TRACT-    0137     IN NEW YORK NY,635,260,210,270,360,290,405,290,275,90,360,270,490,1230
G36006100138,1950,New York,36,New York,061,,0138,,STCTY-36061 TRACT-    0138     IN NEW YORK NY,735,595,435,495,680,665,565,365,300,205,280,145,165,170
G36006100139,1950,New York,36,New York,061,,0139,,STCTY-36061 TRACT-    0139     IN NEW YORK NY,690,445,510,565,710,490,500,305,320,170,385,260,310,440
G36006100140,1950,New York,36,New York,061,,0140,,STCTY-36061 TRACT-    0140     IN NEW YORK NY,440,230,260,435,510,195,285,120,175,85,205,140,265,1215
G36006100141,1950,New York,36,New York,061,,0141,,STCTY-36061 TRACT-    0141     IN NEW YORK NY,30,15,20,10,5,15,25,25,5,15,0,0,5,0
G36006100142,1950,New York,36,New York,061,,0142,,STCTY-36061 TRACT-    0142     IN NEW YORK NY,310,175,320,510,255,130,170,85,100,60,170,95,180,1070
G36006100143,1950,New York,36,New York,061,,0143,,STCTY-36061 TRACT-    0143     IN NEW YORK NY,0,0,0,0,0,0,0,0,0,0,0,0,0,0
G36006100144,1950,New York,36,New York,061,,0144,,STCTY-36061 TRACT-    0144     IN NEW YORK NY,495,275,250,270,415,290,385,265,255,190,275,165,150,430
G36006100145,1950,New York,36,New York,061,,0145,,STCTY-36061 TRACT-    0145     IN NEW YORK NY,545,235,235,300,340,230,260,110,115,60,105,10,70,165
G36006100146,1950,New York,36,New York,061,,0146,,STCTY-36061 TRACT-    0146     IN NEW YORK NY,555,320,395,410,600,600,665,320,240,115,340,115,90,40
G36006100147,1950,New York,36,New York,061,,0147,,STCTY-36061 TRACT-    0147     IN NEW YORK NY,100,90,65,65,65,90,35,25,25,25,5,15,0,5
G36006100148,1950,New York,36,New York,061,,0148,,STCTY-36061 TRACT-    0148     IN NEW YORK NY,485,195,335,460,430,385,315,190,235,80,255,135,195,700
G36006100149,1950,New York,36,New York,061,,0149,,STCTY-36061 TRACT-    0149     IN NEW YORK NY,710,430,450,465,610,490,340,290,185,105,210,110,155,360
G36006100150,1950,New York,36,New York,061,,0150,,STCTY-36061 TRACT-    0150     IN NEW YORK NY,330,200,315,495,255,125,125,60,85,65,180,145,260,1575
G36006100151,1950,New York,36,New York,061,,0151,,STCTY-36061 TRACT-    0151     IN NEW YORK NY,120,75,155,150,275,300,380,115,30,15,25,0,0,0
G36006100152,1950,New York,36,New York,061,,0152,,STCTY-36061 TRACT-    0152     IN NEW YORK NY,40,35,75,65,105,65,130,60,75,30,85,30,85,90
G36006100153,1950,New York,36,New York,061,,0153,,STCTY-36061 TRACT-    0153     IN NEW YORK NY,570,350,365,585,675,430,340,205,235,95,320,170,180,500
G36006100154,1950,New York,36,New York,061,,0154,,STCTY-36061 TRACT-    0154     IN NEW YORK NY,415,205,230,275,395,415,395,210,190,145,190,120,110,10
G36006100155,1950,New York,36,New York,061,,0155,,STCTY-36061 TRACT-    0155     IN NEW YORK NY,385,235,240,220,370,385,330,170,180,100,130,80,125,65
G36006100156,1950,New York,36,New York,061,,0156,,STCTY-36061 TRACT-    0156     IN NEW YORK NY,655,225,195,335,375,325,245,160,165,115,125,70,40,5
G36006100157,1950,New York,36,New York,061,,0157,,STCTY-36061 TRACT-    0157     IN NEW YORK NY,1035,450,565,655,710,675,585,365,405,185,465,290,365,690
G36006100158,1950,New York,36,New York,061,,0158,,STCTY-36061 TRACT-    0158     IN NEW YORK NY,570,230,555,480,530,375,470,250,200,145,275,120,215,635
G36006100159,1950,New York,36,New York,061,,0159,,STCTY-36061 TRACT-    0159     IN NEW YORK NY,575,330,340,405,520,400,380,275,255,150,370,270,350,620
G36006100160,1950,New York,36,New York,061,,0160,,STCTY-36061 TRACT-    0160     IN NEW YORK NY,505,215,285,355,290,300,245,160,190,90,200,165,215,960
G36006100161,1950,New York,36,New York,061,,0161,,STCTY-36061 TRACT-    0161     IN NEW YORK NY,650,520,655,755,865,545,540,245,275,175,320,145,215,415
G36006100162,1950,New York,36,New York,061,,0162,,STCTY-36061 TRACT-    0162     IN NEW YORK NY,205,190,230,200,255,320,165,90,50,45,30,15,5,0
G36006100163,1950,New York,36,New York,061,,0163,,STCTY-36061 TRACT-    0163     IN NEW YORK NY,790,360,480,440,500,435,345,230,200,160,375,220,340,810
G36006100164,1950,New York,36,New York,061,,0164,,STCTY-36061 TRACT-    0164     IN NEW YORK NY,795,500,570,730,685,325,235,180,140,80,45,35,25,10
G36006100165,1950,New York,36,New York,061,,0165,,STCTY-36061 TRACT-    0165     IN NEW YORK NY,685,360,365,585,565,550,365,200,265,130,295,180,330,650
G36006100166,1950,New York,36,New York,061,,0166,,STCTY-36061 TRACT-    0166     IN NEW YORK NY,855,430,585,370,545,280,220,190,120,50,60,40,15,5
G36006100167,1950,New York,36,New York,061,,0167,,STCTY-36061 TRACT-    0167     IN NEW YORK NY,415,330,390,410,465,300,325,175,190,100,265,145,270,620
G36006100168,1950,New York,36,New York,061,,0168,,STCTY-36061 TRACT-    0168     IN NEW YORK NY,1320,370,555,675,580,345,315,165,95,105,100,60,70,120
G36006100169,1950,New York,36,New York,061,,0169,,STCTY-36061 TRACT-    0169     IN NEW YORK NY,1060,445,620,765,900,545,500,335,200,165,360,190,320,690
G36006100170,1950,New York,36,New York,061,,0170,,STCTY-36061 TRACT-    0170     IN NEW YORK NY,590,370,260,320,590,665,530,295,195,135,150,65,70,15
G36006100171,1950,New York,36,New York,061,,0171,,STCTY-36061 TRACT-    0171     IN NEW YORK NY,980,345,405,475,550,550,460,255,225,110,345,170,310,1015
G36006100172,1950,New York,36,New York,061,,0172,,STCTY-36061 TRACT-    0172     IN NEW YORK NY,840,285,315,585,585,305,195,85,105,40,95,55,25,10
G36006100173,1950,New York,36,New York,061,,0173,,STCTY-36061 TRACT-    0173     IN NEW YORK NY,855,425,325,440,805,730,665,305,220,80,275,165,320,680
G36006100174,1950,New York,36,New York,061,,0174,,STCTY-36061 TRACT-    0174     IN NEW YORK NY,1295,745,805,745,705,335,240,135,70,55,80,60,50,0
G36006100175,1950,New York,36,New York,061,,0175,,STCTY-36061 TRACT-    0175     IN NEW YORK NY,695,285,365,375,580,365,300,210,260,125,500,225,365,1150
G36006100176,1950,New York,36,New York,061,,0176,,STCTY-36061 TRACT-    0176     IN NEW YORK NY,0,0,0,0,0,0,0,0,0,0,0,0,0,0
G36006100177,1950,New York,36,New York,061,,0177,,STCTY-36061 TRACT-    0177     IN NEW YORK NY,875,400,610,580,890,545,550,345,285,125,295,190,245,690
G36006100178,1950,New York,36,New York,061,,0178,,STCTY-36061 TRACT-    0178     IN NEW YORK NY,255,290,240,220,295,315,420,210,120,95,135,85,75,0
G36006100179,1950,New York,36,New York,061,,0179,,STCTY-36061 TRACT-    0179     IN NEW YORK NY,670,335,385,410,555,485,530,245,235,95,385,160,400,725
G36006100180,1950,New York,36,New York,061,,0180,,STCTY-36061 TRACT-    0180     IN NEW YORK NY,545,380,380,485,725,420,435,195,140,70,95,50,20,10
G36006100181,1950,New York,36,New York,061,,0181,,STCTY-36061 TRACT-    0181     IN NEW YORK NY,900,515,570,630,820,645,640,325,265,180,320,175,325,390
G36006100182,1950,New York,36,New York,061,,0182,,STCTY-36061 TRACT-    0182     IN NEW YORK NY,475,260,355,460,745,390,355,170,95,55,60,30,30,10
G36006100183,1950,New York,36,New York,061,,0183,,STCTY-36061 TRACT-    0183     IN NEW YORK NY,910,535,425,465,580,530,510,415,275,160,425,260,325,440
G36006100184,1950,New York,36,New York,061,,0184,,STCTY-36061 TRACT-    0184     IN NEW YORK NY,1190,655,740,750,750,355,280,145,115,60,40,10,15,0
G36006100185,1950,New York,36,New York,061,,0185,,STCTY-36061 TRACT-    0185     IN NEW YORK NY,1005,455,525,520,810,615,650,355,320,130,260,145,125,35
G36006100186,1950,New York,36,New York,061,,0186,,STCTY-36061 TRACT-    0186     IN NEW YORK NY,770,375,460,550,475,215,105,115,45,35,50,5,40,20
G36006100187,1950,New York,36,New York,061,,0187,,STCTY-36061 TRACT-    0187     IN NEW YORK NY,1000,480,400,430,515,435,485,345,275,185,345,195,385,470
G36006100188,1950,New York,36,New York,061,,0188,,STCTY-36061 TRACT-    0188     IN NEW YORK NY,395,310,295,340,515,325,385,265,240,105,155,65,60,20
G36006100189,1950,New York,36,New York,061,,0189,,STCTY-36061 TRACT-    0189     IN NEW YORK NY,905,460,545,740,1085,800,595,310,260,110,260,95,125,105
G36006100190,1950,New York,36,New York,061,,0190,,STCTY-36061 TRACT-    0190     IN NEW YORK NY,760,470,570,580,565,280,225,65,65,30,30,10,5,5
G36006100191,1950,New York,36,New York,061,,0191,,STCTY-36061 TRACT-    0191     IN NEW YORK NY,775,350,310,435,590,315,475,330,215,155,405,250,390,480
G36006100192,1950,New York,36,New York,061,,0192,,STCTY-36061 TRACT-    0192     IN NEW YORK NY,135,95,70,155,180,200,115,130,90,45,75,30,55,10
G36006100193,1950,New York,36,New York,061,,0193,,STCTY-36061 TRACT-    0193     IN NEW YORK NY,585,370,410,440,805,595,505,300,250,140,225,135,70,55
G36006100194,1950,New York,36,New York,061,,0194,,STCTY-36061 TRACT-    0194     IN NEW YORK NY,605,415,275,375,465,435,420,235,160,105,110,75,65,20
G36006100195,1950,New York,36,New York,061,,0195,,STCTY-36061 TRACT-    0195     IN NEW YORK NY,920,250,295,360,475,315,445,235,195,105,325,205,325,410
G36006100196,1950,New York,36,New York,061,,0196,,STCTY-36061 TRACT-    0196     IN NEW YORK NY,590,365,475,485,405,195,130,80,75,10,50,5,0,0
G360061001970,1950,New York,36,New York,061,,0197,0,STCTY-36061 TRACT-    0197.0   IN NEW YORK NY,30,25,35,50,10,0,0,5,5,0,0,0,0,5
G360061001971,1950,New York,36,New York,061,,0197,1,STCTY-36061 TRACT-    0197.1   IN NEW YORK NY,310,155,235,235,225,165,100,90,50,10,10,0,5,0
G36006100198,1950,New York,36,New York,061,,0198,,STCTY-36061 TRACT-    0198     IN NEW YORK NY,490,230,235,350,330,190,210,110,40,40,25,25,25,10
G36006100199,1950,New York,36,New York,061,,0199,,STCTY-36061 TRACT-    0199     IN NEW YORK NY,1375,425,575,445,680,655,585,320,310,130,355,155,265,250
G36006100200,1950,New York,36,New York,061,,0200,,STCTY-36061 TRACT-    0200     IN NEW YORK NY,575,380,445,660,635,355,200,95,55,60,65,10,25,20
G360061002010,1950,New York,36,New York,061,,0201,0,STCTY-36061 TRACT-    0201.0   IN NEW YORK NY,305,120,165,130,165,115,145,85,40,40,90,45,105,50
G360061002011,1950,New York,36,New York,061,,0201,1,STCTY-36061 TRACT-    0201.1   IN NEW YORK NY,340,405,440,505,390,270,190,90,55,30,85,10,10,5
G36006100202,1950,New York,36,New York,061,,0202,,STCTY-36061 TRACT-    0202     IN NEW YORK NY,215,280,180,145,145,135,100,40,55,15,35,10,30,20
G36006100203,1950,New York,36,New York,061,,0203,,STCTY-36061 TRACT-    0203     IN NEW YORK NY,810,555,390,305,265,160,105,50,30,35,30,25,50,25
G36006100204,1950,New York,36,New York,061,,0204,,STCTY-36061 TRACT-    0204     IN NEW YORK NY,295,210,220,225,185,85,80,25,30,5,30,10,5,5
G36006100205,1950,New York,36,New York,061,,0205,,STCTY-36061 TRACT-    0205     IN NEW YORK NY,700,265,280,235,295,215,240,165,105,70,180,150,265,235
G36006100206,1950,New York,36,New York,061,,0206,,STCTY-36061 TRACT-    0206     IN NEW YORK NY,895,350,485,605,540,240,165,90,55,20,30,5,35,5
G360061002070,1950,New York,36,New York,061,,0207,0,STCTY-36061 TRACT-    0207.0   IN NEW YORK NY,340,195,150,140,195,235,235,155,150,100,205,75,160,95
G360061002071,1950,New York,36,New York,061,,0207,1,STCTY-36061 TRACT-    0207.1   IN NEW YORK NY,450,415,510,600,525,295,225,100,60,25,50,20,10,5
G36006100208,1950,New York,36,New York,061,,0208,,STCTY-36061 TRACT-    0208     IN NEW YORK NY,1735,925,925,1000,905,375,200,85,70,35,75,15,10,5
G360061002090,1950,New York,36,New York,061,,0209,0,STCTY-36061 TRACT-    0209.0   IN NEW YORK NY,445,230,210,200,370,195,150,80,70,40,25,20,15,10
G360061002091,1950,New York,36,New York,061,,0209,1,STCTY-36061 TRACT-    0209.1   IN NEW YORK NY,165,70,80,125,160,115,65,45,25,5,35,10,15,20
G36006100210,1950,New York,36,New York,061,,0210,,STCTY-36061 TRACT-    0210     IN NEW YORK NY,150,65,75,215,430,305,250,285,215,145,225,155,75,45
G36006100211,1950,New York,36,New York,061,,0211,,STCTY-36061 TRACT-    0211     IN NEW YORK NY,1185,470,545,485,540,410,465,395,305,150,240,185,175,70
G36006100212,1950,New York,36,New York,061,,0212,,STCTY-36061 TRACT-    0212     IN NEW YORK NY,1125,970,885,780,815,420,275,105,95,55,35,10,20,0
G360061002130,1950,New York,36,New York,061,,0213,0,STCTY-36061 TRACT-    0213.0   IN NEW YORK NY,325,285,265,285,380,280,320,145,95,30,110,20,10,5
G360061002131,1950,New York,36,New York,061,,0213,1,STCTY-36061 TRACT-    0213.1   IN NEW YORK NY,190,150,130,150,160,95,75,20,20,25,5,10,0,0
G36006100214,1950,New York,36,New York,061,,0214,,STCTY-36061 TRACT-    0214     IN NEW YORK NY,75,90,65,120,60,50,55,5,5,5,0,0,0,0
G36006100215,1950,New York,36,New York,061,,0215,,STCTY-36061 TRACT-    0215     IN NEW YORK NY,165,75,120,140,185,115,120,90,45,55,75,45,70,15
G36006100216,1950,New York,36,New York,061,,0216,,STCTY-36061 TRACT-    0216     IN NEW YORK NY,1365,655,1025,1440,1025,670,505,275,130,85,145,45,35,10
G360061002170,1950,New York,36,New York,061,,0217,0,STCTY-36061 TRACT-    0217.0   IN NEW YORK NY,460,85,115,110,160,135,110,45,60,15,50,5,25,0
G360061002171,1950,New York,36,New York,061,,0217,1,STCTY-36061 TRACT-    0217.1   IN NEW YORK NY,130,100,170,120,225,75,95,40,20,45,15,5,0,0
G36006100218,1950,New York,36,New York,061,,0218,,STCTY-36061 TRACT-    0218     IN NEW YORK NY,1070,700,780,720,1020,610,365,180,90,85,55,15,15,15
G36006100219,1950,New York,36,New York,061,,0219,,STCTY-36061 TRACT-    0219     IN NEW YORK NY,300,240,310,235,350,270,250,145,100,40,70,50,25,10
G36006100220,1950,New York,36,New York,061,,0220,,STCTY-36061 TRACT-    0220     IN NEW YORK NY,1065,1085,1105,1110,970,375,325,185,115,50,50,10,20,0
G360061002210,1950,New York,36,New York,061,,0221,0,STCTY-36061 TRACT-    0221.0   IN NEW YORK NY,45,95,70,45,70,45,35,35,30,25,40,30,20,5
G360061002211,1950,New York,36,New York,061,,0221,1,STCTY-36061 TRACT-    0221.1   IN NEW YORK NY,255,250,345,475,515,215,265,110,65,40,30,40,15,10
G36006100222,1950,New York,36,New York,061,,0222,,STCTY-36061 TRACT-    0222     IN NEW YORK NY,575,380,690,730,770,270,190,120,40,15,40,20,0,5
G36006100223,1950,New York,36,New York,061,,0223,,STCTY-36061 TRACT-    0223     IN NEW YORK NY,695,375,420,395,515,440,360,245,220,120,165,115,120,65
G36006100224,1950,New York,36,New York,061,,0224,,STCTY-36061 TRACT-    0224     IN NEW YORK NY,1000,760,675,690,750,395,255,135,70,50,30,15,20,5
G36006100225,1950,New York,36,New York,061,,0225,,STCTY-36061 TRACT-    0225     IN NEW YORK NY,820,345,360,360,540,385,400,205,250,95,320,135,210,90
G36006100226,1950,New York,36,New York,061,,0226,,STCTY-36061 TRACT-    0226     IN NEW YORK NY,1225,780,675,1000,905,440,230,105,135,40,75,30,25,5
G360061002270,1950,New York,36,New York,061,,0227,0,STCTY-36061 TRACT-    0227.0   IN NEW YORK NY,410,240,375,490,530,280,275,165,100,55,100,35,5,25
G360061002271,1950,New York,36,New York,061,,0227,1,STCTY-36061 TRACT-    0227.1   IN NEW YORK NY,305,110,120,240,140,40,40,15,15,5,0,5,5,0
G36006100228,1950,New York,36,New York,061,,0228,,STCTY-36061 TRACT-    0228     IN NEW YORK NY,1810,755,730,880,775,395,265,180,65,25,35,10,5,5
G36006100229,1950,New York,36,New York,061,,0229,,STCTY-36061 TRACT-    0229     IN NEW YORK NY,825,500,525,570,705,455,345,190,200,125,150,90,110,55
G36006100230,1950,New York,36,New York,061,,0230,,STCTY-36061 TRACT-    0230     IN NEW YORK NY,2020,805,1000,1340,1155,775,430,175,135,60,80,45,35,15
G360061002310,1950,New York,36,New York,061,,0231,0,STCTY-36061 TRACT-    0231.0   IN NEW YORK NY,595,590,635,855,655,370,415,210,100,70,80,20,35,0
G360061002311,1950,New York,36,New York,061,,0231,1,STCTY-36061 TRACT-    0231.1   IN NEW YORK NY,335,140,225,230,290,95,85,55,40,25,5,10,15,0
G36006100232,1950,New York,36,New York,061,,0232,,STCTY-36061 TRACT-    0232     IN NEW YORK NY,1265,745,935,950,955,500,325,165,125,60,65,35,15,5
G36006100233,1950,New York,36,New York,061,,0233,,STCTY-36061 TRACT-    0233     IN NEW YORK NY,670,285,405,510,565,375,255,170,205,110,180,55,75,50
G36006100234,1950,New York,36,New York,061,,0234,,STCTY-36061 TRACT-    0234     IN NEW YORK NY,575,340,505,485,535,360,290,155,110,65,90,35,40,20
G360061002350,1950,New York,36,New York,061,,0235,0,STCTY-36061 TRACT-    0235.0   IN NEW YORK NY,655,255,460,480,620,395,270,145,90,60,65,25,75,20
G360061002351,1950,New York,36,New York,061,,0235,1,STCTY-36061 TRACT-    0235.1   IN NEW YORK NY,190,125,160,220,245,195,120,95,60,65,45,15,15,0
G36006100236,1950,New York,36,New York,061,,0236,,STCTY-36061 TRACT-    0236     IN NEW YORK NY,420,165,205,250,330,240,210,145,40,35,45,15,10,0
G36006100237,1950,New York,36,New York,061,,0237,,STCTY-36061 TRACT-    0237     IN NEW YORK NY,590,285,180,320,430,390,245,215,180,90,185,95,125,25
G36006100238,1950,New York,36,New York,061,,0238,,STCTY-36061 TRACT-    0238     IN NEW YORK NY,120,90,120,250,140,40,20,0,0,0,5,0,0,0
G36006100239,1950,New York,36,New York,061,,0239,,STCTY-36061 TRACT-    0239     IN NEW YORK NY,255,95,170,230,250,140,130,105,55,30,35,20,25,0
G36006100240,1950,New York,36,New York,061,,0240,,STCTY-36061 TRACT-    0240     IN NEW YORK NY,10,0,15,20,35,30,75,20,0,10,5,0,0,5
G36006100241,1950,New York,36,New York,061,,0241,,STCTY-36061 TRACT-    0241     IN NEW YORK NY,430,170,215,350,415,360,315,135,135,90,230,80,125,155
G36006100242,1950,New York,36,New York,061,,0242,,STCTY-36061 TRACT-    0242     IN NEW YORK NY,0,0,0,0,0,0,0,0,0,0,0,0,0,0
G36006100243,1950,New York,36,New York,061,,0243,,STCTY-36061 TRACT-    0243     IN NEW YORK NY,535,140,185,185,330,185,145,30,50,20,80,30,15,5
G36006100245,1950,New York,36,New York,061,,0245,,STCTY-36061 TRACT-    0245     IN NEW YORK NY,880,415,470,645,825,575,605,400,330,280,355,200,200,55
G36006100247,1950,New York,36,New York,061,,0247,,STCTY-36061 TRACT-    0247     IN NEW YORK NY,435,125,125,165,275,215,265,150,155,125,210,125,220,155
G36006100249,1950,New York,36,New York,061,,0249,,STCTY-36061 TRACT-    0249     IN NEW YORK NY,170,15,40,135,85,90,25,20,20,20,5,10,0,0
G36006100251,1950,New York,36,New York,061,,0251,,STCTY-36061 TRACT-    0251     IN NEW YORK NY,220,75,130,155,170,130,105,105,70,55,75,55,55,25
G36006100253,1950,New York,36,New York,061,,0253,,STCTY-36061 TRACT-    0253     IN NEW YORK NY,495,160,220,325,530,430,365,340,330,190,350,180,300,150
G36006100255,1950,New York,36,New York,061,,0255,,STCTY-36061 TRACT-    0255     IN NEW YORK NY,365,210,130,175,275,400,200,180,175,105,295,160,280,165
G36006100257,1950,New York,36,New York,061,,0257,,STCTY-36061 TRACT-    0257     IN NEW YORK NY,0,0,0,0,0,0,0,0,0,0,0,0,0,0
G36006100259,1950,New York,36,New York,061,,0259,,STCTY-36061 TRACT-    0259     IN NEW YORK NY,0,0,0,0,0,0,0,0,0,0,0,0,0,0
G36006100261,1950,New York,36,New York,061,,0261,,STCTY-36061 TRACT-    0261     IN NEW YORK NY,500,205,245,330,435,365,560,370,325,280,420,135,190,65
G36006100263,1950,New York,36,New York,061,,0263,,STCTY-36061 TRACT-    0263     IN NEW YORK NY,360,175,110,280,310,275,300,190,170,70,275,190,205,100
G36006100265,1950,New York,36,New York,061,,0265,,STCTY-36061 TRACT-    0265     IN NEW YORK NY,560,225,205,315,455,440,480,355,325,185,430,315,310,95
G36006100267,1950,New York,36,New York,061,,0267,,STCTY-36061 TRACT-    0267     IN NEW YORK NY,65,25,10,20,35,25,70,80,65,60,120,100,55,60
G36006100269,1950,New York,36,New York,061,,0269,,STCTY-36061 TRACT-    0269     IN NEW YORK NY,425,240,270,295,440,425,335,280,235,135,270,125,115,30
G36006100271,1950,New York,36,New York,061,,0271,,STCTY-36061 TRACT-    0271     IN NEW YORK NY,295,120,170,205,265,300,365,270,250,110,320,140,175,125
G36006100273,1950,New York,36,New York,061,,0273,,STCTY-36061 TRACT-    0273     IN NEW YORK NY,275,95,85,85,185,140,205,215,250,90,360,230,270,270
G36006100275,1950,New York,36,New York,061,,0275,,STCTY-36061 TRACT-    0275     IN NEW YORK NY,110,20,20,30,50,65,45,85,130,90,125,120,190,325
G36006100277,1950,New York,36,New York,061,,0277,,STCTY-36061 TRACT-    0277     IN NEW YORK NY,200,75,105,90,195,130,280,130,205,90,210,110,155,40
G36006100279,1950,New York,36,New York,061,,0279,,STCTY-36061 TRACT-    0279     IN NEW YORK NY,250,135,130,165,325,290,315,225,255,165,340,190,340,115
G36006100281,1950,New York,36,New York,061,,0281,,STCTY-36061 TRACT-    0281     IN NEW YORK NY,185,15,45,20,30,50,35,30,65,40,140,60,120,145
G36006100283,1950,New York,36,New York,061,,0283,,STCTY-36061 TRACT-    0283     IN NEW YORK NY,210,45,75,55,155,190,270,175,225,110,220,130,130,45
G36006100285,1950,New York,36,New York,061,,0285,,STCTY-36061 TRACT-    0285     IN NEW YORK NY,160,90,105,90,290,260,285,165,290,190,235,160,155,60
G36006100287,1950,New York,36,New York,061,,0287,,STCTY-36061 TRACT-    0287     IN NEW YORK NY,110,25,65,45,155,105,190,130,130,125,225,115,140,170
G36006100289,1950,New York,36,New York,061,,0289,,STCTY-36061 TRACT-    0289     IN NEW YORK NY,15,20,20,20,25,30,35,15,25,20,45,30,40,25
G36006100291,1950,New York,36,New York,061,,0291,,STCTY-36061 TRACT-    0291     IN NEW YORK NY,340,105,155,190,450,260,585,420,315,185,375,160,195,80
G36006100293,1950,New York,36,New York,061,,0293,,STCTY-36061 TRACT-    0293     IN NEW YORK NY,210,80,105,160,250,225,400,330,345,150,360,205,190,20
G36006100295,1950,New York,36,New York,061,,0295,,STCTY-36061 TRACT-    0295     IN NEW YORK NY,295,75,60,110,150,225,270,230,255,165,360,205,285,170
G36006100297,1950,New York,36,New York,061,,0297,,STCTY-36061 TRACT-    0297     IN NEW YORK NY,5,0,0,5,10,15,15,10,10,10,5,15,10,5
G36006100301,1950,New York,36,New York,061,,0301,,STCTY-36061 TRACT-    0301     IN NEW YORK NY,0,0,0,0,0,0,0,5,0,5,10,0,0,0
G36006100303,1950,New York,36,New York,061,,0303,,STCTY-36061 TRACT-    0303     IN NEW YORK NY,135,15,50,55,120,130,145,160,190,105,195,125,180,55
G36006100305,1950,New York,36,New York,061,,0305,,STCTY-36061 TRACT-    0305     IN NEW YORK NY,0,5,0,0,0,0,0,0,0,0,0,0,0,0
G36006100307,1950,New York,36,New York,061,,0307,,STCTY-36061 TRACT-    0307     IN NEW YORK NY,85,25,45,35,80,40,80,105,135,100,220,130,305,130
G36006100309,1950,New York,36,New York,061,,0309,,STCTY-36061 TRACT-    0309     IN NEW YORK NY,110,65,35,85,115,140,200,205,125,85,235,120,140,40
G36006500001,1950,New York,36,Oneida,065,,0001,,STCTY-36065 TRACT-    0001     IN UTICA NY,50,50,35,35,45,30,20,5,5,5,15,5,5,0
G36006500002,1950,New York,36,Oneida,065,,0002,,STCTY-36065 TRACT-    0002     IN UTICA NY,215,160,100,135,70,100,60,35,35,15,30,30,15,20
G36006500003,1950,New York,36,Oneida,065,,0003,,STCTY-36065 TRACT-    0003     IN UTICA NY,185,100,180,185,140,110,115,60,20,15,40,25,25,10
G36006500004,1950,New York,36,Oneida,065,,0004,,STCTY-36065 TRACT-    0004     IN UTICA NY,250,135,170,115,205,105,150,60,70,60,25,15,10,15
G36006500005,1950,New York,36,Oneida,065,,0005,,STCTY-36065 TRACT-    0005     IN UTICA NY,95,60,30,65,65,55,45,20,5,20,10,10,5,5
G36006500006,1950,New York,36,Oneida,065,,0006,,STCTY-36065 TRACT-    0006     IN UTICA NY,95,50,15,35,125,60,35,60,50,35,50,15,15,0
G36006500007A,1950,New York,36,Oneida,065,,0007,A,STCTY-36065 TRACT-    0007-A   IN UTICA NY,285,170,170,190,270,195,320,260,165,110,155,75,90,20
G36006500007B,1950,New York,36,Oneida,065,,0007,B,STCTY-36065 TRACT-    0007-B   IN UTICA NY,190,65,90,55,145,135,125,110,110,55,165,110,180,60
G36006500008A,1950,New York,36,Oneida,065,,0008,A,STCTY-36065 TRACT-    0008-A   IN UTICA NY,35,15,40,50,95,60,35,15,25,15,15,10,15,5
G36006500008B,1950,New York,36,Oneida,065,,0008,B,STCTY-36065 TRACT-    0008-B   IN UTICA NY,135,140,145,210,175,215,330,195,140,100,145,40,40,15
G36006500008C,1950,New York,36,Oneida,065,,0008,C,STCTY-36065 TRACT-    0008-C   IN UTICA NY,285,115,95,220,250,255,255,165,120,115,85,40,60,10
G36006500009,1950,New York,36,Oneida,065,,0009,,STCTY-36065 TRACT-    0009     IN UTICA NY,185,115,90,65,220,280,215,230,115,85,135,40,45,10
G36006500010,1950,New York,36,Oneida,065,,0010,,STCTY-36065 TRACT-    0010     IN UTICA NY,140,135,90,140,145,240,180,45,70,50,55,20,20,5
G36006500011A,1950,New York,36,Oneida,065,,0011,A,STCTY-36065 TRACT-    0011-A   IN UTICA NY,120,60,70,55,135,140,115,65,95,55,60,45,25,25
G36006500011B,1950,New York,36,Oneida,065,,0011,B,STCTY-36065 TRACT-    0011-B   IN UTICA NY,245,125,70,75,100,210,180,105,105,60,125,35,70,55
G36006500011C,1950,New York,36,Oneida,065,,0011,C,STCTY-36065 TRACT-    0011-C   IN UTICA NY,5,15,45,30,40,30,55,65,30,35,70,40,10,10
G36006500012A,1950,New York,36,Oneida,065,,0012,A,STCTY-36065 TRACT-    0012-A   IN UTICA NY,135,40,65,85,140,165,160,115,115,70,55,55,40,5
G36006500012B,1950,New York,36,Oneida,065,,0012,B,STCTY-36065 TRACT-    0012-B   IN UTICA NY,85,30,5,65,110,155,95,75,125,105,80,65,55,30
G36006500013A,1950,New York,36,Oneida,065,,0013,A,STCTY-36065 TRACT-    0013-A   IN UTICA NY,25,30,35,25,45,40,20,15,15,20,15,10,5,10
G36006500013B,1950,New York,36,Oneida,065,,0013,B,STCTY-36065 TRACT-    0013-B   IN UTICA NY,130,65,85,125,130,205,155,125,105,100,90,60,25,10
G36006500013C,1950,New York,36,Oneida,065,,0013,C,STCTY-36065 TRACT-    0013-C   IN UTICA NY,15,15,25,35,60,70,85,60,85,40,55,30,45,65
G36006500014A,1950,New York,36,Oneida,065,,0014,A,STCTY-36065 TRACT-    0014-A   IN UTICA NY,95,50,40,85,95,95,135,90,110,90,100,50,70,10
G36006500014B,1950,New York,36,Oneida,065,,0014,B,STCTY-36065 TRACT-    0014-B   IN UTICA NY,70,30,15,30,85,95,110,135,45,35,115,20,45,10
G36006500014C,1950,New York,36,Oneida,065,,0014,C,STCTY-36065 TRACT-    0014-C   IN UTICA NY,5,5,5,10,5,20,25,0,5,5,5,5,0,5
G36006500015,1950,New York,36,Oneida,065,,0015,,STCTY-36065 TRACT-    0015     IN UTICA NY,190,145,155,115,240,180,250,160,155,125,140,45,60,15
G36006500016A,1950,New York,36,Oneida,065,,0016,A,STCTY-36065 TRACT-    0016-A   IN UTICA NY,35,20,25,25,15,55,40,25,55,20,35,10,15,5
G36006500016B,1950,New York,36,Oneida,065,,0016,B,STCTY-36065 TRACT-    0016-B   IN UTICA NY,30,30,35,20,20,35,75,70,45,30,25,20,10,0
G36006500017A,1950,New York,36,Oneida,065,,0017,A,STCTY-36065 TRACT-    0017-A   IN UTICA NY,165,60,25,35,35,50,85,60,45,65,85,55,100,170
G36006500017B,1950,New York,36,Oneida,065,,0017,B,STCTY-36065 TRACT-    0017-B   IN UTICA NY,125,45,20,40,100,100,135,85,110,80,135,50,115,55
G36006700001,1950,New York,36,Onondaga,067,,0001,,STCTY-36067 TRACT-    0001     IN SYRACUSE NY,0,0,0,0,5,0,0,0,0,0,0,0,0,0
G36006700002,1950,New York,36,Onondaga,067,,0002,,STCTY-36067 TRACT-    0002     IN SYRACUSE NY,125,80,70,75,245,130,150,160,135,105,170,40,100,10
G36006700003,1950,New York,36,Onondaga,067,,0003,,STCTY-36067 TRACT-    0003     IN SYRACUSE NY,65,30,25,25,25,30,105,50,75,45,65,45,30,0
G36006700004,1950,New York,36,Onondaga,067,,0004,,STCTY-36067 TRACT-    0004     IN SYRACUSE NY,140,40,60,45,135,115,180,105,155,110,205,70,70,20
G36006700005,1950,New York,36,Onondaga,067,,0005,,STCTY-36067 TRACT-    0005     IN SYRACUSE NY,60,40,45,55,95,100,50,45,45,55,60,60,20,5
G36006700006,1950,New York,36,Onondaga,067,,0006,,STCTY-36067 TRACT-    0006     IN SYRACUSE NY,155,60,55,55,135,135,205,65,95,65,60,60,50,10
G36006700007,1950,New York,36,Onondaga,067,,0007,,STCTY-36067 TRACT-    0007     IN SYRACUSE NY,55,25,20,40,95,45,70,45,50,35,55,35,35,5
G36006700008,1950,New York,36,Onondaga,067,,0008,,STCTY-36067 TRACT-    0008     IN SYRACUSE NY,60,55,50,45,80,110,150,85,75,75,90,55,80,25
G36006700009,1950,New York,36,Onondaga,067,,0009,,STCTY-36067 TRACT-    0009     IN SYRACUSE NY,185,15,45,20,35,115,80,90,90,65,145,95,100,205
G36006700010,1950,New York,36,Onondaga,067,,0010,,STCTY-36067 TRACT-    0010     IN SYRACUSE NY,155,25,25,50,120,105,120,75,90,90,65,50,25,10
G36006700011,1950,New York,36,Onondaga,067,,0011,,STCTY-36067 TRACT-    0011     IN SYRACUSE NY,0,0,0,5,15,20,10,0,20,10,5,0,0,0
G36006700012,1950,New York,36,Onondaga,067,,0012,,STCTY-36067 TRACT-    0012     IN SYRACUSE NY,45,5,20,5,25,40,10,20,15,5,20,0,5,0
G36006700013,1950,New York,36,Onondaga,067,,0013,,STCTY-36067 TRACT-    0013     IN SYRACUSE NY,140,45,40,75,110,160,55,50,40,35,60,15,25,10
G36006700014,1950,New York,36,Onondaga,067,,0014,,STCTY-36067 TRACT-    0014     IN SYRACUSE NY,100,45,40,70,135,190,140,135,80,50,70,25,45,5
G36006700015,1950,New York,36,Onondaga,067,,0015,,STCTY-36067 TRACT-    0015     IN SYRACUSE NY,175,70,20,35,100,125,195,70,75,60,40,20,25,10
G36006700016,1950,New York,36,Onondaga,067,,0016,,STCTY-36067 TRACT-    0016     IN SYRACUSE NY,180,110,105,105,130,115,180,155,85,50,55,20,70,45
G36006700017,1950,New York,36,Onondaga,067,,0017,,STCTY-36067 TRACT-    0017     IN SYRACUSE NY,115,65,55,40,95,145,170,120,130,80,165,70,100,50
G36006700018,1950,New York,36,Onondaga,067,,0018,,STCTY-36067 TRACT-    0018     IN SYRACUSE NY,135,20,40,65,75,55,130,95,100,40,65,50,50,15
G36006700019,1950,New York,36,Onondaga,067,,0019,,STCTY-36067 TRACT-    0019     IN SYRACUSE NY,85,25,40,55,50,85,135,90,140,95,205,90,95,10
G36006700020,1950,New York,36,Onondaga,067,,0020,,STCTY-36067 TRACT-    0020     IN SYRACUSE NY,90,55,35,65,160,190,210,115,90,65,100,60,45,30
G36006700021,1950,New York,36,Onondaga,067,,0021,,STCTY-36067 TRACT-    0021     IN SYRACUSE NY,140,40,55,65,115,180,145,90,100,95,85,55,45,25
G36006700022,1950,New York,36,Onondaga,067,,0022,,STCTY-36067 TRACT-    0022     IN SYRACUSE NY,130,85,65,90,115,110,125,75,90,65,60,45,45,25
G36006700023,1950,New York,36,Onondaga,067,,0023,,STCTY-36067 TRACT-    0023     IN SYRACUSE NY,225,180,105,210,175,175,150,125,110,85,95,35,15,20
G36006700024,1950,New York,36,Onondaga,067,,0024,,STCTY-36067 TRACT-    0024     IN SYRACUSE NY,175,85,65,100,225,155,190,110,75,35,90,25,40,30
G36006700025,1950,New York,36,Onondaga,067,,0025,,STCTY-36067 TRACT-    0025     IN SYRACUSE NY,80,25,25,55,80,60,100,80,65,80,80,50,40,10
G36006700026,1950,New York,36,Onondaga,067,,0026,,STCTY-36067 TRACT-    0026     IN SYRACUSE NY,15,5,15,5,20,40,25,25,35,35,45,10,20,0
G36006700027,1950,New York,36,Onondaga,067,,0027,,STCTY-36067 TRACT-    0027     IN SYRACUSE NY,55,45,65,30,95,120,95,105,85,65,75,45,45,15
G36006700028,1950,New York,36,Onondaga,067,,0028,,STCTY-36067 TRACT-    0028     IN SYRACUSE NY,35,35,40,55,40,85,120,90,80,75,80,25,85,5
G36006700029,1950,New York,36,Onondaga,067,,0029,,STCTY-36067 TRACT-    0029     IN SYRACUSE NY,55,35,20,20,95,30,80,40,35,45,45,35,30,5
G36006700030,1950,New York,36,Onondaga,067,,0030,,STCTY-36067 TRACT-    0030     IN SYRACUSE NY,305,125,85,140,165,135,160,75,70,25,45,35,35,20
G36006700031,1950,New York,36,Onondaga,067,,0031,,STCTY-36067 TRACT-    0031     IN SYRACUSE NY,275,115,135,85,140,65,75,55,25,25,50,5,5,20
G36006700032,1950,New York,36,Onondaga,067,,0032,,STCTY-36067 TRACT-    0032     IN SYRACUSE NY,370,370,295,210,300,180,100,85,40,30,45,0,30,15
G36006700033,1950,New York,36,Onondaga,067,,0033,,STCTY-36067 TRACT-    0033     IN SYRACUSE NY,545,350,320,270,330,295,225,160,90,75,70,20,35,20
G36006700034,1950,New York,36,Onondaga,067,,0034,,STCTY-36067 TRACT-    0034     IN SYRACUSE NY,580,185,175,145,170,135,165,120,70,50,75,35,60,35
G36006700035,1950,New York,36,Onondaga,067,,0035,,STCTY-36067 TRACT-    0035     IN SYRACUSE NY,135,75,105,75,125,95,125,110,110,50,155,40,75,30
G36006700036,1950,New York,36,Onondaga,067,,0036,,STCTY-36067 TRACT-    0036     IN SYRACUSE NY,100,65,20,55,85,125,110,45,90,55,105,85,80,60
G36006700037,1950,New York,36,Onondaga,067,,0037,,STCTY-36067 TRACT-    0037     IN SYRACUSE NY,0,0,0,5,5,20,10,5,5,0,0,0,0,0
G36006700038,1950,New York,36,Onondaga,067,,0038,,STCTY-36067 TRACT-    0038     IN SYRACUSE NY,85,50,60,40,95,110,140,65,75,100,95,45,40,25
G36006700039,1950,New York,36,Onondaga,067,,0039,,STCTY-36067 TRACT-    0039     IN SYRACUSE NY,385,235,335,260,345,345,365,290,210,145,210,115,105,30
G36006700040,1950,New York,36,Onondaga,067,,0040,,STCTY-36067 TRACT-    0040     IN SYRACUSE NY,305,245,215,260,330,215,230,155,100,105,50,50,10,20
G36006700041,1950,New York,36,Onondaga,067,,0041,,STCTY-36067 TRACT-    0041     IN SYRACUSE NY,170,125,90,155,160,125,115,70,80,40,60,25,25,0
G36006700042,1950,New York,36,Onondaga,067,,0042,,STCTY-36067 TRACT-    0042     IN SYRACUSE NY,225,275,325,250,180,260,175,90,90,40,65,5,25,5
G36006700043,1950,New York,36,Onondaga,067,,0043,,STCTY-36067 TRACT-    0043     IN SYRACUSE NY,1190,220,210,120,75,70,60,50,30,40,40,10,15,10
G36006700044,1950,New York,36,Onondaga,067,,0044,,STCTY-36067 TRACT-    0044     IN SYRACUSE NY,2010,620,510,240,120,85,95,40,30,40,85,60,80,80
G36006700045,1950,New York,36,Onondaga,067,,0045,,STCTY-36067 TRACT-    0045     IN SYRACUSE NY,215,130,85,50,120,90,135,90,135,140,175,140,165,110
G36006700046,1950,New York,36,Onondaga,067,,0046,,STCTY-36067 TRACT-    0046     IN SYRACUSE NY,55,25,20,10,0,20,20,10,15,15,30,35,50,140
G36006700047,1950,New York,36,Onondaga,067,,0047,,STCTY-36067 TRACT-    0047     IN SYRACUSE NY,45,30,20,5,15,5,5,15,20,5,55,45,130,145
G36006700048,1950,New York,36,Onondaga,067,,0048,,STCTY-36067 TRACT-    0048     IN SYRACUSE NY,20,0,20,10,25,10,15,10,15,10,45,10,45,30
G36006700049,1950,New York,36,Onondaga,067,,0049,,STCTY-36067 TRACT-    0049     IN SYRACUSE NY,35,30,10,25,10,45,65,50,55,15,65,40,70,15
G36006700050,1950,New York,36,Onondaga,067,,0050,,STCTY-36067 TRACT-    0050     IN SYRACUSE NY,55,65,40,40,40,65,95,85,105,45,80,95,165,175
G36006700051,1950,New York,36,Onondaga,067,,0051,,STCTY-36067 TRACT-    0051     IN SYRACUSE NY,100,30,50,65,75,130,135,115,95,75,110,40,90,35
G36006700052,1950,New York,36,Onondaga,067,,0052,,STCTY-36067 TRACT-    0052     IN SYRACUSE NY,210,160,105,135,220,215,285,215,165,75,220,85,90,20
G36006700053,1950,New York,36,Onondaga,067,,0053,,STCTY-36067 TRACT-    0053     IN SYRACUSE NY,300,110,125,155,205,160,215,140,125,105,140,60,55,5
G36006700054,1950,New York,36,Onondaga,067,,0054,,STCTY-36067 TRACT-    0054     IN SYRACUSE NY,315,120,205,145,215,180,220,275,150,135,195,75,65,20
G36006700055,1950,New York,36,Onondaga,067,,0055,,STCTY-36067 TRACT-    0055     IN SYRACUSE NY,20,15,0,10,40,35,65,60,40,25,45,30,25,5
G36006700056,1950,New York,36,Onondaga,067,,0056,,STCTY-36067 TRACT-    0056     IN SYRACUSE NY,960,555,300,185,170,110,110,75,60,20,75,75,60,60
G36006700057,1950,New York,36,Onondaga,067,,0057,,STCTY-36067 TRACT-    0057     IN SYRACUSE NY,35,40,30,45,35,50,75,70,50,45,115,35,55,10
G36006700058,1950,New York,36,Onondaga,067,,0058,,STCTY-36067 TRACT-    0058     IN SYRACUSE NY,115,60,70,75,70,90,170,90,125,100,135,80,60,20
G36006700059,1950,New York,36,Onondaga,067,,0059,,STCTY-36067 TRACT-    0059     IN SYRACUSE NY,100,85,65,105,115,130,155,140,80,40,120,60,50,15
G36006700060,1950,New York,36,Onondaga,067,,0060,,STCTY-36067 TRACT-    0060     IN SYRACUSE NY,35,35,15,40,45,50,165,120,60,80,100,65,70,0
G36006700061,1950,New York,36,Onondaga,067,,0061,,STCTY-36067 TRACT-    0061     IN SYRACUSE NY,105,50,60,80,55,160,125,195,120,130,230,85,90,50
G3600670C0062,1950,New York,36,Onondaga,067,C,0062,,STCTY-36067 TRACT-  C 0062     IN NORTH SYRACUSE NY,55,15,5,10,85,160,180,120,95,55,130,40,20,5
G3600670C0063,1950,New York,36,Onondaga,067,C,0063,,STCTY-36067 TRACT-  C 0063     IN SYRACUSE NY ADJ AREAS,265,90,110,160,145,335,420,275,220,135,160,125,55,10
G3600670C0064,1950,New York,36,Onondaga,067,C,0064,,STCTY-36067 TRACT-  C 0064     IN BALDWINSVILLE NY,140,100,95,95,145,140,165,95,165,95,125,75,60,30
G3600670C0065,1950,New York,36,Onondaga,067,C,0065,,STCTY-36067 TRACT-  C 0065     IN SYRACUSE NY ADJ AREAS,440,175,185,200,320,265,390,205,185,130,195,70,150,35
G3600670C0066,1950,New York,36,Onondaga,067,C,0066,,STCTY-36067 TRACT-  C 0066     IN SYRACUSE NY ADJ AREAS,95,60,90,65,110,175,230,145,185,85,130,45,75,15
G3600670C0067,1950,New York,36,Onondaga,067,C,0067,,STCTY-36067 TRACT-  C 0067     IN SOLVAY NY,160,45,50,80,175,255,365,150,145,135,200,65,95,30
G3600670C0068,1950,New York,36,Onondaga,067,C,0068,,STCTY-36067 TRACT-  C 0068     IN SYRACUSE NY ADJ AREAS,30,20,15,30,60,20,90,60,45,10,50,5,25,0
G3600670C0069,1950,New York,36,Onondaga,067,C,0069,,STCTY-36067 TRACT-  C 0069     IN SYRACUSE NY ADJ AREAS,80,20,20,15,40,75,110,115,85,100,135,50,135,50
G3600670C0070,1950,New York,36,Onondaga,067,C,0070,,STCTY-36067 TRACT-  C 0070     IN LIVERPOOL NY,65,50,35,30,65,80,125,110,105,65,105,35,70,30
G3600670C0071,1950,New York,36,Onondaga,067,C,0071,,STCTY-36067 TRACT-  C 0071     IN SYRACUSE NY ADJ AREAS,60,25,35,70,45,50,110,95,70,70,75,15,45,5
G3600670C0072,1950,New York,36,Onondaga,067,C,0072,,STCTY-36067 TRACT-  C 0072     IN SYRACUSE NY ADJ AREAS,165,60,140,155,295,405,520,445,335,230,360,210,120,20
G3600670C0073,1950,New York,36,Onondaga,067,C,0073,,STCTY-36067 TRACT-  C 0073     IN EAST SYRACUSE NY,105,60,75,105,110,150,165,165,95,55,95,70,45,35
G3600670C0074,1950,New York,36,Onondaga,067,C,0074,,STCTY-36067 TRACT-  C 0074     IN SYRACUSE NY ADJ AREAS,75,50,60,45,90,130,120,180,120,85,120,55,25,0
G3600670C0075,1950,New York,36,Onondaga,067,C,0075,,STCTY-36067 TRACT-  C 0075     IN SYRACUSE NY ADJ AREAS,120,35,75,35,75,110,160,125,45,100,140,135,190,195
G3600670C0076,1950,New York,36,Onondaga,067,C,0076,,STCTY-36067 TRACT-  C 0076     IN SYRACUSE NY ADJ AREAS,270,125,125,165,235,265,315,250,220,150,325,125,180,110
G3600670C0077,1950,New York,36,Onondaga,067,C,0077,,STCTY-36067 TRACT-  C 0077     IN SYRACUSE NY ADJ AREAS,195,165,120,180,225,285,290,235,205,105,140,105,85,50
G3600670C0078,1950,New York,36,Onondaga,067,C,0078,,STCTY-36067 TRACT-  C 0078     IN SYRACUSE NY ADJ AREAS,100,70,60,60,120,95,125,90,75,60,65,45,45,30
G3600670C0079,1950,New York,36,Onondaga,067,C,0079,,STCTY-36067 TRACT-  C 0079     IN SYRACUSE NY ADJ AREAS,140,95,95,125,140,160,175,110,105,35,140,80,105,80
G3600670C0080,1950,New York,36,Onondaga,067,C,0080,,STCTY-36067 TRACT-  C 0080     IN SYRACUSE NY ADJ AREAS,455,220,170,215,245,285,355,155,125,110,110,70,95,65
G36008100001,1950,New York,36,Queens,081,,0001,,STCTY-36081 TRACT-    0001     IN NEW YORK NY,0,0,0,0,0,0,0,0,0,0,0,0,0,0
G36008100002,1950,New York,36,Queens,081,,0002,,STCTY-36081 TRACT-    0002     IN NEW YORK NY,45,40,35,15,25,30,45,55,30,25,90,30,40,25
G36008100003,1950,New York,36,Queens,081,,0003,,STCTY-36081 TRACT-    0003     IN NEW YORK NY,80,5,20,45,75,75,90,20,50,25,15,10,5,5
G36008100004,1950,New York,36,Queens,081,,0004,,STCTY-36081 TRACT-    0004     IN NEW YORK NY,70,15,30,45,75,110,130,115,90,75,100,100,80,10
G36008100005,1950,New York,36,Queens,081,,0005,,STCTY-36081 TRACT-    0005     IN NEW YORK NY,10,15,5,5,15,15,15,10,0,10,0,0,0,0
G36008100006,1950,New York,36,Queens,081,,0006,,STCTY-36081 TRACT-    0006     IN NEW YORK NY,50,30,25,35,40,65,95,40,115,65,65,70,75,20
G36008100007,1950,New York,36,Queens,081,,0007,,STCTY-36081 TRACT-    0007     IN NEW YORK NY,95,65,95,60,130,115,180,135,100,50,80,40,70,15
G36008100008,1950,New York,36,Queens,081,,0008,,STCTY-36081 TRACT-    0008     IN NEW YORK NY,100,45,45,45,100,50,185,75,80,60,95,20,30,15
G36008100009,1950,New York,36,Queens,081,,0009,,STCTY-36081 TRACT-    0009     IN NEW YORK NY,30,5,20,25,25,25,25,30,15,0,5,30,25,10
G36008100010,1950,New York,36,Queens,081,,0010,,STCTY-36081 TRACT-    0010     IN NEW YORK NY,75,55,55,35,35,65,110,105,85,60,100,80,60,30
G36008100011,1950,New York,36,Queens,081,,0011,,STCTY-36081 TRACT-    0011     IN NEW YORK NY,35,15,15,0,15,10,20,20,10,15,25,0,5,0
G36008100012,1950,New York,36,Queens,081,,0012,,STCTY-36081 TRACT-    0012     IN NEW YORK NY,140,20,30,55,60,105,130,105,70,95,125,55,105,55
G36008100013,1950,New York,36,Queens,081,,0013,,STCTY-36081 TRACT-    0013     IN NEW YORK NY,0,0,0,0,0,0,0,0,0,0,0,0,0,0
G36008100014,1950,New York,36,Queens,081,,0014,,STCTY-36081 TRACT-    0014     IN NEW YORK NY,145,30,45,45,70,110,140,115,140,60,110,90,75,20
G36008100015,1950,New York,36,Queens,081,,0015,,STCTY-36081 TRACT-    0015     IN NEW YORK NY,0,0,0,0,0,0,0,0,0,0,0,0,0,0
G36008100016,1950,New York,36,Queens,081,,0016,,STCTY-36081 TRACT-    0016     IN NEW YORK NY,95,70,50,35,45,55,80,65,40,25,65,85,100,25
G360081000170,1950,New York,36,Queens,081,,0017,0,STCTY-36081 TRACT-    0017.0   IN NEW YORK NY,30,15,15,5,20,20,40,5,5,0,10,0,0,0
G360081000171,1950,New York,36,Queens,081,,0017,1,STCTY-36081 TRACT-    0017.1   IN NEW YORK NY,45,25,35,10,15,20,15,15,20,10,25,0,5,5
G36008100018,1950,New York,36,Queens,081,,0018,,STCTY-36081 TRACT-    0018     IN NEW YORK NY,60,35,30,40,30,50,55,95,90,40,80,75,115,20
G36008100019,1950,New York,36,Queens,081,,0019,,STCTY-36081 TRACT-    0019     IN NEW YORK NY,10,0,5,20,10,20,20,10,20,10,15,5,5,0
G36008100020,1950,New York,36,Queens,081,,0020,,STCTY-36081 TRACT-    0020     IN NEW YORK NY,55,5,20,25,15,35,45,25,15,30,40,30,40,10
G36008100021,1950,New York,36,Queens,081,,0021,,STCTY-36081 TRACT-    0021     IN NEW YORK NY,20,5,5,5,5,5,5,10,15,0,0,5,0,0
G36008100022,1950,New York,36,Queens,081,,0022,,STCTY-36081 TRACT-    0022     IN NEW YORK NY,35,40,55,30,40,30,85,60,45,25,40,35,35,35
G36008100024,1950,New York,36,Queens,081,,0024,,STCTY-36081 TRACT-    0024     IN NEW YORK NY,50,25,20,35,35,30,50,65,50,50,30,35,15,30
G36008100025,1950,New York,36,Queens,081,,0025,,STCTY-36081 TRACT-    0025     IN NEW YORK NY,205,175,250,360,395,450,405,245,155,110,95,20,20,0
G36008100026,1950,New York,36,Queens,081,,0026,,STCTY-36081 TRACT-    0026     IN NEW YORK NY,30,25,5,10,40,35,80,55,45,30,75,30,60,50
G36008100027,1950,New York,36,Queens,081,,0027,,STCTY-36081 TRACT-    0027     IN NEW YORK NY,35,0,5,15,20,15,5,25,10,0,5,5,0,0
G36008100028,1950,New York,36,Queens,081,,0028,,STCTY-36081 TRACT-    0028     IN NEW YORK NY,50,60,10,35,65,60,65,105,75,15,105,60,40,25
G36008100029,1950,New York,36,Queens,081,,0029,,STCTY-36081 TRACT-    0029     IN NEW YORK NY,70,20,20,25,65,50,85,60,50,45,20,30,15,0
G36008100030,1950,New York,36,Queens,081,,0030,,STCTY-36081 TRACT-    0030     IN NEW YORK NY,55,10,20,10,25,30,25,45,15,35,65,35,25,35
G36008100031,1950,New York,36,Queens,081,,0031,,STCTY-36081 TRACT-    0031     IN NEW YORK NY,70,15,25,35,55,95,115,90,95,40,65,25,30,15
G36008100032,1950,New York,36,Queens,081,,0032,,STCTY-36081 TRACT-    0032     IN NEW YORK NY,55,15,10,25,35,20,15,55,45,20,65,30,20,10
G36008100034,1950,New York,36,Queens,081,,0034,,STCTY-36081 TRACT-    0034     IN NEW YORK NY,30,10,20,40,30,25,90,70,40,25,45,25,55,5
G36008100035,1950,New York,36,Queens,081,,0035,,STCTY-36081 TRACT-    0035     IN NEW YORK NY,20,5,0,15,25,15,25,35,10,15,10,10,15,0
G36008100036,1950,New York,36,Queens,081,,0036,,STCTY-36081 TRACT-    0036     IN NEW YORK NY,55,25,25,20,65,50,100,100,75,55,100,55,70,15
G36008100037,1950,New York,36,Queens,081,,0037,,STCTY-36081 TRACT-    0037     IN NEW YORK NY,0,0,0,0,0,0,0,0,0,0,0,0,0,0
G36008100038,1950,New York,36,Queens,081,,0038,,STCTY-36081 TRACT-    0038     IN NEW YORK NY,50,15,30,25,40,55,90,45,80,15,70,55,25,10
G36008100039,1950,New York,36,Queens,081,,0039,,STCTY-36081 TRACT-    0039     IN NEW YORK NY,90,15,0,55,80,35,70,20,25,35,40,15,20,0
G360081000400,1950,New York,36,Queens,081,,0040,0,STCTY-36081 TRACT-    0040.0   IN NEW YORK NY,65,25,30,40,60,35,50,75,70,20,60,15,50,5
G360081000401,1950,New York,36,Queens,081,,0040,1,STCTY-36081 TRACT-    0040.1   IN NEW YORK NY,20,10,20,25,15,20,45,35,40,40,25,20,55,15
G36008100041,1950,New York,36,Queens,081,,0041,,STCTY-36081 TRACT-    0041     IN NEW YORK NY,40,0,0,10,115,15,55,25,10,10,30,15,10,5
G36008100042,1950,New York,36,Queens,081,,0042,,STCTY-36081 TRACT-    0042     IN NEW YORK NY,60,25,10,85,75,155,135,95,105,30,85,55,55,10
G36008100043,1950,New York,36,Queens,081,,0043,,STCTY-36081 TRACT-    0043     IN NEW YORK NY,5,0,5,0,5,10,10,5,0,10,15,5,5,0
G36008100044,1950,New York,36,Queens,081,,0044,,STCTY-36081 TRACT-    0044     IN NEW YORK NY,25,10,5,40,60,65,50,20,45,15,65,20,45,20
G36008100045,1950,New York,36,Queens,081,,0045,,STCTY-36081 TRACT-    0045     IN NEW YORK NY,15,5,5,10,10,20,20,5,20,10,10,0,0,15
G36008100047,1950,New York,36,Queens,081,,0047,,STCTY-36081 TRACT-    0047     IN NEW YORK NY,25,10,20,10,40,40,60,35,50,25,20,50,15,10
G36008100048,1950,New York,36,Queens,081,,0048,,STCTY-36081 TRACT-    0048     IN NEW YORK NY,10,5,0,5,10,25,30,30,25,40,50,20,45,5
G36008100049,1950,New York,36,Queens,081,,0049,,STCTY-36081 TRACT-    0049     IN NEW YORK NY,0,15,20,5,5,15,15,10,15,25,35,30,0,5
G36008100050,1950,New York,36,Queens,081,,0050,,STCTY-36081 TRACT-    0050     IN NEW YORK NY,0,0,0,0,0,0,0,0,0,0,0,0,0,0
G36008100051,1950,New York,36,Queens,081,,0051,,STCTY-36081 TRACT-    0051     IN NEW YORK NY,55,35,45,20,85,105,145,80,75,55,70,30,70,20
G36008100052,1950,New York,36,Queens,081,,0052,,STCTY-36081 TRACT-    0052     IN NEW YORK NY,55,30,30,30,85,55,75,30,30,15,45,30,20,0
G36008100053,1950,New York,36,Queens,081,,0053,,STCTY-36081 TRACT-    0053     IN NEW YORK NY,110,20,115,80,185,220,245,240,170,105,200,110,175,35
G36008100054,1950,New York,36,Queens,081,,0054,,STCTY-36081 TRACT-    0054     IN NEW YORK NY,50,10,35,30,35,55,35,55,50,40,30,10,25,0
G36008100055,1950,New York,36,Queens,081,,0055,,STCTY-36081 TRACT-    0055     IN NEW YORK NY,40,15,25,50,50,80,85,15,40,10,30,10,15,10
G36008100056,1950,New York,36,Queens,081,,0056,,STCTY-36081 TRACT-    0056     IN NEW YORK NY,40,15,5,25,50,45,45,60,70,20,60,30,65,15
G36008100057,1950,New York,36,Queens,081,,0057,,STCTY-36081 TRACT-    0057     IN NEW YORK NY,110,55,140,75,115,200,170,180,150,130,140,70,100,10
G36008100058,1950,New York,36,Queens,081,,0058,,STCTY-36081 TRACT-    0058     IN NEW YORK NY,20,15,15,55,60,95,105,55,50,50,75,50,70,10
G36008100059,1950,New York,36,Queens,081,,0059,,STCTY-36081 TRACT-    0059     IN NEW YORK NY,85,55,25,80,240,185,280,110,115,135,175,90,115,20
G36008100061,1950,New York,36,Queens,081,,0061,,STCTY-36081 TRACT-    0061     IN NEW YORK NY,175,85,145,175,250,355,355,205,210,205,260,160,75,30
G36008100062,1950,New York,36,Queens,081,,0062,,STCTY-36081 TRACT-    0062     IN NEW YORK NY,0,10,10,20,0,15,5,10,20,15,20,5,5,5
G36008100063,1950,New York,36,Queens,081,,0063,,STCTY-36081 TRACT-    0063     IN NEW YORK NY,140,105,135,165,250,215,320,230,190,175,245,160,165,80
G36008100065,1950,New York,36,Queens,081,,0065,,STCTY-36081 TRACT-    0065     IN NEW YORK NY,155,50,60,145,250,285,360,205,220,160,280,155,170,35
G36008100067,1950,New York,36,Queens,081,,0067,,STCTY-36081 TRACT-    0067     IN NEW YORK NY,85,25,45,20,75,65,100,60,90,55,85,45,20,15
G36008100069,1950,New York,36,Queens,081,,0069,,STCTY-36081 TRACT-    0069     IN NEW YORK NY,110,40,30,50,110,125,105,80,110,65,165,55,80,15
G36008100071,1950,New York,36,Queens,081,,0071,,STCTY-36081 TRACT-    0071     IN NEW YORK NY,105,20,45,55,135,190,250,185,145,95,115,75,60,45
G36008100073,1950,New York,36,Queens,081,,0073,,STCTY-36081 TRACT-    0073     IN NEW YORK NY,80,35,40,100,140,130,215,115,115,65,115,65,75,55
G36008100075,1950,New York,36,Queens,081,,0075,,STCTY-36081 TRACT-    0075     IN NEW YORK NY,120,30,50,45,155,140,140,120,95,90,140,70,130,30
G36008100077,1950,New York,36,Queens,081,,0077,,STCTY-36081 TRACT-    0077     IN NEW YORK NY,60,0,25,20,60,40,45,40,30,35,60,30,25,15
G36008100079,1950,New York,36,Queens,081,,0079,,STCTY-36081 TRACT-    0079     IN NEW YORK NY,30,20,35,65,120,80,130,90,100,45,70,45,55,5
G36008100081,1950,New York,36,Queens,081,,0081,,STCTY-36081 TRACT-    0081     IN NEW YORK NY,40,5,5,10,40,30,55,30,10,25,10,0,0,0
G36008100082,1950,New York,36,Queens,081,,0082,,STCTY-36081 TRACT-    0082     IN NEW YORK NY,25,15,5,30,15,60,60,40,20,20,5,15,15,20
G36008100083,1950,New York,36,Queens,081,,0083,,STCTY-36081 TRACT-    0083     IN NEW YORK NY,40,15,20,30,30,60,85,40,70,30,55,40,60,10
G36008100084,1950,New York,36,Queens,081,,0084,,STCTY-36081 TRACT-    0084     IN NEW YORK NY,20,30,10,15,20,40,65,20,25,20,25,25,15,0
G36008100086,1950,New York,36,Queens,081,,0086,,STCTY-36081 TRACT-    0086     IN NEW YORK NY,55,0,15,15,35,30,60,35,65,15,50,25,35,10
G36008100087,1950,New York,36,Queens,081,,0087,,STCTY-36081 TRACT-    0087     IN NEW YORK NY,25,25,10,20,145,105,120,85,35,30,10,0,20,5
G36008100088,1950,New York,36,Queens,081,,0088,,STCTY-36081 TRACT-    0088     IN NEW YORK NY,70,0,25,10,45,50,100,25,45,5,45,20,20,30
G36008100091,1950,New York,36,Queens,081,,0091,,STCTY-36081 TRACT-    0091     IN NEW YORK NY,50,15,10,35,50,50,80,20,50,10,15,15,5,15
G36008100094,1950,New York,36,Queens,081,,0094,,STCTY-36081 TRACT-    0094     IN NEW YORK NY,85,20,50,55,50,80,100,65,80,60,75,65,30,20
G36008100095,1950,New York,36,Queens,081,,0095,,STCTY-36081 TRACT-    0095     IN NEW YORK NY,55,20,25,20,45,65,150,40,105,55,130,30,120,10
G36008100096,1950,New York,36,Queens,081,,0096,,STCTY-36081 TRACT-    0096     IN NEW YORK NY,85,5,15,30,50,95,95,70,70,40,55,30,70,30
G36008100097,1950,New York,36,Queens,081,,0097,,STCTY-36081 TRACT-    0097     IN NEW YORK NY,155,70,60,45,130,160,175,130,120,85,135,65,60,45
G36008100098,1950,New York,36,Queens,081,,0098,,STCTY-36081 TRACT-    0098     IN NEW YORK NY,25,15,10,20,30,80,55,80,90,65,80,35,45,30
G36008100099,1950,New York,36,Queens,081,,0099,,STCTY-36081 TRACT-    0099     IN NEW YORK NY,0,0,0,0,0,0,0,0,0,0,0,0,0,0
G36008100100,1950,New York,36,Queens,081,,0100,,STCTY-36081 TRACT-    0100     IN NEW YORK NY,60,20,25,20,20,95,90,155,70,35,115,45,85,25
G36008100101,1950,New York,36,Queens,081,,0101,,STCTY-36081 TRACT-    0101     IN NEW YORK NY,55,40,55,65,85,100,130,65,120,75,75,105,55,25
G36008100102,1950,New York,36,Queens,081,,0102,,STCTY-36081 TRACT-    0102     IN NEW YORK NY,55,10,15,10,10,50,95,45,50,35,75,65,70,15
G36008100103,1950,New York,36,Queens,081,,0103,,STCTY-36081 TRACT-    0103     IN NEW YORK NY,115,90,70,100,130,140,305,185,155,85,115,65,50,20
G36008100104,1950,New York,36,Queens,081,,0104,,STCTY-36081 TRACT-    0104     IN NEW YORK NY,65,30,20,35,50,50,70,60,105,50,85,85,105,35
G36008100105,1950,New York,36,Queens,081,,0105,,STCTY-36081 TRACT-    0105     IN NEW YORK NY,40,50,50,30,80,100,150,110,170,150,230,170,225,85
G36008100106,1950,New York,36,Queens,081,,0106,,STCTY-36081 TRACT-    0106     IN NEW YORK NY,70,15,40,40,70,100,70,60,80,70,100,45,50,30
G36008100107,1950,New York,36,Queens,081,,0107,,STCTY-36081 TRACT-    0107     IN NEW YORK NY,0,0,0,0,0,0,0,0,0,0,0,0,0,0
G36008100108,1950,New York,36,Queens,081,,0108,,STCTY-36081 TRACT-    0108     IN NEW YORK NY,80,20,10,20,25,40,70,80,45,45,95,55,25,15
G36008100109,1950,New York,36,Queens,081,,0109,,STCTY-36081 TRACT-    0109     IN NEW YORK NY,0,15,5,5,20,5,20,10,25,0,20,15,20,5
G36008100110,1950,New York,36,Queens,081,,0110,,STCTY-36081 TRACT-    0110     IN NEW YORK NY,25,30,40,30,50,65,120,100,100,50,80,45,80,15
G36008100111,1950,New York,36,Queens,081,,0111,,STCTY-36081 TRACT-    0111     IN NEW YORK NY,60,5,20,35,110,75,175,100,90,55,95,60,100,25
G36008100112,1950,New York,36,Queens,081,,0112,,STCTY-36081 TRACT-    0112     IN NEW YORK NY,45,20,60,25,55,60,70,40,50,20,50,30,50,10
G36008100113,1950,New York,36,Queens,081,,0113,,STCTY-36081 TRACT-    0113     IN NEW YORK NY,110,80,60,160,155,200,250,205,185,95,170,105,125,35
G36008100114,1950,New York,36,Queens,081,,0114,,STCTY-36081 TRACT-    0114     IN NEW YORK NY,25,10,25,10,50,35,50,40,5,35,20,10,30,5
G36008100115,1950,New York,36,Queens,081,,0115,,STCTY-36081 TRACT-    0115     IN NEW YORK NY,60,35,65,55,75,135,165,90,90,80,145,65,75,40
G36008100116,1950,New York,36,Queens,081,,0116,,STCTY-36081 TRACT-    0116     IN NEW YORK NY,25,30,20,10,10,30,65,45,20,50,80,30,55,0
G36008100117,1950,New York,36,Queens,081,,0117,,STCTY-36081 TRACT-    0117     IN NEW YORK NY,125,75,50,50,140,135,180,120,140,80,205,90,100,20
G36008100118,1950,New York,36,Queens,081,,0118,,STCTY-36081 TRACT-    0118     IN NEW YORK NY,30,25,5,30,50,30,105,60,55,30,85,45,40,0
G36008100119,1950,New York,36,Queens,081,,0119,,STCTY-36081 TRACT-    0119     IN NEW YORK NY,70,30,30,45,55,70,95,55,40,60,55,35,25,5
G36008100120,1950,New York,36,Queens,081,,0120,,STCTY-36081 TRACT-    0120     IN NEW YORK NY,50,5,40,40,15,75,50,50,65,20,55,60,40,15
G36008100121,1950,New York,36,Queens,081,,0121,,STCTY-36081 TRACT-    0121     IN NEW YORK NY,40,25,30,25,40,45,60,35,75,30,120,30,60,10
G36008100122,1950,New York,36,Queens,081,,0122,,STCTY-36081 TRACT-    0122     IN NEW YORK NY,110,45,40,40,100,105,75,65,60,25,105,50,60,30
G36008100123,1950,New York,36,Queens,081,,0123,,STCTY-36081 TRACT-    0123     IN NEW YORK NY,10,0,15,10,40,45,45,35,65,25,35,30,60,15
G36008100124,1950,New York,36,Queens,081,,0124,,STCTY-36081 TRACT-    0124     IN NEW YORK NY,90,10,30,15,35,95,90,80,50,35,130,25,75,30
G36008100125,1950,New York,36,Queens,081,,0125,,STCTY-36081 TRACT-    0125     IN NEW YORK NY,25,15,15,0,25,30,40,15,15,25,25,20,5,0
G360081001260,1950,New York,36,Queens,081,,0126,0,STCTY-36081 TRACT-    0126.0   IN NEW YORK NY,15,40,50,30,65,50,80,75,75,20,70,10,40,0
G360081001261,1950,New York,36,Queens,081,,0126,1,STCTY-36081 TRACT-    0126.1   IN NEW YORK NY,130,25,10,30,50,85,75,80,60,30,65,35,35,5
G36008100127,1950,New York,36,Queens,081,,0127,,STCTY-36081 TRACT-    0127     IN NEW YORK NY,5,0,0,0,0,5,0,0,0,0,10,0,0,0
G36008100128,1950,New York,36,Queens,081,,0128,,STCTY-36081 TRACT-    0128     IN NEW YORK NY,80,25,35,5,60,40,55,20,50,20,60,45,50,65
G36008100129,1950,New York,36,Queens,081,,0129,,STCTY-36081 TRACT-    0129     IN NEW YORK NY,0,0,0,0,0,0,0,0,0,0,0,0,0,0
G36008100130,1950,New York,36,Queens,081,,0130,,STCTY-36081 TRACT-    0130     IN NEW YORK NY,90,5,15,15,15,25,30,15,45,20,40,20,45,60
G36008100131,1950,New York,36,Queens,081,,0131,,STCTY-36081 TRACT-    0131     IN NEW YORK NY,0,0,0,0,5,0,0,0,0,0,10,0,0,0
G36008100132,1950,New York,36,Queens,081,,0132,,STCTY-36081 TRACT-    0132     IN NEW YORK NY,55,10,5,5,25,15,15,30,15,20,40,15,65,40
G36008100134,1950,New York,36,Queens,081,,0134,,STCTY-36081 TRACT-    0134     IN NEW YORK NY,175,30,30,25,60,70,90,60,120,95,155,80,170,160
G36008100135,1950,New York,36,Queens,081,,0135,,STCTY-36081 TRACT-    0135     IN NEW YORK NY,30,10,20,5,10,35,15,40,20,25,40,30,15,10
G36008100136,1950,New York,36,Queens,081,,0136,,STCTY-36081 TRACT-    0136     IN NEW YORK NY,50,15,20,40,45,80,90,50,70,50,85,75,120,85
G36008100137,1950,New York,36,Queens,081,,0137,,STCTY-36081 TRACT-    0137     IN NEW YORK NY,40,5,15,5,75,40,30,30,25,25,45,20,5,5
G36008100138,1950,New York,36,Queens,081,,0138,,STCTY-36081 TRACT-    0138     IN NEW YORK NY,85,35,20,55,55,35,70,65,55,60,105,100,75,130
G36008100140,1950,New York,36,Queens,081,,0140,,STCTY-36081 TRACT-    0140     IN NEW YORK NY,35,25,10,25,50,45,55,40,55,55,65,55,50,20
G36008100141,1950,New York,36,Queens,081,,0141,,STCTY-36081 TRACT-    0141     IN NEW YORK NY,50,15,30,10,65,75,85,80,70,55,45,50,35,0
G360081001420,1950,New York,36,Queens,081,,0142,0,STCTY-36081 TRACT-    0142.0   IN NEW YORK NY,125,20,35,65,90,65,120,90,85,45,105,30,60,35
G360081001421,1950,New York,36,Queens,081,,0142,1,STCTY-36081 TRACT-    0142.1   IN NEW YORK NY,70,70,45,30,50,80,140,45,75,60,90,75,35,15
G36008100143,1950,New York,36,Queens,081,,0143,,STCTY-36081 TRACT-    0143     IN NEW YORK NY,80,35,65,75,130,165,205,165,210,90,175,90,80,10
G36008100144,1950,New York,36,Queens,081,,0144,,STCTY-36081 TRACT-    0144     IN NEW YORK NY,35,20,10,20,25,40,65,30,25,20,40,30,15,10
G36008100145,1950,New York,36,Queens,081,,0145,,STCTY-36081 TRACT-    0145     IN NEW YORK NY,25,0,20,35,55,75,110,110,105,50,50,45,70,20
G36008100147,1950,New York,36,Queens,081,,0147,,STCTY-36081 TRACT-    0147     IN NEW YORK NY,70,45,75,75,65,85,120,150,125,65,130,95,60,20
G36008100148,1950,New York,36,Queens,081,,0148,,STCTY-36081 TRACT-    0148     IN NEW YORK NY,10,10,35,0,25,50,40,50,55,40,50,25,55,20
G36008100149,1950,New York,36,Queens,081,,0149,,STCTY-36081 TRACT-    0149     IN NEW YORK NY,75,35,30,25,75,65,175,95,85,40,95,55,80,15
G36008100150,1950,New York,36,Queens,081,,0150,,STCTY-36081 TRACT-    0150     IN NEW YORK NY,25,20,25,40,40,45,70,45,55,25,55,10,40,5
G36008100151,1950,New York,36,Queens,081,,0151,,STCTY-36081 TRACT-    0151     IN NEW YORK NY,35,35,65,40,75,140,160,100,140,95,165,75,70,35
G36008100152,1950,New York,36,Queens,081,,0152,,STCTY-36081 TRACT-    0152     IN NEW YORK NY,70,25,25,15,35,50,50,45,50,20,40,30,40,0
G36008100153,1950,New York,36,Queens,081,,0153,,STCTY-36081 TRACT-    0153     IN NEW YORK NY,30,15,25,30,65,110,90,55,35,40,80,55,25,10
G36008100154,1950,New York,36,Queens,081,,0154,,STCTY-36081 TRACT-    0154     IN NEW YORK NY,50,10,15,35,35,55,50,45,65,35,45,20,25,15
G36008100155,1950,New York,36,Queens,081,,0155,,STCTY-36081 TRACT-    0155     IN NEW YORK NY,75,10,5,80,60,95,125,55,65,55,75,40,50,20
G36008100156,1950,New York,36,Queens,081,,0156,,STCTY-36081 TRACT-    0156     IN NEW YORK NY,60,25,10,40,25,90,90,75,80,50,60,45,70,10
G36008100157,1950,New York,36,Queens,081,,0157,,STCTY-36081 TRACT-    0157     IN NEW YORK NY,25,5,35,50,115,85,155,65,65,50,60,20,15,0
G36008100158,1950,New York,36,Queens,081,,0158,,STCTY-36081 TRACT-    0158     IN NEW YORK NY,160,65,90,105,110,145,235,170,205,115,165,140,145,60
G36008100159,1950,New York,36,Queens,081,,0159,,STCTY-36081 TRACT-    0159     IN NEW YORK NY,90,25,80,50,210,175,330,125,175,85,125,75,100,15
G36008100161,1950,New York,36,Queens,081,,0161,,STCTY-36081 TRACT-    0161     IN NEW YORK NY,70,30,35,50,75,50,85,40,70,50,130,40,80,45
G36008100163,1950,New York,36,Queens,081,,0163,,STCTY-36081 TRACT-    0163     IN NEW YORK NY,35,15,20,35,30,90,290,460,265,130,115,25,20,0
G36008100164,1950,New York,36,Queens,081,,0164,,STCTY-36081 TRACT-    0164     IN NEW YORK NY,50,60,15,35,45,65,115,90,80,45,110,45,55,25
G36008100165,1950,New York,36,Queens,081,,0165,,STCTY-36081 TRACT-    0165     IN NEW YORK NY,0,0,0,0,0,0,0,0,0,0,0,0,5,5
G36008100166,1950,New York,36,Queens,081,,0166,,STCTY-36081 TRACT-    0166     IN NEW YORK NY,40,25,30,25,60,55,110,75,125,60,105,90,75,35
G36008100168,1950,New York,36,Queens,081,,0168,,STCTY-36081 TRACT-    0168     IN NEW YORK NY,35,10,5,20,30,65,75,50,75,35,80,45,45,30
G36008100169,1950,New York,36,Queens,081,,0169,,STCTY-36081 TRACT-    0169     IN NEW YORK NY,70,35,35,85,135,125,170,145,210,115,205,120,160,105
G36008100170,1950,New York,36,Queens,081,,0170,,STCTY-36081 TRACT-    0170     IN NEW YORK NY,45,10,25,15,35,45,80,95,45,70,65,30,70,5
G36008100171,1950,New York,36,Queens,081,,0171,,STCTY-36081 TRACT-    0171     IN NEW YORK NY,0,0,0,0,0,0,0,0,0,0,0,0,0,0
G36008100172,1950,New York,36,Queens,081,,0172,,STCTY-36081 TRACT-    0172     IN NEW YORK NY,30,15,10,25,15,50,70,45,35,45,70,30,80,15
G36008100174,1950,New York,36,Queens,081,,0174,,STCTY-36081 TRACT-    0174     IN NEW YORK NY,55,20,15,15,10,35,55,50,55,55,60,55,25,10
G36008100176,1950,New York,36,Queens,081,,0176,,STCTY-36081 TRACT-    0176     IN NEW YORK NY,35,5,30,10,25,50,90,40,20,30,80,20,10,0
G36008100177,1950,New York,36,Queens,081,,0177,,STCTY-36081 TRACT-    0177     IN NEW YORK NY,0,0,0,0,0,5,0,5,0,0,0,0,0,0
G36008100178,1950,New York,36,Queens,081,,0178,,STCTY-36081 TRACT-    0178     IN NEW YORK NY,25,5,5,15,30,55,40,20,25,20,30,15,10,5
G36008100179,1950,New York,36,Queens,081,,0179,,STCTY-36081 TRACT-    0179     IN NEW YORK NY,30,15,25,0,65,50,65,35,50,5,60,20,20,5
G36008100180,1950,New York,36,Queens,081,,0180,,STCTY-36081 TRACT-    0180     IN NEW YORK NY,45,5,15,35,30,30,45,30,15,20,60,5,10,0
G36008100181,1950,New York,36,Queens,081,,0181,,STCTY-36081 TRACT-    0181     IN NEW YORK NY,255,70,100,130,260,295,505,320,315,155,355,225,280,150
G36008100182,1950,New York,36,Queens,081,,0182,,STCTY-36081 TRACT-    0182     IN NEW YORK NY,90,30,10,50,45,45,90,40,45,10,50,10,20,10
G36008100183,1950,New York,36,Queens,081,,0183,,STCTY-36081 TRACT-    0183     IN NEW YORK NY,110,80,35,100,160,250,265,215,265,140,290,170,175,80
G360081001840,1950,New York,36,Queens,081,,0184,0,STCTY-36081 TRACT-    0184.0   IN NEW YORK NY,0,5,10,10,20,35,45,40,35,50,50,10,25,0
G360081001841,1950,New York,36,Queens,081,,0184,1,STCTY-36081 TRACT-    0184.1   IN NEW YORK NY,25,20,5,5,45,50,75,60,95,20,70,20,45,25
G36008100185,1950,New York,36,Queens,081,,0185,,STCTY-36081 TRACT-    0185     IN NEW YORK NY,120,50,60,75,195,300,290,210,255,195,345,285,280,50
G36008100186,1950,New York,36,Queens,081,,0186,,STCTY-36081 TRACT-    0186     IN NEW YORK NY,15,5,10,10,10,30,45,30,40,15,30,15,20,10
G36008100187,1950,New York,36,Queens,081,,0187,,STCTY-36081 TRACT-    0187     IN NEW YORK NY,70,15,35,35,95,40,180,85,130,70,145,90,75,30
G36008100188,1950,New York,36,Queens,081,,0188,,STCTY-36081 TRACT-    0188     IN NEW YORK NY,5,0,10,10,10,25,35,20,25,10,15,10,15,0
G36008100189,1950,New York,36,Queens,081,,0189,,STCTY-36081 TRACT-    0189     IN NEW YORK NY,60,15,40,35,60,85,55,75,65,60,55,35,70,35
G36008100190,1950,New York,36,Queens,081,,0190,,STCTY-36081 TRACT-    0190     IN NEW YORK NY,35,0,20,30,70,65,65,75,65,50,55,30,25,5
G36008100191,1950,New York,36,Queens,081,,0191,,STCTY-36081 TRACT-    0191     IN NEW YORK NY,0,0,0,10,0,0,5,0,0,0,0,0,0,0
G36008100192,1950,New York,36,Queens,081,,0192,,STCTY-36081 TRACT-    0192     IN NEW YORK NY,40,30,0,20,60,60,50,70,50,50,20,25,15,0
G36008100193,1950,New York,36,Queens,081,,0193,,STCTY-36081 TRACT-    0193     IN NEW YORK NY,0,0,0,0,0,0,0,0,0,5,0,0,0,0
G360081001940,1950,New York,36,Queens,081,,0194,0,STCTY-36081 TRACT-    0194.0   IN NEW YORK NY,10,0,10,0,10,20,20,20,10,0,15,10,10,10
G360081001941,1950,New York,36,Queens,081,,0194,1,STCTY-36081 TRACT-    0194.1   IN NEW YORK NY,40,10,10,20,45,100,45,50,40,5,30,5,5,5
G36008100195,1950,New York,36,Queens,081,,0195,,STCTY-36081 TRACT-    0195     IN NEW YORK NY,0,0,0,0,0,0,0,5,0,0,0,0,0,0
G36008100196,1950,New York,36,Queens,081,,0196,,STCTY-36081 TRACT-    0196     IN NEW YORK NY,35,50,25,35,90,55,90,50,45,20,55,20,25,10
G36008100197,1950,New York,36,Queens,081,,0197,,STCTY-36081 TRACT-    0197     IN NEW YORK NY,30,10,25,45,50,40,45,50,15,20,10,15,5,0
G36008100198,1950,New York,36,Queens,081,,0198,,STCTY-36081 TRACT-    0198     IN NEW YORK NY,100,65,45,65,100,85,120,70,45,70,70,25,35,5
G36008100201,1950,New York,36,Queens,081,,0201,,STCTY-36081 TRACT-    0201     IN NEW YORK NY,0,0,0,0,0,0,0,0,0,0,0,0,0,0
G36008100202,1950,New York,36,Queens,081,,0202,,STCTY-36081 TRACT-    0202     IN NEW YORK NY,80,25,20,20,20,25,45,50,15,50,40,40,10,10
G36008100204,1950,New York,36,Queens,081,,0204,,STCTY-36081 TRACT-    0204     IN NEW YORK NY,60,85,65,70,120,90,135,55,30,10,45,40,30,20
G36008100205,1950,New York,36,Queens,081,,0205,,STCTY-36081 TRACT-    0205     IN NEW YORK NY,15,15,15,20,50,30,115,75,50,25,70,20,25,0
G36008100206,1950,New York,36,Queens,081,,0206,,STCTY-36081 TRACT-    0206     IN NEW YORK NY,50,10,25,25,20,40,75,15,35,10,25,20,15,0
G36008100208,1950,New York,36,Queens,081,,0208,,STCTY-36081 TRACT-    0208     IN NEW YORK NY,85,50,45,45,65,55,100,95,50,20,110,35,50,25
G36008100212,1950,New York,36,Queens,081,,0212,,STCTY-36081 TRACT-    0212     IN NEW YORK NY,10,50,15,25,65,70,50,55,40,5,80,25,20,10
G36008100213,1950,New York,36,Queens,081,,0213,,STCTY-36081 TRACT-    0213     IN NEW YORK NY,0,0,0,0,0,0,20,0,5,5,5,0,5,0
G36008100214,1950,New York,36,Queens,081,,0214,,STCTY-36081 TRACT-    0214     IN NEW YORK NY,70,25,50,35,60,70,85,80,115,65,120,75,50,70
G36008100216,1950,New York,36,Queens,081,,0216,,STCTY-36081 TRACT-    0216     IN NEW YORK NY,35,0,5,5,20,30,30,20,40,15,30,5,15,5
G36008100218,1950,New York,36,Queens,081,,0218,,STCTY-36081 TRACT-    0218     IN NEW YORK NY,0,0,0,0,0,0,0,0,0,0,0,0,0,0
G36008100219,1950,New York,36,Queens,081,,0219,,STCTY-36081 TRACT-    0219     IN NEW YORK NY,0,0,0,0,0,0,0,0,0,0,0,0,0,0
G36008100220,1950,New York,36,Queens,081,,0220,,STCTY-36081 TRACT-    0220     IN NEW YORK NY,70,10,40,45,65,60,90,80,90,65,260,140,245,270
G36008100229,1950,New York,36,Queens,081,,0229,,STCTY-36081 TRACT-    0229     IN NEW YORK NY,0,0,0,0,0,0,0,0,0,0,0,0,0,0
G36008100230,1950,New York,36,Queens,081,,0230,,STCTY-36081 TRACT-    0230     IN NEW YORK NY,20,15,25,10,25,40,35,45,60,30,50,10,55,20
G36008100231,1950,New York,36,Queens,081,,0231,,STCTY-36081 TRACT-    0231     IN NEW YORK NY,0,0,0,0,0,0,0,0,0,0,0,0,5,0
G36008100232,1950,New York,36,Queens,081,,0232,,STCTY-36081 TRACT-    0232     IN NEW YORK NY,50,45,10,5,50,35,75,25,30,45,55,50,45,50
G36008100235,1950,New York,36,Queens,081,,0235,,STCTY-36081 TRACT-    0235     IN NEW YORK NY,200,70,40,130,225,330,380,215,190,185,275,100,130,25
G36008100236,1950,New York,36,Queens,081,,0236,,STCTY-36081 TRACT-    0236     IN NEW YORK NY,220,45,30,55,65,60,55,70,50,30,80,30,40,50
G36008100238,1950,New York,36,Queens,081,,0238,,STCTY-36081 TRACT-    0238     IN NEW YORK NY,85,35,35,55,55,80,70,95,60,55,60,35,35,30
G36008100239,1950,New York,36,Queens,081,,0239,,STCTY-36081 TRACT-    0239     IN NEW YORK NY,10,0,0,5,10,10,20,30,20,40,35,30,20,0
G36008100240,1950,New York,36,Queens,081,,0240,,STCTY-36081 TRACT-    0240     IN NEW YORK NY,185,25,35,80,110,110,180,85,130,55,180,80,130,80
G36008100241,1950,New York,36,Queens,081,,0241,,STCTY-36081 TRACT-    0241     IN NEW YORK NY,10,15,5,10,15,35,40,45,30,20,70,35,45,10
G36008100242,1950,New York,36,Queens,081,,0242,,STCTY-36081 TRACT-    0242     IN NEW YORK NY,15,10,0,25,10,5,15,20,10,0,20,10,5,0
G36008100243,1950,New York,36,Queens,081,,0243,,STCTY-36081 TRACT-    0243     IN NEW YORK NY,30,0,0,5,45,35,50,20,25,15,20,15,30,0
G36008100244,1950,New York,36,Queens,081,,0244,,STCTY-36081 TRACT-    0244     IN NEW YORK NY,10,5,0,5,10,0,5,5,0,0,0,0,0,0
G36008100245,1950,New York,36,Queens,081,,0245,,STCTY-36081 TRACT-    0245     IN NEW YORK NY,5,5,5,10,30,25,25,30,25,30,35,25,55,5
G36008100246,1950,New York,36,Queens,081,,0246,,STCTY-36081 TRACT-    0246     IN NEW YORK NY,25,20,5,30,5,10,0,10,15,5,15,15,5,0
G36008100247,1950,New York,36,Queens,081,,0247,,STCTY-36081 TRACT-    0247     IN NEW YORK NY,30,0,15,10,45,50,40,60,70,40,80,40,20,10
G36008100248,1950,New York,36,Queens,081,,0248,,STCTY-36081 TRACT-    0248     IN NEW YORK NY,60,75,85,85,135,55,60,35,15,15,5,5,10,0
G36008100249,1950,New York,36,Queens,081,,0249,,STCTY-36081 TRACT-    0249     IN NEW YORK NY,75,40,25,55,95,60,195,65,100,50,140,55,70,40
G36008100250,1950,New York,36,Queens,081,,0250,,STCTY-36081 TRACT-    0250     IN NEW YORK NY,45,20,60,15,30,40,45,20,30,20,35,10,0,0
G36008100251,1950,New York,36,Queens,081,,0251,,STCTY-36081 TRACT-    0251     IN NEW YORK NY,100,45,45,45,65,130,170,155,100,60,120,40,60,0
G36008100252,1950,New York,36,Queens,081,,0252,,STCTY-36081 TRACT-    0252     IN NEW YORK NY,175,145,225,265,310,190,145,50,65,10,70,50,10,10
G36008100253,1950,New York,36,Queens,081,,0253,,STCTY-36081 TRACT-    0253     IN NEW YORK NY,230,60,105,100,275,250,340,225,230,195,315,170,135,30
G36008100255,1950,New York,36,Queens,081,,0255,,STCTY-36081 TRACT-    0255     IN NEW YORK NY,35,35,5,15,35,25,50,15,60,20,75,25,20,0
G36008100257,1950,New York,36,Queens,081,,0257,,STCTY-36081 TRACT-    0257     IN NEW YORK NY,40,35,20,30,60,50,50,30,40,20,70,20,45,25
G36008100258,1950,New York,36,Queens,081,,0258,,STCTY-36081 TRACT-    0258     IN NEW YORK NY,95,10,35,75,85,80,70,35,30,10,25,10,5,5
G36008100259,1950,New York,36,Queens,081,,0259,,STCTY-36081 TRACT-    0259     IN NEW YORK NY,50,30,10,40,60,55,120,45,60,45,70,55,60,10
G36008100260,1950,New York,36,Queens,081,,0260,,STCTY-36081 TRACT-    0260     IN NEW YORK NY,40,40,50,35,50,65,40,10,15,15,15,10,10,0
G36008100261,1950,New York,36,Queens,081,,0261,,STCTY-36081 TRACT-    0261     IN NEW YORK NY,170,50,100,100,220,145,315,270,250,115,285,165,215,40
G36008100262,1950,New York,36,Queens,081,,0262,,STCTY-36081 TRACT-    0262     IN NEW YORK NY,80,35,10,45,45,20,20,25,10,5,15,0,10,5
G36008100263,1950,New York,36,Queens,081,,0263,,STCTY-36081 TRACT-    0263     IN NEW YORK NY,75,50,70,40,155,150,180,165,125,85,190,100,105,35
G36008100264,1950,New York,36,Queens,081,,0264,,STCTY-36081 TRACT-    0264     IN NEW YORK NY,70,30,25,55,165,70,55,25,45,20,25,10,10,10
G36008100265,1950,New York,36,Queens,081,,0265,,STCTY-36081 TRACT-    0265     IN NEW YORK NY,50,15,70,35,80,50,85,70,75,30,80,55,25,10
G36008100266,1950,New York,36,Queens,081,,0266,,STCTY-36081 TRACT-    0266     IN NEW YORK NY,15,25,30,25,0,30,30,25,30,35,15,10,15,5
G36008100267,1950,New York,36,Queens,081,,0267,,STCTY-36081 TRACT-    0267     IN NEW YORK NY,40,25,40,35,85,40,110,65,90,35,110,75,75,25
G36008100269,1950,New York,36,Queens,081,,0269,,STCTY-36081 TRACT-    0269     IN NEW YORK NY,165,65,90,75,125,125,200,130,165,95,245,115,245,115
G36008100270,1950,New York,36,Queens,081,,0270,,STCTY-36081 TRACT-    0270     IN NEW YORK NY,35,15,35,60,70,30,25,30,40,10,15,5,5,0
G36008100271,1950,New York,36,Queens,081,,0271,,STCTY-36081 TRACT-    0271     IN NEW YORK NY,75,45,40,55,100,75,185,75,85,70,165,135,150,70
G36008100272,1950,New York,36,Queens,081,,0272,,STCTY-36081 TRACT-    0272     IN NEW YORK NY,50,20,15,40,40,35,45,20,65,20,15,35,35,0
G36008100273,1950,New York,36,Queens,081,,0273,,STCTY-36081 TRACT-    0273     IN NEW YORK NY,80,90,60,30,105,145,145,175,205,155,250,115,155,45
G36008100274,1950,New York,36,Queens,081,,0274,,STCTY-36081 TRACT-    0274     IN NEW YORK NY,5,10,10,0,30,5,55,30,15,25,30,0,10,0
G36008100275,1950,New York,36,Queens,081,,0275,,STCTY-36081 TRACT-    0275     IN NEW YORK NY,75,40,15,50,115,75,165,115,150,60,130,70,80,35
G36008100276,1950,New York,36,Queens,081,,0276,,STCTY-36081 TRACT-    0276     IN NEW YORK NY,45,0,25,5,70,20,20,30,10,10,10,15,5,5
G36008100277,1950,New York,36,Queens,081,,0277,,STCTY-36081 TRACT-    0277     IN NEW YORK NY,115,45,50,70,95,165,180,135,130,80,200,135,175,85
G36008100278,1950,New York,36,Queens,081,,0278,,STCTY-36081 TRACT-    0278     IN NEW YORK NY,5,0,5,10,10,10,15,10,5,5,10,5,0,0
G36008100279,1950,New York,36,Queens,081,,0279,,STCTY-36081 TRACT-    0279     IN NEW YORK NY,65,35,30,35,30,40,60,90,65,35,60,55,105,80
G36008100280,1950,New York,36,Queens,081,,0280,,STCTY-36081 TRACT-    0280     IN NEW YORK NY,55,20,20,10,40,25,40,55,15,25,85,20,10,15
G36008100281,1950,New York,36,Queens,081,,0281,,STCTY-36081 TRACT-    0281     IN NEW YORK NY,155,30,40,45,115,145,180,90,115,95,240,165,235,260
G36008100282,1950,New York,36,Queens,081,,0282,,STCTY-36081 TRACT-    0282     IN NEW YORK NY,15,15,25,35,25,45,45,40,65,5,65,20,20,0
G36008100283,1950,New York,36,Queens,081,,0283,,STCTY-36081 TRACT-    0283     IN NEW YORK NY,190,65,45,45,135,270,255,235,185,145,290,210,250,155
G36008100284,1950,New York,36,Queens,081,,0284,,STCTY-36081 TRACT-    0284     IN NEW YORK NY,70,25,20,25,15,50,90,60,50,65,80,30,20,0
G36008100285,1950,New York,36,Queens,081,,0285,,STCTY-36081 TRACT-    0285     IN NEW YORK NY,170,35,40,65,90,125,200,85,120,90,185,140,270,300
G36008100287,1950,New York,36,Queens,081,,0287,,STCTY-36081 TRACT-    0287     IN NEW YORK NY,115,35,55,35,70,65,50,140,115,60,215,120,280,270
G36008100288,1950,New York,36,Queens,081,,0288,,STCTY-36081 TRACT-    0288     IN NEW YORK NY,75,30,10,35,30,70,80,65,40,40,50,60,20,10
G36008100289,1950,New York,36,Queens,081,,0289,,STCTY-36081 TRACT-    0289     IN NEW YORK NY,125,15,50,50,85,60,75,60,65,30,170,105,165,110
G36008100290,1950,New York,36,Queens,081,,0290,,STCTY-36081 TRACT-    0290     IN NEW YORK NY,25,15,15,5,5,45,55,25,15,25,45,15,20,10
G36008100291,1950,New York,36,Queens,081,,0291,,STCTY-36081 TRACT-    0291     IN NEW YORK NY,95,55,60,50,100,140,195,130,150,75,230,150,170,60
G36008100292,1950,New York,36,Queens,081,,0292,,STCTY-36081 TRACT-    0292     IN NEW YORK NY,25,10,15,20,65,60,105,75,35,20,30,20,50,0
G36008100293,1950,New York,36,Queens,081,,0293,,STCTY-36081 TRACT-    0293     IN NEW YORK NY,25,5,20,15,15,30,40,40,35,30,40,25,40,70
G36008100295,1950,New York,36,Queens,081,,0295,,STCTY-36081 TRACT-    0295     IN NEW YORK NY,80,10,55,60,115,110,190,130,180,60,225,135,100,35
G36008100297,1950,New York,36,Queens,081,,0297,,STCTY-36081 TRACT-    0297     IN NEW YORK NY,25,5,10,5,5,20,20,15,15,0,15,0,5,10
G36008100299,1950,New York,36,Queens,081,,0299,,STCTY-36081 TRACT-    0299     IN NEW YORK NY,10,0,10,0,10,10,10,15,25,5,30,10,10,20
G36008100304,1950,New York,36,Queens,081,,0304,,STCTY-36081 TRACT-    0304     IN NEW YORK NY,15,10,15,15,20,10,70,40,35,30,45,20,20,0
G36008100309,1950,New York,36,Queens,081,,0309,,STCTY-36081 TRACT-    0309     IN NEW YORK NY,215,65,85,100,225,315,435,385,270,105,250,150,105,80
G36008100317,1950,New York,36,Queens,081,,0317,,STCTY-36081 TRACT-    0317     IN NEW YORK NY,5,15,10,20,35,25,15,25,10,20,20,15,20,5
G36008100319,1950,New York,36,Queens,081,,0319,,STCTY-36081 TRACT-    0319     IN NEW YORK NY,25,0,15,5,30,25,50,40,20,5,55,65,45,45
G36008100320,1950,New York,36,Queens,081,,0320,,STCTY-36081 TRACT-    0320     IN NEW YORK NY,75,10,25,30,50,40,70,90,55,40,45,10,40,10
G36008100321,1950,New York,36,Queens,081,,0321,,STCTY-36081 TRACT-    0321     IN NEW YORK NY,20,10,10,5,35,30,55,85,85,65,175,105,155,80
G36008100327,1950,New York,36,Queens,081,,0327,,STCTY-36081 TRACT-    0327     IN NEW YORK NY,35,35,35,30,60,45,90,60,95,45,95,65,100,50
G36008100328,1950,New York,36,Queens,081,,0328,,STCTY-36081 TRACT-    0328     IN NEW YORK NY,50,10,5,5,25,20,35,30,45,15,20,15,30,5
G36008100329,1950,New York,36,Queens,081,,0329,,STCTY-36081 TRACT-    0329     IN NEW YORK NY,35,5,20,25,25,45,65,45,30,30,130,60,55,50
G36008100330,1950,New York,36,Queens,081,,0330,,STCTY-36081 TRACT-    0330     IN NEW YORK NY,95,25,20,40,90,100,150,110,140,90,170,65,100,30
G36008100331,1950,New York,36,Queens,081,,0331,,STCTY-36081 TRACT-    0331     IN NEW YORK NY,0,0,0,0,0,0,0,0,0,0,0,0,0,0
G36008100334,1950,New York,36,Queens,081,,0334,,STCTY-36081 TRACT-    0334     IN NEW YORK NY,50,20,25,35,65,50,120,70,85,60,75,35,65,20
G36008100337,1950,New York,36,Queens,081,,0337,,STCTY-36081 TRACT-    0337     IN NEW YORK NY,55,25,10,30,45,50,35,75,75,45,85,50,95,40
G36008100339,1950,New York,36,Queens,081,,0339,,STCTY-36081 TRACT-    0339     IN NEW YORK NY,35,5,25,30,35,15,65,40,60,35,70,60,55,20
G36008100347,1950,New York,36,Queens,081,,0347,,STCTY-36081 TRACT-    0347     IN NEW YORK NY,25,15,30,10,45,40,95,80,110,55,60,65,80,15
G36008100351,1950,New York,36,Queens,081,,0351,,STCTY-36081 TRACT-    0351     IN NEW YORK NY,40,15,25,30,30,30,55,70,40,40,105,65,35,25
G36008100352,1950,New York,36,Queens,081,,0352,,STCTY-36081 TRACT-    0352     IN NEW YORK NY,60,5,10,5,10,70,70,45,50,30,40,35,45,5
G36008100353,1950,New York,36,Queens,081,,0353,,STCTY-36081 TRACT-    0353     IN NEW YORK NY,40,10,25,45,25,70,95,55,85,50,100,15,30,15
G36008100355,1950,New York,36,Queens,081,,0355,,STCTY-36081 TRACT-    0355     IN NEW YORK NY,35,10,10,20,55,35,70,30,15,35,45,35,45,45
G36008100358,1950,New York,36,Queens,081,,0358,,STCTY-36081 TRACT-    0358     IN NEW YORK NY,90,5,25,30,30,25,60,55,110,45,110,65,45,40
G36008100361,1950,New York,36,Queens,081,,0361,,STCTY-36081 TRACT-    0361     IN NEW YORK NY,45,25,30,30,70,50,120,55,30,40,60,55,30,5
G36008100363,1950,New York,36,Queens,081,,0363,,STCTY-36081 TRACT-    0363     IN NEW YORK NY,80,40,25,50,55,55,65,30,15,25,25,20,10,15
G36008100365,1950,New York,36,Queens,081,,0365,,STCTY-36081 TRACT-    0365     IN NEW YORK NY,130,40,90,110,110,70,110,55,30,40,40,0,15,0
G36008100366,1950,New York,36,Queens,081,,0366,,STCTY-36081 TRACT-    0366     IN NEW YORK NY,70,5,10,15,20,20,40,40,70,85,85,65,65,15
G36008100367,1950,New York,36,Queens,081,,0367,,STCTY-36081 TRACT-    0367     IN NEW YORK NY,45,30,35,20,50,20,115,80,75,40,105,20,60,25
G36008100368,1950,New York,36,Queens,081,,0368,,STCTY-36081 TRACT-    0368     IN NEW YORK NY,60,10,15,5,15,45,50,45,60,20,90,45,75,25
G36008100369,1950,New York,36,Queens,081,,0369,,STCTY-36081 TRACT-    0369     IN NEW YORK NY,15,0,0,10,10,0,10,20,0,10,5,5,5,5
G36008100371,1950,New York,36,Queens,081,,0371,,STCTY-36081 TRACT-    0371     IN NEW YORK NY,25,10,10,10,10,25,45,30,40,20,20,25,20,10
G36008100373,1950,New York,36,Queens,081,,0373,,STCTY-36081 TRACT-    0373     IN NEW YORK NY,45,25,45,30,75,60,60,35,55,30,40,10,20,10
G36008100375,1950,New York,36,Queens,081,,0375,,STCTY-36081 TRACT-    0375     IN NEW YORK NY,80,20,25,75,70,95,50,60,75,45,60,10,60,20
G36008100376,1950,New York,36,Queens,081,,0376,,STCTY-36081 TRACT-    0376     IN NEW YORK NY,70,35,30,60,60,65,160,140,130,90,130,75,115,30
G36008100377,1950,New York,36,Queens,081,,0377,,STCTY-36081 TRACT-    0377     IN NEW YORK NY,115,40,55,100,100,90,90,70,35,20,80,30,40,10
G36008100379,1950,New York,36,Queens,081,,0379,,STCTY-36081 TRACT-    0379     IN NEW YORK NY,125,60,55,145,125,110,180,90,85,30,70,20,50,10
G36008100381,1950,New York,36,Queens,081,,0381,,STCTY-36081 TRACT-    0381     IN NEW YORK NY,70,25,35,30,160,100,105,30,50,60,60,25,25,5
G36008100383,1950,New York,36,Queens,081,,0383,,STCTY-36081 TRACT-    0383     IN NEW YORK NY,0,0,0,0,0,0,0,0,0,0,0,0,0,5
G36008100384,1950,New York,36,Queens,081,,0384,,STCTY-36081 TRACT-    0384     IN NEW YORK NY,55,20,0,5,35,40,65,60,40,30,70,15,45,5
G36008100389,1950,New York,36,Queens,081,,0389,,STCTY-36081 TRACT-    0389     IN NEW YORK NY,0,0,0,0,0,0,0,0,0,0,0,0,0,0
G36008100394,1950,New York,36,Queens,081,,0394,,STCTY-36081 TRACT-    0394     IN NEW YORK NY,60,45,25,35,45,65,70,55,50,65,85,45,45,5
G36008100398,1950,New York,36,Queens,081,,0398,,STCTY-36081 TRACT-    0398     IN NEW YORK NY,20,5,10,15,15,20,45,15,45,20,55,35,75,30
G36008100399,1950,New York,36,Queens,081,,0399,,STCTY-36081 TRACT-    0399     IN NEW YORK NY,60,0,20,0,25,40,80,15,35,10,45,30,20,15
G36008100400,1950,New York,36,Queens,081,,0400,,STCTY-36081 TRACT-    0400     IN NEW YORK NY,30,0,0,10,5,15,40,20,40,0,25,35,45,25
G36008100401,1950,New York,36,Queens,081,,0401,,STCTY-36081 TRACT-    0401     IN NEW YORK NY,70,25,35,50,100,125,165,125,100,65,155,70,70,20
G36008100402,1950,New York,36,Queens,081,,0402,,STCTY-36081 TRACT-    0402     IN NEW YORK NY,30,0,10,15,20,20,55,25,40,0,50,40,100,30
G36008100403,1950,New York,36,Queens,081,,0403,,STCTY-36081 TRACT-    0403     IN NEW YORK NY,85,25,45,25,80,125,115,70,100,50,55,20,55,15
G36008100404,1950,New York,36,Queens,081,,0404,,STCTY-36081 TRACT-    0404     IN NEW YORK NY,35,20,20,15,25,70,65,140,115,100,170,85,140,45
G36008100405,1950,New York,36,Queens,081,,0405,,STCTY-36081 TRACT-    0405     IN NEW YORK NY,45,10,25,25,75,35,65,35,40,30,50,50,45,10
G36008100407,1950,New York,36,Queens,081,,0407,,STCTY-36081 TRACT-    0407     IN NEW YORK NY,145,20,45,75,140,145,170,145,110,90,135,30,65,10
G36008100409,1950,New York,36,Queens,081,,0409,,STCTY-36081 TRACT-    0409     IN NEW YORK NY,80,10,25,20,95,145,50,55,90,60,80,50,40,10
G36008100410,1950,New York,36,Queens,081,,0410,,STCTY-36081 TRACT-    0410     IN NEW YORK NY,60,15,30,45,90,75,95,80,50,45,55,20,10,25
G36008100411,1950,New York,36,Queens,081,,0411,,STCTY-36081 TRACT-    0411     IN NEW YORK NY,50,15,15,30,45,65,80,55,65,45,50,50,30,10
G36008100413,1950,New York,36,Queens,081,,0413,,STCTY-36081 TRACT-    0413     IN NEW YORK NY,30,20,35,30,65,45,60,85,105,30,65,40,60,25
G36008100414,1950,New York,36,Queens,081,,0414,,STCTY-36081 TRACT-    0414     IN NEW YORK NY,100,25,60,60,160,130,65,35,35,10,35,20,25,0
G36008100415,1950,New York,36,Queens,081,,0415,,STCTY-36081 TRACT-    0415     IN NEW YORK NY,70,15,30,20,95,90,80,45,25,0,45,35,15,0
G36008100420,1950,New York,36,Queens,081,,0420,,STCTY-36081 TRACT-    0420     IN NEW YORK NY,20,0,5,0,15,5,15,0,10,20,10,20,20,10
G36008100422,1950,New York,36,Queens,081,,0422,,STCTY-36081 TRACT-    0422     IN NEW YORK NY,25,0,5,5,15,35,25,10,10,0,30,10,25,30
G36008100424,1950,New York,36,Queens,081,,0424,,STCTY-36081 TRACT-    0424     IN NEW YORK NY,10,5,0,5,15,15,20,0,5,10,30,20,20,30
G36008100426,1950,New York,36,Queens,081,,0426,,STCTY-36081 TRACT-    0426     IN NEW YORK NY,20,30,20,20,25,20,5,20,10,5,30,0,30,25
G36008100427,1950,New York,36,Queens,081,,0427,,STCTY-36081 TRACT-    0427     IN NEW YORK NY,20,5,10,30,75,60,95,70,55,30,100,40,40,0
G36008100432,1950,New York,36,Queens,081,,0432,,STCTY-36081 TRACT-    0432     IN NEW YORK NY,10,5,5,10,30,45,35,25,30,5,30,15,5,10
G36008100434,1950,New York,36,Queens,081,,0434,,STCTY-36081 TRACT-    0434     IN NEW YORK NY,60,35,20,55,25,35,65,20,20,40,30,10,40,0
G36008100437,1950,New York,36,Queens,081,,0437,,STCTY-36081 TRACT-    0437     IN NEW YORK NY,65,10,35,25,95,60,105,110,40,35,55,35,10,5
G36008100439,1950,New York,36,Queens,081,,0439,,STCTY-36081 TRACT-    0439     IN NEW YORK NY,25,30,30,75,75,125,110,75,70,55,70,20,30,10
G36008100440,1950,New York,36,Queens,081,,0440,,STCTY-36081 TRACT-    0440     IN NEW YORK NY,165,45,60,60,95,90,110,70,15,45,25,20,5,5
G36008100442,1950,New York,36,Queens,081,,0442,,STCTY-36081 TRACT-    0442     IN NEW YORK NY,75,20,5,10,30,50,45,35,40,5,20,15,10,10
G36008100443,1950,New York,36,Queens,081,,0443,,STCTY-36081 TRACT-    0443     IN NEW YORK NY,45,5,10,20,60,30,80,35,50,25,15,25,30,5
G360081004460,1950,New York,36,Queens,081,,0446,0,STCTY-36081 TRACT-    0446.0   IN NEW YORK NY,175,40,75,55,100,55,65,100,30,45,50,25,25,15
G360081004461,1950,New York,36,Queens,081,,0446,1,STCTY-36081 TRACT-    0446.1   IN NEW YORK NY,175,65,25,45,105,55,65,35,40,25,85,25,25,25
G36008100448,1950,New York,36,Queens,081,,0448,,STCTY-36081 TRACT-    0448     IN NEW YORK NY,40,10,25,35,55,25,40,30,70,40,50,25,65,30
G36008100449,1950,New York,36,Queens,081,,0449,,STCTY-36081 TRACT-    0449     IN NEW YORK NY,10,10,10,10,20,60,75,25,35,10,5,0,0,0
G36008100450,1950,New York,36,Queens,081,,0450,,STCTY-36081 TRACT-    0450     IN NEW YORK NY,45,10,5,25,35,35,25,35,30,25,50,45,110,30
G36008100452,1950,New York,36,Queens,081,,0452,,STCTY-36081 TRACT-    0452     IN NEW YORK NY,10,5,0,0,5,15,5,5,10,5,5,5,15,10
G36008100453,1950,New York,36,Queens,081,,0453,,STCTY-36081 TRACT-    0453     IN NEW YORK NY,25,0,0,20,20,15,90,60,20,30,25,5,10,15
G36008100454,1950,New York,36,Queens,081,,0454,,STCTY-36081 TRACT-    0454     IN NEW YORK NY,15,15,20,10,45,35,20,25,25,50,50,35,100,60
G36008100455,1950,New York,36,Queens,081,,0455,,STCTY-36081 TRACT-    0455     IN NEW YORK NY,0,5,35,25,45,50,100,50,45,25,55,5,25,5
G36008100456,1950,New York,36,Queens,081,,0456,,STCTY-36081 TRACT-    0456     IN NEW YORK NY,25,0,0,15,15,10,30,10,35,15,35,5,40,10
G36008100457,1950,New York,36,Queens,081,,0457,,STCTY-36081 TRACT-    0457     IN NEW YORK NY,5,30,15,20,30,65,60,50,30,45,75,60,70,30
G36008100458,1950,New York,36,Queens,081,,0458,,STCTY-36081 TRACT-    0458     IN NEW YORK NY,15,0,5,15,25,15,55,20,20,20,65,15,50,80
G36008100459,1950,New York,36,Queens,081,,0459,,STCTY-36081 TRACT-    0459     IN NEW YORK NY,35,25,25,45,65,55,85,40,90,30,30,25,25,20
G36008100460,1950,New York,36,Queens,081,,0460,,STCTY-36081 TRACT-    0460     IN NEW YORK NY,195,45,25,70,155,85,180,50,105,25,70,55,30,0
G36008100461,1950,New York,36,Queens,081,,0461,,STCTY-36081 TRACT-    0461     IN NEW YORK NY,40,35,15,25,40,25,50,25,30,25,30,30,0,5
G36008100462,1950,New York,36,Queens,081,,0462,,STCTY-36081 TRACT-    0462     IN NEW YORK NY,125,25,25,30,55,50,135,55,75,30,35,25,20,10
G36008100463,1950,New York,36,Queens,081,,0463,,STCTY-36081 TRACT-    0463     IN NEW YORK NY,30,25,15,35,25,35,75,70,50,25,75,55,55,25
G36008100464,1950,New York,36,Queens,081,,0464,,STCTY-36081 TRACT-    0464     IN NEW YORK NY,45,0,5,5,10,10,5,5,0,5,25,20,40,85
G36008100465,1950,New York,36,Queens,081,,0465,,STCTY-36081 TRACT-    0465     IN NEW YORK NY,40,20,30,30,55,35,80,90,55,50,70,45,50,10
G36008100466,1950,New York,36,Queens,081,,0466,,STCTY-36081 TRACT-    0466     IN NEW YORK NY,70,5,10,5,15,25,40,30,0,10,30,20,55,60
G36008100467,1950,New York,36,Queens,081,,0467,,STCTY-36081 TRACT-    0467     IN NEW YORK NY,55,5,30,45,35,30,95,45,85,35,140,55,95,55
G36008100468,1950,New York,36,Queens,081,,0468,,STCTY-36081 TRACT-    0468     IN NEW YORK NY,90,30,20,50,80,40,90,55,80,50,140,50,55,10
G36008100469,1950,New York,36,Queens,081,,0469,,STCTY-36081 TRACT-    0469     IN NEW YORK NY,80,45,10,20,65,55,105,35,70,75,110,75,135,75
G36008100470,1950,New York,36,Queens,081,,0470,,STCTY-36081 TRACT-    0470     IN NEW YORK NY,30,10,20,40,40,65,70,65,60,60,80,70,85,10
G36008100471,1950,New York,36,Queens,081,,0471,,STCTY-36081 TRACT-    0471     IN NEW YORK NY,40,25,15,25,45,65,80,85,75,25,100,30,70,20
G36008100472,1950,New York,36,Queens,081,,0472,,STCTY-36081 TRACT-    0472     IN NEW YORK NY,30,20,20,15,20,35,15,20,20,20,40,75,75,160
G36008100473,1950,New York,36,Queens,081,,0473,,STCTY-36081 TRACT-    0473     IN NEW YORK NY,55,20,30,10,20,20,35,5,30,20,25,20,15,0
G36008100475,1950,New York,36,Queens,081,,0475,,STCTY-36081 TRACT-    0475     IN NEW YORK NY,55,0,15,10,25,20,15,35,10,15,70,25,15,15
G36008100476,1950,New York,36,Queens,081,,0476,,STCTY-36081 TRACT-    0476     IN NEW YORK NY,15,10,0,5,10,15,35,5,25,10,55,30,70,60
G36008100477,1950,New York,36,Queens,081,,0477,,STCTY-36081 TRACT-    0477     IN NEW YORK NY,20,10,20,30,50,75,75,50,40,30,40,15,25,15
G36008100478,1950,New York,36,Queens,081,,0478,,STCTY-36081 TRACT-    0478     IN NEW YORK NY,30,10,20,30,10,35,70,50,45,25,95,30,60,50
G36008100479,1950,New York,36,Queens,081,,0479,,STCTY-36081 TRACT-    0479     IN NEW YORK NY,70,5,35,10,45,75,110,80,155,50,110,60,70,20
G36008100480,1950,New York,36,Queens,081,,0480,,STCTY-36081 TRACT-    0480     IN NEW YORK NY,80,10,5,25,35,25,30,45,95,30,65,25,80,40
G36008100481,1950,New York,36,Queens,081,,0481,,STCTY-36081 TRACT-    0481     IN NEW YORK NY,55,15,35,40,90,100,75,85,105,55,150,60,95,55
G36008100482,1950,New York,36,Queens,081,,0482,,STCTY-36081 TRACT-    0482     IN NEW YORK NY,45,15,25,15,20,20,30,30,25,5,45,40,45,60
G36008100483,1950,New York,36,Queens,081,,0483,,STCTY-36081 TRACT-    0483     IN NEW YORK NY,60,30,15,25,70,115,70,75,55,50,80,40,25,10
G36008100484,1950,New York,36,Queens,081,,0484,,STCTY-36081 TRACT-    0484     IN NEW YORK NY,35,15,10,20,55,35,65,55,105,40,120,55,35,30
G36008100485,1950,New York,36,Queens,081,,0485,,STCTY-36081 TRACT-    0485     IN NEW YORK NY,10,0,5,5,15,30,65,10,10,5,10,10,5,5
G36008100489,1950,New York,36,Queens,081,,0489,,STCTY-36081 TRACT-    0489     IN NEW YORK NY,20,25,20,5,25,45,55,45,25,35,60,5,15,5
G36008100492,1950,New York,36,Queens,081,,0492,,STCTY-36081 TRACT-    0492     IN NEW YORK NY,20,5,10,10,20,45,60,25,50,10,110,65,25,20
G360081004930,1950,New York,36,Queens,081,,0493,0,STCTY-36081 TRACT-    0493.0   IN NEW YORK NY,20,10,5,20,30,50,50,65,35,25,50,25,30,10
G360081004931,1950,New York,36,Queens,081,,0493,1,STCTY-36081 TRACT-    0493.1   IN NEW YORK NY,50,20,25,40,55,55,75,110,70,20,85,40,50,15
G36008100494,1950,New York,36,Queens,081,,0494,,STCTY-36081 TRACT-    0494     IN NEW YORK NY,35,15,30,10,35,30,95,50,80,55,65,50,70,25
G36008100495,1950,New York,36,Queens,081,,0495,,STCTY-36081 TRACT-    0495     IN NEW YORK NY,60,25,30,30,65,60,95,65,75,50,65,45,20,10
G36008100496,1950,New York,36,Queens,081,,0496,,STCTY-36081 TRACT-    0496     IN NEW YORK NY,20,0,15,15,10,55,75,80,60,50,75,40,60,15
G36008100497,1950,New York,36,Queens,081,,0497,,STCTY-36081 TRACT-    0497     IN NEW YORK NY,45,15,25,25,35,85,100,75,60,80,85,50,35,5
G36008100498,1950,New York,36,Queens,081,,0498,,STCTY-36081 TRACT-    0498     IN NEW YORK NY,15,10,5,10,25,5,45,70,45,15,30,5,20,10
G36008100499,1950,New York,36,Queens,081,,0499,,STCTY-36081 TRACT-    0499     IN NEW YORK NY,50,35,15,50,65,45,105,90,75,40,95,50,60,10
G36008100500,1950,New York,36,Queens,081,,0500,,STCTY-36081 TRACT-    0500     IN NEW YORK NY,30,15,35,10,35,65,60,40,40,30,70,40,30,45
G360081005020,1950,New York,36,Queens,081,,0502,0,STCTY-36081 TRACT-    0502.0   IN NEW YORK NY,25,5,0,5,15,10,25,15,45,10,45,40,25,25
G360081005021,1950,New York,36,Queens,081,,0502,1,STCTY-36081 TRACT-    0502.1   IN NEW YORK NY,35,0,10,5,20,0,25,50,10,30,60,10,25,30
G36008100503,1950,New York,36,Queens,081,,0503,,STCTY-36081 TRACT-    0503     IN NEW YORK NY,10,15,5,10,5,20,20,25,35,20,25,30,15,5
G36008100504,1950,New York,36,Queens,081,,0504,,STCTY-36081 TRACT-    0504     IN NEW YORK NY,5,5,15,5,45,25,30,30,40,20,75,60,90,50
G36008100505,1950,New York,36,Queens,081,,0505,,STCTY-36081 TRACT-    0505     IN NEW YORK NY,60,25,15,35,15,5,35,20,50,35,45,15,35,5
G36008100506,1950,New York,36,Queens,081,,0506,,STCTY-36081 TRACT-    0506     IN NEW YORK NY,5,0,5,5,20,15,35,25,30,20,45,5,55,45
G36008100507,1950,New York,36,Queens,081,,0507,,STCTY-36081 TRACT-    0507     IN NEW YORK NY,35,15,5,10,15,40,75,60,40,50,45,50,65,25
G36008100508,1950,New York,36,Queens,081,,0508,,STCTY-36081 TRACT-    0508     IN NEW YORK NY,55,10,15,15,25,35,65,95,65,30,50,75,80,10
G36008100510,1950,New York,36,Queens,081,,0510,,STCTY-36081 TRACT-    0510     IN NEW YORK NY,40,5,5,5,20,20,45,30,20,15,25,10,25,5
G36008100511,1950,New York,36,Queens,081,,0511,,STCTY-36081 TRACT-    0511     IN NEW YORK NY,35,10,20,30,45,80,55,65,50,5,40,25,35,20
G36008100512,1950,New York,36,Queens,081,,0512,,STCTY-36081 TRACT-    0512     IN NEW YORK NY,45,5,5,5,5,15,20,20,25,10,40,20,20,25
G36008100513,1950,New York,36,Queens,081,,0513,,STCTY-36081 TRACT-    0513     IN NEW YORK NY,35,25,25,25,30,55,75,45,50,40,60,65,70,10
G36008100514,1950,New York,36,Queens,081,,0514,,STCTY-36081 TRACT-    0514     IN NEW YORK NY,5,5,5,25,35,15,50,40,60,40,55,25,35,25
G36008100515,1950,New York,36,Queens,081,,0515,,STCTY-36081 TRACT-    0515     IN NEW YORK NY,55,5,5,15,20,60,70,65,45,25,45,55,25,15
G36008100516,1950,New York,36,Queens,081,,0516,,STCTY-36081 TRACT-    0516     IN NEW YORK NY,20,5,10,10,10,35,55,85,55,25,100,20,55,10
G36008100517,1950,New York,36,Queens,081,,0517,,STCTY-36081 TRACT-    0517     IN NEW YORK NY,50,5,15,15,10,40,50,65,30,30,45,45,35,25
G36008100518,1950,New York,36,Queens,081,,0518,,STCTY-36081 TRACT-    0518     IN NEW YORK NY,30,10,10,10,60,5,55,65,80,35,35,60,45,5
G36008100519,1950,New York,36,Queens,081,,0519,,STCTY-36081 TRACT-    0519     IN NEW YORK NY,0,0,0,0,0,5,0,0,5,0,0,0,0,0
G36008100520,1950,New York,36,Queens,081,,0520,,STCTY-36081 TRACT-    0520     IN NEW YORK NY,20,15,5,10,5,20,15,30,65,60,75,40,55,30
G36008100521,1950,New York,36,Queens,081,,0521,,STCTY-36081 TRACT-    0521     IN NEW YORK NY,80,10,35,30,60,30,100,65,85,35,95,65,40,30
G36008100522,1950,New York,36,Queens,081,,0522,,STCTY-36081 TRACT-    0522     IN NEW YORK NY,25,0,5,10,15,10,40,70,70,25,60,30,70,15
G36008100523,1950,New York,36,Queens,081,,0523,,STCTY-36081 TRACT-    0523     IN NEW YORK NY,30,30,25,5,80,60,110,25,50,40,55,15,15,0
G36008100524,1950,New York,36,Queens,081,,0524,,STCTY-36081 TRACT-    0524     IN NEW YORK NY,20,5,5,15,30,15,55,55,60,10,45,50,80,10
G36008100525,1950,New York,36,Queens,081,,0525,,STCTY-36081 TRACT-    0525     IN NEW YORK NY,75,20,15,10,40,65,75,75,65,60,70,60,40,10
G36008100526,1950,New York,36,Queens,081,,0526,,STCTY-36081 TRACT-    0526     IN NEW YORK NY,70,0,15,10,20,30,55,75,60,55,60,35,55,5
G36008100527,1950,New York,36,Queens,081,,0527,,STCTY-36081 TRACT-    0527     IN NEW YORK NY,35,15,25,50,95,125,130,70,70,40,105,35,50,15
G36008100528,1950,New York,36,Queens,081,,0528,,STCTY-36081 TRACT-    0528     IN NEW YORK NY,30,15,5,5,30,10,40,20,30,30,30,15,50,5
G36008100529,1950,New York,36,Queens,081,,0529,,STCTY-36081 TRACT-    0529     IN NEW YORK NY,20,25,35,10,35,30,60,30,50,25,30,10,5,0
G36008100530,1950,New York,36,Queens,081,,0530,,STCTY-36081 TRACT-    0530     IN NEW YORK NY,30,5,10,10,15,45,80,65,75,40,105,75,80,35
G36008100532,1950,New York,36,Queens,081,,0532,,STCTY-36081 TRACT-    0532     IN NEW YORK NY,25,25,5,15,10,35,85,60,60,55,85,80,70,25
G36008100534,1950,New York,36,Queens,081,,0534,,STCTY-36081 TRACT-    0534     IN NEW YORK NY,5,5,0,10,35,40,40,40,40,25,60,40,50,20
G36008100535,1950,New York,36,Queens,081,,0535,,STCTY-36081 TRACT-    0535     IN NEW YORK NY,20,15,15,20,25,75,80,65,40,20,50,30,15,15
G36008100536,1950,New York,36,Queens,081,,0536,,STCTY-36081 TRACT-    0536     IN NEW YORK NY,75,5,5,5,10,30,75,45,60,15,60,20,50,20
G36008100538,1950,New York,36,Queens,081,,0538,,STCTY-36081 TRACT-    0538     IN NEW YORK NY,45,0,5,5,10,20,20,35,35,35,50,20,65,10
G36008100539,1950,New York,36,Queens,081,,0539,,STCTY-36081 TRACT-    0539     IN NEW YORK NY,60,5,5,5,5,50,90,20,25,5,10,5,0,5
G36008100540,1950,New York,36,Queens,081,,0540,,STCTY-36081 TRACT-    0540     IN NEW YORK NY,70,55,45,60,65,90,70,100,95,35,115,40,40,20
G36008100541,1950,New York,36,Queens,081,,0541,,STCTY-36081 TRACT-    0541     IN NEW YORK NY,0,0,0,0,0,0,0,0,0,0,5,0,0,0
G36008100542,1950,New York,36,Queens,081,,0542,,STCTY-36081 TRACT-    0542     IN NEW YORK NY,120,40,45,95,90,65,190,110,100,80,120,105,100,55
G36008100543,1950,New York,36,Queens,081,,0543,,STCTY-36081 TRACT-    0543     IN NEW YORK NY,65,90,30,60,70,85,105,100,65,40,80,30,35,35
G36008100545,1950,New York,36,Queens,081,,0545,,STCTY-36081 TRACT-    0545     IN NEW YORK NY,150,30,30,60,115,130,155,110,95,55,65,15,45,5
G36008100547,1950,New York,36,Queens,081,,0547,,STCTY-36081 TRACT-    0547     IN NEW YORK NY,175,50,60,75,145,165,150,150,85,45,85,50,30,10
G36008100548,1950,New York,36,Queens,081,,0548,,STCTY-36081 TRACT-    0548     IN NEW YORK NY,30,15,30,15,30,10,35,55,65,60,75,40,80,40
G36008100549,1950,New York,36,Queens,081,,0549,,STCTY-36081 TRACT-    0549     IN NEW YORK NY,125,105,110,70,175,160,225,120,140,120,185,85,60,20
G36008100551,1950,New York,36,Queens,081,,0551,,STCTY-36081 TRACT-    0551     IN NEW YORK NY,175,80,75,100,115,155,245,240,125,115,135,75,55,30
G36008100552,1950,New York,36,Queens,081,,0552,,STCTY-36081 TRACT-    0552     IN NEW YORK NY,25,5,15,15,35,25,60,35,35,20,110,80,100,75
G36008100553,1950,New York,36,Queens,081,,0553,,STCTY-36081 TRACT-    0553     IN NEW YORK NY,105,30,35,40,55,105,85,125,55,80,50,40,25,30
G36008100554,1950,New York,36,Queens,081,,0554,,STCTY-36081 TRACT-    0554     IN NEW YORK NY,30,15,5,15,20,10,35,30,70,30,95,75,85,15
G36008100555,1950,New York,36,Queens,081,,0555,,STCTY-36081 TRACT-    0555     IN NEW YORK NY,90,15,25,55,90,50,120,25,75,30,60,35,30,10
G36008100556,1950,New York,36,Queens,081,,0556,,STCTY-36081 TRACT-    0556     IN NEW YORK NY,25,10,5,25,15,30,45,60,80,15,90,35,45,15
G36008100557,1950,New York,36,Queens,081,,0557,,STCTY-36081 TRACT-    0557     IN NEW YORK NY,110,50,80,45,90,90,180,150,135,75,100,55,55,25
G36008100558,1950,New York,36,Queens,081,,0558,,STCTY-36081 TRACT-    0558     IN NEW YORK NY,60,15,5,5,15,5,25,50,75,30,55,30,60,15
G36008100559,1950,New York,36,Queens,081,,0559,,STCTY-36081 TRACT-    0559     IN NEW YORK NY,15,15,20,15,25,25,45,30,30,15,55,15,10,0
G36008100560,1950,New York,36,Queens,081,,0560,,STCTY-36081 TRACT-    0560     IN NEW YORK NY,55,15,5,15,20,30,40,55,90,20,25,25,30,35
G36008100561,1950,New York,36,Queens,081,,0561,,STCTY-36081 TRACT-    0561     IN NEW YORK NY,0,0,0,0,0,0,5,0,5,0,0,0,5,0
G36008100562,1950,New York,36,Queens,081,,0562,,STCTY-36081 TRACT-    0562     IN NEW YORK NY,15,0,10,5,20,25,35,15,40,30,30,50,45,5
G36008100564,1950,New York,36,Queens,081,,0564,,STCTY-36081 TRACT-    0564     IN NEW YORK NY,65,10,15,10,30,10,40,55,40,20,40,35,35,15
G36008100565,1950,New York,36,Queens,081,,0565,,STCTY-36081 TRACT-    0565     IN NEW YORK NY,30,10,10,15,25,5,55,15,5,10,25,15,20,0
G36008100566,1950,New York,36,Queens,081,,0566,,STCTY-36081 TRACT-    0566     IN NEW YORK NY,35,10,10,15,25,20,25,50,25,5,55,20,45,30
G36008100567,1950,New York,36,Queens,081,,0567,,STCTY-36081 TRACT-    0567     IN NEW YORK NY,80,10,10,60,40,65,115,125,65,50,120,45,55,15
G36008100568,1950,New York,36,Queens,081,,0568,,STCTY-36081 TRACT-    0568     IN NEW YORK NY,95,15,30,15,30,75,130,65,110,35,70,25,65,40
G36008100569,1950,New York,36,Queens,081,,0569,,STCTY-36081 TRACT-    0569     IN NEW YORK NY,15,5,10,5,35,25,70,70,100,30,85,80,45,10
G36008100577,1950,New York,36,Queens,081,,0577,,STCTY-36081 TRACT-    0577     IN NEW YORK NY,110,40,40,85,60,105,205,105,135,95,135,60,55,20
G36008100578,1950,New York,36,Queens,081,,0578,,STCTY-36081 TRACT-    0578     IN NEW YORK NY,80,10,5,25,35,70,85,60,35,25,60,75,75,25
G36008100579,1950,New York,36,Queens,081,,0579,,STCTY-36081 TRACT-    0579     IN NEW YORK NY,25,15,35,25,30,55,30,70,50,30,40,55,40,10
G36008100580,1950,New York,36,Queens,081,,0580,,STCTY-36081 TRACT-    0580     IN NEW YORK NY,55,0,25,15,15,70,40,60,95,45,105,70,60,15
G36008100581,1950,New York,36,Queens,081,,0581,,STCTY-36081 TRACT-    0581     IN NEW YORK NY,85,25,45,25,60,110,125,110,100,50,70,75,25,10
G36008100583,1950,New York,36,Queens,081,,0583,,STCTY-36081 TRACT-    0583     IN NEW YORK NY,120,85,30,65,135,150,150,160,110,70,110,75,90,30
G36008100585,1950,New York,36,Queens,081,,0585,,STCTY-36081 TRACT-    0585     IN NEW YORK NY,85,60,70,95,95,110,200,125,160,95,145,90,80,20
G36008100587,1950,New York,36,Queens,081,,0587,,STCTY-36081 TRACT-    0587     IN NEW YORK NY,75,55,25,40,110,115,190,170,165,75,105,60,85,15
G36008100588,1950,New York,36,Queens,081,,0588,,STCTY-36081 TRACT-    0588     IN NEW YORK NY,20,0,0,0,15,15,20,45,30,20,30,35,35,10
G36008100589,1950,New York,36,Queens,081,,0589,,STCTY-36081 TRACT-    0589     IN NEW YORK NY,125,100,95,115,190,135,265,160,195,130,120,40,55,0
G36008100590,1950,New York,36,Queens,081,,0590,,STCTY-36081 TRACT-    0590     IN NEW YORK NY,5,5,5,5,15,20,40,30,45,40,70,20,35,5
G36008100591,1950,New York,36,Queens,081,,0591,,STCTY-36081 TRACT-    0591     IN NEW YORK NY,115,130,130,100,145,155,230,165,205,65,165,80,65,20
G36008100592,1950,New York,36,Queens,081,,0592,,STCTY-36081 TRACT-    0592     IN NEW YORK NY,30,0,0,10,20,30,35,50,50,35,30,15,10,5
G36008100593,1950,New York,36,Queens,081,,0593,,STCTY-36081 TRACT-    0593     IN NEW YORK NY,105,40,35,75,105,100,170,170,130,85,125,65,135,20
G36008100594,1950,New York,36,Queens,081,,0594,,STCTY-36081 TRACT-    0594     IN NEW YORK NY,15,0,5,10,15,10,50,40,60,45,85,30,45,35
G36008100595,1950,New York,36,Queens,081,,0595,,STCTY-36081 TRACT-    0595     IN NEW YORK NY,65,25,55,50,50,50,105,80,55,55,105,20,45,20
G36008100596,1950,New York,36,Queens,081,,0596,,STCTY-36081 TRACT-    0596     IN NEW YORK NY,25,5,5,5,5,15,25,10,50,35,55,65,55,35
G36008100597,1950,New York,36,Queens,081,,0597,,STCTY-36081 TRACT-    0597     IN NEW YORK NY,20,25,10,50,20,55,35,45,45,15,45,10,15,0
G36008100598,1950,New York,36,Queens,081,,0598,,STCTY-36081 TRACT-    0598     IN NEW YORK NY,30,5,5,10,15,20,55,40,70,45,95,60,40,20
G36008100599,1950,New York,36,Queens,081,,0599,,STCTY-36081 TRACT-    0599     IN NEW YORK NY,40,0,15,15,10,45,75,70,55,20,85,25,25,15
G36008100600,1950,New York,36,Queens,081,,0600,,STCTY-36081 TRACT-    0600     IN NEW YORK NY,15,10,10,5,15,10,30,35,45,45,60,55,30,15
G36008100601,1950,New York,36,Queens,081,,0601,,STCTY-36081 TRACT-    0601     IN NEW YORK NY,40,35,5,25,75,70,150,70,110,60,110,25,30,15
G36008100602,1950,New York,36,Queens,081,,0602,,STCTY-36081 TRACT-    0602     IN NEW YORK NY,35,0,5,5,0,25,40,15,45,10,20,10,25,0
G36008100603,1950,New York,36,Queens,081,,0603,,STCTY-36081 TRACT-    0603     IN NEW YORK NY,25,15,5,25,20,55,50,35,30,45,35,20,25,10
G36008100604,1950,New York,36,Queens,081,,0604,,STCTY-36081 TRACT-    0604     IN NEW YORK NY,10,10,0,5,5,10,15,40,25,35,20,20,5,5
G36008100606,1950,New York,36,Queens,081,,0606,,STCTY-36081 TRACT-    0606     IN NEW YORK NY,10,5,10,0,15,20,30,60,50,15,45,25,10,10
G36008100607,1950,New York,36,Queens,081,,0607,,STCTY-36081 TRACT-    0607     IN NEW YORK NY,5,0,5,0,20,25,60,50,15,20,20,10,0,0
G36008100608,1950,New York,36,Queens,081,,0608,,STCTY-36081 TRACT-    0608     IN NEW YORK NY,25,5,5,10,5,15,35,20,85,30,55,30,45,5
G36008100610,1950,New York,36,Queens,081,,0610,,STCTY-36081 TRACT-    0610     IN NEW YORK NY,10,0,0,0,5,10,20,10,35,25,35,25,15,10
G36008100611,1950,New York,36,Queens,081,,0611,,STCTY-36081 TRACT-    0611     IN NEW YORK NY,25,0,15,0,5,30,30,65,45,10,30,15,10,0
G36008100612,1950,New York,36,Queens,081,,0612,,STCTY-36081 TRACT-    0612     IN NEW YORK NY,10,5,10,15,10,5,50,65,60,25,65,20,40,25
G360081006130,1950,New York,36,Queens,081,,0613,0,STCTY-36081 TRACT-    0613.0   IN NEW YORK NY,65,20,35,50,70,40,80,85,75,45,65,55,70,20
G360081006131,1950,New York,36,Queens,081,,0613,1,STCTY-36081 TRACT-    0613.1   IN NEW YORK NY,85,45,10,45,65,90,100,140,100,50,80,35,45,30
G36008100614,1950,New York,36,Queens,081,,0614,,STCTY-36081 TRACT-    0614     IN NEW YORK NY,15,5,5,0,0,10,40,40,45,15,60,10,20,5
G36008100616,1950,New York,36,Queens,081,,0616,,STCTY-36081 TRACT-    0616     IN NEW YORK NY,15,0,5,5,5,15,70,70,60,50,105,30,55,50
G36008100618,1950,New York,36,Queens,081,,0618,,STCTY-36081 TRACT-    0618     IN NEW YORK NY,15,10,0,5,15,25,50,30,35,25,75,30,30,10
G36008100619,1950,New York,36,Queens,081,,0619,,STCTY-36081 TRACT-    0619     IN NEW YORK NY,65,30,10,15,55,95,150,130,115,55,90,35,45,15
G36008100620,1950,New York,36,Queens,081,,0620,,STCTY-36081 TRACT-    0620     IN NEW YORK NY,10,10,10,0,0,20,20,35,30,25,90,55,60,40
G360081006210,1950,New York,36,Queens,081,,0621,0,STCTY-36081 TRACT-    0621.0   IN NEW YORK NY,40,10,15,20,35,75,85,50,60,45,55,45,60,20
G360081006211,1950,New York,36,Queens,081,,0621,1,STCTY-36081 TRACT-    0621.1   IN NEW YORK NY,5,5,5,0,15,25,40,35,45,30,35,15,25,0
G36008100623,1950,New York,36,Queens,081,,0623,,STCTY-36081 TRACT-    0623     IN NEW YORK NY,55,35,10,30,35,45,65,80,85,50,70,55,40,5
G36008100624,1950,New York,36,Queens,081,,0624,,STCTY-36081 TRACT-    0624     IN NEW YORK NY,0,0,10,0,0,10,20,5,15,20,35,15,20,10
G36008100625,1950,New York,36,Queens,081,,0625,,STCTY-36081 TRACT-    0625     IN NEW YORK NY,110,45,40,45,40,40,120,100,60,70,100,45,75,25
G36008100626,1950,New York,36,Queens,081,,0626,,STCTY-36081 TRACT-    0626     IN NEW YORK NY,15,15,5,20,35,40,75,55,70,55,105,50,65,10
G36008100627,1950,New York,36,Queens,081,,0627,,STCTY-36081 TRACT-    0627     IN NEW YORK NY,35,40,45,65,65,45,150,120,85,95,140,95,50,20
G36008100629,1950,New York,36,Queens,081,,0629,,STCTY-36081 TRACT-    0629     IN NEW YORK NY,50,45,35,65,90,160,125,120,95,40,110,60,85,15
G36008100630,1950,New York,36,Queens,081,,0630,,STCTY-36081 TRACT-    0630     IN NEW YORK NY,15,5,5,5,35,15,25,35,25,30,70,30,80,50
G36008100632,1950,New York,36,Queens,081,,0632,,STCTY-36081 TRACT-    0632     IN NEW YORK NY,35,5,15,20,20,25,55,60,40,35,85,55,95,55
G360081006330,1950,New York,36,Queens,081,,0633,0,STCTY-36081 TRACT-    0633.0   IN NEW YORK NY,35,10,15,20,35,30,60,65,75,0,60,45,50,0
G360081006331,1950,New York,36,Queens,081,,0633,1,STCTY-36081 TRACT-    0633.1   IN NEW YORK NY,45,15,10,15,30,40,50,40,70,35,80,55,35,30
G36008100635,1950,New York,36,Queens,081,,0635,,STCTY-36081 TRACT-    0635     IN NEW YORK NY,90,20,35,30,45,115,90,90,70,75,150,50,80,25
G36008100637,1950,New York,36,Queens,081,,0637,,STCTY-36081 TRACT-    0637     IN NEW YORK NY,35,10,5,0,10,0,20,30,25,20,30,20,35,0
G36008100638,1950,New York,36,Queens,081,,0638,,STCTY-36081 TRACT-    0638     IN NEW YORK NY,80,20,20,50,45,40,135,85,95,55,130,70,85,30
G36008100639,1950,New York,36,Queens,081,,0639,,STCTY-36081 TRACT-    0639     IN NEW YORK NY,50,10,10,30,35,50,25,25,50,45,90,30,45,35
G36008100641,1950,New York,36,Queens,081,,0641,,STCTY-36081 TRACT-    0641     IN NEW YORK NY,10,5,15,0,5,30,20,15,30,15,10,0,30,5
G36008100645,1950,New York,36,Queens,081,,0645,,STCTY-36081 TRACT-    0645     IN NEW YORK NY,40,30,15,20,45,40,50,50,40,35,60,45,45,30
G36008100646,1950,New York,36,Queens,081,,0646,,STCTY-36081 TRACT-    0646     IN NEW YORK NY,40,15,5,20,20,15,40,75,70,20,95,55,120,95
G36008100647,1950,New York,36,Queens,081,,0647,,STCTY-36081 TRACT-    0647     IN NEW YORK NY,15,5,0,10,40,45,65,65,60,35,85,50,75,55
G36008100650,1950,New York,36,Queens,081,,0650,,STCTY-36081 TRACT-    0650     IN NEW YORK NY,30,15,5,20,20,30,60,80,45,40,80,40,105,130
G36008100653,1950,New York,36,Queens,081,,0653,,STCTY-36081 TRACT-    0653     IN NEW YORK NY,0,0,0,0,0,0,5,0,0,0,0,0,0,0
G36008100654,1950,New York,36,Queens,081,,0654,,STCTY-36081 TRACT-    0654     IN NEW YORK NY,40,15,5,20,25,25,55,65,75,35,95,45,45,40
G36008100655,1950,New York,36,Queens,081,,0655,,STCTY-36081 TRACT-    0655     IN NEW YORK NY,20,20,10,10,10,20,30,20,20,25,40,15,20,10
G36008100656,1950,New York,36,Queens,081,,0656,,STCTY-36081 TRACT-    0656     IN NEW YORK NY,25,15,10,25,20,15,55,35,40,35,35,40,35,5
G360081006570,1950,New York,36,Queens,081,,0657,0,STCTY-36081 TRACT-    0657.0   IN NEW YORK NY,40,0,25,40,15,65,55,65,55,45,75,35,50,10
G360081006571,1950,New York,36,Queens,081,,0657,1,STCTY-36081 TRACT-    0657.1   IN NEW YORK NY,50,10,10,20,10,25,65,30,30,15,45,5,20,5
G36008100659,1950,New York,36,Queens,081,,0659,,STCTY-36081 TRACT-    0659     IN NEW YORK NY,25,25,0,5,15,30,85,30,40,20,60,25,40,0
G36008100660,1950,New York,36,Queens,081,,0660,,STCTY-36081 TRACT-    0660     IN NEW YORK NY,10,0,5,5,5,20,5,5,25,5,30,20,25,10
G36008100661,1950,New York,36,Queens,081,,0661,,STCTY-36081 TRACT-    0661     IN NEW YORK NY,5,5,0,10,0,0,15,20,25,20,15,40,15,10
G36008100663,1950,New York,36,Queens,081,,0663,,STCTY-36081 TRACT-    0663     IN NEW YORK NY,25,5,15,30,65,25,70,150,125,100,135,120,165,75
G36008100664,1950,New York,36,Queens,081,,0664,,STCTY-36081 TRACT-    0664     IN NEW YORK NY,5,0,5,5,10,5,30,30,30,30,45,25,25,0
G36008100665,1950,New York,36,Queens,081,,0665,,STCTY-36081 TRACT-    0665     IN NEW YORK NY,15,5,0,5,10,5,20,30,10,15,10,5,0,5
G36008100667,1950,New York,36,Queens,081,,0667,,STCTY-36081 TRACT-    0667     IN NEW YORK NY,20,0,15,10,20,50,115,70,60,10,35,40,45,0
G36008100669,1950,New York,36,Queens,081,,0669,,STCTY-36081 TRACT-    0669     IN NEW YORK NY,10,0,10,15,25,40,35,35,45,15,10,10,15,10
G360081006710,1950,New York,36,Queens,081,,0671,0,STCTY-36081 TRACT-    0671.0   IN NEW YORK NY,10,0,5,10,25,25,35,80,70,45,105,50,55,10
G360081006711,1950,New York,36,Queens,081,,0671,1,STCTY-36081 TRACT-    0671.1   IN NEW YORK NY,15,5,10,10,20,30,50,50,45,10,30,70,50,10
G36008100674,1950,New York,36,Queens,081,,0674,,STCTY-36081 TRACT-    0674     IN NEW YORK NY,0,0,0,10,5,0,5,25,0,0,0,5,0,0
G36008100677,1950,New York,36,Queens,081,,0677,,STCTY-36081 TRACT-    0677     IN NEW YORK NY,40,5,0,20,25,45,55,55,60,25,110,50,105,55
G36008100679,1950,New York,36,Queens,081,,0679,,STCTY-36081 TRACT-    0679     IN NEW YORK NY,45,20,10,5,25,65,70,70,75,20,90,40,70,40
G36008100680,1950,New York,36,Queens,081,,0680,,STCTY-36081 TRACT-    0680     IN NEW YORK NY,40,20,40,10,25,25,55,50,65,30,35,15,15,0
G36008100681,1950,New York,36,Queens,081,,0681,,STCTY-36081 TRACT-    0681     IN NEW YORK NY,40,35,40,15,85,30,85,70,90,40,75,50,50,45
G36008100682,1950,New York,36,Queens,081,,0682,,STCTY-36081 TRACT-    0682     IN NEW YORK NY,30,0,5,15,5,25,35,30,0,15,40,40,45,5
G36008100683,1950,New York,36,Queens,081,,0683,,STCTY-36081 TRACT-    0683     IN NEW YORK NY,20,0,10,20,30,30,50,20,30,10,5,15,15,5
G36008100687,1950,New York,36,Queens,081,,0687,,STCTY-36081 TRACT-    0687     IN NEW YORK NY,185,5,10,15,50,55,100,85,120,45,145,105,130,90
G36008100689,1950,New York,36,Queens,081,,0689,,STCTY-36081 TRACT-    0689     IN NEW YORK NY,5,0,20,0,0,15,20,20,15,0,5,5,0,0
G36008100690,1950,New York,36,Queens,081,,0690,,STCTY-36081 TRACT-    0690     IN NEW YORK NY,20,0,5,15,20,15,15,15,40,10,15,10,0,0
G36008100691,1950,New York,36,Queens,081,,0691,,STCTY-36081 TRACT-    0691     IN NEW YORK NY,5,0,0,0,0,0,5,0,0,0,0,5,0,0
G36008100693,1950,New York,36,Queens,081,,0693,,STCTY-36081 TRACT-    0693     IN NEW YORK NY,45,0,20,15,30,30,70,30,90,25,115,65,105,50
G36008100694,1950,New York,36,Queens,081,,0694,,STCTY-36081 TRACT-    0694     IN NEW YORK NY,15,0,10,10,30,0,5,5,5,0,0,0,0,0
G36008100695,1950,New York,36,Queens,081,,0695,,STCTY-36081 TRACT-    0695     IN NEW YORK NY,70,15,20,5,25,30,65,55,45,20,115,75,140,95
G36008100697,1950,New York,36,Queens,081,,0697,,STCTY-36081 TRACT-    0697     IN NEW YORK NY,100,5,40,20,75,75,120,45,205,65,210,160,205,255
G36008100703,1950,New York,36,Queens,081,,0703,,STCTY-36081 TRACT-    0703     IN NEW YORK NY,70,15,15,0,35,50,45,45,25,35,65,45,30,30
G36008100707,1950,New York,36,Queens,081,,0707,,STCTY-36081 TRACT-    0707     IN NEW YORK NY,115,10,15,10,25,0,40,50,75,25,65,40,90,130
G36008100709,1950,New York,36,Queens,081,,0709,,STCTY-36081 TRACT-    0709     IN NEW YORK NY,10,10,35,10,20,45,45,50,35,45,70,55,85,80
G36008100711,1950,New York,36,Queens,081,,0711,,STCTY-36081 TRACT-    0711     IN NEW YORK NY,45,10,25,20,45,35,60,30,75,35,55,90,120,95
G36008100713,1950,New York,36,Queens,081,,0713,,STCTY-36081 TRACT-    0713     IN NEW YORK NY,100,25,20,55,85,80,105,70,165,65,390,215,485,395
G36008100714,1950,New York,36,Queens,081,,0714,,STCTY-36081 TRACT-    0714     IN NEW YORK NY,10,0,5,10,5,0,15,5,10,0,0,0,0,0
G36008100715,1950,New York,36,Queens,081,,0715,,STCTY-36081 TRACT-    0715     IN NEW YORK NY,170,40,60,40,45,90,120,95,130,95,225,195,415,320
G36008100716,1950,New York,36,Queens,081,,0716,,STCTY-36081 TRACT-    0716     IN NEW YORK NY,70,15,10,20,20,30,35,15,5,0,20,5,0,5
G36008100717,1950,New York,36,Queens,081,,0717,,STCTY-36081 TRACT-    0717     IN NEW YORK NY,50,20,25,10,20,0,30,30,20,15,115,70,120,175
G36008100719,1950,New York,36,Queens,081,,0719,,STCTY-36081 TRACT-    0719     IN NEW YORK NY,20,0,5,5,10,35,35,55,30,15,40,40,50,20
G36008100721,1950,New York,36,Queens,081,,0721,,STCTY-36081 TRACT-    0721     IN NEW YORK NY,55,10,5,15,15,35,45,60,80,30,200,105,210,250
G36008100725,1950,New York,36,Queens,081,,0725,,STCTY-36081 TRACT-    0725     IN NEW YORK NY,10,20,5,25,15,30,5,0,15,0,25,30,25,45
G36008100727,1950,New York,36,Queens,081,,0727,,STCTY-36081 TRACT-    0727     IN NEW YORK NY,20,15,15,30,10,5,10,15,0,5,55,40,20,150
G36008100729,1950,New York,36,Queens,081,,0729,,STCTY-36081 TRACT-    0729     IN NEW YORK NY,10,15,15,10,35,20,35,40,20,30,60,25,50,35
G36008100731,1950,New York,36,Queens,081,,0731,,STCTY-36081 TRACT-    0731     IN NEW YORK NY,50,5,15,10,40,45,75,30,30,5,90,20,65,50
G36008100733,1950,New York,36,Queens,081,,0733,,STCTY-36081 TRACT-    0733     IN NEW YORK NY,30,5,15,15,20,5,25,25,5,0,65,30,60,170
G36008100735,1950,New York,36,Queens,081,,0735,,STCTY-36081 TRACT-    0735     IN NEW YORK NY,15,10,20,10,0,0,5,10,25,15,10,15,45,125
G36008100737,1950,New York,36,Queens,081,,0737,,STCTY-36081 TRACT-    0737     IN NEW YORK NY,85,40,65,65,65,55,80,50,45,30,70,85,85,180
G36008100739,1950,New York,36,Queens,081,,0739,,STCTY-36081 TRACT-    0739     IN NEW YORK NY,130,50,50,35,45,30,60,75,85,40,125,100,225,465
G36008100741,1950,New York,36,Queens,081,,0741,,STCTY-36081 TRACT-    0741     IN NEW YORK NY,80,10,15,5,15,20,65,20,25,30,40,75,175,265
G36008100743,1950,New York,36,Queens,081,,0743,,STCTY-36081 TRACT-    0743     IN NEW YORK NY,20,10,5,5,5,0,35,20,20,5,65,30,40,60
G36008100745,1950,New York,36,Queens,081,,0745,,STCTY-36081 TRACT-    0745     IN NEW YORK NY,10,5,5,0,10,20,0,25,25,15,40,25,40,20
G36008100747,1950,New York,36,Queens,081,,0747,,STCTY-36081 TRACT-    0747     IN NEW YORK NY,10,10,10,20,15,15,30,10,25,30,80,25,60,65
G36008100751,1950,New York,36,Queens,081,,0751,,STCTY-36081 TRACT-    0751     IN NEW YORK NY,0,0,0,0,0,0,0,0,0,0,0,0,0,0
G36008100757,1950,New York,36,Queens,081,,0757,,STCTY-36081 TRACT-    0757     IN NEW YORK NY,215,35,20,35,70,60,115,85,130,65,260,205,205,400
G36008100766,1950,New York,36,Queens,081,,0766,,STCTY-36081 TRACT-    0766     IN NEW YORK NY,60,0,5,5,35,20,35,20,30,15,10,5,5,5
G36008100768,1950,New York,36,Queens,081,,0768,,STCTY-36081 TRACT-    0768     IN NEW YORK NY,0,0,5,0,5,15,20,10,15,5,30,0,25,0
G360081007690,1950,New York,36,Queens,081,,0769,0,STCTY-36081 TRACT-    0769.0   IN NEW YORK NY,150,45,55,50,80,75,80,80,125,55,230,125,280,260
G360081007691,1950,New York,36,Queens,081,,0769,1,STCTY-36081 TRACT-    0769.1   IN NEW YORK NY,70,35,25,10,35,20,25,40,40,20,55,65,95,90
G36008100771,1950,New York,36,Queens,081,,0771,,STCTY-36081 TRACT-    0771     IN NEW YORK NY,20,15,10,10,20,0,0,0,5,5,45,15,40,130
G360081007730,1950,New York,36,Queens,081,,0773,0,STCTY-36081 TRACT-    0773.0   IN NEW YORK NY,5,0,5,5,5,10,10,20,10,10,40,45,45,40
G360081007731,1950,New York,36,Queens,081,,0773,1,STCTY-36081 TRACT-    0773.1   IN NEW YORK NY,30,20,40,60,95,40,65,65,45,40,80,55,125,70
G36008100775,1950,New York,36,Queens,081,,0775,,STCTY-36081 TRACT-    0775     IN NEW YORK NY,90,40,30,45,30,45,35,60,70,50,95,35,170,145
G36008100779,1950,New York,36,Queens,081,,0779,,STCTY-36081 TRACT-    0779     IN NEW YORK NY,175,90,85,115,90,165,335,235,400,270,890,490,895,575
G36008100788,1950,New York,36,Queens,081,,0788,,STCTY-36081 TRACT-    0788     IN NEW YORK NY,75,5,5,35,45,35,30,45,20,25,20,10,30,5
G36008100790,1950,New York,36,Queens,081,,0790,,STCTY-36081 TRACT-    0790     IN NEW YORK NY,45,10,20,25,10,20,30,70,30,15,45,20,15,0
G36008100792,1950,New York,36,Queens,081,,0792,,STCTY-36081 TRACT-    0792     IN NEW YORK NY,5,10,0,5,10,20,10,10,30,10,25,15,10,0
G36008100793,1950,New York,36,Queens,081,,0793,,STCTY-36081 TRACT-    0793     IN NEW YORK NY,0,0,0,0,0,0,0,0,0,0,0,0,0,0
G36008100797,1950,New York,36,Queens,081,,0797,,STCTY-36081 TRACT-    0797     IN NEW YORK NY,20,30,30,5,40,25,65,35,40,45,85,40,80,30
G36008100799,1950,New York,36,Queens,081,,0799,,STCTY-36081 TRACT-    0799     IN NEW YORK NY,70,5,15,15,45,50,90,75,80,20,35,30,25,20
G36008100803,1950,New York,36,Queens,081,,0803,,STCTY-36081 TRACT-    0803     IN NEW YORK NY,35,20,15,0,30,50,40,65,90,80,120,85,145,20
G36008100809,1950,New York,36,Queens,081,,0809,,STCTY-36081 TRACT-    0809     IN NEW YORK NY,25,10,5,15,15,0,15,20,5,25,80,30,45,100
G36008100814,1950,New York,36,Queens,081,,0814,,STCTY-36081 TRACT-    0814     IN NEW YORK NY,45,5,35,20,35,65,65,105,50,25,30,25,5,10
G36008100816,1950,New York,36,Queens,081,,0816,,STCTY-36081 TRACT-    0816     IN NEW YORK NY,85,20,0,20,35,10,75,35,50,10,35,65,15,5
G36008100818,1950,New York,36,Queens,081,,0818,,STCTY-36081 TRACT-    0818     IN NEW YORK NY,45,10,5,10,45,35,65,35,20,10,45,20,15,25
G36008100820,1950,New York,36,Queens,081,,0820,,STCTY-36081 TRACT-    0820     IN NEW YORK NY,10,10,10,20,10,25,30,35,15,20,10,20,25,0
G36008100837,1950,New York,36,Queens,081,,0837,,STCTY-36081 TRACT-    0837     IN NEW YORK NY,35,35,15,5,20,65,65,135,120,75,155,140,95,60
G36008100838,1950,New York,36,Queens,081,,0838,,STCTY-36081 TRACT-    0838     IN NEW YORK NY,45,10,20,25,30,70,80,65,60,55,45,40,45,5
G36008100840,1950,New York,36,Queens,081,,0840,,STCTY-36081 TRACT-    0840     IN NEW YORK NY,65,20,5,60,80,55,110,95,110,50,90,85,85,15
G36008100845,1950,New York,36,Queens,081,,0845,,STCTY-36081 TRACT-    0845     IN NEW YORK NY,5,0,0,10,25,40,50,20,15,0,15,15,15,0
G36008100846,1950,New York,36,Queens,081,,0846,,STCTY-36081 TRACT-    0846     IN NEW YORK NY,50,0,5,10,15,20,80,60,55,40,45,20,20,0
G36008100851,1950,New York,36,Queens,081,,0851,,STCTY-36081 TRACT-    0851     IN NEW YORK NY,30,50,15,50,35,105,115,70,75,30,105,45,90,30
G36008100853,1950,New York,36,Queens,081,,0853,,STCTY-36081 TRACT-    0853     IN NEW YORK NY,40,35,40,20,30,45,25,10,15,25,55,40,60,30
G36008100855,1950,New York,36,Queens,081,,0855,,STCTY-36081 TRACT-    0855     IN NEW YORK NY,55,70,60,25,60,50,65,40,45,10,40,30,20,30
G36008100857,1950,New York,36,Queens,081,,0857,,STCTY-36081 TRACT-    0857     IN NEW YORK NY,95,10,20,10,60,60,55,40,70,25,90,40,45,35
G36008100859,1950,New York,36,Queens,081,,0859,,STCTY-36081 TRACT-    0859     IN NEW YORK NY,45,15,10,10,35,70,65,95,70,20,105,70,15,15
G36008100861,1950,New York,36,Queens,081,,0861,,STCTY-36081 TRACT-    0861     IN NEW YORK NY,150,10,25,40,25,65,95,35,35,30,55,25,25,30
G36008100863,1950,New York,36,Queens,081,,0863,,STCTY-36081 TRACT-    0863     IN NEW YORK NY,30,30,10,40,20,10,15,20,15,25,35,5,30,10
G36008100864,1950,New York,36,Queens,081,,0864,,STCTY-36081 TRACT-    0864     IN NEW YORK NY,40,35,15,30,65,75,130,130,130,65,155,95,110,30
G36008100865,1950,New York,36,Queens,081,,0865,,STCTY-36081 TRACT-    0865     IN NEW YORK NY,95,60,45,50,50,65,90,60,65,50,110,80,140,50
G36008100867,1950,New York,36,Queens,081,,0867,,STCTY-36081 TRACT-    0867     IN NEW YORK NY,25,20,25,35,35,50,20,25,15,20,30,5,20,5
G36008100871,1950,New York,36,Queens,081,,0871,,STCTY-36081 TRACT-    0871     IN NEW YORK NY,70,75,45,40,50,40,80,45,35,45,25,20,20,25
G36008100875,1950,New York,36,Queens,081,,0875,,STCTY-36081 TRACT-    0875     IN NEW YORK NY,20,5,10,30,25,20,40,15,35,5,35,10,10,0
G36008100878,1950,New York,36,Queens,081,,0878,,STCTY-36081 TRACT-    0878     IN NEW YORK NY,50,15,10,15,25,10,55,50,60,50,35,35,40,5
G36008100884,1950,New York,36,Queens,081,,0884,,STCTY-36081 TRACT-    0884     IN NEW YORK NY,155,25,55,40,140,105,165,90,130,70,90,65,65,0
G36008100889,1950,New York,36,Queens,081,,0889,,STCTY-36081 TRACT-    0889     IN NEW YORK NY,55,70,50,65,90,80,95,60,60,40,95,65,25,5
G36008100892,1950,New York,36,Queens,081,,0892,,STCTY-36081 TRACT-    0892     IN NEW YORK NY,25,0,0,0,5,5,0,10,5,5,5,5,0,0
G36008100895,1950,New York,36,Queens,081,,0895,,STCTY-36081 TRACT-    0895     IN NEW YORK NY,5,0,0,5,5,10,5,5,0,0,5,5,5,0
G36008100907,1950,New York,36,Queens,081,,0907,,STCTY-36081 TRACT-    0907     IN NEW YORK NY,15,5,0,0,20,10,35,25,15,10,5,15,0,0
G36008100916,1950,New York,36,Queens,081,,0916,,STCTY-36081 TRACT-    0916     IN NEW YORK NY,65,25,30,25,65,25,155,40,40,10,15,5,5,5
G36008100918,1950,New York,36,Queens,081,,0918,,STCTY-36081 TRACT-    0918     IN NEW YORK NY,10,0,0,0,5,10,20,0,0,0,10,0,0,5
G36008100919,1950,New York,36,Queens,081,,0919,,STCTY-36081 TRACT-    0919     IN NEW YORK NY,70,20,35,45,65,105,150,70,90,50,75,70,55,20
G36008100922,1950,New York,36,Queens,081,,0922,,STCTY-36081 TRACT-    0922     IN NEW YORK NY,45,10,40,20,25,30,20,10,45,15,60,20,65,170
G36008100925,1950,New York,36,Queens,081,,0925,,STCTY-36081 TRACT-    0925     IN NEW YORK NY,100,105,80,80,65,135,105,95,100,55,90,40,20,10
G36008100928,1950,New York,36,Queens,081,,0928,,STCTY-36081 TRACT-    0928     IN NEW YORK NY,100,45,80,45,35,25,35,45,75,25,145,40,130,240
G36008100929,1950,New York,36,Queens,081,,0929,,STCTY-36081 TRACT-    0929     IN NEW YORK NY,85,70,30,65,105,125,175,135,85,70,145,80,80,40
G36008100934,1950,New York,36,Queens,081,,0934,,STCTY-36081 TRACT-    0934     IN NEW YORK NY,290,65,70,45,190,140,145,105,115,70,235,135,130,115
G36008100938,1950,New York,36,Queens,081,,0938,,STCTY-36081 TRACT-    0938     IN NEW YORK NY,120,15,70,45,90,55,80,70,35,25,125,10,25,30
G36008100939,1950,New York,36,Queens,081,,0939,,STCTY-36081 TRACT-    0939     IN NEW YORK NY,70,35,40,10,70,60,85,75,50,50,105,15,35,15
G36008100942,1950,New York,36,Queens,081,,0942,,STCTY-36081 TRACT-    0942     IN NEW YORK NY,235,90,75,80,85,140,140,120,70,85,50,15,30,25
G36008100945,1950,New York,36,Queens,081,,0945,,STCTY-36081 TRACT-    0945     IN NEW YORK NY,20,10,15,15,25,20,20,20,55,40,45,10,35,115
G36008100947,1950,New York,36,Queens,081,,0947,,STCTY-36081 TRACT-    0947     IN NEW YORK NY,25,15,20,25,60,35,100,35,55,25,55,30,75,15
G36008100948,1950,New York,36,Queens,081,,0948,,STCTY-36081 TRACT-    0948     IN NEW YORK NY,230,70,115,175,175,105,140,70,50,15,35,10,15,20
G36008100952,1950,New York,36,Queens,081,,0952,,STCTY-36081 TRACT-    0952     IN NEW YORK NY,80,35,20,10,50,85,50,50,50,35,55,10,35,90
G36008100962,1950,New York,36,Queens,081,,0962,,STCTY-36081 TRACT-    0962     IN NEW YORK NY,50,35,30,5,30,55,65,25,35,30,80,55,30,35
G36008100964,1950,New York,36,Queens,081,,0964,,STCTY-36081 TRACT-    0964     IN NEW YORK NY,50,25,20,15,45,45,60,50,35,45,45,15,35,5
G36008100972,1950,New York,36,Queens,081,,0972,,STCTY-36081 TRACT-    0972     IN NEW YORK NY,20,5,10,15,35,10,25,40,15,5,15,15,20,15
G36008100973,1950,New York,36,Queens,081,,0973,,STCTY-36081 TRACT-    0973     IN NEW YORK NY,25,0,20,5,20,65,60,60,40,25,90,40,80,30
G36008100981,1950,New York,36,Queens,081,,0981,,STCTY-36081 TRACT-    0981     IN NEW YORK NY,25,20,10,30,55,60,40,45,25,40,60,35,55,20
G36008100987,1950,New York,36,Queens,081,,0987,,STCTY-36081 TRACT-    0987     IN NEW YORK NY,50,0,20,10,5,10,40,35,30,5,65,30,25,30
G36008100991,1950,New York,36,Queens,081,,0991,,STCTY-36081 TRACT-    0991     IN NEW YORK NY,50,10,10,35,25,45,50,60,80,45,120,90,155,85
G36008100992,1950,New York,36,Queens,081,,0992,,STCTY-36081 TRACT-    0992     IN NEW YORK NY,60,15,35,20,30,25,35,45,20,20,30,25,20,20
G36008100997,1950,New York,36,Queens,081,,0997,,STCTY-36081 TRACT-    0997     IN NEW YORK NY,20,5,0,10,5,10,25,40,100,20,50,20,35,25
G36008100998,1950,New York,36,Queens,081,,0998,,STCTY-36081 TRACT-    0998     IN NEW YORK NY,60,55,55,40,40,75,35,50,35,15,95,10,35,10
G36008100999,1950,New York,36,Queens,081,,0999,,STCTY-36081 TRACT-    0999     IN NEW YORK NY,5,15,65,20,15,30,20,10,5,5,0,5,30,0
G36008101008,1950,New York,36,Queens,081,,1008,,STCTY-36081 TRACT-    1008     IN NEW YORK NY,80,30,40,90,75,50,105,120,70,40,165,40,55,80
G36008101010,1950,New York,36,Queens,081,,1010,,STCTY-36081 TRACT-    1010     IN NEW YORK NY,75,70,40,35,60,20,90,75,45,20,70,50,65,35
G36008101017,1950,New York,36,Queens,081,,1017,,STCTY-36081 TRACT-    1017     IN NEW YORK NY,10,15,0,5,40,20,50,15,25,25,75,65,65,35
G36008101020,1950,New York,36,Queens,081,,1020,,STCTY-36081 TRACT-    1020     IN NEW YORK NY,10,0,25,20,15,35,20,10,0,0,20,10,5,35
G36008101029,1950,New York,36,Queens,081,,1029,,STCTY-36081 TRACT-    1029     IN NEW YORK NY,35,5,15,10,10,50,40,20,25,15,20,10,30,0
G36008101032,1950,New York,36,Queens,081,,1032,,STCTY-36081 TRACT-    1032     IN NEW YORK NY,65,25,35,65,90,80,45,65,65,80,105,35,85,110
G36008101033,1950,New York,36,Queens,081,,1033,,STCTY-36081 TRACT-    1033     IN NEW YORK NY,40,10,25,30,35,25,55,40,45,15,25,30,45,5
G36008101039,1950,New York,36,Queens,081,,1039,,STCTY-36081 TRACT-    1039     IN NEW YORK NY,60,35,15,30,105,60,95,60,195,35,190,100,120,50
G36008101044,1950,New York,36,Queens,081,,1044,,STCTY-36081 TRACT-    1044     IN NEW YORK NY,135,50,75,95,100,130,155,75,105,45,160,45,105,70
G36008101047,1950,New York,36,Queens,081,,1047,,STCTY-36081 TRACT-    1047     IN NEW YORK NY,90,5,10,5,10,25,55,40,85,45,70,45,40,55
G36008101059,1950,New York,36,Queens,081,,1059,,STCTY-36081 TRACT-    1059     IN NEW YORK NY,10,10,5,20,40,10,35,35,35,45,40,55,45,60
G36008101064,1950,New York,36,Queens,081,,1064,,STCTY-36081 TRACT-    1064     IN NEW YORK NY,10,0,15,5,40,5,20,5,20,0,30,30,25,20
G36008101072,1950,New York,36,Queens,081,,1072,,STCTY-36081 TRACT-    1072     IN NEW YORK NY,110,45,15,45,100,55,95,60,55,45,45,25,25,10
G36008101081,1950,New York,36,Queens,081,,1081,,STCTY-36081 TRACT-    1081     IN NEW YORK NY,10,0,0,0,0,0,5,5,5,5,5,15,0,0
G36008101083,1950,New York,36,Queens,081,,1083,,STCTY-36081 TRACT-    1083     IN NEW YORK NY,10,5,0,10,30,40,55,55,65,70,65,45,55,30
G36008101091,1950,New York,36,Queens,081,,1091,,STCTY-36081 TRACT-    1091     IN NEW YORK NY,10,5,10,5,10,5,0,15,25,60,70,35,95,110
G36008101097,1950,New York,36,Queens,081,,1097,,STCTY-36081 TRACT-    1097     IN NEW YORK NY,35,5,20,20,25,30,45,55,35,75,75,55,130,70
G36008101099,1950,New York,36,Queens,081,,1099,,STCTY-36081 TRACT-    1099     IN NEW YORK NY,65,10,15,30,65,125,100,65,75,40,135,75,60,25
G36008101111,1950,New York,36,Queens,081,,1111,,STCTY-36081 TRACT-    1111     IN NEW YORK NY,0,0,0,0,0,0,0,0,0,0,0,0,0,0
G36008101113,1950,New York,36,Queens,081,,1113,,STCTY-36081 TRACT-    1113     IN NEW YORK NY,70,5,25,10,35,35,30,25,50,30,70,40,40,75
G36008101123,1950,New York,36,Queens,081,,1123,,STCTY-36081 TRACT-    1123     IN NEW YORK NY,55,20,20,50,50,35,30,65,30,20,30,25,55,5
G36008101129,1950,New York,36,Queens,081,,1129,,STCTY-36081 TRACT-    1129     IN NEW YORK NY,20,10,5,5,20,15,15,5,20,40,50,50,95,15
G36008101133,1950,New York,36,Queens,081,,1133,,STCTY-36081 TRACT-    1133     IN NEW YORK NY,50,10,5,5,20,10,45,50,45,35,45,50,80,35
G36008101139,1950,New York,36,Queens,081,,1139,,STCTY-36081 TRACT-    1139     IN NEW YORK NY,35,25,0,10,30,35,60,30,60,60,95,45,120,40
G36008101141,1950,New York,36,Queens,081,,1141,,STCTY-36081 TRACT-    1141     IN NEW YORK NY,30,5,10,10,5,20,25,25,90,35,90,90,80,75
G36008101147,1950,New York,36,Queens,081,,1147,,STCTY-36081 TRACT-    1147     IN NEW YORK NY,35,25,20,5,20,10,10,15,15,20,95,25,70,45
G36008101151,1950,New York,36,Queens,081,,1151,,STCTY-36081 TRACT-    1151     IN NEW YORK NY,35,10,30,15,10,20,25,20,30,5,35,20,45,100
G36008101155,1950,New York,36,Queens,081,,1155,,STCTY-36081 TRACT-    1155     IN NEW YORK NY,40,10,25,35,20,40,85,45,35,50,70,30,75,15
G36008101157,1950,New York,36,Queens,081,,1157,,STCTY-36081 TRACT-    1157     IN NEW YORK NY,30,25,5,25,40,25,20,15,50,25,60,80,75,65
G36008101159,1950,New York,36,Queens,081,,1159,,STCTY-36081 TRACT-    1159     IN NEW YORK NY,30,25,15,25,20,40,45,40,60,35,90,40,80,75
G36008101161,1950,New York,36,Queens,081,,1161,,STCTY-36081 TRACT-    1161     IN NEW YORK NY,5,10,20,45,15,20,40,60,50,25,65,10,75,25
G36008101163,1950,New York,36,Queens,081,,1163,,STCTY-36081 TRACT-    1163     IN NEW YORK NY,90,40,45,45,35,60,95,75,105,50,125,70,125,155
G36008101167,1950,New York,36,Queens,081,,1167,,STCTY-36081 TRACT-    1167     IN NEW YORK NY,65,0,10,5,15,50,25,50,30,15,35,15,5,5
G36008101171,1950,New York,36,Queens,081,,1171,,STCTY-36081 TRACT-    1171     IN NEW YORK NY,115,20,35,20,45,55,65,70,45,55,110,20,75,95
G36008101175,1950,New York,36,Queens,081,,1175,,STCTY-36081 TRACT-    1175     IN NEW YORK NY,80,30,70,20,60,55,80,75,145,70,185,125,125,100
G36008101181,1950,New York,36,Queens,081,,1181,,STCTY-36081 TRACT-    1181     IN NEW YORK NY,40,15,5,10,15,10,50,40,25,25,70,30,25,15
G36008101185,1950,New York,36,Queens,081,,1185,,STCTY-36081 TRACT-    1185     IN NEW YORK NY,40,10,15,35,40,35,60,40,60,40,40,45,20,15
G36008101187,1950,New York,36,Queens,081,,1187,,STCTY-36081 TRACT-    1187     IN NEW YORK NY,20,25,30,25,20,25,45,55,40,50,75,65,45,15
G36008101189,1950,New York,36,Queens,081,,1189,,STCTY-36081 TRACT-    1189     IN NEW YORK NY,30,15,15,10,20,30,45,35,35,25,45,50,30,40
G36008101191,1950,New York,36,Queens,081,,1191,,STCTY-36081 TRACT-    1191     IN NEW YORK NY,25,10,5,25,25,35,85,35,60,25,65,40,50,10
G36008101193,1950,New York,36,Queens,081,,1193,,STCTY-36081 TRACT-    1193     IN NEW YORK NY,45,15,15,25,10,40,45,65,45,40,70,50,75,25
G36008101195,1950,New York,36,Queens,081,,1195,,STCTY-36081 TRACT-    1195     IN NEW YORK NY,30,0,10,10,10,40,25,30,20,25,30,40,55,35
G36008101197,1950,New York,36,Queens,081,,1197,,STCTY-36081 TRACT-    1197     IN NEW YORK NY,0,0,0,0,0,0,0,0,0,0,0,0,0,0
G36008101199,1950,New York,36,Queens,081,,1199,,STCTY-36081 TRACT-    1199     IN NEW YORK NY,30,5,5,10,5,20,50,20,30,10,30,35,60,10
G36008101201,1950,New York,36,Queens,081,,1201,,STCTY-36081 TRACT-    1201     IN NEW YORK NY,15,10,10,15,20,40,45,20,15,15,40,10,35,25
G36008101203,1950,New York,36,Queens,081,,1203,,STCTY-36081 TRACT-    1203     IN NEW YORK NY,35,5,0,5,10,20,30,5,25,20,10,35,30,40
G36008101205,1950,New York,36,Queens,081,,1205,,STCTY-36081 TRACT-    1205     IN NEW YORK NY,35,10,35,25,35,40,35,50,20,45,60,40,55,15
G36008101207,1950,New York,36,Queens,081,,1207,,STCTY-36081 TRACT-    1207     IN NEW YORK NY,15,20,10,10,25,20,45,25,35,20,40,35,45,15
G36008101211,1950,New York,36,Queens,081,,1211,,STCTY-36081 TRACT-    1211     IN NEW YORK NY,0,0,0,0,0,0,0,0,0,0,0,0,0,0
G36008101215,1950,New York,36,Queens,081,,1215,,STCTY-36081 TRACT-    1215     IN NEW YORK NY,30,5,35,35,45,35,115,90,85,55,95,60,50,85
G36008101223,1950,New York,36,Queens,081,,1223,,STCTY-36081 TRACT-    1223     IN NEW YORK NY,10,25,20,10,20,20,50,45,70,15,65,25,40,30
G36008101227,1950,New York,36,Queens,081,,1227,,STCTY-36081 TRACT-    1227     IN NEW YORK NY,30,15,5,25,25,5,55,65,90,25,65,30,45,5
G36008101241,1950,New York,36,Queens,081,,1241,,STCTY-36081 TRACT-    1241     IN NEW YORK NY,40,5,15,10,35,35,40,50,70,40,90,35,100,90
G36008101247,1950,New York,36,Queens,081,,1247,,STCTY-36081 TRACT-    1247     IN NEW YORK NY,65,5,10,5,15,40,30,20,110,55,150,65,155,95
G36008101257,1950,New York,36,Queens,081,,1257,,STCTY-36081 TRACT-    1257     IN NEW YORK NY,15,15,25,20,35,45,60,40,45,30,35,15,10,10
G36008101265,1950,New York,36,Queens,081,,1265,,STCTY-36081 TRACT-    1265     IN NEW YORK NY,25,10,20,0,45,20,40,45,25,25,65,10,35,35
G36008101267,1950,New York,36,Queens,081,,1267,,STCTY-36081 TRACT-    1267     IN NEW YORK NY,90,10,0,15,20,25,30,35,55,70,40,30,30,50
G36008101269,1950,New York,36,Queens,081,,1269,,STCTY-36081 TRACT-    1269     IN NEW YORK NY,10,5,0,0,10,10,35,0,35,0,25,10,10,5
G36008101273,1950,New York,36,Queens,081,,1273,,STCTY-36081 TRACT-    1273     IN NEW YORK NY,30,10,0,20,25,0,0,5,10,0,20,20,35,95
G36008101275,1950,New York,36,Queens,081,,1275,,STCTY-36081 TRACT-    1275     IN NEW YORK NY,45,25,20,10,10,10,35,25,20,15,55,105,100,290
G36008101283,1950,New York,36,Queens,081,,1283,,STCTY-36081 TRACT-    1283     IN NEW YORK NY,0,0,0,0,0,0,0,0,0,0,0,20,0,0
G36008101291,1950,New York,36,Queens,081,,1291,,STCTY-36081 TRACT-    1291     IN NEW YORK NY,70,25,15,5,20,40,20,40,70,35,205,150,200,365
G36008101301,1950,New York,36,Queens,081,,1301,,STCTY-36081 TRACT-    1301     IN NEW YORK NY,20,0,10,5,5,55,20,35,60,25,90,20,75,45
G36008101319,1950,New York,36,Queens,081,,1319,,STCTY-36081 TRACT-    1319     IN NEW YORK NY,0,0,0,0,0,0,0,0,0,0,0,0,0,0
G36008101333,1950,New York,36,Queens,081,,1333,,STCTY-36081 TRACT-    1333     IN NEW YORK NY,70,5,25,25,25,45,75,45,90,60,205,140,190,190
G36008101339,1950,New York,36,Queens,081,,1339,,STCTY-36081 TRACT-    1339     IN NEW YORK NY,10,5,15,10,15,15,20,20,30,20,75,50,85,65
G36008101341,1950,New York,36,Queens,081,,1341,,STCTY-36081 TRACT-    1341     IN NEW YORK NY,15,5,10,20,15,5,60,40,70,30,110,50,70,55
G36008101347,1950,New York,36,Queens,081,,1347,,STCTY-36081 TRACT-    1347     IN NEW YORK NY,45,30,10,35,45,60,80,70,170,190,565,490,825,360
G36008101367,1950,New York,36,Queens,081,,1367,,STCTY-36081 TRACT-    1367     IN NEW YORK NY,5,0,10,5,5,25,75,80,205,115,185,110,65,10
G36008101377,1950,New York,36,Queens,081,,1377,,STCTY-36081 TRACT-    1377     IN NEW YORK NY,45,15,25,25,85,60,95,80,145,125,280,180,220,40
G36008101385,1950,New York,36,Queens,081,,1385,,STCTY-36081 TRACT-    1385     IN NEW YORK NY,0,0,5,0,0,0,0,0,5,0,0,0,5,5
G36008101399,1950,New York,36,Queens,081,,1399,,STCTY-36081 TRACT-    1399     IN NEW YORK NY,10,0,5,5,0,15,20,30,65,35,105,60,35,45
G36008101403,1950,New York,36,Queens,081,,1403,,STCTY-36081 TRACT-    1403     IN NEW YORK NY,5,5,5,5,15,25,15,60,70,40,115,75,90,55
G36008101409,1950,New York,36,Queens,081,,1409,,STCTY-36081 TRACT-    1409     IN NEW YORK NY,20,0,5,0,15,30,80,45,65,65,95,105,85,20
G36008101417,1950,New York,36,Queens,081,,1417,,STCTY-36081 TRACT-    1417     IN NEW YORK NY,30,30,10,20,35,35,55,70,120,95,185,70,120,60
G36008101429,1950,New York,36,Queens,081,,1429,,STCTY-36081 TRACT-    1429     IN NEW YORK NY,20,5,0,10,30,35,60,25,75,20,160,95,120,65
G36008101435,1950,New York,36,Queens,081,,1435,,STCTY-36081 TRACT-    1435     IN NEW YORK NY,45,30,10,30,15,25,60,70,65,40,75,40,75,30
G36008101441,1950,New York,36,Queens,081,,1441,,STCTY-36081 TRACT-    1441     IN NEW YORK NY,40,5,30,10,20,55,40,70,90,50,160,80,120,30
G36008101447,1950,New York,36,Queens,081,,1447,,STCTY-36081 TRACT-    1447     IN NEW YORK NY,10,30,25,20,65,40,50,50,35,10,15,5,30,5
G36008101451,1950,New York,36,Queens,081,,1451,,STCTY-36081 TRACT-    1451     IN NEW YORK NY,15,25,15,20,35,15,40,40,50,35,80,40,50,30
G36008101459,1950,New York,36,Queens,081,,1459,,STCTY-36081 TRACT-    1459     IN NEW YORK NY,10,0,10,15,15,35,55,30,110,55,130,95,145,65
G36008101463,1950,New York,36,Queens,081,,1463,,STCTY-36081 TRACT-    1463     IN NEW YORK NY,50,15,15,10,25,30,40,55,60,20,75,75,110,70
G36008101467,1950,New York,36,Queens,081,,1467,,STCTY-36081 TRACT-    1467     IN NEW YORK NY,50,15,15,20,35,25,10,45,60,20,60,55,70,45
G36008101471,1950,New York,36,Queens,081,,1471,,STCTY-36081 TRACT-    1471     IN NEW YORK NY,30,5,0,15,15,35,25,20,45,35,80,45,75,45
G36008101479,1950,New York,36,Queens,081,,1479,,STCTY-36081 TRACT-    1479     IN NEW YORK NY,100,20,15,30,50,45,65,85,110,45,115,75,135,115
G36008101483,1950,New York,36,Queens,081,,1483,,STCTY-36081 TRACT-    1483     IN NEW YORK NY,30,30,20,40,35,10,10,15,0,15,20,25,65,180
G36008101507,1950,New York,36,Queens,081,,1507,,STCTY-36081 TRACT-    1507     IN NEW YORK NY,60,15,25,15,45,25,60,90,100,20,195,145,185,205
G36008101529,1950,New York,36,Queens,081,,1529,,STCTY-36081 TRACT-    1529     IN NEW YORK NY,10,0,0,0,15,0,15,20,25,0,40,20,30,10
G36008101551,1950,New York,36,Queens,081,,1551,,STCTY-36081 TRACT-    1551     IN NEW YORK NY,45,35,40,20,65,90,175,195,290,215,445,190,340,175
G36008101567,1950,New York,36,Queens,081,,1567,,STCTY-36081 TRACT-    1567     IN NEW YORK NY,55,25,15,20,35,50,45,30,5,5,10,40,35,10
G36008101571,1950,New York,36,Queens,081,,1571,,STCTY-36081 TRACT-    1571     IN NEW YORK NY,80,25,20,10,90,115,155,250,295,155,410,230,290,105
G36008101579,1950,New York,36,Queens,081,,1579,,STCTY-36081 TRACT-    1579     IN NEW YORK NY,95,20,45,30,70,115,200,260,285,155,325,150,160,105
G36008101617,1950,New York,36,Queens,081,,1617,,STCTY-36081 TRACT-    1617     IN NEW YORK NY,80,30,15,45,60,70,130,120,115,45,195,135,190,70
G36008101621,1950,New York,36,Queens,081,,1621,,STCTY-36081 TRACT-    1621     IN NEW YORK NY,80,25,25,35,90,95,100,105,100,100,125,160,100,70
G36008500001,1950,New York,36,Richmond,085,,0001,,STCTY-36085 TRACT-    0001     IN NEW YORK NY,50,75,25,55,65,75,110,40,85,50,75,40,55,20
G36008500003,1950,New York,36,Richmond,085,,0003,,STCTY-36085 TRACT-    0003     IN NEW YORK NY,130,55,210,65,135,75,55,85,85,55,85,60,35,20
G36008500004,1950,New York,36,Richmond,085,,0004,,STCTY-36085 TRACT-    0004     IN NEW YORK NY,75,0,15,10,20,30,30,5,30,10,10,25,10,5
G36008500006,1950,New York,36,Richmond,085,,0006,,STCTY-36085 TRACT-    0006     IN NEW YORK NY,5,10,20,20,50,30,40,45,25,15,40,20,30,15
G36008500007,1950,New York,36,Richmond,085,,0007,,STCTY-36085 TRACT-    0007     IN NEW YORK NY,30,45,10,15,35,40,45,45,30,25,35,15,30,15
G36008500008,1950,New York,36,Richmond,085,,0008,,STCTY-36085 TRACT-    0008     IN NEW YORK NY,20,25,40,40,25,70,60,35,45,20,40,25,10,10
G36008500009,1950,New York,36,Richmond,085,,0009,,STCTY-36085 TRACT-    0009     IN NEW YORK NY,60,25,40,40,75,65,60,25,65,45,80,35,40,30
G36008500010,1950,New York,36,Richmond,085,,0010,,STCTY-36085 TRACT-    0010     IN NEW YORK NY,30,10,20,10,20,25,70,40,10,15,25,5,15,15
G36008500011,1950,New York,36,Richmond,085,,0011,,STCTY-36085 TRACT-    0011     IN NEW YORK NY,35,20,10,40,70,40,95,35,55,30,30,25,45,15
G36008500013,1950,New York,36,Richmond,085,,0013,,STCTY-36085 TRACT-    0013     IN NEW YORK NY,65,25,10,35,60,100,70,90,35,25,70,5,45,15
G36008500014,1950,New York,36,Richmond,085,,0014,,STCTY-36085 TRACT-    0014     IN NEW YORK NY,50,15,15,20,30,20,20,60,35,20,15,10,25,5
G36008500015,1950,New York,36,Richmond,085,,0015,,STCTY-36085 TRACT-    0015     IN NEW YORK NY,75,30,70,40,95,110,80,50,50,45,35,35,10,5
G36008500017,1950,New York,36,Richmond,085,,0017,,STCTY-36085 TRACT-    0017     IN NEW YORK NY,25,25,15,25,40,50,65,20,30,15,60,35,5,30
G36008500018,1950,New York,36,Richmond,085,,0018,,STCTY-36085 TRACT-    0018     IN NEW YORK NY,25,45,75,45,20,30,15,5,5,0,0,15,15,5
G36008500020,1950,New York,36,Richmond,085,,0020,,STCTY-36085 TRACT-    0020     IN NEW YORK NY,175,10,20,45,5,55,80,35,30,15,40,20,50,25
G36008500021,1950,New York,36,Richmond,085,,0021,,STCTY-36085 TRACT-    0021     IN NEW YORK NY,60,35,50,25,90,65,45,25,30,25,40,30,55,15
G36008500027,1950,New York,36,Richmond,085,,0027,,STCTY-36085 TRACT-    0027     IN NEW YORK NY,55,10,45,15,65,80,115,40,35,25,40,50,40,5
G36008500029,1950,New York,36,Richmond,085,,0029,,STCTY-36085 TRACT-    0029     IN NEW YORK NY,50,35,20,50,60,65,100,45,75,30,65,25,30,0
G36008500031,1950,New York,36,Richmond,085,,0031,,STCTY-36085 TRACT-    0031     IN NEW YORK NY,75,30,15,35,35,20,65,50,15,20,25,50,30,0
G36008500033,1950,New York,36,Richmond,085,,0033,,STCTY-36085 TRACT-    0033     IN NEW YORK NY,105,40,20,35,60,50,85,60,25,30,95,35,90,55
G36008500036,1950,New York,36,Richmond,085,,0036,,STCTY-36085 TRACT-    0036     IN NEW YORK NY,15,10,10,15,15,30,25,20,10,5,10,10,20,5
G36008500039,1950,New York,36,Richmond,085,,0039,,STCTY-36085 TRACT-    0039     IN NEW YORK NY,30,5,0,5,0,0,5,5,0,5,15,0,25,5
G36008500040,1950,New York,36,Richmond,085,,0040,,STCTY-36085 TRACT-    0040     IN NEW YORK NY,35,20,50,55,120,175,145,150,70,35,110,50,35,25
G36008500041,1950,New York,36,Richmond,085,,0041,,STCTY-36085 TRACT-    0041     IN NEW YORK NY,50,20,20,65,40,70,65,50,50,30,35,35,15,0
G36008500047,1950,New York,36,Richmond,085,,0047,,STCTY-36085 TRACT-    0047     IN NEW YORK NY,165,55,55,30,20,40,45,45,40,20,80,40,70,5
G36008500050,1950,New York,36,Richmond,085,,0050,,STCTY-36085 TRACT-    0050     IN NEW YORK NY,75,35,15,30,40,50,45,45,60,30,55,35,35,15
G36008500059,1950,New York,36,Richmond,085,,0059,,STCTY-36085 TRACT-    0059     IN NEW YORK NY,25,5,30,15,15,30,50,25,50,30,115,55,70,35
G36008500060,1950,New York,36,Richmond,085,,0060,,STCTY-36085 TRACT-    0060     IN NEW YORK NY,25,0,15,0,20,5,30,50,5,10,15,20,50,15
G36008500064,1950,New York,36,Richmond,085,,0064,,STCTY-36085 TRACT-    0064     IN NEW YORK NY,5,15,5,5,45,55,135,165,45,40,15,0,0,0
G36008500065,1950,New York,36,Richmond,085,,0065,,STCTY-36085 TRACT-    0065     IN NEW YORK NY,25,10,5,20,20,35,35,60,75,45,100,55,125,90
G36008500070,1950,New York,36,Richmond,085,,0070,,STCTY-36085 TRACT-    0070     IN NEW YORK NY,85,45,40,50,95,110,130,85,50,35,70,30,15,0
G36008500071,1950,New York,36,Richmond,085,,0071,,STCTY-36085 TRACT-    0071     IN NEW YORK NY,35,5,10,15,15,10,55,35,60,20,30,40,60,40
G36008500074,1950,New York,36,Richmond,085,,0074,,STCTY-36085 TRACT-    0074     IN NEW YORK NY,75,30,20,20,40,80,70,30,40,15,55,15,30,5
G36008500075,1950,New York,36,Richmond,085,,0075,,STCTY-36085 TRACT-    0075     IN NEW YORK NY,55,30,30,35,30,30,70,40,25,5,75,25,55,15
G36008500077,1950,New York,36,Richmond,085,,0077,,STCTY-36085 TRACT-    0077     IN NEW YORK NY,25,20,25,20,50,85,130,70,35,15,50,20,10,0
G36008500081,1950,New York,36,Richmond,085,,0081,,STCTY-36085 TRACT-    0081     IN NEW YORK NY,55,45,35,35,50,65,40,10,45,25,45,30,55,0
G36008500083,1950,New York,36,Richmond,085,,0083,,STCTY-36085 TRACT-    0083     IN NEW YORK NY,10,10,25,15,20,30,10,30,20,5,35,5,30,10
G36008500085,1950,New York,36,Richmond,085,,0085,,STCTY-36085 TRACT-    0085     IN NEW YORK NY,30,30,10,15,30,30,55,50,55,25,55,15,30,45
G36008500089,1950,New York,36,Richmond,085,,0089,,STCTY-36085 TRACT-    0089     IN NEW YORK NY,15,10,20,10,10,10,5,0,5,0,5,0,5,0
G36008500091,1950,New York,36,Richmond,085,,0091,,STCTY-36085 TRACT-    0091     IN NEW YORK NY,35,40,15,15,10,0,0,15,25,5,20,10,20,50
G36008500092,1950,New York,36,Richmond,085,,0092,,STCTY-36085 TRACT-    0092     IN NEW YORK NY,25,10,15,5,50,60,80,65,35,10,30,35,40,5
G36008500096,1950,New York,36,Richmond,085,,0096,,STCTY-36085 TRACT-    0096     IN NEW YORK NY,35,20,30,35,45,20,45,45,40,30,45,20,35,15
G36008500097,1950,New York,36,Richmond,085,,0097,,STCTY-36085 TRACT-    0097     IN NEW YORK NY,15,15,5,5,10,30,60,35,55,40,90,25,70,50
G36008500099,1950,New York,36,Richmond,085,,0099,,STCTY-36085 TRACT-    0099     IN NEW YORK NY,40,5,40,55,110,110,40,75,45,10,50,45,35,5
G36008500105,1950,New York,36,Richmond,085,,0105,,STCTY-36085 TRACT-    0105     IN NEW YORK NY,20,15,10,5,20,30,40,30,35,35,40,25,30,45
G36008500107,1950,New York,36,Richmond,085,,0107,,STCTY-36085 TRACT-    0107     IN NEW YORK NY,65,20,40,30,80,30,45,45,60,50,35,35,25,5
G36008500109,1950,New York,36,Richmond,085,,0109,,STCTY-36085 TRACT-    0109     IN NEW YORK NY,45,0,10,15,15,25,55,30,30,30,60,10,55,20
G36008500112,1950,New York,36,Richmond,085,,0112,,STCTY-36085 TRACT-    0112     IN NEW YORK NY,60,40,60,50,90,85,80,50,55,25,25,20,35,10
G36008500114,1950,New York,36,Richmond,085,,0114,,STCTY-36085 TRACT-    0114     IN NEW YORK NY,15,15,25,40,30,35,25,40,25,45,45,25,15,20
G36008500115,1950,New York,36,Richmond,085,,0115,,STCTY-36085 TRACT-    0115     IN NEW YORK NY,5,0,15,5,25,25,50,20,55,35,105,45,65,55
G36008500116,1950,New York,36,Richmond,085,,0116,,STCTY-36085 TRACT-    0116     IN NEW YORK NY,15,10,30,10,15,20,45,55,30,5,15,10,10,0
G36008500121,1950,New York,36,Richmond,085,,0121,,STCTY-36085 TRACT-    0121     IN NEW YORK NY,30,5,0,10,0,20,25,30,35,20,35,40,45,10
G36008500122,1950,New York,36,Richmond,085,,0122,,STCTY-36085 TRACT-    0122     IN NEW YORK NY,45,5,30,45,30,45,80,50,105,95,140,45,65,40
G36008500124,1950,New York,36,Richmond,085,,0124,,STCTY-36085 TRACT-    0124     IN NEW YORK NY,15,0,15,5,25,35,70,40,25,10,55,10,20,0
G36008500125,1950,New York,36,Richmond,085,,0125,,STCTY-36085 TRACT-    0125     IN NEW YORK NY,15,10,0,15,5,30,20,20,40,30,50,70,70,15
G36008500128,1950,New York,36,Richmond,085,,0128,,STCTY-36085 TRACT-    0128     IN NEW YORK NY,30,35,25,35,55,25,55,35,25,35,20,50,40,15
G36008500129,1950,New York,36,Richmond,085,,0129,,STCTY-36085 TRACT-    0129     IN NEW YORK NY,25,5,10,20,35,45,35,30,25,30,25,20,15,0
G36008500130,1950,New York,36,Richmond,085,,0130,,STCTY-36085 TRACT-    0130     IN NEW YORK NY,0,5,0,0,0,0,0,15,0,10,15,10,5,0
G36008500131,1950,New York,36,Richmond,085,,0131,,STCTY-36085 TRACT-    0131     IN NEW YORK NY,40,20,30,15,55,45,50,45,55,10,50,25,35,10
G36008500132,1950,New York,36,Richmond,085,,0132,,STCTY-36085 TRACT-    0132     IN NEW YORK NY,20,25,10,20,40,25,40,50,55,45,75,90,65,50
G36008500133,1950,New York,36,Richmond,085,,0133,,STCTY-36085 TRACT-    0133     IN NEW YORK NY,80,10,20,10,50,40,15,15,45,5,15,30,20,10
G36008500134,1950,New York,36,Richmond,085,,0134,,STCTY-36085 TRACT-    0134     IN NEW YORK NY,35,5,15,0,25,15,50,80,65,50,95,45,60,15
G36008500135,1950,New York,36,Richmond,085,,0135,,STCTY-36085 TRACT-    0135     IN NEW YORK NY,30,10,20,30,60,50,60,25,30,25,50,15,20,0
G36008500138,1950,New York,36,Richmond,085,,0138,,STCTY-36085 TRACT-    0138     IN NEW YORK NY,55,5,0,10,35,35,50,20,60,15,55,10,25,10
G36008500141,1950,New York,36,Richmond,085,,0141,,STCTY-36085 TRACT-    0141     IN NEW YORK NY,30,25,10,20,20,25,40,45,35,55,30,10,40,5
G36008500145,1950,New York,36,Richmond,085,,0145,,STCTY-36085 TRACT-    0145     IN NEW YORK NY,25,35,25,30,80,40,80,85,55,50,80,5,55,35
G36008500146,1950,New York,36,Richmond,085,,0146,,STCTY-36085 TRACT-    0146     IN NEW YORK NY,50,40,35,25,60,45,50,85,65,30,85,40,65,30
G36008500147,1950,New York,36,Richmond,085,,0147,,STCTY-36085 TRACT-    0147     IN NEW YORK NY,20,20,20,10,45,30,65,35,135,45,85,45,70,35
G36008500151,1950,New York,36,Richmond,085,,0151,,STCTY-36085 TRACT-    0151     IN NEW YORK NY,45,15,15,30,55,45,40,65,110,45,145,65,80,45
G36008500154,1950,New York,36,Richmond,085,,0154,,STCTY-36085 TRACT-    0154     IN NEW YORK NY,25,25,30,25,55,30,25,60,70,20,30,25,15,5
G36008500156,1950,New York,36,Richmond,085,,0156,,STCTY-36085 TRACT-    0156     IN NEW YORK NY,85,50,55,50,60,80,115,95,100,50,95,75,75,25
G36008500168,1950,New York,36,Richmond,085,,0168,,STCTY-36085 TRACT-    0168     IN NEW YORK NY,5,0,0,0,5,0,5,0,0,5,5,15,0,0
G36008500169,1950,New York,36,Richmond,085,,0169,,STCTY-36085 TRACT-    0169     IN NEW YORK NY,40,10,30,40,25,45,45,30,70,45,65,20,35,10
G36008500170,1950,New York,36,Richmond,085,,0170,,STCTY-36085 TRACT-    0170     IN NEW YORK NY,90,25,25,10,30,70,95,70,85,40,115,45,30,10
G36008500173,1950,New York,36,Richmond,085,,0173,,STCTY-36085 TRACT-    0173     IN NEW YORK NY,10,0,5,15,10,25,100,75,85,10,35,10,0,0
G36008500176,1950,New York,36,Richmond,085,,0176,,STCTY-36085 TRACT-    0176     IN NEW YORK NY,20,30,20,15,10,20,35,15,15,25,20,0,15,0
G36008500177,1950,New York,36,Richmond,085,,0177,,STCTY-36085 TRACT-    0177     IN NEW YORK NY,60,0,10,35,20,30,50,50,55,25,35,55,90,100
G36008500179,1950,New York,36,Richmond,085,,0179,,STCTY-36085 TRACT-    0179     IN NEW YORK NY,110,15,30,15,25,15,25,15,30,0,55,20,45,40
G36008500185,1950,New York,36,Richmond,085,,0185,,STCTY-36085 TRACT-    0185     IN NEW YORK NY,20,25,60,120,75,20,0,0,0,0,0,0,0,0
G36008500187,1950,New York,36,Richmond,085,,0187,,STCTY-36085 TRACT-    0187     IN NEW YORK NY,60,5,25,35,45,55,60,85,50,45,80,50,50,10
G36008500189,1950,New York,36,Richmond,085,,0189,,STCTY-36085 TRACT-    0189     IN NEW YORK NY,50,5,20,20,85,55,60,35,25,40,55,40,35,15
G36008500196,1950,New York,36,Richmond,085,,0196,,STCTY-36085 TRACT-    0196     IN NEW YORK NY,80,40,35,30,20,60,50,50,45,15,75,75,75,10
G36008500197,1950,New York,36,Richmond,085,,0197,,STCTY-36085 TRACT-    0197     IN NEW YORK NY,25,10,10,25,20,35,75,40,55,75,50,60,50,20
G36008500201,1950,New York,36,Richmond,085,,0201,,STCTY-36085 TRACT-    0201     IN NEW YORK NY,75,5,25,15,25,65,70,60,45,25,70,60,55,15
G36008500207,1950,New York,36,Richmond,085,,0207,,STCTY-36085 TRACT-    0207     IN NEW YORK NY,40,20,35,20,50,35,75,25,20,35,40,20,25,5
G36008500208,1950,New York,36,Richmond,085,,0208,,STCTY-36085 TRACT-    0208     IN NEW YORK NY,65,20,15,40,40,30,40,45,10,20,55,60,25,5
G36008500209,1950,New York,36,Richmond,085,,0209,,STCTY-36085 TRACT-    0209     IN NEW YORK NY,35,40,55,35,70,55,75,40,40,5,35,30,30,15
G36008500211,1950,New York,36,Richmond,085,,0211,,STCTY-36085 TRACT-    0211     IN NEW YORK NY,40,35,30,55,45,65,135,35,40,15,70,25,35,5
G36008500213,1950,New York,36,Richmond,085,,0213,,STCTY-36085 TRACT-    0213     IN NEW YORK NY,10,20,10,25,25,45,25,40,10,10,30,10,5,0
G36008500215,1950,New York,36,Richmond,085,,0215,,STCTY-36085 TRACT-    0215     IN NEW YORK NY,30,25,30,30,15,55,85,80,45,20,55,40,55,30
G36008500217,1950,New York,36,Richmond,085,,0217,,STCTY-36085 TRACT-    0217     IN NEW YORK NY,20,5,10,30,30,30,30,45,10,15,45,15,40,20
G36008500219,1950,New York,36,Richmond,085,,0219,,STCTY-36085 TRACT-    0219     IN NEW YORK NY,0,20,10,10,30,30,25,25,15,30,30,25,20,0
G36008500223,1950,New York,36,Richmond,085,,0223,,STCTY-36085 TRACT-    0223     IN NEW YORK NY,35,30,30,20,50,60,55,45,60,40,80,35,25,10
G36008500226,1950,New York,36,Richmond,085,,0226,,STCTY-36085 TRACT-    0226     IN NEW YORK NY,45,20,30,40,70,60,85,40,80,15,50,20,20,0
G36008500231,1950,New York,36,Richmond,085,,0231,,STCTY-36085 TRACT-    0231     IN NEW YORK NY,95,20,15,40,40,65,70,60,40,60,80,15,45,15
G36008500236,1950,New York,36,Richmond,085,,0236,,STCTY-36085 TRACT-    0236     IN NEW YORK NY,85,20,10,25,15,25,10,5,0,0,5,5,15,0
G36008500239,1950,New York,36,Richmond,085,,0239,,STCTY-36085 TRACT-    0239     IN NEW YORK NY,15,10,5,20,25,20,25,15,15,10,15,0,10,0
G36008500244,1950,New York,36,Richmond,085,,0244,,STCTY-36085 TRACT-    0244     IN NEW YORK NY,80,25,20,35,75,95,80,55,60,65,35,35,40,15
G36008500245,1950,New York,36,Richmond,085,,0245,,STCTY-36085 TRACT-    0245     IN NEW YORK NY,30,0,5,5,20,20,20,15,40,30,50,15,30,10
G36008500247,1950,New York,36,Richmond,085,,0247,,STCTY-36085 TRACT-    0247     IN NEW YORK NY,35,5,5,15,10,30,45,35,40,40,45,20,15,0
G36008500248,1950,New York,36,Richmond,085,,0248,,STCTY-36085 TRACT-    0248     IN NEW YORK NY,55,20,15,45,40,60,35,45,60,30,40,35,10,10
G36008500251,1950,New York,36,Richmond,085,,0251,,STCTY-36085 TRACT-    0251     IN NEW YORK NY,25,20,15,40,40,35,70,45,110,50,100,30,60,10
G36008500264,1950,New York,36,Richmond,085,,0264,,STCTY-36085 TRACT-    0264     IN NEW YORK NY,95,20,15,25,35,45,70,40,45,50,45,50,45,0
G36008500273,1950,New York,36,Richmond,085,,0273,,STCTY-36085 TRACT-    0273     IN NEW YORK NY,0,10,10,5,50,20,65,20,10,10,15,5,20,15
G36008500275,1950,New York,36,Richmond,085,,0275,,STCTY-36085 TRACT-    0275     IN NEW YORK NY,20,15,50,25,15,5,0,5,0,0,0,0,0,0
G36008500277,1950,New York,36,Richmond,085,,0277,,STCTY-36085 TRACT-    0277     IN NEW YORK NY,0,5,10,5,0,0,10,0,5,0,5,0,10,5
G36008500279,1950,New York,36,Richmond,085,,0279,,STCTY-36085 TRACT-    0279     IN NEW YORK NY,10,20,20,5,10,15,40,30,25,10,10,10,10,25
G36008500282,1950,New York,36,Richmond,085,,0282,,STCTY-36085 TRACT-    0282     IN NEW YORK NY,0,0,0,0,0,0,0,0,0,0,0,0,0,0
G36008500284,1950,New York,36,Richmond,085,,0284,,STCTY-36085 TRACT-    0284     IN NEW YORK NY,0,0,0,0,0,0,0,0,0,0,0,0,0,0
G36008500291,1950,New York,36,Richmond,085,,0291,,STCTY-36085 TRACT-    0291     IN NEW YORK NY,30,5,10,5,65,60,70,15,60,20,30,20,15,15
G36008500293,1950,New York,36,Richmond,085,,0293,,STCTY-36085 TRACT-    0293     IN NEW YORK NY,15,15,5,5,15,20,10,10,25,5,15,5,10,5
G36008500303,1950,New York,36,Richmond,085,,0303,,STCTY-36085 TRACT-    0303     IN NEW YORK NY,10,10,5,0,10,15,30,25,0,40,25,5,20,0
G36008500319,1950,New York,36,Richmond,085,,0319,,STCTY-36085 TRACT-    0319     IN NEW YORK NY,80,40,25,45,100,100,115,70,45,30,60,40,25,15
G36008500323,1950,New York,36,Richmond,085,,0323,,STCTY-36085 TRACT-    0323     IN NEW YORK NY,15,5,10,20,25,25,30,25,10,10,30,10,5,0
G3601190ARD0106,1950,New York,36,Westchester,119,ARD,0106,,STCTY-36119 TRACT-ARD 0106     IN WESTCHESTER COUNTY NY,40,0,10,5,10,35,55,35,15,25,80,55,75,50
G3601190BED0126,1950,New York,36,Westchester,119,BED,0126,,STCTY-36119 TRACT-BED 0126     IN WESTCHESTER COUNTY NY,70,25,45,100,45,55,75,60,35,20,90,65,75,60
G3601190BED0127,1950,New York,36,Westchester,119,BED,0127,,STCTY-36119 TRACT-BED 0127     IN WESTCHESTER COUNTY NY,45,65,40,50,80,70,40,35,50,20,50,5,35,130
G3601190BED0128,1950,New York,36,Westchester,119,BED,0128,,STCTY-36119 TRACT-BED 0128     IN WESTCHESTER COUNTY NY,65,60,90,85,90,90,70,60,30,35,90,35,70,75
G3601190BMR0132,1950,New York,36,Westchester,119,BMR,0132,,STCTY-36119 TRACT-BMR 0132     IN WESTCHESTER COUNTY NY,395,45,65,60,40,35,55,25,25,35,85,15,75,125
G3601190BUC0140,1950,New York,36,Westchester,119,BUC,0140,,STCTY-36119 TRACT-BUC 0140     IN WESTCHESTER COUNTY NY,40,10,25,30,20,60,50,35,45,30,25,20,30,0
G3601190BXV0046,1950,New York,36,Westchester,119,BXV,0046,,STCTY-36119 TRACT-BXV 0046     IN BRONXVILLE NY,125,45,85,125,100,55,75,80,60,70,115,85,160,375
G3601190BXV0047,1950,New York,36,Westchester,119,BXV,0047,,STCTY-36119 TRACT-BXV 0047     IN BRONXVILLE NY,120,45,120,65,40,15,10,25,5,10,15,25,30,495
G3601190CRO0138,1950,New York,36,Westchester,119,CRO,0138,,STCTY-36119 TRACT-CRO 0138     IN CROTON-ON-HUDSON NY,25,10,25,10,10,15,55,35,30,20,65,35,75,25
G3601190CRO0139,1950,New York,36,Westchester,119,CRO,0139,,STCTY-36119 TRACT-CRO 0139     IN CROTON-ON-HUDSON NY,110,10,25,15,50,50,75,30,65,35,75,45,35,45
G3601190CTD0146,1950,New York,36,Westchester,119,CTD,0146,,STCTY-36119 TRACT-CTD 0146     IN WESTCHESTER COUNTY NY,135,40,50,90,95,75,150,115,95,60,125,85,125,90
G3601190CTD0147,1950,New York,36,Westchester,119,CTD,0147,,STCTY-36119 TRACT-CTD 0147     IN WESTCHESTER COUNTY NY,115,40,55,40,105,35,95,40,55,30,40,30,20,15
G3601190DBF0104,1950,New York,36,Westchester,119,DBF,0104,,STCTY-36119 TRACT-DBF 0104     IN DOBBS FERRY NY,80,15,70,100,45,70,75,90,50,40,65,25,110,45
G3601190DBF0105,1950,New York,36,Westchester,119,DBF,0105,,STCTY-36119 TRACT-DBF 0105     IN DOBBS FERRY NY,70,45,45,30,55,40,75,50,45,55,95,55,125,175
G3601190ECH0049,1950,New York,36,Westchester,119,ECH,0049,,STCTY-36119 TRACT-ECH 0049     IN WESTCHESTER COUNTY NY,80,25,30,15,45,40,65,20,35,15,105,70,175,310
G3601190ECH0050,1950,New York,36,Westchester,119,ECH,0050,,STCTY-36119 TRACT-ECH 0050     IN WESTCHESTER COUNTY NY,35,5,25,25,60,135,105,50,85,50,170,100,200,230
G3601190ECH0051,1950,New York,36,Westchester,119,ECH,0051,,STCTY-36119 TRACT-ECH 0051     IN WESTCHESTER COUNTY NY,90,20,35,30,40,40,80,60,75,35,75,80,180,80
G3601190ECH0052,1950,New York,36,Westchester,119,ECH,0052,,STCTY-36119 TRACT-ECH 0052     IN WESTCHESTER COUNTY NY,15,5,35,5,25,30,30,25,40,20,90,60,100,310
G3601190ELM0112,1950,New York,36,Westchester,119,ELM,0112,,STCTY-36119 TRACT-ELM 0112     IN ELMSFORD NY,75,20,25,25,70,50,70,105,20,35,60,60,105,25
G3601190GRB0107,1950,New York,36,Westchester,119,GRB,0107,,STCTY-36119 TRACT-GRB 0107     IN WESTCHESTER COUNTY NY,75,25,50,30,50,35,40,60,25,30,75,45,140,485
G3601190GRB0108,1950,New York,36,Westchester,119,GRB,0108,,STCTY-36119 TRACT-GRB 0108     IN WESTCHESTER COUNTY NY,110,60,35,55,35,55,50,70,70,50,180,90,190,320
G3601190GRB0109,1950,New York,36,Westchester,119,GRB,0109,,STCTY-36119 TRACT-GRB 0109     IN WESTCHESTER COUNTY NY,115,60,115,130,130,170,125,75,85,60,80,130,125,105
G3601190GRB0110,1950,New York,36,Westchester,119,GRB,0110,,STCTY-36119 TRACT-GRB 0110     IN WESTCHESTER COUNTY NY,5,20,30,30,30,25,15,20,15,20,5,10,0,5
G3601190GRB0111,1950,New York,36,Westchester,119,GRB,0111,,STCTY-36119 TRACT-GRB 0111     IN WESTCHESTER COUNTY NY,5,15,10,40,40,60,70,40,20,25,40,40,15,40
G3601190HAR0084,1950,New York,36,Westchester,119,HAR,0084,,STCTY-36119 TRACT-HAR 0084     IN WESTCHESTER COUNTY NY,165,35,80,60,130,90,235,160,125,135,155,70,210,215
G3601190HAR0085,1950,New York,36,Westchester,119,HAR,0085,,STCTY-36119 TRACT-HAR 0085     IN WESTCHESTER COUNTY NY,105,30,90,95,70,15,10,10,0,10,5,15,5,280
G3601190HAR0086,1950,New York,36,Westchester,119,HAR,0086,,STCTY-36119 TRACT-HAR 0086     IN WESTCHESTER COUNTY NY,90,20,20,20,40,30,30,30,15,0,30,5,20,60
G3601190HAR0087,1950,New York,36,Westchester,119,HAR,0087,,STCTY-36119 TRACT-HAR 0087     IN WESTCHESTER COUNTY NY,40,10,15,50,30,80,85,70,50,50,65,40,60,30
G3601190HAS0102,1950,New York,36,Westchester,119,HAS,0102,,STCTY-36119 TRACT-HAS 0102     IN HASTINGS-ON-HUDSON NY,45,35,25,30,60,35,65,65,85,50,115,80,155,160
G3601190HAS0103,1950,New York,36,Westchester,119,HAS,0103,,STCTY-36119 TRACT-HAS 0103     IN HASTINGS-ON-HUDSON NY,55,75,20,65,75,135,110,80,65,75,100,45,85,60
G3601190IRV0113,1950,New York,36,Westchester,119,IRV,0113,,STCTY-36119 TRACT-IRV 0113     IN IRVINGTON NY,95,40,45,60,60,15,80,60,65,45,100,25,65,175
G3601190LAR0071,1950,New York,36,Westchester,119,LAR,0071,,STCTY-36119 TRACT-LAR 0071     IN LARCHMONT NY,145,90,90,110,105,45,65,100,85,70,130,80,165,560
G3601190LEW0125,1950,New York,36,Westchester,119,LEW,0125,,STCTY-36119 TRACT-LEW 0125     IN WESTCHESTER COUNTY NY,55,60,20,45,55,80,70,45,45,40,45,30,55,65
G3601190MMT0069,1950,New York,36,Westchester,119,MMT,0069,,STCTY-36119 TRACT-MMT 0069     IN WESTCHESTER COUNTY NY,55,40,25,55,50,25,50,45,55,35,105,85,180,465
G3601190MMT0070,1950,New York,36,Westchester,119,MMT,0070,,STCTY-36119 TRACT-MMT 0070     IN WESTCHESTER COUNTY NY,120,35,30,70,95,50,80,75,55,80,100,90,205,610
G3601190MMV0072,1950,New York,36,Westchester,119,MMV,0072,,STCTY-36119 TRACT-MMV 0072     IN MAMARONECK NY,100,95,80,65,50,105,120,135,90,115,105,125,135,195
G3601190MMV0073,1950,New York,36,Westchester,119,MMV,0073,,STCTY-36119 TRACT-MMV 0073     IN MAMARONECK NY,70,35,80,75,110,85,140,75,65,40,100,75,70,75
G3601190MMV0074,1950,New York,36,Westchester,119,MMV,0074,,STCTY-36119 TRACT-MMV 0074     IN MAMARONECK NY,70,60,65,60,75,85,145,90,95,110,165,110,180,240
G3601190MTK0129,1950,New York,36,Westchester,119,MTK,0129,,STCTY-36119 TRACT-MTK 0129     IN MOUNT KISCO NY,85,85,55,50,95,105,75,75,45,30,80,20,40,25
G3601190MTK0130,1950,New York,36,Westchester,119,MTK,0130,,STCTY-36119 TRACT-MTK 0130     IN MOUNT KISCO NY,120,25,30,25,95,60,120,50,80,15,135,50,80,75
G3601190MTP0118,1950,New York,36,Westchester,119,MTP,0118,,STCTY-36119 TRACT-MTP 0118     IN WESTCHESTER COUNTY NY,55,20,20,25,50,25,20,15,25,30,70,20,60,90
G3601190MTP0119,1950,New York,36,Westchester,119,MTP,0119,,STCTY-36119 TRACT-MTP 0119     IN WESTCHESTER COUNTY NY,110,35,40,70,105,80,100,55,60,45,100,65,55,30
G3601190MTP0120,1950,New York,36,Westchester,119,MTP,0120,,STCTY-36119 TRACT-MTP 0120     IN WESTCHESTER COUNTY NY,55,25,5,20,35,35,55,60,55,50,75,70,25,15
G3601190MTP0121,1950,New York,36,Westchester,119,MTP,0121,,STCTY-36119 TRACT-MTP 0121     IN WESTCHESTER COUNTY NY,90,25,35,40,70,70,115,115,45,50,55,45,115,40
G3601190MTV0025,1950,New York,36,Westchester,119,MTV,0025,,STCTY-36119 TRACT-MTV 0025     IN MOUNT VERNON NY,50,60,20,30,15,20,25,15,10,10,25,5,15,5
G3601190MTV0026,1950,New York,36,Westchester,119,MTV,0026,,STCTY-36119 TRACT-MTV 0026     IN MOUNT VERNON NY,85,40,35,45,60,130,85,90,95,65,70,50,130,35
G3601190MTV0027,1950,New York,36,Westchester,119,MTV,0027,,STCTY-36119 TRACT-MTV 0027     IN MOUNT VERNON NY,100,85,45,80,95,95,165,135,90,65,135,70,65,10
G3601190MTV0028,1950,New York,36,Westchester,119,MTV,0028,,STCTY-36119 TRACT-MTV 0028     IN MOUNT VERNON NY,100,90,60,75,150,95,110,100,45,30,55,10,5,10
G3601190MTV0029,1950,New York,36,Westchester,119,MTV,0029,,STCTY-36119 TRACT-MTV 0029     IN MOUNT VERNON NY,255,115,175,190,175,175,165,80,55,65,65,30,60,5
G3601190MTV0030,1950,New York,36,Westchester,119,MTV,0030,,STCTY-36119 TRACT-MTV 0030     IN MOUNT VERNON NY,95,80,70,95,110,135,170,120,125,70,135,70,50,20
G3601190MTV0031,1950,New York,36,Westchester,119,MTV,0031,,STCTY-36119 TRACT-MTV 0031     IN MOUNT VERNON NY,125,60,105,75,60,130,145,135,120,80,100,50,85,20
G3601190MTV0032,1950,New York,36,Westchester,119,MTV,0032,,STCTY-36119 TRACT-MTV 0032     IN MOUNT VERNON NY,95,100,65,85,95,110,120,110,85,80,65,35,35,5
G3601190MTV0033,1950,New York,36,Westchester,119,MTV,0033,,STCTY-36119 TRACT-MTV 0033     IN MOUNT VERNON NY,80,25,20,55,70,85,60,90,115,65,115,90,125,80
G3601190MTV0034,1950,New York,36,Westchester,119,MTV,0034,,STCTY-36119 TRACT-MTV 0034     IN MOUNT VERNON NY,135,25,45,30,45,105,125,120,145,105,225,120,140,60
G3601190MTV0035,1950,New York,36,Westchester,119,MTV,0035,,STCTY-36119 TRACT-MTV 0035     IN MOUNT VERNON NY,75,10,30,60,95,110,120,70,60,75,95,50,35,20
G3601190MTV0036,1950,New York,36,Westchester,119,MTV,0036,,STCTY-36119 TRACT-MTV 0036     IN MOUNT VERNON NY,165,90,130,115,135,150,225,165,120,120,145,95,85,25
G3601190MTV0037,1950,New York,36,Westchester,119,MTV,0037,,STCTY-36119 TRACT-MTV 0037     IN MOUNT VERNON NY,60,30,30,70,95,115,170,150,140,85,135,80,130,20
G3601190MTV0038,1950,New York,36,Westchester,119,MTV,0038,,STCTY-36119 TRACT-MTV 0038     IN MOUNT VERNON NY,40,15,25,55,95,45,105,100,90,100,125,55,75,75
G3601190MTV0039,1950,New York,36,Westchester,119,MTV,0039,,STCTY-36119 TRACT-MTV 0039     IN MOUNT VERNON NY,90,30,55,45,45,30,60,35,60,60,100,55,95,225
G3601190MTV0040,1950,New York,36,Westchester,119,MTV,0040,,STCTY-36119 TRACT-MTV 0040     IN MOUNT VERNON NY,195,65,90,130,85,80,155,80,120,105,155,120,120,65
G3601190MTV0041,1950,New York,36,Westchester,119,MTV,0041,,STCTY-36119 TRACT-MTV 0041     IN MOUNT VERNON NY,45,15,15,50,30,35,45,45,50,55,70,55,130,195
G3601190MTV0042,1950,New York,36,Westchester,119,MTV,0042,,STCTY-36119 TRACT-MTV 0042     IN MOUNT VERNON NY,65,20,40,10,30,50,60,35,25,45,75,60,125,330
G3601190MTV0043,1950,New York,36,Westchester,119,MTV,0043,,STCTY-36119 TRACT-MTV 0043     IN MOUNT VERNON NY,0,20,30,20,5,0,20,15,20,5,75,35,65,100
G3601190MTV0044,1950,New York,36,Westchester,119,MTV,0044,,STCTY-36119 TRACT-MTV 0044     IN MOUNT VERNON NY,30,30,50,55,10,25,35,25,25,20,90,40,115,455
G3601190MTV0045,1950,New York,36,Westchester,119,MTV,0045,,STCTY-36119 TRACT-MTV 0045     IN MOUNT VERNON NY,10,10,15,15,20,15,20,10,30,5,30,30,105,175
G3601190NOC0123,1950,New York,36,Westchester,119,NOC,0123,,STCTY-36119 TRACT-NOC 0123     IN WESTCHESTER COUNTY NY,55,40,55,90,95,60,140,125,110,25,100,40,80,145
G3601190NPM0053,1950,New York,36,Westchester,119,NPM,0053,,STCTY-36119 TRACT-NPM 0053     IN NORTH PELHAM NY,65,50,100,85,65,120,115,100,85,70,195,30,115,175
G3601190NRO0056,1950,New York,36,Westchester,119,NRO,0056,,STCTY-36119 TRACT-NRO 0056     IN NEW ROCHELLE NY,0,0,0,0,0,0,0,0,0,0,0,0,0,0
G3601190NRO0057,1950,New York,36,Westchester,119,NRO,0057,,STCTY-36119 TRACT-NRO 0057     IN NEW ROCHELLE NY,755,60,35,60,100,90,90,75,120,85,215,150,160,165
G3601190NRO0058,1950,New York,36,Westchester,119,NRO,0058,,STCTY-36119 TRACT-NRO 0058     IN NEW ROCHELLE NY,210,110,80,95,95,100,90,95,60,20,100,40,65,70
G3601190NRO0059,1950,New York,36,Westchester,119,NRO,0059,,STCTY-36119 TRACT-NRO 0059     IN NEW ROCHELLE NY,170,105,110,140,140,65,160,105,80,115,150,125,85,150
G3601190NRO0060,1950,New York,36,Westchester,119,NRO,0060,,STCTY-36119 TRACT-NRO 0060     IN NEW ROCHELLE NY,135,45,80,120,125,120,165,140,75,90,155,60,115,45
G3601190NRO0061,1950,New York,36,Westchester,119,NRO,0061,,STCTY-36119 TRACT-NRO 0061     IN NEW ROCHELLE NY,130,70,75,135,115,90,65,95,100,55,70,55,40,40
G3601190NRO0062,1950,New York,36,Westchester,119,NRO,0062,,STCTY-36119 TRACT-NRO 0062     IN NEW ROCHELLE NY,150,70,60,125,165,120,205,85,110,90,80,40,105,10
G3601190NRO0063,1950,New York,36,Westchester,119,NRO,0063,,STCTY-36119 TRACT-NRO 0063     IN NEW ROCHELLE NY,275,170,245,235,280,230,285,175,155,90,115,70,85,20
G3601190NRO0064,1950,New York,36,Westchester,119,NRO,0064,,STCTY-36119 TRACT-NRO 0064     IN NEW ROCHELLE NY,175,115,180,245,160,175,145,80,65,100,75,60,105,150
G3601190NRO0065,1950,New York,36,Westchester,119,NRO,0065,,STCTY-36119 TRACT-NRO 0065     IN NEW ROCHELLE NY,160,65,70,140,135,120,140,110,105,100,195,75,170,185
G3601190NRO0066,1950,New York,36,Westchester,119,NRO,0066,,STCTY-36119 TRACT-NRO 0066     IN NEW ROCHELLE NY,95,45,40,45,45,50,80,65,60,45,155,45,285,410
G3601190NRO0067,1950,New York,36,Westchester,119,NRO,0067,,STCTY-36119 TRACT-NRO 0067     IN NEW ROCHELLE NY,110,55,90,115,75,10,30,10,0,15,40,15,85,605
G3601190NRO0068,1950,New York,36,Westchester,119,NRO,0068,,STCTY-36119 TRACT-NRO 0068     IN NEW ROCHELLE NY,45,70,40,60,75,35,35,15,20,15,40,35,95,515
G3601190NSM0150,1950,New York,36,Westchester,119,NSM,0150,,STCTY-36119 TRACT-NSM 0150     IN WESTCHESTER COUNTY NY,40,15,25,40,55,40,30,30,15,25,60,25,35,35
G3601190NTN0116,1950,New York,36,Westchester,119,NTN,0116,,STCTY-36119 TRACT-NTN 0116     IN NORTH TARRYTOWN NY,95,70,80,70,150,150,265,240,235,90,185,125,85,40
G3601190NTN0117,1950,New York,36,Westchester,119,NTN,0117,,STCTY-36119 TRACT-NTN 0117     IN NORTH TARRYTOWN NY,20,15,0,50,40,45,35,25,30,15,45,50,45,90
G3601190NWC0131,1950,New York,36,Westchester,119,NWC,0131,,STCTY-36119 TRACT-NWC 0131     IN WESTCHESTER COUNTY NY,155,70,40,90,140,65,70,90,55,90,145,55,180,430
G3601190OST0137,1950,New York,36,Westchester,119,OST,0137,,STCTY-36119 TRACT-OST 0137     IN WESTCHESTER COUNTY NY,640,50,25,35,15,20,55,25,25,15,40,25,25,10
G3601190OSV0133,1950,New York,36,Westchester,119,OSV,0133,,STCTY-36119 TRACT-OSV 0133     IN OSSINING NY,190,80,130,110,250,215,360,200,165,90,95,90,70,30
G3601190OSV0134,1950,New York,36,Westchester,119,OSV,0134,,STCTY-36119 TRACT-OSV 0134     IN OSSINING NY,90,45,40,20,55,65,80,70,105,35,110,45,80,20
G3601190OSV0135,1950,New York,36,Westchester,119,OSV,0135,,STCTY-36119 TRACT-OSV 0135     IN OSSINING NY,65,35,20,20,30,50,100,85,55,60,130,35,65,70
G3601190OSV0136,1950,New York,36,Westchester,119,OSV,0136,,STCTY-36119 TRACT-OSV 0136     IN OSSINING NY,35,5,15,5,45,50,90,50,40,30,65,55,50,20
G3601190PCH0078,1950,New York,36,Westchester,119,PCH,0078,,STCTY-36119 TRACT-PCH 0078     IN PORT CHESTER NY,75,35,35,80,110,145,125,70,75,45,70,25,45,45
G3601190PCH0079,1950,New York,36,Westchester,119,PCH,0079,,STCTY-36119 TRACT-PCH 0079     IN PORT CHESTER NY,70,70,105,110,100,175,150,170,150,100,125,95,105,45
G3601190PCH0080,1950,New York,36,Westchester,119,PCH,0080,,STCTY-36119 TRACT-PCH 0080     IN PORT CHESTER NY,200,75,95,130,225,200,225,150,115,105,140,70,65,30
G3601190PCH0081,1950,New York,36,Westchester,119,PCH,0081,,STCTY-36119 TRACT-PCH 0081     IN PORT CHESTER NY,120,30,20,65,85,145,160,105,60,45,130,45,55,25
G3601190PCH0082,1950,New York,36,Westchester,119,PCH,0082,,STCTY-36119 TRACT-PCH 0082     IN PORT CHESTER NY,70,40,45,40,65,70,95,75,95,55,135,150,140,195
G3601190PDG0124,1950,New York,36,Westchester,119,PDG,0124,,STCTY-36119 TRACT-PDG 0124     IN WESTCHESTER COUNTY NY,40,25,15,35,30,50,30,5,10,0,15,10,30,115
G3601190PEL0054,1950,New York,36,Westchester,119,PEL,0054,,STCTY-36119 TRACT-PEL 0054     IN WESTCHESTER COUNTY NY,25,10,10,35,20,10,20,15,20,10,30,35,45,160
G3601190PKS0141,1950,New York,36,Westchester,119,PKS,0141,,STCTY-36119 TRACT-PKS 0141     IN PEEKSKILL NY,190,90,70,105,150,175,235,130,160,100,130,75,115,35
G3601190PKS0142,1950,New York,36,Westchester,119,PKS,0142,,STCTY-36119 TRACT-PKS 0142     IN PEEKSKILL NY,110,35,35,45,85,75,105,90,70,55,60,25,35,30
G3601190PKS0143,1950,New York,36,Westchester,119,PKS,0143,,STCTY-36119 TRACT-PKS 0143     IN PEEKSKILL NY,100,125,60,115,105,100,140,100,45,70,105,40,20,35
G3601190PKS0144,1950,New York,36,Westchester,119,PKS,0144,,STCTY-36119 TRACT-PKS 0144     IN PEEKSKILL NY,30,30,35,15,25,50,55,25,25,10,25,30,20,25
G3601190PKS0145,1950,New York,36,Westchester,119,PKS,0145,,STCTY-36119 TRACT-PKS 0145     IN PEEKSKILL NY,70,25,35,35,45,35,50,65,45,45,45,35,30,50
G3601190PLV0122,1950,New York,36,Westchester,119,PLV,0122,,STCTY-36119 TRACT-PLV 0122     IN PLEASANTVILLE NY,80,95,35,35,95,115,120,80,70,90,140,110,130,135
G3601190PMR0055,1950,New York,36,Westchester,119,PMR,0055,,STCTY-36119 TRACT-PMR 0055     IN PELHAM MANOR NY,85,25,75,70,65,50,30,40,45,25,115,90,220,525
G3601190RYC0075,1950,New York,36,Westchester,119,RYC,0075,,STCTY-36119 TRACT-RYC 0075     IN RYE NY,5,20,50,40,20,25,15,20,5,15,35,15,60,160
G3601190RYC0076,1950,New York,36,Westchester,119,RYC,0076,,STCTY-36119 TRACT-RYC 0076     IN RYE NY,50,90,45,65,75,80,95,35,55,55,85,80,170,370
G3601190RYC0077,1950,New York,36,Westchester,119,RYC,0077,,STCTY-36119 TRACT-RYC 0077     IN RYE NY,135,85,80,130,125,90,145,95,75,45,135,95,125,290
G3601190RYT0083,1950,New York,36,Westchester,119,RYT,0083,,STCTY-36119 TRACT-RYT 0083     IN WESTCHESTER COUNTY NY,45,35,40,55,55,50,80,30,70,55,85,35,60,115
G3601190SCD0098,1950,New York,36,Westchester,119,SCD,0098,,STCTY-36119 TRACT-SCD 0098     IN SCARSDALE NY,55,15,30,35,30,5,10,10,10,5,20,30,65,310
G3601190SCD0099,1950,New York,36,Westchester,119,SCD,0099,,STCTY-36119 TRACT-SCD 0099     IN SCARSDALE NY,45,50,65,50,30,5,20,5,5,0,20,10,35,335
G3601190SCD0100,1950,New York,36,Westchester,119,SCD,0100,,STCTY-36119 TRACT-SCD 0100     IN SCARSDALE NY,105,25,115,90,70,0,15,10,10,10,25,20,155,695
G3601190SCD0101,1950,New York,36,Westchester,119,SCD,0101,,STCTY-36119 TRACT-SCD 0101     IN SCARSDALE NY,75,55,15,35,30,30,30,5,20,40,50,40,225,465
G3601190SOM0149,1950,New York,36,Westchester,119,SOM,0149,,STCTY-36119 TRACT-SOM 0149     IN WESTCHESTER COUNTY NY,190,45,50,60,60,105,90,45,55,15,55,30,50,60
G3601190TTN0114,1950,New York,36,Westchester,119,TTN,0114,,STCTY-36119 TRACT-TTN 0114     IN TARRYTOWN NY,450,45,60,35,45,40,115,60,75,45,50,65,130,115
G3601190TTN0115,1950,New York,36,Westchester,119,TTN,0115,,STCTY-36119 TRACT-TTN 0115     IN TARRYTOWN NY,150,55,60,60,100,140,200,160,120,80,155,120,175,70
G3601190TUC0048,1950,New York,36,Westchester,119,TUC,0048,,STCTY-36119 TRACT-TUC 0048     IN TUCKAHOE NY,115,40,95,130,125,185,120,90,110,75,80,70,190,105
G3601190WHP0088,1950,New York,36,Westchester,119,WHP,0088,,STCTY-36119 TRACT-WHP 0088     IN WHITE PLAINS NY,95,60,60,85,55,95,120,65,115,50,145,35,120,70
G3601190WHP0089,1950,New York,36,Westchester,119,WHP,0089,,STCTY-36119 TRACT-WHP 0089     IN WHITE PLAINS NY,335,30,40,85,65,80,135,95,105,80,195,125,175,115
G3601190WHP0090,1950,New York,36,Westchester,119,WHP,0090,,STCTY-36119 TRACT-WHP 0090     IN WHITE PLAINS NY,165,70,100,85,110,120,95,60,80,50,90,65,25,30
G3601190WHP0091,1950,New York,36,Westchester,119,WHP,0091,,STCTY-36119 TRACT-WHP 0091     IN WHITE PLAINS NY,105,55,65,45,70,125,165,135,130,55,125,80,95,55
G3601190WHP0092,1950,New York,36,Westchester,119,WHP,0092,,STCTY-36119 TRACT-WHP 0092     IN WHITE PLAINS NY,155,65,80,100,140,135,145,115,130,95,165,140,105,100
G3601190WHP0093,1950,New York,36,Westchester,119,WHP,0093,,STCTY-36119 TRACT-WHP 0093     IN WHITE PLAINS NY,230,130,140,225,230,120,175,100,80,65,70,55,25,20
G3601190WHP0094,1950,New York,36,Westchester,119,WHP,0094,,STCTY-36119 TRACT-WHP 0094     IN WHITE PLAINS NY,100,25,70,80,75,115,170,65,85,35,75,70,95,55
G3601190WHP0095,1950,New York,36,Westchester,119,WHP,0095,,STCTY-36119 TRACT-WHP 0095     IN WHITE PLAINS NY,65,50,70,110,85,85,110,105,100,70,125,75,180,145
G3601190WHP0096,1950,New York,36,Westchester,119,WHP,0096,,STCTY-36119 TRACT-WHP 0096     IN WHITE PLAINS NY,30,40,35,25,25,10,60,45,80,35,105,80,175,390
G3601190WHP0097,1950,New York,36,Westchester,119,WHP,0097,,STCTY-36119 TRACT-WHP 0097     IN WHITE PLAINS NY,205,100,105,140,115,80,55,20,25,15,60,60,105,350
G3601190YON0001,1950,New York,36,Westchester,119,YON,0001,,STCTY-36119 TRACT-YON 0001     IN YONKERS CITY NY,345,190,165,235,315,380,510,360,340,220,295,135,175,70
G3601190YON0002,1950,New York,36,Westchester,119,YON,0002,,STCTY-36119 TRACT-YON 0002     IN YONKERS CITY NY,305,150,205,255,230,250,390,275,325,240,445,225,310,240
G3601190YON0003,1950,New York,36,Westchester,119,YON,0003,,STCTY-36119 TRACT-YON 0003     IN YONKERS CITY NY,310,140,180,200,245,260,180,80,130,75,100,75,65,20
G3601190YON0004,1950,New York,36,Westchester,119,YON,0004,,STCTY-36119 TRACT-YON 0004     IN YONKERS CITY NY,315,180,145,175,345,335,455,300,220,195,280,155,175,120
G3601190YON0005,1950,New York,36,Westchester,119,YON,0005,,STCTY-36119 TRACT-YON 0005     IN YONKERS CITY NY,165,105,85,110,225,220,270,145,130,85,115,65,45,10
G3601190YON0006,1950,New York,36,Westchester,119,YON,0006,,STCTY-36119 TRACT-YON 0006     IN YONKERS CITY NY,155,95,55,65,110,165,155,115,115,85,140,100,115,55
G3601190YON0007,1950,New York,36,Westchester,119,YON,0007,,STCTY-36119 TRACT-YON 0007     IN YONKERS CITY NY,65,30,45,25,70,50,115,45,70,25,75,55,100,145
G3601190YON0008,1950,New York,36,Westchester,119,YON,0008,,STCTY-36119 TRACT-YON 0008     IN YONKERS CITY NY,230,60,60,70,90,125,255,150,150,145,365,180,215,180
G3601190YON0009,1950,New York,36,Westchester,119,YON,0009,,STCTY-36119 TRACT-YON 0009     IN YONKERS CITY NY,20,5,25,20,15,15,35,55,35,25,55,10,20,15
G3601190YON0010,1950,New York,36,Westchester,119,YON,0010,,STCTY-36119 TRACT-YON 0010     IN YONKERS CITY NY,95,65,50,80,135,135,190,100,130,50,115,35,40,5
G3601190YON0011,1950,New York,36,Westchester,119,YON,0011,,STCTY-36119 TRACT-YON 0011     IN YONKERS CITY NY,150,45,75,100,150,225,370,290,250,155,225,115,190,50
G3601190YON0012,1950,New York,36,Westchester,119,YON,0012,,STCTY-36119 TRACT-YON 0012     IN YONKERS CITY NY,175,45,30,35,125,155,170,135,80,55,70,55,55,5
G3601190YON0013,1950,New York,36,Westchester,119,YON,0013,,STCTY-36119 TRACT-YON 0013     IN YONKERS CITY NY,310,80,165,165,245,285,310,375,220,240,425,210,315,305
G3601190YON0014,1950,New York,36,Westchester,119,YON,0014,,STCTY-36119 TRACT-YON 0014     IN YONKERS CITY NY,95,60,35,60,70,105,155,145,150,70,305,160,320,295
G3601190YON0015,1950,New York,36,Westchester,119,YON,0015,,STCTY-36119 TRACT-YON 0015     IN YONKERS CITY NY,115,40,65,70,175,155,240,190,325,160,375,205,310,190
G3601190YON0016,1950,New York,36,Westchester,119,YON,0016,,STCTY-36119 TRACT-YON 0016     IN YONKERS CITY NY,45,40,50,35,45,65,160,105,70,65,130,80,60,15
G3601190YON0017,1950,New York,36,Westchester,119,YON,0017,,STCTY-36119 TRACT-YON 0017     IN YONKERS CITY NY,105,35,40,40,50,60,165,130,125,105,200,205,185,125
G3601190YON0018,1950,New York,36,Westchester,119,YON,0018,,STCTY-36119 TRACT-YON 0018     IN YONKERS CITY NY,20,15,40,25,40,45,35,20,35,15,10,15,15,5
G3601190YON0019,1950,New York,36,Westchester,119,YON,0019,,STCTY-36119 TRACT-YON 0019     IN YONKERS CITY NY,10,5,0,0,10,0,5,25,10,15,65,40,55,55
G3601190YON0020,1950,New York,36,Westchester,119,YON,0020,,STCTY-36119 TRACT-YON 0020     IN YONKERS CITY NY,5,15,5,25,20,5,25,25,35,15,50,35,60,25
G3601190YON0021,1950,New York,36,Westchester,119,YON,0021,,STCTY-36119 TRACT-YON 0021     IN YONKERS CITY NY,55,60,40,60,35,40,55,55,70,45,125,85,210,560
G3601190YON0022,1950,New York,36,Westchester,119,YON,0022,,STCTY-36119 TRACT-YON 0022     IN YONKERS CITY NY,390,120,80,100,125,80,115,155,150,110,270,205,490,930
G3601190YON0023,1950,New York,36,Westchester,119,YON,0023,,STCTY-36119 TRACT-YON 0023     IN YONKERS CITY NY,210,50,35,35,40,50,55,50,65,30,105,50,75,15
G3601190YON0024,1950,New York,36,Westchester,119,YON,0024,,STCTY-36119 TRACT-YON 0024     IN YONKERS CITY NY,195,70,60,70,170,155,275,220,310,215,435,250,350,185
G3601190YTN0148,1950,New York,36,Westchester,119,YTN,0148,,STCTY-36119 TRACT-YTN 0148     IN WESTCHESTER COUNTY NY,140,75,80,100,105,90,160,110,80,55,85,45,65,65