GISJOIN,YEAR,STATE,STATEA,COUNTY,COUNTYA,MSA,PLACE,PRETRACTA,TRACTA,POSTTRCTA,URBAN,AREANAME,MCD60,PLACEDC,PLACESC60,SF1,SF2,SF3,SF4,SF5,SF6,GC23,fam0_to_999,fam_1000_to_1999,fam2000_to_2999,fam3000_to_3999,fam4000_to_4999,fam5000_to_5999,fam6000_to_6999,fam7000_to_7999,fam8000_to_8999,fam9000_to_9999,fam10000_to_14999,fam15000_to_24999,fam25000_or_over,per0_to_999,per1000_to_1999,per2000_to_2999,per3000_to_3999,per4000_to_4999,per5000_to_5999,per6000_to_6999,per7000_to_7999,per8000_to_8999,per9000_to_9999,per10000_to_14999,per15000_to_24999,per25000_or_over
G3600010A0001,1960,New York,36,Albany,001,0160,01000,A,0001,,0030,TRACT A-1 ALBANY CITY,001,3,12,0,0,0,0,1,1,0,50,61,79,116,147,163,89,70,45,62,69,21,0,73,32,41,21,12,17,21,0,0,0,4,0,0
G3600010A0002,1960,New York,36,Albany,001,0160,01000,A,0002,,0030,TRACT A-2 ALBANY CITY,001,3,12,0,0,0,0,0,1,0,60,66,121,113,136,96,109,86,72,43,73,24,11,77,28,50,39,15,8,8,0,4,0,9,0,4
G3600010A0003,1960,New York,36,Albany,001,0160,01000,A,0003,,0030,TRACT A-3 ALBANY CITY,001,3,12,0,0,0,0,1,1,0,30,67,110,182,221,245,188,133,119,84,154,25,0,115,72,40,76,28,12,0,0,0,0,4,0,0
G3600010A0004,1960,New York,36,Albany,001,0160,01000,A,0004,,0030,TRACT A-4 ALBANY CITY,001,3,12,0,0,0,0,1,1,0,42,42,81,99,143,142,200,145,157,139,426,153,40,100,46,45,52,74,33,36,8,13,4,12,4,0
G3600010A0005,1960,New York,36,Albany,001,0160,01000,A,0005,,0030,TRACT A-5 ALBANY CITY,001,3,12,0,0,0,0,1,1,0,37,27,69,91,216,213,150,158,150,138,219,48,17,1393,218,116,76,89,63,51,21,4,8,12,4,0
G3600010A0006,1960,New York,36,Albany,001,0160,01000,A,0006,,0030,TRACT A-6 ALBANY CITY,001,3,12,0,0,0,0,1,1,0,56,89,114,162,186,180,152,88,79,49,71,17,0,176,135,104,73,67,4,0,0,0,0,4,3,0
G3600010A0007,1960,New York,36,Albany,001,0160,01000,A,0007,,0030,TRACT A-7 ALBANY CITY,001,3,12,0,0,0,0,1,1,0,58,80,147,233,275,314,186,158,134,76,148,15,12,150,68,67,69,47,19,4,5,0,0,0,0,0
G3600010A0008,1960,New York,36,Albany,001,0160,01000,A,0008,,0030,TRACT A-8 ALBANY CITY,001,3,12,0,0,0,0,1,1,0,52,76,74,125,132,153,109,58,62,35,73,8,4,152,111,77,62,19,28,9,0,0,0,4,0,0
G3600010A0009,1960,New York,36,Albany,001,0160,01000,A,0009,,0030,TRACT A-9 ALBANY CITY,001,3,12,0,0,0,0,0,1,0,61,82,95,216,235,221,148,100,49,24,51,0,0,182,125,90,45,8,14,0,3,5,0,0,0,0
G3600010A0010,1960,New York,36,Albany,001,0160,01000,A,0010,,0030,TRACT A-10 ALBANY CITY,001,3,12,0,0,0,0,0,1,0,46,74,153,102,89,102,67,62,18,28,22,8,0,145,173,183,91,29,27,13,0,0,0,5,0,0
G3600010A0011,1960,New York,36,Albany,001,0160,01000,A,0011,,0030,TRACT A-11 ALBANY CITY,001,3,12,0,0,0,0,0,1,0,28,43,41,63,17,33,15,25,12,3,4,0,0,200,92,68,36,27,3,0,0,0,0,3,0,0
G3600010A0012,1960,New York,36,Albany,001,0160,01000,A,0012,,0030,TRACT A-12 ALBANY CITY,001,3,12,0,0,0,0,1,1,0,24,30,39,40,30,25,36,21,8,29,17,5,9,224,171,123,169,72,110,35,4,36,4,13,23,17
G3600010A0013,1960,New York,36,Albany,001,0160,01000,A,0013,,0030,TRACT A-13 ALBANY CITY,001,3,12,0,0,0,0,1,1,0,73,79,143,98,77,96,24,53,33,16,21,9,4,305,349,215,218,70,42,26,13,4,0,9,0,0
G3600010A0014,1960,New York,36,Albany,001,0160,01000,A,0014,,0030,TRACT A-14 ALBANY CITY,001,3,12,0,0,0,0,1,1,0,21,65,61,65,84,112,63,40,66,32,60,29,20,341,205,149,201,227,131,68,40,56,25,46,27,4
G3600010A0015,1960,New York,36,Albany,001,0160,01000,A,0015,,0030,TRACT A-15 ALBANY CITY,001,3,12,0,0,0,0,1,1,0,36,57,51,117,126,169,142,161,75,130,147,49,32,479,189,101,97,66,36,67,20,8,9,18,5,0
G3600010A0016,1960,New York,36,Albany,001,0160,01000,A,0016,,0030,TRACT A-16 ALBANY CITY,001,3,12,0,0,0,0,1,1,0,36,29,32,111,120,97,201,156,92,84,243,87,12,203,85,67,47,50,72,17,21,0,9,4,0,0
G3600010A0017,1960,New York,36,Albany,001,0160,01000,A,0017,,0030,TRACT A-17 ALBANY CITY,001,3,12,0,0,0,0,1,1,0,33,22,50,101,105,132,103,143,81,67,232,143,87,253,82,76,69,46,37,20,12,4,0,0,7,0
G3600010A0018,1960,New York,36,Albany,001,0160,01000,A,0018,,0030,TRACT A-18 ALBANY CITY,001,3,12,0,0,0,0,1,1,0,61,58,60,95,207,268,205,229,259,190,475,266,107,176,44,36,47,51,24,17,34,36,4,7,4,8
G3600010A0019,1960,New York,36,Albany,001,0160,01000,A,0019,,0030,TRACT A-19 ALBANY CITY,001,3,12,0,0,0,0,1,1,0,28,49,89,115,119,197,208,196,180,121,488,179,23,119,28,34,58,58,19,12,4,4,0,0,4,0
G3600010A0020,1960,New York,36,Albany,001,0160,01000,A,0020,,0030,TRACT A-20 ALBANY CITY,001,3,12,0,0,0,0,1,1,0,49,58,109,133,159,245,269,225,189,144,252,61,13,106,59,69,69,60,8,13,0,4,0,0,0,0
G3600010A0021,1960,New York,36,Albany,001,0160,01000,A,0021,,0030,TRACT A-21 ALBANY CITY,001,3,12,0,0,0,0,1,1,0,41,40,74,121,123,133,93,72,81,57,51,20,14,601,202,151,198,131,64,26,50,11,4,4,0,4
G3600010A0022,1960,New York,36,Albany,001,0160,01000,A,0022,,0030,TRACT A-22 ALBANY CITY,001,3,12,0,0,0,0,0,1,0,114,166,200,245,149,270,126,83,43,42,52,8,4,279,237,118,156,77,51,16,6,12,0,8,0,0
G3600010A0023,1960,New York,36,Albany,001,0160,01000,A,0023,,0030,TRACT A-23 ALBANY CITY,001,3,12,0,0,0,0,0,1,0,82,133,183,198,247,212,91,88,65,43,36,5,0,139,79,92,37,41,19,4,4,0,0,0,0,0
G3600010A0024,1960,New York,36,Albany,001,0160,01000,A,0024,,0030,TRACT A-24 ALBANY CITY,001,3,12,0,0,0,0,0,1,0,136,99,115,128,146,64,65,45,10,20,18,0,0,286,173,47,60,47,4,0,4,5,0,0,0,0
G3600010A0025,1960,New York,36,Albany,001,0160,01000,A,0025,,0030,TRACT A-25 ALBANY CITY,001,3,12,0,0,0,0,0,1,0,106,89,137,218,175,136,101,48,62,45,18,0,0,241,127,74,72,13,4,0,0,0,0,0,0,0
G3600010A0026,1960,New York,36,Albany,001,0160,01000,A,0026,,0030,TRACT A-26 ALBANY CITY,001,3,12,0,1,1,1,1,1,2,45,59,111,134,165,243,154,157,75,117,145,20,0,288,109,38,47,19,30,12,4,4,0,3,8,0
G3600010AC0041,1960,New York,36,Albany,001,0160,,AC,0041,,0030,TRACT AC-41 BETHLEHEM TOWN,003,7,00,0,0,1,1,1,1,0,20,34,32,39,80,89,100,109,127,74,159,53,12,66,22,15,29,3,16,0,8,6,4,0,0,3
G3600010AC0042,1960,New York,36,Albany,001,0160,,AC,0042,,0030,TRACT AC-42 BETHLEHEM TOWN,003,7,00,0,0,1,1,1,1,0,35,81,78,160,198,243,308,273,236,234,770,324,56,88,61,26,59,20,25,33,19,13,10,21,8,0
G3600010AC0043,1960,New York,36,Albany,001,0160,,AC,0043,,,TRACT AC-43 BETHLEHEM TOWN,003,7,00,0,0,1,1,1,1,0,21,54,45,116,126,208,133,124,100,49,121,24,8,66,69,16,18,28,30,8,0,4,12,0,0,9
G3600010AC0044,1960,New York,36,Albany,001,0160,,AC,0044,,,TRACT AC-44 COEYMANS TOWN,004,7,00,0,0,1,1,1,1,0,37,41,78,193,195,223,195,166,122,80,110,38,14,75,37,34,26,15,15,0,6,5,0,4,4,0
G3600010AC0045,1960,New York,36,Albany,001,0160,,AC,0045,,,TRACT AC-45 NEW SCOTLAND TOWN,010,7,00,0,0,1,1,1,1,0,45,52,91,133,213,222,106,163,136,121,167,53,12,108,44,36,12,8,11,4,4,4,0,4,0,0
G3600010AC0046,1960,New York,36,Albany,001,0160,,AC,0046,,,TRACT AC-46 GUILDERLAND TOWN,008,7,00,0,0,1,1,1,1,0,85,119,94,200,422,539,497,454,346,353,645,93,16,140,63,40,24,29,24,15,15,20,4,20,0,5
G3600010AC0047,1960,New York,36,Albany,001,0160,,AC,0047,,,TRACT AC-47 GUILDERLAND TOWN,008,7,00,0,0,1,1,1,1,0,46,62,70,74,114,78,51,73,78,35,62,16,0,201,29,30,16,9,7,0,4,0,8,0,0,0
G3600010AC0048,1960,New York,36,Albany,001,0160,,AC,0048,,,TRACT AC-48 BERNE TOWN,013,7,00,0,0,1,1,1,1,0,81,122,118,132,147,142,115,53,63,40,97,21,8,147,58,36,20,18,5,9,0,4,0,4,0,0
G3600010C0027,1960,New York,36,Albany,001,0160,,C,0027,,0030,TRACT C-27 COHOES CITY,005,4,09,0,0,1,1,1,1,0,12,15,45,93,117,145,138,107,52,22,88,20,0,65,17,12,22,9,0,0,0,0,0,0,0,0
G3600010C0028,1960,New York,36,Albany,001,0160,,C,0028,,0030,TRACT C-28 COHOES CITY,005,4,09,0,0,1,1,1,1,0,68,132,147,199,314,234,164,157,147,76,101,12,7,170,81,119,58,33,25,12,4,0,0,4,0,0
G3600010C0029,1960,New York,36,Albany,001,0160,,C,0029,,0030,TRACT C-29 COHOES CITY,005,4,09,0,0,1,1,1,1,0,51,62,125,184,168,234,134,106,75,32,56,16,0,174,74,31,30,30,12,8,3,4,0,0,0,0
G3600010C0030,1960,New York,36,Albany,001,0160,,C,0030,,0030,TRACT C-30 COHOES CITY,005,4,09,0,0,1,1,1,1,0,28,65,75,133,188,242,182,193,144,93,175,36,12,64,43,45,33,28,5,13,0,8,0,8,0,0
G3600010CO0035,1960,New York,36,Albany,001,0160,,CO,0035,,0030,TRACT CO-35 COLONIE TOWN,006,7,00,0,0,1,1,1,1,0,52,104,129,125,273,471,380,463,336,247,426,129,22,143,42,52,60,23,16,13,21,0,0,0,0,4
G3600010CO0036,1960,New York,36,Albany,001,0160,,CO,0036,,0030,TRACT CO-36 COLONIE TOWN,006,7,00,0,0,1,1,1,1,0,28,28,29,78,118,127,154,131,144,165,289,107,60,320,138,26,57,18,23,22,10,16,9,24,4,0
G3600010CO0037,1960,New York,36,Albany,001,0160,,CO,0037,,,TRACT CO-37 COLONIE TOWN,006,7,00,0,0,1,1,1,1,0,45,57,64,111,234,279,273,360,216,214,474,231,106,91,49,42,18,36,7,17,8,4,0,20,4,8
G3600010CO0038,1960,New York,36,Albany,001,0160,,CO,0038,,,TRACT CO-38 COLONIE TOWN,006,7,00,0,0,1,1,1,1,0,56,58,89,137,286,344,390,252,159,94,215,28,0,41,54,32,12,8,12,8,13,4,8,4,0,0
G3600010CO0039,1960,New York,36,Albany,001,0160,,CO,0039,,0030,TRACT CO-39 COLONIE TOWN,006,4,07,0,0,1,1,1,1,0,21,44,37,57,159,249,295,248,194,124,294,42,4,33,21,12,25,8,16,0,4,4,0,0,0,0
G3600010CO0040,1960,New York,36,Albany,001,0160,,CO,0040,,0030,TRACT CO-40 COLONIE TOWN,006,7,00,0,0,1,1,1,1,0,40,88,121,158,198,383,386,309,236,134,191,47,0,102,79,30,28,47,20,12,8,5,4,0,0,0
G3600010GI0031,1960,New York,36,Albany,001,0160,,GI,0031,,0030,TRACT GI-31 GREEN ISLAND TOWN,007,4,06,0,0,1,1,1,1,0,27,49,76,80,100,129,180,112,87,37,94,9,0,56,48,21,25,21,5,0,4,0,0,4,0,0
G3600010W0032,1960,New York,36,Albany,001,0160,,W,0032,,0030,TRACT W-32 WATERVLIET CITY,012,4,08,0,0,1,1,1,1,0,55,61,68,139,249,243,153,146,77,59,101,25,0,114,54,21,77,7,10,8,13,0,0,5,0,0
G3600010W0033,1960,New York,36,Albany,001,0160,,W,0033,,0030,TRACT W-33 WATERVLIET CITY,012,4,08,0,0,1,1,1,1,0,24,28,63,118,196,195,221,119,114,115,150,37,0,78,105,24,32,8,12,0,0,0,0,0,0,0
G3600010W0034,1960,New York,36,Albany,001,0160,,W,0034,,0030,TRACT W-34 WATERVLIET CITY,012,4,08,0,0,1,1,1,1,0,17,27,53,106,134,178,136,103,104,59,106,7,0,63,36,12,13,34,9,4,13,0,4,4,0,0
G36000500001,1960,New York,36,Bronx,005,5600,51000,,0001,,1450,TRACT 1     NEW YORK CITY BRONX,001,3,15,0,0,1,0,0,0,0,0,0,0,0,0,0,0,0,0,0,0,0,0,3,0,0,0,8,0,0,0,0,0,0,0,0
G36000500002,1960,New York,36,Bronx,005,5600,51000,,0002,,1450,TRACT 2     NEW YORK CITY BRONX,001,3,15,0,0,0,0,1,1,0,8,21,8,17,23,44,39,31,8,0,54,0,0,18,9,4,8,4,0,0,0,0,0,0,0,0
G36000500003,1960,New York,36,Bronx,005,5600,51000,,0003,,1450,TRACT 3     NEW YORK CITY BRONX,001,3,15,1,1,1,1,1,1,0,0,0,0,0,0,0,0,0,0,0,0,0,0,0,0,0,0,0,0,0,0,0,0,0,0,0
G36000500004,1960,New York,36,Bronx,005,5600,51000,,0004,,1450,TRACT 4     NEW YORK CITY BRONX,001,3,15,0,0,0,0,1,1,0,0,0,0,0,14,9,7,13,4,6,9,0,0,4,8,0,0,0,0,4,0,0,0,0,0,0
G36000500005,1960,New York,36,Bronx,005,5600,51000,,0005,,1450,TRACT 5     NEW YORK CITY BRONX,001,3,15,0,1,1,1,1,1,0,0,0,0,0,0,0,0,0,0,0,0,0,0,0,0,0,0,0,0,0,0,0,0,0,0,0
G36000500006,1960,New York,36,Bronx,005,5600,51000,,0006,,1450,TRACT 6     NEW YORK CITY BRONX,001,3,15,0,0,0,0,1,1,0,7,3,7,13,17,18,32,30,39,3,46,0,0,0,0,0,4,0,0,4,0,0,0,0,0,0
G36000500010,1960,New York,36,Bronx,005,5600,51000,,0010,,1450,TRACT 10    NEW YORK CITY BRONX,001,3,15,0,0,0,0,1,1,0,12,7,11,14,17,46,71,62,39,28,69,15,3,22,11,0,8,7,4,0,0,0,0,0,0,0
G36000500011,1960,New York,36,Bronx,005,5600,51000,,0011,,1450,TRACT 11    NEW YORK CITY BRONX,001,3,15,0,0,0,0,1,0,0,22,22,39,38,35,29,39,8,9,8,19,5,4,6,7,3,5,4,0,0,3,0,0,0,0,0
G36000500013,1960,New York,36,Bronx,005,5600,51000,,0013,,1450,TRACT 13    NEW YORK CITY BRONX,001,3,15,1,0,1,0,1,1,0,0,0,0,0,0,0,0,0,0,0,0,0,0,0,0,0,0,0,0,0,0,0,0,0,0,0
G36000500014,1960,New York,36,Bronx,005,5600,51000,,0014,,1450,TRACT 14    NEW YORK CITY BRONX,001,3,15,0,0,0,0,1,1,0,12,5,0,4,18,14,20,35,28,11,18,7,0,9,0,0,0,0,0,4,0,0,0,0,0,0
G36000500015,1960,New York,36,Bronx,005,5600,51000,,0015,,1450,TRACT 15    NEW YORK CITY BRONX,001,3,15,0,0,1,0,1,1,0,0,0,25,22,0,17,10,0,0,0,4,0,0,14,5,0,0,0,0,0,0,0,0,0,0,0
G36000500016,1960,New York,36,Bronx,005,5600,51000,,0016,,1450,TRACT 16    NEW YORK CITY BRONX,001,3,15,0,0,0,0,1,1,0,0,0,0,0,8,0,8,0,4,0,4,0,0,0,0,0,0,0,0,0,0,0,0,0,0,0
G36000500017,1960,New York,36,Bronx,005,5600,51000,,0017,,1450,TRACT 17    NEW YORK CITY BRONX,001,3,15,0,0,0,0,0,0,0,27,63,82,125,112,95,26,55,30,24,55,4,0,54,21,42,58,8,0,13,0,0,0,0,0,0
G36000500018,1960,New York,36,Bronx,005,5600,51000,,0018,,1450,TRACT 18    NEW YORK CITY BRONX,001,3,15,0,0,0,0,1,1,0,0,0,4,10,8,17,27,12,4,19,21,6,0,51,0,5,4,7,0,0,0,0,0,0,0,0
G36000500020,1960,New York,36,Bronx,005,5600,51000,,0020,,1450,TRACT 20    NEW YORK CITY BRONX,001,3,15,0,0,0,0,0,0,0,109,124,219,378,391,324,224,138,77,94,130,23,0,122,63,19,20,20,9,0,0,0,0,0,0,0
G36000500023,1960,New York,36,Bronx,005,5600,51000,,0023,,1450,TRACT 23    NEW YORK CITY BRONX,001,3,15,0,0,0,0,0,0,0,74,76,152,150,192,165,138,92,36,26,67,17,0,129,107,97,54,15,24,18,4,0,0,0,0,0
G36000500024,1960,New York,36,Bronx,005,5600,51000,,0024,,1450,TRACT 24    NEW YORK CITY BRONX,001,3,15,1,1,1,1,1,1,0,0,0,0,0,0,0,0,0,0,0,0,0,0,0,0,0,0,0,0,0,0,0,0,0,0,0
G36000500025,1960,New York,36,Bronx,005,5600,51000,,0025,,1450,TRACT 25    NEW YORK CITY BRONX,001,3,15,0,0,0,0,0,0,0,94,138,432,448,302,305,240,163,103,45,99,8,10,248,134,189,158,40,27,11,0,3,0,4,0,0
G360005000270,1960,New York,36,Bronx,005,5600,51000,,0027,0,1450,TRACT 27-0  NEW YORK CITY BRONX,001,3,15,0,0,0,0,0,0,0,74,60,215,214,332,192,147,40,40,16,38,3,0,44,26,34,25,0,8,8,0,0,0,0,0,0
G360005000271,1960,New York,36,Bronx,005,5600,51000,,0027,1,1450,TRACT 27-1  NEW YORK CITY BRONX,001,3,15,0,0,0,0,0,0,0,92,107,254,472,379,323,279,180,140,93,214,61,0,161,125,81,104,56,26,4,0,0,4,0,0,0
G36000500028,1960,New York,36,Bronx,005,5600,51000,,0028,,1450,TRACT 28    NEW YORK CITY BRONX,001,3,15,0,0,0,0,1,1,0,3,0,0,0,16,10,8,8,0,5,18,5,0,7,0,7,2,0,3,0,0,0,0,0,0,0
G36000500031,1960,New York,36,Bronx,005,5600,51000,,0031,,1450,TRACT 31    NEW YORK CITY BRONX,001,3,15,0,0,0,0,1,0,0,37,29,33,135,89,90,43,60,46,41,37,7,4,13,15,17,21,32,15,7,0,8,0,0,0,0
G36000500033,1960,New York,36,Bronx,005,5600,51000,,0033,,1450,TRACT 33    NEW YORK CITY BRONX,001,3,15,0,0,0,0,0,0,0,98,85,228,311,315,281,236,113,67,95,142,15,0,299,171,115,151,44,16,9,8,0,0,4,0,0
G36000500035,1960,New York,36,Bronx,005,5600,51000,,0035,,1450,TRACT 35    NEW YORK CITY BRONX,001,3,15,0,0,0,0,1,0,0,32,60,140,119,138,139,99,67,27,36,52,12,0,62,54,36,54,8,12,0,0,0,0,0,0,0
G36000500036,1960,New York,36,Bronx,005,5600,51000,,0036,,1450,TRACT 36    NEW YORK CITY BRONX,001,3,15,1,1,1,1,1,1,0,0,0,0,0,0,0,0,0,0,0,0,0,0,0,0,0,0,0,0,0,0,0,0,0,0,0
G36000500037,1960,New York,36,Bronx,005,5600,51000,,0037,,1450,TRACT 37    NEW YORK CITY BRONX,001,3,15,0,0,1,0,1,1,0,0,16,26,36,58,30,18,0,14,22,11,0,0,32,10,10,0,11,11,0,0,0,0,0,0,0
G36000500038,1960,New York,36,Bronx,005,5600,51000,,0038,,1450,TRACT 38    NEW YORK CITY BRONX,001,3,15,0,0,0,0,1,1,0,10,4,4,4,21,15,4,10,4,4,11,0,0,0,0,0,0,8,9,0,0,0,0,0,0,0
G36000500039,1960,New York,36,Bronx,005,5600,51000,,0039,,1450,TRACT 39    NEW YORK CITY BRONX,001,3,15,0,0,0,0,0,0,0,135,174,255,343,333,411,258,235,167,100,214,28,0,323,245,226,158,85,70,15,8,0,0,0,0,0
G360005000400,1960,New York,36,Bronx,005,5600,51000,,0040,0,1450,TRACT 40-0  NEW YORK CITY BRONX,001,3,15,0,0,0,0,1,1,0,9,13,13,21,27,45,42,24,17,21,18,19,0,0,4,0,9,0,0,0,0,0,0,0,0,0
G360005000401,1960,New York,36,Bronx,005,5600,51000,,0040,1,1450,TRACT 40-1  NEW YORK CITY BRONX,001,3,15,1,1,1,1,1,1,0,0,0,0,0,0,0,0,0,0,0,0,0,0,0,0,0,0,0,0,0,0,0,0,0,0,0
G36000500041,1960,New York,36,Bronx,005,5600,51000,,0041,,1450,TRACT 41    NEW YORK CITY BRONX,001,3,15,0,0,0,0,0,0,0,26,67,197,136,140,107,72,59,80,46,77,16,0,267,148,123,56,52,36,8,4,13,8,0,0,0
G36000500042,1960,New York,36,Bronx,005,5600,51000,,0042,,1450,TRACT 42    NEW YORK CITY BRONX,001,3,15,1,1,1,1,1,1,0,0,0,0,0,0,0,0,0,0,0,0,0,0,0,0,0,0,0,0,0,0,0,0,0,0,0
G36000500043,1960,New York,36,Bronx,005,5600,51000,,0043,,1450,TRACT 43    NEW YORK CITY BRONX,001,3,15,0,0,0,0,0,0,0,148,236,520,595,523,404,269,191,160,71,198,21,0,339,249,160,157,88,57,8,4,0,0,0,0,0
G36000500044,1960,New York,36,Bronx,005,5600,51000,,0044,,1450,TRACT 44    NEW YORK CITY BRONX,001,3,15,0,0,0,0,0,0,0,82,155,202,303,297,190,77,74,28,49,29,16,4,43,42,31,0,0,0,0,0,0,0,0,0,0
G36000500046,1960,New York,36,Bronx,005,5600,51000,,0046,,1450,TRACT 46    NEW YORK CITY BRONX,001,3,15,0,0,0,0,1,1,0,21,11,43,69,54,46,14,12,4,0,9,9,0,28,0,0,4,0,0,0,0,0,0,0,0,0
G36000500047,1960,New York,36,Bronx,005,5600,51000,,0047,,1450,TRACT 47    NEW YORK CITY BRONX,001,3,15,0,0,0,0,0,0,0,110,192,344,447,348,272,83,61,11,15,8,4,0,20,28,11,5,0,0,0,0,0,0,0,0,0
G36000500048,1960,New York,36,Bronx,005,5600,51000,,0048,,1450,TRACT 48    NEW YORK CITY BRONX,001,3,15,0,0,0,0,1,1,0,28,40,56,76,150,156,163,97,110,55,73,29,0,76,32,42,22,4,8,0,4,0,0,9,0,0
G36000500049,1960,New York,36,Bronx,005,5600,51000,,0049,,1450,TRACT 49    NEW YORK CITY BRONX,001,3,15,0,0,0,0,0,1,0,18,40,23,46,54,27,7,41,18,4,7,4,0,48,22,14,4,0,0,0,0,0,0,0,0,0
G36000500050,1960,New York,36,Bronx,005,5600,51000,,0050,,1450,TRACT 50    NEW YORK CITY BRONX,001,3,15,0,0,0,0,1,0,0,99,228,194,261,393,389,274,250,200,131,273,53,9,239,140,116,82,24,32,3,4,0,0,5,0,0
G36000500052,1960,New York,36,Bronx,005,5600,51000,,0052,,1450,TRACT 52    NEW YORK CITY BRONX,001,3,15,0,0,0,0,1,1,0,48,11,41,74,102,76,67,69,44,23,47,8,4,24,16,12,16,12,0,4,0,0,0,0,0,0
G36000500053,1960,New York,36,Bronx,005,5600,51000,,0053,,1450,TRACT 53    NEW YORK CITY BRONX,001,3,15,1,1,1,1,1,1,0,0,0,0,0,0,0,0,0,0,0,0,0,0,0,0,0,0,0,0,0,0,0,0,0,0,0
G36000500054,1960,New York,36,Bronx,005,5600,51000,,0054,,1450,TRACT 54    NEW YORK CITY BRONX,001,3,15,0,0,0,0,0,0,0,30,96,114,133,195,274,237,151,81,68,172,33,4,91,48,38,24,15,4,9,0,0,0,0,0,0
G36000500056,1960,New York,36,Bronx,005,5600,51000,,0056,,1450,TRACT 56    NEW YORK CITY BRONX,001,3,15,0,0,0,0,1,0,0,20,55,26,52,86,131,104,52,49,22,59,30,0,35,23,7,8,3,4,4,4,0,0,0,0,0
G36000500057,1960,New York,36,Bronx,005,5600,51000,,0057,,1450,TRACT 57    NEW YORK CITY BRONX,001,3,15,0,0,0,0,0,1,0,13,24,23,38,14,16,16,25,11,12,19,8,0,31,34,48,24,18,35,12,3,0,0,0,0,0
G36000500058,1960,New York,36,Bronx,005,5600,51000,,0058,,1450,TRACT 58    NEW YORK CITY BRONX,001,3,15,1,1,1,1,1,1,0,0,0,0,0,0,0,0,0,0,0,0,0,0,0,0,0,0,0,0,0,0,0,0,0,0,0
G36000500059,1960,New York,36,Bronx,005,5600,51000,,0059,,1450,TRACT 59    NEW YORK CITY BRONX,001,3,15,0,0,0,0,1,1,0,63,47,70,107,157,235,189,176,165,136,527,225,85,168,138,88,87,92,64,28,31,12,16,12,4,0
G36000500060,1960,New York,36,Bronx,005,5600,51000,,0060,,1450,TRACT 60    NEW YORK CITY BRONX,001,3,15,0,0,0,0,1,1,0,23,18,7,41,31,49,47,15,40,24,46,6,0,41,22,15,8,7,19,0,15,0,5,0,0,0
G36000500061,1960,New York,36,Bronx,005,5600,51000,,0061,,1450,TRACT 61    NEW YORK CITY BRONX,001,3,15,1,1,1,1,1,1,0,0,0,0,0,0,0,0,0,0,0,0,0,0,0,0,0,0,0,0,0,0,0,0,0,0,0
G36000500062,1960,New York,36,Bronx,005,5600,51000,,0062,,1450,TRACT 62    NEW YORK CITY BRONX,001,3,15,0,0,0,0,0,0,0,55,185,281,282,307,293,154,115,28,52,50,8,0,52,33,14,9,18,7,8,0,5,0,0,0,0
G36000500064,1960,New York,36,Bronx,005,5600,51000,,0064,,1450,TRACT 64    NEW YORK CITY BRONX,001,3,15,0,0,0,0,1,1,0,21,29,32,47,95,77,45,60,54,24,112,19,0,20,9,5,9,18,4,0,0,0,0,0,0,0
G36000500065,1960,New York,36,Bronx,005,5600,51000,,0065,,1450,TRACT 65    NEW YORK CITY BRONX,001,3,15,0,0,0,0,0,0,0,104,143,158,203,265,304,187,93,91,40,95,8,0,216,69,67,47,48,33,8,8,0,0,0,0,0
G36000500066,1960,New York,36,Bronx,005,5600,51000,,0066,,1450,TRACT 66    NEW YORK CITY BRONX,001,3,15,0,0,0,0,1,1,0,33,24,76,54,121,142,127,61,77,92,99,52,4,100,44,24,12,27,7,4,9,0,0,0,0,0
G36000500067,1960,New York,36,Bronx,005,5600,51000,,0067,,1450,TRACT 67    NEW YORK CITY BRONX,001,3,15,0,0,0,0,0,0,0,92,210,354,464,546,409,267,189,85,68,129,3,0,214,178,101,85,63,44,11,5,0,0,4,0,0
G36000500068,1960,New York,36,Bronx,005,5600,51000,,0068,,1450,TRACT 68    NEW YORK CITY BRONX,001,3,15,0,0,0,0,1,1,0,0,39,5,63,94,98,66,36,27,18,50,16,0,18,11,5,5,0,0,4,0,0,0,0,0,0
G36000500069,1960,New York,36,Bronx,005,5600,51000,,0069,,1450,TRACT 69    NEW YORK CITY BRONX,001,3,15,0,0,0,0,1,0,0,100,143,150,200,281,358,220,184,83,82,124,37,0,167,112,61,113,59,35,8,0,0,0,0,0,0
G36000500070,1960,New York,36,Bronx,005,5600,51000,,0070,,1450,TRACT 70    NEW YORK CITY BRONX,001,3,15,0,0,0,0,1,1,0,4,22,39,97,114,81,124,89,100,61,99,36,3,53,20,24,7,12,4,17,5,0,0,0,0,0
G36000500071,1960,New York,36,Bronx,005,5600,51000,,0071,,1450,TRACT 71    NEW YORK CITY BRONX,001,3,15,0,0,0,0,0,0,0,119,169,225,268,196,198,122,110,94,48,109,12,8,137,105,75,45,35,38,0,0,8,0,0,0,0
G36000500072,1960,New York,36,Bronx,005,5600,51000,,0072,,1450,TRACT 72    NEW YORK CITY BRONX,001,3,15,0,0,0,0,1,1,0,16,52,47,88,174,185,168,135,119,95,169,34,0,93,25,20,39,16,0,0,8,4,0,4,0,0
G36000500073,1960,New York,36,Bronx,005,5600,51000,,0073,,1450,TRACT 73    NEW YORK CITY BRONX,001,3,15,0,0,0,0,0,0,0,86,96,209,300,267,276,191,172,85,58,96,18,0,158,123,103,44,52,12,0,0,0,0,0,0,0
G36000500074,1960,New York,36,Bronx,005,5600,51000,,0074,,1450,TRACT 74    NEW YORK CITY BRONX,001,3,15,0,0,0,1,1,1,0,0,0,0,0,0,5,0,0,9,0,0,0,0,5,0,0,0,0,0,0,0,0,0,0,0,0
G36000500075,1960,New York,36,Bronx,005,5600,51000,,0075,,1450,TRACT 75    NEW YORK CITY BRONX,001,3,15,0,0,0,0,0,0,0,160,210,427,520,549,358,303,274,153,76,117,12,0,357,161,249,132,43,29,13,0,4,0,0,0,0
G36000500077,1960,New York,36,Bronx,005,5600,51000,,0077,,1450,TRACT 77    NEW YORK CITY BRONX,001,3,15,0,0,0,0,0,0,0,61,104,173,233,207,185,146,129,76,29,37,4,0,163,76,129,70,45,21,0,5,0,0,0,0,0
G36000500078,1960,New York,36,Bronx,005,5600,51000,,0078,,1450,TRACT 78    NEW YORK CITY BRONX,001,3,15,0,0,0,0,1,1,0,33,51,75,79,132,161,186,164,115,103,205,42,0,104,55,28,20,4,30,0,4,0,0,5,0,0
G36000500079,1960,New York,36,Bronx,005,5600,51000,,0079,,1450,TRACT 79    NEW YORK CITY BRONX,001,3,15,0,0,0,0,0,0,0,137,237,310,428,281,188,134,101,76,20,56,17,0,271,143,131,96,35,11,4,0,4,0,0,0,0
G36000500081,1960,New York,36,Bronx,005,5600,51000,,0081,,1450,TRACT 81    NEW YORK CITY BRONX,001,3,15,1,1,1,1,1,1,0,0,0,0,0,0,0,0,0,0,0,0,0,0,0,0,0,0,0,0,0,0,0,0,0,0,0
G36000500083,1960,New York,36,Bronx,005,5600,51000,,0083,,1450,TRACT 83    NEW YORK CITY BRONX,001,3,15,0,0,0,0,0,0,0,142,208,356,572,539,466,375,251,188,93,143,8,0,259,96,148,90,52,4,7,18,0,0,0,0,0
G36000500084,1960,New York,36,Bronx,005,5600,51000,,0084,,1450,TRACT 84    NEW YORK CITY BRONX,001,3,15,0,0,0,0,1,1,0,0,0,8,5,13,19,6,12,3,13,11,4,0,0,4,0,0,0,0,0,0,0,0,0,0,0
G36000500085,1960,New York,36,Bronx,005,5600,51000,,0085,,1450,TRACT 85    NEW YORK CITY BRONX,001,3,15,0,0,0,0,0,0,0,131,151,262,499,358,285,221,139,77,42,90,32,0,191,97,141,94,51,35,8,8,0,0,0,0,0
G36000500086,1960,New York,36,Bronx,005,5600,51000,,0086,,1450,TRACT 86    NEW YORK CITY BRONX,001,3,15,0,0,0,0,1,1,0,8,16,23,52,106,224,176,106,21,27,21,12,0,4,12,4,0,0,0,0,0,0,0,0,0,0
G36000500087,1960,New York,36,Bronx,005,5600,51000,,0087,,1450,TRACT 87    NEW YORK CITY BRONX,001,3,15,0,0,0,0,0,0,0,277,315,582,619,502,490,370,199,93,85,201,20,4,553,380,319,279,72,44,8,4,8,0,0,0,0
G36000500088,1960,New York,36,Bronx,005,5600,51000,,0088,,1450,TRACT 88    NEW YORK CITY BRONX,001,3,15,0,0,0,0,1,1,0,0,0,0,15,4,17,18,19,8,5,26,4,0,4,4,0,0,4,0,0,0,0,0,0,0,0
G36000500089,1960,New York,36,Bronx,005,5600,51000,,0089,,1450,TRACT 89    NEW YORK CITY BRONX,001,3,15,0,0,0,0,0,0,0,94,92,237,271,244,169,157,89,64,41,62,8,4,159,96,88,39,38,12,7,0,0,11,0,0,0
G36000500091,1960,New York,36,Bronx,005,5600,51000,,0091,,1450,TRACT 91    NEW YORK CITY BRONX,001,3,15,0,0,0,0,1,1,0,0,0,11,21,18,13,5,0,4,0,4,0,0,19,0,0,0,0,0,0,0,0,0,0,0,0
G36000500092,1960,New York,36,Bronx,005,5600,51000,,0092,,1450,TRACT 92    NEW YORK CITY BRONX,001,3,15,0,0,0,0,1,1,0,33,35,48,84,122,194,211,137,113,81,219,45,0,84,68,33,24,38,38,11,16,0,0,4,0,0
G36000500094,1960,New York,36,Bronx,005,5600,51000,,0094,,1450,TRACT 94    NEW YORK CITY BRONX,001,3,15,0,0,0,0,1,1,0,4,4,9,15,24,65,34,19,11,31,32,9,0,23,9,3,0,3,0,5,0,0,0,0,0,0
G36000500097,1960,New York,36,Bronx,005,5600,51000,,0097,,1450,TRACT 97    NEW YORK CITY BRONX,001,3,15,0,0,0,0,1,1,0,0,3,6,18,3,6,3,9,6,3,6,0,3,0,3,15,0,0,13,0,0,0,0,0,0,0
G36000500098,1960,New York,36,Bronx,005,5600,51000,,0098,,1450,TRACT 98    NEW YORK CITY BRONX,001,3,15,0,0,0,0,1,1,0,19,25,48,48,76,102,113,74,108,45,133,45,0,32,16,10,29,18,4,0,0,0,0,8,0,0
G36000500099,1960,New York,36,Bronx,005,5600,51000,,0099,,1450,TRACT 99    NEW YORK CITY BRONX,001,3,15,0,0,0,0,0,0,0,50,86,76,237,193,311,206,184,110,85,114,0,0,202,51,83,71,43,20,12,8,0,0,0,0,0
G36000500102,1960,New York,36,Bronx,005,5600,51000,,0102,,1450,TRACT 102   NEW YORK CITY BRONX,001,3,15,1,1,1,1,1,1,0,0,0,0,0,0,0,0,0,0,0,0,0,0,0,0,0,0,0,0,0,0,0,0,0,0,0
G36000500104,1960,New York,36,Bronx,005,5600,51000,,0104,,1450,TRACT 104   NEW YORK CITY BRONX,001,3,15,0,1,1,1,1,1,0,0,0,0,0,0,0,0,0,0,0,0,0,0,16,0,16,5,0,0,5,0,0,0,0,0,0
G36000500105,1960,New York,36,Bronx,005,5600,51000,,0105,,1450,TRACT 105   NEW YORK CITY BRONX,001,3,15,1,1,1,1,1,1,0,0,0,0,0,0,0,0,0,0,0,0,0,0,0,0,0,0,0,0,0,0,0,0,0,0,0
G36000500107,1960,New York,36,Bronx,005,5600,51000,,0107,,1450,TRACT 107   NEW YORK CITY BRONX,001,3,15,0,1,1,1,1,1,0,0,0,0,5,0,0,0,0,0,0,0,0,0,0,0,0,0,0,0,0,0,0,0,0,0,0
G36000500110,1960,New York,36,Bronx,005,5600,51000,,0110,,1450,TRACT 110   NEW YORK CITY BRONX,001,3,15,0,0,0,0,1,1,0,0,4,0,7,4,9,4,5,5,5,7,0,0,27,34,0,3,4,0,0,0,0,0,0,0,0
G360005001150,1960,New York,36,Bronx,005,5600,51000,,0115,0,1450,TRACT 115-0 NEW YORK CITY BRONX,001,3,15,0,0,0,0,1,1,0,8,16,28,69,68,68,63,24,29,14,32,16,0,23,15,13,12,5,4,5,0,0,4,4,0,0
G360005001151,1960,New York,36,Bronx,005,5600,51000,,0115,1,1450,TRACT 115-1 NEW YORK CITY BRONX,001,3,15,0,0,0,0,0,0,0,34,89,131,218,235,251,144,102,84,55,119,3,4,137,47,71,31,20,28,12,4,4,0,0,0,0
G36000500118,1960,New York,36,Bronx,005,5600,51000,,0118,,1450,TRACT 118   NEW YORK CITY BRONX,001,3,15,0,0,0,0,1,1,0,15,19,20,33,96,124,134,95,144,90,182,43,19,493,107,14,28,29,18,0,0,4,0,0,0,0
G36000500119,1960,New York,36,Bronx,005,5600,51000,,0119,,1450,TRACT 119   NEW YORK CITY BRONX,001,3,15,0,0,0,0,0,0,0,182,199,304,429,419,331,259,204,105,77,125,0,0,355,174,228,107,62,39,18,0,4,4,4,0,0
G36000500121,1960,New York,36,Bronx,005,5600,51000,,0121,,1450,TRACT 121   NEW YORK CITY BRONX,001,3,15,0,0,0,0,0,0,0,90,246,310,404,445,372,211,212,125,59,113,17,0,256,166,124,121,63,12,3,21,4,0,0,0,0
G36000500123,1960,New York,36,Bronx,005,5600,51000,,0123,,1450,TRACT 123   NEW YORK CITY BRONX,001,3,15,0,0,0,0,0,0,0,89,174,210,322,323,295,183,111,87,21,62,6,3,198,191,129,80,25,20,0,8,0,0,0,0,0
G36000500125,1960,New York,36,Bronx,005,5600,51000,,0125,,1450,TRACT 125   NEW YORK CITY BRONX,001,3,15,0,0,0,0,0,0,0,136,118,269,316,299,255,112,94,59,47,45,4,0,200,98,165,98,39,22,0,5,0,0,4,0,0
G36000500127,1960,New York,36,Bronx,005,5600,51000,,0127,,1450,TRACT 127   NEW YORK CITY BRONX,001,3,15,0,0,0,0,0,0,0,123,217,359,394,400,326,273,193,88,74,106,32,4,235,197,127,123,71,20,4,0,0,0,0,12,0
G36000500129,1960,New York,36,Bronx,005,5600,51000,,0129,,1450,TRACT 129   NEW YORK CITY BRONX,001,3,15,0,0,0,0,0,0,0,152,283,345,471,356,294,182,118,66,44,87,20,7,413,260,311,212,79,30,9,4,5,0,5,0,0
G36000500130,1960,New York,36,Bronx,005,5600,51000,,0130,,1450,TRACT 130   NEW YORK CITY BRONX,001,3,15,0,0,0,0,1,1,0,3,0,8,19,20,25,28,33,27,9,64,11,0,18,0,3,0,7,8,0,0,0,0,0,0,0
G36000500131,1960,New York,36,Bronx,005,5600,51000,,0131,,1450,TRACT 131   NEW YORK CITY BRONX,001,3,15,0,0,0,0,0,0,0,113,248,300,516,401,357,286,145,143,55,123,9,5,255,152,188,223,80,37,17,4,0,5,0,0,0
G36000500132,1960,New York,36,Bronx,005,5600,51000,,0132,,1450,TRACT 132   NEW YORK CITY BRONX,001,3,15,0,0,0,0,1,1,0,4,7,4,52,69,125,161,131,112,94,146,67,8,23,50,11,7,8,4,8,0,0,0,0,0,0
G36000500133,1960,New York,36,Bronx,005,5600,51000,,0133,,1450,TRACT 133   NEW YORK CITY BRONX,001,3,15,0,0,0,0,0,0,0,62,97,218,367,237,260,108,85,34,26,33,0,0,144,133,99,58,24,24,0,4,0,0,0,0,0
G36000500135,1960,New York,36,Bronx,005,5600,51000,,0135,,1450,TRACT 135   NEW YORK CITY BRONX,001,3,15,0,0,0,0,0,0,0,64,115,281,363,301,195,125,82,46,65,49,2,0,141,129,111,53,28,14,4,0,0,0,0,0,0
G36000500137,1960,New York,36,Bronx,005,5600,51000,,0137,,1450,TRACT 137   NEW YORK CITY BRONX,001,3,15,0,0,0,0,0,0,0,144,181,204,297,288,283,172,226,88,73,78,9,0,371,363,219,231,121,56,0,0,0,0,0,0,0
G36000500138,1960,New York,36,Bronx,005,5600,51000,,0138,,1450,TRACT 138   NEW YORK CITY BRONX,001,3,15,0,0,0,0,1,1,0,13,27,35,26,73,86,90,110,68,40,97,38,4,37,27,23,4,5,9,3,0,4,0,0,0,0
G36000500139,1960,New York,36,Bronx,005,5600,51000,,0139,,1450,TRACT 139   NEW YORK CITY BRONX,001,3,15,0,0,0,0,0,0,0,94,148,219,218,190,120,84,53,16,39,32,6,0,139,76,85,96,23,31,4,0,0,0,0,0,0
G36000500141,1960,New York,36,Bronx,005,5600,51000,,0141,,1450,TRACT 141   NEW YORK CITY BRONX,001,3,15,0,0,0,0,0,0,0,48,78,187,182,237,248,159,98,64,42,64,4,0,194,93,128,89,52,37,17,0,0,0,0,4,0
G36000500143,1960,New York,36,Bronx,005,5600,51000,,0143,,1450,TRACT 143   NEW YORK CITY BRONX,001,3,15,0,0,0,0,0,1,0,20,43,85,74,76,67,25,33,41,4,29,4,0,63,30,36,19,14,0,8,9,0,0,0,0,0
G36000500144,1960,New York,36,Bronx,005,5600,51000,,0144,,1450,TRACT 144   NEW YORK CITY BRONX,001,3,15,0,0,0,0,0,0,0,25,178,237,257,204,208,82,56,13,17,49,5,0,55,19,4,0,6,0,0,0,5,0,0,0,0
G36000500145,1960,New York,36,Bronx,005,5600,51000,,0145,,1450,TRACT 145   NEW YORK CITY BRONX,001,3,15,0,0,0,0,0,0,0,54,143,285,182,219,222,135,71,55,23,35,4,0,114,93,133,76,40,24,4,0,0,0,4,0,0
G36000500147,1960,New York,36,Bronx,005,5600,51000,,0147,,1450,TRACT 147   NEW YORK CITY BRONX,001,3,15,0,0,0,0,0,0,0,135,159,180,282,194,166,71,63,50,32,20,8,0,147,114,83,42,35,7,12,0,4,0,0,0,0
G36000500149,1960,New York,36,Bronx,005,5600,51000,,0149,,1450,TRACT 149   NEW YORK CITY BRONX,001,3,15,0,0,0,0,0,0,0,129,118,182,249,214,162,165,136,120,56,105,15,8,273,190,139,140,91,25,17,0,4,4,0,0,0
G36000500151,1960,New York,36,Bronx,005,5600,51000,,0151,,1450,TRACT 151   NEW YORK CITY BRONX,001,3,15,0,0,0,0,0,1,0,100,165,243,340,285,274,198,149,108,88,90,15,0,293,234,247,186,121,51,11,5,4,6,5,0,0
G36000500153,1960,New York,36,Bronx,005,5600,51000,,0153,,1450,TRACT 153   NEW YORK CITY BRONX,001,3,15,0,0,0,0,0,0,0,207,344,546,570,645,512,368,227,168,105,146,58,4,353,241,234,164,95,55,15,0,0,4,0,0,0
G36000500154,1960,New York,36,Bronx,005,5600,51000,,0154,,1450,TRACT 154   NEW YORK CITY BRONX,001,3,15,0,0,0,0,1,1,0,10,3,3,15,18,52,40,34,34,11,44,8,0,9,7,0,4,0,0,0,0,0,0,0,0,0
G36000500155,1960,New York,36,Bronx,005,5600,51000,,0155,,1450,TRACT 155   NEW YORK CITY BRONX,001,3,15,0,0,0,0,0,0,0,92,120,163,291,277,250,182,122,89,62,141,8,0,162,74,68,42,38,12,8,4,0,0,0,0,0
G36000500156,1960,New York,36,Bronx,005,5600,51000,,0156,,1450,TRACT 156   NEW YORK CITY BRONX,001,3,15,0,0,0,0,1,1,0,13,12,16,28,50,62,43,39,53,25,57,8,0,28,8,13,0,4,0,4,0,0,4,0,0,0
G36000500157,1960,New York,36,Bronx,005,5600,51000,,0157,,1450,TRACT 157   NEW YORK CITY BRONX,001,3,15,0,0,0,0,0,0,0,117,206,278,428,398,403,180,173,148,51,87,8,4,192,140,153,85,51,26,4,0,8,0,0,4,0
G36000500158,1960,New York,36,Bronx,005,5600,51000,,0158,,1450,TRACT 158   NEW YORK CITY BRONX,001,3,15,0,0,0,0,1,1,0,3,12,13,7,31,39,10,32,13,11,16,14,3,0,0,0,0,0,0,0,0,0,0,0,0,0
G36000500160,1960,New York,36,Bronx,005,5600,51000,,0160,,1450,TRACT 160   NEW YORK CITY BRONX,001,3,15,0,0,0,0,1,1,0,8,5,37,24,75,116,78,117,68,62,127,12,4,18,17,9,12,4,0,0,0,0,4,0,0,0
G36000500161,1960,New York,36,Bronx,005,5600,51000,,0161,,1450,TRACT 161   NEW YORK CITY BRONX,001,3,15,0,0,0,0,1,0,0,129,196,260,375,486,427,334,271,153,158,152,64,4,306,136,99,100,38,33,0,4,8,0,18,17,0
G36000500162,1960,New York,36,Bronx,005,5600,51000,,0162,,1450,TRACT 162   NEW YORK CITY BRONX,001,3,15,0,0,0,0,1,1,0,5,5,21,26,42,37,58,26,55,20,58,5,0,15,13,0,2,11,0,0,0,0,5,0,0,0
G36000500163,1960,New York,36,Bronx,005,5600,51000,,0163,,1450,TRACT 163   NEW YORK CITY BRONX,001,3,15,1,1,1,1,1,1,0,0,0,0,0,0,0,0,0,0,0,0,0,0,0,0,0,0,0,0,0,0,0,0,0,0,0
G36000500164,1960,New York,36,Bronx,005,5600,51000,,0164,,1450,TRACT 164   NEW YORK CITY BRONX,001,3,15,0,0,0,0,1,1,0,4,8,15,24,61,50,40,49,32,15,73,16,4,35,7,9,23,7,11,0,0,4,0,0,0,0
G36000500165,1960,New York,36,Bronx,005,5600,51000,,0165,,1450,TRACT 165   NEW YORK CITY BRONX,001,3,15,0,0,0,0,0,0,0,111,223,342,408,310,234,149,103,74,39,52,8,0,194,137,76,60,16,33,4,0,0,4,0,0,0
G36000500166,1960,New York,36,Bronx,005,5600,51000,,0166,,1450,TRACT 166   NEW YORK CITY BRONX,001,3,15,0,0,0,0,1,1,0,5,17,5,16,35,102,64,86,51,62,68,17,0,0,7,0,3,0,0,4,0,0,0,0,0,0
G36000500167,1960,New York,36,Bronx,005,5600,51000,,0167,,1450,TRACT 167   NEW YORK CITY BRONX,001,3,15,0,0,0,0,0,0,0,106,254,304,364,306,283,143,128,63,39,80,14,0,246,107,73,80,37,21,0,4,0,0,0,0,0
G36000500169,1960,New York,36,Bronx,005,5600,51000,,0169,,1450,TRACT 169   NEW YORK CITY BRONX,001,3,15,0,0,0,0,0,0,0,166,155,264,259,229,181,160,89,48,27,53,4,0,170,102,102,47,30,16,0,0,0,0,0,0,0
G36000500171,1960,New York,36,Bronx,005,5600,51000,,0171,,1450,TRACT 171   NEW YORK CITY BRONX,001,3,15,1,1,1,1,1,1,0,0,0,0,0,0,0,0,0,0,0,0,0,0,0,0,0,0,0,0,0,0,0,0,0,0,0
G36000500173,1960,New York,36,Bronx,005,5600,51000,,0173,,1450,TRACT 173   NEW YORK CITY BRONX,001,3,15,0,0,0,0,0,1,0,24,24,95,143,171,207,150,79,72,50,131,34,4,100,111,56,60,42,36,10,20,0,0,0,0,0
G36000500175,1960,New York,36,Bronx,005,5600,51000,,0175,,1450,TRACT 175   NEW YORK CITY BRONX,001,3,15,0,0,0,0,0,0,0,70,138,192,265,282,313,294,214,170,114,212,32,4,189,121,113,80,63,45,23,4,0,0,8,0,0
G36000500177,1960,New York,36,Bronx,005,5600,51000,,0177,,1450,TRACT 177   NEW YORK CITY BRONX,001,3,15,0,0,0,0,0,0,0,154,190,181,325,355,343,269,245,159,118,226,38,4,326,195,144,138,117,25,12,15,0,0,4,0,0
G36000500179,1960,New York,36,Bronx,005,5600,51000,,0179,,1450,TRACT 179   NEW YORK CITY BRONX,001,3,15,0,0,0,0,1,1,0,90,185,260,327,447,481,413,337,196,126,262,52,4,370,136,147,141,74,54,29,16,4,0,4,0,0
G36000500181,1960,New York,36,Bronx,005,5600,51000,,0181,,1450,TRACT 181   NEW YORK CITY BRONX,001,3,15,0,0,0,0,0,1,0,49,87,136,229,302,453,257,202,200,161,292,95,38,133,107,108,100,95,38,24,4,8,4,0,0,0
G36000500183,1960,New York,36,Bronx,005,5600,51000,,0183,,1450,TRACT 183   NEW YORK CITY BRONX,001,3,15,0,0,0,0,0,1,0,66,80,94,122,231,308,254,209,151,118,507,216,67,172,96,79,62,70,63,32,20,9,0,4,4,8
G36000500184,1960,New York,36,Bronx,005,5600,51000,,0184,,1450,TRACT 184   NEW YORK CITY BRONX,001,3,15,0,0,0,0,1,1,0,26,25,46,86,145,171,183,90,115,90,211,39,8,20,23,0,8,8,9,11,0,0,0,0,0,0
G36000500187,1960,New York,36,Bronx,005,5600,51000,,0187,,1450,TRACT 187   NEW YORK CITY BRONX,001,3,15,1,1,1,1,1,1,0,0,0,0,0,0,0,0,0,0,0,0,0,0,0,0,0,0,0,0,0,0,0,0,0,0,0
G36000500189,1960,New York,36,Bronx,005,5600,51000,,0189,,1450,TRACT 189   NEW YORK CITY BRONX,001,3,15,0,0,0,0,1,1,0,100,98,108,203,227,400,329,247,256,155,411,134,23,276,159,85,108,98,97,43,24,23,8,8,0,0
G36000500191,1960,New York,36,Bronx,005,5600,51000,,0191,,1450,TRACT 191   NEW YORK CITY BRONX,001,3,15,1,1,1,1,1,1,0,0,0,0,0,0,0,0,0,0,0,0,0,0,0,0,0,0,0,0,0,0,0,0,0,0,0
G36000500193,1960,New York,36,Bronx,005,5600,51000,,0193,,1450,TRACT 193   NEW YORK CITY BRONX,001,3,15,0,0,0,0,0,1,0,75,99,187,218,269,216,143,124,109,40,147,28,0,87,98,25,69,37,16,12,0,4,4,0,0,0
G36000500194,1960,New York,36,Bronx,005,5600,51000,,0194,,1450,TRACT 194   NEW YORK CITY BRONX,001,3,15,0,0,0,0,1,1,0,16,19,16,13,67,53,60,51,21,19,51,15,0,5,25,25,17,14,12,11,0,0,0,0,0,0
G36000500195,1960,New York,36,Bronx,005,5600,51000,,0195,,1450,TRACT 195   NEW YORK CITY BRONX,001,3,15,0,0,0,0,1,1,0,40,116,109,148,197,246,205,160,210,142,333,123,48,315,162,88,61,60,48,24,27,8,8,4,3,0
G36000500196,1960,New York,36,Bronx,005,5600,51000,,0196,,1450,TRACT 196   NEW YORK CITY BRONX,001,3,15,0,0,1,0,1,1,0,0,5,0,0,0,0,0,0,0,0,0,0,0,0,4,17,21,0,0,0,0,0,0,0,0,0
G36000500197,1960,New York,36,Bronx,005,5600,51000,,0197,,1450,TRACT 197   NEW YORK CITY BRONX,001,3,15,0,0,0,0,1,1,0,81,100,88,186,148,301,221,177,87,99,214,25,0,140,83,84,83,54,27,24,15,4,4,4,0,0
G36000500198,1960,New York,36,Bronx,005,5600,51000,,0198,,1450,TRACT 198   NEW YORK CITY BRONX,001,3,15,0,0,0,0,1,1,0,39,18,50,87,122,159,145,88,97,75,159,24,4,47,23,29,27,28,12,0,4,4,0,4,0,0
G36000500199,1960,New York,36,Bronx,005,5600,51000,,0199,,1450,TRACT 199   NEW YORK CITY BRONX,001,3,15,0,0,0,0,1,1,0,35,127,133,167,291,459,282,271,223,154,270,40,12,203,93,79,87,56,29,42,11,13,4,0,0,0
G36000500200,1960,New York,36,Bronx,005,5600,51000,,0200,,1450,TRACT 200   NEW YORK CITY BRONX,001,3,15,0,0,0,0,1,1,0,4,4,0,21,19,16,21,17,4,4,8,11,0,10,9,11,7,5,0,0,4,0,0,0,0,0
G36000500201,1960,New York,36,Bronx,005,5600,51000,,0201,,1450,TRACT 201   NEW YORK CITY BRONX,001,3,15,0,0,0,0,1,1,0,20,78,70,108,159,209,163,114,102,56,111,24,0,105,76,60,45,25,25,4,0,4,0,0,0,0
G36000500202,1960,New York,36,Bronx,005,5600,51000,,0202,,1450,TRACT 202   NEW YORK CITY BRONX,001,3,15,0,0,0,0,1,1,0,12,19,15,36,60,93,76,49,38,34,65,19,0,49,47,25,14,13,8,16,4,4,0,4,0,0
G36000500203,1960,New York,36,Bronx,005,5600,51000,,0203,,1450,TRACT 203   NEW YORK CITY BRONX,001,3,15,1,1,1,1,1,1,0,0,0,0,0,0,0,0,0,0,0,0,0,0,0,0,0,0,0,0,0,0,0,0,0,0,0
G36000500204,1960,New York,36,Bronx,005,5600,51000,,0204,,1450,TRACT 204   NEW YORK CITY BRONX,001,3,15,0,0,0,0,1,1,0,20,15,16,40,93,154,101,104,51,58,69,11,0,69,49,27,10,12,3,4,4,0,0,0,0,0
G36000500205,1960,New York,36,Bronx,005,5600,51000,,0205,,1450,TRACT 205   NEW YORK CITY BRONX,001,3,15,0,0,0,0,0,1,0,74,52,78,195,222,398,308,187,184,109,226,61,8,111,28,29,46,26,10,4,3,0,0,4,4,0
G360005002060,1960,New York,36,Bronx,005,5600,51000,,0206,0,1450,TRACT 206-0 NEW YORK CITY BRONX,001,3,15,0,0,0,0,1,1,0,38,25,22,21,80,104,63,40,45,29,60,12,4,13,21,0,21,4,0,0,0,0,0,0,4,0
G360005002061,1960,New York,36,Bronx,005,5600,51000,,0206,1,1450,TRACT 206-1 NEW YORK CITY BRONX,001,3,15,0,0,1,0,1,1,0,4,17,20,17,25,16,42,28,17,8,22,0,0,39,39,0,8,15,4,0,13,0,0,0,0,0
G36000500207,1960,New York,36,Bronx,005,5600,51000,,0207,,1450,TRACT 207   NEW YORK CITY BRONX,001,3,15,0,0,0,0,1,1,0,23,12,30,46,54,68,80,31,26,20,55,24,4,41,27,8,8,4,8,0,0,0,0,0,3,3
G36000500208,1960,New York,36,Bronx,005,5600,51000,,0208,,1450,TRACT 208   NEW YORK CITY BRONX,001,3,15,0,0,0,0,1,1,0,13,8,8,27,59,57,55,50,43,40,113,28,0,58,22,3,8,16,19,0,4,0,0,0,0,0
G36000500210,1960,New York,36,Bronx,005,5600,51000,,0210,,1450,TRACT 210   NEW YORK CITY BRONX,001,3,15,0,0,0,0,1,1,0,88,179,170,247,473,696,837,657,579,530,1164,264,32,409,333,182,128,153,117,55,20,20,12,24,0,0
G36000500211,1960,New York,36,Bronx,005,5600,51000,,0211,,1450,TRACT 211   NEW YORK CITY BRONX,001,3,15,0,0,0,0,1,1,0,43,67,99,141,225,287,251,236,173,136,280,59,4,189,63,113,60,74,43,8,12,0,0,8,0,0
G36000500212,1960,New York,36,Bronx,005,5600,51000,,0212,,1450,TRACT 212   NEW YORK CITY BRONX,001,3,15,0,0,0,0,1,1,0,20,40,51,89,168,243,237,243,210,184,502,152,4,135,104,80,47,36,47,28,8,16,4,8,0,0
G360005002130,1960,New York,36,Bronx,005,5600,51000,,0213,0,1450,TRACT 213-0 NEW YORK CITY BRONX,001,3,15,0,0,0,0,1,1,0,18,28,30,23,61,110,62,82,49,20,36,4,0,12,31,20,22,12,11,0,0,0,0,0,0,0
G360005002131,1960,New York,36,Bronx,005,5600,51000,,0213,1,1450,TRACT 213-1 NEW YORK CITY BRONX,001,3,15,0,0,0,0,1,1,0,37,77,127,170,221,328,269,232,195,140,270,72,4,126,109,60,69,48,29,8,8,0,0,0,0,0
G36000500214,1960,New York,36,Bronx,005,5600,51000,,0214,,1450,TRACT 214   NEW YORK CITY BRONX,001,3,15,0,0,0,0,1,1,0,0,13,17,9,8,49,24,12,15,9,16,8,0,7,9,10,9,9,4,0,0,0,0,0,0,0
G36000500215,1960,New York,36,Bronx,005,5600,51000,,0215,,1450,TRACT 215   NEW YORK CITY BRONX,001,3,15,0,0,0,0,1,1,0,124,181,185,315,546,544,453,394,292,259,353,130,32,292,184,113,96,82,48,16,0,4,0,8,0,0
G36000500216,1960,New York,36,Bronx,005,5600,51000,,0216,,1450,TRACT 216   NEW YORK CITY BRONX,001,3,15,0,0,0,0,1,1,0,61,131,133,245,233,451,445,356,292,216,579,93,33,245,98,102,74,75,105,35,12,12,12,15,4,0
G360005002170,1960,New York,36,Bronx,005,5600,51000,,0217,0,1450,TRACT 217-0 NEW YORK CITY BRONX,001,3,15,0,0,0,0,1,1,0,44,80,156,171,274,295,294,223,102,118,260,54,0,176,116,112,115,91,52,11,3,16,0,0,0,0
G360005002171,1960,New York,36,Bronx,005,5600,51000,,0217,1,1450,TRACT 217-1 NEW YORK CITY BRONX,001,3,15,0,0,1,0,1,1,0,4,8,21,37,54,45,35,12,30,12,22,4,4,12,8,11,4,0,3,4,0,8,0,4,0,0
G36000500218,1960,New York,36,Bronx,005,5600,51000,,0218,,1450,TRACT 218   NEW YORK CITY BRONX,001,3,15,0,0,0,0,1,1,0,8,56,70,61,187,271,219,217,132,125,274,46,4,67,66,30,61,73,28,8,4,4,0,0,0,0
G36000500219,1960,New York,36,Bronx,005,5600,51000,,0219,,1450,TRACT 219   NEW YORK CITY BRONX,001,3,15,0,0,0,0,1,1,0,13,25,32,46,51,57,11,28,7,16,18,11,0,24,4,24,0,16,9,0,4,0,0,0,0,0
G36000500220,1960,New York,36,Bronx,005,5600,51000,,0220,,1450,TRACT 220   NEW YORK CITY BRONX,001,3,15,0,0,0,0,1,1,0,12,26,38,55,63,75,99,20,21,11,29,7,6,42,33,37,22,15,8,8,0,0,0,0,0,0
G36000500221,1960,New York,36,Bronx,005,5600,51000,,0221,,1450,TRACT 221   NEW YORK CITY BRONX,001,3,15,0,0,0,0,1,1,0,48,124,152,196,244,372,349,241,210,143,267,74,4,209,85,79,83,113,46,20,17,0,4,0,0,0
G36000500222,1960,New York,36,Bronx,005,5600,51000,,0222,,1450,TRACT 222   NEW YORK CITY BRONX,001,3,15,1,1,1,1,1,1,0,0,0,0,0,0,0,0,0,0,0,0,0,0,0,0,0,0,0,0,0,0,0,0,0,0,0
G36000500223,1960,New York,36,Bronx,005,5600,51000,,0223,,1450,TRACT 223   NEW YORK CITY BRONX,001,3,15,0,0,0,0,1,1,0,59,151,150,281,278,406,367,216,203,203,376,109,20,263,85,92,92,62,45,27,19,0,4,0,0,0
G36000500224,1960,New York,36,Bronx,005,5600,51000,,0224,,1450,TRACT 224   NEW YORK CITY BRONX,001,3,15,0,0,0,0,1,1,0,100,194,182,228,329,496,420,323,271,223,515,140,48,330,121,41,73,44,20,40,4,4,8,4,0,0
G36000500225,1960,New York,36,Bronx,005,5600,51000,,0225,,1450,TRACT 225   NEW YORK CITY BRONX,001,3,15,0,0,0,0,1,1,0,52,130,150,216,266,297,233,261,185,120,328,66,11,208,163,81,70,61,23,27,18,4,0,0,4,0
G360005002270,1960,New York,36,Bronx,005,5600,51000,,0227,0,1450,TRACT 227-0 NEW YORK CITY BRONX,001,3,15,0,0,0,0,1,1,0,73,63,127,79,156,222,180,97,123,96,230,98,26,163,104,67,80,43,45,42,8,0,0,4,4,0
G360005002271,1960,New York,36,Bronx,005,5600,51000,,0227,1,1450,TRACT 227-1 NEW YORK CITY BRONX,001,3,15,0,0,0,0,1,1,0,12,36,59,58,118,95,103,113,66,48,105,40,4,88,25,18,21,25,26,4,4,4,0,0,0,0
G36000500228,1960,New York,36,Bronx,005,5600,51000,,0228,,1450,TRACT 228   NEW YORK CITY BRONX,001,3,15,0,0,0,0,1,1,0,34,102,96,133,107,226,135,190,140,88,254,62,23,119,27,40,48,12,15,9,0,0,0,0,0,0
G360005002290,1960,New York,36,Bronx,005,5600,51000,,0229,0,1450,TRACT 229-0 NEW YORK CITY BRONX,001,3,15,0,0,0,0,1,1,0,37,31,91,96,147,200,149,100,102,51,153,25,3,132,52,50,48,28,32,16,8,4,4,4,0,0
G360005002291,1960,New York,36,Bronx,005,5600,51000,,0229,1,1450,TRACT 229-1 NEW YORK CITY BRONX,001,3,15,0,0,0,0,1,1,0,60,64,91,114,168,159,112,93,80,100,113,38,6,92,44,69,23,27,8,0,4,0,4,4,0,0
G36000500230,1960,New York,36,Bronx,005,5600,51000,,0230,,1450,TRACT 230   NEW YORK CITY BRONX,001,3,15,0,0,0,0,1,1,0,21,28,50,71,84,109,101,92,47,46,37,14,0,69,24,21,21,10,8,0,0,0,0,0,0,0
G36000500231,1960,New York,36,Bronx,005,5600,51000,,0231,,1450,TRACT 231   NEW YORK CITY BRONX,001,3,15,0,0,0,0,1,1,0,27,23,26,47,75,108,57,54,41,47,45,8,0,102,40,45,35,23,8,4,4,4,0,0,0,0
G36000500232,1960,New York,36,Bronx,005,5600,51000,,0232,,1450,TRACT 232   NEW YORK CITY BRONX,001,3,15,0,0,0,0,1,1,0,13,29,33,42,81,67,73,58,81,51,65,32,4,38,36,30,9,7,11,0,0,0,0,0,0,0
G36000500233,1960,New York,36,Bronx,005,5600,51000,,0233,,1450,TRACT 233   NEW YORK CITY BRONX,001,3,15,0,0,0,0,1,1,0,103,142,157,158,229,325,256,178,200,132,285,102,28,288,151,141,138,88,71,26,15,4,17,8,0,0
G36000500234,1960,New York,36,Bronx,005,5600,51000,,0234,,1450,TRACT 234   NEW YORK CITY BRONX,001,3,15,0,0,0,0,1,1,0,22,38,16,43,32,108,90,54,35,33,104,5,0,28,25,13,4,4,7,0,0,0,0,0,0,0
G36000500235,1960,New York,36,Bronx,005,5600,51000,,0235,,1450,TRACT 235   NEW YORK CITY BRONX,001,3,15,0,0,0,0,1,1,0,59,70,93,205,184,292,219,178,147,177,221,58,19,148,95,59,89,55,33,17,8,16,0,12,0,0
G36000500236,1960,New York,36,Bronx,005,5600,51000,,0236,,1450,TRACT 236   NEW YORK CITY BRONX,001,3,15,0,0,0,0,1,1,0,9,12,41,51,55,71,46,46,43,22,71,3,0,35,18,10,3,0,5,0,0,0,0,0,0,0
G36000500237,1960,New York,36,Bronx,005,5600,51000,,0237,,1450,TRACT 237   NEW YORK CITY BRONX,001,3,15,0,0,0,0,1,1,0,73,127,112,233,274,302,382,240,201,168,330,76,8,308,195,119,108,126,76,49,20,16,8,9,0,0
G36000500239,1960,New York,36,Bronx,005,5600,51000,,0239,,1450,TRACT 239   NEW YORK CITY BRONX,001,3,15,0,0,0,0,1,1,0,32,77,96,187,305,386,278,255,205,176,261,53,0,183,219,103,73,95,102,33,15,0,4,0,0,0
G36000500240,1960,New York,36,Bronx,005,5600,51000,,0240,,1450,TRACT 240   NEW YORK CITY BRONX,001,3,15,0,0,0,0,1,1,0,27,31,80,108,112,131,153,92,72,52,85,12,0,32,35,18,9,9,24,4,0,0,0,4,0,0
G36000500241,1960,New York,36,Bronx,005,5600,51000,,0241,,1450,TRACT 241   NEW YORK CITY BRONX,001,3,15,0,0,0,0,0,1,0,138,140,124,280,193,285,217,173,143,131,193,52,8,273,141,82,125,49,28,24,12,4,0,12,0,0
G36000500242,1960,New York,36,Bronx,005,5600,51000,,0242,,1450,TRACT 242   NEW YORK CITY BRONX,001,3,15,0,0,1,0,1,1,0,0,0,0,4,0,8,12,0,0,0,0,0,0,0,0,0,0,0,0,0,0,0,0,0,0,0
G36000500243,1960,New York,36,Bronx,005,5600,51000,,0243,,1450,TRACT 243   NEW YORK CITY BRONX,001,3,15,0,0,0,0,1,1,0,75,116,96,166,212,201,173,137,120,117,175,63,17,214,103,85,84,84,27,15,0,4,0,0,0,0
G36000500244,1960,New York,36,Bronx,005,5600,51000,,0244,,1450,TRACT 244   NEW YORK CITY BRONX,001,3,15,0,0,0,0,1,1,0,3,8,37,61,40,77,60,52,52,59,114,29,0,11,17,7,4,17,8,0,0,0,0,0,0,0
G36000500245,1960,New York,36,Bronx,005,5600,51000,,0245,,1450,TRACT 245   NEW YORK CITY BRONX,001,3,15,0,0,0,0,1,1,0,42,108,139,231,282,272,293,266,241,157,344,118,31,162,91,64,40,34,12,20,16,4,0,0,4,4
G36000500246,1960,New York,36,Bronx,005,5600,51000,,0246,,1450,TRACT 246   NEW YORK CITY BRONX,001,3,15,0,0,0,0,1,1,0,7,9,25,28,69,102,65,53,87,36,93,46,4,28,13,4,8,4,0,0,0,0,0,0,0,0
G36000500247,1960,New York,36,Bronx,005,5600,51000,,0247,,1450,TRACT 247   NEW YORK CITY BRONX,001,3,15,0,0,0,0,1,1,0,4,5,9,27,27,28,69,33,50,12,58,22,0,12,4,0,8,16,15,4,0,0,0,4,0,0
G36000500248,1960,New York,36,Bronx,005,5600,51000,,0248,,1450,TRACT 248   NEW YORK CITY BRONX,001,3,15,0,0,0,0,1,1,0,20,8,23,32,80,76,116,103,54,73,205,92,0,16,20,12,16,16,21,8,4,4,0,0,0,0
G36000500249,1960,New York,36,Bronx,005,5600,51000,,0249,,1450,TRACT 249   NEW YORK CITY BRONX,001,3,15,0,1,1,1,1,1,0,0,0,0,0,0,0,0,0,0,0,0,0,0,296,47,8,12,0,4,0,4,0,0,0,0,0
G36000500250,1960,New York,36,Bronx,005,5600,51000,,0250,,1450,TRACT 250   NEW YORK CITY BRONX,001,3,15,0,0,0,0,1,1,0,24,21,13,26,42,88,191,74,57,71,110,36,0,31,24,24,12,11,4,4,4,3,0,7,0,0
G36000500251,1960,New York,36,Bronx,005,5600,51000,,0251,,1450,TRACT 251   NEW YORK CITY BRONX,001,3,15,0,0,0,0,1,1,0,116,156,243,277,330,417,411,246,200,164,278,85,4,215,162,117,97,65,71,12,4,12,4,8,0,0
G36000500252,1960,New York,36,Bronx,005,5600,51000,,0252,,1450,TRACT 252   NEW YORK CITY BRONX,001,3,15,0,0,0,0,1,1,0,4,18,41,45,82,87,100,72,82,71,168,42,0,56,9,0,4,0,4,4,4,0,0,0,0,0
G36000500253,1960,New York,36,Bronx,005,5600,51000,,0253,,1450,TRACT 253   NEW YORK CITY BRONX,001,3,15,0,0,0,0,1,1,0,20,55,70,117,151,198,232,175,127,71,251,43,7,124,122,94,93,79,69,26,28,9,0,0,0,0
G36000500254,1960,New York,36,Bronx,005,5600,51000,,0254,,1450,TRACT 254   NEW YORK CITY BRONX,001,3,15,0,0,0,0,1,1,0,12,30,17,42,62,108,66,72,63,30,74,29,0,50,21,4,21,0,7,0,0,4,0,0,0,0
G36000500255,1960,New York,36,Bronx,005,5600,51000,,0255,,1450,TRACT 255   NEW YORK CITY BRONX,001,3,15,0,0,0,0,1,1,0,20,36,63,75,123,275,133,173,98,127,281,68,21,364,160,58,134,90,69,42,17,17,8,5,0,0
G36000500256,1960,New York,36,Bronx,005,5600,51000,,0256,,1450,TRACT 256   NEW YORK CITY BRONX,001,3,15,0,0,0,0,1,1,0,16,18,8,43,52,53,59,72,33,21,67,36,0,34,8,8,20,8,4,4,0,4,0,0,4,0
G36000500257,1960,New York,36,Bronx,005,5600,51000,,0257,,1450,TRACT 257   NEW YORK CITY BRONX,001,3,15,0,0,0,0,1,1,0,8,8,27,22,37,74,64,57,39,29,119,31,0,49,21,35,37,16,8,12,4,0,0,0,0,0
G36000500258,1960,New York,36,Bronx,005,5600,51000,,0258,,1450,TRACT 258   NEW YORK CITY BRONX,001,3,15,0,0,0,0,1,1,0,8,5,0,4,3,23,24,19,11,10,61,0,0,10,8,4,6,3,0,0,0,0,0,0,0,0
G36000500261,1960,New York,36,Bronx,005,5600,51000,,0261,,1450,TRACT 261   NEW YORK CITY BRONX,001,3,15,0,0,0,0,1,1,0,19,17,20,33,48,41,60,53,92,97,278,108,28,69,38,0,33,18,47,26,38,21,8,20,12,0
G36000500262,1960,New York,36,Bronx,005,5600,51000,,0262,,1450,TRACT 262   NEW YORK CITY BRONX,001,3,15,1,1,1,1,1,1,0,0,0,0,0,0,0,0,0,0,0,0,0,0,0,0,0,0,0,0,0,0,0,0,0,0,0
G36000500263,1960,New York,36,Bronx,005,5600,51000,,0263,,1450,TRACT 263   NEW YORK CITY BRONX,001,3,15,0,0,0,0,1,1,0,35,112,111,103,146,203,235,114,98,57,162,64,0,106,127,62,50,40,28,19,9,0,0,0,0,0
G36000500264,1960,New York,36,Bronx,005,5600,51000,,0264,,1450,TRACT 264   NEW YORK CITY BRONX,001,3,15,0,0,0,0,1,1,0,28,65,40,111,135,208,200,138,126,99,329,69,0,77,35,9,22,32,4,4,0,0,0,5,0,0
G36000500265,1960,New York,36,Bronx,005,5600,51000,,0265,,1450,TRACT 265   NEW YORK CITY BRONX,001,3,15,0,0,0,0,1,1,0,40,61,75,94,152,214,196,181,122,65,265,82,17,136,88,55,106,30,27,12,7,13,4,0,0,0
G36000500266,1960,New York,36,Bronx,005,5600,51000,,0266,,1450,TRACT 266   NEW YORK CITY BRONX,001,3,15,0,0,0,0,1,1,0,87,48,64,126,237,267,298,276,190,174,406,105,16,130,85,47,35,38,19,8,0,8,7,3,0,0
G36000500267,1960,New York,36,Bronx,005,5600,51000,,0267,,1450,TRACT 267   NEW YORK CITY BRONX,001,3,15,0,0,0,0,1,1,0,55,75,140,164,223,440,375,419,314,184,552,174,21,159,91,58,97,59,37,19,4,0,21,7,4,0
G36000500269,1960,New York,36,Bronx,005,5600,51000,,0269,,1450,TRACT 269   NEW YORK CITY BRONX,001,3,15,0,0,0,0,1,1,0,3,22,34,33,66,111,108,76,91,55,139,34,16,27,54,24,16,13,30,6,12,7,4,0,0,0
G36000500271,1960,New York,36,Bronx,005,5600,51000,,0271,,1450,TRACT 271   NEW YORK CITY BRONX,001,3,15,0,0,1,0,0,1,0,6,0,27,32,56,117,106,43,28,13,12,0,0,8,8,4,4,0,0,0,0,0,0,0,0,0
G36000500273,1960,New York,36,Bronx,005,5600,51000,,0273,,1450,TRACT 273   NEW YORK CITY BRONX,001,3,15,0,0,0,0,1,1,0,24,55,86,87,139,155,162,134,147,92,238,47,0,63,64,47,70,28,28,8,8,0,8,0,0,0
G36000500274,1960,New York,36,Bronx,005,5600,51000,,0274,,1450,TRACT 274   NEW YORK CITY BRONX,001,3,15,0,0,0,0,1,1,0,44,28,28,130,163,224,202,188,205,166,342,99,17,145,19,15,17,31,11,9,4,0,0,0,0,0
G36000500276,1960,New York,36,Bronx,005,5600,51000,,0276,,1450,TRACT 276   NEW YORK CITY BRONX,001,3,15,1,1,1,1,1,1,0,0,0,0,0,0,0,0,0,0,0,0,0,0,0,0,0,0,0,0,0,0,0,0,0,0,0
G36000500277,1960,New York,36,Bronx,005,5600,51000,,0277,,1450,TRACT 277   NEW YORK CITY BRONX,001,3,15,0,0,0,0,1,1,0,27,28,49,136,144,209,230,186,115,91,177,60,0,100,58,44,52,16,24,12,0,12,0,4,0,0
G36000500279,1960,New York,36,Bronx,005,5600,51000,,0279,,1450,TRACT 279   NEW YORK CITY BRONX,001,3,15,0,0,0,0,1,1,0,32,64,107,86,125,294,245,173,98,129,244,70,0,89,84,32,39,30,16,31,0,7,3,8,0,0
G36000500281,1960,New York,36,Bronx,005,5600,51000,,0281,,1450,TRACT 281   NEW YORK CITY BRONX,001,3,15,0,0,0,0,1,1,0,27,60,88,67,121,134,209,158,128,65,189,106,20,192,60,23,20,20,29,12,0,4,0,0,0,0
G36000500283,1960,New York,36,Bronx,005,5600,51000,,0283,,1450,TRACT 283   NEW YORK CITY BRONX,001,3,15,0,0,1,0,1,1,0,8,0,16,12,39,29,27,32,23,25,59,20,0,11,11,4,20,27,2,0,0,0,0,4,0,0
G36000500284,1960,New York,36,Bronx,005,5600,51000,,0284,,1450,TRACT 284   NEW YORK CITY BRONX,001,3,15,0,0,1,0,1,1,0,0,0,0,0,3,8,0,4,0,0,0,0,0,125,0,0,4,5,0,0,0,0,0,0,0,0
G36000500285,1960,New York,36,Bronx,005,5600,51000,,0285,,1450,TRACT 285   NEW YORK CITY BRONX,001,3,15,0,0,0,0,1,1,0,21,9,23,40,52,43,51,77,52,38,80,23,0,30,24,15,11,17,16,7,8,4,0,0,0,0
G36000500286,1960,New York,36,Bronx,005,5600,51000,,0286,,1450,TRACT 286   NEW YORK CITY BRONX,001,3,15,0,0,0,0,1,1,0,3,20,13,42,52,68,90,33,34,27,33,13,4,140,47,8,14,9,4,4,0,0,0,0,0,0
G36000500287,1960,New York,36,Bronx,005,5600,51000,,0287,,1450,TRACT 287   NEW YORK CITY BRONX,001,3,15,0,0,0,0,1,1,0,0,28,20,69,61,109,118,87,84,55,164,43,3,28,19,33,35,36,9,8,0,0,0,4,0,0
G36000500288,1960,New York,36,Bronx,005,5600,51000,,0288,,1450,TRACT 288   NEW YORK CITY BRONX,001,3,15,0,0,0,0,1,1,0,11,19,9,25,57,127,92,76,53,56,218,98,25,20,12,5,20,4,12,0,3,8,0,0,0,0
G36000500289,1960,New York,36,Bronx,005,5600,51000,,0289,,1450,TRACT 289   NEW YORK CITY BRONX,001,3,15,0,0,0,0,1,1,0,4,44,55,72,151,190,139,116,141,51,168,16,0,102,84,32,25,23,33,18,4,0,0,0,0,0
G36000500291,1960,New York,36,Bronx,005,5600,51000,,0291,,1450,TRACT 291   NEW YORK CITY BRONX,001,3,15,0,0,1,0,1,1,0,0,0,4,12,45,31,31,7,8,4,9,7,0,0,0,4,0,5,0,0,0,0,0,0,0,0
G36000500293,1960,New York,36,Bronx,005,5600,51000,,0293,,1450,TRACT 293   NEW YORK CITY BRONX,001,3,15,0,0,0,0,1,1,0,45,37,8,53,45,84,117,118,91,79,321,258,85,29,25,51,8,44,19,32,25,19,4,12,0,12
G36000500294,1960,New York,36,Bronx,005,5600,51000,,0294,,1450,TRACT 294   NEW YORK CITY BRONX,001,3,15,1,1,1,1,1,1,0,0,0,0,0,0,0,0,0,0,0,0,0,0,0,0,0,0,0,0,0,0,0,0,0,0,0
G36000500295,1960,New York,36,Bronx,005,5600,51000,,0295,,1450,TRACT 295   NEW YORK CITY BRONX,001,3,15,0,0,0,0,1,1,0,19,8,17,20,81,78,92,109,106,127,270,173,62,48,7,30,36,22,16,12,0,14,7,4,4,7
G36000500296,1960,New York,36,Bronx,005,5600,51000,,0296,,1450,TRACT 296   NEW YORK CITY BRONX,001,3,15,0,0,0,0,1,1,0,4,8,14,8,24,42,41,36,52,27,77,18,4,25,33,36,8,13,10,4,17,4,0,0,0,0
G36000500297,1960,New York,36,Bronx,005,5600,51000,,0297,,1450,TRACT 297   NEW YORK CITY BRONX,001,3,15,0,0,0,0,1,1,0,25,17,34,28,58,86,91,68,94,79,422,298,207,63,54,45,18,8,19,12,5,8,4,12,4,0
G36000500299,1960,New York,36,Bronx,005,5600,51000,,0299,,1450,TRACT 299   NEW YORK CITY BRONX,001,3,15,0,0,0,0,1,1,0,4,5,4,9,10,6,4,14,15,0,42,44,24,0,0,10,0,0,0,0,0,0,0,4,9,0
G36000500300,1960,New York,36,Bronx,005,5600,51000,,0300,,1450,TRACT 300   NEW YORK CITY BRONX,001,3,15,0,0,0,0,1,1,0,15,46,81,83,153,237,249,173,128,110,227,58,8,81,47,21,45,22,24,15,12,0,8,4,0,0
G36000500301,1960,New York,36,Bronx,005,5600,51000,,0301,,1450,TRACT 301   NEW YORK CITY BRONX,001,3,15,0,0,0,0,1,1,0,4,8,4,0,8,22,14,17,33,8,68,72,33,50,30,21,17,20,4,12,0,0,0,9,7,0
G36000500302,1960,New York,36,Bronx,005,5600,51000,,0302,,1450,TRACT 302   NEW YORK CITY BRONX,001,3,15,0,0,0,0,1,1,0,3,0,0,0,4,12,4,4,0,0,26,0,0,6,0,0,0,0,0,0,0,0,0,0,0,0
G36000500304,1960,New York,36,Bronx,005,5600,51000,,0304,,1450,TRACT 304   NEW YORK CITY BRONX,001,3,15,0,0,0,1,1,1,0,0,0,0,0,4,0,0,0,0,0,13,0,0,0,0,4,0,0,0,0,0,0,0,0,0,0
G36000500306,1960,New York,36,Bronx,005,5600,51000,,0306,,1450,TRACT 306   NEW YORK CITY BRONX,001,3,15,0,0,0,1,1,1,0,0,0,0,0,4,0,0,3,0,0,8,0,8,5,0,0,0,0,0,0,0,0,0,0,0,0
G36000500307,1960,New York,36,Bronx,005,5600,51000,,0307,,1450,TRACT 307   NEW YORK CITY BRONX,001,3,15,0,0,0,0,1,1,0,16,4,13,19,38,24,45,61,76,77,324,383,299,23,32,20,16,8,15,4,0,8,4,14,0,12
G36000500308,1960,New York,36,Bronx,005,5600,51000,,0308,,1450,TRACT 308   NEW YORK CITY BRONX,001,3,15,0,0,0,0,1,1,0,8,0,0,5,8,8,12,8,0,8,54,26,8,0,4,0,0,0,0,0,0,0,0,0,0,0
G36000500310,1960,New York,36,Bronx,005,5600,51000,,0310,,1450,TRACT 310   NEW YORK CITY BRONX,001,3,15,0,0,0,0,1,1,0,9,8,4,23,27,50,28,50,51,22,70,65,22,0,7,3,0,0,0,0,0,5,0,0,0,0
G36000500311,1960,New York,36,Bronx,005,5600,51000,,0311,,1450,TRACT 311   NEW YORK CITY BRONX,001,3,15,0,0,0,1,1,1,0,0,0,0,0,4,0,0,0,4,0,0,0,0,0,4,0,0,0,0,0,0,0,0,0,0,0
G36000500312,1960,New York,36,Bronx,005,5600,51000,,0312,,1450,TRACT 312   NEW YORK CITY BRONX,001,3,15,0,0,0,0,1,1,0,16,13,25,32,51,95,55,32,29,16,78,44,8,16,8,0,8,8,0,0,0,0,0,4,0,0
G36000500313,1960,New York,36,Bronx,005,5600,51000,,0313,,1450,TRACT 313   NEW YORK CITY BRONX,001,3,15,0,0,0,1,1,1,0,4,0,3,0,0,0,0,4,0,0,0,0,10,5,5,4,0,0,0,0,0,0,0,0,0,0
G36000500314,1960,New York,36,Bronx,005,5600,51000,,0314,,1450,TRACT 314   NEW YORK CITY BRONX,001,3,15,0,0,0,0,1,1,0,11,12,16,4,29,63,81,35,67,20,111,42,17,23,9,4,21,0,4,3,0,0,0,0,0,0
G36000500315,1960,New York,36,Bronx,005,5600,51000,,0315,,1450,TRACT 315   NEW YORK CITY BRONX,001,3,15,0,0,0,1,1,1,0,0,0,0,0,0,0,0,0,0,0,8,4,12,5,0,0,0,5,0,0,0,0,0,0,0,0
G36000500316,1960,New York,36,Bronx,005,5600,51000,,0316,,1450,TRACT 316   NEW YORK CITY BRONX,001,3,15,0,0,0,0,1,1,0,4,0,31,36,43,68,69,68,67,40,56,48,8,4,9,0,4,8,4,3,0,0,3,0,0,0
G36000500317,1960,New York,36,Bronx,005,5600,51000,,0317,,1450,TRACT 317   NEW YORK CITY BRONX,001,3,15,0,0,0,1,1,1,0,0,3,0,0,0,7,0,0,0,0,0,0,7,0,4,12,0,0,0,0,4,0,0,0,0,4
G36000500318,1960,New York,36,Bronx,005,5600,51000,,0318,,1450,TRACT 318   NEW YORK CITY BRONX,001,3,15,0,0,0,0,1,1,0,7,18,17,19,13,48,47,79,41,38,85,46,0,0,3,0,3,8,3,0,0,4,0,0,0,0
G36000500319,1960,New York,36,Bronx,005,5600,51000,,0319,,1450,TRACT 319   NEW YORK CITY BRONX,001,3,15,0,1,1,1,1,1,0,0,0,0,0,0,0,0,0,1,0,0,0,0,464,11,13,0,0,0,0,0,0,0,0,0,4
G36000500320,1960,New York,36,Bronx,005,5600,51000,,0320,,1450,TRACT 320   NEW YORK CITY BRONX,001,3,15,0,0,0,0,1,1,0,14,13,8,15,18,66,52,103,56,28,145,36,12,0,14,0,0,0,3,3,4,0,0,0,0,0
G36000500321,1960,New York,36,Bronx,005,5600,51000,,0321,,1450,TRACT 321   NEW YORK CITY BRONX,001,3,15,0,0,0,0,1,1,0,0,3,10,19,40,48,39,43,60,41,144,45,22,43,5,10,14,15,18,24,4,0,3,0,0,0
G36000500322,1960,New York,36,Bronx,005,5600,51000,,0322,,1450,TRACT 322   NEW YORK CITY BRONX,001,3,15,0,0,0,0,1,1,0,8,8,12,7,55,48,45,27,10,24,38,13,21,27,3,0,0,4,0,8,0,0,0,0,0,0
G36000500323,1960,New York,36,Bronx,005,5600,51000,,0323,,1450,TRACT 323   NEW YORK CITY BRONX,001,3,15,0,0,0,0,1,1,0,8,16,7,18,37,76,69,43,82,36,173,97,76,20,16,15,13,13,12,16,17,0,4,13,0,0
G36000500324,1960,New York,36,Bronx,005,5600,51000,,0324,,1450,TRACT 324   NEW YORK CITY BRONX,001,3,15,0,0,0,0,1,1,0,8,33,70,72,187,227,179,121,74,56,64,20,0,40,56,22,25,3,4,0,4,0,4,0,0,0
G36000500326,1960,New York,36,Bronx,005,5600,51000,,0326,,1450,TRACT 326   NEW YORK CITY BRONX,001,3,15,1,1,1,1,1,1,0,0,0,0,0,0,0,0,0,0,0,0,0,0,0,0,0,0,0,0,0,0,0,0,0,0,0
G36000500328,1960,New York,36,Bronx,005,5600,51000,,0328,,1450,TRACT 328   NEW YORK CITY BRONX,001,3,15,0,0,0,0,1,1,0,23,35,53,67,147,196,211,126,54,53,100,28,5,48,19,0,12,14,4,4,0,0,0,0,0,0
G36000500329,1960,New York,36,Bronx,005,5600,51000,,0329,,1450,TRACT 329   NEW YORK CITY BRONX,001,3,15,0,0,0,0,1,1,0,0,4,12,23,18,53,19,85,38,80,118,48,22,16,6,12,12,12,4,8,7,0,0,0,0,0
G36000500330,1960,New York,36,Bronx,005,5600,51000,,0330,,1450,TRACT 330   NEW YORK CITY BRONX,001,3,15,0,0,0,0,1,1,0,31,55,79,80,166,150,122,143,101,107,156,67,4,91,91,27,20,19,12,7,4,0,0,0,4,0
G36000500332,1960,New York,36,Bronx,005,5600,51000,,0332,,1450,TRACT 332   NEW YORK CITY BRONX,001,3,15,0,0,0,0,1,1,0,41,77,120,105,142,210,287,220,132,71,267,87,19,101,55,25,21,17,24,4,9,8,0,8,0,0
G36000500333,1960,New York,36,Bronx,005,5600,51000,,0333,,1450,TRACT 333   NEW YORK CITY BRONX,001,3,15,0,0,0,1,1,1,0,4,4,4,9,4,0,0,0,8,0,8,31,52,7,50,27,10,9,12,9,0,9,0,5,0,0
G36000500334,1960,New York,36,Bronx,005,5600,51000,,0334,,1450,TRACT 334   NEW YORK CITY BRONX,001,3,15,1,1,1,1,1,1,0,0,0,0,0,0,0,0,0,0,0,0,0,0,0,0,0,0,0,0,0,0,0,0,0,0,0
G36000500336,1960,New York,36,Bronx,005,5600,51000,,0336,,1450,TRACT 336   NEW YORK CITY BRONX,001,3,15,0,0,0,0,0,1,0,16,45,101,194,276,405,246,199,91,70,111,18,0,132,137,74,32,15,11,4,0,0,0,4,0,0
G36000500338,1960,New York,36,Bronx,005,5600,51000,,0338,,1450,TRACT 338   NEW YORK CITY BRONX,001,3,15,0,0,0,0,1,1,0,8,50,60,83,127,171,84,125,76,63,162,20,0,95,48,41,32,16,8,4,4,0,0,0,0,0
G36000500339,1960,New York,36,Bronx,005,5600,51000,,0339,,1450,TRACT 339   NEW YORK CITY BRONX,001,3,15,0,0,0,0,1,1,0,0,3,5,8,14,32,30,25,49,25,54,31,4,10,6,0,8,5,0,0,3,0,0,0,0,4
G36000500340,1960,New York,36,Bronx,005,5600,51000,,0340,,1450,TRACT 340   NEW YORK CITY BRONX,001,3,15,0,0,0,0,1,1,0,33,42,84,80,203,225,146,166,69,97,183,19,4,79,56,12,26,24,16,0,5,0,4,0,0,7
G36000500341,1960,New York,36,Bronx,005,5600,51000,,0341,,1450,TRACT 341   NEW YORK CITY BRONX,001,3,15,0,0,0,0,1,1,0,4,0,8,13,21,35,28,16,36,43,80,45,16,7,12,8,8,11,0,0,0,3,0,0,0,0
G36000500342,1960,New York,36,Bronx,005,5600,51000,,0342,,1450,TRACT 342   NEW YORK CITY BRONX,001,3,15,0,0,0,0,1,1,0,4,6,0,43,53,52,65,48,44,24,51,5,0,16,14,0,8,3,9,0,0,0,0,0,0,0
G36000500343,1960,New York,36,Bronx,005,5600,51000,,0343,,1450,TRACT 343   NEW YORK CITY BRONX,001,3,15,0,0,0,0,1,1,0,21,4,10,15,34,23,68,42,30,24,60,24,8,34,18,3,4,4,11,10,9,0,0,4,0,0
G36000500344,1960,New York,36,Bronx,005,5600,51000,,0344,,1450,TRACT 344   NEW YORK CITY BRONX,001,3,15,0,0,0,0,1,1,0,15,8,11,24,25,49,69,51,38,36,96,8,0,4,7,0,4,4,0,0,0,0,0,0,0,0
G36000500345,1960,New York,36,Bronx,005,5600,51000,,0345,,1450,TRACT 345   NEW YORK CITY BRONX,001,3,15,0,0,0,0,1,1,0,12,4,8,12,19,22,24,15,27,22,83,12,0,4,12,8,0,0,0,4,0,0,0,0,0,0
G36000500346,1960,New York,36,Bronx,005,5600,51000,,0346,,1450,TRACT 346   NEW YORK CITY BRONX,001,3,15,0,0,0,0,0,1,0,20,35,44,33,167,280,282,185,157,59,184,34,8,15,12,0,0,4,0,4,0,0,0,0,0,0
G36000500347,1960,New York,36,Bronx,005,5600,51000,,0347,,1450,TRACT 347   NEW YORK CITY BRONX,001,3,15,0,0,0,0,1,1,0,4,0,0,4,12,11,8,39,5,10,37,33,0,12,0,5,5,0,0,10,0,5,0,4,0,0
G36000500350,1960,New York,36,Bronx,005,5600,51000,,0350,,1450,TRACT 350   NEW YORK CITY BRONX,001,3,15,0,0,0,0,1,1,0,4,6,8,15,53,89,56,63,38,37,73,25,4,7,8,12,0,0,0,0,9,0,0,0,0,0
G36000500351,1960,New York,36,Bronx,005,5600,51000,,0351,,1450,TRACT 351   NEW YORK CITY BRONX,001,3,15,0,0,0,0,1,1,0,4,7,22,13,30,25,43,37,21,29,60,16,42,97,22,22,23,9,14,4,0,4,0,12,0,0
G36000500352,1960,New York,36,Bronx,005,5600,51000,,0352,,1450,TRACT 352   NEW YORK CITY BRONX,001,3,15,0,0,0,0,1,1,0,16,31,8,45,73,67,87,68,48,30,65,25,4,4,5,11,8,3,0,5,0,0,0,0,0,0
G36000500354,1960,New York,36,Bronx,005,5600,51000,,0354,,1450,TRACT 354   NEW YORK CITY BRONX,001,3,15,0,0,0,0,1,1,0,6,8,4,4,9,29,16,35,35,22,37,4,0,15,0,0,0,0,0,0,0,0,0,0,0,0
G36000500355,1960,New York,36,Bronx,005,5600,51000,,0355,,1450,TRACT 355   NEW YORK CITY BRONX,001,3,15,0,0,0,1,1,1,0,0,0,0,0,4,0,0,0,0,0,4,21,16,14,4,27,0,4,0,4,0,0,0,0,0,0
G36000500356,1960,New York,36,Bronx,005,5600,51000,,0356,,1450,TRACT 356   NEW YORK CITY BRONX,001,3,15,0,0,0,0,1,1,0,4,13,25,27,39,55,38,25,27,45,28,4,0,15,9,5,0,0,0,0,0,0,0,0,0,0
G36000500357,1960,New York,36,Bronx,005,5600,51000,,0357,,1450,TRACT 357   NEW YORK CITY BRONX,001,3,15,0,0,0,0,1,1,0,0,4,8,19,4,36,48,42,20,12,47,29,11,322,96,19,13,43,12,6,4,0,0,0,5,0
G36000500358,1960,New York,36,Bronx,005,5600,51000,,0358,,1450,TRACT 358   NEW YORK CITY BRONX,001,3,15,0,0,0,0,1,1,0,17,28,8,30,26,82,65,60,61,29,65,30,0,20,0,0,10,0,0,0,0,0,0,0,0,0
G36000500359,1960,New York,36,Bronx,005,5600,51000,,0359,,1450,TRACT 359   NEW YORK CITY BRONX,001,3,15,0,0,0,0,1,1,0,31,39,71,80,114,153,64,60,39,24,28,10,0,81,37,25,4,17,8,16,10,0,0,0,0,0
G36000500360,1960,New York,36,Bronx,005,5600,51000,,0360,,1450,TRACT 360   NEW YORK CITY BRONX,001,3,15,0,0,0,0,1,1,0,0,4,8,8,12,27,32,40,15,3,28,4,0,7,8,3,4,3,0,0,0,0,0,4,0,0
G36000500361,1960,New York,36,Bronx,005,5600,51000,,0361,,1450,TRACT 361   NEW YORK CITY BRONX,001,3,15,0,0,0,0,1,0,0,109,119,188,239,260,287,230,140,73,61,80,12,0,162,70,50,37,40,24,12,4,0,0,0,0,0
G36000500362,1960,New York,36,Bronx,005,5600,51000,,0362,,1450,TRACT 362   NEW YORK CITY BRONX,001,3,15,0,0,0,0,1,1,0,15,26,11,24,24,67,75,52,62,40,72,32,0,10,6,5,4,0,8,0,0,4,0,5,0,0
G36000500363,1960,New York,36,Bronx,005,5600,51000,,0363,,1450,TRACT 363   NEW YORK CITY BRONX,001,3,15,0,0,0,0,0,0,0,154,227,247,393,433,499,357,165,252,90,223,12,0,338,171,146,72,52,39,19,15,4,4,0,5,0
G36000500364,1960,New York,36,Bronx,005,5600,51000,,0364,,1450,TRACT 364   NEW YORK CITY BRONX,001,3,15,0,0,0,0,0,1,0,25,24,24,36,73,121,88,40,68,90,113,36,8,37,12,25,7,12,8,4,0,0,0,0,0,0
G36000500365,1960,New York,36,Bronx,005,5600,51000,,0365,,1450,TRACT 365   NEW YORK CITY BRONX,001,3,15,0,0,0,0,0,0,0,82,157,216,294,351,321,295,171,115,132,126,12,4,228,124,128,69,39,22,8,11,4,0,4,0,0
G36000500366,1960,New York,36,Bronx,005,5600,51000,,0366,,1450,TRACT 366   NEW YORK CITY BRONX,001,3,15,0,0,0,0,1,1,0,5,0,2,14,0,20,17,15,11,9,33,10,0,3,5,0,3,5,0,0,0,0,0,0,0,0
G36000500367,1960,New York,36,Bronx,005,5600,51000,,0367,,1450,TRACT 367   NEW YORK CITY BRONX,001,3,15,0,0,0,0,1,1,0,40,79,96,139,198,196,189,140,99,103,158,18,14,132,97,59,50,38,15,16,11,0,0,0,0,0
G36000500368,1960,New York,36,Bronx,005,5600,51000,,0368,,1450,TRACT 368   NEW YORK CITY BRONX,001,3,15,0,0,0,0,1,1,0,17,15,10,24,47,53,54,34,40,29,59,12,0,4,7,0,0,5,0,0,0,0,0,0,0,0
G360005003690,1960,New York,36,Bronx,005,5600,51000,,0369,0,1450,TRACT 369-0 NEW YORK CITY BRONX,001,3,15,0,0,0,0,1,1,0,38,59,91,133,131,141,163,62,58,62,96,12,0,126,49,35,37,4,11,12,0,4,0,0,0,0
G360005003691,1960,New York,36,Bronx,005,5600,51000,,0369,1,1450,TRACT 369-1 NEW YORK CITY BRONX,001,3,15,0,0,0,0,1,0,0,22,57,55,86,88,121,83,25,34,8,43,5,20,41,0,44,7,11,0,4,4,0,0,0,0,0
G36000500370,1960,New York,36,Bronx,005,5600,51000,,0370,,1450,TRACT 370   NEW YORK CITY BRONX,001,3,15,0,0,0,0,1,1,0,19,4,25,45,71,67,55,73,86,55,90,12,6,8,12,14,4,4,0,0,0,0,0,0,0,0
G36000500371,1960,New York,36,Bronx,005,5600,51000,,0371,,1450,TRACT 371   NEW YORK CITY BRONX,001,3,15,0,0,0,0,0,0,0,98,196,274,241,443,396,312,210,89,80,137,30,0,199,144,78,96,64,8,0,0,0,0,0,0,0
G36000500372,1960,New York,36,Bronx,005,5600,51000,,0372,,1450,TRACT 372   NEW YORK CITY BRONX,001,3,15,0,0,0,0,1,1,0,16,16,23,18,42,73,69,35,35,32,34,12,3,42,15,4,4,4,0,0,0,4,0,0,0,0
G36000500373,1960,New York,36,Bronx,005,5600,51000,,0373,,1450,TRACT 373   NEW YORK CITY BRONX,001,3,15,0,0,0,0,0,1,0,77,106,155,194,247,302,325,231,125,84,265,65,7,135,104,50,41,23,7,11,0,8,4,0,0,0
G36000500374,1960,New York,36,Bronx,005,5600,51000,,0374,,1450,TRACT 374   NEW YORK CITY BRONX,001,3,15,0,0,0,0,0,1,0,12,59,83,92,204,211,187,93,74,41,71,4,0,35,44,13,17,0,4,3,5,0,0,4,0,0
G360005003750,1960,New York,36,Bronx,005,5600,51000,,0375,0,1450,TRACT 375-0 NEW YORK CITY BRONX,001,3,15,0,0,0,0,1,0,0,72,85,184,153,181,288,171,78,86,68,35,16,0,200,73,56,48,16,8,0,0,0,0,0,0,0
G360005003751,1960,New York,36,Bronx,005,5600,51000,,0375,1,1450,TRACT 375-1 NEW YORK CITY BRONX,001,3,15,0,0,0,0,1,1,0,7,36,89,53,127,44,78,72,80,32,116,12,0,77,110,98,13,12,12,0,4,0,0,0,0,0
G36000500376,1960,New York,36,Bronx,005,5600,51000,,0376,,1450,TRACT 376   NEW YORK CITY BRONX,001,3,15,0,0,0,0,1,1,0,0,23,28,17,55,72,40,58,19,29,102,16,0,30,14,8,10,13,9,0,9,0,0,0,0,0
G36000500377,1960,New York,36,Bronx,005,5600,51000,,0377,,1450,TRACT 377   NEW YORK CITY BRONX,001,3,15,0,0,0,0,0,0,0,78,91,173,210,270,248,242,185,137,97,159,11,0,208,80,110,54,34,30,16,10,0,0,7,0,0
G36000500378,1960,New York,36,Bronx,005,5600,51000,,0378,,1450,TRACT 378   NEW YORK CITY BRONX,001,3,15,0,0,0,0,1,1,0,0,35,50,38,46,89,103,62,43,52,95,7,0,16,26,12,0,7,8,0,5,4,0,0,0,0
G36000500379,1960,New York,36,Bronx,005,5600,51000,,0379,,1450,TRACT 379   NEW YORK CITY BRONX,001,3,15,0,0,0,0,0,0,0,39,48,73,163,196,259,166,157,108,82,167,24,0,201,89,108,20,57,32,11,27,0,22,0,0,0
G36000500380,1960,New York,36,Bronx,005,5600,51000,,0380,,1450,TRACT 380   NEW YORK CITY BRONX,001,3,15,0,0,0,0,1,1,0,37,15,55,75,124,128,93,55,46,13,42,0,0,34,28,15,19,19,5,0,0,0,0,0,0,0
G36000500381,1960,New York,36,Bronx,005,5600,51000,,0381,,1450,TRACT 381   NEW YORK CITY BRONX,001,3,15,0,0,0,0,1,1,0,45,46,85,110,166,200,218,174,203,101,276,93,25,130,116,80,77,57,35,13,4,4,4,14,0,0
G36000500382,1960,New York,36,Bronx,005,5600,51000,,0382,,1450,TRACT 382   NEW YORK CITY BRONX,001,3,15,0,0,0,0,0,1,0,16,11,19,45,69,67,71,64,48,49,99,29,8,33,12,5,5,0,0,9,0,4,0,0,0,0
G36000500383,1960,New York,36,Bronx,005,5600,51000,,0383,,1450,TRACT 383   NEW YORK CITY BRONX,001,3,15,0,0,0,0,1,0,0,71,135,193,250,348,414,331,240,183,139,280,66,11,244,155,166,150,100,44,4,7,4,0,0,0,0
G36000500385,1960,New York,36,Bronx,005,5600,51000,,0385,,1450,TRACT 385   NEW YORK CITY BRONX,001,3,15,0,0,0,0,1,0,0,92,116,144,214,211,326,216,156,163,98,149,47,0,137,68,35,51,36,3,8,4,0,0,0,0,0
G36000500386,1960,New York,36,Bronx,005,5600,51000,,0386,,1450,TRACT 386   NEW YORK CITY BRONX,001,3,15,0,0,0,0,0,1,0,49,59,71,162,213,371,231,150,176,112,199,24,0,132,49,47,36,42,21,12,0,5,0,0,0,0
G36000500387,1960,New York,36,Bronx,005,5600,51000,,0387,,1450,TRACT 387   NEW YORK CITY BRONX,001,3,15,0,0,0,0,1,1,0,39,120,131,143,146,195,146,81,79,28,104,21,0,126,63,67,50,32,5,4,0,4,0,0,0,0
G36000500388,1960,New York,36,Bronx,005,5600,51000,,0388,,1450,TRACT 388   NEW YORK CITY BRONX,001,3,15,0,0,0,0,0,1,0,7,20,31,43,79,92,59,35,47,37,55,14,0,6,16,13,12,17,11,4,0,0,0,0,0,0
G36000500389,1960,New York,36,Bronx,005,5600,51000,,0389,,1450,TRACT 389   NEW YORK CITY BRONX,001,3,15,0,0,0,0,1,1,0,73,135,90,203,179,271,165,114,103,54,151,29,9,182,51,42,12,17,16,8,0,4,0,0,0,0
G36000500390,1960,New York,36,Bronx,005,5600,51000,,0390,,1450,TRACT 390   NEW YORK CITY BRONX,001,3,15,0,0,0,0,0,1,0,16,35,24,55,73,94,56,57,50,55,73,9,0,55,17,14,38,14,13,0,5,4,0,0,0,0
G36000500391,1960,New York,36,Bronx,005,5600,51000,,0391,,1450,TRACT 391   NEW YORK CITY BRONX,001,3,15,0,0,0,0,1,1,0,102,168,175,193,289,266,168,206,93,101,163,53,3,195,97,45,31,28,24,12,0,0,0,0,0,0
G36000500392,1960,New York,36,Bronx,005,5600,51000,,0392,,1450,TRACT 392   NEW YORK CITY BRONX,001,3,15,0,0,0,0,1,1,0,16,34,11,49,52,78,36,44,36,26,50,7,3,30,12,0,17,11,7,8,0,0,0,0,0,0
G36000500393,1960,New York,36,Bronx,005,5600,51000,,0393,,1450,TRACT 393   NEW YORK CITY BRONX,001,3,15,0,0,0,0,1,1,0,81,88,159,192,312,319,274,178,89,69,149,20,8,120,65,36,41,40,4,21,0,0,0,0,0,0
G36000500394,1960,New York,36,Bronx,005,5600,51000,,0394,,1450,TRACT 394   NEW YORK CITY BRONX,001,3,15,0,0,0,0,1,1,0,43,25,29,95,95,193,181,146,150,74,190,24,0,65,38,28,31,21,40,0,4,0,0,0,4,0
G36000500395,1960,New York,36,Bronx,005,5600,51000,,0395,,1450,TRACT 395   NEW YORK CITY BRONX,001,3,15,0,1,1,1,1,1,0,0,0,0,0,0,0,0,0,0,0,4,0,0,0,0,0,0,0,0,0,0,0,0,0,0,0
G36000500396,1960,New York,36,Bronx,005,5600,51000,,0396,,1450,TRACT 396   NEW YORK CITY BRONX,001,3,15,0,0,0,0,0,1,0,15,35,38,72,116,138,95,62,39,51,115,9,4,56,32,36,26,37,0,0,4,0,0,0,0,0
G36000500397,1960,New York,36,Bronx,005,5600,51000,,0397,,1450,TRACT 397   NEW YORK CITY BRONX,001,3,15,0,0,0,0,1,1,0,32,16,16,20,41,49,48,39,22,32,51,4,0,556,248,52,67,32,14,13,0,4,8,4,0,0
G36000500398,1960,New York,36,Bronx,005,5600,51000,,0398,,1450,TRACT 398   NEW YORK CITY BRONX,001,3,15,0,0,0,0,0,1,0,37,32,36,55,113,103,49,90,91,60,84,18,0,32,24,25,42,24,4,4,4,0,0,0,0,0
G36000500399,1960,New York,36,Bronx,005,5600,51000,,0399,,1450,TRACT 399   NEW YORK CITY BRONX,001,3,15,0,0,0,0,1,1,0,76,124,147,194,327,409,338,222,271,136,283,82,4,273,134,143,156,95,80,23,18,8,8,9,6,0
G36000500401,1960,New York,36,Bronx,005,5600,51000,,0401,,1450,TRACT 401   NEW YORK CITY BRONX,001,3,15,0,0,0,0,1,1,0,24,40,96,101,117,226,87,95,106,57,232,73,28,166,86,57,101,70,57,13,16,20,0,0,0,4
G36000500403,1960,New York,36,Bronx,005,5600,51000,,0403,,1450,TRACT 403   NEW YORK CITY BRONX,001,3,15,0,0,0,0,1,1,0,77,167,180,283,282,445,337,372,370,219,470,143,28,296,183,98,137,102,82,46,21,19,0,4,0,5
G36000500404,1960,New York,36,Bronx,005,5600,51000,,0404,,1450,TRACT 404   NEW YORK CITY BRONX,001,3,15,0,0,0,0,0,1,0,42,17,19,70,70,121,89,47,33,37,111,28,0,34,32,12,16,10,3,7,0,0,0,0,0,0
G36000500405,1960,New York,36,Bronx,005,5600,51000,,0405,,1450,TRACT 405   NEW YORK CITY BRONX,001,3,15,0,0,0,0,1,1,0,57,89,147,259,280,456,336,285,219,191,408,129,12,196,188,74,118,107,56,29,23,16,7,4,0,0
G36000500406,1960,New York,36,Bronx,005,5600,51000,,0406,,1450,TRACT 406   NEW YORK CITY BRONX,001,3,15,0,0,0,0,0,1,0,16,23,72,78,116,146,103,65,78,76,102,25,0,25,41,21,16,16,3,6,4,0,0,0,0,0
G36000500407,1960,New York,36,Bronx,005,5600,51000,,0407,,1450,TRACT 407   NEW YORK CITY BRONX,001,3,15,0,0,0,0,1,1,0,66,77,143,200,228,380,330,231,226,141,355,86,12,388,207,138,134,120,90,36,36,13,4,4,8,0
G36000500408,1960,New York,36,Bronx,005,5600,51000,,0408,,1450,TRACT 408   NEW YORK CITY BRONX,001,3,15,0,0,0,0,1,1,0,20,40,51,82,128,173,153,92,83,49,167,38,0,55,35,11,13,8,8,12,4,0,0,4,0,0
G36000500409,1960,New York,36,Bronx,005,5600,51000,,0409,,1450,TRACT 409   NEW YORK CITY BRONX,001,3,15,0,1,1,1,1,1,0,0,0,0,0,0,4,0,0,0,0,0,0,0,0,0,0,0,0,0,0,0,0,0,0,0,0
G36000500410,1960,New York,36,Bronx,005,5600,51000,,0410,,1450,TRACT 410   NEW YORK CITY BRONX,001,3,15,0,0,1,1,1,1,0,0,0,0,0,4,0,0,0,0,0,4,0,0,0,0,0,0,0,0,0,0,0,0,0,0,0
G36000500411,1960,New York,36,Bronx,005,5600,51000,,0411,,1450,TRACT 411   NEW YORK CITY BRONX,001,3,15,0,0,0,0,1,1,0,35,24,36,48,58,115,79,61,52,56,135,77,15,50,42,20,44,28,12,4,4,0,4,0,4,0
G36000500413,1960,New York,36,Bronx,005,5600,51000,,0413,,1450,TRACT 413   NEW YORK CITY BRONX,001,3,15,0,0,0,0,1,1,0,39,68,86,167,242,259,242,170,123,133,361,91,24,150,72,65,86,79,48,60,16,16,0,8,0,0
G36000500414,1960,New York,36,Bronx,005,5600,51000,,0414,,1450,TRACT 414   NEW YORK CITY BRONX,001,3,15,0,0,0,0,1,1,0,29,31,56,92,113,126,127,131,91,66,152,37,5,65,47,39,13,23,17,0,8,0,8,8,0,0
G36000500415,1960,New York,36,Bronx,005,5600,51000,,0415,,1450,TRACT 415   NEW YORK CITY BRONX,001,3,15,0,0,0,0,1,1,0,92,20,58,71,107,158,167,178,165,148,374,125,38,157,59,59,59,65,23,34,36,16,8,31,3,4
G36000500417,1960,New York,36,Bronx,005,5600,51000,,0417,,1450,TRACT 417   NEW YORK CITY BRONX,001,3,15,1,1,1,1,1,1,0,0,0,0,0,0,0,0,0,0,0,0,0,0,0,0,0,0,0,0,0,0,0,0,0,0,0
G36000500418,1960,New York,36,Bronx,005,5600,51000,,0418,,1450,TRACT 418   NEW YORK CITY BRONX,001,3,15,0,0,0,0,1,1,0,33,38,30,69,89,123,113,107,83,44,138,25,4,72,0,32,16,4,19,7,4,4,0,8,0,0
G36000500419,1960,New York,36,Bronx,005,5600,51000,,0419,,1450,TRACT 419   NEW YORK CITY BRONX,001,3,15,0,0,0,0,1,1,0,49,69,110,182,226,287,242,235,181,81,368,107,9,257,119,96,92,64,59,12,21,13,4,11,4,0
G36000500420,1960,New York,36,Bronx,005,5600,51000,,0420,,1450,TRACT 420   NEW YORK CITY BRONX,001,3,15,0,0,0,0,1,1,0,27,38,58,64,69,163,145,101,87,74,149,42,4,170,55,35,27,25,20,4,0,0,0,4,0,0
G36000500421,1960,New York,36,Bronx,005,5600,51000,,0421,,1450,TRACT 421   NEW YORK CITY BRONX,001,3,15,0,0,0,0,1,1,0,52,95,79,147,143,225,131,141,157,84,259,81,4,123,98,40,41,34,11,4,4,5,4,4,0,0
G36000500422,1960,New York,36,Bronx,005,5600,51000,,0422,,1450,TRACT 422   NEW YORK CITY BRONX,001,3,15,0,0,0,0,1,1,0,8,25,36,51,115,127,116,61,63,41,146,35,0,52,17,9,0,9,4,0,0,0,0,0,0,0
G36000500423,1960,New York,36,Bronx,005,5600,51000,,0423,,1450,TRACT 423   NEW YORK CITY BRONX,001,3,15,0,0,0,0,1,1,0,27,28,32,74,83,122,161,94,85,114,137,87,12,82,30,48,33,17,62,8,4,0,0,0,0,4
G36000500424,1960,New York,36,Bronx,005,5600,51000,,0424,,1450,TRACT 424   NEW YORK CITY BRONX,001,3,15,0,0,0,0,1,1,0,17,13,25,60,58,87,77,68,70,44,50,4,0,20,17,10,0,3,8,0,0,0,0,0,0,0
G36000500425,1960,New York,36,Bronx,005,5600,51000,,0425,,1450,TRACT 425   NEW YORK CITY BRONX,001,3,15,0,0,0,0,1,1,0,41,59,91,121,145,253,165,195,135,107,261,72,8,122,139,56,79,69,36,15,12,4,4,4,4,0
G36000500426,1960,New York,36,Bronx,005,5600,51000,,0426,,1450,TRACT 426   NEW YORK CITY BRONX,001,3,15,0,0,0,0,1,1,0,8,12,12,48,66,170,112,115,104,55,221,60,8,27,20,7,9,4,0,0,0,0,0,0,0,0
G36000500427,1960,New York,36,Bronx,005,5600,51000,,0427,,1450,TRACT 427   NEW YORK CITY BRONX,001,3,15,1,1,1,1,1,1,0,0,0,0,0,0,0,0,0,0,0,0,0,0,0,0,0,0,0,0,0,0,0,0,0,0,0
G36000500428,1960,New York,36,Bronx,005,5600,51000,,0428,,1450,TRACT 428   NEW YORK CITY BRONX,001,3,15,0,0,0,0,1,1,0,6,6,7,22,37,79,68,61,23,37,82,37,0,8,0,0,0,0,0,3,0,0,0,0,0,0
G360005004290,1960,New York,36,Bronx,005,5600,51000,,0429,0,1450,TRACT 429-0 NEW YORK CITY BRONX,001,3,15,0,0,0,0,1,1,0,8,26,24,83,75,123,119,112,85,51,227,49,0,51,17,14,12,28,24,13,12,0,0,0,0,0
G360005004291,1960,New York,36,Bronx,005,5600,51000,,0429,1,1450,TRACT 429-1 NEW YORK CITY BRONX,001,3,15,0,0,0,0,1,1,0,33,16,80,77,127,151,107,114,108,119,123,37,4,99,39,37,49,39,17,17,19,0,0,0,3,0
G36000500430,1960,New York,36,Bronx,005,5600,51000,,0430,,1450,TRACT 430   NEW YORK CITY BRONX,001,3,15,0,0,0,0,1,1,0,12,35,23,36,97,67,89,86,30,55,142,36,0,18,5,4,9,4,0,0,0,0,4,0,0,0
G36000500431,1960,New York,36,Bronx,005,5600,51000,,0431,,1450,TRACT 431   NEW YORK CITY BRONX,001,3,15,0,0,0,0,1,1,0,73,101,150,197,310,369,325,276,208,199,387,116,28,171,95,92,39,51,44,25,8,4,0,11,0,0
G36000500432,1960,New York,36,Bronx,005,5600,51000,,0432,,1450,TRACT 432   NEW YORK CITY BRONX,001,3,15,0,0,0,0,1,1,0,20,31,52,49,81,124,68,68,66,60,77,20,0,69,31,19,16,17,25,8,4,0,0,0,0,0
G36000500433,1960,New York,36,Bronx,005,5600,51000,,0433,,1450,TRACT 433   NEW YORK CITY BRONX,001,3,15,1,1,1,1,1,1,0,0,0,0,0,0,0,0,0,0,0,0,0,0,0,0,0,0,0,0,0,0,0,0,0,0,0
G36000500435,1960,New York,36,Bronx,005,5600,51000,,0435,,1450,TRACT 435   NEW YORK CITY BRONX,001,3,15,1,1,1,1,1,1,0,0,0,0,0,0,0,0,0,0,0,0,0,0,0,0,0,0,0,0,0,0,0,0,0,0,0
G36000500436,1960,New York,36,Bronx,005,5600,51000,,0436,,1450,TRACT 436   NEW YORK CITY BRONX,001,3,15,0,0,0,0,1,1,0,8,4,16,40,52,113,78,66,41,45,74,8,0,18,5,4,9,8,0,8,0,0,0,0,0,0
G36000500438,1960,New York,36,Bronx,005,5600,51000,,0438,,1450,TRACT 438   NEW YORK CITY BRONX,001,3,15,0,0,0,0,1,1,0,24,4,20,26,58,84,75,80,56,50,108,17,0,16,9,4,0,0,0,4,0,0,0,0,0,0
G36000500440,1960,New York,36,Bronx,005,5600,51000,,0440,,1450,TRACT 440   NEW YORK CITY BRONX,001,3,15,0,0,0,0,1,1,0,8,8,24,24,17,50,39,25,8,0,35,12,0,9,4,4,0,4,8,0,4,0,0,0,0,0
G36000500442,1960,New York,36,Bronx,005,5600,51000,,0442,,1450,TRACT 442   NEW YORK CITY BRONX,001,3,15,0,0,0,0,1,1,0,21,38,38,51,80,149,87,84,96,62,159,28,4,66,9,48,17,16,4,4,7,4,4,0,0,0
G36000500446,1960,New York,36,Bronx,005,5600,51000,,0446,,1450,TRACT 446   NEW YORK CITY BRONX,001,3,15,0,0,0,0,1,1,0,13,4,4,3,26,45,34,16,12,25,34,4,0,74,9,3,9,7,4,0,0,0,0,0,0,0
G36000500448,1960,New York,36,Bronx,005,5600,51000,,0448,,1450,TRACT 448   NEW YORK CITY BRONX,001,3,15,0,0,0,0,1,1,0,8,4,16,16,41,64,56,65,36,37,81,44,0,8,4,0,4,0,0,0,0,4,0,0,0,0
G360005004490,1960,New York,36,Bronx,005,5600,51000,,0449,0,1450,TRACT 449-0 NEW YORK CITY BRONX,001,3,15,0,0,0,0,1,1,0,11,22,23,33,27,56,75,36,38,42,97,66,17,32,30,31,28,14,9,15,6,0,0,0,0,0
G360005004491,1960,New York,36,Bronx,005,5600,51000,,0449,1,1450,TRACT 449-1 NEW YORK CITY BRONX,001,3,15,0,0,0,0,1,1,0,16,23,43,33,41,84,99,85,40,41,104,24,15,32,11,12,4,12,4,13,0,0,4,4,0,4
G360005004510,1960,New York,36,Bronx,005,5600,51000,,0451,0,1450,TRACT 451-0 NEW YORK CITY BRONX,001,3,15,0,0,0,0,1,1,0,8,24,8,20,42,72,65,68,72,84,155,48,12,29,25,17,28,12,7,12,0,4,8,4,0,0
G360005004511,1960,New York,36,Bronx,005,5600,51000,,0451,1,1450,TRACT 451-1 NEW YORK CITY BRONX,001,3,15,0,0,0,0,1,1,0,16,16,49,17,64,70,55,87,67,70,168,58,12,39,24,11,10,34,7,13,8,7,0,0,0,0
G36000500454,1960,New York,36,Bronx,005,5600,51000,,0454,,1450,TRACT 454   NEW YORK CITY BRONX,001,3,15,0,0,0,0,1,1,0,17,0,8,19,22,72,45,76,47,22,104,20,5,0,5,0,4,8,0,5,0,0,0,0,0,0
G36000500458,1960,New York,36,Bronx,005,5600,51000,,0458,,1450,TRACT 458   NEW YORK CITY BRONX,001,3,15,0,0,0,0,0,0,0,120,232,285,445,347,298,101,60,11,4,59,4,0,58,33,0,0,0,0,0,0,0,0,0,0,0
G36000500460,1960,New York,36,Bronx,005,5600,51000,,0460,,1450,TRACT 460   NEW YORK CITY BRONX,001,3,15,0,0,0,0,1,1,0,0,4,0,0,0,14,3,14,6,5,17,0,0,3,0,0,0,8,0,0,0,0,0,0,0,0
G360005004620,1960,New York,36,Bronx,005,5600,51000,,0462,0,1450,TRACT 462-0 NEW YORK CITY BRONX,001,3,15,0,0,0,0,1,1,0,0,0,0,0,0,12,8,12,4,4,0,0,0,0,0,0,0,0,0,0,0,0,0,0,0,0
G360005004621,1960,New York,36,Bronx,005,5600,51000,,0462,1,1450,TRACT 462-1 NEW YORK CITY BRONX,001,3,15,0,0,0,0,0,1,0,14,23,23,36,64,63,72,41,62,42,62,8,0,22,42,16,4,8,4,0,0,0,0,0,0,0
G36000500464,1960,New York,36,Bronx,005,5600,51000,,0464,,1450,TRACT 464   NEW YORK CITY BRONX,001,3,15,0,0,0,0,1,1,0,0,3,0,0,4,7,4,0,0,9,7,0,0,0,3,0,0,0,0,0,0,0,0,0,0,0
G36000500484,1960,New York,36,Bronx,005,5600,51000,,0484,,1450,TRACT 484   NEW YORK CITY BRONX,001,3,15,0,0,0,0,1,1,0,14,9,25,20,31,63,35,41,34,29,73,16,9,27,8,3,8,0,3,0,3,0,4,0,0,0
G36000500502,1960,New York,36,Bronx,005,5600,51000,,0502,,1450,TRACT 502   NEW YORK CITY BRONX,001,3,15,0,0,0,0,1,1,0,0,0,4,6,0,13,31,5,10,7,4,0,4,0,0,5,5,0,0,5,0,0,0,0,0,0
G36000500504,1960,New York,36,Bronx,005,5600,51000,,0504,,1450,TRACT 504   NEW YORK CITY BRONX,001,3,15,0,0,0,1,1,1,0,0,0,0,0,0,4,0,0,0,4,7,8,0,4,0,0,0,0,0,0,0,0,0,0,0,0
G36000500514,1960,New York,36,Bronx,005,5600,51000,,0514,,1450,TRACT 514   NEW YORK CITY BRONX,001,3,15,1,0,1,1,1,1,0,0,0,0,0,0,0,0,0,0,0,0,0,0,0,0,0,0,0,0,0,0,0,0,0,0,0
G36000500516,1960,New York,36,Bronx,005,5600,51000,,0516,,1450,TRACT 516   NEW YORK CITY BRONX,001,3,15,0,0,0,0,1,1,0,47,36,59,25,112,121,178,121,90,104,184,60,21,91,28,28,18,32,7,12,0,3,5,3,0,4
G36000500540,1960,New York,36,Bronx,005,5600,51000,,0540,,1450,TRACT 540   NEW YORK CITY BRONX,001,3,15,0,1,1,1,0,1,0,0,0,0,0,0,0,0,0,0,0,0,0,0,0,0,0,0,0,0,0,0,0,0,0,0,0
G3600070B0001,1960,New York,36,Broome,007,0960,06607,B,0001,,0250,TRACT B-1 BINGHAMTON CITY,002,3,11,0,0,0,0,1,1,0,45,28,82,89,120,151,182,125,134,77,178,28,23,64,49,73,73,38,28,40,16,0,0,11,0,0
G3600070B0002,1960,New York,36,Broome,007,0960,06607,B,0002,,0250,TRACT B-2 BINGHAMTON CITY,002,3,11,0,0,0,0,1,1,0,29,70,106,197,196,197,231,150,141,71,147,23,0,95,34,89,62,46,24,3,4,3,0,0,4,0
G3600070B0003,1960,New York,36,Broome,007,0960,06607,B,0003,,0250,TRACT B-3 BINGHAMTON CITY,002,3,11,0,0,0,0,1,1,0,26,72,66,150,149,163,123,134,82,86,82,24,4,97,45,49,29,17,11,0,0,4,4,0,4,0
G3600070B0004,1960,New York,36,Broome,007,0960,06607,B,0004,,0250,TRACT B-4 BINGHAMTON CITY,002,3,11,0,0,0,0,1,1,0,41,66,73,119,149,180,150,161,68,70,131,4,8,97,80,57,45,42,25,25,4,0,5,4,0,0
G3600070B0005,1960,New York,36,Broome,007,0960,06607,B,0005,,0250,TRACT B-5 BINGHAMTON CITY,002,3,11,0,0,0,0,1,1,0,24,62,55,109,102,92,119,71,23,24,48,11,4,146,76,69,59,24,29,4,4,0,0,4,0,0
G3600070B0006,1960,New York,36,Broome,007,0960,06607,B,0006,,0250,TRACT B-6 BINGHAMTON CITY,002,3,11,0,0,0,0,1,1,0,10,59,44,113,134,148,129,69,75,85,103,8,4,28,52,22,32,26,0,20,4,11,0,0,0,0
G3600070B0007,1960,New York,36,Broome,007,0960,06607,B,0007,,0250,TRACT B-7 BINGHAMTON CITY,002,3,11,0,0,0,0,1,1,0,23,36,76,102,110,158,220,148,157,81,201,32,0,84,43,39,33,36,6,11,8,4,0,0,0,0
G3600070B0008,1960,New York,36,Broome,007,0960,06607,B,0008,,0250,TRACT B-8 BINGHAMTON CITY,002,3,11,0,0,0,0,1,1,0,0,0,0,0,0,0,0,0,0,6,17,10,0,27,8,0,23,27,16,4,0,0,0,4,0,0
G3600070B0009,1960,New York,36,Broome,007,0960,06607,B,0009,,0250,TRACT B-9 BINGHAMTON CITY,002,3,11,0,0,0,0,1,1,0,12,27,31,44,83,68,75,74,41,16,56,19,5,52,31,21,16,4,9,4,9,0,0,0,0,0
G3600070B0010,1960,New York,36,Broome,007,0960,06607,B,0010,,0250,TRACT B-10 BINGHAMTON CITY,002,3,11,0,0,0,0,1,1,0,29,50,64,97,101,80,55,55,35,34,45,7,4,85,39,74,26,12,8,0,4,0,0,0,0,0
G3600070B0011,1960,New York,36,Broome,007,0960,06607,B,0011,,0250,TRACT B-11 BINGHAMTON CITY,002,3,11,0,0,0,0,0,1,0,28,49,57,102,126,83,40,37,35,21,28,4,0,163,85,85,78,30,16,4,0,0,0,0,0,0
G3600070B0012,1960,New York,36,Broome,007,0960,06607,B,0012,,0250,TRACT B-12 BINGHAMTON CITY,002,3,11,0,0,0,0,1,1,0,12,38,90,48,68,81,46,24,12,10,4,0,3,275,190,210,122,54,40,4,0,17,0,0,4,0
G3600070B0013,1960,New York,36,Broome,007,0960,06607,B,0013,,0250,TRACT B-13 BINGHAMTON CITY,002,3,11,0,0,0,0,1,1,0,20,65,97,101,144,186,128,59,85,30,84,29,9,174,122,99,139,75,25,11,7,0,4,4,8,0
G3600070B0014,1960,New York,36,Broome,007,0960,06607,B,0014,,0250,TRACT B-14 BINGHAMTON CITY,002,3,11,0,0,0,0,1,1,0,48,60,55,131,203,160,194,112,127,112,269,104,78,260,180,141,110,66,86,92,15,5,4,13,8,0
G3600070B0015,1960,New York,36,Broome,007,0960,06607,B,0015,,0250,TRACT B-15 BINGHAMTON CITY,002,3,11,0,0,0,0,1,1,0,29,40,35,72,149,194,141,237,194,145,352,236,78,81,72,46,21,48,22,33,16,8,4,23,0,5
G3600070B0016,1960,New York,36,Broome,007,0960,06607,B,0016,,0250,TRACT B-16 BINGHAMTON CITY,002,3,11,0,0,0,0,1,1,0,26,23,24,29,58,104,106,104,68,35,166,67,50,30,46,14,22,19,15,11,0,4,0,0,0,0
G3600070B0017,1960,New York,36,Broome,007,0960,06607,B,0017,,0250,TRACT B-17 BINGHAMTON CITY,002,3,11,0,0,0,0,1,1,0,18,57,92,78,143,218,215,198,123,79,223,77,8,192,107,70,86,54,20,21,15,0,0,4,0,0
G3600070B0018,1960,New York,36,Broome,007,0960,06607,B,0018,,0250,TRACT B-18 BINGHAMTON CITY,002,3,11,0,0,0,0,1,1,0,10,53,69,116,220,289,188,137,132,99,115,13,7,70,50,23,38,24,8,7,4,0,0,0,0,0
G3600070C0019,1960,New York,36,Broome,007,0960,,C,0019,,,TRACT C-19 BARKER TOWN,001,7,00,0,0,1,1,1,1,0,64,87,80,157,170,204,153,105,38,54,130,36,15,112,19,23,9,23,3,15,0,0,0,0,3,0
G3600070C0020,1960,New York,36,Broome,007,0960,,C,0020,,,TRACT C-20 MAINE TOWN,011,7,00,0,0,1,1,1,1,0,31,39,65,71,125,244,199,120,69,45,106,21,0,56,9,27,5,9,4,0,0,0,0,0,0,0
G3600070C0021,1960,New York,36,Broome,007,0960,,C,0021,,,TRACT C-21 CHENANGO TOWN,004,7,00,0,0,1,1,1,1,0,66,72,110,148,278,401,345,289,299,138,404,62,23,103,40,46,20,13,17,8,0,4,4,4,8,7
G3600070C0022,1960,New York,36,Broome,007,0960,,C,0022,,0250,TRACT C-22 FENTON TOWN,008,7,00,0,0,1,1,1,1,0,27,78,78,127,193,180,196,165,74,98,231,44,12,131,53,22,36,17,28,4,18,0,0,5,4,0
G3600070C0023,1960,New York,36,Broome,007,0960,,C,0023,,,TRACT C-23 COLESVILLE TOWN,005,7,00,0,0,1,1,1,1,0,64,92,80,120,122,137,103,98,39,10,45,16,0,75,23,15,16,4,0,8,0,0,0,0,0,4
G3600070C0024,1960,New York,36,Broome,007,0960,,C,0024,,,TRACT C-24 SANFORD TOWN,013,7,00,0,0,1,1,1,1,0,53,37,87,45,98,80,63,23,31,15,54,8,9,104,18,16,16,8,12,0,4,0,0,0,0,0
G3600070C0025,1960,New York,36,Broome,007,0960,,C,0025,,,TRACT C-25 WINDSOR TOWN,017,7,00,0,0,1,1,1,1,0,53,92,105,119,180,112,134,63,82,42,61,19,0,82,21,12,10,24,9,0,0,0,0,0,0,0
G3600070C0026,1960,New York,36,Broome,007,0960,,C,0026,,,TRACT C-26 KIRKWOOD TOWN,009,7,00,0,0,1,1,1,1,0,44,35,47,85,207,164,141,121,143,67,105,7,0,64,25,25,21,12,9,7,0,0,0,5,0,0
G3600070C0027,1960,New York,36,Broome,007,0960,,C,0027,,,TRACT C-27 BINGHAMTON TOWN,006,7,00,0,0,1,1,1,1,0,64,42,94,129,192,356,277,235,152,144,198,48,24,103,30,44,18,9,16,0,5,0,4,0,0,0
G3600070C0028,1960,New York,36,Broome,007,0960,,C,0028,,0250,TRACT C-28 DICKINSON TOWN,007,7,00,0,0,1,1,1,1,0,19,37,58,85,163,236,242,231,163,123,271,89,16,65,60,46,29,41,18,16,5,16,0,0,4,0
G3600070C0029,1960,New York,36,Broome,007,0960,,C,0029,,,TRACT C-29 UNION TOWN,015,7,00,0,0,1,1,1,1,0,5,4,19,24,27,45,58,50,28,24,36,4,0,15,4,4,7,0,4,4,0,0,0,4,0,0
G3600070C0030,1960,New York,36,Broome,007,0960,,C,0030,,0250,TRACT C-30 UNION TOWN,015,7,00,0,0,1,1,1,1,0,24,25,51,91,134,199,205,166,163,132,262,125,20,90,79,79,22,39,16,12,12,0,0,0,4,0
G3600070C0031,1960,New York,36,Broome,007,0960,,C,0031,,0250,TRACT C-31 UNION TOWN,015,7,00,0,0,1,1,1,1,0,8,4,51,95,72,244,196,113,121,69,155,27,22,53,53,32,15,27,16,4,4,4,4,9,0,0
G3600070C0032,1960,New York,36,Broome,007,0960,,C,0032,,0250,TRACT C-32 UNION TOWN,015,7,00,0,0,1,1,1,1,0,0,22,14,18,46,132,258,227,164,140,339,98,0,11,4,9,9,4,7,4,4,5,0,4,0,0
G3600070C0033,1960,New York,36,Broome,007,0960,,C,0033,,0250,TRACT C-33 UNION TOWN,015,7,00,0,0,1,1,1,1,0,30,49,57,130,257,401,384,353,143,158,178,56,4,86,35,32,21,13,5,8,4,0,0,3,0,0
G3600070C0042,1960,New York,36,Broome,007,0960,,C,0042,,0250,TRACT C-42 BINGHAMTON TOWN,016,7,00,0,0,1,1,1,1,0,4,20,22,22,40,80,85,73,89,56,115,59,12,448,38,8,16,4,8,5,8,0,0,4,0,0
G3600070C0043,1960,New York,36,Broome,007,0960,,C,0043,,0250,TRACT C-43 VESTAL TOWN,016,7,00,0,0,1,1,1,1,0,29,20,35,58,127,120,238,229,177,104,345,65,12,45,8,20,24,16,8,16,8,8,0,0,0,4
G3600070C0044,1960,New York,36,Broome,007,0960,,C,0044,,,TRACT C-44 VESTAL TOWN,016,7,00,0,0,1,1,1,1,0,14,27,23,67,64,117,150,153,77,103,211,41,4,14,8,7,8,0,4,8,8,0,4,5,0,0
G3600070C0045,1960,New York,36,Broome,007,0960,,C,0045,,,TRACT C-45 VESTAL TOWN,016,7,00,0,0,1,1,1,1,0,0,4,16,63,48,140,163,120,69,61,85,29,0,18,12,13,0,10,0,4,4,0,0,4,0,0
G3600070E0034,1960,New York,36,Broome,007,0960,,E,0034,,0250,TRACT E-34 UNION TOWN,015,4,08,0,0,1,1,1,1,0,35,75,69,163,210,251,243,204,89,84,156,38,16,72,40,38,32,11,3,3,8,0,0,0,0,0
G3600070E0035,1960,New York,36,Broome,007,0960,,E,0035,,0250,TRACT E-35 UNION TOWN,015,4,08,0,0,1,1,1,1,0,13,53,74,94,132,162,163,107,56,40,120,24,12,131,122,138,50,75,89,21,20,12,4,0,4,8
G3600070E0036,1960,New York,36,Broome,007,0960,,E,0036,,0250,TRACT E-36 UNION TOWN,015,4,08,0,0,1,1,1,1,0,19,78,58,80,160,210,233,141,95,78,166,42,8,90,66,47,54,61,29,38,8,4,4,12,0,0
G3600070E0037,1960,New York,36,Broome,007,0960,,E,0037,,0250,TRACT E-37 UNION TOWN,015,4,08,0,0,1,1,1,1,0,12,38,46,49,104,138,115,118,79,114,175,58,8,54,61,66,42,23,18,26,17,4,0,4,0,0
G3600070J0038,1960,New York,36,Broome,007,0960,,J,0038,,0250,TRACT J-38 UNION TOWN,015,4,08,0,0,1,1,1,1,0,12,44,100,166,215,252,279,174,135,79,150,16,4,38,57,29,54,25,4,4,0,0,0,5,4,0
G3600070J0039,1960,New York,36,Broome,007,0960,,J,0039,,0250,TRACT J-39 UNION TOWN,015,4,08,0,0,1,1,1,1,0,25,49,89,149,144,152,113,106,60,64,121,15,3,327,150,145,103,46,36,9,19,5,0,13,4,5
G3600070J0040,1960,New York,36,Broome,007,0960,,J,0040,,0250,TRACT J-40 UNION TOWN,015,4,08,0,0,1,1,1,1,0,7,55,122,164,191,180,136,161,97,96,81,7,4,68,68,80,77,28,22,37,4,0,4,0,0,0
G3600070J0041,1960,New York,36,Broome,007,0960,,J,0041,,0250,TRACT J-41 UNION TOWN,015,4,08,0,0,1,1,1,1,0,15,59,67,49,123,145,152,161,135,106,170,26,0,111,41,43,30,20,5,0,0,4,0,0,0,0
G36002900001,1960,New York,36,Erie,029,1280,11000,,0001,,0310,TRACT 1  BUFFALO CITY,006,3,14,0,0,0,0,1,1,0,20,24,38,44,84,149,121,79,55,24,98,25,0,15,12,13,8,15,19,3,0,0,0,0,0,0
G36002900002,1960,New York,36,Erie,029,1280,11000,,0002,,0310,TRACT 2  BUFFALO CITY,006,3,14,0,0,0,0,1,1,0,29,53,82,155,223,349,267,188,146,89,184,24,0,90,66,12,57,18,43,16,4,8,0,4,0,0
G36002900003,1960,New York,36,Erie,029,1280,11000,,0003,,0310,TRACT 3  BUFFALO CITY,006,3,14,0,0,0,0,1,1,0,4,31,55,34,61,45,46,48,22,19,26,4,0,15,11,9,6,10,4,5,7,0,0,0,0,0
G36002900004,1960,New York,36,Erie,029,1280,11000,,0004,,0310,TRACT 4  BUFFALO CITY,006,3,14,0,0,0,0,1,1,0,12,18,16,33,29,74,8,28,27,33,45,7,0,19,11,11,0,16,3,10,0,3,0,0,0,0
G36002900005,1960,New York,36,Erie,029,1280,11000,,0005,,0310,TRACT 5  BUFFALO CITY,006,3,14,1,1,1,1,1,1,2,49,67,93,91,136,227,161,135,68,73,133,47,0,88,46,17,22,24,25,7,0,4,0,4,0,0
G36002900006,1960,New York,36,Erie,029,1280,11000,,0006,,0310,TRACT 6  BUFFALO CITY,006,3,14,0,0,0,0,1,1,0,36,58,91,53,178,338,303,221,177,181,282,60,8,49,79,32,26,20,24,24,0,4,0,4,0,0
G36002900007,1960,New York,36,Erie,029,1280,11000,,0007,,0310,TRACT 7  BUFFALO CITY,006,3,14,0,0,0,0,1,1,0,4,25,59,72,109,198,218,160,155,114,283,88,23,44,51,19,8,19,11,17,4,3,0,0,0,0
G36002900008,1960,New York,36,Erie,029,1280,11000,,0008,,0310,TRACT 8  BUFFALO CITY,006,3,14,0,0,0,0,1,1,0,47,57,108,92,178,286,267,235,133,137,270,96,21,390,95,71,17,29,19,19,8,4,4,7,0,4
G36002900009,1960,New York,36,Erie,029,1280,11000,,0009,,0310,TRACT 9  BUFFALO CITY,006,3,14,0,0,0,0,1,1,0,20,15,48,59,53,143,170,122,103,57,157,43,4,47,37,12,38,15,5,3,0,0,0,4,0,0
G36002900010,1960,New York,36,Erie,029,1280,11000,,0010,,0310,TRACT 10 BUFFALO CITY,006,3,14,0,0,0,0,1,1,0,48,61,113,106,273,437,354,223,227,163,245,73,8,150,113,38,42,50,33,20,0,8,0,0,0,0
G36002900011,1960,New York,36,Erie,029,1280,11000,,0011,,0310,TRACT 11 BUFFALO CITY,006,3,14,0,0,0,0,1,1,0,26,43,47,88,163,177,207,157,129,73,149,37,4,60,31,8,17,8,20,16,0,0,0,0,0,0
G36002900012,1960,New York,36,Erie,029,1280,11000,,0012,,0310,TRACT 12 BUFFALO CITY,006,3,14,0,0,0,0,0,1,0,138,227,214,256,232,228,183,119,52,35,73,16,12,271,114,60,25,47,25,14,0,0,0,0,0,0
G36002900013,1960,New York,36,Erie,029,1280,11000,,0013,,0310,TRACT 13 BUFFALO CITY,006,3,14,0,1,1,1,1,1,2,122,206,129,189,143,108,44,25,26,12,21,4,0,510,483,229,233,53,38,29,0,4,11,12,6,4
G36002900014,1960,New York,36,Erie,029,1280,11000,,0014,,0310,TRACT 14 BUFFALO CITY,006,3,14,0,0,0,0,0,1,0,250,431,332,322,352,226,95,31,39,28,23,5,4,681,377,174,84,136,37,33,0,4,0,0,4,0
G36002900015,1960,New York,36,Erie,029,1280,11000,,0015,,0310,TRACT 15 BUFFALO CITY,006,3,14,0,0,0,0,0,1,0,174,332,300,374,390,338,265,153,131,60,84,15,0,535,286,132,147,110,74,15,8,0,0,0,0,0
G36002900016,1960,New York,36,Erie,029,1280,11000,,0016,,0310,TRACT 16 BUFFALO CITY,006,3,14,0,0,0,0,1,1,0,136,164,196,304,444,523,394,209,137,135,189,28,4,329,134,92,93,98,37,10,0,0,3,0,0,0
G36002900017,1960,New York,36,Erie,029,1280,11000,,0017,,0310,TRACT 17 BUFFALO CITY,006,3,14,0,0,0,0,1,1,0,41,50,78,108,223,211,160,98,72,87,97,12,0,101,42,35,30,44,12,3,5,0,0,0,0,0
G36002900018,1960,New York,36,Erie,029,1280,11000,,0018,,0310,TRACT 18 BUFFALO CITY,006,3,14,0,0,0,0,1,1,0,27,18,47,86,74,72,92,42,40,40,34,21,0,51,37,19,13,3,11,0,0,0,0,0,0,0
G36002900019,1960,New York,36,Erie,029,1280,11000,,0019,,0310,TRACT 19 BUFFALO CITY,006,3,14,0,0,0,0,1,1,0,27,54,68,106,184,228,220,165,90,103,165,35,0,82,43,13,12,20,10,5,0,0,4,0,0,0
G36002900020,1960,New York,36,Erie,029,1280,11000,,0020,,0310,TRACT 20 BUFFALO CITY,006,3,14,0,0,0,0,1,1,0,17,38,54,46,98,133,68,69,45,45,69,17,4,47,31,17,15,32,35,5,4,0,0,0,0,0
G36002900021,1960,New York,36,Erie,029,1280,11000,,0021,,0310,TRACT 21 BUFFALO CITY,006,3,14,0,0,0,0,1,1,0,10,9,0,16,51,50,49,40,22,17,30,15,0,8,13,8,11,0,0,0,0,0,0,0,0,0
G36002900022,1960,New York,36,Erie,029,1280,11000,,0022,,0310,TRACT 22 BUFFALO CITY,006,3,14,0,0,0,0,1,1,0,29,34,53,46,81,197,124,89,77,64,86,15,0,52,23,0,8,4,4,0,0,0,0,0,0,0
G36002900023,1960,New York,36,Erie,029,1280,11000,,0023,,0310,TRACT 23 BUFFALO CITY,006,3,14,0,0,0,0,1,1,0,42,43,61,114,230,229,204,172,102,66,120,23,0,104,48,57,16,16,26,8,0,0,0,0,0,0
G36002900024,1960,New York,36,Erie,029,1280,11000,,0024,,0310,TRACT 24 BUFFALO CITY,006,3,14,0,0,0,0,1,1,0,57,153,191,173,389,409,331,230,142,127,195,50,4,203,72,48,47,31,19,12,4,0,4,0,0,0
G36002900025,1960,New York,36,Erie,029,1280,11000,,0025,,0310,TRACT 25 BUFFALO CITY,006,3,14,0,0,0,0,0,1,0,240,446,456,439,442,466,248,124,115,74,79,19,4,925,521,316,216,174,97,31,7,4,0,0,0,14
G36002900026,1960,New York,36,Erie,029,1280,11000,,0026,,0310,TRACT 26 BUFFALO CITY,006,3,14,0,0,0,0,0,1,0,102,130,146,171,234,168,99,52,33,21,62,7,0,232,99,88,37,62,24,9,7,0,0,0,0,0
G36002900027,1960,New York,36,Erie,029,1280,11000,,0027,,0310,TRACT 27 BUFFALO CITY,006,3,14,0,0,0,0,1,1,0,194,382,367,400,734,861,658,302,285,190,306,72,12,510,327,266,130,190,66,40,15,14,0,4,10,4
G36002900028,1960,New York,36,Erie,029,1280,11000,,0028,,0310,TRACT 28 BUFFALO CITY,006,3,14,0,0,0,0,1,1,0,68,106,229,236,363,508,311,206,169,126,214,28,0,188,80,42,36,36,35,16,8,0,0,0,0,0
G36002900029,1960,New York,36,Erie,029,1280,11000,,0029,,0310,TRACT 29 BUFFALO CITY,006,3,14,0,0,0,0,1,1,0,20,94,96,143,300,393,334,169,125,112,146,32,0,130,106,54,29,29,12,17,12,9,0,5,0,0
G36002900030,1960,New York,36,Erie,029,1280,11000,,0030,,0310,TRACT 30 BUFFALO CITY,006,3,14,0,0,0,0,1,1,0,19,25,64,112,165,217,149,90,84,77,129,28,4,68,15,7,23,30,37,0,8,0,12,0,0,0
G36002900031,1960,New York,36,Erie,029,1280,11000,,0031,,0310,TRACT 31 BUFFALO CITY,006,3,14,0,0,0,0,0,1,0,210,323,338,360,436,431,338,195,169,65,193,12,4,683,400,211,246,178,78,28,29,12,4,4,0,0
G36002900032,1960,New York,36,Erie,029,1280,11000,,0032,,0310,TRACT 32 BUFFALO CITY,006,3,14,0,0,0,0,0,1,0,286,456,520,656,588,655,389,250,148,98,149,21,0,676,581,343,298,254,112,31,13,11,4,7,4,0
G36002900033,1960,New York,36,Erie,029,1280,11000,,0033,,0310,TRACT 33 BUFFALO CITY,006,3,14,0,0,0,0,0,1,0,110,264,331,360,612,667,456,379,286,158,300,61,19,459,297,176,160,228,98,57,12,13,5,5,4,0
G36002900034,1960,New York,36,Erie,029,1280,11000,,0034,,0310,TRACT 34 BUFFALO CITY,006,3,14,0,0,0,0,0,1,0,90,62,131,138,283,329,276,209,142,80,203,28,0,144,90,52,77,27,28,20,4,0,0,4,0,0
G36002900035,1960,New York,36,Erie,029,1280,11000,,0035,,0310,TRACT 35 BUFFALO CITY,006,3,14,0,0,0,0,0,1,0,68,164,170,294,445,581,369,246,204,117,221,31,8,221,167,76,87,74,39,8,17,0,4,0,0,0
G36002900036,1960,New York,36,Erie,029,1280,11000,,0036,,0310,TRACT 36 BUFFALO CITY,006,3,14,0,0,0,0,1,1,0,23,131,123,167,248,408,338,194,178,100,141,28,0,182,91,48,56,52,20,4,8,4,0,4,0,0
G36002900037,1960,New York,36,Erie,029,1280,11000,,0037,,0310,TRACT 37 BUFFALO CITY,006,3,14,0,0,0,0,1,1,0,47,88,103,138,261,398,293,198,207,94,204,30,4,108,92,61,45,33,34,9,9,0,0,5,0,0
G36002900038,1960,New York,36,Erie,029,1280,11000,,0038,,0310,TRACT 38 BUFFALO CITY,006,3,14,0,0,0,0,1,1,0,4,32,93,92,151,165,180,159,96,70,146,13,0,55,46,24,24,20,12,11,0,0,4,0,0,0
G36002900039,1960,New York,36,Erie,029,1280,11000,,0039,,0310,TRACT 39 BUFFALO CITY,006,3,14,0,0,0,0,1,1,0,53,91,120,186,236,302,250,193,127,84,197,39,8,299,107,37,60,52,33,16,12,4,0,8,8,0
G36002900040,1960,New York,36,Erie,029,1280,11000,,0040,,0310,TRACT 40 BUFFALO CITY,006,3,14,0,0,0,0,1,1,0,82,171,188,200,339,389,300,254,207,139,393,49,12,191,104,48,103,66,39,19,15,12,4,12,8,0
G36002900041,1960,New York,36,Erie,029,1280,11000,,0041,,0310,TRACT 41 BUFFALO CITY,006,3,14,0,0,0,0,1,1,0,57,130,199,173,284,342,386,289,194,98,266,55,0,142,79,57,37,18,26,8,3,0,5,0,0,0
G36002900042,1960,New York,36,Erie,029,1280,11000,,0042,,0310,TRACT 42 BUFFALO CITY,006,3,14,0,0,0,0,1,1,0,58,49,61,75,193,269,218,204,143,141,154,23,4,85,132,54,37,38,29,16,0,0,4,4,0,0
G36002900043,1960,New York,36,Erie,029,1280,11000,,0043,,0310,TRACT 43 BUFFALO CITY,006,3,14,0,0,0,0,1,1,0,56,62,111,177,233,253,324,209,224,152,368,117,21,128,133,81,42,41,43,22,8,12,0,4,0,0
G36002900044,1960,New York,36,Erie,029,1280,11000,,0044,,0310,TRACT 44 BUFFALO CITY,006,3,14,0,0,0,0,1,1,0,56,213,232,305,327,383,355,271,213,133,274,36,8,140,86,58,18,43,39,4,16,7,0,4,0,0
G36002900045,1960,New York,36,Erie,029,1280,11000,,0045,,0310,TRACT 45 BUFFALO CITY,006,3,14,0,0,0,0,1,1,0,60,41,36,58,192,214,184,208,124,109,447,244,143,140,83,40,31,56,62,55,30,8,13,4,13,0
G36002900046,1960,New York,36,Erie,029,1280,11000,,0046,,0310,TRACT 46 BUFFALO CITY,006,3,14,0,0,0,0,1,1,0,33,16,58,94,86,159,143,174,97,60,132,68,31,1126,339,180,104,98,82,42,33,8,4,8,0,0
G36002900047,1960,New York,36,Erie,029,1280,11000,,0047,,0310,TRACT 47 BUFFALO CITY,006,3,14,0,0,0,0,1,1,0,40,56,88,132,194,290,285,203,261,126,330,76,16,214,152,58,45,42,33,25,20,8,4,20,5,0
G36002900048,1960,New York,36,Erie,029,1280,11000,,0048,,0310,TRACT 48 BUFFALO CITY,006,3,14,0,0,0,0,1,1,0,36,24,63,95,77,192,128,143,122,135,309,125,67,69,60,41,34,9,20,9,4,4,0,12,0,4
G36002900049,1960,New York,36,Erie,029,1280,11000,,0049,,0310,TRACT 49 BUFFALO CITY,006,3,14,0,0,0,0,1,1,0,45,114,131,150,296,394,301,277,246,162,360,119,4,175,107,114,60,63,49,33,8,3,4,5,9,4
G36002900050,1960,New York,36,Erie,029,1280,11000,,0050,,0310,TRACT 50 BUFFALO CITY,006,3,14,0,0,0,0,1,1,0,23,30,59,69,101,149,189,124,72,88,132,36,4,56,47,30,14,25,29,20,4,0,4,0,0,0
G36002900051,1960,New York,36,Erie,029,1280,11000,,0051,,0310,TRACT 51 BUFFALO CITY,006,3,14,0,0,0,0,1,1,0,80,96,66,124,210,315,250,228,152,112,218,73,7,141,56,49,42,42,33,27,18,12,0,4,0,0
G36002900052,1960,New York,36,Erie,029,1280,11000,,0052,,0310,TRACT 52 BUFFALO CITY,006,3,14,0,0,0,0,0,1,0,72,99,105,147,211,230,222,216,187,124,304,140,43,450,189,119,74,139,93,19,37,7,12,16,4,0
G36002900053,1960,New York,36,Erie,029,1280,11000,,0053,,0310,TRACT 53 BUFFALO CITY,006,3,14,0,0,0,0,1,1,0,4,8,8,4,16,28,16,9,20,8,56,34,24,172,98,20,58,16,16,25,4,0,4,0,0,0
G36002900054,1960,New York,36,Erie,029,1280,11000,,0054,,0310,TRACT 54 BUFFALO CITY,006,3,14,0,0,0,0,1,1,0,56,37,55,44,98,114,117,79,104,100,296,202,209,118,105,59,38,68,46,48,24,9,4,4,8,0
G36002900055,1960,New York,36,Erie,029,1280,11000,,0055,,0310,TRACT 55 BUFFALO CITY,006,3,14,0,0,0,0,1,1,0,66,94,159,155,224,258,265,169,121,90,211,35,0,219,112,57,48,47,27,8,12,0,0,0,0,0
G36002900056,1960,New York,36,Erie,029,1280,11000,,0056,,0310,TRACT 56 BUFFALO CITY,006,3,14,0,0,0,0,1,1,0,88,102,107,146,295,269,174,131,108,42,165,17,0,92,65,21,40,14,18,12,4,4,0,8,0,0
G36002900057,1960,New York,36,Erie,029,1280,11000,,0057,,0310,TRACT 57 BUFFALO CITY,006,3,14,0,0,0,0,1,1,0,38,75,85,107,164,139,138,103,102,57,152,18,0,105,49,33,40,34,30,4,5,0,0,0,0,0
G36002900058,1960,New York,36,Erie,029,1280,11000,,0058,,0310,TRACT 58 BUFFALO CITY,006,3,14,0,0,0,0,1,1,0,55,100,159,190,344,530,489,399,279,196,309,64,5,188,118,60,68,101,68,16,32,0,4,4,4,0
G36002900059,1960,New York,36,Erie,029,1280,11000,,0059,,0310,TRACT 59 BUFFALO CITY,006,3,14,0,0,0,0,1,1,0,31,57,108,106,205,305,223,137,113,44,124,27,4,152,113,41,51,23,34,17,0,4,0,0,0,0
G36002900060,1960,New York,36,Erie,029,1280,11000,,0060,,0310,TRACT 60 BUFFALO CITY,006,3,14,0,0,0,0,1,1,0,40,105,164,252,326,395,372,262,139,103,155,32,9,141,137,64,64,53,32,12,8,4,0,4,0,0
G36002900061,1960,New York,36,Erie,029,1280,11000,,0061,,0310,TRACT 61 BUFFALO CITY,006,3,14,0,0,0,0,1,1,0,72,136,144,272,321,373,304,260,161,85,161,22,0,228,95,112,68,75,59,24,19,8,0,4,0,0
G36002900062,1960,New York,36,Erie,029,1280,11000,,0062,,0310,TRACT 62 BUFFALO CITY,006,3,14,0,0,0,0,1,1,0,14,22,16,8,29,70,30,37,11,12,19,16,0,717,42,26,48,29,16,0,8,0,0,0,0,0
G36002900063,1960,New York,36,Erie,029,1280,11000,,0063,,0310,TRACT 63 BUFFALO CITY (combined parts A and B),,,,,,,,,,,,,,,,,,,,,,,,355,217,180,106,112,46,61,18,7,0,30,11,8
G36002900064,1960,New York,36,Erie,029,1280,11000,,0064,,0310,TRACT 64 BUFFALO CITY,006,3,14,0,0,0,0,1,1,0,8,4,16,20,20,28,49,28,9,21,44,24,4,43,32,12,16,24,16,0,0,4,0,11,4,4
G36002900065,1960,New York,36,Erie,029,1280,11000,,0065,,0310,TRACT 65 BUFFALO CITY (combined parts A and B),,,,,,,,,,,,,,,,,,,,,,,,470,236,196,208,202,144,101,38,12,16,39,36,16
G36002900066,1960,New York,36,Erie,029,1280,11000,,0066,,0310,TRACT 66 BUFFALO CITY (combined parts A and B),,,,,,,,,,,,,,,,,,,,,,,,259,190,141,189,191,92,65,42,22,31,46,8,16
G36002900067,1960,New York,36,Erie,029,1280,11000,,0067,,0310,TRACT 67 BUFFALO CITY,006,3,14,0,0,0,0,1,1,0,51,68,118,115,287,198,224,157,185,107,267,147,118,729,395,403,330,315,226,139,78,48,12,117,40,12
G36002900068,1960,New York,36,Erie,029,1280,11000,,0068,,0310,TRACT 68 BUFFALO CITY,006,3,14,0,0,0,0,1,1,0,81,187,225,165,279,239,149,82,105,29,83,21,4,805,513,382,296,289,215,75,73,26,12,40,12,4
G36002900069,1960,New York,36,Erie,029,1280,11000,,0069,,0310,TRACT 69 BUFFALO CITY,006,3,14,0,0,0,0,1,1,0,193,282,229,370,625,663,389,327,228,186,279,57,8,286,170,137,109,77,60,4,4,0,4,4,4,0
G36002900070,1960,New York,36,Erie,029,1280,11000,,0070,,0310,TRACT 70 BUFFALO CITY,006,3,14,0,0,0,0,1,1,0,42,137,212,259,285,266,253,100,99,70,179,57,4,254,94,21,34,29,4,8,0,0,0,4,0,5
G36002900071,1960,New York,36,Erie,029,1280,11000,,0071,,0310,TRACT 71 BUFFALO CITY,006,3,14,1,1,1,1,1,1,2,276,528,525,575,676,554,402,238,135,66,172,37,0,654,485,203,148,165,73,40,21,8,20,0,4,0
G36002900072,1960,New York,36,Erie,029,1280,11000,,0072,,0310,TRACT 72 BUFFALO CITY,006,3,14,0,1,1,1,1,1,2,63,135,144,106,106,56,18,24,13,8,12,0,0,234,192,140,139,133,59,22,7,6,0,16,0,0
G36002900073,1960,New York,36,Erie,029,1280,,,0073,,0310,TRACT 73 GRAND ISLAND TOWN,015,7,00,0,0,1,1,1,1,0,12,26,43,56,124,246,324,377,273,241,486,140,47,70,107,11,35,5,45,12,0,4,0,0,0,0
G36002900074,1960,New York,36,Erie,029,1280,,,0074,,0310,TRACT 74 TONAWANDA CITY,025,4,09,0,0,1,1,1,1,0,8,3,14,7,14,60,49,36,32,15,33,5,0,27,15,7,0,9,25,4,0,0,0,0,0,0
G36002900075,1960,New York,36,Erie,029,1280,,,0075,,0310,TRACT 75 TONAWANDA CITY,025,4,09,0,0,1,1,1,1,0,13,34,44,39,80,120,66,48,72,36,41,8,4,74,24,12,29,20,11,4,16,0,0,4,0,0
G36002900076,1960,New York,36,Erie,029,1280,,,0076,,0310,TRACT 76 TONAWANDA CITY,025,4,09,0,0,1,1,1,1,0,10,17,14,43,98,157,192,169,148,103,164,24,0,10,31,9,3,17,5,4,8,0,0,0,0,0
G36002900077,1960,New York,36,Erie,029,1280,,,0077,,0310,TRACT 77 TONAWANDA CITY,025,4,09,0,0,1,1,1,1,0,38,53,90,91,175,278,249,213,151,104,219,74,20,138,107,78,45,24,59,8,8,8,0,4,4,0
G36002900078,1960,New York,36,Erie,029,1280,,,0078,,0310,TRACT 78 TONAWANDA CITY,025,4,09,0,0,1,1,1,1,0,18,27,45,87,207,270,271,263,173,178,216,12,0,48,30,12,12,23,32,17,3,0,0,0,0,0
G36002900079A,1960,New York,36,Erie,029,1280,,,0079,A,0310,TRACT 79-A TONAWANDA -U-,026,5,11,0,0,1,1,1,1,0,30,39,48,65,135,327,493,658,638,469,1052,220,25,39,16,9,7,8,4,8,8,10,0,4,0,0
G36002900079B,1960,New York,36,Erie,029,1280,,,0079,B,0310,TRACT 79-B TONAWANDA -U-,026,5,11,0,0,1,1,1,1,0,28,33,37,45,101,179,505,422,321,262,486,100,8,16,15,4,8,0,0,7,4,0,0,0,0,0
G36002900080A,1960,New York,36,Erie,029,1280,,,0080,A,0310,TRACT 80-A TONAWANDA -U-,026,5,11,0,0,1,1,1,1,0,20,24,43,56,111,225,364,320,296,206,317,54,17,12,12,12,8,4,4,5,0,0,4,0,0,0
G36002900080B,1960,New York,36,Erie,029,1280,,,0080,B,0310,TRACT 80-B TONAWANDA -U-,026,5,11,0,0,1,1,1,1,0,74,86,94,160,242,482,574,539,470,324,800,219,37,142,95,45,27,104,38,19,11,7,8,8,0,0
G36002900081A,1960,New York,36,Erie,029,1280,,,0081,A,0310,TRACT 81-A TONAWANDA -U-,026,5,11,0,0,1,1,1,1,0,21,25,19,58,63,215,254,267,297,173,433,119,12,26,13,8,4,8,4,9,5,0,4,5,0,0
G36002900081B,1960,New York,36,Erie,029,1280,,,0081,B,0310,TRACT 81-B TONAWANDA -U-,026,5,11,0,0,1,1,1,1,0,7,22,21,33,81,109,191,181,159,134,426,274,180,37,26,31,18,23,28,18,0,8,9,21,4,0
G36002900082A,1960,New York,36,Erie,029,1280,,,0082,A,0310,TRACT 82-A TONAWANDA -U-,026,5,11,0,0,1,1,1,1,0,8,27,13,45,36,134,193,156,101,93,151,29,5,96,49,24,13,19,4,4,0,0,0,0,0,0
G36002900082B,1960,New York,36,Erie,029,1280,,,0082,B,0310,TRACT 82-B TONAWANDA -U-,026,5,11,0,0,1,1,1,1,0,39,38,36,85,134,247,200,211,163,106,248,69,0,75,29,16,13,23,8,8,11,18,4,4,0,3
G36002900083,1960,New York,36,Erie,029,1280,,,0083,,0310,TRACT 83   TONAWANDA -U-,026,5,11,0,0,1,1,1,1,0,34,21,63,103,155,310,184,117,73,29,69,4,0,13,17,12,4,12,14,4,0,0,0,4,0,0
G36002900084,1960,New York,36,Erie,029,1280,,,0084,,0310,TRACT 84   TONAWANDA -U-,026,5,11,0,0,1,1,1,1,0,3,15,60,38,100,165,192,125,78,75,87,25,0,86,54,27,26,27,24,11,19,8,0,0,0,0
G36002900085,1960,New York,36,Erie,029,1280,,,0085,,0310,TRACT 85 TONAWANDA TOWN,026,4,09,0,0,1,1,1,1,0,28,38,31,31,76,127,95,126,91,93,127,45,4,72,40,24,12,0,13,4,4,0,0,8,0,0
G36002900086,1960,New York,36,Erie,029,1280,,,0086,,0310,TRACT 86 TONAWANDA TOWN,026,4,09,0,0,1,1,1,1,0,33,48,60,60,119,174,164,202,169,101,324,139,58,94,75,36,69,51,27,19,5,21,0,9,4,0
G36002900087,1960,New York,36,Erie,029,1280,,,0087,,0310,TRACT 87 TONAWANDA TOWN,026,4,09,0,0,1,1,1,1,0,30,33,66,105,153,239,287,229,172,155,286,67,12,108,35,42,50,69,25,28,28,3,8,8,0,0
G36002900088,1960,New York,36,Erie,029,1280,,,0088,,0310,TRACT 88 TONAWANDA TOWN,026,4,09,0,0,1,1,1,1,0,3,39,65,58,114,277,214,224,169,105,214,32,4,16,35,12,12,20,16,16,0,0,4,0,0,0
G36002900089,1960,New York,36,Erie,029,1280,,,0089,,0310,TRACT 89 AMHERST TOWN,002,4,07,0,0,1,1,1,1,0,42,40,79,60,145,118,209,194,102,93,387,177,64,108,66,61,21,19,31,16,16,11,9,7,4,9
G36002900090,1960,New York,36,Erie,029,1280,,,0090,,,TRACT 90 AMHERST TOWN,002,7,00,0,0,1,1,1,1,0,28,31,39,47,90,223,213,127,108,88,177,32,12,61,53,22,16,4,8,3,4,0,0,0,0,0
G36002900091,1960,New York,36,Erie,029,1280,,,0091,,,TRACT 91 PT AMHERST TOWN,002,9,99,0,0,1,1,1,1,2,28,25,31,93,98,196,188,279,206,190,385,170,37,58,11,23,8,26,9,4,13,0,0,0,0,0
G36002900092,1960,New York,36,Erie,029,1280,,,0092,,,TRACT 92 PT AMHERST TOWN,002,9,99,0,0,1,1,1,1,2,0,4,9,43,87,77,96,113,76,43,180,32,12,16,14,8,4,0,8,0,0,0,0,0,0,0
G36002900093,1960,New York,36,Erie,029,1280,,,0093,,0310,TRACT 93 EGGERTSVILLE TOWN -U-,002,5,10,0,0,1,1,1,1,0,81,72,78,146,229,349,419,348,369,205,526,113,31,122,84,37,29,42,40,37,19,4,4,20,5,5
G36002900094A,1960,New York,36,Erie,029,1280,,,0094,A,0310,TRACT 94-A EGGERTSVILLE TOWN -U-,002,5,10,0,0,1,1,1,1,0,24,32,47,67,77,173,164,179,207,171,457,205,96,220,40,43,32,17,29,19,12,17,15,12,12,0
G36002900094B,1960,New York,36,Erie,029,1280,,,0094,B,0310,TRACT 94-B EGGERTSVILLE TOWN -U-,002,5,10,0,0,1,1,1,1,0,4,13,21,22,32,61,72,106,81,99,364,254,120,22,31,4,0,0,9,0,4,0,0,7,0,4
G36002900095A,1960,New York,36,Erie,029,1280,,,0095,A,0310,TRACT 95-A EGGERTSVILLE TOWN -U-,002,5,10,0,0,1,1,1,1,0,25,36,32,64,39,98,85,122,127,96,487,329,257,106,59,4,22,11,32,8,17,4,13,4,14,8
G36002900095B,1960,New York,36,Erie,029,1280,,,0095,B,0310,TRACT 95-B EGGERTSVILLE TOWN -U-,002,5,10,0,0,1,1,1,1,0,20,35,34,65,110,84,225,216,237,192,612,270,58,52,32,22,19,19,11,17,7,0,7,4,4,0
G36002900096,1960,New York,36,Erie,029,1280,,,0096,,,TRACT 96 PT AMHERST TOWN,002,9,99,0,0,1,1,1,1,2,25,24,29,55,52,63,101,88,36,74,181,93,40,214,35,23,24,32,4,8,0,0,0,4,0,4
G36002900097,1960,New York,36,Erie,029,1280,,,0097,,0310,TRACT 97 CHEEKTOWAGA TOWN,007,4,08,0,0,1,1,1,1,0,0,20,19,23,123,217,257,262,115,94,186,36,0,16,12,0,8,4,4,4,0,11,0,0,0,0
G36002900098,1960,New York,36,Erie,029,1280,,,0098,,0310,TRACT 98 CHEEKTOWAGA TOWN,007,4,08,0,0,1,1,1,1,0,11,21,12,30,56,114,69,46,32,35,46,16,0,43,25,16,19,17,0,5,0,0,0,0,0,0
G36002900099,1960,New York,36,Erie,029,1280,,,0099,,0310,TRACT 99 CHEEKTOWAGA TOWN,007,4,07,0,0,1,1,1,1,0,42,39,42,95,180,288,225,197,137,113,146,38,0,51,19,6,7,11,23,0,0,0,0,0,0,0
G36002900100,1960,New York,36,Erie,029,1280,,,0100,,0310,TRACT 100 PT CHEEKSTOWAGA NORTHWEST -U-,007,9,99,0,0,1,1,1,1,2,31,26,57,102,224,454,379,411,247,188,249,36,5,38,26,12,36,9,20,8,4,4,0,4,0,0
G36002900101A,1960,New York,36,Erie,029,1280,,,0101,A,0310,TRACT 101-A CHEEKSTOWAGA NORTHWEST -U-,007,5,11,0,0,1,1,1,1,0,16,24,68,129,241,638,622,542,399,259,487,81,16,61,32,12,12,24,7,20,4,16,5,0,0,0
G36002900101B,1960,New York,36,Erie,029,1280,,,0101,B,0310,TRACT 101-B CHEEKSTOWAGA NORTHWEST -U-,007,5,11,0,0,1,1,1,1,0,34,23,43,119,181,297,331,207,136,122,155,24,4,56,8,29,21,25,8,11,0,8,0,7,0,0
G36002900102,1960,New York,36,Erie,029,1280,,,0102,,0310,TRACT 102 CHEEKSTOWAGA NORTHWEST -U-,007,5,11,0,0,1,1,1,1,0,36,71,56,92,213,364,448,357,300,248,478,124,21,102,61,38,42,23,21,20,3,8,0,8,4,0
G36002900103,1960,New York,36,Erie,029,1280,,,0103,,0310,TRACT 103 CHEEKSTOWAGA NORTHWEST -U-,007,5,11,0,0,1,1,1,1,0,16,12,39,32,68,68,60,54,31,44,54,4,8,205,23,8,12,9,4,8,0,0,0,0,0,0
G36002900104,1960,New York,36,Erie,029,1280,,,0104,,0310,TRACT 104 CHEEKSTOWAGA NORTHWEST -U-,007,5,11,0,0,1,1,1,1,0,32,45,32,55,109,206,165,124,66,32,97,27,0,38,18,19,4,8,8,4,0,4,0,0,0,0
G36002900105,1960,New York,36,Erie,029,1280,,,0105,,0310,TRACT 105 CHEEKSTOWAGA NORTHWEST -U-,007,5,11,0,0,1,1,1,1,0,16,36,20,69,104,184,174,105,82,40,143,28,0,40,12,15,11,24,16,0,4,8,0,0,0,0
G36002900106,1960,New York,36,Erie,029,1280,,,0106,,0310,TRACT 106 CHEEKSTOWAGA NORTHWEST -U-,007,5,11,0,0,1,1,1,1,0,29,16,8,31,105,180,160,152,129,40,140,18,0,30,4,9,17,4,9,0,0,0,0,0,0,0
G36002900107,1960,New York,36,Erie,029,1280,,,0107,,0310,TRACT 107 PT CHECKTOWAGA TOWN,007,9,99,0,0,1,1,1,1,2,15,24,23,52,97,205,157,151,128,63,125,4,0,19,0,0,4,8,0,0,0,0,0,0,0,0
G36002900108,1960,New York,36,Erie,029,1280,,,0108,,,TRACT 108 CHEEKTOWAGA TOWN,007,7,00,0,0,1,1,1,1,0,44,30,29,58,126,138,86,70,81,59,96,19,4,12,21,0,23,12,0,0,0,3,0,0,0,0
G36002900109,1960,New York,36,Erie,029,1280,,,0109,,0310,TRACT 109 CHEEKTOWAGA TOWN,007,7,00,0,0,1,1,1,1,0,11,33,34,52,194,229,210,162,121,116,168,34,0,103,12,12,4,4,13,0,0,0,0,0,0,0
G36002900110,1960,New York,36,Erie,029,1280,,,0110,,0310,TRACT 110 CHEEKTOWAGA TOWN,007,5,08,0,0,1,1,1,1,0,13,28,28,50,84,167,119,92,83,13,52,8,4,33,3,3,10,0,0,0,0,0,0,0,0,0
G36002900111,1960,New York,36,Erie,029,1280,,,0111,,0310,TRACT 111 CHEEKTOWAGA TOWN,007,5,08,0,0,1,1,1,1,0,4,14,45,52,123,183,135,130,65,69,65,5,0,22,5,0,4,0,14,0,3,0,0,0,0,0
G36002900112,1960,New York,36,Erie,029,1280,,,0112,,0310,TRACT 112 WEST SENECA TOWN,028,5,09,0,0,1,1,1,1,0,21,23,18,46,104,123,173,110,75,47,122,18,0,30,30,11,4,4,4,0,0,4,0,0,0,0
G36002900113,1960,New York,36,Erie,029,1280,,,0113,,,TRACT 113 WEST SENECA TOWN,028,5,09,0,0,1,1,1,1,0,12,30,32,48,124,203,215,144,132,86,104,26,0,29,30,11,29,11,0,0,0,0,0,0,0,0
G36002900114,1960,New York,36,Erie,029,1280,,,0114,,0310,TRACT 114 WEST SENECA TOWN,028,5,09,0,0,1,1,1,1,0,16,15,20,64,49,178,162,99,80,64,89,15,0,65,46,8,4,26,8,8,0,4,0,0,0,0
G36002900115,1960,New York,36,Erie,029,1280,,,0115,,0310,TRACT 115 WEST SENECA TOWN,028,5,09,0,0,1,1,1,1,0,4,27,17,32,38,113,49,48,36,31,41,8,0,37,4,8,4,4,4,0,4,0,0,0,0,0
G36002900116,1960,New York,36,Erie,029,1280,,,0116,,0310,TRACT 116 WEST SENECA TOWN,028,5,09,0,0,1,1,1,1,0,8,8,16,12,29,111,139,58,64,17,65,4,0,19,0,0,7,4,0,4,0,0,0,0,0,0
G36002900117,1960,New York,36,Erie,029,1280,,,0117,,0310,TRACT 117 WEST SENECA TOWN,028,5,09,0,0,1,1,1,1,0,13,36,28,62,86,174,197,147,172,71,171,22,4,39,31,14,11,3,5,0,4,4,0,5,0,0
G36002900118,1960,New York,36,Erie,029,1280,,,0118,,,TRACT 118 WEST SENECA TOWN,028,5,09,0,0,1,1,1,1,0,3,16,21,46,45,79,125,70,49,85,127,26,3,21,12,0,5,0,8,5,0,5,0,0,0,0
G36002900119,1960,New York,36,Erie,029,1280,,,0119,,0310,TRACT 119 WEST SENECA TOWN,028,5,09,0,0,1,1,1,1,0,22,11,16,39,72,108,113,98,65,76,163,36,0,32,25,4,8,0,10,4,0,4,0,0,0,0
G36002900120,1960,New York,36,Erie,029,1280,,,0120,,0310,TRACT 120 WEST SENECA TOWN,028,7,00,0,0,1,1,1,1,0,39,19,25,55,156,279,368,303,237,180,357,45,12,64,24,23,11,0,4,0,3,3,0,16,0,0
G36002900121,1960,New York,36,Erie,029,1280,,,0121,,0310,TRACT 121 LACKAWANNA CITY,018,4,10,0,0,1,1,0,1,0,77,49,77,73,121,141,57,56,41,25,67,12,0,118,52,55,92,105,29,12,0,0,4,0,0,0
G36002900122,1960,New York,36,Erie,029,1280,,,0122,,0310,TRACT 122 LACKAWANNA CITY,018,4,10,0,0,1,1,0,1,0,81,150,113,143,208,244,175,93,59,94,104,26,0,89,20,33,34,24,19,9,0,0,0,0,0,0
G36002900123,1960,New York,36,Erie,029,1280,,,0123,,0310,TRACT 123 LACKAWANNA CITY,018,4,10,0,0,1,1,1,1,0,19,44,62,70,219,233,234,153,82,69,155,36,4,93,39,65,39,34,15,4,4,0,0,13,0,0
G36002900124,1960,New York,36,Erie,029,1280,,,0124,,0310,TRACT 124 LACKAWANNA CITY,018,4,10,0,0,1,1,1,1,0,26,24,45,104,175,187,137,139,92,27,92,22,7,60,33,8,20,8,8,3,4,0,0,5,0,0
G36002900125,1960,New York,36,Erie,029,1280,,,0125,,0310,TRACT 125 LACKAWANNA CITY,018,4,10,0,0,1,1,1,1,0,42,33,27,92,250,274,323,247,172,133,353,68,12,44,37,39,24,40,26,9,5,4,0,13,9,0
G36002900126,1960,New York,36,Erie,029,1280,,,0126,,0310,TRACT 126 LACKAWANNA CITY,018,4,10,0,0,1,1,1,1,0,3,15,8,20,61,63,104,46,45,35,73,20,3,20,8,16,20,8,8,16,4,0,4,0,0,0
G36002900127,1960,New York,36,Erie,029,1280,,,0127,,0310,TRACT 127 LACKAWANNA CITY,018,4,10,0,1,1,1,1,1,0,0,0,0,0,0,0,0,0,0,0,0,0,0,113,30,18,0,5,4,0,0,0,0,0,0,0
G36002900128,1960,New York,36,Erie,029,1280,,,0128,,0310,TRACT 128 HAMBURG TOWN,016,4,06,0,0,1,1,1,1,0,17,32,39,66,127,159,191,112,80,82,90,12,4,43,38,24,15,12,8,8,0,8,4,7,0,0
G36002900129,1960,New York,36,Erie,029,1280,,,0129,,,TRACT 129 HAMBURG TOWN,016,7,00,0,0,1,1,1,1,0,11,20,51,45,152,327,194,190,126,82,159,47,0,150,21,22,9,22,20,0,0,0,4,0,0,0
G36002900130,1960,New York,36,Erie,029,1280,,,0130,,0310,TRACT 130 HAMBURG TOWN,016,5,08,0,0,1,1,1,1,0,58,26,33,63,122,184,173,135,69,64,139,15,11,76,33,12,42,35,11,16,4,0,0,0,0,8
G36002900131,1960,New York,36,Erie,029,1280,,,0131,,0310,TRACT 131 HAMBURG TOWN,016,7,00,0,0,1,1,1,1,0,37,30,35,101,211,370,374,330,290,275,433,117,59,49,53,32,43,24,16,24,0,0,4,9,4,0
G36002900132,1960,New York,36,Erie,029,1280,,,0132,,,TRACT 132 HAMBURG TOWN,016,7,00,0,0,1,1,1,1,0,38,61,67,71,155,249,269,207,144,114,306,82,24,122,95,27,27,20,17,4,3,4,0,4,0,0
G36002900133,1960,New York,36,Erie,029,1280,,,0133,,,TRACT 133 HAMBURG TOWN,016,4,00,0,0,1,1,1,1,0,11,20,24,29,52,115,87,121,116,87,251,57,12,68,32,23,3,15,16,4,0,8,4,0,0,0
G36002900134,1960,New York,36,Erie,029,1280,,,0134,,,TRACT 134 HAMBURG TOWN,016,7,00,0,0,1,1,1,1,0,23,37,36,65,94,138,147,148,124,100,333,149,34,69,68,36,18,33,23,24,8,4,0,11,0,5
G36002900135,1960,New York,36,Erie,029,1280,,,0135,,,TRACT 135 OCHARD PARK TOWN,023,7,00,0,0,1,1,1,1,0,35,23,60,85,158,217,181,126,122,64,210,65,23,59,10,11,7,6,12,3,8,0,0,0,0,0
G36002900136,1960,New York,36,Erie,029,1280,,,0136,,,TRACT 136 OCHARD PARK TOWN,023,4,00,0,0,1,1,1,1,0,4,16,12,20,56,48,88,70,91,45,234,139,28,26,41,12,8,4,17,8,8,0,0,8,0,0
G36002900137,1960,New York,36,Erie,029,1280,,,0137,,0310,TRACT 137 OCHARD PARK TOWN,023,7,00,0,0,0,1,1,1,0,35,51,75,61,141,339,277,218,161,128,253,38,17,72,70,21,28,15,9,7,4,0,0,7,0,0
G36002900138,1960,New York,36,Erie,029,1280,,,0138,,,TRACT 138 AURORA TOWN,003,7,00,0,0,1,1,1,1,0,36,58,96,89,142,199,165,170,143,105,277,117,31,99,21,8,4,4,7,16,0,0,4,0,0,0
G36002900139,1960,New York,36,Erie,029,1280,,,0139,,,TRACT 139 AURORA TOWN,003,4,00,0,0,1,1,1,1,0,19,38,23,48,79,97,73,59,70,39,141,49,14,99,69,24,11,0,12,9,4,5,4,5,0,0
G36002900140,1960,New York,36,Erie,029,1280,,,0140,,,TRACT 140 AURORA TOWN,003,4,00,0,0,1,1,1,1,0,23,44,68,75,68,82,70,95,67,112,214,70,33,77,59,42,52,26,37,11,3,0,0,0,0,0
G36002900141,1960,New York,36,Erie,029,1280,,,0141,,,TRACT 141 ELMA TOWN,013,7,00,0,0,1,1,1,1,0,60,63,94,119,146,217,263,300,163,148,251,71,4,120,35,20,24,3,20,7,0,4,0,0,0,0
G36002900142,1960,New York,36,Erie,029,1280,,,0142,,,TRACT 142 LANCASTER TOWN,019,7,00,0,0,1,1,1,1,0,18,63,94,92,159,289,294,225,139,127,255,64,12,133,73,17,23,27,6,0,0,4,0,7,0,0
G36002900143,1960,New York,36,Erie,029,1280,,,0143,,0310,TRACT 143 LANCASTER TOWN,019,4,08,0,0,1,1,1,1,0,21,24,55,102,117,200,237,250,235,142,248,48,26,56,63,12,19,12,4,12,4,4,0,0,0,0
G36002900144,1960,New York,36,Erie,029,1280,,,0144,,0310,TRACT 144 LANCASTER TOWN,019,4,08,0,0,1,1,1,1,0,39,37,82,70,210,202,192,202,134,100,167,32,3,96,55,52,52,16,21,27,9,0,4,0,4,0
G36002900145,1960,New York,36,Erie,029,1280,,,0145,,0310,TRACT 145 LANCASTER TOWN,019,4,08,0,0,1,1,1,1,0,33,67,80,119,154,253,250,191,152,101,192,38,0,105,45,16,20,40,3,4,12,0,4,0,0,0
G36002900146,1960,New York,36,Erie,029,1280,,,0146,,,TRACT 146 CLARENCE TOWN,008,7,00,0,0,1,1,1,1,0,49,49,33,73,89,159,192,265,168,135,526,181,35,43,14,4,8,20,4,8,8,4,4,0,0,0
G36002900147,1960,New York,36,Erie,029,1280,,,0147,,,TRACT 147 CLARENCE TOWN,008,7,00,0,0,1,1,1,1,0,58,56,56,55,167,173,180,160,153,100,173,86,32,117,26,19,29,4,31,0,13,0,0,4,0,0
G36002900148,1960,New York,36,Erie,029,1280,,,0148,,,TRACT 148 NEWSTEAD TOWN,021,7,00,0,0,1,1,1,1,0,24,102,70,109,160,238,216,201,102,101,159,32,8,103,72,29,4,28,17,3,8,4,0,0,4,4
G36002900149,1960,New York,36,Erie,029,1280,,,0149,,,TRACT 149 ALDEN TOWN,001,7,00,0,0,1,1,1,1,0,53,41,94,85,198,255,202,125,116,96,152,59,8,87,51,7,68,7,18,4,0,0,0,4,0,0
G36002900150,1960,New York,36,Erie,029,1280,,,0150,,,TRACT 150 HOLLAND TOWN,017,7,00,0,0,1,1,1,1,0,66,78,113,115,196,245,274,171,125,53,205,32,16,88,60,24,8,12,3,0,0,0,0,0,5,0
G36002900151,1960,New York,36,Erie,029,1280,,,0151,,,TRACT 151 COLDEN TOWN,009,7,00,0,0,1,1,1,1,0,46,56,77,123,159,189,139,100,73,58,105,24,4,64,19,25,12,4,0,0,8,0,0,0,0,0
G36002900152,1960,New York,36,Erie,029,1280,,,0152,,,TRACT 152 BOSTON TOWN,004,7,00,0,0,1,1,1,1,0,38,50,46,83,143,174,251,141,113,75,139,25,13,30,21,4,16,13,21,11,0,0,4,4,0,0
G36002900153,1960,New York,36,Erie,029,1280,,,0153,,,TRACT 153 EDEN TOWN,012,5,00,0,0,1,1,1,1,0,28,63,68,77,214,242,206,190,86,102,211,52,16,99,53,19,16,20,12,3,12,4,0,3,0,0
G36002900154,1960,New York,36,Erie,029,1280,,,0154,,0310,TRACT 154 EVANS TOWN,014,7,00,0,0,1,1,1,1,0,38,50,57,103,187,164,222,103,108,52,139,28,8,130,57,21,4,7,12,11,0,4,0,5,4,4
G36002900155,1960,New York,36,Erie,029,1280,,,0155,,,TRACT 155 EVANS TOWN,014,5,00,0,0,1,1,1,1,0,56,68,65,132,249,305,231,163,146,117,177,50,4,70,65,34,17,18,19,29,4,9,0,5,0,0
G36002900156,1960,New York,36,Erie,029,1280,,,0156,,,TRACT 156 BRANT TOWN,005,7,00,0,0,1,1,1,1,0,25,25,37,74,80,80,64,20,42,21,61,5,0,75,40,9,22,8,5,9,0,4,0,0,0,0
G36002900157,1960,New York,36,Erie,029,1280,,,0157,,,TRACT 157 NORTH COLLINS TOWN,022,7,00,0,0,1,1,1,1,0,54,84,54,104,125,124,113,48,47,36,54,22,5,104,44,23,12,19,8,4,0,5,0,0,0,0
G36002900158,1960,New York,36,Erie,029,1280,,,0158,,,TRACT 158 CONCORD TOWN,011,7,00,0,0,1,1,1,1,0,39,44,52,49,71,109,78,38,41,47,31,20,4,31,16,0,8,4,4,8,0,0,0,0,0,0
G36002900159,1960,New York,36,Erie,029,1280,,,0159,,,TRACT 159 CONCORD TOWN,011,4,00,0,0,1,1,1,1,0,40,42,36,92,111,139,133,92,73,71,84,31,4,103,95,52,30,27,4,12,8,0,0,8,0,0
G36002900160,1960,New York,36,Erie,029,1280,,,0160,,,TRACT 160 COLLINS TOWN,010,7,00,0,0,1,1,1,1,0,36,41,67,63,142,148,124,138,80,80,142,24,12,120,54,28,36,13,4,4,8,3,4,0,0,0
G36002900161,1960,New York,36,Erie,029,1280,,,0161,,,TRACT 161 COLLINS TOWN,010,7,00,0,0,1,1,1,1,0,0,0,0,0,0,0,3,0,0,3,7,3,0,40,13,12,14,23,0,7,4,0,0,3,0,0
G36002900162,1960,New York,36,Erie,029,1280,,,0162,,,TRACT 162 CATTARAUGUS INDIAN RESERVATION,029,7,00,0,0,1,1,0,1,0,31,24,41,52,19,25,12,27,9,16,0,0,0,29,22,7,8,4,0,4,0,0,5,0,0,0
G3600430HC0001,1960,New York,36,Herkimer,043,8680,,HC,0001,,,TRACT HC-1 COLUMBIA TOWN,020,7,00,0,0,1,1,1,1,0,54,94,130,147,161,180,90,129,54,53,63,41,23,184,35,9,15,12,8,4,0,0,0,0,0,0
G3600430HC0002,1960,New York,36,Herkimer,043,8680,,HC,0002,,,TRACT HC-2 FRANKFORT TOWN,004,4,00,0,0,1,1,1,1,0,58,84,79,208,291,329,235,200,190,71,134,16,4,152,65,57,19,15,8,18,0,4,0,0,0,0
G3600430HC0005,1960,New York,36,Herkimer,043,8680,,HC,0005,,,TRACT HC-5 GERMAN FLATTS TOWN,005,4,00,0,0,1,1,1,1,0,32,93,60,148,241,233,135,130,159,72,128,13,14,150,40,48,26,32,17,5,0,0,0,0,0,0
G3600430HC0009,1960,New York,36,Herkimer,043,8680,,HC,0009,,,TRACT HC-9 DANUBE TOWN,009,7,00,0,0,1,1,1,1,0,23,36,74,79,138,98,61,73,37,20,30,21,0,66,26,9,0,0,4,0,0,0,0,0,0,0
G3600430HC0010,1960,New York,36,Herkimer,043,8680,,HC,0010,,,TRACT HC-10 MANHEIM TOWN,010,7,00,0,0,1,1,1,1,0,51,60,114,125,137,163,128,79,47,43,67,32,0,98,61,41,17,11,13,8,4,0,0,4,0,0
G3600430HC0013,1960,New York,36,Herkimer,043,8680,,HC,0013,,,TRACT HC-13 HERKIMER TOWN,016,7,00,0,0,1,1,1,1,0,45,72,151,173,175,230,201,175,78,41,123,23,12,108,71,37,21,8,8,0,4,0,4,0,0,0
G3600430HC0014,1960,New York,36,Herkimer,043,8680,,HC,0014,,,TRACT HC-14 FAIRFIELD TOWN,015,7,00,0,0,1,1,1,1,0,79,58,67,125,82,131,72,65,41,8,42,16,0,65,36,12,16,12,0,0,0,0,0,0,0,0
G3600430HC0015,1960,New York,36,Herkimer,043,8680,,HC,0015,,,TRACT HC-15 OHIO TOWN,014,4,00,0,0,1,1,1,1,0,84,80,72,110,120,110,91,80,74,35,89,24,0,83,71,28,16,24,20,8,0,0,0,4,0,0
G3600430HE0011,1960,New York,36,Herkimer,043,8680,,HE,0011,,,TRACT HE-11 HERKIMER TOWN,006,4,00,0,0,1,1,1,1,0,14,61,62,115,176,143,111,90,59,22,86,17,0,82,35,14,25,20,3,7,0,0,0,0,0,0
G3600430HE0012,1960,New York,36,Herkimer,043,8680,,HE,0012,,,TRACT HE-12 HERKIMER TOWN,006,4,00,0,0,1,1,1,1,0,29,76,103,143,215,206,231,148,104,66,198,42,8,112,93,46,54,42,35,29,11,0,8,4,0,0
G3600430IL0003,1960,New York,36,Herkimer,043,8680,,IL,0003,,,TRACT 1L-3 GERMAN FLATTS TOWN,005,4,00,0,0,1,1,1,1,0,13,55,78,75,248,197,186,163,129,110,168,36,0,65,67,33,44,20,7,13,0,8,0,0,0,0
G3600430IL0004,1960,New York,36,Herkimer,043,8680,,IL,0004,,,TRACT 1L-4 GERMAN FLATTS TOWN,005,4,00,0,0,1,1,1,1,0,28,85,124,125,238,184,159,91,74,63,91,20,5,134,144,82,67,21,23,18,9,7,5,4,0,0
G3600430LF0006,1960,New York,36,Herkimer,043,8680,,LF,0006,,,TRACT LF-6 LITTLE FALLS CITY,008,4,00,0,0,1,1,1,1,0,3,23,15,46,48,34,23,20,4,11,9,0,0,9,4,5,0,0,0,4,0,0,0,3,0,0
G3600430LF0007,1960,New York,36,Herkimer,043,8680,,LF,0007,,,TRACT LF-7 LITTLE FALLS CITY,008,4,00,0,0,1,1,1,1,0,24,69,70,176,159,180,148,137,100,40,101,20,13,69,99,45,34,31,9,0,3,4,0,8,0,3
G3600430LF0008,1960,New York,36,Herkimer,043,8680,,LF,0008,,,TRACT LF-8 LITTLE FALLS CITY,008,4,00,0,0,1,1,1,1,0,24,70,88,123,125,122,103,106,58,53,100,25,4,105,65,74,44,8,4,9,4,0,0,4,0,0
G36004700001,1960,New York,36,Kings,047,5600,51000,,0001,,1450,TRACT 1      NEW YORK CITY BROOKLYN,001,3,15,0,0,0,0,1,1,0,15,36,17,83,76,60,76,67,54,35,109,42,11,729,155,146,169,200,183,83,44,34,22,56,0,12
G36004700002,1960,New York,36,Kings,047,5600,51000,,0002,,1450,TRACT 2      NEW YORK CITY BROOKLYN,001,3,15,0,0,0,0,1,0,0,56,21,31,73,94,62,31,40,20,18,19,4,0,37,34,21,9,0,0,0,4,0,0,0,0,0
G360047000030,1960,New York,36,Kings,047,5600,51000,,0003,0,1450,TRACT 3-0    NEW YORK CITY BROOKLYN,001,3,15,0,0,0,0,1,1,0,20,48,61,87,61,78,105,65,86,93,309,259,132,251,91,163,171,273,270,146,95,92,57,158,64,8
G360047000031,1960,New York,36,Kings,047,5600,51000,,0003,1,1450,TRACT 3-1    NEW YORK CITY BROOKLYN,001,3,15,0,1,1,1,1,1,2,0,0,0,0,0,5,0,5,0,0,0,0,0,9,0,15,5,9,13,14,4,4,0,0,0,0
G36004700005,1960,New York,36,Kings,047,5600,51000,,0005,,1450,TRACT 5      NEW YORK CITY BROOKLYN,001,3,15,0,0,0,0,1,1,0,44,33,61,119,97,103,141,121,138,97,385,172,82,306,421,517,466,562,644,313,200,159,112,157,88,9
G36004700007,1960,New York,36,Kings,047,5600,51000,,0007,,1450,TRACT 7      NEW YORK CITY BROOKLYN,001,3,15,0,0,0,0,1,0,0,70,68,101,72,110,128,100,90,53,40,100,28,12,186,188,132,117,167,79,64,44,31,8,13,0,0
G36004700009,1960,New York,36,Kings,047,5600,51000,,0009,,1450,TRACT 9      NEW YORK CITY BROOKLYN,001,3,15,0,0,0,0,1,1,0,28,30,49,16,35,31,38,19,16,0,40,46,8,114,72,57,66,81,53,43,9,4,13,10,0,0
G36004700011,1960,New York,36,Kings,047,5600,51000,,0011,,1450,TRACT 11     NEW YORK CITY BROOKLYN,001,3,15,0,0,1,0,1,1,0,5,0,10,18,0,21,10,0,7,0,5,0,0,80,19,0,3,0,0,0,0,0,0,0,0,0
G36004700013,1960,New York,36,Kings,047,5600,51000,,0013,,1450,TRACT 13     NEW YORK CITY BROOKLYN,001,3,15,0,0,0,0,1,1,0,0,20,15,9,33,17,39,42,54,70,208,134,28,8,20,11,24,37,98,52,39,28,28,46,7,0
G36004700018,1960,New York,36,Kings,047,5600,51000,,0018,,1450,TRACT 18     NEW YORK CITY BROOKLYN,001,3,15,0,1,1,1,1,1,2,0,0,0,0,0,0,0,0,0,0,2,0,0,10,31,25,25,26,34,21,5,3,0,5,0,0
G36004700020,1960,New York,36,Kings,047,5600,51000,,0020,,1450,TRACT 20     NEW YORK CITY BROOKLYN,001,3,15,0,0,0,0,1,0,0,47,41,86,98,155,175,89,58,37,39,35,17,0,58,55,38,13,5,4,17,0,0,0,0,0,0
G36004700021,1960,New York,36,Kings,047,5600,51000,,0021,,1450,TRACT 21     NEW YORK CITY BROOKLYN,001,3,15,0,0,1,0,1,1,0,7,35,15,44,19,40,17,22,5,8,4,0,0,19,21,9,8,14,8,0,0,0,0,0,5,0
G36004700022,1960,New York,36,Kings,047,5600,51000,,0022,,1450,TRACT 22     NEW YORK CITY BROOKLYN,001,3,15,0,0,0,0,1,0,0,39,24,72,118,123,180,85,92,83,52,63,12,0,56,64,54,34,24,20,0,0,0,0,4,0,0
G36004700023,1960,New York,36,Kings,047,5600,51000,,0023,,1450,TRACT 23     NEW YORK CITY BROOKLYN,001,3,15,0,0,0,0,0,0,0,107,125,166,316,268,107,94,59,51,17,32,3,4,31,33,33,23,8,9,0,3,0,0,0,0,0
G36004700025,1960,New York,36,Kings,047,5600,51000,,0025,,1450,TRACT 25     NEW YORK CITY BROOKLYN,001,3,15,0,0,0,0,0,0,0,60,124,202,254,120,75,55,32,4,3,15,0,8,55,63,23,8,0,4,4,0,0,0,0,0,0
G36004700027,1960,New York,36,Kings,047,5600,51000,,0027,,1450,TRACT 27     NEW YORK CITY BROOKLYN,001,3,15,0,0,1,0,0,1,0,9,34,21,5,31,2,4,11,0,12,12,0,0,22,46,38,17,14,6,0,0,0,0,0,12,0
G360047000290,1960,New York,36,Kings,047,5600,51000,,0029,0,1450,TRACT 29-0   NEW YORK CITY BROOKLYN,001,3,15,0,0,0,0,0,0,0,58,112,220,275,201,81,32,31,12,4,13,0,0,85,86,19,9,0,0,0,0,0,3,0,0,0
G360047000291,1960,New York,36,Kings,047,5600,51000,,0029,1,1450,TRACT 29-1   NEW YORK CITY BROOKLYN,001,3,15,0,0,0,0,1,1,0,119,29,14,13,20,4,15,7,5,8,0,0,0,21,0,13,4,4,0,0,0,0,0,0,0,0
G36004700030,1960,New York,36,Kings,047,5600,51000,,0030,,1450,TRACT 30     NEW YORK CITY BROOKLYN,001,3,15,0,0,0,0,1,1,0,5,21,13,34,52,89,73,69,62,41,126,32,0,16,19,22,13,11,5,5,17,0,0,8,0,0
G36004700031,1960,New York,36,Kings,047,5600,51000,,0031,,1450,TRACT 31     NEW YORK CITY BROOKLYN,001,3,15,0,0,0,0,0,1,0,5,5,0,28,28,26,54,54,70,68,173,84,23,128,37,64,47,95,78,66,32,29,27,24,0,0
G36004700032,1960,New York,36,Kings,047,5600,51000,,0032,,1450,TRACT 32     NEW YORK CITY BROOKLYN,001,3,15,0,0,0,0,1,1,0,17,0,0,4,3,78,31,19,31,22,62,27,0,53,12,4,0,0,5,0,4,0,0,0,0,0
G36004700033,1960,New York,36,Kings,047,5600,51000,,0033,,1450,TRACT 33     NEW YORK CITY BROOKLYN,001,3,15,0,0,0,0,0,0,0,60,134,150,143,101,57,60,23,35,18,26,5,4,161,198,101,97,42,38,13,4,0,4,0,8,0
G36004700034,1960,New York,36,Kings,047,5600,51000,,0034,,1450,TRACT 34     NEW YORK CITY BROOKLYN,001,3,15,0,0,0,0,1,1,0,21,19,35,28,72,82,113,84,48,56,145,33,4,89,3,4,8,10,4,4,0,4,4,0,0,0
G36004700035,1960,New York,36,Kings,047,5600,51000,,0035,,1450,TRACT 35     NEW YORK CITY BROOKLYN,001,3,15,0,0,0,0,1,0,0,28,56,57,50,35,24,29,21,23,19,26,0,0,131,174,116,90,98,49,62,21,16,16,4,0,0
G36004700036,1960,New York,36,Kings,047,5600,51000,,0036,,1450,TRACT 36     NEW YORK CITY BROOKLYN,001,3,15,0,0,0,0,1,1,0,47,47,35,51,51,157,158,162,103,132,323,136,20,55,43,38,43,72,33,43,11,20,3,7,4,0
G36004700037,1960,New York,36,Kings,047,5600,51000,,0037,,1450,TRACT 37     NEW YORK CITY BROOKLYN,001,3,15,0,0,1,0,1,1,0,7,27,7,11,16,3,0,16,0,0,3,0,0,46,31,14,56,18,39,52,24,3,0,4,0,0
G36004700038,1960,New York,36,Kings,047,5600,51000,,0038,,1450,TRACT 38     NEW YORK CITY BROOKLYN,001,3,15,0,0,0,0,1,1,0,8,4,19,29,29,79,35,57,52,50,149,63,20,13,12,14,12,8,18,15,0,8,8,4,0,0
G36004700039,1960,New York,36,Kings,047,5600,51000,,0039,,1450,TRACT 39     NEW YORK CITY BROOKLYN,001,3,15,0,0,0,0,0,0,0,83,117,99,130,98,99,31,41,51,4,5,0,0,216,181,161,198,71,63,4,8,0,0,0,0,0
G36004700040,1960,New York,36,Kings,047,5600,51000,,0040,,1450,TRACT 40     NEW YORK CITY BROOKLYN,001,3,15,0,0,0,0,1,1,0,0,4,0,7,0,21,3,25,32,24,77,30,9,0,18,0,4,4,4,4,0,0,0,0,0,0
G36004700041,1960,New York,36,Kings,047,5600,51000,,0041,,1450,TRACT 41     NEW YORK CITY BROOKLYN,001,3,15,0,0,0,0,0,0,0,149,216,240,165,138,104,92,54,33,49,49,9,3,287,184,236,253,51,40,16,4,6,0,4,0,4
G36004700042,1960,New York,36,Kings,047,5600,51000,,0042,,1450,TRACT 42     NEW YORK CITY BROOKLYN,001,3,15,0,0,0,0,1,1,0,0,16,13,21,16,39,21,11,28,28,110,80,22,12,0,13,22,8,19,10,7,7,8,0,0,0
G36004700043,1960,New York,36,Kings,047,5600,51000,,0043,,1450,TRACT 43     NEW YORK CITY BROOKLYN,001,3,15,0,0,0,0,0,0,0,51,129,187,177,168,130,66,72,27,6,33,16,0,126,78,88,53,23,11,9,3,0,0,3,0,0
G36004700044,1960,New York,36,Kings,047,5600,51000,,0044,,1450,TRACT 44     NEW YORK CITY BROOKLYN,001,3,15,0,0,0,0,1,1,0,0,0,0,4,4,4,4,8,0,8,49,66,67,0,0,0,0,4,0,4,0,0,0,0,0,0
G36004700045,1960,New York,36,Kings,047,5600,51000,,0045,,1450,TRACT 45     NEW YORK CITY BROOKLYN,001,3,15,0,0,0,0,1,0,0,49,119,104,138,155,168,145,86,84,83,127,21,8,240,140,138,82,63,50,7,13,12,3,11,0,0
G36004700046,1960,New York,36,Kings,047,5600,51000,,0046,,1450,TRACT 46     NEW YORK CITY BROOKLYN,001,3,15,0,0,0,0,1,1,0,0,3,21,16,19,29,24,20,4,0,70,20,38,23,48,15,7,5,4,0,0,0,0,4,0,0
G36004700047,1960,New York,36,Kings,047,5600,51000,,0047,,1450,TRACT 47     NEW YORK CITY BROOKLYN,001,3,15,0,0,0,0,1,0,0,19,36,57,79,41,32,27,22,19,16,15,4,4,44,18,13,3,0,0,8,0,0,0,0,0,0
G36004700048,1960,New York,36,Kings,047,5600,51000,,0048,,1450,TRACT 48     NEW YORK CITY BROOKLYN,001,3,15,0,0,0,1,1,1,0,0,0,0,0,3,9,8,4,8,3,36,12,9,3,0,0,4,0,0,0,0,0,0,0,0,0
G36004700049,1960,New York,36,Kings,047,5600,51000,,0049,,1450,TRACT 49     NEW YORK CITY BROOKLYN,001,3,15,0,0,0,0,1,0,0,46,42,94,142,98,133,81,74,37,44,36,8,0,90,31,35,27,32,29,4,8,0,0,0,0,0
G36004700050,1960,New York,36,Kings,047,5600,51000,,0050,,1450,TRACT 50     NEW YORK CITY BROOKLYN,001,3,15,0,0,0,0,1,1,0,8,17,30,25,66,67,74,90,56,56,252,120,45,39,8,23,33,18,17,7,0,7,0,4,7,0
G36004700051,1960,New York,36,Kings,047,5600,51000,,0051,,1450,TRACT 51     NEW YORK CITY BROOKLYN,001,3,15,0,0,0,0,1,0,0,66,74,116,148,135,126,138,39,39,29,57,9,0,117,56,89,19,17,30,0,0,4,0,0,0,0
G360047000520,1960,New York,36,Kings,047,5600,51000,,0052,0,1450,TRACT 52-0   NEW YORK CITY BROOKLYN,001,3,15,0,0,0,0,1,1,0,4,7,7,4,19,16,12,37,35,35,97,37,12,69,28,8,25,14,10,13,11,3,4,0,8,0
G360047000521,1960,New York,36,Kings,047,5600,51000,,0052,1,1450,TRACT 52-1   NEW YORK CITY BROOKLYN,001,3,15,0,0,0,0,1,1,0,16,4,32,26,40,106,94,88,120,75,292,150,55,33,23,9,24,39,30,25,8,4,15,0,4,0
G36004700054,1960,New York,36,Kings,047,5600,51000,,0054,,1450,TRACT 54     NEW YORK CITY BROOKLYN,001,3,15,0,0,0,0,1,1,0,31,19,30,41,91,135,87,95,67,65,260,63,21,79,56,31,47,24,22,23,12,8,0,4,0,4
G36004700055,1960,New York,36,Kings,047,5600,51000,,0055,,1450,TRACT 55     NEW YORK CITY BROOKLYN,001,3,15,0,0,0,0,1,1,0,16,11,11,33,20,29,16,21,9,16,21,0,0,4,4,5,4,5,0,0,0,0,0,0,0,0
G360047000560,1960,New York,36,Kings,047,5600,51000,,0056,0,1450,TRACT 56-0   NEW YORK CITY BROOKLYN,001,3,15,0,0,0,0,1,1,0,7,23,36,44,54,62,120,81,114,101,310,86,46,38,23,59,58,60,16,17,21,0,5,8,0,0
G360047000561,1960,New York,36,Kings,047,5600,51000,,0056,1,1450,TRACT 56-1   NEW YORK CITY BROOKLYN,001,3,15,0,0,0,0,1,1,0,4,13,22,30,36,50,36,39,52,24,91,46,4,39,13,23,8,18,25,0,8,0,0,0,0,0
G36004700057,1960,New York,36,Kings,047,5600,51000,,0057,,1450,TRACT 57     NEW YORK CITY BROOKLYN,001,3,15,0,1,1,1,1,1,2,81,54,56,124,91,159,120,78,70,54,91,18,0,169,62,42,35,30,36,15,8,12,8,11,4,0
G36004700058,1960,New York,36,Kings,047,5600,51000,,0058,,1450,TRACT 58     NEW YORK CITY BROOKLYN,001,3,15,0,0,0,0,1,1,0,34,39,53,116,99,169,154,125,82,66,142,41,4,82,59,45,59,68,54,24,12,8,0,0,4,0
G36004700059,1960,New York,36,Kings,047,5600,51000,,0059,,1450,TRACT 59     NEW YORK CITY BROOKLYN,001,3,15,0,0,0,0,1,0,0,5,20,58,56,74,94,60,65,25,5,40,4,0,37,20,17,24,12,13,4,4,0,0,4,0,0
G36004700060,1960,New York,36,Kings,047,5600,51000,,0060,,1450,TRACT 60     NEW YORK CITY BROOKLYN,001,3,15,0,0,0,0,1,1,0,23,30,11,59,70,125,139,130,82,61,160,49,0,53,51,46,29,9,25,4,8,0,4,0,0,0
G36004700062,1960,New York,36,Kings,047,5600,51000,,0062,,1450,TRACT 62     NEW YORK CITY BROOKLYN,001,3,15,0,0,0,0,1,1,0,17,21,31,75,104,155,79,79,55,84,149,64,8,87,85,43,53,54,61,8,11,8,4,11,8,0
G36004700063,1960,New York,36,Kings,047,5600,51000,,0063,,1450,TRACT 63     NEW YORK CITY BROOKLYN,001,3,15,0,0,0,0,1,1,0,17,26,32,47,123,129,64,82,56,32,57,14,0,59,20,34,7,13,16,0,0,0,0,0,0,0
G36004700064,1960,New York,36,Kings,047,5600,51000,,0064,,1450,TRACT 64     NEW YORK CITY BROOKLYN,001,3,15,0,0,0,0,1,1,0,43,46,62,44,129,146,115,104,110,53,198,55,8,98,52,43,61,41,33,11,12,13,9,12,0,0
G36004700065,1960,New York,36,Kings,047,5600,51000,,0065,,1450,TRACT 65     NEW YORK CITY BROOKLYN,001,3,15,0,0,0,0,1,0,0,126,123,147,297,296,343,342,189,130,92,179,17,0,159,116,29,56,40,41,8,9,0,0,0,0,0
G36004700066,1960,New York,36,Kings,047,5600,51000,,0066,,1450,TRACT 66     NEW YORK CITY BROOKLYN,001,3,15,0,0,0,0,1,1,0,30,38,44,84,95,128,138,142,112,98,138,51,0,135,86,54,39,35,45,35,16,12,0,9,0,0
G36004700067,1960,New York,36,Kings,047,5600,51000,,0067,,1450,TRACT 67     NEW YORK CITY BROOKLYN,001,3,15,0,0,0,0,1,0,0,28,63,136,171,239,222,138,116,128,66,126,33,8,137,19,24,31,12,11,4,4,0,0,0,0,0
G36004700068,1960,New York,36,Kings,047,5600,51000,,0068,,1450,TRACT 68     NEW YORK CITY BROOKLYN,001,3,15,0,0,0,0,1,1,0,12,68,48,83,94,203,199,131,146,120,211,40,0,36,122,52,99,41,37,12,21,0,0,4,4,0
G36004700069,1960,New York,36,Kings,047,5600,51000,,0069,,1450,TRACT 69     NEW YORK CITY BROOKLYN,001,3,15,0,0,0,0,1,0,0,82,82,133,183,174,219,150,88,64,43,62,20,0,188,67,62,69,41,16,8,0,0,0,0,0,0
G36004700070,1960,New York,36,Kings,047,5600,51000,,0070,,1450,TRACT 70     NEW YORK CITY BROOKLYN,001,3,15,0,0,0,0,1,1,0,20,20,16,36,67,43,62,41,45,59,85,28,3,54,24,24,11,12,17,3,4,0,0,0,0,0
G36004700071,1960,New York,36,Kings,047,5600,51000,,0071,,1450,TRACT 71     NEW YORK CITY BROOKLYN,001,3,15,0,0,0,0,0,0,0,101,150,188,399,353,186,168,52,48,16,45,4,0,83,71,26,11,21,4,0,0,4,0,0,0,0
G36004700072,1960,New York,36,Kings,047,5600,51000,,0072,,1450,TRACT 72     NEW YORK CITY BROOKLYN,001,3,15,0,0,1,0,1,1,0,11,20,23,37,49,77,104,37,51,17,72,0,0,20,30,11,16,12,18,7,0,0,0,0,0,0
G36004700074,1960,New York,36,Kings,047,5600,51000,,0074,,1450,TRACT 74     NEW YORK CITY BROOKLYN,001,3,15,0,0,0,0,1,1,0,20,62,63,162,175,188,153,126,75,55,116,26,4,110,34,72,43,40,28,16,4,13,0,10,0,0
G36004700075,1960,New York,36,Kings,047,5600,51000,,0075,,1450,TRACT 75     NEW YORK CITY BROOKLYN,001,3,15,0,0,0,0,1,0,0,115,103,146,192,222,272,199,135,79,60,144,34,4,166,67,41,45,20,10,4,0,0,0,0,0,0
G36004700076,1960,New York,36,Kings,047,5600,51000,,0076,,1450,TRACT 76     NEW YORK CITY BROOKLYN,001,3,15,0,0,0,0,1,1,0,57,62,39,102,145,163,95,67,79,35,75,15,0,177,112,61,40,50,27,28,8,13,0,4,0,0
G36004700077,1960,New York,36,Kings,047,5600,51000,,0077,,1450,TRACT 77     NEW YORK CITY BROOKLYN,001,3,15,0,0,0,0,1,0,0,17,43,111,126,271,209,196,156,126,54,71,27,5,101,88,32,30,17,21,0,0,0,0,0,0,0
G36004700078,1960,New York,36,Kings,047,5600,51000,,0078,,1450,TRACT 78     NEW YORK CITY BROOKLYN,001,3,15,0,0,0,0,1,0,0,73,55,85,100,136,195,155,112,69,49,152,12,0,111,80,62,48,35,28,4,8,0,0,4,0,0
G36004700080,1960,New York,36,Kings,047,5600,51000,,0080,,1450,TRACT 80     NEW YORK CITY BROOKLYN,001,3,15,0,0,0,0,1,0,0,25,27,67,75,140,191,79,82,90,29,62,8,0,145,66,47,57,54,16,28,4,4,5,0,0,0
G36004700082,1960,New York,36,Kings,047,5600,51000,,0082,,1450,TRACT 82     NEW YORK CITY BROOKLYN,001,3,15,0,0,0,0,1,1,0,28,61,75,98,161,121,113,134,63,55,86,11,0,87,42,65,38,25,12,0,0,0,0,4,0,0
G36004700084,1960,New York,36,Kings,047,5600,51000,,0084,,1450,TRACT 84     NEW YORK CITY BROOKLYN,001,3,15,0,0,0,0,1,1,0,48,56,78,121,128,129,69,78,70,54,87,4,0,86,24,43,23,15,12,4,0,0,0,0,0,0
G36004700085,1960,New York,36,Kings,047,5600,51000,,0085,,1450,TRACT 85     NEW YORK CITY BROOKLYN,001,3,15,0,0,0,0,0,0,0,185,414,472,721,329,202,76,19,23,29,8,0,0,200,146,35,16,8,0,0,0,0,0,0,0,0
G36004700086,1960,New York,36,Kings,047,5600,51000,,0086,,1450,TRACT 86     NEW YORK CITY BROOKLYN,001,3,15,1,1,1,1,1,1,0,0,0,0,0,0,0,0,0,0,0,0,0,0,0,0,0,0,0,0,0,0,0,0,0,0,0
G36004700088,1960,New York,36,Kings,047,5600,51000,,0088,,1450,TRACT 88     NEW YORK CITY BROOKLYN,001,3,15,0,0,0,0,1,1,0,20,48,64,68,94,137,131,70,73,46,111,3,0,79,54,30,28,13,11,0,4,4,0,0,0,0
G36004700090,1960,New York,36,Kings,047,5600,51000,,0090,,1450,TRACT 90     NEW YORK CITY BROOKLYN,001,3,15,0,0,0,0,1,1,0,20,28,64,51,103,147,82,75,30,28,59,4,0,44,29,13,9,9,8,0,0,0,0,0,0,0
G36004700092,1960,New York,36,Kings,047,5600,51000,,0092,,1450,TRACT 92     NEW YORK CITY BROOKLYN,001,3,15,0,0,0,0,1,1,0,38,39,66,87,169,160,167,106,129,92,114,36,0,104,56,26,30,26,12,0,5,4,0,4,0,0
G36004700093,1960,New York,36,Kings,047,5600,51000,,0093,,1450,TRACT 93     NEW YORK CITY BROOKLYN,001,3,15,0,0,1,0,1,1,0,4,16,3,17,8,8,12,5,0,0,9,0,0,5,8,5,5,0,0,0,0,0,0,0,0,0
G36004700094,1960,New York,36,Kings,047,5600,51000,,0094,,1450,TRACT 94     NEW YORK CITY BROOKLYN,001,3,15,0,0,0,0,1,1,0,42,45,73,70,116,236,153,136,122,93,142,16,4,67,37,26,9,32,8,8,8,0,0,5,0,0
G36004700096,1960,New York,36,Kings,047,5600,51000,,0096,,1450,TRACT 96     NEW YORK CITY BROOKLYN,001,3,15,0,0,0,0,1,1,0,15,65,54,101,135,219,186,192,100,108,150,34,4,115,81,67,28,54,42,12,8,0,0,8,0,0
G36004700098,1960,New York,36,Kings,047,5600,51000,,0098,,1450,TRACT 98     NEW YORK CITY BROOKLYN,001,3,15,0,0,0,0,1,1,0,65,41,52,131,168,261,197,108,82,56,106,33,0,63,36,57,80,31,8,8,4,0,0,0,0,0
G36004700100,1960,New York,36,Kings,047,5600,51000,,0100,,1450,TRACT 100    NEW YORK CITY BROOKLYN,001,3,15,0,0,0,0,1,1,0,39,46,86,88,203,222,198,110,122,95,157,28,0,132,36,60,79,63,44,16,9,0,4,0,0,0
G36004700101,1960,New York,36,Kings,047,5600,51000,,0101,,1450,TRACT 101    NEW YORK CITY BROOKLYN,001,3,15,0,0,0,0,1,1,0,57,66,78,95,140,205,157,136,65,77,105,12,0,66,56,27,44,25,9,4,0,0,4,0,0,0
G36004700102,1960,New York,36,Kings,047,5600,51000,,0102,,1450,TRACT 102    NEW YORK CITY BROOKLYN,001,3,15,0,0,0,0,1,1,0,14,17,42,43,96,125,165,152,94,60,155,31,16,126,58,55,17,20,39,20,5,0,0,0,0,0
G36004700104,1960,New York,36,Kings,047,5600,51000,,0104,,1450,TRACT 104    NEW YORK CITY BROOKLYN,001,3,15,0,0,0,0,1,1,0,19,31,76,89,140,203,187,156,126,100,164,26,0,90,48,65,30,21,33,14,0,17,0,4,0,0
G36004700106,1960,New York,36,Kings,047,5600,51000,,0106,,1450,TRACT 106    NEW YORK CITY BROOKLYN,001,3,15,0,0,0,0,1,1,0,4,59,24,101,68,167,163,133,65,79,176,18,0,73,70,35,52,23,22,19,8,7,0,0,0,0
G36004700108,1960,New York,36,Kings,047,5600,51000,,0108,,1450,TRACT 108    NEW YORK CITY BROOKLYN,001,3,15,0,0,0,0,1,1,0,29,74,57,69,109,137,158,136,101,59,78,36,4,87,45,25,42,40,20,0,8,0,0,0,0,0
G36004700110,1960,New York,36,Kings,047,5600,51000,,0110,,1450,TRACT 110    NEW YORK CITY BROOKLYN,001,3,15,0,0,0,0,1,1,0,13,15,23,28,108,95,107,50,46,27,30,3,0,63,7,17,5,15,0,0,0,0,0,0,0,0
G36004700112,1960,New York,36,Kings,047,5600,51000,,0112,,1450,TRACT 112    NEW YORK CITY BROOKLYN,001,3,15,0,0,0,0,1,1,0,69,98,95,196,224,203,230,156,136,105,142,17,0,158,49,37,23,20,24,12,8,0,4,0,0,0
G36004700113,1960,New York,36,Kings,047,5600,51000,,0113,,1450,TRACT 113    NEW YORK CITY BROOKLYN,001,3,15,0,1,1,1,1,1,2,4,0,0,8,9,4,0,8,0,0,4,0,0,43,8,8,12,12,15,12,0,0,8,12,4,0
G36004700114,1960,New York,36,Kings,047,5600,51000,,0114,,1450,TRACT 114    NEW YORK CITY BROOKLYN,001,3,15,0,0,0,0,1,1,0,45,61,75,89,187,178,124,155,102,68,164,24,4,57,36,28,37,8,16,0,7,0,0,4,4,0
G36004700116,1960,New York,36,Kings,047,5600,51000,,0116,,1450,TRACT 116    NEW YORK CITY BROOKLYN,001,3,15,0,0,0,0,1,1,0,15,12,32,79,101,185,135,92,62,47,103,31,4,85,19,18,20,22,20,0,4,0,0,0,0,0
G36004700117,1960,New York,36,Kings,047,5600,51000,,0117,,1450,TRACT 117    NEW YORK CITY BROOKLYN,001,3,15,0,0,0,0,1,0,0,32,51,62,116,158,111,137,75,53,42,98,11,4,85,66,57,48,40,7,5,0,4,0,0,0,0
G36004700118,1960,New York,36,Kings,047,5600,51000,,0118,,1450,TRACT 118    NEW YORK CITY BROOKLYN,001,3,15,0,0,0,0,1,1,0,35,37,24,58,29,42,53,50,25,7,66,19,0,54,23,18,19,14,12,11,8,0,0,0,0,0
G36004700119,1960,New York,36,Kings,047,5600,51000,,0119,,1450,TRACT 119    NEW YORK CITY BROOKLYN,001,3,15,0,1,1,1,1,1,0,0,0,0,0,0,0,0,4,0,0,0,0,0,0,0,0,0,0,0,0,0,0,0,0,0,0
G36004700120,1960,New York,36,Kings,047,5600,51000,,0120,,1450,TRACT 120    NEW YORK CITY BROOKLYN,001,3,15,0,0,0,0,1,1,0,8,19,12,32,27,55,31,30,16,24,40,13,0,31,15,3,23,4,0,9,0,0,0,0,0,0
G36004700121,1960,New York,36,Kings,047,5600,51000,,0121,,1450,TRACT 121    NEW YORK CITY BROOKLYN,001,3,15,0,0,0,0,1,1,0,18,60,33,54,133,99,77,33,46,32,64,0,0,65,38,21,4,19,0,5,0,0,0,10,0,0
G36004700122,1960,New York,36,Kings,047,5600,51000,,0122,,1450,TRACT 122    NEW YORK CITY BROOKLYN,001,3,15,0,0,0,0,1,1,0,28,42,48,74,149,119,171,137,120,85,134,41,0,73,52,38,35,4,15,12,0,4,0,0,0,0
G36004700123,1960,New York,36,Kings,047,5600,51000,,0123,,1450,TRACT 123    NEW YORK CITY BROOKLYN,001,3,15,0,0,1,0,1,1,0,8,4,21,10,36,21,17,20,0,4,4,0,0,12,12,4,0,0,0,0,0,0,0,0,0,0
G36004700124,1960,New York,36,Kings,047,5600,51000,,0124,,1450,TRACT 124    NEW YORK CITY BROOKLYN,001,3,15,0,0,0,0,1,1,0,8,17,26,50,51,74,74,55,73,36,57,13,0,50,51,23,10,19,17,4,5,0,0,0,0,0
G36004700125,1960,New York,36,Kings,047,5600,51000,,0125,,1450,TRACT 125    NEW YORK CITY BROOKLYN,001,3,15,0,0,0,0,1,1,0,9,44,39,60,56,110,53,44,27,20,27,0,0,50,25,8,11,11,0,0,0,0,0,0,0,0
G36004700127,1960,New York,36,Kings,047,5600,51000,,0127,,1450,TRACT 127    NEW YORK CITY BROOKLYN,001,3,15,0,0,0,0,0,0,0,72,75,122,173,145,135,90,43,25,13,38,5,0,139,12,53,21,9,8,0,0,0,0,0,0,0
G360047001280,1960,New York,36,Kings,047,5600,51000,,0128,0,1450,TRACT 128-0  NEW YORK CITY BROOKLYN,001,3,15,0,0,0,0,1,1,0,16,24,50,64,46,43,52,39,37,33,75,12,4,24,0,13,4,7,7,0,0,0,0,0,0,0
G360047001281,1960,New York,36,Kings,047,5600,51000,,0128,1,1450,TRACT 128-1  NEW YORK CITY BROOKLYN,001,3,15,0,0,0,0,1,1,0,15,20,12,21,24,45,20,49,18,17,17,0,0,18,0,0,0,0,0,0,0,4,0,0,0,0
G360047001290,1960,New York,36,Kings,047,5600,51000,,0129,0,1450,TRACT 129-0  NEW YORK CITY BROOKLYN,001,3,15,0,0,0,0,0,0,0,103,82,149,142,120,118,58,48,28,22,30,12,0,160,94,80,32,16,12,0,0,4,0,0,0,3
G360047001291,1960,New York,36,Kings,047,5600,51000,,0129,1,1450,TRACT 129-1  NEW YORK CITY BROOKLYN,001,3,15,0,0,0,0,0,0,0,44,58,92,77,151,86,67,48,20,4,20,8,0,130,171,123,18,38,29,0,4,0,0,4,0,0
G36004700130,1960,New York,36,Kings,047,5600,51000,,0130,,1450,TRACT 130    NEW YORK CITY BROOKLYN,001,3,15,0,0,0,0,1,1,0,49,49,52,73,148,168,218,158,135,147,193,38,4,159,79,43,64,48,50,8,16,14,8,12,0,0
G36004700131,1960,New York,36,Kings,047,5600,51000,,0131,,1450,TRACT 131    NEW YORK CITY BROOKLYN,001,3,15,0,0,0,0,0,0,0,132,158,153,196,208,270,162,161,102,25,98,12,0,108,36,74,73,37,34,8,4,4,0,0,0,0
G36004700132,1960,New York,36,Kings,047,5600,51000,,0132,,1450,TRACT 132    NEW YORK CITY BROOKLYN,001,3,15,0,0,0,0,1,1,0,9,18,18,29,61,107,60,56,57,36,89,54,4,36,30,21,20,11,23,13,3,0,0,0,0,0
G36004700133,1960,New York,36,Kings,047,5600,51000,,0133,,1450,TRACT 133    NEW YORK CITY BROOKLYN,001,3,15,0,0,0,0,1,1,0,64,88,119,139,202,235,214,151,99,61,123,17,0,103,50,20,31,16,0,5,0,0,0,0,0,0
G36004700134,1960,New York,36,Kings,047,5600,51000,,0134,,1450,TRACT 134    NEW YORK CITY BROOKLYN,001,3,15,0,0,0,0,1,1,0,36,38,45,85,124,164,181,106,116,69,166,76,27,106,60,36,58,32,16,12,12,4,0,0,0,0
G36004700135,1960,New York,36,Kings,047,5600,51000,,0135,,1450,TRACT 135    NEW YORK CITY BROOKLYN,001,3,15,0,0,0,0,1,0,0,46,47,81,142,181,198,187,132,87,51,97,15,0,89,54,33,20,21,7,4,0,0,0,0,0,0
G36004700136,1960,New York,36,Kings,047,5600,51000,,0136,,1450,TRACT 136    NEW YORK CITY BROOKLYN,001,3,15,0,0,0,0,1,1,0,20,33,44,83,70,197,150,120,106,90,222,79,8,121,61,46,69,43,33,20,11,0,0,0,0,0
G36004700137,1960,New York,36,Kings,047,5600,51000,,0137,,1450,TRACT 137    NEW YORK CITY BROOKLYN,001,3,15,0,0,0,0,1,1,0,21,35,64,145,117,175,165,82,76,52,69,32,0,73,26,67,54,56,41,23,0,4,11,4,0,0
G36004700138,1960,New York,36,Kings,047,5600,51000,,0138,,1450,TRACT 138    NEW YORK CITY BROOKLYN,001,3,15,0,0,0,0,1,1,0,30,36,36,66,70,160,109,154,74,67,213,68,11,73,76,30,44,42,32,8,15,7,4,4,0,0
G36004700139,1960,New York,36,Kings,047,5600,51000,,0139,,1450,TRACT 139    NEW YORK CITY BROOKLYN,001,3,15,0,0,0,0,1,1,0,31,33,65,83,147,187,161,98,98,68,90,20,0,114,107,42,33,50,44,17,4,10,0,8,0,0
G36004700140,1960,New York,36,Kings,047,5600,51000,,0140,,1450,TRACT 140    NEW YORK CITY BROOKLYN,001,3,15,0,0,0,0,1,1,0,36,37,27,54,60,89,107,83,62,44,156,39,15,35,8,23,16,21,10,15,7,0,0,4,0,0
G36004700141,1960,New York,36,Kings,047,5600,51000,,0141,,1450,TRACT 141    NEW YORK CITY BROOKLYN,001,3,15,0,0,0,0,1,1,0,48,61,52,91,78,157,103,62,55,56,56,9,0,129,28,22,15,16,9,4,8,0,0,0,0,0
G36004700142,1960,New York,36,Kings,047,5600,51000,,0142,,1450,TRACT 142    NEW YORK CITY BROOKLYN,001,3,15,0,0,0,0,1,1,0,41,36,90,61,97,165,139,134,133,103,146,23,10,30,57,27,33,29,22,17,10,0,0,0,0,0
G36004700143,1960,New York,36,Kings,047,5600,51000,,0143,,1450,TRACT 143    NEW YORK CITY BROOKLYN,001,3,15,0,0,0,0,1,1,0,70,77,60,187,128,189,173,100,104,54,89,11,0,150,36,17,8,16,0,8,0,0,0,0,0,0
G36004700144,1960,New York,36,Kings,047,5600,51000,,0144,,1450,TRACT 144    NEW YORK CITY BROOKLYN,001,3,15,0,0,0,0,1,1,0,7,5,0,12,16,35,42,25,41,36,105,48,4,12,0,8,10,4,0,0,0,0,5,0,0,0
G36004700145,1960,New York,36,Kings,047,5600,51000,,0145,,1450,TRACT 145    NEW YORK CITY BROOKLYN,001,3,15,0,0,0,0,1,1,0,67,72,89,181,247,213,175,103,62,44,83,12,3,138,29,44,61,40,16,0,0,5,4,5,0,0
G36004700146,1960,New York,36,Kings,047,5600,51000,,0146,,1450,TRACT 146    NEW YORK CITY BROOKLYN,001,3,15,0,0,0,0,1,1,0,5,11,0,8,21,44,41,36,31,29,61,43,14,5,5,0,0,0,0,0,2,0,4,0,0,0
G36004700147,1960,New York,36,Kings,047,5600,51000,,0147,,1450,TRACT 147    NEW YORK CITY BROOKLYN,001,3,15,0,0,0,0,1,1,0,47,54,39,103,104,147,100,57,63,33,45,4,0,55,24,8,8,8,8,0,0,0,0,0,0,0
G36004700148,1960,New York,36,Kings,047,5600,51000,,0148,,1450,TRACT 148    NEW YORK CITY BROOKLYN,001,3,15,0,0,0,0,1,1,0,4,3,36,4,38,33,43,67,50,30,78,43,12,11,16,4,0,7,0,4,0,0,0,0,0,0
G36004700149,1960,New York,36,Kings,047,5600,51000,,0149,,1450,TRACT 149    NEW YORK CITY BROOKLYN,001,3,15,0,0,0,0,1,1,0,60,75,97,196,318,255,197,151,150,82,145,38,0,100,55,51,63,35,24,5,0,0,0,0,0,0
G36004700150,1960,New York,36,Kings,047,5600,51000,,0150,,1450,TRACT 150    NEW YORK CITY BROOKLYN,001,3,15,0,0,0,0,1,1,0,12,12,39,28,75,85,83,64,44,37,75,12,0,33,8,12,18,0,0,4,4,0,0,0,0,0
G36004700151,1960,New York,36,Kings,047,5600,51000,,0151,,1450,TRACT 151    NEW YORK CITY BROOKLYN,001,3,15,0,0,0,0,1,1,0,72,77,47,130,176,176,127,125,84,41,126,12,8,132,54,44,28,29,44,4,0,0,7,0,0,0
G36004700153,1960,New York,36,Kings,047,5600,51000,,0153,,1450,TRACT 153    NEW YORK CITY BROOKLYN,001,3,15,0,0,0,0,1,1,0,55,49,89,82,111,140,153,151,113,62,141,56,0,211,78,63,39,56,43,4,15,4,0,0,0,0
G36004700154,1960,New York,36,Kings,047,5600,51000,,0154,,1450,TRACT 154    NEW YORK CITY BROOKLYN,001,3,15,1,1,1,1,1,1,0,0,0,0,0,0,0,0,0,0,0,0,0,0,0,0,0,0,0,0,0,0,0,0,0,0,0
G36004700155,1960,New York,36,Kings,047,5600,51000,,0155,,1450,TRACT 155    NEW YORK CITY BROOKLYN,001,3,15,0,0,0,0,1,1,0,22,55,71,181,158,179,195,127,94,100,148,59,8,126,86,61,40,76,58,27,8,8,0,4,0,0
G36004700156,1960,New York,36,Kings,047,5600,51000,,0156,,1450,TRACT 156    NEW YORK CITY BROOKLYN,001,3,15,0,0,0,0,1,1,0,4,12,58,87,116,126,81,72,53,25,45,25,0,8,4,8,0,31,8,14,0,0,0,0,0,0
G36004700157,1960,New York,36,Kings,047,5600,51000,,0157,,1450,TRACT 157    NEW YORK CITY BROOKLYN,001,3,15,0,0,0,0,1,1,0,35,71,56,156,212,207,202,127,108,94,249,81,16,201,93,123,160,128,56,41,28,36,0,17,4,0
G36004700158,1960,New York,36,Kings,047,5600,51000,,0158,,1450,TRACT 158    NEW YORK CITY BROOKLYN,001,3,15,0,0,0,0,1,1,0,2,8,22,16,22,51,64,57,33,37,64,34,0,16,19,8,13,35,9,21,0,0,0,0,0,0
G36004700159,1960,New York,36,Kings,047,5600,51000,,0159,,1450,TRACT 159    NEW YORK CITY BROOKLYN,001,3,15,0,0,0,0,0,0,0,50,117,172,99,149,238,179,114,166,131,251,130,50,252,325,232,260,239,161,68,52,4,27,29,17,12
G36004700160,1960,New York,36,Kings,047,5600,51000,,0160,,1450,TRACT 160    NEW YORK CITY BROOKLYN,001,3,15,0,0,0,0,1,1,0,43,36,101,102,126,240,178,190,156,84,235,71,8,129,42,24,77,47,39,31,8,3,4,0,4,0
G36004700161,1960,New York,36,Kings,047,5600,51000,,0161,,1450,TRACT 161    NEW YORK CITY BROOKLYN,001,3,15,0,0,0,0,0,0,0,83,85,103,184,105,109,69,37,60,34,40,12,4,218,184,129,153,101,78,26,7,4,3,0,0,0
G36004700162,1960,New York,36,Kings,047,5600,51000,,0162,,1450,TRACT 162    NEW YORK CITY BROOKLYN,001,3,15,0,0,0,0,1,1,0,18,23,26,33,60,62,85,33,46,55,130,65,3,56,32,16,23,22,27,13,0,0,0,0,0,0
G36004700163,1960,New York,36,Kings,047,5600,51000,,0163,,1450,TRACT 163    NEW YORK CITY BROOKLYN,001,3,15,0,0,0,0,0,1,0,69,72,97,108,126,104,105,105,48,55,123,36,9,262,127,97,55,92,45,0,34,14,10,18,0,0
G36004700164,1960,New York,36,Kings,047,5600,51000,,0164,,1450,TRACT 164    NEW YORK CITY BROOKLYN,001,3,15,0,0,0,0,1,1,0,0,0,12,15,21,4,20,0,4,16,16,7,0,67,171,94,55,33,12,22,8,4,8,8,4,0
G36004700165,1960,New York,36,Kings,047,5600,51000,,0165,,1450,TRACT 165    NEW YORK CITY BROOKLYN,001,3,15,0,0,0,0,1,1,0,28,41,40,98,92,138,190,138,137,77,294,208,105,153,188,152,137,103,93,79,25,32,14,19,32,0
G36004700167,1960,New York,36,Kings,047,5600,51000,,0167,,1450,TRACT 167    NEW YORK CITY BROOKLYN,001,3,15,0,0,0,0,1,1,0,61,44,76,112,191,286,242,173,118,94,238,83,4,263,63,88,86,78,39,12,30,8,0,8,0,0
G36004700168,1960,New York,36,Kings,047,5600,51000,,0168,,1450,TRACT 168    NEW YORK CITY BROOKLYN,001,3,15,0,0,0,0,1,1,0,12,8,4,18,47,66,90,68,35,36,110,43,0,8,5,7,0,5,0,4,4,0,0,4,0,0
G36004700169,1960,New York,36,Kings,047,5600,51000,,0169,,1450,TRACT 169    NEW YORK CITY BROOKLYN,001,3,15,0,0,0,0,1,1,0,39,65,117,110,165,241,181,126,113,99,194,32,0,184,46,38,41,31,16,4,0,0,8,8,0,0
G36004700170,1960,New York,36,Kings,047,5600,51000,,0170,,1450,TRACT 170    NEW YORK CITY BROOKLYN,001,3,15,0,0,0,0,1,1,0,40,39,51,59,97,184,104,113,88,77,139,30,13,30,13,7,6,0,10,0,0,0,0,0,0,0
G36004700171,1960,New York,36,Kings,047,5600,51000,,0171,,1450,TRACT 171    NEW YORK CITY BROOKLYN,001,3,15,0,0,0,0,1,1,0,23,32,47,57,102,178,140,133,152,90,184,76,8,73,28,16,31,23,24,8,0,5,0,0,0,4
G36004700172,1960,New York,36,Kings,047,5600,51000,,0172,,1450,TRACT 172    NEW YORK CITY BROOKLYN,001,3,15,0,0,0,0,1,1,0,12,12,33,40,123,111,120,119,71,72,95,43,3,35,15,14,11,4,4,7,4,0,0,4,0,0
G36004700173,1960,New York,36,Kings,047,5600,51000,,0173,,1450,TRACT 173    NEW YORK CITY BROOKLYN,001,3,15,0,0,0,0,1,1,0,3,6,0,14,32,12,8,22,12,14,18,0,0,3,3,10,9,8,0,0,0,0,0,0,0,0
G36004700174,1960,New York,36,Kings,047,5600,51000,,0174,,1450,TRACT 174    NEW YORK CITY BROOKLYN,001,3,15,0,0,0,0,1,1,0,12,23,25,23,52,100,48,89,36,24,88,35,7,13,8,8,4,5,0,0,0,0,4,0,3,0
G36004700175,1960,New York,36,Kings,047,5600,51000,,0175,,1450,TRACT 175    NEW YORK CITY BROOKLYN,001,3,15,0,1,1,1,1,1,0,0,0,0,0,0,4,0,0,0,0,0,0,0,0,0,0,0,0,0,0,0,0,0,0,0,0
G36004700176,1960,New York,36,Kings,047,5600,51000,,0176,,1450,TRACT 176    NEW YORK CITY BROOKLYN,001,3,15,0,0,0,0,1,1,0,20,26,21,59,100,126,122,86,80,46,86,8,5,16,0,4,0,4,8,0,4,0,0,0,0,0
G36004700177,1960,New York,36,Kings,047,5600,51000,,0177,,1450,TRACT 177    NEW YORK CITY BROOKLYN,001,3,15,1,1,1,1,1,1,0,0,0,0,0,0,0,0,0,0,0,0,0,0,0,0,0,0,0,0,0,0,0,0,0,0,0
G36004700178,1960,New York,36,Kings,047,5600,51000,,0178,,1450,TRACT 178    NEW YORK CITY BROOKLYN,001,3,15,0,0,0,0,1,1,0,14,44,27,91,80,119,98,91,42,27,35,20,0,34,21,19,4,9,7,0,0,0,0,0,0,0
G36004700179,1960,New York,36,Kings,047,5600,51000,,0179,,1450,TRACT 179    NEW YORK CITY BROOKLYN,001,3,15,0,0,0,0,0,1,0,48,85,86,50,79,85,63,44,34,15,13,0,0,92,94,127,81,22,4,12,11,0,0,0,0,0
G36004700180,1960,New York,36,Kings,047,5600,51000,,0180,,1450,TRACT 180    NEW YORK CITY BROOKLYN,001,3,15,0,0,0,0,1,1,0,25,30,73,101,110,171,108,81,74,16,77,11,0,27,25,10,5,4,0,0,0,4,0,0,0,0
G36004700181,1960,New York,36,Kings,047,5600,51000,,0181,,1450,TRACT 181    NEW YORK CITY BROOKLYN,001,3,15,0,0,0,0,0,0,0,156,176,224,269,155,173,142,68,50,45,86,19,0,376,228,276,218,182,92,43,17,29,4,12,0,0
G36004700182,1960,New York,36,Kings,047,5600,51000,,0182,,1450,TRACT 182    NEW YORK CITY BROOKLYN,001,3,15,0,0,0,0,1,1,0,9,22,52,87,133,118,93,86,59,61,87,13,0,41,26,12,5,11,0,0,0,0,0,0,0,0
G36004700183,1960,New York,36,Kings,047,5600,51000,,0183,,1450,TRACT 183    NEW YORK CITY BROOKLYN,001,3,15,0,0,0,0,0,0,0,59,93,125,140,114,154,87,86,69,36,62,12,0,92,70,75,57,23,14,15,0,0,0,0,0,0
G36004700184,1960,New York,36,Kings,047,5600,51000,,0184,,1450,TRACT 184    NEW YORK CITY BROOKLYN,001,3,15,0,0,0,0,1,1,0,15,8,19,35,82,130,96,73,89,59,142,32,8,3,0,12,4,4,0,0,0,4,0,0,0,0
G360047001850,1960,New York,36,Kings,047,5600,51000,,0185,0,1450,TRACT 185-0  NEW YORK CITY BROOKLYN,001,3,15,0,0,0,0,0,0,0,152,132,275,305,220,135,71,42,36,32,69,0,0,118,103,12,13,23,0,4,0,0,0,0,0,0
G360047001851,1960,New York,36,Kings,047,5600,51000,,0185,1,1450,TRACT 185-1  NEW YORK CITY BROOKLYN,001,3,15,0,0,0,0,1,1,0,13,20,51,20,52,52,17,9,18,28,52,21,0,66,31,12,20,15,0,7,0,0,0,0,0,0
G36004700186,1960,New York,36,Kings,047,5600,51000,,0186,,1450,TRACT 186    NEW YORK CITY BROOKLYN,001,3,15,0,0,0,0,1,1,0,15,23,40,57,88,60,66,66,40,37,160,29,0,8,4,8,0,4,4,0,0,0,0,4,0,0
G36004700187,1960,New York,36,Kings,047,5600,51000,,0187,,1450,TRACT 187    NEW YORK CITY BROOKLYN,001,3,15,0,0,0,0,1,1,0,13,20,43,48,70,68,40,33,11,17,59,6,0,37,8,8,3,3,0,0,0,0,0,0,0,0
G36004700188,1960,New York,36,Kings,047,5600,51000,,0188,,1450,TRACT 188    NEW YORK CITY BROOKLYN,001,3,15,0,0,0,0,1,1,0,20,14,27,54,105,161,101,64,80,56,120,8,0,42,11,8,24,15,4,0,0,0,0,0,0,0
G36004700189,1960,New York,36,Kings,047,5600,51000,,0189,,1450,TRACT 189    NEW YORK CITY BROOKLYN,001,3,15,1,0,1,0,1,1,0,0,0,0,0,0,0,0,0,0,0,0,0,0,0,0,0,4,0,0,0,0,0,0,0,0,0
G36004700190,1960,New York,36,Kings,047,5600,51000,,0190,,1450,TRACT 190    NEW YORK CITY BROOKLYN,001,3,15,0,0,0,0,1,1,0,40,60,48,79,180,265,104,138,95,59,101,27,0,62,32,21,11,26,16,0,0,0,0,0,0,0
G36004700191,1960,New York,36,Kings,047,5600,51000,,0191,,1450,TRACT 191    NEW YORK CITY BROOKLYN,001,3,15,0,0,0,0,0,1,0,105,46,47,119,114,108,74,69,69,44,57,7,0,61,40,39,9,11,4,7,0,8,0,4,0,0
G36004700192,1960,New York,36,Kings,047,5600,51000,,0192,,1450,TRACT 192    NEW YORK CITY BROOKLYN,001,3,15,0,0,0,0,1,1,0,22,32,53,43,96,111,66,55,43,58,67,21,0,53,4,4,4,7,0,0,0,0,0,0,0,0
G36004700193,1960,New York,36,Kings,047,5600,51000,,0193,,1450,TRACT 193    NEW YORK CITY BROOKLYN,001,3,15,0,0,0,0,1,1,0,4,21,36,31,52,68,55,24,43,40,102,39,5,273,62,34,97,62,32,36,4,15,4,8,0,0
G36004700194,1960,New York,36,Kings,047,5600,51000,,0194,,1450,TRACT 194    NEW YORK CITY BROOKLYN,001,3,15,0,0,0,0,1,1,0,32,43,40,35,77,129,75,78,32,50,75,9,0,89,11,24,12,24,0,0,4,0,0,0,0,0
G36004700195,1960,New York,36,Kings,047,5600,51000,,0195,,1450,TRACT 195    NEW YORK CITY BROOKLYN,001,3,15,0,0,0,0,1,1,0,37,51,46,59,121,194,148,158,79,123,162,55,20,222,132,108,53,82,67,33,26,17,5,14,0,0
G36004700196,1960,New York,36,Kings,047,5600,51000,,0196,,1450,TRACT 196    NEW YORK CITY BROOKLYN,001,3,15,0,0,0,0,1,1,0,36,36,53,120,182,167,170,125,99,76,136,28,0,43,21,32,19,4,0,4,0,0,0,0,0,0
G36004700197,1960,New York,36,Kings,047,5600,51000,,0197,,1450,TRACT 197    NEW YORK CITY BROOKLYN,001,3,15,0,0,0,0,0,1,0,42,41,67,102,152,136,77,109,74,66,209,49,11,240,114,236,134,114,110,38,15,17,19,28,0,0
G36004700198,1960,New York,36,Kings,047,5600,51000,,0198,,1450,TRACT 198    NEW YORK CITY BROOKLYN,001,3,15,0,0,0,0,1,1,0,15,22,24,66,69,88,69,50,54,35,93,28,5,12,8,12,4,5,0,0,0,0,0,0,0,0
G36004700199,1960,New York,36,Kings,047,5600,51000,,0199,,1450,TRACT 199    NEW YORK CITY BROOKLYN,001,3,15,0,0,0,0,0,1,0,46,50,123,145,64,161,79,81,54,43,116,24,15,299,171,121,95,91,38,25,19,8,0,10,12,0
G36004700200,1960,New York,36,Kings,047,5600,51000,,0200,,1450,TRACT 200    NEW YORK CITY BROOKLYN,001,3,15,0,0,0,0,1,1,0,8,13,30,28,80,106,93,105,64,48,120,10,0,11,8,16,0,4,0,8,4,0,0,0,0,0
G36004700201,1960,New York,36,Kings,047,5600,51000,,0201,,1450,TRACT 201    NEW YORK CITY BROOKLYN,001,3,15,0,0,0,0,0,1,0,55,73,80,194,312,227,126,75,61,29,90,14,0,121,233,260,202,84,66,0,19,6,4,0,0,0
G36004700202,1960,New York,36,Kings,047,5600,51000,,0202,,1450,TRACT 202    NEW YORK CITY BROOKLYN,001,3,15,0,0,0,0,1,1,0,13,24,32,41,48,96,89,65,48,69,98,32,4,16,7,0,4,4,0,0,0,0,0,0,0,0
G36004700203,1960,New York,36,Kings,047,5600,51000,,0203,,1450,TRACT 203    NEW YORK CITY BROOKLYN,001,3,15,0,0,0,0,0,1,0,11,37,67,64,92,90,65,26,17,12,40,3,0,85,75,34,26,8,0,0,0,0,0,0,0,0
G36004700204,1960,New York,36,Kings,047,5600,51000,,0204,,1450,TRACT 204    NEW YORK CITY BROOKLYN,001,3,15,0,0,0,0,1,1,0,4,4,29,19,27,53,61,66,56,75,190,62,4,12,4,0,3,5,0,0,0,0,0,0,0,0
G36004700205,1960,New York,36,Kings,047,5600,51000,,0205,,1450,TRACT 205    NEW YORK CITY BROOKLYN,001,3,15,0,0,0,0,0,0,0,40,80,66,139,140,186,104,85,68,12,90,29,0,63,46,37,41,21,7,11,12,4,0,0,0,0
G36004700206,1960,New York,36,Kings,047,5600,51000,,0206,,1450,TRACT 206    NEW YORK CITY BROOKLYN,001,3,15,0,0,0,0,1,1,0,26,0,36,44,47,64,106,88,54,41,137,58,0,71,11,8,8,4,12,0,4,0,4,4,0,0
G36004700207,1960,New York,36,Kings,047,5600,51000,,0207,,1450,TRACT 207    NEW YORK CITY BROOKLYN,001,3,15,0,0,0,0,0,1,0,49,69,84,174,156,151,177,110,125,90,225,96,31,126,111,133,95,113,56,35,8,26,12,20,5,4
G36004700208,1960,New York,36,Kings,047,5600,51000,,0208,,1450,TRACT 208    NEW YORK CITY BROOKLYN,001,3,15,0,0,0,0,1,1,0,15,32,19,94,86,119,125,87,89,59,144,29,4,34,25,16,8,17,0,3,0,0,0,0,0,0
G36004700210,1960,New York,36,Kings,047,5600,51000,,0210,,1450,TRACT 210    NEW YORK CITY BROOKLYN,001,3,15,0,0,0,0,1,1,0,12,33,56,89,112,159,166,99,132,51,154,7,4,64,32,23,18,3,4,0,0,0,0,0,0,0
G36004700212,1960,New York,36,Kings,047,5600,51000,,0212,,1450,TRACT 212    NEW YORK CITY BROOKLYN,001,3,15,0,0,0,0,1,1,0,12,48,66,97,154,181,133,121,84,47,148,45,0,49,11,12,24,28,0,5,3,0,0,0,0,0
G36004700213,1960,New York,36,Kings,047,5600,51000,,0213,,1450,TRACT 213    NEW YORK CITY BROOKLYN,001,3,15,0,0,0,0,1,1,0,37,46,55,97,82,98,157,122,144,52,237,92,24,60,59,58,39,44,23,16,4,25,3,4,0,0
G36004700214,1960,New York,36,Kings,047,5600,51000,,0214,,1450,TR&CT 214    NEW YORK CITY BROOKLYN,001,3,15,0,0,0,0,1,1,0,16,27,45,84,85,75,51,49,62,27,48,0,3,23,12,13,3,9,0,0,5,4,0,0,0,0
G36004700215,1960,New York,36,Kings,047,5600,51000,,0215,,1450,TRACT 215    NEW YORK CITY BROOKLYN,001,3,15,0,0,0,0,1,1,0,75,62,91,168,181,251,224,158,145,105,274,130,61,174,75,77,94,89,96,28,16,12,4,4,8,0
G36004700216,1960,New York,36,Kings,047,5600,51000,,0216,,1450,TRACT 216    NEW YORK CITY BROOKLYN,001,3,15,0,0,0,0,1,1,0,31,16,47,43,92,139,116,108,70,63,148,31,0,52,11,4,10,3,0,0,8,0,3,0,0,0
G36004700217,1960,New York,36,Kings,047,5600,51000,,0217,,1450,TR1CT 217    NEW YORK CITY BROOKLYN,001,3,15,0,0,0,0,0,1,0,35,75,62,121,147,212,121,100,79,63,132,40,12,112,86,40,56,28,25,13,0,0,0,0,0,0
G36004700218,1960,New York,36,Kings,047,5600,51000,,0218,,1450,TRACT 218    NEW YORK CITY BROOKLYN,001,3,15,0,0,0,0,1,1,0,62,57,60,94,149,175,156,78,82,64,159,35,4,35,30,13,13,3,9,0,0,0,0,0,0,0
G36004700219,1960,New York,36,Kings,047,5600,51000,,0219,,1450,TRACT 219    NEW YORK CITY BROOKLYN,001,3,15,0,0,0,0,0,1,0,70,115,49,141,129,158,129,101,76,35,80,21,0,138,77,62,71,59,19,0,8,0,0,0,0,0
G36004700220,1960,New York,36,Kings,047,5600,51000,,0220,,1450,TRACT 220    NEW YORK CITY BROOKLYN,001,3,15,0,0,0,0,1,1,0,33,47,34,125,187,253,146,124,81,70,167,20,8,111,45,28,39,7,19,0,4,0,0,4,0,0
G36004700221,1960,New York,36,Kings,047,5600,51000,,0221,,1450,TRACT 221    NEW YORK CITY BROOKLYN,001,3,15,0,0,0,0,0,1,0,64,47,127,180,187,133,114,54,62,33,56,20,0,215,115,153,122,52,46,8,4,0,0,3,0,0
G36004700222,1960,New York,36,Kings,047,5600,51000,,0222,,1450,TRACT 222    NEW YORK CITY BROOKLYN,001,3,15,0,0,0,0,1,1,0,23,22,50,106,106,166,138,108,67,52,162,43,9,47,6,33,19,15,18,15,9,9,0,0,0,0
G36004700223,1960,New York,36,Kings,047,5600,51000,,0223,,1450,TRACT 223    NEW YORK CITY BROOKLYN,001,3,15,0,0,0,0,0,1,0,10,33,105,182,181,193,119,152,85,67,84,28,0,213,83,64,68,69,19,23,0,0,0,0,0,0
G36004700224,1960,New York,36,Kings,047,5600,51000,,0224,,1450,TRACT 224    NEW YORK CITY BROOKLYN,001,3,15,0,0,0,0,1,1,0,36,31,69,121,211,217,143,118,73,46,125,21,0,76,59,17,16,11,8,11,0,0,0,4,0,0
G36004700225,1960,New York,36,Kings,047,5600,51000,,0225,,1450,TRACT 225    NEW YORK CITY BROOKLYN,001,3,15,0,0,0,0,0,1,0,63,48,65,46,64,54,58,13,8,15,26,0,0,50,15,23,9,9,0,0,0,0,0,0,0,0
G36004700226,1960,New York,36,Kings,047,5600,51000,,0226,,1450,TRACT 226    NEW YORK CITY BROOKLYN,001,3,15,0,0,0,0,1,1,0,19,36,26,78,72,113,56,37,18,23,32,6,0,35,15,19,4,3,5,6,0,0,0,0,0,0
G36004700227,1960,New York,36,Kings,047,5600,51000,,0227,,1450,TRACT 227    NEW YORK CITY BROOKLYN,001,3,15,0,0,0,0,0,1,0,77,111,130,184,183,147,122,72,49,33,31,12,0,302,163,264,197,110,15,4,3,0,0,0,0,0
G36004700228,1960,New York,36,Kings,047,5600,51000,,0228,,1450,TRACT 228    NEW YORK CITY BROOKLYN,001,3,15,0,0,0,0,1,1,0,27,38,61,127,118,126,149,86,47,34,59,4,0,63,32,9,13,9,12,5,0,0,0,3,0,0
G36004700229,1960,New York,36,Kings,047,5600,51000,,0229,,1450,TRACT 229    NEW YORK CITY BROOKLYN,001,3,15,0,0,0,0,0,1,0,106,121,160,149,171,110,114,66,73,10,49,5,4,294,147,143,99,51,28,7,0,0,0,0,0,0
G36004700230,1960,New York,36,Kings,047,5600,51000,,0230,,1450,TRACT 230    NEW YORK CITY BROOKLYN,001,3,15,0,0,0,0,1,1,0,43,52,103,154,185,219,191,89,58,44,86,3,4,89,24,4,20,15,8,0,0,0,0,0,0,0
G36004700231,1960,New York,36,Kings,047,5600,51000,,0231,,1450,TRACT 231    NEW YORK CITY BROOKLYN,001,3,15,0,0,0,0,0,1,0,65,96,168,202,159,130,158,58,45,12,45,4,0,167,106,144,175,17,9,9,0,4,0,0,0,0
G36004700232,1960,New York,36,Kings,047,5600,51000,,0232,,1450,TRACT 232    NEW YORK CITY BROOKLYN,001,3,15,0,0,0,0,1,1,0,77,160,132,267,273,250,163,162,102,79,117,33,0,154,52,52,25,19,15,0,0,0,0,0,0,0
G36004700233,1960,New York,36,Kings,047,5600,51000,,0233,,1450,TRACT 233    NEW YORK CITY BROOKLYN,001,3,15,0,0,0,0,0,1,0,44,65,127,109,146,109,82,43,57,30,39,3,0,132,36,68,54,25,9,3,0,0,9,0,0,0
G36004700234,1960,New York,36,Kings,047,5600,51000,,0234,,1450,TRACT 234    NEW YORK CITY BROOKLYN,001,3,15,0,0,0,0,1,1,0,61,69,81,105,142,143,207,95,81,76,172,49,13,101,41,32,30,5,4,16,4,0,4,0,4,0
G36004700235,1960,New York,36,Kings,047,5600,51000,,0235,,1450,TRACT 235    NEW YORK CITY BROOKLYN,001,3,15,0,0,0,0,1,1,0,29,44,92,107,135,114,89,64,43,21,64,3,0,56,38,6,15,4,4,6,0,0,0,0,0,0
G36004700236,1960,New York,36,Kings,047,5600,51000,,0236,,1450,TRACT 236    NEW YORK CITY BROOKLYN,001,3,15,0,0,0,0,1,1,0,56,22,94,101,170,216,155,135,134,62,169,54,7,115,43,25,29,32,19,0,7,0,8,4,0,0
G36004700237,1960,New York,36,Kings,047,5600,51000,,0237,,1450,TRACT 237    NEW YORK CITY BROOKLYN,001,3,15,0,0,0,0,1,0,0,26,30,73,80,132,87,78,29,34,20,59,14,0,71,44,9,12,21,0,8,0,0,0,0,0,0
G36004700238,1960,New York,36,Kings,047,5600,51000,,0238,,1450,TRACT 238    NEW YORK CITY BROOKLYN,001,3,15,0,0,0,0,1,1,0,36,58,90,47,124,178,143,119,71,57,178,68,17,58,40,24,18,4,16,0,8,0,0,0,4,0
G36004700239,1960,New York,36,Kings,047,5600,51000,,0239,,1450,TRACT 239    NEW YORK CITY BROOKLYN,001,3,15,0,0,0,0,1,1,0,23,35,62,87,55,93,65,13,15,11,15,9,0,24,11,18,8,3,4,0,6,0,0,3,0,0
G36004700240,1960,New York,36,Kings,047,5600,51000,,0240,,1450,TRACT 240    NEW YORK CITY BROOKLYN,001,3,15,0,0,0,0,1,1,0,51,39,104,95,118,207,99,148,132,51,148,31,8,102,18,14,15,8,0,12,4,0,0,4,0,0
G36004700241,1960,New York,36,Kings,047,5600,51000,,0241,,1450,TRACT 241    NEW YORK CITY BROOKLYN,001,3,15,0,0,0,0,0,0,0,45,54,77,146,143,58,64,38,33,27,51,8,4,92,75,86,44,33,0,4,0,0,0,0,0,0
G36004700242,1960,New York,36,Kings,047,5600,51000,,0242,,1450,TRACT 242    NEW YORK CITY BROOKLYN,001,3,15,0,0,0,0,1,1,0,16,17,41,55,98,96,109,72,81,46,123,25,0,27,13,14,8,8,4,0,4,4,0,0,0,0
G36004700243,1960,New York,36,Kings,047,5600,51000,,0243,,1450,TRACT 243    NEW YORK CITY BROOKLYN,001,3,15,0,0,0,0,0,1,0,42,49,179,219,199,146,161,97,59,50,70,0,0,71,54,164,133,76,51,14,11,8,0,14,0,0
G36004700244,1960,New York,36,Kings,047,5600,51000,,0244,,1450,TRACT 244    NEW YORK CITY BROOKLYN,001,3,15,0,0,0,0,1,1,0,10,30,65,63,128,174,104,106,87,51,141,29,3,39,11,12,15,4,0,0,4,0,0,0,0,0
G36004700245,1960,New York,36,Kings,047,5600,51000,,0245,,1450,TRACT 245    NEW YORK CITY BROOKLYN,001,3,15,0,0,0,0,0,1,0,63,76,122,180,177,196,123,106,48,67,59,19,8,223,171,213,178,95,41,12,0,0,0,0,0,0
G36004700246,1960,New York,36,Kings,047,5600,51000,,0246,,1450,TRACT 246    NEW YORK CITY BROOKLYN,001,3,15,0,0,0,0,1,1,0,21,24,33,65,116,134,141,114,58,53,111,20,8,22,12,0,8,0,14,4,4,0,0,0,0,0
G36004700247,1960,New York,36,Kings,047,5600,51000,,0247,,1450,TRACT 247    NEW YORK CITY BROOKLYN,001,3,15,0,0,0,0,0,1,0,172,104,146,63,103,97,27,33,9,0,7,0,0,286,75,34,66,22,13,0,6,0,4,0,0,0
G36004700248,1960,New York,36,Kings,047,5600,51000,,0248,,1450,TRACT 248    NEW YORK CITY BROOKLYN,001,3,15,0,0,0,0,1,1,0,12,40,37,58,87,111,128,83,65,41,81,12,0,25,31,12,12,4,4,5,0,0,0,0,0,0
G36004700249,1960,New York,36,Kings,047,5600,51000,,0249,,1450,TRACT 249    NEW YORK CITY BROOKLYN,001,3,15,0,0,0,0,0,1,0,70,88,121,207,172,204,164,57,21,17,77,7,0,237,135,303,263,66,25,17,0,0,0,0,0,0
G36004700250,1960,New York,36,Kings,047,5600,51000,,0250,,1450,TRACT 250    NEW YORK CITY BROOKLYN,001,3,15,0,0,0,0,1,1,0,19,16,21,36,53,68,66,47,35,11,41,12,8,5,0,14,4,0,4,0,0,0,0,0,0,0
G36004700251,1960,New York,36,Kings,047,5600,51000,,0251,,1450,TRACT 251    NEW YORK CITY BROOKLYN,001,3,15,0,0,0,0,0,1,0,102,110,128,213,184,146,130,81,73,42,56,14,0,163,91,154,130,37,12,4,0,0,0,0,0,0
G36004700252,1960,New York,36,Kings,047,5600,51000,,0252,,1450,TRACT 252    NEW YORK CITY BROOKLYN,001,3,15,0,0,0,0,1,1,0,26,65,55,84,193,291,170,242,167,97,158,33,4,73,32,24,32,21,12,3,7,0,0,0,0,0
G36004700253,1960,New York,36,Kings,047,5600,51000,,0253,,1450,TRACT 253    NEW YORK CITY BROOKLYN,001,3,15,0,0,0,0,0,0,0,86,96,164,226,169,185,122,80,56,47,48,16,0,127,83,102,72,35,23,4,8,0,0,0,0,0
G36004700254,1960,New York,36,Kings,047,5600,51000,,0254,,1450,TRACT 254    NEW YORK CITY BROOKLYN,001,3,15,0,0,0,0,1,1,0,34,26,42,88,151,199,124,146,75,43,66,4,9,42,21,14,9,10,0,0,0,5,0,0,0,0
G36004700255,1960,New York,36,Kings,047,5600,51000,,0255,,1450,TRACT 255    NEW YORK CITY BROOKLYN,001,3,15,0,0,0,0,0,0,0,80,151,289,427,309,213,106,54,4,12,27,4,4,8,4,12,4,12,0,0,0,0,0,0,0,0
G36004700256,1960,New York,36,Kings,047,5600,51000,,0256,,1450,TRACT 256    NEW YORK CITY BROOKLYN,001,3,15,0,0,0,0,1,1,0,27,43,65,69,105,143,93,77,69,30,74,25,0,49,16,17,18,13,21,0,4,0,0,0,0,0
G36004700257,1960,New York,36,Kings,047,5600,51000,,0257,,1450,TRACT 257    NEW YORK CITY BROOKLYN,001,3,15,0,0,0,0,0,0,0,102,97,185,183,147,121,70,39,31,4,30,0,0,84,28,40,29,0,4,0,0,0,0,0,0,0
G36004700258,1960,New York,36,Kings,047,5600,51000,,0258,,1450,TRACT 258    NEW YORK CITY BROOKLYN,001,3,15,0,0,0,0,1,1,0,61,66,68,89,150,195,180,122,93,82,176,59,4,67,20,16,26,24,8,0,0,4,0,0,0,0
G360047002590,1960,New York,36,Kings,047,5600,51000,,0259,0,1450,TRACT 259-0  NEW YORK CITY BROOKLYN,001,3,15,0,0,0,0,0,0,0,61,113,142,177,127,98,34,38,8,16,44,12,0,95,66,41,47,29,16,13,8,0,4,0,0,0
G360047002591,1960,New York,36,Kings,047,5600,51000,,0259,1,1450,TRACT 259-1  NEW YORK CITY BROOKLYN,001,3,15,0,0,1,0,0,0,0,30,39,62,68,13,15,18,13,0,0,24,0,17,22,14,25,9,9,0,0,0,0,0,0,0,0
G36004700260,1960,New York,36,Kings,047,5600,51000,,0260,,1450,TRACT 260    NEW YORK CITY BROOKLYN,001,3,15,0,0,0,0,1,1,0,44,42,73,66,76,165,185,125,87,38,117,28,3,34,4,25,14,11,0,4,0,0,0,0,0,0
G36004700261,1960,New York,36,Kings,047,5600,51000,,0261,,1450,TRACT 261    NEW YORK CITY BROOKLYN,001,3,15,0,0,0,0,0,0,0,64,82,221,387,293,234,173,98,90,39,118,9,3,225,114,156,219,47,16,11,0,0,0,0,0,0
G36004700262,1960,New York,36,Kings,047,5600,51000,,0262,,1450,TRACT 262    NEW YORK CITY BROOKLYN,001,3,15,0,0,0,0,1,1,0,13,55,27,61,87,96,96,72,63,40,71,18,4,37,43,4,12,10,22,4,3,0,0,0,0,0
G36004700263,1960,New York,36,Kings,047,5600,51000,,0263,,1450,TRACT 263    NEW YORK CITY BROOKLYN,001,3,15,0,0,0,0,0,0,0,46,30,67,106,89,90,68,40,13,11,42,12,0,45,46,79,38,17,0,0,0,4,0,0,0,0
G36004700264,1960,New York,36,Kings,047,5600,51000,,0264,,1450,TRACT 264    NEW YORK CITY BROOKLYN,001,3,15,0,0,0,0,1,1,0,8,49,81,95,217,229,165,128,126,102,148,22,4,56,32,21,28,11,9,0,0,0,0,5,0,0
G36004700265,1960,New York,36,Kings,047,5600,51000,,0265,,1450,TRACT 265    NEW YORK CITY BROOKLYN,001,3,15,0,0,0,0,0,1,0,94,123,143,170,193,109,119,94,36,41,97,14,0,217,152,161,85,24,50,16,5,0,4,0,4,0
G36004700266,1960,New York,36,Kings,047,5600,51000,,0266,,1450,TRACT 266    NEW YORK CITY BROOKLYN,001,3,15,0,0,0,0,1,1,0,9,57,66,82,113,177,149,141,68,39,135,36,0,28,20,8,9,4,9,0,0,0,0,4,0,0
G36004700267,1960,New York,36,Kings,047,5600,51000,,0267,,1450,TRACT 267    NEW YORK CITY BROOKLYN,001,3,15,0,0,0,0,0,1,0,70,91,146,201,228,193,157,86,59,29,70,3,0,223,115,209,118,88,50,12,0,0,4,0,0,0
G36004700268,1960,New York,36,Kings,047,5600,51000,,0268,,1450,TRACT 268    NEW YORK CITY BROOKLYN,001,3,15,0,0,0,0,1,1,0,31,63,49,117,124,215,221,106,99,76,201,38,3,29,30,4,8,3,3,5,0,0,0,0,0,0
G36004700269,1960,New York,36,Kings,047,5600,51000,,0269,,1450,TRACT 269    NEW YORK CITY BROOKLYN,001,3,15,0,0,0,0,0,1,0,67,102,109,125,115,86,42,51,35,17,26,14,0,267,89,127,72,44,24,0,4,4,0,0,0,7
G36004700270,1960,New York,36,Kings,047,5600,51000,,0270,,1450,TRACT 270    NEW YORK CITY BROOKLYN,001,3,15,0,0,0,0,1,1,0,5,50,32,44,59,49,62,73,59,54,115,38,12,19,29,14,16,18,8,8,4,0,0,4,0,0
G360047002710,1960,New York,36,Kings,047,5600,51000,,0271,0,1450,TRACT 271-0  NEW YORK CITY BROOKLYN,001,3,15,0,0,0,0,0,1,0,127,26,57,48,41,41,23,20,17,10,21,0,0,138,44,38,46,15,0,0,0,0,0,0,0,0
G360047002711,1960,New York,36,Kings,047,5600,51000,,0271,1,1450,TRACT 271-1  NEW YORK CITY BROOKLYN,001,3,15,0,0,0,0,0,1,0,28,46,56,78,40,52,36,25,12,5,24,7,0,62,32,23,28,19,4,0,7,0,0,4,0,0
G36004700272,1960,New York,36,Kings,047,5600,51000,,0272,,1450,TRACT 272    NEW YORK CITY BROOKLYN,001,3,15,0,0,0,0,1,1,0,16,47,39,93,187,143,119,76,64,67,136,37,0,60,33,12,24,8,4,4,0,4,0,0,0,0
G36004700273,1960,New York,36,Kings,047,5600,51000,,0273,,1450,TRACT 273    NEW YORK CITY BROOKLYN,001,3,15,0,0,0,0,0,1,0,18,76,122,107,161,125,82,33,40,13,24,11,0,143,150,179,155,29,8,4,0,0,0,0,0,0
G36004700274,1960,New York,36,Kings,047,5600,51000,,0274,,1450,TRACT 274    NEW YORK CITY BROOKLYN,001,3,15,0,0,0,0,1,1,0,30,20,36,34,94,124,113,88,103,23,129,23,12,42,16,13,16,4,8,4,0,0,0,0,0,0
G36004700275,1960,New York,36,Kings,047,5600,51000,,0275,,1450,TRACT 275    NEW YORK CITY BROOKLYN,001,3,15,0,0,0,0,0,1,0,33,49,179,164,183,226,100,89,64,71,50,16,0,140,123,122,129,97,51,15,0,5,0,0,0,0
G36004700276,1960,New York,36,Kings,047,5600,51000,,0276,,1450,TRACT 276    NEW YORK CITY BROOKLYN,001,3,15,0,0,0,0,1,1,0,20,56,43,69,155,145,159,72,72,44,94,33,0,77,13,8,19,8,4,0,0,0,0,0,0,0
G36004700277,1960,New York,36,Kings,047,5600,51000,,0277,,1450,TRACT 277    NEW YORK CITY BROOKLYN,001,3,15,0,0,0,0,0,1,0,63,108,130,140,128,247,84,65,29,20,72,0,9,118,118,103,44,38,33,0,0,0,0,0,0,0
G36004700278,1960,New York,36,Kings,047,5600,51000,,0278,,1450,TRACT 278    NEW YORK CITY BROOKLYN,001,3,15,0,0,0,0,1,1,0,6,31,48,37,94,129,90,48,56,53,109,19,8,60,19,11,8,17,0,12,4,0,0,0,0,0
G36004700279,1960,New York,36,Kings,047,5600,51000,,0279,,1450,TRACT 279    NEW YORK CITY BROOKLYN,001,3,15,0,0,0,0,0,1,0,91,159,153,172,249,215,151,104,94,29,61,27,4,142,130,81,109,29,15,13,0,4,0,0,0,0
G36004700280,1960,New York,36,Kings,047,5600,51000,,0280,,1450,TRACT 280    NEW YORK CITY BROOKLYN,001,3,15,0,0,0,0,1,1,0,28,23,25,36,57,88,84,76,26,20,81,12,0,21,16,0,0,0,0,0,0,0,4,3,0,0
G36004700281,1960,New York,36,Kings,047,5600,51000,,0281,,1450,TRACT 281    NEW YORK CITY BROOKLYN,001,3,15,0,0,0,0,0,0,0,97,188,208,206,261,194,147,76,50,21,40,2,0,117,47,56,59,24,6,0,0,0,0,0,0,0
G36004700282,1960,New York,36,Kings,047,5600,51000,,0282,,1450,TRACT 282    NEW YORK CITY BROOKLYN,001,3,15,0,0,0,0,1,1,0,7,34,67,59,101,127,109,118,57,46,117,27,22,47,27,14,8,0,4,17,8,0,8,9,0,0
G36004700283,1960,New York,36,Kings,047,5600,51000,,0283,,1450,TRACT 283    NEW YORK CITY BROOKLYN,001,3,15,0,0,0,0,0,0,0,75,126,148,158,143,143,122,84,40,27,39,7,0,193,66,79,15,25,7,4,0,0,0,0,0,0
G36004700284,1960,New York,36,Kings,047,5600,51000,,0284,,1450,TRACT 284    NEW YORK CITY BROOKLYN,001,3,15,0,0,0,0,1,1,0,46,48,63,93,147,207,119,103,71,43,124,43,12,78,12,26,9,18,0,0,4,0,0,0,0,0
G360047002850,1960,New York,36,Kings,047,5600,51000,,0285,0,1450,TRACT 285-0  NEW YORK CITY BROOKLYN,001,3,15,0,0,0,0,1,0,0,62,57,87,109,83,54,48,46,14,21,19,0,0,106,36,18,14,12,5,0,0,0,0,0,0,0
G360047002851,1960,New York,36,Kings,047,5600,51000,,0285,1,1450,TRACT 285-1  NEW YORK CITY BROOKLYN,001,3,15,0,0,0,0,0,0,0,58,84,116,313,237,78,68,36,13,4,8,0,0,36,25,4,8,0,4,0,0,0,0,0,0,0
G36004700286,1960,New York,36,Kings,047,5600,51000,,0286,,1450,TRACT 286    NEW YORK CITY BROOKLYN,001,3,15,0,0,0,0,1,1,0,61,53,98,141,189,203,202,205,161,98,258,43,7,66,19,20,24,25,33,8,14,8,0,5,4,0
G36004700287,1960,New York,36,Kings,047,5600,51000,,0287,,1450,TRACT 287    NEW YORK CITY BROOKLYN,001,3,15,0,0,0,0,0,0,0,41,72,69,109,126,75,99,73,44,27,46,0,0,126,41,26,30,12,8,0,0,0,0,0,0,0
G36004700288,1960,New York,36,Kings,047,5600,51000,,0288,,1450,TRACT 288    NEW YORK CITY BROOKLYN,001,3,15,0,0,0,0,1,1,0,32,42,63,84,84,138,125,89,64,58,114,29,0,60,36,9,19,23,13,0,0,0,4,0,0,0
G36004700289,1960,New York,36,Kings,047,5600,51000,,0289,,1450,TRACT 289    NEW YORK CITY BROOKLYN,001,3,15,0,0,0,0,0,0,0,93,166,231,287,246,145,115,116,75,36,58,0,0,143,62,55,44,36,5,9,0,0,0,0,0,0
G36004700290,1960,New York,36,Kings,047,5600,51000,,0290,,1450,TRACT 290    NEW YORK CITY BROOKLYN,001,3,15,0,0,0,0,1,1,0,31,35,50,101,109,140,96,88,100,62,99,40,4,42,32,55,26,12,3,18,9,0,0,0,0,0
G36004700291,1960,New York,36,Kings,047,5600,51000,,0291,,1450,TRACT 291    NEW YORK CITY BROOKLYN,001,3,15,0,0,0,0,0,1,0,86,68,124,243,193,191,102,74,20,52,40,7,0,153,63,89,55,23,15,0,0,0,0,0,0,0
G36004700292,1960,New York,36,Kings,047,5600,51000,,0292,,1450,TRACT 292    NEW YORK CITY BROOKLYN,001,3,15,0,0,0,0,1,1,0,26,27,43,69,85,137,148,63,56,32,58,28,12,17,16,12,20,7,4,0,4,0,0,0,0,0
G36004700293,1960,New York,36,Kings,047,5600,51000,,0293,,1450,TR1CT 293    NEW YORK CITY BROOKLYN,001,3,15,0,0,0,0,0,1,0,113,101,94,200,210,140,107,56,60,26,53,6,0,138,83,94,90,26,16,9,4,6,0,4,0,0
G36004700294,1960,New York,36,Kings,047,5600,51000,,0294,,1450,TRACT 294    NEW YORK CITY BROOKLYN,001,3,15,0,0,0,0,1,1,0,6,18,11,17,65,58,46,29,48,16,50,27,10,8,37,11,10,3,8,4,0,9,0,0,0,0
G36004700295,1960,New York,36,Kings,047,5600,51000,,0295,,1450,TRACT 295    NEW YORK CITY BROOKLYN,001,3,15,0,0,0,0,0,1,0,155,121,95,194,195,153,70,91,64,50,75,13,0,279,86,122,176,57,19,15,0,12,4,11,0,0
G36004700296,1960,New York,36,Kings,047,5600,51000,,0296,,1450,TRACT 296    NEW YORK CITY BROOKLYN,001,3,15,0,0,0,0,1,1,0,52,46,78,140,170,259,179,109,147,33,217,44,15,40,63,50,25,21,18,13,16,5,0,0,0,0
G36004700297,1960,New York,36,Kings,047,5600,51000,,0297,,1450,TRACT 297    NEW YORK CITY BROOKLYN,001,3,15,0,0,0,0,0,1,0,54,116,111,146,152,116,119,83,60,46,125,20,0,186,124,152,125,34,27,4,4,4,0,0,0,3
G36004700298,1960,New York,36,Kings,047,5600,51000,,0298,,1450,TRACT 298    NEW YORK CITY BROOKLYN,001,3,15,0,0,0,0,1,1,0,32,46,55,70,122,172,142,109,106,69,102,49,4,71,17,18,11,8,8,4,0,3,0,0,0,0
G36004700299,1960,New York,36,Kings,047,5600,51000,,0299,,1450,TRACT 299    NEW YORK CITY BROOKLYN,001,3,15,0,0,0,0,0,1,0,37,92,86,87,91,130,71,19,29,12,29,4,0,145,47,59,34,26,10,0,0,3,0,8,0,0
G36004700300,1960,New York,36,Kings,047,5600,51000,,0300,,1450,TRACT 300    NEW YORK CITY BROOKLYN,001,3,15,0,0,0,0,1,1,0,60,32,17,73,86,150,133,82,56,36,87,17,4,25,13,4,7,5,0,0,0,0,0,0,0,0
G36004700301,1960,New York,36,Kings,047,5600,51000,,0301,,1450,TRACT 301    NEW YORK CITY BROOKLYN,001,3,15,0,0,0,0,0,1,0,65,87,92,176,160,168,97,89,75,40,76,18,0,67,55,47,49,17,11,3,0,0,0,0,0,0
G36004700302,1960,New York,36,Kings,047,5600,51000,,0302,,1450,TRACT 302    NEW YORK CITY BROOKLYN,001,3,15,0,0,0,0,1,1,0,31,9,26,73,161,220,125,146,116,70,77,16,4,25,6,4,0,18,3,0,0,0,0,0,0,0
G36004700303,1960,New York,36,Kings,047,5600,51000,,0303,,1450,TRACT 303    NEW YORK CITY BROOKLYN,001,3,15,0,0,0,0,0,0,0,143,246,305,428,389,323,293,117,105,31,92,4,17,186,131,163,89,24,29,7,4,0,0,0,0,0
G36004700304,1960,New York,36,Kings,047,5600,51000,,0304,,1450,TRACT 304    NEW YORK CITY BROOKLYN,001,3,15,0,0,0,0,1,1,0,7,0,30,28,71,183,113,42,24,38,50,36,0,0,4,0,3,0,0,8,0,0,3,0,0,0
G36004700306,1960,New York,36,Kings,047,5600,51000,,0306,,1450,TRACT 306    NEW YORK CITY BROOKLYN,001,3,15,0,0,0,0,1,1,0,4,9,9,38,40,98,73,21,12,4,50,11,8,4,3,9,0,4,7,4,3,3,0,0,5,0
G36004700307,1960,New York,36,Kings,047,5600,51000,,0307,,1450,TRACT 307    NEW YORK CITY BROOKLYN,001,3,15,0,0,0,0,0,0,0,140,198,228,322,274,165,131,86,51,27,24,0,4,268,128,65,60,35,8,4,4,0,0,0,0,0
G36004700308,1960,New York,36,Kings,047,5600,51000,,0308,,1450,TRACT 308    NEW YORK CITY BROOKLYN,001,3,15,0,0,0,0,1,1,0,29,22,9,31,27,31,44,30,23,8,8,0,0,12,0,0,0,0,0,0,0,0,0,0,0,0
G36004700309,1960,New York,36,Kings,047,5600,51000,,0309,,1450,TRACT 309    NEW YORK CITY BROOKLYN,001,3,15,0,0,0,0,0,1,0,44,28,33,51,52,75,45,29,16,22,27,0,0,23,33,28,14,22,0,0,0,0,0,0,0,0
G36004700311,1960,New York,36,Kings,047,5600,51000,,0311,,1450,TRACT 311    NEW YORK CITY BROOKLYN,001,3,15,0,0,0,0,0,1,0,136,91,155,131,154,97,84,44,39,34,55,4,4,198,86,100,41,14,10,3,0,0,4,0,0,0
G36004700313,1960,New York,36,Kings,047,5600,51000,,0313,,1450,TRACT 313    NEW YORK CITY BROOKLYN,001,3,15,0,0,0,0,0,1,0,98,104,123,173,180,220,108,92,51,51,131,26,4,319,139,230,160,66,38,12,4,9,7,0,0,0
G36004700314,1960,New York,36,Kings,047,5600,51000,,0314,,1450,TRACT 314    NEW YORK CITY BROOKLYN,001,3,15,0,0,0,0,1,1,0,18,14,11,48,94,98,75,33,43,35,74,8,4,13,9,0,0,0,4,0,0,0,0,0,0,0
G36004700315,1960,New York,36,Kings,047,5600,51000,,0315,,1450,TRACT 315    NEW YORK CITY BROOKLYN,001,3,15,0,0,0,0,0,1,0,99,71,188,245,241,251,249,142,90,84,113,16,5,229,214,261,191,102,88,14,14,8,4,0,0,0
G36004700316,1960,New York,36,Kings,047,5600,51000,,0316,,1450,TRACT 316    NEW YORK CITY BROOKLYN,001,3,15,1,1,1,1,1,1,0,0,0,0,0,0,0,0,0,0,0,0,0,0,0,0,0,0,0,0,0,0,0,0,0,0,0
G360047003170,1960,New York,36,Kings,047,5600,51000,,0317,0,1450,TRACT 317-0  NEW YORK CITY BROOKLYN,001,3,15,0,0,0,0,0,1,0,82,72,84,137,144,155,152,79,66,45,98,19,12,137,102,151,161,94,48,17,0,0,0,4,4,0
G360047003171,1960,New York,36,Kings,047,5600,51000,,0317,1,1450,TRACT 317-1  NEW YORK CITY BROOKLYN,001,3,15,0,0,0,0,0,1,0,41,37,75,129,130,96,94,99,71,51,88,33,13,144,86,132,112,49,25,17,17,5,0,4,4,0
G36004700319,1960,New York,36,Kings,047,5600,51000,,0319,,1450,TRACT 319    NEW YORK CITY BROOKLYN,001,3,15,0,0,0,0,0,1,0,26,51,48,93,128,78,120,76,84,33,101,39,5,69,26,38,29,33,28,3,0,4,0,0,0,4
G36004700320,1960,New York,36,Kings,047,5600,51000,,0320,,1450,TRACT 320    NEW YORK CITY BROOKLYN,001,3,15,0,0,0,0,1,1,0,12,4,7,7,13,17,16,4,0,4,20,0,0,0,4,13,0,0,0,0,0,0,0,0,0,0
G36004700321,1960,New York,36,Kings,047,5600,51000,,0321,,1450,TRACT 321    NEW YORK CITY BROOKLYN,001,3,15,0,0,0,0,1,1,0,64,67,89,134,220,188,183,170,120,121,202,91,4,170,103,56,58,36,28,15,0,9,8,0,0,0
G36004700323,1960,New York,36,Kings,047,5600,51000,,0323,,1450,TRACT 323    NEW YORK CITY BROOKLYN,001,3,15,0,0,0,0,1,1,0,37,59,76,92,106,146,119,73,123,87,155,44,4,84,64,41,41,20,51,8,4,0,4,0,0,0
G36004700325,1960,New York,36,Kings,047,5600,51000,,0325,,1450,TRACT 325    NEW YORK CITY BROOKLYN,001,3,15,0,0,0,0,1,1,0,9,49,97,55,102,134,108,77,72,51,144,23,0,76,40,28,48,50,28,11,9,0,0,0,0,0
G36004700326,1960,New York,36,Kings,047,5600,51000,,0326,,1450,TRACT 326    NEW YORK CITY BROOKLYN,001,3,15,0,0,0,0,0,0,0,312,231,163,213,243,261,98,144,64,60,116,7,0,411,209,56,36,42,37,4,0,4,0,0,0,0
G36004700327,1960,New York,36,Kings,047,5600,51000,,0327,,1450,TRACT 327    NEW YORK CITY BROOKLYN,001,3,15,0,0,0,0,1,1,0,11,43,36,71,129,128,118,59,88,41,129,27,4,110,69,23,49,54,25,27,4,15,0,8,0,0
G36004700328,1960,New York,36,Kings,047,5600,51000,,0328,,1450,TRACT 328    NEW YORK CITY BROOKLYN,001,3,15,0,0,0,0,1,1,0,112,127,144,124,296,290,181,60,82,54,116,23,0,205,97,26,59,55,35,8,0,4,0,0,0,0
G36004700329,1960,New York,36,Kings,047,5600,51000,,0329,,1450,TRACT 329    NEW YORK CITY BROOKLYN,001,3,15,0,0,0,0,1,1,0,53,101,93,105,257,218,214,194,141,120,270,92,16,117,100,43,45,38,32,8,8,12,0,0,0,0
G36004700330,1960,New York,36,Kings,047,5600,51000,,0330,,1450,TRACT 330    NEW YORK CITY BROOKLYN,001,3,15,0,0,0,0,0,1,0,90,101,152,204,149,98,32,25,29,17,21,0,0,51,41,24,4,3,10,0,0,0,4,0,0,0
G36004700331,1960,New York,36,Kings,047,5600,51000,,0331,,1450,TRACT 331    NEW YORK CITY BROOKLYN,001,3,15,0,0,0,0,1,1,0,39,62,65,121,169,217,139,109,120,82,176,50,11,91,15,21,8,21,8,12,4,0,0,4,0,0
G36004700333,1960,New York,36,Kings,047,5600,51000,,0333,,1450,TRACT 333    NEW YORK CITY BROOKLYN,001,3,15,0,0,0,0,0,1,0,20,48,48,64,111,162,124,85,122,78,172,74,38,66,29,28,16,28,8,4,4,0,9,0,0,0
G36004700335,1960,New York,36,Kings,047,5600,51000,,0335,,1450,TRACT 335    NEW YORK CITY BROOKLYN,001,3,15,0,0,0,0,0,1,0,32,22,36,55,62,113,125,86,43,45,131,92,24,34,28,30,28,22,29,13,3,3,0,3,0,0
G36004700336,1960,New York,36,Kings,047,5600,51000,,0336,,1450,TRACT 336    NEW YORK CITY BROOKLYN,001,3,15,0,0,0,0,1,1,0,51,53,82,94,138,196,160,108,167,90,222,78,23,163,69,40,35,38,60,12,11,8,0,0,0,0
G36004700337,1960,New York,36,Kings,047,5600,51000,,0337,,1450,TRACT 337    NEW YORK CITY BROOKLYN,001,3,15,0,0,0,0,0,1,0,46,64,81,134,120,151,166,101,100,101,132,35,0,115,109,101,85,85,37,0,4,0,3,9,0,0
G36004700339,1960,New York,36,Kings,047,5600,51000,,0339,,1450,TRACT 339    NEW YORK CITY BROOKLYN,001,3,15,0,0,0,0,0,1,0,81,77,89,148,183,202,119,100,98,53,142,34,4,102,59,115,70,40,14,4,13,9,0,10,4,0
G36004700340,1960,New York,36,Kings,047,5600,51000,,0340,,1450,TRACT 340    NEW YORK CITY BROOKLYN,001,3,15,0,0,0,0,1,1,0,16,48,47,32,82,135,100,120,58,37,31,4,0,17,13,17,0,8,0,0,0,0,0,0,0,0
G36004700341,1960,New York,36,Kings,047,5600,51000,,0341,,1450,TRACT 341    NEW YORK CITY BROOKLYN,001,3,15,0,0,0,0,0,1,0,16,47,87,83,105,128,91,62,46,25,123,16,8,64,56,49,51,29,16,5,10,8,0,0,0,0
G36004700342,1960,New York,36,Kings,047,5600,51000,,0342,,1450,TRACT 342    NEW YORK CITY BROOKLYN,001,3,15,0,0,0,0,0,1,0,142,206,201,126,144,185,101,90,38,28,54,14,0,337,243,70,75,33,27,17,12,0,0,0,0,0
G36004700343,1960,New York,36,Kings,047,5600,51000,,0343,,1450,TRACT 343    NEW YORK CITY BROOKLYN,001,3,15,0,0,0,0,0,0,0,92,111,203,394,423,246,172,85,54,22,72,0,0,120,94,87,99,42,28,8,0,0,0,0,0,0
G36004700345,1960,New York,36,Kings,047,5600,51000,,0345,,1450,TRACT 345    NEW YORK CITY BROOKLYN,001,3,15,0,0,0,0,0,1,0,34,35,61,104,131,136,132,80,47,38,84,8,0,68,20,27,30,30,16,7,0,4,0,4,0,0
G36004700347,1960,New York,36,Kings,047,5600,51000,,0347,,1450,TRACT 347    NEW YORK CITY BROOKLYN,001,3,15,0,0,0,0,0,1,0,54,74,67,166,157,179,135,103,82,46,50,31,0,264,51,36,67,41,8,0,4,0,0,0,0,0
G360047003480,1960,New York,36,Kings,047,5600,51000,,0348,0,1450,TRACT 348-0  NEW YORK CITY BROOKLYN,001,3,15,0,0,0,0,1,1,0,29,12,33,60,30,35,23,34,20,20,24,9,0,37,11,0,12,0,0,0,0,0,0,0,0,0
G360047003481,1960,New York,36,Kings,047,5600,51000,,0348,1,1450,TRACT 348-1  NEW YORK CITY BROOKLYN,001,3,15,0,0,0,0,1,1,0,40,35,19,43,49,44,56,14,12,15,24,0,0,47,27,4,20,33,7,0,0,4,0,0,0,0
G36004700349,1960,New York,36,Kings,047,5600,51000,,0349,,1450,TRACT 349    NEW YORK CITY BROOKLYN,001,3,15,0,0,0,0,1,1,0,75,126,127,190,228,263,177,126,85,69,175,64,12,163,89,40,73,40,40,12,5,0,0,0,0,0
G36004700350,1960,New York,36,Kings,047,5600,51000,,0350,,1450,TRACT 350    NEW YORK CITY BROOKLYN,001,3,15,1,1,1,1,1,1,0,0,0,0,0,0,0,0,0,0,0,0,0,0,0,0,0,0,0,0,0,0,0,0,0,0,0
G36004700351,1960,New York,36,Kings,047,5600,51000,,0351,,1450,TRACT 351    NEW YORK CITY BROOKLYN,001,3,15,0,0,0,0,1,1,0,60,97,108,139,214,186,149,139,98,71,125,44,21,144,59,37,71,32,24,20,0,13,4,4,5,0
G36004700352,1960,New York,36,Kings,047,5600,51000,,0352,,1450,TRACT 352    NEW YORK CITY BROOKLYN,001,3,15,0,0,0,0,1,1,0,9,16,26,16,25,8,12,0,9,4,4,4,0,93,68,36,45,16,9,9,0,0,0,0,0,0
G36004700353,1960,New York,36,Kings,047,5600,51000,,0353,,1450,TRACT 353    NEW YORK CITY BROOKLYN,001,3,15,0,0,0,0,0,1,0,55,52,90,144,235,281,240,137,94,97,131,33,0,107,75,40,87,41,16,4,4,0,0,4,0,0
G36004700354,1960,New York,36,Kings,047,5600,51000,,0354,,1450,TRACT 354    NEW YORK CITY BROOKLYN,001,3,15,0,0,0,0,1,1,0,49,69,52,53,49,71,65,20,28,0,41,9,0,97,45,21,24,16,11,0,0,0,0,0,0,0
G36004700355,1960,New York,36,Kings,047,5600,51000,,0355,,1450,TRACT 355    NEW YORK CITY BROOKLYN,001,3,15,0,0,0,0,1,1,0,46,86,88,121,177,195,244,132,131,96,249,51,11,73,25,33,36,36,17,0,8,0,7,8,0,0
G36004700356,1960,New York,36,Kings,047,5600,51000,,0356,,1450,TRACT 356    NEW YORK CITY BROOKLYN,001,3,15,0,0,0,0,0,0,0,95,83,113,150,135,136,60,49,74,42,95,4,0,158,68,66,42,25,0,0,0,0,0,0,0,0
G36004700357,1960,New York,36,Kings,047,5600,51000,,0357,,1450,TRACT 357    NEW YORK CITY BROOKLYN,001,3,15,0,0,0,0,1,1,0,29,91,40,83,128,118,81,57,40,39,33,12,0,124,118,65,27,43,5,3,0,4,0,0,0,0
G36004700359,1960,New York,36,Kings,047,5600,51000,,0359,,1450,TRACT 359    NEW YORK CITY BROOKLYN,001,3,15,0,0,0,0,0,0,0,69,143,183,316,332,295,217,149,133,66,96,8,4,193,96,42,63,48,18,0,12,0,0,0,0,0
G360047003600,1960,New York,36,Kings,047,5600,51000,,0360,0,1450,TRACT 360-0  NEW YORK CITY BROOKLYN,001,3,15,0,0,0,0,1,1,0,51,77,94,148,103,109,112,82,28,55,72,27,16,126,86,52,16,13,12,10,7,0,0,0,0,0
G360047003601,1960,New York,36,Kings,047,5600,51000,,0360,1,1450,TRACT 360-1  NEW YORK CITY BROOKLYN,001,3,15,0,0,0,0,1,1,0,24,92,131,150,182,194,135,114,93,92,141,45,8,258,140,84,77,16,23,24,0,0,0,4,0,0
G36004700361,1960,New York,36,Kings,047,5600,51000,,0361,,1450,TRACT 361    NEW YORK CITY BROOKLYN,001,3,15,0,0,0,0,0,0,0,63,90,117,184,173,121,125,48,41,19,58,13,6,106,95,52,37,15,28,3,4,0,0,0,0,0
G36004700362,1960,New York,36,Kings,047,5600,51000,,0362,,1450,TRACT 362    NEW YORK CITY BROOKLYN,001,3,15,0,0,0,0,1,1,0,59,126,94,142,130,172,71,90,61,25,99,34,3,287,204,134,72,25,13,8,17,10,0,0,0,0
G36004700363,1960,New York,36,Kings,047,5600,51000,,0363,,1450,TRACT 363    NEW YORK CITY BROOKLYN,001,3,15,0,0,0,0,0,0,0,139,292,363,525,396,304,255,196,91,42,36,8,0,276,213,138,119,42,21,0,3,0,0,0,0,0
G36004700364,1960,New York,36,Kings,047,5600,51000,,0364,,1450,TRACT 364    NEW YORK CITY BROOKLYN,001,3,15,0,0,0,0,1,1,0,40,22,41,61,79,85,55,76,31,24,67,0,0,80,23,70,17,16,8,11,6,0,0,0,0,0
G360047003650,1960,New York,36,Kings,047,5600,51000,,0365,0,1450,TRACT 365-0  NEW YORK CITY BROOKLYN,001,3,15,0,0,0,0,0,0,0,29,45,65,70,110,53,76,45,34,18,31,0,0,258,38,28,50,9,0,11,0,0,0,0,0,0
G360047003651,1960,New York,36,Kings,047,5600,51000,,0365,1,1450,TRACT 365-1  NEW YORK CITY BROOKLYN,001,3,15,0,0,0,0,0,1,0,5,42,59,55,63,34,58,47,26,23,48,4,6,10,16,4,7,0,0,0,0,0,0,0,0,0
G36004700366,1960,New York,36,Kings,047,5600,51000,,0366,,1450,TRACT 366    NEW YORK CITY BROOKLYN,001,3,15,0,0,0,0,1,1,0,48,44,60,93,108,144,100,71,78,79,119,28,15,92,37,33,17,20,8,4,11,0,0,0,4,0
G36004700367,1960,New York,36,Kings,047,5600,51000,,0367,,1450,TRACT 367    NEW YORK CITY BROOKLYN,001,3,15,0,0,0,0,1,1,0,19,21,49,49,76,88,47,24,23,21,37,4,0,54,8,8,4,0,4,0,0,0,0,0,0,0
G36004700369,1960,New York,36,Kings,047,5600,51000,,0369,,1450,TRACT 369    NEW YORK CITY BROOKLYN,001,3,15,0,0,0,0,0,0,0,97,123,158,196,246,229,147,85,81,80,111,21,0,83,52,43,40,29,25,12,4,0,0,0,0,4
G36004700370,1960,New York,36,Kings,047,5600,51000,,0370,,1450,TRACT 370    NEW YORK CITY BROOKLYN,001,3,15,0,0,0,0,1,1,0,58,45,53,69,103,208,201,193,152,61,252,92,12,132,62,29,12,13,4,0,0,0,0,4,0,0
G36004700371,1960,New York,36,Kings,047,5600,51000,,0371,,1450,TRACT 371    NEW YORK CITY BROOKLYN,001,3,15,0,0,0,0,0,0,0,90,99,137,291,260,212,149,97,102,40,81,20,4,135,60,76,88,59,9,4,0,4,0,0,0,0
G36004700373,1960,New York,36,Kings,047,5600,51000,,0373,,1450,TRACT 373    NEW YORK CITY BROOKLYN,001,3,15,0,0,0,0,0,1,0,57,41,111,191,156,181,140,140,47,18,82,17,0,149,86,97,38,42,7,0,11,0,0,0,0,0
G36004700374,1960,New York,36,Kings,047,5600,51000,,0374,,1450,TRACT 374    NEW YORK CITY BROOKLYN,001,3,15,0,0,0,0,1,1,0,83,66,54,175,201,365,381,362,292,207,469,103,8,89,36,42,43,49,24,32,12,4,8,20,4,0
G36004700375,1960,New York,36,Kings,047,5600,51000,,0375,,1450,TRACT 375    NEW YORK CITY BROOKLYN,001,3,15,0,0,0,0,0,0,0,116,41,136,216,169,163,122,113,56,31,56,8,0,114,53,86,56,43,26,0,13,0,0,0,0,0
G36004700377,1960,New York,36,Kings,047,5600,51000,,0377,,1450,TRACT 377    NEW YORK CITY BROOKLYN,001,3,15,0,0,0,0,0,1,0,78,70,177,188,214,241,124,110,74,78,80,4,0,162,101,135,146,45,35,23,3,0,0,0,0,0
G36004700379,1960,New York,36,Kings,047,5600,51000,,0379,,1450,TRACT 379    NEW YORK CITY BROOKLYN,001,3,15,0,0,0,0,0,1,0,88,149,136,176,220,166,156,146,50,35,43,12,0,145,60,59,70,45,31,0,0,0,0,0,0,0
G36004700381,1960,New York,36,Kings,047,5600,51000,,0381,,1450,TRACT 381    NEW YORK CITY BROOKLYN,001,3,15,0,0,0,0,0,1,0,122,176,190,340,303,229,114,107,66,31,51,12,15,138,70,83,72,17,12,8,5,0,4,0,0,0
G36004700382,1960,New York,36,Kings,047,5600,51000,,0382,,1450,TRACT 382    NEW YORK CITY BROOKLYN,001,3,15,0,0,0,0,1,1,0,47,51,106,237,501,450,246,82,44,13,43,0,0,47,4,19,0,4,8,0,0,0,0,0,0,0
G36004700383,1960,New York,36,Kings,047,5600,51000,,0383,,1450,TRACT 383    NEW YORK CITY BROOKLYN,001,3,15,0,0,0,0,0,1,0,108,42,87,169,166,125,164,106,152,68,135,10,0,164,104,145,118,53,41,30,0,13,4,0,0,0
G36004700385,1960,New York,36,Kings,047,5600,51000,,0385,,1450,TRACT 385    NEW YORK CITY BROOKLYN,001,3,15,0,0,0,0,0,0,0,73,53,105,200,208,142,87,91,81,36,70,7,5,201,67,79,57,29,14,13,0,0,0,0,0,10
G36004700386,1960,New York,36,Kings,047,5600,51000,,0386,,1450,TRACT 386    NEW YORK CITY BROOKLYN,001,3,15,0,0,0,0,1,1,0,29,30,51,57,139,142,101,77,70,55,62,16,0,40,12,8,4,0,4,0,0,0,0,0,0,0
G36004700387,1960,New York,36,Kings,047,5600,51000,,0387,,1450,TRACT 387    NEW YORK CITY BROOKLYN,001,3,15,0,0,0,0,0,0,0,77,116,116,271,223,206,112,52,40,18,57,5,0,210,114,151,146,70,15,5,0,4,0,0,0,0
G36004700388,1960,New York,36,Kings,047,5600,51000,,0388,,1450,TRACT 388    NEW YORK CITY BROOKLYN,001,3,15,0,0,0,0,1,1,0,41,33,35,103,143,111,173,165,122,67,194,33,7,29,8,13,8,0,8,0,0,0,0,0,0,0
G36004700389,1960,New York,36,Kings,047,5600,51000,,0389,,1450,TRACT 389    NEW YORK CITY BROOKLYN,001,3,15,0,0,1,0,1,0,0,58,54,93,161,224,121,93,62,78,51,45,4,0,83,49,33,8,43,7,0,0,0,0,0,0,0
G36004700390,1960,New York,36,Kings,047,5600,51000,,0390,,1450,TRACT 390    NEW YORK CITY BROOKLYN,001,3,15,0,0,0,0,1,1,0,23,50,24,42,55,119,108,73,58,32,128,49,8,15,11,8,12,0,5,0,0,0,0,0,0,0
G36004700391,1960,New York,36,Kings,047,5600,51000,,0391,,1450,TRACT 391    NEW YORK CITY BROOKLYN,001,3,15,0,0,0,0,1,0,0,35,42,146,103,159,101,83,121,30,18,31,0,0,97,28,39,27,12,11,0,0,0,3,0,0,0
G36004700392,1960,New York,36,Kings,047,5600,51000,,0392,,1450,TRACT 392    NEW YORK CITY BROOKLYN,001,3,15,0,0,0,0,1,1,0,19,28,24,75,97,113,127,75,86,32,118,36,4,39,8,14,0,4,0,0,0,0,0,4,0,0
G36004700393,1960,New York,36,Kings,047,5600,51000,,0393,,1450,TRACT 393    NEW YORK CITY BROOKLYN,001,3,15,0,0,0,0,1,0,0,22,40,63,101,129,95,111,52,36,56,68,20,3,94,79,40,35,18,9,0,14,0,0,0,0,0
G36004700394,1960,New York,36,Kings,047,5600,51000,,0394,,1450,TRACT 394    NEW YORK CITY BROOKLYN,001,3,15,0,0,0,0,1,1,0,48,29,24,36,83,225,86,80,91,61,117,21,4,16,16,8,0,12,13,4,0,0,0,0,0,0
G36004700395,1960,New York,36,Kings,047,5600,51000,,0395,,1450,TRACT 395    NEW YORK CITY BROOKLYN,001,3,15,0,0,0,0,0,1,0,32,54,54,110,112,117,130,52,67,52,70,24,0,118,99,52,34,43,29,4,3,0,12,3,0,0
G36004700396,1960,New York,36,Kings,047,5600,51000,,0396,,1450,TRACT 396    NEW YORK CITY BROOKLYN,001,3,15,0,0,0,0,1,1,0,12,28,44,43,63,82,110,76,59,51,100,28,17,8,16,0,3,0,0,0,0,0,0,0,0,0
G36004700397,1960,New York,36,Kings,047,5600,51000,,0397,,1450,TRACT 397    NEW YORK CITY BROOKLYN,001,3,15,0,0,0,0,0,1,0,25,73,95,128,155,192,130,85,54,55,97,0,4,62,141,111,72,59,28,15,18,4,0,0,0,0
G36004700398,1960,New York,36,Kings,047,5600,51000,,0398,,1450,TRACT 398    NEW YORK CITY BROOKLYN,001,3,15,0,0,0,0,1,1,0,8,28,37,84,107,159,109,86,55,35,28,4,0,20,12,0,0,4,0,4,0,0,0,0,0,0
G36004700399,1960,New York,36,Kings,047,5600,51000,,0399,,1450,TRACT 399    NEW YORK CITY BROOKLYN,001,3,15,0,0,0,0,0,1,0,8,49,55,146,174,147,135,107,62,37,120,24,3,134,46,37,34,15,23,18,4,0,0,0,0,0
G36004700400,1960,New York,36,Kings,047,5600,51000,,0400,,1450,TRACT 400    NEW YORK CITY BROOKLYN,001,3,15,0,0,0,0,1,1,0,54,27,45,85,154,201,106,160,70,39,65,3,0,65,12,0,0,8,4,0,0,0,0,0,0,0
G36004700401,1960,New York,36,Kings,047,5600,51000,,0401,,1450,TRACT 401    NEW YORK CITY BROOKLYN,001,3,15,0,0,0,0,0,1,0,29,77,136,176,204,164,129,76,51,35,50,12,0,74,84,80,49,44,28,4,0,0,0,0,0,0
G36004700402,1960,New York,36,Kings,047,5600,51000,,0402,,1450,TRACT 402    NEW YORK CITY BROOKLYN,001,3,15,0,0,0,0,1,1,0,23,33,38,61,97,131,148,66,63,54,77,11,4,16,16,12,7,4,3,4,0,0,0,0,0,0
G36004700403,1960,New York,36,Kings,047,5600,51000,,0403,,1450,TRACT 403    NEW YORK CITY BROOKLYN,001,3,15,0,0,0,0,0,1,0,33,60,66,135,153,137,137,123,64,41,70,5,3,148,69,44,50,31,5,3,4,0,0,4,0,0
G36004700404,1960,New York,36,Kings,047,5600,51000,,0404,,1450,TRACT 404    NEW YORK CITY BROOKLYN,001,3,15,0,0,0,0,1,1,0,12,20,8,73,87,126,107,61,65,36,88,20,4,15,12,8,0,0,4,0,4,0,0,0,0,0
G36004700405,1960,New York,36,Kings,047,5600,51000,,0405,,1450,TRACT 405    NEW YORK CITY BROOKLYN,001,3,15,0,0,0,0,0,1,0,27,32,54,83,83,93,58,76,36,28,35,8,0,70,18,22,3,16,7,0,0,0,4,0,0,0
G36004700406,1960,New York,36,Kings,047,5600,51000,,0406,,1450,TRACT 406    NEW YORK CITY BROOKLYN,001,3,15,0,0,0,0,1,1,0,4,34,82,98,148,147,145,70,99,68,95,26,9,12,19,27,20,0,0,0,0,0,0,0,0,0
G36004700407,1960,New York,36,Kings,047,5600,51000,,0407,,1450,TRACT 407    NEW YORK CITY BROOKLYN,001,3,15,0,1,1,1,1,1,0,0,0,0,0,0,0,0,0,4,0,0,0,0,0,0,0,0,0,0,0,0,0,0,0,0,0
G36004700408,1960,New York,36,Kings,047,5600,51000,,0408,,1450,TRACT 408    NEW YORK CITY BROOKLYN,001,3,15,0,0,0,0,1,1,0,13,17,59,100,143,143,141,76,91,36,107,3,4,31,9,13,4,7,4,0,0,0,0,0,0,0
G36004700409,1960,New York,36,Kings,047,5600,51000,,0409,,1450,TRACT 409    NEW YORK CITY BROOKLYN,001,3,15,0,0,0,0,1,1,0,62,46,77,103,134,166,123,107,93,70,153,19,0,90,47,20,13,16,9,8,4,4,0,0,0,0
G36004700410,1960,New York,36,Kings,047,5600,51000,,0410,,1450,TRACT 410    NEW YORK CITY BROOKLYN,001,3,15,0,0,0,0,1,1,0,0,11,29,33,90,80,73,58,55,20,53,4,0,26,4,23,18,0,0,0,0,0,0,0,0,0
G36004700411,1960,New York,36,Kings,047,5600,51000,,0411,,1450,TRACT 411    NEW YORK CITY BROOKLYN,001,3,15,0,0,0,0,0,1,0,33,43,75,89,135,123,92,78,47,61,132,25,0,48,58,35,9,31,10,0,4,4,0,8,0,0
G36004700412,1960,New York,36,Kings,047,5600,51000,,0412,,1450,TRACT 412    NEW YORK CITY BROOKLYN,001,3,15,0,0,0,0,1,1,0,17,45,38,52,86,162,107,142,72,16,102,23,0,34,36,16,17,22,0,0,5,0,0,0,0,0
G36004700413,1960,New York,36,Kings,047,5600,51000,,0413,,1450,TRACT 413    NEW YORK CITY BROOKLYN,001,3,15,0,0,0,0,0,1,0,60,44,74,135,191,221,116,92,67,47,119,23,5,90,84,60,26,28,26,5,0,0,0,0,4,0
G360047004140,1960,New York,36,Kings,047,5600,51000,,0414,0,1450,TRACT 414-0  NEW YORK CITY BROOKLYN,001,3,15,0,0,0,0,1,1,0,15,4,28,16,26,53,46,94,48,39,102,32,7,0,10,8,7,8,7,5,0,0,0,0,0,0
G360047004141,1960,New York,36,Kings,047,5600,51000,,0414,1,1450,TRACT 414-1  NEW YORK CITY BROOKLYN,001,3,15,0,0,0,0,1,1,0,14,16,40,32,51,90,73,65,67,16,76,52,20,41,30,12,4,13,4,4,0,0,0,0,0,0
G36004700415,1960,New York,36,Kings,047,5600,51000,,0415,,1450,TRACT 415    NEW YORK CITY BROOKLYN,001,3,15,0,0,0,0,0,1,0,47,112,54,163,196,171,208,94,71,44,96,24,0,121,60,51,39,3,16,3,0,0,0,0,0,4
G36004700416,1960,New York,36,Kings,047,5600,51000,,0416,,1450,TRACT 416    NEW YORK CITY BROOKLYN,001,3,15,0,0,0,0,1,1,0,46,14,37,45,91,112,96,68,63,36,115,32,9,59,10,11,5,4,7,3,0,0,0,0,0,0
G36004700417,1960,New York,36,Kings,047,5600,51000,,0417,,1450,TRACT 417    NEW YORK CITY BROOKLYN,001,3,15,0,0,0,0,1,1,0,64,65,91,203,216,236,111,107,89,46,69,15,0,148,53,29,18,17,4,8,0,0,0,0,0,0
G36004700418,1960,New York,36,Kings,047,5600,51000,,0418,,1450,TRACT 418    NEW YORK CITY BROOKLYN,001,3,15,0,0,0,0,1,1,0,46,14,40,64,83,110,106,61,71,35,129,58,12,45,38,29,0,16,4,8,3,0,0,4,0,0
G36004700419,1960,New York,36,Kings,047,5600,51000,,0419,,1450,TRACT 419    NEW YORK CITY BROOKLYN,001,3,15,0,0,0,0,1,1,0,88,105,100,179,212,268,164,113,84,63,106,8,0,126,65,45,29,32,5,10,0,0,0,0,0,0
G36004700420,1960,New York,36,Kings,047,5600,51000,,0420,,1450,TRACT 420    NEW YORK CITY BROOKLYN,001,3,15,0,0,0,0,1,1,0,9,17,12,20,43,88,65,51,67,22,79,20,13,18,22,20,19,10,0,3,0,3,0,4,0,0
G36004700421,1960,New York,36,Kings,047,5600,51000,,0421,,1450,TRACT 421    NEW YORK CITY BROOKLYN,001,3,15,0,0,0,0,1,1,0,79,64,105,162,159,200,171,138,65,47,75,6,0,164,54,26,44,12,4,10,0,0,0,0,0,0
G36004700422,1960,New York,36,Kings,047,5600,51000,,0422,,1450,TRACT 422    NEW YORK CITY BROOKLYN,001,3,15,0,0,0,0,1,1,0,28,12,65,97,117,128,110,143,75,90,138,61,0,99,37,23,5,16,12,5,0,0,0,0,0,0
G36004700423,1960,New York,36,Kings,047,5600,51000,,0423,,1450,TRACT 423    NEW YORK CITY BROOKLYN,001,3,15,0,0,0,0,1,1,0,38,105,128,144,247,183,166,155,53,45,58,9,0,107,51,42,46,13,8,0,0,0,0,9,0,0
G36004700424,1960,New York,36,Kings,047,5600,51000,,0424,,1450,TRACT 424    NEW YORK CITY BROOKLYN,001,3,15,0,0,0,0,1,1,0,21,61,38,85,157,171,99,107,85,67,107,41,0,28,15,21,15,3,10,4,0,4,8,0,0,0
G36004700425,1960,New York,36,Kings,047,5600,51000,,0425,,1450,TRACT 425    NEW YORK CITY BROOKLYN,001,3,15,0,0,0,0,1,0,0,32,49,71,130,148,167,80,75,40,17,24,13,0,104,27,12,7,4,8,8,4,0,0,0,0,0
G36004700426,1960,New York,36,Kings,047,5600,51000,,0426,,1450,TRACT 426    NEW YORK CITY BROOKLYN,001,3,15,0,0,0,0,1,1,0,15,56,61,123,177,206,147,124,53,42,135,21,8,45,43,26,29,8,16,0,4,3,0,0,0,0
G36004700427,1960,New York,36,Kings,047,5600,51000,,0427,,1450,TRACT 427    NEW YORK CITY BROOKLYN,001,3,15,0,0,0,0,1,0,0,83,88,165,227,222,276,184,172,119,65,99,15,0,154,47,49,20,9,8,16,0,0,0,0,0,0
G36004700428,1960,New York,36,Kings,047,5600,51000,,0428,,1450,TRACT 428    NEW YORK CITY BROOKLYN,001,3,15,0,0,0,0,1,1,0,20,38,21,95,153,196,117,97,118,44,200,42,12,57,31,17,24,18,8,0,0,0,0,3,0,0
G36004700429,1960,New York,36,Kings,047,5600,51000,,0429,,1450,TRACT 429    NEW YORK CITY BROOKLYN,001,3,15,0,0,0,0,1,1,0,42,114,94,174,257,281,227,149,63,72,81,13,0,115,62,51,21,20,4,13,0,0,0,0,0,0
G36004700430,1960,New York,36,Kings,047,5600,51000,,0430,,1450,TRACT 430    NEW YORK CITY BROOKLYN,001,3,15,0,0,0,0,1,1,0,43,43,50,105,114,155,152,114,96,69,139,26,4,90,38,12,29,19,0,5,4,0,0,0,0,0
G36004700431,1960,New York,36,Kings,047,5600,51000,,0431,,1450,TRACT 431    NEW YORK CITY BROOKLYN,001,3,15,0,0,0,0,1,1,0,93,90,128,180,228,240,255,167,102,72,106,8,0,123,64,24,10,22,20,4,0,4,0,0,3,0
G36004700432,1960,New York,36,Kings,047,5600,51000,,0432,,1450,TRACT 432    NEW YORK CITY BROOKLYN,001,3,15,0,0,0,0,1,1,0,24,63,62,48,141,118,142,162,83,65,108,26,0,103,55,24,22,28,8,8,0,0,0,0,0,0
G36004700433,1960,New York,36,Kings,047,5600,51000,,0433,,1450,TRACT 433    NEW YORK CITY BROOKLYN,001,3,15,0,0,0,0,1,1,0,81,93,92,154,246,420,204,202,124,67,123,13,0,195,66,68,43,25,16,4,0,0,0,0,0,0
G36004700434,1960,New York,36,Kings,047,5600,51000,,0434,,1450,TRACT 434    NEW YORK CITY BROOKLYN,001,3,15,0,0,0,0,1,1,0,16,40,57,65,110,124,113,91,92,56,123,36,8,45,24,33,25,8,4,8,0,0,0,0,0,0
G36004700435,1960,New York,36,Kings,047,5600,51000,,0435,,1450,TRACT 435    NEW YORK CITY BROOKLYN,001,3,15,0,0,0,0,1,1,0,9,67,92,134,195,212,178,133,68,64,110,11,0,59,55,19,33,7,17,3,0,0,0,0,0,0
G36004700436,1960,New York,36,Kings,047,5600,51000,,0436,,1450,TRACT 436    NEW YORK CITY BROOKLYN,001,3,15,0,0,0,0,1,1,0,24,43,94,97,162,244,197,146,109,73,129,8,9,97,29,21,18,15,7,0,0,0,0,0,0,0
G36004700437,1960,New York,36,Kings,047,5600,51000,,0437,,1450,TRACT 437    NEW YORK CITY BROOKLYN,001,3,15,0,0,0,0,1,1,0,40,76,69,130,154,259,168,124,110,60,151,13,5,56,62,40,33,20,17,8,0,0,0,0,0,0
G36004700438,1960,New York,36,Kings,047,5600,51000,,0438,,1450,TRACT 438    NEW YORK CITY BROOKLYN,001,3,15,0,0,0,0,1,1,0,44,37,53,49,70,109,125,109,58,63,99,24,10,56,16,7,15,11,6,4,0,0,4,3,0,0
G36004700439,1960,New York,36,Kings,047,5600,51000,,0439,,1450,TRACT 439    NEW YORK CITY BROOKLYN,001,3,15,0,0,0,0,1,1,0,51,47,42,96,64,166,141,77,84,35,98,15,0,139,41,35,26,13,4,4,4,0,0,0,0,0
G36004700440,1960,New York,36,Kings,047,5600,51000,,0440,,1450,TRACT 440    NEW YORK CITY BROOKLYN,001,3,15,0,0,0,0,1,1,0,16,29,21,53,86,113,119,117,77,33,158,56,16,72,18,15,10,3,9,4,4,0,0,4,0,0
G36004700441,1960,New York,36,Kings,047,5600,51000,,0441,,1450,TRACT 441    NEW YORK CITY BROOKLYN,001,3,15,0,0,0,0,1,1,0,21,67,101,60,175,229,191,113,89,72,66,12,5,139,111,29,41,59,34,11,4,0,0,0,0,0
G36004700442,1960,New York,36,Kings,047,5600,51000,,0442,,1450,TRACT 442    NEW YORK CITY BROOKLYN,001,3,15,0,0,0,0,1,1,0,34,27,33,33,79,99,63,73,57,53,151,46,16,15,25,19,9,7,3,4,0,0,0,0,0,0
G36004700443,1960,New York,36,Kings,047,5600,51000,,0443,,1450,TRACT 443    NEW YORK CITY BROOKLYN,001,3,15,0,0,0,0,1,1,0,63,82,85,132,245,278,148,118,118,92,98,20,0,155,78,33,59,20,14,8,3,4,0,0,0,0
G36004700444,1960,New York,36,Kings,047,5600,51000,,0444,,1450,TRACT 444    NEW YORK CITY BROOKLYN,001,3,15,0,0,0,0,1,1,0,28,45,26,77,120,110,131,72,111,72,133,45,8,46,30,12,4,11,15,0,4,0,0,0,4,0
G36004700445,1960,New York,36,Kings,047,5600,51000,,0445,,1450,TRACT 445    NEW YORK CITY BROOKLYN,001,3,15,0,0,0,0,1,1,0,39,61,82,113,104,164,180,119,75,55,109,21,4,74,38,24,20,31,4,21,0,0,0,0,0,0
G36004700446,1960,New York,36,Kings,047,5600,51000,,0446,,1450,TRACT 446    NEW YORK CITY BROOKLYN,001,3,15,0,0,0,0,1,1,0,14,14,8,35,82,82,53,59,54,41,88,22,0,23,4,4,8,7,0,0,0,4,0,0,0,0
G36004700447,1960,New York,36,Kings,047,5600,51000,,0447,,1450,TRACT 447    NEW YORK CITY BROOKLYN,001,3,15,0,0,0,0,1,1,0,32,16,35,25,88,96,72,59,32,33,47,12,0,16,32,8,20,0,4,8,0,0,0,0,0,0
G36004700448,1960,New York,36,Kings,047,5600,51000,,0448,,1450,TRACT 448    NEW YORK CITY BROOKLYN,001,3,15,0,0,0,0,1,1,0,8,12,17,23,31,72,43,54,50,20,111,32,0,21,20,3,13,8,0,11,4,4,0,0,0,0
G36004700450,1960,New York,36,Kings,047,5600,51000,,0450,,1450,TRACT 450    NEW YORK CITY BROOKLYN,001,3,15,0,0,0,0,1,1,0,7,16,8,9,17,21,46,12,39,20,59,16,9,23,7,5,0,4,7,5,0,0,0,0,0,0
G36004700452,1960,New York,36,Kings,047,5600,51000,,0452,,1450,TRACT 452    NEW YORK CITY BROOKLYN,001,3,15,0,0,0,0,1,1,0,7,26,34,26,51,128,91,106,73,42,179,85,24,60,19,10,0,0,10,3,0,9,0,0,0,0
G36004700453,1960,New York,36,Kings,047,5600,51000,,0453,,1450,TRACT 453    NEW YORK CITY BROOKLYN,001,3,15,0,0,0,0,1,0,0,89,101,103,97,140,121,115,64,25,25,44,8,0,79,36,28,9,4,3,0,0,0,0,0,0,0
G36004700454,1960,New York,36,Kings,047,5600,51000,,0454,,1450,TRACT 454    NEW YORK CITY BROOKLYN,001,3,15,0,0,0,0,1,1,0,14,46,34,46,57,91,43,47,54,28,88,50,4,19,12,4,8,12,7,0,0,0,0,0,3,0
G36004700455,1960,New York,36,Kings,047,5600,51000,,0455,,1450,TRACT 455    NEW YORK CITY BROOKLYN,001,3,15,0,0,1,0,1,1,0,0,0,0,0,0,0,0,0,0,0,4,0,0,8,0,0,0,0,0,0,0,0,0,0,0,0
G36004700456,1960,New York,36,Kings,047,5600,51000,,0456,,1450,TRACT 456    NEW YORK CITY BROOKLYN,001,3,15,0,0,0,0,1,1,0,24,16,45,31,64,98,87,67,58,40,151,107,8,57,20,48,25,4,0,9,4,0,0,0,4,4
G36004700458,1960,New York,36,Kings,047,5600,51000,,0458,,1450,TRACT 458    NEW YORK CITY BROOKLYN,001,3,15,0,0,0,0,1,1,0,12,19,7,51,23,39,23,57,35,24,104,84,53,24,15,4,5,6,0,4,0,5,0,4,0,0
G36004700460,1960,New York,36,Kings,047,5600,51000,,0460,,1450,TRACT 460    NEW YORK CITY BROOKLYN,001,3,15,0,0,0,0,1,1,0,24,28,60,71,58,99,131,43,95,60,168,85,34,44,44,27,20,0,7,12,0,4,0,4,0,0
G360047004620,1960,New York,36,Kings,047,5600,51000,,0462,0,1450,TRACT 462-0  NEW YORK CITY BROOKLYN,001,3,15,0,0,0,0,1,1,0,14,14,12,63,27,71,104,67,45,32,117,43,4,32,31,4,8,5,9,4,4,0,0,0,8,0
G360047004621,1960,New York,36,Kings,047,5600,51000,,0462,1,1450,TRACT 462-1  NEW YORK CITY BROOKLYN,001,3,15,0,0,0,0,1,1,0,8,8,20,25,65,67,30,21,37,17,85,33,12,28,4,7,0,8,4,0,4,0,0,0,0,0
G36004700464,1960,New York,36,Kings,047,5600,51000,,0464,,1450,TRACT 464    NEW YORK CITY BROOKLYN,001,3,15,0,0,0,0,1,1,0,9,31,46,62,100,57,118,69,63,30,94,8,3,68,8,13,13,20,20,4,0,0,0,0,0,0
G36004700465,1960,New York,36,Kings,047,5600,51000,,0465,,1450,TRACT 465    NEW YORK CITY BROOKLYN,001,3,15,0,0,0,0,0,0,0,44,106,101,225,110,58,26,7,9,2,0,0,0,15,20,0,7,3,0,0,0,7,0,0,0,0
G36004700468,1960,New York,36,Kings,047,5600,51000,,0468,,1450,TRACT 468    NEW YORK CITY BROOKLYN,001,3,15,0,0,0,0,1,1,0,4,0,12,22,37,54,37,38,20,14,43,15,0,0,0,5,0,8,0,0,0,0,0,0,0,0
G36004700469,1960,New York,36,Kings,047,5600,51000,,0469,,1450,TRACT 469    NEW YORK CITY BROOKLYN,001,3,15,1,1,1,1,1,1,0,0,0,0,0,0,0,0,0,0,0,0,0,0,0,0,0,0,0,0,0,0,0,0,0,0,0
G36004700470,1960,New York,36,Kings,047,5600,51000,,0470,,1450,TRACT 470    NEW YORK CITY BROOKLYN,001,3,15,0,0,0,0,1,1,0,12,25,36,48,90,111,103,93,31,46,101,37,4,27,13,4,8,17,5,0,0,8,0,0,0,0
G36004700472,1960,New York,36,Kings,047,5600,51000,,0472,,1450,TRACT 472    NEW YORK CITY BROOKLYN,001,3,15,0,0,0,0,1,1,0,33,52,36,60,120,153,130,90,75,52,127,88,10,39,33,33,18,20,5,0,0,0,0,0,0,0
G36004700473,1960,New York,36,Kings,047,5600,51000,,0473,,1450,TRACT 473    NEW YORK CITY BROOKLYN,001,3,15,0,0,0,0,1,1,0,14,12,12,34,37,46,27,50,16,15,29,10,0,0,10,5,0,0,0,0,5,0,0,0,0,0
G36004700474,1960,New York,36,Kings,047,5600,51000,,0474,,1450,TRACT 474    NEW YORK CITY BROOKLYN,001,3,15,0,0,0,0,1,1,0,4,29,44,73,70,69,92,142,86,47,156,40,8,30,11,18,13,8,8,5,0,0,4,0,0,0
G36004700475,1960,New York,36,Kings,047,5600,51000,,0475,,1450,TRACT 475    NEW YORK CITY BROOKLYN,001,3,15,0,1,1,1,1,1,0,0,0,0,0,0,0,0,0,5,0,0,0,0,0,0,0,0,0,0,0,0,0,0,0,0,0
G36004700476,1960,New York,36,Kings,047,5600,51000,,0476,,1450,TRACT 476    NEW YORK CITY BROOKLYN,001,3,15,0,0,0,0,1,1,0,18,43,22,90,98,135,118,116,72,49,133,41,21,31,41,13,13,15,7,4,0,0,0,0,0,0
G36004700477,1960,New York,36,Kings,047,5600,51000,,0477,,1450,TRACT 477    NEW YORK CITY BROOKLYN,001,3,15,0,0,0,0,1,1,0,32,52,41,88,105,139,101,83,54,40,56,16,4,89,41,11,9,0,0,4,0,0,0,0,0,0
G36004700478,1960,New York,36,Kings,047,5600,51000,,0478,,1450,TRACT 478    NEW YORK CITY BROOKLYN,001,3,15,0,0,0,0,1,1,0,34,48,56,79,142,194,221,115,45,47,153,42,0,79,30,50,22,41,3,0,8,0,0,0,5,0
G36004700480,1960,New York,36,Kings,047,5600,51000,,0480,,1450,TRACT 480    NEW YORK CITY BROOKLYN,001,3,15,0,0,0,0,1,1,0,28,38,24,65,80,105,146,77,85,55,142,3,0,36,4,8,18,8,0,4,4,0,4,4,5,0
G36004700481,1960,New York,36,Kings,047,5600,51000,,0481,,1450,TRACT 481    NEW YORK CITY BROOKLYN,001,3,15,0,0,0,0,1,1,0,30,37,42,116,133,155,99,90,37,36,58,8,0,237,55,24,24,13,9,4,0,0,0,0,0,0
G36004700482,1960,New York,36,Kings,047,5600,51000,,0482,,1450,TRACT 482    NEW YORK CITY BROOKLYN,001,3,15,0,0,0,0,1,1,0,40,63,50,123,123,126,160,113,136,55,261,91,0,118,47,33,37,37,20,11,12,8,4,8,0,0
G36004700483,1960,New York,36,Kings,047,5600,51000,,0483,,1450,TRACT 483    NEW YORK CITY BROOKLYN,001,3,15,0,0,0,0,1,0,0,27,70,100,57,102,121,40,59,15,8,43,0,4,110,56,25,27,9,5,0,0,0,4,0,0,0
G36004700484,1960,New York,36,Kings,047,5600,51000,,0484,,1450,TRACT 484    NEW YORK CITY BROOKLYN,001,3,15,0,0,0,0,1,1,0,20,38,84,83,134,148,178,120,80,84,180,82,22,52,52,8,22,5,8,0,0,0,0,0,0,0
G36004700486,1960,New York,36,Kings,047,5600,51000,,0486,,1450,TRACT 486    NEW YORK CITY BROOKLYN,001,3,15,0,0,0,0,1,1,0,29,53,68,70,117,133,130,86,64,29,110,12,8,42,40,26,0,5,11,0,0,0,0,0,0,0
G36004700487,1960,New York,36,Kings,047,5600,51000,,0487,,1450,TRACT 487    NEW YORK CITY BROOKLYN,001,3,15,0,0,0,0,0,0,0,91,91,181,246,180,132,94,58,40,15,45,8,0,94,47,49,27,12,4,0,4,0,0,0,0,0
G36004700488,1960,New York,36,Kings,047,5600,51000,,0488,,1450,TRACT 488    NEW YORK CITY BROOKLYN,001,3,15,0,0,0,0,1,1,0,24,23,20,40,68,171,131,74,85,58,184,75,12,57,41,14,18,13,17,4,0,8,0,4,0,0
G36004700489,1960,New York,36,Kings,047,5600,51000,,0489,,1450,TRACT 489    NEW YORK CITY BROOKLYN,001,3,15,0,0,0,0,0,0,0,22,38,55,181,213,230,96,59,40,11,20,7,0,31,16,18,8,0,0,0,0,4,0,0,0,0
G36004700490,1960,New York,36,Kings,047,5600,51000,,0490,,1450,TRACT 490    NEW YORK CITY BROOKLYN,001,3,15,0,0,0,0,1,1,0,11,37,23,49,147,152,160,141,90,49,194,73,13,90,24,35,34,16,4,0,0,4,4,4,9,0
G36004700491,1960,New York,36,Kings,047,5600,51000,,0491,,1450,TRACT 491    NEW YORK CITY BROOKLYN,001,3,15,0,0,0,0,0,0,0,122,133,210,389,222,151,154,105,82,35,42,4,0,159,57,145,78,47,4,4,0,0,0,0,0,0
G36004700492,1960,New York,36,Kings,047,5600,51000,,0492,,1450,TRACT 492    NEW YORK CITY BROOKLYN,001,3,15,0,0,0,0,1,1,0,21,39,51,60,81,118,94,95,78,64,142,24,8,65,29,25,10,12,5,0,4,8,0,0,0,4
G36004700493,1960,New York,36,Kings,047,5600,51000,,0493,,1450,TRACT 493    NEW YORK CITY BROOKLYN,001,3,15,0,0,0,0,0,0,0,112,233,369,458,402,315,175,86,95,42,65,8,0,160,140,105,23,28,8,0,0,0,0,0,0,0
G36004700494,1960,New York,36,Kings,047,5600,51000,,0494,,1450,TRACT 494    NEW YORK CITY BROOKLYN,001,3,15,0,0,0,0,1,1,0,53,47,55,68,112,134,236,146,123,80,234,69,30,128,65,48,39,46,16,11,12,4,4,4,4,0
G36004700495,1960,New York,36,Kings,047,5600,51000,,0495,,1450,TRACT 495    NEW YORK CITY BROOKLYN,001,3,15,0,0,0,0,1,1,0,26,46,53,94,138,177,92,95,54,50,63,32,0,49,24,23,11,19,19,0,0,0,0,0,0,0
G36004700496,1960,New York,36,Kings,047,5600,51000,,0496,,1450,TRACT 496    NEW YORK CITY BROOKLYN,001,3,15,0,0,0,0,1,1,0,33,56,76,109,82,189,142,158,101,61,120,51,13,78,50,34,16,16,24,0,0,0,4,0,0,0
G36004700497,1960,New York,36,Kings,047,5600,51000,,0497,,1450,TRACT 497    NEW YORK CITY BROOKLYN,001,3,15,0,0,0,0,1,1,0,29,52,28,113,182,152,79,91,62,70,93,13,0,40,39,30,23,0,8,0,0,0,0,0,0,0
G36004700498,1960,New York,36,Kings,047,5600,51000,,0498,,1450,TRACT 498    NEW YORK CITY BROOKLYN,001,3,15,0,0,0,0,1,1,0,41,42,41,72,117,188,139,129,92,69,264,44,8,22,41,18,8,7,20,21,9,12,5,0,0,0
G36004700499,1960,New York,36,Kings,047,5600,51000,,0499,,1450,TRACT 499    NEW YORK CITY BROOKLYN,001,3,15,0,0,0,0,1,1,0,22,25,24,48,98,69,82,55,24,27,83,14,0,57,38,15,21,13,4,0,4,0,0,0,0,0
G36004700500,1960,New York,36,Kings,047,5600,51000,,0500,,1450,TRACT 500    NEW YORK CITY BROOKLYN,001,3,15,0,0,0,0,1,1,0,20,24,47,68,120,141,169,159,87,74,221,90,24,78,29,34,30,27,30,8,4,4,4,11,3,0
G36004700501,1960,New York,36,Kings,047,5600,51000,,0501,,1450,TRACT 501    NEW YORK CITY BROOKLYN,001,3,15,0,0,0,0,1,1,0,50,61,75,113,139,215,132,115,55,45,88,20,5,68,26,16,10,13,4,0,0,0,0,0,0,0
G360047005020,1960,New York,36,Kings,047,5600,51000,,0502,0,1450,TRACT 502-0  NEW YORK CITY BROOKLYN,001,3,15,0,0,0,0,1,1,0,26,18,29,49,68,73,71,55,59,46,54,13,0,25,24,11,24,4,7,0,4,0,0,0,0,0
G360047005021,1960,New York,36,Kings,047,5600,51000,,0502,1,1450,TRACT 502-1  NEW YORK CITY BROOKLYN,001,3,15,0,0,0,0,1,1,0,8,12,42,49,58,112,60,56,29,27,103,12,3,37,14,14,14,9,6,8,6,3,4,0,0,0
G36004700503,1960,New York,36,Kings,047,5600,51000,,0503,,1450,TRACT 503    NEW YORK CITY BROOKLYN,001,3,15,0,0,0,0,1,1,0,36,54,72,74,149,169,163,82,65,33,51,12,0,73,50,32,17,4,4,0,4,0,0,7,0,0
G36004700504,1960,New York,36,Kings,047,5600,51000,,0504,,1450,TRACT 504    NEW YORK CITY BROOKLYN,001,3,15,0,0,0,0,1,1,0,49,53,68,73,85,160,111,142,101,76,282,92,37,80,30,24,24,50,22,0,4,8,4,4,4,4
G36004700505,1960,New York,36,Kings,047,5600,51000,,0505,,1450,TRACT 505    NEW YORK CITY BROOKLYN,001,3,15,0,0,0,0,0,0,0,60,133,136,243,234,119,166,51,22,20,66,7,0,100,88,32,23,20,15,3,0,0,0,7,0,0
G36004700506,1960,New York,36,Kings,047,5600,51000,,0506,,1450,TRACT 506    NEW YORK CITY BROOKLYN,001,3,15,0,0,0,0,1,1,0,35,51,80,115,140,226,203,154,135,98,195,72,26,72,63,44,61,38,48,4,16,4,4,7,4,0
G36004700507,1960,New York,36,Kings,047,5600,51000,,0507,,1450,TRACT 507    NEW YORK CITY BROOKLYN,001,3,15,0,0,0,0,0,0,0,20,89,116,142,111,94,45,35,20,12,28,4,0,76,136,26,15,4,18,8,0,0,0,0,0,0
G36004700508,1960,New York,36,Kings,047,5600,51000,,0508,,1450,TRACT 508    NEW YORK CITY BROOKLYN,001,3,15,0,0,0,0,1,1,0,77,115,124,183,269,388,356,324,284,272,626,248,80,394,193,232,190,126,165,37,24,20,16,8,0,4
G36004700509,1960,New York,36,Kings,047,5600,51000,,0509,,1450,TRACT 509    NEW YORK CITY BROOKLYN,001,3,15,0,0,0,0,1,0,0,37,20,32,71,81,87,52,41,24,8,36,8,0,12,31,0,7,5,3,4,3,0,0,0,0,0
G36004700510,1960,New York,36,Kings,047,5600,51000,,0510,,1450,TRACT 510    NEW YORK CITY BROOKLYN,001,3,15,0,0,0,0,1,1,0,63,76,82,127,119,255,258,206,175,168,357,187,62,268,151,143,128,84,94,47,21,17,12,15,8,0
G36004700511,1960,New York,36,Kings,047,5600,51000,,0511,,1450,TRACT 511    NEW YORK CITY BROOKLYN,001,3,15,0,0,0,0,1,0,0,79,89,138,236,200,188,114,60,63,23,35,4,4,170,78,81,59,32,8,4,0,0,0,0,0,0
G36004700512,1960,New York,36,Kings,047,5600,51000,,0512,,1450,TRACT 512    NEW YORK CITY BROOKLYN,001,3,15,0,0,0,0,1,1,0,97,65,56,66,101,162,157,141,133,129,357,161,76,163,61,77,70,72,76,20,12,16,12,28,12,0
G36004700513,1960,New York,36,Kings,047,5600,51000,,0513,,1450,TRACT 513    NEW YORK CITY BROOKLYN,001,3,15,0,0,0,0,1,0,0,68,120,103,195,248,203,193,139,71,81,98,32,0,86,70,41,36,29,20,4,0,0,0,0,0,0
G36004700514,1960,New York,36,Kings,047,5600,51000,,0514,,1450,TRACT 514    NEW YORK CITY BROOKLYN,001,3,15,0,0,0,0,1,1,0,47,53,57,79,126,181,127,141,140,77,349,188,95,148,59,68,77,73,61,33,3,24,4,16,0,4
G36004700515,1960,New York,36,Kings,047,5600,51000,,0515,,1450,TRACT 515    NEW YORK CITY BROOKLYN,001,3,15,0,0,0,0,1,1,0,16,35,24,39,57,71,28,47,16,28,3,4,0,21,13,4,0,0,0,0,0,0,0,0,0,0
G36004700516,1960,New York,36,Kings,047,5600,51000,,0516,,1450,TRACT 516    NEW YORK CITY BROOKLYN,001,3,15,0,0,0,0,1,1,0,72,93,68,183,252,292,247,290,168,148,377,127,49,144,102,59,50,64,76,13,36,4,8,0,0,0
G36004700517,1960,New York,36,Kings,047,5600,51000,,0517,,1450,TRACT 517    NEW YORK CITY BROOKLYN,001,3,15,0,0,0,0,1,1,0,14,24,27,65,87,78,82,20,30,24,43,0,4,67,16,13,12,15,8,8,0,8,0,0,0,0
G36004700518,1960,New York,36,Kings,047,5600,51000,,0518,,1450,TRACT 518    NEW YORK CITY BROOKLYN,001,3,15,0,0,0,0,1,1,0,4,12,37,43,73,82,65,54,79,52,141,166,104,110,50,32,44,25,19,18,19,10,4,3,4,9
G36004700519,1960,New York,36,Kings,047,5600,51000,,0519,,1450,TRACT 519    NEW YORK CITY BROOKLYN,001,3,15,0,0,0,0,1,1,0,70,61,96,142,171,214,92,96,92,40,70,8,0,116,64,44,24,24,0,16,4,0,0,0,0,0
G36004700520,1960,New York,36,Kings,047,5600,51000,,0520,,1450,TRACT 520    NEW YORK CITY BROOKLYN,001,3,15,0,0,0,0,1,1,0,15,20,75,80,124,94,114,111,97,25,130,55,28,40,49,37,44,39,61,7,10,12,4,3,0,0
G36004700522,1960,New York,36,Kings,047,5600,51000,,0522,,1450,TRACT 522    NEW YORK CITY BROOKLYN,001,3,15,0,0,0,0,1,1,0,4,5,18,10,0,24,17,28,12,22,60,52,31,31,13,18,24,16,12,9,3,4,0,4,0,0
G36004700523,1960,New York,36,Kings,047,5600,51000,,0523,,1450,TRACT 523    NEW YORK CITY BROOKLYN,001,3,15,0,0,0,0,0,0,0,102,139,346,372,313,287,157,105,86,41,87,17,0,201,148,88,53,61,23,0,0,0,0,0,5,0
G36004700524,1960,New York,36,Kings,047,5600,51000,,0524,,1450,TRACT 524    NEW YORK CITY BROOKLYN,001,3,15,0,0,0,0,1,1,0,13,24,22,46,57,85,48,26,49,29,55,35,49,46,36,31,18,27,8,0,4,0,0,4,8,0
G36004700525,1960,New York,36,Kings,047,5600,51000,,0525,,1450,TRACT 525    NEW YORK CITY BROOKLYN,001,3,15,0,0,0,0,1,0,0,84,148,152,116,152,136,64,48,48,32,32,12,0,159,101,142,69,45,12,8,8,8,0,12,0,0
G36004700526,1960,New York,36,Kings,047,5600,51000,,0526,,1450,TRACT 526    NEW YORK CITY BROOKLYN,001,3,15,0,0,0,0,1,1,0,36,51,30,81,90,123,168,77,93,60,200,60,13,61,35,23,41,17,16,12,3,0,0,4,0,0
G36004700527,1960,New York,36,Kings,047,5600,51000,,0527,,1450,TRACT 527    NEW YORK CITY BROOKLYN,001,3,15,0,0,0,0,1,0,0,132,244,291,339,429,355,240,117,124,64,79,12,0,359,172,132,70,74,32,7,0,0,0,0,0,0
G36004700528,1960,New York,36,Kings,047,5600,51000,,0528,,1450,TRACT 528    NEW YORK CITY BROOKLYN,001,3,15,0,0,0,0,1,1,0,4,24,29,24,48,59,36,39,65,51,113,47,16,31,32,17,16,5,12,4,0,0,4,0,0,0
G36004700529,1960,New York,36,Kings,047,5600,51000,,0529,,1450,TRACT 529    NEW YORK CITY BROOKLYN,001,3,15,0,0,0,0,1,0,0,68,93,94,221,179,128,96,71,78,51,71,16,0,111,48,31,45,31,22,0,8,0,0,0,0,0
G36004700530,1960,New York,36,Kings,047,5600,51000,,0530,,1450,TRACT 530    NEW YORK CITY BROOKLYN,001,3,15,0,0,0,0,1,1,0,39,56,18,58,87,133,68,121,76,50,114,47,12,75,31,43,18,32,22,4,0,3,4,5,0,0
G36004700531,1960,New York,36,Kings,047,5600,51000,,0531,,1450,TRACT 531    NEW YORK CITY BROOKLYN,001,3,15,0,0,0,0,1,0,0,12,78,77,132,141,120,62,48,39,22,38,14,0,98,37,51,34,27,12,0,0,0,0,0,0,0
G36004700532,1960,New York,36,Kings,047,5600,51000,,0532,,1450,TRACT 532    NEW YORK CITY BROOKLYN,001,3,15,0,0,0,0,1,1,0,20,25,37,56,40,66,49,83,56,36,215,89,29,62,46,12,15,13,17,8,8,0,0,0,0,4
G36004700533,1960,New York,36,Kings,047,5600,51000,,0533,,1450,TRACT 533    NEW YORK CITY BROOKLYN,001,3,15,0,0,0,0,1,1,0,99,96,163,268,331,277,108,70,93,65,77,20,0,124,56,39,16,24,8,0,0,0,0,4,0,0
G36004700534,1960,New York,36,Kings,047,5600,51000,,0534,,1450,TRACT 534    NEW YORK CITY BROOKLYN,001,3,15,0,0,0,0,1,1,0,12,44,102,77,85,175,145,120,66,122,168,57,9,102,61,24,36,20,16,8,4,0,0,0,4,0
G36004700535,1960,New York,36,Kings,047,5600,51000,,0535,,1450,TRACT 535    NEW YORK CITY BROOKLYN,001,3,15,0,0,0,0,1,1,0,32,95,120,237,246,191,86,53,50,30,68,9,0,73,84,34,25,20,5,4,0,0,0,0,0,0
G36004700536,1960,New York,36,Kings,047,5600,51000,,0536,,1450,TRACT 536    NEW YORK CITY BROOKLYN,001,3,15,0,0,0,0,1,1,0,0,0,8,23,26,35,35,35,21,4,45,21,9,14,8,4,4,4,4,0,0,0,0,0,0,0
G36004700537,1960,New York,36,Kings,047,5600,51000,,0537,,1450,TRACT 537    NEW YORK CITY BROOKLYN,001,3,15,0,0,0,0,0,0,0,26,49,123,119,121,40,36,64,15,17,27,13,0,60,23,22,23,0,6,0,0,4,0,0,0,0
G36004700538,1960,New York,36,Kings,047,5600,51000,,0538,,1450,TRACT 538    NEW YORK CITY BROOKLYN,001,3,15,0,0,0,0,1,1,0,36,79,90,60,127,214,207,121,107,115,212,71,20,136,41,32,33,28,15,12,8,4,4,16,0,0
G36004700539,1960,New York,36,Kings,047,5600,51000,,0539,,1450,TRACT 539    NEW YORK CITY BROOKLYN,001,3,15,0,0,0,0,1,0,0,29,21,78,89,152,90,69,37,22,20,15,0,0,15,12,5,11,8,5,0,0,0,0,0,0,0
G36004700540,1960,New York,36,Kings,047,5600,51000,,0540,,1450,TRACT 540    NEW YORK CITY BROOKLYN,001,3,15,0,0,0,0,1,1,0,24,40,39,64,103,98,62,109,57,52,138,52,8,57,24,20,12,15,0,4,0,0,0,0,0,0
G36004700542,1960,New York,36,Kings,047,5600,51000,,0542,,1450,TRACT 542    NEW YORK CITY BROOKLYN,001,3,15,0,0,0,0,1,1,0,29,47,35,63,114,137,88,62,110,108,172,84,20,105,24,39,22,11,15,13,4,0,0,0,0,0
G36004700543,1960,New York,36,Kings,047,5600,51000,,0543,,1450,TRACT 543    NEW YORK CITY BROOKLYN,001,3,15,0,1,1,1,1,1,2,0,0,0,4,0,4,0,0,0,0,11,12,0,509,1848,575,520,430,221,133,70,66,17,48,12,7
G36004700544,1960,New York,36,Kings,047,5600,51000,,0544,,1450,TRACT 544    NEW YORK CITY BROOKLYN,001,3,15,0,0,0,0,1,1,0,23,16,44,65,54,132,120,93,84,67,176,56,40,58,40,22,15,26,27,4,0,0,4,0,0,0
G36004700545,1960,New York,36,Kings,047,5600,51000,,0545,,1450,TRACT 545    NEW YORK CITY BROOKLYN,001,3,15,0,0,0,0,1,0,0,46,64,84,157,144,149,91,44,32,38,37,5,0,85,47,24,38,13,4,0,0,4,0,0,0,0
G36004700546,1960,New York,36,Kings,047,5600,51000,,0546,,1450,TRACT 546    NEW YORK CITY BROOKLYN,001,3,15,0,0,0,0,1,1,0,34,52,67,78,170,224,198,111,112,120,291,135,25,65,74,48,32,29,27,9,4,4,0,4,0,0
G36004700547,1960,New York,36,Kings,047,5600,51000,,0547,,1450,TRACT 547    NEW YORK CITY BROOKLYN,001,3,15,0,0,0,0,1,0,0,72,76,96,144,208,140,100,68,40,44,60,4,8,100,60,40,24,20,12,0,0,0,0,8,0,0
G36004700548,1960,New York,36,Kings,047,5600,51000,,0548,,1450,TRACT 548    NEW YORK CITY BROOKLYN,001,3,15,0,0,0,0,1,1,0,8,4,31,17,58,52,61,68,40,33,177,121,17,19,11,17,11,11,4,4,0,0,0,0,0,0
G36004700549,1960,New York,36,Kings,047,5600,51000,,0549,,1450,TRACT 549    NEW YORK CITY BROOKLYN,001,3,15,0,0,0,0,1,0,0,33,8,56,70,52,36,52,21,21,12,8,0,0,36,21,20,0,4,0,8,0,0,0,0,0,0
G36004700550,1960,New York,36,Kings,047,5600,51000,,0550,,1450,TRACT 550    NEW YORK CITY BROOKLYN,001,3,15,0,0,0,0,1,1,0,36,35,77,76,58,135,127,150,115,70,229,74,16,123,48,39,39,11,20,8,0,4,0,0,0,0
G36004700551,1960,New York,36,Kings,047,5600,51000,,0551,,1450,TRACT 551    NEW YORK CITY BROOKLYN,001,3,15,0,0,0,0,1,0,0,103,137,169,238,224,233,166,101,87,74,106,19,0,153,131,68,55,27,25,4,4,0,0,0,0,0
G36004700552,1960,New York,36,Kings,047,5600,51000,,0552,,1450,TRACT 552    NEW YORK CITY BROOKLYN,001,3,15,0,0,0,0,1,1,0,23,56,27,47,129,171,135,92,110,62,181,64,27,108,60,28,34,16,11,0,0,3,0,0,4,3
G36004700553,1960,New York,36,Kings,047,5600,51000,,0553,,1450,TRACT 553    NEW YORK CITY BROOKLYN,001,3,15,0,0,0,0,1,1,0,45,37,82,160,138,92,74,50,50,30,62,10,0,197,82,47,41,41,20,4,4,0,0,0,0,0
G36004700554,1960,New York,36,Kings,047,5600,51000,,0554,,1450,TRACT 554    NEW YORK CITY BROOKLYN,001,3,15,0,0,0,0,1,1,0,29,41,87,98,138,178,148,126,128,77,125,70,8,80,41,32,36,24,36,0,8,0,0,4,0,0
G36004700555,1960,New York,36,Kings,047,5600,51000,,0555,,1450,TRACT 555    NEW YORK CITY BROOKLYN,001,3,15,0,0,0,0,1,1,0,12,26,27,36,15,57,33,28,16,8,28,9,0,28,20,12,0,11,4,0,0,0,0,0,0,0
G36004700556,1960,New York,36,Kings,047,5600,51000,,0556,,1450,TRACT 556    NEW YORK CITY BROOKLYN,001,3,15,0,0,0,0,1,1,0,49,64,45,52,81,131,98,68,73,89,182,74,4,47,15,12,6,10,7,0,8,10,0,3,0,0
G36004700557,1960,New York,36,Kings,047,5600,51000,,0557,,1450,TRACT 557    NEW YORK CITY BROOKLYN,001,3,15,0,0,0,0,1,1,0,18,25,28,54,63,72,53,50,39,4,39,4,0,36,19,20,18,20,16,0,4,0,0,0,0,0
G36004700558,1960,New York,36,Kings,047,5600,51000,,0558,,1450,TRACT 558    NEW YORK CITY BROOKLYN,001,3,15,0,0,0,0,1,1,0,4,11,22,32,63,106,96,96,53,68,113,74,9,57,16,15,15,16,4,11,0,0,0,0,24,0
G36004700559,1960,New York,36,Kings,047,5600,51000,,0559,,1450,TRACT 559    NEW YORK CITY BROOKLYN,001,3,15,0,0,0,0,1,1,0,0,4,4,0,0,8,8,19,7,0,12,0,0,11,4,4,3,0,12,0,0,0,0,0,0,0
G36004700560,1960,New York,36,Kings,047,5600,51000,,0560,,1450,TRACT 560    NEW YORK CITY BROOKLYN,001,3,15,0,0,0,0,1,1,0,15,18,32,71,56,121,181,139,123,49,220,91,42,106,17,14,12,29,8,0,4,4,0,4,7,4
G36004700562,1960,New York,36,Kings,047,5600,51000,,0562,,1450,TRACT 562    NEW YORK CITY BROOKLYN,001,3,15,0,0,0,0,1,1,0,9,8,13,16,29,28,32,28,20,33,160,84,12,35,13,4,0,5,0,0,0,0,0,0,0,0
G36004700563,1960,New York,36,Kings,047,5600,51000,,0563,,1450,TRACT 563    NEW YORK CITY BROOKLYN,001,3,15,0,0,0,0,1,1,0,67,46,61,68,141,164,209,113,74,50,98,19,0,97,17,38,45,23,12,0,0,4,0,0,0,0
G36004700564,1960,New York,36,Kings,047,5600,51000,,0564,,1450,TRACT 564    NEW YORK CITY BROOKLYN,001,3,15,0,0,0,0,1,1,0,8,12,12,49,60,119,101,112,91,61,204,108,21,20,16,7,14,9,4,0,4,4,5,0,0,0
G36004700565,1960,New York,36,Kings,047,5600,51000,,0565,,1450,TRACT 565    NEW YORK CITY BROOKLYN,001,3,15,0,0,0,0,1,1,0,17,55,55,68,169,211,190,117,116,61,99,26,0,76,55,29,35,58,71,26,0,3,0,0,0,0
G36004700566,1960,New York,36,Kings,047,5600,51000,,0566,,1450,TRACT 566    NEW YORK CITY BROOKLYN,001,3,15,0,0,0,0,1,1,0,0,4,14,16,25,20,70,57,51,28,92,21,0,31,21,10,4,4,0,0,0,0,0,0,0,0
G36004700567,1960,New York,36,Kings,047,5600,51000,,0567,,1450,TRACT 567    NEW YORK CITY BROOKLYN,001,3,15,0,0,0,0,1,1,0,31,16,67,65,146,151,189,129,121,44,159,36,0,73,64,81,31,78,48,8,5,8,0,8,0,0
G36004700568,1960,New York,36,Kings,047,5600,51000,,0568,,1450,TRACT 568    NEW YORK CITY BROOKLYN,001,3,15,0,0,0,0,1,1,0,9,10,8,32,15,69,68,36,26,46,95,48,4,5,20,3,4,3,5,11,0,0,0,5,0,0
G36004700569,1960,New York,36,Kings,047,5600,51000,,0569,,1450,TRACT 569    NEW YORK CITY BROOKLYN,001,3,15,0,0,0,0,1,1,0,11,42,36,57,59,90,50,94,50,37,56,16,0,59,20,4,8,20,12,0,4,0,0,0,0,0
G36004700570,1960,New York,36,Kings,047,5600,51000,,0570,,1450,TRACT 570    NEW YORK CITY BROOKLYN,001,3,15,0,0,0,0,1,1,0,7,17,11,47,80,210,214,183,137,117,277,66,3,4,0,4,8,8,0,4,0,4,0,0,0,0
G36004700571,1960,New York,36,Kings,047,5600,51000,,0571,,1450,TRACT 571    NEW YORK CITY BROOKLYN,001,3,15,0,0,0,0,1,1,0,59,77,88,122,241,253,191,145,114,91,167,8,5,166,73,43,68,57,24,0,8,0,0,0,0,0
G36004700572,1960,New York,36,Kings,047,5600,51000,,0572,,1450,TRACT 572    NEW YORK CITY BROOKLYN,001,3,15,0,0,0,0,0,1,0,28,24,76,142,388,518,436,212,135,72,126,0,0,28,14,12,3,0,0,0,0,0,0,0,0,0
G36004700573,1960,New York,36,Kings,047,5600,51000,,0573,,1450,TRACT 573    NEW YORK CITY BROOKLYN,001,3,15,0,0,0,0,1,1,0,26,27,50,61,149,141,139,53,71,45,108,13,0,97,26,24,15,23,12,4,0,4,0,4,0,0
G36004700574,1960,New York,36,Kings,047,5600,51000,,0574,,1450,TRACT 574    NEW YORK CITY BROOKLYN,001,3,15,0,0,0,0,1,1,0,10,24,30,41,71,83,83,85,65,45,150,53,12,29,13,19,10,9,13,4,12,0,0,8,0,0
G36004700575,1960,New York,36,Kings,047,5600,51000,,0575,,1450,TRACT 575    NEW YORK CITY BROOKLYN,001,3,15,0,0,0,0,1,1,0,37,100,70,92,184,296,232,162,76,68,169,24,0,161,109,97,33,34,26,12,4,0,4,4,0,0
G36004700576,1960,New York,36,Kings,047,5600,51000,,0576,,1450,TRACT 576    NEW YORK CITY BROOKLYN,001,3,15,0,0,0,0,1,1,0,12,33,4,23,64,116,79,73,102,39,128,61,16,59,16,12,17,8,0,0,0,5,0,0,0,0
G36004700577,1960,New York,36,Kings,047,5600,51000,,0577,,1450,TRACT 577    NEW YORK CITY BROOKLYN,001,3,15,0,0,0,0,1,1,0,0,11,0,0,14,4,22,15,6,0,6,0,0,42,11,90,10,27,27,0,0,0,0,0,0,0
G36004700578,1960,New York,36,Kings,047,5600,51000,,0578,,1450,TRACT 578    NEW YORK CITY BROOKLYN,001,3,15,0,0,0,0,1,1,0,28,20,23,67,109,88,93,116,73,32,162,46,8,28,11,24,4,0,4,8,0,4,0,4,0,0
G36004700579,1960,New York,36,Kings,047,5600,51000,,0579,,1450,TRACT 579    NEW YORK CITY BROOKLYN,001,3,15,0,0,0,0,1,1,0,23,28,41,36,56,37,40,48,81,24,21,12,0,40,16,4,15,24,4,4,4,0,0,0,0,0
G36004700580,1960,New York,36,Kings,047,5600,51000,,0580,,1450,TRACT 580    NEW YORK CITY BROOKLYN,001,3,15,0,0,0,0,1,1,0,25,41,49,52,121,160,70,55,61,37,90,28,5,50,22,20,30,3,4,0,0,4,4,0,0,0
G36004700582,1960,New York,36,Kings,047,5600,51000,,0582,,1450,TRACT 582    NEW YORK CITY BROOKLYN,001,3,15,0,0,0,0,1,1,0,7,31,50,110,82,143,95,106,43,32,114,34,0,79,36,9,17,13,8,4,8,8,0,0,0,0
G36004700584,1960,New York,36,Kings,047,5600,51000,,0584,,1450,TRACT 584    NEW YORK CITY BROOKLYN,001,3,15,0,0,0,0,1,1,0,17,26,30,31,73,110,76,63,43,10,72,14,4,9,4,3,18,0,4,0,0,0,0,0,0,0
G36004700586,1960,New York,36,Kings,047,5600,51000,,0586,,1450,TRACT 586    NEW YORK CITY BROOKLYN,001,3,15,0,0,0,0,1,1,0,15,12,16,45,54,74,48,46,36,44,113,31,3,34,13,21,15,5,0,5,3,7,0,0,0,0
G36004700588,1960,New York,36,Kings,047,5600,51000,,0588,,1450,TRACT 588    NEW YORK CITY BROOKLYN,001,3,15,0,0,0,0,1,1,0,8,30,35,28,77,63,60,79,70,43,126,42,0,12,26,0,16,5,0,0,8,4,0,0,0,0
G36004700589,1960,New York,36,Kings,047,5600,51000,,0589,,1450,TRACT 589    NEW YORK CITY BROOKLYN,001,3,15,0,0,0,0,1,1,0,8,34,44,34,82,118,68,58,47,8,89,14,0,23,32,30,19,9,0,0,0,4,0,7,0,0
G36004700590,1960,New York,36,Kings,047,5600,51000,,0590,,1450,TRACT 590    NEW YORK CITY BROOKLYN,001,3,15,0,0,0,0,1,1,0,4,29,20,54,25,50,50,29,40,16,71,11,0,14,10,14,8,8,4,4,4,0,0,0,0,0
G36004700591,1960,New York,36,Kings,047,5600,51000,,0591,,1450,TRACT 591    NEW YORK CITY BROOKLYN,001,3,15,0,0,0,0,1,1,0,57,73,56,99,240,270,201,124,103,103,108,12,0,124,59,40,20,29,22,17,4,0,0,0,0,0
G36004700592,1960,New York,36,Kings,047,5600,51000,,0592,,1450,TRACT 592    NEW YORK CITY BROOKLYN,001,3,15,0,0,0,0,1,1,0,30,26,69,62,108,194,151,138,99,80,153,88,13,71,44,24,8,9,18,16,17,3,0,4,3,0
G36004700593,1960,New York,36,Kings,047,5600,51000,,0593,,1450,TRACT 593    NEW YORK CITY BROOKLYN,001,3,15,0,0,0,0,1,1,0,21,25,38,77,116,158,87,108,57,40,61,18,0,62,12,13,9,9,4,0,0,0,0,0,0,0
G360047005940,1960,New York,36,Kings,047,5600,51000,,0594,0,1450,TRACT 594-0  NEW YORK CITY BROOKLYN,001,3,15,0,0,0,0,1,1,0,133,115,126,171,214,326,287,251,209,184,370,78,44,73,44,62,17,38,30,16,9,11,0,4,0,4
G360047005941,1960,New York,36,Kings,047,5600,51000,,0594,1,1450,TRACT 594-1  NEW YORK CITY BROOKLYN,001,3,15,0,0,0,0,1,1,0,27,31,42,92,113,252,149,169,102,121,334,126,46,53,14,15,4,4,5,4,3,0,0,4,0,0
G36004700596,1960,New York,36,Kings,047,5600,51000,,0596,,1450,TRACT 596    NEW YORK CITY BROOKLYN,001,3,15,0,0,0,0,1,1,0,11,28,22,41,61,145,157,190,100,89,127,33,0,33,17,8,21,4,0,0,0,0,0,0,0,0
G36004700598,1960,New York,36,Kings,047,5600,51000,,0598,,1450,TRACT 598    NEW YORK CITY BROOKLYN,001,3,15,0,0,0,0,1,1,0,7,23,18,34,40,37,52,62,34,54,81,20,0,4,0,0,0,0,5,0,0,0,0,0,0,0
G36004700600,1960,New York,36,Kings,047,5600,51000,,0600,,1450,TRACT 600    NEW YORK CITY BROOKLYN,001,3,15,0,0,0,0,1,1,0,38,79,71,114,180,217,232,175,128,82,276,64,32,181,88,53,79,26,27,0,8,11,4,4,0,0
G36004700606,1960,New York,36,Kings,047,5600,51000,,0606,,1450,TRACT 606    NEW YORK CITY BROOKLYN,001,3,15,0,0,0,0,1,1,0,71,57,44,24,80,47,69,78,88,58,150,40,0,20,40,4,9,4,4,12,5,0,0,0,0,0
G36004700608,1960,New York,36,Kings,047,5600,51000,,0608,,1450,TRACT 608    NEW YORK CITY BROOKLYN,001,3,15,0,0,0,0,1,1,0,30,30,38,39,74,122,102,99,53,65,81,29,12,55,21,26,12,8,8,12,8,4,0,0,0,0
G360047006100,1960,New York,36,Kings,047,5600,51000,,0610,0,1450,TRACT 610-0  NEW YORK CITY BROOKLYN,001,3,15,0,0,0,0,1,1,0,127,227,197,259,323,341,299,243,245,136,326,102,20,361,184,151,112,48,64,27,4,0,0,0,4,0
G360047006101,1960,New York,36,Kings,047,5600,51000,,0610,1,1450,TRACT 610-1  NEW YORK CITY BROOKLYN,001,3,15,0,0,0,0,1,1,0,47,51,47,36,48,66,58,39,28,36,128,101,31,71,7,10,4,9,12,12,0,0,4,3,0,4
G36004700612,1960,New York,36,Kings,047,5600,51000,,0612,,1450,TRACT 612    NEW YORK CITY BROOKLYN,001,3,15,0,0,0,0,1,1,0,12,14,19,5,33,17,26,38,4,20,57,108,42,48,22,31,4,10,4,0,0,0,0,0,0,0
G36004700614,1960,New York,36,Kings,047,5600,51000,,0614,,1450,TRACT 614    NEW YORK CITY BROOKLYN,001,3,15,0,0,0,0,1,1,0,4,0,5,20,24,26,19,23,23,29,65,52,21,15,4,21,16,4,4,5,0,0,0,9,0,0
G36004700616,1960,New York,36,Kings,047,5600,51000,,0616,,1450,TRACT 616    NEW YORK CITY BROOKLYN,001,3,15,0,0,0,0,1,1,0,5,23,42,36,31,30,40,25,34,33,122,84,52,45,33,29,16,10,10,12,4,0,7,42,0,0
G36004700618,1960,New York,36,Kings,047,5600,51000,,0618,,1450,TRACT 618    NEW YORK CITY BROOKLYN,001,3,15,0,0,0,0,1,1,0,20,4,0,16,16,4,14,9,4,27,119,70,8,4,7,4,0,4,0,0,0,0,0,0,0,0
G36004700622,1960,New York,36,Kings,047,5600,51000,,0622,,1450,TRACT 622    NEW YORK CITY BROOKLYN,001,3,15,0,0,0,0,1,1,0,8,12,7,47,50,43,62,47,27,12,53,8,0,19,28,4,20,4,13,0,0,0,0,4,0,0
G36004700626,1960,New York,36,Kings,047,5600,51000,,0626,,1450,TRACT 626    NEW YORK CITY BROOKLYN,001,3,15,0,0,0,0,1,1,0,18,4,10,33,88,106,75,74,65,74,130,17,8,0,0,3,6,0,4,0,0,0,0,0,0,0
G36004700628,1960,New York,36,Kings,047,5600,51000,,0628,,1450,TRACT 628    NEW YORK CITY BROOKLYN,001,3,15,0,0,0,0,1,1,0,25,61,62,87,146,213,197,176,143,125,178,44,0,89,16,40,20,14,22,9,3,0,4,0,0,0
G36004700632,1960,New York,36,Kings,047,5600,51000,,0632,,1450,TRACT 632    NEW YORK CITY BROOKLYN,001,3,15,0,0,0,0,1,1,0,0,8,12,29,42,64,75,59,53,75,64,31,0,24,7,0,0,0,0,0,0,0,4,0,0,0
G36004700634,1960,New York,36,Kings,047,5600,51000,,0634,,1450,TRACT 634    NEW YORK CITY BROOKLYN,001,3,15,1,1,1,1,1,1,0,0,0,0,0,0,0,0,0,0,0,0,0,0,0,0,0,0,0,0,0,0,0,0,0,0,0
G36004700636,1960,New York,36,Kings,047,5600,51000,,0636,,1450,TRACT 636    NEW YORK CITY BROOKLYN,001,3,15,0,0,0,0,1,1,0,4,17,0,25,28,30,57,54,42,42,89,15,7,4,20,14,8,11,0,0,0,4,0,0,0,0
G36004700638,1960,New York,36,Kings,047,5600,51000,,0638,,1450,TRACT 638    NEW YORK CITY BROOKLYN,001,3,15,0,0,0,0,1,1,0,4,17,8,34,35,60,80,82,37,52,123,37,12,0,7,7,0,9,6,0,0,0,0,0,0,0
G36004700640,1960,New York,36,Kings,047,5600,51000,,0640,,1450,TRACT 640    NEW YORK CITY BROOKLYN,001,3,15,0,0,0,0,1,1,0,19,4,12,28,25,25,76,47,8,44,83,79,24,16,20,4,4,4,0,3,4,4,0,0,0,0
G36004700642,1960,New York,36,Kings,047,5600,51000,,0642,,1450,TRACT 642    NEW YORK CITY BROOKLYN,001,3,15,0,0,0,0,1,1,0,4,35,29,57,53,82,66,69,67,55,180,92,28,54,27,12,0,12,0,0,0,4,4,0,0,0
G36004700644,1960,New York,36,Kings,047,5600,51000,,0644,,1450,TRACT 644    NEW YORK CITY BROOKLYN,001,3,15,0,0,0,0,1,1,0,20,15,22,39,49,143,99,100,77,46,172,24,9,9,6,7,7,0,12,3,0,0,0,0,0,0
G36004700646,1960,New York,36,Kings,047,5600,51000,,0646,,1450,TRACT 646    NEW YORK CITY BROOKLYN,001,3,15,0,0,0,0,1,1,0,12,28,36,27,65,72,95,74,29,21,147,20,0,16,8,10,10,0,4,4,4,0,4,0,0,0
G36004700648,1960,New York,36,Kings,047,5600,51000,,0648,,1450,TRACT 648    NEW YORK CITY BROOKLYN,001,3,15,0,0,0,0,1,1,0,4,20,20,20,40,94,83,67,44,65,88,46,0,20,12,4,4,0,4,0,0,0,0,0,0,0
G36004700650,1960,New York,36,Kings,047,5600,51000,,0650,,1450,TRACT 650    NEW YORK CITY BROOKLYN,001,3,15,0,0,0,0,1,1,0,14,22,24,36,29,81,58,40,52,30,78,17,0,60,33,13,22,4,18,4,0,0,5,4,4,0
G36004700652,1960,New York,36,Kings,047,5600,51000,,0652,,1450,TRACT 652    NEW YORK CITY BROOKLYN,001,3,15,0,0,0,0,1,1,0,16,8,16,7,27,29,36,43,53,37,68,19,17,20,4,7,8,0,0,4,0,0,0,0,0,0
G36004700654,1960,New York,36,Kings,047,5600,51000,,0654,,1450,TRACT 654    NEW YORK CITY BROOKLYN,001,3,15,0,0,0,0,1,1,0,13,3,8,19,36,96,69,36,60,20,115,32,8,31,12,4,0,0,8,0,0,4,0,5,0,0
G36004700656,1960,New York,36,Kings,047,5600,51000,,0656,,1450,TRACT 656    NEW YORK CITY BROOKLYN,001,3,15,0,0,0,0,1,1,0,5,0,21,21,42,79,103,65,46,43,91,41,8,20,16,0,4,15,0,4,12,0,0,0,0,0
G36004700658,1960,New York,36,Kings,047,5600,51000,,0658,,1450,TRACT 658    NEW YORK CITY BROOKLYN,001,3,15,0,0,0,0,1,1,0,28,13,12,33,54,71,72,55,60,31,147,43,8,12,17,18,16,23,5,0,0,3,0,0,0,0
G36004700660,1960,New York,36,Kings,047,5600,51000,,0660,,1450,TRACT 660    NEW YORK CITY BROOKLYN,001,3,15,0,0,0,0,1,1,0,8,17,16,31,43,83,61,47,70,25,92,62,4,31,19,4,4,0,3,4,0,0,0,0,0,0
G36004700662,1960,New York,36,Kings,047,5600,51000,,0662,,1450,TRACT 662    NEW YORK CITY BROOKLYN,001,3,15,0,0,0,0,1,1,0,11,12,14,30,28,51,24,25,28,31,90,8,0,11,7,4,4,5,8,4,0,0,4,0,0,0
G36004700666,1960,New York,36,Kings,047,5600,51000,,0666,,1450,TRACT 666    NEW YORK CITY BROOKLYN,001,3,15,1,1,1,1,1,1,0,0,0,0,0,0,0,0,0,0,0,0,0,0,0,0,0,0,0,0,0,0,0,0,0,0,0
G36004700670,1960,New York,36,Kings,047,5600,51000,,0670,,1450,TRACT 670    NEW YORK CITY BROOKLYN,001,3,15,0,0,0,0,1,1,0,20,0,14,28,27,77,121,40,84,46,82,20,0,15,0,4,3,0,0,0,0,0,0,0,0,0
G36004700672,1960,New York,36,Kings,047,5600,51000,,0672,,1450,TRACT 672    NEW YORK CITY BROOKLYN,001,3,15,0,0,0,0,1,1,0,12,17,4,8,27,53,66,28,31,37,56,8,0,22,4,12,0,4,4,0,0,0,0,0,0,0
G36004700674,1960,New York,36,Kings,047,5600,51000,,0674,,1450,TRACT 674    NEW YORK CITY BROOKLYN,001,3,15,0,0,0,0,1,1,0,4,21,16,41,57,86,59,58,32,49,96,32,4,30,19,4,4,4,7,7,4,0,0,0,0,0
G36004700676,1960,New York,36,Kings,047,5600,51000,,0676,,1450,TRACT 676    NEW YORK CITY BROOKLYN,001,3,15,0,0,0,0,1,1,0,4,22,12,25,47,53,30,62,40,49,106,32,9,17,0,0,0,7,0,3,0,0,0,0,0,0
G36004700678,1960,New York,36,Kings,047,5600,51000,,0678,,1450,TRACT 678    NEW YORK CITY BROOKLYN,001,3,15,0,0,0,0,1,1,0,30,11,8,34,38,84,127,72,60,54,51,44,5,5,0,4,0,0,3,0,0,0,0,0,0,0
G36004700680,1960,New York,36,Kings,047,5600,51000,,0680,,1450,TRACT 680    NEW YORK CITY BROOKLYN,001,3,15,0,0,0,0,1,1,0,11,8,26,35,76,85,62,64,16,25,94,15,0,12,0,11,3,0,8,0,0,0,0,0,4,0
G36004700682,1960,New York,36,Kings,047,5600,51000,,0682,,1450,TRACT 682    NEW YORK CITY BROOKLYN,001,3,15,0,0,0,0,1,1,0,8,22,35,43,88,113,96,83,44,47,98,11,0,26,9,8,5,0,4,0,0,5,0,0,0,0
G36004700686,1960,New York,36,Kings,047,5600,51000,,0686,,1450,TRACT 686    NEW YORK CITY BROOKLYN,001,3,15,0,0,0,0,1,1,0,12,9,4,4,35,71,94,67,46,29,102,0,4,0,10,0,0,0,5,0,0,0,0,0,0,0
G36004700688,1960,New York,36,Kings,047,5600,51000,,0688,,1450,TRACT 688    NEW YORK CITY BROOKLYN,001,3,15,0,0,0,0,1,1,0,5,22,16,12,23,70,59,47,72,51,94,12,0,9,16,4,4,0,0,0,0,0,0,0,0,0
G36004700690,1960,New York,36,Kings,047,5600,51000,,0690,,1450,TRACT 690    NEW YORK CITY BROOKLYN,001,3,15,0,0,0,0,1,1,0,16,16,8,22,56,61,74,40,52,54,82,18,4,34,11,5,16,4,9,8,0,0,0,4,0,0
G36004700692,1960,New York,36,Kings,047,5600,51000,,0692,,1450,TRACT 692    NEW YORK CITY BROOKLYN,001,3,15,0,0,0,0,1,1,0,7,4,17,27,16,72,56,37,32,42,65,29,4,14,10,0,16,0,0,0,0,0,0,0,0,0
G36004700694,1960,New York,36,Kings,047,5600,51000,,0694,,1450,TRACT 694    NEW YORK CITY BROOKLYN,001,3,15,0,0,0,0,1,1,0,0,0,0,0,0,8,7,0,4,8,4,0,0,0,0,0,0,0,0,0,0,0,0,0,0,0
G36004700696,1960,New York,36,Kings,047,5600,51000,,0696,,1450,TRACT 696    NEW YORK CITY BROOKLYN,001,3,15,0,0,0,0,1,1,0,0,8,4,11,15,37,60,50,32,4,28,19,0,11,8,0,4,4,4,0,0,4,0,0,0,0
G36004700698,1960,New York,36,Kings,047,5600,51000,,0698,,1450,TRACT 698    NEW YORK CITY BROOKLYN,001,3,15,0,0,0,0,1,1,0,0,0,11,11,20,45,36,55,54,26,55,8,0,15,9,0,3,0,0,7,3,0,0,7,4,0
G36004700700,1960,New York,36,Kings,047,5600,51000,,0700,,1450,TRACT 700    NEW YORK CITY BROOKLYN,001,3,15,0,0,0,0,1,1,0,0,0,6,4,8,4,20,8,6,15,11,8,0,0,0,7,0,0,0,0,0,0,0,0,0,0
G36004700702,1960,New York,36,Kings,047,5600,51000,,0702,,1450,TRACT 702    NEW YORK CITY BROOKLYN,001,3,15,0,1,1,1,1,1,2,4,14,24,34,58,87,45,104,63,34,122,74,8,35,145,90,88,31,12,0,4,0,0,0,3,0
G36004700706,1960,New York,36,Kings,047,5600,51000,,0706,,1450,TRACT 706    NEW YORK CITY BROOKLYN,001,3,15,0,0,0,0,1,1,0,0,0,10,8,8,34,29,28,37,17,23,13,0,0,0,0,4,0,0,0,0,0,0,0,0,0
G360047007100,1960,New York,36,Kings,047,5600,51000,,0710,0,1450,TRACT 710-0  NEW YORK CITY BROOKLYN,001,3,15,0,0,0,1,1,1,0,0,0,0,0,4,5,12,8,0,0,0,0,0,0,0,0,0,0,0,0,0,0,0,0,0,0
G360047007101,1960,New York,36,Kings,047,5600,51000,,0710,1,1450,TRACT 710-1  NEW YORK CITY BROOKLYN,001,3,15,0,1,1,1,1,1,0,0,0,4,0,0,0,0,0,0,0,0,0,0,0,0,0,0,0,0,0,0,0,0,0,0,0
G36004700712,1960,New York,36,Kings,047,5600,51000,,0712,,1450,TRACT 712    NEW YORK CITY BROOKLYN,001,3,15,0,0,0,0,1,1,0,0,4,3,8,4,9,32,9,15,0,36,11,0,8,0,0,0,4,4,0,0,0,0,0,0,0
G36004700714,1960,New York,36,Kings,047,5600,51000,,0714,,1450,TRACT 714    NEW YORK CITY BROOKLYN,001,3,15,1,1,1,1,1,1,0,0,0,0,0,0,0,0,0,0,0,0,0,0,0,0,0,0,0,0,0,0,0,0,0,0,0
G36004700716,1960,New York,36,Kings,047,5600,51000,,0716,,1450,TRACT 716    NEW YORK CITY BROOKLYN,001,3,15,1,1,1,1,1,1,0,0,0,0,0,0,0,0,0,0,0,0,0,0,0,0,0,0,0,0,0,0,0,0,0,0,0
G36004700718,1960,New York,36,Kings,047,5600,51000,,0718,,1450,TRACT 718    NEW YORK CITY BROOKLYN,001,3,15,1,1,1,1,1,1,0,0,0,0,0,0,0,0,0,0,0,0,0,0,0,0,0,0,0,0,0,0,0,0,0,0,0
G36004700720,1960,New York,36,Kings,047,5600,51000,,0720,,1450,TRACT 720    NEW YORK CITY BROOKLYN,001,3,15,0,1,1,1,1,1,0,3,0,0,0,0,0,0,0,0,0,0,0,0,0,0,0,0,0,0,0,0,0,0,0,0,0
G36004700722,1960,New York,36,Kings,047,5600,51000,,0722,,1450,TRACT 722    NEW YORK CITY BROOKLYN,001,3,15,0,0,0,0,1,1,0,19,13,21,43,46,95,91,73,72,62,95,57,11,10,7,3,4,0,3,8,0,0,0,0,0,0
G36004700724,1960,New York,36,Kings,047,5600,51000,,0724,,1450,TRACT 724    NEW YORK CITY BROOKLYN,001,3,15,0,0,0,0,1,1,0,24,9,24,21,29,43,59,54,64,32,122,63,0,0,3,0,0,0,4,7,8,0,0,0,0,0
G36004700726,1960,New York,36,Kings,047,5600,51000,,0726,,1450,TRACT 726    NEW YORK CITY BROOKLYN,001,3,15,0,0,0,0,1,1,0,8,4,21,27,30,29,55,64,28,46,108,44,0,25,8,11,0,8,3,0,0,0,0,0,0,0
G36004700728,1960,New York,36,Kings,047,5600,51000,,0728,,1450,TRACT 728    NEW YORK CITY BROOKLYN,001,3,15,0,0,0,0,1,1,0,4,17,38,36,55,53,90,79,47,33,115,23,11,33,4,0,0,4,4,4,4,0,0,0,0,0
G36004700730,1960,New York,36,Kings,047,5600,51000,,0730,,1450,TRACT 730    NEW YORK CITY BROOKLYN,001,3,15,0,0,0,0,1,1,0,7,13,36,20,52,66,49,68,49,36,111,44,15,37,17,3,5,9,5,0,4,0,0,5,0,0
G36004700732,1960,New York,36,Kings,047,5600,51000,,0732,,1450,TRACT 732    NEW YORK CITY BROOKLYN,001,3,15,0,0,0,0,1,1,0,9,9,16,34,24,56,74,46,55,50,110,67,14,18,8,7,6,3,7,0,0,0,0,3,0,0
G36004700734,1960,New York,36,Kings,047,5600,51000,,0734,,1450,TRACT 734    NEW YORK CITY BROOKLYN,001,3,15,0,0,0,0,1,1,0,4,10,26,12,12,56,38,53,41,43,64,39,13,22,8,3,4,0,3,12,0,4,0,0,0,0
G36004700736,1960,New York,36,Kings,047,5600,51000,,0736,,1450,TRACT 736    NEW YORK CITY BROOKLYN,001,3,15,0,0,0,0,1,1,0,24,42,20,49,108,109,122,44,112,56,171,70,17,37,29,21,21,33,9,8,4,12,4,4,0,0
G36004700738,1960,New York,36,Kings,047,5600,51000,,0738,,1450,TRACT 738    NEW YORK CITY BROOKLYN,001,3,15,0,0,0,0,1,1,0,20,24,67,60,88,140,106,98,92,59,141,73,10,66,36,37,12,12,16,10,8,4,4,0,4,0
G36004700740,1960,New York,36,Kings,047,5600,51000,,0740,,1450,TRACT 740    NEW YORK CITY BROOKLYN,001,3,15,0,0,0,0,1,1,0,12,32,20,56,69,93,125,94,75,68,129,55,8,25,32,15,16,14,15,0,13,0,0,0,0,0
G36004700742,1960,New York,36,Kings,047,5600,51000,,0742,,1450,TRACT 742    NEW YORK CITY BROOKLYN,001,3,15,0,0,0,0,1,1,0,31,20,23,43,64,103,107,84,95,38,155,41,8,79,13,30,14,15,13,0,0,0,0,0,0,0
G36004700744,1960,New York,36,Kings,047,5600,51000,,0744,,1450,TRACT 744    NEW YORK CITY BROOKLYN,001,3,15,0,0,0,0,1,1,0,4,13,18,17,44,54,87,84,56,49,104,39,4,16,12,12,0,0,0,8,0,5,0,0,0,0
G36004700746,1960,New York,36,Kings,047,5600,51000,,0746,,1450,TRACT 746    NEW YORK CITY BROOKLYN,001,3,15,0,0,0,0,1,1,0,9,12,24,16,51,61,46,73,59,52,152,70,12,12,21,13,4,4,5,0,0,0,0,0,0,0
G36004700748,1960,New York,36,Kings,047,5600,51000,,0748,,1450,TRACT 748    NEW YORK CITY BROOKLYN,001,3,15,0,0,0,0,1,1,0,4,15,16,29,36,29,56,34,82,41,135,87,19,27,10,7,0,3,4,0,0,0,0,0,0,0
G36004700750,1960,New York,36,Kings,047,5600,51000,,0750,,1450,TRACT 750    NEW YORK CITY BROOKLYN,001,3,15,0,0,0,0,1,1,0,16,16,24,31,52,94,84,52,48,62,202,96,23,20,4,15,24,25,20,0,4,8,0,0,0,0
G36004700752,1960,New York,36,Kings,047,5600,51000,,0752,,1450,TRACT 752    NEW YORK CITY BROOKLYN,001,3,15,0,0,0,0,1,1,0,3,4,0,0,16,8,20,15,16,8,61,104,71,12,3,24,0,0,0,0,0,0,0,0,0,0
G36004700754,1960,New York,36,Kings,047,5600,51000,,0754,,1450,TRACT 754    NEW YORK CITY BROOKLYN,001,3,15,0,0,0,0,1,1,0,8,3,15,0,8,34,32,34,45,18,131,79,29,3,4,12,0,0,0,0,0,0,0,4,0,0
G36004700756,1960,New York,36,Kings,047,5600,51000,,0756,,1450,TRACT 756    NEW YORK CITY BROOKLYN,001,3,15,0,0,0,0,1,1,0,4,12,4,24,36,87,71,59,52,15,123,66,36,31,34,14,12,4,12,4,0,0,0,0,0,0
G36004700758,1960,New York,36,Kings,047,5600,51000,,0758,,1450,TRACT 758    NEW YORK CITY BROOKLYN,001,3,15,0,0,0,0,1,1,0,0,13,8,15,5,26,23,48,16,37,111,147,75,22,15,24,4,0,6,4,0,0,0,4,0,0
G36004700760,1960,New York,36,Kings,047,5600,51000,,0760,,1450,TRACT 760    NEW YORK CITY BROOKLYN,001,3,15,0,0,0,0,1,1,0,0,41,25,57,57,130,109,42,73,95,170,80,55,62,35,20,41,10,10,12,0,0,4,0,0,0
G36004700762,1960,New York,36,Kings,047,5600,51000,,0762,,1450,TRACT 762    NEW YORK CITY BROOKLYN,001,3,15,0,0,0,0,1,1,0,32,19,63,93,101,172,165,108,123,81,126,91,44,78,50,37,37,20,12,0,9,9,0,4,0,0
G36004700764,1960,New York,36,Kings,047,5600,51000,,0764,,1450,TRACT 764    NEW YORK CITY BROOKLYN,001,3,15,0,0,0,0,1,1,0,13,16,52,57,90,126,72,84,96,58,187,93,69,86,37,21,20,17,21,16,7,8,4,20,5,0
G36004700766,1960,New York,36,Kings,047,5600,51000,,0766,,1450,TRACT 766    NEW YORK CITY BROOKLYN,001,3,15,0,0,0,0,1,1,0,4,16,21,23,46,77,67,72,77,47,113,77,24,46,31,27,25,8,16,0,20,4,4,0,0,0
G36004700770,1960,New York,36,Kings,047,5600,51000,,0770,,1450,TRACT 770    NEW YORK CITY BROOKLYN,001,3,15,0,0,0,0,1,1,0,4,28,32,76,67,111,75,86,57,41,153,57,20,37,24,36,25,28,29,4,8,4,0,20,0,4
G36004700772,1960,New York,36,Kings,047,5600,51000,,0772,,1450,TRACT 772    NEW YORK CITY BROOKLYN,001,3,15,0,0,0,0,1,1,0,35,23,19,63,29,109,87,55,96,57,176,54,19,47,41,44,34,11,4,0,9,13,3,4,0,4
G36004700774,1960,New York,36,Kings,047,5600,51000,,0774,,1450,TRACT 774    NEW YORK CITY BROOKLYN,001,3,15,0,0,0,0,1,1,0,4,28,12,72,84,104,121,83,103,61,215,83,28,29,42,18,17,11,7,4,0,4,3,0,0,0
G36004700776,1960,New York,36,Kings,047,5600,51000,,0776,,1450,TRACT 776    NEW YORK CITY BROOKLYN,001,3,15,0,0,0,0,1,1,0,9,12,32,16,66,70,102,110,84,82,146,83,8,20,16,13,21,8,18,23,5,7,0,4,4,4
G36004700778,1960,New York,36,Kings,047,5600,51000,,0778,,1450,TRACT 778    NEW YORK CITY BROOKLYN,001,3,15,0,0,0,0,1,1,0,4,3,23,3,13,12,14,15,22,3,3,7,0,4,4,0,0,0,0,0,0,4,0,0,0,0
G36004700780,1960,New York,36,Kings,047,5600,51000,,0780,,1450,TRACT 780    NEW YORK CITY BROOKLYN,001,3,15,0,0,0,0,1,1,0,12,8,15,20,37,23,65,76,46,61,129,48,16,31,8,4,13,0,4,0,8,0,0,0,0,0
G36004700782,1960,New York,36,Kings,047,5600,51000,,0782,,1450,TRACT 782    NEW YORK CITY BROOKLYN,001,3,15,0,0,0,0,1,1,0,8,35,44,63,99,187,143,126,120,121,193,44,4,66,33,24,28,53,20,17,12,0,12,9,4,0
G36004700784,1960,New York,36,Kings,047,5600,51000,,0784,,1450,TRACT 784    NEW YORK CITY BROOKLYN,001,3,15,0,0,0,0,1,1,0,8,11,10,14,28,76,65,38,48,61,121,39,10,53,24,19,8,13,3,0,4,0,0,0,0,0
G36004700786,1960,New York,36,Kings,047,5600,51000,,0786,,1450,TRACT 786    NEW YORK CITY BROOKLYN,001,3,15,0,0,0,0,1,1,0,20,24,38,61,76,111,101,67,104,53,166,51,0,68,37,26,43,24,21,19,4,0,7,0,0,0
G36004700788,1960,New York,36,Kings,047,5600,51000,,0788,,1450,TRACT 788    NEW YORK CITY BROOKLYN,001,3,15,0,0,0,0,1,1,0,12,38,30,50,82,152,132,115,64,54,106,27,4,40,31,42,35,35,12,16,8,4,0,0,0,0
G36004700790,1960,New York,36,Kings,047,5600,51000,,0790,,1450,TRACT 790    NEW YORK CITY BROOKLYN,001,3,15,0,0,0,0,1,1,0,25,52,67,89,128,196,155,124,142,72,196,40,0,114,46,34,31,56,37,8,0,8,0,4,0,0
G36004700792,1960,New York,36,Kings,047,5600,51000,,0792,,1450,TRACT 792    NEW YORK CITY BROOKLYN,001,3,15,0,0,0,0,0,1,0,19,56,69,97,113,188,114,125,78,63,112,8,4,67,67,54,58,38,0,26,0,5,0,0,0,0
G36004700794,1960,New York,36,Kings,047,5600,51000,,0794,,1450,TRACT 794    NEW YORK CITY BROOKLYN,001,3,15,0,0,0,0,0,1,0,8,27,69,64,50,64,60,37,17,23,68,9,0,80,20,31,11,15,4,4,0,0,0,4,0,0
G36004700796,1960,New York,36,Kings,047,5600,51000,,0796,,1450,TRACT 796    NEW YORK CITY BROOKLYN,001,3,15,0,0,0,0,1,1,0,72,100,123,178,240,285,271,317,270,143,405,152,48,254,151,131,213,109,96,36,20,24,16,19,12,4
G36004700798,1960,New York,36,Kings,047,5600,51000,,0798,,1450,TRACT 798    NEW YORK CITY BROOKLYN,001,3,15,0,0,0,0,0,1,0,59,105,108,156,184,356,252,204,201,129,374,150,63,221,116,124,92,125,107,32,12,9,12,8,4,0
G36004700800,1960,New York,36,Kings,047,5600,51000,,0800,,1450,TRACT 800    NEW YORK CITY BROOKLYN,001,3,15,0,0,0,0,0,1,0,12,15,49,100,143,153,121,78,76,77,141,78,12,86,41,47,52,35,34,5,0,8,0,5,5,0
G36004700802,1960,New York,36,Kings,047,5600,51000,,0802,,1450,TRACT 802    NEW YORK CITY BROOKLYN,001,3,15,0,0,0,0,0,1,0,37,41,54,94,88,143,169,114,79,102,174,80,15,100,76,27,32,44,33,13,23,0,9,12,4,0
G36004700804,1960,New York,36,Kings,047,5600,51000,,0804,,1450,TRACT 804    NEW YORK CITY BROOKLYN,001,3,15,0,0,0,0,1,1,0,17,40,68,78,112,110,179,91,82,35,125,26,5,101,50,28,29,24,24,12,0,0,0,5,0,0
G36004700806,1960,New York,36,Kings,047,5600,51000,,0806,,1450,TRACT 806    NEW YORK CITY BROOKLYN,001,3,15,0,0,0,0,1,1,0,34,20,48,61,90,87,114,81,47,47,96,36,9,54,8,13,36,12,4,0,4,0,0,0,0,0
G36004700810,1960,New York,36,Kings,047,5600,51000,,0810,,1450,TRACT 810    NEW YORK CITY BROOKLYN,001,3,15,0,0,0,0,1,1,0,6,18,23,80,67,80,75,61,61,53,78,31,4,26,22,14,7,3,3,3,0,0,0,0,0,0
G36004700812,1960,New York,36,Kings,047,5600,51000,,0812,,1450,TRACT 812    NEW YORK CITY BROOKLYN,001,3,15,0,0,1,1,0,1,0,0,0,0,0,0,0,0,0,0,0,2,0,0,360,64,32,12,33,0,0,0,0,0,4,0,0
G36004700814,1960,New York,36,Kings,047,5600,51000,,0814,,1450,TRACT 814    NEW YORK CITY BROOKLYN,001,3,15,0,0,0,0,1,1,0,15,15,37,57,76,110,61,90,103,47,123,23,4,64,18,7,27,33,4,4,0,0,0,0,0,0
G36004700816,1960,New York,36,Kings,047,5600,51000,,0816,,1450,TRACT 816    NEW YORK CITY BROOKLYN,001,3,15,0,0,0,0,1,1,0,23,30,46,56,68,132,111,80,76,39,93,47,9,80,32,37,26,13,24,8,3,0,0,9,0,0
G36004700818,1960,New York,36,Kings,047,5600,51000,,0818,,1450,TRACT 818    NEW YORK CITY BROOKLYN,001,3,15,0,0,0,0,1,1,0,16,25,73,93,129,169,138,140,91,48,168,48,8,83,79,23,57,29,28,12,13,4,0,0,0,0
G36004700820,1960,New York,36,Kings,047,5600,51000,,0820,,1450,TRACT 820    NEW YORK CITY BROOKLYN,001,3,15,0,0,0,0,1,1,0,20,56,45,80,111,164,131,144,130,77,229,64,12,38,61,45,27,58,33,17,13,0,0,12,8,0
G36004700822,1960,New York,36,Kings,047,5600,51000,,0822,,1450,TRACT 822    NEW YORK CITY BROOKLYN,001,3,15,0,0,0,0,1,1,0,86,67,86,159,244,323,312,194,167,148,285,101,14,152,97,53,55,80,34,17,24,8,4,5,8,0
G36004700824,1960,New York,36,Kings,047,5600,51000,,0824,,1450,TRACT 824    NEW YORK CITY BROOKLYN,001,3,15,0,0,0,0,1,1,0,25,38,69,71,149,197,218,111,88,66,179,30,4,96,55,16,31,45,28,4,4,4,0,0,0,0
G36004700826,1960,New York,36,Kings,047,5600,51000,,0826,,1450,TRACT 826    NEW YORK CITY BROOKLYN,001,3,15,0,0,0,0,1,1,0,37,56,60,111,165,232,177,150,109,56,161,29,7,51,63,38,62,24,41,30,8,0,0,0,0,0
G36004700828,1960,New York,36,Kings,047,5600,51000,,0828,,1450,TRACT 828    NEW YORK CITY BROOKLYN,001,3,15,0,0,0,0,1,1,0,20,43,45,91,116,136,142,119,67,48,115,8,8,112,54,33,42,47,12,4,0,0,0,0,0,0
G36004700830,1960,New York,36,Kings,047,5600,51000,,0830,,1450,TRACT 830    NEW YORK CITY BROOKLYN,001,3,15,0,0,0,0,1,1,0,23,61,74,135,163,263,217,194,156,142,304,56,8,57,68,27,36,80,17,24,11,8,0,8,0,0
G36004700832,1960,New York,36,Kings,047,5600,51000,,0832,,1450,TRACT 832    NEW YORK CITY BROOKLYN,001,3,15,0,0,0,0,1,1,0,4,5,32,30,64,77,88,33,37,45,116,36,0,82,14,8,17,14,8,0,0,0,0,0,0,0
G36004700834,1960,New York,36,Kings,047,5600,51000,,0834,,1450,TRACT 834    NEW YORK CITY BROOKLYN,001,3,15,0,0,0,0,1,1,0,4,4,30,19,29,48,48,32,33,55,110,23,4,26,14,0,8,0,4,0,4,0,0,0,0,0
G36004700836,1960,New York,36,Kings,047,5600,51000,,0836,,1450,TRACT 836    NEW YORK CITY BROOKLYN,001,3,15,0,0,0,0,1,1,0,6,19,39,37,57,71,93,70,49,58,106,17,0,20,19,4,13,19,0,4,0,5,0,4,0,0
G36004700838,1960,New York,36,Kings,047,5600,51000,,0838,,1450,TRACT 838    NEW YORK CITY BROOKLYN,001,3,15,0,0,0,0,1,1,0,12,20,11,39,29,82,56,47,46,43,143,72,4,24,12,8,8,12,4,0,4,0,0,0,0,0
G36004700840,1960,New York,36,Kings,047,5600,51000,,0840,,1450,TRACT 840    NEW YORK CITY BROOKLYN,001,3,15,0,0,0,0,1,1,0,16,11,17,25,35,73,80,52,47,39,74,29,4,32,12,13,4,8,7,0,3,0,0,0,0,0
G36004700842,1960,New York,36,Kings,047,5600,51000,,0842,,1450,TRACT 842    NEW YORK CITY BROOKLYN,001,3,15,0,0,0,0,1,1,0,0,16,13,8,9,34,42,50,47,26,44,48,5,4,5,4,3,0,4,0,0,0,0,0,0,0
G36004700844,1960,New York,36,Kings,047,5600,51000,,0844,,1450,TRACT 844    NEW YORK CITY BROOKLYN,001,3,15,0,0,0,0,1,1,0,0,3,4,4,3,4,12,26,4,0,16,0,4,3,4,0,0,0,0,0,4,0,0,0,0,0
G36004700846,1960,New York,36,Kings,047,5600,51000,,0846,,1450,TRACT 846    NEW YORK CITY BROOKLYN,001,3,15,0,0,0,0,1,1,0,15,9,38,39,34,53,107,56,69,60,84,8,4,33,8,9,8,4,8,4,0,0,0,4,0,0
G36004700848,1960,New York,36,Kings,047,5600,51000,,0848,,1450,TRACT 848    NEW YORK CITY BROOKLYN,001,3,15,0,0,0,0,1,1,0,5,3,25,26,44,61,31,34,61,30,111,37,4,17,8,13,4,0,0,0,8,4,0,0,0,0
G36004700850,1960,New York,36,Kings,047,5600,51000,,0850,,1450,TRACT 850    NEW YORK CITY BROOKLYN,001,3,15,0,0,0,0,1,1,0,8,20,12,24,24,36,36,38,50,31,90,13,0,17,8,4,8,0,0,0,0,0,0,0,0,0
G36004700852,1960,New York,36,Kings,047,5600,51000,,0852,,1450,TRACT 852    NEW YORK CITY BROOKLYN,001,3,15,0,1,1,1,1,1,0,0,0,0,0,4,0,0,0,0,0,0,0,0,0,0,0,0,0,0,0,0,0,0,0,0,0
G36004700854,1960,New York,36,Kings,047,5600,51000,,0854,,1450,TRACT 854    NEW YORK CITY BROOKLYN,001,3,15,0,0,0,0,1,1,0,8,4,16,24,49,47,78,53,69,33,115,28,4,16,0,21,11,0,13,4,0,0,0,4,0,0
G36004700856,1960,New York,36,Kings,047,5600,51000,,0856,,1450,TRACT 856    NEW YORK CITY BROOKLYN,001,3,15,0,0,0,0,1,1,0,8,12,35,50,93,175,136,110,61,115,211,71,0,62,19,24,18,12,19,15,4,0,0,0,0,0
G36004700858,1960,New York,36,Kings,047,5600,51000,,0858,,1450,TRACT 858    NEW YORK CITY BROOKLYN,001,3,15,0,0,0,0,1,1,0,16,25,17,26,81,129,75,59,25,19,120,37,0,36,9,9,4,4,13,9,0,4,0,0,0,0
G36004700860,1960,New York,36,Kings,047,5600,51000,,0860,,1450,TRACT 860    NEW YORK CITY BROOKLYN,001,3,15,0,0,0,0,1,1,0,43,34,44,93,96,153,162,115,79,45,127,16,0,54,14,15,9,0,11,4,0,4,0,4,0,0
G36004700862,1960,New York,36,Kings,047,5600,51000,,0862,,1450,TRACT 862    NEW YORK CITY BROOKLYN,001,3,15,0,0,0,0,1,1,0,35,30,35,83,111,148,131,90,89,58,93,10,7,36,28,4,9,22,4,0,9,0,0,3,0,0
G36004700864,1960,New York,36,Kings,047,5600,51000,,0864,,1450,TRACT 864    NEW YORK CITY BROOKLYN,001,3,15,0,0,0,0,1,1,0,12,12,12,36,52,90,83,51,46,28,134,32,4,33,12,14,0,0,0,4,0,0,0,0,0,0
G36004700866,1960,New York,36,Kings,047,5600,51000,,0866,,1450,TRACT 866    NEW YORK CITY BROOKLYN,001,3,15,0,0,0,0,1,1,0,36,28,26,70,68,143,109,105,89,70,130,46,9,42,20,12,14,4,9,0,0,0,0,0,0,3
G36004700868,1960,New York,36,Kings,047,5600,51000,,0868,,1450,TRACT 868    NEW YORK CITY BROOKLYN,001,3,15,0,0,0,0,1,1,0,47,50,28,61,125,150,106,126,70,51,92,25,7,56,16,8,8,8,12,12,0,0,0,4,0,0
G36004700870,1960,New York,36,Kings,047,5600,51000,,0870,,1450,TRACT 870    NEW YORK CITY BROOKLYN,001,3,15,0,0,0,0,1,1,0,42,55,43,78,81,139,111,86,113,81,90,40,0,59,28,9,16,16,0,4,5,4,0,0,0,4
G36004700872,1960,New York,36,Kings,047,5600,51000,,0872,,1450,TRACT 872    NEW YORK CITY BROOKLYN,001,3,15,0,0,0,0,1,1,0,16,25,42,54,129,82,124,101,94,54,161,32,28,41,8,4,19,20,0,0,4,0,4,0,0,0
G360047008740,1960,New York,36,Kings,047,5600,51000,,0874,0,1450,TRACT 874-0  NEW YORK CITY BROOKLYN,001,3,15,0,0,0,0,1,1,0,32,41,27,70,96,90,99,86,40,50,78,33,0,52,13,19,13,19,15,20,4,13,4,0,0,0
G360047008741,1960,New York,36,Kings,047,5600,51000,,0874,1,1450,TRACT 874-1  NEW YORK CITY BROOKLYN,001,3,15,0,0,1,0,1,1,0,0,0,3,0,0,0,0,4,0,8,10,0,3,20,8,8,43,42,14,3,0,11,0,0,0,0
G36004700876,1960,New York,36,Kings,047,5600,51000,,0876,,1450,TRACT 876    NEW YORK CITY BROOKLYN,001,3,15,0,0,0,0,1,1,0,4,9,17,35,46,83,21,90,42,30,75,21,4,17,3,0,12,4,3,5,0,0,0,0,0,4
G36004700878,1960,New York,36,Kings,047,5600,51000,,0878,,1450,TRACT 878    NEW YORK CITY BROOKLYN,001,3,15,0,0,0,0,1,1,0,12,25,37,52,73,158,91,71,71,47,161,16,0,32,27,4,13,24,0,7,0,0,0,3,0,0
G36004700880,1960,New York,36,Kings,047,5600,51000,,0880,,1450,TRACT 880    NEW YORK CITY BROOKLYN,001,3,15,0,0,0,0,1,1,0,17,79,34,77,59,187,162,112,73,43,78,30,8,27,8,20,17,20,11,0,0,0,0,0,0,0
G36004700882,1960,New York,36,Kings,047,5600,51000,,0882,,1450,TRACT 882    NEW YORK CITY BROOKLYN,001,3,15,0,0,0,0,1,1,0,45,35,73,95,186,165,164,160,126,88,258,75,3,87,21,7,26,11,18,8,0,0,0,0,0,0
G36004700884,1960,New York,36,Kings,047,5600,51000,,0884,,1450,TRACT 884    NEW YORK CITY BROOKLYN,001,3,15,0,0,0,0,1,1,0,41,103,95,153,258,197,255,155,139,107,178,26,0,112,40,16,13,8,13,8,5,0,4,0,5,0
G36004700886,1960,New York,36,Kings,047,5600,51000,,0886,,1450,TRACT 886    NEW YORK CITY BROOKLYN,001,3,15,0,0,0,0,1,1,0,24,72,38,113,200,255,199,127,123,63,143,42,10,99,47,11,8,8,18,8,4,4,0,0,0,0
G36004700888,1960,New York,36,Kings,047,5600,51000,,0888,,1450,TRACT 888    NEW YORK CITY BROOKLYN,001,3,15,0,0,0,0,1,1,0,31,55,37,109,160,192,124,109,95,68,114,49,4,76,17,15,16,0,0,0,3,0,0,0,0,0
G36004700890,1960,New York,36,Kings,047,5600,51000,,0890,,1450,TRACT 890    NEW YORK CITY BROOKLYN,001,3,15,0,0,0,0,1,1,0,28,118,137,211,292,337,230,210,150,98,148,12,4,130,68,35,41,48,49,12,0,9,0,0,0,0
G36004700892,1960,New York,36,Kings,047,5600,51000,,0892,,1450,TRACT 892    NEW YORK CITY BROOKLYN,001,3,15,0,0,0,0,1,1,0,45,89,66,157,175,212,223,153,108,96,113,22,0,122,16,16,48,20,4,0,0,0,0,0,0,0
G36004700894,1960,New York,36,Kings,047,5600,51000,,0894,,1450,TRACT 894    NEW YORK CITY BROOKLYN,001,3,15,0,0,0,0,1,1,0,52,119,187,128,225,217,166,102,109,42,146,8,4,204,84,63,69,36,12,12,0,3,0,0,0,0
G36004700896,1960,New York,36,Kings,047,5600,51000,,0896,,1450,TRACT 896    NEW YORK CITY BROOKLYN,001,3,15,0,0,0,0,1,1,0,57,76,83,93,138,175,111,94,77,32,79,5,0,64,46,40,19,13,13,0,3,4,0,0,0,0
G36004700898,1960,New York,36,Kings,047,5600,51000,,0898,,1450,TRACT 898    NEW YORK CITY BROOKLYN,001,3,15,0,0,0,0,1,1,0,66,80,79,124,128,157,83,69,23,23,23,18,4,93,41,49,27,31,0,4,3,0,0,4,0,0
G36004700900,1960,New York,36,Kings,047,5600,51000,,0900,,1450,TRACT 900    NEW YORK CITY BROOKLYN,001,3,15,0,0,0,0,0,0,0,210,268,260,342,366,375,280,223,125,99,192,14,0,390,119,82,80,39,30,16,0,0,0,0,0,0
G36004700902,1960,New York,36,Kings,047,5600,51000,,0902,,1450,TRACT 902    NEW YORK CITY BROOKLYN,001,3,15,0,0,0,0,0,0,0,238,198,387,411,350,341,193,127,63,47,27,4,4,336,130,47,62,24,8,0,4,0,0,0,0,0
G36004700904,1960,New York,36,Kings,047,5600,51000,,0904,,1450,TRACT 904    NEW YORK CITY BROOKLYN,001,3,15,0,0,0,0,0,0,0,103,133,206,143,166,88,106,33,30,31,39,0,0,131,67,52,20,8,5,8,0,0,0,0,0,0
G36004700906,1960,New York,36,Kings,047,5600,51000,,0906,,1450,TRACT 906    NEW YORK CITY BROOKLYN,001,3,15,0,0,0,0,0,0,0,44,186,265,350,253,196,53,39,47,28,22,0,0,129,56,68,25,10,4,0,9,0,0,0,0,0
G36004700908,1960,New York,36,Kings,047,5600,51000,,0908,,1450,TRACT 908    NEW YORK CITY BROOKLYN,001,3,15,0,0,0,0,0,0,0,66,98,179,210,204,157,85,73,24,16,29,0,0,102,69,71,15,10,4,4,4,0,0,0,0,0
G36004700910,1960,New York,36,Kings,047,5600,51000,,0910,,1450,TRACT 910    NEW YORK CITY BROOKLYN,001,3,15,0,0,0,0,0,0,0,55,231,327,429,387,173,83,30,19,0,0,0,0,54,48,15,4,0,0,0,0,0,0,0,0,0
G36004700912,1960,New York,36,Kings,047,5600,51000,,0912,,1450,TRACT 912    NEW YORK CITY BROOKLYN,001,3,15,0,0,0,0,0,0,0,160,99,167,332,271,148,88,28,13,4,13,0,4,20,22,3,4,7,0,0,0,0,0,0,0,0
G36004700914,1960,New York,36,Kings,047,5600,51000,,0914,,1450,TRACT 914    NEW YORK CITY BROOKLYN,001,3,15,0,0,0,0,0,0,0,82,83,154,209,148,148,82,40,12,15,8,0,0,219,63,68,22,24,0,8,0,0,0,0,0,0
G36004700916,1960,New York,36,Kings,047,5600,51000,,0916,,1450,TRACT 916    NEW YORK CITY BROOKLYN,001,3,15,0,0,0,0,0,0,0,110,70,160,254,270,205,103,85,97,54,90,12,0,190,81,77,56,11,8,4,4,4,0,0,0,0
G36004700918,1960,New York,36,Kings,047,5600,51000,,0918,,1450,TRACT 918    NEW YORK CITY BROOKLYN,001,3,15,0,0,0,0,0,0,0,130,323,432,389,318,215,94,89,41,14,35,4,0,197,144,126,20,18,0,4,0,0,0,0,0,0
G36004700920,1960,New York,36,Kings,047,5600,51000,,0920,,1450,TRACT 920    NEW YORK CITY BROOKLYN,001,3,15,0,0,0,0,0,0,0,12,87,139,201,166,121,83,71,40,23,54,0,0,135,53,16,27,18,0,3,0,0,0,0,0,0
G36004700922,1960,New York,36,Kings,047,5600,51000,,0922,,1450,TRACT 922    NEW YORK CITY BROOKLYN,001,3,15,0,0,0,0,1,1,0,8,40,45,79,122,143,100,99,64,59,72,15,0,47,12,12,4,13,0,4,0,0,0,0,0,0
G36004700924,1960,New York,36,Kings,047,5600,51000,,0924,,1450,TRACT 924    NEW YORK CITY BROOKLYN,001,3,15,0,0,0,0,1,1,0,7,0,0,13,26,56,34,8,7,12,26,6,0,3,0,0,3,0,0,0,0,0,0,0,0,0
G36004700926,1960,New York,36,Kings,047,5600,51000,,0926,,1450,TRACT 926    NEW YORK CITY BROOKLYN,001,3,15,0,0,1,0,1,1,0,4,0,0,0,4,0,4,0,0,0,0,0,0,0,0,0,0,0,0,0,0,0,0,0,0,0
G36004700928,1960,New York,36,Kings,047,5600,51000,,0928,,1450,TRACT 928    NEW YORK CITY BROOKLYN,001,3,15,0,0,0,0,1,1,0,12,12,38,59,87,95,86,113,44,52,59,34,4,7,16,0,10,9,0,0,0,0,0,0,0,0
G36004700930,1960,New York,36,Kings,047,5600,51000,,0930,,1450,TRACT 930    NEW YORK CITY BROOKLYN,001,3,15,0,0,0,0,1,1,0,12,15,39,32,54,97,65,76,45,24,61,24,4,21,0,0,0,0,5,0,0,0,0,0,5,0
G36004700932,1960,New York,36,Kings,047,5600,51000,,0932,,1450,TRACT 932    NEW YORK CITY BROOKLYN,001,3,15,0,0,0,0,1,1,0,0,0,9,12,7,14,33,4,5,6,7,0,0,0,0,0,0,0,0,0,0,0,0,0,0,0
G36004700934,1960,New York,36,Kings,047,5600,51000,,0934,,1450,TRACT 934    NEW YORK CITY BROOKLYN,001,3,15,0,0,0,0,1,1,0,24,16,57,31,81,66,101,70,60,32,169,34,0,18,9,8,8,4,5,13,0,0,0,0,0,0
G36004700936,1960,New York,36,Kings,047,5600,51000,,0936,,1450,TRACT 936    NEW YORK CITY BROOKLYN,001,3,15,0,0,0,0,1,1,0,10,21,26,33,53,52,75,53,24,34,70,29,4,29,0,4,8,7,4,0,0,0,4,0,0,0
G36004700938,1960,New York,36,Kings,047,5600,51000,,0938,,1450,TRACT 938    NEW YORK CITY BROOKLYN,001,3,15,0,0,0,0,1,1,0,0,54,44,69,73,91,86,90,76,33,101,55,4,41,17,16,4,3,0,4,3,0,4,0,0,0
G36004700940,1960,New York,36,Kings,047,5600,51000,,0940,,1450,TRACT 940    NEW YORK CITY BROOKLYN,001,3,15,0,0,0,0,1,1,0,7,13,17,24,32,46,37,51,41,20,69,19,12,12,12,9,0,0,0,0,0,0,0,0,0,0
G36004700942,1960,New York,36,Kings,047,5600,51000,,0942,,1450,TRACT 942    NEW YORK CITY BROOKLYN,001,3,15,0,0,0,0,1,1,0,5,0,17,16,19,12,11,31,11,16,15,3,6,3,0,0,4,3,0,0,0,0,0,0,0,0
G360047009440,1960,New York,36,Kings,047,5600,51000,,0944,0,1450,TRACT 944-0  NEW YORK CITY BROOKLYN,001,3,15,0,0,0,0,1,1,0,0,8,18,20,33,50,57,83,43,44,95,29,0,0,0,0,8,4,9,0,0,0,0,0,0,0
G360047009441,1960,New York,36,Kings,047,5600,51000,,0944,1,1450,TRACT 944-1  NEW YORK CITY BROOKLYN,001,3,15,0,0,0,0,1,1,0,20,44,24,99,184,279,244,122,45,59,57,0,0,8,0,4,0,8,0,0,4,0,0,0,0,0
G360047009480,1960,New York,36,Kings,047,5600,51000,,0948,0,1450,TRACT 948-0  NEW YORK CITY BROOKLYN,001,3,15,1,1,1,1,1,1,0,0,0,0,0,0,0,0,0,0,0,0,0,0,0,0,0,0,0,0,0,0,0,0,0,0,0
G360047009481,1960,New York,36,Kings,047,5600,51000,,0948,1,1450,TRACT 948-1  NEW YORK CITY BROOKLYN,001,3,15,0,1,1,1,1,1,0,0,5,0,0,0,0,0,0,0,0,0,0,0,0,0,0,0,0,0,0,0,0,0,0,0,0
G36004700950,1960,New York,36,Kings,047,5600,51000,,0950,,1450,TRACT 950    NEW YORK CITY BROOKLYN,001,3,15,0,0,0,0,1,1,0,0,4,0,0,0,11,12,20,4,4,16,0,0,0,0,0,0,0,0,0,0,0,0,0,0,0
G36004700952,1960,New York,36,Kings,047,5600,51000,,0952,,1450,TRACT 952    NEW YORK CITY BROOKLYN,001,3,15,0,0,1,0,1,1,0,0,0,0,0,0,0,2,0,3,0,0,0,0,0,0,0,0,0,0,0,0,0,0,0,0,0
G36004700954,1960,New York,36,Kings,047,5600,51000,,0954,,1450,TRACT 954    NEW YORK CITY BROOKLYN,001,3,15,0,0,0,0,1,1,0,0,3,11,28,16,76,18,19,5,3,13,0,0,0,0,0,13,0,0,0,0,0,0,0,0,0
G36004700956,1960,New York,36,Kings,047,5600,51000,,0956,,1450,TRACT 956    NEW YORK CITY BROOKLYN,001,3,15,0,0,0,0,1,1,0,8,8,9,24,16,9,26,22,8,8,21,0,0,0,0,0,4,0,0,0,0,0,0,0,0,0
G36004700958,1960,New York,36,Kings,047,5600,51000,,0958,,1450,TRACT 958    NEW YORK CITY BROOKLYN,001,3,15,0,0,0,0,1,1,0,0,15,30,12,16,36,45,35,29,13,17,0,0,18,10,5,4,0,0,0,0,0,0,0,0,0
G36004700960,1960,New York,36,Kings,047,5600,51000,,0960,,1450,TRACT 960    NEW YORK CITY BROOKLYN,001,3,15,0,0,0,0,1,1,0,9,3,0,11,24,31,40,3,3,6,29,7,0,0,0,0,0,11,6,0,0,0,0,0,0,0
G36004700962,1960,New York,36,Kings,047,5600,51000,,0962,,1450,TRACT 962    NEW YORK CITY BROOKLYN,001,3,15,0,0,0,0,1,1,0,18,9,11,8,49,52,27,40,25,27,28,13,0,12,0,0,5,5,0,0,0,0,0,0,0,0
G36004700964,1960,New York,36,Kings,047,5600,51000,,0964,,1450,TRACT 964    NEW YORK CITY BROOKLYN,001,3,15,0,0,0,0,1,1,0,21,20,19,47,74,52,72,32,41,23,67,13,0,22,0,4,13,5,0,4,4,0,0,0,0,0
G36004700966,1960,New York,36,Kings,047,5600,51000,,0966,,1450,TRACT 966    NEW YORK CITY BROOKLYN,001,3,15,0,0,0,0,1,1,0,20,30,8,17,79,95,99,29,20,56,67,16,0,37,8,4,0,0,4,0,0,0,0,0,0,0
G36004700968,1960,New York,36,Kings,047,5600,51000,,0968,,1450,TRACT 968    NEW YORK CITY BROOKLYN,001,3,15,0,0,0,0,1,1,0,23,20,13,37,37,65,24,45,15,11,30,4,0,36,33,5,21,0,4,0,0,4,0,0,0,0
G36004700970,1960,New York,36,Kings,047,5600,51000,,0970,,1450,TRACT 970    NEW YORK CITY BROOKLYN,001,3,15,0,0,0,0,1,1,0,4,5,9,32,35,95,72,41,35,42,41,17,5,28,4,4,14,5,0,0,0,0,0,0,0,0
G36004700972,1960,New York,36,Kings,047,5600,51000,,0972,,1450,TRACT 972    NEW YORK CITY BROOKLYN,001,3,15,0,0,0,0,1,1,0,3,11,0,16,14,23,22,28,12,11,4,0,0,0,5,0,4,0,0,0,0,0,0,0,0,0
G36004700974,1960,New York,36,Kings,047,5600,51000,,0974,,1450,TRACT 974    NEW YORK CITY BROOKLYN,001,3,15,0,0,0,0,1,1,0,13,8,9,22,8,62,56,41,31,24,57,10,0,15,13,5,0,0,0,20,0,5,0,0,0,0
G36004700982,1960,New York,36,Kings,047,5600,51000,,0982,,1450,TRACT 982    NEW YORK CITY BROOKLYN,001,3,15,0,0,0,0,0,0,0,43,194,246,376,312,203,106,29,23,4,13,0,0,31,19,4,0,0,0,0,0,0,0,0,0,0
G36004700984,1960,New York,36,Kings,047,5600,51000,,0984,,1450,TRACT 984    NEW YORK CITY BROOKLYN,001,3,15,0,0,0,0,1,1,0,0,3,0,0,0,8,15,6,4,0,11,0,0,0,3,0,0,3,0,0,0,0,0,0,0,0
G36004700986,1960,New York,36,Kings,047,5600,51000,,0986,,1450,TRACT 986    NEW YORK CITY BROOKLYN,001,3,15,0,0,0,0,1,1,0,8,11,12,35,68,86,92,97,50,27,91,10,0,3,3,7,0,0,0,2,0,0,0,0,0,0
G36004700988,1960,New York,36,Kings,047,5600,51000,,0988,,1450,TRACT 988    NEW YORK CITY BROOKLYN,001,3,15,0,0,0,0,1,1,0,0,4,17,32,61,55,70,62,52,33,64,7,0,12,7,5,0,4,5,0,0,0,0,0,0,0
G36004700990,1960,New York,36,Kings,047,5600,51000,,0990,,1450,TRACT 990    NEW YORK CITY BROOKLYN,001,3,15,0,0,0,0,1,1,0,27,9,11,22,48,50,68,57,31,23,79,3,0,0,0,16,0,4,0,0,0,0,0,0,0,0
G36004700992,1960,New York,36,Kings,047,5600,51000,,0992,,1450,TRACT 992    NEW YORK CITY BROOKLYN,001,3,15,0,0,0,0,1,1,0,5,0,8,0,26,28,61,42,50,16,41,0,0,14,0,0,0,0,0,0,0,0,0,0,0,0
G36004700994,1960,New York,36,Kings,047,5600,51000,,0994,,1450,TRACT 994    NEW YORK CITY BROOKLYN,001,3,15,0,0,0,0,1,1,0,0,4,20,20,13,67,42,27,17,17,53,5,0,11,5,10,0,0,0,0,0,0,0,0,0,0
G36004700996,1960,New York,36,Kings,047,5600,51000,,0996,,1450,TRACT 996    NEW YORK CITY BROOKLYN,001,3,15,0,0,0,0,1,1,0,9,11,8,5,32,27,39,21,28,24,13,0,0,6,5,0,0,0,0,0,0,0,0,0,0,0
G36004700998,1960,New York,36,Kings,047,5600,51000,,0998,,1450,TRACT 998    NEW YORK CITY BROOKLYN,001,3,15,1,1,1,1,1,1,0,0,0,0,0,0,0,0,0,0,0,0,0,0,0,0,0,0,0,0,0,0,0,0,0,0,0
G36004701000,1960,New York,36,Kings,047,5600,51000,,1000,,1450,TRACT 1000   NEW YORK CITY BROOKLYN,001,3,15,0,1,1,1,1,1,0,0,0,0,0,4,0,0,0,0,0,0,0,0,0,0,0,0,0,0,0,0,0,0,0,0,0
G36004701002,1960,New York,36,Kings,047,5600,51000,,1002,,1450,TRACT 1002   NEW YORK CITY BROOKLYN,001,3,15,1,1,1,1,1,1,0,0,0,0,0,0,0,0,0,0,0,0,0,0,0,0,0,0,0,0,0,0,0,0,0,0,0
G36004701004,1960,New York,36,Kings,047,5600,51000,,1004,,1450,TRACT 1004   NEW YORK CITY BROOKLYN,001,3,15,0,0,1,0,1,1,0,14,7,6,7,21,48,89,26,19,7,36,0,0,3,0,0,0,7,0,0,0,0,0,0,0,0
G36004701006,1960,New York,36,Kings,047,5600,51000,,1006,,1450,TRACT 1006   NEW YORK CITY BROOKLYN,001,3,15,0,0,0,0,1,1,0,8,5,9,23,67,86,102,76,79,47,87,14,0,10,3,0,13,5,4,0,0,0,0,0,0,0
G36004701008,1960,New York,36,Kings,047,5600,51000,,1008,,1450,TRACT 1008   NEW YORK CITY BROOKLYN,001,3,15,0,0,0,0,1,1,0,10,13,12,33,51,65,50,56,49,47,72,12,0,16,10,4,0,0,4,0,0,0,0,0,0,0
G36004701010,1960,New York,36,Kings,047,5600,51000,,1010,,1450,TRACT 1010   NEW YORK CITY BROOKLYN,001,3,15,0,0,0,0,1,1,0,17,10,32,29,31,73,44,60,69,8,53,20,0,29,5,0,8,4,0,0,0,0,0,0,0,0
G36004701012,1960,New York,36,Kings,047,5600,51000,,1012,,1450,TRACT 1012   NEW YORK CITY BROOKLYN,001,3,15,0,0,0,0,1,1,0,10,7,18,45,46,120,93,62,66,40,90,18,3,14,7,9,4,4,6,0,0,0,0,0,0,0
G36004701014,1960,New York,36,Kings,047,5600,51000,,1014,,1450,TRACT 1014   NEW YORK CITY BROOKLYN,001,3,15,0,0,0,0,1,1,0,14,6,13,34,44,96,110,92,75,91,128,17,6,10,3,0,0,0,0,0,0,0,0,0,0,0
G36004701016,1960,New York,36,Kings,047,5600,51000,,1016,,1450,TRACT 1016   NEW YORK CITY BROOKLYN,001,3,15,0,0,1,0,1,1,0,0,0,0,0,0,0,16,8,13,8,21,4,5,0,4,0,0,0,0,0,0,0,0,0,0,0
G36004701018,1960,New York,36,Kings,047,5600,51000,,1018,,1450,TRACT 1018   NEW YORK CITY BROOKLYN,001,3,15,0,0,0,0,1,1,0,4,0,0,3,0,9,23,29,22,6,86,17,22,0,0,0,0,0,0,0,0,0,0,0,0,0
G36004701020,1960,New York,36,Kings,047,5600,51000,,1020,,1450,TRACT 1020   NEW YORK CITY BROOKLYN,001,3,15,0,0,0,0,1,1,0,21,10,0,4,12,17,8,33,17,33,33,27,0,7,0,4,0,0,0,0,0,0,0,0,0,0
G36004701022,1960,New York,36,Kings,047,5600,51000,,1022,,1450,TRACT 1022   NEW YORK CITY BROOKLYN,001,3,15,0,0,0,0,1,1,0,5,16,17,10,26,41,41,44,20,28,26,0,0,15,5,0,0,0,0,6,0,0,0,0,0,0
G36004701024,1960,New York,36,Kings,047,5600,51000,,1024,,1450,TRACT 1024   NEW YORK CITY BROOKLYN,001,3,15,0,0,0,0,1,1,0,8,14,22,19,34,52,44,23,27,37,39,0,0,11,0,4,4,0,0,0,0,4,0,0,0,0
G36004701026,1960,New York,36,Kings,047,5600,51000,,1026,,1450,TRACT 1026   NEW YORK CITY BROOKLYN,001,3,15,0,0,1,0,1,1,0,8,0,9,16,4,5,0,8,20,4,8,4,0,0,0,0,0,0,0,0,0,0,0,0,0,0
G36004701028,1960,New York,36,Kings,047,5600,51000,,1028,,1450,TRACT 1028   NEW YORK CITY BROOKLYN,001,3,15,0,0,0,0,1,1,0,5,0,8,0,0,12,0,8,8,0,4,0,0,0,0,4,0,0,0,0,0,0,0,0,0,0
G36004701034,1960,New York,36,Kings,047,5600,51000,,1034,,1450,TRACT 1034   NEW YORK CITY BROOKLYN,001,3,15,0,0,0,0,1,1,0,12,8,24,61,144,306,482,248,124,103,85,5,0,4,0,4,0,0,0,0,0,0,0,0,0,0
G36004701040,1960,New York,36,Kings,047,5600,51000,,1040,,1450,TRACT 1040   NEW YORK CITY BROOKLYN,001,3,15,1,1,1,1,1,1,0,0,0,0,0,0,0,0,0,0,0,0,0,0,0,0,0,0,0,0,0,0,0,0,0,0,0
G36004701046,1960,New York,36,Kings,047,5600,51000,,1046,,1450,TRACT 1046   NEW YORK CITY BROOKLYN,001,3,15,1,1,1,1,1,1,0,0,0,0,0,0,0,0,0,0,0,0,0,0,0,0,0,0,0,0,0,0,0,0,0,0,0
G36004701056,1960,New York,36,Kings,047,5600,51000,,1056,,1450,TRACT 1056   NEW YORK CITY BROOKLYN,001,3,15,1,1,1,1,1,1,0,0,0,0,0,0,0,0,0,0,0,0,0,0,0,0,0,0,0,0,0,0,0,0,0,0,0
G36004701058,1960,New York,36,Kings,047,5600,51000,,1058,,1450,TRACT 1058   NEW YORK CITY BROOKLYN,001,3,15,1,1,1,1,1,1,0,0,0,0,0,0,0,0,0,0,0,0,0,0,0,0,0,0,0,0,0,0,0,0,0,0,0
G36004701070,1960,New York,36,Kings,047,5600,51000,,1070,,1450,TRACT 1070   NEW YORK CITY BROOKLYN,001,3,15,1,1,1,1,1,1,0,0,0,0,0,0,0,0,0,0,0,0,0,0,0,0,0,0,0,0,0,0,0,0,0,0,0
G36004701078,1960,New York,36,Kings,047,5600,51000,,1078,,1450,TRACT 1078   NEW YORK CITY BROOKLYN,001,3,15,0,0,1,1,1,1,0,0,0,0,0,0,4,0,0,0,0,0,0,0,0,0,0,0,0,0,0,0,0,0,0,0,0
G36004701094,1960,New York,36,Kings,047,5600,51000,,1094,,1450,TRACT 1094   NEW YORK CITY BROOKLYN,001,3,15,1,1,1,1,1,1,0,0,0,0,0,0,0,0,0,0,0,0,0,0,0,0,0,0,0,0,0,0,0,0,0,0,0
G36004701098,1960,New York,36,Kings,047,5600,51000,,1098,,1450,TRACT 1098   NEW YORK CITY BROOKLYN,001,3,15,0,0,0,0,1,1,0,3,10,20,44,28,23,35,19,25,4,43,5,0,3,22,0,12,5,0,0,5,0,0,0,0,0
G36004701100,1960,New York,36,Kings,047,5600,51000,,1100,,1450,TRACT 1100   NEW YORK CITY BROOKLYN,001,3,15,0,0,0,0,1,1,0,10,10,15,26,12,52,21,7,0,7,20,10,0,24,9,6,0,0,0,0,4,0,0,0,0,0
G36004701102,1960,New York,36,Kings,047,5600,51000,,1102,,1450,TRACT 1102   NEW YORK CITY BROOKLYN,001,3,15,0,0,0,0,1,1,0,27,16,48,57,71,87,105,83,60,34,90,7,9,46,12,13,14,5,0,0,0,0,0,0,0,0
G36004701106,1960,New York,36,Kings,047,5600,51000,,1106,,1450,TRACT 1106   NEW YORK CITY BROOKLYN,001,3,15,0,0,0,0,0,1,0,8,12,28,44,153,389,425,258,125,56,82,4,0,0,0,0,0,0,0,0,0,0,0,0,0,0
G36004701110,1960,New York,36,Kings,047,5600,51000,,1110,,1450,TRACT 1110   NEW YORK CITY BROOKLYN,001,3,15,0,0,0,0,0,1,0,8,55,68,143,280,388,204,130,38,38,30,3,0,9,15,13,9,0,3,4,4,0,0,0,0,0
G36004701112,1960,New York,36,Kings,047,5600,51000,,1112,,1450,TRACT 1112   NEW YORK CITY BROOKLYN,001,3,15,0,0,0,0,1,1,0,13,11,19,22,22,14,19,5,12,4,16,5,0,11,5,0,3,0,0,4,4,0,0,0,0,0
G36004701114,1960,New York,36,Kings,047,5600,51000,,1114,,1450,TRACT 1114   NEW YORK CITY BROOKLYN,001,3,15,0,0,0,0,1,1,0,4,8,20,16,16,28,32,31,16,16,7,4,0,13,7,0,0,0,0,0,0,0,0,0,0,0
G36004701118,1960,New York,36,Kings,047,5600,51000,,1118,,1450,TRACT 1118   NEW YORK CITY BROOKLYN,001,3,15,0,0,0,0,1,1,0,35,35,51,87,79,165,96,77,45,56,93,27,0,56,22,20,5,12,0,9,4,0,0,0,0,0
G36004701120,1960,New York,36,Kings,047,5600,51000,,1120,,1450,TRACT 1120   NEW YORK CITY BROOKLYN,001,3,15,0,0,0,0,1,1,0,19,35,46,72,127,154,106,118,63,48,83,9,3,49,38,10,17,15,4,0,0,0,0,0,0,0
G36004701122,1960,New York,36,Kings,047,5600,51000,,1122,,1450,TRACT 1122   NEW YORK CITY BROOKLYN,001,3,15,0,0,0,0,1,1,0,17,35,25,67,79,126,105,52,39,18,86,11,0,41,20,11,4,4,13,0,0,0,0,0,0,0
G36004701124,1960,New York,36,Kings,047,5600,51000,,1124,,1450,TRACT 1124   NEW YORK CITY BROOKLYN,001,3,15,0,0,0,0,1,1,0,36,39,76,65,111,185,122,87,64,90,107,19,0,106,42,20,12,20,4,4,4,0,0,0,0,0
G36004701126,1960,New York,36,Kings,047,5600,51000,,1126,,1450,TRACT 1126   NEW YORK CITY BROOKLYN,001,3,15,0,0,0,0,1,1,0,34,96,94,138,233,179,131,114,116,58,96,0,0,131,77,27,47,32,0,20,0,0,0,0,0,0
G36004701128,1960,New York,36,Kings,047,5600,51000,,1128,,1450,TRACT 1128   NEW YORK CITY BROOKLYN,001,3,15,0,0,0,0,1,1,0,33,65,90,133,154,201,172,105,115,39,108,16,0,106,49,39,20,32,19,12,0,0,0,4,0,0
G36004701130,1960,New York,36,Kings,047,5600,51000,,1130,,1450,TRACT 1130   NEW YORK CITY BROOKLYN,001,3,15,0,0,0,0,1,0,0,103,184,247,287,304,360,213,205,111,79,130,16,0,295,133,52,44,31,8,12,8,4,0,0,0,0
G36004701132,1960,New York,36,Kings,047,5600,51000,,1132,,1450,TRACT 1132   NEW YORK CITY BROOKLYN,001,3,15,0,0,0,0,1,1,0,40,82,83,139,148,168,162,101,51,44,67,4,0,112,41,47,29,11,8,0,0,0,0,0,0,0
G36004701134,1960,New York,36,Kings,047,5600,51000,,1134,,1450,TRACT 1134   NEW YORK CITY BROOKLYN,001,3,15,0,0,0,0,0,0,0,53,103,168,325,218,185,126,128,45,25,46,21,0,213,81,100,37,12,11,4,0,0,0,4,0,0
G36004701136,1960,New York,36,Kings,047,5600,51000,,1136,,1450,TRACT 1136   NEW YORK CITY BROOKLYN,001,3,15,0,0,0,0,1,1,0,24,24,74,72,54,62,38,20,8,29,23,0,0,61,20,12,7,13,4,0,0,0,0,0,0,0
G36004701138,1960,New York,36,Kings,047,5600,51000,,1138,,1450,TRACT 1138   NEW YORK CITY BROOKLYN,001,3,15,0,0,0,0,0,0,0,39,55,58,77,54,66,42,39,14,13,16,3,0,71,35,23,21,5,21,0,0,0,0,0,0,0
G36004701140,1960,New York,36,Kings,047,5600,51000,,1140,,1450,TRACT 1140   NEW YORK CITY BROOKLYN,001,3,15,0,0,0,0,1,1,0,8,15,15,39,66,48,20,11,7,11,20,0,4,41,21,10,0,12,3,8,0,0,0,0,0,0
G360047011420,1960,New York,36,Kings,047,5600,51000,,1142,0,1450,TRACT 1142-0 NEW YORK CITY BROOKLYN,001,3,15,0,0,0,0,1,1,0,3,3,13,0,18,5,13,11,12,9,5,0,0,0,0,0,0,0,4,0,0,0,0,0,0,0
G360047011421,1960,New York,36,Kings,047,5600,51000,,1142,1,1450,TRACT 1142-1 NEW YORK CITY BROOKLYN,001,3,15,0,0,0,0,1,1,0,7,4,4,16,16,41,39,38,32,29,29,23,0,21,9,9,4,0,4,0,0,5,0,0,0,0
G360047011422,1960,New York,36,Kings,047,5600,51000,,1142,2,1450,TRACT 1142-2 NEW YORK CITY BROOKLYN,001,3,15,0,0,0,0,1,1,0,3,25,23,33,69,99,98,55,40,49,75,29,0,38,24,8,21,12,15,0,4,0,0,0,0,0
G36004701146,1960,New York,36,Kings,047,5600,51000,,1146,,1450,TRACT 1146   NEW YORK CITY BROOKLYN,001,3,15,0,0,0,0,1,1,0,21,31,45,36,88,137,75,54,62,54,93,12,8,17,48,48,26,27,15,12,0,5,0,0,0,5
G36004701148,1960,New York,36,Kings,047,5600,51000,,1148,,1450,TRACT 1148   NEW YORK CITY BROOKLYN,001,3,15,0,0,0,0,1,1,0,22,56,63,86,106,97,91,73,34,34,52,7,0,34,41,7,20,9,14,4,0,0,0,0,0,0
G36004701150,1960,New York,36,Kings,047,5600,51000,,1150,,1450,TRACT 1150   NEW YORK CITY BROOKLYN,001,3,15,0,0,0,0,0,1,0,16,59,85,83,134,130,97,72,55,33,65,11,0,49,16,32,4,15,4,0,8,0,0,0,0,0
G36004701152,1960,New York,36,Kings,047,5600,51000,,1152,,1450,TRACT 1152   NEW YORK CITY BROOKLYN,001,3,15,0,0,0,0,1,1,0,45,41,76,100,129,151,116,83,36,51,44,4,0,85,42,22,41,11,10,12,0,0,0,0,0,0
G36004701154,1960,New York,36,Kings,047,5600,51000,,1154,,1450,TRACT 1154   NEW YORK CITY BROOKLYN,001,3,15,0,0,0,0,1,1,0,38,57,48,86,76,142,102,65,41,20,52,4,0,59,54,9,28,8,8,0,0,0,0,0,0,0
G36004701156,1960,New York,36,Kings,047,5600,51000,,1156,,1450,TRACT 1156   NEW YORK CITY BROOKLYN,001,3,15,0,0,0,0,0,0,0,129,109,206,226,174,208,110,92,85,46,51,4,0,167,88,71,31,0,13,8,4,0,0,0,0,0
G36004701158,1960,New York,36,Kings,047,5600,51000,,1158,,1450,TRACT 1158   NEW YORK CITY BROOKLYN,001,3,15,0,0,0,0,0,1,0,58,76,86,141,205,210,135,83,79,28,90,8,0,152,71,32,27,42,10,0,0,0,0,0,0,0
G36004701160,1960,New York,36,Kings,047,5600,51000,,1160,,1450,TRACT 1160   NEW YORK CITY BROOKLYN,001,3,15,0,0,0,0,1,1,0,46,39,72,101,182,162,130,100,91,48,68,0,0,104,47,36,51,19,4,4,0,0,0,0,0,0
G36004701162,1960,New York,36,Kings,047,5600,51000,,1162,,1450,TRACT 1162   NEW YORK CITY BROOKLYN,001,3,15,0,0,0,0,0,0,0,61,91,76,149,126,149,121,68,54,31,69,8,0,60,27,43,23,9,3,11,0,0,0,4,0,0
G36004701164,1960,New York,36,Kings,047,5600,51000,,1164,,1450,TRACT 1164   NEW YORK CITY BROOKLYN,001,3,15,0,0,0,0,0,1,0,63,100,80,132,198,232,185,123,71,39,70,13,0,107,42,57,15,22,3,0,0,0,0,0,0,0
G36004701166,1960,New York,36,Kings,047,5600,51000,,1166,,1450,TRACT 1166   NEW YORK CITY BROOKLYN,001,3,15,0,0,0,0,1,1,0,59,58,72,133,159,151,58,82,54,27,41,19,0,71,37,40,8,4,21,4,0,0,0,0,0,0
G36004701168,1960,New York,36,Kings,047,5600,51000,,1168,,1450,TRACT 1168   NEW YORK CITY BROOKLYN,001,3,15,0,0,0,0,1,1,0,20,27,24,61,81,105,51,59,38,14,38,23,0,42,14,0,10,11,4,0,0,4,0,0,0,0
G36004701170,1960,New York,36,Kings,047,5600,51000,,1170,,1450,TRACT 1170   NEW YORK CITY BROOKLYN,001,3,15,0,0,0,0,1,1,0,20,35,48,56,43,103,66,36,43,32,35,8,0,43,41,13,8,4,12,0,0,0,0,0,0,0
G360047011720,1960,New York,36,Kings,047,5600,51000,,1172,0,1450,TRACT 1172-0 NEW YORK CITY BROOKLYN,001,3,15,0,0,0,0,1,1,0,15,26,14,4,24,77,42,51,60,19,92,37,24,38,34,31,10,30,8,0,4,4,0,0,0,0
G360047011721,1960,New York,36,Kings,047,5600,51000,,1172,1,1450,TRACT 1172-1 NEW YORK CITY BROOKLYN,001,3,15,0,0,0,0,1,1,0,20,31,47,62,99,126,121,71,83,15,125,20,8,86,29,58,48,35,46,12,4,4,0,0,0,0
G36004701174,1960,New York,36,Kings,047,5600,51000,,1174,,1450,TRACT 1174   NEW YORK CITY BROOKLYN,001,3,15,0,0,0,0,1,1,0,36,26,34,73,79,134,118,68,63,52,106,34,4,79,43,12,16,17,19,12,4,8,0,0,4,0
G360047011760,1960,New York,36,Kings,047,5600,51000,,1176,0,1450,TRACT 1176-0 NEW YORK CITY BROOKLYN,001,3,15,0,0,0,0,1,1,0,0,30,29,20,55,81,129,79,56,27,47,12,4,43,34,13,8,31,17,12,9,0,0,4,0,0
G360047011761,1960,New York,36,Kings,047,5600,51000,,1176,1,1450,TRACT 1176-1 NEW YORK CITY BROOKLYN,001,3,15,0,0,0,0,1,1,0,24,20,27,44,74,121,107,53,58,36,62,4,0,78,12,11,19,13,12,8,0,0,0,0,0,0
G36004701178,1960,New York,36,Kings,047,5600,51000,,1178,,1450,TRACT 1178   NEW YORK CITY BROOKLYN,001,3,15,0,0,0,0,1,1,0,19,12,12,37,26,61,66,21,31,28,37,3,6,26,12,9,7,4,6,0,0,0,0,0,0,0
G36004701180,1960,New York,36,Kings,047,5600,51000,,1180,,1450,TRACT 1180   NEW YORK CITY BROOKLYN,001,3,15,0,0,1,1,1,1,0,0,0,0,4,0,0,0,0,4,0,0,0,0,0,0,0,0,0,0,0,0,0,0,0,0,0
G360047011820,1960,New York,36,Kings,047,5600,51000,,1182,0,1450,TRACT 1182-0 NEW YORK CITY BROOKLYN,001,3,15,0,0,0,0,1,1,0,12,28,13,49,68,96,84,61,50,43,49,16,0,53,21,15,3,8,5,4,0,0,0,0,0,0
G360047011821,1960,New York,36,Kings,047,5600,51000,,1182,1,1450,TRACT 1182-1 NEW YORK CITY BROOKLYN,001,3,15,0,0,0,0,1,1,0,19,19,25,36,51,116,89,65,44,37,85,11,0,49,18,36,46,15,16,0,7,0,0,0,0,0
G36004701184,1960,New York,36,Kings,047,5600,51000,,1184,,1450,TRACT 1184   NEW YORK CITY BROOKLYN,001,3,15,0,0,0,0,1,1,0,12,45,38,71,135,101,155,116,72,75,127,36,0,65,55,35,14,15,17,9,0,4,4,0,0,0
G36004701186,1960,New York,36,Kings,047,5600,51000,,1186,,1450,TRACT 1186   NEW YORK CITY BROOKLYN,001,3,15,0,0,0,0,1,1,0,15,37,19,29,59,77,100,77,51,20,86,12,0,57,17,3,13,0,4,3,0,0,0,0,0,0
G36004701188,1960,New York,36,Kings,047,5600,51000,,1188,,1450,TRACT 1188   NEW YORK CITY BROOKLYN,001,3,15,0,0,0,0,1,1,0,9,30,40,65,134,176,109,81,90,65,115,14,0,37,59,18,39,24,14,0,0,5,0,0,0,0
G36004701190,1960,New York,36,Kings,047,5600,51000,,1190,,1450,TRACT 1190   NEW YORK CITY BROOKLYN,001,3,15,0,0,0,0,1,1,0,16,19,19,34,61,61,60,50,37,23,54,3,0,31,7,0,8,12,7,0,8,0,0,0,0,0
G36004701192,1960,New York,36,Kings,047,5600,51000,,1192,,1450,TRACT 1192   NEW YORK CITY BROOKLYN,001,3,15,0,0,0,0,1,1,0,50,12,72,92,144,174,94,77,72,58,119,21,4,32,33,17,17,17,4,4,0,4,4,0,0,0
G36004701194,1960,New York,36,Kings,047,5600,51000,,1194,,1450,TRACT 1194   NEW YORK CITY BROOKLYN,001,3,15,0,0,0,0,1,1,0,55,83,78,104,178,247,169,94,113,65,85,35,0,107,41,30,35,19,29,8,0,0,0,0,0,0
G36004701196,1960,New York,36,Kings,047,5600,51000,,1196,,1450,TRACT 1196   NEW YORK CITY BROOKLYN,001,3,15,0,0,0,0,1,1,0,35,79,94,165,215,207,171,160,100,58,97,11,0,65,53,57,22,10,0,0,0,0,0,0,0,0
G36004701200,1960,New York,36,Kings,047,5600,51000,,1200,,1450,TRACT 1200   NEW YORK CITY BROOKLYN,001,3,15,0,0,0,0,1,1,0,4,12,20,38,76,46,59,58,31,33,48,4,3,27,8,7,5,8,0,0,0,0,0,0,0,0
G36004701202,1960,New York,36,Kings,047,5600,51000,,1202,,1450,TRACT 1202   NEW YORK CITY BROOKLYN,001,3,15,0,0,0,0,1,1,0,4,14,9,16,35,47,50,41,15,28,43,7,0,12,8,0,4,5,9,0,4,4,0,0,0,0
G36004701208,1960,New York,36,Kings,047,5600,51000,,1208,,1450,TRACT 1208   NEW YORK CITY BROOKLYN,001,3,15,0,0,0,0,1,1,0,26,34,56,69,87,114,61,68,47,28,42,8,0,33,7,4,0,5,0,5,0,0,0,0,0,0
G36004701210,1960,New York,36,Kings,047,5600,51000,,1210,,1450,TRACT 1210   NEW YORK CITY BROOKLYN,001,3,15,0,0,0,0,0,0,0,78,148,137,358,292,193,72,26,4,8,0,0,0,35,69,21,0,0,0,0,0,0,0,0,0,0
G36004701214,1960,New York,36,Kings,047,5600,51000,,1214,,1450,TRACT 1214   NEW YORK CITY BROOKLYN,001,3,15,0,0,0,0,0,1,0,71,127,176,417,383,135,27,24,0,0,0,0,0,101,12,4,4,0,0,0,0,0,0,0,0,0
G36004701220,1960,New York,36,Kings,047,5600,51000,,1220,,1450,TRACT 1220   NEW YORK CITY BROOKLYN,001,3,15,0,0,0,0,1,1,0,14,19,16,4,49,37,37,28,10,7,19,3,0,9,7,13,5,0,0,0,4,4,0,0,0,0
G3600530MA0001,1960,New York,36,Madison,053,8160,,MA,0001,,,TRACT MA-1 ONEIDA CITY,013,4,00,0,0,1,1,1,1,0,79,222,164,326,400,512,310,286,211,165,237,108,25,292,157,116,108,63,20,28,32,0,4,13,0,0
G3600530MA0002,1960,New York,36,Madison,053,8160,,MA,0002,,,TRACT MA-2 LENOX TOWN,009,7,00,0,0,1,1,1,1,0,29,36,52,73,113,124,56,51,55,31,48,4,4,33,32,11,12,17,4,3,0,0,0,4,0,0
G3600530MA0003,1960,New York,36,Madison,053,8160,,MA,0003,,,TRACT MA-3 LENOX TOWN,009,4,00,0,0,1,1,1,1,0,25,47,98,196,142,236,103,162,77,66,83,28,4,92,49,36,4,16,7,4,0,3,0,0,0,0
G3600530MA0004,1960,New York,36,Madison,053,8160,,MA,0004,,,TRACT MA-4 SULLIVAN TOWN,016,7,00,0,0,1,1,1,1,0,103,121,137,212,307,307,341,273,153,100,222,44,13,110,46,42,13,46,21,17,7,5,0,0,5,0
G3600530MA0005,1960,New York,36,Madison,053,8160,,MA,0005,,,TRACT MA-5 CAZENOVIA TOWN,002,7,00,0,0,1,1,1,1,0,63,35,106,70,80,176,120,111,72,94,151,77,50,332,53,39,15,16,18,17,9,0,4,0,8,0
G3600530MA0006,1960,New York,36,Madison,053,8160,,MA,0006,,,TRACT MA-6 FENNER TOWN,014,7,00,0,0,1,1,1,1,0,67,101,112,158,192,127,101,58,20,33,64,4,0,121,45,24,4,4,4,0,0,0,0,0,0,0
G3600530MA0007,1960,New York,36,Madison,053,8160,,MA,0007,,,TRACT MA-7 EATON TOWN,004,7,00,0,0,1,1,1,1,0,29,55,119,133,143,143,88,51,58,19,60,16,16,400,164,39,20,16,0,7,4,4,0,4,0,0
G3600530MA0008,1960,New York,36,Madison,053,8160,,MA,0008,,,TRACT MA-8 DERUYTER TOWN,003,7,00,0,0,1,1,1,1,0,58,53,84,86,148,98,41,33,37,20,36,12,4,79,33,4,8,4,5,0,0,0,0,0,0,0
G3600530MA0009,1960,New York,36,Madison,053,8160,,MA,0009,,,TRACT MA-9 HAMILTON TOWN,007,4,00,0,0,1,1,1,1,0,12,48,38,58,60,49,55,62,51,40,98,33,4,1007,266,74,37,15,36,4,3,0,0,0,0,0
G3600530MA0010,1960,New York,36,Madison,053,8160,,MA,0010,,,TRACT MA-10 HAMILTON TOWN,011,7,00,0,0,1,1,1,1,0,56,78,118,135,130,135,78,88,36,32,85,42,4,129,45,23,26,15,0,7,0,7,5,0,0,0
G3600530MA0011,1960,New York,36,Madison,053,8160,,MA,0011,,,TRACT MA-11 BROOKFIELD TOWN,001,7,00,0,0,1,1,1,1,0,22,56,58,51,68,43,37,16,16,8,65,10,4,80,13,13,4,4,4,0,0,0,0,5,0,0
G36005500001,1960,New York,36,Monroe,055,6840,63000,,0001,,1770,TRACT 1  ROCHESTER CITY,016,3,13,0,0,0,0,1,1,0,8,9,3,8,16,0,5,12,4,0,0,0,0,273,238,118,105,4,10,3,18,0,0,0,0,0
G36005500002,1960,New York,36,Monroe,055,6840,63000,,0002,,1770,TRACT 2  ROCHESTER CITY,016,3,13,0,0,0,0,1,1,0,10,5,8,0,32,34,13,16,0,0,14,16,0,20,4,0,6,0,0,0,0,0,0,0,0,0
G36005500003,1960,New York,36,Monroe,055,6840,63000,,0003,,1770,TRACT 3  ROCHESTER CITY,016,3,13,0,0,0,0,0,1,0,38,66,41,40,30,53,41,23,16,16,23,0,0,291,128,67,63,32,23,10,0,4,0,0,0,0
G36005500004,1960,New York,36,Monroe,055,6840,63000,,0004,,1770,TRACT 4  ROCHESTER CITY,016,3,13,0,0,0,0,0,1,0,97,176,155,152,146,165,71,65,26,21,36,13,0,332,248,211,160,164,91,14,8,5,5,10,0,0
G36005500005,1960,New York,36,Monroe,055,6840,63000,,0005,,1770,TRACT 5  ROCHESTER CITY,016,3,13,0,0,0,0,1,1,0,25,58,62,59,93,41,31,24,13,0,9,0,0,395,228,185,217,151,85,27,19,5,9,22,0,0
G36005500006,1960,New York,36,Monroe,055,6840,63000,,0006,,1770,TRACT 6  ROCHESTER CITY,016,3,13,0,0,0,0,1,1,0,29,34,52,46,47,53,38,28,10,28,20,11,0,54,61,54,37,14,21,0,9,0,0,0,0,0
G36005500007,1960,New York,36,Monroe,055,6840,63000,,0007,,1770,TRACT 7  ROCHESTER CITY,016,3,13,0,0,0,0,1,1,0,17,31,24,44,48,40,68,45,17,22,42,4,0,52,20,12,35,8,21,0,0,0,0,0,0,0
G36005500008,1960,New York,36,Monroe,055,6840,63000,,0008,,1770,TRACT 8  ROCHESTER CITY,016,3,13,0,0,0,0,0,1,0,34,44,76,83,123,110,57,55,48,27,63,10,0,79,61,25,40,33,8,0,0,0,0,4,0,0
G36005500009,1960,New York,36,Monroe,055,6840,63000,,0009,,1770,TRACT 9  ROCHESTER CITY,016,3,13,0,0,0,0,1,1,0,14,31,74,46,40,34,10,19,17,13,8,5,0,145,117,125,125,111,40,29,20,0,4,5,0,0
G36005500010,1960,New York,36,Monroe,055,6840,63000,,0010,,1770,TRACT 10 ROCHESTER CITY,016,3,13,0,0,0,0,1,1,0,47,55,75,122,101,92,137,76,55,49,134,54,32,533,239,202,208,166,129,115,51,32,13,30,19,4
G36005500011,1960,New York,36,Monroe,055,6840,63000,,0011,,1770,TRACT 11 ROCHESTER CITY,016,3,13,0,0,0,0,0,1,0,17,4,25,19,6,0,8,13,8,0,0,0,0,69,3,4,2,5,0,0,0,0,0,0,0,0
G36005500012,1960,New York,36,Monroe,055,6840,63000,,0012,,1770,TRACT 12 ROCHESTER CITY,016,3,13,0,0,0,0,0,1,0,48,38,77,45,41,32,41,29,5,0,10,0,0,92,79,37,40,8,0,4,0,0,0,0,0,0
G36005500013,1960,New York,36,Monroe,055,6840,63000,,0013,,1770,TRACT 13 ROCHESTER CITY,016,3,13,0,0,0,0,0,1,0,80,106,144,145,181,171,81,41,67,21,28,0,0,123,71,52,80,52,8,5,0,0,0,0,0,0
G36005500014,1960,New York,36,Monroe,055,6840,63000,,0014,,1770,TRACT 14 ROCHESTER CITY,016,3,13,0,0,0,0,0,1,0,37,81,106,137,150,107,101,78,86,30,54,8,0,164,60,55,65,18,10,0,0,0,4,0,0,0
G36005500015,1960,New York,36,Monroe,055,6840,63000,,0015,,1770,TRACT 15 ROCHESTER CITY,016,3,13,0,0,0,0,0,1,0,49,113,108,87,121,121,93,84,44,40,78,4,0,103,79,26,20,24,11,0,4,0,0,0,0,0
G36005500016,1960,New York,36,Monroe,055,6840,63000,,0016,,1770,TRACT 16 ROCHESTER CITY,016,3,13,0,0,0,0,1,1,0,13,15,53,39,39,95,98,21,59,34,35,9,0,43,41,21,27,30,11,9,0,0,0,0,0,0
G36005500017,1960,New York,36,Monroe,055,6840,63000,,0017,,1770,TRACT 17 ROCHESTER CITY,016,3,13,0,0,0,0,1,1,0,41,50,50,87,94,163,138,91,52,21,81,16,0,47,24,23,20,7,7,0,0,0,0,0,0,0
G36005500018,1960,New York,36,Monroe,055,6840,63000,,0018,,1770,TRACT 18 ROCHESTER CITY,016,3,13,0,0,0,0,1,1,0,12,32,28,46,141,224,221,224,199,119,298,40,0,63,31,23,11,28,16,4,0,7,0,8,0,0
G36005500019,1960,New York,36,Monroe,055,6840,63000,,0019,,1770,TRACT 19 ROCHESTER CITY,016,3,13,0,0,0,0,1,1,0,31,51,44,58,79,111,162,173,129,115,245,44,7,275,131,36,29,64,42,29,18,11,0,5,0,0
G36005500020,1960,New York,36,Monroe,055,6840,63000,,0020,,1770,TRACT 20 ROCHESTER CITY,016,3,13,0,0,0,0,1,1,0,21,49,85,74,105,141,182,199,163,113,352,122,17,144,77,71,41,87,47,50,40,15,3,16,0,0
G36005500021,1960,New York,36,Monroe,055,6840,63000,,0021,,1770,TRACT 21 ROCHESTER CITY,016,3,13,0,0,0,0,1,1,0,16,17,38,57,79,187,133,106,114,94,231,59,30,232,38,46,42,52,37,37,21,7,0,4,8,4
G36005500022,1960,New York,36,Monroe,055,6840,63000,,0022,,1770,TRACT 22 ROCHESTER CITY,016,3,13,0,0,0,0,1,1,0,27,16,56,37,115,142,138,155,119,60,142,16,4,73,67,43,48,40,49,0,4,12,3,8,0,0
G36005500023,1960,New York,36,Monroe,055,6840,63000,,0023,,1770,TRACT 23 ROCHESTER CITY,016,3,13,0,0,0,0,1,1,0,50,89,98,144,184,253,264,161,114,103,154,29,0,153,101,100,90,98,64,17,16,8,0,0,3,0
G36005500024,1960,New York,36,Monroe,055,6840,63000,,0024,,1770,TRACT 24 ROCHESTER CITY,016,3,13,0,0,0,0,1,1,0,45,50,54,78,170,167,165,115,86,81,169,14,0,41,24,48,26,16,12,3,8,0,0,0,0,0
G36005500025,1960,New York,36,Monroe,055,6840,63000,,0025,,1770,TRACT 25 ROCHESTER CITY,016,3,13,0,0,0,0,1,1,0,13,57,45,75,86,104,76,58,54,31,34,7,0,48,17,24,11,14,0,4,0,0,0,0,0,0
G36005500026,1960,New York,36,Monroe,055,6840,63000,,0026,,1770,TRACT 26 ROCHESTER CITY,016,3,13,0,0,0,0,0,1,0,15,56,94,89,86,119,105,65,35,31,48,4,5,239,135,87,41,58,41,32,13,0,4,5,0,0
G36005500027,1960,New York,36,Monroe,055,6840,63000,,0027,,1770,TRACT 27 ROCHESTER CITY,016,3,13,0,0,0,0,0,1,0,78,73,88,135,146,108,111,85,79,47,73,11,0,112,66,40,47,31,7,4,4,0,0,0,0,0
G36005500028,1960,New York,36,Monroe,055,6840,63000,,0028,,1770,TRACT 28 ROCHESTER CITY,016,3,13,0,0,0,0,1,1,0,28,44,96,97,73,108,52,41,36,21,27,4,0,296,215,228,131,98,46,21,20,4,0,4,0,0
G36005500029,1960,New York,36,Monroe,055,6840,63000,,0029,,1770,TRACT 29 ROCHESTER CITY,016,3,13,0,0,0,0,1,1,0,41,61,88,96,159,137,141,114,55,76,109,34,28,441,273,325,268,249,120,96,36,16,23,12,8,16
G36005500030,1960,New York,36,Monroe,055,6840,63000,,0030,,1770,TRACT 30 ROCHESTER CITY,016,3,13,0,0,0,0,1,1,0,11,79,36,98,98,95,105,87,78,38,63,8,4,186,151,99,119,103,48,16,20,12,4,7,0,0
G36005500031,1960,New York,36,Monroe,055,6840,63000,,0031,,1770,TRACT 31 ROCHESTER CITY,016,3,13,0,0,0,0,1,1,0,68,67,57,78,133,135,135,149,125,101,195,134,70,223,220,148,231,263,129,86,52,25,21,19,20,16
G36005500032,1960,New York,36,Monroe,055,6840,63000,,0032,,1770,TRACT 32 ROCHESTER CITY,016,3,13,0,0,0,0,1,1,0,25,67,44,50,86,113,61,55,60,32,65,3,0,103,117,47,33,54,30,8,14,4,0,0,0,0
G36005500033,1960,New York,36,Monroe,055,6840,63000,,0033,,1770,TRACT 33 ROCHESTER CITY,016,3,13,0,0,0,0,1,1,0,16,43,54,38,52,55,60,37,31,41,46,4,0,70,26,24,16,18,3,0,0,0,0,0,0,0
G36005500034,1960,New York,36,Monroe,055,6840,63000,,0034,,1770,TRACT 34 ROCHESTER CITY,016,3,13,0,0,0,0,1,1,0,24,24,68,60,136,126,111,108,110,53,102,27,0,69,53,41,75,36,36,25,4,4,0,0,0,0
G36005500035,1960,New York,36,Monroe,055,6840,63000,,0035,,1770,TRACT 35 ROCHESTER CITY,016,3,13,0,0,0,0,1,1,0,7,14,26,31,40,94,62,63,40,37,66,38,12,214,65,32,58,14,17,0,3,0,0,4,0,0
G36005500036,1960,New York,36,Monroe,055,6840,63000,,0036,,1770,TRACT 36 ROCHESTER CITY,016,3,13,0,0,0,0,1,1,0,31,52,48,55,157,142,183,145,63,77,115,35,4,114,102,75,9,38,28,17,4,4,0,0,0,0
G36005500037,1960,New York,36,Monroe,055,6840,63000,,0037,,1770,TRACT 37 ROCHESTER CITY,016,3,13,0,0,0,0,1,1,0,37,43,54,64,109,160,163,125,124,93,155,12,28,75,53,62,44,55,5,11,7,12,0,0,4,0
G36005500038,1960,New York,36,Monroe,055,6840,63000,,0038,,1770,TRACT 38 ROCHESTER CITY,016,3,13,0,0,0,0,0,1,0,12,15,77,75,95,141,193,205,128,122,277,51,12,1789,381,241,236,132,57,29,49,8,16,19,0,0
G36005500039,1960,New York,36,Monroe,055,6840,63000,,0039,,1770,TRACT 39 ROCHESTER CITY,016,3,13,0,0,0,0,1,1,0,31,23,12,32,56,49,63,55,57,38,58,17,11,26,23,20,24,16,5,9,0,0,0,0,0,0
G36005500040,1960,New York,36,Monroe,055,6840,63000,,0040,,1770,TRACT 40 ROCHESTER CITY,016,3,13,0,0,0,0,1,1,0,16,16,46,53,88,43,56,51,39,29,67,15,0,83,36,29,7,7,4,3,3,0,0,0,0,0
G36005500041,1960,New York,36,Monroe,055,6840,63000,,0041,,1770,TRACT 41 ROCHESTER CITY,016,3,13,0,0,0,0,1,1,0,31,41,59,57,75,123,94,73,60,47,78,8,0,53,73,12,12,8,17,0,0,0,0,0,0,0
G36005500042,1960,New York,36,Monroe,055,6840,63000,,0042,,1770,TRACT 42 ROCHESTER CITY,016,3,13,0,0,0,0,1,1,0,16,18,32,57,75,146,115,100,52,33,71,26,4,28,41,13,17,17,0,7,0,4,0,0,0,0
G36005500043,1960,New York,36,Monroe,055,6840,63000,,0043,,1770,TRACT 43 ROCHESTER CITY,016,3,13,0,0,0,0,0,1,0,26,51,50,85,114,57,35,21,4,8,8,0,0,31,13,26,11,8,0,5,0,0,0,0,0,0
G36005500044,1960,New York,36,Monroe,055,6840,63000,,0044,,1770,TRACT 44 ROCHESTER CITY,016,3,13,0,0,0,0,0,1,0,36,58,117,138,145,126,96,81,46,32,42,22,0,89,50,39,16,18,8,8,0,0,0,0,0,0
G36005500045,1960,New York,36,Monroe,055,6840,63000,,0045,,1770,TRACT 45 ROCHESTER CITY,016,3,13,0,0,0,0,1,1,0,38,54,49,52,29,46,76,30,10,4,17,3,0,184,78,45,44,35,21,11,5,0,0,0,0,0
G36005500046,1960,New York,36,Monroe,055,6840,63000,,0046,,1770,TRACT 46 ROCHESTER CITY,016,3,13,0,0,0,0,1,1,0,12,37,45,50,62,175,133,123,129,49,180,29,8,96,70,33,42,21,26,16,9,4,0,0,4,0
G36005500047,1960,New York,36,Monroe,055,6840,63000,,0047,,1770,TRACT 47 ROCHESTER CITY,016,3,13,0,0,0,0,1,1,0,42,26,24,61,82,91,122,99,80,62,143,27,4,31,40,15,41,6,0,4,8,0,0,0,0,0
G36005500048,1960,New York,36,Monroe,055,6840,63000,,0048,,1770,TRACT 48 ROCHESTER CITY,016,3,13,0,0,0,0,1,1,0,32,25,30,64,95,113,140,77,70,56,127,26,4,77,15,34,23,17,8,13,0,0,5,0,0,0
G36005500049,1960,New York,36,Monroe,055,6840,63000,,0049,,1770,TRACT 49 ROCHESTER CITY,016,3,13,0,0,0,0,1,1,0,11,54,72,47,116,114,129,92,39,51,66,15,0,32,38,4,26,24,13,4,0,0,0,4,0,0
G36005500050,1960,New York,36,Monroe,055,6840,63000,,0050,,1770,TRACT 50 ROCHESTER CITY,016,3,13,0,0,0,0,1,1,0,35,73,60,82,69,163,189,135,86,51,158,16,0,97,31,25,25,15,7,20,4,4,0,0,0,0
G36005500051,1960,New York,36,Monroe,055,6840,63000,,0051,,1770,TRACT 51 ROCHESTER CITY,016,3,13,0,0,0,0,1,1,0,20,41,51,47,85,85,95,79,34,32,79,20,0,44,40,18,18,8,4,0,4,0,0,0,0,0
G36005500052,1960,New York,36,Monroe,055,6840,63000,,0052,,1770,TRACT 52 ROCHESTER CITY,016,3,13,0,0,0,0,1,1,0,40,74,75,92,126,150,143,91,61,30,71,24,0,49,61,58,45,23,16,8,0,0,0,5,0,0
G36005500053,1960,New York,36,Monroe,055,6840,63000,,0053,,1770,TRACT 53 ROCHESTER CITY,016,3,13,0,0,0,0,1,1,0,25,89,97,79,106,138,112,87,74,44,82,14,0,30,28,14,13,4,4,4,0,4,0,0,0,0
G36005500054,1960,New York,36,Monroe,055,6840,63000,,0054,,1770,TRACT 54 ROCHESTER CITY,016,3,13,0,0,0,0,1,1,0,17,24,66,63,119,189,174,189,148,112,248,27,4,36,39,50,26,57,22,11,4,4,0,4,0,0
G36005500055,1960,New York,36,Monroe,055,6840,63000,,0055,,1770,TRACT 55 ROCHESTER CITY,016,3,13,0,0,0,0,1,1,0,27,58,93,109,110,164,119,76,39,48,65,15,0,94,25,25,35,16,7,0,0,0,0,0,0,0
G36005500056,1960,New York,36,Monroe,055,6840,63000,,0056,,1770,TRACT 56 ROCHESTER CITY,016,3,13,0,0,0,0,1,1,0,29,36,77,81,129,180,124,114,76,32,112,16,0,57,57,43,19,11,16,9,4,0,0,0,0,0
G36005500057,1960,New York,36,Monroe,055,6840,63000,,0057,,1770,TRACT 57 ROCHESTER CITY,016,3,13,0,0,0,0,1,1,0,36,43,48,94,92,148,70,87,43,41,112,8,0,67,61,54,28,16,8,12,8,7,0,0,0,0
G36005500058,1960,New York,36,Monroe,055,6840,63000,,0058,,1770,TRACT 58 ROCHESTER CITY,016,3,13,0,0,0,0,1,1,0,25,35,110,84,149,183,181,115,139,100,199,33,0,99,73,52,59,41,12,12,8,17,5,0,0,0
G36005500059,1960,New York,36,Monroe,055,6840,63000,,0059,,1770,TRACT 59 ROCHESTER CITY,016,3,13,0,0,0,0,1,1,0,46,34,44,79,130,132,89,90,73,41,65,7,0,112,98,25,46,20,19,8,4,0,0,5,0,0
G36005500060,1960,New York,36,Monroe,055,6840,63000,,0060,,1770,TRACT 60 ROCHESTER CITY,016,3,13,0,0,0,0,1,1,0,20,58,54,79,83,153,168,197,150,108,211,48,4,51,60,17,20,50,33,12,16,0,8,0,4,0
G36005500061,1960,New York,36,Monroe,055,6840,63000,,0061,,1770,TRACT 61 ROCHESTER CITY,016,3,13,0,0,0,0,1,1,0,8,20,70,43,53,90,126,121,84,90,207,44,4,25,21,13,9,8,34,12,8,0,0,0,0,0
G36005500062,1960,New York,36,Monroe,055,6840,63000,,0062,,1770,TRACT 62 ROCHESTER CITY,016,3,13,0,0,0,0,1,1,0,25,24,42,52,80,140,121,108,147,95,180,60,7,90,74,63,26,28,12,22,8,9,5,4,9,0
G36005500063,1960,New York,36,Monroe,055,6840,63000,,0063,,1770,TRACT 63 ROCHESTER CITY,016,3,13,0,0,0,0,1,1,0,25,19,17,31,111,188,113,126,115,55,259,53,8,259,74,56,65,38,64,50,18,0,0,4,0,5
G36005500064,1960,New York,36,Monroe,055,6840,63000,,0064,,1770,TRACT 64 ROCHESTER CITY,016,3,13,0,0,0,0,0,1,0,27,51,79,142,186,110,125,151,108,70,132,23,0,117,124,81,62,51,13,8,0,4,5,4,0,0
G36005500065,1960,New York,36,Monroe,055,6840,63000,,0065,,1770,TRACT 65 ROCHESTER CITY,016,3,13,0,0,0,0,0,1,0,56,40,56,86,66,92,115,69,39,27,92,12,0,83,62,82,42,36,8,0,0,0,0,4,0,0
G36005500066,1960,New York,36,Monroe,055,6840,63000,,0066,,1770,TRACT 66 ROCHESTER CITY,016,3,13,0,0,0,0,1,1,0,13,45,52,70,67,100,90,99,79,43,129,10,0,82,54,35,27,23,13,7,0,4,0,0,0,0
G36005500067,1960,New York,36,Monroe,055,6840,63000,,0067,,1770,TRACT 67 ROCHESTER CITY,016,3,13,0,0,0,0,1,1,0,8,22,28,90,75,114,126,88,102,99,184,88,35,60,62,41,25,37,12,20,9,0,0,0,4,4
G36005500068,1960,New York,36,Monroe,055,6840,63000,,0068,,1770,TRACT 68 ROCHESTER CITY,016,3,13,0,0,0,0,1,1,0,16,21,44,81,85,88,154,173,106,79,161,29,0,56,29,54,55,26,31,4,0,0,0,0,0,0
G36005500069,1960,New York,36,Monroe,055,6840,63000,,0069,,1770,TRACT 69 ROCHESTER CITY,016,3,13,0,0,0,0,1,1,0,12,17,58,75,76,85,103,96,53,35,91,20,0,24,53,9,24,18,9,12,4,5,0,5,0,0
G36005500070,1960,New York,36,Monroe,055,6840,63000,,0070,,1770,TRACT 70 ROCHESTER CITY,016,3,13,0,0,0,0,1,1,0,19,36,24,48,78,131,142,104,117,92,179,72,4,81,88,51,48,35,32,12,8,0,8,8,0,0
G36005500071,1960,New York,36,Monroe,055,6840,63000,,0071,,1770,TRACT 71 ROCHESTER CITY,016,3,13,0,0,0,0,1,1,0,30,26,62,49,91,127,155,121,94,104,240,48,0,61,28,16,45,14,41,4,6,8,3,3,0,0
G36005500072,1960,New York,36,Monroe,055,6840,63000,,0072,,1770,TRACT 72 ROCHESTER CITY,016,3,13,0,0,0,0,1,1,0,8,40,40,22,94,52,80,40,33,19,35,12,0,19,31,15,9,9,4,4,0,0,0,0,0,0
G36005500073,1960,New York,36,Monroe,055,6840,63000,,0073,,1770,TRACT 73 ROCHESTER CITY,016,3,13,0,0,0,0,1,1,0,12,24,27,23,73,57,77,50,36,46,27,11,4,40,21,4,8,8,0,0,3,0,5,0,0,0
G36005500074,1960,New York,36,Monroe,055,6840,63000,,0074,,1770,TRACT 74 ROCHESTER CITY,016,3,13,0,0,0,0,1,1,0,8,31,24,60,90,62,95,61,46,42,83,29,4,42,29,10,29,19,11,0,0,0,0,0,0,0
G36005500075,1960,New York,36,Monroe,055,6840,63000,,0075,,1770,TRACT 75 ROCHESTER CITY,016,3,13,0,0,0,0,1,1,0,26,47,51,83,120,133,93,127,94,75,126,20,0,113,92,44,75,62,32,25,5,4,0,0,0,0
G36005500076,1960,New York,36,Monroe,055,6840,63000,,0076,,1770,TRACT 76 ROCHESTER CITY,016,3,13,0,0,0,0,1,1,0,41,45,77,46,77,130,146,106,141,89,170,68,17,87,42,34,38,29,12,4,13,0,0,5,0,0
G36005500077,1960,New York,36,Monroe,055,6840,63000,,0077,,1770,TRACT 77 ROCHESTER CITY,016,3,13,0,0,0,0,1,1,0,21,24,34,44,59,115,121,145,83,82,242,49,20,68,47,28,37,29,41,25,18,3,3,3,4,0
G36005500078,1960,New York,36,Monroe,055,6840,63000,,0078,,1770,TRACT 78 ROCHESTER CITY,016,3,13,0,0,0,0,1,1,0,23,61,62,51,103,130,99,109,102,91,286,160,119,159,110,71,75,79,62,46,28,37,26,30,28,17
G36005500079,1960,New York,36,Monroe,055,6840,63000,,0079,,1770,TRACT 79 ROCHESTER CITY,016,3,13,0,0,0,0,1,1,0,21,18,26,29,97,87,96,76,80,46,100,21,3,52,21,18,26,19,13,0,6,0,0,0,0,0
G36005500080,1960,New York,36,Monroe,055,6840,63000,,0080,,1770,TRACT 80 ROCHESTER CITY,016,3,13,0,0,0,0,1,1,0,36,44,63,50,97,117,153,77,84,29,166,28,0,89,41,21,39,29,8,0,4,0,0,0,0,0
G36005500081,1960,New York,36,Monroe,055,6840,63000,,0081,,1770,TRACT 81 ROCHESTER CITY,016,3,13,0,0,0,0,1,1,0,14,38,48,55,115,239,186,166,154,81,199,28,0,60,42,20,20,24,12,0,4,0,0,0,0,0
G36005500082,1960,New York,36,Monroe,055,6840,63000,,0082,,1770,TRACT 82 ROCHESTER CITY,016,3,13,0,0,0,0,1,1,0,24,38,48,34,88,162,152,119,102,72,198,19,0,42,33,41,23,26,6,12,0,0,0,0,0,0
G36005500083,1960,New York,36,Monroe,055,6840,63000,,0083,,1770,TRACT 83 ROCHESTER CITY,016,3,13,0,0,0,0,1,1,0,20,41,67,89,143,313,219,203,164,106,192,41,4,40,33,20,16,9,8,5,0,0,0,0,0,0
G36005500084,1960,New York,36,Monroe,055,6840,63000,,0084,,1770,TRACT 84 ROCHESTER CITY,016,3,13,0,0,0,0,1,1,0,12,28,34,56,126,129,135,119,102,61,126,16,0,38,27,15,29,11,4,0,0,0,0,0,0,0
G36005500085,1960,New York,36,Monroe,055,6840,63000,,0085,,1770,TRACT 85 ROCHESTER CITY,016,3,13,0,0,0,0,1,1,0,19,19,34,80,82,114,135,138,61,48,173,43,11,77,40,39,27,12,35,20,4,0,0,4,0,4
G36005500086,1960,New York,36,Monroe,055,6840,63000,,0086,,1770,TRACT 86 ROCHESTER CITY,016,3,13,0,0,0,0,1,1,0,20,17,58,61,74,171,138,170,174,122,232,89,28,37,29,12,24,13,33,13,4,0,4,8,0,4
G36005500087,1960,New York,36,Monroe,055,6840,63000,,0087,,1770,TRACT 87 ROCHESTER CITY,016,3,13,0,0,0,0,1,1,0,35,65,96,98,152,256,217,185,210,144,191,66,4,145,70,21,28,24,20,7,4,0,0,0,0,0
G36005500088,1960,New York,36,Monroe,055,6840,63000,,0088,,1770,TRACT 88 ROCHESTER CITY,016,3,13,0,0,0,0,1,1,0,9,24,39,38,59,87,111,97,47,57,131,8,3,39,24,15,7,22,11,9,4,0,0,0,0,0
G36005500089,1960,New York,36,Monroe,055,6840,63000,,0089,,1770,TRACT 89 ROCHESTER CITY,016,3,13,1,1,1,1,1,1,0,0,0,0,0,0,0,0,0,0,0,0,0,0,0,0,0,0,0,0,0,0,0,0,0,0,0
G36005500090,1960,New York,36,Monroe,055,6840,63000,,0090,,1770,TRACT 90 ROCHESTER CITY,016,3,13,0,0,1,0,1,1,0,4,5,8,4,9,21,13,0,0,4,0,0,0,107,112,51,80,53,35,8,0,4,5,0,0,0
G3600550C0001,1960,New York,36,Monroe,055,6840,,C,0001,,1770,TRACT C-1 IRONDEQUOIT TOWN,008,7,00,0,0,1,1,1,1,0,11,15,19,55,63,140,162,132,105,128,254,46,12,33,15,40,12,15,15,15,8,12,4,4,0,0
G3600550C0002,1960,New York,36,Monroe,055,6840,,C,0002,,1770,TRACT C-2 IRONDEQUOIT TOWN,008,7,00,0,0,1,1,1,1,0,0,8,12,7,30,47,70,108,103,96,360,263,61,19,33,11,8,4,0,0,4,5,0,0,0,4
G3600550C0003,1960,New York,36,Monroe,055,6840,,C,0003,,1770,TRACT C-3 IRONDEQUOIT TOWN,008,7,00,0,0,1,1,1,1,0,13,17,36,53,47,124,122,173,136,131,277,156,42,42,21,24,8,4,21,4,8,0,0,5,0,0
G3600550C0004,1960,New York,36,Monroe,055,6840,,C,0004,,1770,TRACT C-4 IRONDEQUOIT TOWN,008,7,00,0,0,1,1,1,1,0,8,23,19,39,91,124,114,169,202,164,378,158,37,39,16,11,20,15,11,0,4,0,0,0,0,0
G3600550C0005,1960,New York,36,Monroe,055,6840,,C,0005,,1770,TRACT C-5 IRONDEQUOIT TOWN,008,7,00,0,0,1,1,1,1,0,4,8,32,12,28,56,112,99,163,108,386,135,81,16,21,9,4,0,16,0,4,4,4,4,0,0
G3600550C0006,1960,New York,36,Monroe,055,6840,,C,0006,,1770,TRACT C-6 IRONDEQUOIT TOWN,008,7,00,0,0,1,1,1,1,0,7,29,44,49,58,158,117,170,218,109,379,86,7,58,43,16,8,8,4,11,12,4,4,4,0,0
G3600550C0007,1960,New York,36,Monroe,055,6840,,C,0007,,1770,TRACT C-7 IRONDEQUOIT TOWN,008,7,00,0,0,1,1,1,1,0,24,33,36,90,98,178,154,137,149,132,262,40,0,94,27,14,21,34,20,0,0,0,4,0,0,0
G3600550C0008,1960,New York,36,Monroe,055,6840,,C,0008,,1770,TRACT C-8 IRONDEQUOIT TOWN,008,7,00,0,0,1,1,1,1,0,16,52,19,44,28,121,136,127,186,120,280,59,8,30,20,16,9,8,4,8,4,4,0,8,0,0
G3600550C0009,1960,New York,36,Monroe,055,6840,,C,0009,,1770,TRACT C-9 IRONDEQUOIT TOWN,008,7,00,0,0,1,1,1,1,0,19,32,52,56,112,195,225,183,161,97,210,33,4,32,16,0,20,4,8,5,0,0,0,8,0,0
G3600550C0010,1960,New York,36,Monroe,055,6840,,C,0010,,1770,TRACT C-10 IRONDEQUOIT TOWN,008,7,00,0,0,1,1,1,1,0,16,4,21,20,63,57,143,121,177,96,438,129,27,24,15,20,0,13,17,0,13,4,0,4,0,0
G3600550C0011,1960,New York,36,Monroe,055,6840,,C,0011,,1770,TRACT C-11 IRONDEQUOIT TOWN,008,7,00,0,0,1,1,1,1,0,24,4,33,38,115,150,180,274,221,169,396,83,17,83,38,8,16,8,11,24,8,0,4,0,4,0
G3600550C0012,1960,New York,36,Monroe,055,6840,,C,0012,,,TRACT C-12 WEBSTER TOWN,019,7,00,0,0,1,1,1,1,0,25,33,49,50,115,263,286,265,357,233,442,129,23,42,39,26,41,17,13,0,8,0,0,4,0,0
G3600550C0013,1960,New York,36,Monroe,055,6840,,C,0013,,,TRACT C-13 WEBSTER TOWN,019,7,00,0,0,1,1,1,1,0,16,5,33,40,52,69,127,76,77,69,181,37,9,23,8,4,8,0,4,0,3,0,4,0,0,0
G3600550C0014,1960,New York,36,Monroe,055,6840,,C,0014,,,TRACT C-14 WEBSTER TOWN,019,7,00,0,0,1,1,1,1,0,35,45,53,53,94,135,121,110,111,72,195,52,8,68,48,35,31,26,3,11,8,0,0,8,0,0
G3600550C0015,1960,New York,36,Monroe,055,6840,,C,0015,,,TRACT C-15 PENFIELD TOWN,012,7,00,0,0,1,1,1,1,0,35,73,53,90,71,150,217,145,142,167,356,87,7,42,31,8,8,11,8,0,0,0,0,0,4,0
G3600550C0016,1960,New York,36,Monroe,055,6840,,C,0016,,1770,TRACT C-16 PENFIELD TOWN,012,7,00,0,0,1,1,1,1,0,21,44,58,49,112,224,192,229,180,131,421,128,41,36,26,32,30,24,17,8,0,4,0,0,0,0
G3600550C0017,1960,New York,36,Monroe,055,6840,,C,0017,,,TRACT C-17 PERINTON TOWN,013,7,00,0,0,1,1,1,1,0,7,16,46,45,50,62,108,129,137,102,174,55,9,20,8,13,12,17,8,7,0,0,0,4,0,0
G3600550C0018,1960,New York,36,Monroe,055,6840,,C,0018,,1770,TRACT C-18 PERINTON TOWN,013,4,07,0,0,1,1,1,1,0,41,36,63,83,121,203,157,179,131,137,226,68,17,67,67,49,59,15,23,20,12,11,0,4,7,4
G3600550C0019,1960,New York,36,Monroe,055,6840,,C,0019,,,TRACT C-19 PERINTON TOWN,013,7,00,0,0,1,1,1,1,0,16,22,37,43,61,74,104,138,97,101,261,81,38,17,4,8,3,8,0,0,8,4,0,4,0,0
G3600550C0020,1960,New York,36,Monroe,055,6840,,C,0020,,1770,TRACT C-20 PERINTON TOWN,013,4,07,0,0,1,1,1,1,0,17,20,46,65,84,130,119,127,89,62,99,11,7,30,26,25,13,4,3,3,4,0,0,0,0,0
G3600550C0021,1960,New York,36,Monroe,055,6840,,C,0021,,1770,TRACT C-21 PITTSFORD TOWN,014,4,07,0,0,1,1,1,1,0,20,32,48,63,163,222,177,127,147,110,180,21,4,40,65,17,20,34,15,4,3,0,0,0,0,0
G3600550C0022,1960,New York,36,Monroe,055,6840,,C,0022,,1770,TRACT C-22 PITTSFORD TOWN,014,7,00,0,0,1,1,1,1,0,20,50,46,13,33,93,77,52,74,80,345,314,217,486,37,25,23,17,8,4,12,0,0,8,12,4
G3600550C0023,1960,New York,36,Monroe,055,6840,,C,0023,,,TRACT C-23 PITTSFORD TOWN,014,7,00,0,0,1,1,1,1,0,14,47,15,49,70,107,115,112,78,42,270,140,128,75,40,33,16,21,5,29,0,12,4,0,4,0
G3600550C0024,1960,New York,36,Monroe,055,6840,,C,0024,,,TRACT C-24 MENDON TOWN,009,7,00,0,0,1,1,1,1,0,31,28,40,93,77,124,141,117,87,51,174,37,26,64,37,22,16,23,11,9,0,0,0,7,0,0
G3600550C0025,1960,New York,36,Monroe,055,6840,,C,0025,,1770,TRACT C-25 BRIGHTON TOWN,001,7,00,0,0,1,1,1,1,0,25,20,18,28,42,92,104,132,136,92,444,208,79,196,23,24,8,24,8,8,4,8,0,12,9,0
G3600550C0026,1960,New York,36,Monroe,055,6840,,C,0026,,1770,TRACT C-26 BRIGHTON TOWN,001,7,00,0,0,1,1,1,1,0,9,12,25,20,43,47,59,100,69,71,299,247,326,139,51,37,19,7,7,20,12,8,6,33,7,33
G3600550C0027,1960,New York,36,Monroe,055,6840,,C,0027,,1770,TRACT C-27 BRIGHTON TOWN,001,7,00,0,0,1,1,1,1,0,29,16,31,35,61,68,77,67,150,88,409,261,126,52,32,4,5,19,17,8,4,0,0,9,0,5
G3600550C0028,1960,New York,36,Monroe,055,6840,,C,0028,,1770,TRACT C-28 BRIGHTON TOWN,001,7,00,0,0,1,1,1,1,0,8,11,29,24,33,70,110,114,123,94,327,144,62,52,35,17,30,46,23,55,9,11,4,19,8,0
G3600550C0029,1960,New York,36,Monroe,055,6840,,C,0029,,1770,TRACT C-29 BRIGHTON TOWN,001,7,00,0,0,1,1,1,1,0,13,11,9,16,27,29,39,58,82,55,201,266,97,48,12,5,5,13,17,3,0,0,4,4,0,0
G3600550C0030,1960,New York,36,Monroe,055,6840,,C,0030,,1770,TRACT C-30 BRIGHTON TOWN,001,7,00,0,0,1,1,1,1,0,15,19,25,25,16,107,141,177,103,118,380,206,44,64,14,4,25,6,12,0,3,0,0,4,0,0
G3600550C0031,1960,New York,36,Monroe,055,6840,,C,0031,,,TRACT C-31 HENRIETTA TOWN,007,5,00,0,0,1,1,1,1,0,18,23,16,46,74,159,291,282,207,170,308,108,4,42,16,9,3,8,4,5,4,0,0,0,0,0
G3600550C0032,1960,New York,36,Monroe,055,6840,,C,0032,,,TRACT C-32 HENRIETTA TOWN,007,7,00,0,0,1,1,1,1,0,33,25,33,38,84,143,157,114,155,87,167,69,11,13,26,5,18,8,5,8,5,4,0,0,4,0
G3600550C0033,1960,New York,36,Monroe,055,6840,,C,0033,,,TRACT C-33 RUSH TOWN,017,7,00,0,0,1,1,1,1,0,0,26,25,30,46,82,94,54,57,55,51,28,8,43,3,15,36,8,4,0,0,0,0,8,0,0
G3600550C0034,1960,New York,36,Monroe,055,6840,,C,0034,,,TRACT C-34 GREECE TOWN,005,7,00,0,0,1,1,1,1,0,26,33,43,32,30,106,117,147,99,64,176,68,22,35,25,7,13,34,15,19,12,0,0,4,0,0
G3600550C0035,1960,New York,36,Monroe,055,6840,,C,0035,,,TRACT C-35 GREECE TOWN,005,7,00,0,0,1,1,1,1,0,32,15,29,42,53,138,160,160,164,178,295,90,4,57,13,12,5,4,4,12,0,0,3,0,0,0
G3600550C0036,1960,New York,36,Monroe,055,6840,,C,0036,,,TRACT C-36 GREECE TOWN,005,7,00,0,0,1,1,1,1,0,28,31,37,68,74,139,233,290,189,257,317,65,0,45,12,12,0,11,8,0,5,0,0,0,0,0
G3600550C0037,1960,New York,36,Monroe,055,6840,,C,0037,,1770,TRACT C-37 GREECE TOWN,005,7,00,0,0,1,1,1,1,0,20,15,39,25,56,147,244,280,288,218,409,77,4,12,19,12,4,31,16,8,11,4,4,4,0,0
G3600550C0038,1960,New York,36,Monroe,055,6840,,C,0038,,1770,TRACT C-38 GREECE TOWN,005,7,00,0,0,1,1,1,1,0,13,32,36,83,122,158,287,293,211,209,442,80,12,52,60,32,39,44,20,0,4,4,4,8,0,0
G3600550C0039,1960,New York,36,Monroe,055,6840,,C,0039,,1770,TRACT C-39 GREECE TOWN,005,7,00,0,0,1,1,1,1,0,8,29,19,50,63,155,245,258,281,175,467,66,8,70,25,9,22,12,8,12,0,0,0,0,5,0
G3600550C0040,1960,New York,36,Monroe,055,6840,,C,0040,,1770,TRACT C-40 GREECE TOWN,005,7,00,0,0,1,1,1,1,0,34,4,38,42,96,203,218,265,170,98,242,29,0,32,4,15,8,17,4,0,3,0,0,0,0,0
G3600550C0041,1960,New York,36,Monroe,055,6840,,C,0041,,1770,TRACT C-41 GREECE TOWN,005,7,00,0,0,1,1,1,1,0,15,13,25,41,41,116,163,224,143,119,397,115,20,48,17,4,4,0,12,14,4,0,4,3,0,0
G3600550C0042,1960,New York,36,Monroe,055,6840,,C,0042,,1770,TRACT C-42 GATES TOWN,004,7,00,0,0,1,1,1,1,0,24,8,15,40,40,162,100,132,163,105,177,24,8,24,15,16,4,0,0,4,4,4,0,0,0,0
G3600550C0043,1960,New York,36,Monroe,055,6840,,C,0043,,1770,TRACT C-43 GATES TOWN,004,7,00,0,0,1,1,1,1,0,20,20,39,55,67,180,169,181,178,139,185,29,0,118,28,28,4,35,0,8,0,0,0,0,0,0
G3600550C0044,1960,New York,36,Monroe,055,6840,,C,0044,,1770,TRACT C-44 GATES TOWN,004,7,00,0,0,1,1,1,1,0,17,8,29,37,42,107,156,179,161,135,329,119,12,23,10,16,12,4,8,23,8,0,0,0,0,0
G3600550C0045,1960,New York,36,Monroe,055,6840,,C,0045,,,TRACT C-45 CHILI TOWN,002,7,00,0,0,1,1,1,1,0,0,18,56,70,107,233,327,338,219,216,317,46,10,198,57,42,15,43,16,18,0,0,0,0,0,0
G3600550C0046,1960,New York,36,Monroe,055,6840,,C,0046,,,TRACT C-46 CHILI TOWN,002,7,00,0,0,1,1,1,1,0,13,21,16,61,60,114,146,112,56,60,126,12,8,42,4,8,19,17,11,4,0,0,4,4,0,0
G3600550C0047,1960,New York,36,Monroe,055,6840,,C,0047,,,TRACT C-47 WHEATLAND TOWN,020,7,00,0,0,1,1,1,1,0,26,24,48,65,78,110,135,131,76,68,116,36,4,47,50,12,11,7,8,7,0,0,0,0,0,0
G3600550C0048,1960,New York,36,Monroe,055,6840,,C,0048,,,TRACT C-48 PARMA TOWN,011,7,00,0,0,1,1,1,1,0,48,53,56,84,114,192,257,208,104,124,249,84,12,62,39,28,24,8,20,4,4,0,0,0,0,0
G3600550C0049,1960,New York,36,Monroe,055,6840,,C,0049,,,TRACT C-49 OGDEN TOWN,010,7,00,0,0,1,1,1,1,0,39,32,103,68,71,190,283,219,214,198,304,94,16,96,32,19,16,8,12,8,0,0,4,0,8,0
G3600550C0050,1960,New York,36,Monroe,055,6840,,C,0050,,,TRACT C-50 RIGA TOWN,015,7,00,0,0,1,1,1,1,0,20,21,34,50,79,107,88,109,65,66,55,17,16,17,30,24,11,8,9,4,4,0,0,0,0,0
G3600550C0051,1960,New York,36,Monroe,055,6840,,C,0051,,,TRACT C-51 HAMLIN TOWN,006,7,00,0,0,1,1,1,1,0,15,24,71,64,73,99,76,79,56,40,60,12,4,43,8,31,8,4,0,4,0,0,0,0,0,0
G3600550C0052,1960,New York,36,Monroe,055,6840,,C,0052,,,TRACT C-52 CLARKSON TOWN,003,7,00,0,0,1,1,1,1,0,17,20,20,33,53,78,66,71,57,24,121,52,8,20,0,8,9,8,4,4,4,0,0,0,0,0
G3600550C0053,1960,New York,36,Monroe,055,6840,,C,0053,,,TRACT C-53 CLARKSON TOWN,018,4,00,0,0,1,1,1,1,0,46,22,54,76,66,155,192,128,96,106,191,47,3,587,150,53,32,25,36,22,4,4,0,0,0,0
G3600550C0054,1960,New York,36,Monroe,055,6840,,C,0054,,,TRACT C-54 SWEDEN TOWN,018,7,00,0,0,1,1,1,1,0,19,15,27,30,40,65,76,41,28,24,60,23,0,8,8,16,8,0,4,10,0,0,0,4,0,0
G3600590CE0112,1960,New York,36,Nassau,059,5600,,CE,0112,,1450,TRACT CE-112 HEMPSTEAD TOWN,002,4,07,0,0,1,1,1,1,0,41,34,73,106,76,148,153,140,106,103,440,333,159,166,84,48,30,24,33,13,7,8,12,8,9,0
G3600590EW0034,1960,New York,36,Nassau,059,5600,,EW,0034,,1450,TRACT EW-34 NORTH HEMPSTEAD TOWN,004,4,06,0,0,1,1,1,1,0,8,8,12,8,24,20,16,36,44,16,192,235,156,11,20,8,0,0,0,0,0,4,0,4,0,0
G3600590FA0204,1960,New York,36,Nassau,059,5600,,FA,0204,,1450,TRACT FA-204 OYSTER BAY TOWN,005,4,07,0,0,0,0,1,1,0,17,73,42,109,117,181,159,167,167,131,351,72,27,63,46,47,47,39,36,34,33,17,9,12,0,0
G3600590FH0016,1960,New York,36,Nassau,059,5600,,FH,0016,,1450,TRACT FH-16 NORTH HEMPSTEAD TOWN,004,7,00,0,0,1,1,1,1,0,8,12,7,12,7,20,11,16,21,29,206,360,434,132,47,52,12,8,0,0,0,4,4,12,4,4
G3600590FP0026,1960,New York,36,Nassau,059,5600,,FP,0026,,1450,TRACT FP-26 NORTH HEMPSTEAD TOWN,004,4,08,0,0,0,0,1,1,0,18,3,27,24,57,96,103,71,50,52,118,36,8,52,16,13,20,3,3,4,0,0,5,0,0,0
G3600590FP0044,1960,New York,36,Nassau,059,5600,,FP,0044,,1450,TRACT FP-44 NORTH HEMPSTEAD TOWN,002,4,08,0,0,0,0,1,1,0,12,31,55,52,62,144,199,164,162,105,381,189,30,91,33,12,33,13,23,3,4,7,11,5,0,0
G3600590FP0045,1960,New York,36,Nassau,059,5600,,FP,0045,,1450,TRACT FP-45 NORTH HEMPSTEAD TOWN,002,4,08,0,0,0,0,1,1,0,31,30,20,67,75,158,133,123,139,124,297,73,24,65,45,36,26,15,30,12,26,7,7,12,0,0
G3600590FP0046,1960,New York,36,Nassau,059,5600,,FP,0046,,1450,TRACT FP-46 NORTH HEMPSTEAD TOWN,002,4,08,0,0,0,0,1,1,0,16,29,41,43,71,51,84,111,130,108,386,185,49,28,33,0,16,12,0,0,4,5,0,0,0,4
G3600590FR0141,1960,New York,36,Nassau,059,5600,,FR,0141,,1450,TRACT FR-141 FREEPORT VILLAGE,002,4,10,0,0,1,1,0,1,0,39,39,34,66,112,129,142,130,120,68,315,246,125,79,70,41,27,20,8,8,11,4,0,4,13,0
G3600590FR0142,1960,New York,36,Nassau,059,5600,,FR,0142,,1450,TRACT FR-142 FREEPORT VILLAGE,002,4,10,0,0,1,1,1,1,0,41,48,39,69,97,95,137,214,152,132,344,195,68,163,131,48,28,34,34,14,13,4,4,15,0,5
G3600590FR0143,1960,New York,36,Nassau,059,5600,,FR,0143,,1450,TRACT FR-143 FREEPORT VILLAGE,002,4,10,0,0,1,1,1,1,0,49,61,115,151,160,207,227,236,184,150,494,192,68,252,158,84,98,63,54,23,30,20,8,13,4,4
G3600590FR0144,1960,New York,36,Nassau,059,5600,,FR,0144,,1450,TRACT FR-144 FREEPORT VILLAGE,002,4,10,0,0,1,1,0,1,0,65,67,103,125,106,114,112,74,95,56,173,44,4,113,89,53,48,23,18,13,4,5,0,0,0,0
G3600590FR0145,1960,New York,36,Nassau,059,5600,,FR,0145,,1450,TRACT FR-145 FREEPORT VILLAGE,002,4,10,0,0,1,1,1,1,0,30,32,77,86,160,232,269,270,252,237,472,149,66,82,68,43,39,29,26,19,15,0,4,0,0,0
G3600590GC0063,1960,New York,36,Nassau,059,5600,,GC,0063,,1450,TRACT GC-63  HEMPSTEAD TOWN,002,4,09,0,0,1,1,1,1,0,7,16,19,24,22,37,29,88,103,62,325,293,128,16,35,8,8,16,15,6,4,0,3,9,0,0
G3600590GC0064,1960,New York,36,Nassau,059,5600,,GC,0064,,1450,TRACT GC-64  HEMPSTEAD TOWN,002,4,09,0,0,1,1,1,1,0,31,21,27,34,40,73,60,81,49,72,440,506,489,120,96,118,59,34,38,28,19,7,19,27,22,4
G3600590GC0065,1960,New York,36,Nassau,059,5600,,GC,0065,,1450,TRACT GC-65  HEMPSTEAD TOWN,002,4,09,0,0,1,1,1,1,0,15,24,16,46,39,54,61,72,88,93,532,497,280,341,97,76,36,10,26,22,12,15,7,25,3,4
G3600590GC0066,1960,New York,36,Nassau,059,5600,,GC,0066,,1450,TRACT GC-66  HEMPSTEAD TOWN,002,4,09,0,0,1,1,1,1,0,12,19,4,4,44,28,17,60,64,74,463,346,158,29,21,13,13,4,4,0,8,12,0,4,0,0
G3600590GL0170,1960,New York,36,Nassau,059,5600,,GL,0170,,1450,TRACT GL-170 GLEN COVE CITY,001,4,09,0,0,0,0,1,1,0,24,12,37,16,34,37,44,55,48,50,158,138,74,95,77,45,7,4,15,0,5,0,0,12,0,4
G3600590GL0171,1960,New York,36,Nassau,059,5600,,GL,0171,,1450,TRACT GL-171 GLEN COVE CITY,001,4,09,0,0,0,0,1,1,0,28,58,35,84,126,186,199,164,145,112,433,127,21,101,36,53,48,41,23,16,7,0,0,4,0,0
G3600590GL0172,1960,New York,36,Nassau,059,5600,,GL,0172,,1450,TRACT GL-172 GLEN COVE CITY,001,4,09,0,0,0,0,0,1,0,53,73,98,170,190,228,147,134,104,99,254,46,15,99,81,90,66,33,44,4,14,11,4,4,0,0
G3600590GL0173,1960,New York,36,Nassau,059,5600,,GL,0173,,1450,TRACT GL-173 GLEN COVE CITY,001,4,09,0,0,0,0,1,1,0,25,32,61,60,182,251,202,191,169,113,370,150,119,125,42,45,57,29,18,8,13,4,0,4,8,4
G3600590GN0003,1960,New York,36,Nassau,059,5600,,GN,0003,,1450,TRACT GN-3 NORTH HEMPSTEAD TOWN,004,4,08,0,0,1,1,1,1,0,36,16,38,46,55,63,79,80,77,52,245,246,98,116,71,44,34,35,19,8,8,12,5,22,4,0
G3600590GN0004,1960,New York,36,Nassau,059,5600,,GN,0004,,1450,TRACT GN-4 NORTH HEMPSTEAD TOWN,004,4,08,0,0,1,1,1,1,0,33,36,31,41,75,114,93,114,120,86,362,340,145,97,58,37,24,12,3,3,9,25,3,4,0,0
G3600590GP0007,1960,New York,36,Nassau,059,5600,,GP,0007,,1450,TRACT GP-7 NORTH HEMPSTEAD TOWN,004,4,06,0,0,1,1,1,1,0,36,43,64,55,120,167,114,93,128,118,299,208,105,154,119,81,55,110,57,65,24,37,48,57,16,15
G3600590HE0043,1960,New York,36,Nassau,059,5600,,HE,0043,,1450,TRACT HE-43  HEMPSTEAD TOWN,002,7,00,0,0,1,1,1,1,0,12,16,11,24,44,93,74,81,119,83,229,107,30,41,25,24,27,13,4,12,8,0,0,4,0,0
G3600590HE0047,1960,New York,36,Nassau,059,5600,,HE,0047,,1450,TRACT HE-47  HEMPSTEAD TOWN,002,4,05,0,0,1,1,1,1,0,32,25,76,48,80,160,178,188,217,197,444,164,12,56,15,0,27,11,8,4,0,0,0,0,0,0
G3600590HE0048,1960,New York,36,Nassau,059,5600,,HE,0048,,1450,TRACT HE-48 PT ELMONT CITY U,002,9,99,0,0,1,1,1,1,2,26,36,64,71,83,131,184,148,148,99,186,16,0,48,47,34,12,9,5,5,0,9,0,0,4,0
G3600590HE0049,1960,New York,36,Nassau,059,5600,,HE,0049,,1450,TRACT HE-49 ELMONT -U-,002,5,10,0,0,1,1,1,1,0,33,46,54,59,126,205,292,236,217,175,473,183,28,74,29,34,29,17,13,0,12,4,0,0,0,0
G3600590HE0050,1960,New York,36,Nassau,059,5600,,HE,0050,,1450,TRACT HE-50 ELMONT -U-,002,5,10,0,0,1,1,1,1,0,47,16,39,48,104,190,169,141,113,95,192,33,4,41,16,7,19,20,8,11,0,4,4,0,0,0
G3600590HE0051,1960,New York,36,Nassau,059,5600,,HE,0051,,1450,TRACT HE-51 ELMONT -U-,002,5,10,0,0,1,1,1,1,0,13,15,23,41,94,224,237,261,237,198,480,160,8,37,30,9,0,0,0,4,0,4,0,4,0,0
G3600590HE0052,1960,New York,36,Nassau,059,5600,,HE,0052,,1450,TRACT HE-52 ELMONT -U-,002,5,10,0,0,1,1,1,1,0,48,46,31,80,113,240,213,160,124,64,120,28,4,38,23,17,25,10,12,12,4,0,0,0,0,0
G3600590HE0053,1960,New York,36,Nassau,059,5600,,HE,0053,,1450,TRACT HE-53 FRANKLIN SQUARE -U-,002,5,10,0,0,1,1,1,1,0,7,15,34,104,152,262,257,286,162,191,517,102,8,76,59,33,34,32,18,7,0,10,4,6,4,0
G3600590HE0054,1960,New York,36,Nassau,059,5600,,HE,0054,,1450,TRACT HE-54 FRANKLIN SQUARE -U-,002,5,10,0,0,1,1,1,1,0,26,29,33,62,146,269,274,250,188,139,324,83,12,40,13,24,20,0,4,4,0,4,0,0,0,0
G3600590HE0055,1960,New York,36,Nassau,059,5600,,HE,0055,,1450,TRACT HE-55 FRANKLIN SQUARE -U-,002,5,10,0,0,1,1,1,1,0,16,9,24,55,108,208,152,237,174,199,374,46,12,37,9,4,24,13,9,4,0,0,0,4,0,0
G3600590HE0056,1960,New York,36,Nassau,059,5600,,HE,0056,,1450,TRACT HE-56 FRANKLIN SQUARE -U-,002,5,10,0,0,1,1,1,1,0,9,15,7,32,47,127,135,149,192,118,344,114,13,14,0,0,0,4,0,0,4,0,0,0,0,0
G3600590HE0057,1960,New York,36,Nassau,059,5600,,HE,0057,,1450,TRACT HE-57 FRANKLIN SQUARE -U-,002,5,10,0,0,1,1,1,1,0,4,48,8,24,48,109,173,235,171,134,387,95,24,20,8,4,0,3,8,4,0,0,0,0,0,0
G3600590HE0058,1960,New York,36,Nassau,059,5600,,HE,0058,,1450,TRACT HE-58  HEMPSTEAD TOWN,002,7,00,0,0,1,1,1,1,0,12,15,18,55,51,108,160,137,150,110,353,146,4,38,24,16,12,4,8,0,0,0,0,0,0,4
G3600590HE0059,1960,New York,36,Nassau,059,5600,,HE,0059,,1450,TRACT HE-59  HEMPSTEAD TOWN,002,5,09,0,0,1,1,1,1,0,29,51,28,54,52,71,129,146,106,122,386,231,85,57,31,17,8,4,17,5,4,0,4,4,0,4
G3600590HE0060,1960,New York,36,Nassau,059,5600,,HE,0060,,1450,TRACT HE-60  HEMPSTEAD TOWN,002,5,09,0,0,1,1,1,1,0,42,28,34,79,110,110,271,255,196,178,534,224,98,53,25,23,28,16,11,7,0,4,5,0,0,0
G3600590HE0061,1960,New York,36,Nassau,059,5600,,HE,0061,,1450,TRACT HE-61  HEMPSTEAD TOWN,002,5,09,0,0,1,1,1,1,0,4,32,4,20,55,70,106,76,94,64,213,71,8,53,8,20,26,3,8,0,3,0,0,0,0,0
G3600590HE0062,1960,New York,36,Nassau,059,5600,,HE,0062,,1450,TRACT HE-62  HEMPSTEAD TOWN,002,5,09,0,0,1,1,0,1,0,46,40,60,102,211,191,178,244,180,157,314,102,12,72,28,33,20,4,3,8,0,0,4,5,0,0
G3600590HE0073,1960,New York,36,Nassau,059,5600,,HE,0073,,1450,TRACT HE-73  HEMPSTEAD TOWN,002,5,09,0,0,1,1,1,1,0,10,20,8,91,112,116,90,74,77,20,135,35,4,187,414,205,135,38,8,11,4,0,7,4,0,0
G3600590HE0074,1960,New York,36,Nassau,059,5600,,HE,0074,,1450,TRACT HE-74  HEMPSTEAD TOWN,002,5,09,0,0,1,1,1,1,0,27,36,42,111,114,258,437,446,300,229,508,136,9,61,24,16,32,21,16,16,4,0,8,8,0,0
G3600590HE0075,1960,New York,36,Nassau,059,5600,,HE,0075,,1450,TRACT HE-75  HEMPSTEAD TOWN,002,5,09,0,0,1,1,0,1,0,27,32,32,104,123,248,364,272,175,214,264,91,8,31,31,35,25,19,3,4,0,4,0,4,0,0
G3600590HE0076,1960,New York,36,Nassau,059,5600,,HE,0076,,1450,TRACT HE-76  HEMPSTEAD TOWN,002,5,08,0,0,1,1,1,1,0,13,20,16,24,52,128,216,159,169,91,427,228,99,84,32,8,4,0,0,12,0,0,0,0,0,4
G3600590HE0077,1960,New York,36,Nassau,059,5600,,HE,0077,,1450,TRACT HE-77 PT EAST MEADOW U,002,5,99,0,0,1,1,1,1,2,24,20,8,31,63,167,204,196,214,118,288,72,16,28,16,8,4,8,4,4,0,12,0,8,0,0
G3600590HE0078,1960,New York,36,Nassau,059,5600,,HE,0078,,1450,TRACT HE-78 EAST MEADOW -U-,002,5,10,0,0,1,1,1,1,0,20,25,12,35,55,122,232,156,243,205,334,97,4,47,37,76,48,22,32,13,0,0,0,0,0,0
G3600590HE0079,1960,New York,36,Nassau,059,5600,,HE,0079,,1450,TRACT HE-79 EAST MEADOW -U-,002,5,10,0,0,1,1,0,1,0,37,20,157,247,135,145,118,170,125,122,338,196,36,50,24,12,8,8,0,4,0,0,0,4,0,0
G3600590HE0080,1960,New York,36,Nassau,059,5600,,HE,0080,,1450,TRACT HE-80 EAST MEADOW -U-,002,5,10,0,0,1,1,1,1,0,20,28,20,28,44,160,183,236,229,177,438,125,40,31,24,8,11,11,12,5,0,4,4,0,0,0
G3600590HE0081,1960,New York,36,Nassau,059,5600,,HE,0081,,1450,TRACT HE-81 EAST MEADOW -U-,002,5,10,0,0,1,1,1,1,0,12,20,16,36,82,174,181,262,234,144,435,193,20,26,24,12,4,22,0,0,0,0,0,0,0,0
G3600590HE0082,1960,New York,36,Nassau,059,5600,,HE,0082,,1450,TRACT HE-82 EAST MEADOW -U-,002,5,10,0,0,1,1,1,1,0,11,18,39,74,124,221,346,318,168,197,260,42,4,23,17,15,15,0,7,0,4,0,3,0,0,0
G3600590HE0083,1960,New York,36,Nassau,059,5600,,HE,0083,,1450,TRACT HE-83 EAST MEADOW -U-,002,5,10,0,0,1,1,1,1,0,23,28,27,52,111,178,347,254,248,125,372,84,16,16,24,12,8,8,4,0,0,0,0,0,0,0
G3600590HE0084,1960,New York,36,Nassau,059,5600,,HE,0084,,1450,TRACT HE-84 LEVITTOWN -U-,002,5,08,0,0,1,1,1,1,0,4,3,12,8,8,76,112,121,111,94,329,83,18,3,5,8,4,14,4,0,0,4,0,4,0,0
G3600590HE0085,1960,New York,36,Nassau,059,5600,,HE,0085,,1450,TRACT HE-85 LEVITTOWN -U-,002,5,08,0,0,1,1,1,1,0,7,20,50,62,78,140,143,198,158,114,317,149,48,23,20,4,4,4,12,0,5,12,0,0,0,0
G3600590HE0086,1960,New York,36,Nassau,059,5600,,HE,0086,,1450,TRACT HE-86 LEVITTOWN -U-,002,5,11,0,0,1,1,1,1,0,28,15,28,48,66,152,251,219,128,109,229,75,0,7,8,0,4,0,7,4,0,0,0,0,0,0
G3600590HE0087,1960,New York,36,Nassau,059,5600,,HE,0087,,1450,TRACT HE-87 LEVITTOWN -U-,002,5,11,0,0,1,1,1,1,0,20,36,33,17,81,156,286,236,205,117,179,63,4,12,7,4,8,7,0,4,0,0,0,5,0,0
G3600590HE0088,1960,New York,36,Nassau,059,5600,,HE,0088,,1450,TRACT HE-88 LEVITTOWN -U-,002,5,11,0,0,1,1,1,1,0,31,26,9,43,90,242,339,362,254,133,333,39,0,11,8,8,11,8,16,0,4,8,4,5,0,0
G3600590HE0089,1960,New York,36,Nassau,059,5600,,HE,0089,,1450,TRACT HE-89 LEVITTOWN -U-,002,5,11,0,0,1,1,1,1,0,0,17,16,35,129,285,351,265,213,72,243,32,4,20,16,33,17,0,12,4,13,0,0,0,0,0
G3600590HE0090,1960,New York,36,Nassau,059,5600,,HE,0090,,1450,TRACT HE-90 LEVITTOWN -U-,002,5,11,0,0,1,1,1,1,0,9,7,19,47,85,195,273,310,227,156,292,50,5,8,8,23,12,0,7,3,0,0,0,0,9,0
G3600590HE0091,1960,New York,36,Nassau,059,5600,,HE,0091,,1450,TRACT HE-91 LEVITTOWN -U-,002,5,11,0,0,1,1,1,1,0,16,20,17,41,154,307,289,220,207,110,230,12,4,24,4,18,4,0,4,4,0,0,4,0,0,0
G3600590HE0092,1960,New York,36,Nassau,059,5600,,HE,0092,,1450,TRACT HE-92 LEVITTOWN -U-,002,5,11,0,0,1,1,1,1,0,16,12,48,62,133,241,301,332,247,120,226,40,4,27,4,9,4,17,4,11,4,0,0,0,0,0
G3600590HE0093,1960,New York,36,Nassau,059,5600,,HE,0093,,1450,TRACT HE-93 LEVITTOWN -U-,002,5,11,0,0,1,1,1,1,0,27,8,28,32,101,151,203,190,160,127,197,67,8,9,0,0,4,4,8,0,0,0,0,4,0,0
G3600590HE0094,1960,New York,36,Nassau,059,5600,,HE,0094,,1450,TRACT HE-94 LEVITTOWN -U-,002,5,11,0,0,1,1,1,1,0,4,4,8,12,64,144,153,201,183,127,327,111,4,15,12,0,4,4,4,0,0,0,0,0,0,0
G3600590HE0095,1960,New York,36,Nassau,059,5600,,HE,0095,,1450,TRACT HE-95 LEVITTOWN -U-,002,5,11,0,0,1,1,1,1,0,16,11,17,8,43,123,160,178,179,102,233,78,7,20,4,5,0,4,4,0,0,0,0,0,0,0
G3600590HE0096,1960,New York,36,Nassau,059,5600,,HE,0096,,1450,TRACT HE-96 WANTAGH -U-,002,5,10,0,0,1,1,1,1,0,12,8,12,16,58,114,217,225,131,178,490,116,12,8,0,4,8,9,8,0,0,0,0,4,0,0
G3600590HE0097,1960,New York,36,Nassau,059,5600,,HE,0097,,1450,TRACT HE-97 WANTAGH -U-,002,5,10,0,0,1,1,1,1,0,25,4,8,20,36,106,153,216,174,130,211,93,0,19,16,4,0,0,4,0,0,0,0,0,0,0
G3600590HE0098,1960,New York,36,Nassau,059,5600,,HE,0098,,1450,TRACT HE-98  HEMPSTEAD TOWN,002,5,08,0,0,1,1,1,1,0,25,13,33,55,65,127,117,192,115,74,357,159,44,8,8,4,17,4,0,0,0,0,0,0,0,0
G3600590HE0099,1960,New York,36,Nassau,059,5600,,HE,0099,,1450,TRACT HE-99  HEMPSTEAD TOWN,002,5,08,0,0,1,1,1,1,0,32,30,25,55,103,205,246,211,248,148,490,226,24,16,12,8,11,4,18,4,4,8,0,0,0,0
G3600590HE0100,1960,New York,36,Nassau,059,5600,,HE,0100,,1450,TRACT HE-100 HEMPSTEAD TOWN,002,5,08,0,0,1,1,1,1,0,23,8,16,12,8,77,71,107,88,88,350,108,53,12,16,8,0,4,4,4,4,0,0,0,0,0
G3600590HE0101,1960,New York,36,Nassau,059,5600,,HE,0101,,1450,TRACT HE-101 HEMPSTEAD TOWN,002,7,00,0,0,1,1,1,1,0,24,25,12,49,55,102,172,182,168,146,536,330,125,16,58,16,0,12,4,15,16,4,12,4,4,0
G3600590HE0102,1960,New York,36,Nassau,059,5600,,HE,0102,,1450,TRACT HE-102 HEMPSTEAD TOWN,002,4,07,0,0,1,1,1,1,0,24,11,16,32,43,60,80,78,114,94,335,223,62,42,17,24,8,0,8,0,8,0,0,4,4,0
G3600590HE0109,1960,New York,36,Nassau,059,5600,,HE,0109,,1450,TRACT HE-109 HEMPSTEAD TOWN,002,7,00,0,0,1,1,1,1,0,16,4,24,4,28,66,88,98,120,79,548,377,116,68,46,46,8,4,8,4,4,0,0,0,0,0
G3600590HE0110,1960,New York,36,Nassau,059,5600,,HE,0110,,1450,TRACT HE-110 HEMPSTEAD TOWN,002,5,08,0,0,1,1,0,1,0,43,42,58,117,145,166,224,149,122,77,203,45,4,66,41,53,22,8,29,9,9,0,0,0,0,0
G3600590HE0111,1960,New York,36,Nassau,059,5600,,HE,0111,,1450,TRACT HE-111 HEMPSTEAD TOWN,002,5,08,0,0,1,1,0,1,0,88,87,116,98,189,172,100,93,104,46,90,11,0,325,132,157,64,26,7,7,12,4,0,0,0,0
G3600590HE0113,1960,New York,36,Nassau,059,5600,,HE,0113,,1450,TRACT HE-113 HEMPSTEAD TOWN,002,5,08,0,0,1,1,1,1,0,33,17,20,21,29,73,92,121,98,93,578,476,234,217,89,93,25,5,4,8,0,0,0,0,0,0
G3600590HE0114,1960,New York,36,Nassau,059,5600,,HE,0114,,1450,TRACT HE-114 HEMPSTEAD TOWN,002,5,08,0,0,1,1,1,1,0,46,53,41,47,79,128,84,97,83,96,260,392,208,129,112,141,22,24,16,4,11,23,10,0,6,4
G3600590HE0115,1960,New York,36,Nassau,059,5600,,HE,0115,,1450,TRACT HE-115 HEMPSTEAD TOWN,002,4,02,0,0,1,1,1,1,0,21,9,22,25,23,12,22,8,4,13,114,149,449,113,126,159,21,0,7,4,0,4,0,8,0,4
G3600590HE0117,1960,New York,36,Nassau,059,5600,,HE,0117,,1450,TRACT HE-117 HEMPSTEAD TOWN,002,7,00,0,0,1,1,1,1,0,27,35,45,79,114,171,148,175,146,145,454,302,154,145,91,66,47,24,13,12,20,4,0,4,0,0
G3600590HE0121,1960,New York,36,Nassau,059,5600,,HE,0121,,1450,TRACT HE-121 HEMPSTEAD TOWN,002,4,08,0,0,1,1,1,1,0,28,47,28,55,112,153,135,184,128,150,434,300,86,120,68,93,22,16,24,12,19,33,4,9,4,4
G3600590HE0122,1960,New York,36,Nassau,059,5600,,HE,0122,,1450,TRACT HE-122 HEMPSTEAD TOWN,002,7,00,0,0,1,1,1,1,0,21,70,66,52,98,200,179,145,153,110,272,175,65,73,61,43,16,16,15,4,4,5,3,5,4,0
G3600590HE0128,1960,New York,36,Nassau,059,5600,,HE,0128,,1450,TRACT HE-128 HEMPSTEAD TOWN,002,7,00,0,0,1,1,1,1,0,23,12,6,19,38,60,177,82,65,63,214,129,75,26,40,21,8,0,4,0,0,0,0,4,0,0
G3600590HE0129,1960,New York,36,Nassau,059,5600,,HE,0129,,1450,TRACT HE-129 BALDWIN -U-,002,5,10,0,0,1,1,1,1,0,26,14,16,16,34,136,131,112,172,154,383,240,55,64,30,25,8,8,8,4,0,8,4,4,0,0
G3600590HE0130,1960,New York,36,Nassau,059,5600,,HE,0130,,1450,TRACT HE-130 OCEANSIDE -U-,002,5,10,0,0,1,1,1,1,0,40,34,50,67,103,218,203,204,196,121,308,83,40,64,43,36,23,11,10,12,3,0,3,0,8,0
G3600590HE0131,1960,New York,36,Nassau,059,5600,,HE,0131,,1450,TRACT HE-131 OCEANSIDE -U-,002,5,10,0,0,1,1,1,1,0,8,50,46,28,51,112,140,210,100,88,373,165,24,51,62,54,24,16,9,0,0,13,4,0,0,0
G3600590HE0132,1960,New York,36,Nassau,059,5600,,HE,0132,,1450,TRACT HE-132 OCEANSIDE -U-,002,5,10,0,0,1,1,1,1,0,19,27,20,26,86,175,185,183,186,119,368,131,20,76,46,7,14,20,4,5,0,0,0,12,4,0
G3600590HE0133,1960,New York,36,Nassau,059,5600,,HE,0133,,1450,TRACT HE-133 OCEANSIDE -U-,002,5,10,0,0,1,1,1,1,0,4,8,29,74,92,238,237,237,231,203,506,170,29,51,11,24,28,12,3,5,13,0,7,6,0,0
G3600590HE0134,1960,New York,36,Nassau,059,5600,,HE,0134,,1450,TRACT HE-134 OCEANSIDE -U-,002,5,10,0,0,1,1,1,1,0,8,4,15,24,40,92,90,81,69,72,303,168,61,52,13,13,0,12,0,0,4,0,7,0,4,0
G3600590HE0135,1960,New York,36,Nassau,059,5600,,HE,0135,,1450,TRACT HE-135 BALDWIN -U-,002,5,10,0,0,1,1,1,1,0,36,15,32,47,82,157,161,180,173,187,539,271,135,77,21,24,7,8,16,4,4,5,0,12,8,0
G3600590HE0136,1960,New York,36,Nassau,059,5600,,HE,0136,,1450,TRACT HE-136 BALDWIN -U-,002,5,10,0,0,1,1,1,1,0,28,17,59,79,110,136,152,149,110,71,293,201,48,65,46,55,47,20,18,21,20,18,8,4,0,0
G3600590HE0137,1960,New York,36,Nassau,059,5600,,HE,0137,,1450,TRACT HE-137 BALDWIN -U-,002,5,10,0,0,1,1,1,1,0,27,35,54,65,100,134,164,139,106,100,302,115,17,85,46,11,23,8,37,0,0,8,0,0,0,0
G3600590HE0138,1960,New York,36,Nassau,059,5600,,HE,0138,,1450,TRACT HE-138 BALDWIN -U-,002,5,10,0,0,1,1,1,1,0,16,37,40,23,117,171,223,171,124,132,371,128,11,77,40,23,8,18,8,4,4,0,0,0,4,0
G3600590HE0139,1960,New York,36,Nassau,059,5600,,HE,0139,,1450,TRACT HE-139 HEMPSTEAD TOWN,002,5,08,0,0,1,1,0,1,0,46,27,98,72,149,225,180,148,177,101,303,78,28,96,38,23,12,19,28,4,0,4,0,0,0,0
G3600590HE0140,1960,New York,36,Nassau,059,5600,,HE,0140,,1450,TRACT HE-140 HEMPSTEAD TOWN,002,5,08,0,0,1,1,0,1,0,57,32,83,96,165,179,184,193,168,107,286,68,12,142,43,37,23,28,15,15,10,4,4,0,0,0
G3600590HE0146,1960,New York,36,Nassau,059,5600,,HE,0146,,1450,TRACT HE-146 HEMPSTEAD TOWN,002,5,08,0,0,1,1,1,1,0,12,6,4,25,34,106,116,114,111,65,308,98,7,36,4,10,0,0,0,0,0,0,0,0,4,0
G3600590HE0147,1960,New York,36,Nassau,059,5600,,HE,0147,,1450,TRACT HE-147 HEMPSTEAD TOWN,002,5,08,0,0,1,1,1,1,0,4,28,37,19,41,131,116,142,153,91,286,132,19,39,15,21,15,7,7,4,4,0,0,0,0,0
G3600590HE0148,1960,New York,36,Nassau,059,5600,,HE,0148,,1450,TRACT HE-148 HEMPSTEAD TOWN,002,5,08,0,0,1,1,1,1,0,28,0,40,32,86,179,193,269,161,129,392,80,16,30,32,12,7,11,4,8,0,4,4,0,0,0
G3600590HE0149,1960,New York,36,Nassau,059,5600,,HE,0149,,1450,TRACT HE-149 HEMPSTEAD TOWN,002,5,08,0,0,1,1,1,1,0,16,17,29,29,97,160,237,212,186,156,435,113,26,31,30,17,15,10,3,3,0,0,0,0,0,0
G3600590HE0150,1960,New York,36,Nassau,059,5600,,HE,0150,,1450,TRACT HE-150 HEMPSTEAD TOWN,002,5,08,0,0,1,1,1,1,0,32,50,45,45,80,178,208,162,172,152,358,114,37,29,28,36,11,23,11,3,8,0,0,0,0,0
G3600590HE0151,1960,New York,36,Nassau,059,5600,,HE,0151,,1450,TRACT HE-151 HEMPSTEAD TOWN,002,7,00,0,0,1,1,1,1,0,12,16,28,31,75,108,192,164,126,76,295,176,120,36,57,29,8,12,24,4,0,0,0,8,0,4
G3600590HE0152,1960,New York,36,Nassau,059,5600,,HE,0152,,1450,TRACT HE-152 HEMPSTEAD TOWN,002,5,08,0,0,1,1,1,1,0,21,28,50,10,77,63,88,102,119,135,519,348,139,111,28,18,12,12,8,4,8,4,0,3,4,0
G3600590HE0153,1960,New York,36,Nassau,059,5600,,HE,0153,,1450,TRACT HE-153 HEMPSTEAD TOWN,002,5,08,0,0,1,1,1,1,0,38,12,41,58,84,179,186,184,157,130,313,79,12,79,30,41,25,29,12,3,0,0,0,12,0,0
G3600590HE0154,1960,New York,36,Nassau,059,5600,,HE,0154,,1450,TRACT HE-154 HEMPSTEAD TOWN,002,5,08,0,0,1,1,1,1,0,20,32,55,64,150,242,189,195,236,111,392,95,4,66,30,30,12,12,12,4,8,4,0,0,4,0
G3600590HE0155,1960,New York,36,Nassau,059,5600,,HE,0155,,1450,TRACT HE-155 WANTAGH -U-,002,5,10,0,0,1,1,1,1,0,4,4,4,0,20,88,77,107,52,108,213,112,8,0,12,8,4,0,4,4,0,0,0,0,0,0
G3600590HE0156,1960,New York,36,Nassau,059,5600,,HE,0156,,1450,TRACT HE-156 WANTAGH -U-,002,5,10,0,0,1,1,1,1,0,25,21,37,20,52,113,165,130,127,136,391,191,24,38,10,4,23,12,12,0,0,5,0,5,4,0
G3600590HE0157,1960,New York,36,Nassau,059,5600,,HE,0157,,1450,TRACT HE-157 WANTAGH -U-,002,5,10,0,0,1,1,1,1,0,12,8,39,28,77,195,180,184,180,99,249,71,9,32,29,16,28,5,7,4,16,0,0,4,5,0
G3600590HE0158,1960,New York,36,Nassau,059,5600,,HE,0158,,1450,TRACT HE-158 WANTAGH -U-,002,5,10,0,0,1,1,1,1,0,16,19,22,33,54,155,201,236,183,182,520,267,36,67,11,23,16,7,3,8,4,8,0,3,0,0
G3600590HE0159,1960,New York,36,Nassau,059,5600,,HE,0159,,1450,TRACT HE-159 HEMPSTEAD TOWN,002,5,08,0,0,1,1,1,1,0,9,24,18,9,38,91,131,184,225,119,396,145,5,38,12,12,0,8,0,10,0,0,0,3,0,0
G3600590HE0160,1960,New York,36,Nassau,059,5600,,HE,0160,,1450,TRACT HE-160 HEMPSTEAD TOWN,002,5,08,0,0,1,1,1,1,0,13,9,23,33,50,106,160,137,97,95,281,60,22,55,24,13,9,4,0,0,0,4,0,0,0,0
G3600590HE0161,1960,New York,36,Nassau,059,5600,,HE,0161,,1450,TRACT HE-161 HEMPSTEAD TOWN,002,5,08,0,0,1,1,1,1,0,19,31,36,55,112,160,122,126,133,89,211,21,12,45,25,16,0,24,21,0,0,8,4,5,0,0
G3600590HE0162,1960,New York,36,Nassau,059,5600,,HE,0162,,1450,TRACT HE-162 HEMPSTEAD TOWN,002,7,00,0,0,1,1,1,1,0,34,58,52,85,154,177,257,195,122,133,304,66,12,64,61,16,41,16,10,0,0,4,7,8,5,0
G3600590HE0163,1960,New York,36,Nassau,059,5600,,HE,0163,,1450,TRACT HE-163 HEMPSTEAD TOWN,002,7,00,0,0,1,1,1,1,0,20,3,10,34,32,34,31,19,44,43,135,106,90,23,20,44,15,26,11,11,0,0,0,0,0,0
G3600590HE0169,1960,New York,36,Nassau,059,5600,,HE,0169,,1450,TRACT HE-169 HEMPSTEAD TOWN,002,7,00,0,0,1,1,1,1,0,0,8,13,20,36,25,25,40,32,20,118,153,65,77,103,63,41,5,22,0,0,5,0,4,8,0
G3600590HV0067,1960,New York,36,Nassau,059,5600,,HV,0067,,1450,TRACT HV-67 HEMPSTEAD VILLAGE,002,4,10,0,0,1,1,1,1,0,28,49,37,78,76,121,108,116,86,66,280,197,57,245,74,102,79,78,31,21,27,31,4,27,4,4
G3600590HV0068,1960,New York,36,Nassau,059,5600,,HV,0068,,1450,TRACT HV-68 HEMPSTEAD VILLAGE,002,4,10,0,0,1,1,1,1,0,16,64,59,80,97,123,131,144,124,69,154,38,4,115,143,117,75,79,44,44,33,27,16,42,0,0
G3600590HV0069,1960,New York,36,Nassau,059,5600,,HV,0069,,1450,TRACT HV-69 HEMPSTEAD VILLAGE,002,4,10,0,0,1,1,0,1,0,38,16,41,80,118,146,177,115,96,65,177,58,11,109,69,55,54,25,28,17,13,5,5,8,0,0
G3600590HV0070,1960,New York,36,Nassau,059,5600,,HV,0070,,1450,TRACT HV-70 HEMPSTEAD VILLAGE,002,4,10,0,0,1,1,0,1,0,83,77,118,135,176,187,172,128,105,76,204,67,0,191,108,109,52,25,16,16,0,0,0,5,0,0
G3600590HV0071,1960,New York,36,Nassau,059,5600,,HV,0071,,1450,TRACT HV-71 HEMPSTEAD VILLAGE,002,4,10,0,0,1,1,1,1,0,27,28,42,98,115,269,274,269,276,178,423,197,19,60,32,38,24,16,12,8,5,4,0,12,0,0
G3600590HV0072,1960,New York,36,Nassau,059,5600,,HV,0072,,1450,TRACT HV-72 HEMPSTEAD VILLAGE,002,4,10,0,0,1,1,1,1,0,28,67,53,54,124,121,186,210,232,127,468,137,37,110,60,37,48,27,45,12,46,9,0,16,4,0
G3600590KP0001,1960,New York,36,Nassau,059,5600,,KP,0001,,1450,TRACT KP-1 NORTH HEMPSTEAD TOWN,004,4,07,0,0,1,1,1,1,0,24,8,8,22,27,28,20,28,12,12,97,241,611,117,126,195,19,0,0,17,4,4,0,0,0,8
G3600590KP0002,1960,New York,36,Nassau,059,5600,,KP,0002,,1450,TRACT KP-2 NORTH HEMPSTEAD TOWN,004,4,07,0,0,1,1,1,1,0,0,0,0,0,0,0,0,4,0,0,0,0,5,514,99,8,18,8,0,0,0,0,0,0,0,0
G3600590LA0116,1960,New York,36,Nassau,059,5600,,LA,0116,,1450,TRACT LA-116 HEMPSTEAD TOWN,002,4,07,0,0,1,1,1,1,0,26,20,45,54,32,41,41,26,51,33,222,405,554,123,144,213,19,7,3,17,2,3,0,14,14,0
G3600590LB0164,1960,New York,36,Nassau,059,5600,,LB,0164,,1450,TRACT LB-164 LONG BEACH CITY,003,4,10,0,0,1,1,1,1,0,52,42,61,87,112,163,159,162,89,81,230,81,23,105,51,39,27,16,19,4,13,0,4,15,0,0
G3600590LB0165,1960,New York,36,Nassau,059,5600,,LB,0165,,1450,TRACT LB-165 LONG BEACH CITY,003,4,10,0,0,1,1,0,1,0,29,99,152,117,161,123,90,81,110,60,257,151,51,115,156,42,41,19,0,19,7,0,4,0,0,0
G3600590LB0166,1960,New York,36,Nassau,059,5600,,LB,0166,,1450,TRACT LB-166 LONG BEACH CITY,003,4,10,0,0,1,1,1,1,0,70,66,130,122,133,113,122,98,68,69,178,126,95,445,305,241,59,47,38,34,28,8,10,20,16,0
G3600590LB0167,1960,New York,36,Nassau,059,5600,,LB,0167,,1450,TRACT LB-167 LONG BEACH CITY,003,4,10,0,0,1,1,1,1,0,55,78,134,106,134,160,123,81,201,126,380,221,44,219,48,125,58,30,66,37,30,9,0,14,0,0
G3600590LB0168,1960,New York,36,Nassau,059,5600,,LB,0168,,1450,TRACT LB-168 LONG BEACH CITY,003,4,10,0,0,1,1,1,1,0,11,26,53,54,103,124,76,129,75,54,277,150,46,53,42,36,14,0,40,22,4,0,0,31,0,0
G3600590LY0118,1960,New York,36,Nassau,059,5600,,LY,0118,,1450,TRACT LY-118 HEMPSTEAD TOWN,002,4,08,0,0,1,1,1,1,0,49,57,25,85,108,181,178,189,148,156,442,134,24,49,50,28,4,29,17,9,20,4,8,0,0,0
G3600590LY0119,1960,New York,36,Nassau,059,5600,,LY,0119,,1450,TRACT LY-119 HEMPSTEAD TOWN,002,4,08,0,0,1,1,1,1,0,49,23,44,65,115,175,226,111,156,119,415,212,89,92,45,31,44,26,27,20,8,0,4,13,0,0
G3600590LY0120,1960,New York,36,Nassau,059,5600,,LY,0120,,1450,TRACT LY-120 HEMPSTEAD TOWN,002,4,08,0,0,1,1,1,1,0,23,54,43,78,161,205,221,207,199,142,359,139,29,86,58,32,31,3,30,0,7,5,4,3,4,0
G3600590MI0035,1960,New York,36,Nassau,059,5600,,MI,0035,,1450,TRACT MI-35 NORTH HEMPSTEAD TOWN,004,4,09,0,0,0,0,1,1,0,30,28,38,31,61,176,190,277,196,138,362,137,20,81,25,25,22,17,16,4,4,0,5,4,0,0
G3600590MI0036,1960,New York,36,Nassau,059,5600,,MI,0036,,1450,TRACT MI-36  HEMPSTEAD TOWN,004,4,09,0,0,0,0,1,1,0,27,53,63,79,190,251,222,196,163,155,303,123,16,165,73,99,106,63,50,39,14,24,4,14,0,0
G3600590MI0037,1960,New York,36,Nassau,059,5600,,MI,0037,,1450,TRACT MI-37  HEMPSTEAD TOWN,004,4,09,0,0,0,0,1,1,0,18,18,29,38,77,162,256,264,263,173,386,116,16,28,27,7,30,51,39,7,7,5,0,4,3,4
G3600590MP0215,1960,New York,36,Nassau,059,5600,,MP,0215,,1450,TRACT MP-215 OYSTER BAY TOWN,005,4,08,0,0,1,1,1,1,0,15,32,11,12,31,169,220,239,227,140,303,52,7,11,0,0,0,0,4,0,0,0,4,0,0,0
G3600590MP0216,1960,New York,36,Nassau,059,5600,,MP,0216,,1450,TRACT MP-216 OYSTER BAY TOWN,005,4,08,0,0,1,1,1,1,0,17,33,12,34,107,216,406,317,310,212,438,66,8,34,12,9,13,8,8,0,4,0,0,0,0,0
G3600590MP0217,1960,New York,36,Nassau,059,5600,,MP,0217,,1450,TRACT MP-217 OYSTER BAY TOWN,005,4,08,0,0,1,1,1,1,0,9,4,16,21,49,84,107,108,105,102,226,122,56,26,29,5,4,4,12,3,0,0,0,0,0,0
G3600590MU0017,1960,New York,36,Nassau,059,5600,,MU,0017,,1450,TRACT MU-17 NORTH HEMPSTEAD TOWN,004,4,06,0,0,1,1,1,1,0,9,0,4,8,4,4,8,5,12,8,128,260,264,8,20,8,8,7,4,0,0,4,4,16,0,0
G3600590NH0005,1960,New York,36,Nassau,059,5600,,NH,0005,,1450,TRACT NH-5 NORTH HEMPSTEAD TOWN,004,4,06,0,0,1,1,0,1,0,16,0,34,15,16,22,24,17,41,24,243,387,525,192,154,190,21,8,4,9,9,4,0,25,9,4
G3600590NH0006,1960,New York,36,Nassau,059,5600,,NH,0006,,1450,TRACT NH-6 NORTH HEMPSTEAD TOWN,004,4,03,0,0,1,1,1,1,0,32,16,31,37,37,52,75,63,82,57,327,448,433,177,107,149,41,25,28,12,18,15,21,9,0,4
G3600590NH0008,1960,New York,36,Nassau,059,5600,,NH,0008,,1450,TRACT NH-8 NORTH HEMPSTEAD TOWN,004,7,00,0,0,1,1,1,1,0,17,5,12,47,75,95,137,132,147,141,343,204,139,44,59,27,12,5,19,5,4,0,0,16,4,0
G3600590NH0009,1960,New York,36,Nassau,059,5600,,NH,0009,,1450,TRACT NH-9 NORTH HEMPSTEAD TOWN,004,4,06,0,0,1,1,1,1,0,4,9,13,18,12,40,12,4,15,8,117,227,313,96,59,119,27,0,14,0,0,7,0,4,12,4
G3600590NH0010,1960,New York,36,Nassau,059,5600,,NH,0010,,1450,TRACT NH-10 NORTH HEMPSTEAD TOWN,004,5,08,0,0,1,1,1,1,0,16,16,20,18,31,46,34,35,52,31,167,315,380,73,79,95,34,24,8,8,12,12,0,11,13,8
G3600590NH0011,1960,New York,36,Nassau,059,5600,,NH,0011,,1450,TRACT NH-11 NORTH HEMPSTEAD TOWN,004,7,00,0,0,1,1,1,1,0,15,35,47,90,116,244,179,134,177,154,293,133,17,44,10,28,13,17,21,9,0,0,0,0,8,0
G3600590NH0012,1960,New York,36,Nassau,059,5600,,NH,0012,,1450,TRACT NH-12 NORTH HEMPSTEAD TOWN,004,4,02,0,0,1,1,1,1,0,11,7,40,48,75,126,91,101,88,60,316,330,327,55,69,57,32,48,28,16,35,17,28,9,28,0
G3600590NH0013,1960,New York,36,Nassau,059,5600,,NH,0013,,1450,TRACT NH-13 NORTH HEMPSTEAD TOWN,004,5,08,0,0,1,1,0,1,0,52,45,74,73,118,121,148,98,89,91,255,184,37,95,52,60,52,63,15,3,7,0,7,0,0,0
G3600590NH0014,1960,New York,36,Nassau,059,5600,,NH,0014,,1450,TRACT NH-14 NORTH HEMPSTEAD TOWN,004,5,08,0,0,1,1,1,1,0,0,4,8,12,11,36,51,38,44,69,229,136,47,8,4,0,4,13,9,4,0,0,0,4,4,0
G3600590NH0015,1960,New York,36,Nassau,059,5600,,NH,0015,,1450,TRACT NH-15 NORTH HEMPSTEAD TOWN,004,7,00,0,0,1,1,1,1,0,4,5,0,7,25,8,20,20,12,16,178,259,272,33,18,50,0,4,4,0,0,8,0,0,3,15
G3600590NH0018,1960,New York,36,Nassau,059,5600,,NH,0018,,1450,TRACT NH-18 NORTH HEMPSTEAD TOWN,004,7,00,0,0,1,1,0,1,0,29,49,82,68,134,132,95,103,78,66,247,172,79,267,144,126,64,41,44,13,8,19,12,3,8,0
G3600590NH0019,1960,New York,36,Nassau,059,5600,,NH,0019,,1450,TRACT NH-19 NORTH HEMPSTEAD TOWN,004,7,00,0,0,1,1,1,1,0,8,9,16,8,12,19,25,32,5,41,167,285,300,33,18,37,7,8,10,9,4,0,0,8,12,4
G3600590NH0020,1960,New York,36,Nassau,059,5600,,NH,0020,,1450,TRACT NH-20 NORTH HEMPSTEAD TOWN,004,4,02,0,0,1,1,1,1,0,11,57,25,33,82,84,72,75,83,68,237,235,298,53,101,82,28,8,29,10,9,12,5,14,8,8
G3600590NH0021,1960,New York,36,Nassau,059,5600,,NH,0021,,1450,TRACT NH-21 NORTH HEMPSTEAD TOWN,004,7,00,0,0,1,1,1,1,0,8,18,17,53,27,56,82,60,98,81,406,571,490,276,70,69,9,4,0,4,8,0,0,0,0,0
G3600590NH0022,1960,New York,36,Nassau,059,5600,,NH,0022,,1450,TRACT NH-22 NORTH HEMPSTEAD TOWN,004,7,00,0,0,1,1,0,1,0,8,30,39,64,106,74,125,77,98,76,220,127,17,92,49,30,44,25,10,16,0,8,8,12,0,0
G3600590NH0023,1960,New York,36,Nassau,059,5600,,NH,0023,,1450,TRACT NH-23 NORTH HEMPSTEAD TOWN,004,7,00,0,0,1,1,1,1,0,0,4,13,0,7,16,43,33,67,43,253,226,108,40,30,33,0,0,0,0,0,0,0,4,0,0
G3600590NH0024,1960,New York,36,Nassau,059,5600,,NH,0024,,1450,TRACT NH-24 NORTH HEMPSTEAD TOWN,004,7,00,0,0,1,1,1,1,0,8,12,21,40,53,112,217,147,178,134,333,127,20,36,24,4,4,12,4,4,4,0,0,8,0,4
G3600590NH0025,1960,New York,36,Nassau,059,5600,,NH,0025,,1450,TRACT NH-25 NORTH HEMPSTEAD TOWN,004,7,00,0,0,1,1,1,1,0,17,12,4,40,48,33,41,52,65,40,230,349,409,96,89,119,40,8,13,0,0,4,0,5,4,18
G3600590NH0027,1960,New York,36,Nassau,059,5600,,NH,0027,,1450,TRACT NH-27 NORTH HEMPSTEAD TOWN,004,5,08,0,0,1,1,1,1,0,16,28,30,40,110,189,148,141,127,55,343,96,20,24,8,4,8,0,28,3,4,0,5,0,0,0
G3600590NH0028,1960,New York,36,Nassau,059,5600,,NH,0028,,1450,TRACT NH-28 NORTH HEMPSTEAD TOWN,004,5,08,0,0,1,1,1,1,0,36,28,28,40,76,146,170,226,244,161,535,273,56,18,29,21,12,8,0,0,4,4,0,4,0,0
G3600590NH0029,1960,New York,36,Nassau,059,5600,,NH,0029,,1450,TRACT NH-29 NORTH HEMPSTEAD TOWN,004,5,08,0,0,1,1,1,1,0,17,12,20,20,37,74,134,112,156,171,470,162,28,36,14,11,15,13,0,17,0,0,0,8,0,0
G3600590NH0030,1960,New York,36,Nassau,059,5600,,NH,0030,,1450,TRACT NH-30 NORTH HEMPSTEAD TOWN,004,4,08,0,0,1,1,1,1,0,20,36,37,62,107,145,168,224,204,124,366,148,12,35,27,15,16,32,12,8,8,8,4,3,0,0
G3600590NH0031,1960,New York,36,Nassau,059,5600,,NH,0031,,1450,TRACT NH-31 NORTH HEMPSTEAD TOWN,004,5,08,0,0,1,1,1,1,0,9,8,8,20,68,139,147,175,128,161,562,286,77,38,16,16,8,0,7,0,0,4,2,0,0,0
G3600590NH0032,1960,New York,36,Nassau,059,5600,,NH,0032,,1450,TRACT NH-32 NORTH HEMPSTEAD TOWN,004,5,08,0,0,1,1,1,1,0,24,38,24,68,95,186,247,260,202,217,505,155,44,49,39,29,29,17,17,11,9,4,8,4,0,0
G3600590NH0038,1960,New York,36,Nassau,059,5600,,NH,0038,,1450,TRACT NH-38  HEMPSTEAD TOWN,004,7,00,0,0,1,1,1,1,0,21,15,32,37,51,151,163,160,159,131,331,107,13,28,24,16,4,11,0,4,4,8,0,0,0,0
G3600590NH0042,1960,New York,36,Nassau,059,5600,,NH,0042,,1450,TRACT NH-42  HEMPSTEAD TOWN,004,7,00,0,0,1,1,0,1,0,24,56,90,106,184,241,204,191,178,101,310,156,24,79,48,32,47,16,4,0,4,4,7,0,0,0
G3600590OB0174,1960,New York,36,Nassau,059,5600,,OB,0174,,1450,TRACT OB-174 OYSTER BAY TOWN,005,4,07,0,0,1,1,1,1,0,25,56,57,69,109,157,104,136,109,126,357,167,24,115,69,34,36,35,24,29,12,15,0,20,4,4
G3600590OB0175,1960,New York,36,Nassau,059,5600,,OB,0175,,1450,TRACT OB-175 OYSTER BAY TOWN,005,4,02,0,0,1,1,1,1,0,11,7,16,27,54,57,104,129,98,101,259,139,28,33,27,25,8,0,16,4,0,8,0,9,0,0
G3600590OB0176,1960,New York,36,Nassau,059,5600,,OB,0176,,1450,TRACT OB-176 OYSTER BAY TOWN,005,7,00,0,0,1,1,1,1,0,12,34,21,38,100,146,95,91,81,99,210,135,65,35,26,16,16,16,16,12,7,4,7,0,5,0
G3600590OB0177,1960,New York,36,Nassau,059,5600,,OB,0177,,1450,TRACT OB-177 OYSTER BAY TOWN,005,7,00,0,0,1,1,1,1,0,8,4,21,39,60,69,49,45,47,31,164,350,459,172,167,165,70,29,12,4,0,8,4,4,0,16
G3600590OB0178,1960,New York,36,Nassau,059,5600,,OB,0178,,1450,TRACT OB-178 OYSTER BAY TOWN,005,4,02,0,0,1,1,1,1,0,32,43,46,82,105,123,145,124,149,105,269,179,237,128,62,140,67,16,19,8,12,12,5,4,9,8
G3600590OB0179,1960,New York,36,Nassau,059,5600,,OB,0179,,1450,TRACT OB-179 OYSTER BAY TOWN,005,7,00,0,0,1,1,1,1,0,25,20,22,79,94,139,177,147,101,63,168,111,48,55,50,9,16,6,27,4,9,3,0,4,4,0
G3600590OB0180,1960,New York,36,Nassau,059,5600,,OB,0180,,1450,TRACT OB-180 OYSTER BAY TOWN,005,7,00,0,0,1,1,0,1,0,27,41,74,104,156,179,139,113,116,107,303,137,16,151,83,33,43,16,28,11,4,0,7,13,8,0
G3600590OB0181,1960,New York,36,Nassau,059,5600,,OB,0181,,1450,TRACT OB-181 OYSTER BAY TOWN,005,7,00,0,0,1,1,1,1,0,4,4,12,20,24,53,44,84,80,37,170,76,53,24,11,12,12,9,0,0,0,0,0,0,0,0
G3600590OB0182,1960,New York,36,Nassau,059,5600,,OB,0182,,1450,TRACT OB-182 OYSTER BAY TOWN,005,7,00,0,0,1,1,1,1,0,25,12,17,45,23,67,52,37,43,51,158,219,220,52,73,103,32,11,11,0,0,3,0,12,8,7
G3600590OB0183,1960,New York,36,Nassau,059,5600,,OB,0183,,1450,TRACT OB-183 OYSTER BAY TOWN,005,7,00,0,0,1,1,1,1,0,20,23,27,32,53,105,113,148,150,97,320,192,35,24,21,19,4,16,4,3,8,0,0,3,0,0
G3600590OB0184,1960,New York,36,Nassau,059,5600,,OB,0184,,1450,TRACT OB-184 OYSTER BAY TOWN,005,7,00,0,0,1,1,1,1,0,0,4,4,16,16,45,100,59,80,70,264,134,24,119,9,22,0,12,0,3,0,4,0,0,0,0
G3600590OB0185,1960,New York,36,Nassau,059,5600,,OB,0185,,1450,TRACT OB-185 OYSTER BAY TOWN,005,5,08,0,0,1,1,1,1,0,16,16,33,27,25,108,164,146,152,147,466,190,45,36,23,15,0,4,4,0,4,0,4,5,0,0
G3600590OB0186,1960,New York,36,Nassau,059,5600,,OB,0186,,1450,TRACT OB-186 OYSTER BAY TOWN,005,5,08,0,0,1,1,1,1,0,12,60,4,0,8,42,72,72,83,72,400,205,71,80,40,24,26,7,0,0,0,0,0,0,0,0
G3600590OB0187,1960,New York,36,Nassau,059,5600,,OB,0187,,1450,TRACT OB-187 OYSTER BAY TOWN,005,5,08,0,0,1,1,1,1,0,17,28,20,20,58,132,125,237,216,166,547,172,16,15,18,4,11,12,8,0,0,0,0,0,0,0
G3600590OB0188,1960,New York,36,Nassau,059,5600,,OB,0188,,1450,TRACT OB-188 OYSTER BAY TOWN,005,5,08,0,0,1,1,1,1,0,4,8,0,9,12,20,57,75,97,92,359,238,42,16,35,11,4,0,0,0,0,0,0,0,0,0
G3600590OB0189,1960,New York,36,Nassau,059,5600,,OB,0189,,1450,TRACT OB-189 HICKS VILLE -U-,005,5,11,0,0,1,1,1,1,0,30,29,47,80,142,256,267,302,203,187,367,76,21,71,11,10,34,17,17,19,26,8,4,0,0,0
G3600590OB0190,1960,New York,36,Nassau,059,5600,,OB,0190,,1450,TRACT OB-190 HICKS VILLE -U-,005,5,11,0,0,1,1,1,1,0,8,16,23,40,68,206,232,235,297,174,402,88,4,16,27,12,3,16,16,0,0,0,8,0,0,0
G3600590OB0191,1960,New York,36,Nassau,059,5600,,OB,0191,,1450,TRACT OB-191 HICKS VILLE -U-,005,5,11,0,0,1,1,1,1,0,15,30,23,44,69,143,264,272,236,150,363,113,8,40,5,5,19,4,8,8,0,0,4,0,4,0
G3600590OB0192,1960,New York,36,Nassau,059,5600,,OB,0192,,1450,TRACT OB-192 HICKS VILLE -U-,005,5,11,0,0,1,1,1,1,0,8,17,12,36,82,202,274,302,190,211,385,93,12,12,4,4,4,12,4,4,4,0,4,4,0,0
G3600590OB0193,1960,New York,36,Nassau,059,5600,,OB,0193,,1450,TRACT OB-193 HICKS VILLE -U-,005,5,11,0,0,1,1,1,1,0,29,60,46,51,129,220,188,220,179,96,304,49,4,69,49,40,34,42,26,21,0,12,7,11,0,0
G3600590OB0194,1960,New York,36,Nassau,059,5600,,OB,0194,,1450,TRACT OB-194 HICKS VILLE -U-,005,5,11,0,0,1,1,1,1,0,0,12,9,37,22,142,180,173,185,120,349,82,4,17,21,21,4,15,13,4,8,3,13,0,0,0
G3600590OB0195,1960,New York,36,Nassau,059,5600,,OB,0195,,1450,TRACT OB-195 HICKS VILLE -U-,005,5,11,0,0,1,1,1,1,0,8,13,23,16,52,184,298,285,198,129,443,99,20,16,4,0,4,4,0,8,0,4,4,0,0,0
G3600590OB0196,1960,New York,36,Nassau,059,5600,,OB,0196,,1450,TRACT OB-196 PLAIN VIEW -U-,005,5,10,0,0,1,1,1,1,0,25,16,24,39,52,189,215,239,299,155,570,205,12,28,8,4,8,4,0,0,0,0,0,0,0,0
G3600590OB0197,1960,New York,36,Nassau,059,5600,,OB,0197,,,TRACT OB-197 PT OYSTER BAY TOWN,005,9,99,0,0,1,1,1,1,2,17,12,20,46,79,134,238,303,259,252,833,356,16,60,18,4,0,5,0,4,0,0,0,4,0,0
G3600590OB0198,1960,New York,36,Nassau,059,5600,,OB,0198,,1450,TRACT OB-198 PLAIN VIEW -U-,005,5,10,0,0,1,1,1,1,0,17,16,19,20,53,120,267,255,319,188,559,141,13,20,9,0,0,0,0,4,0,4,0,0,0,0
G3600590OB0199,1960,New York,36,Nassau,059,5600,,OB,0199,,1450,TRACT OB-199 OYSTER BAY TOWN,005,5,09,0,0,1,1,1,1,0,12,48,16,36,46,141,196,193,186,125,283,108,20,11,11,3,4,8,8,7,4,4,4,4,0,0
G3600590OB0200,1960,New York,36,Nassau,059,5600,,OB,0200,,1450,TRACT OB-200 OYSTER BAY TOWN,005,5,09,0,0,1,1,1,1,0,36,49,63,82,178,294,397,373,273,156,332,103,28,81,42,6,14,17,9,4,9,4,0,0,0,0
G3600590OB0201,1960,New York,36,Nassau,059,5600,,OB,0201,,1450,TRACT OB-201 OYSTER BAY TOWN,005,5,09,0,0,1,1,1,1,0,6,16,8,12,22,104,139,155,168,132,350,75,0,37,8,46,27,8,17,5,0,0,4,0,0,0
G3600590OB0202,1960,New York,36,Nassau,059,5600,,OB,0202,,1450,TRACT OB-202 OYSTER BAY TOWN,005,5,09,0,0,1,1,1,1,0,10,30,4,31,50,81,144,127,123,81,179,47,0,8,15,9,4,0,0,4,4,0,0,0,0,0
G3600590OB0203,1960,New York,36,Nassau,059,5600,,OB,0203,,1450,TRACT OB-203 OYSTER BAY TOWN,005,5,09,0,0,1,1,1,1,0,4,8,32,27,39,195,262,299,225,206,363,46,8,8,4,4,8,8,12,0,4,0,0,3,0,0
G3600590OB0205,1960,New York,36,Nassau,059,5600,,OB,0205,,1450,TRACT OB-205 OYSTER BAY TOWN,005,5,08,0,0,1,1,1,1,0,23,16,28,40,130,294,384,293,314,300,439,116,12,16,17,12,12,4,0,4,8,4,0,0,0,0
G3600590OB0206,1960,New York,36,Nassau,059,5600,,OB,0206,,1450,TRACT OB-206 OYSTER BAY TOWN,005,5,08,0,0,1,1,1,1,0,16,24,26,23,48,146,243,290,228,173,246,37,0,20,4,8,0,4,4,0,4,0,0,0,0,0
G3600590OB0207,1960,New York,36,Nassau,059,5600,,OB,0207,,1450,TRACT OB-207 OYSTER BAY TOWN,005,5,09,0,0,1,1,1,1,0,18,4,4,25,80,140,217,184,158,144,283,70,4,12,4,0,8,4,0,0,4,4,0,0,0,0
G3600590OB0208,1960,New York,36,Nassau,059,5600,,OB,0208,,1450,TRACT OB-208 OYSTER BAY TOWN,005,5,09,0,0,1,1,1,1,0,8,4,12,15,32,104,174,241,159,118,278,52,13,4,8,21,0,4,8,5,0,4,0,0,0,0
G3600590OB0209,1960,New York,36,Nassau,059,5600,,OB,0209,,1450,TRACT OB-209 MASSAPEQUA -U-,005,5,10,0,0,1,1,1,1,0,20,21,5,34,40,147,135,221,174,100,287,129,15,4,8,5,0,4,0,0,7,0,0,4,0,0
G3600590OB0210,1960,New York,36,Nassau,059,5600,,OB,0210,,1450,TRACT OB-210 MASSAPEQUA -U-,005,5,10,0,0,1,1,1,1,0,12,20,17,48,28,172,281,233,168,110,220,20,4,21,24,9,4,0,4,0,0,0,0,0,0,0
G3600590OB0211,1960,New York,36,Nassau,059,5600,,OB,0211,,1450,TRACT OB-211 MASSAPEQUA -U-,005,5,10,0,0,1,1,1,1,0,12,16,3,45,76,103,176,194,145,143,273,41,4,4,12,0,12,5,4,4,0,0,0,0,5,0
G3600590OB0212,1960,New York,36,Nassau,059,5600,,OB,0212,,1450,TRACT OB-212 MASSAPEQUA -U-,005,5,10,0,0,1,1,1,1,0,4,11,12,20,40,106,94,91,92,77,206,36,12,19,4,9,8,8,8,0,8,4,0,0,4,0
G3600590OB0213,1960,New York,36,Nassau,059,5600,,OB,0213,,1450,TRACT OB-213 MASSAPEQUA -U-,005,5,10,0,0,1,1,1,1,0,27,33,39,36,101,240,192,219,220,163,462,87,31,39,34,15,20,9,8,0,5,4,0,8,13,0
G3600590OB0214,1960,New York,36,Nassau,059,5600,,OB,0214,,1450,TRACT OB-214 MASSAPEQUA -U-,005,5,10,0,0,1,1,1,1,0,35,24,15,32,23,78,85,95,124,87,486,332,84,52,28,18,3,4,8,11,8,2,4,8,0,0
G3600590OB0218,1960,New York,36,Nassau,059,5600,,OB,0218,,1450,TRACT OB-218 OYSTER BAY TOWN,005,5,08,0,0,1,1,1,1,0,12,4,13,51,92,181,345,338,312,215,593,97,20,32,4,13,16,0,8,4,0,0,0,4,4,8
G3600590OB0219,1960,New York,36,Nassau,059,5600,,OB,0219,,1450,TRACT OB-219 OYSTER BAY TOWN,005,7,00,0,0,1,1,1,1,0,12,4,4,17,37,61,120,102,128,115,324,202,65,3,5,12,4,0,7,8,0,3,0,0,0,0
G3600590OB0220,1960,New York,36,Nassau,059,5600,,OB,0220,,1450,TRACT OB-220 OYSTER BAY TOWN,005,7,00,0,0,1,1,1,1,0,20,29,26,33,85,118,171,148,113,77,238,35,14,39,39,11,16,16,8,0,4,0,4,0,0,0
G3600590RC0123,1960,New York,36,Nassau,059,5600,,RC,0123,,1450,TRACT RC-123 ROCKVILLE CENTER VILLAGE,002,4,10,0,0,0,0,1,1,0,62,55,35,88,109,132,176,140,168,91,450,194,58,161,84,105,90,71,67,24,31,16,8,11,8,3
G3600590RC0124,1960,New York,36,Nassau,059,5600,,RC,0124,,1450,TRACT RC-124 ROCKVILLE CENTER VILLAGE,002,4,10,0,0,0,0,0,1,0,42,71,42,64,133,136,177,98,119,102,265,136,55,278,133,156,43,56,29,33,17,9,4,4,8,5
G3600590RC0125,1960,New York,36,Nassau,059,5600,,RC,0125,,1450,TRACT RC-125 ROCKVILLE CENTER VILLAGE,002,4,10,0,0,0,0,1,1,0,12,15,29,37,47,57,90,72,91,58,332,206,112,67,51,23,21,30,21,0,4,2,7,4,0,0
G3600590RC0126,1960,New York,36,Nassau,059,5600,,RC,0126,,1450,TRACT RC-126 ROCKVILLE CENTER VILLAGE,002,4,10,0,0,0,0,1,1,0,12,12,13,4,16,8,8,44,28,37,218,332,335,173,71,47,8,11,12,4,4,0,5,4,4,0
G3600590RC0127,1960,New York,36,Nassau,059,5600,,RC,0127,,1450,TRACT RC-127 ROCKVILLE CENTER VILLAGE,002,4,10,0,0,0,0,1,1,0,8,16,4,15,16,40,41,59,51,62,368,400,183,33,38,44,4,4,4,8,0,4,4,4,8,0
G3600590VS0103,1960,New York,36,Nassau,059,5600,,VS,0103,,1450,TRACT VS-103 VALLEY STREAM VILLAGE,002,4,10,0,0,1,1,1,1,0,13,17,49,42,143,177,231,268,114,172,344,83,12,26,29,18,22,12,8,4,4,8,0,0,0,0
G3600590VS0104,1960,New York,36,Nassau,059,5600,,VS,0104,,1450,TRACT VS-104 VALLEY STREAM VILLAGE,002,4,10,0,0,1,1,1,1,0,9,36,34,48,93,125,193,153,163,125,308,80,4,8,13,21,4,4,4,5,0,0,0,4,0,0
G3600590VS0105,1960,New York,36,Nassau,059,5600,,VS,0105,,1450,TRACT VS-105 VALLEY STREAM VILLAGE,002,4,10,0,0,1,1,1,1,0,12,41,53,59,133,234,193,272,206,121,393,113,22,95,60,33,33,17,22,10,0,4,3,3,0,0
G3600590VS0106,1960,New York,36,Nassau,059,5600,,VS,0106,,1450,TRACT VS-106 VALLEY STREAM VILLAGE,002,4,10,0,0,1,1,1,1,0,36,16,42,78,81,163,216,283,199,175,501,184,24,66,25,25,21,8,12,8,12,0,8,7,0,0
G3600590VS0107,1960,New York,36,Nassau,059,5600,,VS,0107,,1450,TRACT VS-107 VALLEY STREAM VILLAGE,002,4,10,0,0,1,1,1,1,0,12,25,31,67,80,201,248,149,225,230,427,156,39,69,24,30,21,40,21,7,0,7,0,8,0,0
G3600590VS0108,1960,New York,36,Nassau,059,5600,,VS,0108,,1450,TRACT VS-108 VALLEY STREAM VILLAGE,002,4,10,0,0,1,1,1,1,0,21,15,24,50,77,178,191,193,149,133,321,114,12,23,24,27,12,8,4,4,5,11,0,0,0,0
G3600590WE0039,1960,New York,36,Nassau,059,5600,,WE,0039,,1450,TRACT WE-39  HEMPSTEAD TOWN,004,4,08,0,0,1,1,1,1,0,12,14,13,3,13,21,56,70,71,65,338,250,119,49,31,23,11,0,9,0,0,0,0,0,0,0
G3600590WE0040,1960,New York,36,Nassau,059,5600,,WE,0040,,1450,TRACT WE-40  HEMPSTEAD TOWN,004,4,08,0,0,1,1,1,1,0,21,27,52,56,132,211,178,136,176,202,428,129,28,98,24,25,29,27,12,4,9,8,4,7,0,0
G3600590WE0041,1960,New York,36,Nassau,059,5600,,WE,0041,,1450,TRACT WE-41  HEMPSTEAD TOWN,004,4,08,0,0,1,1,1,1,0,13,13,23,33,33,82,75,70,82,65,206,141,33,51,20,24,32,21,17,8,4,5,0,4,0,0
G3600590WP0033,1960,New York,36,Nassau,059,5600,,WP,0033,,1450,TRACT WP-33 NORTH HEMPSTEAD TOWN,004,4,07,0,0,1,1,1,1,0,23,28,58,44,138,287,274,236,229,188,511,89,8,115,30,42,22,28,13,11,12,8,4,4,0,0
G36006100001,1960,New York,36,New York,061,5600,51000,,0001,,1450,TRACT 1    NEW YORK CITY MANHATTAN,001,3,15,1,1,1,1,1,1,0,0,0,0,0,0,0,0,0,0,0,0,0,0,0,0,0,0,0,0,0,0,0,0,0,0,0
G36006100002,1960,New York,36,New York,061,5600,51000,,0002,,1450,TRACT 2    NEW YORK CITY MANHATTAN,001,3,15,0,0,0,0,0,0,0,253,390,560,548,462,434,195,99,114,95,159,73,0,405,218,85,70,42,35,0,13,8,11,13,0,0
G36006100003,1960,New York,36,New York,061,5600,51000,,0003,,1450,TRACT 3    NEW YORK CITY MANHATTAN,001,3,15,0,0,1,0,1,1,0,0,0,0,0,0,0,0,0,0,3,3,0,0,0,0,0,0,0,0,0,0,0,0,0,0,0
G36006100005,1960,New York,36,New York,061,5600,51000,,0005,,1450,TRACT 5    NEW YORK CITY MANHATTAN,001,3,15,0,0,0,0,1,1,0,0,0,11,33,15,20,53,31,43,18,67,13,0,0,0,3,0,0,0,0,0,0,0,0,0,0
G36006100006,1960,New York,36,New York,061,5600,51000,,0006,,1450,TRACT 6    NEW YORK CITY MANHATTAN,001,3,15,0,0,0,0,0,0,0,176,232,327,425,290,170,113,58,68,28,47,9,0,157,145,97,92,67,19,9,0,13,5,4,5,0
G36006100007,1960,New York,36,New York,061,5600,51000,,0007,,1450,TRACT 7    NEW YORK CITY MANHATTAN,001,3,15,0,0,1,0,1,1,0,0,4,0,5,0,0,4,4,0,4,0,0,0,0,0,0,0,0,0,0,0,0,0,0,0,0
G36006100008,1960,New York,36,New York,061,5600,51000,,0008,,1450,TRACT 8    NEW YORK CITY MANHATTAN,001,3,15,0,0,0,0,0,1,0,98,164,225,380,334,469,263,172,155,115,200,18,4,308,200,147,104,77,41,34,4,8,0,0,0,0
G36006100009,1960,New York,36,New York,061,5600,51000,,0009,,1450,TRACT 9    NEW YORK CITY MANHATTAN,001,3,15,0,1,1,1,1,1,0,0,0,0,0,0,0,4,0,0,0,0,0,0,291,35,51,78,111,138,12,4,0,0,0,0,0
G360061000100,1960,New York,36,New York,061,5600,51000,,0010,0,1450,TRACT 10-0 NEW YORK CITY MANHATTAN,001,3,15,0,0,0,1,1,1,0,20,42,42,37,86,114,69,93,60,66,75,40,0,28,20,9,20,15,4,9,12,0,0,3,0,0
G360061000101,1960,New York,36,New York,061,5600,51000,,0010,1,1450,TRACT 10-1 NEW YORK CITY MANHATTAN,001,3,15,0,0,0,0,0,0,0,143,329,367,557,371,163,27,27,46,28,12,0,0,148,35,27,8,0,0,0,4,0,0,0,0,0
G36006100011,1960,New York,36,New York,061,5600,51000,,0011,,1450,TRACT 11   NEW YORK CITY MANHATTAN,001,3,15,1,1,1,1,1,1,0,0,0,0,0,0,0,0,0,0,0,0,0,0,0,0,0,0,0,0,0,0,0,0,0,0,0
G36006100012,1960,New York,36,New York,061,5600,51000,,0012,,1450,TRACT 12   NEW YORK CITY MANHATTAN,001,3,15,0,0,0,0,1,0,0,113,149,113,194,178,224,133,104,87,24,131,54,8,254,143,86,51,41,16,5,0,0,0,8,0,0
G36006100013,1960,New York,36,New York,061,5600,51000,,0013,,1450,TRACT 13   NEW YORK CITY MANHATTAN,001,3,15,0,1,1,1,1,1,2,0,9,0,17,11,7,8,0,8,0,10,0,0,28,9,22,20,35,9,8,12,14,4,8,11,0
G36006100014,1960,New York,36,New York,061,5600,51000,,0014,,1450,TRACT 14   NEW YORK CITY MANHATTAN,001,3,15,0,0,0,0,0,0,0,158,170,264,322,236,262,113,81,63,33,45,42,0,405,227,149,92,67,9,4,4,0,11,3,0,0
G36006100015,1960,New York,36,New York,061,5600,51000,,0015,,1450,TRACT 15   NEW YORK CITY MANHATTAN,001,3,15,0,0,0,0,1,1,0,3,8,8,13,16,14,14,0,12,4,12,4,0,57,55,78,4,24,0,0,3,0,0,0,0,0
G36006100016,1960,New York,36,New York,061,5600,51000,,0016,,1450,TRACT 16   NEW YORK CITY MANHATTAN,001,3,15,0,0,0,0,0,0,0,78,144,187,165,171,119,96,35,40,5,52,8,0,702,510,357,137,103,16,0,16,4,4,0,0,0
G36006100018,1960,New York,36,New York,061,5600,51000,,0018,,1450,TRACT 18   NEW YORK CITY MANHATTAN,001,3,15,0,0,0,0,0,0,0,149,260,373,320,283,219,196,98,91,71,51,9,0,812,491,389,222,75,40,12,16,0,4,8,0,0
G36006100020,1960,New York,36,New York,061,5600,51000,,0020,,1450,TRACT 20   NEW YORK CITY MANHATTAN,001,3,15,0,0,0,0,0,0,0,94,120,321,397,301,271,100,32,16,24,16,0,4,79,75,4,0,4,0,0,0,0,0,0,0,0
G36006100021,1960,New York,36,New York,061,5600,51000,,0021,,1450,TRACT 21   NEW YORK CITY MANHATTAN,001,3,15,0,0,1,0,1,1,0,0,0,4,0,0,0,4,4,0,0,4,0,0,36,12,31,17,0,13,10,8,9,4,0,0,0
G36006100022,1960,New York,36,New York,061,5600,51000,,0022,,1450,TRACT 22   NEW YORK CITY MANHATTAN,001,3,15,0,0,0,0,0,0,0,242,313,324,334,409,247,173,114,69,45,102,20,0,413,294,177,165,78,31,16,12,0,4,0,3,0
G36006100024,1960,New York,36,New York,061,5600,51000,,0024,,1450,TRACT 24   NEW YORK CITY MANHATTAN,001,3,15,0,0,0,0,0,0,0,79,121,354,417,320,240,91,40,8,4,4,0,0,33,34,14,0,10,4,8,0,0,0,0,0,0
G36006100025,1960,New York,36,New York,061,5600,51000,,0025,,1450,TRACT 25   NEW YORK CITY MANHATTAN,001,3,15,0,0,0,0,0,0,0,79,159,218,466,381,295,105,36,29,16,28,0,0,93,52,8,12,0,12,0,0,0,0,0,0,0
G36006100026,1960,New York,36,New York,061,5600,51000,,0026,,1450,TRACT 26   NEW YORK CITY MANHATTAN,001,3,15,0,0,0,0,0,0,0,362,496,654,696,661,524,302,254,203,83,178,21,0,779,420,310,231,158,74,50,8,4,7,8,4,0
G36006100027,1960,New York,36,New York,061,5600,51000,,0027,,1450,TRACT 27   NEW YORK CITY MANHATTAN,001,3,15,0,0,1,0,1,1,0,4,11,15,16,16,10,22,7,12,10,8,0,0,38,36,38,24,0,4,3,0,0,0,0,0,0
G36006100028,1960,New York,36,New York,061,5600,51000,,0028,,1450,TRACT 28   NEW YORK CITY MANHATTAN,001,3,15,0,0,0,0,0,0,0,122,221,262,329,391,265,173,102,78,40,72,4,4,365,232,197,184,123,75,20,21,0,4,0,0,0
G36006100029,1960,New York,36,New York,061,5600,51000,,0029,,1450,TRACT 29   NEW YORK CITY MANHATTAN,001,3,15,0,0,0,0,0,1,0,79,94,178,190,212,165,92,77,72,33,82,21,7,515,380,326,103,67,64,8,4,3,4,0,0,0
G36006100030,1960,New York,36,New York,061,5600,51000,,0030,,1450,TRACT 30   NEW YORK CITY MANHATTAN,001,3,15,0,0,0,0,0,0,0,113,341,513,470,375,321,227,114,120,32,109,20,12,575,368,279,253,182,52,4,0,0,0,9,0,0
G36006100031,1960,New York,36,New York,061,5600,51000,,0031,,1450,TRACT 31   NEW YORK CITY MANHATTAN,001,3,15,1,1,1,1,1,1,0,0,0,0,0,0,0,0,0,0,0,0,0,0,0,0,0,0,0,0,0,0,0,0,0,0,0
G36006100032,1960,New York,36,New York,061,5600,51000,,0032,,1450,TRACT 32   NEW YORK CITY MANHATTAN,001,3,15,0,0,0,0,1,0,0,125,199,304,379,375,357,305,189,123,108,184,33,8,568,414,277,305,230,118,40,8,15,3,20,4,0
G36006100033,1960,New York,36,New York,061,5600,51000,,0033,,1450,TRACT 33   NEW YORK CITY MANHATTAN,001,3,15,0,0,1,0,1,1,0,0,5,0,0,0,5,0,0,0,0,0,0,0,6,0,6,0,0,6,0,0,0,0,0,0,0
G36006100034,1960,New York,36,New York,061,5600,51000,,0034,,1450,TRACT 34   NEW YORK CITY MANHATTAN,001,3,15,0,0,0,0,1,0,0,166,215,339,380,430,320,312,214,114,49,119,21,4,523,368,268,242,145,96,38,12,20,12,12,0,4
G36006100036,1960,New York,36,New York,061,5600,51000,,0036,,1450,TRACT 36   NEW YORK CITY MANHATTAN,001,3,15,0,0,0,0,0,0,0,154,241,292,317,222,235,124,91,44,27,25,4,0,1608,715,334,247,185,72,24,16,4,0,11,0,0
G36006100038,1960,New York,36,New York,061,5600,51000,,0038,,1450,TRACT 38   NEW YORK CITY MANHATTAN,001,3,15,0,0,0,0,0,0,0,127,282,439,453,462,418,309,298,119,145,191,42,0,584,435,373,339,234,134,104,33,4,13,11,0,0
G36006100039,1960,New York,36,New York,061,5600,51000,,0039,,1450,TRACT 39   NEW YORK CITY MANHATTAN,001,3,15,0,0,1,0,1,1,0,0,0,0,0,8,4,4,0,4,4,0,8,0,4,4,8,0,10,0,0,0,0,0,0,0,0
G36006100040,1960,New York,36,New York,061,5600,51000,,0040,,1450,TRACT 40   NEW YORK CITY MANHATTAN,001,3,15,0,0,0,0,0,0,0,160,249,347,382,341,312,224,166,117,80,184,54,4,680,501,424,294,223,158,59,48,47,12,33,11,4
G36006100041,1960,New York,36,New York,061,5600,51000,,0041,,1450,TRACT 41   NEW YORK CITY MANHATTAN,001,3,15,0,0,0,0,0,0,0,122,177,264,361,362,284,173,152,82,51,112,27,0,751,362,269,107,81,28,38,0,4,0,0,0,0
G36006100042,1960,New York,36,New York,061,5600,51000,,0042,,1450,TRACT 42   NEW YORK CITY MANHATTAN,001,3,15,0,0,1,0,1,1,0,17,31,30,45,25,13,12,8,8,9,19,22,7,125,64,96,44,27,35,17,11,16,3,16,0,0
G36006100043,1960,New York,36,New York,061,5600,51000,,0043,,1450,TRACT 43   NEW YORK CITY MANHATTAN,001,3,15,0,0,0,0,1,0,0,60,73,112,184,269,177,129,82,47,45,91,20,0,487,386,209,180,65,32,3,7,0,0,4,0,0
G36006100044,1960,New York,36,New York,061,5600,51000,,0044,,1450,TRACT 44   NEW YORK CITY MANHATTAN,001,3,15,0,0,0,0,1,1,0,40,52,104,136,229,408,539,667,697,765,2171,823,112,123,104,139,162,306,512,301,183,130,48,83,11,0
G36006100045,1960,New York,36,New York,061,5600,51000,,0045,,1450,TRACT 45   NEW YORK CITY MANHATTAN,001,3,15,0,0,0,0,1,1,0,0,3,4,16,8,17,7,9,0,0,4,0,0,4,7,0,3,3,0,0,0,0,0,0,0,0
G36006100047,1960,New York,36,New York,061,5600,51000,,0047,,1450,TRACT 47   NEW YORK CITY MANHATTAN,001,3,15,0,0,0,0,1,1,0,29,28,34,87,97,73,42,22,16,47,28,13,0,68,34,35,41,28,28,12,0,0,0,0,0,0
G36006100048,1960,New York,36,New York,061,5600,51000,,0048,,1450,TRACT 48   NEW YORK CITY MANHATTAN,001,3,15,0,0,0,0,1,0,0,71,111,111,135,168,164,120,126,87,90,167,101,11,649,387,429,362,347,196,130,65,28,29,94,12,8
G36006100049,1960,New York,36,New York,061,5600,51000,,0049,,1450,TRACT 49   NEW YORK CITY MANHATTAN,001,3,15,0,0,0,0,1,1,0,51,66,86,156,155,145,119,97,51,48,93,16,0,141,53,81,91,93,54,18,0,0,0,16,0,0
G36006100050,1960,New York,36,New York,061,5600,51000,,0050,,1450,TRACT 50   NEW YORK CITY MANHATTAN,001,3,15,0,0,0,0,1,1,0,55,37,26,33,55,47,70,28,32,28,134,135,82,240,235,174,251,228,154,123,82,52,41,101,87,30
G36006100051,1960,New York,36,New York,061,5600,51000,,0051,,1450,TRACT 51   NEW YORK CITY MANHATTAN,001,3,15,0,0,0,0,1,1,0,17,19,15,38,39,62,41,23,35,24,83,27,18,110,82,49,53,86,71,16,27,11,0,22,9,4
G36006100052,1960,New York,36,New York,061,5600,51000,,0052,,1450,TRACT 52   NEW YORK CITY MANHATTAN,001,3,15,0,0,1,0,1,1,0,0,0,0,0,8,6,4,9,4,0,12,8,0,4,3,0,11,27,22,27,0,3,0,0,4,0
G36006100053,1960,New York,36,New York,061,5600,51000,,0053,,1450,TRACT 53   NEW YORK CITY MANHATTAN,001,3,15,0,0,1,0,1,1,0,8,5,18,9,0,4,9,8,7,5,0,0,0,28,21,23,16,5,0,4,0,7,0,0,0,0
G36006100054,1960,New York,36,New York,061,5600,51000,,0054,,1450,TRACT 54   NEW YORK CITY MANHATTAN,001,3,15,0,0,0,0,1,1,0,0,32,7,7,12,11,0,15,0,15,41,26,17,105,33,18,37,58,20,19,4,3,23,4,8,12
G36006100055,1960,New York,36,New York,061,5600,51000,,0055,,1450,TRACT 55   NEW YORK CITY MANHATTAN,001,3,15,0,0,0,0,1,1,0,4,37,47,53,62,26,38,35,26,34,120,167,87,417,291,118,150,152,97,81,82,24,28,174,33,17
G36006100056,1960,New York,36,New York,061,5600,51000,,0056,,1450,TRACT 56   NEW YORK CITY MANHATTAN,001,3,15,0,0,0,0,1,1,0,25,0,5,5,9,5,10,10,4,14,18,9,0,140,129,141,126,123,80,95,39,9,4,25,5,10
G36006100057,1960,New York,36,New York,061,5600,51000,,0057,,1450,TRACT 57   NEW YORK CITY MANHATTAN,001,3,15,0,0,1,0,1,1,0,7,0,0,0,3,0,0,0,0,4,5,4,0,9,8,4,36,9,4,0,3,6,0,4,8,5
G36006100058,1960,New York,36,New York,061,5600,51000,,0058,,1450,TRACT 58   NEW YORK CITY MANHATTAN,001,3,15,0,0,0,0,1,1,0,6,7,13,11,5,14,12,15,0,0,0,0,0,49,57,59,26,79,38,21,12,0,0,5,4,0
G36006100059,1960,New York,36,New York,061,5600,51000,,0059,,1450,TRACT 59   NEW YORK CITY MANHATTAN,001,3,15,0,0,0,0,1,1,0,15,24,25,52,31,56,61,51,36,57,403,311,352,157,137,61,142,125,265,137,83,115,60,205,100,89
G36006100060,1960,New York,36,New York,061,5600,51000,,0060,,1450,TRACT 60   NEW YORK CITY MANHATTAN,001,3,15,0,0,0,0,1,1,0,8,34,34,13,27,40,55,75,91,106,533,780,308,55,13,16,45,44,28,20,56,43,15,52,20,0
G36006100061,1960,New York,36,New York,061,5600,51000,,0061,,1450,TRACT 61   NEW YORK CITY MANHATTAN,001,3,15,0,0,0,0,1,1,0,5,9,25,18,21,32,44,37,58,14,98,143,85,112,84,91,106,123,154,110,31,57,40,92,33,17
G36006100062,1960,New York,36,New York,061,5600,51000,,0062,,1450,TRACT 62   NEW YORK CITY MANHATTAN,001,3,15,0,0,1,0,1,1,0,0,0,0,0,0,0,0,0,0,0,13,0,0,956,185,56,99,106,32,4,24,0,0,16,0,5
G36006100063,1960,New York,36,New York,061,5600,51000,,0063,,1450,TRACT 63   NEW YORK CITY MANHATTAN,001,3,15,0,0,0,0,1,1,0,16,20,42,75,64,46,83,87,127,69,310,294,391,329,213,240,276,409,277,193,170,126,95,304,170,68
G36006100064,1960,New York,36,New York,061,5600,51000,,0064,,1450,TRACT 64   NEW YORK CITY MANHATTAN,001,3,15,0,0,0,0,1,0,0,37,78,102,142,179,151,146,98,93,72,213,102,16,371,243,161,232,201,94,114,66,59,51,103,28,0
G36006100065,1960,New York,36,New York,061,5600,51000,,0065,,1450,TRACT 65   NEW YORK CITY MANHATTAN,001,3,15,0,0,0,0,1,1,0,53,123,153,197,290,243,186,91,69,79,195,89,104,664,1142,245,256,293,187,153,54,56,28,51,46,12
G36006100066,1960,New York,36,New York,061,5600,51000,,0066,,1450,TRACT 66   NEW YORK CITY MANHATTAN,001,3,15,0,0,0,0,0,0,0,153,268,373,372,389,327,230,101,123,71,132,20,19,612,465,345,327,268,175,42,70,12,0,13,8,0
G36006100067,1960,New York,36,New York,061,5600,51000,,0067,,1450,TRACT 67   NEW YORK CITY MANHATTAN,001,3,15,0,0,0,0,1,1,0,34,97,106,167,214,253,239,164,148,133,249,113,21,223,168,208,231,308,220,129,126,27,44,84,12,0
G36006100068,1960,New York,36,New York,061,5600,51000,,0068,,1450,TRACT 68   NEW YORK CITY MANHATTAN,001,3,15,0,0,0,0,1,1,0,13,44,43,68,70,65,48,71,38,48,167,124,136,320,241,343,331,214,334,133,146,57,66,97,76,14
G36006100069,1960,New York,36,New York,061,5600,51000,,0069,,1450,TRACT 69   NEW YORK CITY MANHATTAN,001,3,15,0,0,1,0,1,1,0,0,6,0,0,21,0,7,3,0,0,3,12,0,42,30,0,8,15,24,3,0,0,0,0,36,0
G36006100070,1960,New York,36,New York,061,5600,51000,,0070,,1450,TRACT 70   NEW YORK CITY MANHATTAN,001,3,15,0,0,0,0,1,0,0,88,81,105,109,185,123,78,69,66,64,102,71,15,352,338,219,233,263,214,88,75,61,8,25,31,0
G36006100071,1960,New York,36,New York,061,5600,51000,,0071,,1450,TRACT 71   NEW YORK CITY MANHATTAN,001,3,15,0,0,0,0,1,1,0,18,23,66,47,94,100,86,64,78,62,217,175,67,797,263,265,429,377,297,146,111,117,49,133,45,21
G36006100072,1960,New York,36,New York,061,5600,51000,,0072,,1450,TRACT 72   NEW YORK CITY MANHATTAN,001,3,15,0,0,0,0,1,1,0,69,58,102,110,98,90,92,83,97,42,176,68,46,411,372,279,448,438,238,234,103,70,60,129,66,8
G36006100073,1960,New York,36,New York,061,5600,51000,,0073,,1450,TRACT 73   NEW YORK CITY MANHATTAN,001,3,15,0,0,0,0,1,1,0,50,92,96,101,194,279,159,197,129,128,365,158,56,292,229,299,458,472,363,288,91,124,80,146,46,0
G36006100074,1960,New York,36,New York,061,5600,51000,,0074,,1450,TRACT 74 NEW YORK CITY MANHATTAN,001,3,15,0,0,0,0,1,1,0,37,25,15,87,35,33,19,29,34,30,90,57,50,263,213,246,318,195,193,125,59,34,20,109,78,29
G36006100075,1960,New York,36,New York,061,5600,51000,,0075,,1450,TRACT 75 NEW YORK CITY MANHATTAN,001,3,15,0,0,0,0,1,1,0,12,30,27,65,99,71,33,30,62,14,33,23,17,40,83,28,102,161,54,34,42,21,14,21,26,0
G36006100076,1960,New York,36,New York,061,5600,51000,,0076,,1450,TRACT 76 NEW YORK CITY MANHATTAN,001,3,15,0,0,0,0,1,1,0,5,0,21,18,13,10,30,5,5,0,54,13,0,156,132,306,159,126,115,46,21,24,25,39,0,0
G36006100077,1960,New York,36,New York,061,5600,51000,,0077,,1450,TRACT 77 NEW YORK CITY MANHATTAN,001,3,15,0,0,0,0,1,1,0,31,34,86,120,154,166,185,141,106,107,236,137,111,303,296,284,278,335,372,170,160,125,47,87,68,4
G36006100078,1960,New York,36,New York,061,5600,51000,,0078,,1450,TRACT 78 NEW YORK CITY MANHATTAN,001,3,15,0,0,0,0,1,1,0,8,37,49,45,56,45,54,86,52,51,158,63,29,156,117,153,199,254,136,182,76,77,22,68,45,16
G36006100079,1960,New York,36,New York,061,5600,51000,,0079,,1450,TRACT 79 NEW YORK CITY MANHATTAN,001,3,15,0,0,0,0,1,1,0,12,8,16,18,42,60,40,16,53,21,96,31,4,163,117,74,148,154,133,60,52,31,16,20,0,0
G36006100080,1960,New York,36,New York,061,5600,51000,,0080,,1450,TRACT 80 NEW YORK CITY MANHATTAN,001,3,15,0,0,0,0,1,1,0,19,14,22,44,63,54,91,74,79,62,272,207,289,174,137,265,405,388,332,218,184,81,107,266,140,85
G36006100081,1960,New York,36,New York,061,5600,51000,,0081,,1450,TRACT 81 NEW YORK CITY MANHATTAN,001,3,15,0,0,0,0,1,0,0,61,103,149,243,146,202,126,132,149,75,236,53,32,460,352,444,437,397,215,138,68,77,56,149,25,0
G36006100082,1960,New York,36,New York,061,5600,51000,,0082,,1450,TRACT 82 NEW YORK CITY MANHATTAN,001,3,15,0,0,0,0,1,1,0,36,9,9,12,35,22,18,28,27,19,93,235,274,106,42,75,74,77,95,58,95,60,57,200,212,81
G36006100083,1960,New York,36,New York,061,5600,51000,,0083,,1450,TRACT 83 NEW YORK CITY MANHATTAN,001,3,15,0,0,0,0,1,0,0,37,84,147,109,110,130,106,108,78,57,89,25,0,223,116,214,243,99,100,20,38,13,8,17,0,0
G36006100084,1960,New York,36,New York,061,5600,51000,,0084,,1450,TRACT 84 NEW YORK CITY MANHATTAN,001,3,15,0,0,1,0,1,1,0,0,5,0,6,4,0,0,5,0,0,0,0,0,75,48,7,24,13,11,4,9,6,9,5,4,0
G36006100085,1960,New York,36,New York,061,5600,51000,,0085,,1450,TRACT 85 NEW YORK CITY MANHATTAN,001,3,15,0,1,1,1,1,1,2,3,7,0,17,0,4,15,4,0,0,0,0,0,20,41,105,128,169,106,45,47,16,50,63,17,0
G36006100086,1960,New York,36,New York,061,5600,51000,,0086,,1450,TRACT 86 NEW YORK CITY MANHATTAN,001,3,15,0,0,0,0,1,1,0,27,13,34,37,43,96,41,82,42,30,209,274,424,185,102,162,115,121,173,110,61,65,48,167,190,117
G36006100087,1960,New York,36,New York,061,5600,51000,,0087,,1450,TRACT 87 NEW YORK CITY MANHATTAN,001,3,15,0,0,0,0,1,0,0,68,82,215,184,138,143,114,138,97,62,134,28,8,298,322,333,239,230,199,67,49,28,28,32,9,0
G36006100088,1960,New York,36,New York,061,5600,51000,,0088,,1450,TRACT 88 NEW YORK CITY MANHATTAN,001,3,15,0,0,0,0,1,1,0,20,41,34,109,84,69,59,81,112,65,296,184,135,262,168,182,293,454,544,301,192,167,117,270,122,71
G36006100089,1960,New York,36,New York,061,5600,51000,,0089,,1450,TRACT 89 NEW YORK CITY MANHATTAN,001,3,15,0,0,0,0,1,0,0,134,223,277,277,245,224,146,106,119,99,138,63,11,724,584,476,362,217,210,105,24,40,24,30,4,4
G36006100090,1960,New York,36,New York,061,5600,51000,,0090,,1450,TRACT 90 NEW YORK CITY MANHATTAN,001,3,15,0,0,0,0,1,1,0,12,37,41,63,131,47,87,52,59,60,125,116,67,158,119,129,197,261,203,164,91,115,30,150,125,88
G36006100091,1960,New York,36,New York,061,5600,51000,,0091,,1450,TRACT 91 NEW YORK CITY MANHATTAN,001,3,15,0,0,0,0,1,0,0,54,53,75,93,72,88,59,121,58,10,104,64,4,348,234,293,209,182,181,87,31,29,17,68,13,14
G36006100092,1960,New York,36,New York,061,5600,51000,,0092,,1450,TRACT 92 NEW YORK CITY MANHATTAN,001,3,15,0,0,0,0,1,1,0,17,14,19,21,20,25,27,33,12,17,104,91,119,181,130,171,226,192,185,127,48,46,57,96,58,54
G36006100093,1960,New York,36,New York,061,5600,51000,,0093,,1450,TRACT 93 NEW YORK CITY MANHATTAN,001,3,15,0,0,0,0,0,0,0,78,215,328,210,299,209,126,118,112,117,249,144,62,408,555,471,415,355,458,216,127,88,66,115,69,40
G36006100094,1960,New York,36,New York,061,5600,51000,,0094,,1450,TRACT 94 NEW YORK CITY MANHATTAN,001,3,15,0,0,1,0,1,1,0,19,0,7,0,0,7,13,6,0,0,12,23,13,47,7,20,12,33,10,18,0,14,0,17,13,30
G36006100095,1960,New York,36,New York,061,5600,51000,,0095,,1450,TRACT 95 NEW YORK CITY MANHATTAN,001,3,15,0,0,1,0,1,0,0,35,24,41,37,74,50,15,16,15,14,10,0,0,170,31,57,19,5,0,0,0,0,0,0,0,0
G36006100096,1960,New York,36,New York,061,5600,51000,,0096,,1450,TRACT 96 NEW YORK CITY MANHATTAN,001,3,15,0,0,1,0,1,1,0,0,0,22,18,27,11,30,9,15,0,15,12,12,82,74,74,103,61,58,25,20,21,4,33,18,16
G36006100097,1960,New York,36,New York,061,5600,51000,,0097,,1450,TRACT 97 NEW YORK CITY MANHATTAN,001,3,15,0,0,0,0,0,0,0,73,82,132,127,125,113,86,42,27,23,64,8,4,268,222,125,140,140,60,28,16,9,4,4,0,0
G36006100098,1960,New York,36,New York,061,5600,51000,,0098,,1450,TRACT 98 NEW YORK CITY MANHATTAN,001,3,15,0,0,0,0,1,1,0,17,50,92,142,147,115,106,121,122,88,222,260,103,321,338,289,354,385,415,268,231,125,124,342,101,53
G36006100099,1960,New York,36,New York,061,5600,51000,,0099,,1450,TRACT 99 NEW YORK CITY MANHATTAN,001,3,15,0,0,1,0,1,1,0,2,12,10,35,21,56,4,12,12,4,0,2,0,33,28,12,10,4,8,0,4,8,0,0,0,0
G36006100100,1960,New York,36,New York,061,5600,51000,,0100,,1450,TRACT 100 NEW YORK CITY MANHATTAN,001,3,15,0,0,0,0,1,1,0,51,13,44,21,47,48,32,22,35,8,107,129,107,225,136,119,103,161,134,120,115,78,59,130,71,150
G36006100101,1960,New York,36,New York,061,5600,51000,,0101,,1450,TRACT 101 NEW YORK CITY MANHATTAN,001,3,15,0,0,1,0,1,1,0,0,0,0,0,0,0,13,4,0,0,5,0,4,34,15,31,26,24,43,0,0,4,0,20,17,50
G36006100102,1960,New York,36,New York,061,5600,51000,,0102,,1450,TRACT 102 NEW YORK CITY MANHATTAN,001,3,15,0,0,1,0,1,1,0,4,4,0,0,0,16,0,0,11,9,10,13,5,74,48,43,47,36,65,34,39,56,15,37,12,8
G36006100103,1960,New York,36,New York,061,5600,51000,,0103,,1450,TRACT 103 NEW YORK CITY MANHATTAN,001,3,15,0,0,0,0,1,1,0,19,30,43,31,21,4,16,9,10,0,18,16,9,182,229,221,115,102,52,8,16,9,15,8,17,0
G36006100104,1960,New York,36,New York,061,5600,51000,,0104,,1450,TRACT 104 NEW YORK CITY MANHATTAN,001,3,15,0,0,0,0,1,1,0,4,5,19,26,8,13,12,14,16,10,61,82,91,121,68,47,108,94,99,66,33,18,19,100,63,83
G360061001060,1960,New York,36,New York,061,5600,51000,,0106,0,1450,TRACT 106-0 NEW YORK CITY MANHATTAN,001,3,15,0,0,0,0,1,1,0,39,23,41,27,68,70,75,31,71,78,283,500,728,284,129,161,120,130,146,181,108,123,77,290,220,186
G360061001061,1960,New York,36,New York,061,5600,51000,,0106,1,1450,TRACT 106-1 NEW YORK CITY MANHATTAN,001,3,15,0,0,0,0,1,1,0,20,9,9,29,37,41,60,33,24,29,166,227,154,90,42,62,52,67,75,57,88,28,32,148,63,103
G36006100108,1960,New York,36,New York,061,5600,51000,,0108,,1450,TRACT 108 NEW YORK CITY MANHATTAN,001,3,15,0,0,0,0,1,1,0,87,50,122,105,199,156,88,139,88,57,235,211,174,355,241,218,311,387,342,223,141,135,58,156,118,97
G36006100109,1960,New York,36,New York,061,5600,51000,,0109,,1450,TRACT 109 NEW YORK CITY MANHATTAN,001,3,15,0,0,0,0,1,1,0,0,0,14,0,15,0,0,0,0,0,8,0,0,67,151,2,38,0,0,0,0,0,0,0,0,0
G36006100110,1960,New York,36,New York,061,5600,51000,,0110,,1450,TRACT 110 NEW YORK CITY MANHATTAN,001,3,15,0,0,0,0,1,1,0,44,56,64,90,94,129,119,91,47,48,118,117,43,350,194,237,220,199,184,119,57,57,55,54,56,12
G36006100111,1960,New York,36,New York,061,5600,51000,,0111,,1450,TRACT 111 NEW YORK CITY MANHATTAN,001,3,15,0,0,1,0,1,0,0,46,87,113,108,92,143,109,57,47,8,69,8,3,209,261,155,255,213,106,27,18,8,0,22,4,12
G36006100112,1960,New York,36,New York,061,5600,51000,,0112,,1450,TRACT 112 NEW YORK CITY MANHATTAN,001,3,15,0,0,0,0,1,1,0,33,9,30,63,9,24,24,30,38,21,101,114,341,316,192,217,195,210,191,155,85,96,21,166,140,160
G36006100113,1960,New York,36,New York,061,5600,51000,,0113,,1450,TRACT 113 NEW YORK CITY MANHATTAN,001,3,15,0,0,1,0,1,1,0,0,12,10,0,25,4,0,0,0,0,0,0,0,109,83,56,16,3,23,17,8,8,0,0,0,0
G36006100114,1960,New York,36,New York,061,5600,51000,,0114,,1450,TRACT 114 NEW YORK CITY MANHATTAN,001,3,15,0,0,0,0,1,1,0,31,32,24,39,32,25,37,25,33,13,134,140,436,463,181,288,151,203,239,80,94,94,98,145,180,184
G36006100115,1960,New York,36,New York,061,5600,51000,,0115,,1450,TRACT 115 NEW YORK CITY MANHATTAN,001,3,15,0,0,0,0,1,1,0,32,40,68,54,63,54,37,24,34,18,26,0,0,163,60,93,43,45,17,12,9,0,0,0,0,0
G36006100116,1960,New York,36,New York,061,5600,51000,,0116,,1450,TRACT 116 NEW YORK CITY MANHATTAN,001,3,15,0,0,0,0,1,1,0,48,48,87,98,145,147,137,139,65,45,79,40,24,556,285,235,282,383,196,57,33,47,4,48,8,21
G36006100117,1960,New York,36,New York,061,5600,51000,,0117,,1450,TRACT 117 NEW YORK CITY MANHATTAN,001,3,15,0,0,1,0,1,1,0,12,17,19,8,32,40,0,8,4,4,0,0,0,78,78,39,41,19,4,0,0,3,0,0,0,0
G36006100118,1960,New York,36,New York,061,5600,51000,,0118,,1450,TRACT 118 NEW YORK CITY MANHATTAN,001,3,15,0,0,0,0,1,1,0,52,48,102,161,190,172,108,175,86,85,287,178,332,452,265,216,317,165,165,94,96,55,36,142,116,59
G36006100119,1960,New York,36,New York,061,5600,51000,,0119,,1450,TRACT 119 NEW YORK CITY MANHATTAN,001,3,15,0,0,0,0,1,1,0,9,29,30,37,45,52,17,39,32,0,20,5,10,263,325,207,249,165,134,42,22,21,16,61,16,15
G36006100120,1960,New York,36,New York,061,5600,51000,,0120,,1450,TRACT 120 NEW YORK CITY MANHATTAN,001,3,15,0,0,0,0,1,1,0,16,21,14,57,19,47,25,29,21,12,81,162,354,252,141,163,108,80,72,70,70,31,28,129,78,93
G36006100121,1960,New York,36,New York,061,5600,51000,,0121,,1450,TRACT 121 NEW YORK CITY MANHATTAN,001,3,15,0,0,0,0,1,0,0,106,148,207,222,238,219,191,128,122,98,155,28,4,549,475,328,385,314,142,62,78,25,0,20,12,0
G36006100122,1960,New York,36,New York,061,5600,51000,,0122,,1450,TRACT 122 NEW YORK CITY MANHATTAN,001,3,15,0,0,0,0,1,1,0,32,21,43,18,45,62,52,20,31,4,138,268,590,286,221,348,268,247,173,127,69,74,52,197,216,216
G36006100123,1960,New York,36,New York,061,5600,51000,,0123,,1450,TRACT 123 NEW YORK CITY MANHATTAN,001,3,15,0,1,1,1,1,1,2,5,25,17,20,34,12,18,24,23,5,8,0,0,141,11,13,18,18,21,17,4,4,12,4,0,0
G36006100124,1960,New York,36,New York,061,5600,51000,,0124,,1450,TRACT 124 NEW YORK CITY MANHATTAN,001,3,15,0,0,0,0,1,1,0,111,117,183,277,296,288,150,134,73,86,102,66,4,479,379,225,371,292,163,75,58,37,16,21,4,4
G36006100125,1960,New York,36,New York,061,5600,51000,,0125,,1450,TRACT 125 NEW YORK CITY MANHATTAN,001,3,15,0,0,0,0,0,1,0,30,46,38,122,78,40,23,44,5,20,42,13,8,336,379,389,265,260,165,117,82,53,23,40,13,8
G36006100126,1960,New York,36,New York,061,5600,51000,,0126,,1450,TRACT 126 NEW YORK CITY MANHATTAN,001,3,15,0,0,0,0,1,1,0,98,74,84,134,123,134,189,134,180,118,370,430,315,468,241,240,245,354,327,232,164,110,86,274,90,58
G36006100127,1960,New York,36,New York,061,5600,51000,,0127,,1450,TRACT 127 NEW YORK CITY MANHATTAN,001,3,15,0,0,0,0,1,0,0,83,174,253,350,433,342,310,230,158,159,204,49,16,434,333,443,346,304,165,81,41,17,8,0,0,0
G36006100128,1960,New York,36,New York,061,5600,51000,,0128,,1450,TRACT 128 NEW YORK CITY MANHATTAN,001,3,15,0,0,0,0,1,1,0,35,41,44,37,60,58,57,64,92,33,197,325,646,427,234,287,111,115,89,131,52,62,40,242,116,95
G36006100129,1960,New York,36,New York,061,5600,51000,,0129,,1450,TRACT 129 NEW YORK CITY MANHATTAN,001,3,15,0,0,1,0,1,0,0,84,64,75,112,82,70,70,63,34,27,66,21,0,111,91,69,112,86,53,16,12,0,4,0,0,0
G36006100130,1960,New York,36,New York,061,5600,51000,,0130,,1450,TRACT 130 NEW YORK CITY MANHATTAN,001,3,15,0,0,0,0,1,1,0,50,50,22,24,13,29,70,61,42,26,201,321,836,228,295,524,335,216,136,53,123,46,66,194,151,152
G36006100131,1960,New York,36,New York,061,5600,51000,,0131,,1450,TRACT 131 NEW YORK CITY MANHATTAN,001,3,15,0,0,1,0,1,1,0,13,30,23,36,38,26,31,29,22,7,56,33,8,192,48,113,110,106,63,39,21,4,9,28,25,3
G36006100132,1960,New York,36,New York,061,5600,51000,,0132,,1450,TRACT 132 NEW YORK CITY MANHATTAN,001,3,15,0,0,0,0,1,1,0,106,125,160,206,254,191,262,138,144,133,244,72,48,623,485,317,563,505,250,134,69,61,28,81,40,0
G36006100133,1960,New York,36,New York,061,5600,51000,,0133,,1450,TRACT 133 NEW YORK CITY MANHATTAN,001,3,15,0,0,0,0,0,0,0,90,142,156,235,247,164,165,101,106,63,51,31,8,638,288,418,441,219,127,30,22,40,8,23,0,4
G36006100134,1960,New York,36,New York,061,5600,51000,,0134,,1450,TRACT 134 NEW YORK CITY MANHATTAN,001,3,15,0,0,0,0,1,1,0,88,114,173,259,331,275,256,187,101,131,332,141,93,741,429,349,481,481,321,135,106,107,37,116,36,0
G36006100135,1960,New York,36,New York,061,5600,51000,,0135,,1450,TRACT 135 NEW YORK CITY MANHATTAN,001,3,15,0,0,0,0,1,1,0,4,36,52,52,48,39,42,24,20,16,31,3,0,40,19,19,24,12,12,0,5,0,0,0,0,0
G36006100136,1960,New York,36,New York,061,5600,51000,,0136,,1450,TRACT 136 NEW YORK CITY MANHATTAN,001,3,15,0,0,0,0,1,1,0,147,146,169,287,315,364,396,301,216,122,424,246,436,560,366,290,455,407,322,160,63,80,55,159,84,54
G36006100137,1960,New York,36,New York,061,5600,51000,,0137,,1450,TRACT 137 NEW YORK CITY MANHATTAN,001,3,15,0,0,0,0,1,1,0,68,75,76,92,97,143,65,113,96,74,330,329,410,478,326,320,362,300,271,148,109,82,59,240,241,143
G36006100138,1960,New York,36,New York,061,5600,51000,,0138,,1450,TRACT 138 NEW YORK CITY MANHATTAN,001,3,15,0,0,0,0,1,1,0,111,142,209,303,383,284,176,200,172,152,286,150,118,512,483,418,555,451,271,122,60,52,56,66,50,7
G36006100139,1960,New York,36,New York,061,5600,51000,,0139,,1450,TRACT 139 NEW YORK CITY MANHATTAN,001,3,15,0,0,0,0,1,0,0,86,85,188,187,271,224,178,137,160,82,321,129,78,491,474,485,571,454,326,194,80,111,48,125,80,45
G36006100140,1960,New York,36,New York,061,5600,51000,,0140,,1450,TRACT 140 NEW YORK CITY MANHATTAN,001,3,15,0,0,0,0,1,1,0,40,29,43,43,98,123,82,86,85,73,315,360,701,343,334,489,275,221,137,107,127,85,75,114,128,74
G36006100141,1960,New York,36,New York,061,5600,51000,,0141,,1450,TRACT 141 NEW YORK CITY MANHATTAN,001,3,15,0,0,1,0,1,1,0,0,4,8,4,10,10,17,12,4,5,8,0,0,47,5,11,7,14,26,12,0,0,0,4,0,0
G36006100142,1960,New York,36,New York,061,5600,51000,,0142,,1450,TRACT 142 NEW YORK CITY MANHATTAN,001,3,15,0,0,0,0,1,1,0,57,40,30,29,29,29,31,8,39,34,189,270,710,405,243,394,268,235,129,95,113,67,38,177,190,133
G36006100143,1960,New York,36,New York,061,5600,51000,,0143,,1450,TRACT 143 NEW YORK CITY MANHATTAN,001,3,15,1,1,1,1,1,1,0,0,0,0,0,0,0,0,0,0,0,0,0,0,0,0,0,0,0,0,0,0,0,0,0,0,0
G36006100144,1960,New York,36,New York,061,5600,51000,,0144,,1450,TRACT 144 NEW YORK CITY MANHATTAN,001,3,15,0,0,0,0,1,1,0,57,87,120,179,261,212,245,247,145,151,344,197,343,303,311,339,256,232,214,129,72,32,24,61,45,49
G36006100145,1960,New York,36,New York,061,5600,51000,,0145,,1450,TRACT 145 NEW YORK CITY MANHATTAN,001,3,15,0,0,0,0,1,1,0,12,13,12,31,30,13,50,38,26,31,108,155,63,223,71,72,92,59,50,54,47,40,19,95,61,23
G36006100146,1960,New York,36,New York,061,5600,51000,,0146,,1450,TRACT 146 NEW YORK CITY MANHATTAN,001,3,15,0,0,0,0,1,1,0,57,138,203,324,374,324,240,216,160,120,249,74,12,451,426,377,544,299,248,96,69,20,11,12,8,0
G36006100147,1960,New York,36,New York,061,5600,51000,,0147,,1450,TRACT 147 NEW YORK CITY MANHATTAN,001,3,15,0,0,1,0,1,1,0,0,6,38,25,24,15,4,8,0,4,9,4,0,13,40,25,23,25,8,0,4,0,0,0,0,0
G36006100148,1960,New York,36,New York,061,5600,51000,,0148,,1450,TRACT 148 NEW YORK CITY MANHATTAN,001,3,15,0,0,0,0,1,1,0,51,58,68,122,151,176,157,106,129,124,259,244,436,443,333,333,338,284,201,162,60,59,24,87,52,31
G36006100149,1960,New York,36,New York,061,5600,51000,,0149,,1450,TRACT 149 NEW YORK CITY MANHATTAN,001,3,15,0,0,0,0,1,0,0,89,41,62,79,85,54,81,75,30,55,161,155,165,333,299,298,208,202,142,101,68,64,9,57,25,65
G36006100150,1960,New York,36,New York,061,5600,51000,,0150,,1450,TRACT 150 NEW YORK CITY MANHATTAN,001,3,15,0,0,0,0,1,1,0,49,37,71,57,75,78,51,81,105,91,270,506,1141,316,304,440,249,132,172,81,89,61,36,162,158,106
G36006100151,1960,New York,36,New York,061,5600,51000,,0151,,1450,TRACT 151 NEW YORK CITY MANHATTAN,001,3,15,0,1,1,1,1,1,2,35,111,189,300,250,227,104,28,28,18,8,0,0,61,65,45,24,12,4,0,0,0,0,4,0,0
G36006100152,1960,New York,36,New York,061,5600,51000,,0152,,1450,TRACT 152 NEW YORK CITY MANHATTAN,001,3,15,0,0,0,0,1,1,0,33,21,39,38,78,61,81,47,27,37,115,81,81,81,60,67,70,53,52,52,24,15,11,31,35,18
G36006100153,1960,New York,36,New York,061,5600,51000,,0153,,1450,TRACT 153 NEW YORK CITY MANHATTAN,001,3,15,0,0,0,0,1,0,0,57,58,188,182,205,173,218,169,133,58,200,193,160,509,504,615,506,412,280,158,102,102,40,128,50,28
G36006100154,1960,New York,36,New York,061,5600,51000,,0154,,1450,TRACT 154 NEW YORK CITY MANHATTAN,001,3,15,0,0,0,0,1,1,0,80,105,155,292,266,321,274,209,116,104,131,37,4,326,220,210,197,154,99,53,22,13,0,8,8,0
G36006100155,1960,New York,36,New York,061,5600,51000,,0155,,1450,TRACT 155 NEW YORK CITY MANHATTAN,001,3,15,0,0,0,0,1,1,0,11,17,0,13,20,40,9,12,24,9,29,12,4,26,34,24,40,12,21,9,12,0,0,5,12,0
G36006100156,1960,New York,36,New York,061,5600,51000,,0156,,1450,TRACT 156 NEW YORK CITY MANHATTAN,001,3,15,0,0,0,0,0,0,0,78,107,293,363,315,230,156,65,56,49,57,16,0,205,285,214,146,129,28,16,0,5,0,5,0,0
G36006100157,1960,New York,36,New York,061,5600,51000,,0157,,1450,TRACT 157 NEW YORK CITY MANHATTAN,001,3,15,0,0,0,0,0,0,0,114,224,230,226,227,225,235,181,170,111,405,313,342,984,761,855,769,647,477,197,129,86,36,153,99,31
G36006100158,1960,New York,36,New York,061,5600,51000,,0158,,1450,TRACT 158 NEW YORK CITY MANHATTAN,001,3,15,0,0,0,0,0,0,0,99,124,133,232,237,245,170,138,157,110,239,244,372,512,324,438,346,324,153,60,28,28,22,80,20,42
G36006100159,1960,New York,36,New York,061,5600,51000,,0159,,1450,TRACT 159 NEW YORK CITY MANHATTAN,001,3,15,0,0,0,0,1,1,0,121,162,124,160,166,269,172,167,158,147,482,343,268,686,581,678,721,481,331,172,112,95,74,140,41,47
G36006100160,1960,New York,36,New York,061,5600,51000,,0160,,1450,TRACT 160 NEW YORK CITY MANHATTAN,001,3,15,0,0,0,0,1,0,0,29,69,122,110,114,130,149,113,80,80,406,380,620,427,236,338,235,198,128,156,59,57,39,111,83,90
G36006100161,1960,New York,36,New York,061,5600,51000,,0161,,1450,TRACT 161 NEW YORK CITY MANHATTAN,001,3,15,0,0,0,0,0,0,0,106,125,146,186,230,196,136,149,82,91,170,194,197,552,562,645,731,565,277,144,92,52,33,64,24,13
G36006100162,1960,New York,36,New York,061,5600,51000,,0162,,1450,TRACT 162 NEW YORK CITY MANHATTAN,001,3,15,0,0,0,0,0,0,0,172,185,259,290,249,136,64,24,13,4,17,4,0,160,48,53,12,9,0,0,0,0,0,0,0,0
G36006100163,1960,New York,36,New York,061,5600,51000,,0163,,1450,TRACT 163 NEW YORK CITY MANHATTAN,001,3,15,0,0,0,0,0,1,0,84,161,197,169,153,180,162,88,185,121,368,255,254,675,587,731,657,550,457,172,128,170,49,119,36,46
G36006100164,1960,New York,36,New York,061,5600,51000,,0164,,1450,TRACT 164 NEW YORK CITY MANHATTAN,001,3,15,0,0,0,0,0,0,0,308,381,621,694,427,275,159,64,44,20,27,4,3,359,113,140,61,19,8,4,0,0,0,0,0,0
G36006100165,1960,New York,36,New York,061,5600,51000,,0165,,1450,TRACT 165 NEW YORK CITY MANHATTAN,001,3,15,0,0,0,0,0,0,0,223,167,276,280,317,244,118,120,104,65,290,224,261,701,464,505,616,290,182,93,47,48,4,48,16,17
G36006100166,1960,New York,36,New York,061,5600,51000,,0166,,1450,TRACT 166 NEW YORK CITY MANHATTAN,001,3,15,0,0,0,0,0,0,0,260,267,384,476,346,302,247,139,92,80,92,19,3,351,201,151,143,42,13,8,4,7,4,0,0,0
G36006100167,1960,New York,36,New York,061,5600,51000,,0167,,1450,TRACT 167 NEW YORK CITY MANHATTAN,001,3,15,0,0,0,0,0,0,0,73,130,151,183,149,170,100,127,136,53,372,337,266,425,534,458,360,325,199,101,54,55,13,69,28,11
G36006100168,1960,New York,36,New York,061,5600,51000,,0168,,1450,TRACT 168 NEW YORK CITY MANHATTAN,001,3,15,0,0,0,0,0,0,0,152,172,303,524,310,136,111,70,48,28,108,55,63,510,176,155,97,84,40,18,8,0,19,8,22,4
G36006100169,1960,New York,36,New York,061,5600,51000,,0169,,1450,TRACT 169 NEW YORK CITY MANHATTAN,001,3,15,0,0,0,0,0,0,0,222,422,499,345,440,308,228,178,167,124,401,285,208,718,708,729,616,463,312,169,69,66,29,113,28,24
G36006100170,1960,New York,36,New York,061,5600,51000,,0170,,1450,TRACT 170 NEW YORK CITY MANHATTAN,001,3,15,0,0,0,0,0,0,0,147,154,265,270,301,151,103,60,44,26,44,17,8,219,134,110,91,66,22,16,12,5,0,4,4,0
G36006100171,1960,New York,36,New York,061,5600,51000,,0171,,1450,TRACT 171 NEW YORK CITY MANHATTAN,001,3,15,0,0,0,0,0,0,0,161,166,223,272,210,251,151,124,177,128,555,425,278,939,696,599,546,422,240,149,109,32,17,73,13,5
G36006100172,1960,New York,36,New York,061,5600,51000,,0172,,1450,TRACT 172 NEW YORK CITY MANHATTAN,001,3,15,0,0,0,0,0,0,0,202,274,289,458,321,245,222,100,41,42,51,12,0,333,195,175,84,48,16,0,0,0,0,4,0,0
G36006100173,1960,New York,36,New York,061,5600,51000,,0173,,1450,TRACT 173 NEW YORK CITY MANHATTAN,001,3,15,0,0,0,0,0,0,0,241,243,322,363,358,310,226,160,171,92,315,220,169,692,612,633,552,444,271,125,130,62,46,61,12,12
G36006100174,1960,New York,36,New York,061,5600,51000,,0174,,1450,TRACT 174 NEW YORK CITY MANHATTAN,001,3,15,0,0,0,0,0,0,0,163,221,304,287,265,204,130,101,90,35,71,12,8,303,177,148,96,37,20,8,4,9,4,8,0,0
G36006100175,1960,New York,36,New York,061,5600,51000,,0175,,1450,TRACT 175 NEW YORK CITY MANHATTAN,001,3,15,0,0,0,0,0,0,0,132,124,194,175,207,290,260,160,196,172,539,470,180,507,405,439,586,460,315,107,106,72,44,79,31,24
G36006100176,1960,New York,36,New York,061,5600,51000,,0176,,1450,TRACT 176 NEW YORK CITY MANHATTAN,001,3,15,1,1,1,1,1,1,0,0,0,0,0,0,0,0,0,0,0,0,0,0,0,0,0,0,0,0,0,0,0,0,0,0,0
G36006100177,1960,New York,36,New York,061,5600,51000,,0177,,1450,TRACT 177 NEW YORK CITY MANHATTAN,001,3,15,0,0,0,0,0,0,0,290,483,508,357,460,306,266,134,123,78,365,306,301,573,556,547,436,208,105,61,37,20,4,109,30,21
G36006100178,1960,New York,36,New York,061,5600,51000,,0178,,1450,TRACT 178 NEW YORK CITY MANHATTAN,001,3,15,0,0,0,0,1,0,0,171,145,246,337,332,325,219,106,86,52,105,32,8,240,85,75,63,32,28,4,0,4,0,0,0,0
G36006100179,1960,New York,36,New York,061,5600,51000,,0179,,1450,TRACT 179 NEW YORK CITY MANHATTAN,001,3,15,0,0,0,0,0,0,0,186,209,243,185,222,245,220,150,120,175,399,290,167,844,576,588,619,430,253,205,72,24,40,77,44,29
G36006100180,1960,New York,36,New York,061,5600,51000,,0180,,1450,TRACT 180 NEW YORK CITY MANHATTAN,001,3,15,0,0,0,0,0,0,0,301,346,567,692,438,322,168,78,41,24,36,8,4,257,115,98,41,14,0,12,0,0,8,0,0,0
G36006100181,1960,New York,36,New York,061,5600,51000,,0181,,1450,TRACT 181 NEW YORK CITY MANHATTAN,001,3,15,0,0,0,0,0,0,0,196,247,325,293,326,305,161,183,118,79,280,148,115,595,446,346,335,226,187,69,41,26,20,65,32,9
G36006100182,1960,New York,36,New York,061,5600,51000,,0182,,1450,TRACT 182 NEW YORK CITY MANHATTAN,001,3,15,0,0,0,0,0,0,0,191,382,521,500,455,377,224,116,40,36,57,12,0,283,146,145,58,18,7,4,8,0,4,0,0,0
G36006100183,1960,New York,36,New York,061,5600,51000,,0183,,1450,TRACT 183 NEW YORK CITY MANHATTAN,001,3,15,0,0,0,0,0,0,0,207,203,178,242,263,276,181,181,181,113,343,165,46,905,934,628,467,370,271,139,82,40,42,44,21,0
G36006100184,1960,New York,36,New York,061,5600,51000,,0184,,1450,TRACT 184 NEW YORK CITY MANHATTAN,001,3,15,0,0,0,0,0,0,0,217,299,307,365,213,163,176,115,55,37,57,8,0,474,202,203,166,44,12,0,0,0,0,0,8,0
G36006100185,1960,New York,36,New York,061,5600,51000,,0185,,1450,TRACT 185 NEW YORK CITY MANHATTAN,001,3,15,0,0,0,0,1,1,0,7,24,17,14,33,28,36,42,34,21,120,70,14,22,51,37,29,69,98,53,36,34,27,34,4,9
G36006100186,1960,New York,36,New York,061,5600,51000,,0186,,1450,TRACT 186 NEW YORK CITY MANHATTAN,001,3,15,0,0,0,0,0,0,0,167,173,361,461,338,220,125,40,48,24,31,0,0,363,256,320,107,31,32,0,0,0,0,0,0,0
G36006100187,1960,New York,36,New York,061,5600,51000,,0187,,1450,TRACT 187 NEW YORK CITY MANHATTAN,001,3,15,0,0,0,0,0,0,0,130,205,193,317,290,231,239,212,214,119,356,259,120,998,779,803,699,455,218,149,55,64,19,73,24,21
G36006100188,1960,New York,36,New York,061,5600,51000,,0188,,1450,TRACT 188 NEW YORK CITY MANHATTAN,001,3,15,0,0,0,0,0,0,0,134,217,400,397,338,247,138,123,70,57,99,25,4,231,97,106,45,24,19,4,4,0,0,4,0,0
G36006100189,1960,New York,36,New York,061,5600,51000,,0189,,1450,TRACT 189 NEW YORK CITY MANHATTAN,001,3,15,0,0,0,0,0,0,0,281,421,772,930,725,498,273,155,132,68,112,40,15,443,495,412,329,209,121,52,11,13,4,21,20,4
G36006100190,1960,New York,36,New York,061,5600,51000,,0190,,1450,TRACT 190 NEW YORK CITY MANHATTAN,001,3,15,0,0,0,0,0,0,0,168,197,266,268,243,195,88,118,33,39,33,3,0,527,278,408,277,85,14,0,3,0,4,0,0,0
G36006100191,1960,New York,36,New York,061,5600,51000,,0191,,1450,TRACT 191 NEW YORK CITY MANHATTAN,001,3,15,0,0,0,0,0,0,0,173,312,370,365,305,245,225,205,153,115,428,250,61,673,612,504,506,293,220,127,114,73,21,85,34,0
G36006100192,1960,New York,36,New York,061,5600,51000,,0192,,1450,TRACT 192 NEW YORK CITY MANHATTAN,001,3,15,0,0,0,0,0,0,0,53,243,214,402,289,154,73,31,8,20,36,4,0,113,66,16,4,0,8,4,0,0,0,4,0,0
G36006100193,1960,New York,36,New York,061,5600,51000,,0193,,1450,TRACT 193 NEW YORK CITY MANHATTAN,001,3,15,0,0,0,0,0,0,0,151,267,442,493,458,386,219,200,130,103,157,8,12,463,280,318,244,121,90,24,12,4,0,8,8,4
G36006100194,1960,New York,36,New York,061,5600,51000,,0194,,1450,TRACT 194 NEW YORK CITY MANHATTAN,001,3,15,0,0,0,0,0,0,0,154,301,453,685,343,270,123,98,58,48,33,4,4,286,106,42,81,54,17,8,4,0,0,4,0,0
G36006100195,1960,New York,36,New York,061,5600,51000,,0195,,1450,TRACT 195 NEW YORK CITY MANHATTAN,001,3,15,0,0,0,0,0,0,0,131,136,202,268,269,259,268,193,162,106,404,133,82,683,621,448,373,229,169,82,11,26,16,20,24,8
G36006100196,1960,New York,36,New York,061,5600,51000,,0196,,1450,TRACT 196 NEW YORK CITY MANHATTAN,001,3,15,0,0,0,0,0,0,0,171,239,382,445,205,139,95,92,17,16,29,12,0,449,234,365,202,43,12,0,0,0,0,4,0,0
G360061001970,1960,New York,36,New York,061,5600,51000,,0197,0,1450,TRACT 197-0 NEW YORK CITY MANHATTAN,001,3,15,0,0,1,1,1,1,0,0,0,0,0,0,0,0,4,0,0,0,0,0,47,29,4,8,7,0,0,4,5,0,0,0,0
G360061001971,1960,New York,36,New York,061,5600,51000,,0197,1,1450,TRACT 197-1 NEW YORK CITY MANHATTAN,001,3,15,0,0,0,0,0,1,0,67,86,120,131,115,124,117,64,29,40,39,3,0,197,131,213,136,75,33,9,4,0,0,0,0,0
G36006100198,1960,New York,36,New York,061,5600,51000,,0198,,1450,TRACT 198 NEW YORK CITY MANHATTAN,001,3,15,0,0,0,0,0,0,0,79,165,268,247,168,155,111,43,35,7,24,11,4,271,282,307,135,50,7,8,4,0,0,3,0,0
G36006100199,1960,New York,36,New York,061,5600,51000,,0199,,1450,TRACT 199 NEW YORK CITY MANHATTAN,001,3,15,0,0,0,0,0,0,0,124,232,189,301,232,344,266,246,137,99,322,176,30,1417,973,903,737,514,295,187,90,55,44,67,15,0
G36006100200,1960,New York,36,New York,061,5600,51000,,0200,,1450,TRACT 200 NEW YORK CITY MANHATTAN,001,3,15,0,0,0,0,0,1,0,149,126,232,214,200,180,108,63,61,35,49,20,4,460,337,536,481,224,65,39,0,13,0,5,0,0
G360061002010,1960,New York,36,New York,061,5600,51000,,0201,0,1450,TRACT 201-0 NEW YORK CITY MANHATTAN,001,3,15,0,0,1,0,1,1,0,0,27,28,24,65,27,56,27,40,19,115,60,12,549,165,198,144,48,55,41,16,16,4,15,4,0
G360061002011,1960,New York,36,New York,061,5600,51000,,0201,1,1450,TRACT 201-1 NEW YORK CITY MANHATTAN,001,3,15,0,0,0,0,0,1,0,70,137,263,226,181,173,141,90,114,32,85,8,0,415,273,375,246,129,56,8,8,16,0,0,0,0
G36006100202,1960,New York,36,New York,061,5600,51000,,0202,,1450,TRACT 202 NEW YORK CITY MANHATTAN,001,3,15,0,0,0,0,0,0,0,66,89,138,103,79,90,59,30,26,0,16,8,0,215,143,81,61,29,9,0,0,0,0,0,0,0
G36006100203,1960,New York,36,New York,061,5600,51000,,0203,,1450,TRACT 203 NEW YORK CITY MANHATTAN,001,3,15,0,0,0,0,1,1,0,12,20,17,39,36,71,47,45,26,19,61,8,4,1456,615,283,153,195,84,55,43,25,21,4,12,0
G36006100204,1960,New York,36,New York,061,5600,51000,,0204,,1450,TRACT 204 NEW YORK CITY MANHATTAN,001,3,15,0,0,0,0,0,0,0,55,128,126,165,58,97,64,23,8,4,14,0,0,93,149,109,88,24,3,0,0,7,0,0,0,0
G36006100205,1960,New York,36,New York,061,5600,51000,,0205,,1450,TRACT 205 NEW YORK CITY MANHATTAN,001,3,15,0,0,0,0,0,1,0,56,128,71,94,126,99,126,71,90,64,247,134,52,705,424,429,276,151,140,64,30,20,7,36,0,4
G36006100206,1960,New York,36,New York,061,5600,51000,,0206,,1450,TRACT 206 NEW YORK CITY MANHATTAN,001,3,15,0,0,0,0,0,1,0,163,149,254,314,256,203,149,82,80,23,72,18,0,562,330,384,294,160,8,4,7,0,0,0,0,0
G360061002070,1960,New York,36,New York,061,5600,51000,,0207,0,1450,TRACT 207-0 NEW YORK CITY MANHATTAN,001,3,15,0,0,1,0,0,1,0,23,57,89,74,109,113,69,72,58,58,144,48,20,177,246,421,162,120,102,73,39,34,15,30,19,0
G360061002071,1960,New York,36,New York,061,5600,51000,,0207,1,1450,TRACT 207-1 NEW YORK CITY MANHATTAN,001,3,15,0,0,0,0,0,1,0,146,169,165,269,172,208,114,77,44,49,47,0,0,286,327,332,221,88,27,8,0,9,9,0,0,0
G36006100208,1960,New York,36,New York,061,5600,51000,,0208,,1450,TRACT 208 NEW YORK CITY MANHATTAN,001,3,15,0,0,0,0,0,1,0,213,209,369,440,330,231,171,115,83,16,44,16,0,916,624,760,456,189,7,4,8,0,0,0,9,0
G360061002090,1960,New York,36,New York,061,5600,51000,,0209,0,1450,TRACT 209-0 NEW YORK CITY MANHATTAN,001,3,15,0,0,0,0,0,0,0,99,133,279,308,254,114,93,48,36,13,21,0,0,137,129,137,90,35,25,0,4,0,0,0,0,0
G360061002091,1960,New York,36,New York,061,5600,51000,,0209,1,1450,TRACT 209-1 NEW YORK CITY MANHATTAN,001,3,15,0,0,0,0,0,1,0,54,32,93,78,84,82,45,20,10,8,27,7,0,108,109,260,97,37,34,8,4,4,4,0,0,0
G36006100210,1960,New York,36,New York,061,5600,51000,,0210,,1450,TRACT 210 NEW YORK CITY MANHATTAN,001,3,15,0,0,0,0,0,0,0,64,145,217,272,333,341,236,147,161,108,208,20,4,13,39,48,45,16,60,25,16,0,0,0,0,0
G36006100211,1960,New York,36,New York,061,5600,51000,,0211,,1450,TRACT 211 NEW YORK CITY MANHATTAN,001,3,15,0,0,0,0,0,0,0,117,168,284,636,451,353,323,183,198,102,343,83,8,533,293,262,306,267,159,85,76,74,40,66,8,0
G36006100212,1960,New York,36,New York,061,5600,51000,,0212,,1450,TRACT 212 NEW YORK CITY MANHATTAN,001,3,15,0,0,0,0,0,1,0,65,118,208,274,244,156,130,123,98,46,74,19,23,544,304,226,262,181,58,56,14,4,9,4,0,3
G360061002130,1960,New York,36,New York,061,5600,51000,,0213,0,1450,TRACT 213-0 NEW YORK CITY MANHATTAN,001,3,15,0,0,0,0,0,1,0,48,90,188,194,217,242,173,120,58,35,51,28,0,324,152,199,232,90,64,15,0,0,4,0,0,0
G360061002131,1960,New York,36,New York,061,5600,51000,,0213,1,1450,TRACT 213-1 NEW YORK CITY MANHATTAN,001,3,15,0,0,1,0,0,1,0,74,90,79,100,41,52,13,24,15,13,33,4,0,151,63,59,49,24,4,0,0,0,8,0,0,0
G36006100214,1960,New York,36,New York,061,5600,51000,,0214,,1450,TRACT 214 NEW YORK CITY MANHATTAN,001,3,15,0,0,1,0,0,1,0,13,4,45,58,100,121,85,94,95,65,63,4,0,105,40,93,192,88,92,34,24,4,0,0,0,0
G36006100216,1960,New York,36,New York,061,5600,51000,,0216,,1450,TRACT 216 NEW YORK CITY MANHATTAN,001,3,15,0,0,0,0,0,1,0,199,324,469,479,414,381,297,217,129,68,180,20,4,995,672,652,571,180,64,28,12,4,0,0,8,0
G360061002170,1960,New York,36,New York,061,5600,51000,,0217,0,1450,TRACT 217-0 NEW YORK CITY MANHATTAN,001,3,15,0,0,0,0,0,0,0,30,39,87,88,139,47,39,41,32,20,24,5,5,56,54,44,41,35,5,9,0,0,0,0,0,0
G360061002171,1960,New York,36,New York,061,5600,51000,,0217,1,1450,TRACT 217-1 NEW YORK CITY MANHATTAN,001,3,15,0,0,0,0,0,1,0,35,44,105,161,74,109,28,44,20,22,33,0,0,69,17,119,94,26,18,0,0,0,0,0,0,0
G36006100218,1960,New York,36,New York,061,5600,51000,,0218,,1450,TRACT 218 NEW YORK CITY MANHATTAN,001,3,15,0,0,0,0,0,1,0,218,322,474,450,330,306,275,139,117,57,109,15,4,756,557,628,386,115,63,12,7,23,4,8,0,0
G36006100219,1960,New York,36,New York,061,5600,51000,,0219,,1450,TRACT 219 NEW YORK CITY MANHATTAN,001,3,15,0,0,0,0,0,0,0,70,98,148,174,150,104,92,63,14,32,58,6,0,160,119,71,52,20,16,11,0,4,0,0,0,0
G36006100220,1960,New York,36,New York,061,5600,51000,,0220,,1450,TRACT 220 NEW YORK CITY MANHATTAN,001,3,15,0,0,0,0,0,1,0,291,277,395,498,403,251,163,138,64,27,67,8,8,927,522,674,444,219,94,24,8,4,7,0,0,7
G360061002210,1960,New York,36,New York,061,5600,51000,,0221,0,1450,TRACT 221-0 NEW YORK CITY MANHATTAN,001,3,15,0,0,0,0,0,0,0,4,24,28,56,54,57,41,26,13,20,37,9,0,47,48,61,26,20,4,9,0,4,0,0,0,0
G360061002211,1960,New York,36,New York,061,5600,51000,,0221,1,1450,TRACT 221-1 NEW YORK CITY MANHATTAN,001,3,15,0,0,0,0,0,1,0,58,94,137,221,148,145,111,69,46,20,29,0,4,277,174,359,275,120,37,4,4,12,0,0,0,0
G36006100222,1960,New York,36,New York,061,5600,51000,,0222,,1450,TRACT 222 NEW YORK CITY MANHATTAN,001,3,15,0,0,0,0,0,1,0,88,174,283,309,151,106,153,23,40,32,40,12,0,549,449,718,361,83,26,45,19,4,4,0,0,0
G36006100223,1960,New York,36,New York,061,5600,51000,,0223,,1450,TRACT 223 NEW YORK CITY MANHATTAN,001,3,15,0,0,0,0,0,0,0,128,182,382,359,375,300,210,183,136,106,145,35,13,357,320,214,198,82,28,28,12,0,3,8,0,0
G36006100224,1960,New York,36,New York,061,5600,51000,,0224,,1450,TRACT 224 NEW YORK CITY MANHATTAN,001,3,15,0,0,0,0,0,0,0,196,298,608,641,475,280,167,111,59,32,51,7,0,449,376,455,340,163,67,16,4,0,0,0,0,0
G36006100225,1960,New York,36,New York,061,5600,51000,,0225,,1450,TRACT 225 NEW YORK CITY MANHATTAN,001,3,15,0,0,0,0,0,0,0,115,145,317,286,454,365,358,227,144,106,207,33,12,468,317,454,334,134,69,32,21,12,0,9,4,5
G36006100226,1960,New York,36,New York,061,5600,51000,,0226,,1450,TRACT 226 NEW YORK CITY MANHATTAN,001,3,15,0,0,0,0,0,1,0,191,322,297,311,330,262,182,90,26,56,55,4,5,763,405,650,528,123,55,20,12,4,4,0,0,0
G360061002270,1960,New York,36,New York,061,5600,51000,,0227,0,1450,TRACT 227-0 NEW YORK CITY MANHATTAN,001,3,15,0,0,0,0,0,1,0,104,107,159,181,265,186,148,108,49,59,78,20,4,633,466,466,409,244,153,81,4,12,0,4,4,0
G360061002271,1960,New York,36,New York,061,5600,51000,,0227,1,1450,TRACT 227-1 NEW YORK CITY MANHATTAN,001,3,15,0,0,0,0,0,1,0,25,43,119,113,89,36,47,22,4,17,17,3,0,140,183,174,38,11,0,4,9,0,0,0,0,0
G36006100228,1960,New York,36,New York,061,5600,51000,,0228,,1450,TRACT 228 NEW YORK CITY MANHATTAN,001,3,15,0,0,0,0,0,1,0,140,201,309,287,285,251,181,92,90,50,48,12,0,943,665,792,572,314,96,34,4,4,0,0,0,12
G36006100229,1960,New York,36,New York,061,5600,51000,,0229,,1450,TRACT 229 NEW YORK CITY MANHATTAN,001,3,15,0,0,0,0,0,0,0,74,136,213,303,339,321,196,217,204,89,185,23,4,530,365,502,436,192,95,41,17,4,0,5,0,0
G36006100230,1960,New York,36,New York,061,5600,51000,,0230,,1450,TRACT 230 NEW YORK CITY MANHATTAN,001,3,15,0,0,0,0,0,1,0,197,302,375,500,363,340,231,128,97,24,89,21,6,1229,883,716,562,239,115,72,66,8,0,0,6,0
G360061002310,1960,New York,36,New York,061,5600,51000,,0231,0,1450,TRACT 231-0 NEW YORK CITY MANHATTAN,001,3,15,0,0,0,0,0,1,0,133,143,195,278,314,247,231,90,104,45,101,39,6,630,458,484,423,228,168,43,48,4,4,0,0,4
G360061002311,1960,New York,36,New York,061,5600,51000,,0231,1,1450,TRACT 231-1 NEW YORK CITY MANHATTAN,001,3,15,0,0,0,0,0,1,0,52,118,125,225,160,114,107,30,28,19,9,5,0,164,89,159,121,36,18,0,4,0,0,0,0,0
G36006100232,1960,New York,36,New York,061,5600,51000,,0232,,1450,TRACT 232 NEW YORK CITY MANHATTAN,001,3,15,0,0,0,0,0,1,0,201,343,412,646,508,304,296,199,124,60,112,19,0,801,407,421,447,140,68,23,12,0,4,4,0,0
G36006100233,1960,New York,36,New York,061,5600,51000,,0233,,1450,TRACT 233 NEW YORK CITY MANHATTAN,001,3,15,0,0,0,0,0,0,0,140,164,235,290,317,221,246,177,156,110,185,29,4,444,287,384,369,193,58,29,16,8,12,0,4,12
G36006100234,1960,New York,36,New York,061,5600,51000,,0234,,1450,TRACT 234 NEW YORK CITY MANHATTAN,001,3,15,0,0,0,0,0,1,0,129,171,230,335,303,259,160,129,114,53,132,33,0,401,178,241,282,91,74,30,0,4,0,4,0,0
G360061002350,1960,New York,36,New York,061,5600,51000,,0235,0,1450,TRACT 235-0 NEW YORK CITY MANHATTAN,001,3,15,0,0,0,0,0,1,0,59,60,129,228,292,198,214,121,84,76,79,23,4,230,289,333,431,190,58,26,11,8,4,0,0,0
G360061002351,1960,New York,36,New York,061,5600,51000,,0235,1,1450,TRACT 235-1 NEW YORK CITY MANHATTAN,001,3,15,0,0,0,0,0,1,0,52,68,118,97,172,117,119,72,30,21,17,4,0,131,166,137,94,49,16,3,0,0,0,0,0,0
G36006100236,1960,New York,36,New York,061,5600,51000,,0236,,1450,TRACT 236 NEW YORK CITY MANHATTAN,001,3,15,0,0,0,0,0,1,0,69,114,193,284,209,175,86,90,32,26,36,5,0,297,142,126,93,32,38,0,0,3,0,4,0,0
G36006100237,1960,New York,36,New York,061,5600,51000,,0237,,1450,TRACT 237 NEW YORK CITY MANHATTAN,001,3,15,0,0,0,0,0,0,0,145,116,294,308,282,288,204,147,95,113,139,24,4,349,193,228,233,122,61,12,34,7,8,8,0,0
G36006100238,1960,New York,36,New York,061,5600,51000,,0238,,1450,TRACT 238 NEW YORK CITY MANHATTAN,001,3,15,0,0,1,0,0,1,0,0,0,0,0,0,0,0,0,0,0,0,5,0,293,51,32,24,11,4,0,0,4,0,4,0,0
G36006100239,1960,New York,36,New York,061,5600,51000,,0239,,1450,TRACT 239 NEW YORK CITY MANHATTAN,001,3,15,0,0,0,0,0,1,0,24,51,66,132,126,119,71,64,25,28,67,12,0,117,75,120,125,101,30,12,0,0,0,0,0,0
G36006100240,1960,New York,36,New York,061,5600,51000,,0240,,1450,TRACT 240 NEW YORK CITY MANHATTAN,001,3,15,0,0,1,0,0,1,0,0,0,0,0,3,0,0,3,0,0,3,3,0,8,7,46,27,56,7,17,0,0,0,4,0,0
G36006100241,1960,New York,36,New York,061,5600,51000,,0241,,1450,TRACT 241 NEW YORK CITY MANHATTAN,001,3,15,0,0,0,0,0,0,0,115,109,220,298,272,231,212,179,113,108,231,71,0,422,190,266,194,110,52,15,28,12,4,0,4,0
G360061002430,1960,New York,36,New York,061,5600,51000,,0243,0,1450,TRACT 243-0 NEW YORK CITY MANHATTAN,001,3,15,0,0,0,0,0,1,0,94,70,93,178,182,119,145,129,59,32,63,4,4,260,107,185,269,99,71,20,27,4,0,0,0,0
G360061002431,1960,New York,36,New York,061,5600,51000,,0243,1,1450,TRACT 243-1 NEW YORK CITY MANHATTAN,001,3,15,0,0,0,0,0,1,0,8,18,46,118,184,213,152,77,40,27,20,3,0,17,23,3,21,19,0,0,0,0,0,0,0,0
G36006100245,1960,New York,36,New York,061,5600,51000,,0245,,1450,TRACT 245 NEW YORK CITY MANHATTAN,001,3,15,0,0,0,0,0,0,0,161,208,366,495,519,536,412,310,275,181,295,69,13,682,417,556,486,237,111,37,29,8,0,4,4,8
G36006100247,1960,New York,36,New York,061,5600,51000,,0247,,1450,TRACT 247 NEW YORK CITY MANHATTAN,001,3,15,0,0,0,0,0,1,0,98,87,140,214,205,222,194,147,177,114,234,89,7,327,126,116,108,73,52,40,27,8,17,4,0,9
G36006100249,1960,New York,36,New York,061,5600,51000,,0249,,1450,TRACT 249 NEW YORK CITY MANHATTAN,001,3,15,0,0,1,0,0,1,0,17,14,32,59,36,65,72,25,29,27,17,4,3,37,43,47,43,16,16,3,5,3,5,0,0,0
G36006100251,1960,New York,36,New York,061,5600,51000,,0251,,1450,TRACT 251 NEW YORK CITY MANHATTAN,001,3,15,0,0,0,0,0,0,0,70,40,92,76,143,100,76,72,34,13,53,20,4,151,98,111,134,57,53,4,3,0,0,4,0,0
G36006100253,1960,New York,36,New York,061,5600,51000,,0253,,1450,TRACT 253 NEW YORK CITY MANHATTAN,001,3,15,0,0,0,0,1,0,0,94,153,176,366,477,370,348,280,292,125,366,100,12,412,212,154,179,129,81,46,12,4,8,17,4,0
G36006100255,1960,New York,36,New York,061,5600,51000,,0255,,1450,TRACT 255 NEW YORK CITY MANHATTAN,001,3,15,0,0,0,0,1,1,0,84,68,97,142,207,227,132,226,160,126,227,99,20,737,188,74,129,226,168,48,20,12,4,4,4,0
G36006100257,1960,New York,36,New York,061,5600,51000,,0257,,1450,TRACT 257 NEW YORK CITY MANHATTAN,001,3,15,1,1,1,1,1,1,0,0,0,0,0,0,0,0,0,0,0,0,0,0,0,0,0,0,0,0,0,0,0,0,0,0,0
G36006100261,1960,New York,36,New York,061,5600,51000,,0261,,1450,TRACT 261 NEW YORK CITY MANHATTAN,001,3,15,0,0,0,0,0,0,0,140,131,232,389,382,424,386,249,129,76,228,23,0,304,157,190,159,68,39,24,0,0,4,3,0,0
G36006100263,1960,New York,36,New York,061,5600,51000,,0263,,1450,TRACT 263 NEW YORK CITY MANHATTAN,001,3,15,0,0,0,0,1,0,0,72,72,155,219,217,248,227,176,116,128,284,52,8,142,109,111,81,84,61,28,12,13,5,12,0,4
G36006100265,1960,New York,36,New York,061,5600,51000,,0265,,1450,TRACT 265 NEW YORK CITY MANHATTAN,001,3,15,0,0,0,0,1,0,0,104,53,169,183,221,342,209,177,196,180,289,87,16,293,181,172,159,114,79,31,33,20,8,18,0,0
G36006100267,1960,New York,36,New York,061,5600,51000,,0267,,1450,TRACT 267 NEW YORK CITY MANHATTAN,001,3,15,0,0,0,0,1,1,0,4,24,50,37,90,112,109,46,72,23,90,20,8,306,51,46,20,22,24,15,0,0,4,9,0,0
G36006100269,1960,New York,36,New York,061,5600,51000,,0269,,1450,TRACT 269 NEW YORK CITY MANHATTAN,001,3,15,0,0,0,0,0,0,0,77,156,251,310,358,313,344,216,137,108,268,36,4,300,259,177,144,83,31,35,7,8,0,0,0,0
G36006100271,1960,New York,36,New York,061,5600,51000,,0271,,1450,TRACT 271 NEW YORK CITY MANHATTAN,001,3,15,0,0,0,0,1,1,0,87,115,111,183,268,370,310,245,173,127,363,70,7,293,181,103,145,59,65,16,20,7,0,20,4,0
G36006100273,1960,New York,36,New York,061,5600,51000,,0273,,1450,TRACT 273 NEW YORK CITY MANHATTAN,001,3,15,0,0,0,0,1,1,0,45,80,116,128,215,250,196,238,199,157,359,205,95,259,141,179,136,111,66,43,31,4,14,23,16,4
G36006100275,1960,New York,36,New York,061,5600,51000,,0275,,1450,TRACT 275 NEW YORK CITY MANHATTAN,001,3,15,0,0,0,0,1,1,0,32,35,33,52,60,82,68,57,89,88,196,177,132,76,48,47,44,50,40,20,39,0,4,24,4,4
G36006100277,1960,New York,36,New York,061,5600,51000,,0277,,1450,TRACT 277 NEW YORK CITY MANHATTAN,001,3,15,0,0,0,0,1,1,0,43,36,99,185,209,254,230,192,98,101,124,54,0,160,81,106,63,63,25,16,0,8,5,4,0,0
G36006100279,1960,New York,36,New York,061,5600,51000,,0279,,1450,TRACT 279 NEW YORK CITY MANHATTAN,001,3,15,0,0,0,0,1,1,0,64,130,209,263,387,361,377,301,259,219,365,72,4,239,130,148,152,159,105,24,20,21,12,4,0,0
G36006100281,1960,New York,36,New York,061,5600,51000,,0281,,1450,TRACT 281 NEW YORK CITY MANHATTAN,001,3,15,0,0,0,0,1,1,0,23,21,26,53,57,75,89,96,75,106,198,117,60,104,33,15,51,18,20,24,6,4,12,4,4,0
G36006100283,1960,New York,36,New York,061,5600,51000,,0283,,1450,TRACT 283 NEW YORK CITY MANHATTAN,001,3,15,0,0,0,0,1,1,0,63,62,101,136,201,225,293,234,162,171,219,71,5,160,90,83,78,110,20,15,0,8,4,7,0,0
G36006100285,1960,New York,36,New York,061,5600,51000,,0285,,1450,TRACT 285 NEW YORK CITY MANHATTAN,001,3,15,0,0,0,0,1,1,0,36,85,119,156,215,280,262,243,193,100,247,42,8,193,96,89,114,78,54,30,20,12,4,4,0,0
G36006100287,1960,New York,36,New York,061,5600,51000,,0287,,1450,TRACT 287 NEW YORK CITY MANHATTAN,001,3,15,0,0,0,0,1,1,0,33,58,55,100,125,198,168,153,119,71,254,67,15,77,109,86,59,46,22,24,8,12,4,8,0,0
G36006100289,1960,New York,36,New York,061,5600,51000,,0289,,1450,TRACT 289 NEW YORK CITY MANHATTAN,001,3,15,0,0,0,0,0,1,0,17,4,49,117,252,323,290,165,84,58,61,32,0,68,8,16,16,15,12,0,0,0,0,0,0,0
G36006100291,1960,New York,36,New York,061,5600,51000,,0291,,1450,TRACT 291 NEW YORK CITY MANHATTAN,001,3,15,0,0,0,0,1,1,0,40,122,224,242,366,469,392,316,221,152,286,61,0,221,238,119,161,108,76,22,11,8,4,4,0,0
G36006100293,1960,New York,36,New York,061,5600,51000,,0293,,1450,TRACT 293 NEW YORK CITY MANHATTAN,001,3,15,0,0,0,0,1,1,0,48,114,110,226,249,291,330,265,178,166,266,61,0,163,125,97,106,142,44,32,0,0,0,5,0,0
G36006100295,1960,New York,36,New York,061,5600,51000,,0295,,1450,TRACT 295 NEW YORK CITY MANHATTAN,001,3,15,0,0,0,0,1,1,0,49,105,130,184,242,324,334,215,193,201,366,109,20,172,123,100,85,101,64,43,20,9,4,16,4,0
G36006100297,1960,New York,36,New York,061,5600,51000,,0297,,1450,TRACT 297 NEW YORK CITY MANHATTAN,001,3,15,0,0,1,0,1,1,0,0,0,7,4,16,9,29,4,19,5,8,12,0,0,16,0,5,8,4,0,0,0,0,0,0,0
G36006100301,1960,New York,36,New York,061,5600,51000,,0301,,1450,TRACT 301 NEW YORK CITY MANHATTAN,001,3,15,1,1,1,1,1,1,0,0,0,0,0,0,0,0,0,0,0,0,0,0,0,0,0,0,0,0,0,0,0,0,0,0,0
G36006100303,1960,New York,36,New York,061,5600,51000,,0303,,1450,TRACT 303 NEW YORK CITY MANHATTAN,001,3,15,0,0,0,0,1,1,0,25,65,64,83,145,233,191,133,123,67,200,80,20,144,63,49,65,54,44,3,24,5,0,15,4,0
G36006100307,1960,New York,36,New York,061,5600,51000,,0307,,1450,TRACT 307 NEW YORK CITY MANHATTAN,001,3,15,0,0,0,0,1,1,0,14,42,45,65,107,143,143,184,133,113,303,148,23,56,59,24,62,72,29,20,20,15,28,12,0,0
G36006100309,1960,New York,36,New York,061,5600,51000,,0309,,1450,TRACT 309 NEW YORK CITY MANHATTAN,001,3,15,0,0,0,0,0,1,0,15,38,117,180,333,462,354,226,186,139,185,30,7,90,83,59,88,62,31,28,16,8,0,9,0,0
G3600630CW0043,1960,New York,36,Niagara,063,1280,,CW,0043,,,TRACT CW-43 CAMBRIA TOWN,001,7,00,0,0,1,1,1,1,0,82,71,127,139,227,244,347,243,198,131,378,60,4,188,118,46,37,34,8,13,4,4,0,4,0,0
G3600630LC0035,1960,New York,36,Niagara,063,1280,,LC,0035,,,TRACT LC-35 LOCKPORT CITY,004,4,00,0,0,1,1,1,1,0,27,38,67,70,148,183,131,130,85,61,158,32,4,68,35,17,23,21,4,4,0,0,0,0,0,0
G3600630LC0036,1960,New York,36,Niagara,063,1280,,LC,0036,,,TRACT LC-36 LOCKPORT CITY,004,4,00,0,0,1,1,1,1,0,43,39,57,69,198,249,121,151,108,94,216,44,4,78,58,42,52,21,11,0,4,8,0,4,0,0
G3600630LC0037,1960,New York,36,Niagara,063,1280,,LC,0037,,,TRACT LC-37 LOCKPORT CITY,004,4,00,0,0,1,1,1,1,0,26,84,77,103,113,145,87,87,56,43,79,17,9,221,109,99,69,101,66,29,40,15,0,7,0,0
G3600630LC0038,1960,New York,36,Niagara,063,1280,,LC,0038,,,TRACT LC-38 LOCKPORT CITY,004,4,00,0,0,1,1,1,1,0,27,42,49,92,125,237,181,158,104,81,183,52,8,136,72,35,29,34,28,20,11,0,4,3,0,0
G3600630LC0039,1960,New York,36,Niagara,063,1280,,LC,0039,,,TRACT LC-39 LOCKPORT CITY,004,4,00,0,0,1,1,1,1,0,32,94,59,80,158,229,293,216,185,156,359,152,65,128,68,50,30,40,11,23,15,4,0,9,4,0
G3600630LE0044,1960,New York,36,Niagara,063,1280,,LE,0044,,0310,TRACT LE-44 LEWISTON TOWN,003,7,00,0,0,1,1,0,1,0,39,54,100,124,243,316,472,429,443,313,725,330,139,722,192,42,42,53,79,23,43,13,4,16,0,0
G3600630LT0034,1960,New York,36,Niagara,063,1280,,LT,0034,,,TRACT LT-34 LOCKPORT TOWN,005,7,00,0,0,1,1,1,1,0,20,61,96,84,118,214,182,191,142,128,227,64,12,72,66,8,27,44,26,13,4,0,4,0,0,0
G3600630NE0042,1960,New York,36,Niagara,063,1280,,NE,0042,,,TRACT NE-42 NEWFANE TOWN,006,7,00,0,0,1,1,1,1,0,63,114,113,122,279,318,258,226,200,155,285,45,16,163,93,39,42,39,20,4,4,0,10,3,0,0
G3600630NF0001,1960,New York,36,Niagara,063,1280,,NF,0001,,0310,TRACT NF-1  NIAGARA FALLS CITY,008,4,12,0,0,0,0,1,1,0,9,37,24,52,61,168,203,134,109,130,318,151,42,33,28,40,8,26,8,15,16,12,4,0,0,0
G3600630NF0002,1960,New York,36,Niagara,063,1280,,NF,0002,,0310,TRACT NF-2  NIAGARA FALLS CITY,008,4,12,0,0,0,0,0,1,0,82,91,91,49,179,149,135,98,64,60,150,12,0,66,40,31,41,27,17,19,7,0,0,4,4,0
G3600630NF0003,1960,New York,36,Niagara,063,1280,,NF,0003,,0310,TRACT NF-3  NIAGARA FALLS CITY,008,4,12,0,0,0,0,1,1,0,9,12,25,12,28,81,96,66,47,51,71,20,5,18,4,23,3,9,9,8,3,4,0,0,0,0
G3600630NF0004,1960,New York,36,Niagara,063,1280,,NF,0004,,0310,TRACT NF-4  NIAGARA FALLS CITY,008,4,12,0,0,0,0,1,1,0,9,48,50,42,85,154,140,109,103,60,109,20,0,11,37,13,27,10,27,3,3,0,0,0,4,0
G3600630NF0005,1960,New York,36,Niagara,063,1280,,NF,0005,,0310,TRACT NF-5  NIAGARA FALLS CITY,008,4,12,0,0,0,0,1,1,0,41,49,76,72,131,153,144,106,100,82,159,45,7,112,129,74,82,66,70,37,17,3,3,12,0,4
G3600630NF0006,1960,New York,36,Niagara,063,1280,,NF,0006,,0310,TRACT NF-6  NIAGARA FALLS CITY,008,4,12,0,0,0,0,1,1,0,29,23,61,79,79,146,110,154,54,81,133,4,0,80,65,23,30,43,20,13,16,4,4,5,0,0
G3600630NF0007,1960,New York,36,Niagara,063,1280,,NF,0007,,0310,TRACT NF-7  NIAGARA FALLS CITY,008,4,12,0,0,0,0,1,1,0,16,28,46,60,72,107,215,131,138,92,182,52,0,40,28,21,8,12,3,10,20,3,0,0,0,0
G3600630NF0008,1960,New York,36,Niagara,063,1280,,NF,0008,,0310,TRACT NF-8  NIAGARA FALLS CITY,008,4,12,0,0,0,0,1,1,0,8,31,31,36,50,94,17,51,27,20,36,33,4,4,7,4,0,0,3,0,0,0,0,0,0,0
G3600630NF0009,1960,New York,36,Niagara,063,1280,,NF,0009,,0310,TRACT NF-9  NIAGARA FALLS CITY,008,4,12,0,0,0,0,1,1,0,39,51,68,73,120,180,162,139,117,43,128,42,0,92,33,19,30,16,17,16,0,4,4,0,0,0
G3600630NF0010,1960,New York,36,Niagara,063,1280,,NF,0010,,0310,TRACT NF-10 NIAGARA FALLS CITY,008,4,12,0,0,0,0,1,1,0,38,46,95,55,127,191,202,183,107,110,199,40,14,46,46,18,20,31,27,4,12,0,0,0,0,4
G3600630NF0011,1960,New York,36,Niagara,063,1280,,NF,0011,,0310,TRACT NF-11 NIAGARA FALLS CITY,008,4,12,0,0,0,0,1,1,0,32,51,78,77,105,121,138,124,73,55,71,38,4,233,108,48,57,116,80,34,8,16,8,4,4,0
G3600630NF0012,1960,New York,36,Niagara,063,1280,,NF,0012,,0310,TRACT NF-12 NIAGARA FALLS CITY,008,4,12,0,0,0,0,1,1,0,30,58,70,65,92,226,108,168,82,62,198,47,0,107,61,51,33,50,38,5,16,9,0,4,0,0
G3600630NF0013,1960,New York,36,Niagara,063,1280,,NF,0013,,0310,TRACT NF-13 NIAGARA FALLS CITY,008,4,12,0,0,0,0,1,1,0,39,50,84,70,115,275,244,91,98,67,121,36,0,66,37,7,16,14,21,12,4,0,0,5,0,0
G3600630NF0014,1960,New York,36,Niagara,063,1280,,NF,0014,,0310,TRACT NF-14 NIAGARA FALLS CITY,008,4,12,0,0,0,0,1,1,0,19,35,29,41,104,151,194,136,116,64,162,8,4,34,8,17,3,8,8,3,4,0,4,4,0,0
G3600630NF0015,1960,New York,36,Niagara,063,1280,,NF,0015,,0310,TRACT NF-15 NIAGARA FALLS CITY,008,4,12,0,0,0,0,1,1,0,22,37,70,48,46,73,88,56,61,53,103,41,0,207,234,173,93,148,158,109,74,64,11,23,4,4
G3600630NF0016,1960,New York,36,Niagara,063,1280,,NF,0016,,0310,TRACT NF-16 NIAGARA FALLS CITY,008,4,12,0,0,0,0,0,1,0,61,120,98,58,124,211,196,125,77,41,69,19,0,153,124,76,42,75,30,26,5,0,0,0,0,5
G3600630NF0017,1960,New York,36,Niagara,063,1280,,NF,0017,,0310,TRACT NF-17 NIAGARA FALLS CITY,008,4,12,0,0,0,0,0,1,0,34,51,67,66,139,178,245,140,124,49,113,21,0,109,63,25,21,55,13,23,8,0,0,0,0,0
G3600630NF0018,1960,New York,36,Niagara,063,1280,,NF,0018,,0310,TRACT NF-18 NIAGARA FALLS CITY,008,4,12,0,0,0,0,1,1,0,19,16,30,29,46,146,96,103,97,101,103,21,0,42,8,24,11,23,8,12,8,4,0,0,0,0
G3600630NF0019,1960,New York,36,Niagara,063,1280,,NF,0019,,0310,TRACT NF-19 NIAGARA FALLS CITY,008,4,12,0,0,0,0,1,1,0,5,8,10,17,73,112,92,77,41,40,75,12,0,35,11,0,4,0,19,38,28,13,5,5,0,0
G3600630NF0020,1960,New York,36,Niagara,063,1280,,NF,0020,,0310,TRACT NF-20 NIAGARA FALLS CITY,008,4,12,0,0,0,0,1,1,0,13,30,43,23,78,148,114,154,110,66,177,41,0,37,44,19,12,26,24,20,7,5,3,8,0,0
G3600630NF0021,1960,New York,36,Niagara,063,1280,,NF,0021,,0310,TRACT NF-21 NIAGARA FALLS CITY,008,4,12,0,0,0,0,1,1,0,4,4,26,25,82,195,258,133,120,67,192,26,4,7,4,0,7,13,11,4,0,0,4,0,4,0
G3600630NF0022,1960,New York,36,Niagara,063,1280,,NF,0022,,0310,TRACT NF-22 NIAGARA FALLS CITY,008,4,12,0,0,0,0,1,1,0,23,51,51,70,71,153,231,169,141,101,237,78,8,51,27,15,13,32,37,10,8,9,8,10,0,0
G3600630NF0023,1960,New York,36,Niagara,063,1280,,NF,0023,,0310,TRACT NF-23 NIAGARA FALLS CITY,008,4,12,0,0,0,0,1,1,0,4,13,21,44,62,94,201,183,127,96,220,19,8,32,7,21,12,20,16,4,4,0,5,0,0,0
G3600630NF0024,1960,New York,36,Niagara,063,1280,,NF,0024,,0310,TRACT NF-24 NIAGARA FALLS CITY,008,4,12,0,0,0,0,0,1,0,72,165,130,147,133,262,196,100,144,97,143,23,0,44,10,4,13,0,0,0,14,5,5,5,0,0
G3600630NF0025,1960,New York,36,Niagara,063,1280,,NF,0025,,0310,TRACT NF-25 NIAGARA FALLS CITY,008,4,12,0,0,0,0,1,1,0,3,8,8,8,39,114,145,94,68,27,104,23,0,3,17,12,15,17,13,8,7,8,13,4,0,0
G3600630NT0026,1960,New York,36,Niagara,063,1280,,NT,0026,,,TRACT NT-26 NIAGARA TOWN,007,7,00,0,0,1,1,1,1,0,28,16,75,105,165,239,273,306,180,163,253,24,0,32,16,11,11,22,7,3,12,0,8,0,0,0
G3600630NT0028,1960,New York,36,Niagara,063,1280,,NT,0028,,0310,TRACT NT-28 NORTH TONAWANDA CITY,009,4,10,0,0,1,1,1,1,0,20,27,72,96,157,329,396,310,272,224,279,78,16,34,27,8,20,20,8,8,8,0,4,0,0,0
G3600630NT0029,1960,New York,36,Niagara,063,1280,,NT,0029,,0310,TRACT NT-29 NORTH TONAWANDA CITY,009,4,10,0,0,1,1,1,1,0,31,83,58,51,194,301,302,226,105,127,139,45,0,55,27,8,12,12,8,5,0,4,0,0,0,0
G3600630NT0030,1960,New York,36,Niagara,063,1280,,NT,0030,,0310,TRACT NT-30 NORTH TONAWANDA CITY,009,4,10,0,0,1,1,1,1,0,20,36,76,83,123,198,249,146,108,50,174,39,8,30,21,20,20,24,20,0,0,0,0,0,0,0
G3600630NT0031,1960,New York,36,Niagara,063,1280,,NT,0031,,0310,TRACT NT-31 NORTH TONAWANDA CITY,009,4,10,0,0,1,1,1,1,0,23,55,17,84,151,166,93,100,66,53,125,12,4,78,72,19,8,33,19,9,0,0,0,0,3,0
G3600630NT0032,1960,New York,36,Niagara,063,1280,,NT,0032,,0310,TRACT NT-32 NORTH TONAWANDA CITY,009,4,10,0,0,1,1,1,1,0,56,49,83,62,116,155,186,96,64,36,125,40,12,114,105,47,47,55,39,29,29,0,4,4,8,0
G3600630NT0033,1960,New York,36,Niagara,063,1280,,NT,0033,,0310,TRACT NT-33 NORTH TONAWANDA CITY,009,4,10,0,0,1,1,1,1,0,44,41,38,68,148,328,285,213,153,118,209,25,4,41,20,42,12,7,8,16,4,0,0,0,0,0
G3600630PO0045,1960,New York,36,Niagara,063,1280,,PO,0045,,,TRACT PO-45 PORTER TOWN,011,7,00,0,0,1,1,1,1,0,9,83,80,75,144,198,268,262,142,156,298,56,12,102,178,80,50,36,12,8,12,0,9,0,4,0
G3600630RO0040,1960,New York,36,Niagara,063,1280,,RO,0040,,,TRACT RO-40 ROYALTON TOWN,012,4,00,0,0,1,1,1,1,0,39,61,99,117,183,253,227,163,141,105,222,30,8,95,72,34,9,47,38,13,8,4,0,0,0,0
G3600630SH0041,1960,New York,36,Niagara,063,1280,,SH,0041,,,TRACT SH-41 HARTLAND TOWN,002,7,00,0,0,1,1,1,1,0,74,98,84,140,129,277,149,147,144,82,148,45,0,142,40,17,31,16,11,4,0,0,4,0,0,0
G3600630WP0027,1960,New York,36,Niagara,063,1280,,WP,0027,,,TRACT WP-27 PENDLETON TOWN,014,7,00,0,0,1,1,1,1,0,49,86,113,119,270,481,561,354,257,148,374,71,12,140,227,63,72,38,16,20,8,13,0,0,0,0
G36006500001A,1960,New York,36,Oneida,065,8680,76540,,0001,A,2240,TRACT 1-A  UTICA CITY,022,3,12,0,0,0,0,1,1,0,0,21,10,16,0,5,0,0,0,0,0,0,0,18,30,19,10,4,0,3,0,0,0,0,0,0
G36006500001B,1960,New York,36,Oneida,065,8680,76540,,0001,B,2240,TRACT 1-B  UTICA CITY,022,3,12,0,0,0,0,1,1,0,4,0,4,4,7,4,3,0,0,4,0,0,0,4,4,4,0,0,0,0,0,0,0,0,0,0
G36006500002A,1960,New York,36,Oneida,065,8680,76540,,0002,A,2240,TRACT 2-A  UTICA CITY,022,3,12,0,0,0,0,0,1,0,72,62,57,44,39,32,22,0,7,0,3,0,0,102,49,29,12,17,0,0,0,0,0,0,0,0
G36006500002B,1960,New York,36,Oneida,065,8680,76540,,0002,B,2240,TRACT 2-B  UTICA CITY,022,3,12,0,0,0,0,1,1,0,6,14,16,37,34,45,21,15,7,14,24,0,0,16,9,12,0,8,0,0,5,0,0,0,0,0
G36006500003,1960,New York,36,Oneida,065,8680,76540,,0003,,2240,TRACT 3    UTICA CITY,022,3,12,0,0,0,0,1,1,0,18,21,16,45,46,41,51,35,21,14,19,21,0,187,97,82,63,14,8,28,0,7,0,0,0,0
G36006500004,1960,New York,36,Oneida,065,8680,76540,,0004,,2240,TRACT 4    UTICA CITY,022,3,12,0,0,0,0,1,1,0,15,50,26,43,45,48,19,61,20,9,32,0,0,314,225,103,82,70,26,18,25,4,0,0,0,0
G36006500005,1960,New York,36,Oneida,065,8680,76540,,0005,,2240,TRACT 5    UTICA CITY,022,3,12,0,0,0,0,1,1,0,35,39,43,37,35,30,16,4,5,18,10,0,0,67,20,17,12,8,0,0,0,0,0,0,0,0
G36006500006,1960,New York,36,Oneida,065,8680,76540,,0006,,2240,TRACT 6    UTICA CITY,022,3,12,0,0,0,0,1,1,0,30,18,59,53,67,104,84,48,36,29,22,5,0,154,51,31,12,20,12,5,0,0,4,0,0,0
G36006500007A,1960,New York,36,Oneida,065,8680,76540,,0007,A,2240,TRACT 7-A  UTICA CITY,022,3,12,0,0,0,0,1,1,0,48,51,151,155,213,198,207,143,117,65,123,28,13,395,158,183,139,89,74,45,8,4,10,12,0,0
G36006500007B,1960,New York,36,Oneida,065,8680,76540,,0007,B,2240,TRACT 7-B  UTICA CITY,022,3,12,0,0,0,0,1,1,0,16,37,65,87,148,182,163,170,152,100,203,105,12,143,83,36,36,54,65,11,22,4,13,12,16,0
G36006500008A,1960,New York,36,Oneida,065,8680,76540,,0008,A,2240,TRACT 8-A  UTICA CITY,022,3,12,0,0,0,0,1,1,0,5,18,42,33,65,58,36,39,19,26,32,5,0,10,4,13,0,4,0,0,5,0,0,0,0,0
G36006500008B,1960,New York,36,Oneida,065,8680,76540,,0008,B,2240,TRACT 8-B  UTICA CITY,022,3,12,0,0,0,0,1,1,0,47,151,126,192,248,244,154,192,108,58,131,24,0,124,56,18,18,29,4,8,0,0,0,0,0,0
G36006500008C,1960,New York,36,Oneida,065,8680,76540,,0008,C,2240,TRACT 8-C  UTICA CITY,022,3,12,0,0,0,0,1,1,0,102,123,184,176,253,209,178,102,55,78,70,13,5,151,82,29,36,16,12,0,8,0,0,0,0,0
G36006500009,1960,New York,36,Oneida,065,8680,76540,,0009,,2240,TRACT 9    UTICA CITY,022,3,12,0,0,0,0,1,1,0,33,82,105,159,189,206,142,114,73,67,67,15,0,156,83,77,39,36,12,4,0,4,0,0,0,0
G36006500010,1960,New York,36,Oneida,065,8680,76540,,0010,,2240,TRACT 10   UTICA CITY,022,3,12,0,0,0,0,1,1,0,49,87,83,94,131,132,103,55,56,21,35,4,0,174,79,79,57,42,11,21,12,0,0,0,0,0
G36006500011A,1960,New York,36,Oneida,065,8680,76540,,0011,A,2240,TRACT 11-A UTICA CITY,022,3,12,0,0,0,0,1,1,0,34,47,46,54,100,83,96,73,28,33,34,7,4,99,43,91,47,33,34,26,4,4,0,4,0,0
G36006500011B,1960,New York,36,Oneida,065,8680,76540,,0011,B,2240,TRACT 11-B UTICA CITY,022,3,12,0,0,0,0,1,1,0,47,35,69,105,166,151,99,113,94,74,124,13,7,111,89,86,56,62,29,13,8,18,8,4,5,0
G36006500011C,1960,New York,36,Oneida,065,8680,76540,,0011,C,2240,TRACT 11-C UTICA CITY,022,3,12,0,0,0,0,1,1,0,22,62,63,62,105,69,27,86,31,25,38,20,0,45,22,17,0,13,9,5,0,0,0,0,0,0
G36006500012A,1960,New York,36,Oneida,065,8680,76540,,0012,A,2240,TRACT 12-A UTICA CITY,022,3,12,0,0,0,0,1,1,0,45,38,110,102,185,184,152,121,73,48,70,8,0,86,63,31,27,20,18,14,0,0,0,0,0,0
G36006500012B,1960,New York,36,Oneida,065,8680,76540,,0012,B,2240,TRACT 12-B UTICA CITY,022,3,12,0,0,0,0,1,1,0,33,29,48,93,87,178,127,108,78,76,106,35,12,60,16,22,27,6,0,8,3,0,0,0,0,0
G36006500013A,1960,New York,36,Oneida,065,8680,76540,,0013,A,2240,TRACT 13-A UTICA CITY,022,3,12,0,0,0,0,1,1,0,48,31,26,45,125,57,64,54,50,27,62,16,17,40,14,8,21,4,4,0,0,0,0,0,0,0
G36006500013B,1960,New York,36,Oneida,065,8680,76540,,0013,B,2240,TRACT 13-B UTICA CITY,022,3,12,0,0,0,0,1,1,0,43,81,109,111,174,264,205,141,121,74,119,21,0,56,29,18,13,0,0,21,9,0,0,4,0,0
G36006500013C,1960,New York,36,Oneida,065,8680,76540,,0013,C,2240,TRACT 13-C UTICA CITY,022,3,12,0,0,0,0,1,1,0,8,24,44,87,150,97,126,83,70,44,174,65,48,43,8,16,17,4,4,4,4,0,0,0,0,0
G36006500014A,1960,New York,36,Oneida,065,8680,76540,,0014,A,2240,TRACT 14-A UTICA CITY,022,3,12,0,0,0,0,1,1,0,17,52,31,58,114,137,171,142,97,35,127,8,8,56,51,25,20,21,9,0,7,3,4,4,0,0
G36006500014B,1960,New York,36,Oneida,065,8680,76540,,0014,B,2240,TRACT 14-B UTICA CITY,022,3,12,0,0,0,0,1,1,0,0,35,47,58,108,138,88,82,55,50,92,22,0,49,14,18,20,13,4,0,3,0,0,0,0,0
G36006500014C,1960,New York,36,Oneida,065,8680,76540,,0014,C,2240,TRACT 14-C UTICA CITY,022,3,12,0,0,1,0,1,1,0,0,0,0,0,0,0,4,4,0,0,8,4,4,38,8,0,4,12,0,7,0,0,0,8,4,0
G36006500015,1960,New York,36,Oneida,065,8680,76540,,0015,,2240,TRACT 15   UTICA CITY,022,3,12,0,0,0,0,1,1,0,89,64,94,103,241,209,223,83,77,55,127,29,0,149,133,74,36,16,27,33,17,4,4,0,0,0
G36006500016A,1960,New York,36,Oneida,065,8680,76540,,0016,A,2240,TRACT 16-A UTICA CITY,022,3,12,0,0,0,0,1,1,0,0,30,21,67,68,200,163,119,88,66,114,36,0,16,16,26,4,8,8,5,4,0,0,0,0,0
G36006500016B,1960,New York,36,Oneida,065,8680,76540,,0016,B,2240,TRACT 16-B UTICA CITY,022,3,12,0,0,0,0,1,1,0,11,12,25,36,92,108,127,94,56,61,102,8,0,20,8,13,4,9,12,0,0,0,0,0,0,0
G36006500017A,1960,New York,36,Oneida,065,8680,76540,,0017,A,2240,TRACT 17-A UTICA CITY,022,3,12,0,0,0,0,1,1,0,10,19,9,26,61,73,139,102,51,42,322,160,78,148,22,8,14,16,13,9,14,0,4,0,8,0
G36006500017B,1960,New York,36,Oneida,065,8680,76540,,0017,B,2240,TRACT 17-B UTICA CITY,022,3,12,0,0,0,0,1,1,0,12,25,17,41,71,134,203,117,109,74,233,31,5,80,31,36,16,18,30,11,11,0,0,0,0,0
G3600650NH0051,1960,New York,36,Oneida,065,8680,,NH,0051,,2240,TRACT NH-51 NEW HARTFORD TOWN,015,4,05,0,0,1,1,1,1,0,10,7,20,20,57,40,75,90,48,72,115,70,25,77,24,22,26,36,0,4,3,0,0,0,0,4
G3600650NY0034,1960,New York,36,Oneida,065,8680,,NY,0034,,2240,TRACT NY-34 NEW HARTFORD TOWN,015,4,06,0,0,1,1,1,1,0,27,70,57,52,157,140,120,117,109,81,96,12,0,63,53,33,20,8,22,0,0,3,0,0,0,0
G3600650OC0030,1960,New York,36,Oneida,065,8680,,OC,0030,,,TRACT OC-30 WESTMORELAND TOWN,027,7,00,0,0,1,1,1,1,0,49,34,40,85,150,154,154,76,56,65,128,21,4,12,4,9,0,8,4,7,0,0,0,4,0,0
G3600650OC0035,1960,New York,36,Oneida,065,8680,,OC,0035,,2240,TRACT OC-35 WHITESTOWN TOWN,028,7,00,0,0,1,1,1,1,0,11,22,31,45,99,218,186,241,188,114,305,53,4,8,19,7,11,8,9,4,0,0,0,4,0,0
G3600650OC0036,1960,New York,36,Oneida,065,8680,,OC,0036,,2240,TRACT OC-36 WHITESTOWN TOWN,028,7,00,0,0,1,1,1,1,0,0,5,0,13,29,34,26,18,22,4,27,8,0,4,0,0,4,4,0,0,0,0,0,0,0,0
G3600650OC0037,1960,New York,36,Oneida,065,8680,,OC,0037,,,TRACT OC-37 FLOYD TOWN,009,7,00,0,0,1,1,1,1,0,27,79,68,133,180,221,198,178,152,89,157,25,0,164,13,20,17,10,20,0,5,0,0,4,5,0
G3600650OC0038,1960,New York,36,Oneida,065,8680,,OC,0038,,,TRACT OC-38 MARCY TOWN,013,7,00,0,0,1,1,1,1,0,0,0,0,0,3,5,0,9,5,0,10,9,0,13,0,30,12,32,0,4,0,3,0,5,0,0
G3600650OC0039,1960,New York,36,Oneida,065,8680,,OC,0039,,,TRACT OC-39 DEERFIELD TOWN,007,7,00,0,0,1,1,1,1,0,15,12,25,42,80,124,187,74,81,85,156,8,12,69,25,2,12,4,4,0,0,0,0,0,0,0
G3600650OC0040,1960,New York,36,Oneida,065,8680,,OC,0040,,,TRACT OC-40 TRENTON TOWN,021,4,00,0,0,1,1,1,1,0,29,37,55,75,84,87,105,98,86,38,154,13,0,54,23,13,13,20,30,0,9,0,4,5,0,0
G3600650OC0041,1960,New York,36,Oneida,065,8680,,OC,0041,,,TRACT OC-41 FORESTPORT TOWN,020,7,00,0,0,1,1,1,1,0,64,64,57,76,72,75,58,49,37,21,49,16,0,93,14,0,5,14,4,4,0,4,0,0,0,0
G3600650OC0042,1960,New York,36,Oneida,065,8680,,OC,0042,,,TRACT OC-42 BOONVILLE TOWN,004,7,00,0,0,1,1,1,1,0,64,46,64,146,148,98,98,63,47,54,116,23,16,128,67,27,21,7,3,0,12,0,4,0,0,4
G3600650OC0043,1960,New York,36,Oneida,065,8680,,OC,0043,,,TRACT OC-43 AVA TOWN,026,7,00,0,0,1,1,1,1,0,85,79,71,106,138,207,223,204,153,105,206,35,7,99,35,33,30,11,9,18,4,0,0,0,0,0
G3600650OC0044,1960,New York,36,Oneida,065,8680,,OC,0044,,,TRACT OC-44 ANNSVILLE TOWN,008,7,00,0,0,1,1,1,1,0,43,44,35,51,59,86,66,27,36,15,44,4,0,42,8,10,23,4,4,0,0,0,0,0,0,0
G3600650OC0045,1960,New York,36,Oneida,065,8680,,OC,0045,,,TRACT OC-45 CAMDEN TOWN,006,7,00,0,0,1,1,1,1,0,38,40,38,92,151,156,69,122,125,57,88,29,0,121,47,40,25,28,17,8,8,0,0,0,0,0
G3600650OC0046,1960,New York,36,Oneida,065,8680,,OC,0046,,,TRACT OC-46 VIENNA TOWN,025,7,00,0,0,1,1,1,1,0,25,52,59,90,88,124,121,24,28,25,46,8,9,73,18,25,15,9,0,5,0,0,0,5,4,0
G3600650OC0047,1960,New York,36,Oneida,065,8680,,OC,0047,,,TRACT OC-47 VERONA TOWN,024,7,00,0,0,1,1,1,1,0,45,53,61,107,168,250,165,100,137,67,138,24,4,81,29,23,18,5,4,5,5,5,0,0,0,0
G3600650OC0049,1960,New York,36,Oneida,065,8680,,OC,0049,,,TRACT OC-49 VERNON TOWN,023,7,00,0,0,1,1,1,1,0,47,40,58,107,147,149,161,68,87,59,140,39,3,81,45,13,26,17,5,4,4,0,0,0,0,0
G3600650OC0050,1960,New York,36,Oneida,065,8680,,OC,0050,,,TRACT OC-50 KIRKLAND TOWN,011,7,00,0,0,1,1,1,1,0,98,54,85,154,206,224,244,164,108,142,304,91,20,599,218,65,31,19,37,8,16,0,4,6,12,0
G3600650OC0052,1960,New York,36,Oneida,065,8680,,OC,0052,,2240,TRACT OC-52 NEW HARTFORD TOWN,015,7,00,0,0,1,1,1,1,0,20,12,26,53,111,147,199,156,136,125,174,53,0,32,23,28,52,40,12,7,5,9,0,0,0,0
G3600650OC0053,1960,New York,36,Oneida,065,8680,,OC,0053,,2240,TRACT OC-53 NEW HARTFORD TOWN,015,7,00,0,0,1,1,1,1,0,16,37,41,44,123,155,173,176,142,92,262,103,44,98,62,20,12,20,12,12,8,0,0,8,4,0
G3600650OC0054,1960,New York,36,Oneida,065,8680,,OC,0054,,,TRACT OC-54 NEW HARTFORD TOWN,015,7,00,0,0,1,1,1,1,0,12,11,53,71,86,106,75,93,98,62,250,128,52,30,20,13,15,10,8,4,0,0,0,0,0,0
G3600650OC0055,1960,New York,36,Oneida,065,8680,,OC,0055,,,TRACT OC-55 PARIS TOWN,016,7,00,0,0,1,1,1,1,0,39,59,102,86,111,194,131,119,54,69,99,34,4,36,19,12,4,13,4,3,5,0,0,0,0,0
G3600650OC0056,1960,New York,36,Oneida,065,8680,,OC,0056,,,TRACT OC-56 AUGUSTA TOWN,014,4,00,0,0,1,1,1,1,0,62,61,97,85,116,163,75,100,55,45,55,21,0,77,35,12,15,3,13,0,0,4,0,4,0,0
G3600650OC0057,1960,New York,36,Oneida,065,8680,,OC,0057,,,TRACT OC-57 BRIDGEWATER TOWN,019,7,00,0,0,1,1,1,1,0,24,33,77,80,95,133,83,58,45,70,84,26,0,73,37,19,4,19,6,7,4,0,0,4,0,4
G3600650OR0031,1960,New York,36,Oneida,065,8680,,OR,0031,,2240,TRACT OR-31 WHITESTOWN TOWN,028,4,04,0,0,1,1,1,1,0,0,6,8,18,53,49,66,38,54,34,42,8,4,16,30,24,5,7,7,0,4,0,0,0,0,0
G3600650R0018,1960,New York,36,Oneida,065,8680,63418,R,0018,,2240,TRACT R-18 ROME CITY,018,3,11,0,0,0,0,1,1,0,69,35,49,84,76,80,70,84,30,24,29,4,0,211,110,63,66,47,26,12,12,4,4,4,0,0
G3600650R0019,1960,New York,36,Oneida,065,8680,63418,R,0019,,2240,TRACT R-19 ROME CITY,018,3,11,0,0,0,0,1,1,0,52,46,62,82,107,142,91,76,80,23,88,3,0,68,43,30,19,29,9,4,0,0,0,0,0,0
G3600650R0020,1960,New York,36,Oneida,065,8680,63418,R,0020,,2240,TRACT R-20 ROME CITY,018,3,11,0,0,0,0,1,1,0,58,98,102,124,188,196,109,107,103,57,90,20,0,60,31,20,4,47,4,12,0,0,0,4,0,0
G3600650R0021,1960,New York,36,Oneida,065,8680,63418,R,0021,,2240,TRACT R-21 ROME CITY,018,3,11,0,0,0,0,1,1,0,8,24,47,41,57,134,170,158,96,76,173,19,0,40,29,24,5,11,12,4,0,0,0,3,0,0
G3600650R0022,1960,New York,36,Oneida,065,8680,63418,R,0022,,2240,TRACT R-22 ROME CITY,018,3,11,0,0,0,0,1,1,0,10,8,25,34,57,47,69,83,43,47,227,126,36,23,20,5,30,20,16,12,8,0,4,0,0,8
G3600650R0023,1960,New York,36,Oneida,065,8680,63418,R,0023,,2240,TRACT R-23 ROME CITY,018,3,11,0,0,0,0,1,1,0,56,72,90,124,127,162,113,131,63,79,179,77,3,141,81,49,72,37,64,23,16,3,0,20,0,5
G3600650R0024,1960,New York,36,Oneida,065,8680,63418,R,0024,,2240,TRACT R-24 ROME CITY,018,3,11,0,0,0,0,1,1,0,29,44,34,77,119,189,227,151,127,110,242,46,0,12,15,4,20,26,7,33,8,18,4,8,0,0
G3600650R0025,1960,New York,36,Oneida,065,8680,63418,R,0025,,2240,TRACT R-25 ROME CITY,018,3,11,0,0,0,0,1,1,0,39,102,132,190,250,216,153,165,113,76,117,18,0,147,35,21,63,28,11,21,12,9,4,0,0,0
G3600650R0026,1960,New York,36,Oneida,065,8680,63418,R,0026,,2240,TRACT R-26 ROME CITY,018,3,11,0,0,1,0,1,1,0,0,0,57,223,132,92,44,46,56,23,104,12,0,73,309,142,66,27,8,23,0,10,8,0,0,0
G3600650R0027,1960,New York,36,Oneida,065,8680,63418,R,0027,,2240,TRACT R-27 ROME CITY,018,3,11,0,0,0,0,1,1,0,34,33,74,79,95,176,134,172,90,128,274,85,15,50,37,13,4,34,4,12,4,4,0,13,0,0
G3600650R0028,1960,New York,36,Oneida,065,8680,63418,R,0028,,2240,TRACT R-28 ROME CITY,018,3,11,0,0,0,0,1,1,0,36,38,30,34,110,101,121,57,59,71,71,16,4,8,19,7,8,16,15,0,0,0,0,0,0,0
G3600650R0029,1960,New York,36,Oneida,065,8680,63418,R,0029,,2240,TRACT R-29 ROME CITY,018,3,11,0,0,0,0,1,1,0,4,0,0,4,0,4,4,4,8,3,8,5,0,0,15,10,25,16,3,4,4,7,0,0,0,0
G3600650SH0048,1960,New York,36,Oneida,065,8680,,SH,0048,,,TRACT SH-48 VERNON TOWN,023,4,00,0,0,1,1,1,1,0,19,7,19,56,71,103,128,126,97,60,70,14,8,33,35,20,28,12,0,0,4,4,0,0,5,0
G3600650WH0032,1960,New York,36,Oneida,065,8680,,WH,0032,,2240,TRACT WH-32 WHITESTOWN TOWN,028,4,06,0,0,1,1,1,1,0,12,42,41,88,174,176,181,177,90,100,146,20,8,94,97,32,50,34,7,0,0,0,0,0,0,0
G3600650YO0033,1960,New York,36,Oneida,065,8680,,YO,0033,,2240,TRACT YO-33 WHITESTOWN TOWN,028,4,06,0,0,1,1,1,1,0,17,38,66,62,120,149,131,153,131,68,83,12,0,60,36,25,21,12,8,4,0,0,0,0,0,0
G36006700001,1960,New York,36,Onondaga,067,8160,73000,,0001,,2110,TRACT 1 SYRACUSE CITY,018,3,12,0,0,1,1,1,1,0,0,0,0,0,0,0,0,0,4,0,0,0,0,0,4,0,0,0,0,0,0,0,0,0,0,0
G36006700002,1960,New York,36,Onondaga,067,8160,73000,,0002,,2110,TRACT 2 SYRACUSE CITY,018,3,12,0,0,0,0,1,1,0,33,35,92,106,176,168,200,126,86,83,161,50,8,65,59,52,40,35,25,0,0,0,4,0,0,0
G36006700003,1960,New York,36,Onondaga,067,8160,73000,,0003,,2110,TRACT 3 SYRACUSE CITY,018,3,12,0,0,0,0,1,1,0,0,20,27,46,63,81,102,40,52,42,88,15,0,32,20,31,0,0,7,4,0,0,0,4,0,0
G36006700004,1960,New York,36,Onondaga,067,8160,73000,,0004,,2110,TRACT 4 SYRACUSE CITY,018,3,12,0,0,0,0,1,1,0,42,48,64,113,142,238,167,175,127,106,211,32,13,157,51,9,15,18,8,6,3,0,8,0,0,0
G36006700005,1960,New York,36,Onondaga,067,8160,73000,,0005,,2110,TRACT 5 SYRACUSE CITY,018,3,12,0,0,0,0,1,1,0,31,27,60,64,111,114,66,31,24,20,23,15,0,35,27,22,21,20,11,0,3,0,4,0,0,0
G36006700006,1960,New York,36,Onondaga,067,8160,73000,,0006,,2110,TRACT 6 SYRACUSE CITY,018,3,12,0,0,0,0,1,1,0,16,49,50,96,136,125,148,169,80,50,97,4,4,79,34,50,21,37,25,13,3,0,0,0,0,0
G36006700007,1960,New York,36,Onondaga,067,8160,73000,,0007,,2110,TRACT 7 SYRACUSE CITY,018,3,12,0,0,0,0,1,1,0,28,27,8,31,55,101,67,65,51,49,78,8,0,35,4,9,9,8,11,4,0,0,0,0,0,0
G36006700008,1960,New York,36,Onondaga,067,8160,73000,,0008,,2110,TRACT 8 SYRACUSE CITY,018,3,12,0,0,0,0,1,1,0,8,52,53,67,92,183,129,82,69,67,115,41,3,21,32,28,36,17,7,3,0,8,0,0,0,0
G36006700009,1960,New York,36,Onondaga,067,8160,73000,,0009,,2110,TRACT 9 SYRACUSE CITY,018,3,12,0,0,0,0,1,1,0,8,42,15,60,44,126,114,98,92,73,305,154,140,62,44,60,32,19,21,28,15,9,4,20,0,5
G36006700010,1960,New York,36,Onondaga,067,8160,73000,,0010,,2110,TRACT 10 SYRACUSE CITY,018,3,12,0,0,0,0,1,1,0,35,35,80,108,207,243,181,203,111,98,238,32,0,84,24,65,47,83,67,46,21,8,0,21,0,4
G36006700011,1960,New York,36,Onondaga,067,8160,73000,,0011,,2110,TRACT 11 SYRACUSE CITY,018,3,12,0,0,0,0,1,1,0,0,0,0,5,10,4,20,4,3,9,0,0,0,15,8,3,0,0,0,0,0,0,0,0,0,0
G36006700012,1960,New York,36,Onondaga,067,8160,73000,,0012,,2110,TRACT 12 SYRACUSE CITY,018,3,12,0,0,0,0,1,1,0,3,5,6,8,13,11,9,3,11,0,14,5,0,4,0,0,6,5,0,0,0,0,0,0,0,0
G36006700013,1960,New York,36,Onondaga,067,8160,73000,,0013,,2110,TRACT 13 SYRACUSE CITY,018,3,12,0,0,0,0,1,1,0,32,74,45,46,91,117,45,47,43,17,27,5,0,120,40,46,19,23,12,4,0,0,0,0,0,0
G36006700014,1960,New York,36,Onondaga,067,8160,73000,,0014,,2110,TRACT 14 SYRACUSE CITY,018,3,12,0,0,0,0,1,1,0,42,63,101,79,100,179,127,103,19,35,99,4,4,117,18,31,21,17,17,0,4,0,0,5,0,0
G36006700015,1960,New York,36,Onondaga,067,8160,73000,,0015,,2110,TRACT 15 SYRACUSE CITY,018,3,12,0,0,0,0,1,1,0,45,37,79,101,110,150,100,95,28,31,102,33,9,76,38,27,23,40,8,18,0,7,0,0,0,0
G36006700016,1960,New York,36,Onondaga,067,8160,73000,,0016,,2110,TRACT 16 SYRACUSE CITY,018,3,12,0,0,0,0,1,1,0,14,35,66,53,89,83,105,38,32,45,98,37,7,214,183,100,118,106,47,65,31,21,8,29,44,4
G36006700017,1960,New York,36,Onondaga,067,8160,73000,,0017,,2110,TRACT 17 SYRACUSE CITY,018,3,12,0,0,0,0,1,1,0,19,55,41,85,98,184,136,138,103,97,205,51,17,63,58,45,33,24,26,32,15,8,3,11,4,0
G36006700018,1960,New York,36,Onondaga,067,8160,73000,,0018,,2110,TRACT 18 SYRACUSE CITY,018,3,12,0,0,0,0,1,1,0,24,7,44,69,105,131,135,167,129,75,118,51,9,56,18,12,37,46,25,4,7,0,8,0,4,0
G36006700019,1960,New York,36,Onondaga,067,8160,73000,,0019,,2110,TRACT 19 SYRACUSE CITY,018,3,12,0,0,0,0,1,1,0,28,21,32,45,61,132,116,162,152,89,248,54,4,33,34,31,42,16,12,3,7,0,0,8,0,0
G36006700020,1960,New York,36,Onondaga,067,8160,73000,,0020,,2110,TRACT 20 SYRACUSE CITY,018,3,12,0,0,0,0,1,1,0,37,35,65,71,122,151,168,97,68,59,92,24,0,59,22,12,24,34,16,8,4,0,0,4,0,0
G36006700021,1960,New York,36,Onondaga,067,8160,73000,,0021,,2110,TRACT 21 SYRACUSE CITY,018,3,12,0,0,0,0,1,1,0,35,69,44,60,137,180,110,70,58,64,74,4,0,49,48,35,51,38,28,0,5,3,0,0,0,0
G36006700022,1960,New York,36,Onondaga,067,8160,73000,,0022,,2110,TRACT 22 SYRACUSE CITY,018,3,12,0,0,0,0,1,1,0,42,19,33,49,70,99,57,59,53,38,76,15,9,30,41,58,40,24,18,16,0,3,0,4,0,0
G36006700023,1960,New York,36,Onondaga,067,8160,73000,,0023,,2110,TRACT 23 SYRACUSE CITY,018,3,12,0,0,0,0,1,1,0,58,96,92,116,128,136,129,118,70,35,43,15,0,357,165,139,88,78,30,9,8,0,0,0,0,0
G36006700024,1960,New York,36,Onondaga,067,8160,73000,,0024,,2110,TRACT 24 SYRACUSE CITY,018,3,12,0,0,0,0,1,1,0,46,55,72,119,144,144,149,64,47,70,56,13,0,105,81,34,44,45,25,8,4,4,4,0,0,0
G36006700025,1960,New York,36,Onondaga,067,8160,73000,,0025,,2110,TRACT 25 SYRACUSE CITY,018,3,12,0,0,0,0,1,1,0,20,24,59,73,88,98,83,66,81,49,71,12,4,37,20,8,4,13,8,4,0,0,0,0,0,0
G36006700026,1960,New York,36,Onondaga,067,8160,73000,,0026,,2110,TRACT 26 SYRACUSE CITY,018,3,12,0,0,0,0,1,1,0,3,13,35,46,32,57,37,48,23,33,31,3,0,9,0,6,3,0,0,3,0,0,0,0,0,0
G36006700027,1960,New York,36,Onondaga,067,8160,73000,,0027,,2110,TRACT 27 SYRACUSE CITY,018,3,12,0,0,0,0,1,1,0,14,17,39,36,89,119,140,89,88,34,68,23,5,89,33,38,26,33,16,13,3,0,0,4,0,0
G36006700028,1960,New York,36,Onondaga,067,8160,73000,,0028,,2110,TRACT 28 SYRACUSE CITY,018,3,12,0,0,0,0,1,1,0,12,16,40,41,80,89,72,110,74,75,155,20,4,50,42,24,33,18,5,12,0,0,0,0,0,0
G36006700029,1960,New York,36,Onondaga,067,8160,73000,,0029,,2110,TRACT 29 SYRACUSE CITY,018,3,12,0,0,0,0,1,1,0,7,31,30,50,58,74,48,30,51,24,56,5,5,61,24,26,8,4,12,5,0,0,0,0,0,0
G36006700030,1960,New York,36,Onondaga,067,8160,73000,,0030,,2110,TRACT 30 SYRACUSE CITY,018,3,12,0,0,0,0,1,1,0,74,135,136,125,183,115,64,48,34,34,52,0,0,134,59,66,32,18,26,0,4,0,0,4,0,0
G36006700031,1960,New York,36,Onondaga,067,8160,73000,,0031,,2110,TRACT 31 SYRACUSE CITY,018,3,12,0,0,0,0,1,1,0,19,18,27,30,13,26,27,8,4,4,12,0,0,270,154,119,117,74,50,18,4,5,0,0,0,0
G36006700032,1960,New York,36,Onondaga,067,8160,73000,,0032,,2110,TRACT 32 SYRACUSE CITY,018,3,12,0,0,0,0,0,1,0,56,62,86,93,75,69,79,9,18,18,18,0,0,257,171,112,122,75,4,14,13,0,0,5,5,0
G36006700033,1960,New York,36,Onondaga,067,8160,73000,,0033,,2110,TRACT 33 SYRACUSE CITY,018,3,12,0,0,0,0,0,1,0,54,47,59,161,191,174,101,40,58,18,43,11,0,369,165,145,192,178,52,31,29,0,0,37,0,0
G36006700034,1960,New York,36,Onondaga,067,8160,73000,,0034,,2110,TRACT 34 SYRACUSE CITY,018,3,12,0,0,0,0,0,1,0,36,32,66,105,102,141,61,83,46,38,62,12,0,470,173,104,141,79,76,47,17,13,4,4,0,0
G36006700035,1960,New York,36,Onondaga,067,8160,73000,,0035,,2110,TRACT 35 SYRACUSE CITY,018,3,12,0,0,0,0,1,1,0,34,28,58,73,122,129,80,100,82,62,135,26,15,127,112,73,106,41,16,0,20,7,0,4,0,0
G36006700036,1960,New York,36,Onondaga,067,8160,73000,,0036,,2110,TRACT 36 SYRACUSE CITY,018,3,12,0,0,0,0,1,1,0,24,61,60,111,144,126,184,175,92,75,174,43,12,93,49,8,21,17,15,12,4,0,0,0,0,0
G36006700037,1960,New York,36,Onondaga,067,8160,73000,,0037,,2110,TRACT 37 SYRACUSE CITY,018,3,12,0,0,1,0,1,1,0,0,0,0,0,0,0,0,0,0,5,0,0,0,9,0,0,0,22,3,3,0,0,0,0,0,0
G36006700038,1960,New York,36,Onondaga,067,8160,73000,,0038,,2110,TRACT 38 SYRACUSE CITY,018,3,12,0,0,0,0,1,1,0,21,31,40,61,108,159,114,62,75,58,76,39,0,80,67,57,25,29,14,14,0,4,0,0,0,0
G36006700039,1960,New York,36,Onondaga,067,8160,73000,,0039,,2110,TRACT 39 SYRACUSE CITY,018,3,12,0,0,0,0,1,1,0,70,91,165,233,282,276,276,168,139,79,170,40,0,293,259,187,225,172,86,63,20,16,4,16,0,0
G36006700040,1960,New York,36,Onondaga,067,8160,73000,,0040,,2110,TRACT 40 SYRACUSE CITY,018,3,12,0,0,0,0,1,1,0,102,131,143,140,146,141,84,108,45,66,45,12,8,324,137,171,171,112,43,4,17,0,9,0,4,0
G36006700041,1960,New York,36,Onondaga,067,8160,73000,,0041,,2110,TRACT 41 SYRACUSE CITY,018,3,12,0,0,0,0,0,1,0,39,36,72,84,79,137,52,75,37,8,16,4,0,85,34,46,26,30,56,4,0,0,0,0,0,0
G36006700042,1960,New York,36,Onondaga,067,8160,73000,,0042,,2110,TRACT 42 SYRACUSE CITY,018,3,12,0,0,0,0,0,1,0,103,225,192,171,174,137,52,17,8,17,19,3,0,269,129,53,45,9,8,8,5,0,0,0,0,0
G36006700043,1960,New York,36,Onondaga,067,8160,73000,,0043,,2110,TRACT 43 SYRACUSE CITY,018,3,12,0,0,0,0,1,1,0,8,16,24,40,34,31,33,15,9,13,34,14,14,1960,248,72,84,84,34,4,0,0,0,9,0,0
G36006700044,1960,New York,36,Onondaga,067,8160,73000,,0044,,2110,TRACT 44 SYRACUSE CITY,018,3,12,0,0,0,0,1,1,0,14,27,23,33,28,48,51,73,47,50,123,80,15,2250,529,135,95,67,41,32,20,4,0,34,4,12
G36006700045,1960,New York,36,Onondaga,067,8160,73000,,0045,,2110,TRACT 45 SYRACUSE CITY,018,3,12,0,0,0,0,1,1,0,11,38,41,95,92,169,150,170,150,85,305,82,25,140,134,89,52,70,68,20,8,13,10,8,4,0
G36006700046,1960,New York,36,Onondaga,067,8160,73000,,0046,,2110,TRACT 46 SYRACUSE CITY,018,3,12,0,0,0,0,1,1,0,0,4,9,12,0,12,33,50,26,29,162,108,82,29,9,0,5,4,4,4,0,0,0,0,4,4
G36006700047,1960,New York,36,Onondaga,067,8160,73000,,0047,,2110,TRACT 47 SYRACUSE CITY,018,3,12,0,0,0,0,1,1,0,12,4,20,23,36,63,72,60,60,57,280,249,193,62,29,45,15,0,8,4,8,0,0,4,4,4
G36006700048,1960,New York,36,Onondaga,067,8160,73000,,0048,,2110,TRACT 48 SYRACUSE CITY,018,3,12,0,0,0,0,1,1,0,0,8,11,14,27,53,65,30,44,26,151,53,20,16,4,3,4,0,4,11,0,3,0,4,0,0
G36006700049,1960,New York,36,Onondaga,067,8160,73000,,0049,,2110,TRACT 49 SYRACUSE CITY,018,3,12,0,0,0,0,1,1,0,0,4,27,13,39,50,64,53,80,46,123,17,5,16,12,13,4,17,12,5,4,5,0,0,0,0
G36006700050,1960,New York,36,Onondaga,067,8160,73000,,0050,,2110,TRACT 50 SYRACUSE CITY,018,3,12,0,0,0,0,1,1,0,17,13,36,37,65,86,82,94,86,63,220,127,63,86,23,26,44,51,16,13,21,3,0,7,3,4
G36006700051,1960,New York,36,Onondaga,067,8160,73000,,0051,,2110,TRACT 51 SYRACUSE CITY,018,3,12,0,0,0,0,1,1,0,28,37,28,52,104,166,112,121,83,90,153,64,20,86,39,36,34,34,24,8,12,4,0,5,0,0
G36006700052,1960,New York,36,Onondaga,067,8160,73000,,0052,,2110,TRACT 52 SYRACUSE CITY,018,3,12,0,0,0,0,1,1,0,29,53,105,160,264,257,164,146,99,54,137,23,4,195,108,78,100,55,54,21,7,3,9,0,0,0
G36006700053,1960,New York,36,Onondaga,067,8160,73000,,0053,,2110,TRACT 53 SYRACUSE CITY,018,3,12,0,0,0,0,1,1,0,42,94,59,120,197,158,107,78,75,49,88,31,4,254,165,93,127,70,43,39,33,0,0,8,4,0
G36006700054,1960,New York,36,Onondaga,067,8160,73000,,0054,,2110,TRACT 54 SYRACUSE CITY,018,3,12,0,0,0,0,1,1,0,38,75,119,97,204,196,182,208,126,78,169,55,0,228,61,126,106,98,31,36,32,16,0,4,0,0
G36006700055,1960,New York,36,Onondaga,067,8160,73000,,0055,,2110,TRACT 55 SYRACUSE CITY,018,3,12,0,0,0,0,1,1,0,12,21,30,51,78,68,87,70,66,68,69,32,0,13,38,21,30,8,12,16,0,4,0,4,4,0
G36006700056,1960,New York,36,Onondaga,067,8160,73000,,0056,,2110,TRACT 56 SYRACUSE CITY,018,3,12,0,0,0,0,1,1,0,16,43,99,125,151,102,100,81,67,56,189,89,13,160,82,96,23,22,15,4,12,8,0,8,0,0
G36006700057,1960,New York,36,Onondaga,067,8160,73000,,0057,,2110,TRACT 57 SYRACUSE CITY,018,3,12,0,0,0,0,1,1,0,18,12,41,37,81,79,117,114,101,75,155,38,4,64,16,18,26,25,11,21,0,15,0,4,0,0
G36006700058,1960,New York,36,Onondaga,067,8160,73000,,0058,,2110,TRACT 58 SYRACUSE CITY,018,3,12,0,0,0,0,1,1,0,16,52,36,79,118,121,105,120,82,87,123,38,4,77,47,16,40,29,12,8,4,4,0,0,0,0
G36006700059,1960,New York,36,Onondaga,067,8160,73000,,0059,,2110,TRACT 59 SYRACUSE CITY,018,3,12,0,0,0,0,1,1,0,8,63,83,86,142,174,125,115,71,53,134,19,0,124,62,63,39,59,29,12,5,4,0,0,0,0
G36006700060,1960,New York,36,Onondaga,067,8160,73000,,0060,,2110,TRACT 60 SYRACUSE CITY,018,3,12,0,0,0,0,1,1,0,15,26,46,62,111,199,241,165,165,68,188,45,4,45,46,9,27,24,0,9,0,5,8,4,0,0
G36006700061,1960,New York,36,Onondaga,067,8160,73000,,0061,,2110,TRACT 61 SYRACUSE CITY,018,3,12,0,0,0,0,1,1,0,20,18,80,77,138,248,236,226,211,129,278,96,12,106,55,60,12,34,12,26,4,0,0,0,0,0
G3600670C0062,1960,New York,36,Onondaga,067,8160,,C,0062,,2110,TRACT C-62 CICERO TOWN,003,4,07,0,0,1,1,1,1,0,18,22,47,58,149,209,403,216,227,142,356,28,8,55,32,38,36,29,23,20,8,3,16,5,4,0
G3600670C0063A,1960,New York,36,Onondaga,067,8160,,C,0063,A,,TRACT C-63-A CLAY TOWN,003,7,00,0,0,1,1,1,1,0,56,40,55,67,136,179,162,156,150,141,232,43,0,77,24,8,0,8,8,8,0,4,0,0,0,0
G3600670C0063B,1960,New York,36,Onondaga,067,8160,,C,0063,B,2110,TRACT C-63-B CLAY TOWN,003,7,00,0,0,1,1,1,1,0,16,15,39,74,84,170,258,274,189,154,384,36,13,34,24,3,8,7,0,8,4,0,0,0,0,0
G3600670C0063C,1960,New York,36,Onondaga,067,8160,,C,0063,C,,TRACT C-63-C CICERO TOWN,002,7,00,0,0,1,1,1,1,0,46,47,106,143,199,265,300,245,215,136,238,35,17,77,73,29,43,63,29,25,0,0,0,0,0,0
G3600670C0063D,1960,New York,36,Onondaga,067,8160,,C,0063,D,2110,TRACT C-63-D CICERO TOWN,002,7,00,0,0,1,1,1,1,0,13,13,7,36,58,91,142,159,139,89,267,61,8,14,18,4,0,16,12,4,0,4,0,0,0,0
G3600670C0064,1960,New York,36,Onondaga,067,8160,,C,0064,,,TRACT C-64 LYSANDER TOWN,020,4,00,0,0,1,1,1,1,0,62,45,69,80,148,150,233,161,145,117,216,50,8,133,95,27,19,16,24,13,0,0,0,8,0,3
G3600670C0065A,1960,New York,36,Onondaga,067,8160,,C,0065,A,,TRACT C-65-A LYSANDER TOWN,009,7,00,0,0,1,1,1,1,0,66,95,136,260,340,502,514,357,248,215,407,66,12,183,40,33,13,37,13,13,5,4,0,0,0,0
G3600670C0065B,1960,New York,36,Onondaga,067,8160,,C,0065,B,,TRACT C-65-B ELBRIDGE TOWN,005,7,00,0,0,1,1,1,1,0,23,33,80,130,169,140,158,126,112,67,120,24,4,58,34,25,8,24,12,12,0,4,0,0,0,0
G3600670C0066A,1960,New York,36,Onondaga,067,8160,,C,0066,A,,TRACT C-66-A CAMILLUS TOWN,001,7,00,0,0,1,1,1,1,0,11,20,40,55,84,69,34,43,44,32,37,11,0,11,18,11,0,4,4,8,0,0,0,0,0,0
G3600670C0066B,1960,New York,36,Onondaga,067,8160,,C,0066,B,,TRACT C-66-B CAMILLUS TOWN,001,7,00,0,0,1,1,1,1,0,17,73,95,82,265,473,582,665,505,355,728,133,12,96,56,48,56,41,17,4,4,4,0,0,0,0
G3600670C0067,1960,New York,36,Onondaga,067,8160,,C,0067,,2110,TRACT C-67 GEDDES TOWN,007,4,07,0,0,1,1,1,1,0,50,77,99,103,292,320,367,259,265,157,290,63,23,77,85,44,39,56,28,19,4,0,0,0,0,4
G3600670C0068,1960,New York,36,Onondaga,067,8160,,C,0068,,2110,TRACT C-68 GEDDES TOWN,007,7,00,0,0,1,1,1,1,0,10,7,32,16,78,125,119,68,44,33,75,16,0,19,8,0,4,4,4,9,0,0,3,4,0,0
G3600670C0069,1960,New York,36,Onondaga,067,8160,,C,0069,,2110,TRACT C-69 GEDDES TOWN,007,7,00,0,0,1,1,1,1,0,16,20,26,62,98,236,303,301,222,172,547,198,36,66,21,16,12,17,8,12,8,4,0,4,4,5
G3600670C0070,1960,New York,36,Onondaga,067,8160,,C,0070,,2110,TRACT C-70 SALINA TOWN,015,4,06,0,0,1,1,1,1,0,24,29,29,51,90,109,78,95,67,60,184,84,4,90,56,34,8,46,4,12,20,4,8,4,4,0
G3600670C0071,1960,New York,36,Onondaga,067,8160,,C,0071,,,TRACT C-71 SALINA TOWN,015,7,00,0,0,1,1,1,1,0,19,20,35,71,154,376,506,347,373,227,381,56,8,35,38,12,28,20,8,21,0,0,4,8,0,0
G3600670C0072A,1960,New York,36,Onondaga,067,8160,,C,0072,A,,TRACT C-72-A SALINA TOWN,015,7,00,0,0,1,1,1,1,0,27,64,95,135,303,428,490,396,357,265,464,91,8,118,260,107,60,40,48,16,9,7,4,16,0,0
G3600670C0072B,1960,New York,36,Onondaga,067,8160,,C,0072,B,2110,TRACT C-72-B SALINA TOWN,015,7,00,0,0,1,1,1,1,0,36,52,40,84,200,231,251,241,202,106,246,63,4,74,28,24,27,19,8,12,8,0,4,0,0,0
G3600670C0073,1960,New York,36,Onondaga,067,8160,,C,0073,,2110,TRACT C-73 DE WITT TOWN,004,4,06,0,0,1,1,1,1,0,30,36,67,83,143,188,168,102,101,54,160,32,0,78,77,21,24,25,17,15,4,0,0,4,0,4
G3600670C0074,1960,New York,36,Onondaga,067,8160,,C,0074,,2110,TRACT C-74 DE WITT TOWN,004,7,00,0,0,1,1,1,1,0,23,33,40,74,148,233,206,210,198,106,164,60,5,47,35,19,30,26,19,4,13,8,0,0,8,0
G3600670C0075,1960,New York,36,Onondaga,067,8160,,C,0075,,2110,TRACT C-75 DE WITT TOWN,004,7,00,0,0,1,1,1,1,0,34,93,95,91,166,208,286,247,250,223,779,408,228,266,76,31,42,54,27,38,29,19,4,9,8,0
G3600670C0076A,1960,New York,36,Onondaga,067,8160,,C,0076,A,2110,TRACT C-76-A MANLIUS TOWN,010,7,00,0,0,1,1,1,1,0,17,44,61,81,99,151,106,160,184,177,509,307,94,77,34,23,22,28,48,27,34,0,0,4,7,0
G3600670C0076B,1960,New York,36,Onondaga,067,8160,,C,0076,B,2110,TRACT C-76-B MANLIUS TOWN,010,7,00,0,0,1,1,1,1,0,54,67,37,48,58,110,130,87,82,65,199,70,36,75,20,43,9,9,15,13,5,0,5,5,0,0
G3600670C0076C,1960,New York,36,Onondaga,067,8160,,C,0076,C,,TRACT C-76-C MANLIUS TOWN,010,7,00,0,0,1,1,1,1,0,25,37,38,113,176,238,248,262,176,125,293,24,8,66,42,13,8,21,9,12,4,0,0,0,0,0
G3600670C0077A,1960,New York,36,Onondaga,067,8160,,C,0077,A,,TRACT C-77-A ONONDAGA TOWN,021,7,00,0,0,1,1,0,1,0,7,67,76,78,183,191,162,156,65,60,132,21,12,66,35,13,24,24,8,4,0,0,0,0,0,0
G3600670C0077B,1960,New York,36,Onondaga,067,8160,,C,0077,B,,TRACT C-77-B ONONDAGA TOWN,012,7,00,0,0,1,1,1,1,0,65,43,61,119,224,268,376,294,203,143,335,87,23,113,28,50,33,36,15,4,5,6,0,8,0,0
G3600670C0078,1960,New York,36,Onondaga,067,8160,,C,0078,,,TRACT C-78 MARCELLUS TOWN,011,7,00,0,0,1,1,1,1,0,38,72,69,74,129,177,139,144,69,45,126,31,16,45,45,53,38,8,18,4,0,0,0,0,0,0
G3600670C0079,1960,New York,36,Onondaga,067,8160,,C,0079,,,TRACT C-79 SKANEATELES TOWN,016,7,00,0,0,1,1,1,1,0,73,67,66,107,178,191,197,141,118,79,283,125,84,96,58,44,47,20,25,32,0,10,0,0,0,0
G3600670C0080A,1960,New York,36,Onondaga,067,8160,,C,0080,A,,TRACT C-80-A LAFAYETTE TOWN,014,7,00,0,0,1,1,1,1,0,20,73,145,143,198,254,195,160,131,100,178,44,8,79,56,19,16,12,11,4,5,4,5,0,0,4
G3600670C0080B,1960,New York,36,Onondaga,067,8160,,C,0080,B,,TRACT C-80-B CLAY TOWN,017,7,00,0,0,1,1,1,1,0,74,78,117,131,188,213,130,80,85,54,122,24,8,153,26,31,28,7,23,0,0,0,0,0,0,0
G3600750OS0001,1960,New York,36,Oswego,075,8160,,OS,0001,,,TRACT OS-1 BOYLSTON TOWN,003,7,00,0,0,1,1,1,1,0,25,27,42,110,76,63,35,47,23,7,39,4,0,59,26,8,0,4,0,0,0,0,0,0,0,0
G3600750OS0002,1960,New York,36,Oswego,075,8160,,OS,0002,,,TRACT OS-2 SANDY CREEK TOWN,019,7,00,0,0,1,1,1,1,0,54,45,76,62,89,81,39,28,46,28,48,24,8,62,35,24,9,4,19,4,4,0,0,0,0,0
G3600750OS0003,1960,New York,36,Oswego,075,8160,,OS,0003,,,TRACT OS-3 RICHLAND TOWN,018,7,00,0,0,1,1,1,1,0,133,63,129,130,181,157,100,57,88,79,53,10,0,99,67,18,15,4,2,11,0,2,0,0,0,0
G3600750OS0004,1960,New York,36,Oswego,075,8160,,OS,0004,,,TRACT OS-4 MEXICO TOWN,009,7,00,0,0,1,1,1,1,0,64,48,97,105,136,100,68,61,62,34,83,16,9,92,52,28,4,21,4,4,0,0,5,0,0,0
G3600750OS0005,1960,New York,36,Oswego,075,8160,,OS,0005,,,TRACT OS-5 ALBION TOWN,002,7,00,0,0,1,1,1,1,0,50,77,89,78,97,75,48,67,46,21,78,22,0,51,21,25,9,8,4,8,0,0,0,0,0,0
G3600750OS0006,1960,New York,36,Oswego,075,8160,,OS,0006,,,TRACT OS-6 CONSTANTIA TOWN,004,7,00,0,0,1,1,1,1,0,36,33,25,73,94,120,75,64,58,27,52,4,0,56,30,13,8,8,0,4,8,0,0,4,0,0
G3600750OS0007,1960,New York,36,Oswego,075,8160,,OS,0007,,,TRACT OS-7 HASTINGS TOWN,008,7,00,0,0,1,1,1,1,0,65,72,108,145,219,244,205,121,77,87,115,28,0,109,50,23,16,11,16,0,0,0,0,0,0,0
G3600750OS0008,1960,New York,36,Oswego,075,8160,,OS,0008,,,TRACT OS-8 PALERMO TOWN,015,7,00,0,0,1,1,1,1,0,12,49,36,41,53,45,52,31,24,13,16,0,0,56,10,13,5,7,0,0,0,0,0,0,0,0
G3600750OS0009,1960,New York,36,Oswego,075,8160,,OS,0009,,,TRACT OS-9 SCHROEPPEL TOWN,020,7,00,0,0,1,1,1,1,0,40,74,74,108,168,197,149,148,118,53,148,21,8,100,29,21,30,36,24,4,5,8,4,8,0,0
G3600750OS0010,1960,New York,36,Oswego,075,8160,,OS,0010,,,TRACT OS-10 VOLNEY TOWN,022,7,00,0,0,1,1,1,1,0,32,70,25,100,70,162,164,91,71,59,103,5,0,41,16,12,18,8,4,0,0,0,0,0,0,0
G3600750OS0011,1960,New York,36,Oswego,075,8160,,OS,0011,,,TRACT OS-11 FULTON TOWN,005,4,00,0,0,1,1,1,1,0,120,219,243,373,464,447,488,384,272,178,395,104,4,400,222,105,80,110,45,43,12,12,0,3,4,4
G3600750OS0012,1960,New York,36,Oswego,075,8160,,OS,0012,,,TRACT OS-12 GRANBY TOWN,006,7,00,0,0,1,1,1,1,0,60,38,42,62,122,141,117,91,55,50,74,28,9,58,17,20,12,7,8,8,0,4,0,0,0,0
G3600750OS0013,1960,New York,36,Oswego,075,8160,,OS,0013,,,TRACT OS-13 HANNIBAL TOWN,007,7,00,0,0,1,1,1,1,0,34,66,55,74,81,71,87,63,32,24,56,4,5,76,24,8,12,9,8,0,4,0,0,0,0,0
G3600750OS0014,1960,New York,36,Oswego,075,8160,,OS,0014,,,TRACT OS-14 MINNETTO TOWN,010,7,00,0,0,1,1,1,1,0,55,40,44,100,126,115,144,92,68,39,116,40,13,68,58,12,8,9,12,24,4,0,0,4,0,0
G3600750OS0015,1960,New York,36,Oswego,075,8160,,OS,0015,,,TRACT OS-15 NEW HAVEN TOWN,021,7,00,0,0,1,1,1,1,0,65,87,76,70,152,127,85,86,85,33,44,10,0,66,17,29,8,21,13,9,0,0,0,4,0,0
G3600750OS0016,1960,New York,36,Oswego,075,8160,,OS,0016,,,TRACT OS-16 OSWEGO CITY,013,4,00,0,0,1,1,1,1,0,211,338,352,441,708,802,655,483,335,232,487,125,36,1818,529,174,144,112,49,52,28,13,12,4,4,0
G36008100001,1960,New York,36,Queens,081,5600,51000,,0001,,1450,TRACT 1     NEW YORK CITY QUEENS,001,3,15,1,1,1,1,1,1,0,0,0,0,0,0,0,0,0,0,0,0,0,0,0,0,0,0,0,0,0,0,0,0,0,0,0
G36008100002,1960,New York,36,Queens,081,5600,51000,,0002,,1450,TRACT 2     NEW YORK CITY QUEENS,001,3,15,0,0,0,0,1,1,0,12,4,30,20,43,66,100,72,35,56,134,26,0,57,29,5,8,24,0,8,4,0,0,0,0,0
G36008100004,1960,New York,36,Queens,081,5600,51000,,0004,,1450,TRACT 4     NEW YORK CITY QUEENS,001,3,15,0,0,0,0,1,1,0,15,34,44,52,107,110,136,120,79,59,138,28,4,81,73,15,15,11,16,0,13,0,4,0,0,0
G36008100006,1960,New York,36,Queens,081,5600,51000,,0006,,1450,TRACT 6     NEW YORK CITY QUEENS,001,3,15,0,0,0,0,1,1,0,8,24,39,48,68,121,139,77,80,45,121,35,0,53,11,22,15,4,17,0,0,0,0,0,0,0
G36008100007,1960,New York,36,Queens,081,5600,51000,,0007,,1450,TRACT 7     NEW YORK CITY QUEENS,001,3,15,0,0,0,0,1,1,0,32,25,63,82,218,247,249,145,129,84,130,17,9,125,49,47,70,91,78,29,17,0,0,0,0,0
G36008100008,1960,New York,36,Queens,081,5600,51000,,0008,,1450,TRACT 8     NEW YORK CITY QUEENS,001,3,15,0,0,0,0,1,1,0,18,32,24,38,73,92,124,91,52,44,111,44,4,67,17,38,16,21,12,11,0,0,0,0,0,0
G36008100010,1960,New York,36,Queens,081,5600,51000,,0010,,1450,TRACT 10    NEW YORK CITY QUEENS,001,3,15,0,0,0,0,1,1,0,8,20,49,41,59,89,129,92,61,59,130,24,3,31,49,13,23,22,5,5,0,0,0,0,0,0
G36008100012,1960,New York,36,Queens,081,5600,51000,,0012,,1450,TRACT 12    NEW YORK CITY QUEENS,001,3,15,0,0,0,0,1,1,0,23,41,56,31,120,140,130,58,93,89,166,35,5,79,49,18,27,16,17,12,15,8,0,0,0,0
G36008100014,1960,New York,36,Queens,081,5600,51000,,0014,,1450,TRACT 14    NEW YORK CITY QUEENS,001,3,15,0,0,0,0,1,1,0,16,29,30,85,115,113,101,88,95,86,142,24,11,67,72,32,23,26,12,12,4,4,0,8,0,0
G36008100016,1960,New York,36,Queens,081,5600,51000,,0016,,1450,TRACT 16    NEW YORK CITY QUEENS,001,3,15,0,0,0,0,1,1,0,8,19,20,50,46,72,76,81,61,33,112,30,4,71,34,36,40,16,0,0,3,4,0,4,0,0
G36008100017,1960,New York,36,Queens,081,5600,51000,,0017,,1450,TRACT 17    NEW YORK CITY QUEENS,001,3,15,0,0,1,0,1,1,0,6,4,9,3,4,4,15,0,12,0,3,0,0,9,0,4,3,9,0,4,0,0,0,0,0,0
G36008100018,1960,New York,36,Queens,081,5600,51000,,0018,,1450,TRACT 18    NEW YORK CITY QUEENS,001,3,15,0,0,0,0,1,1,0,16,12,8,63,56,92,83,72,92,71,103,30,0,76,25,25,49,17,7,4,8,3,0,0,0,4
G36008100019,1960,New York,36,Queens,081,5600,51000,,0019,,1450,TRACT 19    NEW YORK CITY QUEENS,001,3,15,0,0,0,0,1,1,0,11,4,0,15,23,24,27,24,5,16,23,18,5,132,30,12,28,37,8,0,4,0,0,0,0,3
G36008100020,1960,New York,36,Queens,081,5600,51000,,0020,,1450,TRACT 20    NEW YORK CITY QUEENS,001,3,15,0,0,0,0,1,1,0,4,16,8,10,26,37,43,31,28,15,39,17,0,42,18,35,28,3,16,0,3,0,0,0,0,0
G36008100022,1960,New York,36,Queens,081,5600,51000,,0022,,1450,TRACT 22    NEW YORK CITY QUEENS,001,3,15,0,0,0,0,1,1,0,10,33,38,32,62,82,52,52,67,52,66,12,3,68,48,4,5,15,5,4,0,0,0,4,0,0
G36008100024,1960,New York,36,Queens,081,5600,51000,,0024,,1450,TRACT 24    NEW YORK CITY QUEENS,001,3,15,0,0,0,0,1,1,0,15,14,12,50,42,34,44,36,41,29,111,31,0,31,19,24,16,16,5,4,0,0,3,0,0,0
G36008100025,1960,New York,36,Queens,081,5600,51000,,0025,,1450,TRACT 25    NEW YORK CITY QUEENS,001,3,15,0,0,0,0,0,0,0,231,408,505,657,347,180,85,32,23,7,16,4,0,317,210,48,27,4,0,4,0,0,0,4,0,0
G36008100026,1960,New York,36,Queens,081,5600,51000,,0026,,1450,TRACT 26    NEW YORK CITY QUEENS,001,3,15,0,0,0,0,1,1,0,11,8,16,19,51,70,58,64,57,15,63,38,19,40,8,18,7,16,16,4,0,0,4,0,4,0
G36008100027,1960,New York,36,Queens,081,5600,51000,,0027,,1450,TRACT 27    NEW YORK CITY QUEENS,001,3,15,0,0,0,0,1,1,0,0,8,15,13,11,32,4,19,8,4,6,0,0,13,24,0,10,0,0,0,0,0,0,0,0,0
G36008100028,1960,New York,36,Queens,081,5600,51000,,0028,,1450,TRACT 28    NEW YORK CITY QUEENS,001,3,15,0,0,0,0,1,1,0,9,36,28,55,91,118,109,96,76,45,85,8,0,42,33,11,13,13,26,3,0,0,0,0,0,0
G36008100029,1960,New York,36,Queens,081,5600,51000,,0029,,1450,TRACT 29    NEW YORK CITY QUEENS,001,3,15,0,0,0,0,1,1,0,11,13,28,50,54,54,50,31,28,23,32,0,0,28,16,19,21,6,0,0,0,0,0,0,0,0
G36008100030,1960,New York,36,Queens,081,5600,51000,,0030,,1450,TRACT 30    NEW YORK CITY QUEENS,001,3,15,0,0,0,0,1,1,0,7,12,17,12,23,23,52,34,31,25,67,22,4,11,24,20,4,17,4,4,0,4,0,0,4,0
G36008100031,1960,New York,36,Queens,081,5600,51000,,0031,,1450,TRACT 31    NEW YORK CITY QUEENS,001,3,15,0,0,0,0,1,1,0,16,20,26,42,62,62,68,61,28,19,55,13,0,45,5,10,10,12,11,10,0,0,4,0,0,0
G36008100032,1960,New York,36,Queens,081,5600,51000,,0032,,1450,TRACT 32    NEW YORK CITY QUEENS,001,3,15,0,0,0,0,1,1,0,5,16,28,12,41,49,51,44,30,15,53,13,0,9,12,3,4,0,9,0,0,0,0,0,0,0
G36008100034,1960,New York,36,Queens,081,5600,51000,,0034,,1450,TRACT 34    NEW YORK CITY QUEENS,001,3,15,0,0,0,0,1,1,0,4,12,20,10,69,54,64,34,53,43,95,8,4,31,24,11,5,5,8,5,0,0,0,0,0,0
G36008100035,1960,New York,36,Queens,081,5600,51000,,0035,,1450,TRACT 35    NEW YORK CITY QUEENS,001,3,15,0,0,0,0,1,1,0,0,0,0,15,28,38,17,14,5,4,15,0,0,14,3,0,0,0,0,0,0,0,0,0,0,0
G36008100036,1960,New York,36,Queens,081,5600,51000,,0036,,1450,TRACT 36    NEW YORK CITY QUEENS,001,3,15,0,0,0,0,1,1,0,21,28,19,46,67,155,102,84,44,40,76,36,0,37,11,8,37,4,0,13,0,4,0,0,0,0
G36008100037,1960,New York,36,Queens,081,5600,51000,,0037,,1450,TRACT 37    NEW YORK CITY QUEENS,001,3,15,1,1,1,1,1,1,0,0,0,0,0,0,0,0,0,0,0,0,0,0,0,0,0,0,0,0,0,0,0,0,0,0,0
G36008100038,1960,New York,36,Queens,081,5600,51000,,0038,,1450,TRACT 38    NEW YORK CITY QUEENS,001,3,15,0,0,0,0,1,1,0,4,25,36,72,66,89,91,93,31,31,35,4,0,58,14,6,0,4,0,0,0,0,0,0,0,0
G36008100039,1960,New York,36,Queens,081,5600,51000,,0039,,1450,TRACT 39    NEW YORK CITY QUEENS,001,3,15,0,0,0,0,1,1,0,16,23,33,60,63,60,44,40,15,16,28,3,0,28,4,0,4,7,0,0,0,0,0,0,0,0
G360081000400,1960,New York,36,Queens,081,5600,51000,,0040,0,1450,TRACT 40-0  NEW YORK CITY QUEENS,001,3,15,0,0,0,0,1,1,0,19,4,21,24,59,56,82,65,56,30,53,23,4,41,19,9,12,11,4,4,0,0,0,0,0,0
G360081000401,1960,New York,36,Queens,081,5600,51000,,0040,1,1450,TRACT 40-1  NEW YORK CITY QUEENS,001,3,15,0,0,0,0,1,1,0,4,8,13,19,30,36,35,28,27,17,31,0,0,17,9,8,12,4,0,0,0,0,0,0,4,0
G36008100041,1960,New York,36,Queens,081,5600,51000,,0041,,1450,TRACT 41    NEW YORK CITY QUEENS,001,3,15,0,0,0,0,1,1,0,22,23,4,6,24,59,53,22,19,7,26,0,0,21,21,13,15,12,0,0,0,0,0,0,0,0
G36008100042,1960,New York,36,Queens,081,5600,51000,,0042,,1450,TRACT 42    NEW YORK CITY QUEENS,001,3,15,0,0,0,0,1,1,0,15,32,35,39,90,188,145,83,71,73,138,23,4,65,21,0,6,4,8,7,4,0,0,0,0,0
G36008100043,1960,New York,36,Queens,081,5600,51000,,0043,,1450,TRACT 43    NEW YORK CITY QUEENS,001,3,15,0,0,0,0,0,1,0,11,13,20,80,150,283,193,120,65,38,61,0,0,24,17,21,5,0,0,0,0,0,0,0,0,0
G360081000440,1960,New York,36,Queens,081,5600,51000,,0044,0,1450,TRACT 44-0  NEW YORK CITY QUEENS,001,3,15,0,0,0,0,1,1,0,11,9,36,38,73,131,78,77,83,50,106,5,0,13,8,9,17,20,4,0,0,0,0,0,0,0
G360081000441,1960,New York,36,Queens,081,5600,51000,,0044,1,1450,TRACT 44-1  NEW YORK CITY QUEENS,001,3,15,0,0,0,0,1,1,0,0,0,3,9,15,20,21,6,0,0,0,0,0,0,0,10,0,0,0,0,0,0,0,0,0,0
G36008100045,1960,New York,36,Queens,081,5600,51000,,0045,,1450,TRACT 45    NEW YORK CITY QUEENS,001,3,15,0,0,0,0,1,1,0,25,27,32,38,49,127,70,119,104,94,265,136,31,38,29,0,8,4,8,4,8,0,4,0,0,0
G36008100047,1960,New York,36,Queens,081,5600,51000,,0047,,1450,TRACT 47    NEW YORK CITY QUEENS,001,3,15,0,0,0,0,0,1,0,37,24,24,109,268,355,231,183,85,84,110,27,0,16,7,40,30,24,7,8,0,0,0,4,0,0
G36008100049,1960,New York,36,Queens,081,5600,51000,,0049,,1450,TRACT 49    NEW YORK CITY QUEENS,001,3,15,0,0,0,0,1,1,0,0,0,10,11,9,16,6,3,17,9,26,14,5,0,0,0,4,4,3,3,0,0,3,0,0,0
G36008100050,1960,New York,36,Queens,081,5600,51000,,0050,,1450,TRACT 50    NEW YORK CITY QUEENS,001,3,15,1,1,1,1,1,1,0,0,0,0,0,0,0,0,0,0,0,0,0,0,0,0,0,0,0,0,0,0,0,0,0,0,0
G36008100051,1960,New York,36,Queens,081,5600,51000,,0051,,1450,TRACT 51    NEW YORK CITY QUEENS,001,3,15,0,0,0,0,1,1,0,10,16,31,65,88,90,101,54,40,21,54,21,0,40,42,18,41,20,36,0,0,0,0,0,0,0
G36008100052,1960,New York,36,Queens,081,5600,51000,,0052,,1450,TRACT 52    NEW YORK CITY QUEENS,001,3,15,0,0,0,0,1,1,0,5,12,11,44,61,84,93,48,16,28,81,12,0,21,4,4,9,12,7,0,0,0,0,0,0,0
G36008100053,1960,New York,36,Queens,081,5600,51000,,0053,,1450,TRACT 53    NEW YORK CITY QUEENS,001,3,15,0,0,0,0,1,1,0,37,63,83,147,222,231,215,203,131,157,201,42,16,112,80,101,77,63,29,32,11,9,4,4,0,0
G36008100054,1960,New York,36,Queens,081,5600,51000,,0054,,1450,TRACT 54    NEW YORK CITY QUEENS,001,3,15,0,0,0,0,1,1,0,12,28,44,47,165,219,207,166,105,123,147,47,8,58,27,7,9,40,8,4,3,4,0,0,0,0
G36008100055,1960,New York,36,Queens,081,5600,51000,,0055,,1450,TRACT 55    NEW YORK CITY QUEENS,001,3,15,0,0,0,0,1,1,0,18,13,16,29,37,66,36,18,32,12,32,5,0,38,19,8,19,18,12,8,0,0,0,0,0,0
G36008100057,1960,New York,36,Queens,081,5600,51000,,0057,,1450,TRACT 57    NEW YORK CITY QUEENS,001,3,15,0,0,0,0,1,1,0,47,45,77,108,143,187,169,171,134,109,121,24,8,146,132,56,67,58,40,8,4,0,0,0,4,0
G36008100058,1960,New York,36,Queens,081,5600,51000,,0058,,1450,TRACT 58    NEW YORK CITY QUEENS,001,3,15,0,0,0,0,1,1,0,14,29,22,58,134,161,162,128,117,63,182,47,13,26,22,8,8,18,3,8,0,0,0,0,0,0
G36008100059,1960,New York,36,Queens,081,5600,51000,,0059,,1450,TRACT 59    NEW YORK CITY QUEENS,001,3,15,0,0,0,0,1,1,0,85,69,50,88,144,272,171,178,96,82,185,28,0,198,75,43,94,46,40,13,9,0,4,0,0,0
G36008100061,1960,New York,36,Queens,081,5600,51000,,0061,,1450,TRACT 61    NEW YORK CITY QUEENS,001,3,15,0,0,0,0,1,1,0,88,125,121,172,249,316,224,193,134,127,263,27,8,225,84,100,108,83,63,23,8,8,8,0,0,0
G36008100062,1960,New York,36,Queens,081,5600,51000,,0062,,1450,TRACT 62    NEW YORK CITY QUEENS,001,3,15,0,0,0,0,1,1,0,0,13,9,13,25,44,92,65,70,69,142,35,9,4,0,4,8,0,0,0,0,4,0,0,0,0
G36008100063,1960,New York,36,Queens,081,5600,51000,,0063,,1450,TRACT 63    NEW YORK CITY QUEENS,001,3,15,0,0,0,0,1,1,0,71,103,99,184,343,327,209,178,142,147,214,82,11,120,82,88,117,75,20,13,11,0,5,0,4,0
G36008100065,1960,New York,36,Queens,081,5600,51000,,0065,,1450,TRACT 65    NEW YORK CITY QUEENS,001,3,15,0,0,0,0,1,1,0,68,87,104,288,383,403,330,228,150,112,314,54,4,175,97,113,98,101,71,21,11,8,4,8,0,0
G36008100067,1960,New York,36,Queens,081,5600,51000,,0067,,1450,TRACT 67    NEW YORK CITY QUEENS,001,3,15,0,0,0,0,1,1,0,11,3,12,15,36,44,45,45,9,25,20,9,0,23,23,12,12,3,0,5,0,4,0,0,0,0
G36008100069,1960,New York,36,Queens,081,5600,51000,,0069,,1450,TRACT 69    NEW YORK CITY QUEENS,001,3,15,0,0,0,0,1,1,0,17,28,61,69,90,136,106,92,93,70,109,22,0,81,17,24,39,39,20,4,0,0,0,0,0,0
G36008100071,1960,New York,36,Queens,081,5600,51000,,0071,,1450,TRACT 71    NEW YORK CITY QUEENS,001,3,15,0,0,0,0,1,1,0,27,35,85,126,103,202,162,129,121,84,165,52,0,80,79,35,79,28,23,8,25,8,4,0,0,0
G36008100073,1960,New York,36,Queens,081,5600,51000,,0073,,1450,TRACT 73    NEW YORK CITY QUEENS,001,3,15,0,0,0,0,1,1,0,40,41,55,106,156,166,144,78,104,101,208,20,8,105,52,45,60,64,40,7,20,14,8,4,0,0
G36008100075,1960,New York,36,Queens,081,5600,51000,,0075,,1450,TRACT 75    NEW YORK CITY QUEENS,001,3,15,0,0,0,0,1,1,0,16,37,68,67,137,214,94,170,86,77,147,36,12,55,83,65,77,41,40,30,16,4,0,0,0,0
G36008100077,1960,New York,36,Queens,081,5600,51000,,0077,,1450,TRACT 77    NEW YORK CITY QUEENS,001,3,15,0,0,0,0,1,1,0,8,0,21,29,41,89,31,26,45,35,47,5,0,29,12,4,3,0,0,0,0,0,0,0,0,0
G36008100079,1960,New York,36,Queens,081,5600,51000,,0079,,1450,TRACT 79    NEW YORK CITY QUEENS,001,3,15,0,0,0,0,1,1,0,19,52,20,73,136,98,97,100,70,53,75,5,6,20,41,8,29,8,4,4,0,0,0,3,0,0
G36008100081,1960,New York,36,Queens,081,5600,51000,,0081,,1450,TRACT 81    NEW YORK CITY QUEENS,001,3,15,0,0,0,0,1,1,0,5,7,9,31,24,17,26,29,28,8,26,3,0,12,0,4,0,5,5,0,0,0,0,3,0,0
G36008100083,1960,New York,36,Queens,081,5600,51000,,0083,,1450,TRACT 83    NEW YORK CITY QUEENS,001,3,15,0,0,0,0,1,1,0,13,23,23,42,70,72,84,78,59,34,73,4,4,32,12,19,18,16,7,9,0,0,0,0,0,0
G36008100086,1960,New York,36,Queens,081,5600,51000,,0086,,1450,TRACT 86    NEW YORK CITY QUEENS,001,3,15,0,0,0,0,1,1,0,12,10,29,23,60,138,124,55,74,58,131,44,0,53,40,16,23,4,12,13,0,0,0,0,0,0
G36008100087,1960,New York,36,Queens,081,5600,51000,,0087,,1450,TRACT 87    NEW YORK CITY QUEENS,001,3,15,0,0,0,0,0,0,0,35,74,125,216,252,257,112,62,28,12,9,4,0,29,4,8,0,4,0,0,0,5,0,0,0,0
G36008100088,1960,New York,36,Queens,081,5600,51000,,0088,,1450,TRACT 88    NEW YORK CITY QUEENS,001,3,15,0,0,0,0,1,1,0,11,12,21,40,70,116,50,74,48,67,92,15,0,17,5,6,0,5,15,0,0,0,0,0,0,0
G36008100091,1960,New York,36,Queens,081,5600,51000,,0091,,1450,TRACT 91    NEW YORK CITY QUEENS,001,3,15,0,0,0,0,1,1,0,7,26,7,32,48,65,64,52,39,29,75,12,0,17,14,12,4,0,0,9,0,0,0,0,0,0
G36008100094,1960,New York,36,Queens,081,5600,51000,,0094,,1450,TRACT 94    NEW YORK CITY QUEENS,001,3,15,0,0,0,0,1,1,0,12,16,27,49,48,94,115,101,68,40,100,20,4,45,32,4,8,4,0,4,9,0,0,0,0,0
G36008100095,1960,New York,36,Queens,081,5600,51000,,0095,,1450,TRACT 95    NEW YORK CITY QUEENS,001,3,15,0,0,0,0,1,1,0,20,35,48,54,118,105,122,97,67,48,136,25,0,20,19,12,8,5,5,36,0,0,0,4,0,0
G36008100096,1960,New York,36,Queens,081,5600,51000,,0096,,1450,TRACT 96    NEW YORK CITY QUEENS,001,3,15,0,0,0,0,1,1,0,16,28,23,35,60,126,70,84,89,57,108,19,4,30,28,4,14,11,12,4,0,0,0,0,0,0
G36008100097,1960,New York,36,Queens,081,5600,51000,,0097,,1450,TRACT 97    NEW YORK CITY QUEENS,001,3,15,0,0,0,0,1,1,0,23,44,72,85,122,148,137,160,91,112,180,31,4,49,43,42,26,0,25,4,4,0,0,0,0,0
G36008100098,1960,New York,36,Queens,081,5600,51000,,0098,,1450,TRACT 98    NEW YORK CITY QUEENS,001,3,15,0,0,0,0,1,1,0,16,25,16,54,59,125,67,81,39,42,59,12,4,65,17,21,29,30,15,7,0,0,0,0,0,0
G36008100099,1960,New York,36,Queens,081,5600,51000,,0099,,1450,TRACT 99    NEW YORK CITY QUEENS,001,3,15,1,1,1,1,1,1,0,0,0,0,0,0,0,0,0,0,0,0,0,0,0,0,0,0,0,0,0,0,0,0,0,0,0
G36008100100,1960,New York,36,Queens,081,5600,51000,,0100,,1450,TRACT 100   NEW YORK CITY QUEENS,001,3,15,0,0,0,0,1,1,0,8,19,40,29,34,97,106,75,85,68,107,30,4,26,36,43,8,13,12,0,4,5,4,4,0,0
G36008100101,1960,New York,36,Queens,081,5600,51000,,0101,,1450,TRACT 101   NEW YORK CITY QUEENS,001,3,15,0,0,0,0,1,1,0,12,37,31,71,117,129,129,131,84,60,83,36,0,70,27,28,33,13,5,8,8,0,0,8,9,0
G36008100102,1960,New York,36,Queens,081,5600,51000,,0102,,1450,TRACT 102   NEW YORK CITY QUEENS,001,3,15,0,0,0,0,1,1,0,4,11,19,27,31,69,79,60,35,55,99,25,12,45,14,8,4,7,3,9,0,0,0,0,3,0
G36008100103,1960,New York,36,Queens,081,5600,51000,,0103,,1450,TRACT 103   NEW YORK CITY QUEENS,001,3,15,0,0,0,0,1,1,0,26,55,63,114,229,213,204,196,112,115,157,57,0,82,36,50,43,40,20,16,8,3,0,8,0,0
G36008100104,1960,New York,36,Queens,081,5600,51000,,0104,,1450,TRACT 104   NEW YORK CITY QUEENS,001,3,15,0,0,0,0,1,1,0,9,23,24,60,73,102,96,109,58,51,104,31,3,19,8,17,28,4,0,4,0,4,0,0,0,0
G36008100105,1960,New York,36,Queens,081,5600,51000,,0105,,1450,TRACT 105   NEW YORK CITY QUEENS,001,3,15,0,0,0,0,1,1,0,33,21,39,97,181,278,191,178,167,104,174,48,0,10,14,47,20,21,25,12,4,5,0,4,0,0
G36008100106,1960,New York,36,Queens,081,5600,51000,,0106,,1450,TRACT 106   NEW YORK CITY QUEENS,001,3,15,0,0,0,0,1,1,0,4,11,25,39,51,113,84,74,68,74,107,42,4,25,16,8,16,15,3,7,7,0,0,0,0,0
G36008100107,1960,New York,36,Queens,081,5600,51000,,0107,,1450,TRACT 107   NEW YORK CITY QUEENS,001,3,15,0,0,0,0,1,1,0,0,0,0,4,0,4,12,7,11,0,0,0,0,0,0,3,4,0,0,0,0,0,0,0,0,0
G36008100108,1960,New York,36,Queens,081,5600,51000,,0108,,1450,TRACT 108   NEW YORK CITY QUEENS,001,3,15,0,0,0,0,1,1,0,17,18,12,54,54,54,88,74,73,3,128,17,0,25,40,21,15,0,8,4,7,0,0,0,0,0
G36008100110,1960,New York,36,Queens,081,5600,51000,,0110,,1450,TRACT 110   NEW YORK CITY QUEENS,001,3,15,0,0,0,0,1,1,0,11,16,44,23,69,109,89,66,56,57,56,4,5,24,24,17,26,4,8,0,0,0,0,0,0,0
G36008100111,1960,New York,36,Queens,081,5600,51000,,0111,,1450,TRACT 111   NEW YORK CITY QUEENS,001,3,15,0,0,0,0,1,1,0,12,42,31,42,99,138,160,133,53,101,139,20,4,53,26,21,46,22,3,16,0,0,0,0,0,0
G36008100112,1960,New York,36,Queens,081,5600,51000,,0112,,1450,TRACT 112   NEW YORK CITY QUEENS,001,3,15,0,0,0,0,1,1,0,11,19,20,42,40,68,38,51,55,28,105,31,0,83,6,0,0,4,0,4,3,0,0,0,0,0
G36008100113,1960,New York,36,Queens,081,5600,51000,,0113,,1450,TRACT 113   NEW YORK CITY QUEENS,001,3,15,0,0,0,0,1,1,0,49,46,71,163,138,205,239,153,119,89,214,39,0,131,41,48,52,23,52,31,0,6,4,0,0,0
G36008100114,1960,New York,36,Queens,081,5600,51000,,0114,,1450,TRACT 114   NEW YORK CITY QUEENS,001,3,15,0,0,0,0,1,1,0,25,11,28,49,32,34,53,50,12,17,28,8,0,13,0,0,0,0,4,0,0,0,0,0,0,0
G36008100115,1960,New York,36,Queens,081,5600,51000,,0115,,1450,TRACT 115   NEW YORK CITY QUEENS,001,3,15,0,0,0,0,1,1,0,21,53,53,88,123,170,146,85,116,77,157,26,0,75,40,51,19,23,7,12,12,0,5,0,0,0
G36008100116,1960,New York,36,Queens,081,5600,51000,,0116,,1450,TRACT 116   NEW YORK CITY QUEENS,001,3,15,0,0,0,0,1,1,0,9,7,13,34,41,91,80,34,38,43,32,12,0,31,24,5,0,23,0,4,0,0,0,0,0,0
G36008100117,1960,New York,36,Queens,081,5600,51000,,0117,,1450,TRACT 117   NEW YORK CITY QUEENS,001,3,15,0,0,0,0,1,1,0,32,52,41,147,112,205,148,159,121,94,157,28,0,87,33,41,58,38,18,0,0,0,8,4,0,0
G36008100118,1960,New York,36,Queens,081,5600,51000,,0118,,1450,TRACT 118   NEW YORK CITY QUEENS,001,3,15,0,0,0,0,1,1,0,0,24,23,17,39,75,81,50,36,36,79,13,0,26,11,8,4,26,12,0,0,0,0,0,0,0
G36008100119,1960,New York,36,Queens,081,5600,51000,,0119,,1450,TRACT 119   NEW YORK CITY QUEENS,001,3,15,0,0,0,0,1,1,0,13,18,48,19,71,78,86,63,32,31,47,15,0,79,3,15,0,8,10,3,0,0,0,0,0,0
G36008100120,1960,New York,36,Queens,081,5600,51000,,0120,,1450,TRACT 120   NEW YORK CITY QUEENS,001,3,15,0,0,0,0,1,1,0,0,14,4,35,47,43,53,51,56,35,95,15,5,27,12,0,17,6,21,0,0,0,0,0,0,0
G36008100121,1960,New York,36,Queens,081,5600,51000,,0121,,1450,TRACT 121   NEW YORK CITY QUEENS,001,3,15,0,0,0,0,1,1,0,15,22,29,77,96,109,81,71,64,43,73,20,0,64,36,28,32,18,16,4,4,0,0,4,0,0
G36008100122,1960,New York,36,Queens,081,5600,51000,,0122,,1450,TRACT 122   NEW YORK CITY QUEENS,001,3,15,0,0,0,0,1,1,0,19,8,36,53,41,79,118,68,42,30,100,48,8,46,18,26,44,7,12,3,0,4,0,0,0,0
G36008100123,1960,New York,36,Queens,081,5600,51000,,0123,,1450,TRACT 123   NEW YORK CITY QUEENS,001,3,15,0,0,0,0,1,1,0,6,30,70,54,73,141,139,97,56,49,152,15,0,10,13,11,5,6,0,4,4,0,0,0,0,0
G36008100124,1960,New York,36,Queens,081,5600,51000,,0124,,1450,TRACT 124   NEW YORK CITY QUEENS,001,3,15,0,0,0,0,1,1,0,14,29,12,57,31,96,62,42,66,49,87,22,8,42,39,34,35,22,14,4,0,0,0,4,0,0
G360081001260,1960,New York,36,Queens,081,5600,51000,,0126,0,1450,TRACT 126-0 NEW YORK CITY QUEENS,001,3,15,0,0,0,0,1,1,0,15,9,37,48,35,99,65,53,50,27,85,12,0,36,20,16,12,17,8,5,0,0,0,5,4,0
G360081001261,1960,New York,36,Queens,081,5600,51000,,0126,1,1450,TRACT 126-1 NEW YORK CITY QUEENS,001,3,15,0,0,0,0,1,1,0,13,24,24,27,50,67,104,59,61,44,80,28,0,30,42,28,17,10,9,9,0,0,0,0,0,0
G36008100128,1960,New York,36,Queens,081,5600,51000,,0128,,1450,TRACT 128   NEW YORK CITY QUEENS,001,3,15,0,0,0,0,1,1,0,8,8,37,44,60,54,67,65,38,56,98,34,0,28,49,12,41,3,23,3,0,4,0,4,0,0
G36008100130,1960,New York,36,Queens,081,5600,51000,,0130,,1450,TRACT 130   NEW YORK CITY QUEENS,001,3,15,0,0,0,0,1,1,0,8,4,4,30,17,37,79,44,31,16,92,45,12,47,12,15,30,8,12,12,0,8,0,0,0,0
G36008100132,1960,New York,36,Queens,081,5600,51000,,0132,,1450,TRACT 132   NEW YORK CITY QUEENS,001,3,15,0,0,0,0,1,1,0,14,4,13,29,46,48,38,50,48,33,54,30,9,56,4,27,19,7,20,8,12,0,0,0,0,0
G36008100134,1960,New York,36,Queens,081,5600,51000,,0134,,1450,TRACT 134   NEW YORK CITY QUEENS,001,3,15,0,0,0,0,1,1,0,43,49,43,70,112,157,207,166,136,116,320,157,46,158,86,76,104,88,81,32,35,18,8,19,8,0
G36008100135,1960,New York,36,Queens,081,5600,51000,,0135,,1450,TRACT 135   NEW YORK CITY QUEENS,001,3,15,0,0,0,0,1,1,0,8,16,11,7,64,62,35,61,40,18,55,19,0,8,0,8,4,0,4,0,0,0,0,0,0,0
G36008100136,1960,New York,36,Queens,081,5600,51000,,0136,,1450,TRACT 136   NEW YORK CITY QUEENS,001,3,15,0,0,0,0,1,1,0,16,16,4,37,21,66,65,75,44,66,189,42,11,32,7,25,20,56,20,20,0,4,0,8,19,0
G36008100137,1960,New York,36,Queens,081,5600,51000,,0137,,1450,TRACT 137   NEW YORK CITY QUEENS,001,3,15,0,0,0,0,1,1,0,6,8,5,19,41,101,48,79,62,22,59,0,0,13,14,0,0,11,5,0,0,0,0,0,0,0
G36008100138,1960,New York,36,Queens,081,5600,51000,,0138,,1450,TRACT 138   NEW YORK CITY QUEENS,001,3,15,0,0,0,0,1,1,0,36,11,24,52,84,72,110,50,87,32,190,85,25,62,52,31,51,34,23,13,20,4,0,12,16,0
G36008100140,1960,New York,36,Queens,081,5600,51000,,0140,,1450,TRACT 140   NEW YORK CITY QUEENS,001,3,15,0,0,0,0,1,1,0,8,24,42,24,70,101,105,76,64,66,152,67,9,54,11,45,37,58,11,5,20,4,4,0,0,0
G36008100141,1960,New York,36,Queens,081,5600,51000,,0141,,1450,TRACT 141   NEW YORK CITY QUEENS,001,3,15,0,0,0,0,1,1,0,20,20,12,33,100,113,57,57,38,38,59,20,0,24,17,20,4,15,8,8,0,0,0,5,0,0
G360081001420,1960,New York,36,Queens,081,5600,51000,,0142,0,1450,TRACT 142-0 NEW YORK CITY QUEENS,001,3,15,0,0,0,0,1,1,0,20,16,43,59,115,165,103,76,55,36,147,17,4,69,19,31,25,25,13,8,0,7,0,0,0,0
G360081001421,1960,New York,36,Queens,081,5600,51000,,0142,1,1450,TRACT 142-1 NEW YORK CITY QUEENS,001,3,15,0,0,0,0,1,1,0,22,12,20,72,63,91,83,36,63,18,90,16,0,32,32,13,10,16,15,12,6,9,0,5,0,0
G36008100143,1960,New York,36,Queens,081,5600,51000,,0143,,1450,TRACT 143   NEW YORK CITY QUEENS,001,3,15,0,0,0,0,1,1,0,40,42,68,86,189,192,198,122,147,72,133,40,4,62,18,50,48,31,16,11,15,4,0,0,0,0
G36008100144,1960,New York,36,Queens,081,5600,51000,,0144,,1450,TRACT 144   NEW YORK CITY QUEENS,001,3,15,0,0,0,0,1,1,0,0,12,17,29,58,71,55,38,38,17,41,17,3,48,17,24,40,18,4,6,0,0,5,0,0,0
G36008100145,1960,New York,36,Queens,081,5600,51000,,0145,,1450,TRACT 145   NEW YORK CITY QUEENS,001,3,15,0,0,0,0,1,1,0,29,21,32,27,50,163,121,71,52,34,109,7,0,8,18,36,18,8,23,0,7,9,0,0,0,0
G36008100147,1960,New York,36,Queens,081,5600,51000,,0147,,1450,TRACT 147   NEW YORK CITY QUEENS,001,3,15,0,0,0,0,1,1,0,19,15,11,70,120,179,165,105,99,87,110,19,0,96,46,24,26,16,20,11,4,3,0,4,0,0
G36008100148,1960,New York,36,Queens,081,5600,51000,,0148,,1450,TRACT 148   NEW YORK CITY QUEENS,001,3,15,0,0,0,0,1,1,0,8,7,19,18,44,60,61,25,45,24,65,9,0,25,4,17,4,4,5,0,0,0,0,0,0,0
G36008100149,1960,New York,36,Queens,081,5600,51000,,0149,,1450,TRACT 149   NEW YORK CITY QUEENS,001,3,15,0,0,0,0,1,1,0,24,34,41,70,109,152,104,83,64,60,78,29,8,42,26,28,23,11,4,0,0,5,0,5,0,0
G36008100150,1960,New York,36,Queens,081,5600,51000,,0150,,1450,TRACT 150   NEW YORK CITY QUEENS,001,3,15,0,0,0,0,1,1,0,3,8,6,41,45,79,53,63,42,24,50,28,0,14,9,10,4,8,7,0,0,0,0,0,0,0
G36008100151,1960,New York,36,Queens,081,5600,51000,,0151,,1450,TRACT 151   NEW YORK CITY QUEENS,001,3,15,0,0,0,0,1,1,0,20,34,43,94,75,126,126,97,58,38,185,32,5,38,32,25,24,40,15,4,0,4,0,0,0,0
G36008100152,1960,New York,36,Queens,081,5600,51000,,0152,,1450,TRACT 152   NEW YORK CITY QUEENS,001,3,15,0,0,0,0,1,1,0,12,0,29,40,81,63,69,58,40,27,67,15,4,8,20,4,4,20,0,8,8,0,0,0,4,0
G36008100153,1960,New York,36,Queens,081,5600,51000,,0153,,1450,TRACT 153   NEW YORK CITY QUEENS,001,3,15,0,0,0,0,1,1,0,20,37,16,68,44,56,72,72,43,45,43,29,0,35,41,44,41,17,16,16,0,4,0,8,4,0
G36008100154,1960,New York,36,Queens,081,5600,51000,,0154,,1450,TRACT 154   NEW YORK CITY QUEENS,001,3,15,0,0,0,0,1,1,0,0,5,8,15,41,75,63,72,31,62,56,20,0,29,9,0,18,0,0,0,0,0,0,0,0,0
G36008100155,1960,New York,36,Queens,081,5600,51000,,0155,,1450,TRACT 155   NEW YORK CITY QUEENS,001,3,15,0,0,0,0,1,1,0,16,12,43,75,101,73,65,64,44,32,93,11,8,31,47,42,39,27,8,0,0,0,0,0,0,0
G36008100156,1960,New York,36,Queens,081,5600,51000,,0156,,1450,TRACT 156   NEW YORK CITY QUEENS,001,3,15,0,0,0,0,1,1,0,20,16,25,28,53,104,101,84,93,53,54,23,2,43,12,13,5,2,10,0,0,0,0,0,0,0
G36008100157,1960,New York,36,Queens,081,5600,51000,,0157,,1450,TRACT 157   NEW YORK CITY QUEENS,001,3,15,0,0,0,0,1,1,0,5,12,40,49,69,70,108,30,21,8,49,4,0,35,47,33,49,8,8,7,0,0,0,0,0,0
G36008100158,1960,New York,36,Queens,081,5600,51000,,0158,,1450,TRACT 158   NEW YORK CITY QUEENS,001,3,15,0,0,0,0,1,1,0,35,54,69,154,175,248,245,209,128,135,240,79,5,92,41,22,32,17,24,15,7,4,0,0,0,0
G36008100159,1960,New York,36,Queens,081,5600,51000,,0159,,1450,TRACT 159   NEW YORK CITY QUEENS,001,3,15,0,0,0,0,1,1,0,30,64,60,122,200,226,169,139,133,135,204,27,0,79,80,43,53,62,32,8,0,4,4,0,0,4
G36008100161,1960,New York,36,Queens,081,5600,51000,,0161,,1450,TRACT 161   NEW YORK CITY QUEENS,001,3,15,0,0,0,0,1,1,0,18,25,21,46,41,104,78,75,42,33,105,16,13,13,55,30,25,7,0,5,8,0,0,4,0,0
G36008100163,1960,New York,36,Queens,081,5600,51000,,0163,,1450,TRACT 163   NEW YORK CITY QUEENS,001,3,15,0,0,0,0,0,1,0,19,8,16,91,226,387,300,174,109,67,119,24,0,16,20,21,12,8,20,4,0,0,0,0,0,0
G36008100164,1960,New York,36,Queens,081,5600,51000,,0164,,1450,TRACT 164   NEW YORK CITY QUEENS,001,3,15,0,0,0,0,1,1,0,19,19,19,20,75,108,90,69,77,39,109,27,0,38,27,12,10,8,12,4,0,0,0,0,0,0
G36008100165,1960,New York,36,Queens,081,5600,51000,,0165,,1450,TRACT 165   NEW YORK CITY QUEENS,001,3,15,0,1,1,1,1,1,0,0,0,0,0,0,0,0,0,0,0,0,0,0,5,0,14,7,0,10,0,0,0,0,0,0,0
G36008100166,1960,New York,36,Queens,081,5600,51000,,0166,,1450,TRACT 166   NEW YORK CITY QUEENS,001,3,15,0,0,0,0,1,1,0,5,26,27,47,65,113,67,82,66,44,163,15,8,33,50,3,17,14,10,4,5,3,0,0,0,0
G36008100168,1960,New York,36,Queens,081,5600,51000,,0168,,1450,TRACT 168   NEW YORK CITY QUEENS,001,3,15,0,0,0,0,1,1,0,16,13,12,40,60,99,102,49,36,52,80,21,0,35,25,0,9,16,4,4,0,0,0,0,0,0
G36008100169,1960,New York,36,Queens,081,5600,51000,,0169,,1450,TRACT 169   NEW YORK CITY QUEENS,001,3,15,0,0,0,0,1,1,0,38,49,36,121,120,212,238,165,179,130,297,99,8,108,38,70,93,144,59,40,20,12,0,7,12,0
G36008100170,1960,New York,36,Queens,081,5600,51000,,0170,,1450,TRACT 170   NEW YORK CITY QUEENS,001,3,15,0,0,0,0,1,1,0,24,21,26,28,58,82,81,60,60,26,76,16,0,37,16,7,4,0,9,4,0,0,4,0,0,0
G36008100171,1960,New York,36,Queens,081,5600,51000,,0171,,1450,TRACT 171   NEW YORK CITY QUEENS,001,3,15,0,0,1,1,1,1,0,0,0,0,5,0,0,0,0,0,0,0,0,0,0,0,0,0,0,0,0,0,0,0,0,0,0
G36008100172,1960,New York,36,Queens,081,5600,51000,,0172,,1450,TRACT 172   NEW YORK CITY QUEENS,001,3,15,0,0,0,0,1,1,0,8,14,23,28,50,76,100,56,36,26,64,7,0,32,4,6,4,28,26,0,0,0,0,0,0,0
G36008100174,1960,New York,36,Queens,081,5600,51000,,0174,,1450,TRACT 174   NEW YORK CITY QUEENS,001,3,15,0,0,0,0,0,1,0,4,17,22,52,72,69,77,82,72,31,65,12,4,47,11,12,5,0,10,0,0,0,0,0,0,0
G36008100176,1960,New York,36,Queens,081,5600,51000,,0176,,1450,TRACT 176   NEW YORK CITY QUEENS,001,3,15,0,0,0,0,0,1,0,9,8,32,25,42,79,74,40,36,14,54,19,0,16,17,5,4,13,8,5,0,0,0,0,0,0
G36008100178,1960,New York,36,Queens,081,5600,51000,,0178,,1450,TRACT 178   NEW YORK CITY QUEENS,001,3,15,0,0,0,0,0,1,0,8,16,16,20,80,89,44,38,9,27,57,10,0,18,16,8,12,16,0,4,0,0,0,0,0,0
G36008100179,1960,New York,36,Queens,081,5600,51000,,0179,,1450,TRACT 179   NEW YORK CITY QUEENS,001,3,15,0,0,0,0,1,1,0,4,7,25,40,39,45,41,46,21,4,53,0,0,35,9,11,22,20,35,12,0,0,0,0,0,0
G36008100180,1960,New York,36,Queens,081,5600,51000,,0180,,1450,TRACT 180   NEW YORK CITY QUEENS,001,3,15,0,0,0,0,1,1,0,14,11,12,31,24,60,25,20,19,7,19,0,0,9,6,2,0,4,5,0,0,4,0,0,0,0
G36008100181,1960,New York,36,Queens,081,5600,51000,,0181,,1450,TRACT 181   NEW YORK CITY QUEENS,001,3,15,0,0,0,0,1,1,0,75,63,146,180,295,366,358,271,270,188,387,125,28,206,159,142,220,177,91,34,32,15,4,4,0,0
G36008100182,1960,New York,36,Queens,081,5600,51000,,0182,,1450,TRACT 182   NEW YORK CITY QUEENS,001,3,15,0,0,0,0,0,1,0,11,15,36,72,67,60,66,71,38,25,60,4,0,33,8,28,23,4,4,8,0,0,0,0,0,0
G36008100183,1960,New York,36,Queens,081,5600,51000,,0183,,1450,TRACT 183   NEW YORK CITY QUEENS,001,3,15,0,0,0,0,1,1,0,43,55,109,133,260,295,262,193,177,126,221,65,13,170,146,114,142,113,98,36,16,8,13,8,0,0
G360081001840,1960,New York,36,Queens,081,5600,51000,,0184,0,1450,TRACT 184-0 NEW YORK CITY QUEENS,001,3,15,0,0,0,0,0,1,0,4,13,8,55,12,67,35,44,28,26,30,0,0,25,13,9,0,0,4,3,0,0,0,0,0,0
G360081001841,1960,New York,36,Queens,081,5600,51000,,0184,1,1450,TRACT 184-1 NEW YORK CITY QUEENS,001,3,15,0,0,0,0,0,1,0,16,10,19,73,66,62,40,55,43,36,69,3,0,36,28,35,25,10,5,0,0,8,0,0,0,0
G36008100185,1960,New York,36,Queens,081,5600,51000,,0185,,1450,TRACT 185   NEW YORK CITY QUEENS,001,3,15,0,0,0,0,1,1,0,28,75,111,160,195,334,313,212,192,207,404,85,16,142,135,123,224,173,106,40,41,16,22,19,0,0
G36008100186,1960,New York,36,Queens,081,5600,51000,,0186,,1450,TRACT 186   NEW YORK CITY QUEENS,001,3,15,0,0,0,0,0,1,0,0,10,17,45,47,44,46,25,19,23,36,4,0,23,8,9,0,0,3,0,0,0,0,0,0,0
G36008100187,1960,New York,36,Queens,081,5600,51000,,0187,,1450,TRACT 187   NEW YORK CITY QUEENS,001,3,15,0,0,0,0,1,1,0,10,16,22,50,57,148,124,103,83,77,153,46,4,62,35,24,17,34,18,4,0,4,0,0,0,0
G36008100188,1960,New York,36,Queens,081,5600,51000,,0188,,1450,TRACT 188   NEW YORK CITY QUEENS,001,3,15,0,0,0,0,0,1,0,0,7,4,23,25,26,28,9,21,16,30,0,0,21,0,19,8,5,0,3,0,0,0,0,0,0
G36008100189,1960,New York,36,Queens,081,5600,51000,,0189,,1450,TRACT 189   NEW YORK CITY QUEENS,001,3,15,0,0,0,0,1,1,0,23,12,32,57,98,102,107,114,60,78,150,39,9,38,33,38,52,41,36,21,8,12,0,20,0,0
G36008100190,1960,New York,36,Queens,081,5600,51000,,0190,,1450,TRACT 190   NEW YORK CITY QUEENS,001,3,15,0,0,0,0,0,1,0,15,37,29,37,108,77,70,62,22,21,48,0,0,28,27,24,8,11,14,4,0,0,0,0,0,0
G36008100191,1960,New York,36,Queens,081,5600,51000,,0191,,1450,TRACT 191   NEW YORK CITY QUEENS,001,3,15,1,0,1,0,1,1,0,0,0,0,0,0,0,0,0,0,0,0,0,0,0,0,0,0,4,0,0,0,0,0,0,0,0
G36008100192,1960,New York,36,Queens,081,5600,51000,,0192,,1450,TRACT 192   NEW YORK CITY QUEENS,001,3,15,0,0,0,0,0,1,0,8,18,20,57,51,82,57,63,32,61,51,5,0,41,18,15,23,3,30,0,4,0,0,0,0,0
G360081001940,1960,New York,36,Queens,081,5600,51000,,0194,0,1450,TRACT 194-0 NEW YORK CITY QUEENS,001,3,15,0,0,0,0,0,1,0,10,16,15,6,47,32,17,23,4,14,24,6,0,25,15,4,3,3,0,0,0,0,0,0,0,0
G360081001941,1960,New York,36,Queens,081,5600,51000,,0194,1,1450,TRACT 194-1 NEW YORK CITY QUEENS,001,3,15,0,0,0,0,0,1,0,7,2,23,28,43,36,55,25,35,35,45,14,0,22,0,3,9,6,4,0,0,0,5,0,0,0
G36008100196,1960,New York,36,Queens,081,5600,51000,,0196,,1450,TRACT 196   NEW YORK CITY QUEENS,001,3,15,0,0,0,0,0,1,0,38,25,40,24,67,69,96,88,45,17,51,3,0,86,36,13,30,18,4,0,0,0,0,0,0,0
G36008100197,1960,New York,36,Queens,081,5600,51000,,0197,,1450,TRACT 197   NEW YORK CITY QUEENS,001,3,15,0,0,0,0,1,1,0,0,9,11,23,25,21,23,24,16,25,37,8,0,11,20,9,7,4,8,3,0,0,0,0,0,0
G36008100198,1960,New York,36,Queens,081,5600,51000,,0198,,1450,TRACT 198   NEW YORK CITY QUEENS,001,3,15,0,0,0,0,0,1,0,38,28,49,68,105,103,80,48,49,34,30,17,3,113,39,13,46,45,8,0,3,0,0,0,0,0
G36008100202,1960,New York,36,Queens,081,5600,51000,,0202,,1450,TRACT 202   NEW YORK CITY QUEENS,001,3,15,0,0,0,0,0,1,0,10,19,14,35,32,52,54,35,32,19,31,0,0,37,17,34,13,8,0,0,3,0,0,0,0,0
G36008100204,1960,New York,36,Queens,081,5600,51000,,0204,,1450,TRACT 204   NEW YORK CITY QUEENS,001,3,15,0,0,0,0,0,1,0,21,54,57,67,56,90,37,20,36,24,32,9,0,47,36,36,31,25,20,8,0,0,0,0,0,0
G360081002050,1960,New York,36,Queens,081,5600,51000,,0205,0,1450,TRACT 205-0 NEW YORK CITY QUEENS,001,3,15,0,0,0,0,1,1,0,3,0,13,4,22,39,40,17,20,6,21,20,0,0,9,3,3,0,0,0,0,0,0,0,0,0
G360081002051,1960,New York,36,Queens,081,5600,51000,,0205,1,1450,TRACT 205-1 NEW YORK CITY QUEENS,001,3,15,0,0,0,0,1,1,0,0,0,15,9,14,44,46,23,15,28,72,5,5,9,12,8,3,0,0,0,0,0,0,0,0,0
G36008100206,1960,New York,36,Queens,081,5600,51000,,0206,,1450,TRACT 206   NEW YORK CITY QUEENS,001,3,15,0,0,0,0,1,1,0,3,23,12,32,21,72,41,26,24,31,65,14,0,30,16,8,4,4,0,0,0,3,0,0,0,0
G36008100208,1960,New York,36,Queens,081,5600,51000,,0208,,1450,TRACT 208   NEW YORK CITY QUEENS,001,3,15,0,0,0,0,1,1,0,11,16,34,58,52,94,92,59,77,37,72,15,8,65,26,31,22,10,15,0,4,0,0,0,0,0
G36008100212,1960,New York,36,Queens,081,5600,51000,,0212,,1450,TRACT 212   NEW YORK CITY QUEENS,001,3,15,0,0,0,0,1,1,0,13,22,30,31,67,71,75,57,36,16,67,3,0,54,24,54,28,22,27,0,4,10,5,0,0,0
G36008100213,1960,New York,36,Queens,081,5600,51000,,0213,,1450,TRACT 213   NEW YORK CITY QUEENS,001,3,15,0,0,0,1,1,1,0,0,0,0,13,0,0,4,0,5,5,0,0,0,0,0,0,0,0,4,0,0,0,0,0,0,0
G36008100214,1960,New York,36,Queens,081,5600,51000,,0214,,1450,TRACT 214   NEW YORK CITY QUEENS,001,3,15,0,0,0,0,1,1,0,24,37,43,72,126,220,137,176,150,122,352,65,32,94,31,63,55,50,45,16,6,4,4,8,0,0
G36008100216,1960,New York,36,Queens,081,5600,51000,,0216,,1450,TRACT 216   NEW YORK CITY QUEENS,001,3,15,0,0,0,0,1,1,0,26,20,22,38,49,93,61,50,56,46,189,64,24,50,28,31,25,11,41,23,0,13,0,8,8,0
G36008100219,1960,New York,36,Queens,081,5600,51000,,0219,,1450,TRACT 219   NEW YORK CITY QUEENS,001,3,15,1,1,1,1,1,1,0,0,0,0,0,0,0,0,0,0,0,0,0,0,0,0,0,0,0,0,0,0,0,0,0,0,0
G360081002200,1960,New York,36,Queens,081,5600,51000,,0220,0,1450,TRACT 220-0 NEW YORK CITY QUEENS,001,3,15,0,0,0,0,1,1,0,15,25,40,61,127,158,201,182,220,177,472,182,20,93,27,27,20,35,73,16,13,4,8,21,5,0
G360081002201,1960,New York,36,Queens,081,5600,51000,,0220,1,1450,TRACT 220-1 NEW YORK CITY QUEENS,001,3,15,0,0,0,0,1,1,0,21,22,29,66,88,100,163,138,162,185,435,185,40,24,16,9,55,54,50,22,38,11,9,17,0,0
G36008100229,1960,New York,36,Queens,081,5600,51000,,0229,,1450,TRACT 229   NEW YORK CITY QUEENS,001,3,15,1,1,1,1,1,1,0,0,0,0,0,0,0,0,0,0,0,0,0,0,0,0,0,0,0,0,0,0,0,0,0,0,0
G36008100230,1960,New York,36,Queens,081,5600,51000,,0230,,1450,TRACT 230   NEW YORK CITY QUEENS,001,3,15,0,0,0,0,1,1,0,8,20,8,22,45,43,46,33,38,29,63,56,4,21,11,3,9,9,3,0,0,0,0,0,0,0
G36008100232,1960,New York,36,Queens,081,5600,51000,,0232,,1450,TRACT 232   NEW YORK CITY QUEENS,001,3,15,0,0,0,0,1,1,0,18,22,34,42,62,91,119,113,118,57,265,77,13,49,39,14,48,36,24,35,16,0,0,3,0,0
G36008100235,1960,New York,36,Queens,081,5600,51000,,0235,,1450,TRACT 235   NEW YORK CITY QUEENS,001,3,15,0,0,0,0,1,1,0,50,63,65,113,185,227,240,243,182,118,223,65,0,125,73,70,106,134,82,37,13,0,17,17,0,0
G36008100236,1960,New York,36,Queens,081,5600,51000,,0236,,1450,TRACT 236   NEW YORK CITY QUEENS,001,3,15,0,0,0,0,1,1,0,11,16,20,36,50,61,42,45,52,36,59,42,4,141,84,76,37,59,31,0,27,12,0,8,4,0
G36008100238,1960,New York,36,Queens,081,5600,51000,,0238,,1450,TRACT 238   NEW YORK CITY QUEENS,001,3,15,0,0,0,0,1,1,0,16,52,24,48,57,92,121,113,83,57,95,55,12,56,79,84,67,32,27,29,12,8,9,13,0,0
G36008100240,1960,New York,36,Queens,081,5600,51000,,0240,,1450,TRACT 240   NEW YORK CITY QUEENS,001,3,15,0,0,0,0,1,1,0,16,41,73,90,155,158,125,123,80,75,172,62,8,275,65,90,23,58,31,19,16,4,0,0,0,4
G36008100243,1960,New York,36,Queens,081,5600,51000,,0243,,1450,TRACT 243   NEW YORK CITY QUEENS,001,3,15,0,0,0,0,1,1,0,17,15,39,43,71,137,133,130,84,88,199,60,4,25,12,12,12,11,22,3,0,8,0,4,0,0
G36008100244,1960,New York,36,Queens,081,5600,51000,,0244,,1450,TRACT 244   NEW YORK CITY QUEENS,001,3,15,0,0,1,0,1,1,0,0,0,4,9,0,0,0,0,0,0,0,0,0,0,0,3,0,0,0,0,0,0,0,0,0,0
G36008100245,1960,New York,36,Queens,081,5600,51000,,0245,,1450,TRACT 245   NEW YORK CITY QUEENS,001,3,15,0,0,0,0,1,1,0,4,8,8,24,31,43,44,23,33,20,54,19,0,4,8,4,4,5,13,3,8,0,0,0,0,0
G36008100246,1960,New York,36,Queens,081,5600,51000,,0246,,1450,TRACT 246   NEW YORK CITY QUEENS,001,3,15,0,0,0,0,1,1,0,9,0,4,8,0,11,15,13,5,0,9,0,0,31,3,3,6,0,12,4,0,0,0,0,0,0
G36008100247,1960,New York,36,Queens,081,5600,51000,,0247,,1450,TRACT 247   NEW YORK CITY QUEENS,001,3,15,0,0,0,0,1,1,0,0,15,0,17,45,62,63,23,15,8,31,16,3,7,4,9,9,5,0,4,5,0,0,0,0,0
G36008100248,1960,New York,36,Queens,081,5600,51000,,0248,,1450,TRACT 248   NEW YORK CITY QUEENS,001,3,15,0,0,0,0,0,1,0,17,49,66,50,46,42,37,13,18,13,28,12,0,20,74,54,70,38,16,7,5,0,0,0,0,0
G36008100249,1960,New York,36,Queens,081,5600,51000,,0249,,1450,TRACT 249   NEW YORK CITY QUEENS,001,3,15,0,0,0,0,1,1,0,16,36,42,74,118,142,112,121,58,63,163,42,0,57,70,46,69,83,20,8,9,8,5,5,0,0
G36008100250,1960,New York,36,Queens,081,5600,51000,,0250,,1450,TRACT 250   NEW YORK CITY QUEENS,001,3,15,0,0,0,0,0,1,0,10,20,21,14,42,24,11,9,0,8,15,0,0,49,0,22,0,5,7,11,0,0,0,0,0,0
G36008100251,1960,New York,36,Queens,081,5600,51000,,0251,,1450,TRACT 251   NEW YORK CITY QUEENS,001,3,15,0,0,0,0,1,1,0,40,31,45,67,116,156,121,100,80,52,126,27,4,99,32,37,133,40,45,21,4,5,0,4,0,0
G36008100252,1960,New York,36,Queens,081,5600,51000,,0252,,1450,TRACT 252   NEW YORK CITY QUEENS,001,3,15,0,0,0,0,0,1,0,160,153,219,363,235,151,115,70,32,22,46,18,0,159,113,57,28,42,18,5,0,4,0,0,0,0
G36008100253,1960,New York,36,Queens,081,5600,51000,,0253,,1450,TRACT 253   NEW YORK CITY QUEENS,001,3,15,0,0,0,0,1,1,0,47,82,81,140,213,274,280,249,139,146,323,45,4,169,138,122,124,185,90,60,20,12,0,12,10,0
G36008100255,1960,New York,36,Queens,081,5600,51000,,0255,,1450,TRACT 255   NEW YORK CITY QUEENS,001,3,15,0,0,0,0,1,1,0,4,7,8,17,32,44,36,42,13,27,103,26,4,15,30,8,28,30,9,0,0,0,3,0,0,0
G36008100257,1960,New York,36,Queens,081,5600,51000,,0257,,1450,TRACT 257   NEW YORK CITY QUEENS,001,3,15,0,0,0,0,1,1,0,12,20,15,49,20,40,38,13,24,47,57,24,0,55,30,28,29,23,7,8,0,4,0,0,0,0
G36008100258,1960,New York,36,Queens,081,5600,51000,,0258,,1450,TRACT 258   NEW YORK CITY QUEENS,001,3,15,0,0,0,0,0,1,0,4,36,39,46,94,47,38,21,11,20,39,0,0,55,92,71,56,27,16,3,5,0,0,0,0,0
G36008100259,1960,New York,36,Queens,081,5600,51000,,0259,,1450,TRACT 259   NEW YORK CITY QUEENS,001,3,15,0,0,0,0,1,1,0,0,18,36,55,55,81,66,50,35,47,92,15,0,36,41,19,28,32,23,8,4,0,4,4,0,0
G36008100260,1960,New York,36,Queens,081,5600,51000,,0260,,1450,TRACT 260   NEW YORK CITY QUEENS,001,3,15,0,0,0,0,0,1,0,27,75,81,83,81,63,33,14,17,9,17,0,0,31,31,15,18,18,4,0,0,0,0,0,0,0
G36008100261,1960,New York,36,Queens,081,5600,51000,,0261,,1450,TRACT 261   NEW YORK CITY QUEENS,001,3,15,0,0,0,0,1,1,0,44,42,107,130,166,220,215,174,146,147,236,44,8,121,86,63,86,72,95,19,4,0,0,4,0,0
G36008100262,1960,New York,36,Queens,081,5600,51000,,0262,,1450,TRACT 262   NEW YORK CITY QUEENS,001,3,15,0,0,0,0,0,1,0,20,23,43,44,28,12,49,4,10,0,17,0,0,72,33,15,11,10,4,0,0,0,0,0,0,0
G36008100263,1960,New York,36,Queens,081,5600,51000,,0263,,1450,TRACT 263   NEW YORK CITY QUEENS,001,3,15,0,0,0,0,1,1,0,34,38,24,116,104,155,134,99,134,124,171,44,6,92,44,30,70,71,61,31,8,4,4,8,0,0
G36008100264,1960,New York,36,Queens,081,5600,51000,,0264,,1450,TRACT 264   NEW YORK CITY QUEENS,001,3,15,0,0,0,0,0,1,0,16,13,35,61,34,82,42,19,25,16,21,13,0,120,25,36,19,29,19,0,0,9,0,5,0,0
G36008100265,1960,New York,36,Queens,081,5600,51000,,0265,,1450,TRACT 265   NEW YORK CITY QUEENS,001,3,15,0,0,0,0,1,1,0,28,28,21,56,72,103,70,69,84,63,119,37,0,99,32,45,68,42,18,31,3,8,0,0,0,0
G36008100266,1960,New York,36,Queens,081,5600,51000,,0266,,1450,TRACT 266   NEW YORK CITY QUEENS,001,3,15,0,0,0,0,0,1,0,8,11,22,30,32,47,47,31,28,7,8,0,0,38,21,9,32,4,7,0,0,0,0,0,0,0
G36008100267,1960,New York,36,Queens,081,5600,51000,,0267,,1450,TRACT 267   NEW YORK CITY QUEENS,001,3,15,0,0,0,0,1,1,0,25,33,52,78,85,118,107,184,86,102,181,57,0,245,149,109,148,190,60,43,24,24,12,27,10,4
G36008100269,1960,New York,36,Queens,081,5600,51000,,0269,,1450,TRACT 269   NEW YORK CITY QUEENS,001,3,15,0,0,0,0,1,1,0,40,37,83,65,121,204,201,115,153,202,310,80,12,138,99,91,142,153,112,59,46,12,16,27,4,0
G36008100270,1960,New York,36,Queens,081,5600,51000,,0270,,1450,TRACT 270   NEW YORK CITY QUEENS,001,3,15,0,0,0,0,0,1,0,7,0,15,34,33,33,25,29,8,36,21,4,0,25,17,20,17,8,4,0,0,0,0,0,0,0
G36008100271,1960,New York,36,Queens,081,5600,51000,,0271,,1450,TRACT 271   NEW YORK CITY QUEENS,001,3,15,0,0,0,0,1,1,0,8,39,58,49,126,177,204,136,155,113,315,97,33,59,67,54,66,64,69,25,29,16,0,15,8,0
G36008100272,1960,New York,36,Queens,081,5600,51000,,0272,,1450,TRACT 272   NEW YORK CITY QUEENS,001,3,15,0,0,0,0,0,1,0,12,7,43,16,70,53,61,51,27,26,11,13,4,47,14,26,56,9,9,3,0,0,0,0,0,0
G36008100273,1960,New York,36,Queens,081,5600,51000,,0273,,1450,TRACT 273   NEW YORK CITY QUEENS,001,3,15,0,0,0,0,1,1,0,27,45,76,156,158,255,236,197,188,140,332,71,3,112,66,27,86,66,36,18,8,11,0,7,0,0
G36008100274,1960,New York,36,Queens,081,5600,51000,,0274,,1450,TRACT 274   NEW YORK CITY QUEENS,001,3,15,0,0,0,0,0,1,0,12,11,17,22,23,22,14,32,7,4,10,4,0,25,21,15,0,0,0,0,0,0,0,0,0,0
G36008100275,1960,New York,36,Queens,081,5600,51000,,0275,,1450,TRACT 275   NEW YORK CITY QUEENS,001,3,15,0,0,0,0,1,1,0,32,71,48,59,101,200,164,218,103,126,369,97,28,63,25,37,33,80,14,11,13,4,8,0,4,0
G36008100276,1960,New York,36,Queens,081,5600,51000,,0276,,1450,TRACT 276   NEW YORK CITY QUEENS,001,3,15,0,0,0,0,0,1,0,10,3,20,23,16,10,18,19,6,19,7,3,0,13,14,18,14,9,11,0,0,0,0,0,0,0
G36008100277,1960,New York,36,Queens,081,5600,51000,,0277,,1450,TRACT 277   NEW YORK CITY QUEENS,001,3,15,0,0,0,0,1,1,0,22,53,84,141,135,211,335,237,167,194,445,151,25,65,63,82,84,101,99,36,32,12,8,17,4,0
G36008100278,1960,New York,36,Queens,081,5600,51000,,0278,,1450,TRACT 278   NEW YORK CITY QUEENS,001,3,15,0,0,0,0,1,1,0,0,0,0,0,8,17,8,13,8,9,8,4,0,8,0,12,5,0,0,0,0,0,0,0,0,0
G36008100279,1960,New York,36,Queens,081,5600,51000,,0279,,1450,TRACT 279   NEW YORK CITY QUEENS,001,3,15,0,0,0,0,1,1,0,28,37,46,83,94,176,186,247,144,115,396,150,34,76,51,64,81,95,96,86,36,20,4,17,4,0
G36008100280,1960,New York,36,Queens,081,5600,51000,,0280,,1450,TRACT 280   NEW YORK CITY QUEENS,001,3,15,0,0,0,0,0,1,0,4,4,17,36,65,56,52,53,39,20,82,0,0,13,8,18,4,18,11,0,0,0,0,0,0,0
G36008100281,1960,New York,36,Queens,081,5600,51000,,0281,,1450,TRACT 281   NEW YORK CITY QUEENS,001,3,15,0,0,0,0,1,1,0,37,36,57,52,120,153,143,166,164,115,462,219,28,100,91,51,123,117,83,47,33,8,7,20,4,0
G36008100282,1960,New York,36,Queens,081,5600,51000,,0282,,1450,TRACT 282   NEW YORK CITY QUEENS,001,3,15,0,0,0,0,0,1,0,12,3,5,17,40,52,42,60,21,28,64,0,5,34,20,38,3,10,15,9,0,0,0,0,0,0
G36008100283,1960,New York,36,Queens,081,5600,51000,,0283,,1450,TRACT 283   NEW YORK CITY QUEENS,001,3,15,0,0,0,0,1,1,0,59,28,90,95,191,264,245,258,145,222,527,161,29,164,107,83,130,159,173,56,32,38,4,8,12,6
G36008100284,1960,New York,36,Queens,081,5600,51000,,0284,,1450,TRACT 284   NEW YORK CITY QUEENS,001,3,15,0,0,0,0,0,1,0,13,22,6,38,38,99,75,56,43,16,80,14,3,27,4,54,22,29,20,4,0,0,0,0,0,0
G36008100285,1960,New York,36,Queens,081,5600,51000,,0285,,1450,TRACT 285   NEW YORK CITY QUEENS,001,3,15,0,0,0,0,1,1,0,20,52,53,84,102,156,137,113,118,132,358,264,70,58,61,60,82,102,79,36,28,56,12,8,20,7
G36008100287,1960,New York,36,Queens,081,5600,51000,,0287,,1450,TRACT 287   NEW YORK CITY QUEENS,001,3,15,0,0,0,0,1,1,0,36,53,28,100,142,181,179,146,240,144,602,210,77,97,72,72,127,105,108,52,33,37,16,29,8,0
G36008100288,1960,New York,36,Queens,081,5600,51000,,0288,,1450,TRACT 288   NEW YORK CITY QUEENS,001,3,15,0,0,0,0,0,1,0,28,41,35,74,61,66,73,39,37,45,37,10,0,31,15,13,32,25,9,0,0,0,0,0,0,0
G36008100289,1960,New York,36,Queens,081,5600,51000,,0289,,1450,TRACT 289   NEW YORK CITY QUEENS,001,3,15,0,0,0,0,1,1,0,8,36,27,53,84,101,137,138,113,119,407,159,52,101,52,86,62,115,64,32,39,23,12,16,4,4
G36008100290,1960,New York,36,Queens,081,5600,51000,,0290,,1450,TRACT 290   NEW YORK CITY QUEENS,001,3,15,0,0,0,0,0,1,0,8,4,19,43,38,59,24,26,28,19,25,8,0,51,30,12,0,4,6,0,0,0,0,0,0,0
G36008100291,1960,New York,36,Queens,081,5600,51000,,0291,,1450,TRACT 291   NEW YORK CITY QUEENS,001,3,15,0,0,0,0,1,1,0,11,32,69,96,116,160,206,120,77,127,327,68,18,99,54,80,94,116,70,50,12,32,4,13,4,0
G36008100292,1960,New York,36,Queens,081,5600,51000,,0292,,1450,TRACT 292   NEW YORK CITY QUEENS,001,3,15,0,0,0,0,0,1,0,32,31,22,55,123,117,102,94,64,41,141,7,0,33,11,30,5,12,4,0,0,0,0,0,0,0
G36008100293,1960,New York,36,Queens,081,5600,51000,,0293,,1450,TRACT 293   NEW YORK CITY QUEENS,001,3,15,0,0,0,0,1,1,0,12,5,0,9,13,43,49,19,22,13,53,20,0,3,12,4,6,10,9,0,0,3,0,0,0,0
G36008100295,1960,New York,36,Queens,081,5600,51000,,0295,,1450,TRACT 295   NEW YORK CITY QUEENS,001,3,15,0,0,0,0,1,1,0,16,36,55,126,192,207,120,119,96,63,213,37,0,75,43,28,27,32,28,8,12,0,0,0,0,0
G36008100297,1960,New York,36,Queens,081,5600,51000,,0297,,1450,TRACT 297   NEW YORK CITY QUEENS,001,3,15,0,0,0,0,1,1,0,12,24,0,19,26,54,51,47,35,18,84,39,8,7,7,11,8,0,0,3,0,0,0,0,0,0
G36008100299,1960,New York,36,Queens,081,5600,51000,,0299,,1450,TRACT 299   NEW YORK CITY QUEENS,001,3,15,1,1,1,1,1,1,0,0,0,0,0,0,0,0,0,0,0,0,0,0,0,0,0,0,0,0,0,0,0,0,0,0,0
G36008100304,1960,New York,36,Queens,081,5600,51000,,0304,,1450,TRACT 304   NEW YORK CITY QUEENS,001,3,15,0,0,0,0,1,1,0,24,12,16,28,40,68,60,88,68,44,72,8,0,43,0,0,14,9,14,0,0,0,0,0,0,0
G36008100309,1960,New York,36,Queens,081,5600,51000,,0309,,1450,TRACT 309   NEW YORK CITY QUEENS,001,3,15,0,0,0,0,1,1,0,26,34,76,51,171,285,327,248,294,173,511,160,31,139,63,74,84,38,21,21,22,12,0,0,0,0
G36008100317,1960,New York,36,Queens,081,5600,51000,,0317,,1450,TRACT 317   NEW YORK CITY QUEENS,001,3,15,0,0,0,0,1,1,0,28,30,41,82,148,196,191,220,201,161,347,111,16,39,12,22,36,41,35,11,9,0,0,0,0,0
G36008100320,1960,New York,36,Queens,081,5600,51000,,0320,,1450,TRACT 320   NEW YORK CITY QUEENS,001,3,15,0,0,0,0,1,1,0,31,14,29,33,67,147,112,88,76,41,154,17,0,35,21,8,8,8,0,4,4,0,0,4,0,0
G36008100327,1960,New York,36,Queens,081,5600,51000,,0327,,1450,TRACT 327   NEW YORK CITY QUEENS,001,3,15,0,0,0,0,1,1,0,20,29,20,42,27,91,81,64,51,70,161,24,4,28,36,25,37,45,32,20,5,7,0,11,0,0
G36008100328,1960,New York,36,Queens,081,5600,51000,,0328,,1450,TRACT 328   NEW YORK CITY QUEENS,001,3,15,0,0,0,0,1,1,0,0,3,23,14,20,47,35,31,41,20,49,9,14,11,9,3,0,6,5,0,0,0,0,0,0,0
G36008100329,1960,New York,36,Queens,081,5600,51000,,0329,,1450,TRACT 329   NEW YORK CITY QUEENS,001,3,15,0,0,0,0,1,1,0,12,16,17,35,68,111,86,95,63,60,150,52,4,49,4,19,17,24,16,4,4,0,0,0,0,0
G36008100330,1960,New York,36,Queens,081,5600,51000,,0330,,1450,TRACT 330   NEW YORK CITY QUEENS,001,3,15,0,0,0,0,0,1,0,23,33,64,46,103,169,159,107,133,65,210,39,4,56,25,19,15,9,15,0,11,8,0,0,0,0
G36008100331,1960,New York,36,Queens,081,5600,51000,,0331,,1450,TRACT 331   NEW YORK CITY QUEENS,001,3,15,1,1,1,1,1,1,0,0,0,0,0,0,0,0,0,0,0,0,0,0,0,0,0,0,0,0,0,0,0,0,0,0,0
G36008100334,1960,New York,36,Queens,081,5600,51000,,0334,,1450,TRACT 334   NEW YORK CITY QUEENS,001,3,15,0,0,0,0,0,1,0,12,8,20,60,64,146,66,67,52,44,129,28,4,42,13,18,12,20,28,0,0,0,0,4,0,0
G36008100337,1960,New York,36,Queens,081,5600,51000,,0337,,1450,TRACT 337   NEW YORK CITY QUEENS,001,3,15,0,0,0,0,1,1,0,34,27,8,35,51,94,110,58,53,63,125,43,0,43,24,16,20,4,4,4,4,0,0,4,0,0
G36008100339,1960,New York,36,Queens,081,5600,51000,,0339,,1450,TRACT 339   NEW YORK CITY QUEENS,001,3,15,0,0,0,0,1,1,0,5,13,36,19,45,139,127,105,135,36,186,64,5,37,21,12,23,13,23,18,12,0,5,0,0,0
G36008100347,1960,New York,36,Queens,081,5600,51000,,0347,,1450,TRACT 347   NEW YORK CITY QUEENS,001,3,15,0,0,0,0,1,1,0,10,16,28,33,49,83,119,58,58,47,142,29,4,47,14,16,25,17,21,8,0,0,0,0,0,0
G36008100351,1960,New York,36,Queens,081,5600,51000,,0351,,1450,TRACT 351   NEW YORK CITY QUEENS,001,3,15,0,0,0,0,1,1,0,25,39,44,68,103,171,178,151,142,102,238,27,12,17,18,20,20,16,12,8,0,12,0,0,0,0
G36008100352,1960,New York,36,Queens,081,5600,51000,,0352,,1450,TRACT 352   NEW YORK CITY QUEENS,001,3,15,0,0,0,0,0,1,0,20,4,15,28,53,89,100,58,59,34,84,9,0,26,23,24,26,0,18,0,0,0,0,0,0,0
G36008100353,1960,New York,36,Queens,081,5600,51000,,0353,,1450,TRACT 353   NEW YORK CITY QUEENS,001,3,15,0,0,0,0,0,1,0,26,12,12,82,53,85,72,47,45,23,51,16,0,31,29,15,30,19,13,16,0,0,0,0,0,0
G36008100355,1960,New York,36,Queens,081,5600,51000,,0355,,1450,TRACT 355   NEW YORK CITY QUEENS,001,3,15,0,0,0,0,0,1,0,36,11,28,33,68,90,73,67,52,58,61,16,0,27,25,25,12,12,8,0,0,0,0,0,0,0
G36008100358,1960,New York,36,Queens,081,5600,51000,,0358,,1450,TRACT 358   NEW YORK CITY QUEENS,001,3,15,0,0,0,0,1,1,0,12,27,16,23,75,112,110,98,80,68,136,63,8,64,20,16,9,12,17,0,4,0,0,0,0,0
G36008100361,1960,New York,36,Queens,081,5600,51000,,0361,,1450,TRACT 361   NEW YORK CITY QUEENS,001,3,15,0,0,0,0,0,1,0,37,8,35,44,74,45,50,73,29,40,31,29,0,64,17,37,43,9,4,0,0,0,0,0,0,0
G36008100363,1960,New York,36,Queens,081,5600,51000,,0363,,1450,TRACT 363   NEW YORK CITY QUEENS,001,3,15,0,0,0,0,0,1,0,23,12,31,56,77,34,45,27,47,31,42,17,0,42,45,21,19,9,14,0,0,0,0,0,0,0
G36008100365,1960,New York,36,Queens,081,5600,51000,,0365,,1450,TRACT 365   NEW YORK CITY QUEENS,001,3,15,0,0,0,0,0,1,0,31,39,60,100,96,98,67,49,15,12,42,4,0,132,30,60,31,15,13,0,0,0,5,0,0,0
G36008100366,1960,New York,36,Queens,081,5600,51000,,0366,,1450,TRACT 366   NEW YORK CITY QUEENS,001,3,15,0,0,0,0,0,1,0,4,7,39,51,62,97,79,85,72,71,136,21,0,85,29,42,37,16,36,3,0,0,0,0,4,0
G36008100367,1960,New York,36,Queens,081,5600,51000,,0367,,1450,TRACT 367   NEW YORK CITY QUEENS,001,3,15,0,0,0,0,0,1,0,0,21,36,61,71,106,75,49,52,35,60,8,0,74,32,35,37,40,4,3,0,0,0,4,0,0
G36008100368,1960,New York,36,Queens,081,5600,51000,,0368,,1450,TRACT 368   NEW YORK CITY QUEENS,001,3,15,0,0,0,0,0,1,0,9,0,16,36,57,80,61,48,57,51,117,22,0,8,10,3,29,20,18,10,0,0,0,0,0,0
G36008100369,1960,New York,36,Queens,081,5600,51000,,0369,,1450,TRACT 369   NEW YORK CITY QUEENS,001,3,15,0,0,0,0,0,1,0,0,4,5,9,27,37,22,16,21,5,33,5,0,18,10,11,5,0,0,0,0,0,0,0,0,0
G36008100371,1960,New York,36,Queens,081,5600,51000,,0371,,1450,TRACT 371   NEW YORK CITY QUEENS,001,3,15,0,0,0,0,0,1,0,30,9,27,35,32,30,20,27,20,16,49,15,0,38,14,18,21,18,4,4,0,0,0,3,0,0
G36008100373,1960,New York,36,Queens,081,5600,51000,,0373,,1450,TRACT 373   NEW YORK CITY QUEENS,001,3,15,0,0,0,0,0,1,0,4,18,41,59,49,43,28,33,37,13,49,18,0,33,38,21,30,28,12,0,0,4,0,4,0,0
G36008100375,1960,New York,36,Queens,081,5600,51000,,0375,,1450,TRACT 375   NEW YORK CITY QUEENS,001,3,15,0,0,0,0,0,1,0,15,28,54,50,56,91,81,63,46,41,84,41,0,45,20,33,16,15,12,9,4,0,0,0,0,0
G36008100376,1960,New York,36,Queens,081,5600,51000,,0376,,1450,TRACT 376   NEW YORK CITY QUEENS,001,3,15,0,0,0,0,0,1,0,40,36,76,148,134,210,212,160,183,117,146,32,0,83,37,26,70,44,22,3,4,8,4,0,0,0
G36008100377,1960,New York,36,Queens,081,5600,51000,,0377,,1450,TRACT 377   NEW YORK CITY QUEENS,001,3,15,0,0,0,0,0,1,0,35,16,45,69,86,83,53,51,32,17,94,4,0,69,27,78,62,38,13,0,10,0,3,0,0,0
G36008100379,1960,New York,36,Queens,081,5600,51000,,0379,,1450,TRACT 379   NEW YORK CITY QUEENS,001,3,15,0,0,0,0,0,1,0,32,53,65,77,108,97,101,80,20,43,69,29,0,135,80,80,112,63,19,0,3,12,7,0,0,0
G36008100381,1960,New York,36,Queens,081,5600,51000,,0381,,1450,TRACT 381   NEW YORK CITY QUEENS,001,3,15,0,0,0,0,0,1,0,48,33,55,107,148,102,120,41,62,31,81,33,4,84,47,23,24,17,20,22,5,0,3,17,0,0
G36008100383,1960,New York,36,Queens,081,5600,51000,,0383,,1450,TRACT 383   NEW YORK CITY QUEENS,001,3,15,0,0,1,1,1,1,0,0,0,0,0,0,0,0,0,0,0,0,0,0,0,0,0,0,0,0,0,0,0,0,5,0,0
G36008100384,1960,New York,36,Queens,081,5600,51000,,0384,,1450,TRACT 384   NEW YORK CITY QUEENS,001,3,15,0,0,0,0,0,1,0,34,9,42,25,45,98,66,40,26,64,68,15,0,36,19,0,9,25,11,4,0,0,0,0,0,0
G36008100394,1960,New York,36,Queens,081,5600,51000,,0394,,1450,TRACT 394   NEW YORK CITY QUEENS,001,3,15,0,0,0,0,0,1,0,31,13,25,47,88,111,75,93,55,47,95,12,9,57,13,34,23,0,0,4,8,0,0,0,0,0
G36008100398,1960,New York,36,Queens,081,5600,51000,,0398,,1450,TRACT 398   NEW YORK CITY QUEENS,001,3,15,0,0,0,0,0,1,0,24,8,14,10,56,16,42,36,60,17,66,8,12,21,11,29,22,12,7,0,4,4,0,0,0,0
G36008100399,1960,New York,36,Queens,081,5600,51000,,0399,,1450,TRACT 399   NEW YORK CITY QUEENS,001,3,15,0,0,0,0,1,1,0,4,8,25,41,46,68,53,26,34,31,39,4,0,17,11,0,8,12,3,4,0,0,0,0,0,0
G36008100400,1960,New York,36,Queens,081,5600,51000,,0400,,1450,TRACT 400   NEW YORK CITY QUEENS,001,3,15,0,0,0,0,0,1,0,8,5,11,40,15,40,29,37,40,10,63,26,0,56,18,4,19,9,4,12,0,0,3,0,0,0
G36008100401,1960,New York,36,Queens,081,5600,51000,,0401,,1450,TRACT 401   NEW YORK CITY QUEENS,001,3,15,0,0,0,0,1,1,0,11,33,26,73,106,136,144,120,109,69,109,18,0,40,35,6,24,12,3,0,4,0,0,0,0,0
G36008100402,1960,New York,36,Queens,081,5600,51000,,0402,,1450,TRACT 402   NEW YORK CITY QUEENS,001,3,15,0,0,0,0,0,1,0,13,9,19,14,28,19,42,60,51,59,64,9,0,18,14,0,5,4,18,4,5,0,0,0,0,0
G36008100403,1960,New York,36,Queens,081,5600,51000,,0403,,1450,TRACT 403   NEW YORK CITY QUEENS,001,3,15,0,0,0,0,1,1,0,34,24,38,38,80,140,111,70,84,32,103,15,0,38,27,19,16,10,18,4,0,0,0,0,0,0
G36008100404,1960,New York,36,Queens,081,5600,51000,,0404,,1450,TRACT 404   NEW YORK CITY QUEENS,001,3,15,0,0,0,0,0,1,0,7,17,56,79,134,143,135,126,107,59,150,28,0,29,16,22,16,7,20,10,0,4,0,0,0,0
G36008100405,1960,New York,36,Queens,081,5600,51000,,0405,,1450,TRACT 405   NEW YORK CITY QUEENS,001,3,15,0,0,0,0,1,1,0,7,34,39,51,68,99,55,45,22,15,42,7,3,18,34,17,0,15,0,4,0,0,0,0,0,0
G36008100407,1960,New York,36,Queens,081,5600,51000,,0407,,1450,TRACT 407   NEW YORK CITY QUEENS,001,3,15,0,0,0,0,0,1,0,32,26,75,101,153,177,159,116,88,70,132,15,0,54,81,44,56,31,3,9,4,0,5,0,0,0
G36008100409,1960,New York,36,Queens,081,5600,51000,,0409,,1450,TRACT 409   NEW YORK CITY QUEENS,001,3,15,0,0,0,0,0,1,0,16,21,53,58,69,153,91,83,48,43,64,16,0,37,29,15,29,26,13,0,0,0,0,0,0,0
G36008100410,1960,New York,36,Queens,081,5600,51000,,0410,,1450,TRACT 410   NEW YORK CITY QUEENS,001,3,15,0,0,0,0,0,1,0,3,9,19,31,40,43,28,19,17,10,16,14,0,4,0,28,27,0,18,0,0,0,0,0,0,0
G36008100411,1960,New York,36,Queens,081,5600,51000,,0411,,1450,TRACT 411   NEW YORK CITY QUEENS,001,3,15,0,0,0,0,1,1,0,4,4,19,16,83,82,95,57,41,42,74,20,4,35,13,18,19,15,4,0,4,0,0,0,0,0
G36008100413,1960,New York,36,Queens,081,5600,51000,,0413,,1450,TRACT 413   NEW YORK CITY QUEENS,001,3,15,0,0,0,0,1,1,0,8,12,44,51,65,104,82,70,65,40,89,11,0,19,23,9,0,8,4,4,0,0,0,0,4,0
G36008100414,1960,New York,36,Queens,081,5600,51000,,0414,,1450,TRACT 414   NEW YORK CITY QUEENS,001,3,15,0,0,0,0,0,1,0,18,34,21,101,92,131,83,29,21,33,80,23,0,91,72,116,56,28,4,9,4,0,0,5,0,0
G36008100415,1960,New York,36,Queens,081,5600,51000,,0415,,1450,TRACT 415   NEW YORK CITY QUEENS,001,3,15,0,0,0,0,1,1,0,19,15,20,67,64,57,83,41,65,25,63,8,0,35,4,7,14,0,8,0,0,0,0,0,0,0
G36008100420,1960,New York,36,Queens,081,5600,51000,,0420,,1450,TRACT 420   NEW YORK CITY QUEENS,001,3,15,0,0,0,0,0,1,0,0,4,0,8,16,41,16,12,50,11,26,30,0,16,10,10,4,4,0,0,0,0,0,0,0,0
G36008100422,1960,New York,36,Queens,081,5600,51000,,0422,,1450,TRACT 422   NEW YORK CITY QUEENS,001,3,15,0,0,0,0,0,1,0,9,0,21,11,23,25,8,0,4,29,79,8,8,9,0,0,9,4,10,11,0,0,0,4,0,0
G36008100424,1960,New York,36,Queens,081,5600,51000,,0424,,1450,TRACT 424   NEW YORK CITY QUEENS,001,3,15,0,0,0,0,0,1,0,8,11,4,14,8,8,15,9,18,8,37,15,5,29,10,4,5,0,5,4,0,0,0,0,0,0
G36008100426,1960,New York,36,Queens,081,5600,51000,,0426,,1450,TRACT 426   NEW YORK CITY QUEENS,001,3,15,0,0,1,0,1,1,0,0,0,0,0,0,0,0,7,7,0,4,0,0,68,363,108,124,47,28,16,16,9,0,8,0,0
G36008100427,1960,New York,36,Queens,081,5600,51000,,0427,,1450,TRACT 427   NEW YORK CITY QUEENS,001,3,15,0,0,0,0,1,1,0,12,16,32,76,64,99,54,51,45,42,39,11,12,29,4,4,17,12,8,0,0,0,0,0,0,0
G36008100432,1960,New York,36,Queens,081,5600,51000,,0432,,1450,TRACT 432   NEW YORK CITY QUEENS,001,3,15,0,0,0,0,0,1,0,13,4,4,26,22,30,25,33,29,21,67,19,0,15,18,8,40,17,5,5,5,0,0,0,0,0
G36008100434,1960,New York,36,Queens,081,5600,51000,,0434,,1450,TRACT 434   NEW YORK CITY QUEENS,001,3,15,0,0,0,0,0,1,0,4,22,31,30,36,34,26,36,19,39,46,11,0,37,18,41,16,13,5,0,0,10,0,5,0,0
G36008100437,1960,New York,36,Queens,081,5600,51000,,0437,,1450,TRACT 437   NEW YORK CITY QUEENS,001,3,15,0,0,0,0,1,1,0,8,22,21,46,62,112,59,37,36,17,43,8,0,32,8,13,4,0,0,0,0,0,0,0,0,0
G36008100439,1960,New York,36,Queens,081,5600,51000,,0439,,1450,TRACT 439   NEW YORK CITY QUEENS,001,3,15,0,0,0,0,1,1,0,17,50,45,74,66,126,94,51,26,29,53,7,0,26,25,12,9,8,0,0,0,0,0,0,0,0
G36008100440,1960,New York,36,Queens,081,5600,51000,,0440,,1450,TRACT 440   NEW YORK CITY QUEENS,001,3,15,0,0,0,0,0,1,0,41,56,94,137,122,112,106,96,52,23,100,4,0,215,72,86,74,23,29,0,0,0,0,0,0,0
G36008100442,1960,New York,36,Queens,081,5600,51000,,0442,,1450,TRACT 442   NEW YORK CITY QUEENS,001,3,15,0,0,0,0,1,1,0,7,17,31,28,56,36,58,36,28,28,43,0,4,36,23,4,22,12,5,0,0,0,0,0,0,0
G36008100443,1960,New York,36,Queens,081,5600,51000,,0443,,1450,TRACT 443   NEW YORK CITY QUEENS,001,3,15,0,0,0,0,1,1,0,12,8,8,38,19,57,31,20,36,3,29,7,0,7,3,8,3,0,0,0,0,0,0,0,0,0
G360081004460,1960,New York,36,Queens,081,5600,51000,,0446,0,1450,TRACT 446-0 NEW YORK CITY QUEENS,001,3,15,0,0,0,0,1,1,0,8,9,12,37,33,24,17,22,4,12,19,3,0,116,59,75,94,61,77,20,37,11,0,4,0,0
G360081004461,1960,New York,36,Queens,081,5600,51000,,0446,1,1450,TRACT 446-1 NEW YORK CITY QUEENS,001,3,15,0,0,0,0,1,1,0,9,12,36,42,48,85,53,52,61,41,92,17,13,98,76,36,93,90,67,40,16,4,0,13,4,0
G36008100448,1960,New York,36,Queens,081,5600,51000,,0448,,1450,TRACT 448   NEW YORK CITY QUEENS,001,3,15,0,0,0,0,1,1,0,16,8,14,38,21,56,50,26,45,22,69,26,0,33,35,23,39,10,12,17,8,0,0,9,0,0
G36008100450,1960,New York,36,Queens,081,5600,51000,,0450,,1450,TRACT 450   NEW YORK CITY QUEENS,001,3,15,0,0,0,0,1,1,0,3,24,4,21,33,26,43,55,33,44,89,36,4,45,23,10,12,18,0,0,0,0,0,0,0,0
G36008100452,1960,New York,36,Queens,081,5600,51000,,0452,,1450,TRACT 452   NEW YORK CITY QUEENS,001,3,15,0,0,0,0,1,1,0,0,0,0,0,0,7,4,13,0,8,15,4,8,8,0,5,4,5,7,0,0,0,0,3,0,0
G36008100453,1960,New York,36,Queens,081,5600,51000,,0453,,1450,TRACT 453   NEW YORK CITY QUEENS,001,3,15,0,0,0,0,1,1,0,13,5,8,16,23,58,64,47,43,41,46,34,0,7,8,0,12,3,5,0,0,0,0,0,0,0
G36008100454,1960,New York,36,Queens,081,5600,51000,,0454,,1450,TRACT 454   NEW YORK CITY QUEENS,001,3,15,0,0,0,0,1,1,0,16,19,11,56,41,59,74,71,42,53,222,107,25,47,20,13,22,27,28,24,10,4,4,20,8,4
G36008100455,1960,New York,36,Queens,081,5600,51000,,0455,,1450,TRACT 455   NEW YORK CITY QUEENS,001,3,15,1,1,1,1,1,1,0,0,0,0,0,0,0,0,0,0,0,0,0,0,0,0,0,0,0,0,0,0,0,0,0,0,0
G36008100456,1960,New York,36,Queens,081,5600,51000,,0456,,1450,TRACT 456   NEW YORK CITY QUEENS,001,3,15,0,0,0,0,1,1,0,8,4,3,0,8,15,18,31,16,8,52,33,23,16,9,8,4,0,0,4,0,0,0,0,0,0
G36008100457,1960,New York,36,Queens,081,5600,51000,,0457,,1450,TRACT 457   NEW YORK CITY QUEENS,001,3,15,0,0,0,0,1,1,0,15,18,9,8,44,47,84,44,58,32,52,18,0,29,22,10,31,24,21,14,5,4,3,0,0,0
G36008100458,1960,New York,36,Queens,081,5600,51000,,0458,,1450,TRACT 458   NEW YORK CITY QUEENS,001,3,15,0,0,0,0,1,1,0,4,8,4,27,16,35,38,24,44,29,97,94,44,27,20,8,14,0,19,8,0,0,0,4,0,0
G36008100459,1960,New York,36,Queens,081,5600,51000,,0459,,1450,TRACT 459   NEW YORK CITY QUEENS,001,3,15,0,0,0,0,1,1,0,15,19,17,30,37,71,67,51,43,51,83,35,0,32,4,14,30,18,0,12,0,6,5,0,0,0
G36008100460,1960,New York,36,Queens,081,5600,51000,,0460,,1450,TRACT 460   NEW YORK CITY QUEENS,001,3,15,0,0,0,0,1,1,0,62,51,50,49,77,90,91,57,67,46,119,24,0,102,79,71,81,62,63,29,8,0,0,4,0,0
G36008100461,1960,New York,36,Queens,081,5600,51000,,0461,,1450,TRACT 461   NEW YORK CITY QUEENS,001,3,15,0,0,0,0,1,1,0,9,8,7,29,35,58,38,29,29,37,78,12,4,4,8,4,22,5,0,4,0,0,0,0,0,0
G36008100462,1960,New York,36,Queens,081,5600,51000,,0462,,1450,TRACT 462   NEW YORK CITY QUEENS,001,3,15,0,0,0,0,1,1,0,13,12,47,81,61,78,93,60,42,72,151,35,5,50,84,30,47,37,28,15,7,3,0,15,0,0
G36008100463,1960,New York,36,Queens,081,5600,51000,,0463,,1450,TRACT 463   NEW YORK CITY QUEENS,001,3,15,0,0,0,0,1,1,0,14,12,22,27,61,75,91,39,83,11,98,17,0,46,38,31,35,23,11,0,4,0,0,0,0,4
G36008100464,1960,New York,36,Queens,081,5600,51000,,0464,,1450,TRACT 464   NEW YORK CITY QUEENS,001,3,15,0,0,0,0,1,1,0,8,4,8,0,0,24,11,29,16,7,67,39,51,10,18,17,18,9,17,0,0,0,0,4,0,4
G36008100465,1960,New York,36,Queens,081,5600,51000,,0465,,1450,TRACT 465   NEW YORK CITY QUEENS,001,3,15,0,0,0,0,1,1,0,16,26,23,43,69,73,113,97,79,59,62,20,5,31,28,24,48,15,15,11,0,0,0,0,0,0
G36008100466,1960,New York,36,Queens,081,5600,51000,,0466,,1450,TRACT 466   NEW YORK CITY QUEENS,001,3,15,0,0,0,0,1,1,0,25,4,4,15,32,56,20,32,48,48,182,81,29,146,29,20,24,36,53,33,8,44,12,21,4,0
G36008100467,1960,New York,36,Queens,081,5600,51000,,0467,,1450,TRACT 467   NEW YORK CITY QUEENS,001,3,15,0,0,0,0,1,1,0,4,33,21,35,58,61,68,82,63,54,172,65,0,53,52,41,39,23,41,8,4,0,0,8,4,0
G36008100468,1960,New York,36,Queens,081,5600,51000,,0468,,1450,TRACT 468   NEW YORK CITY QUEENS,001,3,15,0,0,0,0,1,1,0,38,21,23,55,67,115,100,131,88,52,96,34,4,62,44,33,25,13,12,0,9,4,0,0,0,0
G36008100469,1960,New York,36,Queens,081,5600,51000,,0469,,1450,TRACT 469   NEW YORK CITY QUEENS,001,3,15,0,0,0,0,1,1,0,7,26,38,73,113,146,183,189,159,164,299,102,4,58,61,106,93,113,56,53,24,32,7,20,8,0
G36008100470,1960,New York,36,Queens,081,5600,51000,,0470,,1450,TRACT 470   NEW YORK CITY QUEENS,001,3,15,0,0,0,0,1,1,0,0,11,20,31,79,81,99,69,65,61,130,35,0,44,16,23,21,8,8,0,0,0,0,0,0,0
G36008100471,1960,New York,36,Queens,081,5600,51000,,0471,,1450,TRACT 471   NEW YORK CITY QUEENS,001,3,15,0,0,0,0,1,1,0,9,9,4,11,81,61,72,76,51,72,157,41,8,35,13,8,27,21,51,18,17,0,0,0,0,0
G36008100472,1960,New York,36,Queens,081,5600,51000,,0472,,1450,TRACT 472   NEW YORK CITY QUEENS,001,3,15,0,0,0,0,1,1,0,13,16,8,16,12,26,20,34,44,41,169,119,61,12,32,0,6,4,14,0,0,9,12,4,0,0
G36008100473,1960,New York,36,Queens,081,5600,51000,,0473,,1450,TRACT 473   NEW YORK CITY QUEENS,001,3,15,0,0,0,0,1,1,0,0,11,0,40,30,55,55,36,30,21,85,20,0,34,14,28,19,15,19,8,11,8,0,2,0,0
G36008100475,1960,New York,36,Queens,081,5600,51000,,0475,,1450,TRACT 475   NEW YORK CITY QUEENS,001,3,15,0,0,0,0,1,1,0,22,18,19,47,44,60,104,87,59,56,114,43,7,47,17,11,17,8,11,8,0,0,0,0,0,0
G36008100476,1960,New York,36,Queens,081,5600,51000,,0476,,1450,TRACT 476   NEW YORK CITY QUEENS,001,3,15,0,0,0,0,1,1,0,4,12,4,0,20,28,7,22,20,32,68,81,56,33,4,5,0,15,0,0,0,0,0,0,0,0
G36008100478,1960,New York,36,Queens,081,5600,51000,,0478,,1450,TRACT 478   NEW YORK CITY QUEENS,001,3,15,0,0,0,0,1,1,0,37,29,51,56,67,207,228,186,203,117,303,196,60,53,12,36,45,27,8,19,11,7,4,12,4,0
G36008100479,1960,New York,36,Queens,081,5600,51000,,0479,,1450,TRACT 479   NEW YORK CITY QUEENS,001,3,15,0,0,0,0,1,1,0,14,20,42,42,107,154,123,87,107,64,226,41,0,44,16,23,33,17,6,14,8,0,0,0,0,0
G36008100480,1960,New York,36,Queens,081,5600,51000,,0480,,1450,TRACT 480   NEW YORK CITY QUEENS,001,3,15,0,0,0,0,1,1,0,18,12,15,29,42,29,69,39,58,49,109,36,8,45,28,9,15,12,4,5,0,0,0,0,0,0
G36008100481,1960,New York,36,Queens,081,5600,51000,,0481,,1450,TRACT 481   NEW YORK CITY QUEENS,001,3,15,0,0,0,0,1,1,0,37,28,24,81,105,154,113,60,113,71,211,71,0,53,94,49,58,91,31,20,7,20,0,20,0,0
G36008100482,1960,New York,36,Queens,081,5600,51000,,0482,,1450,TRACT 482   NEW YORK CITY QUEENS,001,3,15,0,0,0,0,1,1,0,21,4,0,5,27,33,7,27,13,26,81,38,23,31,18,13,10,4,4,4,0,0,0,4,0,0
G36008100483,1960,New York,36,Queens,081,5600,51000,,0483,,1450,TRACT 483   NEW YORK CITY QUEENS,001,3,15,0,0,0,0,1,1,0,17,20,0,55,59,80,85,38,38,53,77,34,0,30,24,23,17,10,21,8,11,9,7,5,0,0
G36008100484,1960,New York,36,Queens,081,5600,51000,,0484,,1450,TRACT 484   NEW YORK CITY QUEENS,001,3,15,0,0,0,0,1,1,0,7,38,31,73,70,197,162,135,97,73,170,40,0,50,22,34,42,39,0,17,0,4,0,0,0,0
G36008100485,1960,New York,36,Queens,081,5600,51000,,0485,,1450,TRACT 485   NEW YORK CITY QUEENS,001,3,15,0,0,0,0,1,1,0,12,25,35,30,44,76,95,61,92,44,190,37,4,60,34,33,42,36,12,14,4,4,5,4,0,0
G36008100489,1960,New York,36,Queens,081,5600,51000,,0489,,1450,TRACT 489   NEW YORK CITY QUEENS,001,3,15,0,0,0,0,1,1,0,0,4,16,24,17,30,29,29,8,22,58,28,0,19,4,7,9,0,0,0,0,0,0,0,0,0
G36008100492,1960,New York,36,Queens,081,5600,51000,,0492,,1450,TRACT 492   NEW YORK CITY QUEENS,001,3,15,0,0,0,0,1,1,0,20,29,40,87,139,231,174,172,164,142,279,32,16,36,47,26,31,23,47,21,9,0,6,0,0,0
G360081004930,1960,New York,36,Queens,081,5600,51000,,0493,0,1450,TRACT 493-0 NEW YORK CITY QUEENS,001,3,15,0,0,0,0,1,1,0,0,20,34,32,27,67,50,41,76,41,93,8,4,31,4,7,12,5,4,8,0,0,0,0,0,0
G360081004931,1960,New York,36,Queens,081,5600,51000,,0493,1,1450,TRACT 493-1 NEW YORK CITY QUEENS,001,3,15,0,0,0,0,1,1,0,30,35,29,29,41,170,114,86,40,42,104,22,4,30,24,19,7,18,4,3,9,0,0,0,0,0
G36008100495,1960,New York,36,Queens,081,5600,51000,,0495,,1450,TRACT 495   NEW YORK CITY QUEENS,001,3,15,0,0,0,0,1,1,0,8,3,12,11,56,41,59,39,14,8,49,24,0,28,0,0,4,7,4,0,0,0,0,0,0,0
G36008100496,1960,New York,36,Queens,081,5600,51000,,0496,,1450,TRACT 496 NEW YORK CITY QUEENS,001,3,15,0,0,0,0,1,1,0,9,22,34,32,81,112,104,61,70,65,131,39,4,27,24,9,34,4,0,0,0,0,0,0,0,0
G36008100497,1960,New York,36,Queens,081,5600,51000,,0497,,1450,TRACT 497 NEW YORK CITY QUEENS,001,3,15,0,0,0,0,1,1,0,20,20,17,28,36,127,110,110,66,28,97,12,0,28,24,11,20,4,12,0,0,0,0,0,0,0
G36008100499,1960,New York,36,Queens,081,5600,51000,,0499,,1450,TRACT 499 NEW YORK CITY QUEENS,001,3,15,0,0,0,0,1,1,0,16,40,31,50,88,131,154,119,83,94,168,40,0,60,23,2,14,42,14,9,0,5,0,9,0,0
G36008100500,1960,New York,36,Queens,081,5600,51000,,0500,,1450,TRACT 500 NEW YORK CITY QUEENS,001,3,15,0,0,0,0,1,1,0,4,25,34,39,94,144,104,95,82,70,149,22,14,72,69,24,52,54,26,21,5,4,4,0,0,0
G360081005020,1960,New York,36,Queens,081,5600,51000,,0502,0,1450,TRACT 502-0 NEW YORK CITY QUEENS,001,3,15,0,0,0,0,0,1,0,9,4,4,21,24,28,37,31,25,30,65,16,0,20,17,10,0,8,5,4,0,0,0,0,0,0
G360081005021,1960,New York,36,Queens,081,5600,51000,,0502,1,1450,TRACT 502-1 NEW YORK CITY QUEENS,001,3,15,0,0,0,0,1,1,0,4,15,8,5,32,35,52,29,34,33,67,0,0,23,20,4,4,0,0,0,8,0,0,0,0,0
G36008100504,1960,New York,36,Queens,081,5600,51000,,0504,,1450,TRACT 504 NEW YORK CITY QUEENS,001,3,15,0,0,0,0,0,1,0,0,12,11,37,24,42,64,38,54,55,83,8,0,23,14,16,43,9,12,0,0,4,3,0,0,0
G36008100505,1960,New York,36,Queens,081,5600,51000,,0505,,1450,TRACT 505 NEW YORK CITY QUEENS,001,3,15,0,0,0,0,1,1,0,0,0,3,14,28,24,42,25,36,28,55,5,4,17,0,8,8,5,0,0,0,0,0,0,0,0
G36008100506,1960,New York,36,Queens,081,5600,51000,,0506,,1450,TRACT 506 NEW YORK CITY QUEENS,001,3,15,0,0,0,0,0,1,0,0,8,0,20,31,32,44,49,40,20,68,57,8,8,3,4,3,7,0,5,0,4,0,0,0,0
G36008100507,1960,New York,36,Queens,081,5600,51000,,0507,,1450,TRACT 507 NEW YORK CITY QUEENS,001,3,15,0,0,0,0,1,1,0,5,17,22,29,104,77,77,100,53,69,132,60,5,21,9,11,8,8,12,8,0,0,0,0,0,0
G36008100508,1960,New York,36,Queens,081,5600,51000,,0508,,1450,TRACT 508 NEW YORK CITY QUEENS,001,3,15,0,0,0,0,1,1,0,0,9,20,19,36,57,62,40,60,50,119,44,0,26,16,8,33,22,29,7,8,3,0,0,0,0
G36008100510,1960,New York,36,Queens,081,5600,51000,,0510,,1450,TRACT 510 NEW YORK CITY QUEENS,001,3,15,0,0,0,0,1,1,0,14,12,13,14,31,73,76,36,31,17,80,17,0,23,5,3,5,0,0,0,0,0,0,0,0,0
G36008100511,1960,New York,36,Queens,081,5600,51000,,0511,,1450,TRACT 511 NEW YORK CITY QUEENS,001,3,15,0,0,0,0,1,1,0,9,11,17,47,58,73,91,70,78,56,151,23,0,6,4,21,22,3,5,3,4,0,0,0,0,0
G36008100512,1960,New York,36,Queens,081,5600,51000,,0512,,1450,TRACT 512 NEW YORK CITY QUEENS,001,3,15,0,0,0,0,1,1,0,8,14,20,26,80,59,68,79,67,52,115,49,20,8,12,13,13,8,4,4,6,0,0,0,0,0
G36008100513,1960,New York,36,Queens,081,5600,51000,,0513,,1450,TRACT 513 NEW YORK CITY QUEENS,001,3,15,0,0,0,0,1,1,0,8,12,8,46,69,66,92,54,45,59,109,9,4,33,4,0,3,9,8,14,0,0,0,0,0,0
G36008100515,1960,New York,36,Queens,081,5600,51000,,0515,,1450,TRACT 515 NEW YORK CITY QUEENS,001,3,15,0,0,0,0,1,1,0,16,21,12,43,102,147,143,154,90,66,157,50,12,29,25,13,13,18,11,16,0,0,0,4,0,0
G36008100516,1960,New York,36,Queens,081,5600,51000,,0516,,1450,TRACT 516 NEW YORK CITY QUEENS,001,3,15,0,0,0,0,1,1,0,12,4,16,11,31,90,80,73,45,53,72,8,0,27,11,4,5,5,4,3,0,0,0,6,0,0
G36008100517,1960,New York,36,Queens,081,5600,51000,,0517,,1450,TRACT 517 NEW YORK CITY QUEENS,001,3,15,0,0,0,0,1,1,0,20,17,19,33,75,93,74,68,45,28,99,17,0,47,37,21,8,15,7,0,12,0,0,5,0,0
G36008100518,1960,New York,36,Queens,081,5600,51000,,0518,,1450,TRACT 518 NEW YORK CITY QUEENS,001,3,15,0,0,0,0,0,1,0,0,8,16,22,33,89,53,64,55,44,88,20,0,32,14,7,16,4,0,4,0,0,0,4,0,0
G36008100519,1960,New York,36,Queens,081,5600,51000,,0519,,1450,TRACT 519 NEW YORK CITY QUEENS,001,3,15,0,0,1,0,1,1,0,0,0,4,0,0,4,0,0,4,4,4,0,0,4,0,0,0,0,5,0,0,0,0,0,0,0
G36008100520,1960,New York,36,Queens,081,5600,51000,,0520,,1450,TRACT 520 NEW YORK CITY QUEENS,001,3,15,0,0,0,0,1,1,0,0,7,4,13,39,27,54,43,18,52,65,37,3,13,36,0,11,9,5,0,0,3,0,0,0,0
G36008100521,1960,New York,36,Queens,081,5600,51000,,0521,,1450,TRACT 521 NEW YORK CITY QUEENS,001,3,15,0,0,0,0,1,1,0,11,11,31,31,61,89,94,102,30,62,81,18,0,46,23,7,18,4,4,0,0,0,0,0,0,0
G36008100522,1960,New York,36,Queens,081,5600,51000,,0522,,1450,TRACT 522 NEW YORK CITY QUEENS,001,3,15,0,0,0,0,0,1,0,4,4,16,27,32,64,51,33,32,20,89,19,0,12,8,7,8,0,0,8,0,0,0,0,0,0
G36008100524,1960,New York,36,Queens,081,5600,51000,,0524,,1450,TRACT 524 NEW YORK CITY QUEENS,001,3,15,0,0,0,0,0,1,0,5,0,21,39,45,43,50,46,56,50,59,23,4,18,10,30,14,12,3,0,0,4,0,0,0,0
G36008100525,1960,New York,36,Queens,081,5600,51000,,0525,,1450,TRACT 525 NEW YORK CITY QUEENS,001,3,15,0,0,0,0,1,1,0,17,11,20,26,68,87,110,70,52,33,83,21,0,34,18,4,11,12,8,4,0,0,0,0,0,0
G36008100526,1960,New York,36,Queens,081,5600,51000,,0526,,1450,TRACT 526 NEW YORK CITY QUEENS,001,3,15,0,0,0,0,0,1,0,21,18,23,54,48,82,36,44,37,54,55,13,0,28,16,12,29,13,5,0,0,0,4,0,0,0
G36008100527,1960,New York,36,Queens,081,5600,51000,,0527,,1450,TRACT 527 NEW YORK CITY QUEENS,001,3,15,0,0,0,0,1,1,0,11,25,39,44,88,124,114,63,71,53,97,32,0,53,31,20,11,9,8,5,5,5,0,4,0,0
G36008100528,1960,New York,36,Queens,081,5600,51000,,0528,,1450,TRACT 528 NEW YORK CITY QUEENS,001,3,15,0,0,0,0,0,1,0,4,21,29,17,29,60,44,45,15,29,50,13,0,19,28,39,16,12,4,0,0,0,0,0,0,0
G36008100529,1960,New York,36,Queens,081,5600,51000,,0529,,1450,TRACT 529 NEW YORK CITY QUEENS,001,3,15,0,0,0,0,1,1,0,12,17,9,24,27,63,33,32,22,16,29,4,0,16,4,0,4,5,0,0,0,0,0,0,0,0
G36008100530,1960,New York,36,Queens,081,5600,51000,,0530,,1450,TRACT 530 NEW YORK CITY QUEENS,001,3,15,0,0,0,0,0,1,0,8,3,24,31,44,106,47,67,60,51,111,17,0,25,20,12,7,12,11,0,4,0,0,0,0,0
G36008100532,1960,New York,36,Queens,081,5600,51000,,0532,,1450,TRACT 532 NEW YORK CITY QUEENS,001,3,15,0,0,0,0,0,1,0,4,15,29,41,46,36,54,64,42,31,96,23,3,21,16,0,22,24,12,8,0,0,0,0,0,0
G36008100534,1960,New York,36,Queens,081,5600,51000,,0534,,1450,TRACT 534 NEW YORK CITY QUEENS,001,3,15,0,0,0,0,1,1,0,16,0,20,19,43,76,50,56,53,32,68,8,8,12,0,4,13,10,0,8,0,0,0,0,0,0
G36008100535,1960,New York,36,Queens,081,5600,51000,,0535,,1450,TRACT 535 NEW YORK CITY QUEENS,001,3,15,0,0,0,0,1,1,0,8,15,24,60,37,62,39,49,36,21,25,0,5,23,20,19,8,16,0,0,0,0,0,0,0,0
G36008100536,1960,New York,36,Queens,081,5600,51000,,0536,,1450,TRACT 536 NEW YORK CITY QUEENS,001,3,15,0,0,0,0,1,1,0,4,24,12,14,29,49,66,72,49,42,89,35,4,7,7,9,7,4,4,7,0,0,0,0,0,0
G36008100538,1960,New York,36,Queens,081,5600,51000,,0538,,1450,TRACT 538 NEW YORK CITY QUEENS,001,3,15,0,0,0,0,1,1,0,14,4,12,24,24,47,67,58,20,23,96,20,0,12,13,3,0,0,0,0,8,8,0,0,0,0
G36008100539,1960,New York,36,Queens,081,5600,51000,,0539,,1450,TRACT 539 NEW YORK CITY QUEENS,001,3,15,0,0,0,0,1,1,0,4,17,4,27,7,61,68,62,15,29,42,9,0,19,8,4,0,4,3,0,5,0,4,0,0,0
G36008100540,1960,New York,36,Queens,081,5600,51000,,0540,,1450,TRACT 540 NEW YORK CITY QUEENS,001,3,15,0,0,0,0,1,1,0,19,29,29,40,63,150,75,147,86,57,149,45,4,82,30,15,12,7,8,4,0,0,5,0,0,0
G36008100541,1960,New York,36,Queens,081,5600,51000,,0541,,1450,TRACT 541 NEW YORK CITY QUEENS,001,3,15,0,1,1,1,1,1,0,0,0,0,0,0,0,0,0,0,4,0,0,0,0,0,0,0,0,0,0,0,0,0,0,0,0
G36008100542,1960,New York,36,Queens,081,5600,51000,,0542,,1450,TRACT 542 NEW YORK CITY QUEENS,001,3,15,0,0,0,0,1,1,0,8,30,49,91,100,131,175,157,122,91,231,53,4,44,21,14,16,34,4,8,5,7,0,0,0,0
G36008100543,1960,New York,36,Queens,081,5600,51000,,0543,,1450,TRACT 543 NEW YORK CITY QUEENS,001,3,15,0,0,0,0,1,1,0,42,19,28,50,63,147,93,103,55,44,70,16,0,103,33,35,10,28,9,10,4,0,0,0,0,0
G36008100545,1960,New York,36,Queens,081,5600,51000,,0545,,1450,TRACT 545 NEW YORK CITY QUEENS,001,3,15,0,0,0,0,1,1,0,26,37,49,73,142,170,195,101,92,53,74,8,0,99,38,32,32,16,0,4,0,0,0,0,0,0
G36008100547,1960,New York,36,Queens,081,5600,51000,,0547,,1450,TRACT 547 NEW YORK CITY QUEENS,001,3,15,0,0,0,0,1,1,0,23,71,68,79,133,139,139,123,68,91,131,16,0,95,32,44,34,16,32,3,0,0,4,0,0,0
G36008100548,1960,New York,36,Queens,081,5600,51000,,0548,,1450,TRACT 548 NEW YORK CITY QUEENS,001,3,15,0,0,0,0,1,1,0,8,12,23,25,33,68,77,81,37,62,111,20,4,17,8,0,4,4,14,13,5,0,0,0,0,0
G36008100549,1960,New York,36,Queens,081,5600,51000,,0549,,1450,TRACT 549 NEW YORK CITY QUEENS,001,3,15,0,0,0,0,1,1,0,11,93,77,107,110,214,226,112,91,67,131,4,7,129,67,46,48,15,16,16,0,0,4,0,0,0
G36008100551,1960,New York,36,Queens,081,5600,51000,,0551,,1450,TRACT 551 NEW YORK CITY QUEENS,001,3,15,0,0,0,0,1,1,0,41,58,94,80,143,215,180,133,106,77,135,17,4,170,72,43,85,23,0,13,13,0,0,0,0,0
G36008100552,1960,New York,36,Queens,081,5600,51000,,0552,,1450,TRACT 552 NEW YORK CITY QUEENS,001,3,15,0,0,0,0,1,1,0,17,4,26,22,65,99,79,94,47,72,92,42,5,27,7,15,11,17,17,4,0,4,0,0,0,0
G36008100553,1960,New York,36,Queens,081,5600,51000,,0553,,1450,TRACT 553 NEW YORK CITY QUEENS,001,3,15,0,0,0,0,1,1,0,31,37,45,22,41,129,85,74,60,25,74,16,3,49,48,28,19,36,19,7,4,8,0,0,0,4
G36008100554,1960,New York,36,Queens,081,5600,51000,,0554,,1450,TRACT 554 NEW YORK CITY QUEENS,001,3,15,0,0,0,0,1,1,0,8,16,38,30,37,115,87,69,62,60,70,37,4,23,0,8,13,10,4,7,0,3,0,0,0,0
G36008100555,1960,New York,36,Queens,081,5600,51000,,0555,,1450,TRACT 555 NEW YORK CITY QUEENS,001,3,15,0,0,0,0,1,1,0,10,9,25,36,55,93,91,72,61,33,50,10,0,41,30,22,27,21,14,4,0,0,4,0,0,0
G36008100556,1960,New York,36,Queens,081,5600,51000,,0556,,1450,TRACT 556 NEW YORK CITY QUEENS,001,3,15,0,0,0,0,1,1,0,3,4,11,7,42,40,63,64,67,67,111,40,12,16,14,7,14,4,4,4,4,0,5,0,0,0
G36008100557,1960,New York,36,Queens,081,5600,51000,,0557,,1450,TRACT 557 NEW YORK CITY QUEENS,001,3,15,0,0,0,0,1,1,0,17,45,45,69,139,133,123,144,73,90,167,28,4,99,28,45,29,23,12,4,8,0,0,0,0,0
G36008100558,1960,New York,36,Queens,081,5600,51000,,0558,,1450,TRACT 558 NEW YORK CITY QUEENS,001,3,15,0,0,0,0,1,1,0,4,0,12,23,40,31,79,19,42,47,94,37,0,16,27,5,12,0,0,12,0,4,0,0,0,0
G36008100559,1960,New York,36,Queens,081,5600,51000,,0559,,1450,TRACT 559 NEW YORK CITY QUEENS,001,3,15,0,0,0,0,1,1,0,6,4,5,24,40,71,53,37,33,11,20,0,0,18,23,11,11,9,3,7,0,0,0,0,0,0
G36008100560,1960,New York,36,Queens,081,5600,51000,,0560,,1450,TRACT 560 NEW YORK CITY QUEENS,001,3,15,0,0,0,0,1,1,0,13,8,8,22,20,50,44,52,47,28,62,27,0,47,12,8,8,3,0,0,0,0,0,0,0,0
G36008100561,1960,New York,36,Queens,081,5600,51000,,0561,,1450,TRACT 561 NEW YORK CITY QUEENS,001,3,15,0,0,1,1,1,1,0,0,0,0,0,5,0,0,0,5,0,0,0,0,0,0,0,0,0,0,0,0,0,0,0,0,0
G36008100562,1960,New York,36,Queens,081,5600,51000,,0562,,1450,TRACT 562 NEW YORK CITY QUEENS,001,3,15,0,0,0,0,1,1,0,9,4,13,19,18,59,43,64,36,17,56,24,0,8,4,8,0,0,0,0,0,0,0,0,0,0
G36008100564,1960,New York,36,Queens,081,5600,51000,,0564,,1450,TRACT 564 NEW YORK CITY QUEENS,001,3,15,0,0,0,0,1,1,0,4,8,16,29,24,53,44,44,39,32,106,35,8,24,12,23,16,7,8,8,0,0,0,4,0,0
G36008100565,1960,New York,36,Queens,081,5600,51000,,0565,,1450,TRACT 565 NEW YORK CITY QUEENS,001,3,15,0,0,0,0,1,1,0,7,8,16,16,45,40,37,20,8,19,12,7,0,18,8,7,0,0,0,0,0,0,0,0,0,0
G36008100566,1960,New York,36,Queens,081,5600,51000,,0566,,1450,TRACT 566 NEW YORK CITY QUEENS,001,3,15,0,0,0,0,1,1,0,0,9,8,10,33,21,51,50,30,14,77,20,0,39,27,20,0,0,8,3,0,0,0,5,0,0
G36008100567,1960,New York,36,Queens,081,5600,51000,,0567,,1450,TRACT 567 NEW YORK CITY QUEENS,001,3,15,0,0,0,0,1,1,0,13,31,28,29,87,140,116,64,61,52,91,38,4,41,39,12,9,0,4,3,4,0,0,0,0,0
G36008100568,1960,New York,36,Queens,081,5600,51000,,0568,,1450,TRACT 568 NEW YORK CITY QUEENS,001,3,15,0,0,0,0,1,1,0,17,37,29,30,60,90,91,109,102,55,176,74,4,21,9,28,31,17,23,5,4,4,0,0,0,0
G36008100569,1960,New York,36,Queens,081,5600,51000,,0569,,1450,TRACT 569 NEW YORK CITY QUEENS,001,3,15,0,0,0,0,1,1,0,8,19,25,11,29,60,85,53,37,42,146,29,4,28,8,21,8,12,5,8,4,0,4,0,4,0
G36008100577,1960,New York,36,Queens,081,5600,51000,,0577,,1450,TRACT 577 NEW YORK CITY QUEENS,001,3,15,0,0,0,0,1,1,0,24,35,51,44,75,213,130,174,109,77,124,17,0,90,54,46,37,32,8,10,4,0,0,7,0,0
G36008100578,1960,New York,36,Queens,081,5600,51000,,0578,,1450,TRACT 578 NEW YORK CITY QUEENS,001,3,15,0,0,0,0,1,1,0,5,13,12,36,54,98,127,69,61,49,149,29,8,81,26,22,18,9,0,4,0,0,4,0,0,0
G36008100579,1960,New York,36,Queens,081,5600,51000,,0579,,1450,TRACT 579 NEW YORK CITY QUEENS,001,3,15,0,0,0,0,1,1,0,4,31,34,17,95,64,92,58,74,44,59,11,0,31,0,26,4,5,0,4,4,0,0,4,0,0
G36008100580,1960,New York,36,Queens,081,5600,51000,,0580,,1450,TRACT 580 NEW YORK CITY QUEENS,001,3,15,0,0,0,0,1,1,0,8,21,24,17,62,107,174,91,76,47,191,52,0,11,8,6,18,0,0,15,0,0,0,4,0,0
G36008100581,1960,New York,36,Queens,081,5600,51000,,0581,,1450,TRACT 581 NEW YORK CITY QUEENS,001,3,15,0,0,0,0,1,1,0,23,37,32,59,68,126,97,77,64,49,90,16,5,76,24,23,22,21,25,4,16,0,4,4,0,0
G36008100583,1960,New York,36,Queens,081,5600,51000,,0583,,1450,TRACT 583 NEW YORK CITY QUEENS,001,3,15,0,0,0,0,1,1,0,22,35,35,84,85,123,143,118,82,84,137,34,0,97,37,31,29,25,24,0,0,0,0,4,0,0
G36008100585,1960,New York,36,Queens,081,5600,51000,,0585,,1450,TRACT 585 NEW YORK CITY QUEENS,001,3,15,0,0,0,0,1,1,0,25,31,56,62,143,170,173,107,91,40,180,63,4,111,38,52,49,41,43,22,9,4,0,0,0,4
G36008100587,1960,New York,36,Queens,081,5600,51000,,0587,,1450,TRACT 587 NEW YORK CITY QUEENS,001,3,15,0,0,0,0,1,1,0,16,54,28,56,89,165,99,136,94,66,135,33,4,83,87,54,33,30,36,8,4,3,4,3,0,0
G36008100588,1960,New York,36,Queens,081,5600,51000,,0588,,1450,TRACT 588 NEW YORK CITY QUEENS,001,3,15,0,0,0,0,1,1,0,4,11,0,5,19,35,52,36,24,33,65,9,0,0,4,0,7,0,4,0,0,4,0,0,0,0
G36008100589,1960,New York,36,Queens,081,5600,51000,,0589,,1450,TRACT 589 NEW YORK CITY QUEENS,001,3,15,0,0,0,0,1,1,0,34,76,66,64,139,248,185,131,118,91,125,8,0,103,91,50,49,47,37,8,0,6,0,0,0,0
G36008100590,1960,New York,36,Queens,081,5600,51000,,0590,,1450,TRACT 590 NEW YORK CITY QUEENS,001,3,15,0,0,0,0,1,1,0,4,8,12,12,26,39,45,24,44,31,55,20,0,7,3,4,0,0,4,0,0,0,0,0,0,0
G36008100591,1960,New York,36,Queens,081,5600,51000,,0591,,1450,TRACT 591 NEW YORK CITY QUEENS,001,3,15,0,0,0,0,1,1,0,27,87,83,76,196,269,255,203,120,59,165,37,4,96,67,55,27,27,12,4,4,0,0,4,0,0
G36008100592,1960,New York,36,Queens,081,5600,51000,,0592,,1450,TRACT 592 NEW YORK CITY QUEENS,001,3,15,0,0,0,0,1,1,0,8,4,7,4,23,21,47,54,29,35,54,29,4,4,8,0,0,5,0,0,0,0,0,0,0,0
G36008100593,1960,New York,36,Queens,081,5600,51000,,0593,,1450,TRACT 593 NEW YORK CITY QUEENS,001,3,15,0,0,0,0,1,1,0,23,38,53,65,101,157,166,135,92,68,149,36,0,124,81,12,18,34,16,12,4,12,0,0,0,0
G36008100594,1960,New York,36,Queens,081,5600,51000,,0594,,1450,TRACT 594 NEW YORK CITY QUEENS,001,3,15,0,0,0,0,1,1,0,8,4,8,4,12,36,69,63,32,56,137,29,0,13,4,4,4,0,0,0,4,0,0,0,0,0
G36008100595,1960,New York,36,Queens,081,5600,51000,,0595,,1450,TRACT 595 NEW YORK CITY QUEENS,001,3,15,0,0,0,0,1,1,0,18,25,51,58,94,144,141,93,48,54,121,19,0,45,16,19,21,20,20,4,0,0,3,4,0,3
G36008100596,1960,New York,36,Queens,081,5600,51000,,0596,,1450,TRACT 596 NEW YORK CITY QUEENS,001,3,15,0,0,0,0,1,1,0,4,11,7,12,17,44,45,36,57,43,99,11,4,31,4,4,12,4,4,8,0,0,0,0,0,0
G36008100597,1960,New York,36,Queens,081,5600,51000,,0597,,1450,TRACT 597 NEW YORK CITY QUEENS,001,3,15,0,0,0,0,1,1,0,9,22,22,15,41,38,46,33,71,20,26,17,0,16,3,12,0,3,3,0,0,0,0,0,0,0
G36008100598,1960,New York,36,Queens,081,5600,51000,,0598,,1450,TRACT 598 NEW YORK CITY QUEENS,001,3,15,0,0,0,0,1,1,0,17,8,16,0,31,87,45,76,39,37,93,28,12,20,11,8,10,11,0,4,5,4,0,0,0,0
G36008100599,1960,New York,36,Queens,081,5600,51000,,0599,,1450,TRACT 599 NEW YORK CITY QUEENS,001,3,15,0,0,0,0,1,1,0,13,11,20,27,30,65,87,57,55,25,75,4,0,44,8,14,12,20,4,4,9,0,0,0,0,0
G36008100600,1960,New York,36,Queens,081,5600,51000,,0600,,1450,TRACT 600 NEW YORK CITY QUEENS,001,3,15,0,0,0,0,1,1,0,0,8,8,13,24,20,56,36,44,40,85,32,0,4,0,5,0,0,0,0,0,0,0,0,0,0
G36008100601,1960,New York,36,Queens,081,5600,51000,,0601,,1450,TRACT 601 NEW YORK CITY QUEENS,001,3,15,0,0,0,0,1,1,0,16,8,25,44,49,61,108,85,64,48,96,8,0,40,8,12,8,8,12,0,0,0,0,0,0,0
G36008100602,1960,New York,36,Queens,081,5600,51000,,0602,,1450,TRACT 602 NEW YORK CITY QUEENS,001,3,15,0,0,0,0,1,1,0,5,4,14,4,17,19,26,41,36,37,69,4,4,0,0,3,5,0,4,0,0,0,0,0,0,0
G36008100603,1960,New York,36,Queens,081,5600,51000,,0603,,1450,TRACT 603 NEW YORK CITY QUEENS,001,3,15,0,0,0,0,1,1,0,8,21,7,29,42,38,51,49,47,29,61,16,0,19,27,6,14,0,0,0,0,0,4,0,0,0
G36008100604,1960,New York,36,Queens,081,5600,51000,,0604,,1450,TRACT 604 NEW YORK CITY QUEENS,001,3,15,0,0,0,0,1,1,0,0,4,12,4,8,37,23,20,48,20,31,19,12,8,7,12,4,0,0,0,0,0,0,0,0,0
G36008100606,1960,New York,36,Queens,081,5600,51000,,0606,,1450,TRACT 606 NEW YORK CITY QUEENS,001,3,15,0,0,0,0,1,1,0,0,15,13,13,34,31,64,31,36,39,91,24,4,4,4,4,0,0,9,8,8,0,0,0,0,0
G36008100607,1960,New York,36,Queens,081,5600,51000,,0607,,1450,TRACT 607 NEW YORK CITY QUEENS,001,3,15,0,0,0,0,1,1,0,3,9,7,15,29,50,61,48,25,36,68,27,0,7,11,4,0,3,0,0,0,0,0,0,0,0
G36008100608,1960,New York,36,Queens,081,5600,51000,,0608,,1450,TRACT 608 NEW YORK CITY QUEENS,001,3,15,0,0,0,0,1,1,0,0,3,4,26,43,28,47,28,53,53,59,20,8,11,4,9,4,6,8,0,0,0,0,0,0,0
G36008100610,1960,New York,36,Queens,081,5600,51000,,0610,,1450,TRACT 610 NEW YORK CITY QUEENS,001,3,15,0,0,0,0,1,1,0,4,0,0,8,27,36,31,50,30,21,78,21,0,0,7,0,0,4,4,0,0,0,0,0,0,0
G36008100612,1960,New York,36,Queens,081,5600,51000,,0612,,1450,TRACT 612 NEW YORK CITY QUEENS,001,3,15,0,0,0,0,1,1,0,4,4,0,8,46,62,76,54,39,44,90,20,0,4,0,0,0,0,0,4,0,4,0,0,0,0
G36008100613,1960,New York,36,Queens,081,5600,51000,,0613,,1450,TRACT 613 NEW YORK CITY QUEENS,001,3,15,0,0,0,0,1,1,0,33,68,60,103,117,283,167,236,138,122,208,33,9,122,41,62,56,55,41,16,0,0,4,0,0,0
G36008100614,1960,New York,36,Queens,081,5600,51000,,0614,,1450,TRACT 614 NEW YORK CITY QUEENS,001,3,15,0,0,0,0,1,1,0,0,3,6,3,21,34,35,60,61,32,57,23,0,4,0,0,4,0,0,0,3,0,0,0,0,0
G360081006160,1960,New York,36,Queens,081,5600,51000,,0616,0,1450,TRACT 616-0 NEW YORK CITY QUEENS,001,3,15,0,0,0,0,1,1,0,4,12,0,15,27,58,41,49,36,84,175,91,16,9,0,0,0,0,5,4,0,0,0,4,0,0
G360081006161,1960,New York,36,Queens,081,5600,51000,,0616,1,1450,TRACT 616-1 NEW YORK CITY QUEENS,001,3,15,0,0,0,0,1,1,0,4,0,4,12,21,20,35,24,40,23,100,15,4,4,4,0,0,0,0,0,0,0,0,0,0,0
G36008100618,1960,New York,36,Queens,081,5600,51000,,0618,,1450,TRACT 618 NEW YORK CITY QUEENS,001,3,15,0,0,0,0,1,1,0,7,8,4,58,47,74,82,61,67,55,109,27,8,23,4,8,4,4,16,3,0,0,0,0,0,0
G36008100619,1960,New York,36,Queens,081,5600,51000,,0619,,1450,TRACT 619 NEW YORK CITY QUEENS,001,3,15,0,0,0,0,1,1,0,0,32,30,55,89,145,149,83,94,29,86,18,5,43,16,13,15,8,12,9,0,6,0,0,0,0
G36008100620,1960,New York,36,Queens,081,5600,51000,,0620,,1450,TRACT 620 NEW YORK CITY QUEENS,001,3,15,0,0,0,0,1,1,0,0,0,12,27,24,48,64,51,20,36,116,24,8,4,0,4,4,0,0,0,0,0,0,0,0,0
G360081006210,1960,New York,36,Queens,081,5600,51000,,0621,0,1450,TRACT 621-0 NEW YORK CITY QUEENS,001,3,15,0,0,0,0,1,1,0,4,16,34,49,60,88,104,103,72,35,66,13,0,34,15,8,18,8,0,0,0,0,0,0,0,0
G360081006211,1960,New York,36,Queens,081,5600,51000,,0621,1,1450,TRACT 621-1 NEW YORK CITY QUEENS,001,3,15,0,0,0,0,1,1,0,0,4,7,4,13,47,45,33,23,8,49,7,0,13,7,3,0,8,0,5,0,0,0,0,0,0
G36008100623,1960,New York,36,Queens,081,5600,51000,,0623,,1450,TRACT 623 NEW YORK CITY QUEENS,001,3,15,0,0,0,0,1,1,0,8,8,31,24,32,117,91,97,61,46,74,16,13,41,13,8,17,25,8,0,0,0,0,0,0,0
G36008100624,1960,New York,36,Queens,081,5600,51000,,0624,,1450,TRACT 624 NEW YORK CITY QUEENS,001,3,15,0,0,0,0,1,1,0,8,0,0,0,12,20,28,31,32,24,28,11,0,0,3,0,0,4,0,0,0,0,0,0,0,0
G36008100625,1960,New York,36,Queens,081,5600,51000,,0625,,1450,TRACT 625 NEW YORK CITY QUEENS,001,3,15,0,0,0,0,1,1,0,8,32,55,41,69,120,137,71,73,65,107,8,8,49,33,12,12,13,11,4,4,0,4,0,0,4
G36008100626,1960,New York,36,Queens,081,5600,51000,,0626,,1450,TRACT 626 NEW YORK CITY QUEENS,001,3,15,0,0,0,0,1,1,0,21,16,16,32,27,83,111,89,69,56,119,33,4,7,0,4,4,0,0,4,0,0,0,0,0,0
G36008100627,1960,New York,36,Queens,081,5600,51000,,0627,,1450,TRACT 627 NEW YORK CITY QUEENS,001,3,15,0,0,0,0,1,1,0,11,27,30,61,110,130,148,108,72,80,99,24,0,85,26,22,7,9,4,3,0,0,0,0,0,0
G36008100629,1960,New York,36,Queens,081,5600,51000,,0629,,1450,TRACT 629 NEW YORK CITY QUEENS,001,3,15,0,0,0,0,1,1,0,19,40,40,56,107,188,108,94,85,63,118,20,3,45,24,44,39,6,23,4,4,0,0,6,0,0
G36008100630,1960,New York,36,Queens,081,5600,51000,,0630,,1450,TRACT 630 NEW YORK CITY QUEENS,001,3,15,0,0,0,0,1,1,0,8,4,12,23,26,23,77,52,49,20,118,24,8,13,0,0,4,11,4,0,0,0,0,0,0,0
G36008100632,1960,New York,36,Queens,081,5600,51000,,0632,,1450,TRACT 632 NEW YORK CITY QUEENS,001,3,15,0,0,0,0,1,1,0,16,11,12,11,45,47,42,47,76,44,166,64,12,12,7,4,0,4,13,6,0,0,0,4,0,0
G360081006330,1960,New York,36,Queens,081,5600,51000,,0633,0,1450,TRACT 633-0 NEW YORK CITY QUEENS,001,3,15,0,0,0,0,1,1,0,17,15,22,14,21,75,67,76,46,28,86,12,0,23,28,4,8,8,4,0,4,0,0,0,0,0
G360081006331,1960,New York,36,Queens,081,5600,51000,,0633,1,1450,TRACT 633-1 NEW YORK CITY QUEENS,001,3,15,0,0,0,0,1,1,0,3,20,39,36,18,56,78,47,39,49,100,31,0,19,13,11,7,4,4,3,4,0,0,4,0,0
G36008100635,1960,New York,36,Queens,081,5600,51000,,0635,,1450,TRACT 635 NEW YORK CITY QUEENS,001,3,15,0,0,0,0,1,1,0,11,28,32,25,67,117,121,96,70,65,170,37,8,54,35,23,20,0,7,4,0,0,0,4,0,0
G36008100637,1960,New York,36,Queens,081,5600,51000,,0637,,1450,TRACT 637 NEW YORK CITY QUEENS,001,3,15,0,0,0,0,1,1,0,25,24,28,39,55,142,127,139,61,84,189,74,4,32,27,16,12,13,4,9,4,4,7,3,0,0
G36008100638,1960,New York,36,Queens,081,5600,51000,,0638,,1450,TRACT 638 NEW YORK CITY QUEENS,001,3,15,0,0,0,0,1,1,0,19,14,29,42,56,120,98,115,103,47,134,41,4,48,22,18,7,11,12,3,0,4,0,0,0,0
G36008100639,1960,New York,36,Queens,081,5600,51000,,0639,,1450,TRACT 639 NEW YORK CITY QUEENS,001,3,15,0,0,0,0,1,1,0,16,29,32,17,34,85,93,57,73,51,138,50,8,40,38,19,13,12,17,0,0,4,0,0,0,0
G36008100641,1960,New York,36,Queens,081,5600,51000,,0641,,1450,TRACT 641 NEW YORK CITY QUEENS,001,3,15,0,0,0,1,1,1,0,16,28,24,40,60,88,129,104,73,43,212,27,21,16,4,4,16,0,0,4,4,0,0,4,4,0
G36008100645,1960,New York,36,Queens,081,5600,51000,,0645,,1450,TRACT 645 NEW YORK CITY QUEENS,001,3,15,0,0,0,0,1,1,0,12,17,23,19,60,58,66,65,42,35,146,24,0,45,14,10,9,18,0,0,4,4,0,4,0,0
G36008100646,1960,New York,36,Queens,081,5600,51000,,0646,,1450,TRACT 646 NEW YORK CITY QUEENS,001,3,15,0,0,0,0,1,1,0,12,4,24,24,28,92,102,81,60,60,200,74,24,39,14,8,10,18,9,4,0,3,0,4,0,0
G36008100650,1960,New York,36,Queens,081,5600,51000,,0650,,1450,TRACT 650 NEW YORK CITY QUEENS,001,3,15,0,0,0,0,1,1,0,10,12,11,12,56,63,81,78,43,47,226,107,9,17,6,4,9,4,3,0,3,4,0,3,0,0
G36008100653,1960,New York,36,Queens,081,5600,51000,,0653,,1450,TRACT 653 NEW YORK CITY QUEENS,001,3,15,1,1,1,1,1,1,0,0,0,0,0,0,0,0,0,0,0,0,0,0,3,0,0,0,0,0,0,0,0,0,0,0,0
G36008100654,1960,New York,36,Queens,081,5600,51000,,0654,,1450,TRACT 654 NEW YORK CITY QUEENS,001,3,15,0,0,0,0,1,1,0,4,8,31,19,64,95,84,82,84,30,108,36,12,24,14,14,3,8,4,0,0,0,0,0,0,0
G36008100655,1960,New York,36,Queens,081,5600,51000,,0655,,1450,TRACT 655 NEW YORK CITY QUEENS,001,3,15,0,0,0,0,1,1,0,0,8,9,7,12,37,41,24,17,0,42,4,4,24,10,18,8,14,0,0,0,0,0,0,0,0
G36008100656,1960,New York,36,Queens,081,5600,51000,,0656,,1450,TRACT 656 NEW YORK CITY QUEENS,001,3,15,0,0,0,0,1,1,0,16,20,21,34,52,106,131,108,89,86,96,21,0,5,5,4,12,9,0,0,0,0,0,0,0,0
G360081006570,1960,New York,36,Queens,081,5600,51000,,0657,0,1450,TRACT 657-0 NEW YORK CITY QUEENS,001,3,15,0,0,0,0,1,1,0,20,24,23,42,65,79,81,49,50,45,104,19,4,14,29,7,7,3,3,0,9,0,0,3,4,0
G360081006571,1960,New York,36,Queens,081,5600,51000,,0657,1,1450,TRACT 657-1 NEW YORK CITY QUEENS,001,3,15,0,0,0,0,1,1,0,9,9,18,16,53,73,51,42,39,20,55,18,0,3,5,3,0,5,3,4,0,0,0,0,0,0
G36008100659,1960,New York,36,Queens,081,5600,51000,,0659,,1450,TRACT 659 NEW YORK CITY QUEENS,001,3,15,0,0,0,0,1,1,0,9,9,16,31,52,84,70,59,59,46,109,19,0,20,8,0,4,0,0,0,0,0,3,0,0,0
G36008100660,1960,New York,36,Queens,081,5600,51000,,0660,,1450,TRACT 660 NEW YORK CITY QUEENS,001,3,15,0,0,0,0,1,1,0,12,3,0,26,37,103,89,67,74,50,108,28,5,17,13,0,0,0,0,0,0,0,0,0,0,0
G36008100661,1960,New York,36,Queens,081,5600,51000,,0661,,1450,TRACT 661 NEW YORK CITY QUEENS,001,3,15,0,0,0,0,1,1,0,6,4,0,11,12,42,55,41,49,42,109,20,0,0,0,4,12,4,9,0,0,0,0,0,0,0
G36008100663,1960,New York,36,Queens,081,5600,51000,,0663,,1450,TRACT 663 NEW YORK CITY QUEENS,001,3,15,0,0,0,0,1,1,0,12,8,36,47,44,108,124,88,85,81,186,73,20,34,29,8,13,29,11,8,0,0,0,0,0,0
G36008100664,1960,New York,36,Queens,081,5600,51000,,0664,,1450,TRACT 664 NEW YORK CITY QUEENS,001,3,15,0,0,0,0,1,1,0,4,6,4,26,50,80,197,155,107,66,153,16,0,4,3,0,3,7,0,0,0,0,0,4,0,0
G36008100665,1960,New York,36,Queens,081,5600,51000,,0665,,1450,TRACT 665 NEW YORK CITY QUEENS,001,3,15,0,0,0,0,1,1,0,9,8,6,7,26,26,80,28,28,15,85,23,4,5,0,0,4,4,0,0,0,5,0,0,0,0
G36008100667,1960,New York,36,Queens,081,5600,51000,,0667,,1450,TRACT 667 NEW YORK CITY QUEENS,001,3,15,0,0,0,0,1,1,0,12,24,15,40,42,97,73,82,58,61,122,26,0,25,8,4,8,0,4,0,0,0,0,0,0,0
G36008100669,1960,New York,36,Queens,081,5600,51000,,0669,,1450,TRACT 669 NEW YORK CITY QUEENS,001,3,15,0,0,0,0,1,1,0,4,7,13,20,42,52,83,55,64,38,98,41,0,3,9,0,7,5,9,0,0,0,0,4,0,0
G360081006710,1960,New York,36,Queens,081,5600,51000,,0671,0,1450,TRACT 671-0 NEW YORK CITY QUEENS,001,3,15,0,0,0,0,1,1,0,16,12,0,13,25,52,46,30,40,34,126,20,4,21,4,12,4,7,0,4,0,0,0,0,0,0
G360081006711,1960,New York,36,Queens,081,5600,51000,,0671,1,1450,TRACT 671-1 NEW YORK CITY QUEENS,001,3,15,0,0,0,0,1,1,0,0,4,4,13,25,31,37,40,35,19,147,37,0,16,9,4,9,7,8,0,0,0,0,0,0,0
G36008100677,1960,New York,36,Queens,081,5600,51000,,0677,,1450,TRACT 677 NEW YORK CITY QUEENS,001,3,15,0,0,0,0,1,1,0,16,5,19,31,54,54,42,62,63,59,148,47,8,18,8,4,7,17,12,9,0,3,0,0,0,0
G36008100679,1960,New York,36,Queens,081,5600,51000,,0679,,1450,TRACT 679 NEW YORK CITY QUEENS,001,3,15,0,0,0,0,1,1,0,11,32,53,39,119,104,174,123,142,123,203,61,12,94,31,50,47,85,26,24,24,10,5,0,4,0
G36008100680,1960,New York,36,Queens,081,5600,51000,,0680,,1450,TRACT 680 NEW YORK CITY QUEENS,001,3,15,0,0,0,0,1,1,0,19,15,22,16,79,75,126,148,95,78,171,45,0,32,12,0,9,4,8,10,0,0,0,0,0,0
G36008100682,1960,New York,36,Queens,081,5600,51000,,0682,,1450,TRACT 682 NEW YORK CITY QUEENS,001,3,15,0,0,0,0,1,1,0,0,11,8,12,29,44,32,33,37,16,40,18,4,17,0,0,8,0,0,0,0,0,0,0,0,0
G36008100683,1960,New York,36,Queens,081,5600,51000,,0683,,1450,TRACT 683 NEW YORK CITY QUEENS,001,3,15,0,0,1,0,1,1,0,5,3,0,3,15,19,24,6,18,10,52,27,9,5,0,0,8,9,12,0,0,3,0,5,3,0
G36008100687,1960,New York,36,Queens,081,5600,51000,,0687,,1450,TRACT 687 NEW YORK CITY QUEENS,001,3,15,0,0,0,0,1,1,0,23,24,55,49,63,133,146,138,153,75,228,60,23,81,22,80,41,40,12,19,20,4,4,0,0,0
G36008100690,1960,New York,36,Queens,081,5600,51000,,0690,,1450,TRACT 690 NEW YORK CITY QUEENS,001,3,15,0,0,0,0,1,1,0,9,4,4,18,32,65,46,46,40,12,49,8,0,4,4,4,0,0,0,0,0,0,0,0,0,0
G36008100693,1960,New York,36,Queens,081,5600,51000,,0693,,1450,TRACT 693 NEW YORK CITY QUEENS,001,3,15,0,0,0,0,1,1,0,0,17,54,45,40,86,110,125,100,54,171,88,39,54,9,4,8,62,40,24,8,0,4,11,0,0
G36008100694,1960,New York,36,Queens,081,5600,51000,,0694,,1450,TRACT 694 NEW YORK CITY QUEENS,001,3,15,0,0,0,0,1,1,0,0,13,4,17,43,77,78,54,36,39,27,8,0,0,0,0,0,3,0,0,0,0,0,0,0,0
G36008100695,1960,New York,36,Queens,081,5600,51000,,0695,,1450,TRACT 695 NEW YORK CITY QUEENS,001,3,15,0,0,0,0,1,1,0,8,18,20,30,33,69,79,37,48,67,144,92,27,49,30,21,29,4,12,12,21,13,6,7,0,0
G36008100697,1960,New York,36,Queens,081,5600,51000,,0697,,1450,TRACT 697 NEW YORK CITY QUEENS,001,3,15,0,0,0,0,1,1,0,77,47,86,100,176,266,213,242,248,196,608,251,118,116,70,76,71,65,47,37,26,22,4,20,4,0
G36008100703,1960,New York,36,Queens,081,5600,51000,,0703,,1450,TRACT 703 NEW YORK CITY QUEENS,001,3,15,0,0,0,0,1,1,0,15,8,32,38,60,83,76,86,75,67,177,66,8,35,7,12,8,11,9,11,0,0,0,0,0,4
G36008100707,1960,New York,36,Queens,081,5600,51000,,0707,,1450,TRACT 707 NEW YORK CITY QUEENS,001,3,15,0,0,0,0,1,1,0,0,9,17,18,17,25,83,41,16,42,177,114,63,63,7,4,0,13,4,5,5,8,4,0,0,0
G36008100709,1960,New York,36,Queens,081,5600,51000,,0709,,1450,TRACT 709 NEW YORK CITY QUEENS,001,3,15,0,0,0,0,1,1,0,27,8,28,20,16,48,48,43,72,32,184,86,28,36,11,13,19,24,11,0,0,0,0,4,0,0
G36008100711,1960,New York,36,Queens,081,5600,51000,,0711,,1450,TRACT 711 NEW YORK CITY QUEENS,001,3,15,0,0,0,0,1,1,0,19,20,28,53,59,102,128,114,113,114,264,56,36,54,41,31,62,17,14,17,16,12,0,8,0,0
G360081007130,1960,New York,36,Queens,081,5600,51000,,0713,0,1450,TRACT 713-0 NEW YORK CITY QUEENS,001,3,15,0,0,0,0,1,1,0,73,33,81,170,211,251,306,308,268,286,999,584,156,193,77,73,143,103,103,61,36,40,24,40,7,4
G360081007131,1960,New York,36,Queens,081,5600,51000,,0713,1,1450,TRACT 713-1 NEW YORK CITY QUEENS,001,3,15,0,0,0,0,1,1,0,50,63,62,99,156,275,213,279,215,163,767,326,127,106,65,80,102,124,77,33,28,45,8,47,21,0
G36008100714,1960,New York,36,Queens,081,5600,51000,,0714,,1450,TRACT 714 NEW YORK CITY QUEENS,001,3,15,0,0,0,0,1,1,0,0,3,3,10,6,9,9,7,7,12,0,0,0,4,0,3,0,3,0,0,0,0,0,0,0,0
G36008100716,1960,New York,36,Queens,081,5600,51000,,0716,,1450,TRACT 716 NEW YORK CITY QUEENS,001,3,15,1,0,1,1,1,1,0,0,0,0,0,0,0,0,0,0,0,0,0,0,0,0,0,0,4,0,0,0,0,0,0,0,0
G36008100717,1960,New York,36,Queens,081,5600,51000,,0717,,1450,TRACT 717 NEW YORK CITY QUEENS,001,3,15,0,0,0,0,1,1,0,43,23,28,54,87,101,126,195,116,139,471,190,53,119,36,24,42,74,40,52,24,17,20,20,0,0
G36008100719,1960,New York,36,Queens,081,5600,51000,,0719,,1450,TRACT 719 NEW YORK CITY QUEENS,001,3,15,0,0,0,0,1,1,0,19,15,40,23,33,68,82,105,56,42,149,72,4,25,8,11,32,7,20,15,4,8,0,4,0,0
G36008100721,1960,New York,36,Queens,081,5600,51000,,0721,,1450,TRACT 721 NEW YORK CITY QUEENS,001,3,15,0,0,0,0,1,1,0,16,24,56,86,99,169,157,173,165,196,576,199,83,54,28,42,62,66,36,25,21,12,8,12,8,4
G36008100725,1960,New York,36,Queens,081,5600,51000,,0725,,1450,TRACT 725 NEW YORK CITY QUEENS,001,3,15,0,0,0,0,1,1,0,8,0,9,4,0,0,11,5,7,4,37,21,20,12,10,19,12,29,12,8,19,4,4,8,0,3
G36008100727,1960,New York,36,Queens,081,5600,51000,,0727,,1450,TRACT 727 NEW YORK CITY QUEENS,001,3,15,0,0,0,0,1,1,0,12,0,4,4,18,5,17,16,9,8,36,83,74,25,17,14,5,0,0,0,0,22,0,0,0,8
G36008100729,1960,New York,36,Queens,081,5600,51000,,0729,,1450,TRACT 729 NEW YORK CITY QUEENS,001,3,15,0,0,0,0,1,1,0,4,7,16,17,46,62,48,53,17,44,77,42,11,10,15,25,17,18,8,3,7,0,0,0,0,0
G36008100731,1960,New York,36,Queens,081,5600,51000,,0731,,1450,TRACT 731 NEW YORK CITY QUEENS,001,3,15,0,0,0,0,1,1,0,0,20,17,16,25,64,72,46,51,35,113,57,12,22,15,11,5,23,9,0,4,0,0,4,0,0
G36008100733,1960,New York,36,Queens,081,5600,51000,,0733,,1450,TRACT 733 NEW YORK CITY QUEENS,001,3,15,0,0,0,0,1,1,0,0,16,4,24,12,24,34,32,8,60,102,116,68,39,36,7,17,13,16,21,3,8,3,8,4,0
G36008100735,1960,New York,36,Queens,081,5600,51000,,0735,,1450,TRACT 735 NEW YORK CITY QUEENS,001,3,15,0,0,0,0,1,1,0,4,0,13,5,4,0,8,4,16,8,59,61,65,26,9,17,4,4,12,0,0,0,0,4,0,4
G36008100737,1960,New York,36,Queens,081,5600,51000,,0737,,1450,TRACT 737 NEW YORK CITY QUEENS,001,3,15,0,0,0,0,1,1,0,4,15,40,34,52,53,44,32,37,28,126,95,72,62,80,20,37,66,18,8,21,26,0,35,4,4
G36008100739,1960,New York,36,Queens,081,5600,51000,,0739,,1450,TRACT 739 NEW YORK CITY QUEENS,001,3,15,0,0,0,0,1,1,0,35,36,54,69,90,112,95,122,137,75,476,300,133,85,80,52,80,68,28,21,15,12,4,30,0,4
G36008100741,1960,New York,36,Queens,081,5600,51000,,0741,,1450,TRACT 741 NEW YORK CITY QUEENS,001,3,15,0,0,0,0,1,1,0,9,16,24,46,64,87,150,76,147,125,330,162,112,50,20,41,43,44,30,23,23,4,4,7,8,0
G36008100743,1960,New York,36,Queens,081,5600,51000,,0743,,1450,TRACT 743 NEW YORK CITY QUEENS,001,3,15,0,0,0,0,1,1,0,20,53,20,57,123,156,221,181,160,152,292,86,18,50,3,38,31,44,14,24,0,0,13,12,4,0
G36008100745,1960,New York,36,Queens,081,5600,51000,,0745,,1450,TRACT 745 NEW YORK CITY QUEENS,001,3,15,0,0,0,0,1,1,0,20,17,31,38,30,69,88,53,133,49,175,73,33,20,16,20,17,8,8,4,14,9,8,8,0,0
G36008100747,1960,New York,36,Queens,081,5600,51000,,0747,,1450,TRACT 747 NEW YORK CITY QUEENS,001,3,15,0,0,0,0,1,1,0,7,20,19,12,68,105,94,139,129,100,249,78,16,27,22,24,22,29,16,0,11,4,0,4,0,0
G36008100751,1960,New York,36,Queens,081,5600,51000,,0751,,1450,TRACT 751 NEW YORK CITY QUEENS,001,3,15,1,1,1,1,1,1,0,0,0,0,0,0,0,0,0,0,0,0,0,0,0,0,0,0,0,0,0,0,0,0,0,0,0
G36008100757,1960,New York,36,Queens,081,5600,51000,,0757,,1450,TRACT 757 NEW YORK CITY QUEENS,001,3,15,0,0,0,0,1,1,0,32,70,58,86,63,146,154,200,172,179,742,560,310,163,85,130,84,90,132,68,63,44,16,47,19,16
G36008100766,1960,New York,36,Queens,081,5600,51000,,0766,,1450,TRACT 766 NEW YORK CITY QUEENS,001,3,15,0,0,0,0,1,1,0,4,11,17,16,35,37,28,25,19,11,33,0,0,24,15,4,0,11,4,0,0,0,0,0,0,0
G36008100768,1960,New York,36,Queens,081,5600,51000,,0768,,1450,TRACT 768 NEW YORK CITY QUEENS,001,3,15,0,0,0,0,1,1,0,3,11,8,4,4,18,16,12,17,8,16,0,0,18,6,3,0,0,9,4,0,0,0,0,0,0
G360081007690,1960,New York,36,Queens,081,5600,51000,,0769,0,1450,TRACT 769-0 NEW YORK CITY QUEENS,001,3,15,0,0,0,0,1,1,0,22,50,46,44,81,155,90,116,153,116,281,81,57,124,50,59,53,58,40,21,22,12,8,21,4,4
G360081007691,1960,New York,36,Queens,081,5600,51000,,0769,1,1450,TRACT 769-1 NEW YORK CITY QUEENS,001,3,15,0,0,0,0,1,1,0,0,8,19,17,47,26,28,45,38,15,130,47,12,42,22,20,29,34,16,5,4,4,0,4,0,0
G36008100771,1960,New York,36,Queens,081,5600,51000,,0771,,1450,TRACT 771 NEW YORK CITY QUEENS,001,3,15,0,0,0,0,1,1,0,12,0,0,4,0,12,4,8,5,4,68,72,42,6,14,15,9,0,19,13,0,0,0,4,0,4
G360081007730,1960,New York,36,Queens,081,5600,51000,,0773,0,1450,TRACT 773-0 NEW YORK CITY QUEENS,001,3,15,0,0,1,0,1,1,0,4,4,4,4,15,35,12,30,13,25,77,27,16,18,8,8,8,4,4,0,4,4,0,4,0,0
G360081007731,1960,New York,36,Queens,081,5600,51000,,0773,1,1450,TRACT 773-1 NEW YORK CITY QUEENS,001,3,15,0,0,0,0,1,1,0,8,26,16,0,52,43,42,27,34,50,75,59,41,31,26,34,35,23,29,10,4,0,0,0,0,0
G36008100775,1960,New York,36,Queens,081,5600,51000,,0775,,1450,TRACT 775 NEW YORK CITY QUEENS,001,3,15,0,0,0,0,1,1,0,4,24,28,50,37,28,72,77,72,70,132,79,35,58,69,49,52,36,40,28,29,8,13,0,12,0
G360081007790,1960,New York,36,Queens,081,5600,51000,,0779,0,1450,TRACT 779-0 NEW YORK CITY QUEENS,001,3,15,0,0,0,0,0,1,0,42,39,92,162,298,480,515,414,407,338,671,193,39,66,49,22,17,16,36,24,24,4,3,0,8,0
G360081007791,1960,New York,36,Queens,081,5600,51000,,0779,1,1450,TRACT 779-1 NEW YORK CITY QUEENS,001,3,15,0,0,0,0,1,1,0,19,53,28,38,110,115,145,155,193,135,456,195,78,43,23,11,4,7,11,4,0,13,8,0,0,0
G360081007792,1960,New York,36,Queens,081,5600,51000,,0779,2,1450,TRACT 779-2 NEW YORK CITY QUEENS,001,3,15,0,0,0,0,1,1,0,32,16,16,52,48,126,131,133,106,68,195,84,36,42,8,18,36,17,12,4,4,8,0,0,0,0
G360081007793,1960,New York,36,Queens,081,5600,51000,,0779,3,1450,TRACT 779-3 NEW YORK CITY QUEENS,001,3,15,0,0,0,0,1,1,0,26,40,50,50,114,175,166,192,173,94,376,123,43,27,19,20,39,11,16,4,12,0,0,4,0,0
G360081007794,1960,New York,36,Queens,081,5600,51000,,0779,4,1450,TRACT 779-4 NEW YORK CITY QUEENS,001,3,15,0,0,0,1,1,1,0,0,0,0,0,0,4,4,0,4,0,7,0,3,0,0,0,0,0,0,0,0,0,0,0,0,0
G36008100788,1960,New York,36,Queens,081,5600,51000,,0788,,1450,TRACT 788 NEW YORK CITY QUEENS,001,3,15,0,0,0,0,0,1,0,7,11,17,45,47,63,72,54,8,21,41,0,4,31,12,13,17,8,5,5,0,0,0,0,0,0
G36008100790,1960,New York,36,Queens,081,5600,51000,,0790,,1450,TRACT 790 NEW YORK CITY QUEENS,001,3,15,0,0,0,0,0,1,0,5,13,23,57,64,43,51,16,27,23,65,0,3,20,19,18,13,11,3,0,0,0,0,0,0,0
G36008100792,1960,New York,36,Queens,081,5600,51000,,0792,,1450,TRACT 792 NEW YORK CITY QUEENS,001,3,15,0,0,0,0,0,1,0,18,0,11,20,48,35,29,36,27,39,67,13,3,25,14,0,4,5,0,0,6,0,0,0,0,0
G36008100793,1960,New York,36,Queens,081,5600,51000,,0793,,1450,TRACT 793 NEW YORK CITY QUEENS,001,3,15,1,1,1,1,1,1,0,0,0,0,0,0,0,0,0,0,0,0,0,0,0,0,0,0,0,0,0,0,0,0,0,0,0
G36008100797,1960,New York,36,Queens,081,5600,51000,,0797,,1450,TRACT 797 NEW YORK CITY QUEENS,001,3,15,0,0,0,0,1,1,0,4,7,12,38,48,73,79,91,89,72,174,31,5,27,16,32,0,9,23,13,0,0,0,0,0,0
G36008100799,1960,New York,36,Queens,081,5600,51000,,0799,,1450,TRACT 799 NEW YORK CITY QUEENS,001,3,15,0,0,0,0,1,1,0,0,14,53,32,63,70,96,80,99,65,118,28,0,23,4,16,21,9,18,0,0,5,0,0,0,0
G360081008030,1960,New York,36,Queens,081,5600,51000,,0803,0,1450,TRACT 803-0 NEW YORK CITY QUEENS,001,3,15,0,0,0,0,1,1,0,12,13,39,27,68,104,132,79,85,48,127,46,4,20,5,7,15,8,13,3,4,0,0,0,0,0
G360081008031,1960,New York,36,Queens,081,5600,51000,,0803,1,1450,TRACT 803-1 NEW YORK CITY QUEENS,001,3,15,0,0,0,0,1,1,0,16,4,16,36,38,78,129,128,82,74,246,69,6,9,4,0,4,4,3,4,0,0,0,0,0,0
G36008100809,1960,New York,36,Queens,081,5600,51000,,0809,,1450,TRACT 809 NEW YORK CITY QUEENS,001,3,15,0,0,0,0,1,1,0,75,33,45,62,177,312,279,323,254,215,556,179,43,33,20,6,10,0,22,4,3,4,0,0,0,5
G36008100814,1960,New York,36,Queens,081,5600,51000,,0814,,1450,TRACT 814 NEW YORK CITY QUEENS,001,3,15,0,0,0,0,1,1,0,28,32,20,49,78,112,103,79,35,69,132,35,4,46,29,4,7,7,0,0,4,0,0,0,0,0
G36008100818,1960,New York,36,Queens,081,5600,51000,,0818,,1450,TRACT 818 NEW YORK CITY QUEENS,001,3,15,0,0,0,0,1,1,0,20,23,31,51,86,82,126,121,38,59,105,4,0,45,13,16,0,4,9,8,4,0,0,0,0,0
G36008100837,1960,New York,36,Queens,081,5600,51000,,0837,,1450,TRACT 837 NEW YORK CITY QUEENS,001,3,15,0,0,0,0,1,1,0,12,4,40,35,74,127,153,121,186,112,295,107,16,47,17,14,7,11,8,0,4,0,0,0,0,0
G36008100838,1960,New York,36,Queens,081,5600,51000,,0838,,1450,TRACT 838 NEW YORK CITY QUEENS,001,3,15,0,0,0,0,1,1,0,20,18,41,26,119,161,148,133,118,89,184,67,12,26,27,7,24,25,8,0,0,0,0,0,0,0
G36008100840,1960,New York,36,Queens,081,5600,51000,,0840,,1450,TRACT 840 NEW YORK CITY QUEENS,001,3,15,0,0,0,0,1,1,0,17,44,56,35,130,209,195,148,134,80,265,55,19,63,15,26,36,18,11,0,0,0,0,8,0,3
G36008100845,1960,New York,36,Queens,081,5600,51000,,0845,,1450,TRACT 845 NEW YORK CITY QUEENS,001,3,15,0,0,0,0,1,1,0,8,12,0,24,12,53,64,40,62,43,89,42,0,25,22,0,17,4,10,0,0,3,0,3,0,0
G360081008460,1960,New York,36,Queens,081,5600,51000,,0846,0,1450,TRACT 846-0 NEW YORK CITY QUEENS,001,3,15,0,0,0,0,1,1,0,8,8,16,48,25,98,85,77,80,63,129,49,4,12,4,0,0,15,5,0,0,0,0,0,0,0
G360081008461,1960,New York,36,Queens,081,5600,51000,,0846,1,1450,TRACT 846-1 NEW YORK CITY QUEENS,001,3,15,0,0,0,0,1,1,0,0,0,0,4,22,27,20,25,20,12,24,0,0,0,4,0,5,0,0,0,0,0,0,0,0,0
G36008100851,1960,New York,36,Queens,081,5600,51000,,0851,,1450,TRACT 851 NEW YORK CITY QUEENS,001,3,15,0,0,0,0,1,1,0,19,39,32,88,66,140,166,82,105,60,143,16,4,54,42,55,20,22,16,8,16,20,4,12,16,0
G36008100853,1960,New York,36,Queens,081,5600,51000,,0853,,1450,TRACT 853 NEW YORK CITY QUEENS,001,3,15,0,0,0,0,1,1,0,12,12,4,13,30,59,34,12,40,38,79,33,4,94,52,19,46,65,17,9,17,15,4,11,5,0
G36008100855,1960,New York,36,Queens,081,5600,51000,,0855,,1450,TRACT 855 NEW YORK CITY QUEENS,001,3,15,0,0,0,0,1,1,0,47,22,53,63,94,91,63,87,120,69,182,35,4,119,45,40,62,46,67,9,16,9,4,4,0,0
G36008100857,1960,New York,36,Queens,081,5600,51000,,0857,,1450,TRACT 857 NEW YORK CITY QUEENS,001,3,15,0,0,0,0,1,1,0,8,32,38,38,68,118,122,119,106,58,208,64,9,67,56,31,43,45,39,16,21,9,0,0,3,0
G36008100859,1960,New York,36,Queens,081,5600,51000,,0859,,1450,TRACT 859 NEW YORK CITY QUEENS,001,3,15,0,0,0,0,1,1,0,11,31,35,68,127,180,159,138,135,119,269,113,4,111,50,40,45,40,27,50,8,8,12,4,8,3
G36008100861,1960,New York,36,Queens,081,5600,51000,,0861,,1450,TRACT 861 NEW YORK CITY QUEENS,001,3,15,0,0,0,0,1,1,0,7,8,16,41,25,52,54,52,44,30,198,36,12,40,42,31,65,20,25,8,12,0,4,4,4,0
G36008100863,1960,New York,36,Queens,081,5600,51000,,0863,,1450,TRACT 863 NEW YORK CITY QUEENS,001,3,15,0,0,0,0,1,1,0,16,23,19,50,44,64,79,60,43,38,180,28,4,67,37,28,40,33,46,20,13,5,4,8,0,0
G36008100864,1960,New York,36,Queens,081,5600,51000,,0864,,1450,TRACT 864 NEW YORK CITY QUEENS,001,3,15,0,0,0,0,1,1,0,8,8,20,20,54,78,73,86,70,51,80,44,0,13,24,8,16,7,0,0,0,7,0,0,0,0
G36008100865,1960,New York,36,Queens,081,5600,51000,,0865,,1450,TRACT 865 NEW YORK CITY QUEENS,001,3,15,0,0,0,0,1,1,0,4,21,12,55,24,53,62,48,61,52,82,45,0,33,16,28,43,59,53,31,24,12,8,13,4,8
G36008100867,1960,New York,36,Queens,081,5600,51000,,0867,,1450,TRACT 867 NEW YORK CITY QUEENS,001,3,15,0,0,0,0,1,1,0,0,4,14,9,27,25,28,22,10,5,8,12,0,7,17,6,20,4,0,0,0,0,0,0,0,0
G36008100871,1960,New York,36,Queens,081,5600,51000,,0871,,1450,TRACT 871 NEW YORK CITY QUEENS,001,3,15,0,0,0,0,0,1,0,23,31,70,130,108,89,34,13,20,0,13,0,0,29,25,16,9,4,7,9,0,0,0,0,0,0
G36008100875,1960,New York,36,Queens,081,5600,51000,,0875,,1450,TRACT 875 NEW YORK CITY QUEENS,001,3,15,0,0,0,0,1,1,0,0,15,14,29,13,47,18,7,0,4,10,4,0,8,5,10,0,0,0,0,0,0,0,0,0,0
G36008100878,1960,New York,36,Queens,081,5600,51000,,0878,,1450,TRACT 878 NEW YORK CITY QUEENS,001,3,15,0,0,0,0,1,1,0,5,0,17,5,23,35,12,21,12,0,23,12,0,9,9,0,0,0,0,0,0,0,0,0,0,0
G36008100884,1960,New York,36,Queens,081,5600,51000,,0884,,1450,TRACT 884 NEW YORK CITY QUEENS,001,3,15,0,0,0,0,1,1,0,57,51,45,85,134,267,314,248,188,178,334,58,0,90,44,13,20,16,21,9,0,3,0,0,0,0
G36008100889,1960,New York,36,Queens,081,5600,51000,,0889,,1450,TRACT 889 NEW YORK CITY QUEENS,001,3,15,0,0,0,0,0,1,0,38,66,109,125,158,378,364,296,269,206,395,125,28,94,78,63,40,8,20,8,8,4,0,8,5,0
G36008100892,1960,New York,36,Queens,081,5600,51000,,0892,,1450,TRACT 892 NEW YORK CITY QUEENS,001,3,15,0,0,0,0,1,1,0,8,4,11,21,49,71,151,76,96,60,170,37,8,7,0,4,8,3,7,0,14,0,0,0,0,0
G36008100895,1960,New York,36,Queens,081,5600,51000,,0895,,1450,TRACT 895 NEW YORK CITY QUEENS,001,3,15,0,1,1,1,1,1,0,0,0,0,0,0,0,0,0,0,0,0,3,0,0,0,0,0,0,0,0,0,0,0,0,0,0
G36008100907,1960,New York,36,Queens,081,5600,51000,,0907,,1450,TRACT 907 NEW YORK CITY QUEENS,001,3,15,0,0,0,0,1,1,0,11,0,0,3,0,32,16,15,45,5,50,8,4,0,3,9,0,0,3,3,0,3,0,0,0,0
G360081009160,1960,New York,36,Queens,081,5600,51000,,0916,0,1450,TRACT 916-0 NEW YORK CITY QUEENS,001,3,15,0,0,0,1,1,1,0,7,29,4,5,27,60,59,43,16,12,83,39,6,10,14,5,0,0,0,0,0,5,0,0,0,0
G360081009161,1960,New York,36,Queens,081,5600,51000,,0916,1,1450,TRACT 916-1 NEW YORK CITY QUEENS,001,3,15,0,0,0,0,1,1,0,0,0,0,0,8,0,0,0,4,0,8,0,0,20,42,6,7,9,7,0,0,0,0,0,0,0
G36008100918,1960,New York,36,Queens,081,5600,51000,,0918,,1450,TRACT 918 NEW YORK CITY QUEENS,001,3,15,0,0,0,1,1,1,0,0,0,4,0,0,4,0,4,0,0,4,4,4,3,0,0,0,0,0,0,0,0,0,0,0,0
G36008100919,1960,New York,36,Queens,081,5600,51000,,0919,,1450,TRACT 919 NEW YORK CITY QUEENS,001,3,15,0,0,0,0,1,1,0,24,31,20,42,75,145,135,50,88,59,179,18,0,50,4,21,13,7,12,12,0,0,0,0,0,0
G36008100922,1960,New York,36,Queens,081,5600,51000,,0922,,1450,TRACT 922 NEW YORK CITY QUEENS,001,3,15,0,0,0,0,1,1,0,13,11,8,0,22,48,31,55,39,29,143,148,145,64,15,13,5,0,8,11,0,0,0,0,0,4
G36008100925,1960,New York,36,Queens,081,5600,51000,,0925,,1450,TRACT 925 NEW YORK CITY QUEENS,001,3,15,0,0,0,0,1,1,0,32,32,35,72,94,137,90,98,58,21,82,12,3,61,28,12,20,14,16,6,0,0,12,0,0,0
G36008100928,1960,New York,36,Queens,081,5600,51000,,0928,,1450,TRACT 928 NEW YORK CITY QUEENS,001,3,15,0,0,0,0,1,1,0,25,14,25,41,49,58,73,73,51,72,262,245,149,39,39,45,14,8,0,0,0,0,4,4,0,4
G36008100929,1960,New York,36,Queens,081,5600,51000,,0929,,1450,TRACT 929 NEW YORK CITY QUEENS,001,3,15,0,0,0,0,1,1,0,26,32,59,56,114,211,185,115,133,48,249,63,3,35,40,25,41,29,15,4,12,0,0,0,0,0
G36008100934,1960,New York,36,Queens,081,5600,51000,,0934,,1450,TRACT 934 NEW YORK CITY QUEENS,001,3,15,0,0,0,0,1,1,0,60,102,135,142,169,168,166,180,142,80,358,144,31,220,137,47,28,50,30,43,9,7,0,12,4,0
G36008100938,1960,New York,36,Queens,081,5600,51000,,0938,,1450,TRACT 938 NEW YORK CITY QUEENS,001,3,15,0,0,0,0,1,1,0,42,50,19,12,24,16,49,33,18,13,38,5,10,56,29,15,0,16,49,13,0,0,0,0,0,0
G36008100939,1960,New York,36,Queens,081,5600,51000,,0939,,1450,TRACT 939 NEW YORK CITY QUEENS,001,3,15,0,0,0,0,1,1,0,9,25,28,23,59,109,106,85,52,62,138,23,0,36,8,16,16,16,0,0,0,4,0,0,0,0
G360081009420,1960,New York,36,Queens,081,5600,51000,,0942,0,1450,TRACT 942-0 NEW YORK CITY QUEENS,001,3,15,0,0,0,0,1,1,0,21,17,13,12,20,12,16,20,19,12,25,8,0,43,29,0,0,0,4,8,0,4,0,0,0,0
G360081009421,1960,New York,36,Queens,081,5600,51000,,0942,1,1450,TRACT 942-1 NEW YORK CITY QUEENS,001,3,15,0,0,0,0,0,0,0,134,244,326,425,230,232,179,93,31,81,80,12,4,230,86,93,51,25,8,13,5,0,4,9,0,0
G36008100945,1960,New York,36,Queens,081,5600,51000,,0945,,1450,TRACT 945 NEW YORK CITY QUEENS,001,3,15,0,0,0,0,1,1,0,36,16,39,23,33,81,109,71,46,55,144,75,57,7,7,0,0,4,4,0,0,0,0,0,0,0
G36008100947,1960,New York,36,Queens,081,5600,51000,,0947,,1450,TRACT 947 NEW YORK CITY QUEENS,001,3,15,0,0,0,0,1,1,0,8,9,21,30,64,88,68,71,42,36,87,17,4,85,8,17,9,4,10,0,0,0,0,5,0,0
G36008100952,1960,New York,36,Queens,081,5600,51000,,0952,,1450,TRACT 952 NEW YORK CITY QUEENS,001,3,15,0,0,0,0,1,1,0,45,73,62,19,47,62,35,50,41,54,49,13,0,83,42,30,0,0,8,0,0,0,0,0,0,0
G36008100962,1960,New York,36,Queens,081,5600,51000,,0962,,1450,TRACT 962 NEW YORK CITY QUEENS,001,3,15,0,0,0,0,1,1,0,20,16,36,47,75,66,103,67,42,12,59,21,5,45,8,12,12,4,8,0,0,0,0,0,0,0
G36008100964,1960,New York,36,Queens,081,5600,51000,,0964,,1450,TRACT 964 NEW YORK CITY QUEENS,001,3,15,0,0,0,0,1,1,0,24,72,47,43,85,97,67,28,34,9,53,20,0,45,28,4,0,5,4,0,0,0,0,0,0,0
G36008100972,1960,New York,36,Queens,081,5600,51000,,0972,,1450,TRACT 972 NEW YORK CITY QUEENS,001,3,15,0,0,0,0,1,1,0,45,26,48,72,109,155,147,65,52,27,22,0,0,40,11,18,11,4,0,0,0,0,0,0,0,0
G36008100973,1960,New York,36,Queens,081,5600,51000,,0973,,1450,TRACT 973 NEW YORK CITY QUEENS,001,3,15,0,0,0,0,1,1,0,4,16,12,28,32,60,92,69,89,81,131,61,5,25,8,0,8,0,0,3,8,0,0,0,0,0
G36008100981,1960,New York,36,Queens,081,5600,51000,,0981,,1450,TRACT 981 NEW YORK CITY QUEENS,001,3,15,0,0,0,0,1,1,0,26,8,4,32,46,52,53,65,57,27,109,57,20,35,4,7,7,8,0,4,0,3,3,0,0,0
G36008100987,1960,New York,36,Queens,081,5600,51000,,0987,,1450,TRACT 987 NEW YORK CITY QUEENS,001,3,15,0,0,0,0,1,1,0,11,6,18,42,27,69,79,103,98,64,123,34,7,21,21,9,27,0,8,0,0,0,4,0,0,0
G36008100991,1960,New York,36,Queens,081,5600,51000,,0991,,1450,TRACT 991 NEW YORK CITY QUEENS,001,3,15,0,0,0,0,1,1,0,26,4,17,20,58,125,130,160,154,151,694,468,209,57,31,42,17,31,16,8,4,8,8,59,14,0
G36008100992,1960,New York,36,Queens,081,5600,51000,,0992,,1450,TRACT 992 NEW YORK CITY QUEENS,001,3,15,0,0,0,0,1,1,0,50,39,24,46,72,96,97,72,34,39,86,16,0,37,26,16,7,0,4,0,12,0,8,0,0,0
G360081009970,1960,New York,36,Queens,081,5600,51000,,0997,0,1450,TRACT 997-0 NEW YORK CITY QUEENS,001,3,15,0,0,0,0,1,1,0,0,15,7,40,29,88,137,231,109,114,258,61,12,4,5,4,3,0,3,4,0,0,0,0,0,0
G360081009971,1960,New York,36,Queens,081,5600,51000,,0997,1,1450,TRACT 997-1 NEW YORK CITY QUEENS,001,3,15,0,0,0,1,1,1,0,8,8,8,15,24,68,83,144,147,99,298,123,35,8,0,0,0,0,4,0,0,0,0,0,0,4
G36008100998,1960,New York,36,Queens,081,5600,51000,,0998,,1450,TRACT 998 NEW YORK CITY QUEENS,001,3,15,0,0,0,0,1,1,0,67,85,107,167,229,309,283,204,250,129,366,112,11,269,73,65,24,16,25,16,17,16,8,0,0,0
G36008100999,1960,New York,36,Queens,081,5600,51000,,0999,,1450,TRACT 999 NEW YORK CITY QUEENS,001,3,15,0,0,1,0,1,1,0,0,0,4,14,40,18,6,12,16,12,11,0,0,38,67,32,13,2,17,0,5,3,0,6,0,0
G36008101008,1960,New York,36,Queens,081,5600,51000,,1008,,1450,TRACT 1008 NEW YORK CITY QUEENS,001,3,15,0,0,0,0,1,1,0,40,69,56,60,115,209,187,187,154,146,291,174,16,103,51,30,45,22,5,4,4,5,0,0,0,0
G36008101010,1960,New York,36,Queens,081,5600,51000,,1010,,1450,TRACT 1010 NEW YORK CITY QUEENS,001,3,15,0,0,0,0,1,1,0,64,66,76,99,107,154,194,148,114,91,239,93,61,177,126,52,75,26,17,5,0,3,0,4,0,0
G36008101017,1960,New York,36,Queens,081,5600,51000,,1017,,1450,TRACT 1017 N Y C0QUEENS,001,3,15,0,0,0,0,1,1,0,30,14,11,39,115,199,294,346,266,189,527,150,28,12,16,7,3,0,6,10,4,0,0,0,0,0
G36008101029,1960,New York,36,Queens,081,5600,51000,,1029,,1450,TRACT 1029 NEW YORK CITY QUEENS,001,3,15,0,0,0,0,1,1,0,4,4,17,15,47,65,69,53,74,55,95,31,0,44,7,4,5,0,0,4,0,0,0,0,4,0
G36008101032,1960,New York,36,Queens,081,5600,51000,,1032,,1450,TRACT 1032 NEW YORK CITY QUEENS,001,3,15,0,0,0,0,0,0,0,105,111,175,276,229,289,243,196,138,101,310,88,32,154,109,81,52,65,24,4,0,4,4,8,4,0
G36008101033,1960,New York,36,Queens,081,5600,51000,,1033,,1450,TRACT 1033 NEW YORK CITY QUEENS,001,3,15,0,0,0,0,1,1,0,17,12,13,49,77,120,166,155,133,89,248,60,20,12,28,4,0,4,8,4,0,4,0,0,0,0
G36008101039,1960,New York,36,Queens,081,5600,51000,,1039,,1450,TRACT 1039 NEW YORK CITY QUEENS,001,3,15,0,0,0,0,1,1,0,41,34,44,58,79,181,223,132,188,115,285,94,39,82,28,17,16,7,6,4,4,0,0,4,0,0
G36008101047,1960,New York,36,Queens,081,5600,51000,,1047,,1450,TRACT 1047 NEW YORK CITY QUEENS,001,3,15,0,0,0,0,1,1,0,17,29,48,48,79,158,184,140,183,129,326,70,13,22,16,20,21,4,0,4,3,0,5,0,0,0
G36008101059,1960,New York,36,Queens,081,5600,51000,,1059,,1450,TRACT 1059 NEW YORK CITY QUEENS,001,3,15,0,0,0,0,1,1,0,4,12,16,36,43,86,109,122,162,80,280,161,24,16,11,21,8,0,4,8,0,4,0,0,0,0
G36008101072,1960,New York,36,Queens,081,5600,51000,,1072,,1450,TRACT 1072 NEW YORK CITY QUEENS,001,3,15,0,0,0,0,1,1,0,24,20,40,60,73,148,116,49,68,45,66,28,0,52,40,18,12,27,0,0,0,5,0,0,0,0
G360081010810,1960,New York,36,Queens,081,5600,51000,,1081,0,1450,TRACT 1081-0 NEW YORK CITY QUEENS,001,3,15,0,0,0,0,1,1,0,0,0,0,0,0,24,4,4,12,4,15,8,4,0,0,0,0,0,4,4,0,0,0,0,0,0
G360081010811,1960,New York,36,Queens,081,5600,51000,,1081,1,1450,TRACT 1081-1 NEW YORK CITY QUEENS,001,3,15,0,0,0,1,1,1,0,0,0,0,0,12,0,16,28,39,24,91,60,29,9,4,0,0,0,0,0,0,0,0,0,0,0
G36008101083,1960,New York,36,Queens,081,5600,51000,,1083,,1450,TRACT 1083 NEW YORK CITY QUEENS,001,3,15,0,0,0,0,1,1,0,4,11,16,13,42,26,78,66,41,44,157,33,11,12,4,3,8,0,4,0,3,0,0,0,0,0
G36008101091,1960,New York,36,Queens,081,5600,51000,,1091,,1450,TRACT 1091 NEW YORK CITY QUEENS,001,3,15,0,0,0,0,1,1,0,9,12,8,19,27,12,40,33,59,45,155,110,29,35,12,12,13,3,7,0,4,0,0,7,0,0
G36008101097,1960,New York,36,Queens,081,5600,51000,,1097,,1450,TRACT 1097 NEW YORK CITY QUEENS,001,3,15,0,0,0,0,1,1,0,7,12,4,17,29,67,58,55,37,45,132,53,28,28,36,8,12,0,4,0,0,4,4,4,0,0
G36008101099,1960,New York,36,Queens,081,5600,51000,,1099,,1450,TRACT 1099 NEW YORK CITY QUEENS,001,3,15,0,0,0,0,1,1,0,29,33,40,58,88,166,106,105,94,87,191,51,11,51,35,8,13,0,4,0,0,0,0,0,0,0
G36008101113,1960,New York,36,Queens,081,5600,51000,,1113,,1450,TRACT 1113 NEW YORK CITY QUEENS,001,3,15,0,0,0,0,1,1,0,8,8,16,26,17,69,74,58,46,35,144,113,8,20,15,7,0,16,19,0,0,0,0,4,0,0
G36008101123,1960,New York,36,Queens,081,5600,51000,,1123,,1450,TRACT 1123 NEW YORK CITY QUEENS,001,3,15,0,0,0,0,1,1,0,3,30,14,53,49,79,82,39,27,32,90,58,0,33,25,12,5,12,8,4,4,4,0,5,0,0
G36008101129,1960,New York,36,Queens,081,5600,51000,,1129,,1450,TRACT 1129 NEW YORK CITY QUEENS,001,3,15,0,0,0,0,1,1,0,7,4,15,20,32,42,48,33,36,66,117,72,8,16,12,16,16,11,0,5,7,0,0,0,0,0
G36008101133,1960,New York,36,Queens,081,5600,51000,,1133,,1450,TRACT 1133 NEW YORK CITY QUEENS,001,3,15,0,0,0,0,1,1,0,4,5,20,29,25,83,84,69,51,57,79,28,13,9,9,0,4,14,4,0,0,0,5,0,0,0
G36008101139,1960,New York,36,Queens,081,5600,51000,,1139,,1450,TRACT 1139 NEW YORK CITY QUEENS,001,3,15,0,0,0,0,1,1,0,12,19,17,40,116,128,138,116,143,94,225,76,12,15,37,4,16,8,29,17,13,4,0,4,0,0
G36008101141,1960,New York,36,Queens,081,5600,51000,,1141,,1450,TRACT 1141 NEW YORK CITY QUEENS,001,3,15,0,0,0,0,1,1,0,12,8,26,12,20,43,93,76,44,57,216,135,12,77,20,15,19,12,9,0,4,0,0,0,0,0
G36008101147,1960,New York,36,Queens,081,5600,51000,,1147,,1450,TRACT 1147 NEW YORK CITY QUEENS,001,3,15,0,0,0,0,1,1,0,4,12,20,9,30,41,36,55,40,40,124,94,45,0,8,4,5,8,9,5,4,9,0,0,0,0
G36008101151,1960,New York,36,Queens,081,5600,51000,,1151,,1450,TRACT 1151 NEW YORK CITY QUEENS,001,3,15,0,0,0,0,1,1,0,0,13,14,3,17,25,22,23,23,4,94,85,18,24,12,14,0,4,0,10,0,4,0,0,4,0
G36008101155,1960,New York,36,Queens,081,5600,51000,,1155,,1450,TRACT 1155 NEW YORK CITY QUEENS,001,3,15,0,0,0,0,1,1,0,0,8,13,16,90,60,90,52,35,31,115,12,6,38,23,24,29,23,15,13,5,0,0,0,0,0
G36008101157,1960,New York,36,Queens,081,5600,51000,,1157,,1450,TRACT 1157 NEW YORK CITY QUEENS,001,3,15,0,0,0,0,1,1,0,12,4,17,17,49,76,92,55,56,63,144,78,26,25,21,8,24,24,3,9,0,11,8,3,0,0
G36008101159,1960,New York,36,Queens,081,5600,51000,,1159,,1450,TRACT 1159 NEW YORK CITY QUEENS,001,3,15,0,0,0,0,1,1,0,13,7,28,42,53,112,95,95,92,78,202,50,30,26,20,17,32,27,19,28,16,5,0,0,0,0
G36008101161,1960,New York,36,Queens,081,5600,51000,,1161,,1450,TRACT 1161 NEW YORK CITY QUEENS,001,3,15,0,0,0,0,1,1,0,4,4,7,36,19,70,34,20,71,49,113,20,22,22,22,20,20,13,7,12,4,0,0,12,0,0
G36008101163,1960,New York,36,Queens,081,5600,51000,,1163,,1450,TRACT 1163 NEW YORK CITY QUEENS,001,3,15,0,0,0,0,1,1,0,8,17,48,68,65,134,134,67,84,124,227,103,24,72,92,44,43,25,44,20,4,0,0,8,4,0
G36008101167,1960,New York,36,Queens,081,5600,51000,,1167,,1450,TRACT 1167 NEW YORK CITY QUEENS,001,3,15,0,0,0,0,1,1,0,8,9,11,24,30,46,31,51,48,25,62,29,5,42,24,7,14,19,16,7,4,0,0,0,0,0
G36008101171,1960,New York,36,Queens,081,5600,51000,,1171,,1450,TRACT 1171 NEW YORK CITY QUEENS,001,3,15,0,0,0,0,1,1,0,11,29,29,55,37,52,88,58,56,48,129,68,30,90,36,22,24,14,33,4,7,7,0,5,0,0
G36008101175,1960,New York,36,Queens,081,5600,51000,,1175,,1450,TRACT 1175 NEW YORK CITY QUEENS,001,3,15,0,0,0,0,1,1,0,39,26,44,44,98,164,177,138,140,94,305,95,29,80,26,31,24,14,26,16,14,0,0,19,0,0
G36008101181,1960,New York,36,Queens,081,5600,51000,,1181,,1450,TRACT 1181 NEW YORK CITY QUEENS,001,3,15,0,0,0,0,1,1,0,4,19,12,22,53,111,79,52,41,36,65,12,5,16,19,4,12,12,0,9,0,0,0,0,0,0
G36008101185,1960,New York,36,Queens,081,5600,51000,,1185,,1450,TRACT 1185 NEW YORK CITY QUEENS,001,3,15,0,0,0,0,1,1,0,8,16,12,31,41,49,46,62,57,28,67,27,0,7,0,11,22,12,10,8,4,7,0,0,0,0
G36008101187,1960,New York,36,Queens,081,5600,51000,,1187,,1450,TRACT 1187 NEW YORK CITY QUEENS,001,3,15,0,0,0,0,1,1,0,4,8,21,33,37,48,80,28,51,40,63,25,12,22,34,17,17,18,8,11,0,4,0,4,0,0
G36008101189,1960,New York,36,Queens,081,5600,51000,,1189,,1450,TRACT 1189 NEW YORK CITY QUEENS,001,3,15,0,0,0,0,1,1,0,4,8,9,17,34,55,90,51,51,24,95,17,4,31,12,12,8,8,12,0,0,4,0,0,0,0
G36008101191,1960,New York,36,Queens,081,5600,51000,,1191,,1450,TRACT 1191 NEW YORK CITY QUEENS,001,3,15,0,0,0,0,1,1,0,8,15,8,36,71,79,75,74,50,28,85,23,3,43,25,12,10,4,16,7,0,0,0,0,0,0
G36008101193,1960,New York,36,Queens,081,5600,51000,,1193,,1450,TRACT 1193 NEW YORK CITY QUEENS,001,3,15,0,0,0,0,1,1,0,8,17,20,31,58,74,48,60,50,23,103,37,4,21,36,11,4,0,13,9,0,0,4,0,0,0
G36008101195,1960,New York,36,Queens,081,5600,51000,,1195,,1450,TRACT 1195 NEW YORK CITY QUEENS,001,3,15,0,0,0,0,1,1,0,4,11,8,4,32,24,27,45,62,41,74,44,4,4,0,9,4,9,5,7,0,0,0,0,0,0
G36008101197,1960,New York,36,Queens,081,5600,51000,,1197,,1450,TRACT 1197 NEW YORK CITY QUEENS,001,3,15,0,1,1,1,1,1,0,0,0,0,0,0,0,0,0,0,0,4,0,0,0,0,0,0,0,0,0,0,0,0,0,0,0
G36008101199,1960,New York,36,Queens,081,5600,51000,,1199,,1450,TRACT 1199 NEW YORK CITY QUEENS,001,3,15,0,0,0,0,1,1,0,13,0,13,14,13,56,64,23,45,17,80,41,9,14,17,4,9,5,8,0,3,0,0,0,0,0
G36008101201,1960,New York,36,Queens,081,5600,51000,,1201,,1450,TRACT 1201 NEW YORK CITY QUEENS,001,3,15,0,0,0,0,1,1,0,5,11,13,12,23,31,40,34,33,55,51,16,0,33,16,4,4,0,8,8,0,7,0,5,0,0
G36008101203,1960,New York,36,Queens,081,5600,51000,,1203,,1450,TRACT 1203 NEW YORK CITY QUEENS,001,3,15,0,0,0,0,1,1,0,16,9,5,22,39,33,38,21,37,29,82,37,13,13,0,4,0,4,0,4,0,0,0,0,0,0
G36008101205,1960,New York,36,Queens,081,5600,51000,,1205,,1450,TRACT 1205 NEW YORK CITY QUEENS,001,3,15,0,0,0,0,1,1,0,7,35,19,37,73,42,31,37,48,12,46,7,0,39,30,8,0,12,0,0,4,0,0,0,0,0
G36008101207,1960,New York,36,Queens,081,5600,51000,,1207,,1450,TRACT 1207 NEW YORK CITY QUEENS,001,3,15,0,0,0,0,1,1,0,8,4,14,13,17,65,101,71,77,53,136,57,0,8,8,0,4,12,0,0,4,0,4,0,0,0
G36008101211,1960,New York,36,Queens,081,5600,51000,,1211,,1450,TRACT 1211 NEW YORK CITY QUEENS,001,3,15,1,1,1,1,1,1,0,0,0,0,0,0,0,0,0,0,0,0,0,0,0,0,0,0,0,0,0,0,0,0,0,0,0
G36008101215,1960,New York,36,Queens,081,5600,51000,,1215,,1450,TRACT 1215 NEW YORK CITY QUEENS,001,3,15,0,0,0,0,1,1,0,22,19,9,39,73,115,166,112,145,56,175,51,7,16,8,11,12,0,7,4,4,4,0,4,0,0
G36008101223,1960,New York,36,Queens,081,5600,51000,,1223,,1450,TRACT 1223 NEW YORK CITY QUEENS,001,3,15,0,0,0,0,1,1,0,11,15,19,32,52,70,86,90,70,59,183,78,16,18,16,13,5,7,3,4,3,3,0,0,0,0
G360081012270,1960,New York,36,Queens,081,5600,51000,,1227,0,1450,TRACT 1227-0 NEW YORK CITY QUEENS,001,3,15,0,0,0,0,1,1,0,29,40,38,114,134,344,339,435,271,229,643,136,12,43,21,17,12,13,4,17,13,9,0,0,0,0
G360081012271,1960,New York,36,Queens,081,5600,51000,,1227,1,1450,TRACT 1227-1 NEW YORK CITY QUEENS,001,3,15,0,0,0,0,0,1,0,32,19,69,129,290,557,479,298,178,137,178,4,0,22,9,10,9,5,0,0,0,0,0,5,0,0
G36008101241,1960,New York,36,Queens,081,5600,51000,,1241,,1450,TRACT 1241 NEW YORK CITY QUEENS,001,3,15,0,0,0,0,1,1,0,11,34,17,48,47,99,90,107,105,70,214,138,18,29,24,9,9,5,20,0,0,0,0,4,0,0
G36008101247,1960,New York,36,Queens,081,5600,51000,,1247,,1450,TRACT 1247 NEW YORK CITY QUEENS,001,3,15,0,0,0,0,1,1,0,4,8,22,32,59,120,90,89,101,64,356,151,40,8,24,16,16,4,4,8,0,0,8,5,0,0
G36008101257,1960,New York,36,Queens,081,5600,51000,,1257,,1450,TRACT 1257 NEW YORK CITY QUEENS,001,3,15,0,0,0,0,0,1,0,16,6,23,55,58,74,53,60,81,78,106,22,0,45,34,17,27,8,16,0,0,0,14,0,0,0
G36008101265,1960,New York,36,Queens,081,5600,51000,,1265,,1450,TRACT 1265 NEW YORK CITY QUEENS,001,3,15,0,0,0,0,1,1,0,4,12,8,19,42,40,72,40,12,31,66,35,13,8,20,14,9,3,0,7,0,4,0,0,0,0
G36008101267,1960,New York,36,Queens,081,5600,51000,,1267,,1450,TRACT 1267 NEW YORK CITY QUEENS,001,3,15,0,0,0,0,1,1,0,4,11,16,19,44,49,64,72,44,35,156,37,11,275,31,0,22,22,4,4,6,16,0,4,9,0
G36008101273,1960,New York,36,Queens,081,5600,51000,,1273,,1450,TRACT 1273 NEW YORK CITY QUEENS,001,3,15,0,0,0,0,1,1,0,16,4,4,4,16,16,4,8,16,24,40,91,106,41,16,11,0,4,4,9,0,0,0,0,4,0
G36008101275,1960,New York,36,Queens,081,5600,51000,,1275,,1450,TRACT 1275 NEW YORK CITY QUEENS,001,3,15,0,0,0,0,1,1,0,0,10,4,8,11,29,26,24,71,38,157,210,182,37,22,20,16,9,0,0,0,0,0,7,0,0
G36008101283,1960,New York,36,Queens,081,5600,51000,,1283,,1450,TRACT 1283 NEW YORK CITY QUEENS,001,3,15,1,1,1,1,1,1,0,0,0,0,0,0,0,0,0,0,0,0,0,0,0,0,0,0,0,0,0,0,0,0,0,0,0
G360081012910,1960,New York,36,Queens,081,5600,51000,,1291,0,1450,TRACT 1291-0 NEW YORK CITY QUEENS,001,3,15,0,0,0,0,1,1,0,45,90,61,129,220,397,445,369,363,341,785,241,80,74,14,21,12,16,17,14,16,13,0,12,0,0
G360081012911,1960,New York,36,Queens,081,5600,51000,,1291,1,1450,TRACT 1291-1 NEW YORK CITY QUEENS,001,3,15,0,0,0,0,1,1,0,15,3,12,17,32,75,34,71,59,82,358,246,143,39,9,22,7,8,4,5,8,0,0,14,4,0
G36008101301,1960,New York,36,Queens,081,5600,51000,,1301,,1450,TRACT 1301 NEW YORK CITY QUEENS,001,3,15,0,0,0,0,1,1,0,20,8,21,30,92,231,235,158,160,125,260,74,16,18,0,0,0,4,3,0,0,0,0,4,0,0
G36008101319,1960,New York,36,Queens,081,5600,51000,,1319,,1450,TRACT 1319 NEW YORK CITY QUEENS,001,3,15,1,1,1,1,1,1,0,0,0,0,0,0,0,0,0,0,0,0,0,0,0,0,0,0,0,0,0,0,0,0,0,0,0
G36008101333,1960,New York,36,Queens,081,5600,51000,,1333,,1450,TRACT 1333 NEW YORK CITY QUEENS,001,3,15,0,0,0,0,1,1,0,7,25,20,44,44,84,125,129,68,102,322,261,72,24,20,11,4,12,9,0,16,0,0,0,8,0
G36008101339,1960,New York,36,Queens,081,5600,51000,,1339,,1450,TRACT 1339 NEW YORK CITY QUEENS,001,3,15,0,0,0,0,1,1,0,4,4,0,4,24,7,32,12,31,33,181,90,4,0,0,4,4,0,8,0,0,0,3,0,0,0
G36008101341,1960,New York,36,Queens,081,5600,51000,,1341,,1450,TRACT 1341 NEW YORK CITY QUEENS,001,3,15,0,0,0,0,1,1,0,7,8,21,31,33,55,100,121,93,81,254,116,37,31,0,9,4,0,0,0,7,0,0,0,0,0
G36008101347,1960,New York,36,Queens,081,5600,51000,,1347,,1450,TRACT 1347 NEW YORK CITY QUEENS,001,3,15,0,0,0,0,1,1,0,27,34,49,75,133,217,286,263,346,313,971,423,106,73,53,37,17,55,42,20,14,20,0,22,0,0
G36008101367,1960,New York,36,Queens,081,5600,51000,,1367,,1450,TRACT 1367 NEW YORK CITY QUEENS,001,3,15,0,0,0,0,1,1,0,16,19,34,55,107,248,187,225,233,145,297,155,27,13,17,4,0,0,8,0,5,4,0,12,0,0
G36008101377,1960,New York,36,Queens,081,5600,51000,,1377,,1450,TRACT 1377 NEW YORK CITY QUEENS,001,3,15,0,0,0,0,1,1,0,20,22,33,99,143,332,301,298,281,138,357,109,11,5,4,9,8,0,4,4,0,0,8,0,0,0
G36008101385,1960,New York,36,Queens,081,5600,51000,,1385,,1450,TRACT 1385 NEW YORK CITY QUEENS,001,3,15,0,0,0,0,1,1,0,14,0,5,3,4,16,8,31,42,23,134,133,32,25,9,9,0,0,0,0,0,0,0,0,0,0
G36008101399,1960,New York,36,Queens,081,5600,51000,,1399,,1450,TRACT 1399 NEW YORK CITY QUEENS,001,3,15,0,0,0,0,1,1,0,0,12,11,18,32,31,52,63,52,43,161,40,4,20,4,0,4,4,0,0,0,3,0,4,0,0
G36008101403,1960,New York,36,Queens,081,5600,51000,,1403,,1450,TRACT 1403 NEW YORK CITY QUEENS,001,3,15,0,0,0,0,1,1,0,8,8,8,21,52,33,88,77,57,74,198,70,17,5,8,7,4,0,3,0,0,0,0,0,0,0
G360081014090,1960,New York,36,Queens,081,5600,51000,,1409,0,1450,TRACT 1409-0 NEW YORK CITY QUEENS,001,3,15,0,0,0,0,1,1,0,4,3,5,27,8,39,28,20,14,38,84,26,4,5,4,0,0,0,0,0,0,0,0,5,0,0
G360081014091,1960,New York,36,Queens,081,5600,51000,,1409,1,1450,TRACT 1409-1 NEW YORK CITY QUEENS,001,3,15,0,0,0,0,1,1,0,4,13,8,12,8,60,104,69,56,72,240,74,5,20,4,4,0,0,0,0,0,0,0,4,3,0
G360081014170,1960,New York,36,Queens,081,5600,51000,,1417,0,1450,TRACT 1417-0 NEW YORK CITY QUEENS,001,3,15,0,0,0,0,1,1,0,12,21,20,25,73,107,154,146,141,126,338,84,23,21,12,0,8,4,8,7,0,4,0,0,0,0
G360081014171,1960,New York,36,Queens,081,5600,51000,,1417,1,1450,TRACT 1417-1 NEW YORK CITY QUEENS,001,3,15,0,0,0,0,1,1,0,3,0,0,0,4,0,11,4,0,4,16,0,4,0,0,0,0,0,0,0,0,0,0,0,0,0
G36008101429,1960,New York,36,Queens,081,5600,51000,,1429,,1450,TRACT 1429 NEW YORK CITY QUEENS,001,3,15,0,0,0,0,1,1,0,12,12,20,22,49,94,145,92,115,101,301,116,20,8,4,13,4,4,0,0,0,0,0,0,0,0
G36008101435,1960,New York,36,Queens,081,5600,51000,,1435,,1450,TRACT 1435 NEW YORK CITY QUEENS,001,3,15,0,0,0,0,1,1,0,8,24,24,17,43,59,64,81,64,23,118,96,10,24,0,9,0,0,5,3,0,0,0,0,0,0
G36008101441,1960,New York,36,Queens,081,5600,51000,,1441,,1450,TRACT 1441 NEW YORK CITY QUEENS,001,3,15,0,0,0,0,1,1,0,12,8,25,32,87,117,135,139,145,63,218,97,21,12,11,14,8,16,0,0,4,0,0,0,4,4
G36008101447,1960,New York,36,Queens,081,5600,51000,,1447,,1450,TRACT 1447 NEW YORK CITY QUEENS,001,3,15,0,0,0,0,0,1,0,16,17,33,56,68,94,107,62,44,42,76,12,0,22,16,11,4,9,10,0,0,0,0,0,0,0
G360081014510,1960,New York,36,Queens,081,5600,51000,,1451,0,1450,TRACT 1451-0 NEW YORK CITY QUEENS,001,3,15,0,0,0,0,1,1,0,0,5,16,9,25,48,38,33,44,23,89,29,0,25,4,4,7,0,5,10,0,0,0,4,0,0
G360081014511,1960,New York,36,Queens,081,5600,51000,,1451,1,1450,TRACT 1451-1 NEW YORK CITY QUEENS,001,3,15,0,0,0,0,1,1,0,5,26,13,8,44,79,79,77,53,48,141,26,7,47,4,8,5,5,4,0,0,0,0,0,0,0
G36008101459,1960,New York,36,Queens,081,5600,51000,,1459,,1450,TRACT 1459 NEW YORK CITY QUEENS,001,3,15,0,0,0,0,1,1,0,10,9,15,28,47,113,92,88,79,94,158,70,7,20,12,14,12,5,8,0,0,0,0,5,0,0
G36008101463,1960,New York,36,Queens,081,5600,51000,,1463,,1450,TRACT 1463 NEW YORK CITY QUEENS,001,3,15,0,0,0,0,1,1,0,8,21,33,16,44,66,93,99,66,73,172,52,8,32,9,17,4,12,9,4,0,0,0,8,0,0
G36008101467,1960,New York,36,Queens,081,5600,51000,,1467,,1450,TRACT 1467 NEW YORK CITY QUEENS,001,3,15,0,0,0,0,1,1,0,8,28,28,41,58,129,84,105,73,60,211,43,0,9,28,49,25,30,7,11,12,0,4,0,0,0
G36008101471,1960,New York,36,Queens,081,5600,51000,,1471,,1450,TRACT 1471 NEW YORK CITY QUEENS,001,3,15,0,0,0,0,1,1,0,4,4,4,20,29,91,71,88,44,72,125,44,0,22,19,7,12,0,12,0,17,0,0,0,0,0
G360081014790,1960,New York,36,Queens,081,5600,51000,,1479,0,1450,TRACT 1479-0 NEW YORK CITY QUEENS,001,3,15,0,0,0,0,1,1,0,4,0,4,0,8,12,0,23,4,4,36,24,0,16,8,0,0,0,0,4,4,0,0,0,0,0
G360081014791,1960,New York,36,Queens,081,5600,51000,,1479,1,1450,TRACT 1479-1 NEW YORK CITY QUEENS,001,3,15,0,0,0,0,1,1,0,6,13,24,26,49,80,113,98,100,84,168,95,17,46,26,19,11,11,14,0,3,7,4,6,0,0
G36008101483,1960,New York,36,Queens,081,5600,51000,,1483,,1450,TRACT 1483 NEW YORK CITY QUEENS,001,3,15,0,0,0,0,1,1,0,4,4,8,12,4,12,67,20,12,36,116,148,102,33,26,0,4,0,5,0,0,4,0,14,0,12
G360081015070,1960,New York,36,Queens,081,5600,51000,,1507,0,1450,TRACT 1507-0 NEW YORK CITY QUEENS,001,3,15,0,0,0,0,1,1,0,4,12,8,22,53,62,50,71,92,63,274,107,32,40,8,12,17,15,12,0,4,4,5,4,0,0
G360081015071,1960,New York,36,Queens,081,5600,51000,,1507,1,1450,TRACT 1507-1 NEW YORK CITY QUEENS,001,3,15,0,0,0,0,1,1,0,12,13,12,20,36,45,74,60,57,57,197,169,40,28,8,17,4,4,4,8,0,0,0,0,4,0
G360081015290,1960,New York,36,Queens,081,5600,51000,,1529,0,1450,TRACT 1529-0 NEW YORK CITY QUEENS,001,3,15,0,0,0,0,1,1,0,4,4,0,21,69,109,116,145,129,101,199,57,45,19,4,4,0,0,4,0,0,0,0,0,0,0
G360081015291,1960,New York,36,Queens,081,5600,51000,,1529,1,1450,TRACT 1529-1 NEW YORK CITY QUEENS,001,3,15,0,0,0,0,1,1,0,8,24,27,64,107,177,265,251,220,187,504,175,64,37,23,8,5,8,4,0,4,3,0,0,0,0
G36008101551,1960,New York,36,Queens,081,5600,51000,,1551,,1450,TRACT 1551 NEW YORK CITY QUEENS,001,3,15,0,0,0,0,1,1,0,43,29,68,85,248,377,524,399,334,258,520,67,8,42,32,30,17,46,44,12,20,4,0,0,0,0
G36008101567,1960,New York,36,Queens,081,5600,51000,,1567,,1450,TRACT 1567 NEW YORK CITY QUEENS,001,3,15,0,0,1,0,0,1,0,0,0,0,0,0,0,0,0,0,0,15,3,0,83,8,47,94,100,11,13,8,0,4,0,4,0
G360081015710,1960,New York,36,Queens,081,5600,51000,,1571,0,1450,TRACT 1571-0 NEW YORK CITY QUEENS,001,3,15,0,0,0,0,1,1,0,40,8,36,64,120,279,382,257,264,208,523,161,20,29,10,15,8,4,9,8,6,0,0,0,4,0
G360081015711,1960,New York,36,Queens,081,5600,51000,,1571,1,1450,TRACT 1571-1 NEW YORK CITY QUEENS,001,3,15,0,0,0,0,1,1,0,0,4,4,16,20,37,65,72,36,47,96,8,0,16,8,4,0,4,0,0,0,0,0,0,0,0
G360081015790,1960,New York,36,Queens,081,5600,51000,,1579,0,1450,TRACT 1579-0 NEW YORK CITY QUEENS,001,3,15,0,0,0,0,1,1,0,16,17,21,42,71,170,244,234,214,124,394,77,4,17,22,8,0,8,16,8,16,4,0,7,0,0
G360081015791,1960,New York,36,Queens,081,5600,51000,,1579,1,1450,TRACT 1579-1 NEW YORK CITY QUEENS,001,3,15,0,0,0,0,1,1,0,4,12,12,27,37,100,113,138,101,101,282,86,13,41,0,14,5,8,8,0,0,0,0,0,0,0
G360081015792,1960,New York,36,Queens,081,5600,51000,,1579,2,1450,TRACT 1579-2 NEW YORK CITY QUEENS,001,3,15,0,0,0,0,1,1,0,12,12,28,35,44,103,175,137,134,76,256,79,4,12,21,12,16,4,4,0,4,4,0,0,0,0
G36008101617,1960,New York,36,Queens,081,5600,51000,,1617,,1450,TRACT 1617 NEW YORK CITY QUEENS,001,3,15,0,0,0,0,1,1,0,18,16,18,43,66,177,156,197,128,109,266,86,4,44,34,17,24,19,15,0,0,0,0,11,0,0
G36008101621,1960,New York,36,Queens,081,5600,51000,,1621,,1450,TRACT 1621 NEW YORK CITY QUEENS,001,3,15,0,0,0,0,1,1,0,20,24,62,40,92,150,153,158,119,110,268,79,8,41,23,13,12,4,13,10,4,0,0,0,4,0
G3600830R0015,1960,New York,36,Rensselaer,083,0160,,R,0015,,0030,TRACT R-15 RENSSELAER CITY,011,4,08,0,0,1,1,1,1,0,40,113,118,122,244,252,154,119,101,68,117,9,8,116,120,41,30,31,19,23,4,0,0,0,0,0
G3600830R0016,1960,New York,36,Rensselaer,083,0160,,R,0016,,0030,TRACT R-16 RENSSELAER CITY,011,4,08,0,0,1,1,1,1,0,26,25,78,130,203,216,172,138,87,69,121,12,8,127,55,18,45,17,7,4,4,0,0,0,0,0
G3600830RC0017,1960,New York,36,Rensselaer,083,0160,,RC,0017,,,TRACT RC-17 HOOSICK TOWN,005,7,00,0,0,1,1,1,1,0,33,110,166,202,252,274,189,172,55,61,141,28,8,157,113,79,51,34,13,3,6,0,0,0,0,0
G3600830RC0018,1960,New York,36,Rensselaer,083,0160,,RC,0018,,,TRACT RC-18 PITTSTOWN TOWN,009,4,00,0,0,1,1,1,1,0,31,55,62,99,120,85,81,58,16,42,46,17,3,75,24,14,11,10,3,0,0,0,0,0,0,0
G3600830RC0019,1960,New York,36,Rensselaer,083,0160,,RC,0019,,,TRACT RC-19 SCHAGHTICOKE TOWN,013,7,00,0,0,1,1,1,1,0,66,61,121,124,133,249,159,179,72,62,72,25,4,91,21,34,20,32,21,8,0,0,0,0,0,0
G3600830RC0020,1960,New York,36,Rensselaer,083,0160,,RC,0020,,,TRACT RC-20 BRUNSWICK TOWN,002,7,00,0,0,1,1,1,1,0,32,71,101,159,240,364,293,253,212,149,346,101,77,77,46,29,50,20,31,8,0,0,0,0,0,0
G3600830RC0021,1960,New York,36,Rensselaer,083,0160,,RC,0021,,,TRACT RC-21 BERLIN TOWN,001,7,00,0,0,1,1,1,1,0,46,67,67,130,172,119,71,49,48,13,39,24,4,103,41,21,15,12,8,0,4,0,0,0,0,0
G3600830RC0022,1960,New York,36,Rensselaer,083,0160,,RC,0022,,,TRACT RC-22 POESTENKILL TOWN,010,7,00,0,0,1,1,1,1,0,55,47,105,190,190,278,227,196,146,128,176,55,20,153,52,40,33,27,20,17,0,12,0,4,0,0
G3600830RC0023,1960,New York,36,Rensselaer,083,0160,,RC,0023,,,TRACT RC-23 NORTH GREENBUSH TOWN,007,7,00,0,0,1,1,1,1,0,20,49,91,159,193,285,284,268,234,105,250,58,12,74,41,20,16,4,12,5,0,0,0,3,0,0
G3600830RC0024,1960,New York,36,Rensselaer,083,0160,,RC,0024,,,TRACT RC-24 EAST GREENBUSH TOWN,003,7,00,0,0,1,1,1,1,0,25,61,126,170,277,362,289,314,214,160,337,82,7,89,40,50,46,46,15,7,17,9,0,4,0,4
G3600830RC0025,1960,New York,36,Rensselaer,083,0160,,RC,0025,,,TRACT RC-25 SCHODACK TOWN,014,7,00,0,0,1,1,1,1,0,43,45,143,182,301,349,292,206,119,89,281,67,12,229,79,53,35,35,30,3,8,4,0,4,0,0
G3600830RC0026,1960,New York,36,Rensselaer,083,0160,,RC,0026,,,TRACT RC-26 NASSAU TOWN,015,7,00,0,0,1,1,1,1,0,66,91,109,131,173,203,164,110,95,52,122,23,0,119,42,16,16,12,4,4,0,0,0,0,0,0
G3600830T0001,1960,New York,36,Rensselaer,083,0160,,T,0001,,0030,TRACT T-1 TROY CITY,016,3,11,0,0,0,0,1,1,0,36,51,114,200,193,257,182,165,104,116,172,32,15,118,89,60,41,22,0,0,8,0,0,0,0,0
G3600830T0002,1960,New York,36,Rensselaer,083,0160,,T,0002,,0030,TRACT T-2 TROY CITY,016,3,11,0,0,0,0,1,1,0,65,80,97,125,190,224,115,129,95,48,87,16,0,157,65,75,51,44,19,24,16,0,0,0,0,0
G3600830T0003,1960,New York,36,Rensselaer,083,0160,,T,0003,,0030,TRACT T-3 TROY CITY,016,3,11,0,0,0,0,1,1,0,27,51,120,101,210,207,150,114,102,62,136,33,0,86,71,52,42,18,12,7,4,0,0,4,0,0
G3600830T0004,1960,New York,36,Rensselaer,083,0160,,T,0004,,0030,TRACT T-4 TROY CITY,016,3,11,0,0,0,0,1,1,0,40,91,165,169,219,174,125,133,69,59,72,4,0,228,143,84,39,26,32,12,4,0,4,4,4,0
G3600830T0005,1960,New York,36,Rensselaer,083,0160,,T,0005,,0030,TRACT T-5 TROY CITY,016,3,11,0,0,0,0,1,1,0,33,91,75,99,186,138,77,77,36,21,44,13,0,113,54,53,48,28,15,7,0,0,0,0,0,0
G3600830T0006,1960,New York,36,Rensselaer,083,0160,,T,0006,,0030,TRACT T-6 TROY CITY,016,3,11,0,0,0,0,0,1,0,45,94,142,97,147,158,81,71,35,29,53,3,0,608,310,131,121,37,24,17,26,7,5,0,0,0
G3600830T0007,1960,New York,36,Rensselaer,083,0160,,T,0007,,0030,TRACT T-7 TROY CITY,016,3,11,0,0,0,0,0,1,0,94,147,157,141,119,97,113,58,35,19,40,8,0,668,299,183,239,102,32,48,4,8,16,25,0,0
G3600830T0008,1960,New York,36,Rensselaer,083,0160,,T,0008,,0030,TRACT T-8 TROY CITY,016,3,11,0,0,0,0,1,1,0,78,86,97,191,156,177,107,90,32,18,46,12,11,517,108,78,96,52,28,40,4,17,3,4,4,9
G3600830T0009,1960,New York,36,Rensselaer,083,0160,,T,0009,,0030,TRACT T-9 TROY CITY,016,3,11,0,0,0,0,1,1,0,58,56,75,124,137,176,138,107,86,40,96,13,0,147,68,37,14,8,11,4,0,0,0,0,0,0
G3600830T0010,1960,New York,36,Rensselaer,083,0160,,T,0010,,0030,TRACT T-10 TROY CITY,016,3,11,0,0,0,0,1,1,0,31,19,88,63,156,178,137,98,96,52,79,12,3,153,49,60,34,32,8,7,0,4,0,0,0,0
G3600830T0011,1960,New York,36,Rensselaer,083,0160,,T,0011,,0030,TRACT T-11 TROY CITY,016,3,11,0,0,0,0,1,1,0,35,75,74,192,235,257,155,128,93,77,106,18,4,90,50,30,31,33,29,4,0,0,0,9,0,0
G3600830T0012,1960,New York,36,Rensselaer,083,0160,,T,0012,,0030,TRACT T-12 TROY CITY,016,3,11,0,0,0,0,1,1,0,29,28,36,53,96,95,109,111,74,64,195,70,37,168,126,78,17,53,12,15,17,9,4,4,4,0
G3600830T0013,1960,New York,36,Rensselaer,083,0160,,T,0013,,0030,TRACT T-13 TROY CITY,016,3,11,0,0,0,0,1,1,0,16,28,36,89,101,128,92,79,58,39,100,40,9,1106,252,78,51,16,4,21,0,4,8,0,0,0
G3600830T0014,1960,New York,36,Rensselaer,083,0160,,T,0014,,0030,TRACT T-14 TROY CITY,016,3,11,0,0,0,0,1,1,0,25,32,49,126,133,152,165,134,128,99,242,57,18,270,70,56,64,33,23,26,11,7,0,5,0,0
G36008500003,1960,New York,36,Richmond,085,5600,51000,,0003,,1450,TRACT 3     NEW YORK CITY RICHMOND,001,3,15,0,1,1,1,1,1,2,4,20,16,14,45,17,84,12,20,41,75,12,0,115,213,127,185,102,50,57,22,13,9,35,16,0
G36008500006,1960,New York,36,Richmond,085,5600,51000,,0006,,1450,TRACT 6     NEW YORK CITY RICHMOND,001,3,15,0,0,0,0,1,1,0,0,11,14,8,44,72,21,30,17,7,63,15,0,27,9,4,8,5,5,0,0,5,0,7,0,0
G36008500007,1960,New York,36,Richmond,085,5600,51000,,0007,,1450,TRACT 7     NEW YORK CITY RICHMOND,001,3,15,0,0,0,0,1,1,0,19,29,67,44,74,105,111,113,76,89,146,36,4,128,87,35,50,56,45,18,4,9,5,8,0,0
G36008500008,1960,New York,36,Richmond,085,5600,51000,,0008,,1450,TRACT 8     NEW YORK CITY RICHMOND,001,3,15,0,0,0,0,1,1,0,31,64,71,86,141,138,159,93,88,87,135,57,0,49,22,8,12,11,20,11,0,0,0,0,0,0
G36008500009,1960,New York,36,Richmond,085,5600,51000,,0009,,1450,TRACT 9     NEW YORK CITY RICHMOND,001,3,15,0,0,0,0,1,1,0,5,46,20,31,44,70,66,47,44,38,86,29,0,33,9,49,41,22,20,8,3,0,0,0,0,0
G36008500011,1960,New York,36,Richmond,085,5600,51000,,0011,,1450,TRACT 11    NEW YORK CITY RICHMOND,001,3,15,0,0,0,0,1,1,0,12,51,71,88,125,194,130,76,95,53,132,23,0,88,74,31,23,47,19,19,4,17,0,0,0,0
G36008500015,1960,New York,36,Richmond,085,5600,51000,,0015,,1450,TRACT 15    NEW YORK CITY RICHMOND,001,3,15,0,0,0,0,1,1,0,0,16,14,25,33,28,17,8,27,5,18,0,0,14,41,3,14,9,5,0,0,0,0,0,5,0
G36008500017,1960,New York,36,Richmond,085,5600,51000,,0017,,1450,TRACT 17    NEW YORK CITY RICHMOND,001,3,15,0,0,0,0,1,1,0,3,4,12,35,39,78,36,17,30,27,79,61,5,24,17,16,12,12,14,8,8,0,0,11,0,0
G36008500018,1960,New York,36,Richmond,085,5600,51000,,0018,,1450,TRACT 18    NEW YORK CITY RICHMOND,001,3,15,0,1,1,1,1,1,2,5,0,14,25,28,27,8,7,4,4,12,0,0,51,169,30,50,27,28,4,8,0,4,18,0,0
G36008500020,1960,New York,36,Richmond,085,5600,51000,,0020,,1450,TRACT 20    NEW YORK CITY RICHMOND,001,3,15,0,0,0,0,1,1,0,9,8,20,16,50,64,65,90,52,33,78,40,12,121,21,18,12,17,8,9,0,0,0,0,0,0
G36008500021,1960,New York,36,Richmond,085,5600,51000,,0021,,1450,TRACT 21    NEW YORK CITY RICHMOND,001,3,15,0,0,0,0,1,1,0,21,47,54,99,120,113,88,54,89,36,75,27,4,78,71,47,24,37,39,20,3,0,4,8,0,0
G36008500027,1960,New York,36,Richmond,085,5600,51000,,0027,,1450,TRACT 27    NEW YORK CITY RICHMOND,001,3,15,0,0,0,0,1,1,0,12,13,9,32,54,52,43,47,20,11,24,17,0,34,30,37,12,48,32,18,9,4,4,5,5,0
G36008500029,1960,New York,36,Richmond,085,5600,51000,,0029,,1450,TRACT 29    NEW YORK CITY RICHMOND,001,3,15,0,0,0,0,1,1,0,10,19,52,46,72,118,86,101,56,68,116,27,0,30,43,16,27,14,4,0,0,0,0,0,0,0
G36008500033,1960,New York,36,Richmond,085,5600,51000,,0033,,1450,TRACT 33    NEW YORK CITY RICHMOND,001,3,15,0,0,0,0,1,1,0,8,16,14,27,33,80,87,66,69,50,129,53,27,131,27,31,44,26,20,16,8,11,0,4,4,3
G36008500036,1960,New York,36,Richmond,085,5600,51000,,0036,,1450,TRACT 36    NEW YORK CITY RICHMOND,001,3,15,0,0,0,0,1,1,0,6,9,9,12,20,46,32,30,9,3,48,10,3,7,6,0,0,0,3,0,0,0,0,0,0,0
G36008500039,1960,New York,36,Richmond,085,5600,51000,,0039,,1450,TRACT 39    NEW YORK CITY RICHMOND,001,3,15,0,0,0,0,1,1,0,17,12,12,21,35,77,80,76,58,44,109,52,24,11,7,9,0,11,11,14,4,4,0,0,0,0
G36008500040,1960,New York,36,Richmond,085,5600,51000,,0040,,1450,TRACT 40    NEW YORK CITY RICHMOND,001,3,15,0,0,0,0,1,1,0,28,18,35,18,72,77,66,80,47,47,105,19,0,14,22,6,19,20,21,8,4,7,4,0,0,0
G36008500047,1960,New York,36,Richmond,085,5600,51000,,0047,,1450,TRACT 47    NEW YORK CITY RICHMOND,001,3,15,0,0,0,0,1,1,0,17,23,13,36,43,43,74,72,47,70,50,42,10,436,86,29,8,8,4,4,5,0,4,0,0,0
G36008500050,1960,New York,36,Richmond,085,5600,51000,,0050,,1450,TRACT 50    NEW YORK CITY RICHMOND,001,3,15,0,0,0,0,1,1,0,24,19,20,27,36,85,73,88,36,32,64,30,0,55,21,13,0,4,10,0,0,0,11,4,0,0
G36008500059,1960,New York,36,Richmond,085,5600,51000,,0059,,1450,TRACT 59    NEW YORK CITY RICHMOND,001,3,15,0,0,0,0,1,1,0,7,17,4,24,43,79,76,81,60,72,167,62,4,7,39,0,4,0,7,16,0,3,0,0,0,0
G36008500064,1960,New York,36,Richmond,085,5600,51000,,0064,,1450,TRACT 64    NEW YORK CITY RICHMOND,001,3,15,0,0,0,0,1,1,0,21,13,4,46,114,217,132,69,61,28,62,41,4,36,21,8,13,7,0,0,0,0,0,12,8,0
G36008500065,1960,New York,36,Richmond,085,5600,51000,,0065,,1450,TRACT 65    NEW YORK CITY RICHMOND,001,3,15,0,0,0,0,1,1,0,13,11,30,8,31,64,50,66,91,49,101,37,11,16,9,20,5,9,8,5,0,0,0,5,0,0
G36008500070,1960,New York,36,Richmond,085,5600,51000,,0070,,1450,TRACT 70    NEW YORK CITY RICHMOND,001,3,15,0,0,0,0,1,1,0,52,31,31,93,169,129,145,119,107,51,147,16,4,55,12,10,16,8,0,0,0,0,0,0,4,0
G36008500074,1960,New York,36,Richmond,085,5600,51000,,0074,,1450,TRACT 74    NEW YORK CITY RICHMOND,001,3,15,0,0,0,0,1,1,0,54,28,32,42,80,84,42,55,69,23,58,10,0,31,4,0,4,0,4,4,4,0,0,0,0,0
G36008500075,1960,New York,36,Richmond,085,5600,51000,,0075,,1450,TRACT 75    NEW YORK CITY RICHMOND,001,3,15,0,0,0,0,1,1,0,0,23,23,61,89,136,124,85,94,39,140,43,4,74,45,56,29,8,25,12,7,4,0,0,0,0
G36008500077,1960,New York,36,Richmond,085,5600,51000,,0077,,1450,TRACT 77    NEW YORK CITY RICHMOND,001,3,15,0,0,0,0,0,1,0,8,15,42,44,55,77,39,28,17,31,52,20,0,27,8,14,25,16,4,4,0,0,0,0,0,0
G36008500081,1960,New York,36,Richmond,085,5600,51000,,0081,,1450,TRACT 81    NEW YORK CITY RICHMOND,001,3,15,0,0,0,0,0,1,0,15,18,77,126,110,156,149,142,74,84,185,21,9,57,38,24,33,27,26,5,16,0,0,5,0,0
G36008500089,1960,New York,36,Richmond,085,5600,51000,,0089,,1450,TRACT 89    NEW YORK CITY RICHMOND,001,3,15,0,0,1,0,1,1,0,0,0,0,0,0,5,0,0,4,0,0,0,0,0,0,0,4,0,0,0,0,0,0,0,0,0
G36008500091,1960,New York,36,Richmond,085,5600,51000,,0091,,1450,TRACT 91    NEW YORK CITY RICHMOND,001,3,15,0,0,0,0,1,1,0,0,0,4,14,22,15,18,25,20,19,97,55,20,54,7,20,4,9,9,0,0,5,0,0,0,0
G36008500096,1960,New York,36,Richmond,085,5600,51000,,0096,,1450,TRACT 96    NEW YORK CITY RICHMOND,001,3,15,0,0,0,0,1,1,0,36,36,79,65,102,165,164,143,103,111,165,65,8,24,12,0,11,27,14,4,0,0,0,0,0,0
G36008500097,1960,New York,36,Richmond,085,5600,51000,,0097,,1450,TRACT 97    NEW YORK CITY RICHMOND,001,3,15,0,0,0,0,0,1,0,13,30,112,133,127,110,130,82,93,57,178,55,4,44,21,10,10,41,0,13,0,5,0,4,0,0
G36008500105,1960,New York,36,Richmond,085,5600,51000,,0105,,1450,TRACT 105   NEW YORK CITY RICHMOND,001,3,15,0,0,0,0,1,1,0,27,23,51,116,121,209,153,149,117,100,144,73,9,95,49,51,35,42,21,4,4,0,0,8,8,4
G36008500112,1960,New York,36,Richmond,085,5600,51000,,0112,,1450,TRACT 112   NEW YORK CITY RICHMOND,001,3,15,0,0,0,0,1,1,0,48,45,41,92,119,144,157,138,71,78,97,23,0,73,38,12,16,7,15,0,0,0,0,0,0,0
G36008500114,1960,New York,36,Richmond,085,5600,51000,,0114,,1450,TRACT 114   NEW YORK CITY RICHMOND,001,3,15,0,0,0,0,1,1,0,51,27,54,58,171,285,253,140,72,72,184,27,0,35,31,0,8,6,6,4,0,0,0,0,0,0
G36008500121,1960,New York,36,Richmond,085,5600,51000,,0121,,1450,TRACT 121   NEW YORK CITY RICHMOND,001,3,15,0,0,0,0,1,1,0,22,16,23,33,41,94,101,96,104,101,212,113,16,8,33,20,4,0,0,4,0,0,0,0,0,0
G36008500122,1960,New York,36,Richmond,085,5600,51000,,0122,,1450,TRACT 122   NEW YORK CITY RICHMOND,001,3,15,0,0,0,0,1,1,0,28,30,43,26,60,131,135,116,129,102,242,86,8,58,15,15,5,12,24,13,17,8,0,4,0,0
G36008500125,1960,New York,36,Richmond,085,5600,51000,,0125,,1450,TRACT 125   NEW YORK CITY RICHMOND,001,3,15,0,0,0,0,1,1,0,20,24,25,41,71,121,86,65,68,58,124,15,0,42,16,12,6,12,8,4,4,0,0,0,0,0
G36008500128,1960,New York,36,Richmond,085,5600,51000,,0128,,1450,TRACT 128   NEW YORK CITY RICHMOND,001,3,15,0,0,0,0,1,1,0,4,43,39,97,132,259,196,109,78,79,131,29,0,51,33,5,32,20,17,17,0,0,0,0,5,0
G360085001320,1960,New York,36,Richmond,085,5600,51000,,0132,0,1450,TRACT 132-0 NEW YORK CITY RICHMOND,001,3,15,0,0,0,0,1,1,0,0,21,4,12,27,90,111,70,104,56,129,8,0,7,21,4,4,0,8,0,0,0,0,4,0,0
G360085001321,1960,New York,36,Richmond,085,5600,51000,,0132,1,1450,TRACT 132-1 NEW YORK CITY RICHMOND,001,3,15,0,0,0,0,1,1,0,0,8,25,32,37,79,97,101,56,49,154,41,21,5,19,4,5,12,8,0,0,0,0,0,0,0
G360085001330,1960,New York,36,Richmond,085,5600,51000,,0133,0,1450,TRACT 133-0 NEW YORK CITY RICHMOND,001,3,15,0,0,0,1,1,1,0,0,0,0,0,5,5,0,0,0,0,0,5,0,0,0,0,0,0,0,0,0,0,0,0,0,0
G360085001331,1960,New York,36,Richmond,085,5600,51000,,0133,1,1450,TRACT 133-1 NEW YORK CITY RICHMOND,001,3,15,0,0,0,0,0,1,0,32,23,31,93,144,121,113,69,49,53,118,17,7,96,46,10,34,7,0,9,0,0,4,0,0,0
G36008500134,1960,New York,36,Richmond,085,5600,51000,,0134,,1450,TRACT 134   NEW YORK CITY RICHMOND,001,3,15,0,0,0,0,1,1,0,4,4,23,33,49,96,128,95,73,96,207,61,8,18,26,8,5,0,4,7,0,3,0,0,4,0
G36008500138,1960,New York,36,Richmond,085,5600,51000,,0138,,1450,TRACT 138   NEW YORK CITY RICHMOND,001,3,15,0,0,0,0,1,1,0,16,12,20,11,4,48,57,68,44,33,131,41,4,19,4,0,0,8,8,4,3,0,0,0,0,0
G36008500141,1960,New York,36,Richmond,085,5600,51000,,0141,,1450,TRACT 141   NEW YORK CITY RICHMOND,001,3,15,0,0,0,0,1,1,0,0,22,17,24,46,43,72,40,79,44,37,21,0,19,4,11,5,0,11,5,3,8,0,0,0,0
G36008500146,1960,New York,36,Richmond,085,5600,51000,,0146,,1450,TRACT 146   NEW YORK CITY RICHMOND,001,3,15,0,0,0,0,1,1,0,26,25,33,17,44,113,118,126,94,84,179,28,4,17,16,4,44,12,12,8,4,0,0,0,0,0
G36008500147,1960,New York,36,Richmond,085,5600,51000,,0147,,1450,TRACT 147   NEW YORK CITY RICHMOND,001,3,15,0,0,0,0,1,1,0,0,26,11,30,42,108,101,69,132,72,238,137,5,49,15,11,4,19,4,4,0,0,10,0,0,0
G36008500151,1960,New York,36,Richmond,085,5600,51000,,0151,,1450,TRACT 151   NEW YORK CITY RICHMOND,001,3,15,0,0,0,0,1,1,0,20,16,34,50,120,171,186,183,137,97,302,104,16,44,20,26,18,15,14,8,8,0,0,0,0,0
G36008500154,1960,New York,36,Richmond,085,5600,51000,,0154,,1450,TRACT 154   NEW YORK CITY RICHMOND,001,3,15,0,0,0,0,1,1,0,0,0,0,4,8,8,17,4,15,12,28,0,5,6,0,4,0,8,0,0,0,5,0,0,0,0
G36008500156,1960,New York,36,Richmond,085,5600,51000,,0156,,1450,TRACT 156   NEW YORK CITY RICHMOND,001,3,15,0,0,0,0,1,1,0,39,64,40,86,89,254,294,312,203,135,292,60,16,48,24,16,12,13,28,12,12,0,8,0,12,0
G36008500168,1960,New York,36,Richmond,085,5600,51000,,0168,,1450,TRACT 168   NEW YORK CITY RICHMOND,001,3,15,0,0,0,0,1,1,0,0,0,0,0,0,10,0,9,0,0,0,0,0,4,0,0,0,0,0,0,0,0,0,0,0,0
G36008500169,1960,New York,36,Richmond,085,5600,51000,,0169,,1450,TRACT 169   NEW YORK CITY RICHMOND,001,3,15,0,0,0,0,1,1,0,0,18,16,41,41,94,84,72,57,29,152,45,13,21,17,4,4,4,8,0,7,0,0,0,0,0
G36008500170,1960,New York,36,Richmond,085,5600,51000,,0170,,1450,TRACT 170   NEW YORK CITY RICHMOND,001,3,15,0,0,0,0,1,1,0,16,17,11,39,54,132,129,142,94,65,149,36,12,48,19,16,11,9,0,4,0,0,3,0,0,0
G36008500173,1960,New York,36,Richmond,085,5600,51000,,0173,,1450,TRACT 173   NEW YORK CITY RICHMOND,001,3,15,0,0,0,0,1,1,0,5,4,19,56,56,182,102,64,11,19,19,5,0,3,5,4,4,4,4,0,0,0,0,0,0,0
G36008500176,1960,New York,36,Richmond,085,5600,51000,,0176,,1450,TRACT 176   NEW YORK CITY RICHMOND,001,3,15,0,0,0,0,1,1,0,22,32,8,13,29,78,19,31,11,9,45,4,0,47,12,4,15,5,8,0,0,0,0,4,0,0
G36008500177,1960,New York,36,Richmond,085,5600,51000,,0177,,1450,TRACT 177   NEW YORK CITY RICHMOND,001,3,15,0,0,0,0,1,1,0,21,14,22,15,37,55,97,83,69,57,183,104,26,36,20,10,16,5,9,0,5,4,0,0,5,5
G36008500179,1960,New York,36,Richmond,085,5600,51000,,0179,,1450,TRACT 179   NEW YORK CITY RICHMOND,001,3,15,0,0,0,0,1,1,0,4,19,19,19,38,57,55,26,31,38,92,35,21,161,20,8,4,0,8,4,4,4,4,0,0,0
G36008500185,1960,New York,36,Richmond,085,5600,51000,,0185,,1450,TRACT 185   NEW YORK CITY RICHMOND,001,3,15,0,0,1,0,1,1,0,0,0,0,0,0,4,0,0,0,3,0,0,0,11,4,32,65,22,9,0,0,0,0,0,0,0
G36008500187,1960,New York,36,Richmond,085,5600,51000,,0187,,1450,TRACT 187   NEW YORK CITY RICHMOND,001,3,15,0,0,0,0,1,1,0,8,36,35,48,66,142,132,157,99,81,133,22,4,39,11,16,7,8,12,0,4,0,0,0,0,0
G36008500189,1960,New York,36,Richmond,085,5600,51000,,0189,,1450,TRACT 189   NEW YORK CITY RICHMOND,001,3,15,0,0,0,0,1,1,0,20,24,18,28,44,140,191,151,162,75,155,27,0,64,24,21,11,12,0,11,0,0,0,0,0,0
G36008500196,1960,New York,36,Richmond,085,5600,51000,,0196,,1450,TRACT 196   NEW YORK CITY RICHMOND,001,3,15,0,0,0,0,1,1,0,13,21,38,15,66,48,68,58,67,25,87,19,3,91,4,16,28,21,4,3,3,0,0,0,0,0
G36008500197,1960,New York,36,Richmond,085,5600,51000,,0197,,1450,TRACT 197   NEW YORK CITY RICHMOND,001,3,15,0,0,0,0,1,1,0,14,11,21,7,26,47,113,67,47,50,126,9,0,8,21,9,4,0,0,9,0,0,0,0,0,0
G36008500201,1960,New York,36,Richmond,085,5600,51000,,0201,,1450,TRACT 201   NEW YORK CITY RICHMOND,001,3,15,0,0,0,0,1,1,0,25,21,30,36,71,155,119,89,70,84,162,14,0,49,28,9,16,16,0,0,0,4,0,0,0,0
G36008500207,1960,New York,36,Richmond,085,5600,51000,,0207,,1450,TRACT 207   NEW YORK CITY RICHMOND,001,3,15,0,0,0,0,0,1,0,59,39,76,104,137,241,111,132,109,35,98,40,0,124,76,72,43,68,40,24,0,0,0,4,0,0
G36008500208,1960,New York,36,Richmond,085,5600,51000,,0208,,1450,TRACT 208   NEW YORK CITY RICHMOND,001,3,15,0,0,0,0,1,1,0,15,28,13,26,53,66,84,63,44,43,88,12,12,64,25,3,3,8,13,4,0,0,0,0,0,0
G36008500213,1960,New York,36,Richmond,085,5600,51000,,0213,,1450,TRACT 213   NEW YORK CITY RICHMOND,001,3,15,0,0,0,0,1,1,0,15,60,65,43,122,183,157,131,71,97,164,40,4,65,36,41,29,31,23,8,8,4,0,9,0,0
G36008500219,1960,New York,36,Richmond,085,5600,51000,,0219,,1450,TRACT 219   NEW YORK CITY RICHMOND,001,3,15,0,0,0,0,1,1,0,3,8,12,7,22,49,40,22,20,13,14,18,0,12,7,0,0,0,0,0,0,3,0,0,0,0
G36008500223,1960,New York,36,Richmond,085,5600,51000,,0223,,1450,TRACT 223   NEW YORK CITY RICHMOND,001,3,15,0,1,1,1,1,1,2,24,37,25,51,73,90,65,59,35,30,78,8,0,39,23,11,14,5,9,4,4,0,5,0,0,0
G36008500226,1960,New York,36,Richmond,085,5600,51000,,0226,,1450,TRACT 226   NEW YORK CITY RICHMOND,001,3,15,0,0,0,0,1,1,0,27,15,21,40,11,60,83,43,85,39,53,4,4,40,4,8,9,12,3,0,0,0,0,0,0,0
G36008500231,1960,New York,36,Richmond,085,5600,51000,,0231,,1450,TRACT 231   NEW YORK CITY RICHMOND,001,3,15,0,0,0,0,1,1,0,0,11,37,32,43,64,60,62,54,25,52,12,0,16,13,0,8,12,5,0,5,12,0,0,0,0
G36008500236,1960,New York,36,Richmond,085,5600,51000,,0236,,1450,TRACT 236   NEW YORK CITY RICHMOND,001,3,15,0,0,0,0,1,0,0,0,0,0,0,3,0,4,0,3,0,8,0,0,4,65,62,8,0,0,0,0,0,0,0,0,0
G36008500239,1960,New York,36,Richmond,085,5600,51000,,0239,,1450,TRACT 239   NEW YORK CITY RICHMOND,001,3,15,0,0,0,0,1,1,0,4,27,22,23,48,75,80,42,50,32,107,21,0,26,7,4,20,8,7,0,0,4,0,0,0,0
G36008500244,1960,New York,36,Richmond,085,5600,51000,,0244,,1450,TRACT 244   NEW YORK CITY RICHMOND,001,3,15,0,0,0,0,1,1,0,4,34,52,22,67,141,133,89,69,36,124,17,0,46,52,16,15,9,7,5,0,0,0,4,0,0
G36008500247,1960,New York,36,Richmond,085,5600,51000,,0247,,1450,TRACT 247   NEW YORK CITY RICHMOND,001,3,15,0,0,0,0,1,1,0,4,17,28,41,59,88,74,39,58,26,45,8,0,8,11,9,21,4,4,0,0,0,0,0,0,0
G36008500248,1960,New York,36,Richmond,085,5600,51000,,0248,,1450,TRACT 248   NEW YORK CITY RICHMOND,001,3,15,0,0,0,0,1,1,0,12,25,55,56,118,164,100,94,121,64,78,9,4,74,11,9,13,18,0,0,4,4,0,0,0,0
G36008500251,1960,New York,36,Richmond,085,5600,51000,,0251,,1450,TRACT 251   NEW YORK CITY RICHMOND,001,3,15,0,0,0,0,1,1,0,19,10,10,19,49,123,112,85,80,70,183,27,5,25,0,4,0,9,13,0,0,0,0,11,0,0
G36008500273,1960,New York,36,Richmond,085,5600,51000,,0273,,1450,TRACT 273   NEW YORK CITY RICHMOND,001,3,15,0,0,0,0,0,1,0,0,0,0,0,13,15,14,14,0,4,22,4,0,15,4,7,40,28,0,4,3,0,0,0,0,0
G36008500277,1960,New York,36,Richmond,085,5600,51000,,0277,,1450,TRACT 277   NEW YORK CITY RICHMOND,001,3,15,0,0,0,0,1,1,0,4,0,0,0,4,0,16,4,5,7,16,17,5,0,0,0,0,0,0,4,0,0,0,0,0,0
G36008500279,1960,New York,36,Richmond,085,5600,51000,,0279,,1450,TRACT 279   NEW YORK CITY RICHMOND,001,3,15,0,0,0,0,1,1,0,8,7,5,4,8,23,46,40,35,20,47,29,0,12,3,12,15,0,0,0,0,4,0,4,0,0
G36008500282,1960,New York,36,Richmond,085,5600,51000,,0282,,1450,TRACT 282   NEW YORK CITY RICHMOND,001,3,15,1,1,1,1,1,1,0,0,0,0,0,0,0,0,0,0,0,0,0,0,0,0,0,0,0,0,0,0,0,0,0,0,0
G36008500291,1960,New York,36,Richmond,085,5600,51000,,0291,,1450,TRACT 291   NEW YORK CITY RICHMOND,001,3,15,0,0,0,0,1,1,0,17,28,42,27,36,82,63,84,104,53,126,20,8,30,27,24,0,8,4,4,4,0,0,0,0,0
G36008500303,1960,New York,36,Richmond,085,5600,51000,,0303,,1450,TRACT 303   NEW YORK CITY RICHMOND,001,3,15,0,0,0,0,1,1,0,9,8,18,4,44,42,24,39,19,18,29,4,0,25,0,0,0,5,0,8,0,0,0,0,0,0
G360085003190,1960,New York,36,Richmond,085,5600,51000,,0319,0,1450,TRACT 319-0 NEW YORK CITY RICHMOND,001,3,15,0,0,0,0,0,1,0,34,46,104,182,135,70,40,25,17,13,41,0,0,10,14,0,3,0,0,0,0,0,0,0,0,0
G360085003191,1960,New York,36,Richmond,085,5600,51000,,0319,1,1450,TRACT 319-1 NEW YORK CITY RICHMOND,001,3,15,0,0,0,0,1,1,0,8,11,38,63,74,63,68,81,48,16,19,13,0,37,33,12,0,4,0,4,0,0,0,0,0,0
G36008500323,1960,New York,36,Richmond,085,5600,51000,,0323,,1450,TRACT 323   NEW YORK CITY RICHMOND,001,3,15,0,0,0,0,1,1,0,5,13,3,7,22,14,26,9,16,11,16,0,0,4,5,0,0,0,0,0,0,0,0,0,0,0
G3600870CLK0008,1960,New York,36,Rockland,087,5600,,CLK,0008,,,TRACT CLK-8 CLARKSTOWN TOWN,001,7,00,0,0,0,0,1,1,0,28,41,64,27,71,107,195,196,183,152,359,111,36,44,28,21,24,3,7,16,8,12,0,4,4,0
G3600870CLK0009,1960,New York,36,Rockland,087,5600,,CLK,0009,,,TRACT CLK-9 CLARKSTOWN TOWN,001,7,00,0,0,1,1,1,1,0,11,42,32,40,69,138,120,88,73,63,122,21,4,68,26,28,12,25,13,8,17,0,0,0,0,0
G3600870CLK0010,1960,New York,36,Rockland,087,5600,,CLK,0010,,1450,TRACT CLK-10 CLARKSTOWN TOWN,001,4,04,0,0,1,1,1,1,0,7,8,28,8,20,39,39,51,30,52,116,67,8,55,14,20,8,20,8,11,0,0,0,0,5,0
G3600870CLK0011,1960,New York,36,Rockland,087,5600,,CLK,0011,,,TRACT CLK-11 CLARKSTOWN TOWN,001,7,00,0,0,0,0,1,1,0,24,49,65,41,99,92,165,139,153,60,169,40,16,44,50,31,25,15,7,0,0,4,0,4,0,0
G3600870CLK0012A,1960,New York,36,Rockland,087,5600,,CLK,0012,A,,TRACT CLK-12-A CLARKSTOWN TOWN,001,7,00,0,0,0,0,1,1,0,8,18,23,16,65,73,93,106,102,56,201,58,20,24,10,16,8,8,4,4,4,4,0,4,0,7
G3600870CLK0012B,1960,New York,36,Rockland,087,5600,,CLK,0012,B,1450,TRACT CLK-12-B CLARKSTOWN TOWN,001,7,00,0,0,0,0,1,1,0,20,28,32,44,69,136,197,215,211,164,344,84,20,91,7,19,4,23,4,3,8,8,12,0,0,0
G3600870CLK0013,1960,New York,36,Rockland,087,5600,,CLK,0013,,1450,TRACT CLK-13 CLARKSTOWN TOWN,001,7,00,0,0,1,1,1,1,0,53,20,38,104,101,174,256,247,156,135,270,64,15,78,34,81,50,22,17,12,4,0,9,4,0,0
G3600870HAV0004,1960,New York,36,Rockland,087,5600,,HAV,0004,,,TRACT HAV-4 HAVERSTRAW TOWN,002,7,00,0,0,1,1,1,1,0,4,0,0,9,3,12,0,0,0,4,0,0,0,22,21,17,79,52,5,4,0,0,0,0,0,0
G3600870HAV0005,1960,New York,36,Rockland,087,5600,,HAV,0005,,,TRACT HAV-5 HAVERSTRAW TOWN,002,7,00,0,0,0,0,1,1,0,16,14,11,60,43,128,104,94,76,56,84,22,5,29,25,18,4,14,0,0,9,0,0,0,0,0
G3600870HAV0006,1960,New York,36,Rockland,087,5600,,HAV,0006,,,TRACT HAV-6 HAVERSTRAW TOWN,002,4,00,0,0,1,1,1,1,0,20,24,29,64,146,174,187,171,114,87,180,25,4,61,55,30,27,8,5,4,4,0,0,0,0,0
G3600870HAV0007,1960,New York,36,Rockland,087,5600,,HAV,0007,,,TRACT HAV-7 HAVERSTRAW TOWN,002,4,00,0,0,0,0,1,0,0,42,53,79,143,183,249,167,160,101,64,204,43,8,143,95,51,70,44,16,15,9,3,0,16,0,0
G3600870OTN0015A,1960,New York,36,Rockland,087,5600,,OTN,0015,A,1450,TRACT OTN-15-A ORANGETOWN TOWN,003,7,00,0,0,1,1,1,1,0,21,7,27,28,43,105,156,169,152,95,282,51,4,33,24,8,12,37,7,3,8,0,7,4,4,0
G3600870OTN0015B,1960,New York,36,Rockland,087,5600,,OTN,0015,B,1450,TRACT OTN-15-B ORANGETOWN TOWN,003,7,00,0,0,1,1,1,1,0,21,21,31,41,69,125,99,112,73,102,237,58,19,47,57,53,10,71,22,40,21,10,4,19,7,0
G3600870OTN0015C,1960,New York,36,Rockland,087,5600,,OTN,0015,C,,TRACT OTN-15-C ORANGETOWN TOWN,003,7,00,0,0,0,1,1,1,0,20,13,4,32,54,96,107,102,132,104,205,72,17,7,3,8,4,0,12,0,0,0,0,7,0,0
G3600870OTN0016,1960,New York,36,Rockland,087,5600,,OTN,0016,,1450,TRACT OTN-16 ORANGETOWN TOWN,003,7,00,0,0,0,0,1,0,0,16,8,15,41,46,127,210,119,186,169,368,99,16,394,20,18,24,15,0,4,0,0,0,4,0,4
G3600870OTN0017,1960,New York,36,Rockland,087,5600,,OTN,0017,,1450,TRACT OTN-17 CLARKSTOWN TOWN,003,4,07,0,0,0,0,0,1,0,90,66,107,74,136,219,163,139,155,89,158,44,16,211,152,92,120,73,34,24,24,4,4,13,0,0
G3600870OTN0018,1960,New York,36,Rockland,087,5600,,OTN,0018,,1450,TRACT OTN-18 ORANGETOWN TOWN,003,4,06,0,0,1,1,1,1,0,13,8,21,69,88,80,89,69,49,52,114,75,22,238,136,82,55,33,32,0,15,4,13,0,0,0
G3600870OTN0019,1960,New York,36,Rockland,087,5600,,OTN,0019,,1450,TRACT OTN-19 ORANGETOWN TOWN,003,4,04,0,0,1,1,1,1,0,8,12,24,24,74,42,47,66,33,52,119,44,13,7,16,18,26,34,14,0,6,12,0,0,0,0
G3600870OTN0020,1960,New York,36,Rockland,087,5600,,OTN,0020,,1450,TRACT OTN-20 ORANGETOWN TOWN,003,7,00,0,0,0,0,1,1,0,20,3,49,44,60,97,122,130,126,93,276,94,25,80,105,43,22,15,8,8,0,3,0,8,0,0
G3600870OTN0021,1960,New York,36,Rockland,087,5600,,OTN,0021,,1450,TRACT OTN-21 ORANGETOWN TOWN,003,7,00,0,0,1,1,0,0,0,0,4,0,0,0,4,8,0,0,0,17,4,0,49,49,54,218,184,36,36,2,4,4,8,0,0
G3600870RAM0022,1960,New York,36,Rockland,087,5600,,RAM,0022,,,TRACT RAM-22 RAMAPO TOWN,004,4,00,0,0,0,0,1,1,0,17,24,8,24,73,80,103,98,71,29,79,35,8,20,20,16,11,0,4,4,0,0,0,4,0,0
G3600870RAM0023,1960,New York,36,Rockland,087,5600,,RAM,0023,,,TRACT RAM-23 RAMAPO TOWN,004,7,00,0,0,1,1,1,1,0,29,34,42,69,73,104,100,73,86,73,219,104,68,39,44,20,19,22,13,15,0,0,6,3,0,0
G3600870RAM0024,1960,New York,36,Rockland,087,5600,,RAM,0024,,,TRACT RAM-24 RAMAPO TOWN,004,7,00,0,0,1,1,1,1,0,28,16,31,94,109,195,198,150,159,156,402,141,25,47,66,41,34,36,13,7,3,4,0,0,7,4
G3600870RAM0025A,1960,New York,36,Rockland,087,5600,,RAM,0025,A,1450,TRACT RAM-25-A RAMAPO TOWN,004,7,00,0,0,1,1,1,1,0,48,44,43,63,102,138,129,144,207,113,305,126,62,166,12,11,16,0,12,0,8,4,0,0,0,0
G3600870RAM0025B,1960,New York,36,Rockland,087,5600,,RAM,0025,B,,TRACT RAM-25-B RAMAPO TOWN,004,7,00,0,0,0,0,1,1,0,7,20,13,37,54,34,118,102,82,43,125,45,12,56,18,16,28,15,0,7,3,0,0,4,0,0
G3600870RAM0026,1960,New York,36,Rockland,087,5600,,RAM,0026,,1450,TRACT RAM-26 RAMAPO TOWN,004,4,07,0,0,1,1,1,1,0,38,59,34,35,72,150,167,150,154,72,286,85,15,115,52,50,45,36,36,35,12,0,17,4,8,0
G3600870RAM0027,1960,New York,36,Rockland,087,5600,,RAM,0027,,1450,TRACT RAM-27 RAMAPO TOWN,004,4,03,0,0,1,1,0,1,0,8,8,20,27,42,50,29,36,4,15,44,3,0,17,7,0,0,4,13,0,0,0,0,0,0,0
G3600870SPV0014,1960,New York,36,Rockland,087,5600,,SPV,0014,,1450,TRACT SPV-14 CLARKSTOWN TOWN,004,4,07,0,0,0,0,0,1,0,101,112,96,174,214,215,211,179,135,81,194,73,4,194,119,89,64,35,28,17,20,13,12,4,4,0
G3600870STP0001,1960,New York,36,Rockland,087,5600,,STP,0001,,,TRACT STP-1 STONY POINT TOWN,005,7,00,0,0,0,0,1,1,0,12,22,50,66,125,159,135,154,114,74,161,60,8,64,38,46,16,22,18,8,9,14,0,3,4,0
G3600870STP0002,1960,New York,36,Rockland,087,5600,,STP,0002,,,TRACT STP-2 STONY POINT TOWN,005,5,00,0,0,1,1,1,1,0,14,17,16,77,42,109,111,85,84,38,117,36,13,53,0,4,0,17,7,0,4,0,4,4,9,0
G3600870STP0003,1960,New York,36,Rockland,087,5600,,STP,0003,,,TRACT STP-3 STONY POINT TOWN,005,7,00,0,1,1,1,1,1,0,0,0,0,0,0,0,0,0,0,0,4,0,0,15,9,18,60,4,8,4,0,0,0,0,0,0
G3600910SA0001,1960,New York,36,Saratoga,091,0160,,SA,0001,,,TRACT SA-1 DAY TOWN,005,7,00,0,0,1,1,1,1,0,25,44,56,87,97,73,25,49,5,16,24,14,0,67,16,9,8,9,5,0,0,0,0,0,0,0
G3600910SA0002,1960,New York,36,Saratoga,091,0160,,SA,0002,,,TRACT SA-2 CORINTH TOWN,004,7,00,0,0,1,1,1,1,0,26,38,30,19,97,55,70,65,30,18,36,8,0,19,15,7,0,4,4,0,0,0,0,0,0,0
G3600910SA0003,1960,New York,36,Saratoga,091,0160,,SA,0003,,,TRACT SA-3 CORINTH TOWN,004,4,00,0,0,1,1,1,1,0,42,71,44,76,125,126,125,87,52,52,68,8,0,71,55,34,22,8,8,8,4,9,0,4,0,0
G3600910SA0004,1960,New York,36,Saratoga,091,0160,,SA,0004,,,TRACT SA-4 MOREAU TOWN,014,7,00,0,0,1,1,1,1,0,40,23,68,54,109,192,158,123,103,55,74,25,0,37,23,28,20,8,18,5,0,0,0,0,0,0
G3600910SA0005,1960,New York,36,Saratoga,091,0160,,SA,0005,,,TRACT SA-5 MOREAU TOWN,014,4,00,0,0,1,1,1,1,0,27,53,51,101,147,164,169,145,85,49,68,16,0,76,56,29,21,42,5,5,0,0,0,4,0,0
G3600910SA0006,1960,New York,36,Saratoga,091,0160,,SA,0006,,,TRACT SA-6 GREENFIELD TOWN,016,7,00,0,0,1,1,1,1,0,29,72,83,84,158,104,84,60,29,36,15,16,0,85,24,11,18,20,0,0,0,4,0,0,0,4
G3600910SA0007,1960,New York,36,Saratoga,091,0160,,SA,0007,,,TRACT SA-7 NORTHUMBERLAND TOWN,015,7,00,0,0,1,1,1,1,0,30,41,70,111,118,144,84,66,61,19,66,4,0,65,22,8,12,16,3,0,0,0,0,0,0,0
G3600910SA0008,1960,New York,36,Saratoga,091,0160,,SA,0008,,,TRACT SA-8 BALLSTON TOWN,013,4,00,0,0,1,1,1,1,0,50,67,141,164,175,197,150,89,67,58,155,26,4,104,94,67,40,33,20,4,4,0,4,0,0,0
G3600910SA0009,1960,New York,36,Saratoga,091,0160,,SA,0009,,,TRACT SA-9 GALWAY TOWN,013,7,00,0,0,1,1,1,1,0,65,99,155,133,144,182,114,99,46,56,100,13,8,49,43,16,26,5,5,4,5,0,0,0,0,0
G3600910SA0010,1960,New York,36,Saratoga,091,0160,,SA,0010,,,TRACT SA-10 SARATOGA SPRINGS CITY,018,4,00,0,0,1,1,0,1,0,182,293,260,430,543,530,458,356,271,147,377,92,31,1531,267,180,190,115,80,40,35,28,9,8,8,0
G3600910SA0011,1960,New York,36,Saratoga,091,0160,,SA,0011,,,TRACT SA-11 SARATOGA,017,4,00,0,0,1,1,1,1,0,49,37,66,125,154,155,106,54,46,29,34,16,4,79,68,24,14,31,3,4,0,0,0,0,0,4
G3600910SA0012,1960,New York,36,Saratoga,091,0160,,SA,0012,,,TRACT SA-12 STILLWATER TOWN,019,7,00,0,0,1,1,1,1,0,38,65,54,154,160,209,138,76,68,35,97,24,4,64,79,34,19,7,7,3,0,0,0,0,0,0
G3600910SA0013,1960,New York,36,Saratoga,091,0160,,SA,0013,,,TRACT SA-13 MALTA TOWN,011,7,00,0,0,1,1,1,1,0,15,40,28,57,65,72,52,79,69,24,82,4,0,43,22,17,17,7,4,0,0,0,4,0,0,0
G3600910SA0014,1960,New York,36,Saratoga,091,0160,,SA,0014,,,TRACT SA-14 BALLSTON TOWN,001,7,00,0,0,1,1,1,1,0,38,41,69,100,150,111,151,120,82,108,231,73,13,44,40,18,15,15,18,4,5,0,0,9,0,0
G3600910SA0015,1960,New York,36,Saratoga,091,0160,,SA,0015,,,TRACT SA-15 CHARLTON TOWN,002,7,00,0,0,1,1,1,1,0,16,20,19,48,42,92,100,91,65,81,137,40,8,23,7,16,0,4,12,0,0,0,4,0,0,0
G3600910SA0016,1960,New York,36,Saratoga,091,0160,,SA,0016,,,TRACT SA-16 CLIFTON PARK TOWN,003,7,00,0,0,1,1,1,1,0,32,50,102,68,161,155,168,86,88,47,182,28,8,49,16,16,12,12,8,4,8,3,0,0,0,0
G3600910SA0017,1960,New York,36,Saratoga,091,0160,,SA,0017,,,TRACT SA-17 HALFMOON TOWN,010,7,00,0,0,1,1,1,1,0,52,74,56,99,121,175,137,135,61,58,104,16,0,25,29,0,12,13,0,0,0,0,0,4,0,0
G3600910SA0018,1960,New York,36,Saratoga,091,0160,,SA,0018,,,TRACT SA-18 MECHANICVILLE CITY,012,4,00,0,0,1,1,1,1,0,75,116,216,193,225,241,238,119,107,71,156,37,4,112,94,23,49,30,7,0,4,9,0,0,0,0
G3600910SA0019,1960,New York,36,Saratoga,091,0160,,SA,0019,,0030,TRACT SA-19 WATERFORD TOWN,020,7,00,0,0,1,1,1,1,0,20,31,39,97,115,194,216,111,95,65,118,38,0,49,32,15,22,17,9,3,3,3,0,0,0,0
G3600910SA0020,1960,New York,36,Saratoga,091,0160,,SA,0020,,0030,TRACT SA-20 WATERFORD TOWN,020,4,06,0,0,1,1,1,1,0,26,62,32,68,93,150,86,77,45,42,108,12,4,55,50,27,17,14,8,20,4,8,0,0,4,0
G3600930G0022,1960,New York,36,Schenectady,093,0160,,G,0022,,0030,TRACT G-22 GLENVILLE TOWN,002,4,07,0,0,1,1,1,1,0,34,21,74,92,120,120,137,178,103,77,199,56,19,82,35,61,22,21,28,0,12,0,0,7,0,0
G3600930G0023,1960,New York,36,Schenectady,093,0160,,G,0023,,0030,TRACT G-23 GLENVILLE TOWN,002,4,07,0,0,1,1,1,1,0,34,20,59,56,67,135,100,122,68,85,178,29,0,51,33,28,12,19,8,12,4,4,0,7,4,0
G3600930G0024,1960,New York,36,Schenectady,093,0160,,G,0024,,,TRACT G-24 GLENVILLE TOWN,002,7,00,0,0,1,1,1,1,0,59,83,92,121,156,206,247,265,275,201,503,101,29,87,37,7,15,17,25,17,8,0,8,3,0,0
G3600930G0025,1960,New York,36,Schenectady,093,0160,,G,0025,,,TRACT G-25 GLENVILLE TOWN,002,7,00,0,0,1,1,1,1,0,29,68,78,86,108,203,267,272,277,229,531,126,20,90,17,20,12,12,8,8,0,0,0,4,0,0
G3600930N0019,1960,New York,36,Schenectady,093,0160,,N,0019,,0030,TRACT N-19 NISKAYUNA TOWN,003,7,00,0,0,1,1,1,1,0,21,32,68,55,97,99,91,125,64,84,233,128,55,62,59,7,24,8,9,11,0,8,5,0,0,0
G3600930N0020,1960,New York,36,Schenectady,093,0160,,N,0020,,0030,TRACT N-20 NISKAYUNA TOWN,003,7,00,0,0,1,1,1,1,0,14,29,36,38,79,88,95,112,114,103,515,296,120,65,12,25,19,20,12,7,5,10,4,11,0,5
G3600930N0021,1960,New York,36,Schenectady,093,0160,,N,0021,,0030,TRACT N-21 NISKAYUNA TOWN,003,7,00,0,0,1,1,1,1,0,4,36,20,30,39,64,95,99,64,58,251,186,104,37,23,0,8,12,8,8,8,8,0,0,0,0
G3600930PD0031,1960,New York,36,Schenectady,093,0160,,PD,0031,,,TRACT PD-31 DUANESBURG TOWN,001,7,00,0,0,1,1,1,1,0,73,75,97,103,174,125,136,59,80,41,89,5,0,62,22,24,12,8,18,8,0,5,0,0,0,0
G3600930R0026,1960,New York,36,Schenectady,093,0160,,R,0026,,,TRACT R-26 ROTTERDAM TOWN,005,7,00,0,0,1,1,1,1,0,34,4,82,49,116,117,127,115,84,63,138,47,8,64,26,0,10,15,5,0,4,0,0,0,0,0
G3600930R0027,1960,New York,36,Schenectady,093,0160,,R,0027,,0030,TRACT R-27 ROTTERDAM TOWN,005,5,08,0,0,1,1,1,1,0,12,55,75,66,153,226,200,130,111,80,121,31,0,105,36,20,16,29,9,12,17,4,0,0,0,0
G3600930R0028,1960,New York,36,Schenectady,093,0160,,R,0028,,0030,TRACT R-28 ROTTERDAM TOWN,005,5,08,0,0,1,1,1,1,0,17,25,81,61,87,123,137,81,54,19,90,8,0,71,10,4,5,14,0,13,9,3,0,0,4,0
G3600930R0029,1960,New York,36,Schenectady,093,0160,,R,0029,,0030,TRACT R-29 ROTTERDAM TOWN,005,5,08,0,0,1,1,1,1,0,32,67,68,101,229,372,422,308,330,181,322,36,4,40,33,19,41,20,16,0,0,0,0,0,0,0
G3600930R0030,1960,New York,36,Schenectady,093,0160,,R,0030,,,TRACT R-30 ROTTERDAM TOWN,005,7,00,0,0,1,1,1,1,0,50,48,67,112,151,280,262,250,199,175,279,19,9,45,24,22,4,31,7,4,4,0,0,0,0,0
G3600930S0001,1960,New York,36,Schenectady,093,0160,,S,0001,,0030,TRACT S-1  SCHENECTADY CITY,006,3,11,0,0,0,0,1,1,0,32,98,135,114,158,183,202,163,127,76,251,74,8,55,60,14,19,23,8,16,37,0,0,12,3,0
G3600930S0002,1960,New York,36,Schenectady,093,0160,,S,0002,,0030,TRACT S-2  SCHENECTADY CITY,006,3,11,0,0,0,0,1,1,0,49,50,80,112,171,128,169,101,63,47,59,12,4,79,25,24,18,7,11,8,9,0,4,0,0,0
G3600930S0003,1960,New York,36,Schenectady,093,0160,,S,0003,,0030,TRACT S-3  SCHENECTADY CITY,006,3,11,0,0,0,0,1,1,0,41,106,84,70,83,39,58,47,35,12,15,0,0,270,193,107,65,51,27,20,4,0,0,0,3,0
G3600930S0004,1960,New York,36,Schenectady,093,0160,,S,0004,,0030,TRACT S-4  SCHENECTADY CITY,006,3,11,0,0,0,0,1,1,0,20,31,49,65,71,78,49,69,52,47,133,78,48,817,189,43,60,66,34,31,15,12,7,8,4,19
G3600930S0005,1960,New York,36,Schenectady,093,0160,,S,0005,,0030,TRACT S-5  SCHENECTADY CITY,006,3,11,0,0,0,0,1,1,0,24,40,71,111,83,189,195,133,154,117,379,177,68,85,52,49,37,27,34,33,15,8,12,13,5,0
G3600930S0006,1960,New York,36,Schenectady,093,0160,,S,0006,,0030,TRACT S-6  SCHENECTADY CITY,006,3,11,0,0,0,0,1,1,0,18,49,50,46,103,137,141,108,90,104,200,90,19,75,89,38,26,35,24,30,9,0,5,11,8,4
G3600930S0007,1960,New York,36,Schenectady,093,0160,,S,0007,,0030,TRACT S-7  SCHENECTADY CITY,006,3,11,0,0,0,0,1,1,0,27,41,101,173,169,193,235,171,143,105,164,20,12,199,76,38,91,42,24,20,26,7,0,0,5,0
G3600930S0008,1960,New York,36,Schenectady,093,0160,,S,0008,,0030,TRACT S-8  SCHENECTADY CITY,006,3,11,0,0,0,0,1,1,0,85,124,90,116,180,197,186,106,91,59,146,33,3,274,116,89,67,65,25,46,24,10,4,4,0,0
G3600930S0009,1960,New York,36,Schenectady,093,0160,,S,0009,,0030,TRACT S-9  SCHENECTADY CITY,006,3,11,0,0,0,0,1,1,0,102,109,174,196,199,177,186,115,89,42,95,25,0,243,90,65,67,33,31,22,16,0,0,9,0,0
G3600930S0010,1960,New York,36,Schenectady,093,0160,,S,0010,,0030,TRACT S-10 SCHENECTADY CITY,006,3,11,0,0,0,0,0,1,0,120,127,193,167,149,166,106,89,33,33,55,8,0,430,251,140,55,58,41,13,4,9,13,12,0,0
G3600930S0011,1960,New York,36,Schenectady,093,0160,,S,0011,,0030,TRACT S-11 SCHENECTADY CITY,006,3,11,0,0,0,0,1,1,0,63,73,74,49,119,74,73,66,24,30,45,8,4,230,116,90,99,124,108,62,19,4,4,27,4,8
G3600930S0012,1960,New York,36,Schenectady,093,0160,,S,0012,,0030,TRACT S-12 SCHENECTADY CITY,006,3,11,0,0,0,0,1,1,0,31,62,53,100,122,148,153,150,60,42,115,8,0,64,77,36,26,43,20,4,0,0,0,0,0,0
G3600930S0013,1960,New York,36,Schenectady,093,0160,,S,0013,,0030,TRACT S-13 SCHENECTADY CITY,006,3,11,0,0,0,0,1,1,0,32,49,106,133,133,169,178,158,103,76,133,30,0,48,66,41,27,28,17,3,0,8,0,0,0,0
G3600930S0014,1960,New York,36,Schenectady,093,0160,,S,0014,,0030,TRACT S-14 SCHENECTADY CITY,006,3,11,0,0,0,0,1,1,0,57,98,128,94,151,135,180,109,72,68,60,29,3,160,63,31,34,44,35,4,0,0,0,0,0,0
G3600930S0015,1960,New York,36,Schenectady,093,0160,,S,0015,,0030,TRACT S-15 SCHENECTADY CITY,006,3,11,0,0,0,0,1,1,0,41,89,84,75,175,149,144,110,67,32,71,12,0,96,50,29,15,22,11,9,0,0,0,0,0,0
G3600930S0016,1960,New York,36,Schenectady,093,0160,,S,0016,,0030,TRACT S-16 SCHENECTADY CITY,006,3,11,0,0,0,0,1,1,0,26,73,116,109,120,189,174,132,92,91,160,21,4,49,33,28,12,16,8,4,5,0,0,4,0,0
G3600930S0017,1960,New York,36,Schenectady,093,0160,,S,0017,,0030,TRACT S-17 SCHENECTADY CITY,006,3,11,0,0,0,0,1,1,0,33,76,159,153,155,163,124,87,63,63,105,0,4,136,84,43,28,8,0,12,10,7,4,4,0,0
G3600930S0018,1960,New York,36,Schenectady,093,0160,,S,0018,,0030,TRACT S-18 SCHENECTADY CITY,006,3,11,0,0,0,0,1,1,0,37,50,100,102,199,198,264,211,155,113,213,40,8,72,26,40,20,28,20,18,4,8,0,7,0,0
G3601030AM0035,1960,New York,36,Suffolk,103,5600,,AM,0035,,1450,TRACT AM-35 BABYLON TOWN,001,4,07,0,0,1,1,1,1,0,32,32,36,65,96,123,96,135,87,119,200,64,32,205,154,155,45,23,43,8,0,17,13,4,0,0
G3601030AM0036,1960,New York,36,Suffolk,103,5600,,AM,0036,,1450,TRACT AM-36 BABYLON TOWN,001,4,07,0,0,1,1,1,1,0,13,20,35,32,42,82,73,84,69,102,227,168,48,37,17,4,8,0,4,13,8,13,0,4,0,0
G3601030BA0023,1960,New York,36,Suffolk,103,5600,,BA,0023,,,TRACT BA-23 BABYLON TOWN,001,7,00,0,0,1,1,1,1,0,5,30,29,50,60,152,146,103,69,88,116,12,13,382,85,47,31,31,12,12,4,8,0,4,0,0
G3601030BA0024,1960,New York,36,Suffolk,103,5600,,BA,0024,,1450,TRACT BA-24 BABYLON TOWN,001,7,00,0,0,1,1,0,1,0,39,36,72,62,130,261,266,232,130,121,174,28,0,80,30,28,20,9,16,4,12,0,0,0,0,0
G3601030BA0025,1960,New York,36,Suffolk,103,5600,,BA,0025,,1450,TRACT BA-25 BABYLON TOWN,001,7,00,0,0,1,1,0,1,0,24,29,27,88,130,147,85,131,99,20,63,4,0,67,54,29,24,17,9,0,0,0,0,0,0,0
G3601030BA0026,1960,New York,36,Suffolk,103,5600,,BA,0026,,1450,TRACT BA-26 BABYLON TOWN,001,7,00,0,0,1,1,1,1,0,55,20,32,73,173,414,753,652,415,302,398,77,12,59,4,5,16,4,4,0,7,0,0,7,4,0
G3601030BA0027,1960,New York,36,Suffolk,103,5600,,BA,0027,,1450,TRACT BA-27 BABYLON TOWN,001,7,00,0,0,1,1,0,1,0,33,45,60,88,151,235,285,183,109,66,156,36,8,42,29,23,8,13,12,0,0,0,0,4,0,0
G3601030BA0028,1960,New York,36,Suffolk,103,5600,,BA,0028,,1450,TRACT BA-28 BABYLON TOWN,001,7,00,0,0,1,1,1,1,0,21,41,22,71,95,199,231,244,152,121,163,39,3,12,18,6,7,4,5,8,0,0,0,0,0,0
G3601030BA0029,1960,New York,36,Suffolk,103,5600,,BA,0029,,1450,TRACT BA-29 BABYLON TOWN,001,7,00,0,0,1,1,1,1,0,29,47,70,123,204,277,348,269,134,99,144,25,0,42,20,20,15,12,0,12,16,4,0,0,0,0
G3601030BA0030,1960,New York,36,Suffolk,103,5600,,BA,0030,,1450,TRACT BA-30 BABYLON TOWN,001,7,00,0,0,1,1,1,1,0,11,56,36,65,158,235,217,146,127,80,131,39,0,26,15,11,12,7,12,5,3,0,0,3,0,0
G3601030BA0031,1960,New York,36,Suffolk,103,5600,,BA,0031,,1450,TRACT BA-31 BABYLON TOWN,001,7,00,0,0,1,1,1,1,0,34,17,18,44,72,125,229,250,216,176,407,116,8,37,4,13,17,13,17,21,0,4,4,0,0,4
G3601030BA0032,1960,New York,36,Suffolk,103,5600,,BA,0032,,1450,TRACT BA-32 BABYLON TOWN,001,7,00,0,0,1,1,0,1,0,73,48,69,59,128,100,55,86,40,45,48,4,0,213,33,48,31,36,4,0,0,0,0,3,0,0
G3601030BA0033,1960,New York,36,Suffolk,103,5600,,BA,0033,,1450,TRACT BA-33 BABYLON TOWN,001,7,00,0,0,1,1,0,1,0,41,44,79,99,142,177,158,114,63,59,91,27,5,98,72,44,42,4,0,4,8,5,0,0,0,0
G3601030BA0034,1960,New York,36,Suffolk,103,5600,,BA,0034,,1450,TRACT BA-34 BABYLON TOWN,001,7,00,0,0,1,1,1,1,0,63,26,48,98,207,365,378,359,257,115,190,16,4,62,8,12,23,16,26,16,8,0,0,0,0,0
G3601030BA0037,1960,New York,36,Suffolk,103,5600,,BA,0037,,1450,TRACT BA-37 BABYLON TOWN,001,5,08,0,0,1,1,0,1,0,57,72,79,165,329,393,358,279,226,110,249,24,8,69,43,47,24,11,11,16,7,0,4,0,0,0
G3601030BA0038,1960,New York,36,Suffolk,103,5600,,BA,0038,,1450,TRACT BA-38 BABYLON TOWN,001,5,08,0,0,1,1,1,1,0,13,50,68,45,99,179,175,154,137,123,153,60,4,42,39,23,19,12,15,7,3,3,0,0,0,0
G3601030BA0043,1960,New York,36,Suffolk,103,5600,,BA,0043,,1450,TRACT BA-43 BABYLON TOWN,001,7,00,0,0,1,1,1,1,0,21,23,33,72,77,176,157,167,135,78,153,8,4,48,22,9,3,10,0,4,9,0,0,0,5,0
G3601030BA0044,1960,New York,36,Suffolk,103,5600,,BA,0044,,,TRACT BA-44 BABYLON TOWN,001,7,00,0,0,1,1,1,1,0,19,16,60,51,78,134,164,152,113,51,120,24,8,14,24,12,8,14,8,3,7,7,8,3,0,0
G3601030BE0093,1960,New York,36,Suffolk,103,5600,,BE,0093,,,TRACT BE-93 BROOKHAVEN TOWN,002,4,00,0,0,1,1,1,1,0,8,16,26,18,27,73,55,71,45,31,144,63,29,40,32,4,8,12,8,0,9,9,3,8,0,0
G3601030BR0080,1960,New York,36,Suffolk,103,5600,,BR,0080,,,TRACT BR-80 BROOKHAVEN TOWN,002,4,00,0,0,1,1,1,1,0,43,34,44,112,111,203,160,142,149,96,335,210,82,42,37,40,21,20,19,25,19,0,8,17,0,5
G3601030BR0081,1960,New York,36,Suffolk,103,5600,,BR,0081,,,TRACT BR-81 BROOKHAVEN TOWN,002,5,00,0,0,1,1,1,1,0,92,85,111,136,236,396,496,391,160,193,190,21,12,95,18,41,17,16,8,12,16,0,0,0,0,0
G3601030BR0082,1960,New York,36,Suffolk,103,5600,,BR,0082,,,TRACT BR-82 BROOKHAVEN TOWN,002,7,00,0,0,1,1,1,1,0,52,78,99,128,144,178,204,181,165,106,276,136,17,233,95,31,59,29,13,21,11,8,8,4,4,0
G3601030BR0083,1960,New York,36,Suffolk,103,5600,,BR,0083,,,TRACT BR-83 BROOKHAVEN TOWN,002,7,00,0,0,1,1,1,1,0,60,97,119,108,287,327,322,189,171,89,235,69,4,76,64,28,29,35,17,9,9,0,0,0,0,0
G3601030BR0084,1960,New York,36,Suffolk,103,5600,,BR,0084,,,TRACT BR-84 BROOKHAVEN TOWN,002,7,00,0,0,1,1,1,1,0,40,62,44,118,55,156,137,139,78,59,125,48,8,65,17,16,6,5,4,7,12,5,0,4,5,0
G3601030BR0085,1960,New York,36,Suffolk,103,5600,,BR,0085,,,TRACT BR-85 BROOKHAVEN TOWN,002,5,00,0,0,1,1,1,1,0,81,159,150,261,320,426,296,295,186,81,203,30,9,225,55,57,11,41,8,16,13,4,0,9,0,0
G3601030BR0086,1960,New York,36,Suffolk,103,5600,,BR,0086,,,TRACT BR-86 BROOKHAVEN TOWN,002,5,00,0,0,1,1,1,1,0,59,99,88,203,268,377,363,214,196,125,195,25,0,120,44,15,25,20,12,7,3,0,0,0,0,0
G3601030BR0087,1960,New York,36,Suffolk,103,5600,,BR,0087,,,TRACT BR-87 BROOKHAVEN TOWN,002,7,00,0,0,1,1,0,1,0,49,82,104,155,221,227,169,140,75,50,158,16,4,111,59,47,35,31,11,25,9,12,5,0,13,5
G3601030BR0088,1960,New York,36,Suffolk,103,5600,,BR,0088,,1450,TRACT BR-88 BROOKHAVEN TOWN,002,7,00,0,0,1,1,1,1,0,80,97,70,196,247,298,177,155,122,93,209,62,49,179,42,28,22,17,14,12,4,5,0,14,4,0
G3601030BR0091,1960,New York,36,Suffolk,103,5600,,BR,0091,,1450,TRACT BR-91 BROOKHAVEN TOWN,002,7,00,0,0,1,1,1,1,0,44,103,167,212,281,399,333,252,171,118,200,37,0,74,61,32,20,13,4,8,8,0,9,13,0,0
G3601030BR0092,1960,New York,36,Suffolk,103,5600,,BR,0092,,,TRACT BR-92 BROOKHAVEN TOWN,002,7,00,0,0,1,1,1,1,0,25,62,99,144,162,249,244,206,136,104,237,80,24,63,25,39,9,11,26,12,4,0,0,8,4,0
G3601030BR0094,1960,New York,36,Suffolk,103,5600,,BR,0094,,,TRACT BR-94 BROOKHAVEN TOWN,002,5,00,0,0,1,1,0,1,0,152,102,163,176,185,213,176,81,73,27,90,13,0,96,45,20,7,15,4,10,0,0,0,0,0,0
G3601030BR0095,1960,New York,36,Suffolk,103,5600,,BR,0095,,,TRACT BR-95 BROOKHAVEN TOWN,002,5,00,0,0,1,1,1,1,0,62,167,202,172,254,252,165,143,106,42,88,4,0,111,42,56,22,22,16,4,4,0,0,0,0,0
G3601030BR0096,1960,New York,36,Suffolk,103,5600,,BR,0096,,,TRACT BR-96 BROOKHAVEN TOWN,002,5,00,0,0,1,1,1,1,0,22,58,101,99,121,174,101,96,69,90,87,17,9,104,78,23,9,21,7,31,0,4,0,0,5,0
G3601030BV0045,1960,New York,36,Suffolk,103,5600,,BV,0045,,1450,TRACT BV-45 BABYLON TOWN,001,4,08,0,0,1,1,1,1,0,21,17,38,36,94,129,140,111,115,107,218,79,12,62,22,32,4,17,27,0,4,8,0,0,0,0
G3601030BV0046,1960,New York,36,Suffolk,103,5600,,BV,0046,,1450,TRACT BV-46 BABYLON TOWN,001,4,08,0,0,1,1,1,1,0,19,41,52,65,116,217,231,196,120,146,302,154,50,94,64,31,53,37,48,7,11,22,0,12,13,4
G3601030BW0071,1960,New York,36,Suffolk,103,5600,,BW,0071,,1450,TRACT BW-71 ISLIP TOWN,005,4,06,0,0,1,1,1,1,0,16,13,15,27,47,32,43,59,46,81,213,151,74,20,22,11,14,17,5,8,9,4,11,3,3,4
G3601030EH0109,1960,New York,36,Suffolk,103,5600,,EH,0109,,,TRACT EH-109 EAST HAMPTON TOWN,003,4,00,0,0,1,1,1,1,0,33,52,85,124,143,211,134,68,73,60,103,64,26,177,65,60,39,34,25,12,0,6,0,0,9,4
G3601030EH0110,1960,New York,36,Suffolk,103,5600,,EH,0110,,,TRACT EH-110 EAST HAMPTON TOWN,003,9,00,0,1,1,1,1,1,2,29,47,99,215,195,202,119,71,40,34,78,28,8,111,141,64,62,28,18,0,0,0,0,4,4,0
G3601030GR0101,1960,New York,36,Suffolk,103,5600,,GR,0101,,,TRACT GR-101 SOUTHOLD TOWN,010,4,00,0,0,1,1,1,1,0,54,48,53,73,124,103,52,59,46,15,28,9,8,92,57,40,12,23,20,18,4,0,0,0,0,0
G3601030HU0001,1960,New York,36,Suffolk,103,5600,,HU,0001,,,TRACT HU-1  HUNTINGTON TOWN,004,5,00,0,0,1,1,1,1,0,40,47,31,38,78,87,103,81,114,59,326,373,169,244,82,60,16,40,16,12,8,0,4,11,6,8
G3601030HU0002,1960,New York,36,Suffolk,103,5600,,HU,0002,,,TRACT HU-2  HUNTINGTON TOWN,004,5,00,0,0,1,1,1,1,0,40,41,74,40,38,109,82,122,130,56,371,248,80,70,53,46,20,3,19,23,29,7,9,13,5,4
G3601030HU0003,1960,New York,36,Suffolk,103,5600,,HU,0003,,,TRACT HU-3  HUNTINGTON TOWN,004,5,00,0,0,1,1,1,1,0,26,58,57,39,49,103,110,125,74,56,329,229,103,56,33,24,26,25,19,7,4,7,0,4,4,0
G3601030HU0004,1960,New York,36,Suffolk,103,5600,,HU,0004,,,TRACT HU-4  HUNTINGTON TOWN,004,5,00,0,0,1,1,1,1,0,13,79,38,24,56,78,70,93,112,59,270,238,42,39,49,15,13,33,15,8,13,6,0,7,0,0
G3601030HU0005,1960,New York,36,Suffolk,103,5600,,HU,0005,,,TRACT HU-5  HUNTINGTON TOWN,004,5,00,0,0,1,1,1,1,0,23,14,36,20,86,90,55,115,133,104,292,191,62,42,31,10,15,32,17,8,0,8,9,4,0,0
G3601030HU0007,1960,New York,36,Suffolk,103,5600,,HU,0007,,,TRACT HU-7  HUNTINGTON TOWN,004,7,00,0,0,1,1,1,1,0,0,0,0,5,0,0,0,0,5,5,5,5,0,29,32,34,147,88,8,0,4,0,4,0,0,0
G3601030HU0008,1960,New York,36,Suffolk,103,5600,,HU,0008,,,TRACT HU-8  HUNTINGTON TOWN,004,7,00,0,0,1,1,1,1,0,22,11,25,20,66,80,68,79,122,51,175,72,24,26,17,4,13,19,10,6,3,4,3,15,4,4
G3601030HU0009,1960,New York,36,Suffolk,103,5600,,HU,0009,,,TRACT HU-9  HUNTINGTON TOWN,004,5,00,0,0,0,0,1,1,0,55,60,56,73,133,142,121,128,122,102,214,83,16,107,46,52,65,42,18,31,21,18,13,4,0,0
G3601030HU0010,1960,New York,36,Suffolk,103,5600,,HU,0010,,,TRACT HU-10 HUNTINGTON TOWN,004,5,00,0,0,1,1,1,1,0,49,46,47,71,145,168,180,153,134,78,243,78,4,83,32,28,32,16,13,0,12,11,0,0,0,0
G3601030HU0011,1960,New York,36,Suffolk,103,5600,,HU,0011,,,TRACT HU-11 HUNTINGTON TOWN,004,5,00,0,0,1,1,0,1,0,25,73,50,90,97,221,223,209,152,109,200,72,4,66,38,27,19,27,8,4,8,4,0,0,0,0
G3601030HU0012,1960,New York,36,Suffolk,103,5600,,HU,0012,,,TRACT HU-12 HUNTINGTON TOWN,004,5,00,0,0,1,1,1,1,0,36,70,82,96,162,197,266,231,190,123,312,49,12,84,19,25,35,29,16,4,7,7,0,9,0,0
G3601030HU0013,1960,New York,36,Suffolk,103,5600,,HU,0013,,,TRACT HU-13 HUNTINGTON TOWN,004,5,00,0,0,1,1,1,1,0,20,40,17,23,16,63,27,57,72,75,201,182,21,25,8,4,4,4,9,0,8,0,0,0,0,0
G3601030HU0014,1960,New York,36,Suffolk,103,5600,,HU,0014,,,TRACT HU-14 HUNTINGTON TOWN,004,5,00,0,0,1,1,1,1,0,32,36,37,41,39,95,82,98,124,75,330,122,20,11,20,8,12,7,3,4,8,0,0,0,0,4
G3601030HU0015,1960,New York,36,Suffolk,103,5600,,HU,0015,,,TRACT HU-15 HUNTINGTON TOWN,004,5,00,0,0,1,1,0,1,0,38,34,33,83,129,221,265,244,267,195,313,101,12,58,19,17,31,13,16,2,0,4,5,3,9,3
G3601030HU0016,1960,New York,36,Suffolk,103,5600,,HU,0016,,,TRACT HU-16 HUNTINGTON TOWN,004,5,00,0,0,1,1,1,1,0,27,43,65,59,146,143,168,204,199,139,286,56,8,55,27,32,15,0,0,4,12,0,0,0,5,0
G3601030HU0017,1960,New York,36,Suffolk,103,5600,,HU,0017,,,TRACT HU-17 HUNTINGTON TOWN,004,5,00,0,0,1,1,1,1,0,28,48,79,60,141,246,264,263,280,221,388,58,16,61,19,15,16,16,8,4,12,17,0,0,0,0
G3601030HU0018,1960,New York,36,Suffolk,103,5600,,HU,0018,,,TRACT HU-18 HUNTINGTON TOWN,004,5,00,0,0,1,1,1,1,0,19,22,24,27,64,95,175,208,185,107,308,101,8,15,12,4,4,12,4,7,0,0,0,0,0,0
G3601030HU0019,1960,New York,36,Suffolk,103,5600,,HU,0019,,,TRACT HU-19 HUNTINGTON TOWN,004,7,00,0,0,1,1,1,1,0,16,25,19,25,32,63,90,122,101,94,383,212,33,25,16,15,15,8,0,4,9,0,0,0,0,0
G3601030HU0020,1960,New York,36,Suffolk,103,5600,,HU,0020,,,TRACT HU-20 HUNTINGTON TOWN,004,5,00,0,0,1,1,1,1,0,42,54,34,73,129,195,288,293,271,219,435,89,4,59,37,16,9,9,8,0,0,5,0,8,5,0
G3601030HU0021,1960,New York,36,Suffolk,103,5600,,HU,0021,,,TRACT HU-21 HUNTINGTON TOWN,004,7,00,0,0,1,1,1,1,0,17,8,29,38,80,137,247,227,202,159,316,111,19,23,10,8,0,4,8,0,4,5,9,4,0,0
G3601030HU0022,1960,New York,36,Suffolk,103,5600,,HU,0022,,,TRACT HU-22 HUNTINGTON TOWN,004,7,00,0,0,1,1,1,1,0,33,59,67,87,120,247,266,292,247,214,487,142,28,137,29,4,4,8,7,7,5,0,0,4,0,0
G3601030IS0055,1960,New York,36,Suffolk,103,5600,,IS,0055,,1450,TRACT IS-55 ISLIP TOWN,005,7,00,0,0,1,1,0,1,0,0,4,0,5,0,12,5,14,12,8,27,4,0,27,23,42,196,58,14,17,0,0,0,0,0,0
G3601030IS0056,1960,New York,36,Suffolk,103,5600,,IS,0056,,1450,TRACT IS-56 ISLIP TOWN,005,7,00,0,0,1,1,0,0,0,18,74,59,147,213,600,616,430,249,155,303,64,8,43,53,27,16,15,18,0,5,0,0,4,0,0
G3601030IS0057,1960,New York,36,Suffolk,103,5600,,IS,0057,,1450,TRACT IS-57 ISLIP TOWN,005,7,00,0,0,1,1,1,1,0,28,73,67,112,183,271,308,214,192,141,205,31,8,79,40,37,25,7,13,0,4,3,3,0,0,0
G3601030IS0058,1960,New York,36,Suffolk,103,5600,,IS,0058,,,TRACT IS-58 ISLIP TOWN,005,7,00,0,0,1,1,1,1,0,37,57,77,78,118,163,146,138,66,38,117,19,0,65,26,7,13,14,6,0,0,4,0,0,0,0
G3601030IS0059,1960,New York,36,Suffolk,103,5600,,IS,0059,,1450,TRACT IS-59 ISLIP TOWN,005,7,00,0,0,1,1,0,1,0,66,37,100,205,213,479,458,315,238,183,245,34,0,47,38,35,20,8,4,4,0,4,5,0,0,0
G3601030IS0060,1960,New York,36,Suffolk,103,5600,,IS,0060,,1450,TRACT IS-60 ISLIP TOWN,005,5,08,0,0,1,1,0,0,0,37,65,76,125,195,228,238,174,138,118,149,19,4,77,47,26,30,41,8,12,8,0,0,4,0,0
G3601030IS0061,1960,New York,36,Suffolk,103,5600,,IS,0061,,1450,TRACT IS-61 ISLIP TOWN,005,5,08,0,0,1,1,1,1,0,23,19,36,69,136,271,303,187,137,67,108,27,0,402,4,8,8,11,12,0,4,4,0,0,0,0
G3601030IS0062,1960,New York,36,Suffolk,103,5600,,IS,0062,,1450,TRACT IS-62 ISLIP TOWN,005,7,00,0,0,1,1,1,1,0,45,50,70,124,249,359,392,264,197,146,169,24,8,68,40,26,28,41,8,8,12,0,0,0,0,0
G3601030IS0063,1960,New York,36,Suffolk,103,5600,,IS,0063,,1450,TRACT IS-63 ISLIP TOWN,005,7,00,0,0,1,1,0,0,0,0,0,4,12,4,4,8,8,9,8,16,9,0,39,12,8,60,55,0,4,0,0,0,5,0,0
G3601030IS0064,1960,New York,36,Suffolk,103,5600,,IS,0064,,1450,TRACT IS-64 ISLIP TOWN,005,7,00,0,0,1,1,1,1,0,18,27,50,97,168,292,256,216,154,77,75,24,0,0,4,0,7,0,12,4,4,0,0,0,0,0
G3601030IS0065,1960,New York,36,Suffolk,103,5600,,IS,0065,,1450,TRACT IS-65 ISLIP TOWN,005,7,00,0,0,1,1,1,1,0,6,21,36,49,53,120,92,61,55,20,89,23,4,39,21,20,11,7,3,0,3,0,0,0,0,0
G3601030IS0066,1960,New York,36,Suffolk,103,5600,,IS,0066,,,TRACT IS-66 ISLIP TOWN,005,7,00,0,0,1,1,1,1,0,40,79,92,92,174,180,155,137,124,75,139,28,4,104,36,26,24,12,9,4,4,0,4,0,0,0
G3601030IS0067,1960,New York,36,Suffolk,103,5600,,IS,0067,,1450,TRACT IS-67 ISLIP TOWN,005,7,00,0,0,1,1,1,1,0,22,47,82,110,175,358,406,248,204,121,186,21,0,30,16,17,14,12,19,4,4,0,0,0,0,0
G3601030IS0068,1960,New York,36,Suffolk,103,5600,,IS,0068,,1450,TRACT IS-68 ISLIP TOWN,005,7,00,0,0,1,1,1,1,0,26,9,24,58,101,195,230,190,149,79,162,26,0,37,8,0,4,8,13,4,0,0,7,0,0,0
G3601030IS0069,1960,New York,36,Suffolk,103,5600,,IS,0069,,1450,TRACT IS-69 ISLIP TOWN,005,7,00,0,0,1,1,1,1,0,45,4,40,52,108,175,205,248,192,149,493,223,66,74,23,24,5,57,5,4,8,8,8,15,9,0
G3601030IS0070,1960,New York,36,Suffolk,103,5600,,IS,0070,,1450,TRACT IS-70 ISLIP TOWN,005,7,00,0,0,1,1,1,1,0,37,19,39,76,121,203,242,275,183,145,239,59,40,45,39,24,8,11,13,9,3,11,0,0,0,0
G3601030IS0072,1960,New York,36,Suffolk,103,5600,,IS,0072,,1450,TRACT IS-72 ISLIP TOWN,005,7,00,0,0,1,1,1,1,0,59,73,94,100,94,135,137,132,107,100,186,89,63,235,72,74,57,63,33,4,12,0,0,22,0,0
G3601030IS0073,1960,New York,36,Suffolk,103,5600,,IS,0073,,1450,TRACT IS-73 ISLIP TOWN,005,7,00,0,0,1,1,0,1,0,39,58,88,92,103,159,106,83,79,57,158,72,57,235,71,69,44,24,36,13,0,4,0,4,8,4
G3601030IS0074,1960,New York,36,Suffolk,103,5600,,IS,0074,,1450,TRACT IS-74 ISLIP TOWN,005,7,00,0,0,1,1,1,1,0,81,70,66,94,104,247,191,179,133,115,270,164,39,91,48,49,20,28,19,12,8,8,0,0,0,0
G3601030IS0075,1960,New York,36,Suffolk,103,5600,,IS,0075,,1450,TRACT IS-75 ISLIP TOWN,005,7,00,0,0,1,1,1,1,0,21,130,80,141,236,345,457,405,355,232,382,94,27,93,62,43,17,40,8,20,3,9,4,0,0,0
G3601030IS0076,1960,New York,36,Suffolk,103,5600,,IS,0076,,1450,TRACT IS-76 ISLIP TOWN,005,7,00,0,0,1,1,1,1,0,32,4,12,13,78,74,88,94,93,12,148,41,16,23,10,16,4,8,4,4,0,10,0,0,0,3
G3601030IS0077,1960,New York,36,Suffolk,103,5600,,IS,0077,,1450,TRACT IS-77 ISLIP TOWN,005,7,00,0,0,1,1,1,1,0,37,40,61,99,142,174,222,224,121,97,208,24,8,73,34,11,21,16,3,12,4,5,0,0,0,0
G3601030IS0078,1960,New York,36,Suffolk,103,5600,,IS,0078,,1450,TRACT IS-78 ISLIP TOWN,005,7,00,0,0,1,1,1,1,0,34,51,67,84,141,232,168,150,166,128,320,115,5,127,67,23,43,12,27,0,12,11,0,4,0,0
G3601030IS0079,1960,New York,36,Suffolk,103,5600,,IS,0079,,1450,TRACT IS-79 ISLIP TOWN,005,7,00,0,0,1,1,1,1,0,21,35,33,51,114,113,234,127,95,78,295,74,23,62,30,12,8,15,0,0,0,5,0,0,0,0
G3601030LI0039,1960,New York,36,Suffolk,103,5600,,LI,0039,,1450,TRACT LI-39 BABYLON TOWN,001,4,09,0,0,0,0,1,1,0,12,48,25,41,86,195,244,127,105,82,145,12,0,46,30,13,3,7,0,0,4,0,0,0,0,0
G3601030LI0040,1960,New York,36,Suffolk,103,5600,,LI,0040,,1450,TRACT LI-40 BABYLON TOWN,001,4,09,0,0,0,0,1,1,0,28,16,28,88,101,234,315,184,121,96,164,28,0,45,21,16,15,15,12,8,0,0,0,4,0,0
G3601030LI0041,1960,New York,36,Suffolk,103,5600,,LI,0041,,1450,TRACT LI-41 BABYLON TOWN,001,4,09,0,0,0,0,1,1,0,16,72,80,94,151,174,270,188,175,113,219,39,5,54,46,20,4,8,9,21,9,4,4,0,0,0
G3601030LI0042,1960,New York,36,Suffolk,103,5600,,LI,0042,,1450,TRACT LI-42 BABYLON TOWN,001,4,09,0,0,0,0,1,1,0,23,50,52,38,116,143,150,198,82,76,134,20,0,78,66,7,4,15,4,4,8,0,0,5,0,0
G3601030NO0006,1960,New York,36,Suffolk,103,5600,,NO,0006,,,TRACT NO-6  HUNTINGTON TOWN,004,4,00,0,0,1,1,1,1,0,40,61,57,72,106,132,178,139,141,123,347,144,34,130,70,27,38,23,14,14,8,8,4,24,0,4
G3601030PA0089,1960,New York,36,Suffolk,103,5600,,PA,0089,,1450,TRACT PA-89 BROOKHAVEN TOWN,002,4,07,0,0,0,0,1,1,0,53,76,112,178,217,163,211,182,56,81,103,70,23,176,112,54,59,49,7,9,13,8,0,8,8,0
G3601030PA0090,1960,New York,36,Suffolk,103,5600,,PA,0090,,1450,TRACT PA-90 BROOKHAVEN TOWN,002,4,07,0,0,0,0,1,1,0,25,62,56,36,64,86,116,115,71,32,108,35,0,85,59,33,31,4,17,4,0,4,0,0,0,0
G3601030RH0097,1960,New York,36,Suffolk,103,5600,,RH,0097,,,TRACT RH-97 RIVERHEAD TOWN,006,7,00,0,0,1,1,0,1,0,84,70,76,81,96,126,96,69,57,39,87,14,0,65,56,24,10,9,4,0,5,4,0,0,0,0
G3601030RH0098,1960,New York,36,Suffolk,103,5600,,RH,0098,,,TRACT RH-98 RIVERHEAD TOWN,006,5,00,0,0,1,1,0,1,0,72,60,100,148,202,173,193,114,117,43,165,58,19,127,79,53,46,40,36,31,18,4,0,16,0,4
G3601030RH0099,1960,New York,36,Suffolk,103,5600,,RH,0099,,,TRACT RH-99 RIVERHEAD TOWN,006,7,00,0,0,1,1,0,1,0,93,91,103,137,154,161,128,110,61,59,88,40,16,111,81,47,18,8,3,4,0,0,12,0,0,0
G3601030SH0104,1960,New York,36,Suffolk,103,5600,,SH,0104,,,TRACT SH-104 SOUTHAMPTON TOWN,009,5,00,0,0,1,1,0,1,0,35,88,127,155,245,168,154,109,95,61,122,20,7,136,328,145,71,38,19,4,0,4,0,7,0,0
G3601030SH0105,1960,New York,36,Suffolk,103,5600,,SH,0105,,,TRACT SH-105 SOUTHAMPTON TOWN,009,7,00,0,0,1,1,1,1,0,64,44,111,130,109,131,108,119,99,69,136,47,24,85,69,65,37,34,17,10,13,4,4,5,0,4
G3601030SH0106,1960,New York,36,Suffolk,103,5600,,SH,0106,,,TRACT SH-106 SOUTHAMPTON TOWN,009,7,00,0,0,1,1,1,1,0,55,61,91,126,120,150,88,122,75,71,107,54,20,143,50,20,27,4,12,4,8,0,0,0,8,0
G3601030SH0107,1960,New York,36,Suffolk,103,5600,,SH,0107,,,TRACT SH-107 SOUTHAMPTON TOWN,009,4,00,0,0,1,1,0,1,0,151,110,167,242,313,271,264,163,130,88,216,102,27,285,114,95,31,19,44,9,9,0,5,12,5,5
G3601030SI0103,1960,New York,36,Suffolk,103,5600,,SI,0103,,,TRACT SI-103 SHELTER ISLAND TOWN,007,7,00,0,0,1,1,1,1,0,15,10,48,57,64,35,33,22,9,24,32,19,9,36,36,9,0,10,5,0,5,0,0,0,0,0
G3601030SM0047,1960,New York,36,Suffolk,103,5600,,SM,0047,,,TRACT SM-47 SMITHTOWN TOWN,008,7,00,0,0,1,1,1,1,0,28,56,46,74,141,179,270,203,238,120,255,82,12,39,47,36,34,35,4,4,4,0,0,8,0,0
G3601030SM0048,1960,New York,36,Suffolk,103,5600,,SM,0048,,,TRACT SM-48 SMITHTOWN TOWN,008,5,00,0,0,1,1,0,1,0,3,1,1,0,0,0,0,0,5,0,8,1,3,66,36,74,28,9,36,4,0,0,0,0,0,0
G3601030SM0049,1960,New York,36,Suffolk,103,5600,,SM,0049,,,TRACT SM-49 SMITHTOWN TOWN,008,5,00,0,0,1,1,1,1,0,18,37,59,104,163,228,201,190,141,165,434,151,53,102,54,25,13,26,18,17,17,4,4,8,4,4
G3601030SM0050,1960,New York,36,Suffolk,103,5600,,SM,0050,,,TRACT SM-50 SMITHTOWN TOWN,008,5,00,0,0,1,1,1,1,0,88,58,123,85,146,259,259,193,141,91,213,36,31,96,44,50,8,21,30,8,6,0,0,14,8,0
G3601030SM0051,1960,New York,36,Suffolk,103,5600,,SM,0051,,,TRACT SM-51 SMITHTOWN TOWN,008,7,00,0,0,1,1,1,1,0,27,13,38,26,107,178,308,245,174,128,228,25,0,25,8,8,13,0,4,0,0,0,0,4,0,0
G3601030SM0052,1960,New York,36,Suffolk,103,5600,,SM,0052,,,TRACT SM-52 SMITHTOWN TOWN,008,7,00,0,0,1,1,1,1,0,8,21,18,54,72,175,267,277,222,187,253,17,12,4,0,0,12,9,0,0,3,3,4,0,0,0
G3601030SM0053,1960,New York,36,Suffolk,103,5600,,SM,0053,,,TRACT SM-53 SMITHTOWN TOWN,008,7,00,0,0,1,1,1,1,0,22,21,50,43,102,161,196,159,116,99,199,49,9,32,28,0,13,9,9,5,0,0,0,0,0,0
G3601030SM0054,1960,New York,36,Suffolk,103,5600,,SM,0054,,,TRACT SM-54 SMITHTOWN TOWN,008,5,00,0,0,1,1,1,1,0,8,42,61,62,116,89,140,80,69,51,98,4,0,36,21,24,9,17,12,11,6,0,0,0,0,0
G3601030SO0100,1960,New York,36,Suffolk,103,5600,,SO,0100,,,TRACT SO-100 SOUTHOLD TOWN,010,7,00,0,0,1,1,1,1,0,106,53,143,128,171,184,158,158,73,55,122,32,24,149,37,32,18,20,0,8,0,4,0,0,5,0
G3601030SO0102,1960,New York,36,Suffolk,103,5600,,SO,0102,,,TRACT SO-102 SOUTHOLD TOWN,010,7,00,0,1,1,1,1,1,2,110,131,103,185,177,216,158,115,133,70,172,39,17,121,64,58,34,48,25,3,8,0,14,4,5,0
G3601030SV0108,1960,New York,36,Suffolk,103,5600,,SV,0108,,,TRACT SV-108 SOUTHAMPTON TOWN,009,4,00,0,0,0,0,0,1,0,30,60,83,136,119,136,130,161,41,21,158,55,19,192,106,99,58,24,24,4,4,4,4,4,4,4
G3601190ARD0106,1960,New York,36,Westchester,119,5560,,ARD,0106,,1450,TRACT ARD-106  GREENBURGH TOWN,004,4,06,0,0,1,1,1,1,0,3,16,12,8,12,69,49,41,79,82,384,202,44,24,16,8,8,0,17,0,0,0,0,4,4,0
G3601190BED0126,1960,New York,36,Westchester,119,5560,,BED,0126,,,TRACT BED-126 BEDFORD TOWN,001,7,00,0,0,1,1,1,1,0,13,27,49,55,70,64,77,68,88,81,179,148,57,76,70,77,65,27,20,4,0,0,5,9,0,0
G3601190BED0127,1960,New York,36,Westchester,119,5560,,BED,0127,,,TRACT BED-127 BEDFORD TOWN,001,7,00,0,0,1,1,1,1,0,5,8,21,18,58,42,44,49,67,47,130,103,143,31,53,61,18,23,5,5,0,4,8,12,5,0
G3601190BED0128,1960,New York,36,Westchester,119,5560,,BED,0128,,1450,TRACT BED-128 BEDFORD TOWN,001,7,00,0,0,1,1,0,1,0,8,30,35,57,85,94,111,109,83,61,182,98,98,49,64,125,106,53,55,8,6,4,0,9,0,4
G3601190BMR0132,1960,New York,36,Westchester,119,5560,,BMR,0132,,1450,TRACT BMR-132 MOUNT PLEASANT TOWN,014,4,07,0,0,1,1,1,1,0,0,12,4,29,8,41,49,74,67,36,287,310,211,463,141,105,42,8,12,8,4,0,0,0,20,0
G3601190BUC0140,1960,New York,36,Westchester,119,5560,,BUC,0140,,1450,TRACT BUC-140 CORTLANDT TOWN,002,4,05,0,0,1,1,1,1,0,0,0,24,44,63,74,82,79,67,31,80,16,0,22,20,12,4,0,4,0,0,0,4,0,0,0
G3601190BXV0046,1960,New York,36,Westchester,119,5560,,BXV,0046,,1450,TRACT BXV-46 EASTCHESTER TOWN,003,4,07,0,0,1,1,1,1,0,11,12,12,29,43,65,55,62,40,60,214,194,203,107,79,79,75,46,28,35,22,8,4,79,13,19
G3601190BXV0047,1960,New York,36,Westchester,119,5560,,BXV,0047,,1450,TRACT BXV-47 EASTCHESTER TOWN,003,4,07,0,0,1,1,1,1,0,0,4,12,8,10,4,13,12,9,4,103,225,464,108,57,93,23,15,4,0,0,0,4,12,7,16
G3601190CRO0138,1960,New York,36,Westchester,119,5560,,CRO,0138,,1450,TRACT CRO-138 CORTLANDT TOWN,002,4,07,0,0,1,1,1,1,0,0,10,12,45,50,87,90,91,129,72,185,99,15,8,11,9,35,17,8,8,0,8,0,0,4,0
G3601190CRO0139,1960,New York,36,Westchester,119,5560,,CRO,0139,,1450,TRACT CRO-139 CORTLANDT TOWN,002,4,07,0,0,1,1,1,1,0,35,29,29,49,51,141,83,61,93,68,143,66,43,42,52,25,28,29,18,22,17,0,4,8,4,0
G3601190CTD0146A,1960,New York,36,Westchester,119,5560,,CTD,0146,A,1450,TRACT CTD-146-A CORTLANDT TOWN,002,7,00,0,0,1,1,1,1,0,13,21,46,51,153,211,143,167,96,33,118,25,5,73,30,29,58,29,47,34,28,8,7,4,11,0
G3601190CTD0146B,1960,New York,36,Westchester,119,5560,,CTD,0146,B,,TRACT CTD-146-B CORTLANDT TOWN,002,7,00,0,0,1,1,1,1,0,0,33,43,40,62,131,124,151,83,68,232,73,36,68,84,33,31,21,9,4,5,0,0,4,0,4
G3601190CTD0147A,1960,New York,36,Westchester,119,5560,,CTD,0147,A,1450,TRACT CTD-147-A CORTLANDT TOWN,002,7,00,0,0,1,1,1,1,0,13,20,15,26,48,115,86,114,91,95,113,20,0,32,34,0,14,0,0,0,5,0,0,0,0,0
G3601190CTD0147B,1960,New York,36,Westchester,119,5560,,CTD,0147,B,,TRACT CTD-147-B CORTLANDT TOWN,002,7,00,0,0,1,1,1,1,0,4,47,36,41,67,97,207,160,155,92,195,63,0,20,25,4,15,11,5,8,4,0,0,0,0,0
G3601190DBF0104,1960,New York,36,Westchester,119,5560,,DBF,0104,,1450,TRACT DBF-104  GREENBURGH TOWN,004,4,07,0,0,1,1,1,1,0,12,35,24,54,128,87,95,103,58,76,193,76,13,65,63,31,64,4,10,15,19,4,0,8,0,0
G3601190DBF0105,1960,New York,36,Westchester,119,5560,,DBF,0105,,1450,TRACT DBF-105  GREENBURGH TOWN,004,4,07,0,0,1,1,1,1,0,15,33,25,49,111,135,104,157,102,85,356,229,79,35,38,42,28,18,15,10,5,9,10,3,0,0
G3601190ECH0049,1960,New York,36,Westchester,119,5560,,ECH,0049,,1450,TRACT ECH-49 EASTCHESTER TOWN,003,7,00,0,0,1,1,1,1,0,15,11,12,39,53,45,38,53,63,68,236,232,111,70,38,39,25,12,47,23,31,8,12,45,16,8
G3601190ECH0050,1960,New York,36,Westchester,119,5560,,ECH,0050,,1450,TRACT ECH-50 EASTCHESTER TOWN,003,7,00,0,0,1,1,1,1,0,23,33,46,40,85,154,141,139,99,109,503,375,132,38,96,43,23,14,19,16,8,4,9,8,6,0
G3601190ECH0051,1960,New York,36,Westchester,119,5560,,ECH,0051,,1450,TRACT ECH-51 EASTCHESTER TOWN,003,7,00,0,0,1,1,1,1,0,46,22,21,56,75,160,172,161,122,157,398,190,65,30,54,38,25,8,21,4,4,9,6,10,0,0
G3601190ECH0052,1960,New York,36,Westchester,119,5560,,ECH,0052,,1450,TRACT ECH-52 EASTCHESTER TOWN,003,7,00,0,0,1,1,1,1,0,16,21,16,32,17,54,74,85,80,65,263,282,179,34,42,39,14,16,20,12,12,0,0,9,0,8
G3601190ELM0112,1960,New York,36,Westchester,119,5560,,ELM,0112,,1450,TRACT ELM-112  GREENBURGH TOWN,004,4,06,0,0,1,1,0,1,0,34,35,52,37,90,128,104,125,74,92,143,67,0,48,30,15,23,35,0,17,3,0,0,0,0,0
G3601190GRB0107,1960,New York,36,Westchester,119,5560,,GRB,0107,,1450,TRACT GRB-107  GREENBURGH TOWN,004,7,00,0,0,1,1,1,1,0,7,20,16,35,23,36,61,56,51,85,294,470,383,128,46,90,39,8,21,4,9,4,0,7,12,4
G3601190GRB0108A,1960,New York,36,Westchester,119,5560,,GRB,0108,A,1450,TRACT GRB-108-A GREENBURGH TOWN,004,7,00,0,0,1,1,1,1,0,8,11,12,16,29,42,80,56,74,74,270,271,160,58,29,41,21,18,30,4,9,14,22,25,17,17
G3601190GRB0108B,1960,New York,36,Westchester,119,5560,,GRB,0108,B,1450,TRACT GRB-108-B GREENBURGH TOWN,004,7,00,0,0,1,1,1,1,0,12,5,41,49,53,121,70,126,127,137,494,327,149,51,39,42,60,48,19,15,12,11,8,28,4,0
G3601190GRB0109A,1960,New York,36,Westchester,119,5560,,GRB,0109,A,1450,TRACT GRB-109-A GREENBURGH TOWN,004,7,00,0,0,1,1,1,1,0,0,0,8,13,19,8,24,27,32,27,79,58,33,13,6,13,8,12,13,0,0,4,0,0,0,0
G3601190GRB0109B,1960,New York,36,Westchester,119,5560,,GRB,0109,B,1450,TRACT GRB-109-B GREENBURGH TOWN,004,7,00,0,0,1,1,0,1,0,6,15,32,34,41,124,150,153,145,128,291,66,8,13,7,9,15,10,12,10,7,19,0,4,6,0
G3601190GRB0109C,1960,New York,36,Westchester,119,5560,,GRB,0109,C,1450,TRACT GRB-109-C GREENBURGH TOWN,004,7,00,0,0,1,1,0,1,0,38,26,87,167,97,106,85,87,52,33,169,55,19,122,30,87,65,46,13,4,4,0,0,0,0,0
G3601190GRB0110,1960,New York,36,Westchester,119,5560,,GRB,0110,,1450,TRACT GRB-110  GREENBURGH TOWN,004,7,00,0,0,1,1,0,1,0,22,0,17,24,26,55,66,40,26,29,74,16,11,15,9,18,21,16,4,9,0,0,0,0,0,5
G3601190GRB0111,1960,New York,36,Westchester,119,5560,,GRB,0111,,1450,TRACT GRB-111  GREENBURGH TOWN,004,7,00,0,0,1,1,1,1,0,14,24,9,21,47,95,94,108,94,96,534,252,64,69,43,21,0,8,12,8,4,0,0,0,0,0
G3601190HAR0084A,1960,New York,36,Westchester,119,5560,,HAR,0084,A,1450,TRACT HAR-84-A HARRISON TOWN,005,7,00,0,0,1,1,1,1,0,0,7,4,8,19,16,15,20,19,11,61,89,169,31,16,72,11,4,0,8,4,0,0,4,0,0
G3601190HAR0084B,1960,New York,36,Westchester,119,5560,,HAR,0084,B,1450,TRACT HAR-84-B HARRISON TOWN,005,7,00,0,0,1,1,1,1,0,73,75,59,60,247,261,207,162,138,153,340,107,28,90,36,38,13,20,26,0,4,12,4,0,0,0
G3601190HAR0085,1960,New York,36,Westchester,119,5560,,HAR,0085,,1450,TRACT HAR-85 HARRISON TOWN,005,7,00,0,0,1,1,1,1,0,3,16,12,10,25,11,4,13,7,17,94,142,450,277,133,201,60,16,20,8,8,0,8,7,8,19
G3601190HAR0086,1960,New York,36,Westchester,119,5560,,HAR,0086,,,TRACT HAR-86 HARRISON TOWN,005,7,00,0,0,1,1,1,1,0,8,4,24,32,23,36,9,24,23,15,70,45,97,628,22,23,14,15,4,0,4,0,0,3,4,4
G3601190HAR0087,1960,New York,36,Westchester,119,5560,,HAR,0087,,1450,TRACT HAR-87 HARRISON TOWN,005,7,00,0,0,1,1,1,1,0,4,30,35,42,161,174,129,151,167,117,172,59,8,26,12,27,4,18,34,6,0,4,0,3,0,0
G3601190HAS0102,1960,New York,36,Westchester,119,5560,,HAS,0102,,1450,TRACT HAS-102  GREENBURGH TOWN,004,4,07,0,0,1,1,1,1,0,6,37,23,32,62,113,80,103,77,78,385,242,88,60,32,21,11,19,3,5,6,4,0,15,0,0
G3601190HAS0103,1960,New York,36,Westchester,119,5560,,HAS,0103,,1450,TRACT HAS-103  GREENBURGH TOWN,004,4,07,0,0,1,1,1,1,0,24,32,53,35,68,130,102,96,93,71,180,106,25,74,62,43,28,27,8,15,8,5,3,8,11,0
G3601190IRV0113,1960,New York,36,Westchester,119,5560,,IRV,0113,,1450,TRACT IRV-113 GREENBURGH TOWN,004,4,07,0,0,1,1,1,1,0,14,11,40,38,73,99,119,131,135,131,315,285,138,74,39,64,37,40,13,8,18,0,0,13,17,8
G3601190LAR0071,1960,New York,36,Westchester,119,5560,,LAR,0071,,1450,TRACT LAR-71 MAMARONECK TOWN,007,4,07,0,0,1,1,1,1,0,47,54,55,51,70,119,102,79,86,88,346,327,343,132,92,125,82,77,37,20,24,4,0,11,7,7
G3601190LEW0125,1960,New York,36,Westchester,119,5560,,LEW,0125,,,TRACT LEW-125 LEWISBORO TOWN,006,7,00,0,0,1,1,1,1,0,44,29,48,82,122,94,108,84,102,63,144,92,81,56,70,29,5,29,7,4,0,6,0,0,4,0
G3601190MMT0069,1960,New York,36,Westchester,119,5560,,MMT,0069,,1450,TRACT MMT-69 MAMARONECK TOWN,007,7,00,0,0,1,1,1,1,0,17,11,36,36,40,51,88,100,118,44,319,273,306,42,49,69,24,34,17,5,0,0,0,12,20,9
G3601190MMT0070,1960,New York,36,Westchester,119,5560,,MMT,0070,,1450,TRACT MMT-70 MAMARONECK TOWN,007,7,00,0,0,1,1,1,1,0,18,29,29,46,52,147,115,90,91,63,401,373,379,53,89,118,32,25,27,22,9,8,0,46,12,29
G3601190MMV0072,1960,New York,36,Westchester,119,5560,,MMV,0072,,1450,TRACT MMV-72 MAMARONECK TOWN,007,4,08,0,0,1,1,1,1,0,75,31,61,72,135,159,172,110,87,69,265,147,216,124,78,60,66,32,28,4,19,14,4,13,0,0
G3601190MMV0073,1960,New York,36,Westchester,119,5560,,MMV,0073,,1450,TRACT MMV-73 MAMARONECK TOWN,007,4,08,0,0,1,1,0,1,0,60,41,46,68,136,170,124,108,97,37,204,99,5,75,41,25,27,21,18,8,0,5,0,10,0,0
G3601190MMV0074,1960,New York,36,Westchester,119,5560,,MMV,0074,,1450,TRACT MMV-74 RYE TOWN,019,4,08,0,0,1,1,1,1,0,14,52,73,58,148,192,195,216,122,132,341,228,156,76,83,69,57,33,25,26,11,13,8,0,16,0
G3601190MTK0129,1960,New York,36,Westchester,119,5560,,MTK,0129,,1450,TRACT MTK-129 BEDFORD TOWN,010,4,07,0,0,1,1,1,1,0,21,35,23,62,92,97,93,68,51,85,89,22,0,52,73,39,52,20,30,11,3,11,4,3,5,0
G3601190MTK0130,1960,New York,36,Westchester,119,5560,,MTK,0130,,1450,TRACT MTK-130 BEDFORD TOWN,010,4,07,0,0,1,1,1,1,0,4,33,30,64,102,147,156,70,142,61,179,93,20,26,18,28,8,32,13,9,8,0,0,4,0,4
G3601190MTP0118,1960,New York,36,Westchester,119,5560,,MTP,0118,,1450,TRACT MTP-118 MOUNT PLEASANT TOWN,008,7,00,0,0,1,1,1,1,0,4,10,20,24,35,36,46,67,64,34,115,112,55,10,7,14,8,5,8,8,7,4,0,0,3,0
G3601190MTP0119,1960,New York,36,Westchester,119,5560,,MTP,0119,,,TRACT MTP-119 MOUNT PLEASANT TOWN,008,7,00,0,0,1,1,0,1,0,11,14,33,57,77,113,125,152,117,100,275,77,15,150,70,80,77,42,22,10,8,8,0,14,3,0
G3601190MTP0120,1960,New York,36,Westchester,119,5560,,MTP,0120,,1450,TRACT MTP-120 MOUNT PLEASANT TOWN,008,7,00,0,0,1,1,1,1,0,7,35,0,8,63,115,151,160,131,137,264,89,8,50,4,45,12,15,16,5,3,5,0,7,0,0
G3601190MTP0121,1960,New York,36,Westchester,119,5560,,MTP,0121,,1450,TRACT MTP-121 MOUNT PLEASANT TOWN,008,7,00,0,0,1,1,1,1,0,24,16,26,68,75,158,159,147,112,139,418,257,45,156,41,41,32,17,15,17,13,4,5,0,4,0
G3601190MTV0025,1960,New York,36,Westchester,119,5560,,MTV,0025,,1450,TRACT MTV-25 MOUNT VERNON CITY,009,4,11,0,0,0,0,1,1,0,13,10,4,21,20,36,34,8,23,8,16,0,0,4,15,3,0,4,0,4,0,0,0,0,0,0
G3601190MTV0026,1960,New York,36,Westchester,119,5560,,MTV,0026,,1450,TRACT MTV-26 MOUNT VERNON CITY,009,4,11,0,0,0,0,0,1,0,26,33,33,78,107,115,122,84,112,90,153,35,0,106,48,12,17,12,4,9,0,9,5,0,0,0
G3601190MTV0027,1960,New York,36,Westchester,119,5560,,MTV,0027,,1450,TRACT MTV-27 MOUNT VERNON CITY,009,4,11,0,0,0,0,0,1,0,29,53,69,80,144,144,152,113,61,66,125,9,7,95,69,57,40,38,11,8,0,0,0,0,0,0
G3601190MTV0028,1960,New York,36,Westchester,119,5560,,MTV,0028,,1450,TRACT MTV-28 MOUNT VERNON CITY,009,4,11,0,0,0,0,0,1,0,52,32,30,94,93,128,81,58,62,29,49,8,0,113,59,68,26,17,5,0,5,0,0,0,0,0
G3601190MTV0029,1960,New York,36,Westchester,119,5560,,MTV,0029,,1450,TRACT MTV-29 MOUNT VERNON CITY,009,4,11,0,0,0,0,0,1,0,127,129,182,231,193,232,123,102,55,33,94,12,0,128,97,116,51,37,26,0,12,0,0,8,0,0
G3601190MTV0030,1960,New York,36,Westchester,119,5560,,MTV,0030,,1450,TRACT MTV-30 MOUNT VERNON CITY,009,4,11,0,0,0,0,0,1,0,11,46,61,130,117,139,121,105,61,49,75,16,0,149,65,38,55,21,18,0,3,3,0,0,0,0
G3601190MTV0031,1960,New York,36,Westchester,119,5560,,MTV,0031,,1450,TRACT MTV-31 MOUNT VERNON CITY,009,4,11,0,0,0,0,1,1,0,25,61,40,73,93,102,119,96,55,52,76,28,0,102,76,61,45,12,37,13,20,13,0,9,0,0
G3601190MTV0032,1960,New York,36,Westchester,119,5560,,MTV,0032,,1450,TRACT MTV-32 MOUNT VERNON CITY,009,4,11,0,0,0,0,0,1,0,44,47,68,83,90,122,96,82,59,24,58,18,4,73,94,92,52,30,8,7,8,4,0,4,0,0
G3601190MTV0033,1960,New York,36,Westchester,119,5560,,MTV,0033,,1450,TRACT MTV-33 MOUNT VERNON CITY,009,4,11,0,0,0,0,0,1,0,7,17,59,69,74,137,136,117,93,78,178,53,11,81,40,32,38,37,23,9,8,0,4,4,0,0
G3601190MTV0034,1960,New York,36,Westchester,119,5560,,MTV,0034,,1450,TRACT MTV-34 MOUNT VERNON CITY,009,4,11,0,0,0,0,0,1,0,12,45,31,57,88,160,170,128,148,89,221,76,37,64,43,51,37,11,14,3,0,3,0,0,3,0
G3601190MTV0035,1960,New York,36,Westchester,119,5560,,MTV,0035,,1450,TRACT MTV-35 MOUNT VERNON CITY,009,4,11,0,0,0,0,1,1,0,12,52,43,58,143,128,96,58,43,34,45,12,0,57,24,24,16,22,18,0,8,3,0,0,0,0
G3601190MTV0036,1960,New York,36,Westchester,119,5560,,MTV,0036,,1450,TRACT MTV-36 MOUNT VERNON CITY,009,4,11,0,0,0,0,1,1,0,40,56,52,106,176,205,159,112,125,96,106,36,0,161,102,51,46,35,23,8,11,4,0,0,0,0
G3601190MTV0037,1960,New York,36,Westchester,119,5560,,MTV,0037,,1450,TRACT MTV-37 MOUNT VERNON CITY,009,4,11,0,0,0,0,1,1,0,26,40,47,89,117,146,161,110,110,61,116,28,0,42,38,33,19,23,13,12,0,4,0,0,0,0
G3601190MTV0038,1960,New York,36,Westchester,119,5560,,MTV,0038,,1450,TRACT MTV-38 MOUNT VERNON CITY,009,4,11,0,0,0,0,1,1,0,24,25,8,68,74,134,123,147,130,85,288,117,44,74,24,16,40,32,27,12,7,24,8,12,12,0
G3601190MTV0039,1960,New York,36,Westchester,119,5560,,MTV,0039,,1450,TRACT MTV-39 MOUNT VERNON CITY,009,4,11,0,0,0,0,1,1,0,29,24,28,60,99,104,75,79,98,79,230,114,24,52,8,19,49,28,22,13,9,8,0,3,0,4
G3601190MTV0040,1960,New York,36,Westchester,119,5560,,MTV,0040,,1450,TRACT MTV-40 MOUNT VERNON CITY,009,4,11,0,0,0,0,1,1,0,27,54,36,93,113,185,180,132,97,46,167,76,18,153,91,72,77,59,81,41,31,26,4,8,4,0
G3601190MTV0041,1960,New York,36,Westchester,119,5560,,MTV,0041,,1450,TRACT MTV-41 MOUNT VERNON CITY,009,4,11,0,0,0,0,1,1,0,15,22,36,44,66,91,155,128,79,76,215,97,73,72,24,52,25,19,44,22,19,8,12,11,4,8
G3601190MTV0042,1960,New York,36,Westchester,119,5560,,MTV,0042,,1450,TRACT MTV-42 MOUNT VERNON CITY,009,4,11,0,0,0,0,1,1,0,34,16,28,49,96,115,186,189,144,96,466,212,98,54,81,45,25,46,22,34,8,11,6,4,4,0
G3601190MTV0043,1960,New York,36,Westchester,119,5560,,MTV,0043,,1450,TRACT MTV-43 MOUNT VERNON CITY,009,4,11,0,0,0,0,1,1,0,5,0,13,13,13,28,37,59,50,34,78,105,21,8,16,31,8,5,8,0,4,0,0,0,0,0
G3601190MTV0044,1960,New York,36,Westchester,119,5560,,MTV,0044,,1450,TRACT MTV-44 MOUNT VERNON CITY,009,4,11,0,0,0,0,1,1,0,28,8,14,30,16,30,38,66,54,62,276,247,184,65,34,29,29,8,20,8,4,6,0,4,5,4
G3601190MTV0045,1960,New York,36,Westchester,119,5560,,MTV,0045,,1450,TRACT MTV-45 MOUNT VERNON CITY,009,4,11,0,0,0,0,1,1,0,11,11,21,21,22,17,36,49,23,39,120,132,34,20,16,15,19,12,4,17,8,8,0,25,8,0
G3601190NOC0123,1960,New York,36,Westchester,119,5560,,NOC,0123,,,TRACT NOC-123 NORTH CASTLE TOWN,012,7,00,0,0,1,1,1,1,0,25,64,69,105,156,131,110,150,179,110,317,219,115,96,49,53,25,25,11,4,9,0,4,4,0,0
G3601190NPM0053,1960,New York,36,Westchester,119,5560,,NPM,0053,,1450,TRACT NPM-53 PELHAM TOWN,016,4,07,0,0,1,1,1,1,0,23,46,51,69,131,186,135,158,122,113,218,137,49,91,62,39,16,25,16,7,0,7,3,0,0,0
G3601190NRO0056,1960,New York,36,Westchester,119,5560,,NRO,0056,,1450,TRACT NRO-56  NEW ROCHELLE CITY,011,4,11,0,0,1,0,1,1,0,0,4,7,23,4,4,8,7,7,0,12,0,0,112,119,59,46,24,8,0,15,10,0,0,0,0
G3601190NRO0057A,1960,New York,36,Westchester,119,5560,,NRO,0057,A,1450,TRACT NRO-57-A NEW ROCHELLE CITY,011,4,11,0,0,0,0,1,1,0,20,20,35,61,120,94,137,213,120,72,360,176,43,70,61,41,26,20,62,20,30,5,10,7,8,0
G3601190NRO0057B,1960,New York,36,Westchester,119,5560,,NRO,0057,B,1450,TRACT NRO-57-B NEW ROCHELLE CITY,011,4,11,0,0,0,0,1,1,0,8,21,8,28,60,75,79,106,85,55,191,78,7,737,84,52,33,53,28,8,4,9,4,20,0,0
G3601190NRO0058,1960,New York,36,Westchester,119,5560,,NRO,0058,,1450,TRACT NRO-58  NEW ROCHELLE CITY,011,4,11,0,0,0,0,1,1,0,20,34,82,56,71,111,109,104,116,51,138,45,5,101,73,85,50,49,19,12,7,8,3,11,4,0
G3601190NRO0059A,1960,New York,36,Westchester,119,5560,,NRO,0059,A,1450,TRACT NRO-59-A NEW ROCHELLE CITY,011,4,11,0,0,0,0,1,1,0,29,28,28,79,146,191,153,123,135,101,201,63,15,105,65,79,43,44,28,12,21,31,0,11,4,0
G3601190NRO0059B,1960,New York,36,Westchester,119,5560,,NRO,0059,B,1450,TRACT NRO-59-B NEW ROCHELLE CITY,011,4,11,0,0,0,0,1,1,0,24,30,50,49,54,104,179,213,149,102,350,172,146,90,36,42,33,34,29,19,4,8,0,9,12,0
G3601190NRO0060,1960,New York,36,Westchester,119,5560,,NRO,0060,,1450,TRACT NRO-60  NEW ROCHELLE CITY,011,4,11,0,0,0,0,0,1,0,40,65,116,108,83,188,124,97,92,72,135,44,7,102,100,90,53,25,19,4,0,0,0,5,0,0
G3601190NRO0061,1960,New York,36,Westchester,119,5560,,NRO,0061,,1450,TRACT NRO-61  NEW ROCHELLE CITY,011,4,11,0,0,0,0,0,1,0,0,21,83,62,137,115,94,91,66,21,131,17,0,70,62,53,36,26,10,18,6,4,0,0,0,0
G3601190NRO0062,1960,New York,36,Westchester,119,5560,,NRO,0062,,1450,TRACT NRO-62  NEW ROCHELLE CITY,011,4,11,0,0,0,0,0,1,0,53,28,78,144,168,238,163,100,115,63,208,89,15,84,22,22,15,20,7,0,3,0,10,0,0,0
G3601190NRO0063,1960,New York,36,Westchester,119,5560,,NRO,0063,,1450,TRACT NRO-63  NEW ROCHELLE CITY,011,4,11,0,0,0,0,0,1,0,45,64,80,125,148,258,136,174,140,69,93,22,0,344,149,200,151,37,81,14,0,16,3,0,0,0
G3601190NRO0064,1960,New York,36,Westchester,119,5560,,NRO,0064,,1450,TRACT NRO-64  NEW ROCHELLE CITY,011,4,11,0,0,0,0,0,1,0,85,99,159,141,177,189,111,98,103,49,158,108,48,207,153,148,23,38,34,9,17,5,6,19,0,0
G3601190NRO0065,1960,New York,36,Westchester,119,5560,,NRO,0065,,1450,TRACT NRO-65  NEW ROCHELLE CITY,011,4,11,0,0,0,0,0,1,0,30,41,61,164,124,184,163,131,119,72,252,117,50,142,66,73,23,47,25,9,0,4,0,4,0,0
G3601190NRO0066,1960,New York,36,Westchester,119,5560,,NRO,0066,,1450,TRACT NRO-66  NEW ROCHELLE CITY,011,4,11,0,0,0,0,1,1,0,44,31,65,44,47,78,151,109,126,123,358,319,148,82,81,51,30,23,32,13,13,0,7,13,4,0
G3601190NRO0067,1960,New York,36,Westchester,119,5560,,NRO,0067,,1450,TRACT NRO-67  NEW ROCHELLE CITY,011,4,11,0,0,0,0,1,1,0,13,16,4,25,37,16,26,25,26,16,208,486,410,266,146,114,35,15,4,4,12,0,8,12,8,12
G3601190NRO0068A,1960,New York,36,Westchester,119,5560,,NRO,0068,A,1450,TRACT NRO-68-A NEW ROCHELLE CITY,011,4,11,0,0,0,0,1,1,0,4,27,30,19,27,29,4,45,55,53,316,511,223,100,74,53,9,0,9,0,0,4,0,5,4,0
G3601190NRO0068B,1960,New York,36,Westchester,119,5560,,NRO,0068,B,1450,TRACT NRO-68-B NEW ROCHELLE CITY,011,4,11,0,0,0,0,1,1,0,19,16,13,17,29,33,63,29,40,72,341,430,387,168,57,81,49,37,16,4,4,8,0,8,4,8
G3601190NSM0150,1960,New York,36,Westchester,119,5560,,NSM,0150,,,TRACT NSM-150 NORTH SALEM TOWN,013,7,00,0,0,1,1,1,1,0,15,33,25,40,50,71,95,54,38,32,84,50,40,27,24,12,4,9,0,0,0,3,0,4,10,0
G3601190NTN0116,1960,New York,36,Westchester,119,5560,,NTN,0116,,1450,TRACT NTN-116 MOUNT PLEASANT TOWN,008,4,07,0,0,1,1,0,1,0,37,46,24,111,194,226,222,206,118,122,234,45,0,141,77,49,66,49,46,17,4,4,0,4,0,0
G3601190NTN0117,1960,New York,36,Westchester,119,5560,,NTN,0117,,1450,TRACT NTN-117 MOUNT PLEASANT TOWN,008,4,07,0,0,1,1,1,1,0,0,8,27,22,52,73,53,54,47,38,178,92,105,28,23,30,25,14,14,4,14,0,0,0,0,0
G3601190NWC0131A,1960,New York,36,Westchester,119,5560,,NWC,0131,A,,TRACT NWC-131-A NEW CASTLE TOWN,010,7,00,0,0,1,1,1,1,0,9,20,12,26,39,106,57,67,59,89,346,419,347,45,63,52,16,13,21,4,13,0,4,4,12,0
G3601190NWC0131B,1960,New York,36,Westchester,119,5560,,NWC,0131,B,1450,TRACT NWC-131-B NEW CASTLE TOWN,010,7,00,0,0,1,1,1,1,0,5,9,11,34,42,69,45,49,65,54,195,205,251,123,62,21,29,15,8,29,6,12,0,13,8,0
G3601190OST0137,1960,New York,36,Westchester,119,5560,,OST,0137,,1450,TRACT OST-137 OSSINING TOWN,014,7,00,0,0,1,1,1,1,0,5,4,19,30,0,65,41,63,49,32,127,95,27,781,50,11,26,0,5,0,0,0,5,0,0,0
G3601190OSV0133A,1960,New York,36,Westchester,119,5560,,OSV,0133,A,1450,TRACT OSV-133-A OSSINING TOWN,014,4,08,0,0,1,1,0,1,0,26,23,59,63,127,133,100,52,69,56,68,17,0,125,63,39,42,53,25,7,5,0,0,0,0,0
G3601190OSV0133B,1960,New York,36,Westchester,119,5560,,OSV,0133,B,1450,TRACT OSV-133-B OSSINING TOWN,014,4,08,0,0,1,1,0,1,0,11,14,59,69,117,134,130,107,52,57,102,31,4,46,54,45,59,28,25,8,4,7,8,0,0,0
G3601190OSV0134,1960,New York,36,Westchester,119,5560,,OSV,0134,,1450,TRACT OSV-134 OSSINING TOWN,014,4,08,0,0,1,1,1,1,0,31,13,17,29,92,140,126,132,101,97,261,110,25,63,54,26,21,27,12,12,14,8,8,17,0,4
G3601190OSV0135,1960,New York,36,Westchester,119,5560,,OSV,0135,,1450,TRACT OSV-135 OSSINING TOWN,014,4,08,0,0,1,1,1,1,0,19,16,12,46,76,116,158,120,87,75,173,70,28,41,26,16,16,6,9,12,0,8,0,4,0,0
G3601190OSV0136,1960,New York,36,Westchester,119,5560,,OSV,0136,,1450,TRACT OSV-136 OSSINING TOWN,014,4,08,0,0,1,1,1,1,0,11,24,18,49,75,59,102,68,44,58,58,23,4,49,24,26,20,7,4,7,0,7,0,4,0,0
G3601190PCH0078,1960,New York,36,Westchester,119,5560,,PCH,0078,,1450,TRACT PCH-78 RYE TOWN,019,4,09,0,0,1,1,0,1,0,27,51,77,136,200,195,157,85,62,28,93,23,7,40,21,10,10,6,14,4,5,0,3,0,0,0
G3601190PCH0079,1960,New York,36,Westchester,119,5560,,PCH,0079,,1450,TRACT PCH-79 RYE TOWN,019,4,09,0,0,1,1,0,1,0,33,61,49,136,217,219,224,195,101,83,160,63,7,102,79,60,43,41,20,9,5,4,4,4,0,0
G3601190PCH0080,1960,New York,36,Westchester,119,5560,,PCH,0080,,1450,TRACT PCH-80 RYE TOWN,019,4,09,0,0,1,1,0,1,0,24,51,81,137,141,158,105,129,113,65,105,16,4,139,107,57,51,58,29,22,4,4,0,8,0,0
G3601190PCH0081,1960,New York,36,Westchester,119,5560,,PCH,0081,,1450,TRACT PCH-81 RYE TOWN,019,4,09,0,0,1,1,1,1,0,12,50,50,70,121,176,120,124,98,75,92,46,10,44,21,51,27,3,13,13,10,0,6,0,0,0
G3601190PCH0082,1960,New York,36,Westchester,119,5560,,PCH,0082,,1450,TRACT PCH-82 RYE TOWN,019,4,09,0,0,1,1,1,1,0,27,18,27,49,93,130,148,160,167,165,449,244,64,75,37,56,42,44,14,8,8,0,0,13,4,0
G3601190PDG0124,1960,New York,36,Westchester,119,5560,,PDG,0124,,,TRACT PDG-124 POUND RIDGE TOWN,017,7,00,0,0,1,1,1,1,0,8,0,10,26,33,12,43,49,31,32,135,147,125,24,13,15,28,8,11,0,4,3,0,3,0,8
G3601190PEL0054,1960,New York,36,Westchester,119,5560,,PEL,0054,,1450,TRACT PEL-54 PELHAM TOWN,016,4,04,0,0,1,1,1,1,0,4,8,4,11,8,24,16,23,3,25,109,124,141,36,16,19,15,0,4,12,4,0,0,4,0,4
G3601190PKS0141,1960,New York,36,Westchester,119,5560,,PKS,0141,,1450,TRACT PKS-141 PEEKSKILL CITY,015,4,08,0,0,1,1,1,1,0,47,61,109,123,148,236,147,166,159,75,212,65,0,268,65,57,20,24,36,15,19,14,3,14,0,0
G3601190PKS0142,1960,New York,36,Westchester,119,5560,,PKS,0142,,1450,TRACT PKS-142 PEEKSKILL CITY,015,4,08,0,0,1,1,1,1,0,30,26,49,59,121,172,88,98,54,85,146,20,15,82,18,44,24,21,19,12,0,0,0,0,0,0
G3601190PKS0143,1960,New York,36,Westchester,119,5560,,PKS,0143,,1450,TRACT PKS-143 PEEKSKILL CITY,015,4,08,0,0,1,1,0,1,0,54,54,95,87,108,139,100,87,78,64,61,11,16,138,94,51,66,30,9,7,11,8,0,4,8,0
G3601190PKS0144,1960,New York,36,Westchester,119,5560,,PKS,0144,,1450,TRACT PKS-144 PEEKSKILL CITY,015,4,08,0,0,1,1,1,1,0,12,9,27,18,66,52,77,92,31,26,74,36,13,36,37,14,12,19,0,0,0,3,4,4,0,0
G3601190PKS0145,1960,New York,36,Westchester,119,5560,,PKS,0145,,1450,TRACT PKS-145 PEEKSKILL CITY,015,4,08,0,0,1,1,1,1,0,13,9,19,34,50,89,100,91,51,57,113,45,0,196,35,18,25,20,20,2,8,0,6,3,0,0
G3601190PLV0122,1960,New York,36,Westchester,119,5560,,PLV,0122,,1450,TRACT PLV-122 MOUNT PLEASANT TOWN,008,4,07,0,0,1,1,1,1,0,30,33,33,65,109,110,164,183,132,116,411,136,56,73,70,22,17,36,20,15,28,19,4,22,4,0
G3601190PMR0055,1960,New York,36,Westchester,119,5560,,PMR,0055,,1450,TRACT PMR-55 PELHAM TOWN,016,4,07,0,0,1,1,1,1,0,20,16,34,49,80,57,62,63,54,72,309,420,368,78,24,48,35,37,12,15,8,8,7,4,12,8
G3601190RYC0075,1960,New York,36,Westchester,119,5560,,RYC,0075,,1450,TRACT RYC-75 RYE CITY,018,4,08,0,0,0,0,1,1,0,28,4,11,12,13,31,20,43,37,43,211,222,153,36,62,31,23,4,8,4,0,0,0,4,0,8
G3601190RYC0076,1960,New York,36,Westchester,119,5560,,RYC,0076,,1450,TRACT RYC-76 RYE CITY,018,4,08,0,0,0,0,1,1,0,20,67,9,71,56,87,105,86,86,109,241,248,253,71,55,46,54,20,4,13,4,0,0,8,21,16
G3601190RYC0077,1960,New York,36,Westchester,119,5560,,RYC,0077,,1450,TRACT RYC-77 RYE CITY,018,4,08,0,0,0,0,1,1,0,27,20,50,52,95,121,145,71,63,57,318,132,232,100,62,82,43,63,47,12,25,30,17,17,9,8
G3601190RYT0083,1960,New York,36,Westchester,119,5560,,RYT,0083,,,TRACT RYT-83 RYE TOWN,019,7,00,0,0,1,1,1,1,0,17,22,43,58,65,64,146,117,106,85,389,312,146,37,32,63,19,12,0,0,8,0,0,0,0,4
G3601190SCD0098,1960,New York,36,Westchester,119,5560,,SCD,0098,,1450,TRACT SCD-98  SCARSDALE TOWN,020,4,08,0,0,1,1,1,1,0,4,8,12,16,8,16,12,16,23,36,127,322,476,76,87,146,28,4,4,3,4,0,0,0,0,4
G3601190SCD0099,1960,New York,36,Westchester,119,5560,,SCD,0099,,1450,TRACT SCD-99  SCARSDALE TOWN,020,4,08,0,0,1,1,1,1,0,5,4,0,15,28,23,24,16,13,14,67,163,391,71,58,143,55,13,8,0,0,0,0,8,4,4
G3601190SCD0100,1960,New York,36,Westchester,119,5560,,SCD,0100,,1450,TRACT SCD-100 SCARSDALE TOWN,020,4,08,0,0,1,1,1,1,0,11,0,4,0,24,3,16,4,24,12,136,382,729,60,107,204,15,11,23,13,0,4,0,9,8,4
G3601190SCD0101,1960,New York,36,Westchester,119,5560,,SCD,0101,,1450,TRACT SCD-101 SCARSDALE TOWN,020,4,08,0,0,1,1,1,1,0,15,12,13,34,23,35,14,43,62,62,335,364,309,49,52,65,31,12,21,3,15,5,4,7,9,27
G3601190SOM0149,1960,New York,36,Westchester,119,5560,,SOM,0149,,,TRACT SOM-149 SOMERS TOWN,021,7,00,0,0,1,1,1,1,0,51,32,59,100,79,135,154,154,140,69,215,91,49,93,16,54,55,16,24,8,8,5,8,0,0,0
G3601190TTN0114,1960,New York,36,Westchester,119,5560,,TTN,0114,,1450,TRACT TTN-114  GREENBURGH TOWN,004,4,08,0,0,1,1,1,1,0,0,5,25,47,66,91,86,120,79,95,411,223,50,902,59,37,50,27,21,13,8,13,20,8,3,11
G3601190TTN0115,1960,New York,36,Westchester,119,5560,,TTN,0115,,1450,TRACT TTN-115  GREENBURGH TOWN,004,4,08,0,0,1,1,0,1,0,37,33,115,84,145,215,197,129,122,113,271,67,0,114,83,61,91,61,27,34,20,16,7,4,0,0
G3601190TUC0048,1960,New York,36,Westchester,119,5560,,TUC,0048,,1450,TRACT TUC-48 EASTCHESTER TOWN,003,4,07,0,0,1,1,0,1,0,46,53,103,133,213,186,156,187,133,69,247,136,34,141,72,52,33,56,22,24,4,3,7,7,0,0
G3601190WHP0088,1960,New York,36,Westchester,119,5560,,WHP,0088,,1450,TRACT WHP-88  WHITE PLAINS CITY,022,4,11,0,0,0,0,0,1,0,24,46,78,82,111,191,124,155,90,90,220,116,27,60,48,111,58,73,36,43,16,8,4,7,9,0
G3601190WHP0089,1960,New York,36,Westchester,119,5560,,WHP,0089,,1450,TRACT WHP-89  WHITE PLAINS CITY,022,4,11,0,0,0,0,1,1,0,47,11,66,47,132,171,141,158,141,144,447,221,33,398,102,83,73,51,45,34,18,13,16,37,0,9
G3601190WHP0090,1960,New York,36,Westchester,119,5560,,WHP,0090,,1450,TRACT WHP-90  WHITE PLAINS CITY,022,4,11,0,0,0,0,0,1,0,28,56,58,93,98,95,93,67,75,73,86,41,11,110,57,51,34,46,18,8,5,4,0,19,4,0
G3601190WHP0091,1960,New York,36,Westchester,119,5560,,WHP,0091,,1450,TRACT WHP-91  WHITE PLAINS CITY,022,4,11,0,0,0,0,0,1,0,25,51,60,104,115,176,137,148,120,87,194,112,4,124,56,20,41,44,17,13,0,5,4,0,0,0
G3601190WHP0092,1960,New York,36,Westchester,119,5560,,WHP,0092,,1450,TRACT WHP-92  WHITE PLAINS CITY,022,4,11,0,0,0,0,0,1,0,26,40,46,148,184,200,201,168,96,91,297,69,20,141,69,78,68,59,53,18,16,4,13,6,7,0
G3601190WHP0093,1960,New York,36,Westchester,119,5560,,WHP,0093,,1450,TRACT WHP-93  WHITE PLAINS CITY,022,4,11,0,0,0,0,0,1,0,34,55,108,172,138,177,88,76,33,27,47,7,0,249,168,144,96,71,52,32,34,0,3,4,4,0
G3601190WHP0094,1960,New York,36,Westchester,119,5560,,WHP,0094,,1450,TRACT WHP-94  WHITE PLAINS CITY,022,4,11,0,0,0,0,1,1,0,8,27,43,26,66,60,62,82,70,26,102,27,4,52,77,52,64,58,40,24,21,9,13,4,0,0
G3601190WHP0095,1960,New York,36,Westchester,119,5560,,WHP,0095,,1450,TRACT WHP-95  WHITE PLAINS CITY,022,4,11,0,0,0,0,1,1,0,62,23,46,52,87,99,95,69,64,107,236,115,60,95,70,69,58,89,56,66,52,36,9,31,4,0
G3601190WHP0096,1960,New York,36,Westchester,119,5560,,WHP,0096,,1450,TRACT WHP-96  WHITE PLAINS CITY,022,4,11,0,0,0,0,1,1,0,16,17,12,45,56,36,48,78,72,42,298,379,230,38,38,60,24,28,20,8,9,19,0,34,16,8
G3601190WHP0097A,1960,New York,36,Westchester,119,5560,,WHP,0097,A,1450,TRACT WHP-97-A WHITE PLAINS CITY,022,4,11,0,0,0,0,1,1,0,7,20,8,12,4,26,20,61,45,57,198,189,66,84,74,51,4,5,4,0,0,0,0,3,0,4
G3601190WHP0097B,1960,New York,36,Westchester,119,5560,,WHP,0097,B,1450,TRACT WHP-97-B WHITE PLAINS CITY,022,4,11,0,0,0,0,1,1,0,8,8,3,16,39,54,107,40,19,26,167,121,205,171,139,191,79,23,38,26,4,4,5,4,0,0
G3601190WHP0097C,1960,New York,36,Westchester,119,5560,,WHP,0097,C,1450,TRACT WHP-97-C WHITE PLAINS CITY,022,4,11,0,0,0,0,1,1,0,8,5,17,17,9,4,13,29,50,50,217,221,138,51,56,41,8,0,0,0,0,4,0,0,4,0
G3601190YON0001A,1960,New York,36,Westchester,119,5560,,YON,0001,A,1450,TRACT YON-1-A  YONKERS CITY,023,4,12,0,0,0,0,1,1,0,73,70,127,101,124,251,195,122,98,73,166,30,0,79,87,69,38,42,36,20,20,4,0,4,0,0
G3601190YON0001B,1960,New York,36,Westchester,119,5560,,YON,0001,B,1450,TRACT YON-1-B  YONKERS CITY,023,4,12,0,0,0,0,1,1,0,24,62,60,131,181,203,201,156,65,75,103,17,0,176,154,92,72,66,36,13,0,5,0,18,0,0
G3601190YON0002A,1960,New York,36,Westchester,119,5560,,YON,0002,A,1450,TRACT YON-2-A  YONKERS CITY,023,4,12,0,0,0,0,1,1,0,66,72,65,108,197,236,325,169,152,91,229,55,16,140,136,80,55,50,39,16,23,16,8,16,9,4
G3601190YON0002B,1960,New York,36,Westchester,119,5560,,YON,0002,B,1450,TRACT YON-2-B  YONKERS CITY,023,4,12,0,0,0,0,1,1,0,12,16,24,31,108,124,118,98,100,90,194,91,29,58,55,52,23,37,12,8,4,4,8,0,0,4
G3601190YON0002C,1960,New York,36,Westchester,119,5560,,YON,0002,C,1450,TRACT YON-2-C  YONKERS CITY,023,4,12,0,0,0,0,1,1,0,30,20,12,45,49,109,103,124,140,73,245,85,32,40,54,28,34,43,30,8,14,13,0,20,0,0
G3601190YON0003,1960,New York,36,Westchester,119,5560,,YON,0003,,1450,TRACT YON-3   YONKERS CITY,023,4,12,0,0,0,0,0,1,0,64,67,84,107,130,170,116,97,99,69,143,8,0,267,53,71,31,34,26,12,7,0,7,0,0,0
G3601190YON0004A,1960,New York,36,Westchester,119,5560,,YON,0004,A,1450,TRACT YON-4-A  YONKERS CITY,023,4,12,0,0,0,0,0,1,0,57,49,68,129,69,142,154,117,41,51,97,19,3,145,97,122,53,69,64,8,45,0,8,0,0,0
G3601190YON0004B,1960,New York,36,Westchester,119,5560,,YON,0004,B,1450,TRACT YON-4-B  YONKERS CITY,023,4,12,0,0,0,0,0,1,0,62,84,89,137,189,265,250,176,137,138,297,109,19,84,103,86,46,38,52,32,12,8,0,4,8,4
G3601190YON0005,1960,New York,36,Westchester,119,5560,,YON,0005,,1450,TRACT YON-5   YONKERS CITY,023,4,12,0,0,0,0,0,1,0,61,197,250,264,316,250,175,90,65,59,90,36,3,212,152,58,33,28,0,16,4,0,5,0,0,0
G3601190YON0006,1960,New York,36,Westchester,119,5560,,YON,0006,,1450,TRACT YON-6   YONKERS CITY,023,4,12,0,0,0,0,1,1,0,29,45,54,85,148,209,168,211,126,147,214,69,25,193,60,46,64,63,16,54,14,21,4,8,4,9
G3601190YON0007,1960,New York,36,Westchester,119,5560,,YON,0007,,1450,TRACT YON-7   YONKERS CITY,023,4,12,0,0,0,0,1,1,0,35,33,32,52,62,126,119,128,109,91,306,169,56,141,36,45,48,35,32,22,4,4,0,13,4,5
G3601190YON0008A,1960,New York,36,Westchester,119,5560,,YON,0008,A,1450,TRACT YON-8-A  YONKERS CITY,023,4,12,0,0,0,0,1,1,0,14,13,25,60,54,101,112,153,113,96,288,102,16,33,25,11,14,13,0,5,5,4,0,0,10,0
G3601190YON0008B,1960,New York,36,Westchester,119,5560,,YON,0008,B,1450,TRACT YON-8-B  YONKERS CITY,023,4,12,0,0,0,0,1,1,0,4,38,21,42,78,102,84,90,58,53,118,32,4,8,13,8,25,4,4,0,0,0,0,0,0,0
G3601190YON0008C,1960,New York,36,Westchester,119,5560,,YON,0008,C,1450,TRACT YON-8-C  YONKERS CITY,023,4,12,0,0,0,0,1,1,0,22,42,29,57,102,155,147,110,112,91,269,76,18,77,27,21,10,34,0,4,0,0,6,8,0,0
G3601190YON0009,1960,New York,36,Westchester,119,5560,,YON,0009,,1450,TRACT YON-9   YONKERS CITY,023,4,12,0,0,0,0,1,1,0,19,4,16,26,28,66,74,80,60,45,112,58,8,27,22,37,0,12,4,0,0,0,0,0,0,0
G3601190YON0010,1960,New York,36,Westchester,119,5560,,YON,0010,,1450,TRACT YON-10  YONKERS CITY,023,4,12,0,0,0,0,0,1,0,33,72,90,125,117,153,103,91,49,32,37,17,0,110,57,27,15,19,4,4,0,0,0,0,0,0
G3601190YON0011A,1960,New York,36,Westchester,119,5560,,YON,0011,A,1450,TRACT YON-11-A YONKERS CITY,023,4,12,0,0,0,0,1,1,0,38,47,72,76,189,202,151,156,64,59,102,12,0,68,31,35,31,34,11,0,3,0,4,0,0,0
G3601190YON0011B,1960,New York,36,Westchester,119,5560,,YON,0011,B,1450,TRACT YON-11-B YONKERS CITY,023,4,12,0,0,0,0,1,1,0,24,46,74,49,142,200,210,134,72,93,204,49,11,47,52,28,22,18,0,16,3,0,4,4,0,0
G3601190YON0012,1960,New York,36,Westchester,119,5560,,YON,0012,,1450,TRACT YON-12  YONKERS CITY,023,4,12,0,0,0,0,1,1,0,23,41,56,155,195,166,225,118,119,49,141,28,5,46,40,33,7,8,7,0,0,4,0,0,0,0
G3601190YON0013A,1960,New York,36,Westchester,119,5560,,YON,0013,A,1450,TRACT YON-13-A YONKERS CITY,023,4,12,0,0,0,0,1,1,0,14,41,21,35,54,59,71,55,89,32,175,208,45,25,32,21,15,7,7,7,4,3,8,12,6,0
G3601190YON0013B,1960,New York,36,Westchester,119,5560,,YON,0013,B,1450,TRACT YON-13-B YONKERS CITY,023,4,12,0,0,0,0,1,1,0,13,13,36,53,103,132,162,105,124,57,163,57,25,69,64,24,31,37,49,12,4,8,4,0,0,0
G3601190YON0013C,1960,New York,36,Westchester,119,5560,,YON,0013,C,1450,TRACT YON-13-C YONKERS CITY,023,4,12,0,0,0,0,1,1,0,24,49,36,78,100,209,210,192,164,110,186,70,20,90,72,45,45,37,36,20,21,8,12,4,0,0
G3601190YON0014A,1960,New York,36,Westchester,119,5560,,YON,0014,A,1450,TRACT YON-14-A YONKERS CITY,023,4,12,0,0,0,0,1,1,0,29,15,25,65,63,96,115,84,115,55,272,122,48,17,20,4,11,30,8,4,0,0,0,4,0,0
G3601190YON0014B,1960,New York,36,Westchester,119,5560,,YON,0014,B,1450,TRACT YON-14-B YONKERS CITY,023,4,12,0,0,0,0,1,1,0,12,8,13,16,28,58,54,45,20,20,107,144,90,36,0,8,4,3,4,8,0,0,0,0,0,0
G3601190YON0014C,1960,New York,36,Westchester,119,5560,,YON,0014,C,1450,TRACT YON-14-C YONKERS CITY,023,4,12,0,0,0,0,1,1,0,35,8,27,56,65,107,123,121,106,74,200,112,9,37,19,8,4,8,4,4,0,0,0,4,0,0
G3601190YON0015A,1960,New York,36,Westchester,119,5560,,YON,0015,A,1450,TRACT YON-15-A YONKERS CITY,023,4,12,0,0,0,0,1,1,0,20,45,41,82,104,137,200,223,203,160,423,123,24,28,48,16,60,20,14,8,8,4,8,24,0,0
G3601190YON0015B,1960,New York,36,Westchester,119,5560,,YON,0015,B,1450,TRACT YON-15-B YONKERS CITY,023,4,12,0,0,0,0,1,1,0,22,35,43,28,118,102,146,92,91,92,257,87,0,71,17,16,7,16,10,12,0,4,0,12,0,0
G3601190YON0015C,1960,New York,36,Westchester,119,5560,,YON,0015,C,1450,TRACT YON-15-C YONKERS CITY,023,4,12,0,0,0,0,1,1,0,17,28,18,48,66,104,106,140,56,100,239,87,21,82,32,12,23,15,23,12,0,0,0,3,0,0
G3601190YON0016,1960,New York,36,Westchester,119,5560,,YON,0016,,1450,TRACT YON-16  YONKERS CITY,023,4,12,0,0,0,0,1,1,0,11,39,55,51,148,194,111,107,89,75,115,18,9,70,38,25,13,4,9,10,5,0,0,0,0,0
G3601190YON0017,1960,New York,36,Westchester,119,5560,,YON,0017,,1450,TRACT YON-17  YONKERS CITY,023,4,12,0,0,0,0,1,1,0,5,42,29,40,124,198,243,208,169,121,348,176,32,38,32,13,20,16,21,0,4,8,4,5,0,0
G3601190YON0018,1960,New York,36,Westchester,119,5560,,YON,0018,,1450,TRACT YON-18  YONKERS CITY,023,4,12,0,0,0,0,0,1,0,3,17,12,27,48,44,53,28,26,4,48,16,0,88,19,8,18,18,3,0,0,0,0,0,0,0
G3601190YON0019,1960,New York,36,Westchester,119,5560,,YON,0019,,1450,TRACT YON-19  YONKERS CITY,023,4,12,0,0,0,0,1,1,0,0,4,0,10,13,34,54,45,63,34,121,52,9,0,0,4,4,0,0,0,0,9,0,0,0,0
G3601190YON0020,1960,New York,36,Westchester,119,5560,,YON,0020,,1450,TRACT YON-20  YONKERS CITY,023,4,12,0,0,0,0,1,1,0,4,15,8,24,23,62,131,116,123,110,381,93,20,12,5,4,0,5,0,0,0,4,0,0,0,0
G3601190YON0021A,1960,New York,36,Westchester,119,5560,,YON,0021,A,1450,TRACT YON-21-A YONKERS CITY,023,4,12,0,0,0,0,1,1,0,13,4,14,7,16,46,88,114,94,72,178,33,0,3,9,4,11,0,4,4,0,0,0,0,0,0
G3601190YON0021B,1960,New York,36,Westchester,119,5560,,YON,0021,B,1450,TRACT YON-21-B YONKERS CITY,023,4,12,0,0,0,0,1,1,0,15,23,33,23,43,61,114,137,127,104,276,198,112,71,19,24,18,4,4,8,8,5,4,4,5,0
G3601190YON0021C,1960,New York,36,Westchester,119,5560,,YON,0021,C,1450,TRACT YON-21-C YONKERS CITY,023,4,12,0,0,0,0,1,1,0,12,11,3,11,15,29,34,52,51,58,307,234,107,19,11,3,4,8,12,0,0,0,7,0,3,4
G3601190YON0021D,1960,New York,36,Westchester,119,5560,,YON,0021,D,1450,TRACT YON-21-D YONKERS CITY,023,4,12,0,0,0,0,1,1,0,11,12,11,27,18,31,59,43,91,59,217,112,84,4,21,10,3,0,18,7,0,4,0,0,0,0
G3601190YON0022A,1960,New York,36,Westchester,119,5560,,YON,0022,A,1450,TRACT YON-22-A YONKERS CITY,023,4,12,0,0,0,0,1,1,0,8,0,4,20,12,49,39,49,33,31,175,148,51,31,7,0,3,4,0,3,0,4,0,4,0,0
G3601190YON0022B,1960,New York,36,Westchester,119,5560,,YON,0022,B,1450,TRACT YON-22-B YONKERS CITY,023,4,12,0,0,0,0,1,1,0,32,24,29,48,39,106,106,94,129,97,355,334,182,98,47,39,49,74,41,31,37,22,23,36,26,0
G3601190YON0022C,1960,New York,36,Westchester,119,5560,,YON,0022,C,1450,TRACT YON-22-C YONKERS CITY,023,4,12,0,0,1,0,1,1,0,13,9,9,31,49,62,121,76,76,38,145,58,13,29,4,4,4,20,12,4,0,10,0,4,0,0
G3601190YON0022D,1960,New York,36,Westchester,119,5560,,YON,0022,D,1450,TRACT YON-22-D YONKERS CITY,023,4,12,0,0,0,0,1,1,0,15,8,24,36,57,76,82,91,92,72,350,288,183,414,68,43,36,35,50,28,20,25,4,16,0,8
G3601190YON0023,1960,New York,36,Westchester,119,5560,,YON,0023,,1450,TRACT YON-23  YONKERS CITY,023,4,12,0,0,0,0,1,1,0,20,8,33,40,95,92,83,52,101,60,201,54,12,221,31,11,32,0,12,4,0,4,4,0,0,0
G3601190YON0024A,1960,New York,36,Westchester,119,5560,,YON,0024,A,1450,TRACT YON-24-A YONKERS CITY,023,4,12,0,0,0,0,1,1,0,20,7,4,21,14,34,40,33,31,25,99,75,23,12,9,0,3,0,4,0,0,0,0,4,0,0
G3601190YON0024B,1960,New York,36,Westchester,119,5560,,YON,0024,B,1450,TRACT YON-24-B YONKERS CITY,023,4,12,0,0,0,0,1,1,0,20,7,20,38,90,124,167,170,183,155,335,136,36,27,16,30,21,18,19,19,28,11,0,16,4,0
G3601190YON0024C,1960,New York,36,Westchester,119,5560,,YON,0024,C,1450,TRACT YON-24-C YONKERS CITY,023,4,12,0,0,0,0,1,1,0,27,28,61,51,103,154,210,199,164,132,279,118,8,43,41,29,8,22,25,12,0,0,4,0,0,0
G3601190YON0024D,1960,New York,36,Westchester,119,5560,,YON,0024,D,1450,TRACT YON-24-D YONKERS CITY,023,4,12,0,0,0,0,1,1,0,4,23,21,25,79,97,114,125,71,46,137,30,0,15,20,5,12,12,7,0,0,7,0,0,0,0
G3601190YON0024E,1960,New York,36,Westchester,119,5560,,YON,0024,E,1450,TRACT YON-24-E YONKERS CITY,023,4,12,0,0,0,0,1,1,0,19,11,12,54,60,158,111,111,33,98,177,31,4,40,8,3,4,9,4,0,8,4,0,5,0,0
G3601190YTN0148A,1960,New York,36,Westchester,119,5560,,YTN,0148,A,1450,TRACT YTN-148-A YORKTOWN TOWN,024,7,00,0,0,1,1,1,1,0,23,24,21,60,116,185,138,139,135,97,176,42,45,266,40,47,9,31,18,4,8,0,27,8,5,0
G3601190YTN0148B,1960,New York,36,Westchester,119,5560,,YTN,0148,B,,TRACT YTN-148-B YORKTOWN TOWN,024,7,00,0,0,1,1,1,1,0,28,39,12,16,46,124,205,224,242,169,310,52,4,34,13,9,5,4,0,0,0,0,0,0,0,0
G3601190YTN0148C,1960,New York,36,Westchester,119,5560,,YTN,0148,C,,TRACT YTN-148-C YORKTOWN TOWN,024,7,00,0,0,1,1,1,1,0,14,21,27,56,66,111,150,174,176,103,247,85,12,50,32,20,12,18,0,7,4,15,9,0,0,0