GISJOIN,YEAR,REGIONA,DIVISIONA,STATE,STATEA,COUNTY,COUNTYA,CTY_SUBA,PLACEA,TRACTA,SCSAA,SMSAA,URB_AREAA,AREANAME,CENCNTY,CBD,SEA,fam0_to_999,fam1000_to_1999,fam2000_to_2999,fam3000_to_3999,fam4000_to_4999,fam5000_to_5999,fam6000_to_6999,fam7000_to_7999,fam8000_to_8999,fam9000_to_9999,fam10000_to_11999,fam12000_to_14999,fam15000_to_24999,fam25000_to_49999,fam50000_and_over,per0_to_999,per1000_to_1999,per2000_to_2999,per3000_to_3999,per4000_to_4999,per5000_to_5999,per6000_to_6999,per7000_to_7999,per8000_to_8999,per9000_to_9999,per10000_to_11999,per12000_to_14999,per15000_to_24999,per25000_to_49999,per50000_and_over
G36000100001,1970,1,2,New York,36,Albany,001,,,0001,,0160,,Tract    1,0,1,F,4,18,55,61,82,41,97,37,64,53,76,88,82,27,0,44,75,26,55,4,23,22,6,4,0,8,8,0,0,0
G36000100002,1970,1,2,New York,36,Albany,001,,,0002,,0160,,Tract    2,0,1,F,93,77,87,120,182,158,100,130,122,125,199,189,122,18,0,411,220,228,170,201,134,73,55,46,20,5,25,0,0,0
G36000100003,1970,1,2,New York,36,Albany,001,,,0003,,0160,,Tract    3,0,1,F,5,47,49,65,76,53,108,119,164,166,241,269,234,50,0,73,134,63,67,45,56,66,18,11,15,10,22,0,0,10
G36000100004,1970,1,2,New York,36,Albany,001,,,0004,,0160,,Tract    4,0,1,F,5,10,20,41,63,14,64,80,59,109,214,246,512,131,25,2112,1357,251,84,49,56,98,87,30,12,33,41,37,0,5
G3600010000501,1970,1,2,New York,36,Albany,001,,,000501,,0160,,Tract    5.01,0,1,F,10,0,31,39,24,22,42,46,60,70,154,114,166,29,15,50,52,54,54,19,43,22,31,0,22,13,11,0,0,5
G3600010000502,1970,1,2,New York,36,Albany,001,,,000502,,0160,,Tract    5.02,0,1,F,6,6,51,5,30,25,55,25,60,30,71,171,110,57,6,978,436,183,103,64,116,81,50,47,32,7,27,6,0,0
G36000100006,1970,1,2,New York,36,Albany,001,,,0006,,0160,,Tract    6,0,1,F,16,28,42,49,94,67,103,77,61,70,151,92,96,13,6,185,174,126,88,59,51,55,54,24,28,15,6,16,0,0
G36000100007,1970,1,2,New York,36,Albany,001,,,0007,,0160,,Tract    7,0,1,F,43,31,49,124,120,118,140,135,117,149,192,195,150,38,0,178,192,89,96,72,124,63,16,19,10,14,14,0,6,0
G36000100008,1970,1,2,New York,36,Albany,001,,,0008,,0160,,Tract    8,0,1,F,16,20,73,30,68,38,79,38,25,65,48,112,44,2,0,68,122,116,26,66,46,15,16,46,5,10,8,10,0,0
G36000100011,1970,1,2,New York,36,Albany,001,,,0011,,0160,,Tract   11,0,0,F,35,19,26,49,43,48,48,38,28,55,60,22,44,0,0,150,285,147,126,81,180,129,48,46,46,43,32,24,0,0
G36000100014,1970,1,2,New York,36,Albany,001,,,0014,,0160,,Tract   14,0,1,F,9,36,25,36,19,64,60,19,28,21,33,59,76,50,31,301,207,264,173,156,127,102,94,137,53,69,49,55,16,13
G36000100015,1970,1,2,New York,36,Albany,001,,,0015,,0160,,Tract   15,0,1,F,27,21,19,57,41,48,40,93,113,60,129,217,151,27,10,172,174,107,112,110,124,150,55,87,60,72,27,32,6,0
G36000100016,1970,1,2,New York,36,Albany,001,,,0016,,0160,,Tract   16,0,1,F,25,15,36,28,39,71,44,98,61,29,240,222,229,53,4,124,232,88,62,75,98,21,70,21,20,32,26,20,0,6
G36000100017,1970,1,2,New York,36,Albany,001,,,0017,,0160,,Tract   17,0,1,F,0,9,31,16,15,55,54,67,85,85,177,241,283,159,32,89,107,68,39,35,64,79,92,27,42,5,13,55,4,4
G3600010001801,1970,1,2,New York,36,Albany,001,,,001801,,0160,,Tract   18.01,0,1,F,22,24,13,13,20,45,30,78,67,60,149,228,543,266,92,236,88,83,52,29,83,43,34,62,26,65,21,56,4,0
G3600010001802,1970,1,2,New York,36,Albany,001,,,001802,,0160,,Tract   18.02,0,1,F,0,22,32,32,39,30,18,104,108,116,197,267,306,83,0,39,49,43,57,13,12,21,10,12,13,17,0,0,0,0
G3600010001901,1970,1,2,New York,36,Albany,001,,,001901,,0160,,Tract   19.01,0,1,F,11,18,9,26,12,59,39,22,67,56,104,139,244,130,15,39,27,39,18,31,24,23,6,23,4,6,7,6,0,0
G3600010001902,1970,1,2,New York,36,Albany,001,,,001902,,0160,,Tract   19.02,0,1,F,0,5,16,22,48,21,10,36,57,29,142,181,278,99,5,25,17,49,17,16,23,5,17,28,0,10,0,11,9,0
G36000100020,1970,1,2,New York,36,Albany,001,,,0020,,0160,,Tract   20,0,1,F,26,31,51,54,62,132,57,138,132,164,191,341,377,43,10,74,147,130,58,39,40,67,30,19,27,26,5,5,0,0
G36000100021,1970,1,2,New York,36,Albany,001,,,0021,,0160,,Tract   21,0,1,F,23,18,40,36,33,49,43,72,50,71,103,113,56,16,0,515,273,148,149,83,99,131,36,29,36,23,20,9,4,0
G36000100022,1970,1,2,New York,36,Albany,001,,,0022,,0160,,Tract   22,0,1,F,30,44,26,55,50,71,61,56,69,71,81,57,77,12,5,131,127,81,99,84,73,91,51,5,17,29,5,0,0,0
G36000100023,1970,1,2,New York,36,Albany,001,,,0023,,0160,,Tract   23,0,1,F,48,58,108,114,78,82,68,92,60,39,91,93,34,4,0,88,191,64,60,59,41,24,30,18,0,25,8,0,0,0
G36000100024,1970,1,2,New York,36,Albany,001,,,0024,,0160,,Tract   24,0,1,F,38,13,45,59,21,36,26,30,13,20,35,7,13,0,0,46,70,41,29,11,12,0,4,5,6,0,0,0,0,4
G36000100025,1970,1,2,New York,36,Albany,001,,,0025,,0160,,Tract   25,0,1,F,57,87,77,127,107,104,86,76,53,45,144,72,75,6,14,159,117,102,25,4,30,26,11,22,12,5,0,4,0,0
G36000100026,1970,1,2,New York,36,Albany,001,,,0026,,0160,,Tract   26,0,1,F,47,41,55,58,59,71,98,117,79,85,193,216,200,16,0,119,92,52,36,14,86,34,27,21,5,10,45,6,0,6
G3600010002699,1970,1,2,New York,36,Albany,001,,,002699,,0160,,Tract   26.99,0,1,F,0,0,0,0,0,0,0,0,0,0,0,0,0,0,0,4,0,0,4,0,21,0,5,0,0,20,11,15,0,0
G36000100127,1970,1,2,New York,36,Albany,001,,,0127,,0160,,Tract  127,0,1,F,4,18,21,22,28,41,60,46,98,82,157,119,61,0,0,41,57,30,30,15,5,10,0,0,0,9,0,0,0,0
G36000100128,1970,1,2,New York,36,Albany,001,,,0128,,0160,,Tract  128,0,1,F,31,13,43,96,70,102,161,181,173,171,196,210,118,0,0,58,160,108,56,47,37,40,20,22,10,6,5,6,0,0
G36000100129,1970,1,2,New York,36,Albany,001,,,0129,,0160,,Tract  129,0,1,F,11,32,45,99,77,106,72,108,143,104,156,124,50,16,0,53,146,68,59,51,26,21,4,4,0,4,8,0,0,0
G36000100130,1970,1,2,New York,36,Albany,001,,,0130,,0160,,Tract  130,0,1,F,30,36,36,42,55,68,64,97,119,132,264,302,341,41,6,58,53,50,16,39,14,25,0,7,5,26,0,20,0,0
G36000100131,1970,1,2,New York,36,Albany,001,,,0131,,0160,,Tract  131,0,1,F,20,16,16,36,17,19,79,100,88,67,155,146,95,0,0,47,74,40,38,20,21,9,15,11,6,6,0,0,0,0
G36000100132,1970,1,2,New York,36,Albany,001,,,0132,,0160,,Tract  132,0,1,F,15,38,31,45,64,106,96,82,105,95,162,122,154,29,0,116,94,99,45,15,38,37,31,16,6,7,14,6,0,0
G36000100133,1970,1,2,New York,36,Albany,001,,,0133,,0160,,Tract  133,0,1,F,15,25,15,29,42,78,116,101,111,125,184,187,163,20,76,46,90,54,57,32,31,24,34,25,5,10,0,0,0,6
G36000100134,1970,1,2,New York,36,Albany,001,,,0134,,0160,,Tract  134,0,1,F,9,6,24,36,56,30,49,72,103,72,112,134,153,6,17,24,55,43,10,31,22,37,51,10,4,11,0,5,6,0
G3600010013501,1970,1,2,New York,36,Albany,001,,,013501,,0160,,Tract  135.01,0,1,F,37,46,50,72,58,93,115,177,181,202,377,440,690,69,9,255,141,74,77,49,60,65,57,100,52,55,74,35,0,0
G3600010013502,1970,1,2,New York,36,Albany,001,,,013502,,0160,,Tract  135.02,0,1,F,13,20,12,12,14,38,76,67,97,159,212,340,501,105,0,57,29,7,20,19,42,26,18,9,0,12,14,13,0,0
G36000100136,1970,1,2,New York,36,Albany,001,,,0136,,0160,,Tract  136,0,1,F,14,21,64,33,48,71,92,47,117,157,257,422,557,220,81,237,418,166,96,72,81,30,46,41,30,38,23,28,16,0
G3600010013701,1970,1,2,New York,36,Albany,001,,,013701,,0160,,Tract  137.01,0,1,F,19,11,24,40,9,31,48,72,76,133,230,463,703,278,93,18,32,7,14,19,25,49,14,6,33,6,20,11,9,15
G3600010013702,1970,1,2,New York,36,Albany,001,,,013702,,0160,,Tract  137.02,0,1,F,27,10,13,61,29,56,38,57,133,159,324,419,373,44,11,54,42,5,0,25,4,12,22,14,5,13,6,15,5,0
G36000100138,1970,1,2,New York,36,Albany,001,,,0138,,0160,,Tract  138,0,1,F,51,21,29,69,70,42,127,176,163,272,393,462,399,53,5,65,82,21,46,33,29,25,19,26,27,32,5,13,0,0
G36000100139,1970,1,2,New York,36,Albany,001,,,0139,,0160,,Tract  139,0,1,F,20,23,32,29,42,76,58,104,136,116,234,600,640,45,17,32,44,52,35,5,26,44,36,30,12,16,0,5,0,0
G36000100140,1970,1,2,New York,36,Albany,001,,,0140,,0160,,Tract  140,0,1,F,10,37,54,75,70,101,122,143,224,170,401,519,550,58,15,87,89,51,44,56,57,67,43,20,5,23,0,5,0,0
G36000100141,1970,1,2,New York,36,Albany,001,,,0141,,0160,,Tract  141,0,1,F,0,0,7,14,7,6,33,42,34,57,79,106,195,66,15,36,0,28,13,7,11,14,6,0,5,7,6,8,0,0
G3600010014201,1970,1,2,New York,36,Albany,001,,,014201,,0160,,Tract  142.01,0,1,F,8,17,7,9,37,29,30,48,25,74,159,228,544,196,14,30,23,0,0,16,17,22,4,18,5,34,0,22,6,0
G3600010014202,1970,1,2,New York,36,Albany,001,,,014202,,0160,,Tract  142.02,0,1,F,13,17,9,31,16,31,42,37,43,71,146,198,440,168,4,39,64,55,23,14,42,13,14,19,15,15,17,6,5,0
G3600010014203,1970,1,2,New York,36,Albany,001,,,014203,,0160,,Tract  142.03,0,1,F,11,4,36,5,42,11,35,40,52,57,108,147,609,322,11,82,32,16,17,15,7,22,12,8,3,30,15,15,4,0
G3600010014301,1970,1,2,New York,36,Albany,001,,,014301,,0160,,Tract  143.01,0,1,F,11,5,11,5,21,37,17,49,59,62,84,116,94,12,0,129,23,10,6,10,9,15,12,5,13,24,10,10,0,0
G3600010014302,1970,1,2,New York,36,Albany,001,,,014302,,0160,,Tract  143.02,0,1,F,23,11,11,10,48,35,21,50,18,70,121,125,171,31,3,15,32,33,3,4,0,4,13,5,9,0,0,0,0,0
G36000100144,1970,1,2,New York,36,Albany,001,,,0144,,0160,,Tract  144,0,1,F,18,22,42,41,71,84,63,141,144,150,357,286,308,43,5,93,62,52,37,30,34,55,4,9,15,21,16,5,0,0
G3600010014501,1970,1,2,New York,36,Albany,001,,,014501,,0160,,Tract  145.01,0,1,F,15,4,23,0,30,56,46,48,73,82,198,281,343,70,0,4,24,10,23,0,19,11,11,9,4,21,0,0,0,0
G3600010014502,1970,1,2,New York,36,Albany,001,,,014502,,0160,,Tract  145.02,0,1,F,10,28,25,21,26,54,72,40,90,82,79,147,178,60,0,68,76,28,16,13,14,5,11,14,9,0,5,0,0,0
G3600010014601,1970,1,2,New York,36,Albany,001,,,014601,,0160,,Tract  146.01,0,1,F,0,13,0,25,12,46,23,35,50,42,54,131,202,74,5,111,90,19,36,22,5,5,0,4,0,7,5,12,0,0
G3600010014602,1970,1,2,New York,36,Albany,001,,,014602,,0160,,Tract  146.02,0,1,F,4,34,12,17,24,53,39,49,75,84,282,320,555,100,0,45,47,31,5,30,19,50,30,57,12,9,40,37,0,0
G3600010014604,1970,1,2,New York,36,Albany,001,,,014604,,0160,,Tract  146.04,0,1,F,10,8,31,18,23,42,39,40,59,66,114,197,129,80,6,33,46,8,0,18,11,16,17,0,0,10,7,0,0,0
G3600010014605,1970,1,2,New York,36,Albany,001,,,014605,,0160,,Tract  146.05,0,1,F,0,22,5,5,14,9,35,47,31,59,67,101,133,40,7,52,21,19,0,0,2,0,4,0,0,0,11,0,0,0
G3600010014606,1970,1,2,New York,36,Albany,001,,,014606,,0160,,Tract  146.06,0,1,F,13,0,7,7,7,21,27,14,31,35,129,110,151,32,0,15,20,4,0,4,11,8,0,0,0,0,0,0,0,0
G3600010014607,1970,1,2,New York,36,Albany,001,,,014607,,0160,,Tract  146.07,0,1,F,4,13,0,10,21,5,34,34,44,46,156,240,350,73,16,15,0,10,4,0,9,6,26,0,0,4,10,0,4,5
G36000100147,1970,1,2,New York,36,Albany,001,,,0147,,0160,,Tract  147,0,1,F,6,27,7,25,10,20,9,59,48,47,31,71,60,9,3,42,12,14,9,18,6,20,0,8,0,0,8,0,0,0
G36000100148,1970,1,2,New York,36,Albany,001,,,0148,,0160,,Tract  148,0,1,F,25,53,66,100,97,93,70,156,116,88,169,142,237,41,0,102,76,27,60,27,28,12,29,17,0,12,0,6,0,0
G36000500001,1970,1,2,New York,36,Bronx,005,,,0001,A,5600,,Tract    1,0,1,G,0,0,0,0,0,0,0,0,0,0,0,0,0,0,0,0,0,0,0,0,0,0,0,6,0,0,0,0,0,0
G36000500002,1970,1,2,New York,36,Bronx,005,,,0002,A,5600,,Tract    2,0,1,G,19,13,24,47,18,17,12,50,43,70,113,127,144,20,0,17,23,21,8,20,0,12,11,0,7,13,4,0,0,0
G36000500004,1970,1,2,New York,36,Bronx,005,,,0004,A,5600,,Tract    4,0,1,G,6,0,14,14,22,21,18,38,29,66,98,70,90,23,0,0,17,19,4,4,10,0,6,5,0,5,5,0,5,0
G36000500011,1970,1,2,New York,36,Bronx,005,,,0011,A,5600,,Tract   11,0,1,G,5,11,9,27,14,35,22,16,15,42,41,16,20,0,0,5,6,12,0,20,20,0,5,0,0,0,0,5,0,0
G36000500015,1970,1,2,New York,36,Bronx,005,,,0015,A,5600,,Tract   15,0,1,G,7,4,0,10,15,6,27,0,0,0,4,0,0,0,0,0,0,0,0,0,6,0,0,0,0,0,0,0,0,0
G36000500016,1970,1,2,New York,36,Bronx,005,,,0016,A,5600,,Tract   16,0,1,G,0,4,0,10,13,5,11,18,53,25,65,56,83,0,0,48,4,15,0,4,0,0,5,0,0,0,9,0,0,0
G36000500017,1970,1,2,New York,36,Bronx,005,,,0017,A,5600,,Tract   17,0,1,G,38,26,41,74,76,92,27,9,19,25,11,29,16,5,0,20,25,18,51,9,10,10,10,9,0,0,0,0,0,0
G36000500020,1970,1,2,New York,36,Bronx,005,,,0020,A,5600,,Tract   20,0,1,G,146,72,119,140,226,178,171,175,240,204,295,198,255,53,0,69,203,76,49,61,43,21,27,18,14,12,4,0,0,0
G36000500023,1970,1,2,New York,36,Bronx,005,,,0023,A,5600,,Tract   23,0,1,G,51,55,80,118,135,184,222,113,127,54,86,96,34,8,0,83,214,118,55,5,9,0,0,5,11,0,0,5,0,0
G36000500025,1970,1,2,New York,36,Bronx,005,,,0025,A,5600,,Tract   25,0,1,G,137,50,129,223,214,203,161,127,113,69,149,46,53,0,0,108,123,46,59,35,12,14,10,4,6,5,12,0,0,0
G3600050002701,1970,1,2,New York,36,Bronx,005,,,002701,A,5600,,Tract   27.01,0,1,G,137,70,75,132,93,161,168,169,84,77,58,99,48,0,0,21,56,55,36,33,0,14,28,5,5,6,8,0,0,0
G3600050002702,1970,1,2,New York,36,Bronx,005,,,002702,A,5600,,Tract   27.02,0,1,G,316,107,191,272,163,236,175,127,135,54,141,88,10,0,0,112,86,95,26,35,23,40,21,20,6,0,0,0,0,0
G36000500028,1970,1,2,New York,36,Bronx,005,,,0028,A,5600,,Tract   28,0,1,G,26,6,19,37,24,47,92,97,77,81,200,242,287,14,5,58,0,5,19,26,19,0,19,37,0,15,23,10,5,0
G36000500031,1970,1,2,New York,36,Bronx,005,,,0031,A,5600,,Tract   31,0,1,G,50,62,30,77,127,85,70,54,13,18,39,19,33,0,0,11,21,37,5,27,4,0,5,4,0,0,0,0,0,0
G36000500033,1970,1,2,New York,36,Bronx,005,,,0033,A,5600,,Tract   33,0,1,G,282,116,189,232,126,150,186,257,126,75,79,92,12,4,0,65,51,36,58,18,51,20,12,0,9,6,0,0,0,0
G36000500035,1970,1,2,New York,36,Bronx,005,,,0035,A,5600,,Tract   35,0,1,G,37,39,89,254,160,121,110,53,82,57,46,70,44,0,0,57,70,29,18,23,41,11,8,6,6,0,0,0,0,0
G36000500036,1970,1,2,New York,36,Bronx,005,,,0036,A,5600,,Tract   36,0,1,G,75,66,90,114,126,131,150,203,168,134,382,326,251,10,0,92,76,39,21,15,24,6,19,14,5,21,5,0,0,0
G36000500037,1970,1,2,New York,36,Bronx,005,,,0037,A,5600,,Tract   37,0,1,G,14,6,6,13,19,9,6,0,0,4,6,11,7,0,0,0,0,8,7,0,0,0,0,0,6,0,0,0,0,0
G36000500038,1970,1,2,New York,36,Bronx,005,,,0038,A,5600,,Tract   38,0,1,G,15,25,0,6,4,26,22,11,16,19,22,30,17,17,0,5,0,0,0,0,4,4,0,0,0,0,0,0,0,0
G36000500039,1970,1,2,New York,36,Bronx,005,,,0039,A,5600,,Tract   39,0,1,G,227,81,194,340,224,238,327,471,158,139,120,125,91,17,39,127,162,111,129,35,65,71,18,5,6,0,0,0,0,0
G3600050004001,1970,1,2,New York,36,Bronx,005,,,004001,A,5600,,Tract   40.01,0,1,G,0,8,13,8,20,10,11,50,23,21,55,62,103,7,0,8,4,8,8,11,0,0,6,0,5,0,0,0,0,0
G36000500041,1970,1,2,New York,36,Bronx,005,,,0041,A,5600,,Tract   41,0,1,G,73,49,147,171,127,173,111,122,71,96,57,40,30,10,35,75,176,101,62,22,25,30,0,14,0,0,0,0,0,0
G36000500043,1970,1,2,New York,36,Bronx,005,,,0043,A,5600,,Tract   43,0,1,G,202,139,295,370,194,172,149,130,72,77,91,52,38,0,0,120,153,80,97,66,38,45,6,10,0,6,5,0,0,0
G36000500044,1970,1,2,New York,36,Bronx,005,,,0044,A,5600,,Tract   44,0,1,G,116,67,119,109,95,110,154,103,83,76,102,125,94,10,0,99,121,47,26,12,15,0,0,4,5,0,6,0,0,0
G36000500046,1970,1,2,New York,36,Bronx,005,,,0046,A,5600,,Tract   46,0,1,G,5,10,39,17,21,45,29,32,47,21,59,58,35,14,0,11,15,33,10,38,0,16,11,11,0,0,9,0,0,0
G36000500047,1970,1,2,New York,36,Bronx,005,,,0047,A,5600,,Tract   47,0,1,G,110,34,157,172,206,299,215,175,73,76,123,72,51,7,2,11,44,31,18,11,19,0,0,0,0,0,0,0,0,0
G36000500048,1970,1,2,New York,36,Bronx,005,,,0048,A,5600,,Tract   48,0,1,G,69,26,52,35,71,112,79,118,108,85,118,136,115,17,0,21,69,47,29,27,21,17,16,15,0,18,5,6,0,0
G36000500049,1970,1,2,New York,36,Bronx,005,,,0049,A,5600,,Tract   49,0,1,G,13,8,22,20,21,47,16,19,26,4,0,12,15,0,0,10,25,14,7,9,0,9,5,0,9,0,0,0,0,0
G36000500050,1970,1,2,New York,36,Bronx,005,,,0050,A,5600,,Tract   50,0,1,G,98,72,151,148,209,198,250,334,309,209,282,300,212,39,0,154,184,77,91,69,86,67,66,36,8,19,0,6,0,0
G36000500052,1970,1,2,New York,36,Bronx,005,,,0052,A,5600,,Tract   52,0,1,G,34,34,40,55,58,28,59,63,27,42,33,72,36,0,0,31,28,14,20,28,5,8,0,5,9,0,0,0,0,0
G36000500054,1970,1,2,New York,36,Bronx,005,,,0054,A,5600,,Tract   54,0,1,G,29,38,126,102,81,114,191,122,113,67,193,224,171,9,10,64,76,44,27,56,43,63,16,12,5,5,6,5,0,0
G36000500056,1970,1,2,New York,36,Bronx,005,,,0056,A,5600,,Tract   56,0,1,G,46,35,57,13,47,60,34,59,41,56,117,97,73,0,0,67,121,35,13,21,8,28,0,4,14,5,0,0,0,0
G36000500057,1970,1,2,New York,36,Bronx,005,,,0057,A,5600,,Tract   57,0,1,G,4,10,7,11,22,12,11,17,4,12,6,39,0,5,0,61,24,5,11,9,6,5,5,0,0,4,0,0,0,0
G36000500058,1970,1,2,New York,36,Bronx,005,,,0058,A,5600,,Tract   58,0,1,G,-1,,,,,,,,,,,,,,,-1,,,,,,,,,,,,,,
G3600050005901,1970,1,2,New York,36,Bronx,005,,,005901,A,5600,,Tract   59.01,0,1,G,19,20,27,56,54,92,42,59,88,80,158,188,190,31,4,97,147,90,42,69,53,54,37,25,33,55,33,7,0,0
G3600050005902,1970,1,2,New York,36,Bronx,005,,,005902,A,5600,,Tract   59.02,0,1,G,0,18,36,23,23,53,23,49,31,38,71,82,182,80,10,37,64,50,21,44,10,41,34,22,16,14,19,16,5,0
G36000500060,1970,1,2,New York,36,Bronx,005,,,0060,A,5600,,Tract   60,0,1,G,9,3,15,16,17,15,31,24,20,24,39,18,22,5,0,9,45,34,19,16,0,16,4,6,0,5,0,0,0,0
G36000500061,1970,1,2,New York,36,Bronx,005,,,0061,A,5600,,Tract   61,0,1,G,15,22,21,12,18,63,82,37,88,79,175,257,454,70,5,35,70,28,34,31,28,107,63,49,14,59,33,10,0,0
G36000500062,1970,1,2,New York,36,Bronx,005,,,0062,A,5600,,Tract   62,0,1,G,152,95,98,145,131,179,196,160,161,103,195,180,178,8,0,78,168,97,26,45,30,87,24,14,9,15,0,0,0,0
G36000500064,1970,1,2,New York,36,Bronx,005,,,0064,A,5600,,Tract   64,0,1,G,14,19,27,22,19,62,33,51,56,58,161,213,161,10,5,31,29,14,6,26,39,10,5,13,0,13,6,0,0,0
G36000500065,1970,1,2,New York,36,Bronx,005,,,0065,A,5600,,Tract   65,0,1,G,86,83,104,190,108,92,118,133,68,43,97,67,50,3,5,96,65,116,113,30,56,27,11,16,0,10,0,0,0,0
G36000500066,1970,1,2,New York,36,Bronx,005,,,0066,A,5600,,Tract   66,0,1,G,72,24,38,34,33,36,101,109,38,88,134,158,166,6,0,64,46,23,28,20,43,23,9,13,9,5,4,0,0,0
G36000500067,1970,1,2,New York,36,Bronx,005,,,0067,A,5600,,Tract   67,0,1,G,141,94,206,297,207,274,227,180,179,92,215,131,59,4,0,77,153,72,72,49,46,53,6,0,0,0,0,0,0,0
G36000500068,1970,1,2,New York,36,Bronx,005,,,0068,A,5600,,Tract   68,0,1,G,10,9,30,4,28,35,57,83,50,42,97,106,158,10,6,22,31,19,6,18,12,11,24,0,13,0,0,0,0,0
G36000500069,1970,1,2,New York,36,Bronx,005,,,0069,A,5600,,Tract   69,0,1,G,186,142,236,326,238,234,197,187,188,91,94,105,87,16,11,172,196,158,82,60,37,11,10,13,0,5,0,0,0,0
G36000500070,1970,1,2,New York,36,Bronx,005,,,0070,A,5600,,Tract   70,0,1,G,5,18,33,37,47,61,44,81,70,54,104,120,170,13,4,57,5,14,25,22,24,32,10,9,0,6,5,0,0,0
G36000500071,1970,1,2,New York,36,Bronx,005,,,0071,A,5600,,Tract   71,0,1,G,88,45,192,176,135,110,150,121,146,34,28,44,23,0,0,30,37,43,45,45,20,10,11,0,6,0,0,0,0,0
G36000500072,1970,1,2,New York,36,Bronx,005,,,0072,A,5600,,Tract   72,0,1,G,13,21,24,49,63,81,61,89,66,129,220,194,288,43,0,49,100,35,15,20,29,21,16,25,27,26,10,5,9,0
G36000500073,1970,1,2,New York,36,Bronx,005,,,0073,A,5600,,Tract   73,0,1,G,215,78,124,147,154,111,129,120,105,93,139,93,82,0,0,68,60,39,60,59,61,14,25,15,0,4,5,0,0,0
G36000500074,1970,1,2,New York,36,Bronx,005,,,0074,A,5600,,Tract   74,0,1,G,0,0,10,28,22,0,26,12,65,40,98,105,120,31,0,31,31,36,5,18,14,10,18,4,0,25,8,0,0,0
G36000500075,1970,1,2,New York,36,Bronx,005,,,0075,A,5600,,Tract   75,0,1,G,211,135,172,293,284,316,333,221,213,193,234,181,67,7,0,140,133,84,82,134,70,52,24,9,0,0,0,0,0,0
G36000500077,1970,1,2,New York,36,Bronx,005,,,0077,A,5600,,Tract   77,0,1,G,50,88,94,118,113,83,61,55,81,27,61,33,12,0,0,23,49,41,35,41,19,17,12,6,0,0,0,0,0,0
G36000500078,1970,1,2,New York,36,Bronx,005,,,0078,A,5600,,Tract   78,0,1,G,19,39,36,38,70,75,88,92,118,125,188,226,310,35,0,58,104,61,33,40,36,18,25,8,19,15,17,0,0,0
G36000500079,1970,1,2,New York,36,Bronx,005,,,0079,A,5600,,Tract   79,0,1,G,88,103,191,207,269,160,166,118,166,103,103,102,99,13,4,128,130,120,69,48,74,31,26,15,5,7,5,0,0,0
G3600050008199,1970,1,2,New York,36,Bronx,005,,,008199,A,5600,,Tract   81.99,0,1,G,0,0,0,0,0,0,0,0,0,0,0,0,0,0,0,0,0,0,4,4,5,0,0,0,0,6,5,5,0,0
G36000500083,1970,1,2,New York,36,Bronx,005,,,0083,A,5600,,Tract   83,0,1,G,258,168,409,406,414,327,255,279,221,156,178,95,50,8,0,116,114,110,114,71,48,30,30,9,4,0,0,0,0,0
G36000500084,1970,1,2,New York,36,Bronx,005,,,0084,A,5600,,Tract   84,0,1,G,24,0,5,5,12,25,31,7,15,43,30,85,108,14,0,10,0,0,0,7,9,16,4,0,0,0,0,0,0,0
G36000500085,1970,1,2,New York,36,Bronx,005,,,0085,A,5600,,Tract   85,0,1,G,179,114,315,250,224,154,149,149,125,61,121,60,64,0,0,108,96,78,80,34,64,24,5,5,11,12,6,0,0,0
G36000500086,1970,1,2,New York,36,Bronx,005,,,0086,A,5600,,Tract   86,0,1,G,5,21,42,35,73,47,56,102,117,96,208,156,175,53,0,27,62,15,6,7,4,6,0,0,3,0,3,0,0,0
G36000500087,1970,1,2,New York,36,Bronx,005,,,0087,A,5600,,Tract   87,0,1,G,415,163,286,482,346,342,364,323,221,166,199,124,69,0,21,330,174,149,148,61,123,55,75,34,15,4,11,0,0,16
G36000500088,1970,1,2,New York,36,Bronx,005,,,0088,A,5600,,Tract   88,0,1,G,28,20,28,46,32,34,69,68,48,71,191,133,144,20,0,33,38,26,4,0,4,12,14,18,0,0,5,0,0,0
G36000500089,1970,1,2,New York,36,Bronx,005,,,0089,A,5600,,Tract   89,0,1,G,138,58,105,194,154,111,178,147,105,81,68,41,78,8,0,104,46,94,50,43,41,33,37,8,0,5,0,0,0,0
G36000500091,1970,1,2,New York,36,Bronx,005,,,0091,A,5600,,Tract   91,0,1,G,0,10,0,6,0,0,0,0,0,12,10,0,0,0,0,6,0,0,0,0,6,0,0,0,0,6,0,0,0,0
G36000500092,1970,1,2,New York,36,Bronx,005,,,0092,A,5600,,Tract   92,0,1,G,14,28,64,57,80,61,45,96,133,83,137,195,198,31,0,22,161,22,23,30,44,21,12,11,6,24,13,5,0,0
G36000500094,1970,1,2,New York,36,Bronx,005,,,0094,A,5600,,Tract   94,0,1,G,0,12,17,14,18,6,5,31,42,25,76,25,52,0,0,0,6,5,0,0,0,6,7,0,0,0,0,0,0,0
G36000500097,1970,1,2,New York,36,Bronx,005,,,0097,A,5600,,Tract   97,0,1,G,0,0,0,6,0,6,0,14,7,24,13,0,5,0,0,0,0,0,6,0,0,0,0,0,0,0,0,0,0,0
G36000500098,1970,1,2,New York,36,Bronx,005,,,0098,A,5600,,Tract   98,0,1,G,4,26,25,48,37,42,51,96,117,91,134,212,220,28,0,30,50,7,17,20,35,16,30,7,16,21,0,9,0,0
G36000500099,1970,1,2,New York,36,Bronx,005,,,0099,A,5600,,Tract   99,0,1,G,181,59,129,106,128,148,132,164,119,92,132,136,85,6,0,113,69,43,43,54,41,40,5,20,5,6,4,0,7,0
G36000500102,1970,1,2,New York,36,Bronx,005,,,0102,A,5600,,Tract  102,0,1,G,0,0,0,0,0,0,0,0,0,0,4,6,0,0,0,0,0,0,0,0,0,0,0,0,0,0,0,0,0,0
G36000500110,1970,1,2,New York,36,Bronx,005,,,0110,A,5600,,Tract  110,0,1,G,0,6,0,5,0,0,6,0,0,0,5,0,0,0,0,12,9,0,0,0,5,44,15,0,6,6,0,0,0,0
G3600050011501,1970,1,2,New York,36,Bronx,005,,,011501,A,5600,,Tract  115.01,0,1,G,18,9,69,24,49,25,51,27,30,38,41,76,47,0,0,38,20,10,10,4,14,0,6,0,11,4,0,0,0,0
G3600050011502,1970,1,2,New York,36,Bronx,005,,,011502,A,5600,,Tract  115.02,0,1,G,133,60,120,211,214,132,118,68,101,86,110,122,52,6,0,86,90,67,61,40,26,41,45,14,4,5,0,0,0,0
G36000500118,1970,1,2,New York,36,Bronx,005,,,0118,A,5600,,Tract  118,0,1,G,14,11,37,29,38,42,66,65,65,84,174,219,295,47,0,407,123,61,29,15,21,56,0,10,4,0,6,5,0,0
G36000500119,1970,1,2,New York,36,Bronx,005,,,0119,A,5600,,Tract  119,0,1,G,133,139,205,330,297,231,178,157,87,96,153,101,95,11,0,236,133,115,81,167,72,97,28,28,3,9,0,0,0,0
G3600050012101,1970,1,2,New York,36,Bronx,005,,,012101,A,5600,,Tract  121.01,0,1,G,139,59,132,166,212,173,151,109,89,47,128,120,83,8,0,111,106,54,48,72,51,22,20,7,2,9,0,0,0,0
G3600050012102,1970,1,2,New York,36,Bronx,005,,,012102,A,5600,,Tract  121.02,0,1,G,91,37,39,79,69,77,77,44,59,38,24,8,37,2,0,50,69,20,17,10,26,4,10,0,0,0,0,0,0,0
G36000500123,1970,1,2,New York,36,Bronx,005,,,0123,A,5600,,Tract  123,0,1,G,80,131,236,210,212,171,199,131,81,32,33,75,28,0,5,97,129,73,75,50,21,22,16,15,0,12,0,0,0,0
G36000500125,1970,1,2,New York,36,Bronx,005,,,0125,A,5600,,Tract  125,0,1,G,91,115,139,211,190,124,101,180,69,71,79,54,76,0,0,121,126,66,65,79,70,30,8,11,0,0,0,0,0,0
G3600050012701,1970,1,2,New York,36,Bronx,005,,,012701,A,5600,,Tract  127.01,0,1,G,115,103,177,147,147,156,135,83,76,32,64,54,30,13,0,147,90,61,86,87,56,10,6,16,6,4,0,0,0,0
G3600050012702,1970,1,2,New York,36,Bronx,005,,,012702,A,5600,,Tract  127.02,0,1,G,224,87,148,109,85,56,61,39,37,15,22,33,14,0,0,81,34,22,11,0,0,4,10,0,0,0,0,0,0,0
G3600050012901,1970,1,2,New York,36,Bronx,005,,,012901,A,5600,,Tract  129.01,0,1,G,119,58,191,257,176,135,134,82,55,81,78,42,45,4,0,110,145,43,146,64,65,38,33,5,28,5,0,0,0,0
G3600050012902,1970,1,2,New York,36,Bronx,005,,,012902,A,5600,,Tract  129.02,0,1,G,20,21,19,43,49,64,61,26,26,11,22,6,40,0,0,88,48,27,10,26,31,34,0,0,0,0,0,0,0,0
G36000500130,1970,1,2,New York,36,Bronx,005,,,0130,A,5600,,Tract  130,0,1,G,0,0,5,0,0,15,23,11,6,43,56,30,52,9,0,9,20,6,0,10,0,0,0,0,0,0,0,0,0,0
G36000500131,1970,1,2,New York,36,Bronx,005,,,0131,A,5600,,Tract  131,0,1,G,384,108,180,232,190,262,178,135,169,67,173,95,39,0,0,223,161,147,76,60,69,51,45,10,5,19,0,6,0,0
G36000500132,1970,1,2,New York,36,Bronx,005,,,0132,A,5600,,Tract  132,0,1,G,23,42,20,26,31,49,29,74,78,92,209,298,320,68,0,39,24,27,22,0,6,4,10,9,28,15,5,0,0,0
G36000500133,1970,1,2,New York,36,Bronx,005,,,0133,A,5600,,Tract  133,0,1,G,80,133,185,154,171,309,267,218,212,126,216,117,99,16,0,98,156,75,61,97,6,19,27,15,6,18,5,0,5,0
G36000500135,1970,1,2,New York,36,Bronx,005,,,0135,A,5600,,Tract  135,0,1,G,75,108,127,116,153,160,135,132,53,68,101,82,83,5,0,68,103,46,32,64,21,25,26,10,4,7,0,7,0,0
G36000500137,1970,1,2,New York,36,Bronx,005,,,0137,A,5600,,Tract  137,0,1,G,160,105,207,114,196,178,204,142,120,85,137,156,42,0,0,216,167,144,69,62,65,39,27,28,14,15,7,0,0,0
G36000500138,1970,1,2,New York,36,Bronx,005,,,0138,A,5600,,Tract  138,0,1,G,15,40,9,19,26,47,44,41,58,51,195,130,199,29,5,7,33,41,0,14,4,4,9,5,9,10,0,0,5,0
G36000500139,1970,1,2,New York,36,Bronx,005,,,0139,A,5600,,Tract  139,0,1,G,162,94,138,120,103,97,67,27,68,39,22,75,20,0,0,55,65,49,27,25,42,15,5,11,0,0,4,0,0,0
G36000500141,1970,1,2,New York,36,Bronx,005,,,0141,A,5600,,Tract  141,0,1,G,126,100,124,208,153,113,116,57,63,47,93,78,21,0,0,39,98,88,76,59,47,22,20,26,8,9,4,0,0,0
G36000500143,1970,1,2,New York,36,Bronx,005,,,0143,A,5600,,Tract  143,0,1,G,35,32,66,89,55,43,51,30,47,52,39,14,13,6,0,18,29,9,22,6,7,18,9,0,0,0,3,0,0,0
G36000500144,1970,1,2,New York,36,Bronx,005,,,0144,A,5600,,Tract  144,0,1,G,59,50,83,109,92,93,144,123,117,97,86,128,64,15,0,40,52,44,58,18,16,0,6,3,0,0,0,0,0,0
G36000500145,1970,1,2,New York,36,Bronx,005,,,0145,A,5600,,Tract  145,0,1,G,100,46,136,149,141,172,138,141,140,93,109,138,58,0,6,128,114,71,59,66,49,41,29,33,12,0,0,4,0,0
G36000500147,1970,1,2,New York,36,Bronx,005,,,0147,A,5600,,Tract  147,0,1,G,198,110,250,240,299,323,328,343,190,315,315,234,137,13,0,111,230,160,70,71,25,31,4,5,0,0,5,0,0,0
G36000500149,1970,1,2,New York,36,Bronx,005,,,0149,A,5600,,Tract  149,0,1,G,173,80,87,189,89,138,137,121,43,43,178,131,96,20,13,160,73,62,82,106,76,26,24,4,6,17,4,4,0,0
G36000500151,1970,1,2,New York,36,Bronx,005,,,0151,A,5600,,Tract  151,0,1,G,143,128,186,178,137,159,186,150,106,96,135,87,73,6,0,232,220,115,72,129,103,82,5,24,7,6,24,6,0,0
G36000500153,1970,1,2,New York,36,Bronx,005,,,0153,A,5600,,Tract  153,0,1,G,460,181,351,444,405,431,229,163,105,91,158,90,68,5,0,189,189,114,120,86,47,64,14,28,12,4,13,14,0,0
G36000500154,1970,1,2,New York,36,Bronx,005,,,0154,A,5600,,Tract  154,0,1,G,4,15,6,5,18,6,16,29,46,35,24,94,63,11,0,39,18,21,15,7,12,4,4,8,13,4,0,0,0,4
G36000500155,1970,1,2,New York,36,Bronx,005,,,0155,A,5600,,Tract  155,0,1,G,107,106,235,232,174,218,136,82,55,69,142,52,44,0,0,108,49,79,70,5,32,31,23,0,8,0,5,0,0,0
G36000500156,1970,1,2,New York,36,Bronx,005,,,0156,A,5600,,Tract  156,0,1,G,17,22,6,18,14,28,48,9,30,23,59,76,63,11,0,5,33,7,4,4,0,6,0,7,4,0,0,0,0,0
G36000500157,1970,1,2,New York,36,Bronx,005,,,0157,A,5600,,Tract  157,0,1,G,267,175,380,330,276,216,154,127,80,103,96,72,70,0,10,103,167,73,120,62,36,20,10,10,12,5,0,0,0,0
G36000500158,1970,1,2,New York,36,Bronx,005,,,0158,A,5600,,Tract  158,0,1,G,0,0,10,5,5,6,9,6,17,17,71,56,68,0,0,4,0,7,4,0,0,4,0,0,0,3,0,3,0,0
G36000500160,1970,1,2,New York,36,Bronx,005,,,0160,A,5600,,Tract  160,0,1,G,34,15,21,14,30,34,20,40,69,72,213,153,193,29,5,21,31,9,12,22,8,8,11,9,0,0,0,0,0,0
G36000500161,1970,1,2,New York,36,Bronx,005,,,0161,A,5600,,Tract  161,0,1,G,250,165,365,388,339,294,322,233,166,128,160,87,55,11,21,113,184,120,115,73,75,67,42,5,24,17,6,7,5,0
G36000500162,1970,1,2,New York,36,Bronx,005,,,0162,A,5600,,Tract  162,0,1,G,0,0,9,31,9,23,31,19,40,55,79,67,102,16,0,25,16,0,10,0,0,4,4,0,0,6,0,0,0,0
G36000500164,1970,1,2,New York,36,Bronx,005,,,0164,A,5600,,Tract  164,0,1,G,3,9,5,6,20,5,33,4,39,45,58,57,48,16,0,27,21,38,6,0,0,0,5,5,0,0,0,5,0,0
G36000500165,1970,1,2,New York,36,Bronx,005,,,0165,A,5600,,Tract  165,0,1,G,217,113,218,179,187,207,160,53,44,34,70,33,35,0,0,150,146,31,38,36,24,6,23,5,0,0,6,6,5,0
G36000500166,1970,1,2,New York,36,Bronx,005,,,0166,A,5600,,Tract  166,0,1,G,12,6,9,5,5,9,10,31,33,31,87,110,217,15,6,4,5,7,9,11,0,6,6,4,0,0,0,0,0,0
G36000500167,1970,1,2,New York,36,Bronx,005,,,0167,A,5600,,Tract  167,0,1,G,245,146,81,193,160,175,127,84,30,30,70,67,63,6,0,104,102,43,34,22,40,14,19,5,10,0,0,0,0,0
G36000500169,1970,1,2,New York,36,Bronx,005,,,0169,A,5600,,Tract  169,0,1,G,132,57,179,134,109,147,73,27,80,96,43,31,30,5,0,92,115,38,24,32,12,9,9,0,9,5,0,0,0,0
G36000500173,1970,1,2,New York,36,Bronx,005,,,0173,A,5600,,Tract  173,0,1,G,75,67,89,144,119,139,111,114,87,70,100,68,50,6,5,145,83,35,46,10,64,20,18,17,0,8,9,0,0,0
G36000500175,1970,1,2,New York,36,Bronx,005,,,0175,A,5600,,Tract  175,0,1,G,116,80,219,142,187,245,204,151,128,172,199,158,101,9,0,131,151,133,66,58,109,44,49,39,19,13,18,5,0,0
G36000500177,1970,1,2,New York,36,Bronx,005,,,0177,A,5600,,Tract  177,0,1,G,99,75,143,234,221,208,243,211,157,152,266,214,119,35,0,109,168,98,113,83,106,104,83,40,7,19,20,0,7,0
G36000500179,1970,1,2,New York,36,Bronx,005,,,0179,A,5600,,Tract  179,0,1,G,101,123,162,232,186,284,236,241,269,219,330,245,142,12,16,221,189,186,177,126,127,132,75,45,50,27,30,5,6,5
G36000500181,1970,1,2,New York,36,Bronx,005,,,0181,A,5600,,Tract  181,0,1,G,77,75,149,134,175,253,228,152,159,162,220,169,194,46,13,112,225,132,144,113,94,77,35,41,24,12,16,0,6,0
G36000500183,1970,1,2,New York,36,Bronx,005,,,0183,A,5600,,Tract  183,0,1,G,66,61,169,142,146,121,165,142,95,140,237,265,346,151,10,233,278,98,97,57,64,36,126,68,40,68,37,47,5,0
G36000500184,1970,1,2,New York,36,Bronx,005,,,0184,A,5600,,Tract  184,0,1,G,24,16,6,51,27,43,73,75,89,94,216,218,224,21,4,28,44,33,15,5,14,25,14,0,0,13,4,0,0,0
G36000500189,1970,1,2,New York,36,Bronx,005,,,0189,A,5600,,Tract  189,0,1,G,75,96,120,119,144,165,302,234,185,73,270,229,354,50,8,117,168,126,116,88,108,127,50,51,26,13,9,11,14,0
G36000500193,1970,1,2,New York,36,Bronx,005,,,0193,A,5600,,Tract  193,0,1,G,76,42,88,126,138,136,139,183,116,121,224,183,66,0,0,110,126,57,44,31,36,20,15,0,32,19,19,5,0,5
G36000500194,1970,1,2,New York,36,Bronx,005,,,0194,A,5600,,Tract  194,0,1,G,0,17,21,15,9,0,17,20,47,39,74,100,89,11,0,14,5,0,0,0,0,0,9,11,0,4,4,5,0,0
G36000500195,1970,1,2,New York,36,Bronx,005,,,0195,A,5600,,Tract  195,0,1,G,62,19,120,131,121,161,119,100,164,105,200,196,272,84,15,117,181,103,82,55,62,54,55,34,38,37,11,48,0,0
G36000500196,1970,1,2,New York,36,Bronx,005,,,0196,A,5600,,Tract  196,0,1,G,5,0,0,0,0,0,9,5,16,10,10,24,36,0,0,17,25,4,16,6,0,0,0,5,0,7,0,0,0,0
G36000500197,1970,1,2,New York,36,Bronx,005,,,0197,A,5600,,Tract  197,0,1,G,51,34,80,110,103,124,127,121,111,75,175,219,175,47,0,107,211,88,61,44,62,54,55,29,14,18,10,10,0,0
G36000500198,1970,1,2,New York,36,Bronx,005,,,0198,A,5600,,Tract  198,0,1,G,18,21,22,65,20,57,42,94,78,119,155,113,155,60,0,16,73,54,58,11,18,13,4,10,0,17,13,5,0,0
G36000500199,1970,1,2,New York,36,Bronx,005,,,0199,A,5600,,Tract  199,0,1,G,94,31,127,116,117,178,126,259,145,111,241,229,244,29,0,180,229,83,68,70,96,81,129,35,17,14,6,0,5,0
G36000500201,1970,1,2,New York,36,Bronx,005,,,0201,A,5600,,Tract  201,0,1,G,59,38,73,80,96,113,79,66,112,135,117,186,71,13,0,82,80,31,20,42,76,19,40,21,23,21,19,4,0,0
G36000500202,1970,1,2,New York,36,Bronx,005,,,0202,A,5600,,Tract  202,0,1,G,10,10,9,9,22,8,17,28,14,62,79,93,95,18,0,32,45,25,14,16,10,4,14,0,0,27,5,0,0,0
G36000500204,1970,1,2,New York,36,Bronx,005,,,0204,A,5600,,Tract  204,0,1,G,16,23,9,45,13,47,36,29,72,61,126,116,94,20,0,5,53,31,15,5,27,22,10,28,0,0,9,5,0,0
G36000500205,1970,1,2,New York,36,Bronx,005,,,0205,A,5600,,Tract  205,0,1,G,70,92,102,153,129,148,203,214,243,203,340,319,334,25,0,149,153,50,106,77,43,51,43,20,20,25,27,9,0,0
G3600050020601,1970,1,2,New York,36,Bronx,005,,,020601,A,5600,,Tract  206.01,0,1,G,8,16,24,5,24,12,55,3,69,31,103,66,92,24,0,10,26,15,25,0,14,9,4,0,4,6,0,0,0,0
G3600050020602,1970,1,2,New York,36,Bronx,005,,,020602,A,5600,,Tract  206.02,0,1,G,0,10,18,23,11,23,22,16,17,16,34,0,22,10,0,16,24,0,4,21,18,6,6,5,0,6,0,0,0,0
G36000500208,1970,1,2,New York,36,Bronx,005,,,0208,A,5600,,Tract  208,0,1,G,5,10,33,35,21,36,30,54,50,20,44,61,131,10,6,43,44,60,15,30,9,15,24,0,15,5,0,0,0,0
G36000500210,1970,1,2,New York,36,Bronx,005,,,0210,A,5600,,Tract  210,0,1,G,47,66,158,162,191,281,243,197,347,313,652,940,1370,267,36,273,456,273,176,154,136,135,110,136,74,96,62,34,0,5
G36000500211,1970,1,2,New York,36,Bronx,005,,,0211,A,5600,,Tract  211,0,1,G,63,86,184,131,108,198,150,150,94,91,238,165,186,0,0,93,67,72,94,80,88,72,33,25,18,38,0,0,0,0
G36000500212,1970,1,2,New York,36,Bronx,005,,,0212,A,5600,,Tract  212,0,1,G,12,25,76,56,84,62,87,68,112,108,174,282,443,142,5,107,167,137,103,81,88,38,50,55,56,54,19,17,0,0
G3600050021301,1970,1,2,New York,36,Bronx,005,,,021301,A,5600,,Tract  213.01,0,1,G,43,0,36,44,23,36,18,42,55,63,47,48,24,5,0,17,37,16,15,15,37,23,7,0,0,5,3,0,0,0
G3600050021302,1970,1,2,New York,36,Bronx,005,,,021302,A,5600,,Tract  213.02,0,1,G,80,52,138,131,156,110,189,157,127,136,188,141,168,10,0,82,103,98,68,119,74,101,24,22,13,14,15,0,3,0
G36000500214,1970,1,2,New York,36,Bronx,005,,,0214,A,5600,,Tract  214,0,1,G,11,3,0,3,9,9,20,9,32,20,11,24,17,15,0,7,9,0,12,0,0,6,0,5,0,0,0,5,0,0
G3600050021501,1970,1,2,New York,36,Bronx,005,,,021501,A,5600,,Tract  215.01,0,1,G,92,38,84,149,142,144,145,75,112,52,143,137,78,11,0,106,124,57,28,109,70,39,83,23,28,0,5,7,5,0
G3600050021502,1970,1,2,New York,36,Bronx,005,,,021502,A,5600,,Tract  215.02,0,1,G,87,48,158,97,164,183,228,150,202,162,248,173,157,19,34,94,161,95,40,55,48,63,67,23,6,11,22,6,0,13
G3600050021601,1970,1,2,New York,36,Bronx,005,,,021601,A,5600,,Tract  216.01,0,1,G,23,43,79,29,23,82,45,76,41,127,223,126,209,42,5,25,143,59,23,33,5,34,15,29,16,10,9,0,0,0
G3600050021602,1970,1,2,New York,36,Bronx,005,,,021602,A,5600,,Tract  216.02,0,1,G,11,20,40,61,56,98,52,111,109,122,252,223,352,125,0,96,149,108,67,61,39,81,67,48,30,31,20,15,15,0
G3600050021701,1970,1,2,New York,36,Bronx,005,,,021701,A,5600,,Tract  217.01,0,1,G,88,69,131,123,161,157,189,158,104,115,144,152,145,26,5,125,95,69,91,99,112,103,54,12,25,18,27,6,0,0
G3600050021702,1970,1,2,New York,36,Bronx,005,,,021702,A,5600,,Tract  217.02,0,1,G,12,25,9,18,15,10,10,29,11,33,11,23,19,10,0,31,24,21,4,6,29,11,6,5,0,5,0,0,0,0
G36000500218,1970,1,2,New York,36,Bronx,005,,,0218,A,5600,,Tract  218,0,1,G,43,41,73,67,102,80,85,170,111,111,277,226,275,74,0,84,117,55,52,51,32,46,39,45,0,41,4,0,0,0
G36000500219,1970,1,2,New York,36,Bronx,005,,,0219,A,5600,,Tract  219,0,1,G,22,4,40,10,5,38,21,24,37,24,19,38,11,0,0,16,58,0,9,16,5,0,5,6,10,5,5,0,5,0
G36000500220,1970,1,2,New York,36,Bronx,005,,,0220,A,5600,,Tract  220,0,1,G,15,20,53,54,32,28,42,20,36,3,31,36,21,17,0,34,39,36,30,7,4,6,7,6,4,0,0,0,0,0
G36000500221,1970,1,2,New York,36,Bronx,005,,,0221,A,5600,,Tract  221,0,1,G,29,57,127,152,149,167,185,136,165,133,205,207,147,31,0,203,211,124,128,105,135,125,92,35,15,11,17,0,0,0
G36000500223,1970,1,2,New York,36,Bronx,005,,,0223,A,5600,,Tract  223,0,1,G,47,76,124,149,133,218,171,189,171,157,295,275,337,32,0,163,344,111,110,105,91,94,50,26,11,19,34,6,0,0
G3600050022401,1970,1,2,New York,36,Bronx,005,,,022401,A,5600,,Tract  224.01,0,1,G,0,32,45,49,55,50,35,54,52,77,90,122,137,49,0,32,92,70,22,26,10,15,15,9,5,10,0,11,6,0
G3600050022402,1970,1,2,New York,36,Bronx,005,,,022402,A,5600,,Tract  224.02,0,1,G,22,81,144,84,54,142,120,118,131,130,297,270,430,92,0,124,228,87,84,36,79,56,48,45,72,42,23,13,0,0
G36000500225,1970,1,2,New York,36,Bronx,005,,,0225,A,5600,,Tract  225,0,1,G,84,60,107,118,126,103,198,131,107,136,210,259,332,32,0,165,152,151,83,101,105,71,86,23,6,39,29,23,0,0
G3600050022701,1970,1,2,New York,36,Bronx,005,,,022701,A,5600,,Tract  227.01,0,1,G,32,23,51,109,114,171,192,104,152,80,157,102,141,53,16,77,163,80,56,60,32,37,26,30,26,47,8,23,0,0
G3600050022702,1970,1,2,New York,36,Bronx,005,,,022702,A,5600,,Tract  227.02,0,1,G,12,5,17,34,26,25,20,35,35,16,47,50,113,7,4,19,56,19,9,14,4,17,4,5,0,5,5,0,10,0
G3600050022703,1970,1,2,New York,36,Bronx,005,,,022703,A,5600,,Tract  227.03,0,1,G,10,6,33,20,0,12,36,17,23,15,28,53,38,6,6,10,39,10,14,19,5,0,4,17,0,5,5,0,0,0
G36000500228,1970,1,2,New York,36,Bronx,005,,,0228,A,5600,,Tract  228,0,1,G,58,33,129,25,59,84,63,101,144,53,168,282,343,73,0,94,136,59,36,34,22,36,38,28,18,43,21,0,0,0
G3600050022901,1970,1,2,New York,36,Bronx,005,,,022901,A,5600,,Tract  229.01,0,1,G,59,42,76,55,72,66,98,138,99,114,211,230,149,30,16,89,162,65,52,50,59,50,106,47,25,20,29,15,0,0
G3600050022902,1970,1,2,New York,36,Bronx,005,,,022902,A,5600,,Tract  229.02,0,1,G,36,26,74,51,68,118,97,56,110,77,94,57,100,10,10,46,100,50,33,32,24,34,14,11,10,5,0,0,0,0
G36000500230,1970,1,2,New York,36,Bronx,005,,,0230,A,5600,,Tract  230,0,1,G,35,33,24,32,45,26,39,65,48,23,46,128,109,16,0,41,54,6,45,23,5,14,7,0,9,4,0,0,0,0
G36000500231,1970,1,2,New York,36,Bronx,005,,,0231,A,5600,,Tract  231,0,1,G,11,32,23,32,24,71,36,34,61,25,94,28,47,5,0,5,10,11,7,31,17,19,16,11,0,6,0,14,0,0
G36000500232,1970,1,2,New York,36,Bronx,005,,,0232,A,5600,,Tract  232,0,1,G,19,38,19,28,28,45,20,24,66,30,83,145,116,16,0,43,36,26,9,11,7,28,0,0,6,8,0,0,0,0
G3600050023301,1970,1,2,New York,36,Bronx,005,,,023301,A,5600,,Tract  233.01,0,1,G,98,28,71,78,64,128,121,123,126,108,138,153,169,56,0,132,132,74,77,25,57,45,31,37,22,28,10,5,0,0
G3600050023302,1970,1,2,New York,36,Bronx,005,,,023302,A,5600,,Tract  233.02,0,1,G,23,26,30,34,30,85,39,41,28,59,126,70,142,18,0,22,64,35,40,13,42,13,17,13,5,33,17,0,5,0
G36000500234,1970,1,2,New York,36,Bronx,005,,,0234,A,5600,,Tract  234,0,1,G,10,15,5,17,25,17,30,40,55,72,78,99,68,17,0,30,20,19,0,0,7,7,6,0,0,0,0,0,0,0
G3600050023501,1970,1,2,New York,36,Bronx,005,,,023501,A,5600,,Tract  235.01,0,1,G,8,17,66,48,36,81,63,38,90,47,67,70,125,17,8,45,45,70,18,38,57,30,20,23,13,18,5,4,0,0
G3600050023502,1970,1,2,New York,36,Bronx,005,,,023502,A,5600,,Tract  235.02,0,1,G,19,32,32,67,68,37,70,69,55,84,143,112,149,4,6,113,156,59,49,36,30,34,26,14,26,11,6,8,0,0
G36000500236,1970,1,2,New York,36,Bronx,005,,,0236,A,5600,,Tract  236,0,1,G,19,25,42,10,21,20,10,43,38,37,92,59,51,7,0,22,49,22,35,7,18,6,0,0,0,12,12,0,0,0
G3600050023701,1970,1,2,New York,36,Bronx,005,,,023701,A,5600,,Tract  237.01,0,1,G,53,33,75,148,52,144,107,113,147,137,255,255,251,56,4,183,213,107,105,87,113,120,68,93,29,100,28,5,10,0
G3600050023702,1970,1,2,New York,36,Bronx,005,,,023702,A,5600,,Tract  237.02,0,1,G,0,0,18,14,24,12,61,23,39,4,19,25,4,0,0,4,45,27,26,6,12,0,0,6,5,0,5,0,0,0
G36000500239,1970,1,2,New York,36,Bronx,005,,,0239,A,5600,,Tract  239,0,1,G,40,86,94,124,138,143,155,130,163,176,201,270,219,39,0,148,252,177,136,103,120,55,70,48,20,54,38,8,0,0
G36000500240,1970,1,2,New York,36,Bronx,005,,,0240,A,5600,,Tract  240,0,1,G,27,14,62,28,23,44,63,45,63,91,121,113,167,3,8,47,49,38,20,15,22,27,0,5,6,5,7,0,0,0
G36000500241,1970,1,2,New York,36,Bronx,005,,,0241,A,5600,,Tract  241,0,1,G,71,59,118,130,130,163,160,216,146,120,195,198,199,14,6,212,238,122,84,66,96,38,39,10,16,0,5,0,0,0
G36000500242,1970,1,2,New York,36,Bronx,005,,,0242,A,5600,,Tract  242,0,1,G,0,0,0,0,0,0,6,0,0,6,6,4,6,0,0,0,0,4,0,0,0,0,0,0,0,0,0,0,0,0
G36000500243,1970,1,2,New York,36,Bronx,005,,,0243,A,5600,,Tract  243,0,1,G,96,41,160,146,112,110,144,171,157,104,153,195,138,27,0,186,114,55,24,31,57,89,40,38,10,5,0,0,0,0
G36000500244,1970,1,2,New York,36,Bronx,005,,,0244,A,5600,,Tract  244,0,1,G,10,10,28,27,10,33,57,40,53,54,97,111,85,28,0,25,13,0,27,11,4,6,15,0,6,0,0,0,0,0
G36000500245,1970,1,2,New York,36,Bronx,005,,,0245,A,5600,,Tract  245,0,1,G,32,55,66,116,96,152,221,160,245,188,247,229,291,77,0,160,122,113,103,37,42,61,46,55,46,12,25,8,0,8
G36000500246,1970,1,2,New York,36,Bronx,005,,,0246,A,5600,,Tract  246,0,1,G,6,17,9,16,21,32,44,21,18,46,90,116,158,25,0,21,45,4,11,14,10,0,14,0,0,10,0,0,0,0
G36000500247,1970,1,2,New York,36,Bronx,005,,,0247,A,5600,,Tract  247,0,1,G,0,13,6,5,31,23,27,10,35,53,50,76,67,0,0,29,30,18,13,17,0,14,13,0,25,5,4,9,0,0
G36000500248,1970,1,2,New York,36,Bronx,005,,,0248,A,5600,,Tract  248,0,1,G,0,20,23,43,13,51,27,70,54,76,164,121,299,56,0,26,38,9,22,8,14,14,4,32,0,20,5,0,0,0
G36000500250,1970,1,2,New York,36,Bronx,005,,,0250,A,5600,,Tract  250,0,1,G,39,22,22,28,17,55,23,24,37,82,100,141,214,26,0,21,25,22,10,21,16,24,11,5,0,17,0,0,0,0
G36000500251,1970,1,2,New York,36,Bronx,005,,,0251,A,5600,,Tract  251,0,1,G,77,100,203,160,171,181,194,262,223,141,255,246,233,46,16,242,337,160,145,66,73,49,56,46,42,37,13,8,4,7
G36000500252,1970,1,2,New York,36,Bronx,005,,,0252,A,5600,,Tract  252,0,1,G,42,4,19,6,24,25,66,55,57,48,83,121,156,19,0,19,25,20,9,10,5,6,18,5,6,0,0,0,0,0
G36000500253,1970,1,2,New York,36,Bronx,005,,,0253,A,5600,,Tract  253,0,1,G,9,18,47,47,47,74,92,86,86,125,270,210,258,38,12,89,142,75,46,67,38,65,74,26,28,18,14,4,0,0
G36000500254,1970,1,2,New York,36,Bronx,005,,,0254,A,5600,,Tract  254,0,1,G,18,22,20,23,32,17,42,52,53,73,149,97,97,35,0,34,44,37,9,5,5,9,10,9,5,0,0,0,0,0
G36000500255,1970,1,2,New York,36,Bronx,005,,,0255,A,5600,,Tract  255,0,1,G,32,11,34,32,76,49,51,73,92,136,184,216,291,60,5,119,223,148,79,87,49,46,41,32,9,43,28,10,0,0
G36000500256,1970,1,2,New York,36,Bronx,005,,,0256,A,5600,,Tract  256,0,1,G,6,10,17,20,12,11,10,19,40,84,63,70,71,10,0,18,13,15,9,4,14,9,5,4,5,4,5,10,0,0
G36000500257,1970,1,2,New York,36,Bronx,005,,,0257,A,5600,,Tract  257,0,1,G,4,9,16,20,15,10,33,12,49,10,59,70,141,11,5,18,58,42,20,21,18,18,36,0,15,15,4,0,0,0
G36000500258,1970,1,2,New York,36,Bronx,005,,,0258,A,5600,,Tract  258,0,1,G,0,0,14,5,4,11,6,0,0,15,30,20,26,0,0,17,0,6,10,0,6,0,0,0,5,0,0,0,0,0
G36000500261,1970,1,2,New York,36,Bronx,005,,,0261,A,5600,,Tract  261,0,1,G,5,20,4,21,5,27,40,10,29,29,53,139,279,105,20,34,44,27,21,19,17,25,34,74,30,48,28,19,15,0
G36000500263,1970,1,2,New York,36,Bronx,005,,,0263,A,5600,,Tract  263,0,1,G,24,14,34,68,93,58,71,133,68,119,224,219,193,28,0,67,175,83,39,65,31,42,63,52,25,36,6,16,0,0
G36000500264,1970,1,2,New York,36,Bronx,005,,,0264,A,5600,,Tract  264,0,1,G,20,29,66,55,29,47,74,103,118,70,203,308,296,78,0,86,54,62,38,17,24,20,10,6,5,4,0,11,0,0
G36000500265,1970,1,2,New York,36,Bronx,005,,,0265,A,5600,,Tract  265,0,1,G,22,46,34,33,76,73,69,127,108,134,242,217,178,53,15,43,156,102,44,49,32,38,29,34,9,41,23,19,0,0
G3600050026601,1970,1,2,New York,36,Bronx,005,,,026601,A,5600,,Tract  266.01,0,1,G,8,33,30,26,21,46,28,50,54,87,113,145,188,20,17,32,44,11,21,17,15,18,5,22,0,32,0,6,0,0
G3600050026602,1970,1,2,New York,36,Bronx,005,,,026602,A,5600,,Tract  266.02,0,1,G,43,31,24,66,59,117,46,130,128,143,241,252,378,35,5,70,138,70,45,62,35,37,25,30,35,36,20,0,0,0
G36000500267,1970,1,2,New York,36,Bronx,005,,,0267,A,5600,,Tract  267,0,1,G,66,38,90,99,93,145,148,148,140,132,425,507,529,187,14,129,132,124,108,62,121,71,67,83,26,44,20,15,0,0
G36000500269,1970,1,2,New York,36,Bronx,005,,,0269,A,5600,,Tract  269,0,1,G,9,8,22,21,8,26,21,31,39,83,98,148,167,68,4,12,44,44,50,16,9,30,31,17,13,7,9,25,0,0
G3600050027101,1970,1,2,New York,36,Bronx,005,,,027101,A,5600,,Tract  271.01,0,1,G,5,12,30,43,27,5,56,46,46,51,88,45,79,5,0,22,36,8,9,0,21,7,10,4,0,3,0,0,0,0
G36000500273,1970,1,2,New York,36,Bronx,005,,,0273,A,5600,,Tract  273,0,1,G,20,40,49,63,89,91,112,105,45,108,182,265,263,46,15,132,140,36,54,25,53,45,21,37,26,12,12,3,4,0
G36000500274,1970,1,2,New York,36,Bronx,005,,,0274,A,5600,,Tract  274,0,1,G,26,44,48,48,71,43,84,109,137,142,320,437,637,175,0,91,76,52,46,29,7,15,12,0,0,18,12,12,0,0
G36000500277,1970,1,2,New York,36,Bronx,005,,,0277,A,5600,,Tract  277,0,1,G,8,31,31,71,47,93,99,89,90,105,210,257,244,62,4,63,68,71,56,71,41,55,39,64,14,25,31,12,0,0
G36000500279,1970,1,2,New York,36,Bronx,005,,,0279,A,5600,,Tract  279,0,1,G,41,27,70,72,58,96,99,116,76,167,319,419,553,132,5,54,123,92,68,43,57,62,29,22,28,57,21,21,0,0
G36000500281,1970,1,2,New York,36,Bronx,005,,,0281,A,5600,,Tract  281,0,1,G,14,43,46,61,35,64,16,75,68,31,117,192,352,90,10,97,102,52,26,27,27,37,0,9,0,5,9,5,0,0
G36000500283,1970,1,2,New York,36,Bronx,005,,,0283,A,5600,,Tract  283,0,1,G,0,0,0,10,22,15,4,18,9,19,48,27,46,9,0,7,15,37,10,31,13,19,5,4,0,22,0,0,0,0
G36000500284,1970,1,2,New York,36,Bronx,005,,,0284,A,5600,,Tract  284,0,1,G,0,0,0,0,0,0,0,0,0,0,4,4,0,0,0,5,5,9,0,0,0,4,5,0,0,0,0,0,0,0
G36000500285,1970,1,2,New York,36,Bronx,005,,,0285,A,5600,,Tract  285,0,1,G,0,38,22,27,50,45,33,59,48,78,117,175,276,26,0,58,49,38,27,13,24,35,38,26,19,27,14,15,0,0
G36000500286,1970,1,2,New York,36,Bronx,005,,,0286,A,5600,,Tract  286,0,1,G,5,5,16,10,5,4,30,29,29,30,64,79,85,10,0,69,24,17,0,4,14,0,5,0,5,21,0,16,0,0
G36000500287,1970,1,2,New York,36,Bronx,005,,,0287,A,5600,,Tract  287,0,1,G,14,9,9,30,53,36,37,44,61,56,135,131,185,55,5,19,52,38,28,39,27,36,15,5,11,17,6,6,0,0
G36000500288,1970,1,2,New York,36,Bronx,005,,,0288,A,5600,,Tract  288,0,1,G,33,30,25,13,15,27,44,41,32,56,168,82,273,98,17,56,48,26,16,11,16,6,11,0,0,26,5,34,0,0
G36000500289,1970,1,2,New York,36,Bronx,005,,,0289,A,5600,,Tract  289,0,1,G,26,10,43,88,42,67,81,84,58,94,173,191,247,69,0,39,140,92,62,48,17,18,35,18,22,15,8,18,0,0
G36000500293,1970,1,2,New York,36,Bronx,005,,,0293,A,5600,,Tract  293,0,1,G,9,19,44,15,26,40,38,66,74,140,229,296,908,539,117,33,35,62,23,56,31,36,23,30,17,57,49,85,9,8
G36000500295,1970,1,2,New York,36,Bronx,005,,,0295,A,5600,,Tract  295,0,1,G,14,31,8,21,18,66,69,43,91,41,180,218,516,156,7,0,45,79,14,23,8,18,69,13,43,24,9,35,0,0
G36000500296,1970,1,2,New York,36,Bronx,005,,,0296,A,5600,,Tract  296,0,1,G,5,10,10,15,16,5,27,25,20,37,107,67,176,42,0,207,123,74,102,9,17,9,39,23,30,26,15,10,0,0
G36000500297,1970,1,2,New York,36,Bronx,005,,,0297,A,5600,,Tract  297,0,1,G,21,34,29,41,17,25,43,55,46,38,160,206,427,231,52,51,33,19,48,24,32,13,11,31,32,5,11,11,6,0
G36000500300,1970,1,2,New York,36,Bronx,005,,,0300,A,5600,,Tract  300,0,1,G,14,53,79,56,25,78,49,129,141,155,251,309,430,63,0,58,38,41,62,53,84,20,19,42,24,33,5,7,0,0
G36000500301,1970,1,2,New York,36,Bronx,005,,,0301,A,5600,,Tract  301,0,1,G,0,0,5,6,0,5,5,16,11,11,34,29,119,52,15,20,16,16,25,4,22,6,20,28,0,10,10,5,0,0
G36000500302,1970,1,2,New York,36,Bronx,005,,,0302,A,5600,,Tract  302,0,1,G,0,0,0,0,0,7,4,10,0,0,0,6,6,0,0,0,7,6,0,0,0,0,0,0,0,0,0,0,0,0
G36000500307,1970,1,2,New York,36,Bronx,005,,,0307,A,5600,,Tract  307,0,1,G,28,5,15,39,60,50,46,99,95,91,243,457,1059,707,210,63,81,39,49,20,32,74,45,47,31,68,67,59,11,14
G36000500310,1970,1,2,New York,36,Bronx,005,,,0310,A,5600,,Tract  310,0,1,G,19,22,15,36,18,5,8,27,29,20,74,137,185,88,3,5,6,20,0,13,0,0,0,0,0,0,7,0,0,0
G36000500312,1970,1,2,New York,36,Bronx,005,,,0312,A,5600,,Tract  312,0,1,G,5,22,13,17,12,38,15,12,20,14,57,99,125,40,11,0,8,8,8,0,23,0,6,0,0,0,0,0,0,0
G36000500314,1970,1,2,New York,36,Bronx,005,,,0314,A,5600,,Tract  314,0,1,G,5,0,7,11,20,15,16,23,14,38,55,85,162,70,5,14,20,8,0,0,14,10,7,4,8,0,7,7,0,0
G36000500316,1970,1,2,New York,36,Bronx,005,,,0316,A,5600,,Tract  316,0,1,G,6,5,9,21,10,35,4,14,37,26,51,111,138,50,0,20,5,27,0,0,0,15,6,8,0,9,0,0,8,0
G36000500317,1970,1,2,New York,36,Bronx,005,,,0317,A,5600,,Tract  317,0,1,G,0,0,0,0,0,0,0,0,0,5,0,0,0,10,0,6,5,6,6,11,11,6,0,0,5,0,0,0,0,0
G36000500318,1970,1,2,New York,36,Bronx,005,,,0318,A,5600,,Tract  318,0,1,G,6,5,9,9,0,21,9,23,27,10,77,67,130,25,5,11,7,0,7,8,0,23,21,0,0,0,0,0,0,0
G36000500319,1970,1,2,New York,36,Bronx,005,,,0319,A,5600,,Tract  319,0,1,G,0,0,0,0,0,0,0,0,0,0,0,0,0,0,0,397,229,16,0,0,0,33,0,11,18,0,0,0,0,0
G36000500320,1970,1,2,New York,36,Bronx,005,,,0320,A,5600,,Tract  320,0,1,G,0,19,6,19,3,12,12,5,20,39,72,101,177,58,0,0,5,0,6,0,6,10,21,5,4,0,0,0,0,0
G36000500322,1970,1,2,New York,36,Bronx,005,,,0322,A,5600,,Tract  322,0,1,G,5,0,10,10,12,0,9,34,19,21,45,61,99,23,0,29,11,18,25,10,0,0,14,6,0,0,0,0,0,0
G36000500323,1970,1,2,New York,36,Bronx,005,,,0323,A,5600,,Tract  323,0,1,G,9,5,6,44,31,79,31,84,78,79,289,371,627,287,54,89,30,35,28,43,44,62,82,71,41,160,89,23,23,9
G36000500324,1970,1,2,New York,36,Bronx,005,,,0324,A,5600,,Tract  324,0,1,G,65,25,54,23,21,48,43,46,60,43,201,90,135,9,0,148,66,5,4,37,31,24,32,14,4,0,0,0,0,0
G36000500328,1970,1,2,New York,36,Bronx,005,,,0328,A,5600,,Tract  328,0,1,G,26,21,28,40,59,62,71,102,111,93,167,151,199,57,6,62,56,29,19,11,0,32,11,0,17,15,12,0,0,0
G36000500329,1970,1,2,New York,36,Bronx,005,,,0329,A,5600,,Tract  329,0,1,G,0,5,5,11,6,18,17,37,32,36,62,74,101,74,39,21,4,18,13,23,23,19,16,12,4,18,5,5,0,0
G36000500330,1970,1,2,New York,36,Bronx,005,,,0330,A,5600,,Tract  330,0,1,G,10,23,56,60,70,89,44,121,116,131,206,146,247,38,0,73,109,47,31,21,42,20,13,10,28,0,16,14,0,4
G36000500332,1970,1,2,New York,36,Bronx,005,,,0332,A,5600,,Tract  332,0,1,G,56,32,83,62,128,93,94,112,115,186,361,338,599,107,26,117,175,69,53,48,30,33,46,27,24,27,16,21,0,0
G36000500333,1970,1,2,New York,36,Bronx,005,,,0333,A,5600,,Tract  333,0,1,G,0,4,0,0,0,0,0,6,0,5,0,5,28,43,39,10,4,0,0,16,0,0,0,0,0,0,0,0,0,0
G36000500336,1970,1,2,New York,36,Bronx,005,,,0336,A,5600,,Tract  336,0,1,G,59,30,97,99,106,62,156,160,98,109,240,225,274,35,0,156,159,105,48,32,15,26,23,27,0,26,27,0,0,0
G36000500338,1970,1,2,New York,36,Bronx,005,,,0338,A,5600,,Tract  338,0,1,G,42,10,19,50,27,77,74,58,59,85,103,148,134,27,0,55,105,59,20,5,15,23,6,5,16,0,17,0,0,0
G36000500339,1970,1,2,New York,36,Bronx,005,,,0339,A,5600,,Tract  339,0,1,G,0,10,0,6,5,7,10,31,25,0,23,52,119,63,6,9,4,8,10,6,4,11,0,0,0,0,0,0,0,0
G36000500340,1970,1,2,New York,36,Bronx,005,,,0340,A,5600,,Tract  340,0,1,G,21,48,47,104,40,73,33,98,81,74,109,157,238,30,5,49,143,67,58,10,20,10,22,11,12,0,6,10,0,0
G36000500341,1970,1,2,New York,36,Bronx,005,,,0341,A,5600,,Tract  341,0,1,G,5,0,14,0,8,21,4,14,17,19,46,101,138,39,0,18,0,13,5,6,10,0,0,4,8,0,5,5,0,0
G36000500342,1970,1,2,New York,36,Bronx,005,,,0342,A,5600,,Tract  342,0,1,G,11,9,0,29,38,25,11,4,34,34,97,53,46,15,0,27,31,13,4,6,11,0,11,5,6,10,0,0,0,0
G36000500343,1970,1,2,New York,36,Bronx,005,,,0343,A,5600,,Tract  343,0,1,G,5,5,9,14,5,29,22,10,13,16,22,70,173,55,6,29,10,9,16,0,5,5,5,6,15,16,5,5,0,0
G36000500344,1970,1,2,New York,36,Bronx,005,,,0344,A,5600,,Tract  344,0,1,G,0,22,11,14,20,18,15,39,34,18,73,70,71,14,0,0,21,16,6,5,0,0,11,5,0,0,0,0,0,0
G36000500345,1970,1,2,New York,36,Bronx,005,,,0345,A,5600,,Tract  345,0,1,G,0,5,24,7,17,35,20,21,30,14,137,180,371,139,39,15,31,16,20,16,10,15,18,35,0,37,15,18,5,0
G36000500346,1970,1,2,New York,36,Bronx,005,,,0346,A,5600,,Tract  346,0,1,G,37,21,34,57,37,102,127,119,90,96,267,156,260,28,6,33,24,14,17,10,21,6,0,12,5,0,0,0,0,0
G36000500350,1970,1,2,New York,36,Bronx,005,,,0350,A,5600,,Tract  350,0,1,G,10,5,12,6,50,32,20,22,6,13,105,65,123,20,0,10,33,17,6,13,6,0,10,10,11,0,0,0,0,0
G36000500351,1970,1,2,New York,36,Bronx,005,,,0351,A,5600,,Tract  351,0,1,G,13,9,24,20,16,41,19,27,68,70,122,128,223,86,53,452,386,148,20,53,33,52,43,23,19,37,63,5,5,0
G36000500352,1970,1,2,New York,36,Bronx,005,,,0352,A,5600,,Tract  352,0,1,G,17,6,21,6,11,31,28,41,21,27,64,103,139,24,0,11,18,0,0,6,0,0,6,5,6,6,0,0,0,0
G36000500354,1970,1,2,New York,36,Bronx,005,,,0354,A,5600,,Tract  354,0,1,G,13,6,8,0,14,0,5,16,4,0,28,25,54,11,0,15,0,0,0,0,0,0,0,0,0,0,0,0,0,0
G36000500356,1970,1,2,New York,36,Bronx,005,,,0356,A,5600,,Tract  356,0,1,G,24,20,14,23,17,14,21,14,21,25,58,53,129,3,0,22,16,26,15,5,22,6,7,15,0,8,0,4,0,0
G36000500358,1970,1,2,New York,36,Bronx,005,,,0358,A,5600,,Tract  358,0,1,G,23,17,28,37,61,52,44,86,127,76,264,247,355,63,0,54,77,42,8,14,44,12,12,8,5,0,16,0,0,0
G36000500359,1970,1,2,New York,36,Bronx,005,,,0359,A,5600,,Tract  359,0,1,G,65,13,44,93,147,71,46,42,38,29,49,13,0,0,0,47,50,23,8,16,10,3,6,0,0,0,0,0,0,0
G36000500361,1970,1,2,New York,36,Bronx,005,,,0361,A,5600,,Tract  361,0,1,G,75,58,128,91,90,68,75,104,90,45,74,60,85,7,0,70,47,37,31,56,22,25,0,3,5,0,4,0,0,0
G36000500363,1970,1,2,New York,36,Bronx,005,,,0363,A,5600,,Tract  363,0,1,G,309,198,298,340,297,334,224,219,161,124,216,204,94,16,0,163,127,110,95,77,60,53,39,23,0,6,11,0,0,0
G36000500364,1970,1,2,New York,36,Bronx,005,,,0364,A,5600,,Tract  364,0,1,G,5,5,34,26,26,31,44,60,34,44,114,44,186,32,11,18,7,39,0,28,4,38,36,17,0,0,0,0,0,0
G3600050036501,1970,1,2,New York,36,Bronx,005,,,036501,A,5600,,Tract  365.01,0,1,G,106,91,144,175,122,141,68,69,67,39,111,25,10,18,0,70,86,36,14,26,25,11,5,6,0,0,8,0,0,0
G3600050036502,1970,1,2,New York,36,Bronx,005,,,036502,A,5600,,Tract  365.02,0,1,G,102,62,59,72,98,102,80,73,31,71,54,18,34,15,0,54,71,25,25,50,29,12,0,14,0,24,0,0,0,0
G36000500366,1970,1,2,New York,36,Bronx,005,,,0366,A,5600,,Tract  366,0,1,G,4,6,0,10,5,13,5,7,26,10,31,36,32,0,0,8,6,0,9,14,5,0,0,0,0,5,0,0,0,0
G36000500367,1970,1,2,New York,36,Bronx,005,,,0367,A,5600,,Tract  367,0,1,G,84,88,127,148,93,187,132,109,87,101,142,115,92,19,0,57,47,72,38,37,41,15,26,11,7,10,0,0,0,0
G36000500368,1970,1,2,New York,36,Bronx,005,,,0368,A,5600,,Tract  368,0,1,G,23,4,10,16,16,9,20,14,11,9,42,84,112,14,0,18,15,4,5,10,30,0,0,5,0,5,0,11,0,0
G3600050036901,1970,1,2,New York,36,Bronx,005,,,036901,A,5600,,Tract  369.01,0,1,G,149,45,67,164,118,107,106,63,43,37,68,54,26,17,0,68,56,43,17,22,19,17,3,8,3,5,4,3,0,0
G3600050036902,1970,1,2,New York,36,Bronx,005,,,036902,A,5600,,Tract  369.02,0,1,G,46,48,65,78,39,127,72,63,28,56,51,55,34,11,0,49,45,17,11,26,18,11,9,4,0,0,0,0,0,0
G36000500370,1970,1,2,New York,36,Bronx,005,,,0370,A,5600,,Tract  370,0,1,G,6,16,30,10,18,32,57,50,25,53,115,130,113,23,0,21,15,23,5,15,19,6,0,0,5,9,0,0,0,0
G36000500371,1970,1,2,New York,36,Bronx,005,,,0371,A,5600,,Tract  371,0,1,G,245,101,205,297,136,268,183,146,78,76,91,96,59,5,0,65,136,114,55,29,61,22,12,12,8,13,0,0,0,0
G36000500372,1970,1,2,New York,36,Bronx,005,,,0372,A,5600,,Tract  372,0,1,G,15,19,30,19,23,16,35,10,19,35,94,68,94,16,0,23,5,16,0,6,0,0,5,0,0,6,0,0,0,0
G36000500373,1970,1,2,New York,36,Bronx,005,,,0373,A,5600,,Tract  373,0,1,G,189,113,283,201,134,197,151,197,139,108,165,150,128,13,10,101,95,84,51,52,31,28,21,13,23,9,6,4,4,0
G36000500374,1970,1,2,New York,36,Bronx,005,,,0374,A,5600,,Tract  374,0,1,G,38,14,57,54,24,76,53,81,160,97,102,138,91,0,0,37,69,45,13,45,12,23,0,14,12,14,0,7,0,0
G3600050037501,1970,1,2,New York,36,Bronx,005,,,037501,A,5600,,Tract  375.01,0,1,G,71,31,76,70,55,80,33,51,27,35,38,44,40,0,0,56,66,55,29,30,5,10,0,12,0,0,0,0,0,0
G3600050037502,1970,1,2,New York,36,Bronx,005,,,037502,A,5600,,Tract  375.02,0,1,G,59,52,84,127,85,71,51,99,22,41,49,52,26,10,0,17,20,30,30,37,27,15,0,11,0,0,0,0,4,0
G3600050037503,1970,1,2,New York,36,Bronx,005,,,037503,A,5600,,Tract  375.03,0,1,G,44,85,118,58,65,66,63,70,44,26,62,76,18,3,0,55,49,41,10,37,32,18,16,13,0,0,0,0,0,0
G36000500376,1970,1,2,New York,36,Bronx,005,,,0376,A,5600,,Tract  376,0,1,G,21,8,20,16,29,16,19,6,33,30,129,78,86,15,0,21,28,20,26,9,15,6,5,20,0,0,0,0,0,0
G36000500377,1970,1,2,New York,36,Bronx,005,,,0377,A,5600,,Tract  377,0,1,G,174,72,160,184,209,257,164,167,107,52,140,96,71,9,0,89,151,50,32,65,40,44,10,7,6,13,0,0,0,0
G36000500378,1970,1,2,New York,36,Bronx,005,,,0378,A,5600,,Tract  378,0,1,G,69,12,15,27,23,36,32,50,48,48,124,80,118,24,5,33,19,32,20,15,16,36,4,0,0,16,0,0,0,0
G36000500379,1970,1,2,New York,36,Bronx,005,,,0379,A,5600,,Tract  379,0,1,G,79,50,79,151,74,137,88,79,68,87,143,70,123,6,0,78,85,72,45,53,68,24,9,0,0,17,0,0,0,0
G36000500380,1970,1,2,New York,36,Bronx,005,,,0380,A,5600,,Tract  380,0,1,G,45,35,47,11,44,37,25,38,77,90,67,153,203,36,0,55,57,36,20,36,18,16,33,46,9,19,7,0,0,0
G36000500381,1970,1,2,New York,36,Bronx,005,,,0381,A,5600,,Tract  381,0,1,G,34,23,88,89,130,161,63,146,121,123,142,190,178,30,3,138,181,84,32,51,96,53,39,48,26,6,12,0,0,0
G36000500382,1970,1,2,New York,36,Bronx,005,,,0382,A,5600,,Tract  382,0,1,G,14,19,0,11,23,30,50,48,23,48,108,87,86,16,0,7,25,15,4,10,17,15,20,15,0,5,4,0,0,0
G36000500383,1970,1,2,New York,36,Bronx,005,,,0383,A,5600,,Tract  383,0,1,G,75,66,179,146,298,207,231,153,214,125,240,220,230,34,12,174,216,170,83,79,97,93,55,85,28,64,6,10,0,0
G36000500385,1970,1,2,New York,36,Bronx,005,,,0385,A,5600,,Tract  385,0,1,G,128,104,151,200,232,226,169,92,88,88,146,135,100,8,0,69,86,91,55,51,40,30,6,8,13,17,5,0,0,0
G36000500386,1970,1,2,New York,36,Bronx,005,,,0386,A,5600,,Tract  386,0,1,G,57,41,63,112,41,79,121,128,150,82,233,275,344,36,0,128,148,92,42,27,98,68,20,18,6,22,11,0,0,0
G36000500387,1970,1,2,New York,36,Bronx,005,,,0387,A,5600,,Tract  387,0,1,G,61,35,114,87,104,64,111,73,79,79,113,83,113,20,0,95,128,78,25,47,31,15,59,44,11,11,4,0,0,0
G36000500388,1970,1,2,New York,36,Bronx,005,,,0388,A,5600,,Tract  388,0,1,G,38,15,20,12,31,16,16,20,27,32,70,79,147,11,0,41,22,8,17,43,19,19,7,6,16,7,0,0,0,0
G36000500389,1970,1,2,New York,36,Bronx,005,,,0389,A,5600,,Tract  389,0,1,G,63,86,85,88,78,91,77,140,63,60,167,125,101,26,4,84,165,58,54,28,25,17,21,9,11,0,0,5,0,0
G36000500390,1970,1,2,New York,36,Bronx,005,,,0390,A,5600,,Tract  390,0,1,G,14,30,12,23,41,37,77,55,49,58,77,61,104,16,0,50,33,37,15,32,6,30,26,17,10,0,0,0,6,0
G36000500391,1970,1,2,New York,36,Bronx,005,,,0391,A,5600,,Tract  391,0,1,G,98,88,169,117,160,186,159,206,158,96,149,125,124,0,4,140,202,105,64,39,42,19,22,29,29,11,5,0,0,0
G36000500392,1970,1,2,New York,36,Bronx,005,,,0392,A,5600,,Tract  392,0,1,G,3,30,6,14,16,16,19,23,41,28,87,45,70,14,0,24,27,29,15,0,17,4,3,11,0,0,0,0,0,0
G36000500393,1970,1,2,New York,36,Bronx,005,,,0393,A,5600,,Tract  393,0,1,G,153,109,126,144,177,190,126,133,132,115,173,124,189,18,0,169,89,81,55,55,11,21,21,7,5,0,0,0,0,6
G36000500394,1970,1,2,New York,36,Bronx,005,,,0394,A,5600,,Tract  394,0,1,G,16,16,22,40,39,71,93,86,132,48,166,185,184,16,0,43,92,78,32,0,20,5,16,5,5,10,0,5,0,0
G36000500396,1970,1,2,New York,36,Bronx,005,,,0396,A,5600,,Tract  396,0,1,G,45,4,50,25,33,25,42,61,66,25,92,117,193,23,0,47,33,27,45,30,19,24,16,12,5,0,24,5,0,0
G36000500397,1970,1,2,New York,36,Bronx,005,,,0397,A,5600,,Tract  397,0,1,G,11,14,13,20,25,10,5,42,52,3,49,40,27,3,0,64,55,26,24,21,4,15,6,8,0,7,0,0,0,0
G36000500398,1970,1,2,New York,36,Bronx,005,,,0398,A,5600,,Tract  398,0,1,G,41,22,18,39,16,31,37,29,49,74,61,107,175,19,0,59,41,18,17,20,49,27,24,0,29,0,0,0,0,4
G3600050039901,1970,1,2,New York,36,Bronx,005,,,039901,A,5600,,Tract  399.01,0,1,G,19,16,20,70,63,74,67,67,70,64,185,229,187,33,0,123,164,86,15,37,33,48,20,23,9,21,15,10,4,0
G3600050039902,1970,1,2,New York,36,Bronx,005,,,039902,A,5600,,Tract  399.02,0,1,G,37,49,80,64,95,94,78,82,88,84,83,140,218,34,0,103,128,107,42,71,42,31,31,47,10,20,34,6,0,0
G36000500401,1970,1,2,New York,36,Bronx,005,,,0401,A,5600,,Tract  401,0,1,G,15,15,48,32,54,35,35,55,74,66,156,159,180,35,8,98,99,70,34,11,41,59,5,35,9,29,0,5,5,0
G3600050040301,1970,1,2,New York,36,Bronx,005,,,040301,A,5600,,Tract  403.01,0,1,G,57,42,84,98,99,83,125,103,162,174,283,227,333,53,5,140,153,87,105,79,60,59,55,56,25,27,31,17,5,0
G3600050040302,1970,1,2,New York,36,Bronx,005,,,040302,A,5600,,Tract  403.02,0,1,G,15,25,70,18,38,51,46,49,89,71,129,209,152,27,4,63,102,78,46,58,25,45,14,9,8,10,24,0,0,0
G36000500404,1970,1,2,New York,36,Bronx,005,,,0404,A,5600,,Tract  404,0,1,G,4,14,15,19,40,29,49,88,37,39,120,82,166,18,0,24,24,27,10,11,11,32,31,39,0,5,0,4,0,0
G36000500405,1970,1,2,New York,36,Bronx,005,,,0405,A,5600,,Tract  405,0,1,G,39,79,119,100,60,152,177,141,189,159,370,379,589,55,11,186,230,130,117,73,84,88,59,36,45,39,30,30,0,0
G36000500406,1970,1,2,New York,36,Bronx,005,,,0406,A,5600,,Tract  406,0,1,G,62,21,74,31,24,59,42,120,65,46,83,80,134,11,10,85,37,44,23,14,23,25,21,13,22,10,27,5,5,0
G3600050040701,1970,1,2,New York,36,Bronx,005,,,040701,A,5600,,Tract  407.01,0,1,G,12,9,8,33,44,31,61,54,58,30,99,112,127,25,0,47,105,24,50,35,25,39,41,31,20,32,5,4,0,0
G3600050040702,1970,1,2,New York,36,Bronx,005,,,040702,A,5600,,Tract  407.02,0,1,G,13,24,49,53,39,58,63,134,128,131,227,253,370,68,0,130,135,125,32,66,95,81,99,61,25,51,50,21,0,0
G36000500408,1970,1,2,New York,36,Bronx,005,,,0408,A,5600,,Tract  408,0,1,G,19,22,32,30,53,70,57,66,53,70,171,152,215,25,0,35,89,45,31,27,14,17,15,40,19,0,0,0,0,0
G36000500409,1970,1,2,New York,36,Bronx,005,,,0409,A,5600,,Tract  409,0,1,G,0,5,10,4,11,16,17,30,18,17,46,123,161,65,0,0,0,19,5,0,4,0,5,0,16,0,4,5,0,0
G36000500410,1970,1,2,New York,36,Bronx,005,,,0410,A,5600,,Tract  410,0,1,G,-1,,,,,,,,,,,,,,,-1,,,,,,,,,,,,,,
G36000500411,1970,1,2,New York,36,Bronx,005,,,0411,A,5600,,Tract  411,0,1,G,24,7,30,29,50,51,29,19,59,73,110,95,170,79,0,40,45,23,50,27,9,41,4,5,9,28,9,11,6,0
G36000500413,1970,1,2,New York,36,Bronx,005,,,0413,A,5600,,Tract  413,0,1,G,15,38,46,111,60,74,74,95,168,155,266,266,517,90,11,115,208,120,72,55,57,66,44,29,67,66,29,11,0,0
G36000500414,1970,1,2,New York,36,Bronx,005,,,0414,A,5600,,Tract  414,0,1,G,5,48,18,32,56,57,76,108,59,66,232,153,246,75,0,71,75,17,32,18,10,15,12,39,16,10,0,0,0,0
G36000500415,1970,1,2,New York,36,Bronx,005,,,0415,A,5600,,Tract  415,0,1,G,37,9,44,77,50,81,82,99,99,72,183,245,316,113,0,73,141,137,66,59,62,29,37,49,38,44,42,5,0,5
G36000500418,1970,1,2,New York,36,Bronx,005,,,0418,A,5600,,Tract  418,0,1,G,17,38,45,22,30,58,50,58,53,67,94,146,159,24,4,35,59,22,14,19,14,32,21,21,9,8,4,4,0,0
G36000500419,1970,1,2,New York,36,Bronx,005,,,0419,A,5600,,Tract  419,0,1,G,31,26,94,112,68,46,117,130,147,103,275,273,325,77,0,117,192,126,52,72,62,45,52,66,21,31,24,18,0,0
G36000500420,1970,1,2,New York,36,Bronx,005,,,0420,A,5600,,Tract  420,0,1,G,0,16,26,25,50,49,85,79,106,56,115,169,129,18,22,156,83,44,42,28,26,36,29,5,23,13,11,0,0,5
G36000500421,1970,1,2,New York,36,Bronx,005,,,0421,A,5600,,Tract  421,0,1,G,31,25,49,89,72,110,79,103,83,101,198,254,212,52,9,48,172,100,42,52,64,19,49,11,26,14,23,10,0,0
G36000500422,1970,1,2,New York,36,Bronx,005,,,0422,A,5600,,Tract  422,0,1,G,20,28,34,23,16,18,22,39,45,102,150,123,173,27,9,22,58,22,0,0,5,6,21,18,4,5,12,0,0,0
G36000500423,1970,1,2,New York,36,Bronx,005,,,0423,A,5600,,Tract  423,0,1,G,39,17,36,28,26,23,8,60,83,65,107,170,236,55,5,58,76,77,58,4,61,35,56,14,17,15,0,0,0,0
G36000500424,1970,1,2,New York,36,Bronx,005,,,0424,A,5600,,Tract  424,0,1,G,10,13,20,5,21,41,34,37,30,30,65,102,83,31,0,31,5,18,22,11,0,18,13,5,6,0,12,0,0,0
G36000500425,1970,1,2,New York,36,Bronx,005,,,0425,A,5600,,Tract  425,0,1,G,37,45,29,42,62,97,66,121,93,108,231,197,343,61,0,62,211,116,39,9,36,33,23,53,25,32,18,4,10,0
G36000500426,1970,1,2,New York,36,Bronx,005,,,0426,A,5600,,Tract  426,0,1,G,39,7,38,43,36,40,60,111,127,93,147,295,335,50,16,38,20,25,21,11,5,13,20,0,20,13,0,0,0,0
G36000500428,1970,1,2,New York,36,Bronx,005,,,0428,A,5600,,Tract  428,0,1,G,0,17,5,9,0,5,4,46,101,37,53,40,49,7,0,5,3,0,0,12,7,3,18,24,0,0,0,0,0,0
G3600050042901,1970,1,2,New York,36,Bronx,005,,,042901,A,5600,,Tract  429.01,0,1,G,25,35,18,84,55,12,28,73,45,86,88,162,157,43,5,45,105,73,16,27,17,17,16,11,0,17,4,0,0,0
G3600050042902,1970,1,2,New York,36,Bronx,005,,,042902,A,5600,,Tract  429.02,0,1,G,15,13,40,35,16,28,54,76,71,83,131,129,186,52,0,26,82,88,49,16,42,55,15,20,10,22,8,4,0,0
G36000500430,1970,1,2,New York,36,Bronx,005,,,0430,A,5600,,Tract  430,0,1,G,12,12,13,19,33,21,24,45,56,39,118,142,194,21,0,13,13,16,4,12,24,23,5,7,5,0,8,0,0,0
G36000500431,1970,1,2,New York,36,Bronx,005,,,0431,A,5600,,Tract  431,0,1,G,45,38,168,104,112,148,195,177,125,131,362,353,520,99,6,166,239,172,59,132,45,64,51,15,44,46,21,5,5,0
G36000500432,1970,1,2,New York,36,Bronx,005,,,0432,A,5600,,Tract  432,0,1,G,15,10,22,23,21,14,39,39,57,50,68,117,161,10,0,27,106,25,17,21,21,6,6,0,11,24,0,8,0,0
G36000500436,1970,1,2,New York,36,Bronx,005,,,0436,A,5600,,Tract  436,0,1,G,5,6,28,23,42,22,25,22,28,40,106,82,127,4,0,7,31,8,9,19,4,0,6,12,0,6,5,0,0,0
G36000500438,1970,1,2,New York,36,Bronx,005,,,0438,A,5600,,Tract  438,0,1,G,17,21,20,5,32,33,36,37,64,48,89,147,168,16,0,22,10,3,21,8,4,6,4,7,4,6,6,0,0,0
G36000500440,1970,1,2,New York,36,Bronx,005,,,0440,A,5600,,Tract  440,0,1,G,6,0,4,0,7,6,19,20,13,32,27,48,22,8,0,7,21,0,0,5,5,0,0,5,0,0,0,0,0,0
G36000500442,1970,1,2,New York,36,Bronx,005,,,0442,A,5600,,Tract  442,0,1,G,3,27,12,11,55,39,77,38,54,66,154,137,231,28,6,47,33,49,29,33,10,11,0,17,5,23,0,0,0,0
G36000500446,1970,1,2,New York,36,Bronx,005,,,0446,A,5600,,Tract  446,0,1,G,6,11,9,17,5,12,16,24,9,22,31,19,43,0,0,9,14,24,0,0,3,5,4,4,0,0,0,4,0,0
G36000500448,1970,1,2,New York,36,Bronx,005,,,0448,A,5600,,Tract  448,0,1,G,13,0,5,10,4,23,25,28,11,33,47,116,162,25,0,16,9,5,5,0,0,0,0,0,5,10,0,0,0,0
G3600050044901,1970,1,2,New York,36,Bronx,005,,,044901,A,5600,,Tract  449.01,0,1,G,8,0,17,21,31,17,17,19,35,25,97,123,171,52,9,33,44,6,5,11,28,16,11,18,11,12,0,0,5,0
G3600050044902,1970,1,2,New York,36,Bronx,005,,,044902,A,5600,,Tract  449.02,0,1,G,0,11,5,23,15,29,26,36,47,25,69,172,172,27,11,16,44,25,0,22,6,0,27,0,6,6,11,11,0,0
G3600050045101,1970,1,2,New York,36,Bronx,005,,,045101,A,5600,,Tract  451.01,0,1,G,15,13,10,33,15,15,18,10,40,47,97,67,148,26,0,29,20,30,19,29,18,11,19,8,9,4,5,13,0,0
G3600050045102,1970,1,2,New York,36,Bronx,005,,,045102,A,5600,,Tract  451.02,0,1,G,0,0,36,0,14,13,30,33,56,69,134,113,228,49,0,18,28,48,9,16,14,4,8,5,18,24,8,0,0,0
G36000500454,1970,1,2,New York,36,Bronx,005,,,0454,A,5600,,Tract  454,0,1,G,20,0,16,29,26,20,10,21,50,34,69,98,112,17,0,16,4,0,0,0,4,5,0,0,0,7,0,0,0,0
G36000500458,1970,1,2,New York,36,Bronx,005,,,0458,A,5600,,Tract  458,0,1,G,113,71,115,134,95,98,197,278,249,187,297,154,165,48,12,116,139,39,22,37,0,0,15,21,20,8,0,13,0,0
G36000500460,1970,1,2,New York,36,Bronx,005,,,0460,A,5600,,Tract  460,0,1,G,14,0,12,3,5,0,10,5,4,10,13,0,44,33,4,0,15,18,33,12,6,0,3,0,15,0,0,0,0,0
G3600050046201,1970,1,2,New York,36,Bronx,005,,,046201,A,5600,,Tract  462.01,0,1,G,27,73,70,83,124,132,178,274,377,276,519,659,726,49,41,89,77,68,66,14,41,47,17,56,20,28,0,0,6,7
G3600050046202,1970,1,2,New York,36,Bronx,005,,,046202,A,5600,,Tract  462.02,0,1,G,54,19,26,68,72,101,94,100,107,167,164,234,247,51,0,99,37,39,32,58,63,12,21,6,26,0,0,0,0,0
G36000500484,1970,1,2,New York,36,Bronx,005,,,0484,A,5600,,Tract  484,0,1,G,13,0,6,9,29,31,41,43,28,42,65,57,115,9,0,6,11,38,5,18,0,6,0,12,0,6,6,0,0,0
G36000500502,1970,1,2,New York,36,Bronx,005,,,0502,A,5600,,Tract  502,0,1,G,5,0,0,5,0,0,0,10,14,5,41,38,41,5,0,12,6,0,0,0,0,0,0,0,0,0,0,0,0,0
G36000500516,1970,1,2,New York,36,Bronx,005,,,0516,A,5600,,Tract  516,0,1,G,15,15,20,54,45,42,49,52,71,60,108,213,371,51,5,33,78,53,28,11,30,17,24,11,12,27,6,17,5,0
G36000700001,1970,1,2,New York,36,Broome,007,,,0001,,0960,,Tract    1,0,1,E,0,58,44,42,29,58,48,77,53,104,122,171,202,42,8,131,208,26,33,50,48,32,22,41,5,10,15,6,0,0
G36000700002,1970,1,2,New York,36,Broome,007,,,0002,,0960,,Tract    2,0,1,E,11,59,70,80,69,99,87,92,72,94,172,130,137,11,0,93,141,145,92,53,58,22,12,7,5,6,6,0,0,0
G36000700003,1970,1,2,New York,36,Broome,007,,,0003,,0960,,Tract    3,0,1,E,12,17,71,45,54,27,63,120,129,83,105,97,45,6,10,89,89,29,41,23,18,8,17,9,0,6,4,0,0,0
G36000700004,1970,1,2,New York,36,Broome,007,,,0004,,0960,,Tract    4,0,1,E,0,8,35,55,31,54,106,79,63,80,120,139,99,10,4,52,129,51,35,17,60,10,19,6,5,5,6,5,0,0
G36000700005,1970,1,2,New York,36,Broome,007,,,0005,,0960,,Tract    5,0,1,E,46,21,40,52,50,91,88,67,71,56,86,44,56,3,0,60,144,46,27,41,46,24,16,0,0,0,0,0,5,0
G36000700006,1970,1,2,New York,36,Broome,007,,,0006,,0960,,Tract    6,0,1,E,10,27,79,63,56,37,60,55,68,39,69,120,91,12,0,61,102,66,41,5,5,21,30,0,5,17,0,0,0,0
G36000700007,1970,1,2,New York,36,Broome,007,,,0007,,0960,,Tract    7,0,1,E,25,6,69,41,48,95,89,60,102,103,137,161,220,47,3,65,69,47,54,44,31,28,21,5,15,0,5,0,0,0
G36000700008,1970,1,2,New York,36,Broome,007,,,0008,,0960,,Tract    8,0,1,E,0,0,0,0,0,0,0,5,0,0,0,0,4,11,0,30,9,0,0,0,9,10,21,0,0,5,6,5,5,0
G36000700009,1970,1,2,New York,36,Broome,007,,,0009,,0960,,Tract    9,0,1,E,5,22,29,22,19,12,50,59,26,50,128,110,61,13,0,23,34,20,26,20,4,15,6,6,0,17,0,11,0,0
G36000700010,1970,1,2,New York,36,Broome,007,,,0010,,0960,,Tract   10,0,1,E,10,4,25,37,5,22,12,28,22,12,56,54,32,9,0,35,40,28,30,20,21,3,5,5,6,0,0,0,0,0
G36000700011,1970,1,2,New York,36,Broome,007,,,0011,,0960,,Tract   11,0,1,E,16,35,42,11,25,31,27,26,12,24,39,26,13,0,0,74,156,61,40,39,14,13,0,8,0,9,0,0,0,0
G36000700012,1970,1,2,New York,36,Broome,007,,,0012,,0960,,Tract   12,0,1,E,11,18,27,5,21,19,13,10,4,26,15,5,16,0,0,111,111,61,40,35,50,9,7,8,0,0,0,0,0,0
G36000700013,1970,1,2,New York,36,Broome,007,,,0013,,0960,,Tract   13,0,1,E,23,10,77,55,84,77,54,58,45,47,132,55,60,5,0,139,174,117,75,59,40,100,35,37,23,38,12,6,0,0
G36000700014,1970,1,2,New York,36,Broome,007,,,0014,,0960,,Tract   14,0,1,E,23,24,31,70,76,108,58,86,86,127,154,207,160,113,69,218,199,125,169,127,97,123,65,28,40,44,28,30,0,0
G36000700015,1970,1,2,New York,36,Broome,007,,,0015,,0960,,Tract   15,0,1,E,19,15,60,54,46,50,99,92,106,105,281,271,435,128,45,34,71,97,26,10,52,17,31,12,27,36,5,11,11,6
G36000700016,1970,1,2,New York,36,Broome,007,,,0016,,0960,,Tract   16,0,1,E,0,10,14,42,21,28,28,58,45,51,144,130,194,105,30,36,63,50,34,39,24,13,19,6,0,7,0,7,0,0
G36000700017,1970,1,2,New York,36,Broome,007,,,0017,,0960,,Tract   17,0,1,E,49,23,48,40,82,98,106,110,89,127,194,246,211,35,0,169,81,112,43,93,73,27,34,56,18,3,4,0,0,0
G36000700018,1970,1,2,New York,36,Broome,007,,,0018,,0960,,Tract   18,0,1,E,47,61,81,105,138,96,132,85,122,109,142,183,172,16,13,64,121,24,39,13,15,27,0,0,0,0,10,0,0,0
G3600070011901,1970,1,2,New York,36,Broome,007,,,011901,,0960,,Tract  119.01,0,1,E,20,30,15,39,18,42,32,44,40,46,61,103,53,4,0,36,20,10,21,9,5,10,4,8,0,0,0,0,0,0
G3600070011902,1970,1,2,New York,36,Broome,007,,,011902,,0960,,Tract  119.02,0,1,E,4,19,21,47,20,30,15,57,68,64,50,103,53,6,0,0,26,14,0,0,10,0,12,0,0,0,0,0,0,0
G3600070011903,1970,1,2,New York,36,Broome,007,,,011903,,0960,,Tract  119.03,0,1,E,13,18,16,4,28,27,37,48,44,29,28,52,67,4,0,49,58,4,15,10,5,4,5,0,8,5,5,8,0,0
G3600070012001,1970,1,2,New York,36,Broome,007,,,012001,,0960,,Tract  120.01,0,1,E,0,4,6,4,8,18,9,13,17,23,60,36,43,13,0,11,8,6,8,12,0,6,0,3,0,0,0,0,0,0
G3600070012002,1970,1,2,New York,36,Broome,007,,,012002,,0960,,Tract  120.02,0,1,E,26,7,50,56,46,43,68,124,162,83,264,218,276,10,0,46,85,0,26,5,13,11,7,12,7,8,7,6,0,0
G3600070012101,1970,1,2,New York,36,Broome,007,,,012101,,0960,,Tract  121.01,0,1,E,4,13,39,22,26,22,57,47,99,83,177,193,161,15,0,4,15,4,20,4,18,0,15,8,11,18,4,0,0,0
G3600070012102,1970,1,2,New York,36,Broome,007,,,012102,,0960,,Tract  121.02,0,1,E,22,9,30,18,27,37,41,31,67,63,212,330,281,43,0,23,34,34,26,9,0,0,10,0,0,0,16,0,0,0
G3600070012103,1970,1,2,New York,36,Broome,007,,,012103,,0960,,Tract  121.03,0,1,E,5,17,39,34,30,42,95,64,56,87,177,172,208,10,0,35,52,23,19,12,16,27,14,26,5,19,11,0,0,0
G3600070012201,1970,1,2,New York,36,Broome,007,,,012201,,0960,,Tract  122.01,0,1,E,8,11,19,12,52,36,57,46,56,54,108,195,214,43,0,47,39,34,28,21,23,18,3,0,14,15,0,0,0,0
G3600070012202,1970,1,2,New York,36,Broome,007,,,012202,,0960,,Tract  122.02,0,1,E,12,15,27,21,31,57,40,64,67,95,151,139,107,39,6,32,43,22,14,3,9,8,4,10,5,10,0,5,0,0
G36000700123,1970,1,2,New York,36,Broome,007,,,0123,,0960,,Tract  123,0,1,E,16,12,56,18,51,64,127,133,134,95,109,167,53,15,0,141,72,63,27,0,0,21,7,0,14,6,0,7,0,0
G36000700124,1970,1,2,New York,36,Broome,007,,,0124,,0960,,Tract  124,0,1,E,17,45,7,21,27,33,32,74,67,19,123,110,43,7,0,46,54,5,0,9,12,7,0,7,0,0,7,0,0,0
G36000700125,1970,1,2,New York,36,Broome,007,,,0125,,0960,,Tract  125,0,1,E,11,33,56,60,55,89,68,142,121,150,190,184,178,16,0,99,55,31,33,30,26,5,15,6,0,14,0,0,0,0
G36000700126,1970,1,2,New York,36,Broome,007,,,0126,,0960,,Tract  126,0,1,E,12,31,30,43,32,26,85,93,111,112,293,226,245,22,5,53,67,39,30,21,18,11,22,17,13,28,23,6,0,0
G3600070012701,1970,1,2,New York,36,Broome,007,,,012701,,0960,,Tract  127.01,0,1,E,10,26,24,23,66,79,76,90,110,90,270,272,226,17,0,43,48,36,24,50,6,10,7,7,0,5,0,0,0,0
G3600070012702,1970,1,2,New York,36,Broome,007,,,012702,,0960,,Tract  127.02,0,1,E,5,26,27,40,43,15,53,72,106,79,163,198,191,95,8,76,31,5,5,4,0,9,0,0,0,26,9,0,0,0
G36000700128,1970,1,2,New York,36,Broome,007,,,0128,,0960,,Tract  128,0,1,E,5,30,36,70,75,56,78,93,118,126,275,233,360,22,0,54,84,72,28,33,37,26,17,21,5,16,19,0,5,0
G36000700129,1970,1,2,New York,36,Broome,007,,,0129,,0960,,Tract  129,0,1,E,8,5,11,6,5,12,10,17,21,36,30,58,50,0,0,12,6,0,7,0,11,0,0,0,0,5,0,0,0,0
G36000700130,1970,1,2,New York,36,Broome,007,,,0130,,0960,,Tract  130,0,1,E,10,39,56,22,33,51,39,64,83,53,142,245,426,138,11,34,77,29,40,24,15,0,5,5,0,10,0,5,0,0
G36000700131,1970,1,2,New York,36,Broome,007,,,0131,,0960,,Tract  131,0,1,E,32,59,45,47,42,45,46,71,80,101,180,147,173,24,5,38,93,35,29,48,26,15,19,28,26,27,0,16,0,0
G3600070013201,1970,1,2,New York,36,Broome,007,,,013201,,0960,,Tract  132.01,0,1,E,5,0,18,18,36,19,24,70,38,96,134,188,265,12,7,6,13,7,4,16,4,10,6,4,0,4,0,4,0,0
G3600070013202,1970,1,2,New York,36,Broome,007,,,013202,,0960,,Tract  132.02,0,1,E,0,5,10,15,23,17,9,11,51,42,168,208,369,19,6,4,0,4,30,10,0,20,29,4,4,12,0,8,6,0
G3600070013301,1970,1,2,New York,36,Broome,007,,,013301,,0960,,Tract  133.01,0,1,E,9,42,32,51,50,49,38,154,149,125,265,313,251,11,0,32,44,45,24,11,26,11,5,16,0,8,6,0,0,0
G3600070013302,1970,1,2,New York,36,Broome,007,,,013302,,0960,,Tract  133.02,0,1,E,10,22,63,37,37,37,66,54,94,72,285,374,371,38,0,28,18,7,6,0,12,5,0,0,0,0,6,0,0,0
G36000700134,1970,1,2,New York,36,Broome,007,,,0134,,0960,,Tract  134,0,1,E,48,30,98,73,47,96,87,141,117,145,253,229,187,14,4,96,70,25,25,39,52,18,10,46,12,0,5,0,0,0
G36000700135,1970,1,2,New York,36,Broome,007,,,0135,,0960,,Tract  135,0,1,E,21,35,26,65,50,30,34,75,54,61,96,104,81,3,0,112,141,73,98,68,58,35,6,25,13,24,25,0,0,0
G36000700136,1970,1,2,New York,36,Broome,007,,,0136,,0960,,Tract  136,0,1,E,10,22,83,67,79,63,70,45,84,80,218,176,158,18,0,55,70,51,88,43,20,29,23,21,7,32,6,14,0,0
G36000700137,1970,1,2,New York,36,Broome,007,,,0137,,0960,,Tract  137,0,1,E,20,9,69,46,26,56,45,77,38,38,108,151,167,40,0,80,117,49,58,55,29,9,30,37,17,30,11,6,6,6
G36000700138,1970,1,2,New York,36,Broome,007,,,0138,,0960,,Tract  138,0,1,E,0,37,35,44,77,76,107,108,152,125,212,200,163,11,6,29,81,43,39,29,20,14,5,22,0,17,0,0,0,0
G36000700139,1970,1,2,New York,36,Broome,007,,,0139,,0960,,Tract  139,0,1,E,10,46,43,64,48,65,79,47,84,67,79,99,84,13,0,134,136,72,99,75,46,49,26,0,13,0,6,0,0,0
G36000700140,1970,1,2,New York,36,Broome,007,,,0140,,0960,,Tract  140,0,1,E,26,19,46,56,64,57,120,65,102,67,109,112,103,0,0,144,109,65,72,57,45,57,21,4,26,27,0,0,0,0
G36000700141,1970,1,2,New York,36,Broome,007,,,0141,,0960,,Tract  141,0,1,E,30,18,54,99,49,88,59,80,110,99,207,187,174,25,0,135,115,61,26,40,11,45,19,0,10,20,7,7,0,0
G36000700142,1970,1,2,New York,36,Broome,007,,,0142,,0960,,Tract  142,0,1,E,0,5,0,10,27,15,34,35,53,31,78,143,66,11,0,20,7,0,17,20,8,14,0,0,0,0,0,0,0,0
G36000700143,1970,1,2,New York,36,Broome,007,,,0143,,0960,,Tract  143,0,1,E,20,26,38,41,17,27,70,48,70,107,257,468,781,219,16,1587,859,184,70,31,33,19,17,13,28,43,45,26,0,0
G36000700144,1970,1,2,New York,36,Broome,007,,,0144,,0960,,Tract  144,0,1,E,6,29,39,22,48,102,67,78,95,126,245,276,454,107,20,54,16,47,32,26,32,15,0,20,8,0,21,7,0,0
G36000700145,1970,1,2,New York,36,Broome,007,,,0145,,0960,,Tract  145,0,1,E,0,4,23,25,17,34,42,19,81,66,205,198,330,62,4,29,51,22,20,8,20,9,0,0,4,0,4,0,0,0
G36000700146,1970,1,2,New York,36,Broome,007,,,0146,,0960,,Tract  146,0,1,E,11,17,19,21,12,59,46,56,56,58,227,212,235,15,0,27,8,19,7,0,8,12,6,13,13,12,18,0,0,0
G36001500001,1970,1,2,New York,36,Chemung,015,,,0001,,,,Tract    1,1,1,03,5,26,53,79,80,108,85,86,138,123,135,100,76,7,0,54,151,52,39,26,42,15,4,5,11,7,0,0,0,0
G36001500002,1970,1,2,New York,36,Chemung,015,,,0002,,,,Tract    2,1,1,03,0,24,71,76,88,76,83,115,106,42,133,99,70,21,0,36,91,81,43,31,7,7,14,6,4,11,0,5,0,0
G36001500003,1970,1,2,New York,36,Chemung,015,,,0003,,,,Tract    3,1,1,03,0,0,0,0,0,0,0,0,0,0,0,5,0,0,0,0,0,0,0,0,0,0,0,0,0,6,0,0,0,0
G36001500004,1970,1,2,New York,36,Chemung,015,,,0004,,,,Tract    4,1,1,03,14,18,49,53,60,33,55,44,96,58,101,113,79,19,9,77,105,25,31,10,16,15,15,5,5,0,0,0,0,5
G36001500005,1970,1,2,New York,36,Chemung,015,,,0005,,,,Tract    5,1,1,03,20,20,21,40,35,37,37,40,75,50,162,188,190,53,11,81,96,73,26,57,25,27,19,23,0,9,12,6,0,0
G36001500006,1970,1,2,New York,36,Chemung,015,,,0006,,,,Tract    6,1,1,03,24,37,34,53,104,66,74,59,103,95,147,118,69,0,0,703,629,116,98,48,48,50,58,12,25,15,6,0,0,5
G36001500007,1970,1,2,New York,36,Chemung,015,,,0007,,,,Tract    7,1,1,03,10,9,12,35,13,14,25,13,18,0,5,21,0,4,8,65,113,46,50,30,35,15,4,11,0,0,4,0,0,3
G36001500008,1970,1,2,New York,36,Chemung,015,,,0008,,,,Tract    8,1,1,03,27,36,48,47,78,68,70,40,72,19,47,54,25,0,0,196,152,87,84,38,10,10,24,15,0,4,5,0,0,0
G36001500009,1970,1,2,New York,36,Chemung,015,,,0009,,,,Tract    9,1,1,03,5,21,86,53,73,75,103,177,136,72,190,120,110,23,0,50,125,102,27,38,21,29,15,10,17,13,5,6,0,0
G36001500010,1970,1,2,New York,36,Chemung,015,,,0010,,,,Tract   10,1,1,03,22,55,93,92,92,75,112,115,105,37,121,68,68,0,0,77,172,89,95,68,32,40,15,9,0,14,0,5,0,0
G36001500011,1970,1,2,New York,36,Chemung,015,,,0011,,,,Tract   11,1,1,03,13,16,44,80,69,30,66,72,110,137,235,162,177,3,5,76,120,19,38,18,0,39,20,0,0,11,0,0,0,0
G36001500101,1970,1,2,New York,36,Chemung,015,,,0101,,,,Tract  101,1,1,03,58,17,29,29,42,62,96,24,89,67,122,72,30,0,0,56,14,34,7,5,4,5,5,14,0,0,0,0,0,0
G36001500102,1970,1,2,New York,36,Chemung,015,,,0102,,,,Tract  102,1,1,03,22,95,68,63,30,94,118,139,127,98,241,182,151,0,5,63,48,30,21,25,37,7,6,7,0,0,0,0,0,0
G36001500103,1970,1,2,New York,36,Chemung,015,,,0103,,,,Tract  103,1,1,03,6,31,48,44,47,84,68,99,111,157,241,351,385,69,0,42,26,16,15,0,39,16,17,0,0,6,10,0,0,0
G36001500104,1970,1,2,New York,36,Chemung,015,,,0104,,,,Tract  104,1,1,03,27,0,11,20,14,52,28,55,100,99,225,295,236,34,0,18,10,4,13,24,22,6,14,5,0,4,9,0,0,0
G36001500105,1970,1,2,New York,36,Chemung,015,,,0105,,,,Tract  105,1,1,03,8,31,61,31,85,29,97,93,49,76,137,113,135,20,0,41,61,34,39,13,33,31,11,14,9,10,0,18,0,0
G36001500106,1970,1,2,New York,36,Chemung,015,,,0106,,,,Tract  106,1,1,03,13,13,60,28,24,47,122,51,88,79,145,113,56,0,0,20,58,18,28,9,14,8,0,22,0,6,0,0,0,0
G36001500107,1970,1,2,New York,36,Chemung,015,,,0107,,,,Tract  107,1,1,03,0,25,24,40,20,41,43,150,76,108,180,271,362,76,5,30,34,5,30,11,0,0,5,12,7,12,0,0,0,0
G36001500108,1970,1,2,New York,36,Chemung,015,,,0108,,,,Tract  108,1,1,03,24,26,37,57,79,83,132,84,111,137,157,175,133,12,0,85,82,54,30,32,36,55,12,15,0,9,15,0,0,0
G36001500109,1970,1,2,New York,36,Chemung,015,,,0109,,,,Tract  109,1,1,03,48,60,51,35,41,70,92,82,69,115,267,203,466,244,49,42,80,58,8,32,37,27,16,11,14,16,6,27,33,0
G36001500110,1970,1,2,New York,36,Chemung,015,,,0110,,,,Tract  110,1,1,03,5,16,46,35,34,30,86,76,85,48,118,86,58,4,0,9,34,12,19,0,7,3,15,0,0,10,4,0,0,0
G36001500111,1970,1,2,New York,36,Chemung,015,,,0111,,,,Tract  111,1,1,03,44,46,50,110,108,176,176,176,146,191,339,347,250,49,10,95,141,135,52,29,17,32,13,20,10,5,4,0,0,0
G36001500112,1970,1,2,New York,36,Chemung,015,,,0112,,,,Tract  112,1,1,03,16,24,44,65,60,64,90,73,140,106,330,179,235,33,0,60,37,21,22,33,41,10,31,6,0,9,0,0,10,0
G36002700100,1970,1,2,New York,36,Dutchess,027,,,0100,,,,Tract  100,1,1,09,34,14,22,21,38,51,53,35,69,38,147,181,149,14,9,132,57,55,21,24,25,40,24,15,0,0,5,0,0,0
G36002700200,1970,1,2,New York,36,Dutchess,027,,,0200,,,,Tract  200,1,1,09,0,21,22,80,67,66,41,148,136,115,201,193,183,25,0,134,29,32,0,9,23,24,23,0,0,18,0,21,14,0
G36002700300,1970,1,2,New York,36,Dutchess,027,,,0300,,,,Tract  300,1,1,09,18,12,19,23,24,42,43,44,32,59,89,112,157,56,13,22,28,16,20,5,6,0,0,5,0,0,0,0,0,0
G36002700400,1970,1,2,New York,36,Dutchess,027,,,0400,,,,Tract  400,1,1,09,11,34,31,36,46,59,48,85,111,50,160,247,197,17,0,50,35,41,21,16,41,41,36,12,16,12,0,0,0,0
G36002700501,1970,1,2,New York,36,Dutchess,027,,,0501,,,,Tract  501,1,1,09,10,12,41,23,20,76,61,73,96,99,251,374,328,65,0,55,37,20,30,0,5,5,11,5,16,3,11,5,0,0
G36002700502,1970,1,2,New York,36,Dutchess,027,,,0502,,,,Tract  502,1,1,09,15,25,14,23,38,59,31,83,66,56,156,229,266,86,16,69,59,49,10,19,34,11,31,19,0,55,42,13,0,0
G36002700601,1970,1,2,New York,36,Dutchess,027,,,0601,,,,Tract  601,1,1,09,5,5,0,9,0,10,32,27,14,38,100,143,147,21,0,64,70,53,21,36,23,33,26,38,18,32,10,24,0,0
G36002700602,1970,1,2,New York,36,Dutchess,027,,,0602,,,,Tract  602,1,1,09,13,17,47,33,32,34,28,110,110,93,157,236,389,44,0,39,86,14,15,29,10,47,15,10,5,12,0,14,0,0
G36002700603,1970,1,2,New York,36,Dutchess,027,,,0603,,,,Tract  603,1,1,09,9,8,5,18,5,25,13,14,66,51,143,227,304,65,0,34,24,28,11,11,5,0,0,5,4,14,0,0,0,0
G36002700701,1970,1,2,New York,36,Dutchess,027,,,0701,,,,Tract  701,1,1,09,24,33,27,30,28,33,44,81,69,77,242,249,432,44,0,104,83,35,24,25,10,9,23,10,25,10,0,5,9,0
G36002700702,1970,1,2,New York,36,Dutchess,027,,,0702,,,,Tract  702,1,1,09,6,9,4,3,9,24,0,22,38,51,104,134,224,58,5,49,16,34,13,13,39,27,5,22,16,13,34,13,0,0
G36002700703,1970,1,2,New York,36,Dutchess,027,,,0703,,,,Tract  703,1,1,09,27,17,5,0,9,29,46,60,80,52,163,202,346,22,0,77,27,30,10,5,27,9,15,4,5,4,17,5,0,6
G36002700704,1970,1,2,New York,36,Dutchess,027,,,0704,,,,Tract  704,1,1,09,5,15,23,10,18,27,26,50,56,58,194,145,185,39,8,71,27,26,28,5,14,5,15,10,0,14,0,0,0,0
G36002700801,1970,1,2,New York,36,Dutchess,027,,,0801,,,,Tract  801,1,1,09,24,19,18,19,38,38,33,47,83,67,171,269,378,130,9,42,20,36,10,18,32,5,6,0,0,5,6,5,0,5
G36002700802,1970,1,2,New York,36,Dutchess,027,,,0802,,,,Tract  802,1,1,09,0,14,4,4,18,24,29,18,46,53,145,259,577,143,4,13,27,8,11,33,11,6,0,16,5,6,8,0,0,0
G36002700900,1970,1,2,New York,36,Dutchess,027,,,0900,,,,Tract  900,1,1,09,6,21,55,45,42,52,55,115,64,28,163,60,78,19,0,20,95,34,35,27,10,4,0,5,5,4,0,5,0,5
G36002701000,1970,1,2,New York,36,Dutchess,027,,,1000,,,,Tract 1000,1,1,09,0,32,22,34,47,58,90,56,26,43,81,87,133,9,4,35,28,15,6,5,0,6,12,0,6,4,5,6,6,0
G36002701100,1970,1,2,New York,36,Dutchess,027,,,1100,,,,Tract 1100,1,1,09,17,17,35,33,56,87,77,82,81,79,168,193,277,70,10,47,45,43,14,25,22,37,13,5,23,41,14,18,0,0
G36002701300,1970,1,2,New York,36,Dutchess,027,,,1300,,,,Tract 1300,1,1,09,32,29,44,66,55,62,53,89,142,116,203,225,365,82,5,48,36,29,25,71,53,0,4,4,5,23,30,30,0,0
G36002701401,1970,1,2,New York,36,Dutchess,027,,,1401,,,,Tract 1401,1,1,09,22,18,20,15,30,14,38,43,65,44,156,143,122,45,0,428,350,182,56,36,21,50,21,13,0,17,0,6,8,0
G36002701402,1970,1,2,New York,36,Dutchess,027,,,1402,,,,Tract 1402,1,1,09,14,26,28,14,32,28,39,55,58,52,255,228,284,71,18,49,24,13,17,13,26,5,25,6,6,11,0,0,0,0
G36002701403,1970,1,2,New York,36,Dutchess,027,,,1403,,,,Tract 1403,1,1,09,10,22,69,45,58,60,61,122,100,165,248,386,493,29,10,105,116,26,82,29,58,55,65,58,45,109,16,53,0,0
G36002701404,1970,1,2,New York,36,Dutchess,027,,,1404,,,,Tract 1404,1,1,09,21,9,11,39,7,11,41,17,67,53,148,149,763,216,22,23,10,11,11,19,17,4,0,0,11,11,5,20,0,0
G36002701405,1970,1,2,New York,36,Dutchess,027,,,1405,,,,Tract 1405,1,1,09,0,5,0,6,6,5,6,20,17,28,37,57,123,24,4,5,15,0,0,5,5,0,0,0,0,5,5,20,0,0
G36002701406,1970,1,2,New York,36,Dutchess,027,,,1406,,,,Tract 1406,1,1,09,0,3,4,5,16,8,13,13,35,10,150,168,265,24,0,14,0,0,0,0,0,23,22,5,7,20,37,5,0,0
G36002701407,1970,1,2,New York,36,Dutchess,027,,,1407,,,,Tract 1407,1,1,09,0,0,11,4,15,21,19,64,42,50,223,287,724,165,4,28,19,23,22,11,0,21,0,5,9,10,0,11,0,0
G36002701408,1970,1,2,New York,36,Dutchess,027,,,1408,,,,Tract 1408,1,1,09,5,4,5,27,28,9,16,11,28,38,153,102,144,15,0,18,0,0,0,0,0,0,0,5,5,5,0,10,0,0
G36002701500,1970,1,2,New York,36,Dutchess,027,,,1500,,,,Tract 1500,1,1,09,27,33,65,88,69,51,106,86,157,68,269,265,348,78,10,490,201,71,27,46,44,33,29,10,6,16,15,0,0,0
G36002701600,1970,1,2,New York,36,Dutchess,027,,,1600,,,,Tract 1600,1,1,09,38,7,37,26,68,101,119,60,81,64,244,182,309,56,30,151,148,69,40,24,51,32,16,38,9,19,10,10,9,0
G36002701700,1970,1,2,New York,36,Dutchess,027,,,1700,,,,Tract 1700,1,1,09,14,13,17,0,42,29,21,6,35,39,108,89,103,32,0,107,64,53,10,9,0,10,16,6,0,6,16,0,0,0
G36002701901,1970,1,2,New York,36,Dutchess,027,,,1901,,,,Tract 1901,1,1,09,5,6,6,19,5,21,38,62,81,39,209,297,404,55,5,12,8,6,10,0,0,21,9,0,14,15,6,0,0,0
G36002701902,1970,1,2,New York,36,Dutchess,027,,,1902,,,,Tract 1902,1,1,09,14,0,7,6,14,8,9,19,29,60,126,360,497,35,15,13,11,12,11,0,0,6,12,6,6,19,13,9,4,0
G36002701903,1970,1,2,New York,36,Dutchess,027,,,1903,,,,Tract 1903,1,1,09,18,16,14,14,27,42,60,28,79,34,199,229,348,33,0,54,46,42,33,18,25,21,11,12,0,80,65,18,12,0
G36002701904,1970,1,2,New York,36,Dutchess,027,,,1904,,,,Tract 1904,1,1,09,0,11,5,15,12,27,37,50,40,61,95,121,215,16,9,19,3,16,9,0,14,6,0,21,7,0,25,26,0,0
G36002702000,1970,1,2,New York,36,Dutchess,027,,,2000,,,,Tract 2000,1,1,09,4,10,16,61,26,74,60,75,63,51,116,149,262,31,24,291,82,74,28,10,9,52,24,33,15,19,31,0,10,5
G36002702101,1970,1,2,New York,36,Dutchess,027,,,2101,,,,Tract 2101,1,1,09,8,22,35,46,41,32,20,40,103,64,129,160,216,33,0,17,56,46,17,14,6,34,10,20,11,10,5,14,0,0
G36002702102,1970,1,2,New York,36,Dutchess,027,,,2102,,,,Tract 2102,1,1,09,3,39,59,62,57,104,51,123,77,66,165,141,168,17,8,93,115,90,69,44,44,11,12,7,4,25,12,0,0,0
G36002702103,1970,1,2,New York,36,Dutchess,027,,,2103,,,,Tract 2103,1,1,09,6,11,31,25,42,47,56,89,63,62,172,173,206,20,5,66,27,8,17,33,7,6,6,11,8,7,6,0,0,0
G36002702201,1970,1,2,New York,36,Dutchess,027,,,2201,,,,Tract 2201,1,1,09,15,38,115,84,72,113,82,97,115,99,129,139,86,3,0,146,216,97,41,86,50,41,24,5,0,17,7,0,0,0
G36002702202,1970,1,2,New York,36,Dutchess,027,,,2202,,,,Tract 2202,1,1,09,39,24,31,29,13,44,52,80,52,25,101,39,91,0,0,81,68,33,24,24,10,13,5,0,5,5,0,0,0,0
G36002702203,1970,1,2,New York,36,Dutchess,027,,,2203,,,,Tract 2203,1,1,09,11,19,24,9,36,47,17,18,24,28,57,19,37,0,0,40,17,13,20,15,16,10,19,6,0,0,0,0,5,0
G36002702204,1970,1,2,New York,36,Dutchess,027,,,2204,,,,Tract 2204,1,1,09,17,7,55,44,29,69,55,33,44,17,35,38,44,15,0,219,200,159,65,114,97,44,89,0,10,21,7,13,0,0
G36002702205,1970,1,2,New York,36,Dutchess,027,,,2205,,,,Tract 2205,1,1,09,7,9,42,66,25,120,100,130,96,73,207,106,136,5,0,96,146,83,147,66,62,49,13,21,0,7,4,0,0,0
G36002702206,1970,1,2,New York,36,Dutchess,027,,,2206,,,,Tract 2206,1,1,09,5,6,21,27,45,30,44,19,52,82,139,71,134,30,0,14,62,41,42,34,30,5,13,8,10,12,0,0,0,4
G36002702207,1970,1,2,New York,36,Dutchess,027,,,2207,,,,Tract 2207,1,1,09,11,15,31,32,14,48,33,34,64,70,62,34,63,0,10,70,93,72,10,27,12,21,18,22,12,11,0,0,0,0
G36002702208,1970,1,2,New York,36,Dutchess,027,,,2208,,,,Tract 2208,1,1,09,10,16,22,24,33,32,41,24,25,29,22,116,230,217,42,43,96,46,58,55,38,34,36,14,11,39,43,18,0,6
G36002702209,1970,1,2,New York,36,Dutchess,027,,,2209,,,,Tract 2209,1,1,09,13,6,26,51,45,38,21,39,91,87,156,178,123,36,0,90,47,39,31,29,24,0,17,45,10,36,15,0,0,0
G36002702210,1970,1,2,New York,36,Dutchess,027,,,2210,,,,Tract 2210,1,1,09,8,12,28,17,20,16,28,29,80,67,142,198,414,134,20,26,58,19,4,10,10,34,11,6,0,19,12,10,5,0
G36002703000,1970,1,2,New York,36,Dutchess,027,,,3000,,,,Tract 3000,1,1,09,22,22,41,42,50,56,41,120,94,71,351,269,234,21,0,65,40,42,55,42,29,58,38,61,20,52,35,12,0,0
G36002704100,1970,1,2,New York,36,Dutchess,027,,,4100,,,,Tract 4100,1,1,09,0,0,0,0,0,0,0,7,0,0,5,4,14,0,0,1007,272,68,56,34,12,19,5,0,7,0,0,10,0,0
G36002706100,1970,1,2,New York,36,Dutchess,027,,,6100,,,,Tract 6100,1,1,09,0,0,0,0,0,0,0,0,19,0,6,8,4,0,0,0,0,0,0,0,0,0,0,0,0,0,0,0,0,0
G36002706200,1970,1,2,New York,36,Dutchess,027,,,6200,,,,Tract 6200,1,1,09,0,0,0,0,0,0,0,0,0,0,4,0,4,11,0,44,15,4,5,17,82,83,54,5,5,5,4,5,0,0
G36002706300,1970,1,2,New York,36,Dutchess,027,,,6300,,,,Tract 6300,1,1,09,0,0,0,0,0,0,0,0,0,8,0,0,0,22,0,35,5,28,3,9,4,13,17,5,10,0,0,0,0,0
G36002706400,1970,1,2,New York,36,Dutchess,027,,,6400,,,,Tract 6400,1,1,09,6,0,0,0,0,0,0,0,0,0,0,0,10,11,0,0,0,0,0,0,0,0,11,17,5,4,0,0,0,0
G36002706500,1970,1,2,New York,36,Dutchess,027,,,6500,,,,Tract 6500,1,1,09,0,0,0,0,0,0,0,0,0,0,0,0,4,8,0,97,13,12,0,51,29,47,20,5,0,9,0,6,0,0
G36002900001,1970,1,2,New York,36,Erie,029,,,0001,,1280,,Tract    1,0,1,A,11,4,33,34,30,15,54,61,106,40,140,115,137,8,0,21,49,31,17,18,4,0,4,8,4,13,4,0,0,0
G36002900002,1970,1,2,New York,36,Erie,029,,,0002,,1280,,Tract    2,0,1,A,41,37,42,50,58,78,123,218,164,172,291,270,189,20,0,63,86,23,38,24,33,40,22,12,0,5,0,0,0,0
G36002900003,1970,1,2,New York,36,Erie,029,,,0003,,1280,,Tract    3,0,1,A,11,17,7,28,29,19,14,36,27,4,27,28,24,5,0,11,21,16,5,8,3,4,3,5,0,0,10,0,0,0
G36002900004,1970,1,2,New York,36,Erie,029,,,0004,,1280,,Tract    4,0,1,A,0,8,0,31,21,38,11,32,13,27,45,27,16,0,0,12,24,23,13,11,5,0,4,0,5,0,0,0,0,0
G36002900005,1970,1,2,New York,36,Erie,029,,,0005,,1280,,Tract    5,0,1,A,23,43,25,54,27,98,86,83,129,94,107,94,127,11,0,50,119,42,19,37,4,48,16,4,5,0,0,0,0,0
G3600290000599,1970,1,2,New York,36,Erie,029,,,000599,,1280,,Tract    5.99,0,1,A,0,0,0,0,0,0,0,0,0,0,0,0,0,0,0,9,16,5,17,0,0,0,21,6,15,0,0,20,6,0
G36002900006,1970,1,2,New York,36,Erie,029,,,0006,,1280,,Tract    6,0,1,A,10,24,64,55,63,48,148,113,146,137,375,372,308,56,0,23,102,30,38,34,36,14,11,24,10,0,31,5,7,0
G36002900007,1970,1,2,New York,36,Erie,029,,,0007,,1280,,Tract    7,0,1,A,13,24,5,20,45,57,65,72,89,147,237,249,301,39,5,32,49,79,46,7,25,20,29,8,10,8,9,4,0,0
G36002900008,1970,1,2,New York,36,Erie,029,,,0008,,1280,,Tract    8,0,1,A,8,26,24,41,85,84,86,87,181,189,264,284,346,57,10,115,330,92,29,28,27,28,27,22,19,20,4,8,0,0
G36002900009,1970,1,2,New York,36,Erie,029,,,0009,,1280,,Tract    9,0,1,A,4,18,10,45,14,41,39,129,56,101,139,157,156,20,5,32,52,54,9,26,9,16,25,16,15,14,0,6,0,0
G36002900010,1970,1,2,New York,36,Erie,029,,,0010,,1280,,Tract   10,0,1,A,23,36,96,69,112,122,138,192,249,196,352,439,256,20,0,94,163,46,67,57,15,20,31,26,11,33,10,12,0,0
G36002900011,1970,1,2,New York,36,Erie,029,,,0011,,1280,,Tract   11,0,1,A,29,6,45,59,65,36,105,100,123,71,140,188,177,18,0,63,60,29,22,59,10,25,19,9,5,4,5,0,5,0
G36002900012,1970,1,2,New York,36,Erie,029,,,0012,,1280,,Tract   12,0,1,A,69,62,143,150,81,51,119,97,91,79,101,114,80,8,0,180,341,89,26,31,41,19,22,12,0,5,0,4,0,0
G3600290001301,1970,1,2,New York,36,Erie,029,,,001301,,1280,,Tract   13.01,0,0,A,0,0,0,0,0,0,7,0,6,6,0,0,0,0,0,35,20,20,19,21,2,0,5,0,0,8,0,0,0,0
G3600290001302,1970,1,2,New York,36,Erie,029,,,001302,,1280,,Tract   13.02,0,1,A,41,45,71,69,41,33,39,11,38,17,33,29,9,0,0,123,166,5,24,12,17,18,12,9,0,13,0,0,0,0
G3600290001401,1970,1,2,New York,36,Erie,029,,,001401,,1280,,Tract   14.01,0,0,A,0,0,0,0,0,5,0,0,0,0,0,0,0,0,0,34,40,13,16,10,7,6,0,0,10,16,0,0,0,0
G3600290001402,1970,1,2,New York,36,Erie,029,,,001402,,1280,,Tract   14.02,0,1,A,114,106,223,256,152,190,138,132,81,56,147,110,52,11,42,259,491,144,87,43,28,18,71,18,5,5,12,5,0,22
G36002900015,1970,1,2,New York,36,Erie,029,,,0015,,1280,,Tract   15,0,1,A,111,133,176,157,133,140,176,165,176,133,163,148,59,6,0,322,264,120,156,74,102,40,57,34,5,16,0,0,0,0
G36002900016,1970,1,2,New York,36,Erie,029,,,0016,,1280,,Tract   16,0,1,A,69,64,120,101,167,120,168,220,192,218,312,180,210,27,0,215,391,131,117,105,69,88,37,44,40,4,0,7,0,0
G36002900017,1970,1,2,New York,36,Erie,029,,,0017,,1280,,Tract   17,0,1,A,10,12,65,43,66,49,71,117,91,75,169,107,64,0,0,63,87,39,32,36,21,17,8,5,16,6,0,14,0,0
G36002900018,1970,1,2,New York,36,Erie,029,,,0018,,1280,,Tract   18,0,1,A,5,8,32,19,56,43,41,45,14,45,49,65,44,4,0,30,38,31,25,5,5,14,17,5,0,0,0,0,5,0
G36002900019,1970,1,2,New York,36,Erie,029,,,0019,,1280,,Tract   19,0,1,A,32,19,44,33,60,32,96,117,162,101,169,245,198,3,0,43,86,30,37,61,15,17,11,0,0,0,0,0,0,0
G36002900020,1970,1,2,New York,36,Erie,029,,,0020,,1280,,Tract   20,0,1,A,27,5,28,22,47,28,27,45,47,18,103,108,52,10,0,54,31,15,19,26,14,20,9,6,6,0,5,5,0,0
G36002900021,1970,1,2,New York,36,Erie,029,,,0021,,1280,,Tract   21,0,1,A,4,10,25,13,21,27,11,15,27,31,83,38,17,0,0,0,21,10,0,4,5,5,0,0,0,5,0,0,0,0
G36002900022,1970,1,2,New York,36,Erie,029,,,0022,,1280,,Tract   22,0,1,A,9,26,11,28,52,31,88,70,71,65,104,144,109,0,0,47,81,22,15,15,21,19,14,5,6,0,0,0,0,0
G36002900023,1970,1,2,New York,36,Erie,029,,,0023,,1280,,Tract   23,0,1,A,6,21,27,65,50,110,121,109,142,139,164,133,170,0,0,32,116,64,22,22,22,22,9,0,11,15,0,0,3,0
G36002900024,1970,1,2,New York,36,Erie,029,,,0024,,1280,,Tract   24,0,1,A,27,29,123,76,109,118,169,285,142,227,360,342,197,11,0,136,230,69,47,55,46,37,28,9,19,10,4,0,0,0
G3600290002501,1970,1,2,New York,36,Erie,029,,,002501,,1280,,Tract   25.01,0,0,A,0,5,0,8,4,0,8,8,0,0,0,0,0,0,0,20,29,22,7,13,8,11,8,6,0,0,0,0,0,0
G3600290002502,1970,1,2,New York,36,Erie,029,,,002502,,1280,,Tract   25.02,0,1,A,76,145,187,164,163,106,163,106,94,50,82,75,61,5,0,189,436,176,101,58,124,76,43,16,17,7,0,5,0,0
G36002900026,1970,1,2,New York,36,Erie,029,,,0026,,1280,,Tract   26,0,1,A,23,73,111,80,87,74,85,103,42,34,69,64,35,0,0,86,241,83,65,33,16,19,28,14,10,21,0,0,0,0
G3600290002701,1970,1,2,New York,36,Erie,029,,,002701,,1280,,Tract   27.01,0,1,A,32,105,148,129,106,101,203,127,173,128,167,117,61,13,5,114,241,109,104,116,48,57,60,12,17,17,4,5,0,0
G3600290002702,1970,1,2,New York,36,Erie,029,,,002702,,1280,,Tract   27.02,0,1,A,47,90,158,105,153,93,137,231,206,133,315,270,187,0,0,187,315,127,93,101,56,87,52,20,26,23,0,0,8,0
G36002900028,1970,1,2,New York,36,Erie,029,,,0028,,1280,,Tract   28,0,1,A,67,67,90,132,112,62,152,205,159,202,290,281,222,25,0,117,249,160,44,62,33,70,43,23,20,36,0,0,0,0
G36002900029,1970,1,2,New York,36,Erie,029,,,0029,,1280,,Tract   29,0,1,A,27,32,93,76,81,121,124,146,190,170,257,210,207,4,0,88,138,66,41,64,30,20,35,11,0,5,0,0,0,0
G36002900030,1970,1,2,New York,36,Erie,029,,,0030,,1280,,Tract   30,0,1,A,0,16,23,49,45,72,78,93,109,89,196,156,129,4,0,89,80,17,10,22,44,11,5,0,0,9,5,0,0,0
G36002900031,1970,1,2,New York,36,Erie,029,,,0031,,1280,,Tract   31,0,1,A,181,107,278,246,186,147,162,199,239,103,200,192,110,10,0,342,309,177,135,97,111,79,66,55,22,41,5,18,0,0
G3600290003201,1970,1,2,New York,36,Erie,029,,,003201,,1280,,Tract   32.01,0,1,A,24,17,76,45,83,52,62,30,29,34,77,46,32,0,0,56,63,51,29,15,57,19,9,0,15,11,2,0,0,0
G3600290003202,1970,1,2,New York,36,Erie,029,,,003202,,1280,,Tract   32.02,0,1,A,170,131,252,253,217,176,225,227,145,168,295,174,94,19,8,245,348,248,163,130,161,87,87,48,53,31,7,0,10,0
G3600290003301,1970,1,2,New York,36,Erie,029,,,003301,,1280,,Tract   33.01,0,1,A,32,55,62,77,89,79,118,100,125,105,281,257,190,22,0,81,138,83,23,45,40,57,15,43,20,22,0,0,0,0
G3600290003302,1970,1,2,New York,36,Erie,029,,,003302,,1280,,Tract   33.02,0,1,A,63,97,157,156,98,142,151,193,133,186,267,259,196,5,12,212,193,74,151,73,63,67,121,11,20,17,5,6,0,0
G36002900034,1970,1,2,New York,36,Erie,029,,,0034,,1280,,Tract   34,0,1,A,43,67,123,113,134,116,158,97,158,112,191,256,175,4,0,120,156,86,65,77,31,31,35,27,0,12,0,0,0,0
G36002900035,1970,1,2,New York,36,Erie,029,,,0035,,1280,,Tract   35,0,1,A,106,65,191,190,151,140,219,195,166,145,380,322,142,17,5,185,308,119,90,60,135,118,49,36,0,10,0,21,0,5
G36002900036,1970,1,2,New York,36,Erie,029,,,0036,,1280,,Tract   36,0,1,A,56,54,84,130,100,106,120,166,159,180,287,149,170,12,0,109,257,58,65,48,48,39,55,32,20,19,0,0,0,0
G36002900037,1970,1,2,New York,36,Erie,029,,,0037,,1280,,Tract   37,0,1,A,9,29,118,125,54,76,137,162,190,145,276,262,193,28,0,79,183,95,47,34,35,25,42,16,16,5,0,0,5,0
G36002900038,1970,1,2,New York,36,Erie,029,,,0038,,1280,,Tract   38,0,1,A,5,24,64,45,46,50,43,83,141,91,207,188,90,19,0,54,83,55,24,34,12,22,12,6,0,7,0,0,0,0
G36002900039,1970,1,2,New York,36,Erie,029,,,0039,,1280,,Tract   39,0,1,A,25,44,66,82,50,81,145,115,90,136,256,213,211,28,0,220,161,70,88,39,42,25,21,14,13,25,15,0,0,0
G36002900040,1970,1,2,New York,36,Erie,029,,,0040,,1280,,Tract   40,0,1,A,70,73,134,148,130,136,170,154,152,196,372,325,204,14,0,196,327,186,99,61,80,59,45,29,9,15,15,9,0,0
G36002900041,1970,1,2,New York,36,Erie,029,,,0041,,1280,,Tract   41,0,1,A,70,70,119,128,99,140,129,205,205,105,321,327,250,15,5,134,237,105,53,35,46,42,20,22,14,6,5,4,0,0
G36002900042,1970,1,2,New York,36,Erie,029,,,0042,,1280,,Tract   42,0,1,A,24,23,57,65,63,68,69,129,135,96,198,170,171,30,0,34,122,119,57,64,22,48,28,4,0,21,2,0,0,0
G36002900043,1970,1,2,New York,36,Erie,029,,,0043,,1280,,Tract   43,0,1,A,21,15,41,105,102,103,100,101,176,150,388,340,294,56,20,126,252,156,91,58,95,18,36,37,39,11,31,0,0,0
G36002900044,1970,1,2,New York,36,Erie,029,,,0044,,1280,,Tract   44,0,1,A,58,38,146,180,203,132,182,133,168,169,273,322,291,45,0,93,279,100,88,58,49,29,37,37,19,16,15,0,0,0
G36002900045,1970,1,2,New York,36,Erie,029,,,0045,,1280,,Tract   45,0,1,A,26,15,40,54,73,41,66,64,86,92,267,251,436,252,71,135,196,99,92,83,65,41,35,17,27,27,33,6,12,6
G3600290004601,1970,1,2,New York,36,Erie,029,,,004601,,1280,,Tract   46.01,0,1,A,3,4,17,46,41,48,39,66,119,63,168,202,214,43,0,138,151,84,65,63,52,15,24,9,8,4,17,0,0,0
G3600290004602,1970,1,2,New York,36,Erie,029,,,004602,,1280,,Tract   46.02,0,1,A,0,0,0,0,0,0,0,0,0,0,0,0,4,0,0,1226,392,60,0,11,5,0,0,0,0,3,0,4,0,9
G36002900047,1970,1,2,New York,36,Erie,029,,,0047,,1280,,Tract   47,0,1,A,10,29,54,94,63,107,81,196,154,118,239,408,307,40,5,254,276,162,128,49,30,47,32,39,14,12,35,15,0,0
G36002900048,1970,1,2,New York,36,Erie,029,,,0048,,1280,,Tract   48,0,1,A,0,0,12,53,71,87,53,55,68,104,253,177,300,107,20,97,102,42,63,15,27,21,0,12,11,24,31,19,0,0
G36002900049,1970,1,2,New York,36,Erie,029,,,0049,,1280,,Tract   49,0,1,A,49,40,47,112,116,119,160,181,195,195,418,420,405,16,5,77,252,154,85,101,29,64,65,34,16,16,20,14,0,0
G36002900050,1970,1,2,New York,36,Erie,029,,,0050,,1280,,Tract   50,0,1,A,10,37,22,48,36,47,40,97,79,71,92,120,191,16,52,5,83,40,15,39,40,29,6,11,5,0,6,10,0,0
G36002900051,1970,1,2,New York,36,Erie,029,,,0051,,1280,,Tract   51,0,1,A,24,0,25,78,49,64,95,112,117,179,281,328,350,5,6,86,118,88,99,58,55,70,52,29,42,9,26,21,0,0
G3600290005201,1970,1,2,New York,36,Erie,029,,,005201,,1280,,Tract   52.01,0,1,A,22,17,42,52,60,34,40,64,99,60,126,179,272,59,0,158,177,104,38,52,43,55,52,31,0,39,29,20,11,0
G3600290005202,1970,1,2,New York,36,Erie,029,,,005202,,1280,,Tract   52.02,0,1,A,6,11,50,54,42,81,73,28,72,94,188,100,111,35,0,221,139,90,23,27,19,18,41,8,10,30,7,0,3,0
G36002900053,1970,1,2,New York,36,Erie,029,,,0053,,1280,,Tract   53,0,1,A,5,14,5,9,17,14,10,14,11,19,38,61,52,22,0,50,62,78,23,39,4,14,0,5,0,0,0,0,0,0
G36002900054,1970,1,2,New York,36,Erie,029,,,0054,,1280,,Tract   54,0,1,A,28,11,14,20,20,24,58,71,60,65,176,187,299,163,95,62,151,74,59,64,53,75,55,10,36,29,28,15,14,0
G36002900055,1970,1,2,New York,36,Erie,029,,,0055,,1280,,Tract   55,0,1,A,22,49,59,48,81,59,123,166,149,116,208,183,156,39,0,186,172,92,75,39,68,34,49,44,7,0,12,0,0,0
G36002900056,1970,1,2,New York,36,Erie,029,,,0056,,1280,,Tract   56,0,1,A,11,33,55,158,66,103,111,130,151,156,202,214,138,11,0,84,133,57,57,24,11,19,20,14,20,28,5,0,0,0
G36002900057,1970,1,2,New York,36,Erie,029,,,0057,,1280,,Tract   57,0,1,A,21,80,29,70,47,83,56,48,69,60,144,171,124,12,0,56,99,84,19,36,14,9,11,0,6,0,10,0,0,0
G36002900058,1970,1,2,New York,36,Erie,029,,,0058,,1280,,Tract   58,0,1,A,27,75,128,106,119,154,180,237,303,204,508,474,390,46,0,113,202,111,121,57,78,61,21,46,24,30,4,15,5,0
G36002900059,1970,1,2,New York,36,Erie,029,,,0059,,1280,,Tract   59,0,1,A,9,51,80,82,62,73,84,82,118,96,219,148,151,13,35,83,92,76,55,15,57,38,24,18,8,20,10,3,6,0
G36002900060,1970,1,2,New York,36,Erie,029,,,0060,,1280,,Tract   60,0,1,A,60,55,99,113,153,104,203,150,165,138,260,155,121,0,0,150,208,94,79,68,41,36,50,5,0,5,0,4,0,5
G36002900061,1970,1,2,New York,36,Erie,029,,,0061,,1280,,Tract   61,0,1,A,45,66,106,111,110,113,126,165,192,167,289,242,139,39,0,107,215,103,92,116,88,40,22,33,35,14,13,0,0,0
G3600290006201,1970,1,2,New York,36,Erie,029,,,006201,,1280,,Tract   62.01,0,1,A,0,0,0,0,0,0,0,0,0,4,0,0,0,0,0,1025,432,63,30,9,3,0,8,4,4,4,0,0,0,0
G3600290006202,1970,1,2,New York,36,Erie,029,,,006202,,1280,,Tract   62.02,0,1,A,0,0,4,12,0,7,3,4,8,0,21,16,4,7,0,48,16,5,0,0,6,28,8,0,5,4,0,0,3,0
G3600290006301,1970,1,2,New York,36,Erie,029,,,006301,,1280,,Tract   63.01,0,1,A,64,36,49,119,81,105,70,149,169,163,176,226,230,47,26,221,201,114,74,107,53,77,62,31,26,15,19,11,5,12
G3600290006302,1970,1,2,New York,36,Erie,029,,,006302,,1280,,Tract   63.02,0,1,A,5,6,28,45,38,50,38,57,35,37,72,155,196,125,74,72,116,53,49,66,56,23,37,34,20,21,11,15,15,16
G36002900064,1970,1,2,New York,36,Erie,029,,,0064,,1280,,Tract   64,0,1,A,10,11,14,8,5,14,22,24,23,21,18,23,39,0,0,26,22,22,15,9,21,9,6,7,7,7,0,0,4,0
G3600290006501,1970,1,2,New York,36,Erie,029,,,006501,,1280,,Tract   65.01,0,1,A,24,18,58,81,39,106,76,64,67,111,147,99,149,15,0,83,126,110,59,48,53,51,38,42,27,21,7,16,0,0
G3600290006502,1970,1,2,New York,36,Erie,029,,,006502,,1280,,Tract   65.02,0,1,A,11,15,30,15,38,43,39,89,48,85,118,84,171,121,16,233,221,74,132,68,69,77,67,35,15,89,34,38,25,9
G3600290006601,1970,1,2,New York,36,Erie,029,,,006601,,1280,,Tract   66.01,0,1,A,26,37,54,54,60,57,85,28,86,25,157,95,84,8,9,106,193,82,108,107,65,42,46,32,21,5,13,4,14,0
G3600290006602,1970,1,2,New York,36,Erie,029,,,006602,,1280,,Tract   66.02,0,1,A,15,11,17,10,17,17,11,27,59,11,64,83,141,92,19,52,71,82,93,45,88,64,61,46,33,43,31,77,18,18
G3600290006701,1970,1,2,New York,36,Erie,029,,,006701,,1280,,Tract   67.01,0,1,A,29,77,76,45,52,78,70,82,64,47,149,110,120,40,6,222,217,148,192,77,141,133,75,47,30,56,18,0,0,0
G3600290006702,1970,1,2,New York,36,Erie,029,,,006702,,1280,,Tract   67.02,0,1,A,0,16,30,26,27,15,26,11,31,28,41,53,187,119,31,174,172,155,123,104,96,84,80,48,71,70,42,106,81,5
G36002900068,1970,1,2,New York,36,Erie,029,,,0068,,1280,,Tract   68,0,1,A,76,65,68,104,73,48,107,72,98,48,149,124,86,31,6,389,563,216,265,190,231,166,69,88,83,58,45,22,21,0
G36002900069,1970,1,2,New York,36,Erie,029,,,0069,,1280,,Tract   69,0,1,A,117,146,232,200,191,248,331,278,322,236,345,275,276,10,0,489,474,261,146,151,150,95,54,33,12,25,34,13,0,0
G36002900070,1970,1,2,New York,36,Erie,029,,,0070,,1280,,Tract   70,0,1,A,52,87,83,60,54,58,104,176,180,105,177,152,135,20,12,131,157,83,59,74,17,10,36,17,5,4,15,6,0,0
G3600290007101,1970,1,2,New York,36,Erie,029,,,007101,,1280,,Tract   71.01,0,1,A,116,114,180,220,134,168,143,147,168,99,206,117,87,6,0,233,338,163,101,47,41,58,12,11,8,11,6,0,0,0
G3600290007102,1970,1,2,New York,36,Erie,029,,,007102,,1280,,Tract   71.02,0,1,A,14,63,24,52,41,17,64,37,31,31,22,38,15,0,0,130,282,65,84,30,46,5,14,34,7,18,0,0,0,0
G3600290007201,1970,1,2,New York,36,Erie,029,,,007201,,1280,,Tract   72.01,0,0,A,13,18,13,0,13,4,24,0,6,0,6,0,11,7,0,20,70,121,70,61,32,22,51,14,28,20,18,10,4,0
G3600290007202,1970,1,2,New York,36,Erie,029,,,007202,,1280,,Tract   72.02,0,1,A,0,0,4,11,4,27,15,27,40,19,61,67,35,0,0,45,55,52,45,24,30,35,20,34,34,63,10,0,0,0
G3600290007299,1970,1,2,New York,36,Erie,029,,,007299,,1280,,Tract   72.99,0,1,A,-1,,,,,,,,,,,,,,,-1,,,,,,,,,,,,,,
G3600290007301,1970,1,2,New York,36,Erie,029,,,007301,,1280,,Tract   73.01,0,1,A,0,19,13,10,16,18,55,58,71,114,222,318,421,55,59,35,5,22,46,13,9,16,5,10,0,8,9,5,0,0
G3600290007302,1970,1,2,New York,36,Erie,029,,,007302,,1280,,Tract   73.02,0,1,A,27,20,17,39,37,70,43,109,144,145,336,440,447,76,44,19,6,27,6,17,16,21,8,12,22,12,8,11,9,14
G36002900074,1970,1,2,New York,36,Erie,029,,,0074,,1280,,Tract   74,0,1,A,0,0,10,9,8,9,4,23,44,46,37,23,30,9,0,4,0,6,0,0,6,0,0,12,0,12,0,0,0,0
G36002900075,1970,1,2,New York,36,Erie,029,,,0075,,1280,,Tract   75,0,1,A,5,28,61,19,34,14,38,40,21,57,63,43,78,11,0,56,71,0,19,32,27,0,27,0,7,13,6,0,0,0
G36002900076,1970,1,2,New York,36,Erie,029,,,0076,,1280,,Tract   76,0,1,A,20,5,20,24,9,52,22,80,96,96,200,247,228,33,108,4,35,25,8,0,13,8,6,7,0,0,0,8,0,0
G36002900077,1970,1,2,New York,36,Erie,029,,,0077,,1280,,Tract   77,0,1,A,31,35,60,39,46,59,106,107,194,177,268,296,236,24,0,41,106,63,35,66,26,32,45,36,3,43,0,6,0,0
G36002900078,1970,1,2,New York,36,Erie,029,,,0078,,1280,,Tract   78,0,1,A,23,49,72,84,69,46,40,74,193,215,331,342,444,30,0,29,95,33,28,14,9,22,19,4,0,5,0,4,0,0
G3600290007901,1970,1,2,New York,36,Erie,029,,,007901,,1280,,Tract   79.01,0,1,A,16,21,5,46,0,22,40,86,119,139,409,634,788,126,7,5,16,21,0,13,14,9,9,28,5,17,0,0,0,0
G3600290007902,1970,1,2,New York,36,Erie,029,,,007902,,1280,,Tract   79.02,0,1,A,7,5,32,18,45,38,61,90,158,166,435,565,792,141,0,17,43,16,22,14,24,23,39,16,0,4,12,0,4,0
G3600290007903,1970,1,2,New York,36,Erie,029,,,007903,,1280,,Tract   79.03,0,1,A,10,8,6,15,5,6,31,60,85,161,274,247,399,74,10,23,40,26,12,3,0,0,6,0,6,18,12,0,0,0
G3600290007904,1970,1,2,New York,36,Erie,029,,,007904,,1280,,Tract   79.04,0,1,A,16,26,0,7,16,18,33,34,94,76,237,261,391,39,0,9,17,4,4,0,5,8,0,11,4,13,0,39,0,0
G3600290008001,1970,1,2,New York,36,Erie,029,,,008001,,1280,,Tract   80.01,0,1,A,17,6,9,20,45,41,27,82,145,198,392,405,563,120,28,33,24,4,29,5,4,9,26,14,12,19,4,11,5,0
G3600290008002,1970,1,2,New York,36,Erie,029,,,008002,,1280,,Tract   80.02,0,1,A,27,16,35,33,78,46,62,97,163,128,300,413,500,141,27,39,55,77,62,54,33,45,42,32,23,60,14,4,5,0
G3600290008003,1970,1,2,New York,36,Erie,029,,,008003,,1280,,Tract   80.03,0,1,A,23,19,40,61,67,67,93,110,137,169,269,380,449,40,5,81,59,53,52,28,37,57,38,38,23,24,23,10,5,0
G3600290008101,1970,1,2,New York,36,Erie,029,,,008101,,1280,,Tract   81.01,0,1,A,12,42,16,33,49,60,71,36,139,165,320,414,562,99,0,0,73,23,41,34,19,36,10,15,5,5,0,0,6,0
G3600290008102,1970,1,2,New York,36,Erie,029,,,008102,,1280,,Tract   81.02,0,1,A,0,9,15,21,32,56,59,74,108,100,228,274,487,219,68,61,88,59,55,41,35,22,17,35,5,11,15,21,5,0
G3600290008201,1970,1,2,New York,36,Erie,029,,,008201,,1280,,Tract   82.01,0,1,A,20,9,0,15,21,34,34,42,91,62,139,207,230,15,0,56,63,12,17,17,28,19,4,12,7,0,22,0,0,0
G3600290008202,1970,1,2,New York,36,Erie,029,,,008202,,1280,,Tract   82.02,0,1,A,21,34,51,32,29,51,98,147,117,154,229,286,246,29,0,5,61,64,56,16,66,47,24,8,12,12,5,19,0,0
G36002900083,1970,1,2,New York,36,Erie,029,,,0083,,1280,,Tract   83,0,1,A,48,27,45,47,45,71,91,130,136,107,166,127,121,5,0,65,44,15,20,18,0,9,9,4,0,14,5,0,0,0
G36002900084,1970,1,2,New York,36,Erie,029,,,0084,,1280,,Tract   84,0,1,A,10,0,25,22,25,33,40,83,83,112,206,184,194,11,0,38,60,56,6,23,24,10,10,23,5,26,10,0,0,0
G36002900085,1970,1,2,New York,36,Erie,029,,,0085,,1280,,Tract   85,0,1,A,10,16,10,49,32,40,60,41,57,65,130,128,189,9,0,41,29,39,60,18,26,10,5,16,4,24,12,0,0,0
G36002900086,1970,1,2,New York,36,Erie,029,,,0086,,1280,,Tract   86,0,1,A,13,27,74,48,47,67,50,62,177,98,189,295,343,91,4,37,122,82,47,56,28,15,10,33,26,27,26,16,0,0
G36002900087,1970,1,2,New York,36,Erie,029,,,0087,,1280,,Tract   87,0,1,A,14,10,70,17,88,45,92,127,98,188,394,277,346,40,6,64,142,49,58,56,27,47,22,26,25,22,12,20,0,0
G36002900088,1970,1,2,New York,36,Erie,029,,,0088,,1280,,Tract   88,0,1,A,13,15,46,24,65,52,70,90,159,180,192,230,222,18,0,23,47,59,13,46,27,13,23,6,6,6,0,0,0,0
G36002900089,1970,1,2,New York,36,Erie,029,,,0089,,1280,,Tract   89,0,1,A,15,16,31,60,46,62,53,66,103,85,174,348,560,164,38,136,102,68,65,46,24,46,31,27,18,53,43,49,0,0
G3600290009001,1970,1,2,New York,36,Erie,029,,,009001,,1280,,Tract   90.01,0,1,A,18,16,12,38,10,39,27,39,111,85,143,226,188,33,0,5,13,21,4,5,0,4,6,0,9,5,0,0,0,0
G3600290009002,1970,1,2,New York,36,Erie,029,,,009002,,1280,,Tract   90.02,0,1,A,31,7,21,9,17,15,44,44,61,75,235,303,630,267,90,9,10,5,21,5,21,12,25,0,0,13,16,12,10,0
G3600290009101,1970,1,2,New York,36,Erie,029,,,009101,,1280,,Tract   91.01,0,1,A,24,0,23,23,14,23,31,64,46,40,205,245,338,39,0,10,15,18,17,5,25,5,0,10,9,4,11,5,0,0
G3600290009102,1970,1,2,New York,36,Erie,029,,,009102,,1280,,Tract   91.02,0,1,A,17,5,11,15,6,33,46,31,43,43,120,177,316,49,12,5,4,11,0,0,0,3,0,14,12,18,9,16,3,0
G3600290009103,1970,1,2,New York,36,Erie,029,,,009103,,1280,,Tract   91.03,0,1,A,12,9,8,28,21,13,24,39,31,51,142,294,895,243,23,18,60,18,16,9,10,24,5,0,4,15,20,17,10,0
G3600290009104,1970,1,2,New York,36,Erie,029,,,009104,,1280,,Tract   91.04,0,1,A,13,10,0,18,6,19,8,13,23,16,134,206,558,346,55,16,5,4,0,0,0,0,0,0,0,25,5,17,0,0
G3600290009105,1970,1,2,New York,36,Erie,029,,,009105,,1280,,Tract   91.05,0,1,A,9,21,11,5,10,15,9,10,36,49,159,220,387,126,22,10,17,5,0,16,10,4,5,0,10,14,4,0,0,5
G36002900092,1970,1,2,New York,36,Erie,029,,,0092,,1280,,Tract   92,0,1,A,9,9,33,19,56,32,58,73,88,119,263,335,437,82,6,54,16,75,36,12,36,46,24,31,25,36,24,16,0,0
G3600290009301,1970,1,2,New York,36,Erie,029,,,009301,,1280,,Tract   93.01,0,1,A,9,21,71,67,38,130,92,81,131,118,306,307,323,95,4,361,281,233,106,32,40,69,43,17,19,14,16,16,5,0
G3600290009302,1970,1,2,New York,36,Erie,029,,,009302,,1280,,Tract   93.02,0,1,A,18,24,9,19,16,59,33,36,118,84,138,217,210,34,5,22,20,33,17,10,8,14,10,6,0,15,24,0,0,0
G3600290009401,1970,1,2,New York,36,Erie,029,,,009401,,1280,,Tract   94.01,0,1,A,6,10,48,27,67,60,106,60,129,106,224,267,443,251,87,526,161,33,30,27,41,17,51,23,10,39,31,60,5,0
G3600290009402,1970,1,2,New York,36,Erie,029,,,009402,,1280,,Tract   94.02,0,1,A,4,20,28,23,27,27,23,47,18,59,143,238,479,334,56,9,30,33,18,13,18,4,17,14,0,26,26,10,6,4
G3600290009501,1970,1,2,New York,36,Erie,029,,,009501,,1280,,Tract   95.01,0,1,A,24,32,19,15,10,70,47,47,57,81,142,290,509,377,98,105,92,44,64,13,15,12,18,19,13,19,20,35,11,0
G3600290009502,1970,1,2,New York,36,Erie,029,,,009502,,1280,,Tract   95.02,0,1,A,16,35,23,21,54,62,83,93,135,93,308,525,638,241,43,23,35,72,47,19,20,27,30,10,26,15,25,6,0,5
G36002900096,1970,1,2,New York,36,Erie,029,,,0096,,1280,,Tract   96,0,1,A,0,18,5,20,16,38,57,59,67,52,129,160,166,86,43,154,107,89,34,52,0,13,7,10,19,17,16,0,0,0
G3600290009701,1970,1,2,New York,36,Erie,029,,,009701,,1280,,Tract   97.01,0,1,A,17,18,12,27,15,10,24,84,73,144,180,153,117,14,194,34,20,4,16,5,27,8,34,25,9,12,12,0,0,0
G3600290009702,1970,1,2,New York,36,Erie,029,,,009702,,1280,,Tract   97.02,0,1,A,27,29,5,20,27,39,62,100,211,127,366,450,277,25,4,10,20,17,9,11,20,13,0,5,14,20,5,0,0,0
G36002900098,1970,1,2,New York,36,Erie,029,,,0098,,1280,,Tract   98,0,1,A,18,11,3,8,10,33,37,42,54,85,110,150,74,14,0,26,33,21,11,0,12,11,11,4,0,21,4,10,0,0
G36002900099,1970,1,2,New York,36,Erie,029,,,0099,,1280,,Tract   99,0,1,A,21,13,24,44,43,39,98,124,137,135,271,272,140,10,67,57,66,35,9,32,14,23,0,10,0,5,0,0,0,0
G3600290010001,1970,1,2,New York,36,Erie,029,,,010001,,1280,,Tract  100.01,0,1,A,16,12,41,29,43,43,23,68,71,140,236,245,209,46,21,26,13,17,25,4,3,16,5,16,5,4,0,0,0,0
G3600290010002,1970,1,2,New York,36,Erie,029,,,010002,,1280,,Tract  100.02,0,1,A,29,25,55,51,44,58,139,151,251,348,662,670,461,53,0,14,28,49,37,23,37,31,23,34,12,36,17,9,0,0
G3600290010101,1970,1,2,New York,36,Erie,029,,,010101,,1280,,Tract  101.01,0,1,A,26,50,72,107,85,114,91,163,199,342,688,742,739,81,5,75,63,30,29,51,48,61,40,27,8,15,0,18,5,0
G3600290010102,1970,1,2,New York,36,Erie,029,,,010102,,1280,,Tract  101.02,0,1,A,30,11,58,60,40,67,72,121,178,119,209,325,171,21,0,59,51,27,13,39,33,52,27,20,0,20,25,0,0,0
G36002900102,1970,1,2,New York,36,Erie,029,,,0102,,1280,,Tract  102,0,1,A,0,22,87,88,133,127,141,168,153,269,341,386,500,93,7,75,180,108,94,52,57,47,57,65,12,27,24,32,0,0
G36002900103,1970,1,2,New York,36,Erie,029,,,0103,,1280,,Tract  103,0,1,A,4,5,6,24,0,31,40,49,20,17,61,77,87,15,0,112,67,56,12,21,21,32,11,0,0,6,0,0,0,0
G36002900104,1970,1,2,New York,36,Erie,029,,,0104,,1280,,Tract  104,0,1,A,5,29,14,35,59,47,45,57,83,97,107,151,132,4,61,39,24,41,19,5,30,16,28,0,6,0,0,6,0,0
G36002900105,1970,1,2,New York,36,Erie,029,,,0105,,1280,,Tract  105,0,1,A,8,5,21,35,54,51,85,73,63,91,130,173,109,21,0,33,48,15,26,16,10,31,10,0,0,5,0,0,0,0
G36002900106,1970,1,2,New York,36,Erie,029,,,0106,,1280,,Tract  106,0,1,A,21,5,0,30,43,36,56,64,119,97,180,210,155,6,6,28,64,22,18,4,0,12,24,11,6,0,0,6,0,0
G36002900107,1970,1,2,New York,36,Erie,029,,,0107,,1280,,Tract  107,0,1,A,0,10,35,19,31,37,71,68,102,96,249,216,232,22,0,25,18,9,26,8,18,11,12,0,0,6,0,0,0,0
G3600290010801,1970,1,2,New York,36,Erie,029,,,010801,,1280,,Tract  108.01,0,1,A,7,12,13,11,23,33,62,71,96,92,230,269,242,23,0,18,36,17,12,8,16,23,0,4,6,0,0,0,0,0
G3600290010802,1970,1,2,New York,36,Erie,029,,,010802,,1280,,Tract  108.02,0,1,A,36,34,35,21,30,44,122,238,324,329,829,641,475,10,0,13,22,6,19,0,38,29,9,25,10,13,5,5,5,0
G3600290010901,1970,1,2,New York,36,Erie,029,,,010901,,1280,,Tract  109.01,0,1,A,16,19,15,25,23,21,47,72,105,106,237,241,195,20,0,7,79,29,17,0,7,9,7,0,0,4,4,6,0,0
G3600290010902,1970,1,2,New York,36,Erie,029,,,010902,,1280,,Tract  109.02,0,1,A,17,27,0,21,36,61,59,99,166,166,288,293,201,18,15,13,37,13,0,15,5,18,28,5,18,5,9,4,3,0
G36002900110,1970,1,2,New York,36,Erie,029,,,0110,,1280,,Tract  110,0,1,A,25,10,19,11,42,35,39,53,88,65,131,185,93,18,0,18,29,14,0,4,13,4,10,0,0,0,0,5,0,0
G36002900111,1970,1,2,New York,36,Erie,029,,,0111,,1280,,Tract  111,0,1,A,5,4,16,0,11,25,57,101,108,103,204,183,122,15,0,19,34,0,4,6,0,0,0,5,0,0,0,0,0,0
G36002900112,1970,1,2,New York,36,Erie,029,,,0112,,1280,,Tract  112,0,1,A,30,20,27,20,24,27,15,48,81,141,278,307,252,27,0,32,53,7,18,5,23,29,0,15,6,5,7,0,0,0
G36002900113,1970,1,2,New York,36,Erie,029,,,0113,,1280,,Tract  113,0,1,A,5,27,34,24,5,31,68,96,136,111,204,308,355,33,10,51,56,49,45,32,4,0,5,17,5,5,0,0,0,0
G36002900114,1970,1,2,New York,36,Erie,029,,,0114,,1280,,Tract  114,0,1,A,0,27,10,43,16,39,50,72,117,61,106,100,139,11,0,48,86,22,8,0,5,9,15,0,4,6,15,5,0,0
G36002900115,1970,1,2,New York,36,Erie,029,,,0115,,1280,,Tract  115,0,1,A,0,3,6,6,6,7,30,51,16,74,107,58,58,0,0,19,32,28,8,7,23,13,0,9,7,3,0,0,0,0
G36002900116,1970,1,2,New York,36,Erie,029,,,0116,,1280,,Tract  116,0,1,A,0,5,17,4,8,17,15,29,82,48,114,96,143,5,4,28,21,17,4,0,10,0,8,0,0,0,0,0,0,0
G36002900117,1970,1,2,New York,36,Erie,029,,,0117,,1280,,Tract  117,0,1,A,15,15,40,15,46,55,38,111,93,121,202,283,283,39,0,37,65,25,45,9,7,34,17,20,14,0,21,0,0,0
G36002900118,1970,1,2,New York,36,Erie,029,,,0118,,1280,,Tract  118,0,1,A,24,14,10,17,14,33,37,54,66,69,195,220,280,33,0,19,23,11,19,7,18,21,11,0,5,7,13,0,13,0
G36002900119,1970,1,2,New York,36,Erie,029,,,0119,,1280,,Tract  119,0,1,A,5,0,25,17,23,48,37,81,78,88,251,311,415,48,6,40,29,16,20,15,15,21,16,11,5,24,5,0,0,0
G3600290012001,1970,1,2,New York,36,Erie,029,,,012001,,1280,,Tract  120.01,0,1,A,15,15,20,20,19,30,19,73,114,96,272,379,292,54,0,16,17,38,21,9,12,9,12,0,6,0,0,5,0,0
G3600290012002,1970,1,2,New York,36,Erie,029,,,012002,,1280,,Tract  120.02,0,1,A,20,16,16,26,39,35,59,59,115,186,311,454,606,33,0,43,25,43,15,5,19,12,0,5,10,0,13,5,0,0
G36002900121,1970,1,2,New York,36,Erie,029,,,0121,,1280,,Tract  121,0,1,A,43,12,11,40,6,42,16,8,44,32,48,40,38,0,0,56,82,17,13,11,8,25,15,8,8,8,12,0,0,0
G36002900122,1970,1,2,New York,36,Erie,029,,,0122,,1280,,Tract  122,0,1,A,30,32,77,51,106,77,77,57,113,150,126,151,177,8,0,101,99,49,8,18,21,34,43,9,30,7,5,0,0,0
G36002900123,1970,1,2,New York,36,Erie,029,,,0123,,1280,,Tract  123,0,1,A,40,15,38,42,18,69,106,108,59,156,177,182,219,30,0,47,129,36,25,27,29,27,4,5,11,16,4,5,0,0
G36002900124,1970,1,2,New York,36,Erie,029,,,0124,,1280,,Tract  124,0,1,A,14,16,32,29,25,25,82,116,97,109,153,111,100,5,0,29,58,36,11,17,9,10,0,15,0,0,5,0,0,0
G3600290012501,1970,1,2,New York,36,Erie,029,,,012501,,1280,,Tract  125.01,0,1,A,47,57,23,48,56,60,81,94,215,181,236,346,369,77,5,53,70,39,32,40,40,44,30,20,9,39,25,5,0,0
G3600290012502,1970,1,2,New York,36,Erie,029,,,012502,,1280,,Tract  125.02,0,1,A,20,14,19,15,15,11,52,37,50,82,134,144,126,29,0,28,12,13,4,6,15,0,18,9,0,0,0,7,0,0
G36002900126,1970,1,2,New York,36,Erie,029,,,0126,,1280,,Tract  126,0,1,A,5,14,15,10,16,14,8,68,61,77,160,162,163,9,0,61,33,11,5,10,21,5,5,6,5,5,0,0,0,0
G36002900127,1970,1,2,New York,36,Erie,029,,,0127,,1280,,Tract  127,0,1,A,0,0,0,0,0,0,0,0,0,0,0,0,0,0,0,0,27,0,7,0,0,0,0,0,0,0,0,0,0,0
G36002900128,1970,1,2,New York,36,Erie,029,,,0128,,1280,,Tract  128,0,1,A,26,13,36,8,5,42,48,62,102,118,148,178,165,30,6,48,42,36,23,35,12,10,16,22,6,6,0,10,0,0
G3600290012901,1970,1,2,New York,36,Erie,029,,,012901,,1280,,Tract  129.01,0,1,A,27,43,22,28,32,36,75,105,111,145,324,278,262,26,5,55,44,12,3,4,7,4,0,19,11,11,9,0,0,0
G3600290012902,1970,1,2,New York,36,Erie,029,,,012902,,1280,,Tract  129.02,0,1,A,26,5,19,0,10,0,11,6,49,25,45,103,77,10,0,104,10,15,5,8,0,4,0,0,0,0,0,0,0,0
G36002900130,1970,1,2,New York,36,Erie,029,,,0130,,1280,,Tract  130,0,1,A,15,5,26,40,38,30,46,82,77,124,274,275,113,17,0,89,62,12,36,18,32,11,10,15,5,25,5,10,0,0
G3600290013101,1970,1,2,New York,36,Erie,029,,,013101,,1280,,Tract  131.01,0,1,A,10,12,22,18,29,41,30,85,112,187,271,322,414,59,5,5,11,44,24,24,10,10,9,22,0,21,9,0,0,0
G3600290013102,1970,1,2,New York,36,Erie,029,,,013102,,1280,,Tract  131.02,0,1,A,11,18,5,30,9,37,36,56,89,126,266,275,269,78,28,21,51,20,7,10,15,6,6,0,11,0,17,11,0,0
G3600290013201,1970,1,2,New York,36,Erie,029,,,013201,,1280,,Tract  132.01,0,1,A,9,24,18,28,18,26,45,75,132,130,236,214,215,24,5,32,37,10,25,6,15,18,27,4,4,4,24,15,0,0
G3600290013202,1970,1,2,New York,36,Erie,029,,,013202,,1280,,Tract  132.02,0,1,A,4,8,40,14,15,14,49,64,62,58,157,178,315,103,10,19,33,12,6,21,11,0,5,5,6,6,0,0,0,0
G36002900133,1970,1,2,New York,36,Erie,029,,,0133,,1280,,Tract  133,0,1,A,8,20,10,20,34,28,47,49,54,69,188,255,265,39,0,45,40,30,21,19,21,10,9,0,14,5,9,10,0,0
G36002900134,1970,1,2,New York,36,Erie,029,,,0134,,1280,,Tract  134,0,1,A,27,0,4,41,19,66,70,31,84,88,235,319,442,104,14,33,116,20,46,22,20,6,12,14,24,14,4,20,15,5
G36002900135,1970,1,2,New York,36,Erie,029,,,0135,,1280,,Tract  135,0,1,A,7,20,27,29,41,42,71,72,84,166,204,310,445,154,26,76,21,23,26,11,20,11,0,0,0,15,5,7,0,0
G36002900136,1970,1,2,New York,36,Erie,029,,,0136,,1280,,Tract  136,0,1,A,5,5,5,22,11,10,40,14,24,42,106,184,269,124,58,26,26,19,0,6,41,39,11,0,0,7,7,13,0,0
G3600290013701,1970,1,2,New York,36,Erie,029,,,013701,,1280,,Tract  137.01,0,1,A,10,35,35,64,14,25,42,83,92,173,319,329,302,19,6,69,32,31,30,6,14,7,12,16,6,0,0,6,0,0
G3600290013702,1970,1,2,New York,36,Erie,029,,,013702,,1280,,Tract  137.02,0,1,A,9,17,10,12,21,5,35,58,13,67,113,121,162,45,9,11,21,0,0,0,5,9,9,5,0,0,0,3,0,0
G36002900138,1970,1,2,New York,36,Erie,029,,,0138,,1280,,Tract  138,0,1,A,8,22,28,40,34,36,50,117,176,111,258,362,465,127,28,112,108,68,5,11,25,5,5,15,9,0,0,10,5,0
G36002900139,1970,1,2,New York,36,Erie,029,,,0139,,1280,,Tract  139,0,1,A,5,5,29,22,40,20,36,29,62,70,130,127,176,68,27,33,28,32,27,23,23,22,11,0,6,6,24,0,0,0
G36002900140,1970,1,2,New York,36,Erie,029,,,0140,,1280,,Tract  140,0,1,A,20,3,11,12,35,41,59,40,24,71,158,159,249,81,16,39,68,37,22,38,17,9,7,10,10,17,9,0,0,0
G3600290014101,1970,1,2,New York,36,Erie,029,,,014101,,1280,,Tract  141.01,0,1,A,0,14,34,24,15,20,34,26,87,75,181,312,356,69,29,19,15,14,4,18,0,20,5,4,0,15,4,0,0,0
G3600290014102,1970,1,2,New York,36,Erie,029,,,014102,,1280,,Tract  141.02,0,1,A,16,19,44,29,47,46,30,81,86,79,214,330,243,31,4,57,35,43,20,0,7,0,0,11,5,7,0,0,0,0
G3600290014201,1970,1,2,New York,36,Erie,029,,,014201,,1280,,Tract  142.01,0,1,A,19,33,69,58,27,36,57,73,128,126,232,259,238,30,10,28,52,20,35,15,9,12,10,0,5,0,5,5,0,0
G3600290014202,1970,1,2,New York,36,Erie,029,,,014202,,1280,,Tract  142.02,0,1,A,11,16,29,31,23,36,32,52,97,80,136,200,152,40,5,40,25,15,7,9,3,5,3,2,0,4,0,0,0,0
G36002900143,1970,1,2,New York,36,Erie,029,,,0143,,1280,,Tract  143,0,1,A,11,25,13,59,25,94,107,158,132,142,320,401,421,77,0,49,74,17,49,16,18,21,29,11,8,14,0,8,0,0
G36002900144,1970,1,2,New York,36,Erie,029,,,0144,,1280,,Tract  144,0,1,A,20,34,35,33,30,61,103,150,172,79,325,213,149,16,5,40,78,45,40,33,36,37,20,17,5,23,27,9,0,0
G3600290014501,1970,1,2,New York,36,Erie,029,,,014501,,1280,,Tract  145.01,0,1,A,6,0,14,28,19,26,68,69,94,73,208,246,186,27,0,33,36,15,5,4,14,16,20,0,0,0,12,0,0,0
G3600290014502,1970,1,2,New York,36,Erie,029,,,014502,,1280,,Tract  145.02,0,1,A,31,23,40,37,28,34,57,100,96,124,138,97,104,19,4,38,99,19,28,49,34,25,22,20,0,12,0,7,0,0
G3600290014601,1970,1,2,New York,36,Erie,029,,,014601,,1280,,Tract  146.01,0,1,A,11,5,15,3,14,42,25,24,77,66,165,317,490,208,25,15,46,16,21,21,11,6,6,6,6,5,5,25,0,0
G3600290014602,1970,1,2,New York,36,Erie,029,,,014602,,1280,,Tract  146.02,0,1,A,0,9,9,21,4,32,19,31,30,91,175,144,311,150,5,28,20,15,9,9,0,0,4,5,0,3,0,0,0,0
G3600290014701,1970,1,2,New York,36,Erie,029,,,014701,,1280,,Tract  147.01,0,1,A,5,5,31,19,25,13,30,32,57,71,80,143,130,10,0,29,56,9,9,0,0,5,10,0,0,13,6,0,0,0
G3600290014702,1970,1,2,New York,36,Erie,029,,,014702,,1280,,Tract  147.02,0,1,A,35,0,10,35,41,32,30,40,69,66,164,197,403,133,29,35,40,0,25,27,15,6,15,19,9,21,12,0,0,0
G3600290014801,1970,1,2,New York,36,Erie,029,,,014801,,1280,,Tract  148.01,0,1,A,10,5,15,35,23,57,60,76,61,59,100,133,100,27,16,23,50,24,15,26,5,14,8,12,4,0,8,0,0,0
G3600290014802,1970,1,2,New York,36,Erie,029,,,014802,,1280,,Tract  148.02,0,1,A,11,26,30,31,18,47,34,37,83,100,151,173,114,10,0,42,53,27,11,0,7,0,0,5,0,16,0,0,6,0
G3600290014901,1970,1,2,New York,36,Erie,029,,,014901,,1280,,Tract  149.01,0,1,A,8,12,4,4,16,28,14,23,73,58,139,130,126,5,0,19,32,19,15,14,18,8,11,0,14,0,0,0,0,0
G3600290014902,1970,1,2,New York,36,Erie,029,,,014902,,1280,,Tract  149.02,0,1,A,11,14,57,28,31,53,56,81,112,127,298,236,262,11,9,64,54,10,12,0,39,5,18,0,0,7,0,0,0,0
G3600290015001,1970,1,2,New York,36,Erie,029,,,015001,,1280,,Tract  150.01,0,1,A,18,9,22,25,18,26,27,9,74,44,130,216,178,20,0,18,15,24,11,7,0,12,11,8,7,8,0,0,0,0
G3600290015002,1970,1,2,New York,36,Erie,029,,,015002,,1280,,Tract  150.02,0,1,A,22,26,10,21,24,10,30,39,49,51,98,120,129,20,0,41,36,12,4,0,0,0,0,0,0,15,3,0,4,0
G3600290015003,1970,1,2,New York,36,Erie,029,,,015003,,1280,,Tract  150.03,0,1,A,9,15,41,35,23,67,41,81,31,67,132,99,124,9,0,32,12,32,20,6,0,27,0,0,7,12,0,0,0,0
G3600290015101,1970,1,2,New York,36,Erie,029,,,015101,,1280,,Tract  151.01,0,1,A,0,9,32,37,16,39,48,87,57,47,100,129,100,28,0,0,20,15,6,15,6,6,0,6,7,7,7,0,0,0
G3600290015102,1970,1,2,New York,36,Erie,029,,,015102,,1280,,Tract  151.02,0,1,A,16,5,15,11,10,32,49,37,51,79,91,64,116,16,0,58,13,15,6,18,19,9,22,11,5,0,0,0,0,0
G3600290015201,1970,1,2,New York,36,Erie,029,,,015201,,1280,,Tract  152.01,0,1,A,11,0,18,0,6,0,14,25,46,59,132,127,152,25,0,0,21,22,0,0,5,0,7,0,0,8,0,4,0,0
G3600290015202,1970,1,2,New York,36,Erie,029,,,015202,,1280,,Tract  152.02,0,1,A,16,15,30,17,31,47,38,60,151,99,152,269,162,47,0,49,23,15,10,26,13,15,18,0,6,12,0,9,0,0
G3600290015301,1970,1,2,New York,36,Erie,029,,,015301,,1280,,Tract  153.01,0,1,A,35,13,5,22,47,51,63,72,141,91,220,151,216,64,5,41,24,10,17,10,9,5,5,0,12,9,4,0,0,5
G3600290015302,1970,1,2,New York,36,Erie,029,,,015302,,1280,,Tract  153.02,0,1,A,9,9,5,34,5,41,30,24,27,47,126,138,116,25,10,35,20,15,9,0,0,5,10,5,5,4,5,4,0,0
G36002900154,1970,1,2,New York,36,Erie,029,,,0154,,1280,,Tract  154,0,1,A,30,29,16,14,58,70,74,84,173,150,266,242,217,22,10,72,50,33,25,0,0,29,11,5,22,18,0,0,0,0
G3600290015501,1970,1,2,New York,36,Erie,029,,,015501,,1280,,Tract  155.01,0,1,A,29,20,7,19,41,21,26,39,77,65,133,144,56,18,0,46,33,15,5,10,7,4,4,0,0,4,4,0,0,0
G3600290015502,1970,1,2,New York,36,Erie,029,,,015502,,1280,,Tract  155.02,0,1,A,11,14,61,69,78,111,73,111,143,140,267,240,166,25,0,58,51,22,23,33,7,11,25,20,0,12,7,0,0,0
G36002900156,1970,1,2,New York,36,Erie,029,,,0156,,1280,,Tract  156,0,1,A,8,23,12,19,35,34,56,52,62,59,88,105,61,24,6,51,64,45,0,18,12,15,0,0,0,11,0,12,0,0
G36002900157,1970,1,2,New York,36,Erie,029,,,0157,,1280,,Tract  157,0,1,A,36,32,70,57,51,46,41,80,49,91,144,134,143,14,0,36,52,44,6,11,6,5,19,5,5,0,0,0,0,0
G36002900158,1970,1,2,New York,36,Erie,029,,,0158,,1280,,Tract  158,0,1,A,7,13,18,31,19,45,89,62,85,71,132,86,117,27,0,25,28,8,17,0,0,0,0,5,10,0,0,0,0,0
G36002900159,1970,1,2,New York,36,Erie,029,,,0159,,1280,,Tract  159,0,1,A,25,28,36,34,19,72,68,97,87,81,206,157,152,18,11,29,75,69,22,26,39,16,17,4,10,6,7,4,0,0
G3600290016001,1970,1,2,New York,36,Erie,029,,,016001,,1280,,Tract  160.01,0,1,A,0,4,15,11,23,8,31,21,26,12,33,39,47,6,0,9,45,24,14,0,0,6,0,0,0,0,4,0,0,0
G3600290016002,1970,1,2,New York,36,Erie,029,,,016002,,1280,,Tract  160.02,0,1,A,6,20,28,14,51,64,66,68,64,72,150,136,119,20,10,70,24,50,16,16,0,11,5,11,0,5,4,6,0,0
G36002900161,1970,1,2,New York,36,Erie,029,,,0161,,1280,,Tract  161,0,1,A,0,0,0,0,0,0,0,0,0,0,6,5,0,12,5,0,0,0,0,8,0,0,5,6,0,0,0,5,0,0
G36002900162,1970,1,2,New York,36,Erie,029,,,0162,,1280,,Tract  162,0,1,A,6,15,12,4,18,30,17,10,21,14,11,4,31,0,0,34,11,9,0,0,0,0,11,0,0,0,11,0,0,0
G36004300101,1970,1,2,New York,36,Herkimer,043,,,0101,,8680,,Tract  101,1,1,D,16,51,44,44,72,84,85,120,136,75,263,164,132,65,10,68,100,26,59,10,35,18,11,17,6,17,0,0,0,0
G3600430010201,1970,1,2,New York,36,Herkimer,043,,,010201,,8680,,Tract  102.01,1,1,D,21,29,24,55,44,63,85,115,68,114,138,245,160,17,0,35,118,30,23,18,20,12,5,0,0,0,0,0,0,0
G3600430010202,1970,1,2,New York,36,Herkimer,043,,,010202,,8680,,Tract  102.02,1,1,D,11,6,40,38,20,49,63,59,92,49,135,146,87,19,7,55,23,16,7,20,12,0,0,14,0,5,12,0,0,0
G36004300103,1970,1,2,New York,36,Herkimer,043,,,0103,,8680,,Tract  103,1,1,D,11,3,14,51,66,64,59,128,144,137,268,222,235,27,5,31,83,39,16,13,33,46,27,15,4,12,0,0,0,0
G36004300104,1970,1,2,New York,36,Herkimer,043,,,0104,,8680,,Tract  104,1,1,D,43,31,66,47,41,79,109,102,33,96,141,135,146,5,0,84,132,57,38,39,51,22,19,24,13,17,7,0,0,0
G3600430010501,1970,1,2,New York,36,Herkimer,043,,,010501,,8680,,Tract  105.01,1,1,D,0,21,35,49,11,47,21,39,66,79,132,171,142,25,5,42,64,23,24,49,0,6,18,21,29,0,12,0,0,0
G3600430010502,1970,1,2,New York,36,Herkimer,043,,,010502,,8680,,Tract  105.02,1,1,D,0,9,22,9,39,19,51,48,55,52,113,102,46,10,6,23,5,4,31,12,4,4,0,8,7,0,0,4,5,0
G36004300106,1970,1,2,New York,36,Herkimer,043,,,0106,,8680,,Tract  106,1,1,D,16,6,0,5,11,12,15,22,11,7,4,22,10,0,0,9,20,8,0,6,6,0,0,6,0,0,0,0,0,0
G36004300107,1970,1,2,New York,36,Herkimer,043,,,0107,,8680,,Tract  107,1,1,D,0,12,20,35,65,64,52,94,107,80,175,195,150,6,0,62,146,47,11,29,31,6,10,18,0,8,0,6,0,0
G36004300108,1970,1,2,New York,36,Herkimer,043,,,0108,,8680,,Tract  108,1,1,D,5,13,38,49,51,56,45,38,81,58,131,106,95,10,11,64,175,57,44,18,24,10,14,5,0,5,8,0,0,4
G36004300109,1970,1,2,New York,36,Herkimer,043,,,0109,,8680,,Tract  109,1,1,D,43,15,42,37,13,66,66,77,62,67,129,66,68,11,0,51,35,12,10,16,7,5,13,5,0,5,4,0,0,0
G3600430011001,1970,1,2,New York,36,Herkimer,043,,,011001,,8680,,Tract  110.01,1,1,D,10,11,30,49,43,71,59,62,55,55,117,114,85,5,0,42,81,62,20,31,20,0,8,8,4,9,7,4,0,0
G3600430011002,1970,1,2,New York,36,Herkimer,043,,,011002,,8680,,Tract  110.02,1,1,D,28,25,32,32,53,18,46,57,35,49,106,87,65,11,0,36,34,50,15,18,9,0,0,0,4,0,5,0,0,0
G36004300111,1970,1,2,New York,36,Herkimer,043,,,0111,,8680,,Tract  111,1,1,D,24,28,40,39,67,71,60,79,78,88,122,133,41,0,0,34,77,42,27,31,5,4,5,6,0,6,0,0,0,0
G36004300112,1970,1,2,New York,36,Herkimer,043,,,0112,,8680,,Tract  112,1,1,D,5,29,36,99,54,90,100,91,98,79,176,321,226,52,4,76,118,110,74,45,48,15,31,13,18,47,32,0,0,0
G3600430011301,1970,1,2,New York,36,Herkimer,043,,,011301,,8680,,Tract  113.01,1,1,D,4,31,0,19,21,35,27,45,61,72,105,125,101,11,0,27,5,16,12,0,13,6,0,0,5,0,0,0,0,0
G3600430011302,1970,1,2,New York,36,Herkimer,043,,,011302,,8680,,Tract  113.02,1,1,D,10,20,13,26,13,64,70,77,67,115,139,115,52,14,0,63,19,16,23,41,4,14,16,18,0,14,4,0,0,0
G36004300114,1970,1,2,New York,36,Herkimer,043,,,0114,,8680,,Tract  114,1,1,D,26,36,17,51,35,80,72,65,98,93,126,96,122,21,0,25,35,8,32,26,23,18,0,6,0,4,0,0,0,0
G36004300115,1970,1,2,New York,36,Herkimer,043,,,0115,,8680,,Tract  115,1,1,D,38,32,42,68,45,88,90,64,94,86,126,137,130,31,12,83,69,53,62,49,14,24,5,8,17,4,0,0,0,0
G36004700001,1970,1,2,New York,36,Kings,047,,,0001,A,5600,,Tract    1,0,1,G,15,0,21,16,4,5,10,29,42,42,56,219,334,91,55,678,164,103,61,34,114,57,59,168,122,148,124,101,6,0
G36004700002,1970,1,2,New York,36,Kings,047,,,0002,A,5600,,Tract    2,0,1,G,33,26,17,41,51,35,59,13,20,20,35,29,6,6,0,24,42,6,19,0,18,6,0,3,0,0,0,0,0,0
G3600470000301,1970,1,2,New York,36,Kings,047,,,000301,A,5600,,Tract    3.01,0,1,G,28,9,17,33,20,58,58,28,28,58,74,148,399,155,61,456,222,150,102,113,144,208,164,229,131,192,184,162,59,26
G36004700005,1970,1,2,New York,36,Kings,047,,,0005,A,5600,,Tract    5,0,1,G,28,25,11,55,44,63,62,35,49,75,147,228,395,174,54,215,227,179,180,87,215,185,327,273,198,341,177,176,40,0
G36004700007,1970,1,2,New York,36,Kings,047,,,0007,A,5600,,Tract    7,0,1,G,42,13,28,38,53,19,25,55,21,32,69,131,224,112,21,130,58,72,64,28,84,33,108,74,54,82,38,32,0,5
G36004700009,1970,1,2,New York,36,Kings,047,,,0009,A,5600,,Tract    9,0,0,G,16,11,6,8,10,35,26,21,17,10,40,76,72,33,7,34,77,6,37,24,31,62,78,52,41,54,62,57,30,0
G36004700011,1970,1,2,New York,36,Kings,047,,,0011,A,5600,,Tract   11,0,0,G,0,0,0,0,0,0,8,6,0,5,5,0,7,0,0,0,6,16,5,10,10,0,6,0,0,0,0,0,0,0
G36004700013,1970,1,2,New York,36,Kings,047,,,0013,A,5600,,Tract   13,0,1,G,15,6,0,54,26,12,49,60,21,32,72,59,216,72,13,15,25,35,12,39,42,40,52,61,59,56,82,87,12,0
G36004700018,1970,1,2,New York,36,Kings,047,,,0018,A,5600,,Tract   18,0,1,G,0,0,5,24,16,20,7,0,7,6,0,0,5,0,0,9,16,0,6,0,0,0,0,0,0,0,0,0,0,0
G36004700020,1970,1,2,New York,36,Kings,047,,,0020,A,5600,,Tract   20,0,1,G,146,36,46,127,107,38,86,38,28,16,60,46,14,0,5,70,42,5,27,24,0,14,0,0,0,6,0,0,0,0
G36004700021,1970,1,2,New York,36,Kings,047,,,0021,A,5600,,Tract   21,0,1,G,0,9,8,4,3,15,13,9,27,0,8,0,16,4,0,34,6,21,40,7,25,6,0,0,0,0,0,0,0,0
G3600470002199,1970,1,2,New York,36,Kings,047,,,002199,A,5600,,Tract   21.99,0,1,G,0,0,0,0,0,0,0,0,0,0,0,0,0,0,0,0,0,0,0,0,5,0,4,0,0,14,0,6,0,0
G36004700022,1970,1,2,New York,36,Kings,047,,,0022,A,5600,,Tract   22,0,1,G,69,25,72,87,126,94,96,64,59,40,94,42,52,6,0,18,31,58,30,12,10,11,0,10,0,0,0,0,0,0
G36004700023,1970,1,2,New York,36,Kings,047,,,0023,A,5600,,Tract   23,0,1,G,44,37,60,114,153,135,125,141,83,81,64,38,44,0,0,76,24,9,10,37,8,8,0,0,0,0,0,0,0,0
G36004700025,1970,1,2,New York,36,Kings,047,,,0025,A,5600,,Tract   25,0,1,G,45,55,62,57,89,28,83,91,38,45,60,26,59,0,0,62,80,26,7,21,7,7,20,0,8,0,0,0,0,0
G36004700027,1970,1,2,New York,36,Kings,047,,,0027,A,5600,,Tract   27,0,0,G,0,3,16,9,22,13,7,11,6,23,3,8,0,0,0,39,39,22,0,6,13,0,0,0,0,0,0,0,0,0
G3600470002901,1970,1,2,New York,36,Kings,047,,,002901,A,5600,,Tract   29.01,0,1,G,88,47,121,64,85,105,92,78,54,38,37,48,25,0,8,5,109,56,25,0,4,0,0,0,0,0,0,0,0,0
G3600470002902,1970,1,2,New York,36,Kings,047,,,002902,A,5600,,Tract   29.02,0,1,G,16,0,8,6,10,0,9,7,29,21,26,31,5,0,0,4,0,9,7,0,4,0,0,0,0,0,0,0,0,0
G36004700030,1970,1,2,New York,36,Kings,047,,,0030,A,5600,,Tract   30,0,1,G,0,11,6,5,20,13,47,41,56,52,78,85,187,33,4,19,24,37,5,4,18,10,0,9,19,5,5,9,0,0
G36004700031,1970,1,2,New York,36,Kings,047,,,0031,A,5600,,Tract   31,0,1,G,12,13,5,5,7,5,9,51,36,17,72,64,144,83,6,266,125,71,39,38,25,47,38,20,24,39,37,40,5,0
G36004700033,1970,1,2,New York,36,Kings,047,,,0033,A,5600,,Tract   33,0,0,G,70,56,49,27,49,37,30,21,10,19,24,25,13,6,0,79,129,22,51,24,32,12,19,0,0,19,0,0,0,0
G36004700034,1970,1,2,New York,36,Kings,047,,,0034,A,5600,,Tract   34,0,1,G,0,17,40,24,37,59,45,53,63,38,135,232,264,70,0,59,60,50,13,67,16,28,30,10,23,49,12,11,7,0
G36004700035,1970,1,2,New York,36,Kings,047,,,0035,A,5600,,Tract   35,0,0,G,14,10,26,24,39,26,0,29,30,11,16,6,24,0,0,72,55,77,45,32,47,32,31,13,13,0,16,0,0,0
G36004700036,1970,1,2,New York,36,Kings,047,,,0036,A,5600,,Tract   36,0,1,G,9,16,83,32,43,41,50,54,121,104,155,219,298,54,14,64,83,61,24,37,64,42,31,31,51,50,34,9,0,5
G36004700037,1970,1,2,New York,36,Kings,047,,,0037,A,5600,,Tract   37,0,0,G,0,15,0,10,5,5,18,18,38,0,7,7,5,7,0,34,16,20,22,14,5,33,20,12,9,0,4,0,0,0
G36004700038,1970,1,2,New York,36,Kings,047,,,0038,A,5600,,Tract   38,0,1,G,5,9,4,5,40,14,19,10,18,12,88,75,200,41,0,16,24,10,6,12,24,7,11,20,0,42,17,12,0,0
G36004700039,1970,1,2,New York,36,Kings,047,,,0039,A,5600,,Tract   39,0,0,G,48,43,40,45,49,49,28,52,26,9,52,51,38,10,0,132,108,40,67,44,58,6,19,0,19,36,0,0,0,0
G36004700040,1970,1,2,New York,36,Kings,047,,,0040,A,5600,,Tract   40,0,1,G,21,4,20,3,14,11,17,10,0,23,33,75,130,105,28,24,8,10,16,4,3,6,0,5,0,0,4,3,0,0
G36004700041,1970,1,2,New York,36,Kings,047,,,0041,A,5600,,Tract   41,0,1,G,33,18,32,41,68,100,99,51,49,24,62,61,83,30,11,110,114,56,36,48,55,31,75,11,16,31,26,24,0,0
G36004700042,1970,1,2,New York,36,Kings,047,,,0042,A,5600,,Tract   42,0,1,G,0,0,4,6,18,29,5,0,15,9,70,91,127,30,15,25,28,10,13,22,0,7,17,12,12,22,10,11,0,0
G36004700043,1970,1,2,New York,36,Kings,047,,,0043,A,5600,,Tract   43,0,1,G,107,30,46,66,90,17,74,58,68,50,60,21,75,5,0,109,106,53,21,27,12,32,21,4,16,21,33,23,0,0
G36004700045,1970,1,2,New York,36,Kings,047,,,0045,A,5600,,Tract   45,0,1,G,10,39,19,49,25,69,61,84,58,35,141,121,259,64,23,116,67,91,40,27,42,91,78,45,35,40,83,32,13,0
G36004700046,1970,1,2,New York,36,Kings,047,,,0046,A,5600,,Tract   46,0,1,G,0,0,0,5,10,6,24,4,27,27,15,47,48,36,17,12,0,4,16,0,0,0,13,5,0,4,5,8,0,0
G36004700047,1970,1,2,New York,36,Kings,047,,,0047,A,5600,,Tract   47,0,1,G,17,10,3,26,19,8,37,9,38,16,20,47,11,6,0,50,0,4,0,6,10,3,4,5,0,6,6,0,0,0
G36004700048,1970,1,2,New York,36,Kings,047,,,0048,A,5600,,Tract   48,0,1,G,0,0,0,0,0,0,0,0,11,0,10,5,36,33,5,6,0,0,0,0,5,0,0,0,0,0,0,0,0,0
G36004700049,1970,1,2,New York,36,Kings,047,,,0049,A,5600,,Tract   49,0,1,G,30,7,34,46,45,23,67,64,72,62,82,81,83,6,0,132,68,35,4,6,28,20,56,18,16,18,10,11,7,0
G36004700050,1970,1,2,New York,36,Kings,047,,,0050,A,5600,,Tract   50,0,1,G,13,9,12,9,26,13,12,28,34,52,114,140,196,61,27,37,38,21,21,37,25,10,10,21,22,33,10,5,0,0
G36004700051,1970,1,2,New York,36,Kings,047,,,0051,A,5600,,Tract   51,0,1,G,38,35,40,77,62,76,59,66,57,35,52,66,52,0,0,73,50,39,63,26,6,17,12,4,0,0,0,0,0,0
G3600470005201,1970,1,2,New York,36,Kings,047,,,005201,A,5600,,Tract   52.01,0,1,G,6,11,16,15,5,0,6,35,17,18,25,52,142,84,0,37,38,5,0,22,5,22,27,6,6,5,23,6,15,0
G3600470005202,1970,1,2,New York,36,Kings,047,,,005202,A,5600,,Tract   52.02,0,1,G,6,0,8,21,15,28,23,46,34,54,118,173,387,79,10,37,77,20,37,44,31,29,17,33,33,41,35,27,5,0
G36004700054,1970,1,2,New York,36,Kings,047,,,0054,A,5600,,Tract   54,0,1,G,34,14,28,34,23,67,27,58,45,72,153,144,304,96,21,20,117,76,29,52,49,57,49,31,30,24,44,14,9,0
G36004700055,1970,1,2,New York,36,Kings,047,,,0055,A,5600,,Tract   55,0,1,G,79,13,18,48,35,35,25,9,7,7,10,12,19,17,0,28,10,15,0,10,4,0,0,5,0,0,0,0,0,0
G3600470005599,1970,1,2,New York,36,Kings,047,,,005599,A,5600,,Tract   55.99,0,1,G,0,0,0,0,0,0,0,0,0,0,0,0,0,0,0,0,0,0,0,0,5,0,5,0,0,11,6,0,0,0
G3600470005601,1970,1,2,New York,36,Kings,047,,,005601,A,5600,,Tract   56.01,0,1,G,31,9,4,24,21,46,44,20,70,34,96,149,295,105,5,57,85,38,33,31,48,63,25,35,23,22,35,34,0,0
G3600470005602,1970,1,2,New York,36,Kings,047,,,005602,A,5600,,Tract   56.02,0,1,G,0,15,10,10,22,9,20,30,9,20,44,61,162,19,0,49,25,42,12,28,32,30,11,6,15,21,5,16,5,0
G36004700057,1970,1,2,New York,36,Kings,047,,,0057,A,5600,,Tract   57,0,1,G,44,4,11,38,76,32,83,29,48,10,67,92,45,0,5,35,20,19,16,16,6,9,0,5,4,10,0,0,0,0
G36004700058,1970,1,2,New York,36,Kings,047,,,0058,A,5600,,Tract   58,0,1,G,15,33,33,52,64,62,47,14,52,57,146,176,206,37,0,145,88,117,47,37,35,24,23,24,9,39,15,0,5,0
G36004700059,1970,1,2,New York,36,Kings,047,,,0059,A,5600,,Tract   59,0,1,G,14,9,53,42,48,28,33,42,29,22,19,11,29,5,0,68,84,16,33,15,7,0,0,17,0,0,0,0,0,0
G36004700060,1970,1,2,New York,36,Kings,047,,,0060,A,5600,,Tract   60,0,1,G,16,16,39,27,15,38,39,25,58,70,143,119,172,55,0,8,86,24,27,46,36,17,28,10,8,14,21,9,0,0
G36004700062,1970,1,2,New York,36,Kings,047,,,0062,A,5600,,Tract   62,0,1,G,15,20,47,25,51,16,30,49,48,62,113,117,171,36,23,92,115,11,47,25,33,40,29,23,24,44,34,0,5,0
G36004700063,1970,1,2,New York,36,Kings,047,,,0063,A,5600,,Tract   63,0,1,G,20,18,15,10,34,26,19,19,50,42,77,67,68,10,0,105,76,11,44,10,44,15,6,29,43,15,0,0,0,0
G36004700064,1970,1,2,New York,36,Kings,047,,,0064,A,5600,,Tract   64,0,1,G,13,26,21,23,48,64,58,83,77,63,112,149,199,38,22,75,98,40,57,32,60,16,44,25,13,20,17,10,4,0
G36004700065,1970,1,2,New York,36,Kings,047,,,0065,A,5600,,Tract   65,0,1,G,91,73,103,94,100,150,133,181,218,143,307,282,268,23,10,115,116,27,22,66,47,28,65,27,15,19,0,6,0,0
G36004700066,1970,1,2,New York,36,Kings,047,,,0066,A,5600,,Tract   66,0,1,G,40,15,23,81,28,33,91,126,106,56,176,192,201,68,0,84,99,63,46,79,120,78,95,28,14,66,50,10,4,5
G36004700067,1970,1,2,New York,36,Kings,047,,,0067,A,5600,,Tract   67,0,1,G,35,27,89,52,53,110,117,64,102,94,225,177,263,28,20,42,73,20,30,10,20,22,5,11,5,16,8,5,0,0
G36004700068,1970,1,2,New York,36,Kings,047,,,0068,A,5600,,Tract   68,0,1,G,8,25,44,44,51,49,95,151,112,98,175,206,249,35,7,69,103,82,51,34,47,42,45,37,22,21,10,5,0,0
G36004700069,1970,1,2,New York,36,Kings,047,,,0069,A,5600,,Tract   69,0,1,G,74,10,79,98,116,60,117,54,69,67,89,107,62,14,0,99,40,45,42,6,19,19,8,14,17,11,11,9,0,0
G36004700070,1970,1,2,New York,36,Kings,047,,,0070,A,5600,,Tract   70,0,1,G,10,10,21,21,11,32,34,30,31,52,76,55,82,0,0,68,38,10,20,17,0,10,4,9,6,5,0,0,0,0
G36004700071,1970,1,2,New York,36,Kings,047,,,0071,A,5600,,Tract   71,0,1,G,73,24,146,140,153,273,155,120,129,51,142,79,40,17,9,36,23,28,39,0,35,7,8,0,10,17,4,0,0,0
G36004700072,1970,1,2,New York,36,Kings,047,,,0072,A,5600,,Tract   72,0,1,G,5,0,34,10,16,35,14,27,39,63,52,42,58,27,6,35,36,19,8,20,26,0,20,4,4,5,0,0,0,0
G36004700074,1970,1,2,New York,36,Kings,047,,,0074,A,5600,,Tract   74,0,1,G,108,17,32,70,72,97,107,73,126,58,118,117,97,12,5,93,84,54,39,12,39,18,20,22,10,0,6,5,5,0
G36004700075,1970,1,2,New York,36,Kings,047,,,0075,A,5600,,Tract   75,0,1,G,86,79,91,137,71,108,92,106,104,91,168,197,243,30,11,156,138,44,40,57,17,36,10,17,12,5,10,5,0,0
G36004700076,1970,1,2,New York,36,Kings,047,,,0076,A,5600,,Tract   76,0,1,G,75,32,30,87,90,63,92,31,90,71,174,92,88,6,5,97,53,92,90,34,26,45,7,19,11,7,0,0,0,0
G36004700077,1970,1,2,New York,36,Kings,047,,,0077,A,5600,,Tract   77,0,1,G,44,27,61,69,72,107,80,70,111,89,132,104,133,40,0,65,143,18,32,12,10,26,14,8,6,0,11,6,0,0
G36004700078,1970,1,2,New York,36,Kings,047,,,0078,A,5600,,Tract   78,0,1,G,53,47,52,86,137,85,82,78,111,90,129,67,71,32,0,50,91,49,44,33,52,41,36,17,26,8,0,0,0,0
G36004700080,1970,1,2,New York,36,Kings,047,,,0080,A,5600,,Tract   80,0,1,G,29,18,61,48,61,53,61,54,73,50,147,69,98,32,0,32,71,32,65,22,21,47,13,29,8,0,0,0,0,0
G36004700082,1970,1,2,New York,36,Kings,047,,,0082,A,5600,,Tract   82,0,1,G,47,48,60,96,114,34,64,81,64,34,94,103,101,11,0,68,38,39,26,13,14,8,18,4,9,0,0,0,0,0
G36004700084,1970,1,2,New York,36,Kings,047,,,0084,A,5600,,Tract   84,0,1,G,58,36,46,84,41,80,111,82,28,66,93,62,71,0,0,41,92,13,26,8,23,31,16,4,4,0,0,0,0,4
G36004700085,1970,1,2,New York,36,Kings,047,,,0085,A,5600,,Tract   85,0,1,G,107,68,155,203,159,245,227,160,114,159,136,37,91,0,23,218,289,133,31,17,24,4,12,5,0,6,0,0,0,0
G36004700088,1970,1,2,New York,36,Kings,047,,,0088,A,5600,,Tract   88,0,1,G,38,40,35,45,68,40,24,41,67,95,96,69,90,5,0,99,124,15,11,23,27,9,10,0,5,15,5,5,0,0
G36004700090,1970,1,2,New York,36,Kings,047,,,0090,A,5600,,Tract   90,0,1,G,8,18,33,26,44,24,39,23,32,28,82,121,82,4,0,32,55,31,19,7,13,16,17,0,14,7,8,4,0,0
G36004700092,1970,1,2,New York,36,Kings,047,,,0092,A,5600,,Tract   92,0,1,G,64,38,46,45,69,65,106,87,72,68,141,169,142,19,0,85,138,36,56,18,33,0,12,13,0,24,5,0,0,0
G36004700094,1970,1,2,New York,36,Kings,047,,,0094,A,5600,,Tract   94,0,1,G,27,72,24,58,66,57,69,71,90,100,153,189,174,23,24,54,68,32,3,22,8,18,22,12,6,9,3,13,0,0
G36004700096,1970,1,2,New York,36,Kings,047,,,0096,A,5600,,Tract   96,0,1,G,36,60,31,104,65,31,110,91,73,55,181,200,183,31,0,116,79,45,22,13,4,25,23,6,41,8,7,0,0,0
G36004700098,1970,1,2,New York,36,Kings,047,,,0098,A,5600,,Tract   98,0,1,G,52,47,52,52,75,63,70,96,123,140,118,114,196,6,0,49,89,39,48,20,42,34,8,8,4,0,4,0,0,0
G36004700100,1970,1,2,New York,36,Kings,047,,,0100,A,5600,,Tract  100,0,1,G,65,37,65,92,79,58,92,122,100,129,135,186,159,26,0,58,105,43,27,61,41,33,13,23,13,6,0,0,0,0
G36004700101,1970,1,2,New York,36,Kings,047,,,0101,A,5600,,Tract  101,0,1,G,37,49,66,108,34,69,99,71,90,85,106,134,103,15,0,52,49,27,52,35,27,11,18,17,6,16,0,0,0,0
G36004700102,1970,1,2,New York,36,Kings,047,,,0102,A,5600,,Tract  102,0,1,G,13,41,32,37,51,39,68,84,71,55,146,118,179,26,12,22,38,31,23,56,29,21,39,50,10,8,4,12,0,0
G36004700104,1970,1,2,New York,36,Kings,047,,,0104,A,5600,,Tract  104,0,1,G,39,31,54,60,75,41,76,69,77,109,121,183,189,19,4,36,139,62,13,25,40,8,0,23,31,35,6,0,0,0
G36004700106,1970,1,2,New York,36,Kings,047,,,0106,A,5600,,Tract  106,0,1,G,21,58,35,31,39,70,83,94,70,69,144,167,121,12,5,45,94,42,27,34,4,16,18,21,4,9,6,7,0,0
G36004700108,1970,1,2,New York,36,Kings,047,,,0108,A,5600,,Tract  108,0,1,G,28,50,34,21,15,72,72,78,69,53,164,125,170,12,7,28,130,46,14,25,40,39,11,16,10,4,5,5,0,0
G36004700110,1970,1,2,New York,36,Kings,047,,,0110,A,5600,,Tract  110,0,1,G,35,10,35,0,33,38,39,66,18,77,51,62,47,15,0,41,35,5,24,15,5,5,5,9,0,0,0,0,0,0
G36004700112,1970,1,2,New York,36,Kings,047,,,0112,A,5600,,Tract  112,0,1,G,88,47,62,46,83,164,110,81,120,92,146,153,162,13,0,183,138,59,34,30,50,19,7,16,0,12,5,11,0,0
G36004700114,1970,1,2,New York,36,Kings,047,,,0114,A,5600,,Tract  114,0,1,G,23,34,28,72,31,57,83,63,68,83,134,123,223,30,0,92,106,13,23,12,23,15,5,29,6,0,0,0,0,0
G36004700116,1970,1,2,New York,36,Kings,047,,,0116,A,5600,,Tract  116,0,1,G,11,5,27,60,35,31,61,48,36,82,120,139,175,16,0,28,48,35,17,9,12,19,23,10,0,5,0,0,0,0
G36004700117,1970,1,2,New York,36,Kings,047,,,0117,A,5600,,Tract  117,0,1,G,40,22,42,34,61,52,60,69,115,106,57,66,75,4,3,40,69,40,33,7,37,14,9,5,0,5,0,0,0,0
G36004700118,1970,1,2,New York,36,Kings,047,,,0118,A,5600,,Tract  118,0,1,G,40,4,12,36,0,12,32,48,38,32,38,35,70,14,0,25,4,19,10,22,18,0,16,9,0,5,9,0,0,0
G36004700120,1970,1,2,New York,36,Kings,047,,,0120,A,5600,,Tract  120,0,1,G,0,0,18,7,5,17,15,8,4,14,4,25,30,0,6,24,18,8,0,0,11,0,0,4,0,4,0,0,0,0
G36004700121,1970,1,2,New York,36,Kings,047,,,0121,A,5600,,Tract  121,0,1,G,34,28,42,22,25,58,66,84,29,40,57,70,35,0,0,74,25,50,24,4,16,10,11,0,6,0,6,0,0,0
G36004700122,1970,1,2,New York,36,Kings,047,,,0122,A,5600,,Tract  122,0,1,G,70,19,21,35,55,39,35,58,55,63,125,68,157,35,0,47,94,21,24,17,44,23,0,5,4,12,0,4,0,0
G36004700123,1970,1,2,New York,36,Kings,047,,,0123,A,5600,,Tract  123,0,1,G,4,39,12,35,24,30,20,44,18,5,29,0,35,10,0,9,19,0,0,0,0,5,5,0,0,0,0,0,0,0
G36004700124,1970,1,2,New York,36,Kings,047,,,0124,A,5600,,Tract  124,0,1,G,4,21,14,24,6,25,33,37,51,11,63,62,85,5,0,16,79,37,34,22,15,39,9,19,5,4,0,5,0,0
G36004700125,1970,1,2,New York,36,Kings,047,,,0125,A,5600,,Tract  125,0,1,G,20,4,37,15,29,47,57,39,37,11,37,30,33,0,0,17,15,13,27,6,9,5,0,0,11,6,5,0,0,0
G36004700127,1970,1,2,New York,36,Kings,047,,,0127,A,5600,,Tract  127,0,1,G,77,42,84,125,103,71,115,44,113,29,35,67,16,0,0,92,26,41,33,10,9,6,0,4,0,10,0,0,0,0
G3600470012801,1970,1,2,New York,36,Kings,047,,,012801,A,5600,,Tract  128.01,0,1,G,35,15,4,0,34,14,22,20,35,28,76,102,113,19,0,32,27,15,16,17,16,9,15,10,5,9,5,0,0,0
G3600470012802,1970,1,2,New York,36,Kings,047,,,012802,A,5600,,Tract  128.02,0,1,G,0,6,11,5,5,22,13,10,11,11,28,11,37,0,0,8,19,0,5,14,6,0,0,0,0,0,0,0,0,0
G3600470012901,1970,1,2,New York,36,Kings,047,,,012901,A,5600,,Tract  129.01,0,1,G,87,68,53,40,55,56,55,50,32,10,41,47,34,4,7,47,42,30,35,23,42,7,0,0,0,8,0,8,0,0
G3600470012902,1970,1,2,New York,36,Kings,047,,,012902,A,5600,,Tract  129.02,0,1,G,14,32,28,61,72,65,35,70,30,23,12,40,32,5,0,95,66,83,64,56,41,7,7,15,7,23,17,4,0,0
G36004700130,1970,1,2,New York,36,Kings,047,,,0130,A,5600,,Tract  130,0,1,G,5,20,58,47,49,52,51,72,122,122,165,245,252,39,10,44,153,93,66,24,21,71,20,34,19,20,13,5,5,0
G36004700131,1970,1,2,New York,36,Kings,047,,,0131,A,5600,,Tract  131,0,1,G,88,56,109,134,154,86,118,47,108,52,121,106,117,5,0,85,68,35,43,36,64,35,7,20,0,19,7,0,0,0
G36004700132,1970,1,2,New York,36,Kings,047,,,0132,A,5600,,Tract  132,0,1,G,23,6,35,9,28,6,30,31,40,14,50,97,157,0,0,38,23,18,15,0,17,6,17,0,10,5,0,6,0,0
G36004700133,1970,1,2,New York,36,Kings,047,,,0133,A,5600,,Tract  133,0,1,G,76,67,81,90,62,99,127,133,118,101,151,65,131,16,0,102,106,53,54,44,38,37,0,14,20,5,4,0,0,0
G36004700134,1970,1,2,New York,36,Kings,047,,,0134,A,5600,,Tract  134,0,1,G,10,10,23,47,39,58,39,78,92,91,162,223,237,60,10,37,72,48,16,34,42,23,15,5,7,22,16,0,0,0
G36004700135,1970,1,2,New York,36,Kings,047,,,0135,A,5600,,Tract  135,0,1,G,61,58,57,90,49,104,102,71,74,88,118,118,36,22,3,46,41,40,50,26,17,12,5,17,23,22,6,0,0,0
G36004700136,1970,1,2,New York,36,Kings,047,,,0136,A,5600,,Tract  136,0,1,G,19,24,37,22,57,74,48,55,49,60,198,180,263,40,5,49,80,58,64,20,26,34,34,17,11,18,17,10,0,0
G36004700137,1970,1,2,New York,36,Kings,047,,,0137,A,5600,,Tract  137,0,1,G,32,23,77,86,47,78,36,100,100,59,125,81,111,5,0,62,66,42,40,22,26,23,17,23,16,0,12,0,0,0
G36004700138,1970,1,2,New York,36,Kings,047,,,0138,A,5600,,Tract  138,0,1,G,0,24,24,37,44,47,45,41,81,51,153,179,200,56,4,63,94,33,41,30,34,21,31,14,11,24,11,9,0,0
G36004700139,1970,1,2,New York,36,Kings,047,,,0139,A,5600,,Tract  139,0,1,G,66,43,29,85,26,53,51,48,49,99,118,179,205,37,6,65,85,100,41,20,58,21,46,10,5,8,6,20,5,0
G36004700140,1970,1,2,New York,36,Kings,047,,,0140,A,5600,,Tract  140,0,1,G,16,4,13,20,15,22,27,40,59,20,66,54,151,19,7,35,43,28,23,21,5,29,10,13,0,12,5,0,0,0
G36004700141,1970,1,2,New York,36,Kings,047,,,0141,A,5600,,Tract  141,0,1,G,33,32,58,64,39,47,80,33,57,42,96,79,69,4,5,68,119,27,11,20,21,10,8,0,6,0,0,0,0,0
G36004700142,1970,1,2,New York,36,Kings,047,,,0142,A,5600,,Tract  142,0,1,G,18,19,40,13,40,80,40,51,40,75,155,162,240,64,0,79,75,50,41,19,37,27,16,25,5,38,19,0,0,0
G36004700143,1970,1,2,New York,36,Kings,047,,,0143,A,5600,,Tract  143,0,1,G,40,65,81,39,69,65,65,62,74,56,108,121,67,17,0,69,72,30,19,10,29,35,25,6,6,0,5,0,0,0
G36004700144,1970,1,2,New York,36,Kings,047,,,0144,A,5600,,Tract  144,0,1,G,0,24,5,5,0,10,32,9,9,0,54,49,103,32,12,11,10,15,10,0,0,14,0,0,5,4,0,5,10,0
G36004700145,1970,1,2,New York,36,Kings,047,,,0145,A,5600,,Tract  145,0,1,G,63,30,49,84,97,57,95,86,86,70,110,94,98,4,0,142,85,31,23,10,34,0,12,16,0,4,0,6,0,0
G36004700146,1970,1,2,New York,36,Kings,047,,,0146,A,5600,,Tract  146,0,1,G,0,0,8,0,4,11,0,0,19,7,72,28,85,55,5,5,5,0,5,0,0,0,0,0,0,0,0,5,0,0
G36004700147,1970,1,2,New York,36,Kings,047,,,0147,A,5600,,Tract  147,0,1,G,18,35,36,18,11,32,70,75,47,51,80,120,87,3,0,55,70,6,15,21,6,12,0,0,0,6,0,6,0,0
G36004700148,1970,1,2,New York,36,Kings,047,,,0148,A,5600,,Tract  148,0,1,G,16,14,25,11,8,30,15,41,26,17,82,62,110,18,4,5,16,5,23,5,7,0,0,0,0,0,0,0,0,0
G36004700149,1970,1,2,New York,36,Kings,047,,,0149,A,5600,,Tract  149,0,1,G,150,66,85,85,84,111,150,114,138,181,174,212,152,10,0,130,132,126,14,36,24,11,20,14,4,0,5,4,0,0
G36004700150,1970,1,2,New York,36,Kings,047,,,0150,A,5600,,Tract  150,0,1,G,13,16,30,31,10,27,26,16,24,24,69,69,96,36,7,6,10,27,6,15,18,6,6,0,5,0,0,0,0,0
G36004700151,1970,1,2,New York,36,Kings,047,,,0151,A,5600,,Tract  151,0,1,G,108,37,75,43,106,64,82,72,64,47,141,93,152,25,7,189,73,35,24,18,6,19,0,12,24,18,6,0,5,0
G36004700153,1970,1,2,New York,36,Kings,047,,,0153,A,5600,,Tract  153,0,1,G,22,15,42,23,52,63,79,69,107,81,134,176,228,42,0,63,125,43,37,29,55,50,18,41,23,41,13,4,0,0
G36004700155,1970,1,2,New York,36,Kings,047,,,0155,A,5600,,Tract  155,0,1,G,45,36,36,109,43,70,44,94,77,82,146,132,216,33,0,70,54,47,100,26,34,50,31,32,5,14,13,0,16,0
G36004700156,1970,1,2,New York,36,Kings,047,,,0156,A,5600,,Tract  156,0,1,G,8,0,10,11,5,0,5,17,10,17,30,25,60,0,0,0,17,0,0,0,6,15,5,0,0,5,0,0,0,0
G36004700157,1970,1,2,New York,36,Kings,047,,,0157,A,5600,,Tract  157,0,1,G,92,39,44,79,76,80,97,51,149,67,133,157,231,64,16,118,149,159,115,86,94,74,83,39,40,11,6,15,15,0
G36004700158,1970,1,2,New York,36,Kings,047,,,0158,A,5600,,Tract  158,0,1,G,5,0,24,21,5,27,18,11,45,30,39,77,87,32,0,37,21,10,0,5,0,11,5,11,11,10,6,0,0,0
G36004700159,1970,1,2,New York,36,Kings,047,,,0159,A,5600,,Tract  159,0,1,G,59,41,71,71,117,133,108,135,61,78,144,125,245,110,17,138,189,148,164,141,115,116,162,66,62,93,50,53,19,10
G36004700160,1970,1,2,New York,36,Kings,047,,,0160,A,5600,,Tract  160,0,1,G,0,25,30,59,86,63,67,70,32,93,152,155,226,30,5,69,84,36,43,59,88,31,56,37,37,62,59,5,0,0
G36004700161,1970,1,2,New York,36,Kings,047,,,0161,A,5600,,Tract  161,0,1,G,68,17,52,90,49,86,38,105,61,45,66,58,58,8,0,167,97,111,66,114,76,42,46,21,9,4,4,5,0,0
G36004700162,1970,1,2,New York,36,Kings,047,,,0162,A,5600,,Tract  162,0,1,G,13,8,15,0,10,31,39,14,20,36,80,103,113,9,0,47,64,33,29,11,14,23,8,16,12,5,0,5,0,0
G36004700163,1970,1,2,New York,36,Kings,047,,,0163,A,5600,,Tract  163,0,1,G,75,33,76,61,78,106,101,116,76,45,110,122,126,29,0,58,53,82,87,92,66,72,24,27,25,29,5,5,0,0
G36004700164,1970,1,2,New York,36,Kings,047,,,0164,A,5600,,Tract  164,0,1,G,4,4,5,14,53,44,110,49,74,41,113,84,15,4,0,45,61,51,45,26,32,18,5,15,0,20,0,0,0,0
G36004700165,1970,1,2,New York,36,Kings,047,,,0165,A,5600,,Tract  165,0,1,G,28,32,28,44,50,40,58,57,38,23,102,177,333,235,50,172,140,84,112,58,95,109,154,78,54,100,81,40,20,0
G36004700167,1970,1,2,New York,36,Kings,047,,,0167,A,5600,,Tract  167,0,1,G,87,64,83,92,80,74,106,157,123,114,247,255,312,43,0,133,199,88,55,42,116,51,61,28,27,6,21,0,0,0
G36004700168,1970,1,2,New York,36,Kings,047,,,0168,A,5600,,Tract  168,0,1,G,5,15,24,9,6,28,12,39,49,63,121,103,97,23,0,5,6,11,5,12,0,11,21,6,0,0,6,0,0,0
G36004700169,1970,1,2,New York,36,Kings,047,,,0169,A,5600,,Tract  169,0,1,G,17,51,63,88,55,132,55,140,85,79,172,274,226,19,15,98,130,82,40,56,32,26,19,5,8,9,19,5,0,0
G36004700170,1970,1,2,New York,36,Kings,047,,,0170,A,5600,,Tract  170,0,1,G,58,23,50,40,15,45,65,58,76,74,152,106,217,11,0,40,20,12,16,15,13,10,20,4,0,0,0,0,0,0
G36004700171,1970,1,2,New York,36,Kings,047,,,0171,A,5600,,Tract  171,0,1,G,25,8,34,12,55,30,40,33,77,33,208,140,285,45,7,28,32,26,12,11,15,38,16,23,20,10,3,4,0,0
G36004700172,1970,1,2,New York,36,Kings,047,,,0172,A,5600,,Tract  172,0,1,G,33,30,16,21,27,53,19,53,36,84,168,144,197,10,0,61,44,15,5,5,5,9,0,5,3,0,0,0,0,0
G36004700173,1970,1,2,New York,36,Kings,047,,,0173,A,5600,,Tract  173,0,1,G,0,0,0,11,0,0,6,9,9,5,11,14,30,0,0,0,8,20,8,4,0,0,8,0,0,5,0,0,0,0
G36004700174,1970,1,2,New York,36,Kings,047,,,0174,A,5600,,Tract  174,0,1,G,5,20,18,7,3,21,36,39,41,50,63,87,116,28,11,14,30,18,0,0,6,0,0,0,0,0,0,0,0,0
G36004700176,1970,1,2,New York,36,Kings,047,,,0176,A,5600,,Tract  176,0,1,G,11,15,23,15,29,63,9,42,26,112,77,132,104,15,6,22,11,0,17,7,19,0,6,11,11,6,0,0,0,0
G36004700178,1970,1,2,New York,36,Kings,047,,,0178,A,5600,,Tract  178,0,1,G,51,9,34,49,20,25,51,69,34,36,95,76,108,0,0,16,39,13,14,11,10,6,11,0,0,0,0,0,0,0
G36004700179,1970,1,2,New York,36,Kings,047,,,0179,A,5600,,Tract  179,0,1,G,69,46,46,78,38,75,71,77,32,28,41,32,30,0,0,62,72,43,48,66,33,31,28,33,4,3,5,0,0,0
G36004700180,1970,1,2,New York,36,Kings,047,,,0180,A,5600,,Tract  180,0,1,G,29,30,58,23,37,26,34,91,57,82,94,153,112,10,6,61,37,0,27,0,13,0,7,0,0,7,0,0,0,0
G36004700181,1970,1,2,New York,36,Kings,047,,,0181,A,5600,,Tract  181,0,1,G,273,52,55,29,89,136,76,153,68,51,56,50,66,6,2,131,126,93,134,42,110,72,51,28,12,17,0,7,0,7
G36004700182,1970,1,2,New York,36,Kings,047,,,0182,A,5600,,Tract  182,0,1,G,68,40,15,42,13,65,44,61,62,59,158,117,139,23,0,40,26,13,10,14,0,13,11,15,5,0,0,0,0,0
G36004700183,1970,1,2,New York,36,Kings,047,,,0183,A,5600,,Tract  183,0,1,G,80,71,74,61,86,97,90,93,89,46,81,54,66,6,0,149,114,64,27,88,38,20,5,9,18,11,0,0,0,0
G36004700184,1970,1,2,New York,36,Kings,047,,,0184,A,5600,,Tract  184,0,1,G,40,15,18,12,19,34,33,40,50,36,101,137,174,30,0,25,17,9,9,7,0,19,0,0,0,9,4,0,0,0
G3600470018501,1970,1,2,New York,36,Kings,047,,,018501,A,5600,,Tract  185.01,0,1,G,125,111,121,120,197,152,170,112,89,48,102,57,68,13,3,139,157,93,30,27,12,2,0,0,0,3,0,0,0,0
G3600470018502,1970,1,2,New York,36,Kings,047,,,018502,A,5600,,Tract  185.02,0,1,G,58,20,16,30,53,19,12,42,24,27,13,0,23,0,0,128,80,72,102,12,15,26,17,4,8,0,0,0,10,0
G36004700186,1970,1,2,New York,36,Kings,047,,,0186,A,5600,,Tract  186,0,1,G,7,18,46,13,35,34,34,42,39,38,91,68,107,4,9,11,28,0,17,5,5,14,3,4,0,0,0,0,0,0
G36004700187,1970,1,2,New York,36,Kings,047,,,0187,A,5600,,Tract  187,0,1,G,103,24,8,9,14,22,24,15,19,17,23,27,29,0,0,46,7,0,0,5,0,0,0,11,5,0,0,0,0,0
G36004700188,1970,1,2,New York,36,Kings,047,,,0188,A,5600,,Tract  188,0,1,G,34,6,18,18,6,40,54,41,47,54,115,148,179,25,0,42,37,8,4,4,4,16,0,8,8,6,0,0,0,0
G36004700189,1970,1,2,New York,36,Kings,047,,,0189,A,5600,,Tract  189,0,1,G,0,0,0,0,0,0,0,0,9,0,0,0,0,0,0,0,0,0,0,0,0,0,0,0,0,0,0,0,0,0
G36004700190,1970,1,2,New York,36,Kings,047,,,0190,A,5600,,Tract  190,0,1,G,59,33,32,32,42,90,62,79,121,96,149,121,140,19,0,58,79,40,5,6,18,12,7,13,7,0,0,11,5,0
G36004700191,1970,1,2,New York,36,Kings,047,,,0191,A,5600,,Tract  191,0,1,G,55,25,59,97,104,51,85,25,44,42,89,65,68,0,0,57,60,51,26,21,6,15,5,18,0,18,0,0,0,0
G36004700192,1970,1,2,New York,36,Kings,047,,,0192,A,5600,,Tract  192,0,1,G,11,31,27,42,32,62,64,40,60,61,57,95,47,22,0,26,44,19,18,9,4,4,4,8,0,5,0,0,5,0
G36004700193,1970,1,2,New York,36,Kings,047,,,0193,A,5600,,Tract  193,0,1,G,15,18,9,36,41,79,49,59,60,41,143,215,305,28,14,406,198,99,30,62,67,117,98,58,60,86,42,4,15,0
G36004700194,1970,1,2,New York,36,Kings,047,,,0194,A,5600,,Tract  194,0,1,G,49,31,15,37,27,49,44,44,39,43,111,109,93,12,0,53,52,12,13,19,23,7,18,7,0,0,0,0,0,0
G36004700195,1970,1,2,New York,36,Kings,047,,,0195,A,5600,,Tract  195,0,1,G,36,35,72,47,54,65,73,67,70,96,97,138,199,44,5,229,196,79,114,107,98,73,86,51,36,82,35,18,13,0
G36004700196,1970,1,2,New York,36,Kings,047,,,0196,A,5600,,Tract  196,0,1,G,19,37,55,34,75,81,54,85,90,132,144,157,129,18,0,59,71,28,15,19,22,7,16,8,0,7,0,0,0,0
G36004700197,1970,1,2,New York,36,Kings,047,,,0197,A,5600,,Tract  197,0,1,G,32,56,28,14,41,82,52,61,66,44,56,60,156,27,3,79,112,78,39,50,66,32,38,36,26,42,35,13,0,0
G36004700198,1970,1,2,New York,36,Kings,047,,,0198,A,5600,,Tract  198,0,1,G,0,18,15,19,13,30,47,47,40,54,72,48,160,4,0,19,22,12,4,9,0,6,5,0,0,0,0,0,0,0
G36004700199,1970,1,2,New York,36,Kings,047,,,0199,A,5600,,Tract  199,0,1,G,58,32,42,52,36,85,131,64,105,49,52,75,39,31,0,162,149,62,102,157,149,54,30,23,20,15,10,8,5,0
G36004700200,1970,1,2,New York,36,Kings,047,,,0200,A,5600,,Tract  200,0,1,G,20,5,17,50,11,57,21,63,58,56,110,84,101,22,0,5,41,8,8,4,5,3,0,4,14,0,4,4,0,0
G36004700201,1970,1,2,New York,36,Kings,047,,,0201,A,5600,,Tract  201,0,1,G,87,44,81,59,102,115,112,94,93,49,125,112,95,8,0,226,78,109,135,123,160,124,45,30,25,5,10,0,0,0
G36004700202,1970,1,2,New York,36,Kings,047,,,0202,A,5600,,Tract  202,0,1,G,10,23,6,10,17,41,5,45,24,34,87,64,153,36,0,34,9,11,0,3,6,4,0,0,0,0,4,7,0,0
G36004700203,1970,1,2,New York,36,Kings,047,,,0203,A,5600,,Tract  203,0,1,G,52,16,61,84,58,37,48,35,43,17,33,24,24,12,5,31,20,15,22,44,10,10,8,4,6,4,0,0,0,0
G36004700204,1970,1,2,New York,36,Kings,047,,,0204,A,5600,,Tract  204,0,1,G,22,17,16,11,12,18,5,38,55,33,84,124,152,57,5,33,0,13,13,0,4,0,4,5,0,4,4,0,0,0
G36004700205,1970,1,2,New York,36,Kings,047,,,0205,A,5600,,Tract  205,0,1,G,42,20,77,90,128,93,122,76,58,49,93,37,38,3,5,72,89,19,65,82,71,38,9,5,0,11,5,8,0,0
G36004700206,1970,1,2,New York,36,Kings,047,,,0206,A,5600,,Tract  206,0,1,G,13,18,14,5,23,39,30,19,66,40,98,96,160,43,16,9,33,14,15,9,9,15,11,8,0,0,0,0,0,0
G36004700207,1970,1,2,New York,36,Kings,047,,,0207,A,5600,,Tract  207,0,1,G,51,30,70,87,110,77,101,141,103,76,136,236,167,88,21,69,53,100,68,109,117,56,69,47,53,52,28,21,13,0
G36004700208,1970,1,2,New York,36,Kings,047,,,0208,A,5600,,Tract  208,0,1,G,33,10,20,36,25,32,42,42,54,52,162,125,167,12,7,42,24,19,15,5,19,14,10,14,5,0,5,0,0,0
G36004700210,1970,1,2,New York,36,Kings,047,,,0210,A,5600,,Tract  210,0,1,G,46,27,43,32,16,49,67,66,55,68,184,135,184,14,10,37,43,19,23,19,21,20,10,0,4,0,5,0,0,0
G36004700212,1970,1,2,New York,36,Kings,047,,,0212,A,5600,,Tract  212,0,1,G,62,11,40,59,25,53,82,88,81,100,171,173,186,9,0,24,48,45,16,33,28,18,11,0,5,0,0,5,0,0
G36004700213,1970,1,2,New York,36,Kings,047,,,0213,A,5600,,Tract  213,0,1,G,40,27,49,64,78,115,106,78,68,61,89,113,118,27,4,97,67,45,50,82,55,48,54,23,25,0,6,5,6,4
G36004700214,1970,1,2,New York,36,Kings,047,,,0214,A,5600,,Tract  214,0,1,G,16,21,24,19,28,72,27,0,22,65,88,49,67,0,0,9,22,16,20,14,9,5,0,0,0,0,6,11,0,0
G36004700215,1970,1,2,New York,36,Kings,047,,,0215,A,5600,,Tract  215,0,1,G,82,29,56,104,127,216,182,86,126,87,173,164,211,105,17,204,130,71,50,83,79,67,55,46,16,13,21,10,9,3
G36004700216,1970,1,2,New York,36,Kings,047,,,0216,A,5600,,Tract  216,0,1,G,14,4,51,25,58,71,35,61,55,39,102,122,152,48,0,15,23,28,28,25,15,5,14,9,0,0,0,4,0,0
G36004700217,1970,1,2,New York,36,Kings,047,,,0217,A,5600,,Tract  217,0,1,G,91,50,64,81,83,114,78,92,91,56,151,127,95,25,0,113,75,37,24,40,35,50,41,9,21,29,10,6,0,0
G36004700218,1970,1,2,New York,36,Kings,047,,,0218,A,5600,,Tract  218,0,1,G,29,22,32,38,42,79,77,80,128,54,142,131,181,22,12,36,50,32,4,12,4,18,0,15,5,5,4,0,0,0
G36004700219,1970,1,2,New York,36,Kings,047,,,0219,A,5600,,Tract  219,0,1,G,43,34,103,77,109,187,112,65,65,15,102,89,107,11,0,130,64,76,86,59,49,16,14,24,11,12,0,0,0,0
G36004700220,1970,1,2,New York,36,Kings,047,,,0220,A,5600,,Tract  220,0,1,G,20,27,30,75,58,90,86,64,108,107,212,154,158,10,6,33,107,65,70,9,21,4,9,0,9,16,0,9,0,0
G36004700221,1970,1,2,New York,36,Kings,047,,,0221,A,5600,,Tract  221,0,1,G,75,51,53,30,50,112,97,82,92,65,104,66,113,18,0,137,93,41,74,41,64,50,12,35,12,26,4,16,0,4
G36004700222,1970,1,2,New York,36,Kings,047,,,0222,A,5600,,Tract  222,0,1,G,18,26,43,58,26,76,77,71,77,57,119,124,149,35,0,43,92,43,29,29,11,6,0,6,34,25,0,6,0,0
G36004700223,1970,1,2,New York,36,Kings,047,,,0223,A,5600,,Tract  223,0,1,G,140,83,91,130,123,137,86,78,81,53,124,45,72,4,5,122,62,54,48,50,62,49,17,6,0,4,0,5,0,0
G36004700224,1970,1,2,New York,36,Kings,047,,,0224,A,5600,,Tract  224,0,1,G,17,50,51,64,84,88,103,63,78,97,148,144,140,5,0,71,116,33,11,30,26,5,0,0,0,0,0,0,0,0
G36004700225,1970,1,2,New York,36,Kings,047,,,0225,A,5600,,Tract  225,0,1,G,98,37,48,50,40,69,34,34,21,18,34,11,0,8,0,41,18,6,7,6,0,0,0,0,0,0,0,0,0,0
G36004700226,1970,1,2,New York,36,Kings,047,,,0226,A,5600,,Tract  226,0,1,G,25,9,20,36,25,34,28,82,40,41,32,54,31,11,0,46,37,25,13,9,0,0,4,0,0,4,0,0,4,0
G36004700227,1970,1,2,New York,36,Kings,047,,,0227,A,5600,,Tract  227,0,1,G,43,65,89,116,168,127,99,117,87,64,75,74,53,3,0,183,89,85,45,93,80,92,35,29,0,0,0,0,0,0
G36004700228,1970,1,2,New York,36,Kings,047,,,0228,A,5600,,Tract  228,0,1,G,64,54,65,52,51,93,78,56,77,45,62,66,62,11,0,35,37,27,17,19,34,17,13,0,0,5,0,0,0,0
G36004700229,1970,1,2,New York,36,Kings,047,,,0229,A,5600,,Tract  229,0,1,G,96,27,89,106,58,75,154,146,43,59,72,63,54,0,0,141,145,61,65,123,91,61,33,18,17,0,0,0,0,0
G36004700230,1970,1,2,New York,36,Kings,047,,,0230,A,5600,,Tract  230,0,1,G,27,72,54,35,77,95,63,83,88,86,134,121,138,15,0,68,112,41,11,10,23,17,11,6,0,0,0,0,0,0
G36004700231,1970,1,2,New York,36,Kings,047,,,0231,A,5600,,Tract  231,0,1,G,81,37,51,56,64,97,92,65,56,66,48,52,64,8,3,89,94,53,57,36,75,43,27,32,21,0,0,0,0,0
G36004700232,1970,1,2,New York,36,Kings,047,,,0232,A,5600,,Tract  232,0,1,G,70,71,95,128,87,237,130,174,105,51,159,112,158,31,4,51,174,52,38,33,18,7,0,22,0,7,0,5,0,0
G36004700233,1970,1,2,New York,36,Kings,047,,,0233,A,5600,,Tract  233,0,1,G,38,60,60,102,65,106,117,91,106,68,152,81,63,0,0,71,68,37,37,28,13,32,26,28,0,0,0,0,3,0
G36004700234,1970,1,2,New York,36,Kings,047,,,0234,A,5600,,Tract  234,0,1,G,42,9,76,38,101,73,79,48,92,71,146,165,207,95,10,75,81,57,36,25,0,9,24,11,6,11,6,0,0,0
G36004700235,1970,1,2,New York,36,Kings,047,,,0235,A,5600,,Tract  235,0,1,G,47,40,76,46,53,57,57,61,27,51,67,54,50,10,0,16,9,49,21,4,16,6,0,4,7,13,0,0,0,0
G36004700236,1970,1,2,New York,36,Kings,047,,,0236,A,5600,,Tract  236,0,1,G,20,40,57,47,60,73,62,70,105,82,173,153,269,78,35,62,121,40,22,26,21,21,0,5,16,22,38,5,0,0
G36004700237,1970,1,2,New York,36,Kings,047,,,0237,A,5600,,Tract  237,0,1,G,14,19,4,63,65,100,74,44,6,18,27,54,29,0,0,41,56,22,20,4,0,0,0,7,0,0,5,0,0,0
G36004700238,1970,1,2,New York,36,Kings,047,,,0238,A,5600,,Tract  238,0,1,G,31,35,47,57,47,98,89,120,51,52,172,160,222,57,13,41,77,28,29,26,4,10,0,0,4,5,4,4,0,0
G36004700239,1970,1,2,New York,36,Kings,047,,,0239,A,5600,,Tract  239,0,1,G,11,11,63,38,22,9,44,27,14,5,22,11,19,0,0,13,30,5,9,4,5,5,0,0,0,0,0,0,0,0
G36004700240,1970,1,2,New York,36,Kings,047,,,0240,A,5600,,Tract  240,0,1,G,41,58,64,49,80,82,54,83,92,58,211,126,147,63,5,45,77,44,23,21,20,9,17,20,5,16,0,9,0,0
G36004700241,1970,1,2,New York,36,Kings,047,,,0241,A,5600,,Tract  241,0,1,G,78,47,65,82,98,46,92,60,50,24,39,34,18,6,0,40,36,31,28,14,45,8,14,4,0,0,0,0,0,0
G36004700242,1970,1,2,New York,36,Kings,047,,,0242,A,5600,,Tract  242,0,1,G,9,19,17,30,44,45,24,36,50,88,74,138,96,16,0,26,16,11,22,0,5,10,15,0,13,0,0,0,0,0
G36004700243,1970,1,2,New York,36,Kings,047,,,0243,A,5600,,Tract  243,0,1,G,91,41,99,65,77,70,84,82,139,90,58,81,79,13,0,72,83,40,103,66,63,41,25,5,13,37,6,0,0,0
G36004700244,1970,1,2,New York,36,Kings,047,,,0244,A,5600,,Tract  244,0,1,G,50,36,37,22,31,40,53,39,95,74,158,137,99,37,0,59,43,33,18,17,0,6,0,0,0,0,0,0,0,0
G36004700245,1970,1,2,New York,36,Kings,047,,,0245,A,5600,,Tract  245,0,1,G,81,35,76,116,121,162,148,149,108,78,111,56,45,0,0,146,67,130,135,99,113,96,35,6,10,13,5,0,0,0
G36004700246,1970,1,2,New York,36,Kings,047,,,0246,A,5600,,Tract  246,0,1,G,9,5,6,51,20,62,29,77,53,51,129,118,225,22,0,25,49,22,6,8,12,4,0,0,5,5,5,0,0,0
G36004700247,1970,1,2,New York,36,Kings,047,,,0247,A,5600,,Tract  247,0,1,G,16,36,36,48,41,49,43,14,39,37,83,27,37,0,0,77,49,81,34,32,22,49,21,0,1,2,7,0,0,0
G36004700248,1970,1,2,New York,36,Kings,047,,,0248,A,5600,,Tract  248,0,1,G,11,37,29,29,62,32,25,34,75,35,54,145,97,26,0,30,42,6,18,20,0,4,6,0,0,18,0,6,0,0
G36004700249,1970,1,2,New York,36,Kings,047,,,0249,A,5600,,Tract  249,0,1,G,65,60,89,114,60,90,174,102,57,40,127,162,141,0,0,174,159,64,99,103,92,65,55,27,6,6,0,6,0,0
G36004700250,1970,1,2,New York,36,Kings,047,,,0250,A,5600,,Tract  250,0,1,G,5,18,20,13,8,31,13,52,4,31,60,57,103,8,0,17,30,18,0,18,0,5,0,4,0,0,0,0,0,0
G36004700251,1970,1,2,New York,36,Kings,047,,,0251,A,5600,,Tract  251,0,1,G,100,87,106,119,149,122,77,88,67,34,91,80,46,0,0,120,65,82,104,48,61,59,19,4,8,0,0,0,0,0
G36004700252,1970,1,2,New York,36,Kings,047,,,0252,A,5600,,Tract  252,0,1,G,28,35,56,61,69,91,76,137,101,103,232,165,172,13,0,43,149,46,10,48,51,35,0,26,0,8,0,0,0,0
G36004700253,1970,1,2,New York,36,Kings,047,,,0253,A,5600,,Tract  253,0,1,G,79,32,113,120,104,92,104,75,94,71,83,81,18,20,0,65,77,34,23,36,59,42,20,11,0,0,5,0,0,0
G36004700254,1970,1,2,New York,36,Kings,047,,,0254,A,5600,,Tract  254,0,1,G,17,37,50,43,67,65,65,49,72,92,123,119,191,5,0,41,61,6,10,18,24,0,10,19,13,0,5,0,0,0
G36004700255,1970,1,2,New York,36,Kings,047,,,0255,A,5600,,Tract  255,0,1,G,103,38,64,186,202,209,125,140,134,127,104,105,66,11,7,44,25,10,10,6,14,0,0,0,5,0,0,0,0,0
G36004700256,1970,1,2,New York,36,Kings,047,,,0256,A,5600,,Tract  256,0,1,G,47,30,56,17,22,43,36,48,69,61,177,109,173,0,0,43,43,10,10,5,9,0,3,5,0,5,0,0,0,0
G36004700257,1970,1,2,New York,36,Kings,047,,,0257,A,5600,,Tract  257,0,1,G,43,104,53,99,151,151,42,73,68,76,78,58,32,0,0,48,36,8,18,34,4,8,10,15,0,0,0,9,0,0
G36004700258,1970,1,2,New York,36,Kings,047,,,0258,A,5600,,Tract  258,0,1,G,35,43,30,67,65,51,70,108,117,101,114,190,191,40,47,34,139,21,46,25,21,24,13,5,6,24,12,4,0,0
G3600470025901,1970,1,2,New York,36,Kings,047,,,025901,A,5600,,Tract  259.01,0,1,G,30,28,91,82,99,93,59,36,16,40,52,71,4,6,0,11,31,13,0,13,14,7,0,0,0,6,6,0,0,0
G3600470025902,1970,1,2,New York,36,Kings,047,,,025902,A,5600,,Tract  259.02,0,1,G,18,25,43,55,27,66,97,69,56,28,42,54,35,2,0,29,29,25,4,5,0,0,0,0,0,0,0,0,0,0
G36004700260,1970,1,2,New York,36,Kings,047,,,0260,A,5600,,Tract  260,0,1,G,10,21,62,49,57,51,54,42,87,65,142,153,145,15,0,32,57,30,6,12,12,13,12,4,4,0,0,3,0,0
G36004700261,1970,1,2,New York,36,Kings,047,,,0261,A,5600,,Tract  261,0,1,G,141,94,178,170,170,227,178,122,78,92,114,105,49,8,0,66,105,13,27,84,87,33,19,0,5,0,0,3,3,0
G36004700262,1970,1,2,New York,36,Kings,047,,,0262,A,5600,,Tract  262,0,1,G,12,15,34,37,29,34,26,53,32,96,74,102,134,19,0,5,21,10,15,12,10,10,0,5,6,4,0,0,0,0
G36004700263,1970,1,2,New York,36,Kings,047,,,0263,A,5600,,Tract  263,0,1,G,66,17,25,29,68,29,36,42,21,12,31,31,66,0,0,58,19,27,17,24,6,10,0,10,6,0,0,0,0,0
G36004700264,1970,1,2,New York,36,Kings,047,,,0264,A,5600,,Tract  264,0,1,G,36,27,88,54,67,47,72,63,106,84,130,184,177,21,0,59,38,59,10,26,22,15,5,11,16,11,0,6,0,0
G36004700265,1970,1,2,New York,36,Kings,047,,,0265,A,5600,,Tract  265,0,1,G,68,50,48,77,82,93,57,66,54,26,93,79,46,0,4,115,61,85,33,38,34,44,24,12,8,5,6,0,0,0
G36004700266,1970,1,2,New York,36,Kings,047,,,0266,A,5600,,Tract  266,0,1,G,22,58,48,39,14,28,44,54,56,79,127,168,171,29,0,50,52,8,15,0,20,10,5,11,0,0,3,0,0,0
G36004700267,1970,1,2,New York,36,Kings,047,,,0267,A,5600,,Tract  267,0,1,G,44,50,129,126,124,156,124,100,89,125,148,111,90,6,0,143,111,92,87,109,94,46,43,40,0,13,0,0,0,0
G36004700268,1970,1,2,New York,36,Kings,047,,,0268,A,5600,,Tract  268,0,1,G,49,24,54,77,79,46,88,66,70,71,224,186,224,39,0,38,55,18,4,13,32,4,21,6,5,0,0,0,0,0
G36004700269,1970,1,2,New York,36,Kings,047,,,0269,A,5600,,Tract  269,0,1,G,24,59,47,73,64,67,95,84,97,48,110,86,47,6,5,84,61,36,49,76,101,41,34,27,0,0,10,0,0,0
G36004700270,1970,1,2,New York,36,Kings,047,,,0270,A,5600,,Tract  270,0,1,G,26,6,17,27,55,19,10,62,23,44,68,75,103,64,14,71,37,26,17,17,6,7,12,0,0,0,6,0,0,0
G3600470027101,1970,1,2,New York,36,Kings,047,,,027101,A,5600,,Tract  271.01,0,1,G,46,29,51,64,28,66,71,44,35,26,49,69,25,0,6,55,62,29,16,27,25,41,17,18,6,0,0,0,5,0
G3600470027102,1970,1,2,New York,36,Kings,047,,,027102,A,5600,,Tract  271.02,0,1,G,10,5,20,28,0,29,28,30,19,21,16,16,15,11,0,22,22,11,9,6,0,13,6,6,0,0,0,0,0,0
G36004700272,1970,1,2,New York,36,Kings,047,,,0272,A,5600,,Tract  272,0,1,G,27,32,33,34,43,41,40,34,84,63,56,135,152,17,0,6,35,21,25,28,18,14,0,6,6,0,0,0,5,0
G36004700273,1970,1,2,New York,36,Kings,047,,,0273,A,5600,,Tract  273,0,1,G,43,24,74,92,61,88,53,79,62,44,41,99,70,7,0,47,101,74,107,60,44,29,33,10,5,3,0,0,0,0
G36004700274,1970,1,2,New York,36,Kings,047,,,0274,A,5600,,Tract  274,0,1,G,14,11,30,29,34,63,48,40,61,55,122,135,126,43,0,30,30,4,24,13,25,0,4,0,6,0,0,0,0,0
G36004700275,1970,1,2,New York,36,Kings,047,,,0275,A,5600,,Tract  275,0,1,G,106,30,105,85,133,97,62,81,56,90,94,195,84,3,0,111,143,109,58,93,96,63,13,27,6,10,0,4,0,0
G36004700276,1970,1,2,New York,36,Kings,047,,,0276,A,5600,,Tract  276,0,1,G,51,25,38,49,51,75,60,102,65,97,135,77,110,15,0,80,36,5,10,15,13,15,0,0,0,0,5,0,0,0
G36004700277,1970,1,2,New York,36,Kings,047,,,0277,A,5600,,Tract  277,0,1,G,85,29,94,90,61,80,68,83,43,50,70,92,61,5,0,86,67,65,56,81,18,40,23,4,0,9,4,0,0,0
G36004700278,1970,1,2,New York,36,Kings,047,,,0278,A,5600,,Tract  278,0,1,G,22,21,42,12,23,32,49,51,57,67,119,174,161,12,0,34,63,7,27,23,24,6,0,29,0,24,8,0,0,0
G36004700279,1970,1,2,New York,36,Kings,047,,,0279,A,5600,,Tract  279,0,1,G,96,33,149,161,180,150,108,79,58,43,91,86,66,4,10,103,60,70,55,57,39,28,13,10,15,6,0,6,0,0
G36004700280,1970,1,2,New York,36,Kings,047,,,0280,A,5600,,Tract  280,0,1,G,10,0,10,11,16,25,0,31,47,28,52,121,121,12,0,18,27,5,12,12,6,0,6,0,8,5,0,0,0,0
G36004700281,1970,1,2,New York,36,Kings,047,,,0281,A,5600,,Tract  281,0,1,G,95,51,119,137,156,169,112,90,52,51,85,59,14,0,0,96,62,58,47,34,25,12,11,0,6,6,0,0,0,0
G36004700282,1970,1,2,New York,36,Kings,047,,,0282,A,5600,,Tract  282,0,1,G,25,26,53,14,21,51,48,62,60,58,113,144,223,39,0,48,73,38,28,15,17,11,6,0,5,12,17,0,0,0
G36004700283,1970,1,2,New York,36,Kings,047,,,0283,A,5600,,Tract  283,0,1,G,94,33,130,163,115,96,117,77,60,30,60,40,52,6,0,65,94,14,39,41,16,15,6,9,4,0,0,3,0,0
G36004700284,1970,1,2,New York,36,Kings,047,,,0284,A,5600,,Tract  284,0,1,G,29,35,51,41,44,61,88,63,67,64,182,128,178,27,5,57,53,44,5,23,14,13,5,0,0,9,0,5,5,0
G3600470028501,1970,1,2,New York,36,Kings,047,,,028501,A,5600,,Tract  285.01,0,1,G,5,12,4,6,20,14,0,0,9,0,4,0,0,0,0,3,0,6,8,5,0,6,0,0,0,0,0,0,0,0
G3600470028502,1970,1,2,New York,36,Kings,047,,,028502,A,5600,,Tract  285.02,0,1,G,82,40,81,73,111,131,126,122,82,45,76,35,34,0,0,62,36,27,35,0,6,0,0,0,0,0,0,0,0,0
G36004700286,1970,1,2,New York,36,Kings,047,,,0286,A,5600,,Tract  286,0,1,G,64,43,37,25,43,83,94,97,130,154,233,243,261,32,9,91,77,109,39,40,36,34,26,18,19,43,30,6,0,0
G36004700287,1970,1,2,New York,36,Kings,047,,,0287,A,5600,,Tract  287,0,1,G,76,38,59,85,97,67,73,50,40,37,49,46,46,6,0,102,97,25,27,21,30,9,7,0,5,0,0,4,0,0
G36004700288,1970,1,2,New York,36,Kings,047,,,0288,A,5600,,Tract  288,0,1,G,26,13,26,59,32,68,49,25,83,53,133,102,140,41,0,48,62,27,10,5,25,13,5,15,6,0,5,0,0,0
G36004700289,1970,1,2,New York,36,Kings,047,,,0289,A,5600,,Tract  289,0,1,G,162,39,162,149,88,167,100,94,58,73,67,104,50,0,0,112,64,9,41,19,53,13,20,14,0,0,0,0,0,0
G36004700290,1970,1,2,New York,36,Kings,047,,,0290,A,5600,,Tract  290,0,1,G,36,31,42,23,61,44,55,42,44,80,125,196,243,59,26,83,94,34,27,16,27,33,22,8,0,41,8,4,0,0
G36004700291,1970,1,2,New York,36,Kings,047,,,0291,A,5600,,Tract  291,0,1,G,78,60,76,66,149,89,140,76,51,56,61,48,29,14,0,64,83,27,27,39,42,11,6,0,6,6,0,0,0,0
G36004700292,1970,1,2,New York,36,Kings,047,,,0292,A,5600,,Tract  292,0,1,G,36,19,40,35,32,19,36,54,64,39,57,78,91,9,0,30,56,37,26,20,14,22,17,5,5,7,10,0,0,0
G36004700293,1970,1,2,New York,36,Kings,047,,,0293,A,5600,,Tract  293,0,1,G,75,47,84,71,70,102,141,72,78,56,73,53,37,0,0,65,52,43,71,53,21,81,31,5,14,14,12,0,0,0
G36004700294,1970,1,2,New York,36,Kings,047,,,0294,A,5600,,Tract  294,0,1,G,5,0,10,6,25,14,19,31,44,60,84,43,110,10,0,10,10,21,10,12,5,9,15,11,0,0,6,7,0,0
G36004700295,1970,1,2,New York,36,Kings,047,,,0295,A,5600,,Tract  295,0,1,G,106,64,45,89,76,121,134,140,116,46,135,105,112,28,0,140,80,75,32,58,108,81,38,34,12,10,7,0,0,0
G36004700296,1970,1,2,New York,36,Kings,047,,,0296,A,5600,,Tract  296,0,1,G,68,49,38,58,58,58,77,75,130,106,236,181,271,34,0,86,118,55,30,25,30,50,9,5,6,14,15,12,6,0
G36004700297,1970,1,2,New York,36,Kings,047,,,0297,A,5600,,Tract  297,0,1,G,67,21,75,83,54,90,25,100,104,27,82,97,99,26,0,199,60,45,135,50,100,18,63,10,8,31,8,8,0,0
G36004700298,1970,1,2,New York,36,Kings,047,,,0298,A,5600,,Tract  298,0,1,G,16,12,41,40,45,86,57,40,77,85,128,171,179,7,0,55,49,27,17,23,0,0,14,5,0,0,5,0,0,0
G36004700299,1970,1,2,New York,36,Kings,047,,,0299,A,5600,,Tract  299,0,1,G,60,22,32,49,75,74,39,84,68,31,33,17,25,0,5,68,17,35,28,22,29,8,0,9,0,0,0,0,0,0
G36004700300,1970,1,2,New York,36,Kings,047,,,0300,A,5600,,Tract  300,0,1,G,53,28,28,49,44,51,32,84,67,89,211,103,193,15,0,40,38,22,15,10,12,16,5,0,0,6,16,0,0,0
G36004700301,1970,1,2,New York,36,Kings,047,,,0301,A,5600,,Tract  301,0,1,G,123,87,72,119,73,83,55,68,67,90,90,81,71,0,0,42,81,45,27,45,17,16,6,14,0,0,0,0,0,0
G36004700302,1970,1,2,New York,36,Kings,047,,,0302,A,5600,,Tract  302,0,1,G,18,28,21,24,37,72,78,55,86,51,256,221,259,5,6,37,22,5,20,17,5,0,24,6,7,12,0,10,0,0
G36004700303,1970,1,2,New York,36,Kings,047,,,0303,A,5600,,Tract  303,0,1,G,141,85,234,212,229,296,198,112,101,87,124,92,53,7,0,49,156,97,51,84,63,41,11,12,5,0,10,0,0,0
G36004700304,1970,1,2,New York,36,Kings,047,,,0304,A,5600,,Tract  304,0,1,G,34,15,15,9,40,29,24,102,57,87,170,269,181,46,0,5,50,4,10,11,0,20,10,13,12,21,5,0,0,0
G36004700306,1970,1,2,New York,36,Kings,047,,,0306,A,5600,,Tract  306,0,1,G,6,5,29,13,14,36,32,24,50,68,43,48,69,13,0,7,4,8,17,4,0,0,0,0,0,4,0,0,0,0
G36004700307,1970,1,2,New York,36,Kings,047,,,0307,A,5600,,Tract  307,0,1,G,123,64,108,104,133,210,182,110,144,73,63,114,44,18,0,205,291,93,36,31,40,18,14,9,0,0,1,0,0,0
G36004700308,1970,1,2,New York,36,Kings,047,,,0308,A,5600,,Tract  308,0,1,G,19,11,6,10,15,13,21,47,51,64,121,97,119,20,0,4,8,12,8,4,0,4,4,3,9,8,0,0,0,0
G36004700309,1970,1,2,New York,36,Kings,047,,,0309,A,5600,,Tract  309,0,1,G,22,23,16,16,24,15,5,15,7,11,27,17,23,3,0,25,5,13,24,28,19,4,12,0,0,0,0,0,0,0
G36004700311,1970,1,2,New York,36,Kings,047,,,0311,A,5600,,Tract  311,0,1,G,39,14,123,78,83,98,45,67,52,38,85,81,83,0,5,75,44,98,42,51,57,26,25,0,0,12,6,6,0,0
G36004700313,1970,1,2,New York,36,Kings,047,,,0313,A,5600,,Tract  313,0,1,G,72,43,85,75,96,180,133,150,121,88,168,187,159,26,5,129,129,126,99,148,145,130,59,56,30,14,9,0,7,0
G36004700314,1970,1,2,New York,36,Kings,047,,,0314,A,5600,,Tract  314,0,1,G,16,38,21,50,16,26,81,97,91,147,230,283,298,29,0,17,57,23,29,5,25,13,10,3,4,9,0,0,0,0
G36004700315,1970,1,2,New York,36,Kings,047,,,0315,A,5600,,Tract  315,0,1,G,107,41,134,134,200,199,127,128,74,100,123,150,88,29,6,165,87,149,109,163,71,104,58,6,15,25,11,6,8,0
G3600470031701,1970,1,2,New York,36,Kings,047,,,031701,A,5600,,Tract  317.01,0,1,G,96,40,39,58,70,92,91,141,118,58,103,170,66,8,0,116,84,62,59,75,55,66,40,39,8,10,15,0,0,0
G3600470031702,1970,1,2,New York,36,Kings,047,,,031702,A,5600,,Tract  317.02,0,1,G,42,30,40,54,58,73,103,77,97,32,86,95,130,14,0,76,72,53,60,84,48,103,51,13,15,15,0,4,0,0
G36004700319,1970,1,2,New York,36,Kings,047,,,0319,A,5600,,Tract  319,0,1,G,34,32,16,39,64,110,117,33,74,76,90,96,107,36,0,51,50,40,16,14,35,33,28,24,28,8,8,4,0,0
G36004700320,1970,1,2,New York,36,Kings,047,,,0320,A,5600,,Tract  320,0,1,G,0,5,0,0,0,5,0,4,5,4,17,7,9,0,5,6,5,0,0,0,0,0,0,0,5,0,0,0,0,0
G36004700321,1970,1,2,New York,36,Kings,047,,,0321,A,5600,,Tract  321,0,1,G,47,61,91,47,66,123,93,119,140,124,188,108,162,15,11,124,84,50,27,47,56,38,42,34,29,21,45,0,6,0
G36004700323,1970,1,2,New York,36,Kings,047,,,0323,A,5600,,Tract  323,0,1,G,71,46,68,38,109,91,125,70,86,99,89,150,125,18,8,67,62,59,47,57,56,19,50,14,5,22,0,0,0,0
G36004700325,1970,1,2,New York,36,Kings,047,,,0325,A,5600,,Tract  325,0,1,G,98,36,59,79,49,108,146,202,195,120,253,258,284,27,13,143,75,58,67,44,72,83,52,39,26,51,6,17,9,0
G36004700326,1970,1,2,New York,36,Kings,047,,,0326,A,5600,,Tract  326,0,1,G,133,67,147,93,92,45,83,89,43,49,161,81,73,10,0,184,151,39,76,20,69,9,3,11,0,0,6,0,0,0
G36004700327,1970,1,2,New York,36,Kings,047,,,0327,A,5600,,Tract  327,0,1,G,29,33,27,30,59,41,40,46,89,45,72,129,110,9,0,72,76,53,44,54,38,46,42,21,14,8,5,0,0,0
G36004700328,1970,1,2,New York,36,Kings,047,,,0328,A,5600,,Tract  328,0,1,G,126,151,153,157,72,104,69,68,65,48,82,85,81,3,3,173,172,68,45,0,28,23,5,18,14,16,0,0,0,0
G36004700329,1970,1,2,New York,36,Kings,047,,,0329,A,5600,,Tract  329,0,1,G,57,54,65,79,106,104,129,91,137,42,182,249,187,21,0,128,119,88,59,77,43,103,84,51,32,17,0,0,0,0
G36004700330,1970,1,2,New York,36,Kings,047,,,0330,A,5600,,Tract  330,0,1,G,38,25,78,55,66,53,62,20,66,66,82,35,33,6,0,59,35,26,12,4,11,0,5,5,0,0,0,0,0,0
G36004700331,1970,1,2,New York,36,Kings,047,,,0331,A,5600,,Tract  331,0,1,G,33,35,41,60,57,103,92,93,99,79,149,109,153,33,10,54,79,41,12,31,80,32,45,19,9,0,15,0,0,0
G36004700333,1970,1,2,New York,36,Kings,047,,,0333,A,5600,,Tract  333,0,1,G,41,35,23,39,32,88,80,56,73,104,160,138,179,72,2,50,22,28,30,47,40,63,25,18,11,16,15,0,0,0
G36004700335,1970,1,2,New York,36,Kings,047,,,0335,A,5600,,Tract  335,0,1,G,59,9,11,33,19,26,66,59,60,13,117,51,159,69,10,23,22,34,40,32,76,16,24,41,6,10,20,12,0,0
G36004700336,1970,1,2,New York,36,Kings,047,,,0336,A,5600,,Tract  336,0,1,G,35,44,63,28,65,44,54,92,78,79,151,171,286,84,4,88,217,87,76,34,21,19,20,8,15,14,27,7,0,0
G36004700337,1970,1,2,New York,36,Kings,047,,,0337,A,5600,,Tract  337,0,1,G,45,26,66,126,55,97,98,110,105,74,139,144,93,11,10,117,114,67,52,63,58,69,16,23,11,5,0,0,0,0
G36004700339,1970,1,2,New York,36,Kings,047,,,0339,A,5600,,Tract  339,0,1,G,50,47,39,86,71,92,161,89,96,88,123,148,97,9,0,135,27,62,46,74,27,60,58,19,12,42,6,13,0,0
G36004700340,1970,1,2,New York,36,Kings,047,,,0340,A,5600,,Tract  340,0,1,G,17,36,49,13,19,12,16,108,40,67,103,104,97,7,5,38,30,16,17,8,5,0,8,4,0,0,4,3,0,0
G36004700341,1970,1,2,New York,36,Kings,047,,,0341,A,5600,,Tract  341,0,1,G,58,39,23,118,97,34,41,64,28,56,94,92,110,0,14,23,6,22,31,54,47,94,29,15,13,0,4,0,0,0
G36004700342,1970,1,2,New York,36,Kings,047,,,0342,A,5600,,Tract  342,0,1,G,61,54,64,33,124,92,104,82,56,50,57,76,54,12,0,183,192,63,36,33,29,31,25,4,4,0,7,0,0,0
G36004700343,1970,1,2,New York,36,Kings,047,,,0343,A,5600,,Tract  343,0,1,G,126,98,118,161,138,190,209,105,136,178,128,100,73,9,10,77,98,70,57,76,39,25,38,28,0,6,5,0,0,9
G36004700345,1970,1,2,New York,36,Kings,047,,,0345,A,5600,,Tract  345,0,1,G,38,16,53,31,55,79,58,72,76,39,110,60,102,12,0,49,17,14,55,20,2,32,20,21,46,8,0,0,1,0
G36004700347,1970,1,2,New York,36,Kings,047,,,0347,A,5600,,Tract  347,0,1,G,37,36,82,72,53,118,88,60,80,70,93,68,55,5,19,64,36,21,65,63,54,10,20,32,25,17,5,0,0,0
G3600470034801,1970,1,2,New York,36,Kings,047,,,034801,A,5600,,Tract  348.01,0,1,G,5,15,15,5,12,27,33,16,6,0,41,14,32,0,7,7,22,0,0,0,0,0,8,0,9,0,0,0,0,0
G3600470034802,1970,1,2,New York,36,Kings,047,,,034802,A,5600,,Tract  348.02,0,1,G,11,18,19,21,17,32,23,10,8,10,34,10,20,0,0,76,25,26,3,8,18,8,9,15,4,0,0,4,0,0
G36004700349,1970,1,2,New York,36,Kings,047,,,0349,A,5600,,Tract  349,0,1,G,113,72,66,89,128,140,168,134,111,93,182,166,98,13,0,106,68,86,58,23,43,92,56,12,27,25,5,0,0,0
G36004700350,1970,1,2,New York,36,Kings,047,,,0350,A,5600,,Tract  350,0,1,G,0,14,51,102,42,62,80,115,97,89,221,183,236,27,0,19,94,63,34,8,14,20,7,8,7,4,11,0,0,0
G36004700351,1970,1,2,New York,36,Kings,047,,,0351,A,5600,,Tract  351,0,1,G,73,39,113,111,138,87,123,101,89,55,145,149,104,22,0,98,57,36,57,34,63,41,5,13,25,10,0,0,0,0
G36004700352,1970,1,2,New York,36,Kings,047,,,0352,A,5600,,Tract  352,0,1,G,15,15,55,49,36,6,5,14,0,9,7,0,13,0,0,112,221,41,31,25,18,0,13,0,10,0,6,0,0,0
G36004700353,1970,1,2,New York,36,Kings,047,,,0353,A,5600,,Tract  353,0,1,G,78,47,59,90,163,106,126,136,74,68,154,214,126,10,5,160,50,86,61,83,47,39,14,32,5,19,6,0,0,0
G36004700354,1970,1,2,New York,36,Kings,047,,,0354,A,5600,,Tract  354,0,1,G,88,43,64,68,52,78,118,116,181,198,377,474,578,123,0,104,108,67,32,6,38,16,11,10,5,5,0,0,0,0
G36004700355,1970,1,2,New York,36,Kings,047,,,0355,A,5600,,Tract  355,0,1,G,80,59,52,50,111,109,117,107,66,111,171,156,143,13,4,139,41,90,33,67,79,50,40,38,4,13,9,0,0,0
G36004700356,1970,1,2,New York,36,Kings,047,,,0356,A,5600,,Tract  356,0,1,G,57,65,132,85,165,158,194,178,212,242,438,479,733,126,6,155,214,173,35,60,59,26,34,6,26,4,10,4,0,0
G36004700357,1970,1,2,New York,36,Kings,047,,,0357,A,5600,,Tract  357,0,1,G,85,46,36,40,67,76,80,75,33,63,92,68,73,4,7,47,54,31,25,43,26,30,10,11,11,5,0,5,0,0
G36004700359,1970,1,2,New York,36,Kings,047,,,0359,A,5600,,Tract  359,0,1,G,134,81,124,115,171,231,151,110,102,79,134,144,144,13,0,276,139,78,57,63,75,49,19,18,34,33,0,0,0,0
G3600470036001,1970,1,2,New York,36,Kings,047,,,036001,A,5600,,Tract  360.01,0,1,G,21,57,151,64,84,75,65,56,44,32,60,100,136,41,5,84,192,108,36,62,49,21,23,17,9,19,17,18,0,0
G3600470036002,1970,1,2,New York,36,Kings,047,,,036002,A,5600,,Tract  360.02,0,1,G,16,70,141,118,128,77,87,97,66,47,150,156,180,17,0,107,385,114,86,28,42,23,19,15,5,14,13,0,0,0
G36004700361,1970,1,2,New York,36,Kings,047,,,0361,A,5600,,Tract  361,0,1,G,134,43,119,119,104,88,72,52,53,30,53,51,36,0,9,59,46,41,14,14,20,4,10,0,3,0,0,0,0,0
G36004700362,1970,1,2,New York,36,Kings,047,,,0362,A,5600,,Tract  362,0,1,G,20,20,46,67,46,53,64,53,60,10,78,65,94,13,0,218,392,178,70,58,56,21,32,7,24,34,7,0,0,4
G36004700363,1970,1,2,New York,36,Kings,047,,,0363,A,5600,,Tract  363,0,1,G,174,69,242,186,104,203,148,100,111,55,93,47,82,8,0,49,85,68,19,23,31,23,15,7,0,0,0,0,0,0
G36004700364,1970,1,2,New York,36,Kings,047,,,0364,A,5600,,Tract  364,0,1,G,10,14,72,42,35,27,54,59,47,48,117,143,132,40,4,55,62,34,63,14,34,10,14,6,0,17,0,0,0,0
G3600470036501,1970,1,2,New York,36,Kings,047,,,036501,A,5600,,Tract  365.01,0,1,G,45,49,63,29,51,75,84,79,109,46,94,116,66,0,8,39,45,27,19,32,62,48,20,18,6,15,0,0,4,0
G3600470036502,1970,1,2,New York,36,Kings,047,,,036502,A,5600,,Tract  365.02,0,1,G,36,16,7,9,30,24,5,42,29,24,22,15,39,0,0,16,16,25,5,0,5,10,0,0,0,0,0,0,0,0
G36004700366,1970,1,2,New York,36,Kings,047,,,0366,A,5600,,Tract  366,0,1,G,23,35,73,37,38,52,60,90,53,54,130,107,173,39,0,76,97,52,47,33,31,19,31,11,19,12,5,0,0,0
G36004700367,1970,1,2,New York,36,Kings,047,,,0367,A,5600,,Tract  367,0,1,G,34,0,16,35,33,41,21,53,27,8,66,23,44,0,0,35,45,6,0,6,5,0,0,12,0,0,5,0,0,0
G36004700369,1970,1,2,New York,36,Kings,047,,,0369,A,5600,,Tract  369,0,1,G,180,80,129,251,212,217,140,108,142,87,83,110,77,11,13,122,115,51,72,24,52,16,10,19,13,7,0,0,0,0
G36004700370,1970,1,2,New York,36,Kings,047,,,0370,A,5600,,Tract  370,0,1,G,25,10,41,27,34,59,80,49,69,42,202,213,432,61,28,89,54,42,21,5,18,19,5,5,0,11,5,0,0,0
G36004700371,1970,1,2,New York,36,Kings,047,,,0371,A,5600,,Tract  371,0,1,G,107,49,144,156,190,121,158,80,69,54,85,114,81,12,0,103,56,25,36,26,33,29,3,20,0,0,0,4,0,0
G36004700373,1970,1,2,New York,36,Kings,047,,,0373,A,5600,,Tract  373,0,1,G,92,52,87,155,103,109,124,78,60,62,115,108,79,8,0,96,32,75,57,73,66,46,28,5,18,4,18,0,0,0
G36004700374,1970,1,2,New York,36,Kings,047,,,0374,A,5600,,Tract  374,0,1,G,74,91,92,98,87,123,174,194,182,163,379,536,683,140,3,151,138,92,29,40,44,55,54,33,12,89,27,35,5,0
G36004700375,1970,1,2,New York,36,Kings,047,,,0375,A,5600,,Tract  375,0,1,G,98,58,84,143,116,123,58,88,70,34,98,104,32,5,6,43,63,55,9,38,35,37,13,8,3,10,0,0,0,0
G36004700377,1970,1,2,New York,36,Kings,047,,,0377,A,5600,,Tract  377,0,1,G,93,35,67,78,76,96,87,81,144,87,173,178,70,6,0,36,107,56,58,47,46,49,11,14,0,17,7,0,0,0
G36004700379,1970,1,2,New York,36,Kings,047,,,0379,A,5600,,Tract  379,0,1,G,187,82,136,111,135,87,102,46,65,66,79,46,59,11,5,97,62,97,55,51,26,33,16,5,0,9,5,0,0,6
G36004700381,1970,1,2,New York,36,Kings,047,,,0381,A,5600,,Tract  381,0,1,G,97,37,123,109,197,122,187,140,108,115,185,159,84,13,17,109,114,74,35,19,50,44,45,22,4,0,0,8,0,0
G36004700382,1970,1,2,New York,36,Kings,047,,,0382,A,5600,,Tract  382,0,1,G,73,53,95,124,95,203,179,137,157,128,241,156,81,10,0,48,80,35,11,12,5,13,0,0,0,0,7,0,0,0
G36004700383,1970,1,2,New York,36,Kings,047,,,0383,A,5600,,Tract  383,0,1,G,54,36,88,82,113,114,70,119,130,50,117,136,175,11,0,80,148,94,74,62,58,50,41,14,5,4,25,11,6,0
G36004700385,1970,1,2,New York,36,Kings,047,,,0385,A,5600,,Tract  385,0,1,G,169,73,105,36,48,115,97,85,104,58,131,63,77,6,0,91,106,55,35,50,35,50,12,4,9,7,4,14,0,0
G36004700386,1970,1,2,New York,36,Kings,047,,,0386,A,5600,,Tract  386,0,1,G,25,16,18,34,48,35,20,66,67,42,156,166,171,15,0,34,52,7,0,0,7,10,15,15,15,4,0,0,0,0
G36004700387,1970,1,2,New York,36,Kings,047,,,0387,A,5600,,Tract  387,0,1,G,137,31,65,65,117,104,90,79,65,48,95,59,67,9,0,95,59,56,61,21,31,18,17,10,0,0,0,0,0,0
G36004700388,1970,1,2,New York,36,Kings,047,,,0388,A,5600,,Tract  388,0,1,G,19,43,36,27,48,53,86,91,112,110,200,261,303,23,12,17,84,26,33,11,13,5,0,0,15,0,0,0,8,0
G36004700389,1970,1,2,New York,36,Kings,047,,,0389,A,5600,,Tract  389,0,1,G,83,23,86,199,125,122,100,56,23,41,28,17,37,6,0,35,29,28,35,23,18,0,0,0,0,6,0,0,0,0
G36004700390,1970,1,2,New York,36,Kings,047,,,0390,A,5600,,Tract  390,0,1,G,5,35,20,17,13,27,46,45,30,45,110,102,196,42,0,27,40,8,0,8,6,6,6,11,0,5,0,0,0,0
G36004700391,1970,1,2,New York,36,Kings,047,,,0391,A,5600,,Tract  391,0,1,G,64,31,65,122,97,58,81,27,37,13,56,31,20,0,0,25,35,9,18,25,0,11,0,8,0,0,0,0,0,0
G36004700392,1970,1,2,New York,36,Kings,047,,,0392,A,5600,,Tract  392,0,1,G,25,24,58,27,48,81,53,34,34,51,117,212,161,22,15,21,35,20,24,7,10,27,18,15,0,6,0,0,0,0
G36004700393,1970,1,2,New York,36,Kings,047,,,0393,A,5600,,Tract  393,0,1,G,48,60,106,64,106,89,107,87,88,39,58,69,23,5,0,75,48,57,40,36,16,17,11,4,4,0,5,0,0,0
G36004700394,1970,1,2,New York,36,Kings,047,,,0394,A,5600,,Tract  394,0,1,G,44,6,25,12,51,41,44,47,43,49,140,123,119,23,4,30,56,0,42,4,0,16,10,5,6,12,0,6,0,0
G36004700395,1970,1,2,New York,36,Kings,047,,,0395,A,5600,,Tract  395,0,1,G,45,23,63,47,81,119,146,101,70,41,97,57,91,0,5,50,51,41,26,25,17,36,30,3,0,0,0,0,0,0
G36004700396,1970,1,2,New York,36,Kings,047,,,0396,A,5600,,Tract  396,0,1,G,0,25,25,14,29,43,38,58,65,56,115,88,132,22,0,29,28,23,6,6,6,24,0,6,6,5,0,0,0,0
G36004700397,1970,1,2,New York,36,Kings,047,,,0397,A,5600,,Tract  397,0,1,G,109,63,73,96,75,97,104,137,96,77,96,108,126,11,0,31,31,76,44,31,19,36,17,0,20,5,0,0,0,0
G36004700398,1970,1,2,New York,36,Kings,047,,,0398,A,5600,,Tract  398,0,1,G,21,0,36,41,26,55,39,94,45,59,71,93,128,12,0,37,21,22,0,4,0,5,0,0,0,7,0,0,0,0
G36004700399,1970,1,2,New York,36,Kings,047,,,0399,A,5600,,Tract  399,0,1,G,111,67,78,100,48,102,101,83,80,105,113,57,82,15,0,55,55,40,20,64,26,12,13,15,5,0,6,11,0,0
G36004700400,1970,1,2,New York,36,Kings,047,,,0400,A,5600,,Tract  400,0,1,G,28,29,12,29,25,44,44,56,89,73,189,151,192,12,4,46,72,11,3,10,0,6,0,10,6,0,0,0,0,0
G36004700401,1970,1,2,New York,36,Kings,047,,,0401,A,5600,,Tract  401,0,1,G,140,33,82,84,114,174,93,129,56,44,92,109,52,6,0,88,26,39,49,15,30,32,25,0,3,3,0,4,0,0
G36004700402,1970,1,2,New York,36,Kings,047,,,0402,A,5600,,Tract  402,0,1,G,26,18,38,31,28,52,50,51,52,58,116,76,110,5,0,27,28,15,19,0,6,17,0,0,0,6,4,0,0,0
G36004700403,1970,1,2,New York,36,Kings,047,,,0403,A,5600,,Tract  403,0,1,G,26,51,67,102,77,124,74,54,100,60,127,122,106,0,7,75,39,33,29,29,30,14,14,6,7,0,0,0,0,0
G36004700404,1970,1,2,New York,36,Kings,047,,,0404,A,5600,,Tract  404,0,1,G,13,20,13,24,29,40,25,35,31,62,121,124,119,11,0,6,18,58,0,0,0,4,16,0,6,7,0,0,0,0
G36004700405,1970,1,2,New York,36,Kings,047,,,0405,A,5600,,Tract  405,0,1,G,123,15,47,45,67,38,59,54,67,25,39,84,57,6,0,52,45,13,0,7,18,7,8,0,13,8,0,0,0,0
G36004700406,1970,1,2,New York,36,Kings,047,,,0406,A,5600,,Tract  406,0,1,G,19,44,43,46,43,50,83,84,73,43,171,103,148,36,0,12,53,38,17,5,6,0,7,0,6,5,0,0,0,0
G36004700408,1970,1,2,New York,36,Kings,047,,,0408,A,5600,,Tract  408,0,1,G,38,0,34,5,10,78,91,98,72,87,80,147,129,11,6,37,25,36,5,5,5,10,16,0,0,5,5,0,0,0
G36004700409,1970,1,2,New York,36,Kings,047,,,0409,A,5600,,Tract  409,0,1,G,98,12,59,89,82,144,109,109,101,87,93,71,48,22,6,55,65,45,43,40,29,5,18,9,5,0,5,0,0,0
G36004700410,1970,1,2,New York,36,Kings,047,,,0410,A,5600,,Tract  410,0,1,G,5,18,23,22,15,21,13,61,52,33,69,84,160,29,0,11,34,19,14,0,8,5,0,5,4,0,4,0,0,0
G36004700411,1970,1,2,New York,36,Kings,047,,,0411,A,5600,,Tract  411,0,1,G,159,34,61,120,66,95,74,75,59,55,97,110,73,5,0,57,23,11,35,37,44,12,4,12,0,6,5,0,0,0
G36004700412,1970,1,2,New York,36,Kings,047,,,0412,A,5600,,Tract  412,0,1,G,20,23,29,24,30,56,34,73,67,62,97,128,141,31,0,44,51,17,13,5,9,4,4,5,0,4,0,0,4,0
G36004700413,1970,1,2,New York,36,Kings,047,,,0413,A,5600,,Tract  413,0,1,G,137,12,87,122,69,68,99,104,62,75,118,110,81,11,4,49,59,74,20,37,29,22,15,9,11,6,8,6,0,0
G3600470041401,1970,1,2,New York,36,Kings,047,,,041401,A,5600,,Tract  414.01,0,1,G,10,14,14,28,0,12,17,31,18,40,86,74,97,22,4,19,0,33,17,0,5,4,17,4,0,10,5,0,0,0
G3600470041402,1970,1,2,New York,36,Kings,047,,,041402,A,5600,,Tract  414.02,0,1,G,17,18,22,5,37,37,8,22,25,35,50,57,157,58,17,11,45,12,16,10,0,8,17,0,0,0,11,0,0,0
G36004700415,1970,1,2,New York,36,Kings,047,,,0415,A,5600,,Tract  415,0,1,G,121,30,94,157,92,132,112,101,123,98,115,107,61,9,0,49,39,54,22,47,13,19,7,0,5,6,0,0,0,0
G36004700416,1970,1,2,New York,36,Kings,047,,,0416,A,5600,,Tract  416,0,1,G,29,34,4,17,37,19,62,25,59,31,134,143,116,30,12,32,32,36,4,0,16,5,17,6,0,0,0,6,0,0
G36004700417,1970,1,2,New York,36,Kings,047,,,0417,A,5600,,Tract  417,0,1,G,203,66,83,108,188,161,118,82,67,62,111,43,33,0,0,50,24,24,26,28,39,28,5,6,0,3,0,0,0,0
G36004700418,1970,1,2,New York,36,Kings,047,,,0418,A,5600,,Tract  418,0,1,G,33,40,17,25,35,39,22,70,61,46,84,72,136,32,0,90,56,7,30,0,14,11,14,0,9,10,0,5,0,0
G36004700419,1970,1,2,New York,36,Kings,047,,,0419,A,5600,,Tract  419,0,1,G,159,53,119,119,107,186,107,126,62,120,156,85,67,6,5,60,73,60,28,20,35,4,0,15,0,4,0,0,0,0
G36004700420,1970,1,2,New York,36,Kings,047,,,0420,A,5600,,Tract  420,0,1,G,5,0,35,11,25,14,36,4,24,38,74,68,65,14,0,28,37,12,0,11,0,0,0,27,0,0,3,3,5,0
G36004700421,1970,1,2,New York,36,Kings,047,,,0421,A,5600,,Tract  421,0,1,G,140,60,123,104,141,80,146,125,103,57,98,158,97,0,0,42,44,60,22,10,16,10,15,0,0,6,0,0,0,0
G36004700422,1970,1,2,New York,36,Kings,047,,,0422,A,5600,,Tract  422,0,1,G,33,26,34,52,28,69,46,49,68,55,142,130,213,52,9,34,72,51,10,10,21,12,23,13,6,10,0,0,0,0
G36004700423,1970,1,2,New York,36,Kings,047,,,0423,A,5600,,Tract  423,0,1,G,84,49,102,85,107,100,112,83,101,73,72,66,84,0,0,64,74,66,36,15,7,0,0,0,13,7,0,0,0,0
G36004700424,1970,1,2,New York,36,Kings,047,,,0424,A,5600,,Tract  424,0,1,G,29,24,58,11,22,72,24,66,63,88,149,175,188,55,21,31,46,54,18,29,27,16,0,5,31,13,7,0,0,0
G36004700425,1970,1,2,New York,36,Kings,047,,,0425,A,5600,,Tract  425,0,1,G,51,40,81,65,87,50,64,80,40,46,59,33,36,0,0,53,51,36,44,0,12,0,0,8,0,5,0,0,0,0
G36004700426,1970,1,2,New York,36,Kings,047,,,0426,A,5600,,Tract  426,0,1,G,27,15,40,29,39,56,95,62,91,149,126,128,149,20,0,64,56,47,18,25,17,11,19,12,11,23,0,0,6,0
G36004700427,1970,1,2,New York,36,Kings,047,,,0427,A,5600,,Tract  427,0,1,G,83,118,122,152,109,137,124,112,130,116,152,86,134,34,0,68,132,40,26,38,23,20,0,25,6,20,0,0,0,6
G36004700428,1970,1,2,New York,36,Kings,047,,,0428,A,5600,,Tract  428,0,1,G,21,14,39,50,46,41,47,47,72,58,161,208,238,48,6,39,43,18,22,20,14,18,12,9,8,0,7,6,0,0
G36004700429,1970,1,2,New York,36,Kings,047,,,0429,A,5600,,Tract  429,0,1,G,46,59,50,158,125,106,140,123,111,123,147,76,67,4,0,100,82,46,21,71,11,8,23,10,4,8,10,0,0,0
G36004700430,1970,1,2,New York,36,Kings,047,,,0430,A,5600,,Tract  430,0,1,G,19,25,59,54,35,72,63,87,87,87,154,124,130,25,0,50,86,35,16,22,25,5,4,5,17,14,5,11,0,0
G36004700431,1970,1,2,New York,36,Kings,047,,,0431,A,5600,,Tract  431,0,1,G,106,44,89,123,122,177,175,142,122,92,164,124,107,0,5,74,160,98,28,32,8,16,4,16,7,5,5,0,0,0
G36004700432,1970,1,2,New York,36,Kings,047,,,0432,A,5600,,Tract  432,0,1,G,36,17,51,65,59,57,105,73,36,74,136,120,214,19,0,48,77,66,27,24,40,18,13,12,0,19,5,5,0,0
G36004700433,1970,1,2,New York,36,Kings,047,,,0433,A,5600,,Tract  433,0,1,G,166,78,117,194,204,142,109,183,115,100,163,141,98,0,6,49,128,46,69,38,5,19,34,17,6,9,0,0,0,0
G36004700434,1970,1,2,New York,36,Kings,047,,,0434,A,5600,,Tract  434,0,1,G,5,40,40,64,42,28,38,47,60,46,134,136,161,45,0,47,49,39,31,0,15,3,12,32,7,4,0,3,3,0
G36004700435,1970,1,2,New York,36,Kings,047,,,0435,A,5600,,Tract  435,0,1,G,109,32,74,114,126,118,156,76,94,72,134,73,88,6,0,47,39,51,7,12,34,9,5,5,3,0,0,0,0,0
G36004700436,1970,1,2,New York,36,Kings,047,,,0436,A,5600,,Tract  436,0,1,G,41,28,55,70,79,59,87,64,69,116,202,163,153,34,6,64,52,75,37,27,12,17,32,6,16,10,7,0,0,0
G36004700437,1970,1,2,New York,36,Kings,047,,,0437,A,5600,,Tract  437,0,1,G,123,38,55,102,87,86,98,78,76,59,88,56,56,0,0,40,48,54,5,17,0,20,28,12,5,11,0,0,0,0
G36004700438,1970,1,2,New York,36,Kings,047,,,0438,A,5600,,Tract  438,0,1,G,6,0,26,42,29,72,63,25,39,36,80,60,203,45,6,42,80,30,14,11,26,27,16,4,4,9,0,4,0,0
G36004700439,1970,1,2,New York,36,Kings,047,,,0439,A,5600,,Tract  439,0,1,G,40,27,40,56,56,91,75,80,45,60,70,141,59,12,0,19,102,35,29,17,24,31,7,8,13,14,5,0,0,0
G36004700440,1970,1,2,New York,36,Kings,047,,,0440,A,5600,,Tract  440,0,1,G,16,23,24,39,35,68,42,34,52,67,133,110,203,46,6,15,54,12,23,12,8,13,17,0,4,19,7,0,0,0
G36004700441,1970,1,2,New York,36,Kings,047,,,0441,A,5600,,Tract  441,0,1,G,45,40,46,105,131,88,123,121,123,78,150,126,107,8,0,69,165,78,43,24,31,17,19,8,4,11,5,0,0,0
G36004700442,1970,1,2,New York,36,Kings,047,,,0442,A,5600,,Tract  442,0,1,G,20,6,9,24,23,24,44,24,72,61,107,118,200,61,24,23,25,6,31,20,0,10,8,0,0,6,0,0,0,0
G36004700443,1970,1,2,New York,36,Kings,047,,,0443,A,5600,,Tract  443,0,1,G,42,51,66,101,52,88,114,93,138,84,213,158,159,28,0,104,149,61,76,51,53,43,23,15,9,4,8,0,0,0
G36004700444,1970,1,2,New York,36,Kings,047,,,0444,A,5600,,Tract  444,0,1,G,48,17,33,54,34,70,29,57,60,74,109,113,250,82,5,78,52,12,4,10,20,16,6,7,0,17,0,0,0,0
G36004700445,1970,1,2,New York,36,Kings,047,,,0445,A,5600,,Tract  445,0,1,G,52,45,55,67,83,88,80,54,94,66,130,104,146,9,0,36,70,55,48,30,40,9,13,9,0,0,0,0,0,0
G36004700446,1970,1,2,New York,36,Kings,047,,,0446,A,5600,,Tract  446,0,1,G,7,12,13,29,15,10,17,32,37,15,106,71,102,6,0,14,71,8,0,0,0,0,5,4,0,0,5,0,0,0
G36004700447,1970,1,2,New York,36,Kings,047,,,0447,A,5600,,Tract  447,0,1,G,25,15,7,30,42,28,43,42,58,20,79,42,57,10,0,45,29,13,30,5,14,5,0,6,7,0,0,0,0,0
G36004700448,1970,1,2,New York,36,Kings,047,,,0448,A,5600,,Tract  448,0,1,G,4,0,18,11,20,34,27,27,40,31,41,86,95,34,0,8,24,21,19,0,0,8,8,5,10,9,0,5,0,0
G36004700450,1970,1,2,New York,36,Kings,047,,,0450,A,5600,,Tract  450,0,1,G,4,16,0,0,22,0,15,22,18,0,69,70,89,81,0,43,14,5,5,0,5,10,17,4,0,0,0,0,5,0
G36004700452,1970,1,2,New York,36,Kings,047,,,0452,A,5600,,Tract  452,0,1,G,10,12,14,12,21,16,37,37,78,30,108,129,213,104,10,21,14,20,10,10,11,4,5,28,6,0,11,5,0,0
G36004700453,1970,1,2,New York,36,Kings,047,,,0453,A,5600,,Tract  453,0,1,G,88,27,93,118,117,49,60,66,33,45,84,52,16,10,0,42,29,37,23,8,13,0,5,0,6,7,0,0,0,0
G36004700454,1970,1,2,New York,36,Kings,047,,,0454,A,5600,,Tract  454,0,1,G,15,17,23,14,19,50,27,20,29,37,69,53,140,30,5,5,47,9,21,4,21,11,10,9,5,0,5,4,0,0
G36004700456,1970,1,2,New York,36,Kings,047,,,0456,A,5600,,Tract  456,0,1,G,15,25,26,35,30,40,33,33,32,38,80,74,163,82,15,61,82,27,10,9,0,4,4,0,0,0,0,5,5,0
G36004700458,1970,1,2,New York,36,Kings,047,,,0458,A,5600,,Tract  458,0,1,G,6,4,4,8,10,10,14,16,5,0,21,64,187,132,82,14,4,19,4,18,5,17,0,0,0,0,0,11,0,0
G3600470046001,1970,1,2,New York,36,Kings,047,,,046001,A,5600,,Tract  460.01,0,1,G,27,0,40,30,13,55,34,72,62,45,96,123,140,33,6,19,83,26,13,9,24,0,18,15,11,5,4,7,0,0
G3600470046002,1970,1,2,New York,36,Kings,047,,,046002,A,5600,,Tract  460.02,0,1,G,8,0,0,6,0,4,5,0,0,10,0,9,39,27,14,11,0,0,7,6,0,0,0,0,0,4,0,0,0,0
G3600470046201,1970,1,2,New York,36,Kings,047,,,046201,A,5600,,Tract  462.01,0,1,G,17,21,20,16,16,18,51,33,80,11,97,140,172,56,10,42,14,21,34,11,31,0,28,12,0,17,7,6,0,0
G3600470046202,1970,1,2,New York,36,Kings,047,,,046202,A,5600,,Tract  462.02,0,1,G,5,6,0,11,4,6,14,5,37,24,54,98,143,54,10,15,15,5,15,5,5,10,11,5,5,0,5,5,0,0
G36004700464,1970,1,2,New York,36,Kings,047,,,0464,A,5600,,Tract  464,0,1,G,12,16,38,11,33,36,22,67,51,46,94,105,100,21,0,66,35,0,27,26,25,5,9,0,0,13,0,0,0,0
G36004700465,1970,1,2,New York,36,Kings,047,,,0465,A,5600,,Tract  465,0,1,G,46,26,29,64,37,103,69,32,72,47,68,52,25,7,0,23,29,15,16,9,5,0,16,0,0,0,0,0,0,0
G36004700468,1970,1,2,New York,36,Kings,047,,,0468,A,5600,,Tract  468,0,1,G,12,6,0,17,7,6,17,19,11,27,43,90,56,8,10,0,20,0,7,10,0,5,0,6,0,0,0,0,0,0
G36004700470,1970,1,2,New York,36,Kings,047,,,0470,A,5600,,Tract  470,0,1,G,9,22,35,42,25,31,25,83,11,54,152,118,134,15,0,13,44,12,17,11,5,0,0,0,0,0,0,5,0,0
G36004700472,1970,1,2,New York,36,Kings,047,,,0472,A,5600,,Tract  472,0,1,G,34,36,25,46,65,80,40,57,70,55,85,127,154,17,21,90,100,29,14,15,19,8,6,15,0,15,0,7,0,0
G36004700473,1970,1,2,New York,36,Kings,047,,,0473,A,5600,,Tract  473,0,1,G,0,14,0,9,3,27,37,26,9,15,32,17,60,0,0,16,27,0,5,5,9,0,0,0,11,0,0,0,0,0
G36004700474,1970,1,2,New York,36,Kings,047,,,0474,A,5600,,Tract  474,0,1,G,28,11,16,13,36,63,51,52,69,77,80,137,151,63,5,29,0,17,17,10,23,14,0,0,4,0,0,0,0,0
G36004700476,1970,1,2,New York,36,Kings,047,,,0476,A,5600,,Tract  476,0,1,G,13,17,68,38,35,35,83,37,85,63,94,145,180,27,20,25,31,10,28,21,5,44,6,0,0,5,0,0,0,0
G36004700477,1970,1,2,New York,36,Kings,047,,,0477,A,5600,,Tract  477,0,1,G,13,10,24,30,58,49,45,47,11,50,117,115,89,5,0,28,54,37,4,12,12,30,0,5,0,0,0,0,0,0
G36004700478,1970,1,2,New York,36,Kings,047,,,0478,A,5600,,Tract  478,0,1,G,59,25,80,37,61,40,75,51,83,75,178,127,134,29,0,23,84,47,26,29,29,46,32,17,10,4,21,0,0,0
G36004700480,1970,1,2,New York,36,Kings,047,,,0480,A,5600,,Tract  480,0,1,G,14,34,42,26,46,15,22,46,67,71,126,113,96,26,0,32,38,24,6,14,12,5,10,27,11,11,10,0,5,0
G36004700481,1970,1,2,New York,36,Kings,047,,,0481,A,5600,,Tract  481,0,1,G,4,12,40,34,39,52,75,69,63,67,115,87,50,0,0,50,69,22,34,33,30,14,4,16,0,26,0,0,0,0
G36004700482,1970,1,2,New York,36,Kings,047,,,0482,A,5600,,Tract  482,0,1,G,68,14,75,70,60,73,51,69,153,38,124,170,318,35,0,71,116,34,74,28,33,67,23,34,19,37,5,4,4,0
G36004700483,1970,1,2,New York,36,Kings,047,,,0483,A,5600,,Tract  483,0,1,G,20,5,30,12,34,43,53,65,17,13,38,44,24,5,0,20,30,11,15,7,0,0,4,0,0,0,0,0,0,0
G36004700484,1970,1,2,New York,36,Kings,047,,,0484,A,5600,,Tract  484,0,1,G,16,24,63,95,43,47,68,75,79,77,193,186,271,65,4,57,52,50,28,35,30,39,34,16,18,22,8,4,0,0
G36004700486,1970,1,2,New York,36,Kings,047,,,0486,A,5600,,Tract  486,0,1,G,30,16,47,59,38,38,47,43,65,99,106,77,81,11,0,57,63,26,21,11,15,24,15,0,11,12,6,0,0,0
G36004700487,1970,1,2,New York,36,Kings,047,,,0487,A,5600,,Tract  487,0,1,G,14,25,64,88,92,72,42,58,47,6,43,52,12,0,12,71,40,19,16,0,9,5,0,0,17,0,0,0,0,0
G36004700488,1970,1,2,New York,36,Kings,047,,,0488,A,5600,,Tract  488,0,1,G,12,16,27,30,23,35,28,73,67,82,152,143,248,129,32,40,65,25,30,16,70,37,26,5,5,9,6,21,0,4
G36004700489,1970,1,2,New York,36,Kings,047,,,0489,A,5600,,Tract  489,0,1,G,57,61,37,96,123,132,149,128,122,68,147,69,123,3,22,67,64,6,25,8,8,19,0,9,3,0,0,0,0,0
G36004700490,1970,1,2,New York,36,Kings,047,,,0490,A,5600,,Tract  490,0,1,G,24,25,53,52,49,68,98,68,92,100,204,270,414,132,13,54,102,66,24,74,62,55,32,30,22,38,0,10,10,0
G36004700491,1970,1,2,New York,36,Kings,047,,,0491,A,5600,,Tract  491,0,1,G,25,34,118,84,172,154,146,122,116,166,170,217,188,23,6,64,91,72,95,48,65,84,58,43,17,19,10,0,0,0
G36004700492,1970,1,2,New York,36,Kings,047,,,0492,A,5600,,Tract  492,0,1,G,34,26,40,30,18,24,65,104,56,61,86,145,151,35,0,86,65,25,21,19,19,14,33,10,10,5,12,8,0,0
G36004700493,1970,1,2,New York,36,Kings,047,,,0493,A,5600,,Tract  493,0,1,G,128,113,159,228,199,166,152,140,130,103,75,60,145,5,0,141,198,113,57,15,29,23,30,6,7,0,7,7,0,0
G36004700494,1970,1,2,New York,36,Kings,047,,,0494,A,5600,,Tract  494,0,1,G,16,30,59,59,34,55,75,77,64,81,186,264,380,101,14,84,81,69,9,26,39,54,39,28,39,54,25,15,5,0
G36004700495,1970,1,2,New York,36,Kings,047,,,0495,A,5600,,Tract  495,0,1,G,35,24,44,28,81,44,56,71,55,66,90,78,63,9,0,60,32,25,29,32,40,19,24,9,0,6,0,0,0,0
G36004700496,1970,1,2,New York,36,Kings,047,,,0496,A,5600,,Tract  496,0,1,G,47,36,46,49,60,34,47,88,61,57,161,184,178,41,0,43,70,63,13,23,26,38,32,5,17,9,15,0,0,0
G36004700497,1970,1,2,New York,36,Kings,047,,,0497,A,5600,,Tract  497,0,1,G,34,28,25,41,32,110,120,68,80,79,138,101,92,16,0,30,68,49,21,13,20,17,0,4,4,4,0,0,0,0
G36004700498,1970,1,2,New York,36,Kings,047,,,0498,A,5600,,Tract  498,0,1,G,27,25,37,26,77,39,50,48,96,54,153,209,261,83,0,39,49,21,39,26,45,29,20,16,20,17,10,23,0,0
G36004700499,1970,1,2,New York,36,Kings,047,,,0499,A,5600,,Tract  499,0,1,G,19,23,23,5,24,20,22,41,47,57,89,117,85,9,0,18,52,20,14,11,5,0,4,4,8,5,8,4,0,0
G36004700500,1970,1,2,New York,36,Kings,047,,,0500,A,5600,,Tract  500,0,1,G,9,36,32,24,32,53,102,56,69,58,204,156,227,89,3,81,54,19,18,49,30,22,31,41,17,23,0,17,13,0
G36004700501,1970,1,2,New York,36,Kings,047,,,0501,A,5600,,Tract  501,0,1,G,47,44,52,71,56,56,67,74,95,42,135,137,131,27,16,41,70,22,28,9,13,23,0,4,10,5,6,9,4,0
G3600470050201,1970,1,2,New York,36,Kings,047,,,050201,A,5600,,Tract  502.01,0,1,G,12,5,17,21,36,28,20,9,54,48,101,38,127,20,0,17,17,6,17,11,16,12,0,0,0,0,0,5,0,0
G3600470050202,1970,1,2,New York,36,Kings,047,,,050202,A,5600,,Tract  502.02,0,1,G,30,20,26,30,14,26,34,29,50,52,76,110,171,77,0,46,62,6,18,18,16,5,27,10,0,0,11,6,0,0
G36004700503,1970,1,2,New York,36,Kings,047,,,0503,A,5600,,Tract  503,0,1,G,20,9,54,47,37,66,130,65,96,54,108,82,104,0,0,38,39,36,14,9,27,13,9,9,6,17,0,0,4,0
G36004700504,1970,1,2,New York,36,Kings,047,,,0504,A,5600,,Tract  504,0,1,G,10,22,49,50,57,54,79,64,104,71,175,280,271,70,23,40,68,37,44,45,54,29,28,16,22,47,52,43,0,0
G36004700505,1970,1,2,New York,36,Kings,047,,,0505,A,5600,,Tract  505,0,1,G,107,64,124,109,100,118,179,111,72,54,78,75,60,14,5,158,120,80,43,33,39,13,19,15,14,7,0,0,0,0
G36004700506,1970,1,2,New York,36,Kings,047,,,0506,A,5600,,Tract  506,0,1,G,62,44,54,59,76,63,97,105,74,83,160,184,207,93,13,56,122,71,57,32,74,32,29,53,20,41,28,15,0,0
G36004700507,1970,1,2,New York,36,Kings,047,,,0507,A,5600,,Tract  507,0,1,G,79,26,33,108,93,47,36,52,19,20,22,28,2,0,0,47,52,25,27,8,17,24,39,4,9,0,0,12,0,0
G36004700508,1970,1,2,New York,36,Kings,047,,,0508,A,5600,,Tract  508,0,1,G,39,101,130,137,97,169,172,115,217,182,415,480,536,105,0,240,296,269,149,123,136,150,123,93,67,111,76,81,8,5
G36004700509,1970,1,2,New York,36,Kings,047,,,0509,A,5600,,Tract  509,0,1,G,25,51,22,63,26,44,31,44,5,17,6,25,8,0,0,23,20,15,16,8,10,4,7,0,0,0,0,0,0,0
G36004700510,1970,1,2,New York,36,Kings,047,,,0510,A,5600,,Tract  510,0,1,G,28,54,89,65,80,102,145,96,156,160,251,279,388,112,22,135,220,135,123,111,138,73,127,64,47,56,58,16,9,0
G36004700511,1970,1,2,New York,36,Kings,047,,,0511,A,5600,,Tract  511,0,1,G,47,72,96,136,130,160,126,113,101,29,129,148,92,14,0,65,59,72,57,49,24,26,15,39,14,32,0,0,0,5
G36004700512,1970,1,2,New York,36,Kings,047,,,0512,A,5600,,Tract  512,0,1,G,14,37,44,62,51,69,62,100,84,102,142,243,383,134,33,100,132,66,75,73,83,69,62,48,43,27,39,31,6,0
G36004700513,1970,1,2,New York,36,Kings,047,,,0513,A,5600,,Tract  513,0,1,G,80,77,155,198,158,174,98,86,119,64,67,90,46,16,0,89,65,53,80,11,34,6,5,0,12,0,0,0,5,0
G36004700514,1970,1,2,New York,36,Kings,047,,,0514,A,5600,,Tract  514,0,1,G,32,23,42,41,72,43,57,63,57,133,215,246,414,156,30,102,114,134,97,88,94,96,84,88,30,48,16,27,11,10
G36004700515,1970,1,2,New York,36,Kings,047,,,0515,A,5600,,Tract  515,0,1,G,0,6,13,15,13,24,28,46,38,16,34,26,54,17,0,0,10,5,8,26,10,4,5,0,0,0,0,0,0,0
G36004700516,1970,1,2,New York,36,Kings,047,,,0516,A,5600,,Tract  516,0,1,G,29,55,82,152,118,91,135,150,172,212,336,272,377,56,16,156,171,121,67,54,83,56,66,44,33,34,31,21,0,0
G36004700517,1970,1,2,New York,36,Kings,047,,,0517,A,5600,,Tract  517,0,1,G,4,6,24,43,24,32,46,18,49,43,42,29,51,5,0,41,20,41,29,23,17,15,4,0,8,5,4,0,0,0
G36004700518,1970,1,2,New York,36,Kings,047,,,0518,A,5600,,Tract  518,0,1,G,5,4,38,31,25,29,35,14,34,18,95,135,287,137,49,30,17,30,38,38,10,33,53,31,14,47,16,22,14,12
G36004700519,1970,1,2,New York,36,Kings,047,,,0519,A,5600,,Tract  519,0,1,G,18,23,62,68,110,88,98,49,61,81,107,128,68,17,0,62,95,54,27,47,39,15,14,16,5,0,5,0,0,0
G36004700520,1970,1,2,New York,36,Kings,047,,,0520,A,5600,,Tract  520,0,1,G,12,15,25,66,52,36,69,18,73,61,132,134,269,83,10,65,46,54,73,47,25,25,4,10,10,5,26,0,0,0
G36004700522,1970,1,2,New York,36,Kings,047,,,0522,A,5600,,Tract  522,0,1,G,0,0,0,10,12,5,10,0,15,12,9,49,29,65,25,12,9,9,19,15,6,14,5,6,0,0,0,0,7,0
G36004700523,1970,1,2,New York,36,Kings,047,,,0523,A,5600,,Tract  523,0,1,G,105,128,180,151,201,169,194,79,75,60,42,28,34,4,0,87,54,48,17,38,28,29,0,12,15,7,7,8,0,0
G36004700524,1970,1,2,New York,36,Kings,047,,,0524,A,5600,,Tract  524,0,1,G,5,10,9,20,23,24,13,31,40,44,43,106,142,88,31,28,28,27,22,0,5,7,16,0,6,0,22,0,6,0
G36004700525,1970,1,2,New York,36,Kings,047,,,0525,A,5600,,Tract  525,0,1,G,26,35,68,122,76,57,123,138,112,30,91,32,28,11,5,50,101,50,20,12,19,7,0,16,4,0,5,4,0,0
G36004700526,1970,1,2,New York,36,Kings,047,,,0526,A,5600,,Tract  526,0,1,G,24,20,4,24,43,36,57,61,79,59,155,200,348,95,21,45,70,39,38,23,50,31,24,22,28,44,14,9,13,8
G36004700527,1970,1,2,New York,36,Kings,047,,,0527,A,5600,,Tract  527,0,1,G,206,105,293,308,299,267,210,173,181,77,155,66,69,5,0,137,178,80,61,28,42,5,5,8,11,0,12,7,0,0
G36004700528,1970,1,2,New York,36,Kings,047,,,0528,A,5600,,Tract  528,0,1,G,0,12,16,9,39,9,29,29,18,21,51,82,142,53,29,29,20,37,20,15,4,5,5,16,4,0,5,10,0,0
G36004700529,1970,1,2,New York,36,Kings,047,,,0529,A,5600,,Tract  529,0,1,G,27,56,81,126,56,94,116,106,43,33,29,67,36,22,0,50,37,44,19,24,20,20,10,0,14,7,5,0,5,0
G36004700530,1970,1,2,New York,36,Kings,047,,,0530,A,5600,,Tract  530,0,1,G,4,33,12,33,14,37,32,75,62,64,124,130,218,82,0,53,25,42,51,71,0,37,17,32,24,17,0,0,0,0
G36004700531,1970,1,2,New York,36,Kings,047,,,0531,A,5600,,Tract  531,0,1,G,48,74,81,112,124,83,72,48,51,30,46,54,22,0,0,18,43,10,5,19,4,0,7,9,0,0,0,0,5,0
G36004700532,1970,1,2,New York,36,Kings,047,,,0532,A,5600,,Tract  532,0,1,G,16,5,6,9,12,10,39,39,43,39,83,115,211,87,7,55,47,15,15,48,35,18,20,0,15,5,11,11,0,0
G36004700533,1970,1,2,New York,36,Kings,047,,,0533,A,5600,,Tract  533,0,1,G,138,94,127,146,152,198,141,109,108,61,144,113,90,23,0,55,74,28,29,57,20,18,24,0,0,10,0,5,0,0
G36004700534,1970,1,2,New York,36,Kings,047,,,0534,A,5600,,Tract  534,0,1,G,28,12,45,28,73,64,50,53,105,79,124,167,211,67,0,65,42,70,32,12,18,10,21,5,5,13,0,17,0,0
G36004700535,1970,1,2,New York,36,Kings,047,,,0535,A,5600,,Tract  535,0,1,G,75,38,113,57,119,134,106,133,96,77,65,77,29,5,0,66,51,12,29,11,24,10,5,26,5,5,0,0,0,0
G36004700536,1970,1,2,New York,36,Kings,047,,,0536,A,5600,,Tract  536,0,1,G,0,20,0,20,10,11,0,19,34,15,25,15,81,25,0,0,4,5,0,15,0,11,0,0,0,6,0,6,0,0
G36004700537,1970,1,2,New York,36,Kings,047,,,0537,A,5600,,Tract  537,0,1,G,76,26,41,55,60,64,28,26,4,30,13,5,30,0,0,16,4,0,13,0,7,6,0,5,0,13,0,0,0,0
G36004700538,1970,1,2,New York,36,Kings,047,,,0538,A,5600,,Tract  538,0,1,G,24,15,59,87,74,79,41,97,52,90,182,233,373,74,19,74,163,85,46,41,50,82,69,26,14,21,25,15,5,6
G36004700539,1970,1,2,New York,36,Kings,047,,,0539,A,5600,,Tract  539,0,1,G,23,13,13,45,25,21,14,23,46,18,23,23,7,10,0,28,13,12,6,7,0,7,0,6,0,0,0,0,0,0
G36004700540,1970,1,2,New York,36,Kings,047,,,0540,A,5600,,Tract  540,0,1,G,17,5,19,38,16,41,14,51,71,64,97,92,216,48,5,76,17,36,22,27,5,21,0,0,0,14,5,9,0,0
G36004700542,1970,1,2,New York,36,Kings,047,,,0542,A,5600,,Tract  542,0,1,G,25,23,19,35,22,49,69,31,77,57,186,139,280,45,0,84,95,42,15,18,11,26,14,15,4,14,9,6,8,0
G36004700543,1970,1,2,New York,36,Kings,047,,,0543,A,5600,,Tract  543,0,1,G,0,0,0,0,0,5,0,5,0,0,4,0,11,5,0,35,12,11,34,6,6,0,13,0,0,11,0,0,0,0
G3600470054399,1970,1,2,New York,36,Kings,047,,,054399,A,5600,,Tract  543.99,0,1,G,0,0,0,0,0,0,0,0,0,0,0,0,0,0,0,99,228,197,136,68,55,32,16,11,0,32,5,6,0,0
G36004700544,1970,1,2,New York,36,Kings,047,,,0544,A,5600,,Tract  544,0,1,G,30,21,11,38,34,41,32,83,72,59,121,162,268,86,5,44,55,26,28,32,18,32,18,37,22,4,23,14,0,0
G36004700545,1970,1,2,New York,36,Kings,047,,,0545,A,5600,,Tract  545,0,1,G,43,19,38,70,51,91,38,92,89,84,52,60,56,15,6,44,33,25,20,12,18,0,5,0,0,0,0,5,0,0
G36004700546,1970,1,2,New York,36,Kings,047,,,0546,A,5600,,Tract  546,0,1,G,17,26,47,24,113,45,70,59,61,76,170,204,320,62,5,78,111,55,22,43,40,19,30,16,16,21,30,34,0,0
G36004700547,1970,1,2,New York,36,Kings,047,,,0547,A,5600,,Tract  547,0,1,G,84,56,116,90,47,102,118,82,45,53,53,43,19,4,0,42,69,29,16,13,22,7,5,7,0,0,0,0,0,0
G36004700548,1970,1,2,New York,36,Kings,047,,,0548,A,5600,,Tract  548,0,1,G,0,0,17,6,21,29,9,0,41,25,80,113,138,113,19,15,24,8,14,30,4,10,5,0,4,9,6,0,0,0
G36004700549,1970,1,2,New York,36,Kings,047,,,0549,A,5600,,Tract  549,0,1,G,0,44,67,72,26,34,24,23,31,10,15,21,9,0,0,14,46,11,17,7,7,0,0,0,0,0,0,0,0,0
G36004700550,1970,1,2,New York,36,Kings,047,,,0550,A,5600,,Tract  550,0,1,G,31,15,52,35,37,48,35,81,42,66,172,118,205,89,4,77,91,52,21,30,20,42,21,18,23,50,4,14,6,0
G36004700551,1970,1,2,New York,36,Kings,047,,,0551,A,5600,,Tract  551,0,1,G,47,71,124,175,162,152,199,111,54,71,54,106,36,4,5,89,136,64,27,24,37,20,20,24,0,13,8,8,0,0
G36004700552,1970,1,2,New York,36,Kings,047,,,0552,A,5600,,Tract  552,0,1,G,30,40,35,26,36,79,41,31,70,93,101,146,194,39,6,40,88,56,24,33,41,27,30,37,22,10,0,25,0,0
G36004700553,1970,1,2,New York,36,Kings,047,,,0553,A,5600,,Tract  553,0,1,G,12,48,45,57,21,72,73,77,52,46,107,64,107,0,0,59,86,81,73,18,62,25,23,17,11,5,5,4,0,0
G36004700554,1970,1,2,New York,36,Kings,047,,,0554,A,5600,,Tract  554,0,1,G,32,18,48,30,43,64,80,113,80,95,197,185,261,32,0,60,131,45,49,19,25,16,19,16,21,22,0,16,0,0
G36004700555,1970,1,2,New York,36,Kings,047,,,0555,A,5600,,Tract  555,0,1,G,15,6,0,7,15,26,47,11,5,24,5,10,18,0,0,14,25,13,17,9,10,4,0,0,0,0,0,0,0,0
G36004700556,1970,1,2,New York,36,Kings,047,,,0556,A,5600,,Tract  556,0,1,G,6,40,50,32,35,45,76,94,86,27,87,159,304,34,4,16,12,40,63,5,23,18,11,17,30,22,18,0,0,0
G36004700557,1970,1,2,New York,36,Kings,047,,,0557,A,5600,,Tract  557,0,1,G,25,4,12,63,35,22,62,57,28,33,39,55,43,6,0,53,38,19,32,8,33,9,5,0,5,0,11,0,0,0
G36004700558,1970,1,2,New York,36,Kings,047,,,0558,A,5600,,Tract  558,0,1,G,13,17,11,16,30,24,15,46,31,34,117,107,221,48,0,25,42,31,19,10,6,36,5,11,0,10,9,5,0,0
G36004700559,1970,1,2,New York,36,Kings,047,,,0559,A,5600,,Tract  559,0,1,G,9,13,0,0,0,0,0,3,0,15,5,5,6,7,0,6,4,0,0,0,5,0,0,5,0,0,0,0,0,0
G36004700560,1970,1,2,New York,36,Kings,047,,,0560,A,5600,,Tract  560,0,1,G,15,21,26,59,46,32,46,52,33,60,129,135,306,71,0,43,35,38,29,10,37,20,25,29,0,9,0,5,0,0
G36004700562,1970,1,2,New York,36,Kings,047,,,0562,A,5600,,Tract  562,0,1,G,0,5,5,0,5,0,14,17,9,20,64,49,180,77,18,0,18,0,0,4,5,6,0,0,0,0,8,4,0,0
G36004700563,1970,1,2,New York,36,Kings,047,,,0563,A,5600,,Tract  563,0,1,G,76,35,59,99,54,74,83,130,32,74,165,38,110,4,5,96,139,44,36,75,31,45,24,5,7,20,0,0,0,8
G36004700564,1970,1,2,New York,36,Kings,047,,,0564,A,5600,,Tract  564,0,1,G,3,0,13,28,34,26,40,30,55,37,119,128,273,63,5,13,41,17,10,13,23,35,16,12,5,6,7,0,0,0
G36004700565,1970,1,2,New York,36,Kings,047,,,0565,A,5600,,Tract  565,0,1,G,16,10,25,86,31,66,97,62,93,84,94,180,164,28,0,59,104,43,48,44,27,25,41,20,3,0,26,8,0,0
G36004700566,1970,1,2,New York,36,Kings,047,,,0566,A,5600,,Tract  566,0,1,G,40,14,15,10,10,10,27,47,50,90,145,153,170,44,5,15,26,22,13,22,15,9,26,5,10,14,9,5,0,0
G36004700567,1970,1,2,New York,36,Kings,047,,,0567,A,5600,,Tract  567,0,1,G,40,20,37,44,39,68,111,46,84,89,119,208,172,7,0,78,74,33,31,15,48,22,27,15,10,0,4,0,0,0
G36004700568,1970,1,2,New York,36,Kings,047,,,0568,A,5600,,Tract  568,0,1,G,0,10,0,11,14,6,9,29,18,10,127,85,97,37,0,24,17,5,6,17,5,10,5,0,5,5,0,4,0,0
G36004700569,1970,1,2,New York,36,Kings,047,,,0569,A,5600,,Tract  569,0,1,G,5,4,28,15,24,61,69,20,29,41,49,52,115,5,0,21,63,15,6,11,17,5,0,0,5,6,4,6,0,0
G36004700570,1970,1,2,New York,36,Kings,047,,,0570,A,5600,,Tract  570,0,1,G,10,5,38,15,41,68,61,76,69,83,135,214,397,81,0,22,24,24,18,16,11,6,0,5,0,5,5,0,0,0
G36004700571,1970,1,2,New York,36,Kings,047,,,0571,A,5600,,Tract  571,0,1,G,13,43,52,36,88,94,84,137,149,87,206,229,175,8,10,82,143,50,74,25,38,38,31,20,20,10,16,5,0,0
G36004700572,1970,1,2,New York,36,Kings,047,,,0572,A,5600,,Tract  572,0,1,G,32,17,73,57,104,140,142,149,148,207,379,274,260,26,0,50,106,21,5,0,7,6,19,12,0,0,0,0,0,0
G36004700573,1970,1,2,New York,36,Kings,047,,,0573,A,5600,,Tract  573,0,1,G,16,15,43,42,52,54,36,70,48,31,126,120,96,10,5,15,50,31,26,26,31,17,17,13,0,12,5,10,0,0
G36004700574,1970,1,2,New York,36,Kings,047,,,0574,A,5600,,Tract  574,0,1,G,28,19,6,17,22,22,62,37,35,40,125,79,179,21,0,18,49,14,12,9,18,8,8,27,8,10,5,6,0,0
G36004700575,1970,1,2,New York,36,Kings,047,,,0575,A,5600,,Tract  575,0,1,G,105,47,33,93,60,112,98,150,129,67,154,123,122,28,7,154,101,97,58,30,43,58,41,34,17,0,0,6,0,0
G36004700576,1970,1,2,New York,36,Kings,047,,,0576,A,5600,,Tract  576,0,1,G,9,16,13,18,30,53,16,28,49,42,110,129,242,83,0,28,34,32,4,4,0,13,5,5,7,0,4,0,0,0
G36004700577,1970,1,2,New York,36,Kings,047,,,0577,A,5600,,Tract  577,0,1,G,0,0,0,0,4,3,0,0,4,0,0,0,4,0,0,0,0,0,0,0,0,0,0,0,0,0,0,0,0,0
G3600470057799,1970,1,2,New York,36,Kings,047,,,057799,A,5600,,Tract  577.99,0,1,G,0,0,0,0,0,0,0,0,0,0,0,0,0,0,0,0,0,0,6,5,0,0,5,0,0,11,0,0,6,0
G36004700578,1970,1,2,New York,36,Kings,047,,,0578,A,5600,,Tract  578,0,1,G,6,22,5,29,32,58,33,35,71,35,105,152,208,30,5,31,29,55,18,16,18,4,15,17,0,4,12,16,0,0
G36004700579,1970,1,2,New York,36,Kings,047,,,0579,A,5600,,Tract  579,0,1,G,24,15,33,21,12,22,26,26,33,35,31,39,20,0,0,28,25,13,17,11,5,5,5,5,5,4,5,0,0,0
G36004700580,1970,1,2,New York,36,Kings,047,,,0580,A,5600,,Tract  580,0,1,G,11,29,37,45,27,29,53,24,62,72,84,160,221,30,0,45,71,67,9,14,32,19,46,16,10,9,0,0,0,0
G36004700582,1970,1,2,New York,36,Kings,047,,,0582,A,5600,,Tract  582,0,1,G,0,9,26,28,68,67,50,63,27,57,133,109,112,27,7,80,78,19,35,12,0,6,12,6,0,0,0,0,10,0
G36004700584,1970,1,2,New York,36,Kings,047,,,0584,A,5600,,Tract  584,0,1,G,30,22,10,22,29,72,55,55,82,58,179,257,326,72,9,30,57,16,10,0,11,16,11,26,0,16,21,20,0,0
G36004700586,1970,1,2,New York,36,Kings,047,,,0586,A,5600,,Tract  586,0,1,G,0,16,21,23,10,26,42,29,42,70,104,87,144,26,0,26,35,14,15,6,24,6,24,0,6,18,6,0,0,0
G36004700588,1970,1,2,New York,36,Kings,047,,,0588,A,5600,,Tract  588,0,1,G,26,15,11,46,21,16,76,92,83,66,136,212,298,85,0,29,34,22,5,12,11,25,24,19,6,36,18,11,0,0
G36004700589,1970,1,2,New York,36,Kings,047,,,0589,A,5600,,Tract  589,0,1,G,28,20,22,19,26,29,22,40,76,42,73,91,81,0,0,52,38,15,15,4,18,6,11,10,0,0,6,0,0,0
G36004700590,1970,1,2,New York,36,Kings,047,,,0590,A,5600,,Tract  590,0,1,G,11,11,16,11,22,11,40,18,30,36,38,57,100,5,0,17,29,12,6,0,5,13,0,6,0,0,0,0,0,0
G36004700591,1970,1,2,New York,36,Kings,047,,,0591,A,5600,,Tract  591,0,1,G,29,41,40,62,37,62,102,126,95,148,110,205,197,31,0,67,82,72,36,33,25,31,4,6,0,11,0,6,0,0
G36004700592,1970,1,2,New York,36,Kings,047,,,0592,A,5600,,Tract  592,0,1,G,38,26,55,42,59,89,42,78,110,67,126,181,241,102,5,37,89,42,52,3,21,17,29,36,18,19,11,4,0,0
G36004700593,1970,1,2,New York,36,Kings,047,,,0593,A,5600,,Tract  593,0,1,G,9,17,22,20,24,57,48,56,49,56,138,128,87,23,0,20,39,18,24,21,11,5,13,5,0,11,0,0,0,0
G3600470059401,1970,1,2,New York,36,Kings,047,,,059401,A,5600,,Tract  594.01,0,1,G,60,43,96,63,73,92,175,76,163,155,282,391,451,80,15,143,104,71,52,51,40,30,12,60,11,39,5,12,5,6
G3600470059402,1970,1,2,New York,36,Kings,047,,,059402,A,5600,,Tract  594.02,0,1,G,24,23,26,9,28,77,65,102,91,78,190,288,384,150,10,57,60,17,13,29,30,13,19,5,0,15,13,14,10,0
G36004700596,1970,1,2,New York,36,Kings,047,,,0596,A,5600,,Tract  596,0,1,G,4,5,24,16,37,36,20,65,43,56,91,159,326,64,0,16,58,10,46,11,15,11,6,15,11,0,0,0,0,0
G36004700598,1970,1,2,New York,36,Kings,047,,,0598,A,5600,,Tract  598,0,1,G,14,13,31,23,21,58,58,52,41,74,151,167,332,79,0,40,27,11,10,0,9,4,4,11,0,12,0,6,7,0
G36004700600,1970,1,2,New York,36,Kings,047,,,0600,A,5600,,Tract  600,0,1,G,31,39,44,51,35,84,77,79,92,90,225,287,409,113,28,79,171,60,53,64,39,28,33,35,5,31,32,6,0,0
G36004700606,1970,1,2,New York,36,Kings,047,,,0606,A,5600,,Tract  606,0,1,G,30,8,27,24,5,37,26,65,23,54,150,187,245,47,0,66,37,16,5,5,11,5,14,10,10,33,6,10,0,0
G36004700608,1970,1,2,New York,36,Kings,047,,,0608,A,5600,,Tract  608,0,1,G,15,17,31,34,37,36,54,81,60,30,143,181,247,38,0,42,31,33,16,28,20,22,9,14,25,9,5,0,4,0
G3600470061001,1970,1,2,New York,36,Kings,047,,,061001,A,5600,,Tract  610.01,0,1,G,70,111,198,149,131,118,90,132,188,133,307,269,346,77,21,203,512,219,101,86,85,74,42,45,22,77,34,43,6,0
G3600470061002,1970,1,2,New York,36,Kings,047,,,061002,A,5600,,Tract  610.02,0,1,G,0,23,47,38,44,47,32,30,42,34,92,104,220,115,6,70,81,69,48,35,23,16,16,6,16,23,14,7,16,0
G36004700612,1970,1,2,New York,36,Kings,047,,,0612,A,5600,,Tract  612,0,1,G,0,12,5,19,12,5,6,13,18,0,40,22,112,103,21,25,28,15,9,0,12,0,6,5,5,5,0,0,0,0
G36004700614,1970,1,2,New York,36,Kings,047,,,0614,A,5600,,Tract  614,0,1,G,6,5,0,0,5,5,33,4,0,9,29,10,97,58,14,12,13,22,14,0,10,11,0,4,0,4,0,5,0,0
G36004700616,1970,1,2,New York,36,Kings,047,,,0616,A,5600,,Tract  616,0,1,G,4,0,25,17,21,60,12,20,19,17,38,68,197,50,11,6,14,5,16,19,4,10,0,4,0,6,11,0,0,0
G36004700618,1970,1,2,New York,36,Kings,047,,,0618,A,5600,,Tract  618,0,1,G,0,6,0,12,8,0,0,0,0,7,24,26,98,68,7,5,4,4,6,8,4,0,0,15,8,0,9,14,0,0
G36004700622,1970,1,2,New York,36,Kings,047,,,0622,A,5600,,Tract  622,0,1,G,7,18,24,40,47,28,56,60,51,33,165,123,233,63,6,4,18,21,9,4,20,10,0,8,6,32,0,4,0,0
G36004700626,1970,1,2,New York,36,Kings,047,,,0626,A,5600,,Tract  626,0,1,G,24,3,10,35,23,40,74,54,68,92,100,175,224,65,6,16,42,6,6,30,14,11,0,18,0,0,0,0,0,0
G36004700628,1970,1,2,New York,36,Kings,047,,,0628,A,5600,,Tract  628,0,1,G,33,50,51,23,39,73,56,73,134,114,264,297,237,58,0,53,101,42,9,0,0,21,7,9,0,0,0,0,0,0
G36004700632,1970,1,2,New York,36,Kings,047,,,0632,A,5600,,Tract  632,0,1,G,11,5,19,9,26,30,43,45,62,37,82,61,108,20,0,11,14,25,9,0,0,0,10,10,4,0,0,0,0,0
G36004700636,1970,1,2,New York,36,Kings,047,,,0636,A,5600,,Tract  636,0,1,G,0,6,6,5,11,10,15,6,11,15,37,77,134,23,5,19,10,5,5,5,0,4,0,0,6,16,0,5,5,0
G36004700638,1970,1,2,New York,36,Kings,047,,,0638,A,5600,,Tract  638,0,1,G,14,0,14,8,17,5,16,13,17,10,62,102,206,27,6,15,19,5,13,6,27,9,0,0,0,6,0,0,0,0
G36004700640,1970,1,2,New York,36,Kings,047,,,0640,A,5600,,Tract  640,0,1,G,5,4,0,12,4,17,25,9,27,18,35,57,148,47,4,16,12,6,0,6,10,0,0,7,0,0,6,0,0,0
G36004700642,1970,1,2,New York,36,Kings,047,,,0642,A,5600,,Tract  642,0,1,G,15,21,12,38,27,21,36,58,39,27,93,75,172,111,29,19,37,34,24,0,7,6,0,14,6,12,0,6,0,0
G36004700644,1970,1,2,New York,36,Kings,047,,,0644,A,5600,,Tract  644,0,1,G,0,9,30,14,32,32,44,32,22,58,101,135,154,46,0,17,40,4,17,0,18,19,6,0,5,10,5,0,0,0
G36004700646,1970,1,2,New York,36,Kings,047,,,0646,A,5600,,Tract  646,0,1,G,5,16,10,10,12,19,22,45,33,41,137,108,219,45,0,9,34,8,9,0,11,5,0,0,5,6,0,0,0,0
G36004700648,1970,1,2,New York,36,Kings,047,,,0648,A,5600,,Tract  648,0,1,G,0,3,18,12,15,26,6,38,21,40,88,113,87,54,8,11,6,6,0,6,5,6,13,13,6,0,0,0,0,0
G36004700650,1970,1,2,New York,36,Kings,047,,,0650,A,5600,,Tract  650,0,1,G,3,10,34,16,19,29,16,12,21,24,105,72,84,19,0,22,19,42,5,15,6,8,0,0,0,0,17,0,6,0
G36004700652,1970,1,2,New York,36,Kings,047,,,0652,A,5600,,Tract  652,0,1,G,0,0,8,10,0,11,22,17,19,22,41,99,116,23,5,14,5,0,5,5,11,5,0,5,0,0,9,0,0,0
G36004700654,1970,1,2,New York,36,Kings,047,,,0654,A,5600,,Tract  654,0,1,G,16,6,0,12,20,13,10,36,10,12,96,88,128,31,0,4,29,13,10,0,0,8,0,6,5,0,5,0,0,0
G36004700656,1970,1,2,New York,36,Kings,047,,,0656,A,5600,,Tract  656,0,1,G,10,6,5,6,5,20,24,20,52,45,112,98,170,27,0,0,6,22,0,11,18,9,11,5,0,0,0,0,0,0
G36004700658,1970,1,2,New York,36,Kings,047,,,0658,A,5600,,Tract  658,0,1,G,12,7,18,12,35,22,15,30,21,29,66,99,189,22,0,22,25,18,6,5,0,5,10,9,9,5,5,0,0,0
G36004700660,1970,1,2,New York,36,Kings,047,,,0660,A,5600,,Tract  660,0,1,G,10,5,0,16,16,21,0,30,25,14,61,136,147,49,5,10,18,5,0,0,4,5,0,0,9,0,5,6,0,5
G36004700662,1970,1,2,New York,36,Kings,047,,,0662,A,5600,,Tract  662,0,1,G,6,0,5,21,10,11,4,9,15,30,46,49,116,5,0,0,12,0,11,0,0,0,4,0,4,9,0,0,0,0
G36004700670,1970,1,2,New York,36,Kings,047,,,0670,A,5600,,Tract  670,0,1,G,5,0,35,0,10,27,30,41,56,47,127,170,231,51,0,8,8,8,13,11,4,6,15,5,0,0,0,0,0,0
G36004700672,1970,1,2,New York,36,Kings,047,,,0672,A,5600,,Tract  672,0,1,G,0,5,10,18,15,30,4,19,11,27,73,50,61,7,9,12,13,10,6,12,5,5,0,6,6,5,0,0,0,0
G36004700674,1970,1,2,New York,36,Kings,047,,,0674,A,5600,,Tract  674,0,1,G,10,0,4,9,21,4,14,27,14,38,92,66,157,41,0,5,18,23,9,11,5,6,0,4,0,5,0,6,0,0
G36004700676,1970,1,2,New York,36,Kings,047,,,0676,A,5600,,Tract  676,0,1,G,9,0,23,9,29,26,11,20,26,49,75,85,76,19,6,12,7,0,5,5,7,4,3,0,0,5,0,0,0,0
G36004700678,1970,1,2,New York,36,Kings,047,,,0678,A,5600,,Tract  678,0,1,G,4,9,9,19,5,10,27,25,49,33,136,127,161,58,5,13,11,9,3,4,3,0,4,0,0,0,0,4,0,0
G36004700680,1970,1,2,New York,36,Kings,047,,,0680,A,5600,,Tract  680,0,1,G,17,9,11,14,4,5,13,48,29,15,101,119,95,28,0,13,18,14,10,9,9,0,14,5,0,0,5,0,0,0
G36004700682,1970,1,2,New York,36,Kings,047,,,0682,A,5600,,Tract  682,0,1,G,22,16,20,30,24,40,28,34,47,34,151,106,129,56,0,13,12,15,0,0,4,5,8,4,0,0,0,5,0,0
G36004700686,1970,1,2,New York,36,Kings,047,,,0686,A,5600,,Tract  686,0,1,G,0,0,13,19,4,4,54,36,51,45,110,99,143,38,0,6,21,6,0,0,0,0,0,6,0,6,0,7,0,0
G36004700688,1970,1,2,New York,36,Kings,047,,,0688,A,5600,,Tract  688,0,1,G,12,0,0,24,5,16,17,5,26,42,82,90,145,28,0,13,26,10,0,12,0,0,7,0,0,0,0,5,0,0
G36004700690,1970,1,2,New York,36,Kings,047,,,0690,A,5600,,Tract  690,0,1,G,6,5,10,13,0,10,16,20,32,34,76,111,85,22,0,8,8,18,16,0,9,4,0,0,0,0,0,0,4,0
G36004700692,1970,1,2,New York,36,Kings,047,,,0692,A,5600,,Tract  692,0,1,G,18,6,22,9,5,15,38,30,58,36,93,147,163,29,0,10,8,15,11,0,5,7,4,0,0,0,4,0,0,0
G36004700696,1970,1,2,New York,36,Kings,047,,,0696,A,5600,,Tract  696,0,1,G,9,20,16,28,36,11,57,93,39,63,250,272,410,65,9,66,28,12,6,11,17,0,5,3,0,22,0,4,0,5
G36004700698,1970,1,2,New York,36,Kings,047,,,0698,A,5600,,Tract  698,0,1,G,0,26,0,5,0,9,0,21,14,0,87,95,111,16,7,17,0,7,6,5,5,0,0,0,0,5,6,0,0,0
G36004700700,1970,1,2,New York,36,Kings,047,,,0700,A,5600,,Tract  700,0,1,G,9,5,0,4,14,25,5,24,27,41,98,65,137,28,0,7,12,5,0,0,0,0,5,0,5,0,0,0,0,0
G3600470070201,1970,1,2,New York,36,Kings,047,,,070201,A,5600,,Tract  702.01,0,1,G,24,14,0,8,9,34,91,59,83,102,260,420,814,443,67,35,22,27,11,0,5,0,8,0,13,11,0,0,0,0
G3600470070202,1970,1,2,New York,36,Kings,047,,,070202,A,5600,,Tract  702.02,0,1,G,0,0,0,0,0,0,16,0,4,0,5,0,4,0,0,19,47,73,68,20,26,20,34,5,5,0,0,0,0,5
G36004700706,1970,1,2,New York,36,Kings,047,,,0706,A,5600,,Tract  706,0,1,G,0,18,13,11,6,10,11,17,58,44,135,122,208,35,5,18,5,5,0,5,0,0,0,6,0,0,0,11,0,0
G36004700720,1970,1,2,New York,36,Kings,047,,,0720,A,5600,,Tract  720,0,1,G,5,11,5,11,0,15,10,28,29,29,62,70,101,30,0,0,0,6,0,21,0,0,0,0,0,0,0,0,0,0
G36004700722,1970,1,2,New York,36,Kings,047,,,0722,A,5600,,Tract  722,0,1,G,4,9,19,6,16,26,40,23,26,61,93,142,250,39,0,17,15,12,16,5,0,0,7,14,11,0,0,0,0,0
G36004700724,1970,1,2,New York,36,Kings,047,,,0724,A,5600,,Tract  724,0,1,G,0,10,10,20,6,11,34,56,29,34,97,103,110,14,0,6,20,0,4,0,0,5,9,5,0,0,5,0,0,0
G36004700726,1970,1,2,New York,36,Kings,047,,,0726,A,5600,,Tract  726,0,1,G,5,10,17,0,10,14,35,35,57,49,129,153,154,57,6,4,10,19,6,23,10,5,0,6,0,0,17,5,0,0
G36004700728,1970,1,2,New York,36,Kings,047,,,0728,A,5600,,Tract  728,0,1,G,29,11,13,9,20,45,67,48,32,77,135,198,378,133,5,15,20,25,5,5,27,26,11,0,0,11,7,10,0,0
G36004700730,1970,1,2,New York,36,Kings,047,,,0730,A,5600,,Tract  730,0,1,G,4,17,4,27,6,10,7,24,26,27,95,59,217,65,9,25,21,0,0,10,0,23,4,0,0,0,0,0,0,0
G36004700732,1970,1,2,New York,36,Kings,047,,,0732,A,5600,,Tract  732,0,1,G,5,0,0,0,4,12,0,14,4,15,49,32,54,22,3,6,0,0,0,5,0,0,0,0,0,0,0,0,0,0
G36004700734,1970,1,2,New York,36,Kings,047,,,0734,A,5600,,Tract  734,0,1,G,20,0,20,5,0,21,19,4,19,27,55,86,113,19,0,7,33,31,13,3,0,23,0,9,0,0,0,0,0,0
G36004700736,1970,1,2,New York,36,Kings,047,,,0736,A,5600,,Tract  736,0,1,G,17,22,26,27,21,32,74,82,67,52,111,141,144,59,0,49,86,27,13,4,37,30,7,6,0,12,0,0,0,0
G36004700738,1970,1,2,New York,36,Kings,047,,,0738,A,5600,,Tract  738,0,1,G,15,10,29,33,34,29,52,39,76,43,103,123,153,44,4,46,77,23,38,27,16,5,23,6,30,0,0,12,0,0
G36004700740,1970,1,2,New York,36,Kings,047,,,0740,A,5600,,Tract  740,0,1,G,10,5,20,31,27,22,16,29,83,54,88,148,180,68,5,49,55,58,25,15,30,10,16,15,4,11,0,5,0,0
G36004700742,1970,1,2,New York,36,Kings,047,,,0742,A,5600,,Tract  742,0,1,G,14,16,20,22,19,3,22,24,39,52,132,109,197,48,4,44,18,13,14,19,10,23,31,22,16,6,4,0,0,0
G36004700744,1970,1,2,New York,36,Kings,047,,,0744,A,5600,,Tract  744,0,1,G,13,4,20,5,11,5,6,24,10,40,71,90,155,27,13,16,28,8,0,0,19,4,10,0,7,0,3,0,0,5
G36004700746,1970,1,2,New York,36,Kings,047,,,0746,A,5600,,Tract  746,0,1,G,0,5,9,8,36,6,13,34,38,13,106,77,110,28,5,5,30,5,9,5,15,42,15,5,5,0,0,0,0,0
G36004700748,1970,1,2,New York,36,Kings,047,,,0748,A,5600,,Tract  748,0,1,G,0,13,10,15,10,13,11,23,62,28,82,79,150,99,8,29,0,13,13,6,8,8,5,13,4,4,4,0,0,0
G36004700750,1970,1,2,New York,36,Kings,047,,,0750,A,5600,,Tract  750,0,1,G,5,4,12,7,28,8,33,34,26,54,112,120,287,61,15,39,31,9,5,13,12,9,9,20,8,5,9,0,4,0
G36004700752,1970,1,2,New York,36,Kings,047,,,0752,A,5600,,Tract  752,0,1,G,5,4,5,0,5,4,7,12,5,0,12,10,121,123,35,0,5,5,5,4,5,0,5,5,0,11,0,4,0,0
G36004700754,1970,1,2,New York,36,Kings,047,,,0754,A,5600,,Tract  754,0,1,G,5,0,0,0,17,14,21,0,10,9,27,29,175,141,21,10,0,0,3,4,0,0,4,5,0,0,0,0,0,0
G36004700756,1970,1,2,New York,36,Kings,047,,,0756,A,5600,,Tract  756,0,1,G,0,4,7,17,27,27,15,28,9,32,58,111,167,79,15,43,33,14,15,13,4,14,9,21,9,5,0,9,0,0
G36004700758,1970,1,2,New York,36,Kings,047,,,0758,A,5600,,Tract  758,0,1,G,17,6,6,24,32,10,16,18,20,16,64,69,199,97,40,12,39,22,32,0,9,5,16,15,9,0,7,0,0,0
G36004700760,1970,1,2,New York,36,Kings,047,,,0760,A,5600,,Tract  760,0,1,G,10,13,15,47,36,32,29,18,40,28,123,104,193,110,14,44,55,86,9,33,10,37,18,24,5,13,14,0,0,0
G36004700762,1970,1,2,New York,36,Kings,047,,,0762,A,5600,,Tract  762,0,1,G,28,30,43,55,61,57,75,45,69,26,165,118,283,76,29,68,82,75,47,39,27,39,47,40,24,13,14,14,7,0
G36004700764,1970,1,2,New York,36,Kings,047,,,0764,A,5600,,Tract  764,0,1,G,25,35,29,14,13,26,58,59,47,20,127,105,260,85,17,31,69,26,71,28,36,52,10,12,16,27,20,12,0,0
G36004700766,1970,1,2,New York,36,Kings,047,,,0766,A,5600,,Tract  766,0,1,G,5,0,53,9,18,31,17,23,25,21,58,75,90,84,12,13,40,21,14,8,9,32,14,24,5,6,5,4,12,0
G36004700770,1970,1,2,New York,36,Kings,047,,,0770,A,5600,,Tract  770,0,1,G,6,18,11,19,13,28,26,45,48,33,113,126,138,65,34,29,47,38,32,21,34,24,15,21,11,51,10,7,0,0
G36004700772,1970,1,2,New York,36,Kings,047,,,0772,A,5600,,Tract  772,0,1,G,17,26,21,13,32,18,51,50,43,40,96,147,256,100,11,73,85,33,23,23,37,15,21,12,17,6,0,12,0,0
G36004700774,1970,1,2,New York,36,Kings,047,,,0774,A,5600,,Tract  774,0,1,G,16,0,14,28,32,33,67,21,72,42,109,123,252,36,4,31,68,34,15,8,22,34,23,0,9,24,13,4,4,0
G36004700776,1970,1,2,New York,36,Kings,047,,,0776,A,5600,,Tract  776,0,1,G,7,27,4,31,27,29,37,44,77,38,146,210,321,92,17,20,45,78,30,25,48,46,57,60,23,29,41,24,0,0
G36004700778,1970,1,2,New York,36,Kings,047,,,0778,A,5600,,Tract  778,0,1,G,0,0,5,0,9,0,0,10,0,9,10,14,30,5,0,0,0,4,0,0,0,0,0,0,0,0,0,0,0,0
G36004700780,1970,1,2,New York,36,Kings,047,,,0780,A,5600,,Tract  780,0,1,G,0,4,15,4,7,0,0,19,21,28,96,97,168,15,7,15,43,0,5,10,0,0,10,15,0,11,0,5,0,0
G36004700782,1970,1,2,New York,36,Kings,047,,,0782,A,5600,,Tract  782,0,1,G,31,14,22,20,34,29,22,107,65,75,166,167,191,62,28,62,60,30,42,64,41,40,61,32,15,27,0,9,0,5
G36004700784,1970,1,2,New York,36,Kings,047,,,0784,A,5600,,Tract  784,0,1,G,5,11,4,8,25,24,22,5,23,20,55,123,129,88,0,40,30,10,13,5,7,22,8,0,0,10,0,6,0,0
G36004700786,1970,1,2,New York,36,Kings,047,,,0786,A,5600,,Tract  786,0,1,G,13,46,40,43,17,63,73,59,92,46,133,167,260,62,31,61,50,57,26,38,80,48,24,56,42,56,40,10,0,6
G36004700788,1970,1,2,New York,36,Kings,047,,,0788,A,5600,,Tract  788,0,1,G,16,21,32,6,23,13,55,51,83,51,126,77,205,34,0,48,70,60,15,22,70,30,36,0,12,11,0,5,0,0
G36004700790,1970,1,2,New York,36,Kings,047,,,0790,A,5600,,Tract  790,0,1,G,38,76,77,82,70,93,73,55,98,62,207,176,210,17,0,108,87,60,54,53,54,28,39,9,18,15,5,10,0,0
G36004700792,1970,1,2,New York,36,Kings,047,,,0792,A,5600,,Tract  792,0,1,G,9,21,55,76,60,62,82,115,68,68,140,108,170,36,0,87,70,13,9,32,26,15,19,6,6,5,36,5,0,0
G36004700794,1970,1,2,New York,36,Kings,047,,,0794,A,5600,,Tract  794,0,1,G,37,12,0,40,31,29,27,36,34,57,33,64,46,5,0,57,28,18,5,11,29,6,17,0,6,5,0,5,0,0
G36004700796,1970,1,2,New York,36,Kings,047,,,0796,A,5600,,Tract  796,0,1,G,62,58,52,109,100,118,185,193,179,148,250,319,517,79,6,137,197,153,122,104,138,133,127,68,45,61,28,5,10,0
G36004700798,1970,1,2,New York,36,Kings,047,,,0798,A,5600,,Tract  798,0,1,G,22,38,109,133,114,162,136,124,143,96,264,331,444,141,20,174,360,113,130,124,136,117,148,83,36,60,42,33,13,0
G36004700800,1970,1,2,New York,36,Kings,047,,,0800,A,5600,,Tract  800,0,1,G,15,16,45,36,51,75,75,86,61,67,122,144,223,21,4,86,47,43,44,21,38,55,22,5,9,30,4,9,6,0
G36004700802,1970,1,2,New York,36,Kings,047,,,0802,A,5600,,Tract  802,0,1,G,18,20,19,87,55,53,90,80,118,68,160,156,211,39,0,72,51,55,60,58,63,50,46,30,16,32,26,33,0,0
G36004700804,1970,1,2,New York,36,Kings,047,,,0804,A,5600,,Tract  804,0,1,G,5,29,30,31,19,52,42,67,76,102,106,151,86,35,0,53,42,27,34,49,58,56,62,6,5,24,9,0,0,0
G36004700806,1970,1,2,New York,36,Kings,047,,,0806,A,5600,,Tract  806,0,1,G,31,15,33,36,58,35,17,21,27,38,70,85,76,11,0,46,28,12,10,6,6,31,21,0,5,4,0,0,0,0
G36004700810,1970,1,2,New York,36,Kings,047,,,0810,A,5600,,Tract  810,0,1,G,18,0,9,29,17,25,31,56,75,41,126,84,120,23,0,24,17,34,16,0,48,17,56,6,24,0,7,4,0,0
G36004700812,1970,1,2,New York,36,Kings,047,,,0812,A,5600,,Tract  812,0,1,G,0,0,0,0,0,0,0,0,0,0,0,0,0,0,0,268,73,21,19,0,0,5,11,0,6,0,0,0,0,0
G36004700814,1970,1,2,New York,36,Kings,047,,,0814,A,5600,,Tract  814,0,1,G,36,20,13,30,40,64,70,43,24,53,52,101,124,20,0,27,57,54,22,27,22,8,20,0,18,59,5,0,0,0
G36004700816,1970,1,2,New York,36,Kings,047,,,0816,A,5600,,Tract  816,0,1,G,42,36,4,27,26,46,20,32,13,41,112,86,130,36,0,99,61,23,28,20,34,19,13,10,8,7,8,0,0,0
G36004700818,1970,1,2,New York,36,Kings,047,,,0818,A,5600,,Tract  818,0,1,G,54,24,50,45,72,73,55,84,60,90,167,138,232,33,0,137,157,57,67,44,44,15,44,35,26,37,16,19,0,0
G36004700820,1970,1,2,New York,36,Kings,047,,,0820,A,5600,,Tract  820,0,1,G,28,9,63,70,69,38,74,64,112,49,188,230,222,69,5,88,101,94,41,70,40,66,47,42,35,47,18,5,4,0
G36004700822,1970,1,2,New York,36,Kings,047,,,0822,A,5600,,Tract  822,0,1,G,35,30,55,105,49,136,121,99,90,125,233,148,232,44,4,90,98,111,69,70,64,92,41,43,24,32,34,18,8,0
G36004700824,1970,1,2,New York,36,Kings,047,,,0824,A,5600,,Tract  824,0,1,G,50,39,61,60,81,74,106,79,179,77,156,212,223,74,0,63,161,69,98,38,38,58,42,24,11,26,9,10,0,0
G36004700826,1970,1,2,New York,36,Kings,047,,,0826,A,5600,,Tract  826,0,1,G,27,34,52,45,36,59,78,149,91,96,208,208,192,27,6,44,99,74,30,43,56,89,39,73,12,9,12,8,0,0
G36004700828,1970,1,2,New York,36,Kings,047,,,0828,A,5600,,Tract  828,0,1,G,18,25,46,34,33,55,74,52,65,77,132,152,141,21,4,69,71,41,28,16,24,51,19,15,0,22,17,5,0,0
G36004700830,1970,1,2,New York,36,Kings,047,,,0830,A,5600,,Tract  830,0,1,G,28,43,14,51,73,75,133,77,90,134,275,192,320,61,4,90,57,66,74,46,51,66,38,36,33,19,16,9,0,0
G36004700832,1970,1,2,New York,36,Kings,047,,,0832,A,5600,,Tract  832,0,1,G,0,6,10,11,22,16,18,40,24,22,109,109,130,46,7,14,47,23,5,0,11,8,10,0,4,11,9,0,0,0
G36004700834,1970,1,2,New York,36,Kings,047,,,0834,A,5600,,Tract  834,0,1,G,10,7,0,13,18,6,20,14,49,21,92,73,92,24,0,9,29,0,9,0,9,9,0,0,0,9,0,0,0,0
G36004700836,1970,1,2,New York,36,Kings,047,,,0836,A,5600,,Tract  836,0,1,G,10,23,0,15,11,20,15,41,25,25,95,144,107,31,6,0,24,26,6,12,0,5,16,12,0,5,0,15,0,0
G36004700838,1970,1,2,New York,36,Kings,047,,,0838,A,5600,,Tract  838,0,1,G,4,6,16,10,10,19,10,11,43,39,99,81,149,51,4,28,31,12,0,0,5,0,14,8,0,5,0,0,0,0
G36004700840,1970,1,2,New York,36,Kings,047,,,0840,A,5600,,Tract  840,0,1,G,12,0,10,25,5,25,13,49,36,32,86,76,170,27,0,4,22,25,7,19,0,8,4,0,4,13,0,0,0,0
G36004700842,1970,1,2,New York,36,Kings,047,,,0842,A,5600,,Tract  842,0,1,G,0,12,0,12,8,20,24,18,6,32,57,48,95,8,5,12,9,4,0,4,4,0,9,0,0,0,0,0,0,0
G36004700844,1970,1,2,New York,36,Kings,047,,,0844,A,5600,,Tract  844,0,1,G,0,0,11,5,3,0,5,4,5,0,9,4,32,0,4,5,0,0,0,0,0,0,0,0,0,0,0,0,0,0
G36004700846,1970,1,2,New York,36,Kings,047,,,0846,A,5600,,Tract  846,0,1,G,0,0,16,16,16,10,18,34,46,17,88,56,206,25,17,21,12,7,13,10,6,7,7,7,0,6,12,0,0,0
G36004700848,1970,1,2,New York,36,Kings,047,,,0848,A,5600,,Tract  848,0,1,G,0,17,7,10,17,12,8,20,19,29,48,89,127,4,0,20,0,0,7,6,12,6,0,0,0,0,0,5,0,0
G36004700850,1970,1,2,New York,36,Kings,047,,,0850,A,5600,,Tract  850,0,1,G,7,11,0,0,20,22,33,37,0,26,54,59,100,26,0,0,31,9,0,8,0,4,0,3,0,10,5,4,0,0
G36004700854,1970,1,2,New York,36,Kings,047,,,0854,A,5600,,Tract  854,0,1,G,13,15,20,10,14,18,13,45,38,37,90,61,81,20,0,8,19,20,12,4,4,0,0,13,4,10,0,0,0,0
G36004700856,1970,1,2,New York,36,Kings,047,,,0856,A,5600,,Tract  856,0,1,G,4,28,48,29,98,44,28,57,55,71,119,133,257,54,0,57,85,39,27,15,50,44,32,22,0,18,0,0,0,0
G36004700858,1970,1,2,New York,36,Kings,047,,,0858,A,5600,,Tract  858,0,1,G,8,4,12,13,18,26,27,39,46,32,66,98,127,6,0,13,30,21,5,0,10,26,10,4,7,18,5,8,0,0
G36004700860,1970,1,2,New York,36,Kings,047,,,0860,A,5600,,Tract  860,0,1,G,48,17,4,41,22,40,51,63,77,39,133,115,174,37,0,99,49,25,11,11,16,19,5,4,10,0,5,4,0,0
G36004700862,1970,1,2,New York,36,Kings,047,,,0862,A,5600,,Tract  862,0,1,G,21,18,27,79,52,52,34,78,49,85,90,93,139,27,4,42,75,12,33,0,23,33,16,11,5,0,0,0,0,0
G36004700864,1970,1,2,New York,36,Kings,047,,,0864,A,5600,,Tract  864,0,1,G,18,6,14,16,14,48,28,33,45,55,46,68,126,30,0,28,14,30,15,11,31,18,0,0,10,6,4,0,0,0
G36004700866,1970,1,2,New York,36,Kings,047,,,0866,A,5600,,Tract  866,0,1,G,25,33,24,31,43,46,43,52,75,59,133,98,123,35,0,79,51,56,25,25,19,13,5,5,0,6,0,0,0,0
G36004700868,1970,1,2,New York,36,Kings,047,,,0868,A,5600,,Tract  868,0,1,G,28,14,53,48,51,85,55,38,58,51,83,123,130,11,0,75,119,6,26,19,11,6,12,0,0,19,12,0,0,0
G36004700870,1970,1,2,New York,36,Kings,047,,,0870,A,5600,,Tract  870,0,1,G,10,9,54,29,33,51,71,64,40,32,90,106,132,37,12,73,45,29,33,24,10,11,36,18,25,9,15,0,0,0
G36004700872,1970,1,2,New York,36,Kings,047,,,0872,A,5600,,Tract  872,0,1,G,21,15,54,26,24,26,39,57,46,48,142,129,172,57,0,32,72,50,4,15,22,13,22,11,0,3,9,0,0,0
G3600470087401,1970,1,2,New York,36,Kings,047,,,087401,A,5600,,Tract  874.01,0,1,G,26,42,48,25,53,42,64,73,72,58,72,143,146,0,0,93,124,77,23,40,42,46,43,33,26,25,6,11,0,0
G3600470087402,1970,1,2,New York,36,Kings,047,,,087402,A,5600,,Tract  874.02,0,1,G,0,0,0,0,0,0,0,0,0,0,6,0,0,0,6,85,7,0,0,0,13,13,10,13,0,14,13,20,5,0
G36004700876,1970,1,2,New York,36,Kings,047,,,0876,A,5600,,Tract  876,0,1,G,8,5,11,18,6,25,43,33,26,28,61,83,61,7,0,18,10,10,13,29,18,5,14,3,0,6,10,0,0,0
G36004700878,1970,1,2,New York,36,Kings,047,,,0878,A,5600,,Tract  878,0,1,G,54,9,15,28,45,57,37,40,43,45,95,74,94,16,0,41,61,26,34,31,40,21,11,4,5,4,0,5,0,0
G36004700880,1970,1,2,New York,36,Kings,047,,,0880,A,5600,,Tract  880,0,1,G,9,15,32,30,61,42,31,67,61,55,101,110,153,20,5,77,23,54,26,20,24,41,8,16,9,0,14,0,0,0
G36004700882,1970,1,2,New York,36,Kings,047,,,0882,A,5600,,Tract  882,0,1,G,23,38,71,68,64,74,130,78,96,107,166,166,213,40,0,126,85,92,30,71,95,62,55,19,17,14,6,17,0,0
G36004700884,1970,1,2,New York,36,Kings,047,,,0884,A,5600,,Tract  884,0,1,G,46,38,86,89,103,163,144,130,82,70,253,157,137,18,6,102,77,45,43,51,68,39,13,16,7,22,17,0,0,0
G36004700886,1970,1,2,New York,36,Kings,047,,,0886,A,5600,,Tract  886,0,1,G,79,47,82,74,88,149,125,77,107,68,128,135,110,8,0,77,106,12,29,47,38,33,40,9,12,34,12,5,0,0
G36004700888,1970,1,2,New York,36,Kings,047,,,0888,A,5600,,Tract  888,0,1,G,57,25,83,77,55,17,55,74,77,68,112,133,166,23,12,60,51,47,57,22,24,4,26,12,0,19,0,0,0,0
G36004700890,1970,1,2,New York,36,Kings,047,,,0890,A,5600,,Tract  890,0,1,G,119,71,70,48,111,156,144,166,106,130,165,211,158,9,0,137,95,78,40,24,71,67,27,30,53,23,16,5,0,0
G36004700892,1970,1,2,New York,36,Kings,047,,,0892,A,5600,,Tract  892,0,1,G,62,30,82,60,72,86,92,47,35,46,76,48,95,0,0,109,89,65,39,28,51,28,20,19,4,22,0,0,0,0
G36004700894,1970,1,2,New York,36,Kings,047,,,0894,A,5600,,Tract  894,0,1,G,129,78,179,127,140,147,104,84,92,67,106,92,120,0,5,119,61,30,20,36,26,34,29,14,10,5,0,0,0,0
G36004700896,1970,1,2,New York,36,Kings,047,,,0896,A,5600,,Tract  896,0,1,G,89,48,39,119,124,70,48,88,71,30,114,112,87,0,0,53,63,31,0,25,63,56,41,0,0,0,17,10,16,0
G36004700898,1970,1,2,New York,36,Kings,047,,,0898,A,5600,,Tract  898,0,1,G,82,19,83,81,97,44,52,79,28,44,40,30,24,6,0,24,39,4,21,21,12,6,0,0,0,15,0,0,0,0
G36004700900,1970,1,2,New York,36,Kings,047,,,0900,A,5600,,Tract  900,0,1,G,236,150,251,354,229,199,219,183,157,149,171,86,61,5,0,154,140,94,57,97,78,52,16,15,6,0,0,0,0,0
G36004700902,1970,1,2,New York,36,Kings,047,,,0902,A,5600,,Tract  902,0,1,G,156,41,85,125,113,22,96,29,44,32,56,74,29,13,0,28,32,24,55,20,5,7,6,5,0,0,0,7,0,0
G36004700904,1970,1,2,New York,36,Kings,047,,,0904,A,5600,,Tract  904,0,1,G,56,13,39,39,33,40,41,29,17,22,15,28,13,6,0,23,30,9,17,5,5,0,5,0,0,0,0,0,0,0
G36004700906,1970,1,2,New York,36,Kings,047,,,0906,A,5600,,Tract  906,0,1,G,92,48,107,104,203,146,127,165,94,64,163,31,26,4,0,32,141,50,10,24,10,7,0,0,0,7,0,0,0,0
G36004700908,1970,1,2,New York,36,Kings,047,,,0908,A,5600,,Tract  908,0,1,G,170,77,80,139,116,80,103,97,76,81,68,65,52,0,0,52,78,28,59,39,32,10,11,0,6,7,0,0,0,0
G36004700910,1970,1,2,New York,36,Kings,047,,,0910,A,5600,,Tract  910,0,1,G,114,58,162,164,153,179,170,144,106,47,131,57,38,5,3,106,85,46,31,0,32,0,0,0,0,7,0,0,0,0
G36004700912,1970,1,2,New York,36,Kings,047,,,0912,A,5600,,Tract  912,0,1,G,137,84,153,161,263,165,241,201,105,101,136,114,128,0,5,44,127,44,10,5,6,0,5,5,0,0,0,0,5,0
G36004700914,1970,1,2,New York,36,Kings,047,,,0914,A,5600,,Tract  914,0,1,G,39,5,69,82,67,94,78,6,24,28,30,17,4,0,8,11,29,14,15,4,9,15,0,5,6,5,0,0,0,0
G36004700916,1970,1,2,New York,36,Kings,047,,,0916,A,5600,,Tract  916,0,1,G,100,7,74,126,104,82,99,39,99,38,71,110,47,3,4,37,43,35,33,15,11,10,12,7,0,0,0,0,0,0
G36004700918,1970,1,2,New York,36,Kings,047,,,0918,A,5600,,Tract  918,0,1,G,40,16,65,51,67,58,66,33,16,10,0,11,16,0,4,14,52,10,11,8,15,19,0,0,0,0,0,0,0,0
G36004700920,1970,1,2,New York,36,Kings,047,,,0920,A,5600,,Tract  920,0,1,G,60,36,69,35,29,62,28,57,10,28,43,39,19,9,0,21,17,12,14,0,14,6,0,18,0,0,0,0,0,0
G36004700922,1970,1,2,New York,36,Kings,047,,,0922,A,5600,,Tract  922,0,1,G,33,23,73,49,58,54,22,39,95,90,139,133,115,10,0,43,93,29,35,10,16,6,21,10,4,9,0,0,0,0
G36004700928,1970,1,2,New York,36,Kings,047,,,0928,A,5600,,Tract  928,0,1,G,30,6,44,6,50,48,63,59,59,49,159,95,162,25,0,43,19,14,18,28,21,8,16,25,4,20,8,4,0,0
G36004700930,1970,1,2,New York,36,Kings,047,,,0930,A,5600,,Tract  930,0,1,G,6,17,40,11,31,46,25,36,30,47,83,99,187,75,0,0,19,15,21,9,22,0,8,0,5,14,10,4,0,0
G36004700934,1970,1,2,New York,36,Kings,047,,,0934,A,5600,,Tract  934,0,1,G,9,23,11,48,28,45,26,22,52,57,104,91,174,37,8,34,13,5,33,13,18,5,9,0,0,0,0,5,0,0
G36004700936,1970,1,2,New York,36,Kings,047,,,0936,A,5600,,Tract  936,0,1,G,0,11,9,28,7,32,16,19,43,10,53,105,104,36,0,5,26,15,4,21,19,22,0,6,11,9,0,0,0,0
G36004700938,1970,1,2,New York,36,Kings,047,,,0938,A,5600,,Tract  938,0,1,G,10,11,19,36,60,18,54,11,59,84,80,82,103,51,0,37,42,21,15,0,6,0,5,18,14,7,4,3,0,0
G36004700940,1970,1,2,New York,36,Kings,047,,,0940,A,5600,,Tract  940,0,1,G,5,0,5,4,19,15,0,22,28,40,38,86,59,38,0,5,15,37,5,0,10,0,4,15,4,6,12,6,0,0
G36004700942,1970,1,2,New York,36,Kings,047,,,0942,A,5600,,Tract  942,0,1,G,0,0,5,6,22,12,0,9,11,5,10,18,16,14,0,0,7,0,4,0,5,5,0,0,0,0,0,0,0,0
G3600470094401,1970,1,2,New York,36,Kings,047,,,094401,A,5600,,Tract  944.01,0,1,G,5,10,28,20,27,24,37,48,52,58,202,129,251,60,4,15,19,23,7,5,4,6,10,6,0,11,6,0,4,0
G3600470094402,1970,1,2,New York,36,Kings,047,,,094402,A,5600,,Tract  944.02,0,1,G,35,8,45,36,51,46,51,98,88,74,144,179,183,11,0,33,48,28,16,0,0,5,0,4,0,0,0,0,0,0
G36004700950,1970,1,2,New York,36,Kings,047,,,0950,A,5600,,Tract  950,0,1,G,0,10,17,16,4,25,14,59,40,47,154,173,272,16,0,8,0,10,0,5,4,0,0,6,5,0,5,0,0,0
G36004700954,1970,1,2,New York,36,Kings,047,,,0954,A,5600,,Tract  954,0,1,G,0,11,21,32,29,48,45,45,96,111,259,254,299,65,0,23,18,4,5,6,5,16,0,12,11,11,0,6,0,0
G36004700956,1970,1,2,New York,36,Kings,047,,,0956,A,5600,,Tract  956,0,1,G,10,11,19,5,28,33,24,35,54,65,163,188,232,62,5,18,10,10,5,0,0,6,0,13,0,0,5,0,0,0
G36004700958,1970,1,2,New York,36,Kings,047,,,0958,A,5600,,Tract  958,0,1,G,17,25,11,53,10,7,24,30,34,86,127,155,214,30,4,0,8,9,0,5,0,0,12,0,10,0,0,0,0,0
G36004700960,1970,1,2,New York,36,Kings,047,,,0960,A,5600,,Tract  960,0,1,G,5,0,0,4,0,0,0,0,10,0,23,31,17,9,0,3,4,0,0,0,0,0,0,0,0,3,0,0,0,0
G36004700962,1970,1,2,New York,36,Kings,047,,,0962,A,5600,,Tract  962,0,1,G,6,16,13,6,12,27,25,23,22,36,123,37,77,0,0,2,28,23,3,0,4,0,4,3,0,0,0,0,0,0
G36004700964,1970,1,2,New York,36,Kings,047,,,0964,A,5600,,Tract  964,0,1,G,0,16,10,10,4,21,14,43,45,19,102,110,114,27,5,8,13,13,4,11,3,4,0,0,10,6,3,3,0,0
G36004700966,1970,1,2,New York,36,Kings,047,,,0966,A,5600,,Tract  966,0,1,G,15,18,29,32,6,30,30,57,61,37,115,104,92,0,4,9,7,17,9,0,5,5,0,0,0,4,0,0,0,0
G36004700968,1970,1,2,New York,36,Kings,047,,,0968,A,5600,,Tract  968,0,1,G,0,0,12,9,0,6,18,9,22,18,66,37,77,16,5,10,24,5,7,4,5,9,5,8,0,5,0,0,0,0
G36004700970,1970,1,2,New York,36,Kings,047,,,0970,A,5600,,Tract  970,0,1,G,5,0,36,4,22,28,18,10,26,18,77,70,153,32,0,16,17,10,0,25,5,0,12,0,0,4,0,0,0,0
G36004700974,1970,1,2,New York,36,Kings,047,,,0974,A,5600,,Tract  974,0,1,G,11,0,13,7,22,34,9,8,33,18,37,63,58,9,0,26,11,5,4,5,6,10,10,0,0,5,0,0,0,0
G36004700982,1970,1,2,New York,36,Kings,047,,,0982,A,5600,,Tract  982,0,1,G,105,68,175,67,114,137,204,62,107,79,95,93,59,5,0,77,127,26,23,15,14,0,0,0,5,5,0,0,0,0
G36004700984,1970,1,2,New York,36,Kings,047,,,0984,A,5600,,Tract  984,0,1,G,14,4,0,22,8,11,16,46,21,38,98,99,115,33,4,24,6,0,5,0,4,0,0,0,5,0,0,0,0,0
G36004700986,1970,1,2,New York,36,Kings,047,,,0986,A,5600,,Tract  986,0,1,G,9,5,28,15,33,62,48,38,58,46,132,165,190,35,0,15,5,5,0,0,10,5,0,0,4,6,0,0,0,0
G36004700988,1970,1,2,New York,36,Kings,047,,,0988,A,5600,,Tract  988,0,1,G,9,36,19,22,26,24,46,34,50,53,135,103,219,35,0,38,19,20,0,21,5,0,13,8,12,15,5,0,0,0
G36004700990,1970,1,2,New York,36,Kings,047,,,0990,A,5600,,Tract  990,0,1,G,8,10,17,19,15,23,11,31,29,21,51,48,76,0,0,11,20,0,4,8,0,5,0,0,0,5,0,0,0,0
G36004700992,1970,1,2,New York,36,Kings,047,,,0992,A,5600,,Tract  992,0,1,G,10,7,18,4,14,10,27,29,49,24,64,94,85,16,0,5,5,10,6,5,0,0,0,0,0,0,0,0,5,0
G36004700994,1970,1,2,New York,36,Kings,047,,,0994,A,5600,,Tract  994,0,1,G,8,20,10,6,20,21,15,16,15,56,64,82,86,14,0,17,0,0,0,0,5,0,0,10,0,6,0,0,0,0
G36004700996,1970,1,2,New York,36,Kings,047,,,0996,A,5600,,Tract  996,0,1,G,15,9,6,24,8,29,53,46,54,71,225,195,315,45,0,14,16,24,9,19,27,0,12,4,6,5,0,4,0,0
G36004700998,1970,1,2,New York,36,Kings,047,,,0998,A,5600,,Tract  998,0,1,G,20,10,29,30,0,17,24,49,60,58,153,194,299,68,0,6,16,9,0,0,0,6,5,0,11,0,0,5,0,0
G36004701004,1970,1,2,New York,36,Kings,047,,,1004,A,5600,,Tract 1004,0,1,G,7,3,16,11,4,20,20,43,62,55,96,131,146,4,4,8,4,11,3,4,6,5,0,0,5,0,0,0,0,0
G36004701006,1970,1,2,New York,36,Kings,047,,,1006,A,5600,,Tract 1006,0,1,G,28,18,21,16,14,19,35,34,47,43,89,113,233,23,7,8,8,8,13,0,0,6,8,8,0,6,0,0,0,0
G36004701008,1970,1,2,New York,36,Kings,047,,,1008,A,5600,,Tract 1008,0,1,G,14,4,27,15,22,22,16,32,37,40,82,110,143,29,0,6,7,13,7,6,12,6,6,0,0,0,0,0,0,0
G36004701010,1970,1,2,New York,36,Kings,047,,,1010,A,5600,,Tract 1010,0,1,G,0,0,17,9,31,4,34,28,71,55,99,61,112,37,0,6,6,24,11,0,11,11,0,5,12,4,5,0,0,0
G36004701012,1970,1,2,New York,36,Kings,047,,,1012,A,5600,,Tract 1012,0,1,G,10,20,13,28,13,40,17,10,32,32,95,121,109,41,0,16,37,25,29,5,5,4,5,0,4,6,0,0,0,0
G36004701014,1970,1,2,New York,36,Kings,047,,,1014,A,5600,,Tract 1014,0,1,G,21,34,25,16,9,17,25,37,30,38,81,139,145,32,5,26,20,12,0,5,11,15,6,5,5,6,11,0,0,0
G36004701016,1970,1,2,New York,36,Kings,047,,,1016,A,5600,,Tract 1016,0,1,G,8,3,0,7,5,7,13,21,4,17,90,65,136,36,0,6,0,0,7,0,0,0,0,0,0,0,0,0,0,0
G36004701018,1970,1,2,New York,36,Kings,047,,,1018,A,5600,,Tract 1018,0,1,G,16,6,0,3,5,19,11,7,25,30,49,126,205,40,0,0,0,0,0,12,7,0,0,0,0,6,0,0,0,0
G36004701020,1970,1,2,New York,36,Kings,047,,,1020,A,5600,,Tract 1020,0,1,G,6,10,0,9,27,5,14,32,31,15,66,81,199,46,6,0,5,6,0,5,0,0,5,5,0,0,0,5,0,0
G36004701022,1970,1,2,New York,36,Kings,047,,,1022,A,5600,,Tract 1022,0,1,G,9,15,12,5,5,22,20,35,55,37,96,151,120,16,0,29,9,6,0,6,6,12,11,0,11,0,0,0,0,0
G36004701024,1970,1,2,New York,36,Kings,047,,,1024,A,5600,,Tract 1024,0,1,G,16,10,5,6,19,12,24,22,33,55,87,71,132,23,0,16,22,28,0,0,6,0,0,5,0,0,0,0,0,0
G36004701026,1970,1,2,New York,36,Kings,047,,,1026,A,5600,,Tract 1026,0,1,G,24,16,15,15,16,12,21,58,29,34,90,147,186,33,0,0,21,0,5,6,0,3,4,0,0,0,0,0,0,0
G36004701028,1970,1,2,New York,36,Kings,047,,,1028,A,5600,,Tract 1028,0,1,G,0,4,0,0,0,0,24,4,20,25,42,60,86,12,0,4,0,0,0,0,5,10,0,8,0,0,0,0,0,0
G36004701034,1970,1,2,New York,36,Kings,047,,,1034,A,5600,,Tract 1034,0,1,G,17,0,38,28,32,39,64,94,153,149,287,321,293,23,4,8,5,12,10,4,12,5,9,8,0,0,0,0,0,0
G36004701078,1970,1,2,New York,36,Kings,047,,,1078,A,5600,,Tract 1078,0,1,G,24,47,23,19,45,53,69,67,77,89,211,252,291,43,10,31,38,21,23,23,12,17,11,17,5,17,13,0,0,0
G36004701098,1970,1,2,New York,36,Kings,047,,,1098,A,5600,,Tract 1098,0,1,G,32,4,18,5,33,35,5,34,45,0,45,54,24,10,0,5,13,6,14,16,0,0,0,0,0,0,0,0,0,0
G36004701100,1970,1,2,New York,36,Kings,047,,,1100,A,5600,,Tract 1100,0,1,G,33,3,27,0,8,28,11,27,9,11,20,87,37,0,0,7,0,12,0,0,6,0,11,0,0,0,0,0,0,0
G36004701102,1970,1,2,New York,36,Kings,047,,,1102,A,5600,,Tract 1102,0,1,G,37,7,20,41,54,84,58,72,54,21,82,92,74,14,0,44,8,21,6,16,6,17,0,11,6,0,7,0,0,0
G36004701106,1970,1,2,New York,36,Kings,047,,,1106,A,5600,,Tract 1106,0,1,G,28,20,53,29,49,33,105,97,158,131,304,261,245,41,0,10,38,18,4,5,0,4,0,5,5,0,0,5,0,0
G36004701110,1970,1,2,New York,36,Kings,047,,,1110,A,5600,,Tract 1110,0,1,G,30,39,87,99,68,107,146,66,101,105,164,86,118,7,0,80,99,36,42,5,12,10,10,0,0,0,0,0,0,0
G36004701112,1970,1,2,New York,36,Kings,047,,,1112,A,5600,,Tract 1112,0,1,G,4,15,0,10,11,12,20,8,37,19,32,36,56,4,0,0,7,0,6,0,15,0,0,0,0,0,0,0,0,0
G36004701114,1970,1,2,New York,36,Kings,047,,,1114,A,5600,,Tract 1114,0,1,G,14,11,5,21,9,35,19,9,23,21,30,40,8,0,0,13,0,0,0,6,8,0,0,0,0,0,0,0,0,0
G36004701118,1970,1,2,New York,36,Kings,047,,,1118,A,5600,,Tract 1118,0,1,G,103,13,23,33,63,73,51,56,32,43,109,118,49,0,0,26,17,22,5,24,4,41,0,5,6,6,0,0,0,0
G36004701120,1970,1,2,New York,36,Kings,047,,,1120,A,5600,,Tract 1120,0,1,G,38,15,44,75,87,62,67,43,38,63,100,72,56,10,0,17,29,50,36,11,13,11,3,6,9,5,6,0,0,0
G36004701122,1970,1,2,New York,36,Kings,047,,,1122,A,5600,,Tract 1122,0,1,G,35,32,5,55,37,78,50,111,50,42,96,47,72,3,0,22,38,22,23,21,10,19,17,7,0,0,0,0,0,0
G36004701124,1970,1,2,New York,36,Kings,047,,,1124,A,5600,,Tract 1124,0,1,G,144,50,120,65,52,117,83,83,23,105,100,78,52,0,7,30,39,14,22,13,12,10,9,0,0,0,4,0,0,0
G36004701126,1970,1,2,New York,36,Kings,047,,,1126,A,5600,,Tract 1126,0,1,G,101,60,115,143,119,80,92,71,65,49,113,61,59,0,0,58,17,44,17,15,25,8,10,0,0,7,0,0,0,0
G36004701128,1970,1,2,New York,36,Kings,047,,,1128,A,5600,,Tract 1128,0,1,G,115,49,75,107,108,100,88,109,52,141,126,140,81,5,0,76,27,33,35,25,37,0,10,9,0,13,5,0,0,0
G36004701130,1970,1,2,New York,36,Kings,047,,,1130,A,5600,,Tract 1130,0,1,G,172,92,165,196,185,144,119,70,89,66,134,60,68,20,5,76,94,47,35,38,9,30,18,10,0,8,0,4,0,0
G36004701132,1970,1,2,New York,36,Kings,047,,,1132,A,5600,,Tract 1132,0,1,G,128,37,83,99,122,70,60,76,75,32,61,39,42,10,6,46,28,19,33,10,8,0,0,0,5,11,5,0,0,0
G36004701134,1970,1,2,New York,36,Kings,047,,,1134,A,5600,,Tract 1134,0,1,G,46,34,33,102,54,73,22,15,22,21,34,11,8,0,0,42,24,38,26,14,21,0,0,6,0,0,0,0,0,0
G36004701136,1970,1,2,New York,36,Kings,047,,,1136,A,5600,,Tract 1136,0,1,G,29,18,20,29,48,20,6,38,0,10,20,23,17,0,0,32,15,8,3,9,11,5,0,0,0,0,0,0,0,0
G36004701138,1970,1,2,New York,36,Kings,047,,,1138,A,5600,,Tract 1138,0,1,G,11,14,24,65,53,18,25,45,10,18,29,16,6,0,0,10,52,16,6,21,6,0,0,0,0,0,0,0,0,0
G36004701140,1970,1,2,New York,36,Kings,047,,,1140,A,5600,,Tract 1140,0,1,G,8,11,24,8,27,27,18,3,3,18,17,21,20,0,0,13,24,8,14,0,24,0,0,0,0,0,0,8,0,0
G3600470114201,1970,1,2,New York,36,Kings,047,,,114201,A,5600,,Tract 1142.01,0,1,G,9,7,21,0,25,8,33,36,18,14,39,40,49,7,0,18,6,9,6,11,0,7,0,0,0,0,0,0,0,0
G3600470114202,1970,1,2,New York,36,Kings,047,,,114202,A,5600,,Tract 1142.02,0,1,G,32,25,16,31,34,33,28,50,60,52,39,71,129,36,0,53,46,20,22,9,13,38,13,24,5,4,10,0,0,0
G36004701146,1970,1,2,New York,36,Kings,047,,,1146,A,5600,,Tract 1146,0,1,G,21,33,43,35,36,15,63,59,47,52,41,89,77,19,0,32,34,36,25,13,7,31,10,0,0,7,8,7,6,0
G36004701148,1970,1,2,New York,36,Kings,047,,,1148,A,5600,,Tract 1148,0,1,G,19,36,43,28,59,58,62,52,65,45,82,66,27,4,0,0,50,5,12,17,19,6,4,0,0,0,0,6,7,0
G36004701150,1970,1,2,New York,36,Kings,047,,,1150,A,5600,,Tract 1150,0,1,G,120,23,70,96,100,62,24,44,49,31,49,33,34,0,0,44,41,17,17,15,5,10,0,0,0,0,0,0,0,0
G36004701152,1970,1,2,New York,36,Kings,047,,,1152,A,5600,,Tract 1152,0,1,G,71,48,53,85,77,44,84,67,31,21,87,93,54,0,0,19,15,21,14,34,28,17,7,0,3,0,3,0,0,0
G36004701154,1970,1,2,New York,36,Kings,047,,,1154,A,5600,,Tract 1154,0,1,G,46,34,62,68,58,50,35,12,34,36,38,17,38,0,0,48,4,19,25,13,20,12,5,0,5,0,14,0,0,0
G36004701156,1970,1,2,New York,36,Kings,047,,,1156,A,5600,,Tract 1156,0,1,G,125,18,39,74,40,18,15,28,46,16,39,32,46,0,0,43,28,12,9,7,5,5,0,0,5,0,9,0,0,0
G36004701158,1970,1,2,New York,36,Kings,047,,,1158,A,5600,,Tract 1158,0,1,G,131,61,109,100,86,106,112,60,39,46,71,54,57,0,0,94,74,32,26,22,5,16,15,5,22,6,5,0,0,0
G36004701160,1970,1,2,New York,36,Kings,047,,,1160,A,5600,,Tract 1160,0,1,G,94,107,103,40,48,62,84,60,24,25,53,51,30,0,0,56,20,20,7,12,4,7,0,0,0,0,0,0,0,0
G36004701162,1970,1,2,New York,36,Kings,047,,,1162,A,5600,,Tract 1162,0,1,G,155,35,81,108,76,71,75,63,53,42,39,75,29,5,0,51,17,17,0,19,0,15,0,19,0,0,7,0,0,0
G36004701164,1970,1,2,New York,36,Kings,047,,,1164,A,5600,,Tract 1164,0,1,G,110,56,61,119,118,69,62,47,57,61,92,95,60,15,0,44,22,21,7,34,30,43,10,5,0,0,4,0,0,0
G36004701166,1970,1,2,New York,36,Kings,047,,,1166,A,5600,,Tract 1166,0,1,G,34,35,102,89,87,118,71,35,66,87,78,65,32,9,0,23,54,11,34,23,23,0,8,0,0,0,0,0,7,0
G36004701168,1970,1,2,New York,36,Kings,047,,,1168,A,5600,,Tract 1168,0,1,G,52,19,33,30,11,33,35,18,81,39,56,63,68,6,0,19,51,20,14,5,5,0,4,12,0,5,0,0,0,0
G36004701170,1970,1,2,New York,36,Kings,047,,,1170,A,5600,,Tract 1170,0,1,G,10,12,12,29,23,45,27,14,24,35,37,17,48,13,0,33,38,19,15,26,8,0,0,19,0,0,0,6,0,0
G3600470117201,1970,1,2,New York,36,Kings,047,,,117201,A,5600,,Tract 1172.01,0,1,G,4,10,6,32,49,31,19,20,45,23,45,62,73,28,0,23,30,10,9,19,11,5,0,0,0,0,0,6,0,0
G3600470117202,1970,1,2,New York,36,Kings,047,,,117202,A,5600,,Tract 1172.02,0,1,G,23,10,32,54,20,41,32,45,76,26,135,131,161,14,0,29,36,28,36,15,20,16,29,7,5,0,0,15,0,0
G36004701174,1970,1,2,New York,36,Kings,047,,,1174,A,5600,,Tract 1174,0,1,G,65,12,42,58,43,35,47,24,120,68,99,99,168,11,0,26,40,20,30,18,25,19,12,6,0,0,0,12,0,0
G3600470117601,1970,1,2,New York,36,Kings,047,,,117601,A,5600,,Tract 1176.01,0,1,G,19,0,20,13,26,26,47,43,42,29,87,91,54,18,0,42,55,11,8,22,20,5,0,11,5,11,5,0,0,0
G3600470117602,1970,1,2,New York,36,Kings,047,,,117602,A,5600,,Tract 1176.02,0,1,G,7,13,19,38,31,28,22,30,32,60,170,90,114,11,0,37,11,55,18,24,9,15,5,0,0,9,0,0,0,0
G36004701178,1970,1,2,New York,36,Kings,047,,,1178,A,5600,,Tract 1178,0,1,G,6,16,16,16,21,26,18,45,36,9,24,21,51,5,0,18,17,20,5,6,15,0,5,0,0,0,0,0,0,0
G3600470118201,1970,1,2,New York,36,Kings,047,,,118201,A,5600,,Tract 1182.01,0,1,G,17,0,29,18,27,29,62,14,24,19,95,106,107,22,6,5,40,11,12,8,21,23,23,12,6,9,0,0,0,0
G3600470118202,1970,1,2,New York,36,Kings,047,,,118202,A,5600,,Tract 1182.02,0,1,G,6,4,27,23,16,29,28,51,10,41,119,132,116,11,0,16,43,25,17,16,20,22,0,15,5,14,0,0,0,0
G36004701184,1970,1,2,New York,36,Kings,047,,,1184,A,5600,,Tract 1184,0,1,G,31,5,26,32,76,37,113,69,91,52,150,167,117,0,4,24,83,31,44,15,10,15,5,11,0,5,0,0,7,0
G36004701186,1970,1,2,New York,36,Kings,047,,,1186,A,5600,,Tract 1186,0,1,G,11,8,10,24,4,33,48,28,41,36,76,114,107,21,6,24,36,37,26,11,5,10,0,18,0,0,0,6,0,0
G36004701188,1970,1,2,New York,36,Kings,047,,,1188,A,5600,,Tract 1188,0,1,G,21,14,22,47,32,50,81,103,83,89,197,115,75,0,0,8,53,51,39,11,30,0,17,7,0,0,0,0,0,0
G36004701190,1970,1,2,New York,36,Kings,047,,,1190,A,5600,,Tract 1190,0,1,G,34,6,31,4,42,28,43,23,43,18,60,17,42,0,0,0,9,33,24,9,30,18,14,6,4,4,0,0,0,0
G36004701192,1970,1,2,New York,36,Kings,047,,,1192,A,5600,,Tract 1192,0,1,G,63,38,57,42,47,78,69,80,77,44,70,121,114,5,0,71,42,20,0,22,14,29,0,5,12,4,0,0,0,0
G36004701194,1970,1,2,New York,36,Kings,047,,,1194,A,5600,,Tract 1194,0,1,G,97,17,116,107,120,143,122,84,75,49,124,77,71,0,6,76,66,24,53,50,40,20,9,7,4,0,0,7,0,0
G36004701196,1970,1,2,New York,36,Kings,047,,,1196,A,5600,,Tract 1196,0,1,G,86,45,70,52,134,106,130,98,99,101,164,140,94,4,0,57,84,14,44,22,40,8,9,10,0,0,0,0,0,0
G36004701200,1970,1,2,New York,36,Kings,047,,,1200,A,5600,,Tract 1200,0,1,G,16,17,5,27,17,15,33,51,21,43,76,86,80,12,0,6,16,18,9,5,0,0,0,5,0,0,0,0,4,0
G36004701202,1970,1,2,New York,36,Kings,047,,,1202,A,5600,,Tract 1202,0,1,G,4,11,16,5,9,19,11,11,24,43,66,11,40,5,0,10,15,4,2,4,8,9,4,3,0,0,2,0,0,0
G36004701208,1970,1,2,New York,36,Kings,047,,,1208,A,5600,,Tract 1208,0,1,G,13,30,45,37,52,66,54,70,83,106,132,144,177,25,8,18,32,36,25,20,11,29,0,8,0,10,0,0,2,0
G36004701210,1970,1,2,New York,36,Kings,047,,,1210,A,5600,,Tract 1210,0,1,G,56,41,134,111,85,118,78,190,97,74,69,30,90,3,0,52,72,102,5,4,5,9,8,0,0,0,6,0,0,0
G36004701214,1970,1,2,New York,36,Kings,047,,,1214,A,5600,,Tract 1214,0,1,G,94,76,101,107,89,76,76,98,87,145,109,57,56,8,0,72,217,41,11,5,5,0,0,0,0,3,0,0,0,0
G36004701220,1970,1,2,New York,36,Kings,047,,,1220,A,5600,,Tract 1220,0,1,G,0,5,4,33,5,0,8,13,44,4,24,58,36,0,0,0,13,0,0,0,0,11,0,5,0,0,0,0,0,0
G36005100301,1970,1,2,New York,36,Livingston,051,,,0301,,6840,,Tract  301,1,1,02,5,21,38,40,37,36,25,91,64,76,176,140,181,20,0,29,50,36,13,19,14,8,0,4,0,15,5,4,0,0
G36005100302,1970,1,2,New York,36,Livingston,051,,,0302,,6840,,Tract  302,1,1,02,29,32,53,35,62,74,118,84,119,199,292,319,410,35,13,110,91,35,41,36,30,35,36,30,0,18,6,4,0,0
G36005100303,1970,1,2,New York,36,Livingston,051,,,0303,,6840,,Tract  303,1,1,02,11,10,36,39,43,21,22,37,45,53,108,180,210,33,4,27,42,13,18,31,17,5,0,10,4,5,0,0,0,0
G36005100304,1970,1,2,New York,36,Livingston,051,,,0304,,6840,,Tract  304,1,1,02,0,9,10,22,11,21,22,24,62,56,122,127,166,58,0,205,198,59,27,33,41,40,27,11,24,8,19,12,0,0
G36005100305,1970,1,2,New York,36,Livingston,051,,,0305,,6840,,Tract  305,1,1,02,0,0,0,0,0,0,0,0,0,0,0,0,0,0,0,1543,625,148,21,19,5,5,0,0,0,0,0,0,0,0
G36005100306,1970,1,2,New York,36,Livingston,051,,,0306,,6840,,Tract  306,1,1,02,15,0,15,36,33,43,75,65,58,56,143,145,206,13,7,80,67,45,9,9,16,4,19,0,5,10,0,0,0,0
G36005100307,1970,1,2,New York,36,Livingston,051,,,0307,,6840,,Tract  307,1,1,02,5,19,22,51,57,81,91,82,128,78,215,179,248,72,0,51,93,38,26,37,30,31,23,10,4,24,9,7,0,0
G36005100308,1970,1,2,New York,36,Livingston,051,,,0308,,6840,,Tract  308,1,1,02,22,13,36,34,44,62,45,72,89,97,169,165,223,21,0,72,50,32,18,34,13,0,17,5,9,6,0,7,0,0
G36005100309,1970,1,2,New York,36,Livingston,051,,,0309,,6840,,Tract  309,1,1,02,0,7,35,31,44,21,41,38,74,83,113,170,142,26,0,37,42,49,31,31,10,31,34,5,8,12,5,0,0,0
G36005100310,1970,1,2,New York,36,Livingston,051,,,0310,,6840,,Tract  310,1,1,02,0,0,0,0,0,0,0,0,0,7,6,6,14,12,0,0,0,0,0,5,0,4,0,0,0,8,0,0,0,0
G36005100311,1970,1,2,New York,36,Livingston,051,,,0311,,6840,,Tract  311,1,1,02,19,6,10,67,27,15,52,59,67,62,145,91,74,9,0,57,24,10,28,15,13,5,0,16,0,6,0,0,0,0
G36005100312,1970,1,2,New York,36,Livingston,051,,,0312,,6840,,Tract  312,1,1,02,24,11,57,42,44,41,63,58,40,17,111,136,123,26,0,72,46,40,28,15,14,9,5,2,26,10,0,0,0,0
G36005100313,1970,1,2,New York,36,Livingston,051,,,0313,,6840,,Tract  313,1,1,02,13,40,50,37,36,77,102,89,68,53,159,137,57,18,0,43,39,20,5,0,23,15,17,0,4,3,0,0,0,0
G36005100314,1970,1,2,New York,36,Livingston,051,,,0314,,6840,,Tract  314,1,1,02,7,18,46,35,58,61,80,123,83,117,265,251,196,30,7,122,158,65,41,26,44,42,12,14,0,8,18,16,5,0
G3600530030101,1970,1,2,New York,36,Madison,053,,,030101,,8160,,Tract  301.01,1,1,C,25,46,50,54,31,44,81,87,57,48,111,84,51,11,0,55,81,36,29,31,41,25,10,15,15,8,5,0,0,0
G3600530030102,1970,1,2,New York,36,Madison,053,,,030102,,8160,,Tract  301.02,1,1,C,21,26,30,61,94,90,68,97,129,117,256,255,213,27,0,99,94,67,35,46,45,42,28,23,19,4,6,5,0,0
G3600530030103,1970,1,2,New York,36,Madison,053,,,030103,,8160,,Tract  301.03,1,1,C,4,13,10,23,34,42,60,38,89,43,81,89,93,42,11,31,46,15,8,20,26,4,12,10,21,7,0,7,6,0
G36005300302,1970,1,2,New York,36,Madison,053,,,0302,,8160,,Tract  302,1,1,C,21,27,52,41,24,72,78,52,53,88,163,131,117,21,0,64,30,8,13,0,21,8,8,0,0,8,8,0,0,0
G36005300303,1970,1,2,New York,36,Madison,053,,,0303,,8160,,Tract  303,1,1,C,28,51,48,39,32,64,95,95,69,136,253,131,132,37,9,55,65,42,34,50,25,11,14,0,0,9,0,0,0,0
G3600530030401,1970,1,2,New York,36,Madison,053,,,030401,,8160,,Tract  304.01,1,1,C,36,28,21,46,57,69,112,102,124,162,270,224,153,7,10,38,24,37,4,34,19,27,13,24,4,4,0,14,0,0
G3600530030402,1970,1,2,New York,36,Madison,053,,,030402,,8160,,Tract  304.02,1,1,C,6,4,18,12,46,26,49,70,33,67,117,82,97,18,0,11,5,12,0,0,11,5,0,0,0,12,0,0,0,0
G3600530030403,1970,1,2,New York,36,Madison,053,,,030403,,8160,,Tract  304.03,1,1,C,13,6,15,39,22,20,48,79,71,89,148,184,127,21,0,16,27,40,8,20,0,6,0,12,0,22,0,0,0,0
G3600530030501,1970,1,2,New York,36,Madison,053,,,030501,,8160,,Tract  305.01,1,1,C,14,13,13,36,25,25,38,18,32,63,103,102,125,51,9,416,138,56,14,14,29,0,10,6,4,5,4,17,0,0
G3600530030502,1970,1,2,New York,36,Madison,053,,,030502,,8160,,Tract  305.02,1,1,C,17,18,13,9,20,36,40,9,35,23,94,102,224,93,15,45,26,5,16,0,5,0,0,10,0,0,17,0,0,0
G36005300306,1970,1,2,New York,36,Madison,053,,,0306,,8160,,Tract  306,1,1,C,41,29,39,42,101,78,120,72,138,103,160,128,99,15,7,52,50,31,20,5,21,16,0,0,0,6,0,7,0,0
G36005300307,1970,1,2,New York,36,Madison,053,,,0307,,8160,,Tract  307,1,1,C,22,15,26,22,65,84,105,83,100,107,130,157,139,18,0,739,427,176,46,33,37,6,35,10,11,0,26,12,0,0
G36005300308,1970,1,2,New York,36,Madison,053,,,0308,,8160,,Tract  308,1,1,C,21,11,42,45,57,42,78,47,81,36,103,102,64,20,0,28,23,21,20,15,15,5,8,0,0,5,0,0,0,0
G36005300309,1970,1,2,New York,36,Madison,053,,,0309,,8160,,Tract  309,1,1,C,8,24,4,26,27,14,3,43,11,37,63,78,117,37,4,876,759,160,28,27,10,7,22,5,0,16,0,0,0,0
G36005300310,1970,1,2,New York,36,Madison,053,,,0310,,8160,,Tract  310,1,1,C,9,27,53,59,74,69,67,89,78,77,125,177,152,51,0,43,108,28,24,27,14,17,18,11,0,7,5,4,0,0
G36005300311,1970,1,2,New York,36,Madison,053,,,0311,,8160,,Tract  311,1,1,C,24,6,35,22,25,40,31,65,24,31,51,80,42,18,0,41,29,38,4,5,7,6,7,0,4,0,4,0,0,0
G36005500001,1970,1,2,New York,36,Monroe,055,,,0001,,6840,,Tract    1,0,0,B,7,0,7,13,0,19,7,0,0,9,0,0,7,8,0,38,88,31,4,23,40,41,9,0,4,7,0,0,0,0
G36005500002,1970,1,2,New York,36,Monroe,055,,,0002,,6840,,Tract    2,0,1,B,11,6,7,0,0,11,11,4,4,6,5,21,8,22,0,0,11,17,0,0,0,0,0,7,0,0,0,0,0,0
G36005500003,1970,1,2,New York,36,Monroe,055,,,0003,,6840,,Tract    3,0,1,B,5,6,11,4,3,17,12,5,0,6,11,9,4,0,3,37,29,7,16,14,12,30,16,0,0,0,0,0,0,0
G36005500004,1970,1,2,New York,36,Monroe,055,,,0004,,6840,,Tract    4,0,1,B,13,49,36,34,76,47,27,29,39,54,83,56,34,7,0,135,100,90,61,86,50,36,28,25,25,18,0,0,0,0
G36005500005,1970,1,2,New York,36,Monroe,055,,,0005,,6840,,Tract    5,0,0,B,15,26,22,30,27,10,19,24,23,16,4,23,27,0,0,139,137,51,80,54,70,48,40,20,36,39,5,20,0,18
G36005500006,1970,1,2,New York,36,Monroe,055,,,0006,,6840,,Tract    6,0,1,B,22,18,32,28,12,31,22,23,19,15,32,30,9,0,0,35,23,19,11,28,11,9,15,0,0,16,0,0,0,0
G36005500007,1970,1,2,New York,36,Monroe,055,,,0007,,6840,,Tract    7,0,1,B,14,26,0,23,21,37,18,25,47,6,22,66,30,4,0,39,35,21,21,8,34,0,4,13,8,0,0,0,0,0
G36005500008,1970,1,2,New York,36,Monroe,055,,,0008,,6840,,Tract    8,0,1,B,15,31,92,31,52,54,41,43,43,54,53,61,31,0,0,27,76,56,19,0,10,11,9,13,3,0,0,0,0,0
G36005500009,1970,1,2,New York,36,Monroe,055,,,0009,,6840,,Tract    9,0,0,B,10,12,10,12,6,22,0,0,0,12,0,0,14,6,0,89,102,44,35,34,44,26,48,25,29,18,21,17,0,0
G36005500010,1970,1,2,New York,36,Monroe,055,,,0010,,6840,,Tract   10,0,1,B,21,49,84,4,35,82,43,44,52,53,107,108,145,23,0,395,311,198,188,111,212,168,124,130,55,93,78,46,5,0
G36005500013,1970,1,2,New York,36,Monroe,055,,,0013,,6840,,Tract   13,0,1,B,64,81,62,77,51,82,88,43,63,33,74,17,37,0,0,65,52,33,59,35,33,24,10,6,4,0,0,0,0,17
G36005500014,1970,1,2,New York,36,Monroe,055,,,0014,,6840,,Tract   14,0,1,B,46,7,41,68,107,80,80,35,70,53,89,55,54,0,0,70,118,46,26,41,14,30,10,3,6,0,0,0,0,0
G36005500015,1970,1,2,New York,36,Monroe,055,,,0015,,6840,,Tract   15,0,1,B,11,31,46,78,25,92,79,41,81,51,83,80,71,5,0,50,92,23,33,43,37,22,44,9,6,11,5,0,0,0
G36005500016,1970,1,2,New York,36,Monroe,055,,,0016,,6840,,Tract   16,0,1,B,16,4,34,44,13,17,62,21,41,23,64,44,61,0,0,27,22,26,37,46,31,14,3,9,0,8,0,0,0,0
G36005500017,1970,1,2,New York,36,Monroe,055,,,0017,,6840,,Tract   17,0,1,B,24,34,10,79,28,43,35,49,64,58,98,111,63,10,0,50,74,16,16,34,13,34,8,0,8,0,7,0,0,0
G36005500018,1970,1,2,New York,36,Monroe,055,,,0018,,6840,,Tract   18,0,1,B,0,10,25,40,29,43,55,92,95,98,343,339,417,57,0,23,45,66,18,24,54,38,27,17,24,10,10,9,0,0
G36005500019,1970,1,2,New York,36,Monroe,055,,,0019,,6840,,Tract   19,0,1,B,0,29,17,31,47,36,24,30,38,62,174,147,205,28,0,18,81,41,48,30,22,50,54,7,13,20,16,0,0,0
G36005500020,1970,1,2,New York,36,Monroe,055,,,0020,,6840,,Tract   20,0,1,B,42,13,73,42,66,34,57,97,120,104,275,288,408,82,0,45,117,68,84,91,41,86,81,52,49,39,11,31,0,0
G36005500021,1970,1,2,New York,36,Monroe,055,,,0021,,6840,,Tract   21,0,1,B,19,36,33,14,22,29,57,71,102,115,115,261,278,64,15,43,77,55,54,30,43,58,50,32,34,53,13,6,0,0
G36005500022,1970,1,2,New York,36,Monroe,055,,,0022,,6840,,Tract   22,0,1,B,18,16,27,45,24,18,48,75,38,55,190,141,192,12,0,40,104,61,42,45,31,29,36,21,9,18,0,0,6,0
G36005500023,1970,1,2,New York,36,Monroe,055,,,0023,,6840,,Tract   23,0,1,B,26,58,76,73,85,71,78,91,110,84,249,204,202,22,0,80,169,91,73,64,20,94,48,79,47,32,22,23,6,0
G36005500024,1970,1,2,New York,36,Monroe,055,,,0024,,6840,,Tract   24,0,1,B,20,31,37,33,35,53,41,127,133,71,156,136,196,24,6,5,71,48,35,28,10,14,19,11,0,9,5,0,0,0
G36005500025,1970,1,2,New York,36,Monroe,055,,,0025,,6840,,Tract   25,0,1,B,9,12,33,15,0,23,37,11,18,15,69,61,41,0,0,151,15,4,15,5,10,11,0,4,0,0,0,0,0,0
G36005500026,1970,1,2,New York,36,Monroe,055,,,0026,,6840,,Tract   26,0,1,B,63,42,26,73,40,60,67,36,73,35,79,67,63,13,0,41,85,61,30,83,37,23,20,10,12,0,0,0,0,0
G36005500027,1970,1,2,New York,36,Monroe,055,,,0027,,6840,,Tract   27,0,1,B,16,8,64,36,69,72,81,41,48,54,75,103,65,5,0,36,25,37,14,16,29,37,21,9,0,15,0,0,0,0
G36005500028,1970,1,2,New York,36,Monroe,055,,,0028,,6840,,Tract   28,0,0,B,10,19,26,13,45,28,21,16,63,16,16,23,20,0,0,131,159,85,76,46,71,50,31,35,17,17,23,5,0,0
G36005500029,1970,1,2,New York,36,Monroe,055,,,0029,,6840,,Tract   29,0,1,B,32,14,37,46,40,37,73,28,75,48,109,87,121,40,0,319,266,217,168,234,265,209,174,110,126,101,88,48,12,0
G36005500030,1970,1,2,New York,36,Monroe,055,,,0030,,6840,,Tract   30,0,1,B,9,19,27,61,38,25,38,35,46,49,95,89,59,10,5,84,103,111,84,80,58,56,54,43,24,16,32,20,0,0
G36005500031,1970,1,2,New York,36,Monroe,055,,,0031,,6840,,Tract   31,0,1,B,15,20,22,37,15,56,68,59,76,70,161,175,343,64,21,214,283,154,187,169,186,215,132,113,111,131,83,72,16,11
G36005500032,1970,1,2,New York,36,Monroe,055,,,0032,,6840,,Tract   32,0,1,B,36,18,53,45,34,69,31,49,21,27,53,58,37,8,0,99,108,39,36,36,39,44,25,24,17,0,6,0,0,0
G36005500033,1970,1,2,New York,36,Monroe,055,,,0033,,6840,,Tract   33,0,1,B,31,14,9,4,37,12,50,22,27,24,60,72,38,5,0,47,40,41,31,14,24,18,10,4,7,6,11,6,0,0
G36005500034,1970,1,2,New York,36,Monroe,055,,,0034,,6840,,Tract   34,0,1,B,23,12,9,29,42,57,62,85,61,81,91,74,156,14,0,50,86,102,70,13,52,23,65,21,10,40,40,0,5,0
G36005500035,1970,1,2,New York,36,Monroe,055,,,0035,,6840,,Tract   35,0,1,B,10,18,11,28,16,30,25,38,39,46,60,66,120,36,0,104,106,69,20,27,44,10,12,22,10,5,5,11,0,0
G36005500036,1970,1,2,New York,36,Monroe,055,,,0036,,6840,,Tract   36,0,1,B,28,16,41,34,64,69,71,62,86,106,115,180,183,10,6,50,63,75,28,9,42,31,40,15,17,30,11,0,0,0
G36005500037,1970,1,2,New York,36,Monroe,055,,,0037,,6840,,Tract   37,0,1,B,8,26,36,27,37,47,47,36,74,67,166,166,281,42,5,39,110,47,46,37,61,59,21,26,24,15,4,17,15,0
G3600550003801,1970,1,2,New York,36,Monroe,055,,,003801,,6840,,Tract   38.01,0,1,B,14,34,63,75,51,152,122,112,120,122,268,253,301,66,6,286,292,267,184,98,105,107,78,35,58,71,39,10,0,0
G3600550003802,1970,1,2,New York,36,Monroe,055,,,003802,,6840,,Tract   38.02,0,1,B,0,0,0,0,0,0,0,0,0,0,0,0,0,0,0,1460,1033,158,69,19,19,18,4,0,0,0,0,0,0,5
G3600550003803,1970,1,2,New York,36,Monroe,055,,,003803,,6840,,Tract   38.03,0,1,B,0,0,0,0,0,0,0,5,0,0,0,0,13,5,0,55,33,8,0,5,32,16,0,5,5,0,5,0,5,0
G3600550003804,1970,1,2,New York,36,Monroe,055,,,003804,,6840,,Tract   38.04,0,1,B,0,0,0,0,0,0,0,0,0,0,0,0,0,0,0,10,0,0,0,0,0,0,0,0,0,0,0,0,0,0
G36005500039,1970,1,2,New York,36,Monroe,055,,,0039,,6840,,Tract   39,0,1,B,12,6,7,17,6,6,21,22,18,26,48,103,106,8,4,26,54,24,38,39,25,7,34,0,8,19,20,0,5,0
G36005500040,1970,1,2,New York,36,Monroe,055,,,0040,,6840,,Tract   40,0,1,B,7,29,28,25,16,27,35,32,60,15,77,81,88,0,0,15,39,11,6,20,3,9,12,5,10,8,4,0,0,0
G36005500041,1970,1,2,New York,36,Monroe,055,,,0041,,6840,,Tract   41,0,1,B,16,23,39,28,6,32,101,41,74,63,84,67,94,19,0,65,72,34,10,27,26,14,26,11,3,5,0,0,0,0
G36005500042,1970,1,2,New York,36,Monroe,055,,,0042,,6840,,Tract   42,0,1,B,8,19,53,0,38,38,30,50,50,63,135,106,75,5,5,12,28,39,38,32,26,19,17,0,0,5,0,3,0,0
G36005500043,1970,1,2,New York,36,Monroe,055,,,0043,,6840,,Tract   43,0,1,B,30,3,25,24,37,36,31,12,25,8,19,12,8,0,0,16,45,26,10,0,16,11,0,0,0,0,0,0,0,0
G36005500044,1970,1,2,New York,36,Monroe,055,,,0044,,6840,,Tract   44,0,1,B,54,18,30,69,90,64,87,85,77,43,76,37,59,5,4,93,60,51,40,45,63,20,33,0,10,0,0,0,0,0
G36005500045,1970,1,2,New York,36,Monroe,055,,,0045,,6840,,Tract   45,0,1,B,21,6,19,8,29,11,10,39,17,18,10,34,55,18,0,39,24,25,37,0,48,21,5,15,21,5,5,0,0,0
G36005500046,1970,1,2,New York,36,Monroe,055,,,0046,,6840,,Tract   46,0,1,B,16,25,46,51,56,40,28,47,41,63,161,190,156,31,10,49,74,69,45,6,36,55,11,28,19,33,16,0,0,0
G36005500047,1970,1,2,New York,36,Monroe,055,,,0047,,6840,,Tract   47,0,1,B,22,16,37,25,25,24,37,72,51,51,112,187,107,40,0,12,66,38,48,34,9,28,9,22,4,8,31,0,5,0
G36005500048,1970,1,2,New York,36,Monroe,055,,,0048,,6840,,Tract   48,0,1,B,5,27,20,35,37,37,36,46,61,49,145,160,115,7,6,31,40,70,49,20,27,17,28,27,15,0,0,0,0,0
G36005500049,1970,1,2,New York,36,Monroe,055,,,0049,,6840,,Tract   49,0,1,B,11,11,47,65,19,14,78,20,83,38,116,98,76,4,9,37,70,50,32,24,22,13,14,19,10,5,9,0,0,0
G36005500050,1970,1,2,New York,36,Monroe,055,,,0050,,6840,,Tract   50,0,1,B,6,18,51,55,84,38,46,75,92,74,124,195,117,17,6,47,36,57,32,27,36,23,5,13,5,8,24,0,0,0
G36005500051,1970,1,2,New York,36,Monroe,055,,,0051,,6840,,Tract   51,0,1,B,9,19,26,30,49,40,44,86,23,39,97,76,72,0,0,6,61,52,15,0,29,23,5,0,12,0,0,0,0,0
G36005500052,1970,1,2,New York,36,Monroe,055,,,0052,,6840,,Tract   52,0,1,B,23,44,43,64,53,60,48,48,59,14,142,119,66,33,0,47,134,33,33,8,23,26,7,21,6,15,10,0,0,0
G36005500053,1970,1,2,New York,36,Monroe,055,,,0053,,6840,,Tract   53,0,1,B,21,44,16,67,56,46,44,82,76,51,96,96,80,7,0,19,58,22,28,9,14,26,0,11,4,6,0,5,0,0
G36005500054,1970,1,2,New York,36,Monroe,055,,,0054,,6840,,Tract   54,0,1,B,24,66,34,67,41,61,48,53,74,84,184,186,284,64,0,39,36,52,25,25,27,12,24,17,27,17,5,0,6,0
G36005500055,1970,1,2,New York,36,Monroe,055,,,0055,,6840,,Tract   55,0,1,B,61,29,28,56,47,63,39,64,71,68,79,68,40,10,8,54,113,45,25,17,25,13,15,0,8,4,0,0,0,6
G36005500056,1970,1,2,New York,36,Monroe,055,,,0056,,6840,,Tract   56,0,1,B,13,31,18,64,24,84,79,68,91,57,181,98,109,0,6,47,44,51,44,31,18,17,46,17,4,16,10,0,0,0
G36005500057,1970,1,2,New York,36,Monroe,055,,,0057,,6840,,Tract   57,0,1,B,19,17,39,80,56,14,38,109,73,33,132,57,80,0,0,47,42,58,31,34,25,8,24,24,9,8,0,0,0,0
G36005500058,1970,1,2,New York,36,Monroe,055,,,0058,,6840,,Tract   58,0,1,B,21,44,48,60,32,68,62,98,107,98,184,203,227,14,10,30,93,51,38,57,54,49,16,21,32,7,14,15,0,0
G36005500059,1970,1,2,New York,36,Monroe,055,,,0059,,6840,,Tract   59,0,1,B,18,9,25,92,21,82,39,52,46,36,108,81,81,11,0,28,37,31,22,49,14,30,12,22,0,8,11,6,0,0
G36005500060,1970,1,2,New York,36,Monroe,055,,,0060,,6840,,Tract   60,0,1,B,28,13,28,34,42,32,77,61,60,61,243,211,269,19,8,43,86,74,31,29,22,43,23,14,14,18,9,14,0,0
G36005500061,1970,1,2,New York,36,Monroe,055,,,0061,,6840,,Tract   61,0,1,B,7,16,17,46,25,25,33,53,57,34,173,136,227,54,5,37,54,18,9,34,5,18,10,5,10,31,10,5,0,0
G36005500062,1970,1,2,New York,36,Monroe,055,,,0062,,6840,,Tract   62,0,1,B,11,16,31,16,25,25,64,59,58,70,92,242,275,35,6,46,86,21,33,50,25,60,26,19,29,16,27,0,0,0
G36005500063,1970,1,2,New York,36,Monroe,055,,,0063,,6840,,Tract   63,0,1,B,27,12,32,19,51,7,72,88,62,61,157,154,221,39,0,34,84,54,53,70,106,47,9,25,34,8,21,8,0,0
G36005500064,1970,1,2,New York,36,Monroe,055,,,0064,,6840,,Tract   64,0,1,B,39,20,51,88,64,80,93,98,85,82,149,155,138,0,0,63,108,96,33,42,54,60,37,17,0,58,0,5,0,0
G36005500065,1970,1,2,New York,36,Monroe,055,,,0065,,6840,,Tract   65,0,1,B,27,4,39,34,40,36,62,48,43,54,95,80,60,0,3,61,121,11,25,46,20,27,23,0,0,21,4,0,0,0
G36005500066,1970,1,2,New York,36,Monroe,055,,,0066,,6840,,Tract   66,0,1,B,19,29,18,13,58,46,24,25,55,28,117,159,137,16,0,27,40,29,17,56,5,42,15,29,8,22,12,0,0,0
G36005500067,1970,1,2,New York,36,Monroe,055,,,0067,,6840,,Tract   67,0,1,B,4,14,33,39,41,32,37,55,61,69,156,148,263,38,11,33,71,34,8,44,45,37,21,29,13,10,4,0,11,0
G36005500068,1970,1,2,New York,36,Monroe,055,,,0068,,6840,,Tract   68,0,1,B,6,6,21,16,41,54,13,61,39,81,126,216,181,46,7,38,80,30,52,35,32,17,15,21,11,9,4,6,0,0
G36005500069,1970,1,2,New York,36,Monroe,055,,,0069,,6840,,Tract   69,0,1,B,34,27,64,83,50,50,44,25,46,47,85,91,89,2,0,97,141,59,14,19,32,22,19,0,19,8,4,0,0,0
G36005500070,1970,1,2,New York,36,Monroe,055,,,0070,,6840,,Tract   70,0,1,B,10,11,15,15,56,42,41,61,55,73,154,202,232,13,0,16,81,78,61,40,22,62,42,14,18,32,0,0,0,0
G36005500071,1970,1,2,New York,36,Monroe,055,,,0071,,6840,,Tract   71,0,1,B,6,10,25,23,44,66,76,65,123,82,154,277,195,0,0,9,48,46,19,14,17,41,11,10,12,9,0,0,0,0
G36005500072,1970,1,2,New York,36,Monroe,055,,,0072,,6840,,Tract   72,0,1,B,9,13,35,31,10,31,6,27,18,7,34,16,4,15,0,30,21,11,0,0,16,9,5,11,0,0,0,0,0,0
G36005500073,1970,1,2,New York,36,Monroe,055,,,0073,,6840,,Tract   73,0,1,B,18,18,3,15,12,26,15,19,9,37,54,50,61,9,0,0,40,15,15,10,21,6,8,4,5,0,0,0,0,0
G36005500074,1970,1,2,New York,36,Monroe,055,,,0074,,6840,,Tract   74,0,1,B,0,14,26,45,18,73,64,45,66,30,62,50,67,5,0,31,45,34,18,28,40,26,0,4,0,19,0,0,0,0
G36005500075,1970,1,2,New York,36,Monroe,055,,,0075,,6840,,Tract   75,0,1,B,23,23,52,38,21,37,46,84,98,66,103,167,106,13,0,40,168,99,0,16,54,37,33,17,17,30,6,6,0,0
G36005500076,1970,1,2,New York,36,Monroe,055,,,0076,,6840,,Tract   76,0,1,B,18,14,21,22,32,41,26,62,42,60,152,233,235,127,5,35,46,68,16,25,47,42,33,9,5,13,7,4,0,0
G36005500077,1970,1,2,New York,36,Monroe,055,,,0077,,6840,,Tract   77,0,1,B,10,21,15,55,42,31,75,61,31,84,161,153,242,85,5,13,70,49,44,31,39,42,46,21,23,20,16,4,0,4
G36005500078,1970,1,2,New York,36,Monroe,055,,,0078,,6840,,Tract   78,0,1,B,22,14,34,20,33,41,46,59,88,79,114,173,435,157,21,147,147,76,112,83,44,92,97,75,24,79,83,89,29,6
G36005500079,1970,1,2,New York,36,Monroe,055,,,0079,,6840,,Tract   79,0,1,B,12,0,19,22,18,32,52,19,31,36,90,107,125,15,0,19,52,87,6,10,15,29,18,18,4,0,0,0,0,0
G36005500080,1970,1,2,New York,36,Monroe,055,,,0080,,6840,,Tract   80,0,1,B,22,20,30,19,38,41,66,86,94,55,69,166,108,15,0,50,73,33,28,20,16,33,9,25,5,0,0,6,0,0
G36005500081,1970,1,2,New York,36,Monroe,055,,,0081,,6840,,Tract   81,0,1,B,9,23,35,61,81,69,72,83,140,126,154,248,320,16,4,14,111,59,38,45,38,40,15,6,22,0,0,0,0,0
G36005500082,1970,1,2,New York,36,Monroe,055,,,0082,,6840,,Tract   82,0,1,B,25,38,20,41,33,5,34,64,106,120,165,128,208,15,0,27,69,29,27,30,31,6,15,6,0,11,0,0,0,0
G36005500083,1970,1,2,New York,36,Monroe,055,,,0083,,6840,,Tract   83,0,1,B,11,10,46,58,79,49,63,130,179,133,308,351,414,64,0,72,53,29,36,32,37,15,22,16,13,15,14,7,4,0
G36005500084,1970,1,2,New York,36,Monroe,055,,,0084,,6840,,Tract   84,0,1,B,10,34,19,21,65,31,50,44,74,47,199,183,136,0,0,17,52,33,42,22,23,9,10,15,5,10,0,0,0,0
G36005500085,1970,1,2,New York,36,Monroe,055,,,0085,,6840,,Tract   85,0,1,B,5,11,29,6,33,41,49,21,37,70,175,171,273,26,0,15,57,10,21,38,26,29,22,22,23,26,17,0,0,5
G36005500086,1970,1,2,New York,36,Monroe,055,,,0086,,6840,,Tract   86,0,1,B,33,18,27,33,27,65,54,37,64,99,199,308,426,102,5,67,92,57,21,47,30,11,28,23,14,11,12,11,0,0
G36005500087,1970,1,2,New York,36,Monroe,055,,,0087,,6840,,Tract   87,0,1,B,22,25,52,61,51,48,87,137,97,110,219,285,332,46,8,39,91,72,38,23,20,39,29,13,25,10,10,15,0,0
G36005500088,1970,1,2,New York,36,Monroe,055,,,0088,,6840,,Tract   88,0,1,B,7,4,25,30,30,29,48,38,41,92,127,140,144,19,0,18,43,4,4,34,14,11,4,11,4,4,5,0,0,0
G36005500089,1970,1,2,New York,36,Monroe,055,,,0089,,6840,,Tract   89,0,1,B,-1,,,,,,,,,,,,,,,-1,,,,,,,,,,,,,,
G36005500090,1970,1,2,New York,36,Monroe,055,,,0090,,6840,,Tract   90,0,0,B,5,0,0,0,0,0,4,0,6,0,0,0,0,0,0,65,65,47,21,36,55,9,6,6,6,0,12,3,6,0
G36005500091,1970,1,2,New York,36,Monroe,055,,,0091,,6840,,Tract   91,0,1,B,27,18,28,55,41,39,44,56,30,40,35,48,49,10,0,51,38,5,7,0,21,34,7,16,30,17,0,0,0,0
G36005500101,1970,1,2,New York,36,Monroe,055,,,0101,,6840,,Tract  101,0,1,B,5,21,6,31,19,19,32,49,73,61,180,339,473,70,6,51,32,28,28,30,14,36,20,12,9,29,9,29,0,0
G36005500102,1970,1,2,New York,36,Monroe,055,,,0102,,6840,,Tract  102,0,1,B,5,0,5,5,0,21,11,13,42,17,88,189,463,334,35,4,26,21,19,0,6,6,8,15,0,27,4,9,0,0
G36005500103,1970,1,2,New York,36,Monroe,055,,,0103,,6840,,Tract  103,0,1,B,13,0,16,23,49,45,59,31,58,59,158,264,416,145,6,15,41,6,5,20,5,31,12,21,5,5,5,11,0,0
G36005500104,1970,1,2,New York,36,Monroe,055,,,0104,,6840,,Tract  104,0,1,B,5,10,53,50,54,41,57,82,75,80,216,341,541,156,9,44,75,54,70,23,17,29,26,30,11,10,21,13,12,0
G36005500105,1970,1,2,New York,36,Monroe,055,,,0105,,6840,,Tract  105,0,1,B,0,5,6,14,5,20,37,20,51,45,143,272,645,173,5,5,5,11,19,5,5,4,9,5,4,5,0,10,4,0
G3600550010601,1970,1,2,New York,36,Monroe,055,,,010601,,6840,,Tract  106.01,0,1,B,15,5,15,5,5,26,21,25,67,57,174,141,347,51,0,5,21,0,16,21,0,5,6,10,0,0,0,0,0,6
G3600550010602,1970,1,2,New York,36,Monroe,055,,,010602,,6840,,Tract  106.02,0,1,B,16,0,26,12,23,36,22,54,15,65,121,249,565,91,5,22,48,16,21,15,25,23,7,9,28,13,19,13,0,0
G36005500107,1970,1,2,New York,36,Monroe,055,,,0107,,6840,,Tract  107,0,1,B,23,10,10,30,41,44,40,30,82,115,227,276,312,23,0,34,40,48,45,17,25,12,11,16,46,7,8,6,0,0
G36005500108,1970,1,2,New York,36,Monroe,055,,,0108,,6840,,Tract  108,0,1,B,4,12,12,15,30,56,37,10,10,35,146,253,401,98,0,24,19,31,10,9,9,4,14,14,4,7,0,5,0,0
G3600550010901,1970,1,2,New York,36,Monroe,055,,,010901,,6840,,Tract  109.01,0,1,B,4,30,53,27,31,10,34,85,88,123,270,238,326,37,0,33,28,26,28,18,16,27,34,9,23,13,15,0,0,0
G3600550010902,1970,1,2,New York,36,Monroe,055,,,010902,,6840,,Tract  109.02,0,1,B,4,5,4,29,42,46,34,31,62,69,178,259,412,43,0,18,23,19,20,8,22,13,12,9,8,25,18,7,3,0
G36005500110,1970,1,2,New York,36,Monroe,055,,,0110,,6840,,Tract  110,0,1,B,11,9,21,23,39,33,18,50,29,60,229,293,444,173,0,0,16,10,3,15,15,9,16,10,4,0,8,8,0,0
G36005500111,1970,1,2,New York,36,Monroe,055,,,0111,,6840,,Tract  111,0,1,B,0,5,22,42,21,52,63,65,90,67,249,365,511,63,0,16,57,44,28,27,24,27,21,21,22,5,10,11,0,0
G3600550011201,1970,1,2,New York,36,Monroe,055,,,011201,,6840,,Tract  112.01,0,1,B,5,5,8,0,0,25,19,5,28,14,132,184,426,114,11,13,7,5,0,4,8,0,14,0,0,5,0,0,0,0
G3600550011203,1970,1,2,New York,36,Monroe,055,,,011203,,6840,,Tract  112.03,0,1,B,5,4,6,0,10,14,0,18,12,43,65,139,314,49,5,0,11,0,0,0,0,5,0,0,6,0,6,0,5,0
G3600550011204,1970,1,2,New York,36,Monroe,055,,,011204,,6840,,Tract  112.04,0,1,B,9,26,20,18,14,19,30,39,69,56,170,233,486,68,5,25,42,25,4,26,0,33,11,29,39,21,10,0,0,0
G36005500113,1970,1,2,New York,36,Monroe,055,,,0113,,6840,,Tract  113,0,1,B,6,29,15,23,25,14,23,23,37,59,145,289,616,198,20,22,28,12,0,5,6,0,7,6,6,0,5,6,6,0
G36005500114,1970,1,2,New York,36,Monroe,055,,,0114,,6840,,Tract  114,0,1,B,10,11,43,25,41,48,43,30,42,115,217,426,487,122,6,61,64,46,23,27,50,40,25,35,13,41,40,17,0,0
G3600550011501,1970,1,2,New York,36,Monroe,055,,,011501,,6840,,Tract  115.01,0,1,B,14,10,0,10,21,22,23,28,36,21,129,200,259,45,0,10,13,31,10,6,12,10,14,10,4,0,5,10,0,0
G3600550011503,1970,1,2,New York,36,Monroe,055,,,011503,,6840,,Tract  115.03,0,1,B,5,16,5,10,9,10,14,15,18,63,83,212,486,109,6,14,0,17,6,6,0,0,0,0,5,0,0,0,0,0
G3600550011504,1970,1,2,New York,36,Monroe,055,,,011504,,6840,,Tract  115.04,0,1,B,5,4,0,0,10,17,5,10,10,12,73,126,372,78,14,10,0,2,6,11,5,0,6,0,0,0,5,0,0,0
G3600550011505,1970,1,2,New York,36,Monroe,055,,,011505,,6840,,Tract  115.05,0,1,B,17,20,0,6,15,5,0,0,10,15,77,123,154,11,0,16,16,0,0,10,4,0,11,5,0,0,0,0,0,0
G3600550011601,1970,1,2,New York,36,Monroe,055,,,011601,,6840,,Tract  116.01,0,1,B,0,14,6,5,0,9,23,33,19,34,94,117,376,195,11,9,9,15,0,15,0,0,0,15,0,0,0,8,0,0
G3600550011603,1970,1,2,New York,36,Monroe,055,,,011603,,6840,,Tract  116.03,0,1,B,16,0,9,10,36,28,15,33,61,40,77,113,130,5,0,4,37,36,35,33,15,51,24,17,13,8,24,8,4,0
G3600550011604,1970,1,2,New York,36,Monroe,055,,,011604,,6840,,Tract  116.04,0,1,B,0,0,0,4,4,14,8,18,4,11,30,94,376,223,31,14,0,14,7,4,14,27,5,14,13,4,18,7,10,0
G3600550011605,1970,1,2,New York,36,Monroe,055,,,011605,,6840,,Tract  116.05,0,1,B,0,3,0,10,5,9,14,21,24,10,95,107,333,60,10,6,9,14,6,0,0,9,23,13,4,22,8,6,0,0
G3600550011701,1970,1,2,New York,36,Monroe,055,,,011701,,6840,,Tract  117.01,0,1,B,15,9,14,6,6,30,16,17,15,40,147,307,795,173,6,4,9,5,11,0,0,13,16,10,9,15,16,14,3,0
G3600550011702,1970,1,2,New York,36,Monroe,055,,,011702,,6840,,Tract  117.02,0,1,B,7,12,19,14,13,9,20,9,17,49,143,245,426,41,7,6,11,0,10,5,6,0,0,0,5,16,9,10,5,0
G36005500118,1970,1,2,New York,36,Monroe,055,,,0118,,6840,,Tract  118,0,1,B,9,35,25,45,37,34,56,53,77,77,238,377,505,92,10,23,70,39,68,68,41,33,32,29,11,18,21,12,0,0
G3600550011901,1970,1,2,New York,36,Monroe,055,,,011901,,6840,,Tract  119.01,0,1,B,4,0,0,31,27,37,14,21,31,30,123,197,324,88,5,0,5,5,15,10,0,0,5,10,4,9,5,21,5,0
G3600550011902,1970,1,2,New York,36,Monroe,055,,,011902,,6840,,Tract  119.02,0,1,B,5,0,0,6,15,0,14,29,74,24,209,407,789,210,28,17,5,5,4,10,21,10,4,0,0,9,18,0,0,0
G36005500120,1970,1,2,New York,36,Monroe,055,,,0120,,6840,,Tract  120,0,1,B,5,9,9,32,24,42,49,79,72,56,118,190,194,26,0,24,58,13,26,24,21,6,24,6,14,5,27,4,0,0
G36005500121,1970,1,2,New York,36,Monroe,055,,,0121,,6840,,Tract  121,0,1,B,20,15,26,14,26,53,61,112,85,87,212,229,273,66,4,39,67,25,26,18,16,16,36,28,5,21,0,0,0,0
G3600550012201,1970,1,2,New York,36,Monroe,055,,,012201,,6840,,Tract  122.01,0,1,B,21,0,3,5,0,6,5,22,24,27,38,96,208,233,165,771,359,151,49,18,8,18,15,8,0,20,28,21,5,8
G3600550012202,1970,1,2,New York,36,Monroe,055,,,012202,,6840,,Tract  122.02,0,1,B,11,10,3,16,15,5,13,9,18,21,105,121,355,191,35,0,18,5,0,0,4,8,8,10,0,6,7,7,13,0
G3600550012301,1970,1,2,New York,36,Monroe,055,,,012301,,6840,,Tract  123.01,0,1,B,19,8,18,30,16,25,15,36,51,51,89,171,441,346,92,52,46,35,17,27,17,36,28,27,18,43,4,19,4,0
G3600550012302,1970,1,2,New York,36,Monroe,055,,,012302,,6840,,Tract  123.02,0,1,B,7,0,12,14,5,17,5,5,44,10,68,240,704,439,86,10,6,0,0,0,6,5,6,0,0,11,4,5,5,0
G36005500124,1970,1,2,New York,36,Monroe,055,,,0124,,6840,,Tract  124,0,1,B,5,8,20,36,31,37,46,55,42,92,144,261,275,125,19,28,22,52,30,12,5,11,19,0,12,0,0,7,0,0
G36005500125,1970,1,2,New York,36,Monroe,055,,,0125,,6840,,Tract  125,0,1,B,15,9,20,20,22,53,21,56,57,30,140,275,541,211,40,32,157,57,49,16,26,30,32,30,10,9,22,16,10,0
G36005500126,1970,1,2,New York,36,Monroe,055,,,0126,,6840,,Tract  126,0,1,B,5,4,11,11,5,29,35,21,43,34,109,142,322,363,246,72,57,67,22,47,4,18,18,20,15,33,31,58,40,9
G36005500127,1970,1,2,New York,36,Monroe,055,,,0127,,6840,,Tract  127,0,1,B,6,10,15,13,38,24,16,27,68,64,87,186,459,265,60,30,26,33,14,37,11,15,24,11,0,0,12,18,12,0
G36005500128,1970,1,2,New York,36,Monroe,055,,,0128,,6840,,Tract  128,0,1,B,8,0,9,39,39,34,27,37,51,34,158,267,481,205,43,9,46,40,56,28,21,25,33,45,27,45,49,48,5,0
G36005500129,1970,1,2,New York,36,Monroe,055,,,0129,,6840,,Tract  129,0,1,B,0,9,10,10,13,35,16,26,25,13,129,121,358,299,82,32,21,20,11,10,10,15,19,10,15,29,21,33,5,0
G3600550013001,1970,1,2,New York,36,Monroe,055,,,013001,,6840,,Tract  130.01,0,1,B,9,27,9,44,38,36,121,81,70,90,173,265,309,71,9,169,100,106,115,49,142,66,89,36,20,84,28,28,5,0
G3600550013002,1970,1,2,New York,36,Monroe,055,,,013002,,6840,,Tract  130.02,0,1,B,21,12,13,5,14,19,28,49,22,24,78,163,555,306,77,20,5,9,15,17,9,21,20,27,16,24,30,31,11,0
G3600550013101,1970,1,2,New York,36,Monroe,055,,,013101,,6840,,Tract  131.01,0,1,B,6,15,30,4,24,34,55,15,92,133,247,415,613,73,17,90,26,17,6,0,23,4,14,9,0,13,4,20,0,5
G3600550013102,1970,1,2,New York,36,Monroe,055,,,013102,,6840,,Tract  131.02,0,1,B,10,9,22,48,19,31,40,51,58,149,296,463,463,80,6,719,559,211,180,128,85,73,73,35,34,56,29,10,6,9
G3600550013202,1970,1,2,New York,36,Monroe,055,,,013202,,6840,,Tract  132.02,0,1,B,0,5,8,4,12,17,9,45,46,91,170,295,270,4,0,23,19,30,46,38,23,49,37,62,19,12,15,11,5,0
G3600550013203,1970,1,2,New York,36,Monroe,055,,,013203,,6840,,Tract  132.03,0,1,B,5,5,10,0,11,4,11,35,54,71,302,421,610,27,0,0,5,11,16,9,14,0,7,0,0,10,0,0,0,0
G3600550013204,1970,1,2,New York,36,Monroe,055,,,013204,,6840,,Tract  132.04,0,1,B,6,11,18,10,37,16,31,17,49,50,220,287,397,74,4,12,5,6,12,34,0,15,6,20,15,10,9,6,0,0
G36005500133,1970,1,2,New York,36,Monroe,055,,,0133,,6840,,Tract  133,0,1,B,0,0,5,24,20,19,26,27,21,24,117,161,231,46,20,19,12,6,5,0,15,0,4,9,9,19,10,5,0,0
G36005500134,1970,1,2,New York,36,Monroe,055,,,0134,,6840,,Tract  134,0,1,B,0,19,12,16,9,55,41,50,78,63,140,242,376,77,0,47,58,54,38,23,21,5,27,18,10,26,30,8,0,0
G3600550013501,1970,1,2,New York,36,Monroe,055,,,013501,,6840,,Tract  135.01,0,1,B,5,16,15,19,6,14,9,22,35,19,85,142,258,20,3,9,17,0,11,5,6,5,10,12,0,3,0,0,0,0
G3600550013502,1970,1,2,New York,36,Monroe,055,,,013502,,6840,,Tract  135.02,0,1,B,17,9,15,15,15,22,26,28,69,59,177,358,467,56,5,29,18,0,13,7,0,4,11,11,7,14,6,15,0,0
G3600550013601,1970,1,2,New York,36,Monroe,055,,,013601,,6840,,Tract  136.01,0,1,B,16,26,36,39,64,34,35,83,92,76,254,377,613,87,6,27,37,46,32,34,0,5,28,28,22,30,0,6,0,0
G3600550013602,1970,1,2,New York,36,Monroe,055,,,013602,,6840,,Tract  136.02,0,1,B,5,4,4,4,13,15,16,15,31,34,189,254,603,118,4,11,0,0,0,0,0,5,0,11,0,5,0,18,0,0
G3600550013701,1970,1,2,New York,36,Monroe,055,,,013701,,6840,,Tract  137.01,0,1,B,0,4,15,16,28,5,20,44,29,30,149,227,287,16,0,6,34,16,6,0,11,0,4,5,4,14,9,10,0,0
G3600550013702,1970,1,2,New York,36,Monroe,055,,,013702,,6840,,Tract  137.02,0,1,B,11,0,6,17,0,15,20,45,50,45,212,364,536,34,0,7,8,29,13,19,9,17,15,12,12,13,8,16,0,0
G36005500138,1970,1,2,New York,36,Monroe,055,,,0138,,6840,,Tract  138,0,1,B,14,19,47,79,57,63,59,63,117,151,347,392,495,69,0,30,101,92,51,32,26,15,37,0,0,14,21,10,0,0
G3600550013901,1970,1,2,New York,36,Monroe,055,,,013901,,6840,,Tract  139.01,0,1,B,5,17,37,34,28,21,15,32,34,66,226,291,431,31,0,35,25,37,12,11,4,14,0,22,8,9,10,3,5,0
G3600550013902,1970,1,2,New York,36,Monroe,055,,,013902,,6840,,Tract  139.02,0,1,B,21,10,16,15,57,50,65,89,98,131,315,414,368,24,0,33,60,33,48,41,59,59,62,40,41,53,24,16,0,0
G3600550014001,1970,1,2,New York,36,Monroe,055,,,014001,,6840,,Tract  140.01,0,1,B,3,6,0,0,4,17,8,13,11,13,136,111,274,48,0,0,24,19,0,0,0,0,0,0,3,0,6,0,0,0
G3600550014003,1970,1,2,New York,36,Monroe,055,,,014003,,6840,,Tract  140.03,0,1,B,22,17,15,29,44,17,32,70,70,95,349,471,496,37,0,39,42,29,11,15,11,42,53,9,6,24,31,6,0,0
G3600550014004,1970,1,2,New York,36,Monroe,055,,,014004,,6840,,Tract  140.04,0,1,B,6,0,8,27,5,5,11,19,60,51,101,284,435,86,4,0,9,21,32,10,9,20,10,11,5,19,19,19,5,0
G3600550014101,1970,1,2,New York,36,Monroe,055,,,014101,,6840,,Tract  141.01,0,1,B,11,4,20,10,5,40,29,37,91,75,220,407,814,132,5,24,16,16,13,0,21,5,14,10,14,11,15,0,9,0
G3600550014102,1970,1,2,New York,36,Monroe,055,,,014102,,6840,,Tract  141.02,0,1,B,4,12,5,6,15,16,21,16,24,45,126,196,350,62,0,0,9,0,6,5,0,11,10,24,0,21,6,0,0,0
G3600550014201,1970,1,2,New York,36,Monroe,055,,,014201,,6840,,Tract  142.01,0,1,B,0,18,16,30,38,43,53,116,113,129,327,446,557,70,0,47,29,21,33,35,40,49,55,25,40,29,28,5,0,0
G3600550014202,1970,1,2,New York,36,Monroe,055,,,014202,,6840,,Tract  142.02,0,1,B,0,0,15,5,11,5,9,17,67,84,188,240,321,64,8,11,27,5,5,0,13,0,0,0,5,5,16,5,0,0
G36005500143,1970,1,2,New York,36,Monroe,055,,,0143,,6840,,Tract  143,0,1,B,21,21,20,38,40,56,67,99,112,153,478,515,594,74,0,26,31,26,26,10,10,23,20,17,17,13,5,0,0,0
G36005500144,1970,1,2,New York,36,Monroe,055,,,0144,,6840,,Tract  144,0,1,B,23,6,5,20,48,27,49,60,69,39,227,324,535,127,19,11,75,12,19,0,20,6,35,30,12,19,6,6,0,0
G3600550014502,1970,1,2,New York,36,Monroe,055,,,014502,,6840,,Tract  145.02,0,1,B,13,6,11,11,29,15,25,25,33,51,209,379,509,40,0,281,179,51,0,40,22,5,0,5,6,0,16,0,0,0
G3600550014503,1970,1,2,New York,36,Monroe,055,,,014503,,6840,,Tract  145.03,0,1,B,5,4,8,6,19,20,46,31,32,68,175,197,371,27,0,24,16,0,11,9,9,0,13,10,0,6,5,4,0,0
G3600550014504,1970,1,2,New York,36,Monroe,055,,,014504,,6840,,Tract  145.04,0,1,B,5,5,25,18,16,22,4,30,14,17,122,260,461,74,5,18,21,4,20,18,13,5,18,14,0,0,5,0,0,0
G36005500146,1970,1,2,New York,36,Monroe,055,,,0146,,6840,,Tract  146,0,1,B,12,13,3,17,14,20,32,53,45,47,227,343,355,46,6,21,28,19,0,37,21,8,4,0,15,16,4,19,0,0
G36005500147,1970,1,2,New York,36,Monroe,055,,,0147,,6840,,Tract  147,0,1,B,6,12,6,12,46,34,55,56,37,74,157,197,251,79,10,37,32,67,5,0,30,0,16,0,11,9,0,4,0,0
G3600550014802,1970,1,2,New York,36,Monroe,055,,,014802,,6840,,Tract  148.02,0,1,B,15,5,31,4,26,23,46,47,90,91,231,342,393,60,5,6,25,12,25,7,0,40,19,22,5,23,0,6,0,0
G3600550014803,1970,1,2,New York,36,Monroe,055,,,014803,,6840,,Tract  148.03,0,1,B,5,17,8,0,11,15,9,15,14,35,80,136,183,41,0,9,23,5,4,0,5,16,10,5,0,10,0,0,0,0
G3600550014804,1970,1,2,New York,36,Monroe,055,,,014804,,6840,,Tract  148.04,0,1,B,11,6,4,5,19,6,30,26,57,32,114,162,129,19,0,0,10,20,10,0,0,0,5,6,0,6,0,0,0,0
G3600550014901,1970,1,2,New York,36,Monroe,055,,,014901,,6840,,Tract  149.01,0,1,B,0,5,22,16,0,35,11,40,31,65,118,140,255,58,6,5,13,14,26,0,15,6,7,0,7,9,0,0,0,0
G3600550014903,1970,1,2,New York,36,Monroe,055,,,014903,,6840,,Tract  149.03,0,1,B,0,24,10,23,33,19,34,33,34,64,135,241,373,34,0,8,21,14,20,9,5,7,5,20,10,5,9,6,0,0
G3600550014904,1970,1,2,New York,36,Monroe,055,,,014904,,6840,,Tract  149.04,0,1,B,0,0,10,5,26,9,38,37,40,49,117,260,371,57,9,14,4,5,4,5,4,4,12,0,0,3,0,0,0,0
G36005500150,1970,1,2,New York,36,Monroe,055,,,0150,,6840,,Tract  150,0,1,B,4,31,20,25,16,13,48,38,54,59,153,220,241,37,5,0,34,5,15,10,0,9,24,20,4,8,5,0,0,0
G36005500151,1970,1,2,New York,36,Monroe,055,,,0151,,6840,,Tract  151,0,1,B,9,20,12,29,28,50,0,33,71,108,187,207,228,43,5,24,18,19,30,21,5,0,17,0,4,0,6,0,0,0
G36005500152,1970,1,2,New York,36,Monroe,055,,,0152,,6840,,Tract  152,0,1,B,8,15,20,61,7,45,38,27,58,39,131,156,296,31,4,33,17,28,19,26,22,34,11,0,6,16,18,6,0,0
G3600550015301,1970,1,2,New York,36,Monroe,055,,,015301,,6840,,Tract  153.01,0,1,B,0,0,0,0,0,0,0,0,0,0,0,0,0,4,0,1246,701,165,40,10,18,12,15,0,0,0,0,0,0,0
G3600550015302,1970,1,2,New York,36,Monroe,055,,,015302,,6840,,Tract  153.02,0,1,B,21,15,17,25,28,32,77,81,108,61,200,235,317,44,6,405,376,61,62,57,30,40,22,16,5,29,10,37,17,0
G36005500154,1970,1,2,New York,36,Monroe,055,,,0154,,6840,,Tract  154,0,1,B,17,4,13,11,25,23,32,23,20,43,122,198,273,30,0,20,59,41,10,0,10,17,6,0,0,9,20,8,0,0
G36005903001,1970,1,2,New York,36,Nassau,059,,,3001,A,5600,,Tract 3001,1,1,G,10,5,12,5,5,0,0,0,0,25,20,77,176,433,464,71,34,81,96,44,17,0,10,0,0,8,11,0,10,0
G36005903002,1970,1,2,New York,36,Nassau,059,,,3002,A,5600,,Tract 3002,1,1,G,0,0,0,0,0,0,0,0,0,0,0,0,6,10,0,476,185,20,0,5,0,0,0,0,5,5,0,5,0,0
G36005903003,1970,1,2,New York,36,Nassau,059,,,3003,A,5600,,Tract 3003,1,1,G,34,34,13,24,33,67,47,56,81,57,85,143,286,349,59,51,109,48,41,52,35,12,18,37,13,16,11,0,5,8
G36005903004,1970,1,2,New York,36,Nassau,059,,,3004,A,5600,,Tract 3004,1,1,G,15,15,26,32,15,24,45,33,55,33,95,161,464,420,120,41,30,36,37,36,36,18,21,6,10,0,15,23,10,0
G36005903005,1970,1,2,New York,36,Nassau,059,,,3005,A,5600,,Tract 3005,1,1,G,0,0,16,0,0,12,17,28,39,4,47,40,279,516,409,17,26,54,76,28,8,6,5,0,10,24,24,12,10,0
G36005903006,1970,1,2,New York,36,Nassau,059,,,3006,A,5600,,Tract 3006,1,1,G,13,5,19,21,13,54,33,29,27,42,61,163,468,695,312,74,39,61,87,37,55,31,10,15,5,12,39,11,5,0
G36005903007,1970,1,2,New York,36,Nassau,059,,,3007,A,5600,,Tract 3007,1,1,G,58,16,44,56,48,72,62,68,89,37,187,188,550,321,82,109,133,80,46,42,76,68,87,44,38,77,102,125,30,5
G36005903008,1970,1,2,New York,36,Nassau,059,,,3008,A,5600,,Tract 3008,1,1,G,16,0,18,34,15,48,58,30,46,89,121,245,433,276,80,35,26,56,55,15,12,15,5,18,14,32,6,25,9,0
G36005903009,1970,1,2,New York,36,Nassau,059,,,3009,A,5600,,Tract 3009,1,1,G,12,0,0,9,0,20,0,10,6,10,27,51,195,315,246,5,12,38,45,26,5,5,14,6,0,18,4,9,0,27
G36005903010,1970,1,2,New York,36,Nassau,059,,,3010,A,5600,,Tract 3010,1,1,G,12,17,5,5,6,24,9,20,11,23,42,111,298,536,253,11,68,59,32,18,7,0,7,13,0,7,6,0,14,0
G3600590301101,1970,1,2,New York,36,Nassau,059,,,301101,A,5600,,Tract 3011.01,1,1,G,59,18,9,71,20,47,68,52,107,106,205,310,437,66,9,43,22,25,38,39,34,0,37,6,16,19,26,9,4,3
G3600590301102,1970,1,2,New York,36,Nassau,059,,,301102,A,5600,,Tract 3011.02,1,1,G,15,6,12,21,22,26,30,5,52,18,115,192,436,161,15,18,36,41,7,0,12,0,22,13,22,13,0,9,0,0
G36005903012,1970,1,2,New York,36,Nassau,059,,,3012,A,5600,,Tract 3012,1,1,G,13,12,0,19,17,63,65,55,27,46,156,173,494,441,57,35,58,44,16,46,42,26,16,34,31,57,42,58,17,0
G36005903013,1970,1,2,New York,36,Nassau,059,,,3013,A,5600,,Tract 3013,1,1,G,28,30,58,21,28,45,40,68,84,62,149,202,368,179,14,37,60,83,30,40,21,24,12,5,0,11,16,0,5,0
G36005903014,1970,1,2,New York,36,Nassau,059,,,3014,A,5600,,Tract 3014,1,1,G,6,0,5,5,18,5,19,24,9,44,80,130,294,159,11,7,0,35,6,14,12,16,13,13,0,0,10,13,0,0
G36005903015,1970,1,2,New York,36,Nassau,059,,,3015,A,5600,,Tract 3015,1,1,G,0,9,0,8,0,5,22,9,7,7,30,66,232,250,203,14,22,13,6,20,4,11,6,6,18,0,0,10,31,9
G36005903016,1970,1,2,New York,36,Nassau,059,,,3016,A,5600,,Tract 3016,1,1,G,5,0,5,0,0,11,6,0,32,9,39,69,300,491,229,11,20,17,23,5,10,15,0,0,6,7,5,21,5,0
G36005903017,1970,1,2,New York,36,Nassau,059,,,3017,A,5600,,Tract 3017,1,1,G,0,5,7,0,6,0,4,12,19,6,10,62,189,279,155,40,27,6,10,7,0,6,0,0,0,11,7,14,5,6
G36005903018,1970,1,2,New York,36,Nassau,059,,,3018,A,5600,,Tract 3018,1,1,G,44,14,34,17,13,21,73,57,57,57,160,111,374,230,43,57,35,70,87,55,37,24,3,28,14,10,25,37,5,0
G36005903019,1970,1,2,New York,36,Nassau,059,,,3019,A,5600,,Tract 3019,1,1,G,0,3,0,0,10,3,10,17,10,25,26,49,286,361,159,11,7,5,9,41,26,10,12,6,0,10,7,6,5,0
G36005903020,1970,1,2,New York,36,Nassau,059,,,3020,A,5600,,Tract 3020,1,1,G,31,19,0,8,25,35,49,57,65,40,105,99,254,322,261,41,70,91,29,21,11,18,33,5,6,21,19,26,0,0
G3600590302101,1970,1,2,New York,36,Nassau,059,,,302101,A,5600,,Tract 3021.01,1,1,G,13,0,13,29,34,8,17,14,14,35,76,61,211,455,351,34,36,56,47,9,9,24,0,5,0,6,14,6,3,0
G3600590302102,1970,1,2,New York,36,Nassau,059,,,302102,A,5600,,Tract 3021.02,1,1,G,9,0,7,4,10,20,0,9,0,30,43,46,328,461,146,10,11,24,19,5,0,8,0,6,6,0,18,5,5,0
G36005903022,1970,1,2,New York,36,Nassau,059,,,3022,A,5600,,Tract 3022,1,1,G,23,12,37,30,29,25,43,46,68,49,125,164,321,139,29,26,91,40,60,13,24,0,11,9,5,5,11,16,0,0
G36005903023,1970,1,2,New York,36,Nassau,059,,,3023,A,5600,,Tract 3023,1,1,G,20,5,0,0,0,13,19,23,26,16,37,75,372,433,94,11,11,0,5,0,3,0,0,5,0,0,0,0,4,0
G36005903024,1970,1,2,New York,36,Nassau,059,,,3024,A,5600,,Tract 3024,1,1,G,14,10,14,30,19,21,39,55,98,82,202,331,577,212,19,12,14,4,23,30,14,0,5,5,9,25,5,0,0,0
G3600590302501,1970,1,2,New York,36,Nassau,059,,,302501,A,5600,,Tract 3025.01,1,1,G,5,0,0,11,5,5,10,0,0,5,10,79,185,381,103,5,12,26,14,0,0,6,16,0,0,0,0,5,12,0
G3600590302502,1970,1,2,New York,36,Nassau,059,,,302502,A,5600,,Tract 3025.02,1,1,G,0,0,7,6,0,6,6,6,25,9,21,25,80,195,157,24,14,15,21,16,15,34,0,9,0,8,9,0,8,0
G36005903026,1970,1,2,New York,36,Nassau,059,,,3026,A,5600,,Tract 3026,1,1,G,5,25,5,10,23,10,24,23,38,27,72,92,112,26,0,17,12,27,9,12,0,0,5,8,3,4,0,0,0,0
G36005903027,1970,1,2,New York,36,Nassau,059,,,3027,A,5600,,Tract 3027,1,1,G,32,31,26,31,51,34,36,41,69,111,297,270,420,131,10,31,28,41,28,10,22,11,0,0,5,16,0,0,6,0
G36005903028,1970,1,2,New York,36,Nassau,059,,,3028,A,5600,,Tract 3028,1,1,G,16,11,33,54,33,39,57,57,71,101,268,356,789,249,59,0,38,17,0,28,0,10,11,11,17,6,25,6,6,0
G36005903029,1970,1,2,New York,36,Nassau,059,,,3029,A,5600,,Tract 3029,1,1,G,5,13,37,16,24,37,22,27,33,40,130,242,539,136,0,40,16,9,11,15,9,15,4,4,7,6,0,10,0,0
G36005903030,1970,1,2,New York,36,Nassau,059,,,3030,A,5600,,Tract 3030,1,1,G,5,19,25,26,44,52,41,76,77,89,217,254,488,125,4,21,60,38,17,12,23,11,10,11,17,0,4,0,0,0
G3600590303101,1970,1,2,New York,36,Nassau,059,,,303101,A,5600,,Tract 3031.01,1,1,G,0,0,0,5,6,11,6,25,6,21,46,38,371,432,134,12,6,0,7,11,6,0,0,0,0,5,6,0,0,0
G3600590303102,1970,1,2,New York,36,Nassau,059,,,303102,A,5600,,Tract 3031.02,1,1,G,22,17,18,15,5,27,22,30,46,88,124,282,383,176,28,4,4,10,14,13,0,21,0,5,0,13,15,9,0,0
G3600590303201,1970,1,2,New York,36,Nassau,059,,,303201,A,5600,,Tract 3032.01,1,1,G,30,26,0,6,16,10,28,20,20,27,83,147,389,194,15,7,8,0,0,17,8,0,0,14,0,0,0,7,0,0
G3600590303202,1970,1,2,New York,36,Nassau,059,,,303202,A,5600,,Tract 3032.02,1,1,G,11,10,12,16,26,10,46,53,31,43,122,187,372,40,5,44,20,12,0,11,7,0,7,0,6,10,0,14,0,0
G3600590303301,1970,1,2,New York,36,Nassau,059,,,303301,A,5600,,Tract 3033.01,1,1,G,0,12,12,6,35,23,22,48,30,49,99,218,396,82,6,28,19,6,7,13,6,16,0,8,6,26,0,8,0,0
G3600590303302,1970,1,2,New York,36,Nassau,059,,,303302,A,5600,,Tract 3033.02,1,1,G,8,21,31,36,39,36,54,41,78,72,220,231,400,43,4,29,15,51,23,25,9,20,26,15,17,34,6,43,4,0
G36005903034,1970,1,2,New York,36,Nassau,059,,,3034,A,5600,,Tract 3034,1,1,G,0,0,11,0,5,10,11,5,17,13,42,53,292,237,86,9,4,9,12,0,0,5,15,0,0,4,5,0,0,0
G36005903035,1970,1,2,New York,36,Nassau,059,,,3035,A,5600,,Tract 3035,1,1,G,16,6,6,27,30,24,38,53,65,131,170,380,703,151,10,26,16,32,68,16,26,37,33,15,5,16,15,11,0,0
G36005903036,1970,1,2,New York,36,Nassau,059,,,3036,A,5600,,Tract 3036,1,1,G,8,13,29,41,34,62,56,48,121,107,245,318,441,155,6,21,170,99,71,47,72,48,54,43,42,68,34,22,0,0
G36005903037,1970,1,2,New York,36,Nassau,059,,,3037,A,5600,,Tract 3037,1,1,G,18,19,19,36,35,27,42,99,104,102,293,466,795,114,11,98,16,47,72,75,84,12,62,18,11,52,21,35,0,0
G36005903038,1970,1,2,New York,36,Nassau,059,,,3038,A,5600,,Tract 3038,1,1,G,6,17,19,20,47,54,52,79,113,76,258,316,509,106,6,25,63,21,30,5,10,32,22,9,14,23,18,14,0,0
G36005903039,1970,1,2,New York,36,Nassau,059,,,3039,A,5600,,Tract 3039,1,1,G,6,0,5,0,12,0,4,21,30,19,106,104,399,272,62,26,10,8,13,0,5,0,10,0,10,24,0,5,5,0
G36005903040,1970,1,2,New York,36,Nassau,059,,,3040,A,5600,,Tract 3040,1,1,G,24,31,19,29,52,47,69,131,116,92,246,347,693,125,16,92,60,37,37,64,46,35,25,14,4,10,8,5,0,0
G36005903041,1970,1,2,New York,36,Nassau,059,,,3041,A,5600,,Tract 3041,1,1,G,10,0,23,26,25,4,32,31,34,29,94,116,295,137,6,28,47,62,4,13,20,4,10,36,23,29,21,6,4,0
G3600590304201,1970,1,2,New York,36,Nassau,059,,,304201,A,5600,,Tract 3042.01,1,1,G,38,22,50,57,31,88,66,80,79,58,163,194,303,67,3,139,102,100,52,96,46,34,18,46,5,5,5,5,0,0
G3600590304202,1970,1,2,New York,36,Nassau,059,,,304202,A,5600,,Tract 3042.02,1,1,G,15,5,0,6,19,13,24,20,12,36,108,159,221,41,5,26,13,0,4,0,0,0,13,0,0,0,0,0,0,0
G36005904043,1970,1,2,New York,36,Nassau,059,,,4043,A,5600,,Tract 4043,1,1,G,16,6,14,11,24,24,17,18,52,24,106,130,188,99,22,29,15,25,21,18,0,5,3,0,0,0,5,14,0,0
G36005904044,1970,1,2,New York,36,Nassau,059,,,4044,A,5600,,Tract 4044,1,1,G,37,9,15,32,25,27,75,24,72,72,228,279,483,140,13,33,45,51,39,50,24,19,24,8,5,17,5,0,0,4
G36005904045,1970,1,2,New York,36,Nassau,059,,,4045,A,5600,,Tract 4045,1,1,G,35,5,31,41,28,54,64,53,99,88,159,233,384,111,5,57,88,34,43,40,23,21,28,25,0,31,39,22,0,0
G36005904046,1970,1,2,New York,36,Nassau,059,,,4046,A,5600,,Tract 4046,1,1,G,11,20,12,12,49,47,19,26,39,78,183,260,505,111,11,6,45,28,6,21,21,16,6,17,6,0,0,0,0,0
G36005904047,1970,1,2,New York,36,Nassau,059,,,4047,A,5600,,Tract 4047,1,1,G,16,5,34,42,21,63,56,78,72,82,241,403,512,111,10,30,42,7,28,6,27,9,5,8,11,19,9,0,0,0
G36005904048,1970,1,2,New York,36,Nassau,059,,,4048,A,5600,,Tract 4048,1,1,G,33,17,37,48,26,49,70,86,77,80,258,246,289,44,0,57,72,71,44,25,63,9,41,0,54,14,33,0,0,0
G36005904049,1970,1,2,New York,36,Nassau,059,,,4049,A,5600,,Tract 4049,1,1,G,40,24,19,33,42,21,99,76,129,107,323,399,662,221,23,33,46,29,40,8,20,24,14,15,4,0,0,0,0,0
G36005904050,1970,1,2,New York,36,Nassau,059,,,4050,A,5600,,Tract 4050,1,1,G,20,5,17,28,23,39,35,58,75,79,204,245,294,64,0,31,45,24,16,7,4,8,4,0,4,0,13,0,0,0
G36005904051,1970,1,2,New York,36,Nassau,059,,,4051,A,5600,,Tract 4051,1,1,G,18,19,10,25,32,14,56,93,82,95,254,364,629,196,8,17,19,7,12,4,13,0,9,5,0,0,0,0,0,0
G36005904052,1970,1,2,New York,36,Nassau,059,,,4052,A,5600,,Tract 4052,1,1,G,22,16,27,21,40,52,52,108,89,70,207,214,343,28,0,59,29,7,5,0,14,19,27,0,11,0,0,0,8,0
G36005904053,1970,1,2,New York,36,Nassau,059,,,4053,A,5600,,Tract 4053,1,1,G,13,39,36,53,69,44,76,65,104,162,323,404,703,115,0,46,33,53,45,25,29,25,11,29,0,14,15,10,0,0
G36005904054,1970,1,2,New York,36,Nassau,059,,,4054,A,5600,,Tract 4054,1,1,G,43,39,58,47,47,49,70,73,120,151,267,391,549,118,0,53,30,10,38,8,9,17,19,4,4,5,0,5,0,0
G36005904055,1970,1,2,New York,36,Nassau,059,,,4055,A,5600,,Tract 4055,1,1,G,16,6,23,25,31,25,50,52,48,35,171,127,344,50,0,14,24,21,11,17,9,8,10,4,5,0,0,0,0,0
G36005904056,1970,1,2,New York,36,Nassau,059,,,4056,A,5600,,Tract 4056,1,1,G,10,25,6,13,19,38,42,64,77,77,260,384,678,134,11,0,12,17,11,7,0,27,8,0,20,28,15,0,0,0
G36005904057,1970,1,2,New York,36,Nassau,059,,,4057,A,5600,,Tract 4057,1,1,G,13,15,10,6,8,18,11,28,47,92,134,298,581,168,16,13,3,9,6,0,0,0,0,12,0,0,0,0,0,0
G36005904058,1970,1,2,New York,36,Nassau,059,,,4058,A,5600,,Tract 4058,1,1,G,0,13,25,5,8,36,27,21,54,34,144,211,463,134,24,10,13,11,13,16,7,9,36,16,12,0,0,11,0,0
G36005904059,1970,1,2,New York,36,Nassau,059,,,4059,A,5600,,Tract 4059,1,1,G,9,12,17,20,18,29,29,39,46,55,123,188,563,370,56,14,9,25,7,13,9,24,0,0,9,10,0,8,0,0
G36005904060,1970,1,2,New York,36,Nassau,059,,,4060,A,5600,,Tract 4060,1,1,G,54,10,28,50,55,59,55,60,127,100,235,334,793,223,24,38,96,34,15,29,23,5,28,28,24,20,10,5,5,0
G36005904061,1970,1,2,New York,36,Nassau,059,,,4061,A,5600,,Tract 4061,1,1,G,13,2,18,9,31,34,27,18,28,18,96,169,328,91,5,19,28,31,11,10,4,5,4,0,5,6,4,4,4,0
G3600590406201,1970,1,2,New York,36,Nassau,059,,,406201,A,5600,,Tract 4062.01,1,1,G,17,5,10,0,20,29,24,18,72,33,115,133,192,39,10,20,29,9,9,0,15,5,0,0,0,0,0,5,5,0
G3600590406202,1970,1,2,New York,36,Nassau,059,,,406202,A,5600,,Tract 4062.02,1,1,G,75,29,15,54,48,35,76,64,64,74,140,230,258,73,0,109,48,29,15,16,16,0,8,12,4,16,5,0,0,0
G36005904063,1970,1,2,New York,36,Nassau,059,,,4063,A,5600,,Tract 4063,1,1,G,12,0,0,19,9,10,30,4,46,29,100,107,454,283,24,22,4,13,14,0,3,19,11,4,4,8,0,11,4,4
G36005904064,1970,1,2,New York,36,Nassau,059,,,4064,A,5600,,Tract 4064,1,1,G,20,9,20,18,29,20,31,26,31,22,93,116,552,584,173,16,48,29,38,39,27,15,22,12,12,33,17,40,23,17
G36005904065,1970,1,2,New York,36,Nassau,059,,,4065,A,5600,,Tract 4065,1,1,G,0,16,31,15,34,17,25,33,42,44,112,251,603,508,166,558,296,68,87,36,32,15,31,60,16,21,21,21,12,5
G36005904066,1970,1,2,New York,36,Nassau,059,,,4066,A,5600,,Tract 4066,1,1,G,24,0,30,12,7,0,34,21,18,26,65,192,590,495,147,19,10,32,16,30,32,32,21,0,4,5,36,29,3,8
G36005904067,1970,1,2,New York,36,Nassau,059,,,4067,A,5600,,Tract 4067,1,1,G,24,16,28,28,51,45,61,64,40,90,156,227,433,194,24,141,118,41,68,96,109,34,70,47,45,64,57,22,23,9
G36005904068,1970,1,2,New York,36,Nassau,059,,,4068,A,5600,,Tract 4068,1,1,G,29,18,52,41,72,116,39,95,81,85,166,240,268,38,10,91,117,65,88,25,64,66,60,70,25,84,29,50,6,0
G36005904069,1970,1,2,New York,36,Nassau,059,,,4069,A,5600,,Tract 4069,1,1,G,30,23,18,65,81,57,73,117,110,130,203,175,288,38,0,169,81,75,45,89,22,45,0,17,14,18,18,6,0,0
G36005904070,1970,1,2,New York,36,Nassau,059,,,4070,A,5600,,Tract 4070,1,1,G,96,32,81,62,105,84,56,70,68,68,107,216,227,60,3,118,120,89,46,56,59,43,15,27,10,10,0,0,0,0
G3600590407101,1970,1,2,New York,36,Nassau,059,,,407101,A,5600,,Tract 4071.01,1,1,G,28,9,5,33,33,57,39,91,63,121,174,138,264,35,0,57,36,11,35,14,19,35,16,0,11,16,0,0,0,0
G3600590407102,1970,1,2,New York,36,Nassau,059,,,407102,A,5600,,Tract 4071.02,1,1,G,5,27,28,13,17,48,35,36,56,99,161,221,328,49,12,7,16,53,10,0,43,0,11,0,0,4,19,0,0,0
G36005904072,1970,1,2,New York,36,Nassau,059,,,4072,A,5600,,Tract 4072,1,1,G,28,25,45,10,43,56,89,115,106,113,307,315,631,185,0,79,113,105,35,75,46,65,38,42,44,54,41,48,0,0
G3600590407301,1970,1,2,New York,36,Nassau,059,,,407301,A,5600,,Tract 4073.01,1,1,G,0,0,0,5,5,4,0,0,18,12,25,25,51,22,0,818,406,96,36,22,0,0,60,4,0,5,0,0,0,0
G3600590407302,1970,1,2,New York,36,Nassau,059,,,407302,A,5600,,Tract 4073.02,1,1,G,5,4,16,23,36,10,26,42,38,49,205,305,406,80,0,33,84,40,5,12,25,0,0,11,0,21,6,0,0,0
G36005904074,1970,1,2,New York,36,Nassau,059,,,4074,A,5600,,Tract 4074,1,1,G,10,5,4,34,32,38,40,71,69,80,292,352,597,100,84,20,47,37,20,14,9,8,9,5,0,9,5,10,5,4
G36005904075,1970,1,2,New York,36,Nassau,059,,,4075,A,5600,,Tract 4075,1,1,G,57,25,23,30,38,55,63,116,119,112,277,407,579,85,11,40,44,6,5,21,26,46,24,28,10,20,0,0,0,0
G36005904076,1970,1,2,New York,36,Nassau,059,,,4076,A,5600,,Tract 4076,1,1,G,15,5,0,15,3,15,11,41,41,64,157,226,567,313,115,8,24,17,24,24,11,0,0,0,0,0,5,0,0,0
G36005904077,1970,1,2,New York,36,Nassau,059,,,4077,A,5600,,Tract 4077,1,1,G,9,9,14,17,5,11,28,35,60,83,212,349,502,97,0,27,12,8,5,10,10,4,6,0,0,4,4,4,0,0
G36005904078,1970,1,2,New York,36,Nassau,059,,,4078,A,5600,,Tract 4078,1,1,G,18,0,17,18,41,0,38,34,46,109,241,383,612,197,11,19,10,10,10,52,35,19,12,27,30,20,17,6,0,0
G36005904079,1970,1,2,New York,36,Nassau,059,,,4079,A,5600,,Tract 4079,1,1,G,21,22,16,19,25,46,70,107,49,51,108,167,409,298,36,7,4,0,2,0,0,6,9,0,5,0,8,0,0,0
G36005904080,1970,1,2,New York,36,Nassau,059,,,4080,A,5600,,Tract 4080,1,1,G,11,10,29,26,26,58,36,75,84,89,220,320,711,210,31,13,9,27,19,0,12,8,5,6,8,2,0,3,0,0
G36005904081,1970,1,2,New York,36,Nassau,059,,,4081,A,5600,,Tract 4081,1,1,G,31,33,17,31,11,50,28,44,67,82,288,358,746,224,19,31,24,10,13,14,14,0,0,7,0,0,0,0,0,0
G36005904082,1970,1,2,New York,36,Nassau,059,,,4082,A,5600,,Tract 4082,1,1,G,17,39,32,8,34,16,54,56,76,170,267,382,581,93,11,22,41,26,5,0,8,5,10,17,0,6,11,0,0,0
G36005904083,1970,1,2,New York,36,Nassau,059,,,4083,A,5600,,Tract 4083,1,1,G,26,9,5,44,54,11,64,61,123,80,298,417,729,113,0,25,23,13,19,4,7,9,14,4,4,13,18,4,0,0
G36005904084,1970,1,2,New York,36,Nassau,059,,,4084,A,5600,,Tract 4084,1,1,G,5,16,9,8,0,25,26,18,54,18,117,258,372,142,3,20,7,0,5,4,0,20,0,5,0,0,9,4,4,0
G36005904085,1970,1,2,New York,36,Nassau,059,,,4085,A,5600,,Tract 4085,1,1,G,7,30,17,28,25,17,52,46,52,83,228,349,669,185,16,28,47,22,20,5,21,19,5,10,0,0,5,0,0,0
G36005904086,1970,1,2,New York,36,Nassau,059,,,4086,A,5600,,Tract 4086,1,1,G,22,23,18,22,11,27,32,40,66,71,261,317,353,92,13,22,60,15,0,11,5,11,0,10,0,17,0,0,0,0
G36005904087,1970,1,2,New York,36,Nassau,059,,,4087,A,5600,,Tract 4087,1,1,G,33,10,27,5,14,20,39,81,82,90,218,275,492,50,5,6,10,8,0,0,6,0,14,7,0,17,11,0,0,0
G36005904088,1970,1,2,New York,36,Nassau,059,,,4088,A,5600,,Tract 4088,1,1,G,30,9,0,10,19,26,24,43,105,99,327,430,645,111,0,48,14,16,4,4,9,9,9,8,0,8,9,0,0,0
G36005904089,1970,1,2,New York,36,Nassau,059,,,4089,A,5600,,Tract 4089,1,1,G,8,36,17,13,30,25,45,59,93,152,270,308,462,53,0,17,28,11,17,6,17,4,7,12,14,6,10,13,0,0
G36005904090,1970,1,2,New York,36,Nassau,059,,,4090,A,5600,,Tract 4090,1,1,G,9,5,19,17,31,30,28,41,88,155,307,396,446,63,0,19,14,14,27,0,18,6,10,5,0,13,10,5,0,0
G36005904091,1970,1,2,New York,36,Nassau,059,,,4091,A,5600,,Tract 4091,1,1,G,36,39,0,0,18,55,39,77,119,117,339,333,430,72,0,27,12,13,0,0,12,16,16,9,6,4,0,4,0,0
G36005904092,1970,1,2,New York,36,Nassau,059,,,4092,A,5600,,Tract 4092,1,1,G,13,26,20,23,33,59,23,65,102,146,360,447,472,92,5,17,19,22,10,18,11,19,15,0,9,13,0,4,0,0
G36005904093,1970,1,2,New York,36,Nassau,059,,,4093,A,5600,,Tract 4093,1,1,G,17,5,0,5,0,13,22,79,59,76,201,351,366,67,6,9,6,6,8,0,0,11,6,0,9,2,13,2,0,0
G36005904094,1970,1,2,New York,36,Nassau,059,,,4094,A,5600,,Tract 4094,1,1,G,10,5,0,5,0,5,21,20,51,108,190,278,496,147,23,19,0,0,11,0,5,5,4,0,0,8,0,0,0,0
G36005904095,1970,1,2,New York,36,Nassau,059,,,4095,A,5600,,Tract 4095,1,1,G,6,5,5,16,13,16,35,40,55,69,225,279,460,68,10,11,20,4,5,0,5,4,0,0,5,0,0,5,0,0
G36005904096,1970,1,2,New York,36,Nassau,059,,,4096,A,5600,,Tract 4096,1,1,G,22,23,9,23,14,42,38,16,54,65,163,324,710,110,12,0,12,11,0,0,10,6,0,4,0,7,0,0,0,0
G36005904097,1970,1,2,New York,36,Nassau,059,,,4097,A,5600,,Tract 4097,1,1,G,20,5,7,5,17,8,8,65,22,27,161,310,414,115,10,11,7,9,8,0,6,4,4,5,8,5,0,6,0,0
G36005904098,1970,1,2,New York,36,Nassau,059,,,4098,A,5600,,Tract 4098,1,1,G,4,19,12,11,8,23,38,48,61,38,143,201,417,140,31,4,0,21,0,9,0,19,0,10,0,10,10,0,4,0
G36005904099,1970,1,2,New York,36,Nassau,059,,,4099,A,5600,,Tract 4099,1,1,G,33,9,62,64,32,60,45,64,71,53,286,276,584,160,46,28,63,9,26,19,33,23,0,0,0,14,18,19,0,0
G36005904100,1970,1,2,New York,36,Nassau,059,,,4100,A,5600,,Tract 4100,1,1,G,8,18,10,5,5,6,11,20,29,46,118,139,398,200,35,25,10,0,0,0,0,5,5,6,0,5,4,0,0,0
G36005904101,1970,1,2,New York,36,Nassau,059,,,4101,A,5600,,Tract 4101,1,1,G,0,10,21,31,19,30,15,40,78,65,177,267,745,321,35,15,23,18,28,35,6,5,4,5,0,10,9,14,5,0
G36005904102,1970,1,2,New York,36,Nassau,059,,,4102,A,5600,,Tract 4102,1,1,G,6,10,19,6,10,29,50,55,62,45,133,163,327,171,5,8,14,20,29,14,5,26,31,11,9,5,11,14,0,0
G36005904103,1970,1,2,New York,36,Nassau,059,,,4103,A,5600,,Tract 4103,1,1,G,29,40,25,53,42,69,39,81,94,77,287,281,528,118,10,58,6,18,0,19,24,22,13,7,17,18,6,0,0,0
G36005904104,1970,1,2,New York,36,Nassau,059,,,4104,A,5600,,Tract 4104,1,1,G,5,20,37,34,21,29,49,70,74,64,187,272,404,77,13,30,40,18,14,11,0,6,9,0,11,0,0,4,0,0
G36005904105,1970,1,2,New York,36,Nassau,059,,,4105,A,5600,,Tract 4105,1,1,G,16,13,35,51,47,46,53,100,87,99,284,358,518,143,0,36,61,14,17,18,34,24,53,6,11,20,24,15,0,0
G36005904106,1970,1,2,New York,36,Nassau,059,,,4106,A,5600,,Tract 4106,1,1,G,15,17,24,18,17,83,79,54,123,83,223,402,854,228,12,39,42,39,47,0,32,5,0,7,17,17,23,11,0,0
G36005904107,1970,1,2,New York,36,Nassau,059,,,4107,A,5600,,Tract 4107,1,1,G,17,11,53,23,37,58,52,95,59,73,239,333,608,179,0,23,64,35,22,24,16,15,23,32,0,7,7,5,0,0
G36005904108,1970,1,2,New York,36,Nassau,059,,,4108,A,5600,,Tract 4108,1,1,G,26,20,16,37,22,10,32,95,82,80,225,319,442,209,34,23,53,28,21,18,25,16,4,4,0,0,10,0,4,0
G36005904109,1970,1,2,New York,36,Nassau,059,,,4109,A,5600,,Tract 4109,1,1,G,6,15,28,29,17,18,38,15,35,37,163,189,657,408,101,21,56,48,25,21,12,5,22,0,5,20,5,0,0,0
G36005904110,1970,1,2,New York,36,Nassau,059,,,4110,A,5600,,Tract 4110,1,1,G,17,55,18,52,53,30,69,119,84,90,187,226,270,31,7,66,69,46,13,27,5,5,7,11,20,0,7,0,0,0
G36005904111,1970,1,2,New York,36,Nassau,059,,,4111,A,5600,,Tract 4111,1,1,G,52,23,33,30,49,83,77,106,72,63,110,70,104,0,0,93,88,76,34,44,13,27,23,19,5,5,0,0,0,0
G36005904112,1970,1,2,New York,36,Nassau,059,,,4112,A,5600,,Tract 4112,1,1,G,42,21,53,29,34,58,60,67,63,87,189,170,588,346,61,72,63,86,37,25,27,10,10,5,21,39,51,33,14,5
G3600590411301,1970,1,2,New York,36,Nassau,059,,,411301,A,5600,,Tract 4113.01,1,1,G,5,0,5,5,5,7,0,0,19,24,57,107,386,446,112,5,14,0,0,5,0,0,0,0,0,0,0,0,4,0
G3600590411302,1970,1,2,New York,36,Nassau,059,,,411302,A,5600,,Tract 4113.02,1,1,G,16,5,19,5,14,9,14,21,39,40,110,177,654,599,258,43,6,20,19,0,5,5,0,3,0,9,6,4,4,0
G36005904114,1970,1,2,New York,36,Nassau,059,,,4114,A,5600,,Tract 4114,1,1,G,22,14,43,30,10,29,26,37,66,56,156,205,475,518,146,28,62,38,37,24,20,25,26,10,10,25,5,16,0,0
G36005904115,1970,1,2,New York,36,Nassau,059,,,4115,A,5600,,Tract 4115,1,1,G,9,10,0,6,5,0,5,17,10,11,48,49,164,260,318,17,35,47,88,20,5,6,4,0,0,0,4,4,24,6
G36005904116,1970,1,2,New York,36,Nassau,059,,,4116,A,5600,,Tract 4116,1,1,G,29,6,5,16,13,31,67,35,26,33,67,125,367,658,289,84,67,70,76,63,14,46,6,6,0,5,17,0,12,6
G36005904117,1970,1,2,New York,36,Nassau,059,,,4117,A,5600,,Tract 4117,1,1,G,23,20,31,42,22,41,86,63,80,100,158,210,581,357,71,42,59,54,29,28,19,32,30,11,16,29,21,17,12,6
G36005904118,1970,1,2,New York,36,Nassau,059,,,4118,A,5600,,Tract 4118,1,1,G,17,25,70,58,41,52,61,108,83,123,256,361,632,231,10,61,129,46,40,44,45,27,21,28,11,20,26,12,0,0
G36005904119,1970,1,2,New York,36,Nassau,059,,,4119,A,5600,,Tract 4119,1,1,G,11,28,62,42,64,57,119,100,147,176,273,290,698,250,51,53,73,66,39,43,50,40,43,26,35,37,25,15,8,0
G36005904120,1970,1,2,New York,36,Nassau,059,,,4120,A,5600,,Tract 4120,1,1,G,15,34,29,40,26,58,68,64,128,92,302,331,552,135,5,44,110,48,25,9,22,26,20,18,9,26,0,5,4,0
G36005904121,1970,1,2,New York,36,Nassau,059,,,4121,A,5600,,Tract 4121,1,1,G,12,21,5,15,38,40,67,62,46,71,282,241,624,197,46,59,86,69,39,36,53,35,34,30,31,25,36,16,4,0
G36005904122,1970,1,2,New York,36,Nassau,059,,,4122,A,5600,,Tract 4122,1,1,G,23,20,24,22,34,33,42,78,58,111,204,232,560,192,27,41,46,51,34,34,0,18,25,12,0,28,0,18,0,0
G36005904123,1970,1,2,New York,36,Nassau,059,,,4123,A,5600,,Tract 4123,1,1,G,40,35,68,56,32,67,94,83,111,99,221,415,564,207,25,93,128,59,108,124,100,55,45,34,19,73,27,14,3,3
G36005904124,1970,1,2,New York,36,Nassau,059,,,4124,A,5600,,Tract 4124,1,1,G,67,48,28,45,44,74,66,42,62,81,189,172,409,108,21,39,118,66,72,63,44,38,31,49,14,33,23,45,4,0
G36005904125,1970,1,2,New York,36,Nassau,059,,,4125,A,5600,,Tract 4125,1,1,G,0,13,17,10,11,17,37,20,32,62,104,167,435,239,31,12,14,45,21,8,17,5,12,13,0,8,0,4,11,0
G36005904126,1970,1,2,New York,36,Nassau,059,,,4126,A,5600,,Tract 4126,1,1,G,14,0,0,0,0,6,9,5,0,15,19,71,261,469,220,33,49,50,36,11,9,5,13,5,20,10,25,9,6,0
G36005904127,1970,1,2,New York,36,Nassau,059,,,4127,A,5600,,Tract 4127,1,1,G,24,4,8,6,29,18,6,16,22,27,53,103,466,438,62,9,5,15,21,9,13,8,0,14,4,10,0,0,6,0
G36005904128,1970,1,2,New York,36,Nassau,059,,,4128,A,5600,,Tract 4128,1,1,G,13,9,9,9,15,4,49,29,27,45,128,96,307,108,32,32,18,16,0,0,0,5,9,0,0,0,0,0,0,0
G36005904129,1970,1,2,New York,36,Nassau,059,,,4129,A,5600,,Tract 4129,1,1,G,13,14,43,12,28,33,7,66,55,64,209,258,564,236,11,7,31,31,23,5,12,4,3,0,7,9,0,0,0,0
G3600590413001,1970,1,2,New York,36,Nassau,059,,,413001,A,5600,,Tract 4130.01,1,1,G,5,0,17,16,22,68,28,71,44,55,161,193,318,95,14,25,46,15,24,27,12,11,10,4,4,15,4,9,0,0
G3600590413002,1970,1,2,New York,36,Nassau,059,,,413002,A,5600,,Tract 4130.02,1,1,G,13,6,34,33,34,28,35,35,71,61,191,186,414,99,13,12,26,39,15,5,6,0,19,5,0,9,0,14,0,0
G36005904131,1970,1,2,New York,36,Nassau,059,,,4131,A,5600,,Tract 4131,1,1,G,23,23,26,9,20,45,16,32,79,66,205,275,427,191,15,69,28,29,29,10,0,10,23,9,17,18,24,0,4,0
G36005904132,1970,1,2,New York,36,Nassau,059,,,4132,A,5600,,Tract 4132,1,1,G,12,0,9,13,36,21,20,58,44,73,153,247,486,197,27,28,15,27,10,5,4,27,0,0,5,6,5,5,0,0
G36005904133,1970,1,2,New York,36,Nassau,059,,,4133,A,5600,,Tract 4133,1,1,G,11,5,19,19,22,37,44,45,66,69,310,357,752,238,16,10,14,16,14,5,11,17,0,5,13,5,5,6,0,0
G36005904134,1970,1,2,New York,36,Nassau,059,,,4134,A,5600,,Tract 4134,1,1,G,0,4,36,27,30,27,32,28,42,49,157,371,573,370,43,13,16,20,20,0,0,6,0,5,0,6,0,0,0,0
G36005904135,1970,1,2,New York,36,Nassau,059,,,4135,A,5600,,Tract 4135,1,1,G,11,17,12,18,22,27,47,46,52,86,288,459,606,313,20,7,40,24,24,35,11,7,4,0,0,4,31,7,0,0
G36005904136,1970,1,2,New York,36,Nassau,059,,,4136,A,5600,,Tract 4136,1,1,G,17,30,41,40,24,53,52,59,83,94,171,248,407,180,10,70,41,41,21,15,14,21,26,19,15,20,38,11,0,0
G36005904137,1970,1,2,New York,36,Nassau,059,,,4137,A,5600,,Tract 4137,1,1,G,0,6,10,29,34,25,45,83,105,55,175,240,487,213,17,22,43,62,17,12,10,25,14,5,4,7,15,0,8,0
G36005904138,1970,1,2,New York,36,Nassau,059,,,4138,A,5600,,Tract 4138,1,1,G,5,6,8,44,37,39,76,52,59,131,261,282,776,339,59,19,22,38,14,13,19,0,0,8,5,5,0,5,5,0
G36005904139,1970,1,2,New York,36,Nassau,059,,,4139,A,5600,,Tract 4139,1,1,G,51,29,48,66,64,70,110,59,132,69,236,209,324,59,4,61,93,34,57,42,34,30,36,11,21,16,0,4,3,0
G36005904140,1970,1,2,New York,36,Nassau,059,,,4140,A,5600,,Tract 4140,1,1,G,99,21,23,50,103,83,85,104,66,75,216,312,497,53,4,52,64,78,71,17,35,40,52,22,0,31,5,0,0,0
G36005904141,1970,1,2,New York,36,Nassau,059,,,4141,A,5600,,Tract 4141,1,1,G,40,12,9,39,49,65,63,64,81,125,141,203,373,235,57,58,87,25,23,31,34,19,47,6,11,10,4,19,0,0
G36005904142,1970,1,2,New York,36,Nassau,059,,,4142,A,5600,,Tract 4142,1,1,G,39,10,33,76,80,56,91,55,124,129,198,370,613,199,38,45,89,97,116,63,97,37,32,43,22,40,42,33,14,6
G3600590414301,1970,1,2,New York,36,Nassau,059,,,414301,A,5600,,Tract 4143.01,1,1,G,4,6,29,40,19,35,28,48,39,36,100,129,191,50,0,27,78,44,35,32,29,29,27,42,24,11,29,12,4,0
G3600590414302,1970,1,2,New York,36,Nassau,059,,,414302,A,5600,,Tract 4143.02,1,1,G,22,28,33,90,49,69,57,121,128,69,202,272,534,153,11,118,148,115,66,38,66,26,42,34,20,40,15,44,6,0
G36005904144,1970,1,2,New York,36,Nassau,059,,,4144,A,5600,,Tract 4144,1,1,G,69,29,72,62,29,49,85,72,71,74,140,117,253,83,11,182,122,119,42,48,9,55,21,43,22,10,17,7,0,5
G3600590414501,1970,1,2,New York,36,Nassau,059,,,414501,A,5600,,Tract 4145.01,1,1,G,18,11,0,20,25,58,32,53,112,57,219,246,524,160,17,27,28,46,6,21,6,0,0,8,0,7,0,15,0,0
G3600590414502,1970,1,2,New York,36,Nassau,059,,,414502,A,5600,,Tract 4145.02,1,1,G,21,10,4,0,29,26,59,73,86,65,171,264,390,55,16,19,33,40,12,19,18,18,20,18,6,6,23,0,0,0
G36005904146,1970,1,2,New York,36,Nassau,059,,,4146,A,5600,,Tract 4146,1,1,G,9,0,10,22,20,23,6,51,16,41,125,195,361,159,4,18,7,20,6,5,12,4,0,0,0,7,0,9,0,0
G36005904147,1970,1,2,New York,36,Nassau,059,,,4147,A,5600,,Tract 4147,1,1,G,22,11,31,14,22,23,31,48,38,63,158,205,434,140,10,18,12,24,22,14,16,17,0,0,0,8,4,4,5,0
G36005904148,1970,1,2,New York,36,Nassau,059,,,4148,A,5600,,Tract 4148,1,1,G,4,0,24,19,32,22,55,75,100,115,303,352,579,117,10,37,63,18,13,4,0,27,24,13,4,8,0,4,0,0
G36005904149,1970,1,2,New York,36,Nassau,059,,,4149,A,5600,,Tract 4149,1,1,G,5,20,22,10,33,46,50,57,79,88,274,375,750,190,24,49,10,24,11,16,0,12,8,5,5,14,0,0,0,0
G36005904150,1970,1,2,New York,36,Nassau,059,,,4150,A,5600,,Tract 4150,1,1,G,18,28,33,25,18,19,60,77,53,79,250,355,601,70,0,65,35,13,14,20,8,0,16,4,10,21,11,9,0,0
G3600590415101,1970,1,2,New York,36,Nassau,059,,,415101,A,5600,,Tract 4151.01,1,1,G,5,6,5,0,12,16,28,31,56,35,131,153,307,96,30,0,17,5,10,11,11,5,0,11,6,0,0,5,0,0
G3600590415102,1970,1,2,New York,36,Nassau,059,,,415102,A,5600,,Tract 4151.02,1,1,G,0,0,9,0,11,4,6,21,28,28,99,201,628,442,108,14,25,0,10,3,0,0,0,0,0,0,5,0,0,0
G3600590415201,1970,1,2,New York,36,Nassau,059,,,415201,A,5600,,Tract 4152.01,1,1,G,15,10,13,6,19,4,15,50,20,43,119,138,355,292,97,8,37,22,9,10,0,5,9,0,13,8,14,4,4,0
G3600590415202,1970,1,2,New York,36,Nassau,059,,,415202,A,5600,,Tract 4152.02,1,1,G,5,0,0,5,15,10,11,14,37,16,82,152,422,366,50,5,12,4,5,11,0,5,0,4,0,0,0,6,0,0
G36005904153,1970,1,2,New York,36,Nassau,059,,,4153,A,5600,,Tract 4153,1,1,G,15,16,28,11,24,47,51,54,80,101,232,362,477,96,10,17,73,19,21,19,14,21,6,23,0,0,0,6,0,0
G3600590415401,1970,1,2,New York,36,Nassau,059,,,415401,A,5600,,Tract 4154.01,1,1,G,21,41,39,19,31,26,65,87,35,91,269,296,609,142,23,54,37,48,33,11,11,11,3,0,11,0,11,10,0,0
G3600590415402,1970,1,2,New York,36,Nassau,059,,,415402,A,5600,,Tract 4154.02,1,1,G,3,0,9,21,19,19,37,22,40,38,101,225,480,201,12,0,14,14,6,6,5,13,0,0,0,6,5,0,0,0
G36005904155,1970,1,2,New York,36,Nassau,059,,,4155,A,5600,,Tract 4155,1,1,G,0,0,0,10,0,20,4,9,48,39,83,199,360,121,0,0,17,6,0,0,9,4,0,0,0,0,0,0,0,0
G36005904156,1970,1,2,New York,36,Nassau,059,,,4156,A,5600,,Tract 4156,1,1,G,11,11,0,16,11,20,37,32,11,38,165,241,554,162,10,0,7,19,10,10,5,14,5,0,0,4,0,4,0,0
G36005904157,1970,1,2,New York,36,Nassau,059,,,4157,A,5600,,Tract 4157,1,1,G,20,25,25,8,17,8,43,46,64,46,264,403,585,131,4,14,19,13,4,14,18,14,31,0,0,17,19,12,0,0
G36005904158,1970,1,2,New York,36,Nassau,059,,,4158,A,5600,,Tract 4158,1,1,G,0,9,28,16,59,48,30,83,83,100,247,272,965,322,22,8,60,25,10,10,14,11,13,0,7,5,15,5,0,0
G36005904159,1970,1,2,New York,36,Nassau,059,,,4159,A,5600,,Tract 4159,1,1,G,10,20,12,22,14,19,35,41,37,23,182,290,617,181,10,37,30,8,16,19,5,5,0,14,0,0,13,10,0,0
G36005904160,1970,1,2,New York,36,Nassau,059,,,4160,A,5600,,Tract 4160,1,1,G,10,14,17,20,14,14,26,15,47,51,121,225,454,88,0,38,32,46,8,7,7,0,0,0,0,7,0,15,0,0
G36005904161,1970,1,2,New York,36,Nassau,059,,,4161,A,5600,,Tract 4161,1,1,G,15,5,30,21,33,22,53,76,109,117,237,270,509,70,0,29,29,0,11,8,5,0,16,18,5,4,8,18,0,0
G3600590416201,1970,1,2,New York,36,Nassau,059,,,416201,A,5600,,Tract 4162.01,1,1,G,22,16,20,25,8,32,36,30,49,46,73,115,353,88,18,21,0,16,0,7,0,7,0,0,5,0,0,0,0,0
G3600590416202,1970,1,2,New York,36,Nassau,059,,,416202,A,5600,,Tract 4162.02,1,1,G,24,21,74,29,62,44,56,92,118,86,268,192,280,27,6,43,69,47,20,15,32,16,24,0,0,6,7,0,0,0
G36005904163,1970,1,2,New York,36,Nassau,059,,,4163,A,5600,,Tract 4163,1,1,G,10,10,10,10,16,26,23,44,52,41,65,115,291,158,52,20,34,29,40,9,40,9,11,12,20,28,15,10,32,0
G36005904164,1970,1,2,New York,36,Nassau,059,,,4164,A,5600,,Tract 4164,1,1,G,46,37,54,85,82,87,77,77,71,108,180,253,265,95,35,113,140,80,49,23,34,9,32,16,27,21,10,31,0,0
G36005904165,1970,1,2,New York,36,Nassau,059,,,4165,A,5600,,Tract 4165,1,1,G,46,33,68,87,62,56,66,94,81,77,114,232,219,102,0,101,83,74,34,38,0,6,5,13,5,21,7,7,0,0
G36005904166,1970,1,2,New York,36,Nassau,059,,,4166,A,5600,,Tract 4166,1,1,G,60,30,70,32,74,57,47,88,76,38,117,147,281,178,31,575,615,387,118,102,85,14,89,20,31,58,34,32,17,5
G36005904167,1970,1,2,New York,36,Nassau,059,,,4167,A,5600,,Tract 4167,1,1,G,42,65,131,155,99,127,101,136,69,135,263,279,595,304,72,309,274,260,112,43,92,90,77,58,36,35,50,33,6,0
G36005904168,1970,1,2,New York,36,Nassau,059,,,4168,A,5600,,Tract 4168,1,1,G,33,37,22,32,52,37,73,65,68,57,182,286,630,294,24,49,66,25,20,53,18,34,52,47,10,41,40,26,28,6
G36005904169,1970,1,2,New York,36,Nassau,059,,,4169,A,5600,,Tract 4169,1,1,G,4,30,13,21,15,6,8,10,26,32,93,178,320,292,81,20,25,15,40,12,23,11,19,6,16,36,17,17,5,0
G36005905170,1970,1,2,New York,36,Nassau,059,,,5170,A,5600,,Tract 5170,1,1,G,10,5,0,7,4,6,14,17,23,43,103,102,300,152,58,136,39,34,47,17,0,8,0,4,0,22,0,5,10,9
G36005905171,1970,1,2,New York,36,Nassau,059,,,5171,A,5600,,Tract 5171,1,1,G,21,23,41,63,32,34,93,111,90,75,210,332,511,202,18,28,41,72,53,32,32,24,27,13,5,18,23,0,0,0
G36005905172,1970,1,2,New York,36,Nassau,059,,,5172,A,5600,,Tract 5172,1,1,G,91,29,56,56,34,76,68,100,117,88,210,203,338,111,5,194,58,31,48,32,58,68,19,10,28,30,9,6,6,0
G36005905173,1970,1,2,New York,36,Nassau,059,,,5173,A,5600,,Tract 5173,1,1,G,38,41,28,53,44,71,115,143,109,112,258,249,600,243,54,48,51,50,66,52,39,0,54,17,10,45,15,6,5,5
G36005905174,1970,1,2,New York,36,Nassau,059,,,5174,A,5600,,Tract 5174,1,1,G,20,21,52,40,39,17,65,71,69,51,139,194,545,201,25,119,50,116,41,36,15,51,32,11,9,11,24,17,6,0
G36005905175,1970,1,2,New York,36,Nassau,059,,,5175,A,5600,,Tract 5175,1,1,G,5,12,21,4,21,20,14,23,9,33,126,167,350,207,20,18,25,5,6,23,5,17,13,12,4,21,0,7,9,0
G36005905176,1970,1,2,New York,36,Nassau,059,,,5176,A,5600,,Tract 5176,1,1,G,11,5,8,32,22,19,48,40,78,31,184,160,401,132,20,12,31,33,5,11,33,14,5,0,0,12,10,17,12,0
G3600590517701,1970,1,2,New York,36,Nassau,059,,,517701,A,5600,,Tract 5177.01,1,1,G,0,4,14,4,4,27,13,12,30,20,64,109,310,451,336,49,21,74,35,64,33,5,8,16,10,21,8,6,17,0
G3600590517702,1970,1,2,New York,36,Nassau,059,,,517702,A,5600,,Tract 5177.02,1,1,G,8,0,6,0,0,0,5,7,15,16,6,25,81,158,130,1030,348,123,25,40,6,0,5,5,0,11,21,14,0,21
G3600590517801,1970,1,2,New York,36,Nassau,059,,,517801,A,5600,,Tract 5178.01,1,1,G,16,0,3,0,11,22,16,33,23,28,65,83,160,280,173,85,24,10,65,20,5,10,5,6,4,21,11,5,14,0
G3600590517802,1970,1,2,New York,36,Nassau,059,,,517802,A,5600,,Tract 5178.02,1,1,G,28,37,26,10,17,40,42,19,19,57,149,158,276,118,38,67,16,41,10,12,13,10,20,4,4,11,4,5,4,0
G36005905179,1970,1,2,New York,36,Nassau,059,,,5179,A,5600,,Tract 5179,1,1,G,17,10,35,18,40,96,73,103,63,105,175,354,506,135,71,79,40,32,20,43,25,5,53,10,15,29,9,18,3,0
G36005905180,1970,1,2,New York,36,Nassau,059,,,5180,A,5600,,Tract 5180,1,1,G,26,39,48,28,7,63,95,75,141,103,164,231,419,259,42,92,147,71,12,41,26,37,42,13,20,25,0,15,5,0
G36005905181,1970,1,2,New York,36,Nassau,059,,,5181,A,5600,,Tract 5181,1,1,G,0,0,17,18,4,19,16,8,25,59,106,75,192,155,65,6,5,7,10,0,11,15,5,5,0,0,5,0,5,6
G3600590518201,1970,1,2,New York,36,Nassau,059,,,518201,A,5600,,Tract 5182.01,1,1,G,0,11,0,5,0,0,14,11,0,15,29,51,215,253,159,9,20,19,29,16,40,5,4,0,0,5,18,0,11,0
G3600590518202,1970,1,2,New York,36,Nassau,059,,,518202,A,5600,,Tract 5182.02,1,1,G,10,0,19,12,0,11,7,29,10,0,26,88,275,419,122,29,0,22,11,10,19,9,0,8,2,4,0,0,0,0
G36005905183,1970,1,2,New York,36,Nassau,059,,,5183,A,5600,,Tract 5183,1,1,G,0,11,8,42,7,4,48,36,46,52,176,204,564,354,52,31,68,8,27,17,28,4,7,0,6,2,4,5,0,0
G36005905184,1970,1,2,New York,36,Nassau,059,,,5184,A,5600,,Tract 5184,1,1,G,0,4,0,0,9,0,40,34,20,44,73,148,422,146,12,48,22,25,7,24,0,7,0,0,0,12,14,0,0,0
G3600590518501,1970,1,2,New York,36,Nassau,059,,,518501,A,5600,,Tract 5185.01,1,1,G,23,26,16,12,0,23,25,15,26,20,52,128,603,322,41,42,10,20,29,5,6,5,0,10,5,10,10,0,0,0
G3600590518502,1970,1,2,New York,36,Nassau,059,,,518502,A,5600,,Tract 5185.02,1,1,G,9,0,0,24,21,49,11,21,36,38,67,183,320,131,0,4,17,5,13,12,4,0,14,27,5,10,5,22,4,0
G36005905186,1970,1,2,New York,36,Nassau,059,,,5186,A,5600,,Tract 5186,1,1,G,4,0,0,11,10,6,12,20,19,26,33,138,593,369,32,45,5,4,0,16,0,0,5,0,6,0,0,6,0,0
G36005905187,1970,1,2,New York,36,Nassau,059,,,5187,A,5600,,Tract 5187,1,1,G,0,0,22,0,33,14,17,33,48,46,213,366,728,314,23,14,14,12,15,12,0,5,15,10,16,0,16,0,5,0
G36005905188,1970,1,2,New York,36,Nassau,059,,,5188,A,5600,,Tract 5188,1,1,G,27,0,10,7,4,0,16,15,10,10,69,148,452,227,15,3,0,10,0,0,4,0,6,0,5,0,0,8,0,0
G36005905189,1970,1,2,New York,36,Nassau,059,,,5189,A,5600,,Tract 5189,1,1,G,5,16,23,20,10,59,60,51,118,74,300,436,663,174,15,12,18,25,9,23,13,11,25,5,10,11,5,3,3,0
G36005905190,1970,1,2,New York,36,Nassau,059,,,5190,A,5600,,Tract 5190,1,1,G,26,23,34,15,10,38,35,41,74,89,285,394,649,112,0,35,17,13,7,7,16,21,7,0,6,14,14,7,0,0
G36005905191,1970,1,2,New York,36,Nassau,059,,,5191,A,5600,,Tract 5191,1,1,G,3,9,28,12,22,32,51,27,41,59,170,285,487,98,9,34,30,40,15,3,7,18,9,0,7,7,10,6,0,0
G36005905192,1970,1,2,New York,36,Nassau,059,,,5192,A,5600,,Tract 5192,1,1,G,15,11,9,14,14,47,56,58,75,113,297,377,573,122,5,15,15,5,0,15,8,10,0,9,5,4,13,0,0,0
G36005905193,1970,1,2,New York,36,Nassau,059,,,5193,A,5600,,Tract 5193,1,1,G,32,10,13,20,33,28,34,50,90,79,230,320,438,95,5,36,94,57,26,32,24,30,36,6,7,30,37,5,0,0
G36005905194,1970,1,2,New York,36,Nassau,059,,,5194,A,5600,,Tract 5194,1,1,G,8,8,11,19,12,10,30,63,49,71,175,329,456,122,0,22,31,3,11,14,18,0,10,18,11,8,8,7,0,0
G36005905195,1970,1,2,New York,36,Nassau,059,,,5195,A,5600,,Tract 5195,1,1,G,0,6,9,18,17,4,55,64,55,38,265,375,653,179,5,24,23,8,4,10,6,0,4,10,0,9,0,8,4,0
G3600590519601,1970,1,2,New York,36,Nassau,059,,,519601,A,5600,,Tract 5196.01,1,1,G,11,15,5,18,0,16,36,44,51,55,161,306,470,125,0,9,4,4,5,8,4,4,4,8,4,0,0,0,0,0
G3600590519602,1970,1,2,New York,36,Nassau,059,,,519602,A,5600,,Tract 5196.02,1,1,G,0,0,21,3,5,8,4,43,5,14,84,121,267,164,4,18,0,0,0,0,0,4,3,2,0,0,5,0,4,0
G3600590519702,1970,1,2,New York,36,Nassau,059,,,519702,A,5600,,Tract 5197.02,1,1,G,9,0,5,25,0,0,8,21,10,27,77,234,548,348,19,0,9,0,7,0,0,9,0,3,0,0,0,0,0,0
G3600590519703,1970,1,2,New York,36,Nassau,059,,,519703,A,5600,,Tract 5197.03,1,1,G,0,0,4,9,10,0,21,38,35,31,102,151,502,125,16,4,6,0,0,0,0,6,4,0,5,6,0,0,0,0
G3600590519704,1970,1,2,New York,36,Nassau,059,,,519704,A,5600,,Tract 5197.04,1,1,G,8,0,3,9,16,19,21,24,29,25,138,204,392,140,0,11,0,0,11,0,0,7,5,0,0,0,4,0,5,0
G3600590519801,1970,1,2,New York,36,Nassau,059,,,519801,A,5600,,Tract 5198.01,1,1,G,0,0,6,14,0,15,13,8,14,22,87,144,185,60,15,6,13,0,0,4,0,0,0,5,4,0,0,0,0,0
G3600590519802,1970,1,2,New York,36,Nassau,059,,,519802,A,5600,,Tract 5198.02,1,1,G,14,12,9,5,23,15,15,29,76,55,179,472,745,171,15,15,5,9,0,5,0,0,0,0,4,0,0,5,0,0
G36005905199,1970,1,2,New York,36,Nassau,059,,,5199,A,5600,,Tract 5199,1,1,G,14,9,0,24,18,14,27,58,36,110,172,345,586,148,0,30,5,9,9,14,14,6,0,0,0,14,0,0,11,0
G3600590520001,1970,1,2,New York,36,Nassau,059,,,520001,A,5600,,Tract 5200.01,1,1,G,11,36,27,5,24,32,53,78,59,116,357,357,564,46,0,14,37,8,14,5,35,25,4,9,3,6,8,9,0,0
G3600590520002,1970,1,2,New York,36,Nassau,059,,,520002,A,5600,,Tract 5200.02,1,1,G,4,17,6,6,31,30,22,30,56,70,106,270,400,112,6,25,19,4,9,5,9,9,9,9,0,4,0,0,0,0
G36005905201,1970,1,2,New York,36,Nassau,059,,,5201,A,5600,,Tract 5201,1,1,G,5,24,8,10,3,24,32,25,84,66,79,241,733,270,28,16,5,5,0,12,29,10,6,6,0,6,0,14,0,0
G36005905202,1970,1,2,New York,36,Nassau,059,,,5202,A,5600,,Tract 5202,1,1,G,11,6,6,0,0,5,20,37,38,68,160,245,315,58,0,4,10,5,10,5,4,16,10,5,0,5,0,5,0,0
G36005905203,1970,1,2,New York,36,Nassau,059,,,5203,A,5600,,Tract 5203,1,1,G,26,28,8,22,20,25,25,66,75,74,236,357,601,96,0,51,30,5,5,14,4,0,14,9,0,6,0,4,0,0
G36005905204,1970,1,2,New York,36,Nassau,059,,,5204,A,5600,,Tract 5204,1,1,G,55,59,61,65,43,106,111,116,116,107,362,413,681,248,20,114,108,53,88,44,37,15,24,28,11,48,53,26,0,0
G3600590520501,1970,1,2,New York,36,Nassau,059,,,520501,A,5600,,Tract 5205.01,1,1,G,0,6,10,5,39,22,11,49,37,84,221,288,376,50,0,20,4,0,7,0,13,0,0,11,0,5,4,4,5,0
G3600590520502,1970,1,2,New York,36,Nassau,059,,,520502,A,5600,,Tract 5205.02,1,1,G,13,11,11,0,19,14,24,41,52,82,249,440,470,91,0,32,16,0,5,0,0,0,0,6,0,7,7,0,0,0
G36005905206,1970,1,2,New York,36,Nassau,059,,,5206,A,5600,,Tract 5206,1,1,G,0,11,8,30,37,49,21,48,96,101,352,428,771,66,0,74,42,23,9,16,17,3,3,8,17,3,14,11,4,0
G36005905207,1970,1,2,New York,36,Nassau,059,,,5207,A,5600,,Tract 5207,1,1,G,11,18,22,11,14,51,37,41,51,54,265,309,527,65,24,11,6,5,5,0,5,0,7,0,0,0,0,0,0,0
G36005905208,1970,1,2,New York,36,Nassau,059,,,5208,A,5600,,Tract 5208,1,1,G,0,18,5,13,17,13,17,12,38,61,199,293,450,62,5,6,8,4,5,3,0,4,0,0,0,0,4,3,0,0
G36005905209,1970,1,2,New York,36,Nassau,059,,,5209,A,5600,,Tract 5209,1,1,G,0,25,5,12,0,16,13,26,66,88,135,245,441,158,10,8,18,13,0,0,0,5,0,4,0,3,3,0,0,0
G36005905210,1970,1,2,New York,36,Nassau,059,,,5210,A,5600,,Tract 5210,1,1,G,4,14,43,30,21,12,32,34,73,91,308,363,505,57,0,19,5,16,10,4,9,0,0,7,0,0,4,0,0,0
G36005905211,1970,1,2,New York,36,Nassau,059,,,5211,A,5600,,Tract 5211,1,1,G,6,15,26,27,5,16,31,28,27,82,259,343,472,114,5,12,18,19,6,7,7,8,4,0,0,0,7,0,0,0
G36005905212,1970,1,2,New York,36,Nassau,059,,,5212,A,5600,,Tract 5212,1,1,G,0,4,10,7,31,16,33,28,31,62,145,168,242,42,7,4,12,32,6,23,11,0,7,8,16,11,4,5,0,0
G3600590521301,1970,1,2,New York,36,Nassau,059,,,521301,A,5600,,Tract 5213.01,1,1,G,5,32,13,5,12,28,10,32,40,49,86,90,176,33,28,20,14,27,0,0,0,0,12,0,5,0,5,0,0,0
G3600590521302,1970,1,2,New York,36,Nassau,059,,,521302,A,5600,,Tract 5213.02,1,1,G,11,35,18,21,9,11,31,52,73,64,239,306,582,192,14,34,7,15,19,17,5,3,7,0,4,0,4,4,5,0
G36005905214,1970,1,2,New York,36,Nassau,059,,,5214,A,5600,,Tract 5214,1,1,G,41,11,5,11,15,27,19,28,27,25,231,279,743,458,50,16,68,15,9,7,12,17,6,12,6,8,8,0,13,0
G36005905215,1970,1,2,New York,36,Nassau,059,,,5215,A,5600,,Tract 5215,1,1,G,5,27,0,17,12,10,26,5,41,44,212,351,559,127,5,11,0,0,11,0,0,0,0,7,0,6,0,0,0,0
G3600590521601,1970,1,2,New York,36,Nassau,059,,,521601,A,5600,,Tract 5216.01,1,1,G,21,0,28,21,17,11,19,25,57,50,238,366,448,46,17,0,11,11,6,16,17,6,0,5,4,6,0,0,0,0
G3600590521602,1970,1,2,New York,36,Nassau,059,,,521602,A,5600,,Tract 5216.02,1,1,G,0,5,19,4,12,17,15,38,48,82,243,256,397,35,0,15,0,0,4,0,10,0,5,4,0,0,0,6,0,0
G36005905217,1970,1,2,New York,36,Nassau,059,,,5217,A,5600,,Tract 5217,1,1,G,0,10,5,17,20,5,9,53,19,35,143,214,403,212,66,0,15,27,17,6,0,0,0,0,6,0,0,0,0,0
G3600590521801,1970,1,2,New York,36,Nassau,059,,,521801,A,5600,,Tract 5218.01,1,1,G,8,20,7,13,0,8,8,15,29,50,114,217,425,149,18,17,36,10,13,15,6,8,11,10,2,16,10,22,14,3
G3600590521802,1970,1,2,New York,36,Nassau,059,,,521802,A,5600,,Tract 5218.02,1,1,G,22,18,3,12,21,24,30,8,26,35,150,249,531,79,0,20,14,3,6,3,9,0,8,11,0,0,8,3,0,0
G36005905219,1970,1,2,New York,36,Nassau,059,,,5219,A,5600,,Tract 5219,1,1,G,6,11,6,0,23,23,9,26,37,31,115,281,576,230,20,7,13,13,5,5,13,5,5,14,10,10,9,5,0,0
G36005905220,1970,1,2,New York,36,Nassau,059,,,5220,A,5600,,Tract 5220,1,1,G,42,32,9,30,16,24,19,73,73,107,252,268,452,75,12,34,37,8,23,23,43,4,4,10,11,8,24,17,0,0
G36006100001,1970,1,2,New York,36,New York,061,,,0001,A,5600,,Tract    1,0,1,G,-1,,,,,,,,,,,,,,,-1,,,,,,,,,,,,,,
G3600610000201,1970,1,2,New York,36,New York,061,,,000201,A,5600,,Tract    2.01,0,1,G,22,11,30,86,46,50,63,41,59,36,22,15,36,0,0,35,49,49,32,17,0,11,6,0,0,0,0,0,0,0
G3600610000202,1970,1,2,New York,36,New York,061,,,000202,A,5600,,Tract    2.02,0,1,G,110,73,154,160,164,201,163,204,136,179,232,267,337,89,0,236,295,155,81,94,90,76,58,69,31,66,25,22,5,0
G36006100005,1970,1,2,New York,36,New York,061,,,0005,A,5600,,Tract    5,0,1,G,0,16,0,4,16,47,41,49,54,24,78,65,47,20,0,248,636,353,231,114,118,70,48,30,9,26,66,24,0,0
G36006100006,1970,1,2,New York,36,New York,061,,,0006,A,5600,,Tract    6,0,1,G,60,59,135,170,190,232,222,194,134,93,183,180,58,5,0,163,253,172,88,75,58,24,29,45,11,11,0,0,0,0
G36006100007,1970,1,2,New York,36,New York,061,,,0007,A,5600,,Tract    7,0,1,G,-1,,,,,,,,,,,,,,,-1,,,,,,,,,,,,,,
G36006100008,1970,1,2,New York,36,New York,061,,,0008,A,5600,,Tract    8,0,1,G,79,142,110,180,219,241,268,240,251,192,286,214,210,37,0,219,182,128,112,130,100,74,65,35,39,35,34,9,0,0
G36006100009,1970,1,2,New York,36,New York,061,,,0009,A,5600,,Tract    9,0,1,G,-1,,,,,,,,,,,,,,,-1,,,,,,,,,,,,,,
G3600610001001,1970,1,2,New York,36,New York,061,,,001001,A,5600,,Tract   10.01,0,1,G,21,21,31,53,16,20,31,57,36,43,60,56,184,34,0,25,23,45,46,28,0,15,20,5,15,15,13,0,6,0
G3600610001002,1970,1,2,New York,36,New York,061,,,001002,A,5600,,Tract   10.02,0,1,G,40,87,211,142,259,276,193,137,130,86,149,69,109,0,0,116,169,60,10,42,4,8,11,5,0,0,0,0,0,0
G36006100012,1970,1,2,New York,36,New York,061,,,0012,A,5600,,Tract   12,0,1,G,35,39,47,36,58,67,73,59,38,49,75,71,170,68,0,107,90,52,47,25,31,35,11,20,6,5,4,0,0,0
G36006100013,1970,1,2,New York,36,New York,061,,,0013,A,5600,,Tract   13,0,1,G,0,0,0,0,5,0,0,5,0,0,12,0,0,0,0,0,7,5,5,4,0,0,0,0,0,3,3,0,0,0
G3600610001401,1970,1,2,New York,36,New York,061,,,001401,A,5600,,Tract   14.01,0,1,G,31,47,62,38,72,84,155,63,86,81,169,158,281,29,0,48,102,73,52,51,46,36,29,17,12,24,7,18,7,0
G3600610001402,1970,1,2,New York,36,New York,061,,,001402,A,5600,,Tract   14.02,0,1,G,24,44,81,80,85,62,77,39,33,19,42,31,17,0,0,80,107,63,45,32,63,13,11,0,12,6,0,0,0,0
G3600610001501,1970,1,2,New York,36,New York,061,,,001501,A,5600,,Tract   15.01,0,1,G,0,0,0,0,0,0,0,0,0,0,0,0,0,0,0,112,73,66,31,41,0,0,0,0,0,6,0,0,0,0
G3600610001502,1970,1,2,New York,36,New York,061,,,001502,A,5600,,Tract   15.02,0,1,G,-1,,,,,,,,,,,,,,,-1,,,,,,,,,,,,,,
G36006100016,1970,1,2,New York,36,New York,061,,,0016,A,5600,,Tract   16,0,1,G,30,51,64,134,137,140,159,107,89,80,73,106,52,4,4,391,346,248,173,170,130,88,113,85,0,6,14,5,0,0
G36006100018,1970,1,2,New York,36,New York,061,,,0018,A,5600,,Tract   18,0,1,G,137,125,209,157,195,205,242,139,127,78,54,78,53,0,11,384,316,245,127,125,153,81,93,41,0,50,9,28,0,0
G36006100020,1970,1,2,New York,36,New York,061,,,0020,A,5600,,Tract   20,0,1,G,121,42,115,172,146,288,206,105,123,63,147,62,42,6,0,52,77,78,12,7,14,0,0,0,5,0,0,0,0,0
G36006100021,1970,1,2,New York,36,New York,061,,,0021,A,5600,,Tract   21,0,1,G,0,0,0,0,4,0,0,0,0,6,0,5,0,0,0,9,9,11,5,0,6,0,0,5,0,0,5,0,0,0
G3600610002201,1970,1,2,New York,36,New York,061,,,002201,A,5600,,Tract   22.01,0,1,G,52,133,194,138,130,159,145,206,145,212,160,239,193,6,0,97,210,177,55,91,56,40,77,52,29,25,27,9,0,0
G3600610002202,1970,1,2,New York,36,New York,061,,,002202,A,5600,,Tract   22.02,0,1,G,43,83,116,135,39,48,46,8,14,15,50,16,28,6,0,86,143,176,113,76,38,59,33,14,4,14,0,0,0,5
G36006100024,1970,1,2,New York,36,New York,061,,,0024,A,5600,,Tract   24,0,1,G,111,65,86,218,277,174,152,159,91,40,167,79,34,0,0,38,68,19,22,9,0,0,9,5,0,0,0,0,0,0
G36006100025,1970,1,2,New York,36,New York,061,,,0025,A,5600,,Tract   25,0,1,G,46,39,81,93,172,129,80,126,122,69,65,71,73,0,4,43,133,57,17,6,11,0,6,0,0,5,0,0,0,0
G3600610002601,1970,1,2,New York,36,New York,061,,,002601,A,5600,,Tract   26.01,0,1,G,122,113,237,228,232,225,130,125,112,109,98,77,39,0,0,148,199,265,149,105,57,42,27,32,10,0,0,0,6,0
G3600610002602,1970,1,2,New York,36,New York,061,,,002602,A,5600,,Tract   26.02,0,1,G,120,95,242,199,278,188,169,111,103,44,86,110,63,7,0,143,157,325,205,133,132,58,64,47,43,17,5,14,0,0
G36006100027,1970,1,2,New York,36,New York,061,,,0027,A,5600,,Tract   27,0,1,G,5,0,18,0,41,34,34,27,14,31,44,88,115,26,8,41,30,56,16,12,16,10,21,12,18,11,12,8,0,0
G36006100028,1970,1,2,New York,36,New York,061,,,0028,A,5600,,Tract   28,0,1,G,136,96,240,217,162,229,159,120,97,91,115,124,119,30,4,317,383,256,218,165,122,113,103,47,38,37,51,12,7,0
G36006100029,1970,1,2,New York,36,New York,061,,,0029,A,5600,,Tract   29,0,1,G,86,130,95,137,172,164,169,160,122,157,176,146,193,109,0,427,263,127,123,72,57,36,32,23,0,34,14,5,6,0
G3600610003001,1970,1,2,New York,36,New York,061,,,003001,A,5600,,Tract   30.01,0,1,G,81,246,168,175,154,121,106,67,92,46,82,69,38,0,6,146,321,116,70,106,54,33,29,19,3,18,7,6,0,0
G3600610003002,1970,1,2,New York,36,New York,061,,,003002,A,5600,,Tract   30.02,0,1,G,34,39,84,68,56,53,63,73,46,58,73,64,77,5,0,133,120,155,67,124,42,93,50,49,32,30,5,25,0,0
G36006100031,1970,1,2,New York,36,New York,061,,,0031,A,5600,,Tract   31,0,1,G,0,7,0,6,0,0,0,7,0,0,0,0,0,0,0,17,0,0,0,6,23,0,0,13,0,0,0,0,6,0
G36006100032,1970,1,2,New York,36,New York,061,,,0032,A,5600,,Tract   32,0,1,G,87,118,183,205,133,176,152,202,187,125,267,315,327,58,0,473,418,364,293,245,261,213,197,157,41,77,72,17,11,5
G36006100033,1970,1,2,New York,36,New York,061,,,0033,A,5600,,Tract   33,0,1,G,0,0,0,0,0,0,6,0,0,0,7,0,0,6,0,24,0,0,4,9,12,0,6,18,0,0,0,0,0,0
G36006100034,1970,1,2,New York,36,New York,061,,,0034,A,5600,,Tract   34,0,1,G,126,167,270,255,152,171,249,156,161,100,177,119,108,17,7,423,489,398,247,172,190,167,161,104,26,67,36,37,4,0
G3600610003601,1970,1,2,New York,36,New York,061,,,003601,A,5600,,Tract   36.01,0,1,G,31,34,35,100,102,114,81,84,72,28,21,27,24,0,0,299,267,109,78,65,64,18,29,23,20,14,8,14,0,0
G3600610003602,1970,1,2,New York,36,New York,061,,,003602,A,5600,,Tract   36.02,0,1,G,15,22,71,45,65,61,26,48,48,24,46,11,41,0,0,613,313,190,187,181,91,142,34,42,17,59,11,0,0,0
G36006100038,1970,1,2,New York,36,New York,061,,,0038,A,5600,,Tract   38,0,1,G,99,128,119,153,130,194,228,197,211,150,265,256,207,41,0,591,574,442,281,303,271,267,248,251,69,182,50,71,5,10
G36006100039,1970,1,2,New York,36,New York,061,,,0039,A,5600,,Tract   39,0,1,G,0,0,9,0,0,7,0,0,0,0,0,0,14,0,0,25,16,7,10,0,0,0,4,5,0,0,7,0,0,0
G36006100040,1970,1,2,New York,36,New York,061,,,0040,A,5600,,Tract   40,0,1,G,33,63,88,107,114,129,143,129,137,63,186,62,239,48,25,396,388,293,221,224,275,217,196,227,152,166,87,106,0,0
G36006100041,1970,1,2,New York,36,New York,061,,,0041,A,5600,,Tract   41,0,1,G,125,161,170,167,211,213,215,141,161,107,244,125,144,18,5,276,220,142,146,130,99,89,61,23,39,6,0,11,0,0
G36006100042,1970,1,2,New York,36,New York,061,,,0042,A,5600,,Tract   42,0,0,G,12,0,0,5,0,0,20,17,15,5,25,34,112,24,5,41,42,18,60,37,47,68,91,60,15,48,48,62,10,10
G36006100043,1970,1,2,New York,36,New York,061,,,0043,A,5600,,Tract   43,0,0,G,66,66,88,115,78,117,81,144,95,57,78,52,76,10,5,301,217,102,121,77,76,39,104,11,107,16,5,6,0,0
G36006100044,1970,1,2,New York,36,New York,061,,,0044,A,5600,,Tract   44,0,1,G,57,41,40,68,66,133,146,144,254,280,623,943,2363,855,46,106,178,174,157,161,201,263,285,266,270,383,281,160,19,6
G36006100045,1970,1,2,New York,36,New York,061,,,0045,A,5600,,Tract   45,0,0,G,0,11,0,0,7,5,0,11,5,0,12,0,12,0,0,27,11,0,0,0,14,5,0,0,0,0,0,0,0,0
G36006100047,1970,1,2,New York,36,New York,061,,,0047,A,5600,,Tract   47,0,0,G,23,22,16,13,48,29,26,69,53,47,86,52,34,6,10,65,74,40,48,37,60,32,34,25,33,54,6,0,0,0
G36006100048,1970,1,2,New York,36,New York,061,,,0048,A,5600,,Tract   48,0,1,G,41,38,17,20,92,52,92,40,59,80,181,185,316,171,38,448,260,229,198,206,221,187,249,229,178,301,257,227,72,12
G36006100049,1970,1,2,New York,36,New York,061,,,0049,A,5600,,Tract   49,0,0,G,34,35,44,34,58,45,66,101,49,64,54,143,125,41,0,180,130,165,123,134,143,87,63,104,60,44,56,23,11,0
G36006100050,1970,1,2,New York,36,New York,061,,,0050,A,5600,,Tract   50,0,0,G,31,11,21,0,14,15,14,15,20,30,65,100,343,227,46,119,80,121,140,105,162,150,228,284,231,336,225,277,98,5
G36006100051,1970,1,2,New York,36,New York,061,,,0051,A,5600,,Tract   51,0,0,G,31,13,3,18,5,26,38,14,11,39,35,34,133,40,5,42,53,57,31,10,52,55,44,30,55,85,28,36,17,0
G36006100052,1970,1,2,New York,36,New York,061,,,0052,A,5600,,Tract   52,0,0,G,10,0,0,5,0,7,7,12,5,5,4,35,57,62,46,45,35,14,44,40,86,55,66,77,64,66,86,42,15,5
G36006100053,1970,1,2,New York,36,New York,061,,,0053,A,5600,,Tract   53,0,0,G,0,0,4,0,0,14,13,0,0,6,4,0,0,0,0,5,25,15,11,0,10,11,0,0,5,0,5,0,0,0
G36006100054,1970,1,2,New York,36,New York,061,,,0054,A,5600,,Tract   54,0,0,G,12,10,9,5,10,11,5,25,24,21,45,39,218,119,15,113,47,78,86,99,74,180,141,181,69,184,114,148,42,5
G3600610005501,1970,1,2,New York,36,New York,061,,,005501,A,5600,,Tract   55.01,0,0,G,4,8,13,19,39,4,4,14,43,39,90,127,395,245,45,69,39,48,24,51,54,44,46,34,92,134,127,143,51,11
G3600610005502,1970,1,2,New York,36,New York,061,,,005502,A,5600,,Tract   55.02,0,0,G,11,19,13,23,0,7,36,19,0,7,6,0,14,0,0,65,16,3,14,10,36,42,28,25,3,8,0,0,0,0
G36006100056,1970,1,2,New York,36,New York,061,,,0056,A,5600,,Tract   56,0,0,G,0,0,0,17,0,11,0,5,0,3,6,11,12,0,0,82,28,46,41,38,43,45,48,23,18,36,28,21,0,0
G36006100057,1970,1,2,New York,36,New York,061,,,0057,A,5600,,Tract   57,0,0,G,0,0,0,6,7,7,0,5,9,5,5,26,103,201,116,36,15,40,13,22,13,11,8,29,5,22,23,102,49,7
G36006100058,1970,1,2,New York,36,New York,061,,,0058,A,5600,,Tract   58,0,0,G,0,6,0,5,0,13,0,7,3,0,10,0,7,0,0,13,28,16,8,17,21,17,13,12,6,17,12,37,0,0
G36006100059,1970,1,2,New York,36,New York,061,,,0059,A,5600,,Tract   59,0,0,G,5,5,11,26,0,19,55,38,49,26,102,102,316,431,190,482,253,102,72,49,89,188,129,91,120,366,214,308,128,33
G36006100060,1970,1,2,New York,36,New York,061,,,0060,A,5600,,Tract   60,0,1,G,0,5,0,9,9,5,15,14,31,46,73,134,683,679,121,20,35,13,22,11,37,60,39,29,62,67,91,158,26,0
G36006100061,1970,1,2,New York,36,New York,061,,,0061,A,5600,,Tract   61,0,0,G,0,0,12,2,5,21,17,15,23,9,51,71,125,118,27,308,462,117,143,93,109,116,67,69,84,149,67,137,81,17
G36006100062,1970,1,2,New York,36,New York,061,,,0062,A,5600,,Tract   62,0,1,G,0,0,0,0,0,0,0,0,0,0,0,0,3,5,0,889,118,40,31,46,10,22,15,5,10,25,22,0,0,0
G36006100063,1970,1,2,New York,36,New York,061,,,0063,A,5600,,Tract   63,0,0,G,22,11,14,21,24,24,40,41,43,46,76,207,458,336,198,339,240,194,193,128,217,280,238,177,114,286,247,448,194,65
G36006100064,1970,1,2,New York,36,New York,061,,,0064,A,5600,,Tract   64,0,1,G,6,25,40,20,18,59,35,29,38,35,85,95,367,170,46,151,88,136,65,120,177,169,216,265,141,194,282,299,97,30
G36006100065,1970,1,2,New York,36,New York,061,,,0065,A,5600,,Tract   65,0,0,G,26,23,79,44,34,123,141,135,52,62,132,164,208,54,30,532,451,325,264,228,165,186,143,116,87,88,110,92,21,0
G36006100066,1970,1,2,New York,36,New York,061,,,0066,A,5600,,Tract   66,0,1,G,56,85,92,114,118,139,98,151,106,90,150,153,425,89,5,248,312,229,228,196,277,372,389,285,174,219,213,208,70,20
G36006100067,1970,1,2,New York,36,New York,061,,,0067,A,5600,,Tract   67,0,0,G,21,51,49,91,99,74,68,110,92,56,118,122,270,56,12,156,205,240,209,179,178,269,156,219,136,128,107,112,30,5
G36006100068,1970,1,2,New York,36,New York,061,,,0068,A,5600,,Tract   68,0,0,G,14,10,14,16,20,40,46,20,11,31,57,100,202,189,74,139,142,137,158,182,151,324,232,198,83,227,201,261,67,29
G36006100069,1970,1,2,New York,36,New York,061,,,0069,A,5600,,Tract   69,0,0,G,0,0,0,0,0,7,0,0,0,8,7,11,14,0,0,15,37,8,0,12,0,4,12,0,6,5,0,0,0,0
G36006100070,1970,1,2,New York,36,New York,061,,,0070,A,5600,,Tract   70,0,1,G,22,8,40,14,40,34,79,50,57,48,107,168,314,248,71,135,169,130,137,147,156,178,197,250,162,341,281,375,143,21
G36006100071,1970,1,2,New York,36,New York,061,,,0071,A,5600,,Tract   71,0,0,G,23,13,28,20,35,23,43,45,55,55,85,112,353,263,49,899,264,333,256,196,201,250,260,231,158,403,276,280,61,4
G36006100072,1970,1,2,New York,36,New York,061,,,0072,A,5600,,Tract   72,0,0,G,0,21,18,13,24,43,27,22,38,37,108,144,213,202,24,174,189,245,202,137,203,218,279,168,190,321,203,307,82,18
G36006100073,1970,1,2,New York,36,New York,061,,,0073,A,5600,,Tract   73,0,0,G,24,42,70,40,66,84,76,84,80,64,149,225,423,205,23,350,349,247,237,202,241,273,295,315,244,358,202,156,54,0
G36006100074,1970,1,2,New York,36,New York,061,,,0074,A,5600,,Tract   74,0,0,G,0,14,17,0,6,18,14,12,8,28,0,41,91,83,7,455,240,176,187,164,120,245,174,134,71,194,111,144,45,11
G36006100075,1970,1,2,New York,36,New York,061,,,0075,A,5600,,Tract   75,0,0,G,15,0,0,17,32,0,36,43,22,23,47,42,70,29,16,63,62,79,75,96,74,88,115,84,55,98,62,45,26,13
G36006100076,1970,1,2,New York,36,New York,061,,,0076,A,5600,,Tract   76,0,0,G,20,4,24,19,12,4,22,16,23,20,17,32,2,0,0,147,201,140,145,67,55,46,36,76,64,52,16,41,0,5
G36006100077,1970,1,2,New York,36,New York,061,,,0077,A,5600,,Tract   77,0,0,G,21,17,64,57,63,23,60,92,103,32,129,144,231,229,49,184,266,177,257,225,168,237,254,212,149,285,253,274,23,11
G36006100078,1970,1,2,New York,36,New York,061,,,0078,A,5600,,Tract   78,0,1,G,5,5,26,11,23,47,30,37,23,16,80,58,286,131,55,116,112,80,90,85,235,173,265,307,225,393,175,240,72,28
G36006100079,1970,1,2,New York,36,New York,061,,,0079,A,5600,,Tract   79,0,0,G,24,16,10,15,20,21,32,65,39,34,52,66,161,70,15,93,63,85,52,116,178,82,92,113,71,135,98,144,39,9
G36006100080,1970,1,2,New York,36,New York,061,,,0080,A,5600,,Tract   80,0,0,G,0,9,0,4,9,0,30,62,11,21,85,78,218,232,104,120,130,106,222,203,231,267,225,236,182,299,307,363,224,48
G36006100081,1970,1,2,New York,36,New York,061,,,0081,A,5600,,Tract   81,0,0,G,31,41,43,58,33,77,94,91,141,128,122,162,169,106,17,258,263,203,341,341,308,399,234,204,124,308,263,176,37,6
G36006100082,1970,1,2,New York,36,New York,061,,,0082,A,5600,,Tract   82,0,0,G,0,0,5,12,12,5,23,0,10,15,56,39,152,177,98,86,106,40,62,27,74,91,57,82,51,116,82,206,153,66
G36006100083,1970,1,2,New York,36,New York,061,,,0083,A,5600,,Tract   83,0,0,G,47,55,31,74,71,100,119,86,51,37,118,106,73,0,5,96,105,135,65,108,55,97,61,45,24,33,19,17,0,0
G36006100084,1970,1,2,New York,36,New York,061,,,0084,A,5600,,Tract   84,0,0,G,0,0,0,0,0,6,0,12,6,0,0,0,0,0,0,6,11,14,21,9,26,19,5,11,4,0,6,22,0,0
G36006100086,1970,1,2,New York,36,New York,061,,,0086,A,5600,,Tract   86,0,1,G,0,11,12,5,33,39,10,5,17,17,101,55,244,441,370,138,121,86,123,116,138,78,133,80,104,189,137,292,205,127
G36006100087,1970,1,2,New York,36,New York,061,,,0087,A,5600,,Tract   87,0,0,G,29,26,46,65,63,49,106,104,38,28,151,108,207,38,11,165,245,125,147,170,135,168,162,138,137,113,72,135,54,30
G36006100088,1970,1,2,New York,36,New York,061,,,0088,A,5600,,Tract   88,0,1,G,15,25,0,24,11,31,24,9,33,11,80,118,268,303,34,177,265,205,260,201,272,313,392,296,297,443,371,491,239,39
G36006100089,1970,1,2,New York,36,New York,061,,,0089,A,5600,,Tract   89,0,0,G,37,19,46,88,116,120,82,105,59,60,132,116,196,63,27,167,264,180,207,144,341,185,188,134,104,153,81,94,11,16
G36006100090,1970,1,2,New York,36,New York,061,,,0090,A,5600,,Tract   90,0,1,G,21,5,12,17,7,18,40,25,16,30,69,101,267,238,97,251,94,118,80,116,183,162,228,211,189,322,229,339,209,30
G36006100091,1970,1,2,New York,36,New York,061,,,0091,A,5600,,Tract   91,0,0,G,6,4,19,14,27,12,54,22,52,17,68,62,75,16,0,150,199,113,121,124,144,111,170,86,86,119,64,51,10,0
G36006100092,1970,1,2,New York,36,New York,061,,,0092,A,5600,,Tract   92,0,0,G,19,0,0,9,4,5,9,5,7,15,39,22,84,36,10,119,110,85,89,49,52,73,61,106,41,136,29,92,46,0
G36006100093,1970,1,2,New York,36,New York,061,,,0093,A,5600,,Tract   93,0,0,G,38,47,65,76,75,148,126,138,145,160,276,274,494,148,37,292,316,304,280,407,357,267,397,283,178,340,223,221,80,31
G36006100094,1970,1,2,New York,36,New York,061,,,0094,A,5600,,Tract   94,0,0,G,0,0,0,0,0,0,0,0,0,0,5,0,5,7,6,15,17,9,0,7,0,0,10,6,0,6,0,0,5,0
G36006100095,1970,1,2,New York,36,New York,061,,,0095,A,5600,,Tract   95,0,0,G,5,11,11,29,36,27,16,4,6,31,15,0,5,6,0,231,64,26,20,26,15,20,0,0,3,6,0,5,0,0
G36006100096,1970,1,2,New York,36,New York,061,,,0096,A,5600,,Tract   96,0,0,G,0,5,5,0,4,5,0,0,0,0,12,15,12,16,0,23,30,22,0,11,36,39,27,5,23,20,10,41,6,6
G36006100097,1970,1,2,New York,36,New York,061,,,0097,A,5600,,Tract   97,0,0,G,23,28,82,40,52,46,66,63,19,123,129,192,276,112,0,121,169,136,139,125,71,103,68,67,30,61,47,24,18,0
G36006100098,1970,1,2,New York,36,New York,061,,,0098,A,5600,,Tract   98,0,1,G,22,30,25,24,16,51,69,37,30,39,99,138,323,274,69,236,202,127,219,142,241,363,310,324,296,516,470,483,273,40
G36006100099,1970,1,2,New York,36,New York,061,,,0099,A,5600,,Tract   99,0,1,G,9,4,4,9,18,11,10,16,5,4,11,23,21,0,0,31,31,15,28,24,5,0,10,5,5,23,0,0,0,0
G36006100100,1970,1,2,New York,36,New York,061,,,0100,A,5600,,Tract  100,0,0,G,0,11,12,34,11,0,19,23,35,5,24,31,102,84,23,72,58,69,68,111,69,89,80,54,79,147,107,134,91,14
G36006100101,1970,1,2,New York,36,New York,061,,,0101,A,5600,,Tract  101,0,0,G,0,0,0,0,6,0,0,0,0,0,0,5,0,0,0,5,6,10,0,11,0,31,0,0,5,36,0,22,0,7
G36006100102,1970,1,2,New York,36,New York,061,,,0102,A,5600,,Tract  102,0,0,G,0,0,0,0,0,0,5,0,5,0,5,6,21,12,0,31,15,15,16,10,22,36,24,22,27,14,26,21,10,5
G36006100103,1970,1,2,New York,36,New York,061,,,0103,A,5600,,Tract  103,0,0,G,0,0,0,9,15,3,8,22,27,12,35,4,41,22,0,108,62,96,95,49,61,92,93,16,26,56,45,51,0,0
G36006100104,1970,1,2,New York,36,New York,061,,,0104,A,5600,,Tract  104,0,0,G,0,6,10,5,0,13,0,0,5,5,12,24,53,61,38,26,20,13,22,40,15,23,58,33,19,53,76,97,75,20
G3600610010601,1970,1,2,New York,36,New York,061,,,010601,A,5600,,Tract  106.01,0,1,G,27,20,21,0,39,17,43,55,32,25,109,113,459,742,612,155,99,73,155,101,141,153,180,135,107,211,248,488,274,135
G3600610010602,1970,1,2,New York,36,New York,061,,,010602,A,5600,,Tract  106.02,0,1,G,25,11,0,10,3,10,42,3,13,18,19,27,202,248,60,59,64,45,25,61,96,132,149,156,94,129,127,140,115,14
G36006100108,1970,1,2,New York,36,New York,061,,,0108,A,5600,,Tract  108,0,1,G,10,21,38,31,41,26,18,46,50,50,96,98,373,307,307,283,181,176,187,187,197,239,231,265,191,287,261,483,222,65
G36006100109,1970,1,2,New York,36,New York,061,,,0109,A,5600,,Tract  109,0,0,G,0,0,0,0,0,0,0,0,0,0,5,0,0,0,0,16,28,39,24,61,34,12,31,91,14,3,11,5,0,4
G36006100110,1970,1,2,New York,36,New York,061,,,0110,A,5600,,Tract  110,0,1,G,17,39,28,17,38,20,44,22,56,59,70,183,396,392,201,203,149,126,110,131,157,138,191,124,125,260,226,363,181,61
G36006100111,1970,1,2,New York,36,New York,061,,,0111,A,5600,,Tract  111,0,0,G,24,24,69,62,42,27,83,37,31,49,57,39,27,11,0,99,162,142,67,137,145,105,110,89,54,49,13,21,6,0
G3600610011201,1970,1,2,New York,36,New York,061,,,011201,A,5600,,Tract  112.01,0,0,G,11,0,6,4,0,15,14,5,0,4,16,19,51,114,79,36,43,11,73,35,38,30,14,49,16,64,41,62,17,19
G3600610011202,1970,1,2,New York,36,New York,061,,,011202,A,5600,,Tract  112.02,0,0,G,5,0,0,0,0,0,0,0,5,0,0,11,21,55,115,81,13,16,12,24,23,6,10,5,11,28,20,38,17,62
G3600610011203,1970,1,2,New York,36,New York,061,,,011203,A,5600,,Tract  112.03,0,0,G,0,0,0,0,0,5,0,11,16,7,20,15,36,81,60,73,43,21,60,82,67,50,61,32,44,112,32,60,115,33
G36006100113,1970,1,2,New York,36,New York,061,,,0113,A,5600,,Tract  113,0,0,G,0,0,0,0,0,0,0,0,0,0,5,0,0,0,0,18,0,0,0,16,6,10,6,21,0,0,0,0,0,0
G3600610011401,1970,1,2,New York,36,New York,061,,,011401,A,5600,,Tract  114.01,0,0,G,0,0,0,0,0,10,4,9,0,6,31,19,53,90,88,47,44,23,53,36,78,23,12,15,38,44,27,102,104,68
G3600610011402,1970,1,2,New York,36,New York,061,,,011402,A,5600,,Tract  114.02,0,0,G,0,12,19,0,16,25,8,19,9,0,37,20,101,209,140,101,79,82,83,93,133,47,69,80,32,88,94,183,100,84
G36006100115,1970,1,2,New York,36,New York,061,,,0115,A,5600,,Tract  115,0,0,G,5,6,11,32,24,32,32,42,14,26,20,24,35,6,0,36,35,104,58,23,53,43,40,14,0,0,5,0,0,0
G36006100116,1970,1,2,New York,36,New York,061,,,0116,A,5600,,Tract  116,0,1,G,18,42,23,27,47,42,57,73,50,56,125,155,217,62,52,209,283,121,110,115,151,189,185,163,138,232,106,173,57,11
G36006100117,1970,1,2,New York,36,New York,061,,,0117,A,5600,,Tract  117,0,1,G,5,0,15,16,11,10,0,11,0,0,12,6,6,0,0,30,11,14,24,32,11,0,4,6,0,0,0,0,0,0
G36006100118,1970,1,2,New York,36,New York,061,,,0118,A,5600,,Tract  118,0,1,G,42,20,24,52,15,67,69,61,37,50,144,176,495,425,416,337,321,160,221,195,244,260,304,240,156,287,242,539,250,79
G36006100119,1970,1,2,New York,36,New York,061,,,0119,A,5600,,Tract  119,0,0,G,7,0,20,9,0,0,0,7,6,0,0,6,14,0,0,109,92,134,162,57,110,122,109,79,24,61,77,85,10,0
G36006100120,1970,1,2,New York,36,New York,061,,,0120,A,5600,,Tract  120,0,1,G,18,0,0,16,10,9,0,5,5,20,11,40,215,363,529,66,56,32,108,57,123,85,72,34,32,100,58,151,207,49
G36006100121,1970,1,2,New York,36,New York,061,,,0121,A,5600,,Tract  121,0,1,G,40,61,62,89,63,98,93,103,121,92,97,73,139,35,13,275,328,318,248,243,311,171,222,97,48,81,101,110,11,0
G36006100122,1970,1,2,New York,36,New York,061,,,0122,A,5600,,Tract  122,0,1,G,12,12,17,10,5,15,18,21,15,30,53,87,231,290,407,154,52,60,105,165,130,76,150,79,57,233,183,343,249,75
G36006100124,1970,1,2,New York,36,New York,061,,,0124,A,5600,,Tract  124,0,1,G,53,32,42,51,86,64,88,84,81,108,116,159,317,185,74,329,358,260,210,173,195,227,271,233,188,304,132,190,66,29
G36006100125,1970,1,2,New York,36,New York,061,,,0125,A,5600,,Tract  125,0,0,G,25,4,5,0,4,4,5,0,4,4,17,25,19,13,0,100,89,194,70,115,86,43,66,53,86,55,27,69,11,0
G36006100126,1970,1,2,New York,36,New York,061,,,0126,A,5600,,Tract  126,0,1,G,19,19,42,24,44,49,44,54,68,71,131,274,758,889,307,224,374,189,297,338,439,413,637,490,422,738,554,606,306,69
G36006100127,1970,1,2,New York,36,New York,061,,,0127,A,5600,,Tract  127,0,1,G,29,93,177,131,197,207,265,188,104,107,227,168,172,43,5,297,266,250,300,214,274,155,172,124,69,67,59,39,5,5
G36006100128,1970,1,2,New York,36,New York,061,,,0128,A,5600,,Tract  128,0,1,G,20,14,4,20,21,21,9,14,26,12,79,54,428,682,607,152,118,124,95,118,141,96,130,109,117,201,125,415,168,123
G36006100129,1970,1,2,New York,36,New York,061,,,0129,A,5600,,Tract  129,0,1,G,47,64,56,80,61,65,39,81,53,57,96,52,17,0,0,138,148,127,82,79,90,60,34,9,5,26,9,34,4,0
G36006100130,1970,1,2,New York,36,New York,061,,,0130,A,5600,,Tract  130,0,1,G,31,19,15,18,14,51,29,14,42,25,85,71,271,474,541,136,122,105,190,193,147,104,75,58,82,164,143,363,188,130
G36006100131,1970,1,2,New York,36,New York,061,,,0131,A,5600,,Tract  131,0,0,G,0,0,10,13,10,5,5,5,8,27,21,40,92,47,15,25,36,54,16,36,26,40,23,19,47,67,20,119,91,0
G36006100132,1970,1,2,New York,36,New York,061,,,0132,A,5600,,Tract  132,0,1,G,26,23,68,49,47,69,94,105,76,66,155,254,427,296,135,420,422,309,256,269,375,466,451,433,364,435,303,340,148,50
G36006100133,1970,1,2,New York,36,New York,061,,,0133,A,5600,,Tract  133,0,1,G,17,42,66,143,73,93,143,127,98,75,107,120,100,35,7,222,236,166,177,151,130,97,87,65,45,74,50,36,0,0
G36006100134,1970,1,2,New York,36,New York,061,,,0134,A,5600,,Tract  134,0,1,G,26,35,73,47,76,79,70,68,119,83,172,186,574,413,127,265,345,311,253,307,327,382,503,415,271,460,413,455,218,21
G36006100135,1970,1,2,New York,36,New York,061,,,0135,A,5600,,Tract  135,0,1,G,0,18,23,18,16,16,19,4,35,21,75,48,37,0,0,50,31,42,25,42,32,31,35,24,5,5,6,0,0,0
G36006100136,1970,1,2,New York,36,New York,061,,,0136,A,5600,,Tract  136,0,1,G,42,33,47,55,62,87,126,167,144,116,278,357,893,889,427,365,308,386,438,280,377,633,494,620,422,498,363,455,190,82
G36006100137,1970,1,2,New York,36,New York,061,,,0137,A,5600,,Tract  137,0,0,G,33,16,27,28,18,45,31,41,64,52,35,105,341,380,209,194,219,141,119,181,203,173,146,166,90,226,178,416,342,82
G36006100138,1970,1,2,New York,36,New York,061,,,0138,A,5600,,Tract  138,0,1,G,20,69,68,68,85,90,109,114,114,123,201,233,452,426,127,352,527,248,247,279,371,444,400,603,394,447,362,373,105,30
G36006100139,1970,1,2,New York,36,New York,061,,,0139,A,5600,,Tract  139,0,1,G,50,40,88,101,85,97,148,89,127,101,204,211,448,174,17,339,417,362,311,337,329,325,379,276,342,339,271,360,115,28
G36006100140,1970,1,2,New York,36,New York,061,,,0140,A,5600,,Tract  140,0,1,G,78,20,31,18,16,30,20,11,57,35,104,86,362,506,498,188,154,128,210,225,216,107,161,214,127,193,236,263,148,47
G36006100142,1970,1,2,New York,36,New York,061,,,0142,A,5600,,Tract  142,0,1,G,30,9,0,14,10,11,13,33,37,21,51,69,298,479,546,287,211,111,114,144,177,71,63,84,56,94,132,263,173,122
G3600610014401,1970,1,2,New York,36,New York,061,,,014401,A,5600,,Tract  144.01,0,1,G,15,20,9,8,10,20,5,34,52,25,81,143,306,241,174,103,91,113,112,126,147,170,134,162,120,176,73,193,52,25
G3600610014402,1970,1,2,New York,36,New York,061,,,014402,A,5600,,Tract  144.02,0,1,G,16,12,35,3,36,41,19,43,78,57,73,135,324,289,191,133,113,124,94,121,195,228,228,273,106,242,207,240,74,29
G36006100145,1970,1,2,New York,36,New York,061,,,0145,A,5600,,Tract  145,0,1,G,4,0,12,0,16,11,10,6,17,29,16,106,129,107,83,112,61,79,25,58,56,57,39,25,59,92,86,116,43,23
G3600610014601,1970,1,2,New York,36,New York,061,,,014601,A,5600,,Tract  146.01,0,1,G,29,32,51,40,9,35,25,41,58,29,55,80,129,40,11,89,96,127,86,106,141,95,115,126,72,91,39,120,37,0
G3600610014602,1970,1,2,New York,36,New York,061,,,014602,A,5600,,Tract  146.02,0,1,G,46,23,25,63,83,61,46,83,42,70,211,146,314,208,19,125,162,236,167,191,179,182,166,238,117,180,152,182,84,0
G36006100147,1970,1,2,New York,36,New York,061,,,0147,A,5600,,Tract  147,0,1,G,0,0,4,5,0,12,0,5,0,8,0,0,8,0,0,9,4,6,4,0,0,0,0,0,0,0,0,0,0,0
G3600610014801,1970,1,2,New York,36,New York,061,,,014801,A,5600,,Tract  148.01,0,1,G,7,5,16,15,17,16,11,5,10,7,25,56,173,163,95,15,54,21,65,24,57,35,43,24,52,66,65,95,51,14
G3600610014802,1970,1,2,New York,36,New York,061,,,014802,A,5600,,Tract  148.02,0,1,G,23,20,44,56,14,47,47,54,55,42,89,110,279,354,217,157,248,132,162,147,188,106,168,94,141,139,122,148,70,22
G36006100149,1970,1,2,New York,36,New York,061,,,0149,A,5600,,Tract  149,0,1,G,6,5,0,17,31,19,28,0,31,10,46,48,159,71,60,84,23,72,47,54,75,57,55,58,62,100,37,100,11,21
G3600610015001,1970,1,2,New York,36,New York,061,,,015001,A,5600,,Tract  150.01,0,1,G,10,9,10,10,16,0,0,0,0,16,18,18,97,202,243,54,64,20,28,67,21,71,38,8,17,33,41,106,56,32
G3600610015002,1970,1,2,New York,36,New York,061,,,015002,A,5600,,Tract  150.02,0,1,G,25,9,13,18,18,19,32,39,17,14,59,85,344,597,587,125,112,113,40,126,63,54,45,83,35,86,58,163,150,54
G36006100151,1970,1,2,New York,36,New York,061,,,0151,A,5600,,Tract  151,0,1,G,50,34,64,92,86,187,124,102,95,59,94,67,41,0,0,28,83,68,37,28,18,17,4,10,4,0,16,0,5,0
G3600610015199,1970,1,2,New York,36,New York,061,,,015199,A,5600,,Tract  151.99,0,1,G,0,0,0,0,0,0,0,0,0,0,0,0,0,0,0,5,0,5,5,4,4,5,0,10,0,5,5,0,0,0
G36006100152,1970,1,2,New York,36,New York,061,,,0152,A,5600,,Tract  152,0,1,G,78,34,43,47,68,74,89,101,117,97,157,120,194,142,38,207,194,105,98,81,57,63,62,61,44,80,52,92,19,23
G36006100153,1970,1,2,New York,36,New York,061,,,0153,A,5600,,Tract  153,0,1,G,48,46,39,28,52,50,68,63,68,75,157,226,372,353,124,245,325,267,261,245,293,300,360,243,190,326,257,318,97,32
G36006100154,1970,1,2,New York,36,New York,061,,,0154,A,5600,,Tract  154,0,1,G,83,56,47,89,72,91,89,116,83,95,114,159,164,49,12,271,256,229,181,179,205,186,207,146,92,136,71,95,32,16
G36006100155,1970,1,2,New York,36,New York,061,,,0155,A,5600,,Tract  155,0,1,G,34,31,20,25,29,40,40,58,75,63,171,209,670,683,111,148,117,148,98,139,108,145,149,202,135,369,269,407,134,4
G3600610015601,1970,1,2,New York,36,New York,061,,,015601,A,5600,,Tract  156.01,0,1,G,32,39,62,67,86,81,76,58,96,35,105,66,66,18,0,139,145,37,83,47,107,67,67,58,65,30,8,9,0,0
G3600610015602,1970,1,2,New York,36,New York,061,,,015602,A,5600,,Tract  156.02,0,1,G,43,45,59,51,74,80,61,25,61,10,52,25,15,0,0,214,139,56,62,89,22,48,21,18,9,30,0,12,5,0
G36006100157,1970,1,2,New York,36,New York,061,,,0157,A,5600,,Tract  157,0,1,G,45,60,65,80,154,85,144,81,122,113,231,142,448,271,268,460,488,434,399,408,512,440,400,311,245,322,267,167,150,27
G3600610015801,1970,1,2,New York,36,New York,061,,,015801,A,5600,,Tract  158.01,0,1,G,14,21,35,21,17,27,29,66,64,76,111,106,286,315,206,65,134,124,161,174,105,112,130,141,58,167,82,73,58,10
G3600610015802,1970,1,2,New York,36,New York,061,,,015802,A,5600,,Tract  158.02,0,1,G,18,14,67,45,45,62,31,70,40,50,65,68,125,58,0,74,162,38,73,63,50,64,56,39,23,32,35,36,34,0
G36006100159,1970,1,2,New York,36,New York,061,,,0159,A,5600,,Tract  159,0,1,G,34,25,47,39,71,63,98,88,84,113,212,247,498,561,129,425,321,254,347,320,428,339,462,378,258,393,249,352,151,33
G3600610016001,1970,1,2,New York,36,New York,061,,,016001,A,5600,,Tract  160.01,0,1,G,17,3,4,13,6,18,13,16,7,24,77,61,268,395,317,107,61,52,97,104,114,55,50,58,49,106,60,102,36,54
G3600610016002,1970,1,2,New York,36,New York,061,,,016002,A,5600,,Tract  160.02,0,1,G,24,37,27,27,54,52,55,13,13,20,58,76,137,115,62,106,109,61,39,56,42,53,25,14,34,38,45,56,33,11
G36006100161,1970,1,2,New York,36,New York,061,,,0161,A,5600,,Tract  161,0,1,G,49,18,43,53,77,83,43,79,143,132,130,137,313,170,135,291,310,318,282,334,297,296,295,277,157,271,164,131,29,31
G36006100162,1970,1,2,New York,36,New York,061,,,0162,A,5600,,Tract  162,0,1,G,135,75,150,112,184,164,107,66,99,96,89,82,85,12,3,103,173,34,12,11,21,11,0,0,5,5,0,0,0,0
G36006100163,1970,1,2,New York,36,New York,061,,,0163,A,5600,,Tract  163,0,1,G,55,47,90,75,66,52,119,95,89,70,156,168,401,262,123,519,419,406,423,383,382,318,391,227,200,303,142,109,53,10
G36006100164,1970,1,2,New York,36,New York,061,,,0164,A,5600,,Tract  164,0,1,G,184,116,238,174,240,152,181,128,98,91,75,62,37,15,4,146,159,43,43,35,11,21,19,0,0,17,6,5,0,0
G36006100165,1970,1,2,New York,36,New York,061,,,0165,A,5600,,Tract  165,0,1,G,26,18,44,47,92,73,79,63,62,65,217,128,299,210,109,309,259,167,224,207,238,91,273,190,94,216,95,119,68,11
G36006100166,1970,1,2,New York,36,New York,061,,,0166,A,5600,,Tract  166,0,1,G,121,125,140,230,187,337,188,192,170,67,203,147,102,29,0,329,233,132,121,76,74,70,23,33,25,35,5,11,4,0
G36006100167,1970,1,2,New York,36,New York,061,,,0167,A,5600,,Tract  167,0,1,G,25,32,66,70,80,78,66,107,87,78,154,202,433,355,117,208,212,233,190,226,291,237,231,118,124,158,224,81,39,5
G36006100168,1970,1,2,New York,36,New York,061,,,0168,A,5600,,Tract  168,0,1,G,119,58,79,168,144,141,157,96,89,34,153,88,57,104,84,304,139,107,67,51,9,39,15,31,44,57,37,16,25,25
G36006100169,1970,1,2,New York,36,New York,061,,,0169,A,5600,,Tract  169,0,1,G,11,54,110,91,105,147,110,98,122,55,142,180,359,244,147,203,214,310,220,325,297,270,266,200,147,136,170,168,70,23
G36006100170,1970,1,2,New York,36,New York,061,,,0170,A,5600,,Tract  170,0,1,G,93,120,192,178,204,235,231,150,196,171,250,276,233,82,12,191,209,124,107,126,97,98,83,81,33,46,33,26,9,0
G36006100171,1970,1,2,New York,36,New York,061,,,0171,A,5600,,Tract  171,0,1,G,52,35,88,53,118,75,103,87,122,85,155,263,509,407,91,309,343,370,286,297,296,197,233,200,171,255,176,99,20,18
G3600610017201,1970,1,2,New York,36,New York,061,,,017201,A,5600,,Tract  172.01,0,1,G,102,78,151,176,131,114,150,132,62,85,127,70,51,11,0,149,99,101,69,21,26,33,20,8,14,17,0,0,0,0
G3600610017202,1970,1,2,New York,36,New York,061,,,017202,A,5600,,Tract  172.02,0,1,G,47,36,96,94,91,80,22,68,19,45,13,27,9,4,11,58,49,51,29,21,27,14,4,0,8,4,4,8,0,5
G36006100173,1970,1,2,New York,36,New York,061,,,0173,A,5600,,Tract  173,0,1,G,38,23,66,56,85,107,81,100,71,91,151,210,391,257,98,298,210,218,298,219,244,146,232,182,146,134,112,150,63,10
G3600610017401,1970,1,2,New York,36,New York,061,,,017401,A,5600,,Tract  174.01,0,1,G,80,49,119,102,98,110,115,93,84,26,81,66,94,55,4,77,88,56,66,16,0,7,22,12,25,17,0,25,0,0
G3600610017402,1970,1,2,New York,36,New York,061,,,017402,A,5600,,Tract  174.02,0,1,G,64,28,56,66,69,76,37,52,35,37,72,8,31,13,0,55,53,13,16,13,36,7,0,0,0,7,0,8,0,0
G36006100175,1970,1,2,New York,36,New York,061,,,0175,A,5600,,Tract  175,0,1,G,45,54,56,64,96,90,122,76,121,107,197,245,603,544,149,283,345,233,215,231,305,197,255,160,129,263,117,205,69,17
G36006100177,1970,1,2,New York,36,New York,061,,,0177,A,5600,,Tract  177,0,1,G,71,41,143,68,85,119,110,111,98,88,163,260,477,263,147,176,198,166,109,153,90,99,81,133,85,113,152,132,25,10
G36006100178,1970,1,2,New York,36,New York,061,,,0178,A,5600,,Tract  178,0,1,G,132,136,179,141,187,156,161,96,88,50,62,106,93,3,5,189,83,69,130,62,53,9,20,5,32,18,0,5,12,0
G36006100179,1970,1,2,New York,36,New York,061,,,0179,A,5600,,Tract  179,0,1,G,70,49,83,114,97,125,94,164,131,91,205,183,573,288,42,367,211,355,247,346,285,255,203,166,105,190,133,165,46,13
G36006100180,1970,1,2,New York,36,New York,061,,,0180,A,5600,,Tract  180,0,1,G,264,197,295,288,223,282,286,173,171,72,195,123,83,31,13,205,216,107,37,56,15,15,64,11,8,4,26,7,0,6
G36006100181,1970,1,2,New York,36,New York,061,,,0181,A,5600,,Tract  181,0,1,G,28,35,77,84,49,96,106,127,105,80,223,330,646,245,54,146,177,145,108,121,166,120,161,161,116,162,105,106,40,0
G36006100182,1970,1,2,New York,36,New York,061,,,0182,A,5600,,Tract  182,0,1,G,256,118,154,261,219,250,192,168,153,95,189,112,94,23,0,149,141,73,79,77,54,34,16,21,4,0,5,12,0,0
G36006100183,1970,1,2,New York,36,New York,061,,,0183,A,5600,,Tract  183,0,1,G,64,38,83,72,83,114,100,89,130,57,172,206,421,113,20,490,494,412,259,238,250,287,227,113,151,144,150,147,49,0
G36006100184,1970,1,2,New York,36,New York,061,,,0184,A,5600,,Tract  184,0,1,G,159,154,233,244,250,239,229,247,213,194,137,120,118,36,16,173,253,112,70,79,56,46,30,22,16,0,0,17,0,0
G36006100185,1970,1,2,New York,36,New York,061,,,0185,A,5600,,Tract  185,0,1,G,4,4,38,6,18,21,28,74,27,70,66,159,404,119,10,42,24,54,38,26,83,62,95,144,137,162,199,181,46,5
G36006100186,1970,1,2,New York,36,New York,061,,,0186,A,5600,,Tract  186,0,1,G,95,88,95,195,294,157,216,153,64,78,89,57,57,0,0,135,112,141,88,76,48,29,6,7,13,0,0,0,7,0
G36006100187,1970,1,2,New York,36,New York,061,,,0187,A,5600,,Tract  187,0,1,G,97,30,84,118,119,150,121,211,130,132,289,207,511,198,76,518,418,522,506,460,428,430,259,171,120,196,140,122,34,4
G36006100188,1970,1,2,New York,36,New York,061,,,0188,A,5600,,Tract  188,0,1,G,207,141,124,229,247,224,170,155,113,67,136,116,64,9,0,184,161,158,47,41,26,33,14,4,0,5,0,11,4,0
G36006100189,1970,1,2,New York,36,New York,061,,,0189,A,5600,,Tract  189,0,1,G,237,157,191,272,373,415,355,285,201,157,292,307,257,88,55,279,219,224,202,212,176,168,119,192,61,96,65,82,15,0
G36006100190,1970,1,2,New York,36,New York,061,,,0190,A,5600,,Tract  190,0,1,G,111,43,63,131,118,116,81,26,13,54,41,39,17,0,0,168,192,170,56,45,50,44,33,0,9,0,0,0,0,0
G36006100191,1970,1,2,New York,36,New York,061,,,0191,A,5600,,Tract  191,0,1,G,36,61,57,133,129,163,198,150,146,99,291,296,547,151,33,488,357,354,337,278,271,312,371,284,118,206,107,136,15,0
G36006100192,1970,1,2,New York,36,New York,061,,,0192,A,5600,,Tract  192,0,1,G,63,26,125,138,108,145,134,121,114,43,60,69,37,21,0,100,84,108,22,4,30,22,21,8,0,0,9,0,0,0
G36006100193,1970,1,2,New York,36,New York,061,,,0193,A,5600,,Tract  193,0,1,G,186,115,162,220,243,273,242,237,202,148,262,187,211,31,0,236,281,144,165,140,112,125,135,58,23,38,39,15,0,0
G36006100194,1970,1,2,New York,36,New York,061,,,0194,A,5600,,Tract  194,0,1,G,174,106,235,221,230,179,228,157,117,118,161,92,51,21,4,190,155,129,59,87,19,54,6,7,12,0,0,14,7,0
G36006100195,1970,1,2,New York,36,New York,061,,,0195,A,5600,,Tract  195,0,1,G,54,34,98,139,125,203,132,173,148,136,207,195,358,166,5,353,348,296,263,236,229,179,137,101,59,133,50,64,11,0
G36006100196,1970,1,2,New York,36,New York,061,,,0196,A,5600,,Tract  196,0,1,G,94,58,117,135,172,130,92,52,85,99,101,21,18,0,0,119,134,58,55,29,55,44,15,27,6,7,0,0,4,6
G3600610019701,1970,1,2,New York,36,New York,061,,,019701,A,5600,,Tract  197.01,0,1,G,11,9,0,0,0,28,3,0,17,4,9,13,8,0,0,43,24,4,10,13,61,19,0,0,4,0,0,0,0,0
G3600610019702,1970,1,2,New York,36,New York,061,,,019702,A,5600,,Tract  197.02,0,1,G,21,72,35,92,64,76,77,53,34,67,34,20,48,12,0,71,94,138,78,92,69,53,30,5,4,6,0,0,0,0
G36006100198,1970,1,2,New York,36,New York,061,,,0198,A,5600,,Tract  198,0,1,G,46,76,94,90,37,56,94,72,75,18,41,47,52,0,3,124,115,132,71,92,55,72,14,0,0,92,0,17,0,0
G36006100199,1970,1,2,New York,36,New York,061,,,0199,A,5600,,Tract  199,0,1,G,49,45,58,29,107,157,101,128,139,116,224,234,405,120,26,1895,1517,875,479,382,394,222,292,169,168,282,119,74,14,22
G36006100200,1970,1,2,New York,36,New York,061,,,0200,A,5600,,Tract  200,0,1,G,17,21,48,29,119,129,104,75,85,20,53,12,34,0,0,173,140,173,202,165,187,144,88,55,32,14,0,0,0,0
G3600610020101,1970,1,2,New York,36,New York,061,,,020101,A,5600,,Tract  201.01,0,1,G,0,5,0,10,8,5,6,17,6,10,22,32,45,35,5,191,60,36,33,22,21,19,6,20,14,21,29,19,5,0
G3600610020102,1970,1,2,New York,36,New York,061,,,020102,A,5600,,Tract  201.02,0,1,G,48,37,115,83,83,94,126,107,82,90,117,31,48,5,7,186,170,210,101,201,105,63,44,20,17,17,6,5,3,0
G36006100202,1970,1,2,New York,36,New York,061,,,0202,A,5600,,Tract  202,0,1,G,45,54,54,96,38,60,88,25,29,18,19,43,15,2,0,111,61,76,53,15,32,8,8,0,11,0,5,0,0,0
G36006100203,1970,1,2,New York,36,New York,061,,,0203,A,5600,,Tract  203,0,1,G,25,14,17,26,9,16,16,36,26,16,43,27,58,14,5,68,39,21,26,23,19,20,5,18,10,4,15,0,0,0
G36006100204,1970,1,2,New York,36,New York,061,,,0204,A,5600,,Tract  204,0,1,G,26,17,20,10,50,25,35,21,1,10,26,13,3,0,0,79,47,44,18,13,21,16,20,0,0,0,0,0,0,0
G36006100205,1970,1,2,New York,36,New York,061,,,0205,A,5600,,Tract  205,0,1,G,16,9,40,28,38,87,26,16,24,72,61,117,215,194,43,750,292,151,70,65,50,51,42,49,36,91,20,50,29,9
G36006100206,1970,1,2,New York,36,New York,061,,,0206,A,5600,,Tract  206,0,1,G,130,103,93,60,107,84,75,60,43,63,47,47,35,8,0,205,377,124,101,147,84,79,32,34,4,16,5,0,3,0
G3600610020701,1970,1,2,New York,36,New York,061,,,020701,A,5600,,Tract  207.01,0,1,G,15,9,43,11,16,23,15,40,27,41,64,66,98,25,4,120,100,132,90,111,62,81,37,76,70,59,30,116,5,0
G3600610020702,1970,1,2,New York,36,New York,061,,,020702,A,5600,,Tract  207.02,0,1,G,62,60,77,44,112,111,68,115,58,51,59,43,57,16,0,199,159,92,109,118,65,33,72,51,0,16,10,4,3,0
G36006100208,1970,1,2,New York,36,New York,061,,,0208,A,5600,,Tract  208,0,1,G,118,117,147,134,146,185,171,90,107,55,89,89,98,7,0,424,452,230,249,174,228,57,23,22,24,50,12,0,10,0
G3600610020901,1970,1,2,New York,36,New York,061,,,020901,A,5600,,Tract  209.01,0,1,G,39,33,95,132,132,156,116,186,136,84,127,109,80,5,0,91,139,103,77,23,62,52,20,6,6,0,0,0,0,0
G3600610020902,1970,1,2,New York,36,New York,061,,,020902,A,5600,,Tract  209.02,0,1,G,6,15,33,27,49,35,24,21,5,15,24,15,16,0,0,83,62,33,37,19,34,18,22,0,0,5,0,6,4,0
G36006100210,1970,1,2,New York,36,New York,061,,,0210,A,5600,,Tract  210,0,1,G,113,70,117,111,146,168,225,218,195,144,269,248,341,49,6,59,76,64,59,45,71,87,69,123,43,49,42,43,13,0
G36006100211,1970,1,2,New York,36,New York,061,,,0211,A,5600,,Tract  211,0,1,G,57,80,122,186,203,271,192,249,225,184,261,294,386,151,4,296,340,199,286,208,171,172,164,124,83,143,62,72,33,0
G36006100212,1970,1,2,New York,36,New York,061,,,0212,A,5600,,Tract  212,0,1,G,103,90,98,89,93,144,171,101,90,109,119,196,199,46,0,297,270,160,152,117,135,186,167,96,89,75,98,38,5,0
G3600610021301,1970,1,2,New York,36,New York,061,,,021301,A,5600,,Tract  213.01,0,1,G,52,85,85,89,106,76,86,117,79,76,96,96,85,8,0,193,162,118,134,139,102,84,72,22,10,10,5,0,0,0
G3600610021302,1970,1,2,New York,36,New York,061,,,021302,A,5600,,Tract  213.02,0,1,G,37,27,48,30,15,24,19,16,15,11,17,17,21,0,0,45,108,56,33,19,12,14,20,0,0,0,16,0,0,0
G36006100214,1970,1,2,New York,36,New York,061,,,0214,A,5600,,Tract  214,0,1,G,53,17,21,25,59,73,70,83,116,82,137,134,137,11,0,185,42,73,65,103,114,133,79,42,72,52,21,4,0,0
G36006100216,1970,1,2,New York,36,New York,061,,,0216,A,5600,,Tract  216,0,1,G,182,137,144,181,202,213,261,192,121,114,179,152,122,0,0,592,637,335,341,221,287,279,164,71,37,36,0,4,4,5
G3600610021701,1970,1,2,New York,36,New York,061,,,021701,A,5600,,Tract  217.01,0,1,G,12,12,31,12,52,46,17,37,25,0,59,18,11,6,0,93,104,54,47,37,55,17,17,15,5,6,3,9,18,0
G3600610021702,1970,1,2,New York,36,New York,061,,,021702,A,5600,,Tract  217.02,0,1,G,20,5,33,72,39,34,10,39,62,21,24,6,0,7,0,95,88,54,33,10,32,28,35,10,0,0,0,0,0,0
G36006100218,1970,1,2,New York,36,New York,061,,,0218,A,5600,,Tract  218,0,1,G,169,112,246,207,279,212,187,135,96,100,193,100,85,6,6,281,372,383,179,214,110,54,44,76,16,19,5,11,0,0
G36006100219,1970,1,2,New York,36,New York,061,,,0219,A,5600,,Tract  219,0,1,G,46,54,123,100,134,241,228,206,181,107,232,178,93,10,7,162,156,62,53,64,95,42,13,13,14,3,9,0,0,0
G36006100220,1970,1,2,New York,36,New York,061,,,0220,A,5600,,Tract  220,0,1,G,101,95,177,166,159,99,123,124,126,62,81,75,69,11,0,355,305,248,204,171,182,118,123,47,6,18,0,5,12,0
G3600610022101,1970,1,2,New York,36,New York,061,,,022101,A,5600,,Tract  221.01,0,1,G,5,0,14,29,18,19,4,12,11,22,4,25,5,0,0,31,12,22,23,12,17,21,0,5,0,5,0,0,0,0
G3600610022102,1970,1,2,New York,36,New York,061,,,022102,A,5600,,Tract  221.02,0,1,G,61,17,92,59,48,68,82,43,51,26,26,49,50,9,0,130,241,81,160,112,126,94,109,6,0,35,11,15,0,0
G36006100222,1970,1,2,New York,36,New York,061,,,0222,A,5600,,Tract  222,0,1,G,25,70,79,122,87,70,47,66,58,36,32,14,26,14,0,235,191,138,135,132,66,58,51,31,11,6,6,4,0,0
G36006100223,1970,1,2,New York,36,New York,061,,,0223,A,5600,,Tract  223,0,1,G,141,52,88,176,249,210,203,195,144,112,211,191,154,37,7,278,187,153,188,122,102,86,28,3,22,12,17,7,0,0
G36006100224,1970,1,2,New York,36,New York,061,,,0224,A,5600,,Tract  224,0,1,G,99,119,131,202,250,273,320,195,118,125,101,56,98,9,0,274,344,303,145,78,85,75,44,47,44,0,6,13,0,0
G36006100225,1970,1,2,New York,36,New York,061,,,0225,A,5600,,Tract  225,0,1,G,71,67,101,186,200,182,229,196,228,175,322,252,309,76,24,313,228,186,229,147,122,171,129,63,77,42,54,20,6,0
G36006100226,1970,1,2,New York,36,New York,061,,,0226,A,5600,,Tract  226,0,1,G,106,103,103,125,159,113,116,102,71,80,104,32,82,23,0,321,330,266,232,171,288,158,73,43,50,15,26,0,4,0
G3600610022701,1970,1,2,New York,36,New York,061,,,022701,A,5600,,Tract  227.01,0,1,G,72,38,85,117,120,71,99,74,76,59,70,90,122,23,0,260,363,264,177,209,73,141,94,39,10,32,40,6,0,0
G3600610022702,1970,1,2,New York,36,New York,061,,,022702,A,5600,,Tract  227.02,0,1,G,10,23,58,66,5,53,44,16,24,30,40,12,12,0,6,13,64,17,75,54,65,27,11,0,26,5,11,0,0,0
G36006100228,1970,1,2,New York,36,New York,061,,,0228,A,5600,,Tract  228,0,1,G,131,115,160,114,113,121,177,123,150,55,137,105,71,0,0,371,500,349,304,207,276,131,109,48,49,27,10,0,0,6
G36006100229,1970,1,2,New York,36,New York,061,,,0229,A,5600,,Tract  229,0,1,G,115,93,117,172,122,164,170,185,179,96,163,222,186,4,0,221,230,207,185,150,253,135,86,38,24,41,15,22,0,0
G36006100230,1970,1,2,New York,36,New York,061,,,0230,A,5600,,Tract  230,0,1,G,124,103,214,276,195,284,207,204,136,138,177,162,127,9,0,474,615,280,259,303,200,165,91,65,70,23,13,0,0,0
G3600610023101,1970,1,2,New York,36,New York,061,,,023101,A,5600,,Tract  231.01,0,1,G,154,67,119,147,94,163,106,122,116,95,154,118,120,11,8,344,268,261,192,239,284,131,89,97,35,17,30,0,0,0
G3600610023102,1970,1,2,New York,36,New York,061,,,023102,A,5600,,Tract  231.02,0,1,G,89,13,65,38,66,82,52,48,34,24,46,29,7,0,0,110,134,61,67,39,27,25,14,22,10,10,0,3,0,0
G36006100232,1970,1,2,New York,36,New York,061,,,0232,A,5600,,Tract  232,0,1,G,202,219,290,272,269,317,306,232,143,146,224,187,80,4,0,400,475,223,203,290,122,127,104,34,36,16,0,13,4,4
G36006100233,1970,1,2,New York,36,New York,061,,,0233,A,5600,,Tract  233,0,1,G,59,43,69,97,159,158,137,108,163,106,156,96,130,17,0,242,181,240,256,163,238,165,77,28,31,30,14,6,4,0
G36006100234,1970,1,2,New York,36,New York,061,,,0234,A,5600,,Tract  234,0,1,G,108,94,81,140,176,123,133,113,134,112,174,107,109,0,0,154,267,157,136,117,130,103,46,32,11,32,21,0,0,0
G3600610023501,1970,1,2,New York,36,New York,061,,,023501,A,5600,,Tract  235.01,0,1,G,41,49,113,140,96,119,121,74,113,92,106,131,149,6,0,209,320,137,140,93,182,76,114,17,17,12,5,14,0,0
G3600610023502,1970,1,2,New York,36,New York,061,,,023502,A,5600,,Tract  235.02,0,1,G,49,25,39,79,73,59,59,49,29,43,73,54,9,8,0,124,101,68,50,52,49,25,5,7,16,0,0,0,0,0
G36006100236,1970,1,2,New York,36,New York,061,,,0236,A,5600,,Tract  236,0,1,G,77,118,93,122,157,165,160,249,198,158,339,390,335,61,11,218,231,211,84,125,104,122,109,99,51,39,17,10,0,0
G36006100237,1970,1,2,New York,36,New York,061,,,0237,A,5600,,Tract  237,0,1,G,124,94,64,84,146,149,165,157,125,150,182,222,128,22,8,225,156,126,110,167,123,81,109,30,26,43,19,22,0,0
G36006100238,1970,1,2,New York,36,New York,061,,,0238,A,5600,,Tract  238,0,1,G,0,0,0,0,0,0,0,0,0,0,0,0,0,0,0,4,0,0,0,0,0,0,0,0,0,0,0,0,0,0
G36006100239,1970,1,2,New York,36,New York,061,,,0239,A,5600,,Tract  239,0,1,G,49,35,61,57,33,117,80,51,37,53,40,78,78,15,0,93,149,113,105,81,63,35,26,10,10,17,8,4,0,0
G36006100241,1970,1,2,New York,36,New York,061,,,0241,A,5600,,Tract  241,0,1,G,76,15,73,141,137,128,136,195,170,126,278,245,310,81,8,230,222,135,154,163,143,144,139,101,43,62,53,19,0,4
G3600610024301,1970,1,2,New York,36,New York,061,,,024301,A,5600,,Tract  243.01,0,1,G,25,18,31,28,105,133,87,92,111,52,74,63,52,8,0,117,125,94,128,115,124,72,51,30,9,25,20,21,0,0
G3600610024302,1970,1,2,New York,36,New York,061,,,024302,A,5600,,Tract  243.02,0,1,G,157,61,116,142,228,319,368,254,217,126,272,122,109,11,11,74,156,93,18,26,5,14,15,4,0,0,6,0,0,0
G36006100245,1970,1,2,New York,36,New York,061,,,0245,A,5600,,Tract  245,0,1,G,95,116,190,184,304,296,271,301,216,212,419,370,278,56,0,278,419,204,284,297,207,202,92,89,39,51,35,13,5,0
G36006100247,1970,1,2,New York,36,New York,061,,,0247,A,5600,,Tract  247,0,1,G,41,30,53,65,96,147,160,136,160,114,234,237,299,39,10,192,143,138,137,99,96,86,30,89,39,43,26,10,6,0
G36006100249,1970,1,2,New York,36,New York,061,,,0249,A,5600,,Tract  249,0,1,G,60,9,40,35,22,51,8,6,54,15,19,61,9,0,0,38,35,6,28,7,19,8,15,0,0,0,5,0,0,0
G36006100251,1970,1,2,New York,36,New York,061,,,0251,A,5600,,Tract  251,0,1,G,25,18,25,49,46,68,57,77,100,30,59,44,28,8,0,248,94,34,48,56,28,53,30,51,17,28,31,5,0,0
G36006100253,1970,1,2,New York,36,New York,061,,,0253,A,5600,,Tract  253,0,1,G,83,63,118,156,190,253,268,229,209,230,252,331,286,55,6,234,195,177,160,170,127,114,64,71,5,46,56,18,0,5
G36006100255,1970,1,2,New York,36,New York,061,,,0255,A,5600,,Tract  255,0,1,G,38,47,86,49,89,71,98,171,139,91,155,136,293,62,11,140,99,114,114,77,86,64,78,55,49,112,38,9,17,0
G36006100261,1970,1,2,New York,36,New York,061,,,0261,A,5600,,Tract  261,0,1,G,136,110,184,211,231,295,245,198,287,229,269,311,265,24,0,227,154,137,111,132,114,53,62,48,33,22,18,8,5,0
G36006100263,1970,1,2,New York,36,New York,061,,,0263,A,5600,,Tract  263,0,1,G,75,50,84,124,113,110,114,200,136,167,234,292,290,91,9,143,108,117,132,102,57,58,76,57,39,91,54,8,9,0
G36006100265,1970,1,2,New York,36,New York,061,,,0265,A,5600,,Tract  265,0,1,G,51,32,102,72,131,138,169,134,131,152,208,199,228,58,0,141,187,109,107,90,58,55,59,56,46,51,33,10,10,0
G36006100267,1970,1,2,New York,36,New York,061,,,0267,A,5600,,Tract  267,0,1,G,20,19,10,26,15,18,22,43,18,45,43,81,68,27,13,46,41,25,23,8,20,3,12,4,8,4,0,0,0,0
G36006100269,1970,1,2,New York,36,New York,061,,,0269,A,5600,,Tract  269,0,1,G,54,69,195,193,165,181,190,158,180,130,235,172,154,11,12,663,314,180,99,103,107,96,45,17,9,10,11,15,5,0
G36006100271,1970,1,2,New York,36,New York,061,,,0271,A,5600,,Tract  271,0,1,G,66,48,119,95,160,165,138,135,148,117,246,258,332,107,13,147,197,166,147,85,93,34,52,31,25,53,21,14,0,0
G36006100273,1970,1,2,New York,36,New York,061,,,0273,A,5600,,Tract  273,0,1,G,19,56,97,77,50,104,133,89,84,128,283,216,484,176,19,119,196,122,129,148,168,82,97,73,47,45,14,17,11,0
G36006100275,1970,1,2,New York,36,New York,061,,,0275,A,5600,,Tract  275,0,1,G,11,15,0,6,50,40,68,47,31,69,82,122,264,190,36,36,74,54,53,46,40,52,67,65,38,61,64,44,4,10
G36006100277,1970,1,2,New York,36,New York,061,,,0277,A,5600,,Tract  277,0,1,G,30,48,92,111,136,102,138,105,123,135,149,172,199,12,0,73,141,94,72,104,25,68,30,38,26,22,5,10,0,0
G36006100279,1970,1,2,New York,36,New York,061,,,0279,A,5600,,Tract  279,0,1,G,60,32,108,102,107,212,161,196,229,198,382,371,370,80,0,238,191,150,195,129,134,128,101,64,63,60,35,23,11,5
G36006100281,1970,1,2,New York,36,New York,061,,,0281,A,5600,,Tract  281,0,1,G,6,18,18,12,57,58,24,29,66,51,111,96,303,135,18,102,72,48,52,30,32,31,30,25,5,5,11,19,5,0
G36006100283,1970,1,2,New York,36,New York,061,,,0283,A,5600,,Tract  283,0,1,G,29,29,78,68,102,108,152,132,184,128,280,315,423,65,0,134,147,129,135,96,100,75,79,56,29,84,20,10,0,0
G36006100285,1970,1,2,New York,36,New York,061,,,0285,A,5600,,Tract  285,0,1,G,37,80,97,110,116,186,134,164,46,109,165,176,179,60,4,116,161,99,119,79,57,111,83,43,23,21,9,5,0,0
G36006100287,1970,1,2,New York,36,New York,061,,,0287,A,5600,,Tract  287,0,1,G,13,13,61,36,38,59,59,46,63,118,135,200,228,73,4,46,127,86,95,62,84,59,43,9,5,23,5,7,0,0
G36006100289,1970,1,2,New York,36,New York,061,,,0289,A,5600,,Tract  289,0,1,G,24,11,56,37,72,58,99,137,114,112,223,239,177,10,12,44,70,76,27,30,37,7,6,4,9,3,0,0,0,0
G36006100291,1970,1,2,New York,36,New York,061,,,0291,A,5600,,Tract  291,0,1,G,88,73,134,143,227,247,263,287,245,166,336,397,261,55,0,150,185,147,149,121,146,65,53,20,20,41,21,12,6,0
G36006100293,1970,1,2,New York,36,New York,061,,,0293,A,5600,,Tract  293,0,1,G,93,69,143,114,109,155,155,205,135,138,288,166,194,30,0,127,209,181,134,111,105,29,72,8,37,49,30,0,0,0
G36006100295,1970,1,2,New York,36,New York,061,,,0295,A,5600,,Tract  295,0,1,G,45,45,94,46,115,118,127,169,98,127,251,376,421,107,26,130,230,129,81,66,79,91,73,68,73,64,50,11,5,0
G36006100303,1970,1,2,New York,36,New York,061,,,0303,A,5600,,Tract  303,0,1,G,25,14,24,43,49,49,67,74,75,84,183,162,228,58,6,60,116,57,86,66,60,71,55,29,40,49,33,5,6,0
G36006100307,1970,1,2,New York,36,New York,061,,,0307,A,5600,,Tract  307,0,1,G,16,18,49,37,54,60,42,64,60,63,204,218,372,140,35,39,93,34,28,19,42,37,31,40,54,39,18,4,9,0
G36006100309,1970,1,2,New York,36,New York,061,,,0309,A,5600,,Tract  309,0,1,G,19,45,106,93,118,138,149,134,128,185,257,281,262,14,8,67,219,93,43,26,48,42,51,36,33,22,9,5,0,0
G3600610031399,1970,1,2,New York,36,New York,061,,,031399,A,5600,,Tract  313.99,0,1,G,0,0,0,0,0,0,0,0,0,0,0,0,0,0,0,0,10,0,4,0,0,0,0,10,0,5,5,0,0,0
G36006100317,1970,1,2,New York,36,New York,061,,,0317,A,5600,,Tract  317,0,1,G,0,0,0,0,0,12,0,0,0,0,0,0,0,0,0,0,0,0,22,0,0,0,0,0,0,0,0,0,0,0
G3600610031799,1970,1,2,New York,36,New York,061,,,031799,A,5600,,Tract  317.99,0,1,G,0,0,0,0,0,0,0,0,0,0,0,0,0,0,0,10,9,10,21,29,45,66,4,18,4,8,20,18,21,0
G3600610031999,1970,1,2,New York,36,New York,061,,,031999,A,5600,,Tract  319.99,0,1,G,0,0,0,0,0,0,0,0,0,0,0,0,0,0,0,74,232,186,138,31,60,28,35,41,4,13,31,10,0,0
G36006300201,1970,1,2,New York,36,Niagara,063,,,0201,,1280,,Tract  201,1,1,A,10,24,14,40,41,54,81,75,64,154,222,164,310,76,11,55,33,29,24,38,11,15,13,10,20,11,17,10,0,0
G36006300202,1970,1,2,New York,36,Niagara,063,,,0202,,1280,,Tract  202,1,1,A,72,62,51,55,72,56,82,79,50,35,89,58,80,5,0,42,25,28,24,27,0,5,15,16,6,5,0,0,0,0
G36006300203,1970,1,2,New York,36,Niagara,063,,,0203,,1280,,Tract  203,1,1,A,15,0,16,20,10,5,40,34,57,65,84,94,99,12,4,16,6,18,0,10,0,5,7,5,0,0,0,0,0,0
G36006300204,1970,1,2,New York,36,Niagara,063,,,0204,,1280,,Tract  204,1,1,A,33,21,26,60,39,42,52,74,69,77,111,91,71,0,0,65,33,32,10,6,24,0,5,10,0,4,0,0,0,0
G36006300205,1970,1,2,New York,36,Niagara,063,,,0205,,1280,,Tract  205,1,1,A,12,22,56,37,68,55,58,54,113,94,86,65,86,27,7,80,215,161,36,54,46,38,23,6,6,5,6,15,0,0
G36006300206,1970,1,2,New York,36,Niagara,063,,,0206,,1280,,Tract  206,1,1,A,5,28,70,64,49,60,55,84,88,70,106,82,89,12,0,58,83,40,22,17,8,21,10,10,14,3,0,0,0,0
G36006300207,1970,1,2,New York,36,Niagara,063,,,0207,,1280,,Tract  207,1,1,A,19,6,21,30,49,56,56,86,128,85,195,209,98,5,0,15,57,78,10,24,5,4,5,0,0,16,0,0,0,0
G36006300208,1970,1,2,New York,36,Niagara,063,,,0208,,1280,,Tract  208,1,1,A,0,8,30,15,59,15,20,35,16,44,42,55,42,0,0,14,17,5,9,18,4,0,5,5,0,0,0,0,0,0
G36006300209,1970,1,2,New York,36,Niagara,063,,,0209,,1280,,Tract  209,1,1,A,34,25,74,49,38,50,95,87,89,95,150,115,72,14,0,70,36,56,31,28,14,33,0,14,0,12,4,0,0,0
G36006300210,1970,1,2,New York,36,Niagara,063,,,0210,,1280,,Tract  210,1,1,A,16,10,87,54,53,61,77,107,144,96,193,178,154,21,7,38,52,34,29,18,24,13,14,14,12,0,6,0,0,0
G36006300211,1970,1,2,New York,36,Niagara,063,,,0211,,1280,,Tract  211,1,1,A,14,10,65,41,67,79,32,56,93,70,80,53,40,10,11,175,189,71,58,35,40,38,34,43,27,14,0,0,5,0
G36006300212,1970,1,2,New York,36,Niagara,063,,,0212,,1280,,Tract  212,1,1,A,24,18,53,81,65,66,48,68,104,64,207,151,160,13,0,150,170,30,24,17,26,11,8,12,0,5,0,0,5,0
G36006300213,1970,1,2,New York,36,Niagara,063,,,0213,,1280,,Tract  213,1,1,A,32,54,47,87,56,87,99,100,74,61,140,121,74,10,0,80,96,65,18,10,27,12,11,18,0,0,0,0,0,0
G36006300214,1970,1,2,New York,36,Niagara,063,,,0214,,1280,,Tract  214,1,1,A,19,14,47,58,29,30,55,80,69,62,158,148,157,0,0,12,60,21,19,22,15,32,0,23,0,0,0,0,0,0
G36006300215,1970,1,2,New York,36,Niagara,063,,,0215,,1280,,Tract  215,1,0,A,3,18,22,29,17,22,19,17,15,22,20,23,39,59,4,121,141,54,114,59,48,45,30,11,24,6,37,43,6,6
G36006300216,1970,1,2,New York,36,Niagara,063,,,0216,,1280,,Tract  216,1,1,A,17,29,47,43,20,78,68,59,42,38,45,28,41,11,0,48,132,47,30,37,13,22,12,21,11,15,4,0,0,0
G36006300217,1970,1,2,New York,36,Niagara,063,,,0217,,1280,,Tract  217,1,1,A,14,21,36,48,23,39,54,78,98,107,110,106,143,11,0,72,84,34,23,28,16,37,30,22,7,6,0,5,0,0
G36006300218,1970,1,2,New York,36,Niagara,063,,,0218,,1280,,Tract  218,1,1,A,10,10,19,22,12,32,33,80,81,96,198,117,75,6,0,12,36,9,6,18,7,4,11,13,5,0,0,12,0,0
G36006300219,1970,1,2,New York,36,Niagara,063,,,0219,,1280,,Tract  219,1,1,A,0,12,0,23,0,9,19,51,54,39,138,91,47,5,5,17,25,5,4,7,6,0,10,12,0,0,0,0,0,0
G36006300220,1970,1,2,New York,36,Niagara,063,,,0220,,1280,,Tract  220,1,1,A,16,15,0,30,17,46,27,102,102,73,138,154,128,26,0,11,23,18,22,18,10,22,22,0,5,8,4,4,0,0
G36006300221,1970,1,2,New York,36,Niagara,063,,,0221,,1280,,Tract  221,1,1,A,0,11,21,32,26,24,45,61,84,114,197,164,144,26,0,10,0,21,11,17,5,10,5,5,0,0,6,0,0,0
G36006300222,1970,1,2,New York,36,Niagara,063,,,0222,,1280,,Tract  222,1,1,A,15,21,28,32,37,72,37,105,116,100,274,238,220,28,0,58,81,41,25,11,13,21,19,17,13,15,0,16,0,0
G36006300223,1970,1,2,New York,36,Niagara,063,,,0223,,1280,,Tract  223,1,1,A,17,5,26,15,30,40,53,69,135,119,193,282,171,17,0,13,38,23,19,15,14,10,15,4,0,14,5,0,0,0
G36006300224,1970,1,2,New York,36,Niagara,063,,,0224,,1280,,Tract  224,1,1,A,27,12,66,38,32,39,42,71,113,64,223,206,188,21,6,36,22,14,8,13,4,0,9,16,4,4,0,0,0,0
G36006300225,1970,1,2,New York,36,Niagara,063,,,0225,,1280,,Tract  225,1,1,A,28,9,16,14,9,18,30,49,86,144,147,166,131,4,0,91,102,22,23,13,8,0,14,38,0,0,8,8,0,0
G36006300226,1970,1,2,New York,36,Niagara,063,,,0226,,1280,,Tract  226,1,1,A,21,17,28,87,100,93,150,134,204,215,371,268,284,16,4,34,50,64,74,24,52,15,38,0,11,5,7,0,0,0
G3600630022701,1970,1,2,New York,36,Niagara,063,,,022701,,1280,,Tract  227.01,1,1,A,22,39,58,46,60,97,144,138,277,261,509,523,335,23,15,44,57,28,32,33,21,7,27,8,26,29,29,5,8,0
G3600630022702,1970,1,2,New York,36,Niagara,063,,,022702,,1280,,Tract  227.02,1,1,A,27,11,16,24,25,13,29,80,113,130,255,226,193,20,8,22,19,24,27,4,5,8,7,0,0,7,9,0,0,0
G3600630022801,1970,1,2,New York,36,Niagara,063,,,022801,,1280,,Tract  228.01,1,1,A,5,0,21,21,8,34,51,62,88,137,275,214,208,5,10,17,13,9,29,19,4,5,5,13,4,4,9,0,0,0
G3600630022802,1970,1,2,New York,36,Niagara,063,,,022802,,1280,,Tract  228.02,1,1,A,5,17,51,18,23,19,41,83,113,166,292,343,311,20,6,9,14,12,13,4,8,8,9,0,0,11,0,4,0,0
G36006300229,1970,1,2,New York,36,Niagara,063,,,0229,,1280,,Tract  229,1,1,A,23,23,61,57,76,58,88,161,139,149,350,239,243,22,9,57,62,39,28,11,30,27,10,6,18,7,0,6,0,0
G36006300230,1970,1,2,New York,36,Niagara,063,,,0230,,1280,,Tract  230,1,1,A,20,17,70,33,45,39,69,92,112,151,170,192,195,12,0,16,84,26,10,14,10,6,41,22,4,0,5,2,0,0
G36006300231,1970,1,2,New York,36,Niagara,063,,,0231,,1280,,Tract  231,1,1,A,2,30,45,26,16,42,73,81,92,106,131,138,94,0,0,23,98,17,22,13,26,25,9,15,0,16,8,6,0,0
G36006300232,1970,1,2,New York,36,Niagara,063,,,0232,,1280,,Tract  232,1,1,A,35,35,30,28,37,60,69,57,69,80,175,150,148,32,9,74,100,22,25,16,35,28,18,67,30,25,8,13,0,0
G36006300233,1970,1,2,New York,36,Niagara,063,,,0233,,1280,,Tract  233,1,1,A,16,54,35,75,65,90,86,74,110,216,319,327,298,39,6,21,116,21,27,33,5,11,6,10,17,6,10,6,0,0
G36006300234,1970,1,2,New York,36,Niagara,063,,,0234,,1280,,Tract  234,1,1,A,23,22,30,65,36,36,89,118,140,148,263,366,582,124,48,54,46,19,12,14,16,30,4,9,0,15,0,0,0,10
G36006300235,1970,1,2,New York,36,Niagara,063,,,0235,,1280,,Tract  235,1,1,A,20,32,53,42,64,26,89,75,103,67,144,194,116,13,0,51,49,53,14,22,26,16,15,10,0,4,0,0,0,0
G36006300236,1970,1,2,New York,36,Niagara,063,,,0236,,1280,,Tract  236,1,1,A,21,5,24,43,36,101,89,97,176,94,197,196,214,9,0,51,77,40,34,14,35,25,33,5,11,19,0,10,5,0
G36006300237,1970,1,2,New York,36,Niagara,063,,,0237,,1280,,Tract  237,1,1,A,16,22,57,9,40,44,57,41,52,43,55,125,89,3,0,80,128,65,45,43,73,25,29,21,5,17,5,0,0,6
G36006300238,1970,1,2,New York,36,Niagara,063,,,0238,,1280,,Tract  238,1,1,A,12,23,22,66,32,34,61,77,66,131,171,192,219,53,8,24,75,62,43,38,52,29,25,13,7,20,13,5,0,0
G36006300239,1970,1,2,New York,36,Niagara,063,,,0239,,1280,,Tract  239,1,1,A,9,30,54,50,40,49,101,113,225,131,336,424,578,152,33,99,142,79,53,45,70,16,66,30,20,33,24,5,6,0
G3600630024001,1970,1,2,New York,36,Niagara,063,,,024001,,1280,,Tract  240.01,1,1,A,32,42,41,59,16,66,74,55,81,131,209,235,257,27,0,57,32,30,14,30,18,5,17,4,4,3,7,4,0,0
G3600630024002,1970,1,2,New York,36,Niagara,063,,,024002,,1280,,Tract  240.02,1,1,A,0,11,10,31,14,24,29,67,57,27,89,87,108,16,7,5,32,15,25,6,9,10,0,4,6,3,4,5,0,0
G3600630024101,1970,1,2,New York,36,Niagara,063,,,024101,,1280,,Tract  241.01,1,1,A,7,32,27,33,30,45,61,109,74,63,171,120,162,12,0,32,38,10,22,9,13,3,0,17,10,0,8,0,0,0
G3600630024102,1970,1,2,New York,36,Niagara,063,,,024102,,1280,,Tract  241.02,1,1,A,10,30,27,9,13,40,27,56,78,50,106,140,43,21,0,20,48,19,30,10,6,11,0,0,0,7,0,0,0,0
G36006300242,1970,1,2,New York,36,Niagara,063,,,0242,,1280,,Tract  242,1,1,A,41,50,80,95,53,117,179,180,202,188,331,450,458,37,0,124,125,60,49,16,45,15,13,21,12,10,0,6,0,0
G3600630024301,1970,1,2,New York,36,Niagara,063,,,024301,,1280,,Tract  243.01,1,1,A,5,0,0,20,14,15,23,11,9,37,58,59,48,24,0,14,22,22,4,4,0,0,4,11,0,11,0,0,0,0
G3600630024302,1970,1,2,New York,36,Niagara,063,,,024302,,1280,,Tract  243.02,1,1,A,5,25,32,42,63,33,37,122,101,81,102,162,149,36,0,45,48,8,30,0,4,6,0,7,6,0,4,0,0,0
G3600630024303,1970,1,2,New York,36,Niagara,063,,,024303,,1280,,Tract  243.03,1,1,A,5,28,29,29,26,52,56,69,89,123,160,155,184,15,0,38,21,16,12,18,21,6,0,12,0,12,17,0,0,0
G3600630024401,1970,1,2,New York,36,Niagara,063,,,024401,,1280,,Tract  244.01,1,1,A,5,4,19,23,9,33,40,43,57,54,142,127,205,66,15,44,31,29,21,8,10,14,0,13,4,25,11,0,0,0
G3600630024402,1970,1,2,New York,36,Niagara,063,,,024402,,1280,,Tract  244.02,1,1,A,13,10,30,40,45,85,127,120,174,282,356,535,749,226,53,519,309,194,160,30,40,14,39,25,9,17,12,6,0,0
G3600630024403,1970,1,2,New York,36,Niagara,063,,,024403,,1280,,Tract  244.03,1,1,A,12,11,10,25,17,11,28,52,0,10,20,20,35,0,0,18,22,0,0,0,12,18,0,5,5,6,6,0,0,0
G3600630024501,1970,1,2,New York,36,Niagara,063,,,024501,,1280,,Tract  245.01,1,1,A,0,4,4,3,3,9,9,34,36,50,92,144,119,13,8,28,12,11,4,6,0,5,23,6,6,0,12,0,0,0
G3600630024502,1970,1,2,New York,36,Niagara,063,,,024502,,1280,,Tract  245.02,1,1,A,21,32,13,68,12,47,82,112,127,120,241,186,191,65,7,31,27,0,10,11,18,6,21,0,0,5,0,0,0,0
G3600650020101,1970,1,2,New York,36,Oneida,065,,,020101,,8680,,Tract  201.01,0,0,D,-1,,,,,,,,,,,,,,,-1,,,,,,,,,,,,,,
G3600650020102,1970,1,2,New York,36,Oneida,065,,,020102,,8680,,Tract  201.02,0,1,D,-1,,,,,,,,,,,,,,,-1,,,,,,,,,,,,,,
G3600650020201,1970,1,2,New York,36,Oneida,065,,,020201,,8680,,Tract  202.01,0,0,D,29,35,30,13,45,8,20,23,13,4,20,0,0,0,0,18,80,45,20,14,0,11,6,6,0,0,0,0,0,0
G3600650020202,1970,1,2,New York,36,Oneida,065,,,020202,,8680,,Tract  202.02,0,1,D,0,17,3,9,4,0,4,10,12,18,7,17,10,0,0,20,42,8,7,6,0,0,6,0,0,0,0,0,0,0
G36006500203,1970,1,2,New York,36,Oneida,065,,,0203,,8680,,Tract  203,0,0,D,0,15,0,10,10,3,13,0,6,8,10,5,26,0,0,72,51,45,39,56,16,24,4,6,13,13,5,0,8,0
G36006500204,1970,1,2,New York,36,Oneida,065,,,0204,,8680,,Tract  204,0,0,D,4,39,15,7,15,7,5,7,0,11,30,18,0,3,0,90,110,84,65,53,30,14,29,0,32,20,0,0,0,0
G36006500205,1970,1,2,New York,36,Oneida,065,,,0205,,8680,,Tract  205,0,1,D,-1,,,,,,,,,,,,,,,-1,,,,,,,,,,,,,,
G36006500206,1970,1,2,New York,36,Oneida,065,,,0206,,8680,,Tract  206,0,1,D,24,8,23,27,36,20,37,29,44,48,41,45,33,4,0,23,72,29,37,34,14,15,5,0,0,6,0,4,0,0
G3600650020701,1970,1,2,New York,36,Oneida,065,,,020701,,8680,,Tract  207.01,0,1,D,37,45,102,68,107,71,98,116,50,98,133,162,116,29,0,245,337,149,162,79,63,105,54,31,75,26,16,6,0,0
G3600650020702,1970,1,2,New York,36,Oneida,065,,,020702,,8680,,Tract  207.02,0,1,D,20,27,34,47,54,64,90,97,93,128,213,212,197,33,6,67,90,82,81,75,69,33,64,4,20,18,14,16,5,0
G3600650020801,1970,1,2,New York,36,Oneida,065,,,020801,,8680,,Tract  208.01,0,1,D,0,10,35,18,13,18,22,38,13,19,46,31,25,0,4,5,29,10,4,13,4,0,0,0,6,0,0,0,0,0
G3600650020802,1970,1,2,New York,36,Oneida,065,,,020802,,8680,,Tract  208.02,0,1,D,24,75,65,78,76,85,111,111,107,81,216,138,93,0,0,70,230,53,34,26,55,15,12,12,6,8,6,0,0,0
G3600650020803,1970,1,2,New York,36,Oneida,065,,,020803,,8680,,Tract  208.03,0,1,D,46,55,108,70,82,90,115,119,68,37,112,114,95,5,0,76,162,113,52,25,24,31,9,4,9,9,5,0,5,0
G36006500209,1970,1,2,New York,36,Oneida,065,,,0209,,8680,,Tract  209,0,1,D,22,36,83,67,96,126,116,62,73,98,117,126,29,6,0,79,105,54,48,83,69,18,17,6,17,0,0,0,0,0
G36006500210,1970,1,2,New York,36,Oneida,065,,,0210,,8680,,Tract  210,0,1,D,9,24,59,38,18,77,51,16,35,21,64,60,25,3,0,157,105,41,51,53,58,17,11,10,0,0,10,6,0,0
G3600650021101,1970,1,2,New York,36,Oneida,065,,,021101,,8680,,Tract  211.01,0,1,D,9,35,39,26,21,28,50,42,33,26,52,58,41,6,0,58,115,48,28,31,58,26,26,19,5,6,7,11,6,0
G3600650021102,1970,1,2,New York,36,Oneida,065,,,021102,,8680,,Tract  211.02,0,1,D,8,22,36,63,41,77,49,47,61,63,161,106,124,4,0,139,145,82,88,59,48,32,23,42,12,16,10,5,0,0
G3600650021103,1970,1,2,New York,36,Oneida,065,,,021103,,8680,,Tract  211.03,0,1,D,4,24,35,33,37,39,66,55,18,30,116,56,56,9,0,13,60,16,26,14,9,12,0,6,0,18,0,0,0,0
G3600650021201,1970,1,2,New York,36,Oneida,065,,,021201,,8680,,Tract  212.01,0,1,D,20,62,58,38,37,71,116,59,123,73,137,97,98,0,0,73,109,54,90,36,30,6,17,13,3,5,8,7,0,0
G3600650021202,1970,1,2,New York,36,Oneida,065,,,021202,,8680,,Tract  212.02,0,1,D,21,17,23,26,53,33,89,55,103,38,155,167,126,13,4,60,57,25,39,6,4,6,5,11,0,0,6,6,0,0
G3600650021301,1970,1,2,New York,36,Oneida,065,,,021301,,8680,,Tract  213.01,0,1,D,8,21,19,42,60,44,36,56,47,57,79,153,130,10,0,36,103,30,6,5,19,14,4,0,4,9,4,5,0,0
G3600650021302,1970,1,2,New York,36,Oneida,065,,,021302,,8680,,Tract  213.02,0,1,D,29,53,87,64,44,61,71,148,139,135,222,170,113,0,4,64,63,15,32,44,31,26,6,0,0,5,0,0,0,0
G3600650021303,1970,1,2,New York,36,Oneida,065,,,021303,,8680,,Tract  213.03,0,1,D,9,12,47,50,59,38,89,113,112,65,78,125,154,61,27,214,107,40,32,5,6,6,0,12,0,7,0,5,0,0
G3600650021401,1970,1,2,New York,36,Oneida,065,,,021401,,8680,,Tract  214.01,0,1,D,23,23,28,62,34,62,64,83,123,68,182,139,105,16,0,14,80,18,54,37,39,15,19,8,7,0,6,0,0,0
G3600650021402,1970,1,2,New York,36,Oneida,065,,,021402,,8680,,Tract  214.02,0,1,D,5,14,32,21,42,43,45,42,38,76,139,93,87,4,0,61,82,31,35,29,30,14,18,6,0,0,0,0,0,0
G3600650021403,1970,1,2,New York,36,Oneida,065,,,021403,,8680,,Tract  214.03,0,1,D,5,0,0,0,0,0,0,0,0,0,0,9,7,10,0,22,5,0,0,10,0,10,6,0,0,5,0,0,0,0
G3600650021404,1970,1,2,New York,36,Oneida,065,,,021404,,8680,,Tract  214.04,0,1,D,0,0,0,0,0,0,0,0,0,0,0,0,0,0,0,168,133,64,6,9,6,0,0,0,0,0,0,0,0,0
G36006500215,1970,1,2,New York,36,Oneida,065,,,0215,,8680,,Tract  215,0,1,D,29,41,51,68,78,97,118,144,116,88,113,129,95,19,0,131,155,128,63,47,13,9,5,5,0,9,0,0,0,0
G3600650021601,1970,1,2,New York,36,Oneida,065,,,021601,,8680,,Tract  216.01,0,1,D,27,5,33,54,31,41,62,166,147,122,251,344,273,19,5,26,16,13,10,17,10,11,11,6,0,21,0,6,0,0
G3600650021602,1970,1,2,New York,36,Oneida,065,,,021602,,8680,,Tract  216.02,0,1,D,10,5,11,22,17,53,14,65,43,87,220,189,129,17,4,9,43,5,5,20,4,0,5,10,6,0,0,0,0,0
G3600650021701,1970,1,2,New York,36,Oneida,065,,,021701,,8680,,Tract  217.01,0,1,D,6,23,28,4,52,49,33,54,106,63,148,159,324,124,33,140,57,27,36,22,42,33,25,10,16,28,41,9,0,0
G3600650021702,1970,1,2,New York,36,Oneida,065,,,021702,,8680,,Tract  217.02,0,1,D,13,12,23,55,33,35,56,66,63,57,145,185,220,20,15,26,50,31,34,17,46,39,6,6,16,42,6,0,0,0
G36006500218,1970,1,2,New York,36,Oneida,065,,,0218,,8680,,Tract  218,0,1,D,5,19,41,41,62,41,35,36,20,18,10,57,43,0,0,46,94,41,62,59,17,31,19,10,5,0,5,6,0,0
G36006500219,1970,1,2,New York,36,Oneida,065,,,0219,,8680,,Tract  219,0,1,D,35,34,39,74,63,95,93,63,40,30,77,120,52,0,0,23,37,12,30,16,17,5,5,18,0,9,6,0,0,0
G36006500220,1970,1,2,New York,36,Oneida,065,,,0220,,8680,,Tract  220,0,1,D,24,53,52,50,77,81,118,96,116,87,180,182,116,0,0,38,57,45,24,15,19,46,11,0,0,6,0,7,0,0
G36006500221,1970,1,2,New York,36,Oneida,065,,,0221,,8680,,Tract  221,0,1,D,15,6,19,18,21,68,106,91,100,79,150,132,154,16,0,28,22,30,10,5,9,20,0,5,6,0,17,0,0,0
G36006500222,1970,1,2,New York,36,Oneida,065,,,0222,,8680,,Tract  222,0,1,D,15,4,13,5,25,4,33,64,37,37,68,129,212,101,36,10,21,6,16,20,39,10,5,17,5,17,15,0,5,0
G36006500223,1970,1,2,New York,36,Oneida,065,,,0223,,8680,,Tract  223,0,1,D,26,25,48,53,137,92,86,119,93,100,91,165,111,7,4,28,119,88,47,51,37,37,18,27,20,18,15,10,0,0
G36006500224,1970,1,2,New York,36,Oneida,065,,,0224,,8680,,Tract  224,0,1,D,20,15,25,63,59,124,108,81,179,87,227,155,220,36,0,41,50,33,26,18,12,35,16,5,17,8,26,14,0,0
G36006500225,1970,1,2,New York,36,Oneida,065,,,0225,,8680,,Tract  225,0,1,D,16,29,64,95,89,98,229,202,98,103,155,139,124,26,0,214,164,43,50,40,12,42,11,6,14,7,11,6,0,0
G36006500226,1970,1,2,New York,36,Oneida,065,,,0226,,8680,,Tract  226,0,1,D,0,0,0,0,30,96,108,69,117,56,106,125,106,5,0,66,359,258,242,122,75,51,24,9,5,10,0,0,0,0
G3600650022701,1970,1,2,New York,36,Oneida,065,,,022701,,8680,,Tract  227.01,0,1,D,0,0,0,0,16,4,14,18,21,27,61,121,202,75,0,11,25,11,9,4,8,6,0,5,0,0,0,0,0,0
G3600650022702,1970,1,2,New York,36,Oneida,065,,,022702,,8680,,Tract  227.02,0,1,D,9,10,9,26,66,62,79,123,53,86,210,224,227,59,6,14,18,5,10,5,0,5,21,24,9,9,12,0,0,0
G36006500228,1970,1,2,New York,36,Oneida,065,,,0228,,8680,,Tract  228,0,1,D,4,14,33,26,34,31,53,52,85,72,134,92,111,20,0,31,24,9,4,0,29,12,7,4,6,10,5,0,0,0
G36006500229,1970,1,2,New York,36,Oneida,065,,,0229,,8680,,Tract  229,0,1,D,0,0,0,0,0,0,0,0,0,0,0,0,0,5,5,0,6,0,0,0,5,5,0,5,0,5,0,5,0,0
G36006500230,1970,1,2,New York,36,Oneida,065,,,0230,,8680,,Tract  230,0,1,D,11,31,34,27,27,54,83,128,137,95,196,182,175,32,0,38,34,40,16,5,6,30,11,0,11,6,0,7,0,0
G36006500231,1970,1,2,New York,36,Oneida,065,,,0231,,8680,,Tract  231,0,1,D,4,0,0,9,11,18,19,41,34,18,69,59,75,11,0,27,33,8,8,5,0,14,26,5,0,0,0,5,0,0
G36006500232,1970,1,2,New York,36,Oneida,065,,,0232,,8680,,Tract  232,0,1,D,6,11,35,45,32,42,67,102,124,142,145,254,240,37,0,17,64,50,57,6,31,15,34,16,5,10,5,0,0,0
G36006500233,1970,1,2,New York,36,Oneida,065,,,0233,,8680,,Tract  233,0,1,D,25,24,42,34,41,49,51,70,94,84,170,183,88,13,6,30,87,44,19,9,23,18,23,0,0,0,14,5,0,0
G36006500234,1970,1,2,New York,36,Oneida,065,,,0234,,8680,,Tract  234,0,1,D,13,19,35,38,36,48,49,96,106,79,251,192,119,14,7,24,77,28,35,19,32,44,11,6,0,5,12,5,0,0
G3600650023501,1970,1,2,New York,36,Oneida,065,,,023501,,8680,,Tract  235.01,0,1,D,16,16,16,14,11,4,41,46,36,28,140,254,320,51,5,4,10,4,8,4,4,12,0,5,7,0,5,5,0,0
G3600650023502,1970,1,2,New York,36,Oneida,065,,,023502,,8680,,Tract  235.02,0,1,D,6,9,29,16,24,42,16,70,49,89,185,266,294,61,0,15,32,5,4,16,28,0,6,5,0,5,0,0,5,0
G36006500236,1970,1,2,New York,36,Oneida,065,,,0236,,8680,,Tract  236,0,1,D,5,5,5,4,0,0,18,17,15,20,38,52,60,12,0,0,0,8,0,0,0,0,0,0,5,0,5,0,0,0
G3600650023701,1970,1,2,New York,36,Oneida,065,,,023701,,8680,,Tract  237.01,0,1,D,16,17,16,32,23,54,80,80,59,73,217,241,296,50,5,16,17,39,27,22,5,0,19,13,5,9,19,0,0,0
G3600650023702,1970,1,2,New York,36,Oneida,065,,,023702,,8680,,Tract  237.02,0,1,D,4,22,20,15,27,46,71,67,87,80,97,170,150,5,0,25,5,29,0,5,5,17,14,19,0,3,0,4,0,0
G36006500238,1970,1,2,New York,36,Oneida,065,,,0238,,8680,,Tract  238,0,1,D,0,0,5,0,0,0,3,0,0,5,0,9,5,14,0,41,0,0,0,5,10,15,16,0,0,0,5,4,0,0
G3600650023901,1970,1,2,New York,36,Oneida,065,,,023901,,8680,,Tract  239.01,0,1,D,9,0,0,14,5,43,16,41,34,50,125,165,191,17,0,8,6,0,3,0,4,4,0,0,4,0,0,0,0,0
G3600650023902,1970,1,2,New York,36,Oneida,065,,,023902,,8680,,Tract  239.02,0,1,D,6,10,11,8,16,24,9,27,21,18,81,55,64,7,5,7,14,19,0,0,7,0,5,0,0,0,5,0,0,0
G36006500240,1970,1,2,New York,36,Oneida,065,,,0240,,8680,,Tract  240,0,1,D,16,12,31,37,36,41,69,95,62,97,143,169,283,37,0,49,68,20,31,19,10,15,11,6,0,12,0,0,0,0
G36006500241,1970,1,2,New York,36,Oneida,065,,,0241,,8680,,Tract  241,0,1,D,29,24,19,24,30,64,61,78,45,89,108,81,106,15,0,42,31,29,56,16,20,30,10,9,0,4,10,12,0,0
G36006500242,1970,1,2,New York,36,Oneida,065,,,0242,,8680,,Tract  242,0,1,D,28,14,33,47,41,92,66,74,139,79,101,163,90,22,10,106,43,58,11,14,0,17,10,5,8,10,0,0,0,0
G3600650024301,1970,1,2,New York,36,Oneida,065,,,024301,,8680,,Tract  243.01,0,1,D,10,13,0,16,21,41,17,14,78,22,92,204,193,69,13,20,18,5,0,0,0,7,9,0,0,7,7,8,0,0
G3600650024302,1970,1,2,New York,36,Oneida,065,,,024302,,8680,,Tract  243.02,0,1,D,14,6,23,54,24,65,48,86,56,50,70,101,105,5,10,29,32,9,9,6,17,10,0,20,0,0,0,7,0,0
G3600650024303,1970,1,2,New York,36,Oneida,065,,,024303,,8680,,Tract  243.03,0,1,D,22,11,28,17,18,67,53,67,48,37,95,78,81,20,7,20,13,20,4,8,12,7,13,0,5,0,8,0,0,0
G36006500244,1970,1,2,New York,36,Oneida,065,,,0244,,8680,,Tract  244,0,1,D,10,10,25,34,21,41,79,49,45,50,81,52,62,10,5,9,9,24,13,4,8,4,4,0,4,5,0,0,0,0
G36006500245,1970,1,2,New York,36,Oneida,065,,,0245,,8680,,Tract  245,0,1,D,12,27,54,63,65,59,88,97,102,91,223,156,124,11,0,101,97,36,45,9,10,38,20,10,0,9,5,0,0,0
G36006500246,1970,1,2,New York,36,Oneida,065,,,0246,,8680,,Tract  246,0,1,D,14,22,20,33,60,65,117,61,89,73,110,158,88,15,10,18,45,31,28,21,26,5,8,15,6,5,0,0,0,0
G36006500247,1970,1,2,New York,36,Oneida,065,,,0247,,8680,,Tract  247,0,1,D,23,41,47,59,53,104,125,123,76,133,267,251,160,56,0,68,76,51,19,25,20,29,4,5,10,4,0,0,0,0
G36006500248,1970,1,2,New York,36,Oneida,065,,,0248,,8680,,Tract  248,0,1,D,12,4,13,27,45,40,37,29,72,60,136,151,142,19,4,36,59,9,11,10,11,11,5,5,0,6,0,0,0,0
G36006500249,1970,1,2,New York,36,Oneida,065,,,0249,,8680,,Tract  249,0,1,D,31,39,33,54,69,54,118,119,66,85,171,181,152,51,9,58,39,47,41,26,13,26,14,4,5,0,0,5,0,8
G36006500250,1970,1,2,New York,36,Oneida,065,,,0250,,8680,,Tract  250,0,1,D,25,34,58,54,65,93,121,165,135,145,247,350,471,95,16,771,441,87,51,23,52,52,24,26,19,4,35,18,0,0
G36006500251,1970,1,2,New York,36,Oneida,065,,,0251,,8680,,Tract  251,0,1,D,0,5,5,23,14,18,28,36,14,20,105,95,220,65,0,0,29,26,19,6,5,19,6,14,11,7,12,0,0,0
G36006500252,1970,1,2,New York,36,Oneida,065,,,0252,,8680,,Tract  252,0,1,D,15,26,20,36,35,41,86,102,90,112,244,200,263,4,0,18,34,21,10,14,20,35,19,19,22,16,4,0,4,0
G36006500253,1970,1,2,New York,36,Oneida,065,,,0253,,8680,,Tract  253,0,1,D,25,18,45,25,26,58,36,78,110,77,211,354,641,184,15,33,70,42,19,29,15,21,9,19,14,36,6,5,0,0
G36006500254,1970,1,2,New York,36,Oneida,065,,,0254,,8680,,Tract  254,0,1,D,6,10,21,37,19,80,37,69,53,73,150,145,318,153,16,13,22,20,23,15,28,13,16,16,3,5,0,5,5,0
G36006500255,1970,1,2,New York,36,Oneida,065,,,0255,,8680,,Tract  255,0,1,D,40,36,35,50,51,69,116,89,118,116,127,153,170,0,0,39,37,41,35,11,12,9,19,7,7,15,0,0,0,0
G36006500256,1970,1,2,New York,36,Oneida,065,,,0256,,8680,,Tract  256,0,1,D,6,36,28,57,65,69,67,129,101,81,112,125,105,14,0,50,58,28,25,25,9,9,14,5,7,11,5,0,0,0
G36006500257,1970,1,2,New York,36,Oneida,065,,,0257,,8680,,Tract  257,0,1,D,0,4,32,21,37,57,81,90,78,71,170,128,104,40,0,34,48,30,0,16,6,43,16,5,14,14,0,0,0,0
G36006700001,1970,1,2,New York,36,Onondaga,067,,,0001,,8160,,Tract    1,0,1,C,-1,,,,,,,,,,,,,,,-1,,,,,,,,,,,,,,
G36006700002,1970,1,2,New York,36,Onondaga,067,,,0002,,8160,,Tract    2,0,1,C,68,23,70,47,53,86,81,122,97,101,160,177,114,21,0,64,141,25,46,61,38,44,15,6,5,0,5,0,0,0
G36006700003,1970,1,2,New York,36,Onondaga,067,,,0003,,8160,,Tract    3,0,1,C,4,0,14,18,39,20,75,39,46,51,74,102,70,9,0,0,45,11,17,6,14,0,5,0,6,0,10,0,0,0
G36006700004,1970,1,2,New York,36,Onondaga,067,,,0004,,8160,,Tract    4,0,1,C,0,9,31,46,91,69,66,122,96,87,271,230,267,15,0,151,88,39,36,36,47,41,13,36,15,11,0,6,0,0
G36006700005,1970,1,2,New York,36,Onondaga,067,,,0005,,8160,,Tract    5,0,1,C,18,10,34,62,27,41,38,47,48,35,53,53,32,5,0,15,57,30,38,0,23,31,13,12,5,0,0,0,0,0
G36006700006,1970,1,2,New York,36,Onondaga,067,,,0006,,8160,,Tract    6,0,1,C,14,20,29,43,51,54,40,115,49,66,183,123,102,4,0,82,91,86,41,75,41,22,24,11,0,0,18,4,6,0
G36006700007,1970,1,2,New York,36,Onondaga,067,,,0007,,8160,,Tract    7,0,1,C,0,9,43,5,34,18,42,44,48,71,39,59,93,4,0,19,38,34,30,21,8,9,16,16,7,0,0,0,0,0
G36006700008,1970,1,2,New York,36,Onondaga,067,,,0008,,8160,,Tract    8,0,1,C,10,21,50,18,38,72,57,70,69,52,145,117,142,12,0,31,69,44,44,20,21,18,7,6,4,23,15,0,0,0
G36006700009,1970,1,2,New York,36,Onondaga,067,,,0009,,8160,,Tract    9,0,1,C,6,4,27,29,51,22,39,63,69,103,157,143,268,194,57,39,61,53,35,24,29,27,18,25,5,30,4,26,8,0
G36006700010,1970,1,2,New York,36,Onondaga,067,,,0010,,8160,,Tract   10,0,1,C,18,69,21,76,49,85,82,64,151,106,264,168,124,27,4,69,114,102,115,53,104,53,61,60,31,27,14,30,4,0
G36006700011,1970,1,2,New York,36,Onondaga,067,,,0011,,8160,,Tract   11,0,1,C,0,0,0,0,0,8,4,6,6,6,0,11,17,0,0,0,5,5,0,0,0,0,5,0,0,0,0,5,0,0
G36006700012,1970,1,2,New York,36,Onondaga,067,,,0012,,8160,,Tract   12,0,1,C,5,0,0,0,4,0,0,6,0,0,5,5,5,0,0,0,5,0,6,6,5,0,7,5,0,6,0,0,0,0
G36006700013,1970,1,2,New York,36,Onondaga,067,,,0013,,8160,,Tract   13,0,1,C,0,40,34,36,34,24,31,78,51,17,71,27,22,5,6,16,74,26,23,35,27,27,11,33,5,0,0,5,0,6
G36006700014,1970,1,2,New York,36,Onondaga,067,,,0014,,8160,,Tract   14,0,1,C,5,59,72,35,44,87,67,87,63,51,95,101,106,0,0,61,96,29,28,35,29,36,9,5,4,0,6,0,5,0
G36006700015,1970,1,2,New York,36,Onondaga,067,,,0015,,8160,,Tract   15,0,1,C,25,24,20,39,31,109,75,49,84,58,120,87,50,40,0,35,103,66,24,21,30,34,10,0,11,5,0,0,0,0
G36006700016,1970,1,2,New York,36,Onondaga,067,,,0016,,8160,,Tract   16,0,1,C,18,29,20,18,28,37,49,49,19,51,35,76,106,63,10,292,209,101,196,112,118,111,92,84,63,69,122,21,9,6
G3600670001701,1970,1,2,New York,36,Onondaga,067,,,001701,,8160,,Tract   17.01,0,1,C,10,20,35,38,47,39,61,98,88,95,126,75,59,22,0,21,63,17,16,45,27,25,21,10,34,0,14,6,18,0
G3600670001702,1970,1,2,New York,36,Onondaga,067,,,001702,,8160,,Tract   17.02,0,1,C,14,0,17,26,45,68,46,43,77,154,138,136,163,32,0,24,23,75,24,34,31,25,5,5,13,4,15,0,0,7
G36006700018,1970,1,2,New York,36,Onondaga,067,,,0018,,8160,,Tract   18,0,1,C,19,14,37,22,25,69,54,50,65,73,159,173,155,23,6,36,69,23,26,41,54,43,25,9,9,18,0,0,0,0
G36006700019,1970,1,2,New York,36,Onondaga,067,,,0019,,8160,,Tract   19,0,1,C,12,20,50,34,45,52,79,84,114,98,309,254,288,42,20,50,58,46,61,50,39,18,23,29,20,0,12,4,5,5
G36006700020,1970,1,2,New York,36,Onondaga,067,,,0020,,8160,,Tract   20,0,1,C,0,26,31,26,57,61,77,76,98,43,114,123,94,5,0,31,59,63,21,30,36,15,32,11,11,0,11,0,0,0
G36006700021,1970,1,2,New York,36,Onondaga,067,,,0021,,8160,,Tract   21,0,1,C,29,3,55,34,17,28,24,55,37,90,110,123,54,19,0,72,76,43,54,57,24,13,17,13,7,18,0,0,0,0
G36006700022,1970,1,2,New York,36,Onondaga,067,,,0022,,8160,,Tract   22,0,1,C,12,7,14,11,26,42,72,23,51,15,74,22,20,6,0,31,16,56,6,28,38,28,32,6,13,4,6,0,0,0
G36006700023,1970,1,2,New York,36,Onondaga,067,,,0023,,8160,,Tract   23,0,1,C,10,37,55,61,42,95,75,76,44,25,43,60,47,18,0,218,121,110,137,92,102,16,33,10,4,20,5,11,5,0
G36006700024,1970,1,2,New York,36,Onondaga,067,,,0024,,8160,,Tract   24,0,1,C,46,14,52,60,63,34,76,139,39,66,86,66,50,0,0,84,69,20,55,58,60,36,33,39,7,9,3,0,7,6
G36006700027,1970,1,2,New York,36,Onondaga,067,,,0027,,8160,,Tract   27,0,1,C,28,22,16,48,32,18,28,48,87,69,94,69,80,4,0,31,63,56,0,44,55,18,18,0,22,5,6,6,0,0
G36006700028,1970,1,2,New York,36,Onondaga,067,,,0028,,8160,,Tract   28,0,1,C,12,35,28,6,48,19,45,54,63,55,100,119,103,18,0,27,36,17,28,18,43,26,15,10,23,6,0,6,0,0
G36006700029,1970,1,2,New York,36,Onondaga,067,,,0029,,8160,,Tract   29,0,1,C,14,0,33,11,21,46,11,24,23,22,80,80,49,6,0,24,38,33,28,4,17,18,5,0,5,0,0,0,0,0
G36006700030,1970,1,2,New York,36,Onondaga,067,,,0030,,8160,,Tract   30,0,1,C,36,48,75,44,89,38,42,43,39,41,58,67,31,20,0,163,186,47,65,49,16,25,4,0,5,18,0,0,5,0
G36006700031,1970,1,2,New York,36,Onondaga,067,,,0031,,8160,,Tract   31,0,0,C,10,4,0,15,0,15,6,0,0,7,0,13,8,0,0,107,104,100,46,85,74,93,43,7,0,0,4,0,0,0
G36006700032,1970,1,2,New York,36,Onondaga,067,,,0032,,8160,,Tract   32,0,0,C,9,0,5,4,0,0,7,0,8,8,0,4,18,13,0,57,12,0,17,25,20,16,12,16,22,4,5,14,17,0
G36006700033,1970,1,2,New York,36,Onondaga,067,,,0033,,8160,,Tract   33,0,1,C,14,12,29,14,42,14,21,18,4,0,0,34,0,4,0,91,88,50,18,21,54,11,17,0,0,19,0,0,0,0
G36006700034,1970,1,2,New York,36,Onondaga,067,,,0034,,8160,,Tract   34,0,1,C,24,13,33,21,29,36,46,29,46,37,29,43,30,2,0,161,182,61,94,64,47,75,36,10,0,14,5,11,0,0
G36006700035,1970,1,2,New York,36,Onondaga,067,,,0035,,8160,,Tract   35,0,1,C,69,17,63,65,89,31,34,95,65,67,91,61,79,20,4,109,88,90,95,69,81,31,36,15,18,10,5,11,9,0
G3600670003601,1970,1,2,New York,36,Onondaga,067,,,003601,,8160,,Tract   36.01,0,1,C,6,9,57,73,35,60,77,46,44,46,65,71,124,32,0,35,76,15,41,5,15,18,0,7,0,17,9,0,0,0
G3600670003602,1970,1,2,New York,36,Onondaga,067,,,003602,,8160,,Tract   36.02,0,1,C,17,0,22,12,16,23,38,32,37,74,65,99,180,11,0,20,18,34,55,36,18,19,26,24,25,25,0,0,0,0
G36006700037,1970,1,2,New York,36,Onondaga,067,,,0037,,8160,,Tract   37,0,1,C,0,0,0,0,0,0,0,0,0,0,0,0,0,6,0,5,0,0,0,0,6,6,0,0,7,0,0,0,0,0
G36006700038,1970,1,2,New York,36,Onondaga,067,,,0038,,8160,,Tract   38,0,1,C,20,15,30,52,26,22,71,84,92,53,85,85,115,9,0,82,67,42,31,40,56,8,32,19,10,5,0,4,5,0
G36006700039,1970,1,2,New York,36,Onondaga,067,,,0039,,8160,,Tract   39,0,1,C,48,98,95,134,123,114,161,120,114,116,236,159,142,0,0,204,289,216,167,230,168,70,70,69,31,39,5,21,0,5
G36006700040,1970,1,2,New York,36,Onondaga,067,,,0040,,8160,,Tract   40,0,1,C,52,84,99,90,88,68,89,38,48,32,25,29,20,6,0,311,199,75,84,70,76,70,35,42,14,15,7,5,0,0
G36006700041,1970,1,2,New York,36,Onondaga,067,,,0041,,8160,,Tract   41,0,1,C,28,15,29,60,19,55,36,27,15,22,10,7,3,14,0,49,50,23,22,39,5,0,5,0,0,0,0,0,0,0
G36006700042,1970,1,2,New York,36,Onondaga,067,,,0042,,8160,,Tract   42,0,1,C,36,66,143,176,88,67,23,65,50,42,39,18,22,4,0,120,284,126,41,40,43,36,22,3,21,23,5,3,0,0
G36006700043,1970,1,2,New York,36,Onondaga,067,,,0043,,8160,,Tract   43,0,1,C,6,25,54,73,55,33,23,37,61,36,38,26,14,5,0,4863,2630,684,312,206,149,62,125,8,25,16,13,18,5,35
G36006700044,1970,1,2,New York,36,Onondaga,067,,,0044,,8160,,Tract   44,0,1,C,0,19,21,17,33,6,9,21,20,27,61,32,120,90,5,254,134,87,44,46,42,23,15,10,10,16,10,6,0,6
G36006700045,1970,1,2,New York,36,Onondaga,067,,,0045,,8160,,Tract   45,0,1,C,25,21,28,18,36,55,64,89,87,92,107,252,244,60,5,183,138,93,77,44,31,61,31,31,10,51,16,11,0,0
G36006700046,1970,1,2,New York,36,Onondaga,067,,,0046,,8160,,Tract   46,0,1,C,17,32,8,19,22,42,64,47,83,41,137,232,582,348,97,55,44,15,31,72,31,27,25,10,35,23,23,9,9,9
G36006700048,1970,1,2,New York,36,Onondaga,067,,,0048,,8160,,Tract   48,0,1,C,0,7,4,4,21,20,36,27,26,20,32,137,198,91,6,4,12,4,5,4,0,6,11,8,6,4,0,5,0,0
G36006700049,1970,1,2,New York,36,Onondaga,067,,,0049,,8160,,Tract   49,0,1,C,0,3,5,13,32,36,21,46,28,28,36,100,114,33,0,15,15,9,18,4,14,25,9,5,9,5,9,0,0,0
G36006700050,1970,1,2,New York,36,Onondaga,067,,,0050,,8160,,Tract   50,0,1,C,17,0,8,16,33,38,50,46,15,45,122,140,211,115,23,39,40,16,40,23,25,13,27,37,0,23,12,29,8,0
G36006700051,1970,1,2,New York,36,Onondaga,067,,,0051,,8160,,Tract   51,0,1,C,22,17,31,31,28,44,85,82,53,87,178,122,121,11,0,63,46,43,62,45,31,14,45,11,13,9,20,0,4,0
G36006700052,1970,1,2,New York,36,Onondaga,067,,,0052,,8160,,Tract   52,0,1,C,55,73,50,70,109,132,176,83,69,76,201,116,67,12,0,85,133,75,61,55,78,19,35,13,21,17,7,22,0,0
G36006700053,1970,1,2,New York,36,Onondaga,067,,,0053,,8160,,Tract   53,0,1,C,26,35,96,81,72,91,75,51,81,47,84,54,21,12,5,167,172,92,73,85,56,56,30,23,6,12,7,0,0,0
G36006700054,1970,1,2,New York,36,Onondaga,067,,,0054,,8160,,Tract   54,0,1,C,51,54,74,69,79,91,103,131,78,62,175,174,128,13,5,134,163,100,99,58,67,71,31,29,6,5,0,0,0,0
G36006700055,1970,1,2,New York,36,Onondaga,067,,,0055,,8160,,Tract   55,0,1,C,31,20,24,24,66,41,40,88,50,61,106,154,125,55,0,70,111,74,55,52,38,73,28,41,11,16,11,11,10,0
G3600670005601,1970,1,2,New York,36,Onondaga,067,,,005601,,8160,,Tract   56.01,0,1,C,0,19,0,4,16,9,15,10,31,23,61,121,178,56,9,0,20,5,10,10,18,5,15,6,0,38,0,11,0,0
G3600670005602,1970,1,2,New York,36,Onondaga,067,,,005602,,8160,,Tract   56.02,0,1,C,20,24,65,65,40,55,54,62,77,79,33,42,14,0,0,49,89,49,30,9,15,0,0,5,0,0,0,0,0,0
G36006700057,1970,1,2,New York,36,Onondaga,067,,,0057,,8160,,Tract   57,0,1,C,5,4,32,35,27,45,30,58,70,93,133,125,126,18,7,35,34,30,40,40,26,39,27,29,11,6,11,5,0,0
G36006700058,1970,1,2,New York,36,Onondaga,067,,,0058,,8160,,Tract   58,0,1,C,27,47,41,22,36,99,78,77,76,65,127,109,132,5,0,34,61,41,45,42,19,18,32,13,0,0,5,4,5,0
G36006700059,1970,1,2,New York,36,Onondaga,067,,,0059,,8160,,Tract   59,0,1,C,8,21,23,65,51,47,57,49,77,55,98,163,84,14,0,63,113,54,48,43,37,27,15,16,5,0,0,0,0,0
G36006700060,1970,1,2,New York,36,Onondaga,067,,,0060,,8160,,Tract   60,0,1,C,5,5,35,29,54,49,56,83,151,90,183,231,315,55,5,34,55,34,17,20,37,20,36,25,4,9,5,5,5,0
G3600670006101,1970,1,2,New York,36,Onondaga,067,,,006101,,8160,,Tract   61.01,0,1,C,23,18,28,31,40,36,53,87,87,116,139,144,147,13,27,32,51,55,30,32,25,43,29,9,13,17,9,9,0,0
G3600670006102,1970,1,2,New York,36,Onondaga,067,,,006102,,8160,,Tract   61.02,0,1,C,5,15,0,7,23,6,6,15,8,8,34,18,19,5,0,6,19,0,14,10,0,0,13,17,6,8,8,0,5,0
G3600670006103,1970,1,2,New York,36,Onondaga,067,,,006103,,8160,,Tract   61.03,0,1,C,4,7,4,28,24,15,54,31,63,27,125,206,278,55,7,4,52,36,41,0,4,7,8,16,22,8,4,0,0,3
G36006700101,1970,1,2,New York,36,Onondaga,067,,,0101,,8160,,Tract  101,0,1,C,11,5,18,5,20,31,25,51,39,42,95,103,84,20,0,10,25,20,4,17,14,9,5,6,4,6,5,0,0,0
G36006700102,1970,1,2,New York,36,Onondaga,067,,,0102,,8160,,Tract  102,0,1,C,12,0,6,15,29,25,47,36,70,73,63,174,135,15,0,73,46,31,12,4,11,13,18,0,0,8,3,0,0,0
G36006700103,1970,1,2,New York,36,Onondaga,067,,,0103,,8160,,Tract  103,0,1,C,17,8,15,4,32,40,64,48,104,87,238,224,186,42,0,16,44,23,9,10,15,29,0,8,5,4,5,0,0,0
G36006700104,1970,1,2,New York,36,Onondaga,067,,,0104,,8160,,Tract  104,0,1,C,11,0,6,11,28,41,64,107,88,45,127,128,80,5,4,5,12,0,0,0,10,0,6,5,0,0,6,0,0,0
G36006700105,1970,1,2,New York,36,Onondaga,067,,,0105,,8160,,Tract  105,0,1,C,0,6,0,11,0,9,7,18,10,33,56,93,128,11,0,5,12,11,6,6,0,0,0,0,0,0,0,0,0,0
G36006700106,1970,1,2,New York,36,Onondaga,067,,,0106,,8160,,Tract  106,0,1,C,0,23,5,6,26,53,75,53,80,101,237,222,235,25,10,37,117,57,38,43,25,28,15,18,6,10,3,0,0,0
G36006700107,1970,1,2,New York,36,Onondaga,067,,,0107,,8160,,Tract  107,0,1,C,20,0,16,21,23,10,17,50,58,62,124,115,121,15,0,16,4,8,20,24,9,4,18,4,4,4,4,9,0,0
G36006700108,1970,1,2,New York,36,Onondaga,067,,,0108,,8160,,Tract  108,0,1,C,25,10,46,35,37,14,67,70,108,120,296,327,376,20,20,45,50,25,39,26,35,31,22,16,11,5,17,0,0,0
G36006700109,1970,1,2,New York,36,Onondaga,067,,,0109,,8160,,Tract  109,0,1,C,25,4,5,11,27,4,44,44,72,36,152,329,190,34,5,10,4,4,11,11,9,0,0,6,6,6,0,0,0,0
G36006700110,1970,1,2,New York,36,Onondaga,067,,,0110,,8160,,Tract  110,0,1,C,25,17,15,33,53,50,60,82,117,160,224,464,502,47,81,28,33,18,50,31,43,42,66,44,21,18,31,15,10,28
G36006700111,1970,1,2,New York,36,Onondaga,067,,,0111,,8160,,Tract  111,0,1,C,43,10,30,46,56,59,69,77,122,96,360,622,891,99,4,37,39,31,45,34,44,78,20,34,36,66,25,20,30,5
G36006700112,1970,1,2,New York,36,Onondaga,067,,,0112,,8160,,Tract  112,0,1,C,10,27,0,13,33,53,47,49,88,59,265,278,239,17,5,5,32,17,12,27,4,7,6,0,0,25,0,7,5,0
G36006700113,1970,1,2,New York,36,Onondaga,067,,,0113,,8160,,Tract  113,0,1,C,40,0,11,43,22,57,53,54,70,10,122,118,97,12,0,6,60,6,29,6,6,6,7,18,0,7,7,0,0,0
G36006700114,1970,1,2,New York,36,Onondaga,067,,,0114,,8160,,Tract  114,0,1,C,7,15,33,19,36,26,91,103,136,90,196,227,238,33,0,45,47,8,0,9,3,0,0,3,0,2,20,0,0,0
G36006700115,1970,1,2,New York,36,Onondaga,067,,,0115,,8160,,Tract  115,0,1,C,12,0,5,8,20,28,32,41,38,28,93,90,179,19,4,5,8,25,16,7,7,21,7,0,0,8,0,0,0,0
G36006700116,1970,1,2,New York,36,Onondaga,067,,,0116,,8160,,Tract  116,0,1,C,4,14,40,22,38,54,36,62,86,70,88,155,279,35,12,42,82,32,11,18,28,26,11,7,26,10,0,0,0,0
G36006700117,1970,1,2,New York,36,Onondaga,067,,,0117,,8160,,Tract  117,0,1,C,0,0,15,29,15,23,25,33,39,26,124,104,105,22,0,22,15,14,19,8,17,10,9,5,0,0,0,0,0,0
G36006700118,1970,1,2,New York,36,Onondaga,067,,,0118,,8160,,Tract  118,0,1,C,12,33,21,19,25,14,53,120,144,109,251,230,188,26,0,28,26,18,17,17,14,0,5,9,0,6,5,0,0,0
G36006700119,1970,1,2,New York,36,Onondaga,067,,,0119,,8160,,Tract  119,0,1,C,22,24,51,14,24,31,47,55,76,59,82,175,151,70,125,27,32,6,13,7,12,0,10,0,0,7,0,0,8,12
G36006700120,1970,1,2,New York,36,Onondaga,067,,,0120,,8160,,Tract  120,0,1,C,0,27,34,41,55,91,98,115,143,102,207,220,178,20,0,66,39,36,36,25,24,7,27,26,17,17,16,0,0,0
G36006700121,1970,1,2,New York,36,Onondaga,067,,,0121,,8160,,Tract  121,0,1,C,9,9,20,19,12,25,28,53,39,50,64,72,99,6,0,5,26,10,10,0,9,5,3,9,0,4,0,0,0,0
G36006700122,1970,1,2,New York,36,Onondaga,067,,,0122,,8160,,Tract  122,0,1,C,0,23,0,13,8,16,31,19,43,9,73,57,69,12,0,40,12,8,8,12,16,14,3,0,4,9,4,0,0,0
G36006700123,1970,1,2,New York,36,Onondaga,067,,,0123,,8160,,Tract  123,0,1,C,5,6,0,0,0,9,22,23,51,27,215,278,352,91,58,14,0,4,0,0,10,0,10,21,0,14,5,4,0,0
G36006700124,1970,1,2,New York,36,Onondaga,067,,,0124,,8160,,Tract  124,0,1,C,11,18,9,14,32,10,48,29,87,81,234,241,528,93,6,13,10,13,8,10,18,5,17,7,4,8,8,4,0,0
G36006700125,1970,1,2,New York,36,Onondaga,067,,,0125,,8160,,Tract  125,0,1,C,6,10,10,32,31,41,24,88,94,111,261,324,304,26,0,10,14,16,11,12,44,6,5,14,7,11,0,10,5,0
G36006700126,1970,1,2,New York,36,Onondaga,067,,,0126,,8160,,Tract  126,0,1,C,5,12,11,20,26,5,31,59,68,84,268,262,306,35,5,5,49,16,14,24,17,0,5,5,0,4,13,5,0,0
G36006700127,1970,1,2,New York,36,Onondaga,067,,,0127,,8160,,Tract  127,0,1,C,17,14,0,23,21,11,30,36,25,48,112,71,96,5,0,9,0,0,6,0,9,14,10,0,0,4,0,0,0,0
G36006700128,1970,1,2,New York,36,Onondaga,067,,,0128,,8160,,Tract  128,0,1,C,0,23,6,23,41,33,40,68,71,85,157,115,92,15,6,14,31,11,5,10,10,10,4,8,5,4,0,4,0,0
G36006700129,1970,1,2,New York,36,Onondaga,067,,,0129,,8160,,Tract  129,0,1,C,15,8,10,29,62,45,109,49,110,53,137,164,78,7,0,53,101,33,51,38,32,10,9,7,5,0,11,0,0,0
G36006700130,1970,1,2,New York,36,Onondaga,067,,,0130,,8160,,Tract  130,0,1,C,0,5,27,37,59,25,69,56,96,107,244,287,315,62,0,51,62,35,32,36,38,25,10,11,15,0,0,0,6,0
G36006700131,1970,1,2,New York,36,Onondaga,067,,,0131,,8160,,Tract  131,0,1,C,15,4,27,26,24,34,47,49,90,85,199,328,449,69,0,8,16,16,20,5,14,10,0,10,4,0,5,0,5,0
G36006700132,1970,1,2,New York,36,Onondaga,067,,,0132,,8160,,Tract  132,0,1,C,29,27,11,12,28,26,48,36,55,72,129,286,313,83,14,31,35,27,10,14,15,4,5,4,0,0,5,0,0,0
G36006700133,1970,1,2,New York,36,Onondaga,067,,,0133,,8160,,Tract  133,0,1,C,12,20,34,17,21,45,56,53,59,54,108,174,184,25,4,47,60,19,19,38,38,12,27,20,5,7,0,18,0,0
G36006700134,1970,1,2,New York,36,Onondaga,067,,,0134,,8160,,Tract  134,0,1,C,12,21,15,23,9,21,38,58,72,55,187,230,208,27,0,9,12,14,8,4,15,10,9,6,20,11,6,0,0,0
G36006700135,1970,1,2,New York,36,Onondaga,067,,,0135,,8160,,Tract  135,0,1,C,0,10,11,10,7,33,8,41,43,37,234,164,290,15,4,15,28,14,13,5,0,0,0,0,0,10,0,0,0,0
G36006700136,1970,1,2,New York,36,Onondaga,067,,,0136,,8160,,Tract  136,0,1,C,6,0,9,16,22,6,34,41,66,89,219,253,214,0,5,6,0,13,18,15,6,11,6,0,21,11,11,5,0,0
G36006700137,1970,1,2,New York,36,Onondaga,067,,,0137,,8160,,Tract  137,0,1,C,19,8,23,11,45,50,60,86,92,118,206,260,210,36,10,9,38,24,8,25,9,31,6,24,4,12,5,0,0,0
G36006700138,1970,1,2,New York,36,Onondaga,067,,,0138,,8160,,Tract  138,0,1,C,0,6,16,11,32,25,19,33,59,72,132,160,261,14,0,6,6,7,0,20,0,16,10,0,12,6,0,0,4,0
G36006700139,1970,1,2,New York,36,Onondaga,067,,,0139,,8160,,Tract  139,0,1,C,4,29,9,32,32,52,37,67,53,88,183,257,147,16,0,30,37,27,15,14,33,9,6,0,10,0,5,0,0,0
G36006700140,1970,1,2,New York,36,Onondaga,067,,,0140,,8160,,Tract  140,0,1,C,23,27,32,26,68,59,70,107,109,120,258,209,208,23,4,50,39,41,43,45,35,24,15,5,29,4,12,0,0,0
G36006700141,1970,1,2,New York,36,Onondaga,067,,,0141,,8160,,Tract  141,0,1,C,11,25,11,13,4,15,27,44,65,32,76,99,21,0,0,9,13,18,0,9,19,0,26,0,0,0,0,0,0,0
G36006700142,1970,1,2,New York,36,Onondaga,067,,,0142,,8160,,Tract  142,0,1,C,11,0,24,31,39,62,68,119,125,100,196,293,255,35,0,52,61,32,18,24,21,16,21,13,0,27,0,5,0,0
G36006700143,1970,1,2,New York,36,Onondaga,067,,,0143,,8160,,Tract  143,0,1,C,26,13,47,74,17,66,43,80,89,63,159,212,125,13,6,25,65,32,50,30,48,15,25,35,11,10,10,0,0,0
G36006700144,1970,1,2,New York,36,Onondaga,067,,,0144,,8160,,Tract  144,0,1,C,10,11,19,33,22,33,32,72,98,90,145,193,168,17,0,10,30,30,0,24,36,15,14,13,17,20,16,8,0,0
G36006700145,1970,1,2,New York,36,Onondaga,067,,,0145,,8160,,Tract  145,0,1,C,14,3,15,25,15,30,48,63,83,83,234,252,283,24,0,31,10,13,40,26,29,19,9,28,9,9,5,13,0,0
G36006700146,1970,1,2,New York,36,Onondaga,067,,,0146,,8160,,Tract  146,0,1,C,44,15,42,20,33,57,30,46,52,80,225,273,421,159,15,452,473,185,74,40,57,42,16,40,72,38,16,24,0,0
G36006700147,1970,1,2,New York,36,Onondaga,067,,,0147,,8160,,Tract  147,0,1,C,0,0,9,5,14,24,33,16,38,20,72,213,497,336,55,16,35,26,35,22,36,11,16,11,17,5,0,6,0,0
G36006700148,1970,1,2,New York,36,Onondaga,067,,,0148,,8160,,Tract  148,0,1,C,0,0,6,13,8,18,44,19,39,19,38,63,171,188,44,21,0,10,13,5,6,0,11,14,0,6,6,5,5,0
G36006700149,1970,1,2,New York,36,Onondaga,067,,,0149,,8160,,Tract  149,0,1,C,0,0,13,8,5,18,5,27,50,45,62,70,79,14,0,11,8,13,5,8,0,6,19,17,0,11,6,0,0,0
G36006700150,1970,1,2,New York,36,Onondaga,067,,,0150,,8160,,Tract  150,0,1,C,13,9,5,23,39,13,14,51,25,35,146,201,497,167,5,35,24,34,49,38,18,57,17,9,4,17,13,18,4,0
G36006700151,1970,1,2,New York,36,Onondaga,067,,,0151,,8160,,Tract  151,0,1,C,7,9,0,20,40,0,18,26,27,35,121,222,348,234,80,13,11,15,0,0,21,4,5,10,9,5,8,6,7,4
G36006700152,1970,1,2,New York,36,Onondaga,067,,,0152,,8160,,Tract  152,0,1,C,14,18,22,31,42,44,67,42,65,68,156,240,519,195,35,31,53,45,10,31,18,31,31,20,14,9,7,6,0,0
G36006700153,1970,1,2,New York,36,Onondaga,067,,,0153,,8160,,Tract  153,0,1,C,0,4,19,0,12,19,4,17,11,4,35,45,42,15,0,0,12,4,13,0,4,0,0,0,0,0,0,0,0,0
G36006700154,1970,1,2,New York,36,Onondaga,067,,,0154,,8160,,Tract  154,0,1,C,6,0,11,13,25,25,15,16,26,79,90,142,88,6,24,0,28,6,18,4,0,0,10,0,0,0,0,0,0,0
G36006700155,1970,1,2,New York,36,Onondaga,067,,,0155,,8160,,Tract  155,0,1,C,9,17,14,17,9,15,34,41,85,63,171,279,271,28,0,10,6,9,11,4,6,9,0,5,0,4,0,0,0,0
G36006700156,1970,1,2,New York,36,Onondaga,067,,,0156,,8160,,Tract  156,0,1,C,8,6,12,21,24,20,12,32,85,52,128,103,81,8,0,11,37,11,7,0,0,10,5,0,7,8,8,0,0,0
G36006700157,1970,1,2,New York,36,Onondaga,067,,,0157,,8160,,Tract  157,0,1,C,30,11,15,20,44,25,31,62,90,63,175,146,243,58,22,47,19,0,19,25,0,14,10,4,11,12,0,4,0,0
G36006700158,1970,1,2,New York,36,Onondaga,067,,,0158,,8160,,Tract  158,0,1,C,23,15,30,34,25,30,69,75,115,124,136,163,176,34,5,23,26,13,11,25,11,12,10,4,0,14,0,0,0,0
G36006700159,1970,1,2,New York,36,Onondaga,067,,,0159,,8160,,Tract  159,0,1,C,6,4,33,36,16,10,14,9,6,16,14,10,0,0,0,4,15,0,7,0,0,0,0,0,0,0,0,0,0,0
G36006700160,1970,1,2,New York,36,Onondaga,067,,,0160,,8160,,Tract  160,0,1,C,16,25,11,36,39,47,47,74,93,79,152,265,250,50,10,25,24,20,5,19,33,11,17,5,0,0,0,7,0,0
G36006700161,1970,1,2,New York,36,Onondaga,067,,,0161,,8160,,Tract  161,0,1,C,0,7,10,5,12,12,5,19,27,14,72,29,63,0,46,6,0,6,15,0,0,0,0,0,0,0,0,0,0,0
G36006700162,1970,1,2,New York,36,Onondaga,067,,,0162,,8160,,Tract  162,0,1,C,22,21,10,47,23,58,26,73,57,86,103,166,108,24,11,60,42,31,14,25,15,32,13,16,16,0,5,0,0,0
G36006700163,1970,1,2,New York,36,Onondaga,067,,,0163,,8160,,Tract  163,0,1,C,7,5,15,15,0,31,17,21,25,61,104,180,268,63,11,37,49,12,19,14,14,13,17,0,0,13,4,5,0,0
G36006700164,1970,1,2,New York,36,Onondaga,067,,,0164,,8160,,Tract  164,0,1,C,0,12,11,9,38,20,20,50,60,43,99,137,258,24,11,20,16,27,17,9,19,12,14,22,0,9,0,4,0,0
G36006700165,1970,1,2,New York,36,Onondaga,067,,,0165,,8160,,Tract  165,0,1,C,13,21,37,58,28,56,98,71,54,142,278,249,266,64,14,36,62,34,9,7,23,9,22,6,4,6,14,16,0,0
G36006700166,1970,1,2,New York,36,Onondaga,067,,,0166,,8160,,Tract  166,0,1,C,11,24,30,22,24,26,40,51,37,45,69,120,196,119,7,73,76,26,32,22,18,30,0,0,0,13,4,10,4,0
G36006700167,1970,1,2,New York,36,Onondaga,067,,,0167,,8160,,Tract  167,0,1,C,5,31,51,25,23,75,62,60,82,64,194,193,254,86,25,34,46,22,12,22,11,11,6,5,6,16,0,5,0,0
G36006700168,1970,1,2,New York,36,Onondaga,067,,,0168,,8160,,Tract  168,0,1,C,15,41,35,18,24,25,54,30,55,57,132,69,75,24,0,20,38,14,6,5,11,0,5,5,10,11,6,0,0,0
G36006700169,1970,1,2,New York,36,Onondaga,067,,,0169,,8160,,Tract  169,0,1,C,13,11,35,28,26,62,43,92,75,72,112,130,128,24,5,67,55,26,12,14,9,8,14,6,16,9,0,5,0,0
G36007300401,1970,1,2,New York,36,Orleans,073,,,0401,,6840,,Tract  401,1,1,01,18,37,22,92,89,98,95,128,93,121,295,292,269,49,4,103,62,83,37,24,25,15,5,4,4,14,5,4,0,0
G36007300402,1970,1,2,New York,36,Orleans,073,,,0402,,6840,,Tract  402,1,1,01,22,35,39,21,38,24,31,93,73,63,124,78,158,28,17,57,40,27,31,0,4,10,0,4,0,5,0,5,0,5
G36007300403,1970,1,2,New York,36,Orleans,073,,,0403,,6840,,Tract  403,1,1,01,13,22,22,26,28,31,80,37,73,83,79,106,62,6,0,32,25,25,16,4,0,7,11,4,11,7,0,6,0,0
G36007300404,1970,1,2,New York,36,Orleans,073,,,0404,,6840,,Tract  404,1,1,01,33,29,45,34,42,50,19,51,111,29,152,205,152,36,0,74,98,82,9,32,31,22,34,6,0,4,0,11,0,0
G36007300405,1970,1,2,New York,36,Orleans,073,,,0405,,6840,,Tract  405,1,1,01,5,8,33,29,34,37,43,56,42,56,91,91,107,20,0,44,58,0,25,28,16,0,6,5,0,23,0,0,0,0
G36007300406,1970,1,2,New York,36,Orleans,073,,,0406,,6840,,Tract  406,1,1,01,13,15,36,71,45,102,111,103,126,72,170,210,222,53,0,44,51,48,30,41,29,15,4,0,4,0,0,0,0,0
G36007300407,1970,1,2,New York,36,Orleans,073,,,0407,,6840,,Tract  407,1,1,01,10,17,36,37,40,53,85,115,78,109,185,269,286,46,0,79,138,54,25,32,33,30,5,6,24,12,16,10,0,0
G36007300408,1970,1,2,New York,36,Orleans,073,,,0408,,6840,,Tract  408,1,1,01,16,32,65,88,57,57,138,79,106,178,209,253,292,57,5,104,95,56,51,26,24,25,23,30,6,28,6,7,0,0
G36007500201,1970,1,2,New York,36,Oswego,075,,,0201,,8160,,Tract  201,1,1,C,0,26,48,49,31,38,37,69,55,52,58,45,24,10,0,44,46,24,14,14,6,13,0,0,0,11,0,0,0,0
G36007500202,1970,1,2,New York,36,Oswego,075,,,0202,,8160,,Tract  202,1,1,C,0,24,49,42,34,40,41,69,65,80,87,66,51,18,5,48,46,13,7,0,14,0,0,0,0,7,7,0,0,0
G3600750020301,1970,1,2,New York,36,Oswego,075,,,020301,,8160,,Tract  203.01,1,1,C,21,26,36,40,26,24,25,51,47,40,149,85,86,16,0,25,53,36,10,0,6,5,6,10,0,10,6,0,0,0
G3600750020302,1970,1,2,New York,36,Oswego,075,,,020302,,8160,,Tract  203.02,1,1,C,15,23,78,36,41,52,26,49,40,29,123,34,76,24,0,67,57,11,19,13,9,0,0,16,0,0,0,5,0,0
G36007500204,1970,1,2,New York,36,Oswego,075,,,0204,,8160,,Tract  204,1,1,C,9,28,27,31,43,77,80,94,115,89,130,94,136,18,0,94,58,41,13,22,22,0,13,0,4,0,5,0,3,0
G36007500205,1970,1,2,New York,36,Oswego,075,,,0205,,8160,,Tract  205,1,1,C,9,50,28,23,38,73,77,67,53,66,141,164,100,16,0,79,48,18,38,9,12,9,4,6,0,0,0,0,0,0
G36007500206,1970,1,2,New York,36,Oswego,075,,,0206,,8160,,Tract  206,1,1,C,13,0,32,32,80,44,69,90,68,71,103,121,106,5,0,48,17,20,8,7,13,15,5,5,6,20,5,8,5,0
G3600750020701,1970,1,2,New York,36,Oswego,075,,,020701,,8160,,Tract  207.01,1,1,C,13,8,9,24,31,33,48,55,59,42,140,53,86,6,0,18,13,21,0,20,18,6,6,14,0,6,0,0,0,0
G3600750020702,1970,1,2,New York,36,Oswego,075,,,020702,,8160,,Tract  207.02,1,1,C,33,24,20,21,28,19,32,81,49,44,129,140,136,15,0,28,35,28,22,24,6,0,5,4,5,5,4,0,0,0
G3600750020703,1970,1,2,New York,36,Oswego,075,,,020703,,8160,,Tract  207.03,1,1,C,15,18,42,27,54,45,47,49,51,79,128,78,79,15,0,27,25,31,5,8,18,0,9,8,0,9,4,0,0,0
G36007500208,1970,1,2,New York,36,Oswego,075,,,0208,,8160,,Tract  208,1,1,C,18,14,36,13,27,40,67,44,39,29,103,51,32,6,0,40,15,6,6,0,9,0,0,0,0,0,0,0,0,0
G3600750020901,1970,1,2,New York,36,Oswego,075,,,020901,,8160,,Tract  209.01,1,1,C,7,10,20,19,26,9,23,71,42,60,107,157,123,0,0,18,8,21,14,30,15,10,0,0,5,6,11,0,5,0
G3600750020902,1970,1,2,New York,36,Oswego,075,,,020902,,8160,,Tract  209.02,1,1,C,8,27,46,19,41,68,60,76,138,147,177,192,133,30,0,35,23,30,10,12,4,22,8,11,6,0,0,0,0,0
G36007500210,1970,1,2,New York,36,Oswego,075,,,0210,,8160,,Tract  210,1,1,C,14,10,51,36,41,75,87,109,105,112,203,116,135,5,0,40,54,31,4,14,14,9,13,7,0,0,0,0,0,0
G3600750021101,1970,1,2,New York,36,Oswego,075,,,021101,,8160,,Tract  211.01,1,1,C,4,59,33,62,75,57,84,159,145,107,169,134,139,15,0,74,162,76,48,38,50,34,43,5,0,11,6,0,0,0
G3600750021102,1970,1,2,New York,36,Oswego,075,,,021102,,8160,,Tract  211.02,1,1,C,11,24,89,58,42,20,52,26,41,37,101,120,101,10,5,43,43,31,6,28,27,42,4,0,4,10,0,0,0,0
G3600750021103,1970,1,2,New York,36,Oswego,075,,,021103,,8160,,Tract  211.03,1,1,C,4,24,6,22,16,34,70,49,123,94,144,140,154,14,0,34,37,10,8,15,11,9,16,0,0,6,8,4,0,0
G3600750021104,1970,1,2,New York,36,Oswego,075,,,021104,,8160,,Tract  211.04,1,1,C,11,15,54,41,30,30,52,32,76,43,140,91,133,19,0,37,93,35,31,6,27,13,7,5,6,7,0,0,0,0
G36007500212,1970,1,2,New York,36,Oswego,075,,,0212,,8160,,Tract  212,1,1,C,21,58,43,42,59,37,112,39,117,113,160,159,199,24,6,47,10,23,9,0,41,7,8,13,12,9,4,0,0,0
G36007500213,1970,1,2,New York,36,Oswego,075,,,0213,,8160,,Tract  213,1,1,C,16,4,55,14,21,40,97,99,75,61,111,66,84,15,0,32,35,16,17,12,7,3,0,6,0,0,8,0,0,0
G3600750021401,1970,1,2,New York,36,Oswego,075,,,021401,,8160,,Tract  214.01,1,1,C,9,16,24,12,26,37,95,93,51,51,123,150,145,18,4,105,51,27,29,17,13,7,16,14,0,5,8,0,7,0
G3600750021402,1970,1,2,New York,36,Oswego,075,,,021402,,8160,,Tract  214.02,1,1,C,5,24,25,28,18,15,32,20,23,29,69,53,117,7,0,4,8,0,0,0,0,22,0,2,0,0,0,0,0,0
G3600750021501,1970,1,2,New York,36,Oswego,075,,,021501,,8160,,Tract  215.01,1,1,C,11,5,18,35,22,37,43,38,31,63,30,40,51,11,0,11,6,7,6,11,0,0,12,13,0,0,13,0,0,0
G3600750021502,1970,1,2,New York,36,Oswego,075,,,021502,,8160,,Tract  215.02,1,1,C,23,38,39,17,30,47,41,51,164,35,151,125,123,5,0,30,42,29,6,24,5,6,6,7,0,11,6,0,0,0
G3600750021601,1970,1,2,New York,36,Oswego,075,,,021601,,8160,,Tract  216.01,1,1,C,26,22,41,30,39,63,49,49,90,59,134,85,118,38,0,218,260,122,76,57,59,32,14,7,19,29,21,0,0,0
G3600750021602,1970,1,2,New York,36,Oswego,075,,,021602,,8160,,Tract  216.02,1,1,C,10,33,23,71,37,49,67,50,73,56,105,128,129,19,6,1959,1136,258,69,43,28,18,23,12,0,11,6,6,0,0
G3600750021603,1970,1,2,New York,36,Oswego,075,,,021603,,8160,,Tract  216.03,1,1,C,22,49,32,45,35,37,96,78,51,58,138,179,136,4,0,49,67,46,36,19,14,8,5,5,13,0,0,0,0,0
G3600750021604,1970,1,2,New York,36,Oswego,075,,,021604,,8160,,Tract  216.04,1,1,C,32,28,43,67,51,57,44,57,71,96,142,168,149,48,0,105,123,73,27,30,20,4,4,17,12,14,6,0,0,0
G3600750021605,1970,1,2,New York,36,Oswego,075,,,021605,,8160,,Tract  216.05,1,1,C,44,25,77,47,70,55,117,121,99,118,158,127,150,17,4,102,108,27,58,32,16,28,11,17,8,16,23,0,0,0
G36008100001,1970,1,2,New York,36,Queens,081,,,0001,A,5600,,Tract    1,0,1,G,0,0,0,0,0,0,0,0,0,0,0,4,0,0,0,0,0,0,0,0,0,0,0,0,0,0,0,0,0,0
G36008100002,1970,1,2,New York,36,Queens,081,,,0002,A,5600,,Tract    2,0,1,G,0,4,17,16,13,32,24,52,36,40,102,97,169,22,0,19,19,0,47,0,15,18,6,0,17,6,6,11,0,0
G36008100004,1970,1,2,New York,36,Queens,081,,,0004,A,5600,,Tract    4,0,1,G,5,23,28,16,36,25,44,51,49,45,138,214,193,35,4,27,70,42,15,29,6,22,17,18,0,0,6,11,0,0
G36008100006,1970,1,2,New York,36,Queens,081,,,0006,A,5600,,Tract    6,0,1,G,11,28,11,0,20,5,31,52,52,76,129,125,175,9,0,16,39,22,5,28,17,9,27,0,4,13,0,0,0,0
G36008100007,1970,1,2,New York,36,Queens,081,,,0007,A,5600,,Tract    7,0,1,G,27,27,38,96,55,93,66,104,91,162,184,135,133,29,0,58,214,49,47,62,43,59,56,35,22,22,9,14,0,0
G36008100008,1970,1,2,New York,36,Queens,081,,,0008,A,5600,,Tract    8,0,1,G,7,10,15,28,18,11,40,57,40,63,186,106,150,13,0,33,31,44,6,19,0,6,0,12,6,19,0,0,0,0
G36008100010,1970,1,2,New York,36,Queens,081,,,0010,A,5600,,Tract   10,0,1,G,16,28,10,33,30,8,38,61,79,61,87,146,125,25,0,30,44,36,30,10,0,6,24,0,5,6,6,10,6,0
G36008100012,1970,1,2,New York,36,Queens,081,,,0012,A,5600,,Tract   12,0,1,G,11,22,22,45,36,52,33,62,46,71,92,97,239,41,0,62,79,65,45,9,27,16,23,16,9,19,17,10,0,0
G36008100014,1970,1,2,New York,36,Queens,081,,,0014,A,5600,,Tract   14,0,1,G,25,39,31,10,46,23,48,26,46,44,146,152,210,44,5,42,54,14,27,15,21,15,24,13,4,12,17,0,0,0
G36008100016,1970,1,2,New York,36,Queens,081,,,0016,A,5600,,Tract   16,0,1,G,13,11,26,14,38,6,45,27,22,50,103,128,150,13,45,15,48,11,18,9,4,21,18,16,5,0,4,0,0,0
G36008100018,1970,1,2,New York,36,Queens,081,,,0018,A,5600,,Tract   18,0,1,G,4,6,19,50,30,34,11,19,58,35,125,148,110,4,0,20,39,10,31,42,13,4,10,5,9,5,5,0,0,0
G36008100019,1970,1,2,New York,36,Queens,081,,,0019,A,5600,,Tract   19,0,1,G,18,18,6,0,20,0,9,26,25,0,25,22,34,4,0,34,51,5,16,10,11,16,27,18,0,0,0,0,0,0
G36008100020,1970,1,2,New York,36,Queens,081,,,0020,A,5600,,Tract   20,0,1,G,0,5,7,18,9,4,4,10,14,14,45,35,88,11,5,5,25,6,5,9,0,10,5,6,0,0,0,0,0,0
G36008100022,1970,1,2,New York,36,Queens,081,,,0022,A,5600,,Tract   22,0,1,G,23,10,10,26,17,11,37,21,43,20,67,133,163,20,0,16,41,41,48,16,36,9,5,20,16,21,5,4,0,0
G36008100024,1970,1,2,New York,36,Queens,081,,,0024,A,5600,,Tract   24,0,1,G,6,4,8,22,15,24,14,20,31,14,81,88,68,39,0,22,5,24,7,6,0,7,24,6,7,0,0,0,0,0
G36008100025,1970,1,2,New York,36,Queens,081,,,0025,A,5600,,Tract   25,0,1,G,101,135,189,182,227,220,223,195,133,116,134,114,47,0,0,285,494,212,61,49,27,19,5,14,0,5,0,4,0,0
G36008100026,1970,1,2,New York,36,Queens,081,,,0026,A,5600,,Tract   26,0,1,G,5,29,10,23,11,10,5,20,23,32,56,73,151,23,4,20,35,13,5,5,6,0,11,0,0,14,0,5,0,4
G36008100027,1970,1,2,New York,36,Queens,081,,,0027,A,5600,,Tract   27,0,1,G,0,0,0,4,0,7,20,5,4,9,8,4,21,0,0,3,3,0,6,0,0,0,0,0,0,0,0,0,2,0
G36008100028,1970,1,2,New York,36,Queens,081,,,0028,A,5600,,Tract   28,0,1,G,5,12,26,14,22,15,28,38,31,54,97,89,152,4,0,43,35,14,28,4,10,14,9,21,0,13,0,4,0,0
G36008100029,1970,1,2,New York,36,Queens,081,,,0029,A,5600,,Tract   29,0,1,G,3,7,9,15,16,15,37,12,14,12,60,0,24,9,0,14,15,0,12,7,5,2,2,6,0,4,0,0,0,0
G36008100030,1970,1,2,New York,36,Queens,081,,,0030,A,5600,,Tract   30,0,1,G,0,0,13,5,5,0,21,23,18,26,33,64,54,7,0,17,20,17,10,0,4,15,0,0,9,5,0,5,0,0
G36008100031,1970,1,2,New York,36,Queens,081,,,0031,A,5600,,Tract   31,0,1,G,16,10,22,8,4,7,11,34,23,11,67,39,49,8,3,14,59,4,6,11,11,6,3,20,0,0,3,0,0,0
G36008100032,1970,1,2,New York,36,Queens,081,,,0032,A,5600,,Tract   32,0,1,G,0,12,12,24,18,14,6,12,15,17,48,69,94,6,0,5,35,0,5,15,4,0,5,5,0,0,0,5,0,0
G36008100034,1970,1,2,New York,36,Queens,081,,,0034,A,5600,,Tract   34,0,1,G,4,11,9,5,9,13,19,27,19,17,82,89,128,0,5,15,36,33,0,0,16,26,0,0,0,0,0,4,0,0
G36008100035,1970,1,2,New York,36,Queens,081,,,0035,A,5600,,Tract   35,0,1,G,0,4,3,0,0,9,15,9,8,3,15,4,9,0,0,3,6,0,3,0,0,0,0,0,0,0,0,0,0,0
G36008100036,1970,1,2,New York,36,Queens,081,,,0036,A,5600,,Tract   36,0,1,G,14,21,21,20,6,27,28,45,55,67,123,151,172,5,0,44,51,5,5,15,19,0,13,15,5,5,0,0,0,0
G36008100038,1970,1,2,New York,36,Queens,081,,,0038,A,5600,,Tract   38,0,1,G,8,31,27,17,5,28,38,17,51,76,39,65,99,26,3,14,34,8,10,18,16,20,11,0,0,0,0,0,0,0
G36008100039,1970,1,2,New York,36,Queens,081,,,0039,A,5600,,Tract   39,0,1,G,3,16,23,10,12,20,25,12,21,7,34,32,29,4,0,11,22,3,3,0,3,6,8,3,0,0,4,3,0,0
G3600810004001,1970,1,2,New York,36,Queens,081,,,004001,A,5600,,Tract   40.01,0,1,G,12,0,25,12,27,29,61,19,15,37,86,92,61,32,0,28,30,0,5,10,11,10,11,0,4,5,5,6,0,0
G3600810004002,1970,1,2,New York,36,Queens,081,,,004002,A,5600,,Tract   40.02,0,1,G,5,0,5,9,0,21,17,15,29,5,41,67,52,7,0,5,14,4,16,0,10,0,0,6,6,6,0,0,0,0
G36008100041,1970,1,2,New York,36,Queens,081,,,0041,A,5600,,Tract   41,0,1,G,4,16,19,10,12,12,10,5,9,10,46,50,35,0,0,6,38,0,11,11,5,0,6,10,0,0,5,0,0,0
G36008100042,1970,1,2,New York,36,Queens,081,,,0042,A,5600,,Tract   42,0,1,G,14,24,10,51,30,43,24,85,86,49,177,167,79,15,0,31,74,16,21,0,10,0,5,11,5,11,0,5,0,0
G36008100043,1970,1,2,New York,36,Queens,081,,,0043,A,5600,,Tract   43,0,1,G,18,12,16,44,52,56,91,69,80,112,117,150,70,6,0,13,72,68,25,10,16,6,4,0,6,0,5,0,0,0
G3600810004401,1970,1,2,New York,36,Queens,081,,,004401,A,5600,,Tract   44.01,0,1,G,14,12,21,16,35,39,39,34,64,51,151,74,237,30,7,5,37,18,0,0,19,7,0,12,0,0,0,0,0,0
G3600810004402,1970,1,2,New York,36,Queens,081,,,004402,A,5600,,Tract   44.02,0,1,G,0,0,8,5,0,0,5,0,10,0,10,4,0,0,0,6,14,0,0,0,0,0,0,0,0,0,0,0,0,0
G36008100045,1970,1,2,New York,36,Queens,081,,,0045,A,5600,,Tract   45,0,1,G,17,4,22,15,37,31,25,28,36,26,159,141,365,104,10,17,25,12,27,10,5,9,31,14,4,9,39,5,0,0
G36008100047,1970,1,2,New York,36,Queens,081,,,0047,A,5600,,Tract   47,0,1,G,16,40,37,79,43,109,132,104,115,191,191,208,218,34,5,60,168,14,49,27,37,4,23,21,4,26,12,4,0,0
G36008100049,1970,1,2,New York,36,Queens,081,,,0049,A,5600,,Tract   49,0,1,G,0,0,0,0,0,6,5,6,27,5,41,15,17,0,0,9,4,0,0,11,0,4,0,0,0,5,0,0,0,0
G36008100050,1970,1,2,New York,36,Queens,081,,,0050,A,5600,,Tract   50,0,1,G,-1,,,,,,,,,,,,,,,-1,,,,,,,,,,,,,,
G36008100051,1970,1,2,New York,36,Queens,081,,,0051,A,5600,,Tract   51,0,1,G,0,11,39,37,18,21,12,31,26,22,81,47,104,16,0,71,65,26,8,10,23,33,49,24,5,16,0,0,0,0
G36008100052,1970,1,2,New York,36,Queens,081,,,0052,A,5600,,Tract   52,0,1,G,10,9,18,24,4,33,26,39,24,34,67,101,77,9,0,20,29,16,0,0,11,5,5,11,5,10,0,0,0,0
G36008100053,1970,1,2,New York,36,Queens,081,,,0053,A,5600,,Tract   53,0,1,G,38,50,23,63,72,102,93,107,60,89,197,232,297,32,0,91,110,50,76,86,54,69,13,58,15,20,17,0,4,0
G36008100054,1970,1,2,New York,36,Queens,081,,,0054,A,5600,,Tract   54,0,1,G,35,19,28,27,38,82,49,91,114,74,228,241,241,28,0,39,44,20,22,6,22,20,5,0,0,5,10,0,0,0
G36008100055,1970,1,2,New York,36,Queens,081,,,0055,A,5600,,Tract   55,0,1,G,9,0,6,6,6,36,27,19,21,15,42,45,29,0,0,25,32,22,5,0,6,0,5,9,4,4,0,0,0,0
G36008100057,1970,1,2,New York,36,Queens,081,,,0057,A,5600,,Tract   57,0,1,G,22,39,32,69,88,55,100,54,76,102,110,189,184,6,8,82,129,96,76,54,47,60,48,28,14,33,10,5,0,0
G36008100058,1970,1,2,New York,36,Queens,081,,,0058,A,5600,,Tract   58,0,1,G,29,34,28,26,55,33,87,105,93,63,222,166,271,29,0,38,53,20,18,12,45,4,5,7,5,5,0,0,0,0
G36008100059,1970,1,2,New York,36,Queens,081,,,0059,A,5600,,Tract   59,0,1,G,50,10,32,59,98,82,71,97,107,74,186,156,204,17,9,44,125,99,39,26,76,72,23,13,30,36,23,13,0,0
G36008100061,1970,1,2,New York,36,Queens,081,,,0061,A,5600,,Tract   61,0,1,G,35,21,78,81,94,121,126,121,102,206,314,239,255,24,21,123,311,103,61,93,91,96,58,32,36,22,13,7,0,0
G36008100062,1970,1,2,New York,36,Queens,081,,,0062,A,5600,,Tract   62,0,1,G,22,50,55,19,75,84,92,123,245,105,625,706,1248,262,25,36,34,45,40,23,16,40,24,35,10,47,20,15,0,0
G36008100063,1970,1,2,New York,36,Queens,081,,,0063,A,5600,,Tract   63,0,1,G,36,51,85,70,94,118,145,158,131,127,293,275,233,46,0,90,127,88,70,105,79,58,45,64,10,44,24,14,0,0
G36008100065,1970,1,2,New York,36,Queens,081,,,0065,A,5600,,Tract   65,0,1,G,49,92,65,100,98,117,128,180,209,158,271,314,234,60,5,123,162,136,87,80,67,88,97,41,46,33,37,11,4,0
G36008100067,1970,1,2,New York,36,Queens,081,,,0067,A,5600,,Tract   67,0,1,G,6,8,6,12,18,14,17,16,36,26,47,67,51,15,0,10,22,5,0,0,0,12,5,0,0,0,0,5,0,0
G36008100069,1970,1,2,New York,36,Queens,081,,,0069,A,5600,,Tract   69,0,1,G,25,11,46,66,49,43,63,106,62,88,172,186,162,38,0,74,85,44,28,18,48,25,19,6,6,17,7,0,0,0
G36008100071,1970,1,2,New York,36,Queens,081,,,0071,A,5600,,Tract   71,0,1,G,20,20,68,73,51,72,67,97,87,95,145,163,206,21,0,53,106,41,67,52,55,76,17,29,19,19,4,9,0,0
G36008100073,1970,1,2,New York,36,Queens,081,,,0073,A,5600,,Tract   73,0,1,G,42,37,23,42,55,87,58,71,101,94,166,218,306,74,5,29,110,57,40,51,51,31,64,49,17,14,15,26,0,6
G36008100075,1970,1,2,New York,36,Queens,081,,,0075,A,5600,,Tract   75,0,1,G,17,43,46,42,40,78,73,66,83,146,150,247,258,28,0,66,89,54,49,59,82,58,73,60,16,24,27,4,0,0
G36008100077,1970,1,2,New York,36,Queens,081,,,0077,A,5600,,Tract   77,0,1,G,10,0,5,24,26,20,18,27,30,40,40,67,48,0,0,6,31,5,6,0,0,0,9,6,0,10,0,0,0,0
G36008100079,1970,1,2,New York,36,Queens,081,,,0079,A,5600,,Tract   79,0,1,G,13,30,19,37,46,52,72,70,64,69,86,76,163,19,0,15,78,20,10,17,24,17,5,0,8,0,0,0,0,0
G36008100081,1970,1,2,New York,36,Queens,081,,,0081,A,5600,,Tract   81,0,1,G,15,0,0,0,10,5,6,14,18,4,22,17,31,0,0,0,17,12,5,0,0,0,0,0,0,0,0,0,0,0
G36008100083,1970,1,2,New York,36,Queens,081,,,0083,A,5600,,Tract   83,0,1,G,5,8,16,23,54,49,41,24,35,53,121,78,76,16,0,25,25,22,0,19,6,11,0,6,0,6,0,0,0,0
G36008100086,1970,1,2,New York,36,Queens,081,,,0086,A,5600,,Tract   86,0,1,G,28,12,22,9,15,40,29,42,29,47,115,163,169,15,0,24,28,42,5,10,6,13,0,7,0,5,0,9,0,0
G36008100087,1970,1,2,New York,36,Queens,081,,,0087,A,5600,,Tract   87,0,1,G,49,50,57,98,87,120,97,90,58,94,126,71,62,9,0,31,44,16,14,9,8,5,10,0,0,0,0,0,0,0
G36008100088,1970,1,2,New York,36,Queens,081,,,0088,A,5600,,Tract   88,0,1,G,6,4,29,16,24,22,17,80,16,35,134,119,85,35,0,5,13,18,0,5,15,6,6,0,4,5,16,0,0,0
G36008100091,1970,1,2,New York,36,Queens,081,,,0091,A,5600,,Tract   91,0,1,G,5,19,0,16,22,20,15,33,17,60,73,25,98,17,0,16,46,0,28,14,8,5,10,0,0,17,5,0,0,0
G36008100094,1970,1,2,New York,36,Queens,081,,,0094,A,5600,,Tract   94,0,1,G,21,17,32,12,27,27,26,40,26,54,102,38,172,33,0,42,25,17,36,11,5,34,14,14,5,10,0,0,0,0
G36008100095,1970,1,2,New York,36,Queens,081,,,0095,A,5600,,Tract   95,0,1,G,17,9,16,18,25,44,45,39,61,56,111,89,193,23,0,26,51,13,9,17,24,5,18,11,0,6,5,4,0,0
G36008100096,1970,1,2,New York,36,Queens,081,,,0096,A,5600,,Tract   96,0,1,G,5,18,28,28,36,39,49,61,27,35,108,126,229,21,0,11,51,25,10,0,26,11,4,4,11,12,9,0,0,0
G36008100097,1970,1,2,New York,36,Queens,081,,,0097,A,5600,,Tract   97,0,1,G,20,21,70,29,39,68,92,75,60,87,150,111,209,17,15,38,51,53,19,25,48,5,23,18,0,8,0,7,0,0
G36008100098,1970,1,2,New York,36,Queens,081,,,0098,A,5600,,Tract   98,0,1,G,19,21,32,13,44,9,25,51,63,48,73,78,89,8,0,24,28,6,15,19,28,32,19,0,11,2,5,6,0,0
G36008100099,1970,1,2,New York,36,Queens,081,,,0099,A,5600,,Tract   99,0,1,G,-1,,,,,,,,,,,,,,,-1,,,,,,,,,,,,,,
G36008100100,1970,1,2,New York,36,Queens,081,,,0100,A,5600,,Tract  100,0,1,G,14,9,27,10,35,52,28,39,34,69,118,115,143,15,5,10,68,20,23,7,26,8,6,0,7,6,0,0,0,0
G36008100101,1970,1,2,New York,36,Queens,081,,,0101,A,5600,,Tract  101,0,1,G,13,8,21,53,27,56,51,39,47,57,151,130,196,24,0,33,44,28,43,18,6,19,12,5,0,24,4,0,0,0
G36008100102,1970,1,2,New York,36,Queens,081,,,0102,A,5600,,Tract  102,0,1,G,0,0,12,14,17,31,11,47,48,19,54,132,125,24,0,11,46,12,0,0,6,17,6,0,18,6,6,0,0,0
G36008100103,1970,1,2,New York,36,Queens,081,,,0103,A,5600,,Tract  103,0,1,G,27,12,46,47,64,111,63,125,107,121,246,175,268,27,0,73,87,82,36,23,35,35,5,8,21,6,11,0,4,0
G36008100104,1970,1,2,New York,36,Queens,081,,,0104,A,5600,,Tract  104,0,1,G,5,5,12,11,50,5,40,42,56,95,108,95,142,20,0,12,45,32,11,10,12,11,12,0,0,18,0,0,0,0
G36008100105,1970,1,2,New York,36,Queens,081,,,0105,A,5600,,Tract  105,0,1,G,47,26,72,45,36,74,67,122,166,157,205,162,218,46,0,30,29,16,17,9,25,4,39,16,0,12,14,19,0,0
G36008100106,1970,1,2,New York,36,Queens,081,,,0106,A,5600,,Tract  106,0,1,G,17,11,17,27,49,42,39,43,48,38,102,114,87,36,0,14,40,17,5,12,12,16,4,3,9,0,3,0,0,0
G36008100107,1970,1,2,New York,36,Queens,081,,,0107,A,5600,,Tract  107,0,1,G,0,0,0,0,0,0,0,0,0,4,3,7,0,0,0,0,0,4,0,0,0,0,0,0,0,0,4,0,0,0
G36008100108,1970,1,2,New York,36,Queens,081,,,0108,A,5600,,Tract  108,0,1,G,21,9,22,5,28,34,28,59,24,31,83,121,99,5,7,16,43,9,8,4,20,0,4,11,13,4,0,0,0,0
G36008100110,1970,1,2,New York,36,Queens,081,,,0110,A,5600,,Tract  110,0,1,G,27,8,29,12,32,18,18,27,54,30,96,81,141,3,0,11,7,29,6,18,33,6,7,10,0,0,0,6,0,0
G36008100111,1970,1,2,New York,36,Queens,081,,,0111,A,5600,,Tract  111,0,1,G,21,20,44,39,40,11,43,43,62,69,113,158,169,42,0,43,56,21,23,36,14,25,16,4,10,12,4,0,0,0
G36008100112,1970,1,2,New York,36,Queens,081,,,0112,A,5600,,Tract  112,0,1,G,0,17,14,35,15,29,19,32,49,69,100,80,71,14,0,27,33,14,23,4,4,0,8,0,0,7,14,0,0,0
G36008100113,1970,1,2,New York,36,Queens,081,,,0113,A,5600,,Tract  113,0,1,G,62,50,65,54,62,115,59,125,144,139,175,208,221,25,4,56,136,94,90,63,48,32,34,31,4,14,6,6,0,0
G36008100114,1970,1,2,New York,36,Queens,081,,,0114,A,5600,,Tract  114,0,1,G,3,0,14,17,12,32,23,8,15,40,81,29,34,0,0,12,0,0,19,0,5,15,0,0,0,0,0,0,0,0
G36008100115,1970,1,2,New York,36,Queens,081,,,0115,A,5600,,Tract  115,0,1,G,44,31,20,43,33,63,51,84,81,81,126,119,100,25,0,54,87,23,15,29,32,29,49,20,23,11,0,0,0,0
G36008100116,1970,1,2,New York,36,Queens,081,,,0116,A,5600,,Tract  116,0,1,G,0,12,7,10,7,16,39,28,49,23,67,113,57,19,0,5,29,11,7,6,11,0,7,0,0,7,0,0,0,0
G36008100117,1970,1,2,New York,36,Queens,081,,,0117,A,5600,,Tract  117,0,1,G,21,23,57,82,48,144,62,46,106,113,165,166,160,17,5,40,109,55,22,55,24,43,21,12,13,14,0,8,0,0
G36008100118,1970,1,2,New York,36,Queens,081,,,0118,A,5600,,Tract  118,0,1,G,7,18,5,5,27,13,32,41,33,42,67,77,127,31,0,48,5,16,29,10,0,11,4,4,4,0,8,0,0,0
G36008100119,1970,1,2,New York,36,Queens,081,,,0119,A,5600,,Tract  119,0,1,G,11,0,40,15,50,42,50,24,51,47,90,80,72,8,0,13,45,17,12,31,19,10,10,4,4,0,8,3,0,0
G36008100120,1970,1,2,New York,36,Queens,081,,,0120,A,5600,,Tract  120,0,1,G,10,4,11,18,12,11,14,6,19,43,68,69,123,5,6,22,28,40,0,4,17,21,13,20,4,0,5,0,0,0
G36008100121,1970,1,2,New York,36,Queens,081,,,0121,A,5600,,Tract  121,0,1,G,5,34,0,16,20,20,35,27,49,45,89,84,175,35,0,26,64,63,8,9,9,17,6,14,6,8,4,0,0,0
G36008100122,1970,1,2,New York,36,Queens,081,,,0122,A,5600,,Tract  122,0,1,G,0,0,17,30,29,15,22,58,34,32,75,75,162,11,0,25,44,28,18,19,38,5,17,13,5,21,0,0,5,0
G36008100123,1970,1,2,New York,36,Queens,081,,,0123,A,5600,,Tract  123,0,1,G,39,12,28,5,37,30,27,62,95,41,147,183,187,23,0,41,24,11,23,28,5,18,10,5,10,0,0,0,0,0
G36008100124,1970,1,2,New York,36,Queens,081,,,0124,A,5600,,Tract  124,0,1,G,0,11,14,42,9,21,24,37,38,13,80,91,88,42,10,40,29,14,8,5,36,30,9,0,15,2,5,0,0,0
G3600810012601,1970,1,2,New York,36,Queens,081,,,012601,A,5600,,Tract  126.01,0,1,G,5,0,6,16,18,16,23,21,43,45,78,101,147,7,0,13,42,18,6,12,5,15,6,6,0,12,0,0,0,0
G3600810012602,1970,1,2,New York,36,Queens,081,,,012602,A,5600,,Tract  126.02,0,1,G,11,5,11,32,21,30,15,22,44,46,108,64,115,24,0,52,78,13,11,22,10,14,15,0,0,5,0,12,6,0
G36008100128,1970,1,2,New York,36,Queens,081,,,0128,A,5600,,Tract  128,0,1,G,0,0,13,8,20,22,12,22,29,16,26,78,77,21,5,13,46,32,16,5,25,14,0,8,4,11,0,5,5,0
G36008100130,1970,1,2,New York,36,Queens,081,,,0130,A,5600,,Tract  130,0,1,G,4,9,10,18,4,23,18,0,21,7,53,46,57,40,8,31,35,11,15,0,12,10,5,3,0,6,8,0,0,0
G36008100132,1970,1,2,New York,36,Queens,081,,,0132,A,5600,,Tract  132,0,1,G,4,8,0,15,11,12,34,20,10,21,40,48,87,14,0,4,22,8,20,17,20,8,32,4,0,8,0,0,0,0
G36008100134,1970,1,2,New York,36,Queens,081,,,0134,A,5600,,Tract  134,0,1,G,26,9,48,12,53,51,74,107,58,42,196,312,360,102,10,101,189,137,105,71,104,102,77,95,65,82,56,42,28,0
G36008100135,1970,1,2,New York,36,Queens,081,,,0135,A,5600,,Tract  135,0,1,G,4,4,0,23,21,17,6,21,30,18,57,65,124,11,18,7,14,14,14,0,7,0,13,6,0,0,0,0,0,0
G36008100136,1970,1,2,New York,36,Queens,081,,,0136,A,5600,,Tract  136,0,1,G,0,4,16,14,23,34,39,48,21,37,65,58,161,38,8,37,36,41,11,33,22,43,39,6,0,31,5,4,0,0
G36008100137,1970,1,2,New York,36,Queens,081,,,0137,A,5600,,Tract  137,0,1,G,6,4,18,0,21,21,14,40,11,44,69,52,98,13,0,19,21,7,6,0,0,25,7,6,0,0,0,0,0,0
G36008100138,1970,1,2,New York,36,Queens,081,,,0138,A,5600,,Tract  138,0,1,G,24,25,8,8,36,32,20,24,50,61,87,138,271,82,0,57,48,39,33,28,35,27,46,20,10,51,16,4,5,0
G36008100140,1970,1,2,New York,36,Queens,081,,,0140,A,5600,,Tract  140,0,1,G,20,14,17,34,41,30,28,53,32,25,140,146,226,21,0,77,71,44,12,28,14,42,39,34,23,39,20,10,0,0
G36008100141,1970,1,2,New York,36,Queens,081,,,0141,A,5600,,Tract  141,0,1,G,10,5,12,27,25,59,56,36,41,48,71,56,66,0,5,38,21,18,15,6,32,13,19,12,0,6,0,0,0,0
G3600810014201,1970,1,2,New York,36,Queens,081,,,014201,A,5600,,Tract  142.01,0,1,G,24,13,10,21,20,38,29,41,26,14,68,81,86,9,5,21,45,30,0,11,22,11,12,0,0,0,6,0,0,0
G3600810014202,1970,1,2,New York,36,Queens,081,,,014202,A,5600,,Tract  142.02,0,1,G,5,16,20,8,21,37,39,36,45,67,81,76,97,27,0,16,15,34,0,18,30,6,12,11,4,17,0,0,0,0
G36008100143,1970,1,2,New York,36,Queens,081,,,0143,A,5600,,Tract  143,0,1,G,27,50,18,56,54,78,85,90,101,61,184,222,154,13,0,85,67,93,22,37,37,33,30,11,0,12,6,0,0,0
G36008100144,1970,1,2,New York,36,Queens,081,,,0144,A,5600,,Tract  144,0,1,G,17,0,20,0,0,11,10,14,34,8,54,54,74,6,5,14,10,10,0,20,17,33,6,5,6,13,5,6,6,0
G36008100145,1970,1,2,New York,36,Queens,081,,,0145,A,5600,,Tract  145,0,1,G,14,5,27,44,9,37,25,46,56,37,108,136,109,9,4,24,64,20,26,29,0,12,18,25,0,6,11,0,0,0
G36008100147,1970,1,2,New York,36,Queens,081,,,0147,A,5600,,Tract  147,0,1,G,23,14,10,40,36,36,74,83,76,94,171,95,214,16,0,36,66,51,42,16,35,10,27,5,5,20,0,0,0,0
G36008100148,1970,1,2,New York,36,Queens,081,,,0148,A,5600,,Tract  148,0,1,G,0,14,0,10,13,9,17,25,14,23,112,57,77,9,0,34,16,11,10,0,10,0,4,6,0,0,5,7,0,0
G36008100149,1970,1,2,New York,36,Queens,081,,,0149,A,5600,,Tract  149,0,1,G,19,8,24,59,46,47,73,19,44,70,124,131,153,16,8,23,67,31,20,16,17,14,7,7,14,10,5,0,0,0
G36008100150,1970,1,2,New York,36,Queens,081,,,0150,A,5600,,Tract  150,0,1,G,8,0,10,9,0,31,24,43,64,20,90,72,53,25,30,19,16,12,0,0,6,0,0,0,4,11,0,0,0,0
G36008100151,1970,1,2,New York,36,Queens,081,,,0151,A,5600,,Tract  151,0,1,G,5,12,70,27,42,59,69,45,49,46,144,100,179,14,5,34,63,33,23,16,36,26,26,12,9,22,0,0,0,0
G36008100152,1970,1,2,New York,36,Queens,081,,,0152,A,5600,,Tract  152,0,1,G,10,19,15,5,25,38,24,40,36,43,97,68,82,6,8,27,34,0,8,7,6,18,0,7,0,12,0,0,0,0
G36008100153,1970,1,2,New York,36,Queens,081,,,0153,A,5600,,Tract  153,0,1,G,4,17,10,48,25,48,28,30,54,61,79,97,105,11,0,30,66,46,11,5,17,25,9,6,16,23,5,5,0,0
G36008100154,1970,1,2,New York,36,Queens,081,,,0154,A,5600,,Tract  154,0,1,G,0,20,0,13,5,21,28,33,32,31,81,75,71,9,0,8,23,7,6,11,9,0,13,0,0,0,15,7,0,0
G36008100155,1970,1,2,New York,36,Queens,081,,,0155,A,5600,,Tract  155,0,1,G,11,0,20,33,32,59,63,62,76,62,68,80,91,4,0,42,16,46,17,23,34,5,31,11,6,16,0,0,0,6
G36008100156,1970,1,2,New York,36,Queens,081,,,0156,A,5600,,Tract  156,0,1,G,10,10,42,15,20,34,20,20,36,73,63,93,111,18,0,24,10,27,13,6,22,6,3,0,10,6,5,11,5,0
G36008100157,1970,1,2,New York,36,Queens,081,,,0157,A,5600,,Tract  157,0,1,G,21,12,18,5,31,13,25,21,34,19,23,39,82,4,0,25,86,23,4,26,41,39,21,9,0,6,11,0,0,0
G36008100158,1970,1,2,New York,36,Queens,081,,,0158,A,5600,,Tract  158,0,1,G,62,39,51,108,75,149,108,94,171,165,232,259,249,27,0,110,99,21,41,57,32,20,28,19,16,14,5,0,0,0
G36008100159,1970,1,2,New York,36,Queens,081,,,0159,A,5600,,Tract  159,0,1,G,33,57,45,88,42,89,74,109,119,128,184,192,182,30,28,110,133,70,40,64,65,39,34,11,23,15,0,8,0,0
G36008100161,1970,1,2,New York,36,Queens,081,,,0161,A,5600,,Tract  161,0,1,G,0,0,21,30,12,26,30,94,33,37,109,64,87,6,0,13,59,5,14,9,33,28,9,5,13,5,0,0,0,0
G36008100163,1970,1,2,New York,36,Queens,081,,,0163,A,5600,,Tract  163,0,1,G,0,25,56,64,49,109,157,140,122,139,216,190,238,21,0,7,52,10,19,0,5,21,9,16,5,12,0,0,0,0
G36008100164,1970,1,2,New York,36,Queens,081,,,0164,A,5600,,Tract  164,0,1,G,27,7,30,16,16,22,14,51,47,57,91,92,117,29,0,8,54,6,17,15,12,9,0,0,5,0,0,0,0,0
G36008100166,1970,1,2,New York,36,Queens,081,,,0166,A,5600,,Tract  166,0,1,G,10,15,17,44,23,16,31,40,31,32,106,135,106,8,6,14,24,4,20,29,9,0,9,4,5,0,0,0,0,0
G36008100168,1970,1,2,New York,36,Queens,081,,,0168,A,5600,,Tract  168,0,1,G,33,12,27,14,46,18,40,47,23,23,73,98,108,5,0,30,50,14,8,24,0,4,7,0,4,5,0,0,0,0
G36008100169,1970,1,2,New York,36,Queens,081,,,0169,A,5600,,Tract  169,0,1,G,38,9,50,53,62,57,74,59,122,81,231,301,430,66,12,61,137,70,59,73,84,104,54,63,56,52,40,15,0,0
G36008100170,1970,1,2,New York,36,Queens,081,,,0170,A,5600,,Tract  170,0,1,G,0,3,34,23,39,50,25,66,48,26,96,106,146,0,7,33,29,30,11,14,3,11,4,16,5,0,0,5,0,0
G36008100172,1970,1,2,New York,36,Queens,081,,,0172,A,5600,,Tract  172,0,1,G,19,9,16,6,24,36,24,42,77,37,81,35,103,12,5,33,6,1,0,14,20,0,5,24,5,0,0,6,0,0
G36008100174,1970,1,2,New York,36,Queens,081,,,0174,A,5600,,Tract  174,0,1,G,22,17,37,30,10,35,43,34,33,37,52,64,112,6,0,57,25,15,13,0,16,0,0,9,12,0,0,0,0,0
G36008100176,1970,1,2,New York,36,Queens,081,,,0176,A,5600,,Tract  176,0,1,G,4,12,16,15,13,27,33,35,8,32,72,83,58,11,0,22,14,20,16,17,0,19,6,0,7,0,7,0,0,0
G36008100178,1970,1,2,New York,36,Queens,081,,,0178,A,5600,,Tract  178,0,1,G,5,14,13,15,4,46,24,40,26,37,73,79,46,21,5,12,48,13,3,32,0,28,0,0,5,10,0,6,0,0
G36008100179,1970,1,2,New York,36,Queens,081,,,0179,A,5600,,Tract  179,0,1,G,23,10,21,12,10,19,43,35,34,11,31,33,34,15,0,15,29,28,21,24,18,22,9,0,6,4,5,0,0,0
G36008100180,1970,1,2,New York,36,Queens,081,,,0180,A,5600,,Tract  180,0,1,G,21,17,5,3,38,13,12,13,0,47,9,38,62,5,0,5,10,6,3,6,8,3,0,8,4,2,0,5,0,0
G36008100181,1970,1,2,New York,36,Queens,081,,,0181,A,5600,,Tract  181,0,1,G,46,51,60,121,125,138,167,149,245,132,414,299,420,72,0,114,249,197,124,128,173,221,162,77,64,120,25,21,0,0
G36008100182,1970,1,2,New York,36,Queens,081,,,0182,A,5600,,Tract  182,0,1,G,10,12,18,22,12,46,53,46,72,58,80,34,65,0,0,75,9,17,26,7,5,10,0,7,0,0,6,3,0,0
G36008100183,1970,1,2,New York,36,Queens,081,,,0183,A,5600,,Tract  183,0,1,G,28,24,53,72,83,87,91,100,91,98,233,275,328,34,5,119,135,142,102,84,110,122,100,93,47,64,29,19,0,0
G3600810018401,1970,1,2,New York,36,Queens,081,,,018401,A,5600,,Tract  184.01,0,1,G,5,0,11,15,10,45,46,40,21,27,58,53,64,6,0,0,5,5,12,5,4,13,6,0,0,0,0,0,0,0
G3600810018402,1970,1,2,New York,36,Queens,081,,,018402,A,5600,,Tract  184.02,0,1,G,5,5,22,26,20,60,73,47,13,34,62,54,103,23,0,32,20,33,14,14,24,9,15,6,5,6,0,0,0,0
G36008100185,1970,1,2,New York,36,Queens,081,,,0185,A,5600,,Tract  185,0,1,G,28,41,60,59,45,113,107,154,100,135,325,294,332,75,4,155,121,115,83,70,137,115,83,80,28,80,63,38,0,0
G36008100186,1970,1,2,New York,36,Queens,081,,,0186,A,5600,,Tract  186,0,1,G,29,10,5,11,21,0,52,37,9,25,53,51,63,8,0,60,15,25,10,32,17,4,3,7,0,0,0,0,0,0
G36008100187,1970,1,2,New York,36,Queens,081,,,0187,A,5600,,Tract  187,0,1,G,16,45,17,4,19,0,32,73,32,60,111,196,185,10,0,32,63,29,39,32,22,7,39,6,5,49,29,5,0,0
G36008100188,1970,1,2,New York,36,Queens,081,,,0188,A,5600,,Tract  188,0,1,G,0,0,15,6,19,5,17,36,0,8,28,75,82,6,0,41,15,24,0,5,24,22,12,15,0,3,0,0,0,0
G36008100189,1970,1,2,New York,36,Queens,081,,,0189,A,5600,,Tract  189,0,1,G,0,6,29,15,30,56,22,52,45,106,151,155,274,51,0,29,84,57,8,37,43,90,54,20,15,37,7,0,4,4
G36008100190,1970,1,2,New York,36,Queens,081,,,0190,A,5600,,Tract  190,0,1,G,21,41,17,4,23,23,23,60,28,31,54,77,89,27,0,32,20,32,23,14,27,5,0,7,8,10,5,0,0,0
G36008100192,1970,1,2,New York,36,Queens,081,,,0192,A,5600,,Tract  192,0,1,G,9,8,19,44,8,41,31,32,33,34,81,72,108,25,0,41,13,5,11,14,19,16,12,0,0,0,2,0,0,0
G3600810019401,1970,1,2,New York,36,Queens,081,,,019401,A,5600,,Tract  194.01,0,1,G,9,12,10,6,0,4,19,31,11,7,31,43,71,0,0,28,0,9,0,4,0,0,3,5,0,0,0,0,0,0
G3600810019402,1970,1,2,New York,36,Queens,081,,,019402,A,5600,,Tract  194.02,0,1,G,13,4,11,7,5,9,43,38,23,20,62,45,90,5,0,49,14,4,6,15,12,16,3,0,6,0,0,0,0,0
G36008100196,1970,1,2,New York,36,Queens,081,,,0196,A,5600,,Tract  196,0,1,G,20,26,34,29,12,25,63,62,52,18,110,94,123,9,0,32,22,44,0,4,31,17,18,14,4,0,15,6,0,0
G36008100197,1970,1,2,New York,36,Queens,081,,,0197,A,5600,,Tract  197,0,1,G,0,0,10,13,0,16,12,6,17,5,18,24,13,13,5,15,27,4,5,17,7,7,6,0,0,5,13,0,0,0
G36008100198,1970,1,2,New York,36,Queens,081,,,0198,A,5600,,Tract  198,0,1,G,15,31,31,20,28,44,56,14,57,31,82,99,107,12,0,13,73,20,18,18,23,26,28,7,0,0,12,0,0,0
G36008100202,1970,1,2,New York,36,Queens,081,,,0202,A,5600,,Tract  202,0,1,G,29,8,17,5,6,4,35,31,34,22,25,23,36,15,0,27,16,6,5,5,17,0,6,6,6,6,6,0,0,0
G36008100204,1970,1,2,New York,36,Queens,081,,,0204,A,5600,,Tract  204,0,1,G,34,7,7,24,15,35,26,62,13,39,54,39,50,0,4,42,68,42,19,35,17,11,0,0,5,0,0,0,0,0
G3600810020501,1970,1,2,New York,36,Queens,081,,,020501,A,5600,,Tract  205.01,0,1,G,7,0,0,10,4,0,0,0,15,7,21,5,12,5,0,0,4,5,0,0,0,0,0,0,0,0,0,0,0,0
G3600810020502,1970,1,2,New York,36,Queens,081,,,020502,A,5600,,Tract  205.02,0,1,G,0,5,9,19,10,9,10,9,26,9,26,38,37,5,0,0,13,14,5,0,13,12,0,6,0,0,7,0,0,0
G36008100206,1970,1,2,New York,36,Queens,081,,,0206,A,5600,,Tract  206,0,1,G,10,4,9,8,29,38,17,13,20,18,42,30,91,12,0,14,12,22,10,32,16,9,0,0,6,0,7,0,0,0
G36008100208,1970,1,2,New York,36,Queens,081,,,0208,A,5600,,Tract  208,0,1,G,12,20,19,34,31,97,30,42,83,44,77,64,50,24,0,45,31,23,16,18,3,12,12,24,0,0,5,3,0,0
G36008100212,1970,1,2,New York,36,Queens,081,,,0212,A,5600,,Tract  212,0,1,G,10,0,19,31,26,24,45,24,39,34,59,60,72,0,0,35,45,48,25,27,16,5,17,13,6,0,0,6,0,0
G36008100214,1970,1,2,New York,36,Queens,081,,,0214,A,5600,,Tract  214,0,1,G,22,0,34,55,34,67,79,41,113,121,256,264,340,74,16,82,49,23,13,38,24,37,17,76,18,36,23,35,4,0
G36008100216,1970,1,2,New York,36,Queens,081,,,0216,A,5600,,Tract  216,0,1,G,8,13,5,22,41,14,47,42,50,61,135,186,362,136,24,73,57,82,82,76,64,77,95,69,63,74,71,49,56,0
G3600810022001,1970,1,2,New York,36,Queens,081,,,022001,A,5600,,Tract  220.01,0,1,G,14,27,18,26,47,70,83,59,124,74,286,415,762,150,6,44,51,47,40,11,63,82,36,75,16,65,28,11,0,0
G3600810022002,1970,1,2,New York,36,Queens,081,,,022002,A,5600,,Tract  220.02,0,1,G,19,23,21,21,22,65,29,89,39,100,224,254,559,107,0,33,65,36,19,30,14,47,49,34,29,56,41,33,9,0
G36008100230,1970,1,2,New York,36,Queens,081,,,0230,A,5600,,Tract  230,0,1,G,0,0,5,11,29,17,11,12,24,35,32,53,110,58,5,13,12,18,4,5,16,4,0,8,4,0,0,0,0,0
G36008100232,1970,1,2,New York,36,Queens,081,,,0232,A,5600,,Tract  232,0,1,G,29,20,34,31,10,18,13,71,64,72,147,232,347,46,0,44,9,15,27,27,41,16,9,17,44,26,14,19,0,0
G36008100235,1970,1,2,New York,36,Queens,081,,,0235,A,5600,,Tract  235,0,1,G,31,46,46,112,73,156,101,117,164,110,177,209,233,38,5,100,190,111,63,92,123,65,40,35,24,39,17,0,0,0
G36008100236,1970,1,2,New York,36,Queens,081,,,0236,A,5600,,Tract  236,0,1,G,6,36,25,13,18,19,49,23,51,33,65,35,76,15,6,34,55,29,16,14,29,32,31,24,9,12,6,5,0,0
G36008100238,1970,1,2,New York,36,Queens,081,,,0238,A,5600,,Tract  238,0,1,G,25,16,34,57,64,61,77,74,54,78,127,153,100,31,15,53,57,50,24,33,45,81,21,31,51,7,14,5,7,0
G36008100240,1970,1,2,New York,36,Queens,081,,,0240,A,5600,,Tract  240,0,1,G,29,11,41,60,45,54,48,53,49,112,109,168,103,49,5,124,100,92,56,59,45,36,11,47,18,50,22,4,4,0
G36008100243,1970,1,2,New York,36,Queens,081,,,0243,A,5600,,Tract  243,0,1,G,14,5,23,40,38,61,47,35,84,83,179,202,313,47,0,44,24,18,32,16,4,26,19,6,13,27,7,0,0,0
G36008100244,1970,1,2,New York,36,Queens,081,,,0244,A,5600,,Tract  244,0,1,G,-1,,,,,,,,,,,,,,,-1,,,,,,,,,,,,,,
G36008100245,1970,1,2,New York,36,Queens,081,,,0245,A,5600,,Tract  245,0,1,G,25,14,8,33,38,51,56,90,43,78,240,258,388,76,0,18,36,33,9,24,37,11,12,23,24,8,8,15,0,0
G36008100246,1970,1,2,New York,36,Queens,081,,,0246,A,5600,,Tract  246,0,1,G,11,0,0,0,5,0,6,6,5,0,0,6,6,0,0,7,3,5,17,0,6,5,0,0,0,0,0,0,0,0
G36008100247,1970,1,2,New York,36,Queens,081,,,0247,A,5600,,Tract  247,0,1,G,5,5,15,8,5,10,40,20,31,34,50,25,68,0,0,11,23,6,5,10,6,3,10,12,10,6,6,0,0,0
G36008100248,1970,1,2,New York,36,Queens,081,,,0248,A,5600,,Tract  248,0,1,G,28,17,35,28,16,15,63,39,30,23,26,24,10,0,0,81,17,32,4,12,11,16,0,6,0,0,0,0,0,0
G36008100249,1970,1,2,New York,36,Queens,081,,,0249,A,5600,,Tract  249,0,1,G,16,8,46,67,47,78,67,71,99,53,140,234,214,53,0,132,85,36,44,70,78,60,73,43,13,26,12,9,0,0
G36008100250,1970,1,2,New York,36,Queens,081,,,0250,A,5600,,Tract  250,0,1,G,0,4,12,5,19,11,11,0,0,15,4,0,6,0,0,9,14,8,19,10,0,0,0,0,0,0,0,0,0,0
G36008100251,1970,1,2,New York,36,Queens,081,,,0251,A,5600,,Tract  251,0,1,G,37,19,39,48,41,33,103,83,69,76,183,218,314,120,9,70,120,48,48,75,31,87,58,34,20,46,50,22,22,0
G36008100252,1970,1,2,New York,36,Queens,081,,,0252,A,5600,,Tract  252,0,1,G,117,83,110,91,179,175,102,123,129,77,94,111,69,0,0,178,173,94,40,15,38,63,11,15,0,0,0,0,0,0
G36008100253,1970,1,2,New York,36,Queens,081,,,0253,A,5600,,Tract  253,0,1,G,15,50,37,54,68,102,94,132,136,159,331,298,348,25,4,157,160,176,141,95,151,141,99,93,79,88,13,23,0,4
G36008100255,1970,1,2,New York,36,Queens,081,,,0255,A,5600,,Tract  255,0,1,G,0,5,8,4,6,32,5,20,31,5,72,27,104,18,0,23,26,0,5,17,18,22,14,18,0,14,0,0,0,0
G36008100257,1970,1,2,New York,36,Queens,081,,,0257,A,5600,,Tract  257,0,1,G,0,14,12,20,5,42,15,33,39,16,32,57,55,23,0,11,36,15,15,8,30,16,34,5,4,14,0,4,0,0
G36008100258,1970,1,2,New York,36,Queens,081,,,0258,A,5600,,Tract  258,0,1,G,8,14,40,23,26,40,35,39,70,7,35,51,46,0,10,66,23,31,25,0,33,18,0,0,0,6,0,0,0,0
G36008100259,1970,1,2,New York,36,Queens,081,,,0259,A,5600,,Tract  259,0,1,G,21,5,8,11,40,19,72,42,44,36,106,110,155,40,0,61,62,18,48,57,50,40,19,6,5,42,6,14,0,0
G36008100260,1970,1,2,New York,36,Queens,081,,,0260,A,5600,,Tract  260,0,1,G,19,26,36,37,13,37,23,40,26,7,53,84,32,3,5,17,59,0,11,37,5,32,6,0,0,0,0,0,0,0
G36008100261,1970,1,2,New York,36,Queens,081,,,0261,A,5600,,Tract  261,0,1,G,30,9,36,77,82,113,62,83,152,91,177,148,294,51,0,73,134,112,60,104,69,43,32,28,15,30,7,6,0,0
G36008100262,1970,1,2,New York,36,Queens,081,,,0262,A,5600,,Tract  262,0,1,G,19,0,10,10,12,5,17,45,15,42,21,34,35,0,0,38,12,27,19,6,13,8,7,14,6,18,0,0,0,0
G36008100263,1970,1,2,New York,36,Queens,081,,,0263,A,5600,,Tract  263,0,1,G,19,0,32,49,64,74,43,103,94,68,195,173,290,20,0,47,85,52,52,84,69,62,69,58,31,54,23,12,4,0
G36008100264,1970,1,2,New York,36,Queens,081,,,0264,A,5600,,Tract  264,0,1,G,51,18,36,21,37,44,28,73,22,24,55,35,26,0,0,20,21,44,0,24,22,6,9,0,0,0,5,0,0,0
G36008100265,1970,1,2,New York,36,Queens,081,,,0265,A,5600,,Tract  265,0,1,G,14,19,34,17,29,43,38,56,38,52,104,136,128,36,12,132,75,67,54,56,104,72,69,21,11,34,22,6,0,0
G36008100266,1970,1,2,New York,36,Queens,081,,,0266,A,5600,,Tract  266,0,1,G,11,9,13,24,14,16,30,20,17,16,50,44,20,0,0,17,37,34,4,32,32,30,4,0,0,0,0,0,0,0
G36008100267,1970,1,2,New York,36,Queens,081,,,0267,A,5600,,Tract  267,0,1,G,58,22,17,40,35,57,80,78,61,85,130,247,227,38,0,234,96,63,95,179,135,74,130,54,23,102,40,29,18,4
G36008100269,1970,1,2,New York,36,Queens,081,,,0269,A,5600,,Tract  269,0,1,G,27,25,19,35,71,96,64,103,142,117,190,273,366,111,13,59,181,132,139,85,156,140,116,116,54,118,60,34,0,0
G36008100270,1970,1,2,New York,36,Queens,081,,,0270,A,5600,,Tract  270,0,1,G,14,4,9,10,5,33,62,82,16,19,28,40,13,5,0,14,25,8,11,9,8,4,9,4,0,0,0,4,0,0
G36008100271,1970,1,2,New York,36,Queens,081,,,0271,A,5600,,Tract  271,0,1,G,23,59,37,32,119,95,87,112,92,138,206,273,383,54,5,126,133,88,111,87,100,57,76,87,68,44,54,33,9,0
G36008100272,1970,1,2,New York,36,Queens,081,,,0272,A,5600,,Tract  272,0,1,G,27,44,27,24,13,38,29,28,24,19,38,46,96,0,0,24,34,7,5,0,4,4,16,0,0,0,3,0,0,0
G36008100273,1970,1,2,New York,36,Queens,081,,,0273,A,5600,,Tract  273,0,1,G,36,42,42,49,94,80,128,131,101,136,254,349,375,21,16,56,113,50,39,31,35,39,26,32,20,22,11,0,4,0
G36008100274,1970,1,2,New York,36,Queens,081,,,0274,A,5600,,Tract  274,0,1,G,5,0,22,18,11,26,23,33,13,19,56,65,124,11,0,9,21,3,0,15,6,0,10,9,0,0,0,0,0,0
G36008100275,1970,1,2,New York,36,Queens,081,,,0275,A,5600,,Tract  275,0,1,G,4,15,40,24,81,31,52,44,97,56,203,258,453,98,5,72,47,132,46,53,49,26,23,33,34,21,5,0,0,0
G36008100276,1970,1,2,New York,36,Queens,081,,,0276,A,5600,,Tract  276,0,1,G,10,0,8,5,14,20,18,20,0,13,34,24,35,0,0,26,8,18,0,6,9,5,5,0,0,0,0,0,0,0
G36008100277,1970,1,2,New York,36,Queens,081,,,0277,A,5600,,Tract  277,0,1,G,33,57,68,63,57,82,151,141,180,156,190,318,310,55,0,81,102,67,108,88,65,77,58,103,39,65,54,17,10,0
G36008100278,1970,1,2,New York,36,Queens,081,,,0278,A,5600,,Tract  278,0,1,G,25,5,11,39,23,55,57,56,84,34,47,97,61,5,4,21,37,10,9,17,8,7,31,6,0,0,0,0,0,0
G36008100279,1970,1,2,New York,36,Queens,081,,,0279,A,5600,,Tract  279,0,1,G,5,11,36,56,52,43,29,41,96,120,218,296,420,87,5,80,68,69,109,80,91,62,56,64,21,23,52,57,0,0
G36008100280,1970,1,2,New York,36,Queens,081,,,0280,A,5600,,Tract  280,0,1,G,12,10,8,22,13,36,53,9,17,24,49,71,79,4,0,51,24,0,5,20,0,30,5,5,5,5,0,0,0,0
G36008100281,1970,1,2,New York,36,Queens,081,,,0281,A,5600,,Tract  281,0,1,G,4,24,62,44,66,75,99,76,75,99,199,257,377,92,5,115,121,108,63,58,70,66,90,81,42,66,47,36,6,0
G36008100282,1970,1,2,New York,36,Queens,081,,,0282,A,5600,,Tract  282,0,1,G,0,0,7,6,7,8,24,12,13,25,38,99,84,21,0,70,11,5,5,0,0,4,10,20,0,8,0,0,0,0
G36008100283,1970,1,2,New York,36,Queens,081,,,0283,A,5600,,Tract  283,0,1,G,24,72,57,52,58,89,119,157,121,158,345,246,399,67,10,114,153,154,111,81,108,107,98,61,82,85,69,26,10,0
G36008100284,1970,1,2,New York,36,Queens,081,,,0284,A,5600,,Tract  284,0,1,G,14,3,19,60,16,46,23,61,30,23,91,86,171,17,0,31,15,38,22,13,17,27,9,3,4,7,0,0,0,3
G36008100285,1970,1,2,New York,36,Queens,081,,,0285,A,5600,,Tract  285,0,1,G,14,21,24,14,38,55,72,85,95,66,176,176,364,193,22,88,49,97,50,49,62,70,42,59,52,46,57,52,11,0
G36008100287,1970,1,2,New York,36,Queens,081,,,0287,A,5600,,Tract  287,0,1,G,20,9,37,40,37,71,83,115,67,82,231,322,479,152,14,139,84,85,68,59,106,127,110,106,72,95,59,27,3,0
G36008100288,1970,1,2,New York,36,Queens,081,,,0288,A,5600,,Tract  288,0,1,G,45,41,55,27,28,54,46,58,71,82,107,241,167,17,0,50,26,19,39,16,32,13,0,13,11,9,12,7,4,0
G36008100289,1970,1,2,New York,36,Queens,081,,,0289,A,5600,,Tract  289,0,1,G,10,14,24,20,58,76,36,32,56,91,154,151,431,100,30,95,85,59,34,41,73,65,61,70,39,76,64,55,0,0
G36008100291,1970,1,2,New York,36,Queens,081,,,0291,A,5600,,Tract  291,0,1,G,29,18,9,19,37,87,83,64,104,124,128,265,373,62,0,45,104,87,55,93,104,95,83,77,46,66,40,34,0,0
G36008100292,1970,1,2,New York,36,Queens,081,,,0292,A,5600,,Tract  292,0,1,G,25,24,13,20,26,70,89,74,88,86,189,236,294,26,0,25,12,21,12,19,27,30,37,30,25,18,7,0,0,0
G36008100293,1970,1,2,New York,36,Queens,081,,,0293,A,5600,,Tract  293,0,1,G,7,12,11,10,24,10,11,15,6,12,33,22,81,23,6,10,17,0,21,0,0,12,5,0,6,7,5,0,0,0
G36008100295,1970,1,2,New York,36,Queens,081,,,0295,A,5600,,Tract  295,0,1,G,19,6,25,62,27,113,75,87,66,75,208,238,224,61,10,70,90,85,28,42,42,30,29,24,14,25,7,14,6,0
G36008100297,1970,1,2,New York,36,Queens,081,,,0297,A,5600,,Tract  297,0,1,G,0,0,8,14,17,10,10,8,29,18,97,75,118,5,0,7,16,27,7,16,0,7,4,4,11,11,17,4,0,0
G36008100304,1970,1,2,New York,36,Queens,081,,,0304,A,5600,,Tract  304,0,1,G,10,14,37,15,9,19,37,55,68,47,84,83,157,9,0,25,24,5,5,12,34,6,24,4,0,0,0,0,0,0
G3600810030901,1970,1,2,New York,36,Queens,081,,,030901,A,5600,,Tract  309.01,0,1,G,27,28,29,26,37,98,43,114,133,157,272,445,569,89,18,71,92,49,39,43,83,39,38,47,25,41,18,22,0,0
G3600810030902,1970,1,2,New York,36,Queens,081,,,030902,A,5600,,Tract  309.02,0,1,G,49,13,17,25,25,79,64,115,111,146,350,441,628,46,0,167,34,56,25,68,42,74,42,57,42,81,45,20,4,0
G36008100317,1970,1,2,New York,36,Queens,081,,,0317,A,5600,,Tract  317,0,1,G,27,18,43,39,14,62,55,166,106,160,256,357,448,120,9,44,52,40,35,20,31,31,25,37,39,25,19,0,0,0
G36008100320,1970,1,2,New York,36,Queens,081,,,0320,A,5600,,Tract  320,0,1,G,13,20,5,13,31,26,52,19,27,66,149,146,172,4,0,6,22,24,8,12,10,5,15,0,0,8,5,0,0,0
G36008100327,1970,1,2,New York,36,Queens,081,,,0327,A,5600,,Tract  327,0,1,G,44,9,5,22,14,41,48,39,41,39,63,74,140,49,0,55,45,11,25,5,30,13,15,10,14,28,4,6,0,0
G36008100328,1970,1,2,New York,36,Queens,081,,,0328,A,5600,,Tract  328,0,1,G,30,5,6,15,16,14,41,5,19,41,60,72,98,0,0,16,14,10,11,9,0,4,7,7,0,0,0,4,0,0
G36008100329,1970,1,2,New York,36,Queens,081,,,0329,A,5600,,Tract  329,0,1,G,10,18,10,17,21,64,21,26,46,16,118,124,166,71,0,41,18,44,20,17,5,10,13,15,10,18,5,4,0,0
G36008100330,1970,1,2,New York,36,Queens,081,,,0330,A,5600,,Tract  330,0,1,G,22,47,24,25,33,50,88,61,122,120,171,219,346,34,30,33,49,18,31,17,15,18,15,0,19,0,0,4,0,0
G3600810033401,1970,1,2,New York,36,Queens,081,,,033401,A,5600,,Tract  334.01,0,1,G,22,12,12,18,18,36,30,70,40,29,83,70,115,6,0,20,12,6,19,5,17,11,12,5,5,16,0,0,0,0
G3600810033402,1970,1,2,New York,36,Queens,081,,,033402,A,5600,,Tract  334.02,0,1,G,68,120,247,329,281,216,260,285,364,335,695,921,1095,59,26,167,430,307,156,74,105,96,82,36,35,37,5,6,0,0
G36008100337,1970,1,2,New York,36,Queens,081,,,0337,A,5600,,Tract  337,0,1,G,23,7,17,24,45,22,49,38,38,38,105,88,171,39,0,33,12,6,27,0,6,0,11,5,8,12,4,21,0,0
G36008100339,1970,1,2,New York,36,Queens,081,,,0339,A,5600,,Tract  339,0,1,G,0,6,5,35,25,51,35,30,75,65,160,140,169,24,0,41,34,31,34,5,10,18,29,17,6,12,16,5,6,0
G36008100347,1970,1,2,New York,36,Queens,081,,,0347,A,5600,,Tract  347,0,1,G,19,23,20,26,31,52,62,16,53,45,89,147,123,16,0,61,22,35,26,5,56,31,39,35,12,8,0,19,0,0
G36008100351,1970,1,2,New York,36,Queens,081,,,0351,A,5600,,Tract  351,0,1,G,23,29,42,8,81,34,65,124,49,66,196,189,259,36,18,85,50,17,25,32,31,18,5,4,13,21,20,6,0,0
G36008100352,1970,1,2,New York,36,Queens,081,,,0352,A,5600,,Tract  352,0,1,G,13,9,13,20,42,22,36,57,40,32,67,86,194,36,0,21,0,0,19,7,22,13,6,14,0,0,0,0,0,0
G36008100353,1970,1,2,New York,36,Queens,081,,,0353,A,5600,,Tract  353,0,1,G,19,0,15,23,10,19,29,60,27,51,73,68,96,0,0,44,50,10,4,10,5,17,14,5,0,10,5,0,0,0
G36008100355,1970,1,2,New York,36,Queens,081,,,0355,A,5600,,Tract  355,0,1,G,0,30,10,6,49,40,22,74,46,45,103,112,158,20,0,29,24,15,5,0,12,12,14,19,10,17,5,0,0,0
G36008100358,1970,1,2,New York,36,Queens,081,,,0358,A,5600,,Tract  358,0,1,G,21,18,36,49,26,30,35,50,56,61,148,127,181,33,13,28,52,43,15,5,14,13,18,0,0,11,5,7,0,0
G36008100361,1970,1,2,New York,36,Queens,081,,,0361,A,5600,,Tract  361,0,1,G,14,9,35,41,7,24,14,74,27,36,66,78,57,21,0,39,37,39,21,25,18,11,4,10,0,5,21,10,0,0
G36008100363,1970,1,2,New York,36,Queens,081,,,0363,A,5600,,Tract  363,0,1,G,23,20,28,27,14,32,21,26,29,32,47,111,76,15,7,19,43,40,0,16,11,27,13,3,8,5,0,0,0,0
G36008100365,1970,1,2,New York,36,Queens,081,,,0365,A,5600,,Tract  365,0,1,G,48,16,27,62,43,28,54,28,43,42,64,94,46,0,0,78,51,27,39,47,44,10,5,10,8,19,5,0,0,0
G36008100366,1970,1,2,New York,36,Queens,081,,,0366,A,5600,,Tract  366,0,1,G,19,17,45,14,11,18,26,61,36,41,146,84,171,31,0,50,23,8,18,30,21,20,6,6,11,11,0,3,0,0
G36008100367,1970,1,2,New York,36,Queens,081,,,0367,A,5600,,Tract  367,0,1,G,22,23,5,5,16,49,30,49,43,54,85,71,106,38,0,23,52,8,11,9,23,10,8,18,0,12,4,4,0,0
G36008100368,1970,1,2,New York,36,Queens,081,,,0368,A,5600,,Tract  368,0,1,G,0,0,0,7,21,11,28,39,64,64,57,137,158,18,4,21,5,10,0,5,9,17,8,5,12,0,0,0,0,0
G36008100369,1970,1,2,New York,36,Queens,081,,,0369,A,5600,,Tract  369,0,1,G,0,8,5,16,17,0,28,6,41,37,21,25,68,5,0,0,15,7,7,0,5,5,0,0,6,0,0,0,0,0
G36008100371,1970,1,2,New York,36,Queens,081,,,0371,A,5600,,Tract  371,0,1,G,0,4,3,0,10,8,0,30,11,26,34,36,70,23,0,20,24,11,5,8,7,9,10,8,4,14,6,0,0,0
G36008100373,1970,1,2,New York,36,Queens,081,,,0373,A,5600,,Tract  373,0,1,G,15,16,4,12,31,51,19,36,42,33,28,29,44,5,0,50,43,24,51,14,44,38,18,49,18,15,5,0,0,0
G36008100375,1970,1,2,New York,36,Queens,081,,,0375,A,5600,,Tract  375,0,1,G,24,0,13,61,48,70,53,69,75,35,80,54,82,5,0,42,22,0,19,6,44,10,39,0,0,16,0,0,0,0
G36008100376,1970,1,2,New York,36,Queens,081,,,0376,A,5600,,Tract  376,0,1,G,48,21,38,44,41,60,65,116,149,93,228,246,411,14,0,79,95,32,28,20,61,16,14,5,5,25,10,7,0,0
G36008100377,1970,1,2,New York,36,Queens,081,,,0377,A,5600,,Tract  377,0,1,G,16,13,39,51,65,42,42,36,75,28,60,47,85,4,0,58,44,16,46,48,8,20,39,6,8,0,5,0,0,0
G36008100379,1970,1,2,New York,36,Queens,081,,,0379,A,5600,,Tract  379,0,1,G,43,22,22,34,59,80,57,96,55,24,53,77,92,5,0,94,75,31,27,59,24,11,22,11,0,13,5,0,0,0
G36008100381,1970,1,2,New York,36,Queens,081,,,0381,A,5600,,Tract  381,0,1,G,34,18,23,52,22,57,58,47,71,59,130,77,181,26,0,68,44,45,8,47,77,32,20,19,32,5,13,0,0,0
G36008100384,1970,1,2,New York,36,Queens,081,,,0384,A,5600,,Tract  384,0,1,G,16,4,10,21,5,37,71,24,30,28,74,95,207,13,0,31,28,4,21,6,18,10,42,6,6,4,0,0,0,0
G36008100394,1970,1,2,New York,36,Queens,081,,,0394,A,5600,,Tract  394,0,1,G,21,10,8,19,40,23,45,37,51,37,100,120,128,13,0,52,20,27,19,5,11,27,12,6,0,0,0,0,0,0
G36008100398,1970,1,2,New York,36,Queens,081,,,0398,A,5600,,Tract  398,0,1,G,0,3,15,12,16,16,26,27,15,27,41,51,90,24,0,40,17,30,3,7,7,28,5,10,0,0,0,0,0,0
G36008100399,1970,1,2,New York,36,Queens,081,,,0399,A,5600,,Tract  399,0,1,G,8,10,17,26,15,15,17,16,25,0,44,67,99,25,10,6,13,19,29,14,11,14,18,11,22,4,12,0,0,0
G36008100400,1970,1,2,New York,36,Queens,081,,,0400,A,5600,,Tract  400,0,1,G,2,0,12,17,10,3,10,29,21,27,37,34,78,9,10,13,21,8,18,0,12,10,13,18,4,0,0,0,0,0
G36008100401,1970,1,2,New York,36,Queens,081,,,0401,A,5600,,Tract  401,0,1,G,17,4,15,58,65,55,79,86,74,75,113,134,166,9,0,35,26,15,43,30,22,34,5,15,0,10,6,0,0,5
G36008100402,1970,1,2,New York,36,Queens,081,,,0402,A,5600,,Tract  402,0,1,G,0,13,7,4,12,17,23,13,22,19,18,78,143,19,0,14,29,9,0,0,18,9,3,7,3,6,0,0,0,0
G36008100403,1970,1,2,New York,36,Queens,081,,,0403,A,5600,,Tract  403,0,1,G,13,5,57,25,55,48,47,58,32,73,123,84,71,5,0,51,50,38,42,16,20,16,11,5,6,0,11,0,0,0
G36008100404,1970,1,2,New York,36,Queens,081,,,0404,A,5600,,Tract  404,0,1,G,13,9,26,36,29,102,66,109,70,48,159,204,189,23,0,33,38,22,37,26,4,17,19,21,4,15,11,6,0,0
G36008100405,1970,1,2,New York,36,Queens,081,,,0405,A,5600,,Tract  405,0,1,G,18,10,11,16,30,61,24,49,24,27,54,42,39,7,4,27,28,19,19,24,22,24,16,0,21,0,0,0,0,0
G36008100407,1970,1,2,New York,36,Queens,081,,,0407,A,5600,,Tract  407,0,1,G,51,46,64,54,109,97,119,54,85,79,119,143,185,9,0,65,54,54,57,58,47,6,20,0,8,0,0,0,0,0
G36008100409,1970,1,2,New York,36,Queens,081,,,0409,A,5600,,Tract  409,0,1,G,15,14,40,39,71,37,73,59,51,114,83,110,81,14,0,43,72,25,30,25,18,23,6,5,0,4,5,0,0,0
G36008100410,1970,1,2,New York,36,Queens,081,,,0410,A,5600,,Tract  410,0,1,G,18,10,18,10,11,4,31,13,31,9,21,36,17,6,0,21,0,13,15,5,13,10,7,0,0,9,0,0,0,0
G36008100411,1970,1,2,New York,36,Queens,081,,,0411,A,5600,,Tract  411,0,1,G,35,16,28,28,32,36,19,48,56,67,85,65,98,32,0,15,18,5,5,8,4,0,11,10,0,0,0,0,0,0
G36008100413,1970,1,2,New York,36,Queens,081,,,0413,A,5600,,Tract  413,0,1,G,6,29,46,33,41,30,31,30,62,38,93,53,56,14,14,38,31,29,36,4,9,0,10,0,5,5,6,10,0,5
G36008100414,1970,1,2,New York,36,Queens,081,,,0414,A,5600,,Tract  414,0,1,G,16,18,28,36,37,28,54,82,70,48,107,145,153,23,6,63,72,70,39,15,40,42,20,22,10,0,0,0,5,0
G36008100415,1970,1,2,New York,36,Queens,081,,,0415,A,5600,,Tract  415,0,1,G,5,10,38,8,11,63,31,52,50,69,85,66,53,5,0,37,32,13,22,9,21,13,18,0,0,0,7,0,0,0
G36008100420,1970,1,2,New York,36,Queens,081,,,0420,A,5600,,Tract  420,0,1,G,0,0,0,5,3,0,5,15,11,17,19,68,84,19,0,18,0,8,4,0,9,0,7,0,0,7,7,7,0,0
G36008100422,1970,1,2,New York,36,Queens,081,,,0422,A,5600,,Tract  422,0,1,G,6,4,0,13,0,11,18,18,6,6,21,16,49,28,0,34,10,0,9,0,10,12,13,18,0,0,0,0,0,0
G36008100424,1970,1,2,New York,36,Queens,081,,,0424,A,5600,,Tract  424,0,1,G,15,9,0,10,0,0,2,0,5,4,23,37,74,16,0,20,4,0,0,14,12,0,6,0,0,0,0,0,0,0
G36008100427,1970,1,2,New York,36,Queens,081,,,0427,A,5600,,Tract  427,0,1,G,23,8,32,43,13,48,57,54,61,48,77,76,102,10,0,0,22,34,18,11,5,0,13,6,7,6,0,0,0,0
G36008100432,1970,1,2,New York,36,Queens,081,,,0432,A,5600,,Tract  432,0,1,G,0,6,15,11,24,0,31,25,0,9,32,43,87,28,5,15,9,27,5,16,21,17,0,0,0,0,0,6,0,0
G36008100434,1970,1,2,New York,36,Queens,081,,,0434,A,5600,,Tract  434,0,1,G,11,33,7,5,18,32,22,15,14,35,58,67,65,21,14,19,16,16,21,5,5,4,0,5,0,5,5,0,0,0
G36008100437,1970,1,2,New York,36,Queens,081,,,0437,A,5600,,Tract  437,0,1,G,19,34,30,35,29,33,34,74,81,150,290,280,519,79,5,104,85,49,27,26,38,37,54,27,68,60,8,36,0,0
G36008100439,1970,1,2,New York,36,Queens,081,,,0439,A,5600,,Tract  439,0,1,G,30,27,13,29,25,39,48,71,43,55,62,68,90,7,0,31,40,23,16,19,7,7,0,13,0,0,0,0,0,0
G36008100440,1970,1,2,New York,36,Queens,081,,,0440,A,5600,,Tract  440,0,1,G,65,36,86,59,37,44,74,64,72,40,70,132,79,7,11,114,48,55,23,50,31,25,38,11,0,0,5,0,0,0
G36008100442,1970,1,2,New York,36,Queens,081,,,0442,A,5600,,Tract  442,0,1,G,0,19,4,26,41,19,30,14,18,53,40,33,23,7,0,32,15,30,12,5,17,20,0,0,0,0,0,0,0,0
G36008100443,1970,1,2,New York,36,Queens,081,,,0443,A,5600,,Tract  443,0,1,G,5,11,14,37,28,44,138,78,92,72,224,173,352,29,7,42,25,21,7,5,40,29,10,0,0,24,12,19,0,0
G3600810044601,1970,1,2,New York,36,Queens,081,,,044601,A,5600,,Tract  446.01,0,1,G,5,5,9,16,34,15,34,20,35,52,36,92,94,32,0,66,66,145,108,82,97,53,83,100,19,57,54,9,4,0
G3600810044602,1970,1,2,New York,36,Queens,081,,,044602,A,5600,,Tract  446.02,0,1,G,10,40,10,26,51,55,26,40,55,40,155,124,148,19,0,67,97,54,84,72,71,35,43,8,31,43,28,39,0,0
G36008100448,1970,1,2,New York,36,Queens,081,,,0448,A,5600,,Tract  448,0,1,G,0,13,17,4,25,21,21,35,8,32,65,52,146,30,0,12,20,7,17,15,35,19,6,26,10,0,6,7,5,0
G36008100450,1970,1,2,New York,36,Queens,081,,,0450,A,5600,,Tract  450,0,1,G,0,0,5,17,10,4,21,25,22,18,104,58,84,41,0,5,13,9,9,9,14,16,4,16,10,14,0,0,0,0
G36008100452,1970,1,2,New York,36,Queens,081,,,0452,A,5600,,Tract  452,0,1,G,0,0,0,0,0,10,0,0,12,5,9,8,35,7,0,0,14,10,0,5,25,0,0,0,0,9,0,0,0,0
G36008100454,1970,1,2,New York,36,Queens,081,,,0454,A,5600,,Tract  454,0,1,G,0,14,17,16,4,19,15,62,25,53,78,164,213,85,27,48,53,17,24,44,40,62,51,37,20,65,18,34,4,0
G36008100455,1970,1,2,New York,36,Queens,081,,,0455,A,5600,,Tract  455,0,1,G,66,34,25,50,73,96,73,131,172,132,404,587,1096,273,33,128,92,69,74,72,114,152,172,144,132,190,108,82,19,5
G36008100456,1970,1,2,New York,36,Queens,081,,,0456,A,5600,,Tract  456,0,1,G,5,11,0,0,14,5,0,5,5,22,29,36,57,25,0,12,12,22,0,5,0,15,6,6,0,0,6,0,0,0
G36008100457,1970,1,2,New York,36,Queens,081,,,0457,A,5600,,Tract  457,0,1,G,5,4,0,19,12,18,20,25,51,31,101,96,151,63,5,31,18,9,13,0,10,37,20,10,5,10,11,11,0,0
G36008100458,1970,1,2,New York,36,Queens,081,,,0458,A,5600,,Tract  458,0,1,G,6,5,11,13,10,11,25,44,5,17,55,72,66,85,19,11,15,10,11,23,10,27,28,10,10,5,5,0,11,0
G36008100459,1970,1,2,New York,36,Queens,081,,,0459,A,5600,,Tract  459,0,1,G,4,0,17,5,13,18,36,13,64,71,92,136,155,14,7,21,32,4,11,22,0,6,10,4,4,0,3,4,0,0
G36008100460,1970,1,2,New York,36,Queens,081,,,0460,A,5600,,Tract  460,0,1,G,16,30,45,43,38,49,76,99,80,59,98,114,164,19,0,89,101,83,57,51,105,90,78,89,31,87,11,5,12,0
G36008100461,1970,1,2,New York,36,Queens,081,,,0461,A,5600,,Tract  461,0,1,G,0,0,18,10,16,21,27,27,26,40,57,60,120,25,0,36,9,9,5,23,12,4,18,0,0,0,0,0,0,0
G36008100462,1970,1,2,New York,36,Queens,081,,,0462,A,5600,,Tract  462,0,1,G,23,58,27,27,17,70,52,87,59,98,152,211,309,49,12,83,59,30,27,65,65,37,65,34,23,61,35,12,5,0
G36008100463,1970,1,2,New York,36,Queens,081,,,0463,A,5600,,Tract  463,0,1,G,4,13,0,10,20,32,45,55,52,54,62,103,128,15,0,22,23,48,10,26,6,5,0,8,15,5,5,4,0,0
G36008100464,1970,1,2,New York,36,Queens,081,,,0464,A,5600,,Tract  464,0,1,G,6,0,12,7,12,0,0,7,7,0,18,39,118,101,17,11,5,7,7,6,0,0,20,6,0,0,6,16,5,0
G36008100465,1970,1,2,New York,36,Queens,081,,,0465,A,5600,,Tract  465,0,1,G,9,10,15,20,28,29,30,43,38,56,70,90,154,8,0,45,53,24,5,0,10,34,41,5,9,5,0,0,10,0
G36008100466,1970,1,2,New York,36,Queens,081,,,0466,A,5600,,Tract  466,0,1,G,7,20,7,7,33,33,42,21,27,18,57,55,198,97,19,65,96,40,48,24,0,62,32,68,38,71,19,28,12,0
G36008100467,1970,1,2,New York,36,Queens,081,,,0467,A,5600,,Tract  467,0,1,G,28,13,29,17,48,77,98,113,100,66,170,132,293,47,5,66,58,45,45,71,53,36,54,43,18,54,32,5,5,0
G36008100468,1970,1,2,New York,36,Queens,081,,,0468,A,5600,,Tract  468,0,1,G,7,20,21,19,20,32,27,53,43,49,92,142,134,35,0,10,36,14,42,22,25,10,26,28,22,11,5,6,0,0
G36008100469,1970,1,2,New York,36,Queens,081,,,0469,A,5600,,Tract  469,0,1,G,32,8,16,43,82,57,106,103,110,132,265,223,464,60,0,62,100,112,66,91,109,74,73,45,34,54,28,27,0,0
G36008100470,1970,1,2,New York,36,Queens,081,,,0470,A,5600,,Tract  470,0,1,G,11,7,10,23,21,16,27,47,50,62,74,93,130,27,0,24,62,23,0,25,12,0,0,6,0,0,0,0,0,0
G36008100471,1970,1,2,New York,36,Queens,081,,,0471,A,5600,,Tract  471,0,1,G,0,10,5,12,24,20,33,35,25,93,61,114,212,39,6,29,44,35,25,20,24,35,36,15,20,44,15,0,0,5
G36008100472,1970,1,2,New York,36,Queens,081,,,0472,A,5600,,Tract  472,0,1,G,22,5,11,14,11,13,20,58,33,36,37,125,295,180,53,15,47,38,26,31,18,29,27,19,16,61,23,28,6,4
G36008100473,1970,1,2,New York,36,Queens,081,,,0473,A,5600,,Tract  473,0,1,G,17,28,6,10,32,27,31,40,23,24,108,195,249,100,0,17,39,34,31,43,19,30,65,43,34,30,15,25,5,0
G36008100475,1970,1,2,New York,36,Queens,081,,,0475,A,5600,,Tract  475,0,1,G,16,12,0,6,25,35,29,33,49,76,136,139,176,11,11,30,25,35,36,14,63,11,34,10,20,5,8,0,7,0
G36008100476,1970,1,2,New York,36,Queens,081,,,0476,A,5600,,Tract  476,0,1,G,5,4,15,0,10,5,0,0,15,6,33,46,110,94,69,7,0,0,5,0,0,6,0,0,0,0,0,0,0,0
G36008100478,1970,1,2,New York,36,Queens,081,,,0478,A,5600,,Tract  478,0,1,G,20,25,27,10,24,41,52,85,148,83,296,259,489,70,38,50,70,30,51,41,40,30,66,13,5,36,25,28,0,5
G36008100479,1970,1,2,New York,36,Queens,081,,,0479,A,5600,,Tract  479,0,1,G,13,0,17,39,16,51,72,81,35,117,204,231,264,33,8,24,31,55,45,40,33,27,32,24,19,18,10,0,5,0
G36008100480,1970,1,2,New York,36,Queens,081,,,0480,A,5600,,Tract  480,0,1,G,13,6,18,0,9,18,23,21,45,12,50,99,125,26,0,17,40,13,8,8,4,4,11,4,4,0,9,3,0,0
G36008100481,1970,1,2,New York,36,Queens,081,,,0481,A,5600,,Tract  481,0,1,G,47,17,0,13,48,45,58,94,58,24,143,204,292,62,0,50,54,61,28,56,38,62,70,58,36,59,19,17,0,0
G36008100482,1970,1,2,New York,36,Queens,081,,,0482,A,5600,,Tract  482,0,1,G,6,0,6,5,0,20,13,18,17,13,22,49,61,39,11,9,9,24,13,16,0,4,3,8,0,12,4,5,0,0
G36008100483,1970,1,2,New York,36,Queens,081,,,0483,A,5600,,Tract  483,0,1,G,16,8,14,10,15,39,26,41,41,58,88,194,188,41,5,75,82,20,32,0,94,33,10,14,25,5,17,19,0,0
G36008100484,1970,1,2,New York,36,Queens,081,,,0484,A,5600,,Tract  484,0,1,G,13,29,35,12,14,58,40,61,32,46,136,235,279,21,0,43,66,68,28,46,38,24,40,35,0,26,0,0,0,0
G36008100485,1970,1,2,New York,36,Queens,081,,,0485,A,5600,,Tract  485,0,1,G,5,6,10,17,14,35,31,29,39,39,91,146,221,52,5,25,19,34,27,15,66,23,15,48,10,35,16,12,0,0
G36008100489,1970,1,2,New York,36,Queens,081,,,0489,A,5600,,Tract  489,0,1,G,8,9,0,10,19,10,5,11,29,15,22,40,54,10,0,0,22,27,5,5,11,0,0,6,12,5,0,6,0,0
G36008100492,1970,1,2,New York,36,Queens,081,,,0492,A,5600,,Tract  492,0,1,G,4,15,22,19,54,54,61,79,145,77,142,181,263,43,0,41,124,50,59,33,30,38,18,41,20,15,25,16,5,5
G3600810049301,1970,1,2,New York,36,Queens,081,,,049301,A,5600,,Tract  493.01,0,1,G,5,15,22,8,0,10,29,38,25,24,77,80,181,16,0,13,16,17,4,0,19,0,5,6,0,0,4,8,0,0
G3600810049302,1970,1,2,New York,36,Queens,081,,,049302,A,5600,,Tract  493.02,0,1,G,15,21,12,30,18,20,31,61,49,50,125,163,97,25,0,6,39,19,27,14,18,25,15,5,0,21,8,0,0,0
G36008100495,1970,1,2,New York,36,Queens,081,,,0495,A,5600,,Tract  495,0,1,G,16,0,4,7,0,20,0,35,29,24,59,81,104,12,0,16,19,12,0,0,4,9,0,4,0,0,0,0,0,0
G36008100496,1970,1,2,New York,36,Queens,081,,,0496,A,5600,,Tract  496,0,1,G,21,9,37,5,14,27,16,38,26,44,122,128,185,66,9,55,20,6,5,27,12,0,9,0,5,0,6,0,0,0
G36008100497,1970,1,2,New York,36,Queens,081,,,0497,A,5600,,Tract  497,0,1,G,10,17,14,25,34,21,19,50,22,35,185,146,129,12,6,10,18,15,23,5,24,0,16,5,12,7,5,0,0,0
G36008100499,1970,1,2,New York,36,Queens,081,,,0499,A,5600,,Tract  499,0,1,G,10,5,37,29,26,19,35,74,62,78,172,229,245,9,4,35,66,30,37,19,36,12,19,4,5,11,6,18,0,0
G36008100500,1970,1,2,New York,36,Queens,081,,,0500,A,5600,,Tract  500,0,1,G,35,0,41,43,38,38,35,71,63,78,90,178,90,16,0,74,32,76,41,49,76,61,56,67,0,47,11,6,0,0
G3600810050201,1970,1,2,New York,36,Queens,081,,,050201,A,5600,,Tract  502.01,0,1,G,5,5,7,13,0,5,13,10,20,34,20,56,55,19,0,27,13,11,10,18,4,13,0,0,5,4,3,0,0,0
G3600810050202,1970,1,2,New York,36,Queens,081,,,050202,A,5600,,Tract  502.02,0,1,G,0,5,13,5,4,14,0,24,18,37,29,55,57,25,0,3,19,0,0,13,11,10,0,0,0,0,0,5,0,0
G36008100504,1970,1,2,New York,36,Queens,081,,,0504,A,5600,,Tract  504,0,1,G,5,6,15,9,22,19,26,18,25,26,54,69,87,36,0,22,11,22,0,0,5,5,9,5,0,0,4,5,0,0
G36008100505,1970,1,2,New York,36,Queens,081,,,0505,A,5600,,Tract  505,0,1,G,4,12,0,17,4,4,17,32,3,10,31,70,75,19,0,5,30,0,5,5,0,0,7,0,0,0,0,0,0,0
G36008100506,1970,1,2,New York,36,Queens,081,,,0506,A,5600,,Tract  506,0,1,G,0,4,11,3,12,0,14,14,23,4,65,57,64,17,0,37,30,13,49,15,4,7,12,0,16,7,0,5,0,0
G36008100507,1970,1,2,New York,36,Queens,081,,,0507,A,5600,,Tract  507,0,1,G,9,26,48,13,7,16,52,29,44,75,106,137,222,52,6,44,48,5,5,18,4,6,30,0,12,6,0,6,0,0
G36008100508,1970,1,2,New York,36,Queens,081,,,0508,A,5600,,Tract  508,0,1,G,17,0,12,0,24,25,31,62,39,43,78,79,95,3,0,28,46,14,3,28,24,29,9,4,0,10,9,0,0,0
G36008100510,1970,1,2,New York,36,Queens,081,,,0510,A,5600,,Tract  510,0,1,G,9,4,9,4,9,9,16,16,21,36,40,69,80,13,0,12,12,14,14,6,13,0,14,0,0,0,0,5,0,0
G36008100511,1970,1,2,New York,36,Queens,081,,,0511,A,5600,,Tract  511,0,1,G,25,6,9,21,25,8,5,53,48,53,105,128,215,16,6,27,28,7,0,8,7,13,7,7,0,6,0,7,0,0
G36008100512,1970,1,2,New York,36,Queens,081,,,0512,A,5600,,Tract  512,0,1,G,20,5,14,8,16,6,18,52,28,40,94,163,183,16,5,40,38,0,5,12,5,10,5,0,0,18,6,0,0,0
G36008100513,1970,1,2,New York,36,Queens,081,,,0513,A,5600,,Tract  513,0,1,G,5,15,19,8,28,24,38,25,22,71,90,131,152,25,10,12,43,13,21,7,6,7,0,14,8,8,0,12,0,0
G36008100515,1970,1,2,New York,36,Queens,081,,,0515,A,5600,,Tract  515,0,1,G,23,0,10,18,19,23,44,52,45,63,154,233,286,33,4,20,35,10,24,6,11,10,4,5,18,15,5,0,0,0
G36008100516,1970,1,2,New York,36,Queens,081,,,0516,A,5600,,Tract  516,0,1,G,18,5,4,3,8,15,50,21,49,50,80,58,123,17,0,19,12,0,5,9,0,4,24,0,6,4,0,0,0,0
G36008100517,1970,1,2,New York,36,Queens,081,,,0517,A,5600,,Tract  517,0,1,G,0,12,14,12,7,13,29,51,40,29,68,112,135,27,0,58,46,26,4,34,11,13,4,4,0,5,0,0,0,0
G36008100518,1970,1,2,New York,36,Queens,081,,,0518,A,5600,,Tract  518,0,1,G,21,0,14,28,0,42,21,49,63,35,112,133,133,14,0,34,28,14,28,28,7,21,20,7,0,7,0,0,0,0
G36008100520,1970,1,2,New York,36,Queens,081,,,0520,A,5600,,Tract  520,0,1,G,10,0,4,15,13,17,38,35,16,28,45,74,83,45,0,15,24,4,20,10,6,0,0,3,0,9,0,0,0,0
G36008100521,1970,1,2,New York,36,Queens,081,,,0521,A,5600,,Tract  521,0,1,G,13,4,8,26,24,19,26,31,37,54,55,106,101,7,0,4,48,29,5,26,14,4,13,10,6,11,5,12,0,0
G36008100522,1970,1,2,New York,36,Queens,081,,,0522,A,5600,,Tract  522,0,1,G,5,0,0,13,12,22,5,29,23,19,64,73,78,35,4,11,12,5,30,16,6,9,0,0,0,5,5,0,0,0
G36008100524,1970,1,2,New York,36,Queens,081,,,0524,A,5600,,Tract  524,0,1,G,0,18,13,17,13,21,11,37,31,29,63,57,108,7,5,26,12,12,0,10,28,15,4,9,0,0,0,0,0,0
G36008100525,1970,1,2,New York,36,Queens,081,,,0525,A,5600,,Tract  525,0,1,G,5,11,15,14,33,25,12,38,18,31,108,129,106,5,0,46,8,20,0,11,20,0,18,18,5,11,0,0,0,0
G36008100526,1970,1,2,New York,36,Queens,081,,,0526,A,5600,,Tract  526,0,1,G,9,6,24,13,15,31,33,10,47,6,56,78,119,8,5,28,33,6,17,0,10,10,6,0,0,0,4,0,0,0
G36008100527,1970,1,2,New York,36,Queens,081,,,0527,A,5600,,Tract  527,0,1,G,27,10,20,20,36,9,22,43,85,28,91,75,201,9,0,48,49,25,17,0,24,0,23,13,13,19,0,0,0,0
G36008100528,1970,1,2,New York,36,Queens,081,,,0528,A,5600,,Tract  528,0,1,G,21,7,4,11,11,25,22,11,28,9,66,58,81,8,0,15,16,24,13,4,12,15,0,6,0,0,0,0,0,0
G36008100529,1970,1,2,New York,36,Queens,081,,,0529,A,5600,,Tract  529,0,1,G,4,8,0,6,20,12,9,17,16,9,31,38,79,0,0,15,9,9,8,10,4,0,0,12,0,0,0,0,0,0
G36008100530,1970,1,2,New York,36,Queens,081,,,0530,A,5600,,Tract  530,0,1,G,17,0,14,27,18,19,38,60,23,13,78,104,114,0,0,18,25,4,13,5,29,18,18,5,6,4,9,0,0,0
G36008100532,1970,1,2,New York,36,Queens,081,,,0532,A,5600,,Tract  532,0,1,G,13,5,5,22,0,30,29,64,39,38,73,77,140,19,0,31,6,0,16,0,0,6,0,0,0,4,5,0,0,0
G36008100534,1970,1,2,New York,36,Queens,081,,,0534,A,5600,,Tract  534,0,1,G,26,0,4,13,22,16,8,18,36,43,37,68,125,26,0,23,8,9,8,3,15,20,2,2,0,14,2,0,0,0
G36008100535,1970,1,2,New York,36,Queens,081,,,0535,A,5600,,Tract  535,0,1,G,0,15,5,48,0,9,22,48,17,22,25,43,22,0,0,21,24,20,23,22,8,0,7,0,5,0,0,0,0,0
G36008100536,1970,1,2,New York,36,Queens,081,,,0536,A,5600,,Tract  536,0,1,G,6,4,15,0,10,8,20,16,29,23,82,61,132,14,5,0,25,15,18,3,5,0,0,6,6,16,3,0,0,0
G36008100538,1970,1,2,New York,36,Queens,081,,,0538,A,5600,,Tract  538,0,1,G,20,14,5,11,5,13,15,21,10,40,75,54,110,13,0,10,6,0,5,0,17,19,32,0,5,0,0,6,0,0
G36008100539,1970,1,2,New York,36,Queens,081,,,0539,A,5600,,Tract  539,0,1,G,10,38,71,13,60,56,73,78,87,73,146,172,121,53,0,60,87,22,12,24,48,8,14,12,2,0,0,0,0,0
G36008100540,1970,1,2,New York,36,Queens,081,,,0540,A,5600,,Tract  540,0,1,G,15,7,11,34,12,71,38,65,49,80,125,138,172,18,0,24,43,38,7,40,14,18,7,7,7,16,0,4,0,0
G36008100542,1970,1,2,New York,36,Queens,081,,,0542,A,5600,,Tract  542,0,1,G,17,11,15,23,27,48,36,32,48,69,176,240,288,33,4,28,49,30,28,15,9,9,9,9,5,15,0,0,0,0
G36008100545,1970,1,2,New York,36,Queens,081,,,0545,A,5600,,Tract  545,0,1,G,20,20,68,33,61,54,113,89,102,66,158,114,103,0,7,67,112,55,46,27,32,7,21,21,0,0,0,19,7,0
G36008100547,1970,1,2,New York,36,Queens,081,,,0547,A,5600,,Tract  547,0,1,G,25,24,54,49,34,58,75,67,74,58,216,137,175,3,0,107,70,60,39,59,8,9,10,20,11,14,24,0,0,0
G36008100548,1970,1,2,New York,36,Queens,081,,,0548,A,5600,,Tract  548,0,1,G,5,4,33,4,15,13,14,19,21,16,87,147,149,30,0,6,23,0,7,10,6,0,6,0,0,0,0,5,0,0
G36008100549,1970,1,2,New York,36,Queens,081,,,0549,A,5600,,Tract  549,0,1,G,20,26,41,51,57,51,109,82,94,88,132,225,207,11,0,66,102,78,83,20,26,10,17,11,6,0,5,0,0,0
G36008100551,1970,1,2,New York,36,Queens,081,,,0551,A,5600,,Tract  551,0,1,G,25,26,58,48,42,55,101,98,95,107,247,199,196,12,7,65,106,73,96,17,36,27,24,48,5,5,6,4,0,0
G36008100552,1970,1,2,New York,36,Queens,081,,,0552,A,5600,,Tract  552,0,1,G,6,29,0,12,38,33,30,20,37,62,122,162,210,21,11,30,20,11,5,20,7,19,28,20,4,5,21,10,0,0
G36008100553,1970,1,2,New York,36,Queens,081,,,0553,A,5600,,Tract  553,0,1,G,6,23,24,7,25,32,73,27,62,45,82,68,101,4,0,61,86,31,44,17,7,10,22,12,6,0,0,0,0,0
G36008100554,1970,1,2,New York,36,Queens,081,,,0554,A,5600,,Tract  554,0,1,G,12,14,0,17,27,37,47,14,23,10,83,132,184,31,0,20,24,12,4,0,28,8,4,7,4,0,0,5,0,0
G36008100555,1970,1,2,New York,36,Queens,081,,,0555,A,5600,,Tract  555,0,1,G,4,14,53,10,22,20,32,52,47,30,88,53,62,0,4,0,60,45,42,23,17,6,0,7,34,7,0,0,0,0
G36008100556,1970,1,2,New York,36,Queens,081,,,0556,A,5600,,Tract  556,0,1,G,6,15,5,0,5,17,10,26,25,45,78,76,117,22,5,18,18,17,5,14,0,8,4,4,4,4,4,0,0,0
G36008100557,1970,1,2,New York,36,Queens,081,,,0557,A,5600,,Tract  557,0,1,G,27,14,47,44,41,36,35,77,109,92,89,149,147,8,0,12,83,67,25,24,14,17,36,15,8,30,11,5,5,0
G36008100558,1970,1,2,New York,36,Queens,081,,,0558,A,5600,,Tract  558,0,1,G,4,0,19,0,6,5,32,20,9,28,48,98,141,33,0,19,0,12,9,6,0,0,0,0,6,0,7,4,0,0
G36008100559,1970,1,2,New York,36,Queens,081,,,0559,A,5600,,Tract  559,0,1,G,4,9,12,14,11,24,5,29,21,0,36,31,39,7,0,14,20,15,5,5,0,4,5,8,0,8,0,0,0,0
G36008100560,1970,1,2,New York,36,Queens,081,,,0560,A,5600,,Tract  560,0,1,G,0,0,0,16,10,5,7,0,52,14,54,74,112,32,0,13,56,0,0,6,12,8,6,0,6,0,0,0,0,0
G36008100561,1970,1,2,New York,36,Queens,081,,,0561,A,5600,,Tract  561,0,1,G,-1,,,,,,,,,,,,,,,-1,,,,,,,,,,,,,,
G36008100562,1970,1,2,New York,36,Queens,081,,,0562,A,5600,,Tract  562,0,1,G,0,0,16,0,4,20,21,4,22,30,66,80,73,9,0,6,20,11,6,5,0,0,0,0,0,0,0,0,0,0
G36008100564,1970,1,2,New York,36,Queens,081,,,0564,A,5600,,Tract  564,0,1,G,16,7,11,14,0,8,21,5,44,31,67,96,95,15,3,52,5,6,25,20,15,0,5,0,0,11,12,6,0,0
G36008100565,1970,1,2,New York,36,Queens,081,,,0565,A,5600,,Tract  565,0,1,G,0,0,0,14,12,20,32,9,27,22,20,37,50,0,0,14,32,0,5,5,4,6,5,0,0,0,0,0,0,0
G36008100566,1970,1,2,New York,36,Queens,081,,,0566,A,5600,,Tract  566,0,1,G,0,9,0,4,5,5,13,15,6,14,63,54,95,11,5,11,10,6,10,0,4,14,0,0,5,0,0,7,0,0
G36008100567,1970,1,2,New York,36,Queens,081,,,0567,A,5600,,Tract  567,0,1,G,10,27,25,30,36,68,58,103,86,86,166,237,279,31,5,18,65,66,21,10,10,18,19,8,0,9,14,5,0,0
G36008100568,1970,1,2,New York,36,Queens,081,,,0568,A,5600,,Tract  568,0,1,G,5,22,37,31,23,30,36,54,83,54,199,170,270,20,0,69,40,43,21,27,29,26,14,6,7,16,4,16,0,0
G36008100577,1970,1,2,New York,36,Queens,081,,,0577,A,5600,,Tract  577,0,1,G,28,64,53,20,21,40,76,59,86,44,159,188,110,33,0,26,109,74,13,13,6,44,6,20,33,7,0,6,0,0
G36008100578,1970,1,2,New York,36,Queens,081,,,0578,A,5600,,Tract  578,0,1,G,11,16,17,14,12,20,37,11,68,42,95,130,169,30,0,19,66,42,5,13,11,24,12,24,0,0,6,0,0,0
G36008100579,1970,1,2,New York,36,Queens,081,,,0579,A,5600,,Tract  579,0,1,G,0,24,28,21,20,5,31,27,28,58,63,93,85,0,5,13,21,27,0,9,5,26,5,14,10,5,0,0,0,0
G36008100580,1970,1,2,New York,36,Queens,081,,,0580,A,5600,,Tract  580,0,1,G,11,11,0,22,5,34,53,28,49,41,103,167,296,22,0,32,31,7,3,25,10,0,11,0,0,0,3,0,0,0
G36008100581,1970,1,2,New York,36,Queens,081,,,0581,A,5600,,Tract  581,0,1,G,0,18,10,39,25,35,41,50,85,81,117,112,118,11,0,47,68,50,22,44,10,19,15,10,9,0,10,10,9,0
G36008100583,1970,1,2,New York,36,Queens,081,,,0583,A,5600,,Tract  583,0,1,G,18,20,38,36,40,50,41,51,35,50,169,150,152,22,6,56,88,68,21,30,19,25,18,16,17,10,0,5,0,0
G36008100585,1970,1,2,New York,36,Queens,081,,,0585,A,5600,,Tract  585,0,1,G,17,26,34,38,32,38,56,46,82,102,139,137,210,10,0,50,66,75,10,40,51,50,23,16,5,21,0,0,6,5
G36008100587,1970,1,2,New York,36,Queens,081,,,0587,A,5600,,Tract  587,0,1,G,33,22,47,58,48,22,58,51,116,63,132,149,174,11,0,69,117,72,55,40,38,33,34,8,4,9,0,4,0,0
G36008100588,1970,1,2,New York,36,Queens,081,,,0588,A,5600,,Tract  588,0,1,G,6,16,17,0,22,5,31,31,5,24,73,56,79,30,5,5,0,4,3,17,0,3,0,2,0,8,0,0,0,0
G36008100589,1970,1,2,New York,36,Queens,081,,,0589,A,5600,,Tract  589,0,1,G,35,44,46,84,60,65,129,93,160,75,138,91,116,19,0,83,103,56,71,47,25,34,31,20,0,4,6,0,0,0
G36008100590,1970,1,2,New York,36,Queens,081,,,0590,A,5600,,Tract  590,0,1,G,0,5,15,17,20,5,14,21,12,17,46,53,91,6,0,14,11,12,0,0,3,0,0,4,0,0,0,0,0,0
G36008100591,1970,1,2,New York,36,Queens,081,,,0591,A,5600,,Tract  591,0,1,G,55,26,66,50,41,55,83,140,145,132,335,191,178,12,5,71,164,86,34,51,30,10,26,22,8,8,4,0,0,3
G36008100592,1970,1,2,New York,36,Queens,081,,,0592,A,5600,,Tract  592,0,1,G,6,0,4,5,10,7,16,13,0,23,30,50,106,33,0,0,4,5,0,12,3,8,9,0,0,4,0,0,0,0
G36008100593,1970,1,2,New York,36,Queens,081,,,0593,A,5600,,Tract  593,0,1,G,15,45,43,41,38,53,55,71,98,94,220,155,167,32,0,70,90,54,20,14,15,52,14,28,17,11,15,0,0,0
G36008100594,1970,1,2,New York,36,Queens,081,,,0594,A,5600,,Tract  594,0,1,G,0,0,6,6,12,24,9,6,28,46,86,78,121,24,0,23,0,6,25,0,6,4,0,0,0,0,0,4,0,0
G36008100595,1970,1,2,New York,36,Queens,081,,,0595,A,5600,,Tract  595,0,1,G,35,23,55,48,38,82,84,88,117,83,169,180,180,9,0,64,47,50,19,40,28,19,18,14,0,12,5,5,5,0
G36008100596,1970,1,2,New York,36,Queens,081,,,0596,A,5600,,Tract  596,0,1,G,0,0,0,0,0,20,34,9,9,36,39,96,122,8,0,18,12,0,16,5,5,0,5,0,0,0,10,0,0,0
G36008100598,1970,1,2,New York,36,Queens,081,,,0598,A,5600,,Tract  598,0,1,G,9,0,4,7,5,20,30,28,45,27,48,85,117,24,0,0,12,29,13,0,6,0,9,5,0,16,0,3,0,0
G36008100599,1970,1,2,New York,36,Queens,081,,,0599,A,5600,,Tract  599,0,1,G,11,9,5,17,11,10,20,28,25,15,117,103,70,9,0,16,26,0,10,20,0,0,5,4,18,0,0,0,0,0
G36008100600,1970,1,2,New York,36,Queens,081,,,0600,A,5600,,Tract  600,0,1,G,5,0,0,11,15,20,0,15,10,13,39,49,109,20,0,8,0,0,0,11,0,0,0,4,0,0,0,4,0,0
G36008100601,1970,1,2,New York,36,Queens,081,,,0601,A,5600,,Tract  601,0,1,G,9,4,13,31,21,11,16,14,67,67,101,145,115,4,0,9,36,17,7,9,37,5,0,0,0,8,0,0,0,0
G36008100602,1970,1,2,New York,36,Queens,081,,,0602,A,5600,,Tract  602,0,1,G,5,0,0,5,0,5,9,25,23,8,57,52,94,11,0,8,0,7,22,0,0,7,0,0,0,17,0,6,0,0
G36008100603,1970,1,2,New York,36,Queens,081,,,0603,A,5600,,Tract  603,0,1,G,4,6,20,12,12,20,26,24,31,57,46,99,136,27,0,26,61,21,11,5,6,5,10,7,0,0,5,0,0,0
G36008100604,1970,1,2,New York,36,Queens,081,,,0604,A,5600,,Tract  604,0,1,G,4,3,21,0,0,6,5,21,10,10,7,53,63,22,4,15,10,0,0,9,0,0,2,0,0,0,8,0,0,0
G36008100606,1970,1,2,New York,36,Queens,081,,,0606,A,5600,,Tract  606,0,1,G,3,8,10,15,0,9,6,8,12,49,29,77,127,9,0,14,30,3,24,0,0,0,0,0,0,0,0,0,0,0
G36008100607,1970,1,2,New York,36,Queens,081,,,0607,A,5600,,Tract  607,0,1,G,6,4,11,11,16,15,20,13,23,19,58,61,139,10,0,3,20,11,5,0,10,0,0,10,0,5,5,0,0,0
G36008100608,1970,1,2,New York,36,Queens,081,,,0608,A,5600,,Tract  608,0,1,G,6,5,0,10,16,4,6,21,17,30,78,73,68,25,0,6,11,13,17,0,15,6,16,6,0,0,0,6,0,0
G36008100610,1970,1,2,New York,36,Queens,081,,,0610,A,5600,,Tract  610,0,1,G,0,0,0,5,11,0,5,16,17,17,41,80,67,0,7,0,4,0,9,4,0,0,0,0,0,11,5,0,0,0
G36008100612,1970,1,2,New York,36,Queens,081,,,0612,A,5600,,Tract  612,0,1,G,16,0,5,4,14,9,11,8,34,0,40,46,172,32,0,14,13,0,4,0,0,0,5,5,0,0,0,0,0,0
G36008100613,1970,1,2,New York,36,Queens,081,,,0613,A,5600,,Tract  613,0,1,G,7,6,23,58,29,47,72,47,65,83,174,158,166,18,0,53,80,81,56,38,27,17,17,17,11,9,6,4,0,0
G36008100614,1970,1,2,New York,36,Queens,081,,,0614,A,5600,,Tract  614,0,1,G,0,6,19,5,6,16,0,11,0,14,5,74,132,30,0,0,0,25,0,0,0,10,0,0,12,5,0,0,0,0
G3600810061601,1970,1,2,New York,36,Queens,081,,,061601,A,5600,,Tract  616.01,0,1,G,5,5,6,11,0,0,34,4,17,32,50,103,298,57,0,12,6,0,5,15,4,0,0,0,0,6,0,0,0,0
G3600810061602,1970,1,2,New York,36,Queens,081,,,061602,A,5600,,Tract  616.02,0,1,G,0,0,0,5,6,0,4,16,16,17,53,50,89,21,0,4,10,0,0,0,0,0,0,0,5,0,0,0,0,0
G36008100618,1970,1,2,New York,36,Queens,081,,,0618,A,5600,,Tract  618,0,1,G,5,10,12,40,25,11,24,28,33,14,74,62,114,15,0,37,31,33,32,5,4,5,16,5,11,4,0,0,0,0
G36008100619,1970,1,2,New York,36,Queens,081,,,0619,A,5600,,Tract  619,0,1,G,9,9,15,34,31,34,52,57,60,67,131,114,170,15,5,24,60,18,21,19,11,6,13,6,0,0,0,7,0,0
G36008100620,1970,1,2,New York,36,Queens,081,,,0620,A,5600,,Tract  620,0,1,G,0,0,33,0,4,16,24,7,15,20,63,52,147,38,5,5,5,0,0,0,9,5,0,0,0,0,0,0,0,0
G3600810062101,1970,1,2,New York,36,Queens,081,,,062101,A,5600,,Tract  621.01,0,1,G,14,10,20,27,31,29,29,40,52,114,79,84,108,10,0,5,42,14,26,17,0,10,5,7,5,4,0,6,0,0
G3600810062102,1970,1,2,New York,36,Queens,081,,,062102,A,5600,,Tract  621.02,0,1,G,0,0,5,0,0,19,10,5,10,5,26,42,67,12,0,9,6,16,5,0,4,0,0,0,0,0,0,0,0,0
G36008100623,1970,1,2,New York,36,Queens,081,,,0623,A,5600,,Tract  623,0,1,G,0,21,11,4,29,34,52,25,41,45,87,120,181,23,6,27,61,33,10,25,22,15,12,0,0,3,8,0,0,0
G36008100624,1970,1,2,New York,36,Queens,081,,,0624,A,5600,,Tract  624,0,1,G,0,0,0,0,10,0,26,9,10,0,30,23,41,8,0,16,0,0,5,10,6,0,0,0,0,0,0,0,0,0
G36008100625,1970,1,2,New York,36,Queens,081,,,0625,A,5600,,Tract  625,0,1,G,5,5,33,14,15,19,46,18,28,93,100,161,148,20,5,32,59,11,25,46,24,24,5,0,9,10,0,0,0,0
G36008100626,1970,1,2,New York,36,Queens,081,,,0626,A,5600,,Tract  626,0,1,G,0,10,23,5,39,23,25,24,54,49,84,148,185,13,0,52,18,7,5,10,5,3,12,4,3,5,0,0,0,0
G36008100627,1970,1,2,New York,36,Queens,081,,,0627,A,5600,,Tract  627,0,1,G,11,20,40,53,25,30,33,64,65,49,116,117,216,15,0,4,45,38,55,35,8,13,4,14,4,9,0,3,0,0
G36008100629,1970,1,2,New York,36,Queens,081,,,0629,A,5600,,Tract  629,0,1,G,0,25,30,32,55,31,30,55,59,62,87,175,159,10,0,37,53,41,17,25,24,31,20,12,0,12,7,0,0,0
G36008100630,1970,1,2,New York,36,Queens,081,,,0630,A,5600,,Tract  630,0,1,G,0,0,3,7,8,5,41,5,22,19,81,89,104,23,12,19,12,4,3,0,12,0,7,6,5,5,0,0,0,0
G36008100632,1970,1,2,New York,36,Queens,081,,,0632,A,5600,,Tract  632,0,1,G,9,5,10,0,8,0,20,31,25,15,34,114,230,52,0,11,14,4,8,0,11,0,4,6,0,0,0,0,0,0
G3600810063301,1970,1,2,New York,36,Queens,081,,,063301,A,5600,,Tract  633.01,0,1,G,0,15,9,11,5,28,31,21,5,21,82,90,134,0,0,7,34,25,12,10,15,4,13,0,10,0,4,5,0,0
G3600810063302,1970,1,2,New York,36,Queens,081,,,063302,A,5600,,Tract  633.02,0,1,G,4,8,15,5,22,8,16,12,30,36,110,105,111,17,0,9,34,5,12,5,9,16,9,6,0,4,6,0,0,0
G36008100635,1970,1,2,New York,36,Queens,081,,,0635,A,5600,,Tract  635,0,1,G,6,0,8,23,21,13,29,76,70,53,116,132,201,20,6,44,32,19,44,16,15,32,4,0,8,10,0,4,0,0
G36008100637,1970,1,2,New York,36,Queens,081,,,0637,A,5600,,Tract  637,0,1,G,3,9,5,29,45,19,39,40,47,60,153,186,241,29,0,31,45,35,14,30,29,42,13,4,4,18,0,0,0,0
G36008100638,1970,1,2,New York,36,Queens,081,,,0638,A,5600,,Tract  638,0,1,G,11,28,13,13,15,9,36,40,52,67,171,144,202,22,0,19,34,10,13,10,9,12,0,0,0,10,0,0,0,0
G36008100639,1970,1,2,New York,36,Queens,081,,,0639,A,5600,,Tract  639,0,1,G,0,11,15,16,28,21,42,64,67,82,116,141,251,37,0,20,56,27,5,12,0,15,0,5,7,23,15,8,0,0
G3600810064101,1970,1,2,New York,36,Queens,081,,,064101,A,5600,,Tract  641.01,0,1,G,12,11,22,35,21,28,16,31,36,22,100,93,209,45,10,19,10,34,12,5,6,12,12,12,0,0,0,0,0,0
G36008100645,1970,1,2,New York,36,Queens,081,,,0645,A,5600,,Tract  645,0,1,G,5,0,34,20,15,24,14,39,43,19,46,74,103,30,0,12,19,10,7,15,9,10,5,0,12,4,0,11,0,0
G36008100646,1970,1,2,New York,36,Queens,081,,,0646,A,5600,,Tract  646,0,1,G,0,9,36,5,5,9,47,31,55,26,119,137,190,97,10,37,43,24,5,9,5,6,14,0,0,6,0,0,0,0
G36008100650,1970,1,2,New York,36,Queens,081,,,0650,A,5600,,Tract  650,0,1,G,22,10,27,4,14,17,45,25,43,45,72,95,262,125,13,22,23,0,22,14,0,0,0,6,12,0,0,8,0,0
G36008100654,1970,1,2,New York,36,Queens,081,,,0654,A,5600,,Tract  654,0,1,G,5,10,0,6,19,5,32,36,11,51,147,118,127,27,5,18,22,14,5,0,0,10,0,10,12,0,0,0,0,0
G36008100655,1970,1,2,New York,36,Queens,081,,,0655,A,5600,,Tract  655,0,1,G,6,5,4,0,8,14,0,6,16,15,35,36,54,6,12,0,25,34,6,0,10,6,0,5,0,0,0,6,0,0
G36008100656,1970,1,2,New York,36,Queens,081,,,0656,A,5600,,Tract  656,0,1,G,10,11,8,21,4,23,16,39,46,83,165,216,279,37,5,21,45,10,10,3,13,9,4,12,0,3,8,0,0,0
G3600810065701,1970,1,2,New York,36,Queens,081,,,065701,A,5600,,Tract  657.01,0,1,G,11,5,24,5,30,17,16,34,27,43,70,152,161,19,0,26,30,30,17,16,0,6,6,0,6,0,14,0,0,0
G3600810065702,1970,1,2,New York,36,Queens,081,,,065702,A,5600,,Tract  657.02,0,1,G,0,0,5,0,21,28,29,41,42,34,63,60,71,13,0,14,22,0,4,6,12,14,0,0,0,0,0,0,0,0
G36008100659,1970,1,2,New York,36,Queens,081,,,0659,A,5600,,Tract  659,0,1,G,7,5,6,16,9,0,19,24,25,53,81,90,151,28,13,5,30,23,0,11,11,15,17,0,6,0,5,0,0,0
G36008100660,1970,1,2,New York,36,Queens,081,,,0660,A,5600,,Tract  660,0,1,G,0,6,0,10,13,31,46,45,25,41,136,171,182,54,0,6,20,0,0,0,5,0,0,0,0,0,4,0,0,0
G36008100661,1970,1,2,New York,36,Queens,081,,,0661,A,5600,,Tract  661,0,1,G,15,0,0,9,8,4,11,17,32,58,69,124,205,29,7,4,3,0,9,5,3,6,0,20,3,10,0,0,0,0
G36008100663,1970,1,2,New York,36,Queens,081,,,0663,A,5600,,Tract  663,0,1,G,20,29,20,20,4,26,28,42,36,26,128,148,232,82,5,27,32,44,4,0,16,0,10,5,0,5,5,0,0,0
G36008100664,1970,1,2,New York,36,Queens,081,,,0664,A,5600,,Tract  664,0,1,G,18,22,11,24,27,25,98,98,141,106,370,489,710,78,5,20,48,10,19,4,10,8,0,22,9,4,0,0,0,5
G36008100665,1970,1,2,New York,36,Queens,081,,,0665,A,5600,,Tract  665,0,1,G,13,15,27,7,10,36,37,62,53,30,144,173,307,58,0,0,42,21,10,10,0,13,0,5,5,0,0,0,0,0
G36008100667,1970,1,2,New York,36,Queens,081,,,0667,A,5600,,Tract  667,0,1,G,25,15,27,17,4,19,18,27,45,69,72,129,207,10,0,16,23,24,0,6,10,12,5,6,0,5,5,0,0,0
G36008100669,1970,1,2,New York,36,Queens,081,,,0669,A,5600,,Tract  669,0,1,G,6,4,20,18,13,8,14,18,25,52,133,154,177,14,0,0,0,10,15,6,0,5,0,0,0,10,0,5,0,0
G3600810067101,1970,1,2,New York,36,Queens,081,,,067101,A,5600,,Tract  671.01,0,1,G,5,7,0,20,0,18,17,12,41,22,92,69,101,28,0,10,20,10,4,10,7,0,0,0,0,4,0,0,0,0
G3600810067102,1970,1,2,New York,36,Queens,081,,,067102,A,5600,,Tract  671.02,0,1,G,4,0,6,18,17,17,11,10,16,11,63,56,55,48,0,10,11,5,15,9,17,4,0,10,0,7,0,0,0,0
G36008100677,1970,1,2,New York,36,Queens,081,,,0677,A,5600,,Tract  677,0,1,G,5,6,17,6,15,16,6,21,41,42,61,76,167,42,56,10,35,26,21,0,11,15,9,0,0,9,0,0,0,0
G36008100679,1970,1,2,New York,36,Queens,081,,,0679,A,5600,,Tract  679,0,1,G,14,35,32,44,29,46,50,63,70,51,138,177,302,59,10,43,108,51,40,70,45,33,25,48,41,24,31,5,0,0
G36008100680,1970,1,2,New York,36,Queens,081,,,0680,A,5600,,Tract  680,0,1,G,7,6,49,6,6,42,45,76,94,37,185,216,262,48,0,0,7,9,0,4,7,0,0,0,0,0,0,0,0,0
G36008100682,1970,1,2,New York,36,Queens,081,,,0682,A,5600,,Tract  682,0,1,G,5,0,5,4,17,19,14,33,12,20,38,52,84,12,0,4,4,0,0,0,4,4,0,3,5,0,0,0,0,0
G36008100683,1970,1,2,New York,36,Queens,081,,,0683,A,5600,,Tract  683,0,1,G,16,25,5,30,40,6,49,31,65,65,183,195,404,118,0,27,69,37,56,38,67,86,33,29,9,50,31,10,0,0
G36008100687,1970,1,2,New York,36,Queens,081,,,0687,A,5600,,Tract  687,0,1,G,18,25,53,23,47,41,49,81,83,70,168,150,281,67,14,105,107,46,110,36,76,55,47,34,41,70,27,16,0,0
G36008100690,1970,1,2,New York,36,Queens,081,,,0690,A,5600,,Tract  690,0,1,G,13,5,12,19,42,8,26,36,36,59,101,92,209,6,0,22,5,5,10,11,8,4,0,3,0,3,0,0,0,0
G36008100693,1970,1,2,New York,36,Queens,081,,,0693,A,5600,,Tract  693,0,1,G,15,23,41,38,20,35,51,29,52,59,146,130,280,80,0,21,47,32,111,29,34,77,26,26,10,18,15,4,0,0
G36008100694,1970,1,2,New York,36,Queens,081,,,0694,A,5600,,Tract  694,0,1,G,5,4,11,19,12,39,19,36,52,40,55,171,197,12,0,4,12,0,0,9,5,5,12,5,0,0,0,0,0,0
G36008100695,1970,1,2,New York,36,Queens,081,,,0695,A,5600,,Tract  695,0,1,G,4,12,10,8,5,5,26,28,25,20,54,91,190,63,10,22,29,34,39,25,32,18,6,0,19,10,18,5,6,0
G3600810069701,1970,1,2,New York,36,Queens,081,,,069701,A,5600,,Tract  697.01,0,1,G,9,11,10,34,20,48,63,51,32,44,176,220,367,92,5,30,56,32,29,46,80,36,42,59,39,41,41,0,0,0
G3600810069702,1970,1,2,New York,36,Queens,081,,,069702,A,5600,,Tract  697.02,0,1,G,15,12,26,13,18,47,60,27,85,59,154,268,431,233,24,51,70,32,40,31,43,51,49,38,39,38,13,17,5,0
G36008100703,1970,1,2,New York,36,Queens,081,,,0703,A,5600,,Tract  703,0,1,G,9,4,31,26,23,28,22,21,41,42,76,147,258,55,8,15,16,9,32,4,32,12,17,12,20,22,40,15,0,0
G36008100707,1970,1,2,New York,36,Queens,081,,,0707,A,5600,,Tract  707,0,1,G,9,4,6,0,6,6,27,10,14,22,64,105,236,94,11,46,21,13,0,0,11,4,11,5,5,5,11,5,0,0
G36008100709,1970,1,2,New York,36,Queens,081,,,0709,A,5600,,Tract  709,0,1,G,0,0,6,11,13,44,43,33,27,42,55,103,198,92,4,14,5,11,5,0,5,28,5,5,0,31,17,0,0,0
G36008100711,1970,1,2,New York,36,Queens,081,,,0711,A,5600,,Tract  711,0,1,G,12,27,24,22,27,37,56,48,69,82,283,292,527,275,23,46,80,98,44,72,75,57,31,45,27,89,72,53,15,0
G3600810071301,1970,1,2,New York,36,Queens,081,,,071301,A,5600,,Tract  713.01,0,1,G,17,34,100,112,91,174,139,198,226,269,515,645,1496,457,49,117,173,112,154,95,149,197,141,119,122,188,90,66,0,0
G3600810071302,1970,1,2,New York,36,Queens,081,,,071302,A,5600,,Tract  713.02,0,1,G,57,71,87,76,101,103,97,148,157,171,507,518,1078,386,88,134,171,93,106,61,131,109,129,101,107,172,153,52,23,0
G36008100717,1970,1,2,New York,36,Queens,081,,,0717,A,5600,,Tract  717,0,1,G,42,26,93,68,48,64,114,86,127,141,319,520,1004,272,46,92,110,99,72,113,107,125,109,123,67,105,51,71,21,0
G36008100719,1970,1,2,New York,36,Queens,081,,,0719,A,5600,,Tract  719,0,1,G,6,5,11,9,21,21,40,37,36,21,151,103,190,41,4,26,12,20,12,7,17,26,54,22,6,16,15,14,0,0
G36008100721,1970,1,2,New York,36,Queens,081,,,0721,A,5600,,Tract  721,0,1,G,44,15,27,35,36,49,48,82,87,114,208,327,592,180,30,35,58,42,28,40,33,20,72,42,0,43,25,37,0,0
G36008100725,1970,1,2,New York,36,Queens,081,,,0725,A,5600,,Tract  725,0,1,G,3,0,5,0,0,9,0,0,0,0,0,0,8,3,0,0,4,0,0,0,0,10,4,0,4,0,0,0,0,0
G36008100727,1970,1,2,New York,36,Queens,081,,,0727,A,5600,,Tract  727,0,1,G,0,0,6,0,0,11,0,12,0,4,16,25,80,51,36,0,0,9,0,10,10,4,0,5,0,13,4,7,0,0
G36008100729,1970,1,2,New York,36,Queens,081,,,0729,A,5600,,Tract  729,0,1,G,24,4,11,20,6,20,28,6,15,12,59,79,125,55,4,13,17,0,8,5,4,11,0,18,0,5,0,5,0,0
G36008100731,1970,1,2,New York,36,Queens,081,,,0731,A,5600,,Tract  731,0,1,G,0,14,7,13,5,0,19,65,22,26,63,40,138,54,8,12,24,0,7,0,21,0,8,15,6,6,7,0,13,0
G36008100733,1970,1,2,New York,36,Queens,081,,,0733,A,5600,,Tract  733,0,1,G,0,0,11,0,0,0,0,12,20,12,14,16,54,118,27,0,13,0,22,12,12,0,0,0,0,12,13,9,14,0
G36008100735,1970,1,2,New York,36,Queens,081,,,0735,A,5600,,Tract  735,0,1,G,0,0,0,0,0,18,0,0,0,10,17,30,63,50,17,0,5,0,7,12,8,0,0,17,0,0,6,0,0,0
G36008100737,1970,1,2,New York,36,Queens,081,,,0737,A,5600,,Tract  737,0,1,G,5,4,5,17,9,36,25,16,37,0,65,64,74,47,35,78,80,37,18,22,38,36,44,23,37,46,22,50,11,0
G36008100739,1970,1,2,New York,36,Queens,081,,,0739,A,5600,,Tract  739,0,1,G,21,29,15,48,33,42,65,40,60,61,137,221,559,329,93,85,138,77,62,76,73,57,100,48,37,65,51,71,16,0
G36008100741,1970,1,2,New York,36,Queens,081,,,0741,A,5600,,Tract  741,0,1,G,30,0,39,5,23,25,60,33,72,76,116,250,430,192,45,46,43,27,35,22,45,35,59,26,8,58,10,16,23,4
G36008100743,1970,1,2,New York,36,Queens,081,,,0743,A,5600,,Tract  743,0,1,G,17,17,48,10,32,10,96,109,164,99,172,198,347,102,0,77,30,26,31,26,24,22,31,25,23,34,17,11,0,0
G36008100745,1970,1,2,New York,36,Queens,081,,,0745,A,5600,,Tract  745,0,1,G,9,5,15,19,35,31,45,47,58,59,133,147,206,63,0,57,27,19,20,31,47,22,9,21,16,32,5,15,0,0
G36008100747,1970,1,2,New York,36,Queens,081,,,0747,A,5600,,Tract  747,0,1,G,10,22,18,48,24,64,21,34,74,63,206,241,410,85,16,39,40,4,15,5,10,22,25,31,25,14,25,8,4,6
G36008100757,1970,1,2,New York,36,Queens,081,,,0757,A,5600,,Tract  757,0,1,G,47,24,50,32,45,74,98,93,50,79,218,285,985,592,124,77,208,146,152,139,94,151,155,99,72,161,102,141,22,0
G36008100766,1970,1,2,New York,36,Queens,081,,,0766,A,5600,,Tract  766,0,1,G,10,4,19,6,5,8,17,26,35,9,28,8,43,0,0,0,2,23,6,11,0,6,0,0,0,0,0,0,0,0
G36008100768,1970,1,2,New York,36,Queens,081,,,0768,A,5600,,Tract  768,0,1,G,11,0,0,4,0,17,5,3,25,9,3,22,21,0,0,4,6,0,0,7,0,3,0,0,5,0,0,0,0,0
G3600810076901,1970,1,2,New York,36,Queens,081,,,076901,A,5600,,Tract  769.01,0,1,G,21,6,14,23,62,22,27,63,73,102,101,163,364,89,11,97,87,47,74,33,55,42,39,59,40,38,30,27,11,0
G3600810076902,1970,1,2,New York,36,Queens,081,,,076902,A,5600,,Tract  769.02,0,1,G,12,0,11,12,10,15,33,28,30,15,45,70,144,52,6,60,14,24,10,0,5,24,19,10,24,18,5,17,10,0
G36008100771,1970,1,2,New York,36,Queens,081,,,0771,A,5600,,Tract  771,0,1,G,0,0,0,0,0,4,0,0,7,0,7,21,63,54,16,0,13,5,0,5,0,10,0,12,12,5,0,12,0,0
G36008100773,1970,1,2,New York,36,Queens,081,,,0773,A,5600,,Tract  773,0,1,G,0,4,0,4,0,22,13,14,33,13,20,35,57,71,0,33,53,37,10,19,24,22,24,17,16,17,13,4,0,0
G36008100775,1970,1,2,New York,36,Queens,081,,,0775,A,5600,,Tract  775,0,1,G,13,0,35,16,24,13,30,43,31,37,95,95,238,83,34,70,75,63,68,62,22,75,12,35,18,64,7,22,0,0
G3600810077901,1970,1,2,New York,36,Queens,081,,,077901,A,5600,,Tract  779.01,0,1,G,138,55,96,100,74,127,133,156,211,130,488,474,619,143,9,126,90,70,66,60,22,26,47,13,27,23,13,14,6,0
G3600810077902,1970,1,2,New York,36,Queens,081,,,077902,A,5600,,Tract  779.02,0,1,G,0,25,13,16,41,67,50,44,106,104,225,322,487,187,51,50,21,0,12,10,5,24,18,7,0,12,6,0,0,0
G3600810077903,1970,1,2,New York,36,Queens,081,,,077903,A,5600,,Tract  779.03,0,1,G,15,10,21,19,0,26,31,93,59,30,101,150,254,66,19,35,73,27,19,17,13,16,49,5,4,22,5,15,0,0
G3600810077904,1970,1,2,New York,36,Queens,081,,,077904,A,5600,,Tract  779.04,0,1,G,44,17,29,42,38,60,32,74,66,94,222,320,519,196,20,34,74,18,23,39,4,17,25,18,20,45,7,13,0,0
G3600810077905,1970,1,2,New York,36,Queens,081,,,077905,A,5600,,Tract  779.05,0,1,G,6,19,4,6,5,5,15,30,10,23,51,83,217,119,15,0,13,4,5,6,5,12,9,6,5,20,23,5,0,5
G36008100788,1970,1,2,New York,36,Queens,081,,,0788,A,5600,,Tract  788,0,1,G,13,23,30,21,17,27,24,38,60,20,63,59,52,3,0,21,13,11,6,13,4,0,8,0,3,0,0,0,0,0
G36008100790,1970,1,2,New York,36,Queens,081,,,0790,A,5600,,Tract  790,0,1,G,19,9,18,10,21,48,18,34,49,48,71,58,92,26,0,36,22,4,17,6,14,24,32,12,6,4,0,0,0,0
G36008100792,1970,1,2,New York,36,Queens,081,,,0792,A,5600,,Tract  792,0,1,G,6,5,16,21,10,29,24,40,19,30,73,106,139,15,0,0,11,8,33,13,0,4,13,0,4,0,0,0,0,0
G36008100797,1970,1,2,New York,36,Queens,081,,,0797,A,5600,,Tract  797,0,1,G,16,31,24,64,35,95,49,90,79,147,328,571,1007,235,35,97,76,89,23,76,39,44,106,54,33,175,76,55,23,0
G36008100799,1970,1,2,New York,36,Queens,081,,,0799,A,5600,,Tract  799,0,1,G,0,10,17,23,16,6,24,46,41,45,133,130,183,30,14,25,11,26,30,8,5,11,9,12,14,0,6,11,11,0
G3600810080301,1970,1,2,New York,36,Queens,081,,,080301,A,5600,,Tract  803.01,0,1,G,10,13,15,18,29,39,45,47,51,62,150,101,202,19,6,25,34,13,3,18,16,3,5,15,0,12,9,5,0,0
G3600810080302,1970,1,2,New York,36,Queens,081,,,080302,A,5600,,Tract  803.02,0,1,G,9,20,9,20,14,6,39,24,50,45,133,115,278,81,0,12,6,6,11,9,13,0,0,0,5,10,0,0,0,0
G36008100809,1970,1,2,New York,36,Queens,081,,,0809,A,5600,,Tract  809,0,1,G,32,30,35,44,52,89,78,138,134,175,461,419,630,176,16,17,39,34,27,18,34,33,5,33,26,0,6,0,0,0
G36008100814,1970,1,2,New York,36,Queens,081,,,0814,A,5600,,Tract  814,0,1,G,26,19,50,35,45,35,45,36,42,69,89,129,142,25,0,20,18,24,16,16,16,24,27,0,0,4,4,0,0,0
G36008100818,1970,1,2,New York,36,Queens,081,,,0818,A,5600,,Tract  818,0,1,G,12,10,12,13,27,56,43,49,99,66,97,189,119,18,0,54,41,13,4,5,11,11,13,4,4,0,4,0,0,0
G36008100837,1970,1,2,New York,36,Queens,081,,,0837,A,5600,,Tract  837,0,1,G,5,9,21,23,8,54,66,38,59,94,188,276,317,153,4,11,43,37,9,14,27,0,4,7,7,0,8,0,0,0
G36008100838,1970,1,2,New York,36,Queens,081,,,0838,A,5600,,Tract  838,0,1,G,13,4,46,15,34,43,46,123,40,88,200,217,266,39,0,23,34,17,6,12,19,18,5,17,0,10,0,13,0,0
G36008100840,1970,1,2,New York,36,Queens,081,,,0840,A,5600,,Tract  840,0,1,G,36,47,30,75,39,38,73,98,51,62,253,242,250,51,19,26,55,74,40,6,16,0,16,5,7,6,6,5,0,15
G36008100845,1970,1,2,New York,36,Queens,081,,,0845,A,5600,,Tract  845,0,1,G,17,4,12,15,26,36,37,32,80,61,145,202,322,78,0,29,35,30,17,16,9,34,20,11,15,5,5,13,0,0
G3600810084601,1970,1,2,New York,36,Queens,081,,,084601,A,5600,,Tract  846.01,0,1,G,9,17,5,33,8,26,70,24,65,66,68,135,170,42,0,16,0,0,0,5,9,5,9,0,0,0,0,0,0,0
G3600810084602,1970,1,2,New York,36,Queens,081,,,084602,A,5600,,Tract  846.02,0,1,G,0,0,6,0,0,0,4,0,28,0,37,35,33,0,0,9,0,0,12,0,0,0,0,0,0,0,0,0,0,0
G36008100851,1970,1,2,New York,36,Queens,081,,,0851,A,5600,,Tract  851,0,1,G,30,24,27,54,20,53,81,65,100,94,188,255,236,50,5,108,82,48,83,28,55,68,44,30,21,10,39,18,0,0
G36008100853,1970,1,2,New York,36,Queens,081,,,0853,A,5600,,Tract  853,0,1,G,34,16,19,24,50,55,13,43,49,56,122,153,367,89,16,32,78,54,24,9,49,35,56,30,23,22,16,12,0,5
G36008100855,1970,1,2,New York,36,Queens,081,,,0855,A,5600,,Tract  855,0,1,G,52,6,35,42,33,42,46,107,112,102,186,281,563,78,28,55,59,80,67,91,73,103,77,58,43,47,26,29,0,0
G36008100857,1970,1,2,New York,36,Queens,081,,,0857,A,5600,,Tract  857,0,1,G,6,25,52,49,54,51,87,54,99,85,127,221,206,41,0,79,88,65,36,55,50,34,83,74,0,22,15,19,0,0
G36008100859,1970,1,2,New York,36,Queens,081,,,0859,A,5600,,Tract  859,0,1,G,22,18,23,49,40,22,34,80,78,80,109,202,411,95,21,26,61,31,77,88,42,26,37,33,15,17,9,10,8,0
G36008100861,1970,1,2,New York,36,Queens,081,,,0861,A,5600,,Tract  861,0,1,G,0,21,3,42,16,43,44,37,54,44,89,82,157,17,0,101,38,19,11,19,13,0,19,5,17,13,10,7,0,0
G36008100863,1970,1,2,New York,36,Queens,081,,,0863,A,5600,,Tract  863,0,1,G,39,22,24,31,64,62,22,83,100,98,199,275,400,42,0,51,65,24,56,54,74,79,117,41,37,64,21,8,0,0
G36008100864,1970,1,2,New York,36,Queens,081,,,0864,A,5600,,Tract  864,0,1,G,9,18,16,27,14,17,13,39,38,88,123,118,94,20,0,0,8,7,22,5,12,0,0,0,9,4,0,0,0,0
G36008100865,1970,1,2,New York,36,Queens,081,,,0865,A,5600,,Tract  865,0,1,G,18,13,0,26,4,34,30,33,14,70,114,109,153,52,47,31,88,69,23,48,42,49,29,18,40,36,52,27,0,0
G36008100867,1970,1,2,New York,36,Queens,081,,,0867,A,5600,,Tract  867,0,1,G,13,0,0,12,4,4,7,14,12,27,12,5,0,0,0,7,7,0,9,0,9,0,0,0,0,0,0,0,0,0
G36008100871,1970,1,2,New York,36,Queens,081,,,0871,A,5600,,Tract  871,0,1,G,25,19,15,32,34,32,42,44,42,31,48,53,40,0,5,22,23,24,6,0,7,9,0,0,6,6,0,0,0,0
G36008100875,1970,1,2,New York,36,Queens,081,,,0875,A,5600,,Tract  875,0,1,G,3,4,0,7,19,7,6,4,12,19,29,26,12,0,0,0,14,9,0,0,10,6,0,5,5,0,12,0,6,0
G36008100878,1970,1,2,New York,36,Queens,081,,,0878,A,5600,,Tract  878,0,1,G,0,0,0,12,0,11,4,22,12,0,40,16,49,8,0,0,4,0,4,0,0,4,0,5,5,0,5,5,0,0
G36008100884,1970,1,2,New York,36,Queens,081,,,0884,A,5600,,Tract  884,0,1,G,19,35,38,36,55,75,115,136,139,162,441,391,565,104,0,39,47,22,30,9,14,18,6,27,4,13,9,13,0,0
G36008100889,1970,1,2,New York,36,Queens,081,,,0889,A,5600,,Tract  889,0,1,G,34,44,89,88,52,140,115,156,113,115,451,431,886,190,28,76,79,84,49,54,31,39,21,15,9,16,27,16,6,0
G36008100892,1970,1,2,New York,36,Queens,081,,,0892,A,5600,,Tract  892,0,1,G,25,34,15,9,36,29,34,56,94,124,318,490,770,308,62,74,27,3,6,0,4,22,25,0,0,31,0,0,0,0
G36008100907,1970,1,2,New York,36,Queens,081,,,0907,A,5600,,Tract  907,0,1,G,0,0,0,4,4,10,22,11,11,31,61,79,64,15,0,4,18,9,12,0,4,0,7,4,0,0,0,0,0,0
G3600810091601,1970,1,2,New York,36,Queens,081,,,091601,A,5600,,Tract  916.01,0,1,G,5,14,5,10,15,16,65,19,30,47,118,89,134,27,5,5,35,27,22,14,16,5,0,5,5,5,10,11,0,0
G3600810091602,1970,1,2,New York,36,Queens,081,,,091602,A,5600,,Tract  916.02,0,1,G,0,0,0,0,0,5,0,0,4,0,0,0,0,0,0,9,10,25,10,0,0,5,0,0,0,0,0,0,0,0
G3600810091699,1970,1,2,New York,36,Queens,081,,,091699,A,5600,,Tract  916.99,0,1,G,-1,,,,,,,,,,,,,,,-1,,,,,,,,,,,,,,
G36008100918,1970,1,2,New York,36,Queens,081,,,0918,A,5600,,Tract  918,0,1,G,0,0,0,0,0,0,0,0,0,0,0,0,9,0,0,0,0,0,0,0,0,0,0,0,0,0,0,0,0,0
G36008100919,1970,1,2,New York,36,Queens,081,,,0919,A,5600,,Tract  919,0,1,G,17,5,13,14,15,59,26,55,45,115,183,229,202,14,0,36,19,31,19,20,27,10,10,11,31,4,8,0,0,0
G36008100922,1970,1,2,New York,36,Queens,081,,,0922,A,5600,,Tract  922,0,1,G,5,11,15,5,5,25,14,8,9,56,39,60,149,181,93,37,0,20,21,4,10,4,5,0,0,5,0,0,14,0
G36008100925,1970,1,2,New York,36,Queens,081,,,0925,A,5600,,Tract  925,0,1,G,5,19,41,26,10,38,68,43,72,64,142,105,140,4,5,40,81,28,45,29,44,0,5,0,9,17,0,16,0,0
G36008100928,1970,1,2,New York,36,Queens,081,,,0928,A,5600,,Tract  928,0,1,G,16,11,0,7,39,29,23,34,36,43,103,127,279,298,97,60,48,13,0,12,6,11,0,5,0,20,18,12,0,0
G36008100929,1970,1,2,New York,36,Queens,081,,,0929,A,5600,,Tract  929,0,1,G,25,21,39,42,17,56,100,97,107,96,215,200,337,37,5,40,57,27,10,17,30,25,10,6,15,10,15,0,0,0
G36008100934,1970,1,2,New York,36,Queens,081,,,0934,A,5600,,Tract  934,0,1,G,34,42,106,70,78,83,81,99,106,102,241,351,498,196,11,211,304,209,102,23,57,28,51,15,30,55,48,17,0,0
G36008100938,1970,1,2,New York,36,Queens,081,,,0938,A,5600,,Tract  938,0,1,G,14,14,17,52,64,59,41,70,77,81,204,184,318,65,0,101,68,49,51,43,90,68,42,19,10,17,13,22,0,4
G36008100939,1970,1,2,New York,36,Queens,081,,,0939,A,5600,,Tract  939,0,1,G,7,5,15,7,43,46,42,48,48,79,204,156,169,37,13,19,24,33,17,5,7,7,11,0,10,6,0,5,0,0
G3600810094201,1970,1,2,New York,36,Queens,081,,,094201,A,5600,,Tract  942.01,0,1,G,14,35,39,21,20,51,30,35,26,44,71,106,47,6,0,36,77,73,33,29,10,0,4,31,13,14,0,4,0,0
G3600810094202,1970,1,2,New York,36,Queens,081,,,094202,A,5600,,Tract  942.02,0,1,G,33,56,90,65,67,63,82,79,60,71,62,62,102,20,0,31,63,27,66,6,31,9,6,5,6,0,0,0,0,0
G3600810094203,1970,1,2,New York,36,Queens,081,,,094203,A,5600,,Tract  942.03,0,1,G,33,57,89,89,116,70,90,141,189,132,241,280,281,51,0,136,127,81,39,20,21,10,15,14,10,12,0,0,12,0
G36008100945,1970,1,2,New York,36,Queens,081,,,0945,A,5600,,Tract  945,0,1,G,14,5,27,18,24,11,37,20,46,64,102,83,269,86,54,22,31,11,7,17,3,0,0,8,0,11,5,0,0,0
G36008100947,1970,1,2,New York,36,Queens,081,,,0947,A,5600,,Tract  947,0,1,G,9,4,17,23,11,22,42,33,27,49,69,166,97,9,0,31,42,61,14,0,7,14,0,9,0,6,0,0,0,0
G36008100952,1970,1,2,New York,36,Queens,081,,,0952,A,5600,,Tract  952,0,1,G,16,11,36,25,38,51,38,24,25,12,39,72,32,9,0,42,40,55,0,12,0,11,0,5,0,6,5,0,0,0
G36008100962,1970,1,2,New York,36,Queens,081,,,0962,A,5600,,Tract  962,0,1,G,16,31,22,24,23,30,38,55,86,92,110,163,165,25,0,28,34,30,40,11,17,6,6,10,4,0,0,8,0,0
G36008100964,1970,1,2,New York,36,Queens,081,,,0964,A,5600,,Tract  964,0,1,G,13,26,34,37,63,37,97,26,66,71,134,173,221,16,0,26,31,17,16,10,16,16,0,7,0,0,0,3,0,0
G36008100972,1970,1,2,New York,36,Queens,081,,,0972,A,5600,,Tract  972,0,1,G,60,100,100,171,108,109,148,208,201,209,408,287,293,34,0,67,153,52,34,23,6,7,3,6,31,13,0,0,0,0
G36008100973,1970,1,2,New York,36,Queens,081,,,0973,A,5600,,Tract  973,0,1,G,0,0,5,12,9,19,20,22,9,18,93,93,265,75,14,6,18,23,6,11,14,7,0,0,0,11,6,0,0,0
G36008100981,1970,1,2,New York,36,Queens,081,,,0981,A,5600,,Tract  981,0,1,G,23,0,9,24,19,26,23,25,30,45,73,86,125,45,16,17,6,31,0,7,4,0,22,0,21,4,0,0,8,0
G36008100987,1970,1,2,New York,36,Queens,081,,,0987,A,5600,,Tract  987,0,1,G,8,5,6,20,21,13,25,31,38,47,99,201,211,19,0,56,35,15,7,15,8,5,22,4,0,0,8,9,0,0
G36008100991,1970,1,2,New York,36,Queens,081,,,0991,A,5600,,Tract  991,0,1,G,53,25,13,13,22,33,63,96,71,60,265,274,918,455,68,29,41,35,8,19,30,29,24,32,9,35,19,51,5,4
G36008100992,1970,1,2,New York,36,Queens,081,,,0992,A,5600,,Tract  992,0,1,G,72,13,22,46,21,64,28,13,40,40,72,104,251,84,0,36,52,19,19,20,19,13,0,4,5,9,5,0,0,0
G3600810099701,1970,1,2,New York,36,Queens,081,,,099701,A,5600,,Tract  997.01,0,1,G,0,6,20,8,18,26,27,46,25,52,132,220,435,86,12,20,18,5,11,11,24,16,11,0,5,0,7,6,0,0
G3600810099702,1970,1,2,New York,36,Queens,081,,,099702,A,5600,,Tract  997.02,0,1,G,11,13,20,40,39,31,93,61,67,88,343,426,1236,600,97,19,33,26,24,4,9,0,17,24,9,60,54,37,10,5
G36008100998,1970,1,2,New York,36,Queens,081,,,0998,A,5600,,Tract  998,0,1,G,79,100,168,159,116,128,174,171,176,170,335,447,617,156,11,333,436,170,54,71,55,20,27,11,27,23,6,0,0,0
G36008100999,1970,1,2,New York,36,Queens,081,,,0999,A,5600,,Tract  999,0,1,G,0,0,0,0,17,5,5,28,10,26,43,36,13,4,0,4,5,17,4,4,0,0,0,9,0,0,0,9,0,0
G36008101008,1970,1,2,New York,36,Queens,081,,,1008,A,5600,,Tract 1008,0,1,G,30,54,89,36,56,118,92,123,201,149,318,511,757,322,30,82,110,81,44,57,67,41,33,55,11,17,18,8,0,0
G36008101010,1970,1,2,New York,36,Queens,081,,,1010,A,5600,,Tract 1010,0,1,G,56,33,91,126,78,95,68,99,79,115,287,298,426,130,21,118,139,109,89,89,24,44,48,21,12,30,18,5,0,0
G36008101017,1970,1,2,New York,36,Queens,081,,,1017,A,5600,,Tract 1017,0,1,G,5,14,20,41,38,61,97,67,137,97,274,372,762,182,30,8,44,26,12,12,9,9,9,5,9,0,0,10,0,0
G36008101029,1970,1,2,New York,36,Queens,081,,,1029,A,5600,,Tract 1029,0,1,G,0,10,5,15,10,10,31,37,26,42,90,108,153,59,16,10,46,9,10,8,0,8,0,8,0,0,4,0,0,0
G36008101032,1970,1,2,New York,36,Queens,081,,,1032,A,5600,,Tract 1032,0,1,G,169,51,104,151,136,167,189,168,209,233,282,349,495,96,22,156,155,46,51,38,72,41,28,35,19,22,19,15,0,0
G36008101033,1970,1,2,New York,36,Queens,081,,,1033,A,5600,,Tract 1033,0,1,G,0,10,12,33,25,33,25,68,52,86,205,177,413,77,19,15,5,9,13,4,13,27,0,8,5,5,5,4,0,4
G36008101039,1970,1,2,New York,36,Queens,081,,,1039,A,5600,,Tract 1039,0,1,G,14,21,36,36,44,64,79,40,101,66,259,235,412,120,4,10,57,29,7,21,5,24,30,22,0,0,0,0,0,0
G36008101047,1970,1,2,New York,36,Queens,081,,,1047,A,5600,,Tract 1047,0,1,G,29,40,54,34,53,46,57,93,132,123,284,317,784,174,28,37,49,68,23,12,27,25,45,17,0,5,12,13,0,0
G36008101059,1970,1,2,New York,36,Queens,081,,,1059,A,5600,,Tract 1059,0,1,G,10,10,24,14,5,25,41,21,41,29,118,186,402,119,70,14,47,6,0,0,0,0,5,0,5,4,5,0,0,0
G3600810107201,1970,1,2,New York,36,Queens,081,,,107201,A,5600,,Tract 1072.01,0,1,G,0,9,37,26,23,37,37,28,63,54,121,112,154,28,0,32,57,18,35,10,5,9,10,0,5,0,5,4,0,0
G3600810108101,1970,1,2,New York,36,Queens,081,,,108101,A,5600,,Tract 1081.01,0,1,G,0,0,0,5,0,4,9,13,17,5,47,26,122,12,4,0,4,0,0,0,0,5,0,0,0,6,0,0,0,0
G3600810108102,1970,1,2,New York,36,Queens,081,,,108102,A,5600,,Tract 1081.02,0,1,G,0,0,0,0,0,0,4,14,0,6,9,19,169,108,9,0,7,0,0,7,0,0,0,0,0,0,0,0,0,0
G36008101083,1970,1,2,New York,36,Queens,081,,,1083,A,5600,,Tract 1083,0,1,G,7,17,0,22,19,21,20,15,49,29,90,95,130,36,8,18,6,12,10,13,5,6,0,0,5,0,6,0,0,0
G36008101091,1970,1,2,New York,36,Queens,081,,,1091,A,5600,,Tract 1091,0,1,G,6,4,0,5,3,3,10,16,14,13,58,70,180,111,36,27,13,0,18,4,0,8,9,13,0,0,0,13,0,0
G36008101097,1970,1,2,New York,36,Queens,081,,,1097,A,5600,,Tract 1097,0,1,G,17,9,0,13,30,10,18,15,14,35,73,74,206,65,25,24,4,30,15,10,0,12,10,0,15,0,9,7,0,0
G36008101099,1970,1,2,New York,36,Queens,081,,,1099,A,5600,,Tract 1099,0,1,G,20,27,21,17,26,32,70,38,67,52,157,211,184,43,0,53,70,26,9,9,24,17,5,0,0,14,0,4,0,0
G36008101113,1970,1,2,New York,36,Queens,081,,,1113,A,5600,,Tract 1113,0,1,G,0,8,8,15,4,24,26,25,10,34,74,99,256,84,17,8,38,31,12,0,9,0,0,0,7,17,0,0,0,0
G36008101123,1970,1,2,New York,36,Queens,081,,,1123,A,5600,,Tract 1123,0,1,G,10,4,19,9,19,10,37,18,44,9,81,90,110,63,0,24,33,21,13,0,36,19,5,5,12,15,15,10,0,0
G36008101129,1970,1,2,New York,36,Queens,081,,,1129,A,5600,,Tract 1129,0,1,G,10,0,10,11,14,9,33,22,51,31,132,176,218,77,0,17,48,9,11,19,6,16,14,6,9,4,13,6,0,0
G36008101133,1970,1,2,New York,36,Queens,081,,,1133,A,5600,,Tract 1133,0,1,G,0,12,0,45,21,10,10,27,28,32,68,79,136,39,6,18,20,13,0,0,0,10,6,5,0,0,0,0,0,0
G36008101139,1970,1,2,New York,36,Queens,081,,,1139,A,5600,,Tract 1139,0,1,G,12,9,13,20,46,43,35,51,68,61,199,237,281,55,4,19,22,25,27,21,19,16,5,14,5,9,15,6,0,0
G36008101141,1970,1,2,New York,36,Queens,081,,,1141,A,5600,,Tract 1141,0,1,G,0,5,16,5,31,21,28,0,37,33,66,136,290,93,26,23,19,5,9,4,0,0,0,4,0,5,5,7,0,0
G36008101147,1970,1,2,New York,36,Queens,081,,,1147,A,5600,,Tract 1147,0,1,G,0,9,5,36,9,15,0,0,19,15,65,84,167,64,19,6,21,5,0,5,21,5,0,0,5,10,0,5,0,0
G36008101151,1970,1,2,New York,36,Queens,081,,,1151,A,5600,,Tract 1151,0,1,G,0,5,9,4,6,6,16,0,9,10,51,52,107,53,10,5,27,0,0,0,0,5,6,0,5,0,0,0,0,0
G36008101155,1970,1,2,New York,36,Queens,081,,,1155,A,5600,,Tract 1155,0,1,G,14,21,6,16,21,24,29,22,17,22,68,108,133,35,0,30,27,29,10,7,14,6,5,13,13,4,8,0,0,0
G36008101157,1970,1,2,New York,36,Queens,081,,,1157,A,5600,,Tract 1157,0,1,G,0,5,20,15,10,48,20,22,47,44,144,176,210,87,0,55,34,63,7,19,18,27,23,8,27,41,16,5,0,0
G36008101159,1970,1,2,New York,36,Queens,081,,,1159,A,5600,,Tract 1159,0,1,G,11,10,4,0,22,26,38,22,27,45,129,163,350,77,10,79,37,14,36,13,17,11,37,24,14,27,0,0,5,0
G36008101161,1970,1,2,New York,36,Queens,081,,,1161,A,5600,,Tract 1161,0,1,G,0,6,17,39,16,16,39,46,32,101,147,136,231,73,0,37,53,18,14,9,13,17,14,19,8,16,23,16,0,0
G36008101163,1970,1,2,New York,36,Queens,081,,,1163,A,5600,,Tract 1163,0,1,G,20,23,20,44,46,39,81,89,100,88,273,278,417,82,6,66,70,62,31,49,77,38,63,64,45,24,50,24,10,0
G36008101167,1970,1,2,New York,36,Queens,081,,,1167,A,5600,,Tract 1167,0,1,G,0,0,11,4,0,14,10,16,23,13,38,39,68,5,3,17,18,11,4,10,13,5,14,4,3,2,0,7,0,0
G36008101171,1970,1,2,New York,36,Queens,081,,,1171,A,5600,,Tract 1171,0,1,G,16,15,13,29,8,7,14,28,16,32,81,60,121,42,4,55,21,20,12,15,20,19,6,3,6,9,0,3,0,0
G36008101175,1970,1,2,New York,36,Queens,081,,,1175,A,5600,,Tract 1175,0,1,G,16,6,39,27,21,32,57,68,111,104,187,232,299,100,17,41,83,77,32,9,28,66,25,23,25,16,13,4,0,0
G36008101181,1970,1,2,New York,36,Queens,081,,,1181,A,5600,,Tract 1181,0,1,G,19,8,15,10,4,32,12,38,17,32,110,94,101,33,0,12,15,7,15,7,0,0,0,5,0,0,0,0,0,0
G36008101185,1970,1,2,New York,36,Queens,081,,,1185,A,5600,,Tract 1185,0,1,G,9,5,20,4,24,39,19,31,46,13,87,83,61,16,0,24,29,43,11,8,13,14,0,0,6,11,5,0,0,0
G36008101187,1970,1,2,New York,36,Queens,081,,,1187,A,5600,,Tract 1187,0,1,G,0,5,0,17,10,28,9,33,25,14,71,70,115,46,0,28,13,19,12,16,26,10,27,12,6,15,7,0,0,0
G36008101189,1970,1,2,New York,36,Queens,081,,,1189,A,5600,,Tract 1189,0,1,G,10,16,11,11,5,0,10,37,39,23,65,68,90,39,5,10,20,9,24,6,19,7,7,0,0,6,0,0,0,0
G36008101191,1970,1,2,New York,36,Queens,081,,,1191,A,5600,,Tract 1191,0,1,G,0,9,25,0,14,14,28,50,90,61,126,117,123,25,0,17,21,8,11,0,6,5,6,11,5,11,5,0,0,0
G36008101193,1970,1,2,New York,36,Queens,081,,,1193,A,5600,,Tract 1193,0,1,G,9,11,13,10,19,12,14,37,15,37,58,108,163,30,5,17,27,28,11,5,11,12,20,5,6,0,0,5,0,0
G36008101195,1970,1,2,New York,36,Queens,081,,,1195,A,5600,,Tract 1195,0,1,G,0,0,13,10,17,4,13,5,14,20,43,61,97,30,0,7,12,6,13,0,0,7,6,0,0,0,8,0,0,0
G36008101199,1970,1,2,New York,36,Queens,081,,,1199,A,5600,,Tract 1199,0,1,G,4,0,18,18,5,4,15,20,32,16,74,82,78,43,4,6,19,6,0,0,0,0,0,0,5,0,0,0,0,0
G36008101201,1970,1,2,New York,36,Queens,081,,,1201,A,5600,,Tract 1201,0,1,G,5,0,0,3,0,26,17,21,9,22,83,45,66,33,0,31,14,6,7,6,0,6,7,0,0,0,6,7,0,0
G36008101203,1970,1,2,New York,36,Queens,081,,,1203,A,5600,,Tract 1203,0,1,G,3,3,3,4,3,17,13,36,21,5,64,86,97,37,4,10,15,12,10,0,0,0,0,0,0,0,5,5,0,0
G36008101205,1970,1,2,New York,36,Queens,081,,,1205,A,5600,,Tract 1205,0,1,G,9,6,11,47,35,20,63,41,44,25,84,74,111,23,0,49,33,54,21,23,16,14,18,0,5,3,0,0,0,6
G36008101207,1970,1,2,New York,36,Queens,081,,,1207,A,5600,,Tract 1207,0,1,G,13,6,21,14,17,9,33,20,27,25,95,90,249,46,0,12,18,17,9,0,16,14,5,7,0,0,12,0,0,0
G36008101211,1970,1,2,New York,36,Queens,081,,,1211,A,5600,,Tract 1211,0,1,G,0,0,0,0,0,0,0,0,0,0,0,0,9,0,0,0,0,0,0,0,0,0,0,0,0,0,0,0,0,0
G36008101215,1970,1,2,New York,36,Queens,081,,,1215,A,5600,,Tract 1215,0,1,G,17,11,28,22,27,13,49,37,50,85,138,203,217,82,4,24,31,29,36,6,23,6,7,7,6,13,0,6,0,0
G36008101223,1970,1,2,New York,36,Queens,081,,,1223,A,5600,,Tract 1223,0,1,G,0,8,39,27,14,15,21,39,51,60,130,134,210,85,4,38,20,0,10,6,5,5,5,0,0,8,4,7,0,0
G3600810122701,1970,1,2,New York,36,Queens,081,,,122701,A,5600,,Tract 1227.01,0,1,G,36,49,59,87,68,103,96,93,160,146,361,406,958,204,0,52,92,43,41,35,27,37,30,11,20,10,5,0,0,0
G3600810122702,1970,1,2,New York,36,Queens,081,,,122702,A,5600,,Tract 1227.02,0,1,G,34,47,66,104,68,151,182,116,219,186,342,384,433,39,10,62,78,96,30,15,51,28,6,5,0,7,0,0,0,0
G36008101241,1970,1,2,New York,36,Queens,081,,,1241,A,5600,,Tract 1241,0,1,G,9,8,9,28,14,31,33,40,25,49,126,177,298,161,26,21,30,6,0,8,22,5,11,0,0,4,0,4,0,0
G36008101247,1970,1,2,New York,36,Queens,081,,,1247,A,5600,,Tract 1247,0,1,G,0,22,0,22,21,20,33,54,30,38,92,144,374,206,15,15,60,7,0,0,26,13,14,0,0,0,8,0,0,0
G36008101257,1970,1,2,New York,36,Queens,081,,,1257,A,5600,,Tract 1257,0,1,G,12,14,12,52,21,43,41,33,66,35,105,115,126,46,4,45,51,17,25,19,22,18,27,21,12,21,6,4,10,5
G36008101265,1970,1,2,New York,36,Queens,081,,,1265,A,5600,,Tract 1265,0,1,G,5,6,5,0,18,16,37,15,37,20,69,66,85,18,0,19,22,11,13,5,19,14,5,5,23,25,12,10,0,0
G36008101267,1970,1,2,New York,36,Queens,081,,,1267,A,5600,,Tract 1267,0,1,G,9,4,26,13,5,12,25,26,11,25,83,92,173,57,15,142,41,41,14,11,14,18,6,14,32,6,10,5,0,4
G36008101273,1970,1,2,New York,36,Queens,081,,,1273,A,5600,,Tract 1273,0,1,G,12,10,7,6,0,0,0,0,11,13,20,41,91,126,32,5,0,11,5,9,0,0,9,0,5,11,0,5,0,0
G36008101275,1970,1,2,New York,36,Queens,081,,,1275,A,5600,,Tract 1275,0,1,G,17,0,4,6,0,4,0,11,0,0,49,58,293,211,108,0,8,5,12,9,0,0,0,7,0,5,10,14,0,0
G36008101283,1970,1,2,New York,36,Queens,081,,,1283,A,5600,,Tract 1283,0,1,G,0,0,4,0,0,0,4,4,4,6,16,17,4,0,0,14,0,5,0,0,0,13,6,5,4,3,0,0,5,0
G3600810129101,1970,1,2,New York,36,Queens,081,,,129101,A,5600,,Tract 1291.01,0,1,G,40,15,69,72,70,116,167,181,206,174,508,622,966,251,45,73,103,63,39,31,21,16,19,29,26,34,10,4,0,14
G3600810129102,1970,1,2,New York,36,Queens,081,,,129102,A,5600,,Tract 1291.02,0,1,G,0,4,4,11,16,8,23,26,41,53,54,136,357,295,75,19,25,15,4,6,24,6,5,0,0,6,6,21,0,0
G36008101301,1970,1,2,New York,36,Queens,081,,,1301,A,5600,,Tract 1301,0,1,G,5,25,0,11,45,42,51,55,83,71,178,259,515,114,11,11,10,15,27,0,22,11,12,17,6,13,10,11,6,0
G36008101333,1970,1,2,New York,36,Queens,081,,,1333,A,5600,,Tract 1333,0,1,G,24,12,6,18,14,11,37,21,31,27,114,236,432,233,41,33,37,29,15,11,6,0,8,10,20,14,0,14,0,0
G36008101339,1970,1,2,New York,36,Queens,081,,,1339,A,5600,,Tract 1339,0,1,G,0,0,8,0,6,0,5,14,14,10,40,72,143,75,10,0,5,5,0,0,8,7,0,0,0,0,0,0,7,0
G36008101341,1970,1,2,New York,36,Queens,081,,,1341,A,5600,,Tract 1341,0,1,G,13,10,4,16,9,19,38,17,14,14,79,110,368,164,20,23,33,7,8,5,8,27,22,4,0,9,8,9,0,0
G36008101347,1970,1,2,New York,36,Queens,081,,,1347,A,5600,,Tract 1347,0,1,G,25,33,63,74,39,52,70,141,91,107,313,542,1122,454,36,36,149,70,56,56,33,33,54,47,19,86,57,41,19,4
G36008101367,1970,1,2,New York,36,Queens,081,,,1367,A,5600,,Tract 1367,0,1,G,5,10,28,15,4,64,58,61,133,99,255,239,668,174,83,38,21,20,16,5,9,15,5,9,5,16,11,0,0,0
G36008101377,1970,1,2,New York,36,Queens,081,,,1377,A,5600,,Tract 1377,0,1,G,25,14,73,18,30,100,68,94,159,180,318,309,533,104,9,16,22,25,12,19,0,13,24,11,7,6,12,13,0,0
G3600810138501,1970,1,2,New York,36,Queens,081,,,138501,A,5600,,Tract 1385.01,0,1,G,0,9,15,10,14,13,17,24,29,47,148,163,595,202,61,0,18,6,7,3,9,0,0,12,0,0,9,4,0,0
G3600810138502,1970,1,2,New York,36,Queens,081,,,138502,A,5600,,Tract 1385.02,0,1,G,-1,,,,,,,,,,,,,,,-1,,,,,,,,,,,,,,
G36008101399,1970,1,2,New York,36,Queens,081,,,1399,A,5600,,Tract 1399,0,1,G,0,4,6,9,26,4,5,5,22,16,65,72,188,96,0,5,8,4,0,15,0,4,0,4,0,0,0,0,0,0
G36008101403,1970,1,2,New York,36,Queens,081,,,1403,A,5600,,Tract 1403,0,1,G,9,10,0,10,9,13,24,9,27,44,79,109,290,99,0,9,5,5,8,4,4,6,0,0,4,15,0,4,0,0
G3600810140901,1970,1,2,New York,36,Queens,081,,,140901,A,5600,,Tract 1409.01,0,1,G,0,0,5,0,4,16,10,11,21,15,22,42,92,59,5,4,11,0,0,0,0,0,0,7,0,0,0,0,0,0
G3600810140902,1970,1,2,New York,36,Queens,081,,,140902,A,5600,,Tract 1409.02,0,1,G,0,7,27,0,5,10,16,21,17,31,60,111,263,65,4,14,26,16,8,10,6,0,5,7,0,6,10,0,0,0
G3600810141701,1970,1,2,New York,36,Queens,081,,,141701,A,5600,,Tract 1417.01,0,1,G,39,0,6,26,30,38,25,63,63,55,189,211,391,169,3,0,20,5,11,0,12,3,0,5,6,3,0,5,0,0
G3600810141702,1970,1,2,New York,36,Queens,081,,,141702,A,5600,,Tract 1417.02,0,1,G,0,0,0,0,0,0,0,0,0,0,3,20,28,0,0,0,0,0,0,0,0,0,0,0,0,9,0,0,0,0
G36008101429,1970,1,2,New York,36,Queens,081,,,1429,A,5600,,Tract 1429,0,1,G,9,11,17,14,18,16,19,44,63,58,132,169,333,145,0,10,25,20,10,15,15,18,18,5,6,0,5,5,0,0
G36008101435,1970,1,2,New York,36,Queens,081,,,1435,A,5600,,Tract 1435,0,1,G,24,11,6,6,5,25,18,27,25,76,99,142,196,68,0,42,4,17,7,25,8,0,7,0,0,0,7,0,0,0
G36008101441,1970,1,2,New York,36,Queens,081,,,1441,A,5600,,Tract 1441,0,1,G,0,10,14,60,11,28,50,56,76,108,150,168,377,104,0,31,31,45,14,7,16,21,15,10,23,7,0,26,0,0
G36008101447,1970,1,2,New York,36,Queens,081,,,1447,A,5600,,Tract 1447,0,1,G,12,0,34,22,19,56,34,32,55,50,137,96,163,13,0,36,38,26,16,23,7,10,9,5,8,0,4,0,0,0
G3600810145101,1970,1,2,New York,36,Queens,081,,,145101,A,5600,,Tract 1451.01,0,1,G,8,0,12,6,7,10,25,23,18,29,50,34,113,27,9,4,26,0,0,8,4,6,18,4,0,0,0,0,0,0
G3600810145102,1970,1,2,New York,36,Queens,081,,,145102,A,5600,,Tract 1451.02,0,1,G,33,8,8,11,4,24,14,30,43,50,90,90,186,30,9,7,26,7,0,12,5,8,4,5,10,0,5,0,4,0
G36008101459,1970,1,2,New York,36,Queens,081,,,1459,A,5600,,Tract 1459,0,1,G,4,17,15,12,24,18,61,33,47,44,138,123,220,22,0,6,27,46,0,0,15,4,9,0,21,4,11,0,0,0
G36008101463,1970,1,2,New York,36,Queens,081,,,1463,A,5600,,Tract 1463,0,1,G,19,9,20,8,15,40,33,32,64,55,91,116,172,40,0,53,13,20,0,0,4,23,17,6,21,21,4,0,0,0
G36008101467,1970,1,2,New York,36,Queens,081,,,1467,A,5600,,Tract 1467,0,1,G,13,5,23,18,15,37,36,42,81,74,133,167,208,22,0,34,22,17,37,8,8,17,13,12,19,17,9,5,4,0
G36008101471,1970,1,2,New York,36,Queens,081,,,1471,A,5600,,Tract 1471,0,1,G,15,8,15,8,20,7,24,11,22,41,76,178,302,115,3,0,25,14,13,14,4,31,34,4,6,19,26,41,0,0
G36008101479,1970,1,2,New York,36,Queens,081,,,1479,A,5600,,Tract 1479,0,1,G,10,10,4,21,13,19,50,46,51,67,160,179,409,104,29,30,35,27,34,19,15,16,24,15,27,30,31,37,5,0
G36008101483,1970,1,2,New York,36,Queens,081,,,1483,A,5600,,Tract 1483,0,1,G,0,12,13,36,0,4,13,25,6,39,34,115,254,257,62,8,7,8,15,19,10,7,4,9,5,5,6,4,0,0
G3600810150701,1970,1,2,New York,36,Queens,081,,,150701,A,5600,,Tract 1507.01,0,1,G,18,0,19,12,23,19,21,26,47,26,77,161,402,124,30,12,30,8,8,25,17,0,9,4,0,0,0,5,4,0
G3600810150702,1970,1,2,New York,36,Queens,081,,,150702,A,5600,,Tract 1507.02,0,1,G,16,0,10,6,11,35,30,24,56,17,98,159,361,179,6,23,15,11,15,0,9,22,37,15,6,0,5,26,7,0
G3600810152901,1970,1,2,New York,36,Queens,081,,,152901,A,5600,,Tract 1529.01,0,1,G,23,4,15,26,8,35,25,38,59,42,188,274,645,204,16,196,171,21,21,18,10,0,15,13,20,10,8,25,9,0
G3600810152902,1970,1,2,New York,36,Queens,081,,,152902,A,5600,,Tract 1529.02,0,1,G,9,20,34,27,44,43,98,37,66,82,239,339,693,267,29,0,43,30,0,12,9,5,0,4,0,5,19,14,0,0
G36008101551,1970,1,2,New York,36,Queens,081,,,1551,A,5600,,Tract 1551,0,1,G,30,32,29,35,54,78,130,132,155,207,455,494,677,78,29,38,81,65,56,44,42,25,58,52,23,14,27,15,0,0
G36008101567,1970,1,2,New York,36,Queens,081,,,1567,A,5600,,Tract 1567,0,1,G,0,0,0,0,0,0,0,0,0,0,4,0,10,5,0,0,0,0,6,9,25,80,43,4,0,9,5,5,0,0
G3600810157101,1970,1,2,New York,36,Queens,081,,,157101,A,5600,,Tract 1571.01,0,1,G,22,22,49,49,28,41,82,102,104,191,337,401,808,170,10,22,26,36,32,22,8,24,8,18,8,5,8,8,0,0
G3600810157102,1970,1,2,New York,36,Queens,081,,,157102,A,5600,,Tract 1571.02,0,1,G,6,0,5,10,16,10,10,6,15,23,44,95,98,33,5,28,7,0,6,0,0,0,0,0,0,6,0,0,0,0
G3600810157901,1970,1,2,New York,36,Queens,081,,,157901,A,5600,,Tract 1579.01,0,1,G,5,15,10,22,9,28,34,33,86,31,196,280,531,76,19,12,6,10,10,29,7,9,4,4,6,0,0,7,0,0
G3600810157902,1970,1,2,New York,36,Queens,081,,,157902,A,5600,,Tract 1579.02,0,1,G,5,8,4,21,18,9,47,8,32,26,105,174,365,128,18,5,24,4,8,0,0,0,0,9,5,8,0,5,0,0
G3600810157903,1970,1,2,New York,36,Queens,081,,,157903,A,5600,,Tract 1579.03,0,1,G,0,0,27,34,24,27,31,38,61,103,164,209,342,134,0,36,41,23,12,13,7,0,0,0,16,4,0,4,0,0
G36008101617,1970,1,2,New York,36,Queens,081,,,1617,A,5600,,Tract 1617,0,1,G,10,25,9,22,19,39,33,60,58,106,249,258,380,90,0,39,61,20,33,19,9,27,9,18,10,8,10,9,0,0
G36008101621,1970,1,2,New York,36,Queens,081,,,1621,A,5600,,Tract 1621,0,1,G,0,44,61,37,14,44,49,123,54,106,326,265,359,54,11,91,59,64,20,11,18,15,24,5,6,20,0,5,0,0
G36008300401,1970,1,2,New York,36,Rensselaer,083,,,0401,,0160,,Tract  401,0,1,F,24,30,38,122,87,94,136,108,168,114,205,270,212,3,0,121,57,72,25,63,11,45,17,11,0,6,0,0,0,0
G36008300402,1970,1,2,New York,36,Rensselaer,083,,,0402,,0160,,Tract  402,0,1,F,17,30,40,42,29,58,69,70,109,72,240,191,106,36,0,94,142,92,74,34,52,25,17,22,29,9,0,0,0,0
G36008300403,1970,1,2,New York,36,Rensselaer,083,,,0403,,0160,,Tract  403,0,1,F,10,30,31,12,49,70,125,87,112,51,181,178,158,27,7,114,61,61,26,41,36,35,26,10,16,16,6,0,0,0
G36008300404,1970,1,2,New York,36,Rensselaer,083,,,0404,,0160,,Tract  404,0,1,F,30,28,53,50,68,95,120,105,120,90,131,111,114,10,0,140,96,52,46,21,6,21,6,15,8,15,5,0,0,0
G36008300405,1970,1,2,New York,36,Rensselaer,083,,,0405,,0160,,Tract  405,0,1,F,5,19,30,42,78,80,58,66,12,61,77,54,56,11,0,71,18,47,69,59,25,17,20,27,0,8,0,0,0,0
G36008300406,1970,1,2,New York,36,Rensselaer,083,,,0406,,0160,,Tract  406,0,1,F,50,6,24,35,36,18,41,47,55,52,65,49,42,4,0,149,252,121,43,39,32,38,21,8,0,10,20,0,0,0
G36008300407,1970,1,2,New York,36,Rensselaer,083,,,0407,,0160,,Tract  407,0,1,F,7,28,45,75,29,62,48,32,47,84,52,62,39,0,0,392,507,171,155,80,92,57,33,12,24,23,12,20,5,0
G36008300408,1970,1,2,New York,36,Rensselaer,083,,,0408,,0160,,Tract  408,0,1,F,15,52,63,71,59,98,94,77,58,73,39,86,82,23,0,500,417,105,74,53,33,65,7,0,31,28,0,30,0,0
G36008300409,1970,1,2,New York,36,Rensselaer,083,,,0409,,0160,,Tract  409,0,1,F,38,9,50,38,83,65,94,65,73,40,162,105,112,0,0,117,71,30,39,34,52,31,17,11,22,9,0,0,0,0
G36008300410,1970,1,2,New York,36,Rensselaer,083,,,0410,,0160,,Tract  410,0,1,F,17,26,47,45,51,76,99,112,92,108,174,121,118,18,0,61,92,44,24,12,29,19,20,18,6,10,0,0,0,0
G36008300411,1970,1,2,New York,36,Rensselaer,083,,,0411,,0160,,Tract  411,0,1,F,28,35,63,62,89,116,95,151,120,119,248,330,234,28,0,147,155,76,34,13,39,42,12,18,10,20,13,6,0,0
G36008300412,1970,1,2,New York,36,Rensselaer,083,,,0412,,0160,,Tract  412,0,1,F,0,4,17,13,43,22,55,51,66,82,115,153,269,50,20,179,141,41,56,34,29,32,7,22,0,0,20,0,0,0
G36008300413,1970,1,2,New York,36,Rensselaer,083,,,0413,,0160,,Tract  413,0,1,F,12,24,27,53,24,34,33,57,51,53,93,123,107,18,8,1168,1083,331,137,96,28,19,12,6,4,7,13,0,0,0
G36008300414,1970,1,2,New York,36,Rensselaer,083,,,0414,,0160,,Tract  414,0,1,F,30,44,47,54,54,60,67,71,97,76,153,213,267,56,24,112,207,56,78,87,51,7,11,20,6,47,6,27,5,0
G36008300515,1970,1,2,New York,36,Rensselaer,083,,,0515,,0160,,Tract  515,0,1,F,59,17,65,56,55,73,97,92,130,120,203,192,169,4,4,80,131,85,67,20,54,21,27,5,0,18,0,0,0,0
G3600830051599,1970,1,2,New York,36,Rensselaer,083,,,051599,,0160,,Tract  515.99,0,1,F,0,0,0,0,0,0,0,0,0,0,0,0,0,0,0,0,0,4,8,0,10,0,0,6,0,0,0,5,5,0
G36008300516,1970,1,2,New York,36,Rensselaer,083,,,0516,,0160,,Tract  516,0,1,F,10,12,16,51,32,41,77,133,74,110,263,218,202,31,4,39,66,65,45,49,26,23,14,0,5,16,5,0,0,0
G36008300517,1970,1,2,New York,36,Rensselaer,083,,,0517,,0160,,Tract  517,0,1,F,33,55,77,76,107,36,135,72,129,129,284,231,248,30,10,54,117,56,38,39,28,26,35,13,11,14,12,7,0,0
G36008300518,1970,1,2,New York,36,Rensselaer,083,,,0518,,0160,,Tract  518,0,1,F,31,37,5,38,44,61,79,98,73,57,150,121,118,20,15,62,34,5,33,0,6,11,0,0,0,0,0,5,0,0
G36008300519,1970,1,2,New York,36,Rensselaer,083,,,0519,,0160,,Tract  519,0,1,F,35,40,30,47,43,47,123,90,102,142,240,193,350,30,5,78,56,21,36,35,10,5,12,9,5,25,4,0,5,0
G36008300520,1970,1,2,New York,36,Rensselaer,083,,,0520,,0160,,Tract  520,0,1,F,55,25,36,64,94,89,150,144,200,187,428,438,763,192,6,49,101,55,76,35,59,56,44,24,9,34,13,5,5,4
G3600830052101,1970,1,2,New York,36,Rensselaer,083,,,052101,,0160,,Tract  521.01,0,1,F,6,4,16,11,21,37,18,65,44,10,34,21,27,13,0,17,26,21,0,0,0,7,5,4,4,0,0,0,0,0
G3600830052102,1970,1,2,New York,36,Rensselaer,083,,,052102,,0160,,Tract  521.02,0,1,F,0,5,18,26,24,37,16,25,4,29,44,30,20,5,4,14,33,9,9,26,0,0,0,0,0,0,8,0,0,0
G3600830052103,1970,1,2,New York,36,Rensselaer,083,,,052103,,0160,,Tract  521.03,0,1,F,15,15,0,33,20,52,56,31,29,28,33,40,28,26,0,17,11,15,14,15,0,6,4,6,0,12,9,0,0,0
G3600830052201,1970,1,2,New York,36,Rensselaer,083,,,052201,,0160,,Tract  522.01,0,1,F,12,4,11,15,24,18,63,96,60,54,127,180,129,10,4,51,51,19,11,14,7,0,22,19,0,15,0,7,0,9
G3600830052202,1970,1,2,New York,36,Rensselaer,083,,,052202,,0160,,Tract  522.02,0,1,F,9,30,40,33,39,45,52,160,115,180,290,190,267,57,0,43,64,55,17,29,20,35,19,10,7,19,5,0,0,0
G36008300523,1970,1,2,New York,36,Rensselaer,083,,,0523,,0160,,Tract  523,0,1,F,23,10,57,44,38,94,104,119,197,167,473,576,604,109,10,75,60,56,32,24,27,32,8,21,14,27,26,10,0,5
G36008300524,1970,1,2,New York,36,Rensselaer,083,,,0524,,0160,,Tract  524,0,1,F,14,45,64,69,64,172,141,135,182,150,442,586,638,114,0,80,53,78,36,26,58,29,23,22,11,24,15,19,0,5
G36008300525,1970,1,2,New York,36,Rensselaer,083,,,0525,,0160,,Tract  525,0,1,F,25,49,58,103,82,122,190,261,244,185,512,512,569,69,6,141,74,64,37,55,63,26,53,40,9,19,17,10,0,0
G3600830052601,1970,1,2,New York,36,Rensselaer,083,,,052601,,0160,,Tract  526.01,0,1,F,13,6,32,27,26,53,115,78,88,93,152,187,111,38,0,26,64,35,18,20,0,4,8,13,10,0,0,10,6,0
G3600830052602,1970,1,2,New York,36,Rensselaer,083,,,052602,,0160,,Tract  526.02,0,1,F,5,12,29,12,23,13,21,64,51,34,27,59,54,8,0,33,37,4,5,14,4,3,9,0,0,4,0,0,0,0
G36008500003,1970,1,2,New York,36,Richmond,085,,,0003,A,5600,,Tract    3,0,1,G,12,9,0,13,0,14,11,16,21,45,48,18,80,6,0,48,73,62,25,16,57,21,51,56,10,54,18,11,0,0
G36008500006,1970,1,2,New York,36,Richmond,085,,,0006,A,5600,,Tract    6,0,1,G,0,5,0,10,5,6,10,21,25,16,43,38,127,36,5,14,36,14,5,9,7,5,13,13,0,4,15,0,0,0
G36008500007,1970,1,2,New York,36,Richmond,085,,,0007,A,5600,,Tract    7,0,1,G,16,27,23,81,47,65,77,88,104,107,168,110,218,38,0,90,87,116,44,26,38,68,57,27,30,20,29,5,0,0
G36008500008,1970,1,2,New York,36,Richmond,085,,,0008,A,5600,,Tract    8,0,1,G,18,27,23,17,33,45,59,60,84,70,172,172,167,25,4,47,37,70,51,13,0,24,22,5,5,0,14,8,0,0
G36008500009,1970,1,2,New York,36,Richmond,085,,,0009,A,5600,,Tract    9,0,1,G,24,34,18,19,16,14,9,43,29,30,73,78,103,39,0,39,36,29,12,26,30,15,25,42,8,19,9,11,0,0
G36008500011,1970,1,2,New York,36,Richmond,085,,,0011,A,5600,,Tract   11,0,1,G,32,5,36,33,60,77,53,36,80,66,100,139,164,49,5,59,62,49,53,41,17,27,33,14,0,19,10,6,0,0
G36008500015,1970,1,2,New York,36,Richmond,085,,,0015,A,5600,,Tract   15,0,1,G,6,0,0,0,0,4,0,9,5,9,5,0,6,3,0,19,6,0,0,0,0,4,0,6,5,4,0,0,0,0
G3600850001599,1970,1,2,New York,36,Richmond,085,,,001599,A,5600,,Tract   15.99,0,1,G,0,0,0,0,0,0,0,0,0,0,0,0,0,0,0,6,13,0,0,6,0,13,6,12,0,6,7,19,0,0
G36008500017,1970,1,2,New York,36,Richmond,085,,,0017,A,5600,,Tract   17,0,1,G,6,4,10,17,5,25,33,16,14,34,42,50,96,43,10,26,29,6,18,5,14,16,4,6,0,5,0,5,0,0
G36008500018,1970,1,2,New York,36,Richmond,085,,,0018,A,5600,,Tract   18,0,1,G,5,0,0,0,0,6,15,12,4,6,51,26,30,0,0,19,12,21,6,6,6,6,0,0,0,0,0,0,0,0
G3600850002001,1970,1,2,New York,36,Richmond,085,,,002001,A,5600,,Tract   20.01,0,1,G,0,0,0,0,12,6,5,23,34,11,69,43,76,13,0,0,14,14,6,0,0,0,7,6,0,6,0,7,0,0
G3600850002002,1970,1,2,New York,36,Richmond,085,,,002002,A,5600,,Tract   20.02,0,1,G,15,9,6,4,9,20,15,30,28,30,56,68,151,49,4,21,39,0,47,9,4,14,16,21,6,30,7,12,0,0
G36008500021,1970,1,2,New York,36,Richmond,085,,,0021,A,5600,,Tract   21,0,1,G,16,20,42,41,42,82,70,28,42,43,110,114,133,3,0,91,78,73,34,32,50,22,22,11,28,5,5,6,0,7
G36008500027,1970,1,2,New York,36,Richmond,085,,,0027,A,5600,,Tract   27,0,1,G,9,12,15,23,17,16,29,21,32,17,47,27,52,6,0,29,7,17,10,11,9,6,5,5,0,0,0,0,0,0
G36008500029,1970,1,2,New York,36,Richmond,085,,,0029,A,5600,,Tract   29,0,1,G,43,13,61,57,38,42,46,97,157,95,120,170,146,16,3,23,51,25,32,7,7,22,5,4,0,12,9,4,0,0
G36008500033,1970,1,2,New York,36,Richmond,085,,,0033,A,5600,,Tract   33,0,1,G,13,5,15,17,5,41,34,20,52,27,97,126,168,103,31,64,42,25,25,30,26,21,52,21,19,45,14,13,0,0
G36008500036,1970,1,2,New York,36,Richmond,085,,,0036,A,5600,,Tract   36,0,1,G,6,10,0,5,19,27,16,20,47,22,70,48,52,19,6,32,14,13,7,0,0,0,0,0,0,7,0,0,0,0
G36008500039,1970,1,2,New York,36,Richmond,085,,,0039,A,5600,,Tract   39,0,1,G,5,8,5,5,5,17,16,21,39,29,101,157,264,45,46,111,37,14,9,28,14,20,68,28,10,41,33,12,20,6
G36008500040,1970,1,2,New York,36,Richmond,085,,,0040,A,5600,,Tract   40,0,1,G,28,43,84,51,98,72,89,122,105,123,249,254,256,36,4,34,69,55,51,53,58,42,35,24,10,28,16,0,5,0
G36008500047,1970,1,2,New York,36,Richmond,085,,,0047,A,5600,,Tract   47,0,1,G,12,9,12,17,12,19,25,47,16,89,83,155,146,47,4,717,501,77,45,27,32,16,5,5,12,8,6,7,0,0
G36008500050,1970,1,2,New York,36,Richmond,085,,,0050,A,5600,,Tract   50,0,1,G,9,4,6,21,5,6,21,37,27,0,110,105,159,9,0,0,46,12,8,6,0,20,0,7,0,9,0,0,0,0
G36008500059,1970,1,2,New York,36,Richmond,085,,,0059,A,5600,,Tract   59,0,1,G,0,5,0,19,19,22,16,33,67,38,106,144,285,84,4,28,33,18,13,13,7,22,13,22,5,22,9,8,4,0
G36008500064,1970,1,2,New York,36,Richmond,085,,,0064,A,5600,,Tract   64,0,1,G,10,6,4,39,5,25,67,66,66,69,138,135,220,53,0,19,20,28,14,4,11,0,0,0,4,9,0,4,0,0
G36008500065,1970,1,2,New York,36,Richmond,085,,,0065,A,5600,,Tract   65,0,1,G,0,14,35,18,5,0,21,12,33,51,82,111,176,64,0,0,44,11,0,6,0,23,10,15,4,6,4,0,0,0
G36008500070,1970,1,2,New York,36,Richmond,085,,,0070,A,5600,,Tract   70,0,1,G,25,23,64,52,46,20,35,84,105,129,223,219,328,5,0,42,25,47,30,0,21,0,7,0,12,0,6,0,0,0
G36008500074,1970,1,2,New York,36,Richmond,085,,,0074,A,5600,,Tract   74,0,1,G,16,24,31,33,14,51,18,44,21,47,64,69,157,4,0,17,40,15,12,6,5,5,6,6,5,13,6,0,0,0
G36008500075,1970,1,2,New York,36,Richmond,085,,,0075,A,5600,,Tract   75,0,1,G,9,7,30,18,32,47,49,45,58,84,97,152,169,44,3,31,42,34,4,32,26,32,16,5,8,19,10,0,0,0
G36008500077,1970,1,2,New York,36,Richmond,085,,,0077,A,5600,,Tract   77,0,1,G,5,8,35,30,32,27,28,28,24,11,55,29,39,0,0,10,16,14,0,6,8,5,4,0,0,0,4,0,0,0
G36008500081,1970,1,2,New York,36,Richmond,085,,,0081,A,5600,,Tract   81,0,1,G,37,27,42,37,29,27,67,43,77,77,143,119,211,56,5,81,45,26,20,26,25,4,33,14,10,5,4,14,0,0
G36008500089,1970,1,2,New York,36,Richmond,085,,,0089,A,5600,,Tract   89,0,1,G,0,0,0,0,0,0,0,0,0,0,0,0,0,0,0,0,0,0,0,0,0,0,0,0,0,0,0,0,0,0
G36008500091,1970,1,2,New York,36,Richmond,085,,,0091,A,5600,,Tract   91,0,1,G,0,6,0,0,14,0,0,11,6,4,48,49,59,60,5,0,8,4,5,3,8,8,0,0,33,13,15,0,0,0
G3600850009601,1970,1,2,New York,36,Richmond,085,,,009601,A,5600,,Tract   96.01,0,1,G,20,6,11,4,10,26,24,26,23,80,145,129,273,65,7,29,16,5,11,0,5,0,11,16,10,33,0,5,0,0
G3600850009602,1970,1,2,New York,36,Richmond,085,,,009602,A,5600,,Tract   96.02,0,1,G,0,7,15,21,28,16,38,19,25,55,169,191,200,41,0,36,18,26,7,11,6,0,0,0,6,7,13,7,0,0
G36008500097,1970,1,2,New York,36,Richmond,085,,,0097,A,5600,,Tract   97,0,1,G,29,37,17,45,65,32,38,43,97,59,181,160,259,61,0,38,45,11,14,28,10,11,10,10,11,17,5,19,9,4
G36008500105,1970,1,2,New York,36,Richmond,085,,,0105,A,5600,,Tract  105,0,1,G,20,12,26,35,50,60,75,66,80,67,186,191,306,49,0,44,93,26,29,40,12,28,41,6,15,0,12,8,5,0
G3600850011201,1970,1,2,New York,36,Richmond,085,,,011201,A,5600,,Tract  112.01,0,1,G,0,5,16,22,18,22,41,22,20,51,130,103,144,20,0,9,21,5,5,11,10,0,10,0,0,0,0,5,0,0
G3600850011202,1970,1,2,New York,36,Richmond,085,,,011202,A,5600,,Tract  112.02,0,1,G,18,0,64,47,38,39,52,61,53,70,164,225,241,20,0,49,58,33,24,17,21,9,5,10,17,0,0,0,0,0
G3600850011401,1970,1,2,New York,36,Richmond,085,,,011401,A,5600,,Tract  114.01,0,1,G,27,33,21,8,12,34,75,90,54,76,177,135,153,19,5,4,54,22,19,9,8,7,8,7,0,4,22,0,4,0
G3600850011402,1970,1,2,New York,36,Richmond,085,,,011402,A,5600,,Tract  114.02,0,1,G,5,0,16,27,22,27,50,64,64,57,97,182,269,37,0,48,26,31,35,7,0,12,6,6,5,5,7,5,0,0
G36008500121,1970,1,2,New York,36,Richmond,085,,,0121,A,5600,,Tract  121,0,1,G,5,11,0,19,5,25,21,38,72,44,115,179,291,90,10,17,36,12,6,5,10,5,0,21,0,6,10,5,0,0
G36008500122,1970,1,2,New York,36,Richmond,085,,,0122,A,5600,,Tract  122,0,1,G,6,6,12,4,23,37,51,38,69,62,125,172,332,91,0,35,43,38,21,0,15,36,9,24,9,16,16,0,0,0
G36008500125,1970,1,2,New York,36,Richmond,085,,,0125,A,5600,,Tract  125,0,1,G,4,12,19,24,16,23,8,47,43,41,114,90,145,16,6,59,48,43,17,12,11,6,18,6,0,21,0,0,0,0
G3600850012801,1970,1,2,New York,36,Richmond,085,,,012801,A,5600,,Tract  128.01,0,1,G,20,21,18,40,64,13,65,116,121,134,287,330,304,30,0,16,25,11,26,29,6,14,32,9,0,29,18,10,5,0
G3600850012802,1970,1,2,New York,36,Richmond,085,,,012802,A,5600,,Tract  128.02,0,1,G,9,28,39,34,54,0,51,134,108,122,182,284,237,38,0,23,80,20,14,6,12,0,7,6,0,32,0,0,0,0
G3600850013201,1970,1,2,New York,36,Richmond,085,,,013201,A,5600,,Tract  132.01,0,1,G,9,0,11,5,10,0,6,5,15,20,97,136,182,23,0,0,13,0,9,5,3,0,5,6,0,0,4,0,0,0
G3600850013202,1970,1,2,New York,36,Richmond,085,,,013202,A,5600,,Tract  132.02,0,1,G,5,24,5,20,30,20,90,59,130,145,425,512,739,138,24,42,27,8,14,11,18,18,12,6,23,17,0,6,0,0
G3600850013301,1970,1,2,New York,36,Richmond,085,,,013301,A,5600,,Tract  133.01,0,1,G,34,15,47,43,21,47,30,34,41,20,94,30,31,0,6,19,119,19,5,0,6,0,0,0,0,0,0,5,0,0
G3600850013302,1970,1,2,New York,36,Richmond,085,,,013302,A,5600,,Tract  133.02,0,1,G,21,11,25,21,24,38,23,49,69,57,101,93,135,2,5,72,89,57,15,19,20,25,0,8,4,5,0,0,0,0
G36008500134,1970,1,2,New York,36,Richmond,085,,,0134,A,5600,,Tract  134,0,1,G,0,17,5,17,9,43,45,37,45,91,155,198,313,84,4,15,11,43,0,10,15,23,6,7,10,5,0,0,0,0
G36008500138,1970,1,2,New York,36,Richmond,085,,,0138,A,5600,,Tract  138,0,1,G,8,0,20,35,15,14,25,52,59,79,317,313,603,93,0,6,18,5,0,0,12,7,7,0,6,0,0,0,0,0
G36008500141,1970,1,2,New York,36,Richmond,085,,,0141,A,5600,,Tract  141,0,1,G,6,9,15,4,30,12,13,13,53,44,89,83,92,12,6,0,14,25,14,6,6,0,0,0,0,4,0,11,8,0
G3600850014601,1970,1,2,New York,36,Richmond,085,,,014601,A,5600,,Tract  146.01,0,1,G,5,24,18,15,20,17,64,22,52,105,359,400,378,84,5,21,15,21,9,5,5,0,5,9,6,0,5,0,0,0
G3600850014602,1970,1,2,New York,36,Richmond,085,,,014602,A,5600,,Tract  146.02,0,1,G,4,5,24,16,5,3,6,30,36,30,171,196,325,33,10,11,16,10,9,16,4,12,5,8,0,0,0,0,0,0
G36008500147,1970,1,2,New York,36,Richmond,085,,,0147,A,5600,,Tract  147,0,1,G,13,5,15,28,22,25,18,66,46,42,183,171,383,122,9,32,40,37,19,50,13,15,17,0,16,28,34,42,0,0
G36008500151,1970,1,2,New York,36,Richmond,085,,,0151,A,5600,,Tract  151,0,1,G,18,5,38,41,53,56,37,60,59,105,169,244,486,150,20,29,45,6,9,28,21,26,34,18,16,21,5,16,0,0
G36008500154,1970,1,2,New York,36,Richmond,085,,,0154,A,5600,,Tract  154,0,1,G,0,0,5,0,0,0,0,0,0,9,0,0,0,0,0,0,0,0,0,0,0,0,0,0,0,0,0,0,0,0
G3600850015601,1970,1,2,New York,36,Richmond,085,,,015601,A,5600,,Tract  156.01,0,1,G,25,21,19,42,30,24,13,50,55,88,374,415,479,74,11,17,26,25,6,5,34,10,5,6,23,0,16,0,0,0
G3600850015602,1970,1,2,New York,36,Richmond,085,,,015602,A,5600,,Tract  156.02,0,1,G,9,7,0,5,19,13,17,21,26,32,158,224,204,34,0,0,16,0,0,0,0,0,0,0,0,0,0,0,0,0
G3600850015603,1970,1,2,New York,36,Richmond,085,,,015603,A,5600,,Tract  156.03,0,1,G,12,5,17,0,12,11,26,18,20,24,82,43,71,22,0,14,14,13,19,0,12,0,15,0,6,0,0,0,0,0
G3600850016901,1970,1,2,New York,36,Richmond,085,,,016901,A,5600,,Tract  169.01,0,1,G,5,0,10,12,11,29,23,24,34,40,81,117,218,30,0,8,6,27,10,10,11,10,16,0,0,7,0,5,0,0
G3600850016902,1970,1,2,New York,36,Richmond,085,,,016902,A,5600,,Tract  169.02,0,1,G,0,0,0,0,12,4,6,0,10,8,22,44,108,35,9,4,0,0,0,0,0,0,0,0,0,0,0,0,0,0
G3600850017001,1970,1,2,New York,36,Richmond,085,,,017001,A,5600,,Tract  170.01,0,1,G,0,0,10,6,0,10,16,10,26,25,83,128,200,12,10,32,11,9,5,0,14,0,5,5,0,19,10,5,0,0
G3600850017002,1970,1,2,New York,36,Richmond,085,,,017002,A,5600,,Tract  170.02,0,1,G,26,20,28,19,43,22,28,45,85,85,365,329,528,43,5,4,35,20,20,0,8,4,0,4,0,4,0,0,0,0
G36008500173,1970,1,2,New York,36,Richmond,085,,,0173,A,5600,,Tract  173,0,1,G,11,7,9,33,43,18,31,27,44,73,120,77,115,17,0,6,25,6,23,0,6,11,0,18,6,0,7,0,0,0
G36008500176,1970,1,2,New York,36,Richmond,085,,,0176,A,5600,,Tract  176,0,1,G,12,0,10,20,11,13,34,17,39,34,113,106,171,41,0,10,21,42,15,16,0,6,5,0,0,0,4,5,0,0
G36008500177,1970,1,2,New York,36,Richmond,085,,,0177,A,5600,,Tract  177,0,1,G,10,5,11,12,29,21,32,16,41,29,170,249,480,202,42,13,19,18,5,8,4,5,10,0,0,22,9,24,0,0
G36008500179,1970,1,2,New York,36,Richmond,085,,,0179,A,5600,,Tract  179,0,1,G,7,0,8,17,14,7,17,40,20,34,68,104,214,142,17,85,21,0,10,0,0,11,13,0,6,0,19,17,0,3
G36008500185,1970,1,2,New York,36,Richmond,085,,,0185,A,5600,,Tract  185,0,1,G,0,0,0,0,0,0,0,0,0,0,0,0,0,0,0,0,10,5,0,0,7,6,0,0,0,5,10,0,0,0
G3600850018701,1970,1,2,New York,36,Richmond,085,,,018701,A,5600,,Tract  187.01,0,1,G,0,5,10,19,0,19,8,7,15,41,74,66,92,22,0,5,4,9,9,10,0,0,0,0,5,0,4,0,0,0
G3600850018702,1970,1,2,New York,36,Richmond,085,,,018702,A,5600,,Tract  187.02,0,1,G,36,13,7,23,7,23,11,37,52,86,183,264,394,42,0,10,13,24,13,0,8,5,5,6,4,2,6,0,0,0
G3600850018901,1970,1,2,New York,36,Richmond,085,,,018901,A,5600,,Tract  189.01,0,1,G,23,34,5,32,5,34,19,38,65,98,231,333,429,67,6,40,33,17,5,9,0,30,4,13,0,11,4,0,0,0
G3600850018902,1970,1,2,New York,36,Richmond,085,,,018902,A,5600,,Tract  189.02,0,1,G,0,22,7,16,5,11,10,23,37,35,75,166,190,30,4,8,9,7,10,0,9,7,4,0,8,13,0,8,0,0
G36008500196,1970,1,2,New York,36,Richmond,085,,,0196,A,5600,,Tract  196,0,1,G,7,6,14,9,29,17,22,15,29,60,132,102,183,46,0,37,23,5,3,14,25,21,15,11,5,5,9,5,4,0
G36008500197,1970,1,2,New York,36,Richmond,085,,,0197,A,5600,,Tract  197,0,1,G,20,16,15,5,15,10,4,36,45,42,76,90,134,30,0,4,23,14,0,15,0,19,0,5,0,14,0,0,0,0
G36008500201,1970,1,2,New York,36,Richmond,085,,,0201,A,5600,,Tract  201,0,1,G,10,5,17,10,9,33,53,55,23,44,181,202,280,27,4,0,36,18,5,4,27,6,23,10,10,0,11,0,0,0
G36008500207,1970,1,2,New York,36,Richmond,085,,,0207,A,5600,,Tract  207,0,1,G,18,30,54,44,50,37,111,63,38,86,124,191,144,13,0,90,119,17,22,7,87,52,20,11,0,4,12,0,0,0
G3600850020801,1970,1,2,New York,36,Richmond,085,,,020801,A,5600,,Tract  208.01,0,1,G,0,0,0,10,0,0,0,0,4,0,17,17,26,0,0,14,0,6,0,0,0,5,0,0,0,0,0,0,0,0
G3600850020802,1970,1,2,New York,36,Richmond,085,,,020802,A,5600,,Tract  208.02,0,1,G,10,0,6,14,5,22,6,45,42,49,233,124,251,28,0,10,10,22,0,5,10,5,20,0,6,0,4,0,0,0
G36008500213,1970,1,2,New York,36,Richmond,085,,,0213,A,5600,,Tract  213,0,1,G,24,15,29,25,29,39,80,80,77,69,148,194,230,26,5,40,34,77,9,22,17,30,21,28,0,6,0,0,0,0
G36008500219,1970,1,2,New York,36,Richmond,085,,,0219,A,5600,,Tract  219,0,1,G,0,4,0,10,5,6,15,16,21,15,27,20,37,0,0,0,23,0,5,12,4,0,4,0,0,4,0,0,0,0
G36008500223,1970,1,2,New York,36,Richmond,085,,,0223,A,5600,,Tract  223,0,1,G,14,0,20,17,15,26,38,45,32,26,80,99,99,0,0,14,60,6,0,17,12,19,4,4,7,4,4,0,0,0
G36008500226,1970,1,2,New York,36,Richmond,085,,,0226,A,5600,,Tract  226,0,1,G,0,15,9,26,13,7,17,51,15,0,42,122,101,17,0,19,33,0,6,7,18,0,11,0,6,15,0,0,0,0
G36008500231,1970,1,2,New York,36,Richmond,085,,,0231,A,5600,,Tract  231,0,1,G,38,22,4,12,38,36,25,42,42,30,73,73,111,11,0,15,10,11,10,5,11,0,0,0,0,0,0,0,0,0
G36008500236,1970,1,2,New York,36,Richmond,085,,,0236,A,5600,,Tract  236,0,1,G,0,0,0,0,0,0,7,0,0,0,0,19,6,0,0,20,0,13,22,30,4,9,4,5,0,0,10,0,0,0
G36008500239,1970,1,2,New York,36,Richmond,085,,,0239,A,5600,,Tract  239,0,1,G,24,15,17,25,11,20,31,36,41,56,99,38,111,0,0,24,19,5,15,23,4,16,10,14,0,0,0,0,0,0
G36008500244,1970,1,2,New York,36,Richmond,085,,,0244,A,5600,,Tract  244,0,1,G,0,18,18,26,20,36,38,41,56,32,164,151,221,28,0,43,32,29,25,9,11,8,9,0,4,4,8,0,0,0
G36008500247,1970,1,2,New York,36,Richmond,085,,,0247,A,5600,,Tract  247,0,1,G,10,5,10,18,5,38,45,23,33,51,122,133,158,5,0,31,30,42,14,0,12,16,16,9,4,12,0,0,0,0
G36008500248,1970,1,2,New York,36,Richmond,085,,,0248,A,5600,,Tract  248,0,1,G,30,16,28,38,40,15,33,31,40,64,136,167,173,23,5,32,37,32,19,5,0,13,13,7,0,13,0,7,0,0
G36008500251,1970,1,2,New York,36,Richmond,085,,,0251,A,5600,,Tract  251,0,1,G,0,6,16,0,0,27,48,63,107,66,205,246,383,80,5,18,60,4,5,5,0,0,0,11,11,5,0,6,0,0
G3600850027301,1970,1,2,New York,36,Richmond,085,,,027301,A,5600,,Tract  273.01,0,1,G,0,0,0,5,0,0,5,16,12,10,39,20,39,22,8,0,5,6,6,10,19,28,0,11,6,5,0,12,0,0
G3600850027302,1970,1,2,New York,36,Richmond,085,,,027302,A,5600,,Tract  273.02,0,1,G,0,5,0,0,15,5,48,29,10,39,65,110,159,19,0,4,0,0,0,11,16,0,0,0,0,0,0,5,0,0
G36008500277,1970,1,2,New York,36,Richmond,085,,,0277,A,5600,,Tract  277,0,1,G,7,0,0,5,15,7,5,28,37,9,53,72,136,34,0,0,5,0,0,0,0,0,0,5,0,0,0,0,0,0
G36008500279,1970,1,2,New York,36,Richmond,085,,,0279,A,5600,,Tract  279,0,1,G,0,17,7,0,13,8,19,0,10,5,18,57,124,67,0,9,5,20,4,0,6,8,7,6,4,0,10,6,0,0
G36008500291,1970,1,2,New York,36,Richmond,085,,,0291,A,5600,,Tract  291,0,1,G,17,22,14,12,66,49,58,39,69,97,357,480,595,57,3,26,33,26,17,32,7,6,17,11,16,0,23,5,0,0
G36008500303,1970,1,2,New York,36,Richmond,085,,,0303,A,5600,,Tract  303,0,1,G,6,0,11,12,17,0,28,15,32,14,95,72,112,8,5,3,21,10,5,13,0,11,17,6,0,34,0,6,0,0
G3600850031901,1970,1,2,New York,36,Richmond,085,,,031901,A,5600,,Tract  319.01,0,1,G,64,36,47,39,55,56,69,43,48,34,81,28,51,0,0,28,62,22,3,4,6,9,0,0,0,0,0,0,0,0
G3600850031902,1970,1,2,New York,36,Richmond,085,,,031902,A,5600,,Tract  319.02,0,1,G,16,10,16,42,19,35,38,46,32,65,54,63,85,0,0,11,25,25,0,6,0,22,5,0,7,0,3,0,0,0
G36008500323,1970,1,2,New York,36,Richmond,085,,,0323,A,5600,,Tract  323,0,1,G,0,0,0,9,7,10,0,20,5,10,11,23,23,8,0,0,3,10,3,6,0,9,0,0,9,0,0,0,0,0
G36008700101,1970,1,2,New York,36,Rockland,087,,,0101,A,5600,,Tract  101,1,1,G,11,31,36,39,27,56,49,74,78,158,309,420,452,37,0,42,40,40,14,14,26,16,29,26,6,14,11,7,0,0
G36008700102,1970,1,2,New York,36,Rockland,087,,,0102,A,5600,,Tract  102,1,1,G,10,11,5,37,16,26,30,51,55,87,193,229,240,39,0,27,39,20,11,28,5,0,18,10,0,22,0,12,0,0
G36008700103,1970,1,2,New York,36,Rockland,087,,,0103,A,5600,,Tract  103,1,1,G,0,0,0,0,0,0,0,0,0,0,0,0,0,0,0,13,0,9,5,20,19,9,15,18,5,0,5,0,0,0
G36008700104,1970,1,2,New York,36,Rockland,087,,,0104,A,5600,,Tract  104,1,1,G,0,0,0,0,5,11,4,0,9,0,4,10,14,14,5,4,0,20,20,13,33,35,4,14,5,5,5,0,0,0
G36008700105,1970,1,2,New York,36,Rockland,087,,,0105,A,5600,,Tract  105,1,1,G,13,49,18,10,14,21,41,58,59,93,255,339,400,100,9,46,37,30,32,17,16,15,9,10,14,5,26,0,5,0
G36008700106,1970,1,2,New York,36,Rockland,087,,,0106,A,5600,,Tract  106,1,1,G,29,43,52,24,38,79,63,76,155,171,419,444,425,41,0,59,51,34,50,31,49,4,30,19,32,33,19,9,0,0
G36008700107,1970,1,2,New York,36,Rockland,087,,,0107,A,5600,,Tract  107,1,1,G,56,43,77,77,57,68,77,97,89,117,358,315,402,74,5,77,71,84,85,90,47,72,34,0,18,37,7,0,0,0
G36008700108,1970,1,2,New York,36,Rockland,087,,,0108,A,5600,,Tract  108,1,1,G,16,14,27,35,23,55,43,83,60,127,282,525,1302,622,36,59,60,28,12,16,11,26,10,15,8,6,28,27,0,0
G36008700109,1970,1,2,New York,36,Rockland,087,,,0109,A,5600,,Tract  109,1,1,G,12,17,14,52,38,40,47,72,77,45,171,280,473,150,17,26,63,43,17,0,30,0,24,19,0,13,15,7,0,0
G36008700110,1970,1,2,New York,36,Rockland,087,,,0110,A,5600,,Tract  110,1,1,G,7,7,18,17,0,28,14,43,6,23,48,92,154,128,11,18,41,9,10,21,12,24,10,5,0,5,16,5,4,7
G36008700111,1970,1,2,New York,36,Rockland,087,,,0111,A,5600,,Tract  111,1,1,G,13,25,34,29,40,60,74,55,70,78,293,399,607,109,0,72,71,24,64,44,18,15,34,17,16,20,20,24,0,0
G36008700112,1970,1,2,New York,36,Rockland,087,,,0112,A,5600,,Tract  112,1,1,G,0,10,6,11,19,19,18,42,51,26,161,180,532,176,38,12,32,15,6,5,15,38,19,0,5,19,5,9,5,0
G36008700113,1970,1,2,New York,36,Rockland,087,,,0113,A,5600,,Tract  113,1,1,G,16,12,30,65,63,70,67,76,62,100,382,445,845,195,13,62,103,65,33,36,26,30,31,58,24,24,47,12,6,0
G36008700114,1970,1,2,New York,36,Rockland,087,,,0114,A,5600,,Tract  114,1,1,G,35,28,22,43,25,44,70,95,74,58,371,683,1130,327,41,30,47,19,9,20,32,13,14,3,11,30,9,4,4,0
G36008700115,1970,1,2,New York,36,Rockland,087,,,0115,A,5600,,Tract  115,1,1,G,75,22,58,19,84,75,98,105,166,101,391,698,1527,615,59,89,76,38,77,33,28,17,28,5,10,30,37,25,0,0
G36008700116,1970,1,2,New York,36,Rockland,087,,,0116,A,5600,,Tract  116,1,1,G,30,19,21,22,20,29,47,58,57,84,237,460,947,375,38,56,30,47,17,5,4,22,21,0,6,19,15,0,0,0
G36008700117,1970,1,2,New York,36,Rockland,087,,,0117,A,5600,,Tract  117,1,1,G,11,24,18,40,15,10,27,62,35,75,138,145,165,41,0,25,38,19,4,3,11,0,4,0,4,16,10,4,0,0
G36008700118,1970,1,2,New York,36,Rockland,087,,,0118,A,5600,,Tract  118,1,1,G,12,21,14,12,10,11,15,7,22,10,41,66,56,6,0,25,15,6,0,13,6,0,0,0,0,5,0,0,0,0
G36008700119,1970,1,2,New York,36,Rockland,087,,,0119,A,5600,,Tract  119,1,1,G,31,30,43,69,29,25,48,101,95,74,243,293,382,85,6,81,90,80,52,36,60,48,19,26,5,15,0,19,0,0
G36008700120,1970,1,2,New York,36,Rockland,087,,,0120,A,5600,,Tract  120,1,1,G,0,0,0,5,9,0,12,10,5,16,73,89,276,68,0,0,35,5,9,6,5,10,5,5,16,5,17,15,0,0
G36008700121,1970,1,2,New York,36,Rockland,087,,,0121,A,5600,,Tract  121,1,1,G,64,37,60,32,39,70,76,140,123,59,221,295,692,250,39,91,35,22,17,3,33,17,10,0,0,0,12,11,6,0
G36008700122,1970,1,2,New York,36,Rockland,087,,,0122,A,5600,,Tract  122,1,1,G,47,25,39,81,89,86,73,80,111,90,235,384,644,125,5,39,79,53,55,20,20,45,13,12,6,13,19,0,7,0
G36008700123,1970,1,2,New York,36,Rockland,087,,,0123,A,5600,,Tract  123,1,1,G,24,41,60,65,109,65,110,67,70,90,175,148,89,28,0,99,129,60,56,60,35,15,37,9,27,59,0,0,0,0
G36008700124,1970,1,2,New York,36,Rockland,087,,,0124,A,5600,,Tract  124,1,1,G,35,45,50,57,36,69,68,101,128,77,278,266,311,42,0,75,102,61,65,31,37,34,29,22,17,7,50,32,0,0
G36008700125,1970,1,2,New York,36,Rockland,087,,,0125,A,5600,,Tract  125,1,1,G,5,24,40,33,22,10,41,51,41,84,252,366,992,305,10,54,21,24,24,18,22,18,7,6,0,21,11,5,14,0
G36008700126,1970,1,2,New York,36,Rockland,087,,,0126,A,5600,,Tract  126,1,1,G,0,18,4,5,37,34,32,45,37,80,285,256,676,140,0,28,10,14,36,15,5,5,20,10,0,19,9,0,0,0
G36008700127,1970,1,2,New York,36,Rockland,087,,,0127,A,5600,,Tract  127,1,1,G,42,37,28,8,39,28,37,36,85,69,163,214,361,41,20,63,91,31,53,43,9,30,31,32,23,30,12,9,0,0
G36008700128,1970,1,2,New York,36,Rockland,087,,,0128,A,5600,,Tract  128,1,1,G,14,11,6,6,15,12,5,46,37,38,168,263,571,142,16,9,0,7,7,4,0,10,10,10,6,13,0,5,0,0
G36008700129,1970,1,2,New York,36,Rockland,087,,,0129,A,5600,,Tract  129,1,1,G,0,0,0,0,0,0,0,0,0,0,0,0,0,18,8,67,47,47,16,82,97,172,47,18,4,21,5,0,11,11
G36008700130,1970,1,2,New York,36,Rockland,087,,,0130,A,5600,,Tract  130,1,1,G,26,13,15,29,30,40,21,46,40,53,244,516,924,276,18,182,81,58,43,40,10,17,26,8,16,51,26,5,0,0
G36008700131,1970,1,2,New York,36,Rockland,087,,,0131,A,5600,,Tract  131,1,1,G,73,21,41,99,40,77,106,124,101,110,219,263,324,73,10,125,174,99,91,21,72,92,33,29,30,58,61,38,0,4
G36008700132,1970,1,2,New York,36,Rockland,087,,,0132,A,5600,,Tract  132,1,1,G,14,25,0,16,24,42,25,63,43,76,98,106,201,70,19,216,196,69,111,28,28,28,31,0,12,19,26,17,6,0
G36008700133,1970,1,2,New York,36,Rockland,087,,,0133,A,5600,,Tract  133,1,1,G,5,18,13,14,26,39,24,48,35,22,98,53,156,71,0,4,27,24,22,19,16,13,13,7,0,15,17,0,0,4
G36008700134,1970,1,2,New York,36,Rockland,087,,,0134,A,5600,,Tract  134,1,1,G,10,4,26,30,27,47,16,38,47,73,285,313,721,306,44,39,29,33,12,32,7,25,15,6,6,10,6,6,0,0
G36009100601,1970,1,2,New York,36,Saratoga,091,,,0601,,0160,,Tract  601,1,1,F,8,12,22,35,95,61,97,71,93,129,234,312,258,29,0,27,35,30,19,22,9,16,10,12,0,6,5,4,0,0
G36009100602,1970,1,2,New York,36,Saratoga,091,,,0602,,0160,,Tract  602,1,1,F,18,26,47,35,65,47,40,120,103,85,166,170,129,15,0,60,40,54,19,22,25,14,10,0,17,0,0,5,0,0
G36009100603,1970,1,2,New York,36,Saratoga,091,,,0603,,0160,,Tract  603,1,1,F,3,34,10,26,20,12,51,13,60,63,68,104,50,4,0,9,33,14,12,12,0,6,6,4,0,0,0,0,0,0
G36009100604,1970,1,2,New York,36,Saratoga,091,,,0604,,0160,,Tract  604,1,1,F,17,4,35,23,66,62,62,69,35,70,136,101,151,14,0,10,89,15,19,22,7,7,12,7,12,14,0,0,0,0
G36009100605,1970,1,2,New York,36,Saratoga,091,,,0605,,0160,,Tract  605,1,1,F,15,51,41,28,42,64,62,104,32,114,99,88,87,5,0,40,45,19,7,26,0,5,10,0,0,6,0,10,0,0
G36009100606,1970,1,2,New York,36,Saratoga,091,,,0606,,0160,,Tract  606,1,1,F,27,23,23,32,18,37,61,82,106,81,136,114,101,6,0,843,277,103,24,15,21,27,11,6,6,6,22,5,0,0
G36009100607,1970,1,2,New York,36,Saratoga,091,,,0607,,0160,,Tract  607,1,1,F,5,5,29,14,36,42,87,68,78,47,108,93,67,11,10,53,33,19,38,29,30,11,0,5,11,0,5,0,0,0
G36009100608,1970,1,2,New York,36,Saratoga,091,,,0608,,0160,,Tract  608,1,1,F,16,17,17,17,23,47,36,42,60,29,61,58,19,4,0,27,6,5,0,0,0,0,13,0,5,6,0,0,0,0
G36009100609,1970,1,2,New York,36,Saratoga,091,,,0609,,0160,,Tract  609,1,1,F,0,21,63,42,66,70,60,67,98,78,150,172,111,34,0,69,48,21,58,0,13,21,4,10,0,10,4,0,0,0
G36009100610,1970,1,2,New York,36,Saratoga,091,,,0610,,0160,,Tract  610,1,1,F,42,29,58,58,49,111,71,76,82,75,124,132,99,9,0,669,210,101,72,79,45,17,17,21,7,25,6,19,0,0
G36009100611,1970,1,2,New York,36,Saratoga,091,,,0611,,0160,,Tract  611,1,1,F,14,22,64,66,62,43,65,110,103,85,275,217,289,101,0,52,56,60,69,52,29,21,6,5,17,17,10,4,0,0
G36009100612,1970,1,2,New York,36,Saratoga,091,,,0612,,0160,,Tract  612,1,1,F,46,46,61,51,100,98,84,126,105,68,238,155,166,39,5,169,80,57,24,19,5,46,20,4,4,7,5,20,0,0
G36009100613,1970,1,2,New York,36,Saratoga,091,,,0613,,0160,,Tract  613,1,1,F,4,23,11,13,18,35,56,28,56,67,115,118,126,38,0,47,42,15,40,10,6,21,11,4,7,0,0,0,0,0
G36009100614,1970,1,2,New York,36,Saratoga,091,,,0614,,0160,,Tract  614,1,1,F,45,44,18,40,42,47,133,128,107,184,288,277,197,36,11,39,42,34,10,19,35,11,5,6,29,5,8,0,0,0
G36009100615,1970,1,2,New York,36,Saratoga,091,,,0615,,0160,,Tract  615,1,1,F,5,20,17,17,42,29,76,37,52,21,138,86,66,29,0,0,24,13,20,5,23,0,5,6,6,4,12,0,0,0
G36009100616,1970,1,2,New York,36,Saratoga,091,,,0616,,0160,,Tract  616,1,1,F,11,24,0,30,16,40,26,46,54,48,173,225,221,43,5,16,28,9,9,8,11,0,0,0,0,0,9,4,0,0
G36009100617,1970,1,2,New York,36,Saratoga,091,,,0617,,0160,,Tract  617,1,1,F,28,35,34,32,40,28,48,97,100,93,219,299,355,58,22,91,85,31,13,4,5,9,4,9,6,19,8,4,0,0
G36009100618,1970,1,2,New York,36,Saratoga,091,,,0618,,0160,,Tract  618,1,1,F,30,63,55,11,55,96,49,124,106,70,213,207,185,67,0,113,95,72,31,28,19,25,25,0,6,5,10,5,0,0
G36009100619,1970,1,2,New York,36,Saratoga,091,,,0619,,0160,,Tract  619,1,1,F,19,38,43,20,47,64,72,82,105,80,159,122,130,19,0,32,16,30,11,5,17,8,28,6,12,0,9,10,0,0
G36009100620,1970,1,2,New York,36,Saratoga,091,,,0620,,0160,,Tract  620,1,1,F,27,21,54,26,26,43,66,57,58,109,152,168,133,8,10,17,53,20,0,17,14,12,8,16,4,10,3,0,0,0
G36009100621,1970,1,2,New York,36,Saratoga,091,,,0621,,0160,,Tract  621,1,1,F,0,4,24,8,10,23,20,25,23,62,49,52,46,7,0,25,6,24,21,11,11,0,17,0,4,6,0,0,0,0
G36009100622,1970,1,2,New York,36,Saratoga,091,,,0622,,0160,,Tract  622,1,1,F,24,17,37,64,26,66,40,72,59,140,124,143,105,11,5,34,52,7,8,17,25,14,20,9,6,18,0,0,0,0
G36009100623,1970,1,2,New York,36,Saratoga,091,,,0623,,0160,,Tract  623,1,1,F,7,13,11,35,31,27,32,59,72,32,118,126,83,24,0,34,63,29,22,22,55,19,11,11,7,19,0,0,0,0
G36009100624,1970,1,2,New York,36,Saratoga,091,,,0624,,0160,,Tract  624,1,1,F,24,48,67,31,70,78,126,194,213,183,418,490,448,17,5,53,66,31,40,38,47,44,20,32,18,9,13,9,0,0
G36009100625,1970,1,2,New York,36,Saratoga,091,,,0625,,0160,,Tract  625,1,1,F,11,21,10,5,30,28,56,57,52,89,368,541,1176,227,5,31,31,8,15,24,5,0,5,9,5,8,5,15,6,0
G36009100626,1970,1,2,New York,36,Saratoga,091,,,0626,,0160,,Tract  626,1,1,F,13,15,0,15,21,46,15,45,32,61,115,165,203,61,8,25,30,4,13,12,12,0,0,0,0,11,0,8,0,0
G36009100627,1970,1,2,New York,36,Saratoga,091,,,0627,,0160,,Tract  627,1,1,F,7,5,15,14,13,43,25,79,101,89,247,286,215,24,8,42,68,39,27,13,31,14,9,9,0,4,0,0,0,0
G36009100628,1970,1,2,New York,36,Saratoga,091,,,0628,,0160,,Tract  628,1,1,F,29,13,31,34,47,53,64,69,75,62,162,118,68,0,0,40,48,40,15,16,24,10,20,5,0,5,0,0,0,0
G36009300201,1970,1,2,New York,36,Schenectady,093,,,0201,,0160,,Tract  201,0,1,F,21,19,67,81,43,96,116,94,76,103,253,295,307,50,2,65,60,49,29,32,41,10,19,15,9,5,42,49,0,0
G36009300202,1970,1,2,New York,36,Schenectady,093,,,0202,,0160,,Tract  202,0,1,F,32,20,44,37,44,62,94,137,67,39,96,96,105,9,5,65,63,53,41,15,12,17,18,20,29,3,0,0,0,0
G36009300203,1970,1,2,New York,36,Schenectady,093,,,0203,,0160,,Tract  203,0,1,F,25,10,0,7,27,55,17,48,27,0,23,32,48,6,0,74,45,56,35,11,5,10,17,25,5,0,0,0,0,0
G36009300204,1970,1,2,New York,36,Schenectady,093,,,0204,,0160,,Tract  204,0,1,F,5,16,14,44,16,27,41,26,45,26,92,124,108,58,35,604,606,123,74,48,65,51,51,9,11,21,16,5,11,0
G36009300205,1970,1,2,New York,36,Schenectady,093,,,0205,,0160,,Tract  205,0,1,F,7,13,16,37,57,80,40,92,144,100,231,278,421,111,15,63,52,40,55,71,76,17,22,12,18,30,17,39,0,6
G36009300206,1970,1,2,New York,36,Schenectady,093,,,0206,,0160,,Tract  206,0,1,F,15,4,14,26,50,25,60,85,86,81,125,226,218,82,17,75,46,40,29,38,26,33,36,30,16,28,17,12,0,0
G36009300207,1970,1,2,New York,36,Schenectady,093,,,0207,,0160,,Tract  207,0,1,F,51,27,75,41,81,72,81,98,155,89,209,253,180,38,6,72,98,64,80,48,73,36,10,11,12,11,15,16,0,0
G36009300208,1970,1,2,New York,36,Schenectady,093,,,0208,,0160,,Tract  208,0,1,F,28,31,38,62,58,95,80,93,166,68,190,198,88,13,7,139,220,99,44,92,97,35,51,28,25,35,21,9,0,0
G36009300209,1970,1,2,New York,36,Schenectady,093,,,0209,,0160,,Tract  209,0,1,F,44,29,78,101,109,117,50,103,160,116,175,130,85,5,13,114,134,115,60,94,65,39,39,17,10,21,14,0,5,0
G3600930021001,1970,1,2,New York,36,Schenectady,093,,,021001,,0160,,Tract  210.01,0,1,F,3,4,5,22,8,23,4,10,4,0,35,25,34,5,0,96,155,25,67,27,44,25,35,26,0,27,6,4,0,0
G3600930021002,1970,1,2,New York,36,Schenectady,093,,,021002,,0160,,Tract  210.02,0,1,F,50,41,93,93,81,103,73,52,46,48,87,74,31,13,0,193,309,141,96,70,55,36,16,5,6,24,6,5,0,0
G3600930021101,1970,1,2,New York,36,Schenectady,093,,,021101,,0160,,Tract  211.01,0,1,F,0,14,11,12,14,12,16,24,31,0,63,48,66,18,0,90,49,8,28,51,66,49,15,33,34,34,31,6,0,0
G3600930021102,1970,1,2,New York,36,Schenectady,093,,,021102,,0160,,Tract  211.02,0,1,F,6,5,0,0,5,0,9,11,0,0,14,0,11,0,0,13,36,14,28,14,41,11,14,10,12,10,14,0,6,0
G3600930021103,1970,1,2,New York,36,Schenectady,093,,,021103,,0160,,Tract  211.03,0,1,F,5,0,5,11,6,0,26,15,6,17,13,11,0,0,0,16,10,11,8,0,0,0,0,0,0,0,6,0,0,0
G36009300212,1970,1,2,New York,36,Schenectady,093,,,0212,,0160,,Tract  212,0,1,F,9,8,50,41,38,132,114,134,81,110,134,99,107,5,0,41,63,38,37,30,16,6,8,5,0,15,4,5,0,0
G36009300213,1970,1,2,New York,36,Schenectady,093,,,0213,,0160,,Tract  213,0,1,F,13,36,40,29,62,82,77,97,86,102,229,166,134,34,0,38,79,75,21,51,25,11,17,21,0,15,4,0,0,0
G36009300214,1970,1,2,New York,36,Schenectady,093,,,0214,,0160,,Tract  214,0,1,F,19,25,27,45,70,82,102,125,102,94,143,133,64,22,0,61,97,82,37,30,63,42,19,14,10,7,4,4,0,0
G36009300215,1970,1,2,New York,36,Schenectady,093,,,0215,,0160,,Tract  215,0,1,F,17,20,45,36,32,63,89,121,71,86,104,158,86,16,0,41,42,28,42,52,22,27,24,25,3,6,0,0,0,0
G36009300216,1970,1,2,New York,36,Schenectady,093,,,0216,,0160,,Tract  216,0,1,F,19,19,41,74,33,91,68,126,101,62,242,196,144,20,0,30,69,59,13,22,27,14,13,0,9,5,5,5,0,4
G36009300217,1970,1,2,New York,36,Schenectady,093,,,0217,,0160,,Tract  217,0,1,F,45,21,31,72,88,137,198,80,94,77,131,116,130,21,0,94,120,46,36,33,80,23,17,11,9,5,5,4,0,0
G36009300218,1970,1,2,New York,36,Schenectady,093,,,0218,,0160,,Tract  218,0,1,F,10,27,19,33,114,63,66,142,99,150,272,271,360,24,0,53,66,71,60,21,14,46,47,9,13,25,9,15,0,0
G36009300319,1970,1,2,New York,36,Schenectady,093,,,0319,,0160,,Tract  319,0,1,F,11,11,27,26,14,51,51,59,52,75,182,207,500,174,28,44,32,19,72,30,20,24,5,9,0,21,23,26,7,0
G36009300320,1970,1,2,New York,36,Schenectady,093,,,0320,,0160,,Tract  320,0,1,F,22,18,24,28,39,25,51,50,64,69,177,321,595,183,42,32,19,39,41,49,46,19,3,14,13,32,29,9,0,0
G36009300321,1970,1,2,New York,36,Schenectady,093,,,0321,,0160,,Tract  321,0,1,F,8,14,10,36,48,10,33,29,67,59,144,169,549,388,82,23,20,10,38,6,18,5,9,15,0,35,6,0,0,3
G36009300322,1970,1,2,New York,36,Schenectady,093,,,0322,,0160,,Tract  322,0,1,F,24,8,31,37,13,71,48,52,130,109,150,189,176,50,5,20,46,58,58,45,50,0,24,6,11,22,6,11,0,0
G36009300323,1970,1,2,New York,36,Schenectady,093,,,0323,,0160,,Tract  323,0,1,F,0,17,29,39,33,70,49,98,85,42,132,160,131,9,5,51,41,28,24,32,17,35,22,10,0,16,13,6,0,0
G3600930032401,1970,1,2,New York,36,Schenectady,093,,,032401,,0160,,Tract  324.01,0,1,F,23,53,34,28,42,76,85,99,127,187,300,384,675,157,21,17,88,27,20,17,25,24,10,9,0,30,11,4,0,0
G3600930032402,1970,1,2,New York,36,Schenectady,093,,,032402,,0160,,Tract  324.02,0,1,F,30,14,10,16,17,27,19,25,21,45,58,107,154,41,6,9,32,11,12,4,13,0,5,6,0,0,12,5,0,0
G3600930032501,1970,1,2,New York,36,Schenectady,093,,,032501,,0160,,Tract  325.01,0,1,F,16,11,24,25,18,38,62,92,80,97,242,328,479,122,0,28,20,38,28,15,15,11,14,5,12,0,6,0,0,0
G3600930032502,1970,1,2,New York,36,Schenectady,093,,,032502,,0160,,Tract  325.02,0,1,F,31,0,12,9,12,27,24,45,41,61,135,246,338,24,9,7,0,21,13,0,5,0,4,0,6,5,0,6,0,0
G36009300326,1970,1,2,New York,36,Schenectady,093,,,0326,,0160,,Tract  326,0,1,F,4,12,16,36,34,44,74,68,69,117,214,206,242,67,0,37,25,4,13,5,10,9,11,6,5,16,5,0,0,0
G36009300327,1970,1,2,New York,36,Schenectady,093,,,0327,,0160,,Tract  327,0,1,F,29,22,37,36,38,70,131,99,105,98,243,225,197,0,0,6,46,27,29,48,19,23,4,14,0,4,5,5,0,0
G36009300328,1970,1,2,New York,36,Schenectady,093,,,0328,,0160,,Tract  328,0,1,F,11,4,30,28,36,32,49,47,80,72,108,154,102,9,0,41,70,10,16,14,6,17,6,0,5,9,0,5,0,0
G36009300329,1970,1,2,New York,36,Schenectady,093,,,0329,,0160,,Tract  329,0,1,F,0,0,0,0,0,0,0,5,5,0,10,0,0,0,0,0,0,0,0,0,0,0,0,0,0,0,0,0,0,0
G3600930032901,1970,1,2,New York,36,Schenectady,093,,,032901,,0160,,Tract  329.01,0,1,F,11,0,0,18,23,75,50,57,93,134,232,370,205,19,0,28,13,27,28,22,17,0,10,14,13,8,0,5,0,0
G3600930032902,1970,1,2,New York,36,Schenectady,093,,,032902,,0160,,Tract  329.02,0,1,F,0,5,37,25,87,43,66,86,89,197,289,268,279,28,5,22,30,32,5,15,14,5,24,4,0,4,0,12,0,0
G3600930033001,1970,1,2,New York,36,Schenectady,093,,,033001,,0160,,Tract  330.01,0,1,F,17,46,29,60,43,57,98,54,138,176,359,364,426,47,7,15,62,26,43,19,15,15,5,0,5,5,6,6,0,5
G3600930033002,1970,1,2,New York,36,Schenectady,093,,,033002,,0160,,Tract  330.02,0,1,F,0,9,0,0,5,9,22,27,38,27,65,86,60,5,0,5,7,11,0,0,0,16,0,0,0,0,5,0,0,0
G36009300331,1970,1,2,New York,36,Schenectady,093,,,0331,,0160,,Tract  331,0,1,F,22,19,47,47,42,80,130,81,78,133,225,237,154,20,0,44,31,28,24,13,19,17,14,26,5,4,0,6,0,0
G3601030110101,1970,1,2,New York,36,Suffolk,103,,,110101,A,5600,,Tract 1101.01,1,1,G,0,3,0,11,10,0,9,10,0,11,37,24,169,332,145,61,49,19,4,16,3,5,0,0,0,9,0,16,0,0
G3601030110102,1970,1,2,New York,36,Suffolk,103,,,110102,,5600,,Tract 1101.02,1,1,G,32,5,6,0,18,28,11,44,43,42,62,171,511,324,66,30,11,0,26,13,24,8,5,7,0,10,4,23,0,0
G36010301102,1970,1,2,New York,36,Suffolk,103,,,1102,A,5600,,Tract 1102,1,1,G,25,15,28,15,20,24,50,24,59,44,130,225,545,339,38,48,71,72,34,35,35,4,20,13,20,23,33,5,11,0
G36010301103,1970,1,2,New York,36,Suffolk,103,,,1103,A,5600,,Tract 1103,1,1,G,6,27,4,9,35,32,39,31,50,32,100,179,489,334,57,26,38,18,31,11,41,9,3,6,5,22,21,19,0,0
G36010301104,1970,1,2,New York,36,Suffolk,103,,,1104,A,5600,,Tract 1104,1,1,G,5,24,10,22,21,28,42,65,70,42,168,267,647,319,41,16,42,40,44,14,14,21,0,18,16,30,20,10,9,0
G36010301105,1970,1,2,New York,36,Suffolk,103,,,1105,A,5600,,Tract 1105,1,1,G,24,13,28,39,25,34,13,47,49,61,125,218,516,238,34,40,34,46,6,10,5,7,15,5,11,7,28,28,0,0
G36010301106,1970,1,2,New York,36,Suffolk,103,,,1106,A,5600,,Tract 1106,1,1,G,27,33,6,64,28,66,30,49,112,56,225,349,640,215,15,62,64,48,29,39,43,41,28,10,64,33,55,36,0,0
G36010301107,1970,1,2,New York,36,Suffolk,103,,,1107,A,5600,,Tract 1107,1,1,G,0,0,0,0,0,0,0,8,0,8,16,32,88,56,0,0,0,0,0,0,0,0,0,0,0,0,0,0,0,0
G36010301108,1970,1,2,New York,36,Suffolk,103,,,1108,A,5600,,Tract 1108,1,1,G,20,5,11,30,39,20,36,30,64,55,139,175,711,166,28,155,47,47,33,5,28,58,24,18,26,26,27,25,0,0
G36010301109,1970,1,2,New York,36,Suffolk,103,,,1109,A,5600,,Tract 1109,1,1,G,25,33,26,30,46,63,79,83,87,60,226,311,568,94,11,95,73,76,38,45,19,29,10,17,9,22,33,10,0,0
G36010301110,1970,1,2,New York,36,Suffolk,103,,,1110,A,5600,,Tract 1110,1,1,G,6,23,54,61,78,65,82,53,82,138,214,285,306,82,0,26,78,70,27,35,28,14,29,6,4,4,3,3,5,9
G36010301111,1970,1,2,New York,36,Suffolk,103,,,1111,A,5600,,Tract 1111,1,1,G,37,16,39,37,40,35,86,71,142,129,251,366,404,70,3,41,58,65,20,34,11,41,30,0,5,7,3,12,0,0
G36010301112,1970,1,2,New York,36,Suffolk,103,,,1112,A,5600,,Tract 1112,1,1,G,50,21,28,29,63,121,78,119,136,184,314,415,469,98,14,69,41,39,46,40,23,9,10,21,17,31,10,5,0,0
G36010301113,1970,1,2,New York,36,Suffolk,103,,,1113,A,5600,,Tract 1113,1,1,G,5,4,9,10,14,11,16,6,11,24,78,132,531,280,79,17,19,10,26,5,8,5,9,0,0,0,11,6,0,0
G36010301114,1970,1,2,New York,36,Suffolk,103,,,1114,A,5600,,Tract 1114,1,1,G,12,5,21,5,22,26,38,45,43,63,225,213,750,203,46,16,37,21,7,6,5,0,12,17,0,10,11,17,0,0
G3601030111501,1970,1,2,New York,36,Suffolk,103,,,111501,A,5600,,Tract 1115.01,1,1,G,10,13,13,4,28,63,24,24,25,58,156,253,532,122,18,38,5,0,4,5,0,4,0,4,0,4,0,0,4,0
G3601030111502,1970,1,2,New York,36,Suffolk,103,,,111502,A,5600,,Tract 1115.02,1,1,G,51,57,42,39,25,11,58,59,157,109,264,426,787,128,10,21,33,17,25,0,10,16,10,11,19,12,5,20,0,0
G36010301116,1970,1,2,New York,36,Suffolk,103,,,1116,A,5600,,Tract 1116,1,1,G,9,11,28,32,57,80,65,85,121,136,287,315,668,93,5,43,43,24,11,36,21,21,16,5,5,6,10,11,0,0
G3601030111701,1970,1,2,New York,36,Suffolk,103,,,111701,A,5600,,Tract 1117.01,1,1,G,15,20,16,37,20,44,83,72,68,82,206,215,336,64,0,21,58,39,8,17,12,5,6,7,26,13,0,5,0,0
G3601030111702,1970,1,2,New York,36,Suffolk,103,,,111702,A,5600,,Tract 1117.02,1,1,G,29,16,28,6,18,34,37,41,61,74,279,262,619,179,0,15,17,35,11,8,10,12,11,0,0,5,14,5,0,0
G3601030111801,1970,1,2,New York,36,Suffolk,103,,,111801,A,5600,,Tract 1118.01,1,1,G,11,14,20,15,8,15,29,23,34,47,183,210,543,99,6,8,7,4,12,0,0,5,0,0,0,5,0,9,0,0
G3601030111802,1970,1,2,New York,36,Suffolk,103,,,111802,A,5600,,Tract 1118.02,1,1,G,5,0,5,10,15,6,18,21,16,32,133,194,420,68,0,14,0,25,5,0,0,0,0,0,9,8,0,0,0,0
G3601030111803,1970,1,2,New York,36,Suffolk,103,,,111803,A,5600,,Tract 1118.03,1,1,G,13,0,5,6,6,5,11,19,12,25,92,161,359,59,15,5,9,0,5,0,4,0,0,0,0,0,0,0,0,0
G3601030111804,1970,1,2,New York,36,Suffolk,103,,,111804,A,5600,,Tract 1118.04,1,1,G,0,11,0,9,10,10,0,27,8,58,106,159,301,23,13,0,0,6,0,4,0,0,4,0,0,7,0,0,0,0
G36010301119,1970,1,2,New York,36,Suffolk,103,,,1119,A,5600,,Tract 1119,1,1,G,11,9,20,35,8,33,29,26,22,39,193,286,658,293,46,20,27,25,5,9,19,0,10,10,5,7,6,4,8,0
G3601030112001,1970,1,2,New York,36,Suffolk,103,,,112001,A,5600,,Tract 1120.01,1,1,G,30,15,6,46,45,46,28,58,56,89,239,323,376,52,15,17,20,34,0,16,0,16,11,0,16,13,0,7,6,0
G3601030112002,1970,1,2,New York,36,Suffolk,103,,,112002,A,5600,,Tract 1120.02,1,1,G,7,0,27,17,26,44,38,38,72,54,202,286,613,161,9,9,38,8,17,5,17,11,18,33,4,5,7,0,0,0
G3601030112101,1970,1,2,New York,36,Suffolk,103,,,112101,A,5600,,Tract 1121.01,1,1,G,12,12,37,5,43,17,26,67,62,103,199,316,528,78,5,32,29,7,0,6,7,6,17,3,3,11,4,6,0,0
G3601030112102,1970,1,2,New York,36,Suffolk,103,,,112102,A,5600,,Tract 1121.02,1,1,G,11,0,0,5,20,7,8,7,26,18,43,76,353,209,73,7,14,6,10,0,7,0,0,6,0,0,6,5,0,0
G3601030112201,1970,1,2,New York,36,Suffolk,103,,,112201,A,5600,,Tract 1122.01,1,1,G,39,6,16,36,7,19,50,26,67,165,250,289,707,279,22,584,350,103,9,64,36,21,3,0,0,17,19,0,4,0
G3601030112202,1970,1,2,New York,36,Suffolk,103,,,112202,A,5600,,Tract 1122.02,1,1,G,5,15,11,5,29,34,36,53,57,92,196,284,891,607,68,45,121,34,27,5,6,0,9,16,0,23,5,0,6,0
G3601030112203,1970,1,2,New York,36,Suffolk,103,,,112203,A,5600,,Tract 1122.03,1,1,G,26,13,46,32,22,33,47,100,38,84,181,390,877,377,26,56,31,15,4,9,5,5,0,0,5,10,8,10,0,0
G36010301223,1970,1,2,New York,36,Suffolk,103,,,1223,A,5600,,Tract 1223,1,1,G,7,0,3,10,10,44,23,6,38,76,81,176,182,22,0,26,21,2,17,20,6,14,4,0,6,2,3,17,4,0
G3601030122401,1970,1,2,New York,36,Suffolk,103,,,122401,A,5600,,Tract 1224.01,1,1,G,43,46,23,24,11,45,82,61,93,118,273,245,367,54,0,48,54,6,5,6,9,0,0,7,6,6,3,0,0,0
G3601030122402,1970,1,2,New York,36,Suffolk,103,,,122402,A,5600,,Tract 1224.02,1,1,G,57,6,18,38,28,25,50,107,137,91,200,262,253,39,13,39,38,51,0,2,6,21,10,1,0,0,3,0,0,0
G36010301225,1970,1,2,New York,36,Suffolk,103,,,1225,A,5600,,Tract 1225,1,1,G,125,15,10,72,94,112,62,112,152,104,159,268,303,25,6,165,10,16,41,20,42,36,12,11,9,0,0,4,0,0
G3601030122601,1970,1,2,New York,36,Suffolk,103,,,122601,A,5600,,Tract 1226.01,1,1,G,12,18,20,27,16,38,40,82,92,87,309,441,448,43,0,36,20,4,5,27,12,4,6,7,0,6,6,0,0,0
G3601030122602,1970,1,2,New York,36,Suffolk,103,,,122602,A,5600,,Tract 1226.02,1,1,G,15,10,6,15,6,14,31,68,94,65,310,302,454,52,0,6,6,0,0,0,0,7,0,8,0,5,0,8,0,0
G3601030122603,1970,1,2,New York,36,Suffolk,103,,,122603,A,5600,,Tract 1226.03,1,1,G,19,6,24,13,31,19,43,77,62,85,283,476,519,65,0,33,38,0,16,16,0,3,14,7,7,18,0,6,0,0
G3601030122701,1970,1,2,New York,36,Suffolk,103,,,122701,A,5600,,Tract 1227.01,1,1,G,25,46,30,25,19,40,36,63,33,83,276,318,445,58,7,25,19,21,7,21,0,6,10,14,5,23,0,18,0,0
G3601030122702,1970,1,2,New York,36,Suffolk,103,,,122702,A,5600,,Tract 1227.02,1,1,G,12,26,23,77,29,63,63,101,102,118,394,432,495,24,0,22,39,20,6,25,14,14,7,4,6,0,0,0,0,0
G3601030122703,1970,1,2,New York,36,Suffolk,103,,,122703,A,5600,,Tract 1227.03,1,1,G,0,0,0,0,0,0,0,0,0,0,0,0,0,0,0,0,0,0,0,0,0,0,0,0,0,0,0,0,0,0
G3601030122801,1970,1,2,New York,36,Suffolk,103,,,122801,A,5600,,Tract 1228.01,1,1,G,15,0,10,38,37,27,71,69,48,50,198,208,219,30,13,29,12,7,10,6,0,0,8,7,0,6,0,0,0,0
G3601030122802,1970,1,2,New York,36,Suffolk,103,,,122802,A,5600,,Tract 1228.02,1,1,G,13,13,14,7,28,31,34,69,78,51,225,267,344,69,0,16,0,0,4,0,4,0,0,0,0,0,3,4,0,0
G3601030122901,1970,1,2,New York,36,Suffolk,103,,,122901,A,5600,,Tract 1229.01,1,1,G,39,27,20,35,36,35,35,92,97,114,215,240,245,39,0,28,35,18,13,23,0,5,6,0,0,0,0,0,0,0
G3601030122902,1970,1,2,New York,36,Suffolk,103,,,122902,A,5600,,Tract 1229.02,1,1,G,33,19,31,24,36,25,52,64,94,42,204,268,221,21,6,35,12,31,9,6,15,24,20,6,5,11,10,0,0,0
G3601030123001,1970,1,2,New York,36,Suffolk,103,,,123001,A,5600,,Tract 1230.01,1,1,G,0,8,40,21,42,10,31,77,62,99,222,352,314,34,5,34,24,5,9,17,4,0,6,12,5,5,0,0,0,0
G3601030123002,1970,1,2,New York,36,Suffolk,103,,,123002,A,5600,,Tract 1230.02,1,1,G,0,22,16,2,27,7,53,54,70,63,237,203,168,22,0,8,12,12,13,0,0,0,0,0,0,0,0,0,0,0
G3601030123101,1970,1,2,New York,36,Suffolk,103,,,123101,A,5600,,Tract 1231.01,1,1,G,14,5,4,10,6,4,31,34,35,42,134,190,262,69,0,11,26,4,0,6,6,0,5,0,0,4,0,5,0,0
G3601030123102,1970,1,2,New York,36,Suffolk,103,,,123102,A,5600,,Tract 1231.02,1,1,G,45,0,6,10,9,25,12,28,55,57,181,281,401,63,5,10,16,14,15,16,5,10,14,5,9,3,5,4,0,0
G36010301232,1970,1,2,New York,36,Suffolk,103,,,1232,A,5600,,Tract 1232,1,1,G,39,64,28,60,27,48,77,106,56,48,133,95,175,20,0,123,92,54,40,42,40,38,7,0,7,0,7,6,6,0
G36010301233,1970,1,2,New York,36,Suffolk,103,,,1233,A,5600,,Tract 1233,1,1,G,23,52,37,101,79,118,91,107,117,126,235,296,309,57,0,147,63,99,41,44,90,72,33,15,14,17,16,9,0,0
G3601030123401,1970,1,2,New York,36,Suffolk,103,,,123401,A,5600,,Tract 1234.01,1,1,G,8,27,17,39,10,37,42,51,39,73,262,185,202,19,0,123,11,19,3,20,0,5,18,0,5,5,11,0,0,0
G3601030123402,1970,1,2,New York,36,Suffolk,103,,,123402,A,5600,,Tract 1234.02,1,1,G,21,0,5,33,35,10,39,83,120,154,369,347,314,39,0,17,13,16,20,16,13,13,0,20,5,5,0,11,0,0
G36010301235,1970,1,2,New York,36,Suffolk,103,,,1235,A,5600,,Tract 1235,1,1,G,30,38,30,46,64,66,54,97,86,128,166,212,282,74,17,94,99,106,42,57,51,37,34,25,21,26,25,29,10,0
G36010301236,1970,1,2,New York,36,Suffolk,103,,,1236,A,5600,,Tract 1236,1,1,G,5,0,21,5,26,17,48,51,18,73,114,145,434,164,11,10,19,25,28,17,19,0,21,10,0,15,15,16,15,0
G3601030123701,1970,1,2,New York,36,Suffolk,103,,,123701,A,5600,,Tract 1237.01,1,1,G,26,9,30,48,51,43,59,74,94,110,182,166,154,12,0,45,28,19,22,26,29,13,22,12,0,0,6,7,6,0
G3601030123702,1970,1,2,New York,36,Suffolk,103,,,123702,A,5600,,Tract 1237.02,1,1,G,25,19,58,61,42,35,108,85,186,138,392,319,368,70,0,26,44,23,39,27,25,13,33,9,13,11,12,0,0,0
G3601030123801,1970,1,2,New York,36,Suffolk,103,,,123801,A,5600,,Tract 1238.01,1,1,G,8,9,20,15,36,36,14,44,53,62,121,178,236,29,0,13,23,22,23,11,24,18,8,5,0,17,9,0,0,0
G3601030123802,1970,1,2,New York,36,Suffolk,103,,,123802,A,5600,,Tract 1238.02,1,1,G,25,10,25,28,44,54,30,70,58,77,211,166,214,27,0,33,12,0,3,20,0,42,0,17,0,6,12,0,0,0
G36010301239,1970,1,2,New York,36,Suffolk,103,,,1239,A,5600,,Tract 1239,1,1,G,0,9,17,43,33,56,46,52,54,116,193,361,309,39,6,14,33,24,25,23,6,10,0,0,7,7,7,0,0,0
G36010301240,1970,1,2,New York,36,Suffolk,103,,,1240,A,5600,,Tract 1240,1,1,G,22,60,25,41,32,41,70,81,167,148,400,460,481,70,0,52,60,11,11,22,19,17,17,5,0,0,4,6,0,0
G36010301241,1970,1,2,New York,36,Suffolk,103,,,1241,A,5600,,Tract 1241,1,1,G,12,44,50,120,39,57,94,118,163,180,324,397,425,59,6,48,126,31,68,26,18,5,20,25,15,13,25,5,5,0
G36010301242,1970,1,2,New York,36,Suffolk,103,,,1242,A,5600,,Tract 1242,1,1,G,22,26,31,45,42,25,55,88,74,134,272,283,267,18,9,43,49,35,23,16,15,6,0,3,12,10,18,17,0,0
G36010301243,1970,1,2,New York,36,Suffolk,103,,,1243,A,5600,,Tract 1243,1,1,G,15,6,30,24,55,60,75,59,97,99,254,332,322,56,9,20,35,25,22,27,0,5,6,16,9,6,6,0,0,0
G36010301244,1970,1,2,New York,36,Suffolk,103,,,1244,A,5600,,Tract 1244,1,1,G,34,28,16,62,36,32,54,74,136,156,302,335,422,90,5,55,40,20,14,20,0,27,10,4,9,15,26,5,0,0
G36010301245,1970,1,2,New York,36,Suffolk,103,,,1245,A,5600,,Tract 1245,1,1,G,17,21,30,32,29,64,34,55,57,65,219,245,341,73,9,57,58,38,33,10,15,14,18,31,13,31,9,0,0,0
G3601030124601,1970,1,2,New York,36,Suffolk,103,,,124601,A,5600,,Tract 1246.01,1,1,G,10,9,20,16,22,14,9,31,28,54,113,116,272,99,15,15,0,23,0,0,8,20,15,14,0,8,4,9,8,0
G3601030124602,1970,1,2,New York,36,Suffolk,103,,,124602,A,5600,,Tract 1246.02,1,1,G,30,24,17,29,36,56,25,69,58,52,122,143,245,141,25,61,52,47,25,12,17,41,18,10,7,10,31,16,12,0
G3601030134701,1970,1,2,New York,36,Suffolk,103,,,134701,A,5600,,Tract 1347.01,1,1,G,29,11,14,10,20,49,16,39,56,11,97,180,456,213,0,5,27,19,9,19,17,24,16,3,22,16,16,3,0,0
G3601030134702,1970,1,2,New York,36,Suffolk,103,,,134702,A,5600,,Tract 1347.02,1,1,G,0,5,5,4,26,26,75,33,79,108,237,301,375,57,0,27,13,10,18,0,10,10,10,17,15,4,0,0,0,0
G36010301348,1970,1,2,New York,36,Suffolk,103,,,1348,A,5600,,Tract 1348,1,1,G,0,0,0,5,0,0,0,10,5,6,0,22,32,23,0,41,9,7,6,5,10,38,4,9,3,0,7,0,6,0
G3601030134901,1970,1,2,New York,36,Suffolk,103,,,134901,A,5600,,Tract 1349.01,1,1,G,30,26,14,2,13,25,43,45,67,86,286,474,667,106,8,38,15,26,19,10,10,24,15,18,6,17,0,0,0,0
G3601030134902,1970,1,2,New York,36,Suffolk,103,,,134902,A,5600,,Tract 1349.02,1,1,G,9,22,10,11,8,25,24,41,29,82,145,181,475,59,0,31,47,13,0,4,0,7,10,4,0,4,0,0,0,0
G3601030134903,1970,1,2,New York,36,Suffolk,103,,,134903,A,5600,,Tract 1349.03,1,1,G,0,0,0,0,6,0,6,4,0,0,26,60,172,78,5,8,0,0,0,0,0,0,0,5,0,0,0,7,0,0
G3601030134904,1970,1,2,New York,36,Suffolk,103,,,134904,A,5600,,Tract 1349.04,1,1,G,9,27,26,13,12,18,61,45,49,62,115,191,516,225,36,36,59,27,12,10,14,8,8,8,5,5,0,5,0,3
G3601030135001,1970,1,2,New York,36,Suffolk,103,,,135001,A,5600,,Tract 1350.01,1,1,G,0,10,4,6,16,7,11,15,38,23,60,103,209,148,26,0,22,22,12,6,9,5,0,7,0,8,5,8,0,0
G3601030135002,1970,1,2,New York,36,Suffolk,103,,,135002,A,5600,,Tract 1350.02,1,1,G,6,13,15,14,26,42,40,52,81,97,218,302,377,76,0,30,15,16,27,21,13,10,21,0,0,8,12,8,0,0
G3601030135003,1970,1,2,New York,36,Suffolk,103,,,135003,A,5600,,Tract 1350.03,1,1,G,12,6,30,44,20,47,21,26,36,73,148,208,292,58,0,86,36,14,4,0,9,19,11,11,0,0,0,7,0,0
G3601030135101,1970,1,2,New York,36,Suffolk,103,,,135101,A,5600,,Tract 1351.01,1,1,G,4,5,5,11,11,5,11,20,42,34,220,254,448,109,15,10,8,0,0,0,0,0,6,0,0,0,0,4,0,0
G3601030135102,1970,1,2,New York,36,Suffolk,103,,,135102,A,5600,,Tract 1351.02,1,1,G,0,15,24,29,5,18,13,40,30,71,212,308,401,83,0,4,27,10,0,0,4,0,0,4,0,0,9,6,0,0
G3601030135103,1970,1,2,New York,36,Suffolk,103,,,135103,A,5600,,Tract 1351.03,1,1,G,0,15,0,5,4,36,9,9,45,21,138,216,341,40,0,4,21,4,4,4,0,0,0,0,6,0,0,0,0,0
G3601030135104,1970,1,2,New York,36,Suffolk,103,,,135104,A,5600,,Tract 1351.04,1,1,G,10,18,20,11,7,24,35,36,58,59,165,292,276,20,0,12,6,0,0,0,8,7,5,12,5,8,0,7,0,0
G3601030135201,1970,1,2,New York,36,Suffolk,103,,,135201,A,5600,,Tract 1352.01,1,1,G,0,10,0,11,5,0,37,20,48,51,105,189,220,33,0,0,6,11,10,0,0,0,0,0,0,0,0,0,0,0
G3601030135202,1970,1,2,New York,36,Suffolk,103,,,135202,A,5600,,Tract 1352.02,1,1,G,8,6,5,22,15,21,25,27,22,74,171,294,525,52,4,0,11,4,0,0,0,9,4,5,3,0,0,0,0,0
G3601030135203,1970,1,2,New York,36,Suffolk,103,,,135203,A,5600,,Tract 1352.03,1,1,G,22,12,44,31,17,25,25,46,85,130,342,526,772,117,5,15,6,4,11,10,0,4,0,4,5,11,6,6,0,5
G3601030135204,1970,1,2,New York,36,Suffolk,103,,,135204,A,5600,,Tract 1352.04,1,1,G,10,14,10,17,11,9,18,28,43,60,153,244,346,61,4,27,7,12,10,19,0,5,4,0,5,0,0,0,0,0
G3601030135301,1970,1,2,New York,36,Suffolk,103,,,135301,A,5600,,Tract 1353.01,1,1,G,11,26,15,31,16,15,30,35,53,54,145,195,326,56,0,16,22,10,9,17,10,6,12,5,0,5,6,0,0,0
G3601030135302,1970,1,2,New York,36,Suffolk,103,,,135302,A,5600,,Tract 1353.02,1,1,G,20,10,31,3,28,26,51,45,87,81,280,414,783,58,0,10,63,14,34,7,9,9,14,0,0,0,0,11,0,0
G36010301354,1970,1,2,New York,36,Suffolk,103,,,1354,A,5600,,Tract 1354,1,1,G,31,35,45,109,48,54,49,96,142,155,349,565,735,97,0,37,42,23,10,9,37,28,20,8,9,14,14,5,9,0
G36010301455,1970,1,2,New York,36,Suffolk,103,,,1455,A,5600,,Tract 1455,1,1,G,5,0,0,0,0,0,0,0,4,0,0,13,5,31,0,25,8,0,16,11,43,58,14,0,8,0,0,7,6,0
G3601030145601,1970,1,2,New York,36,Suffolk,103,,,145601,A,5600,,Tract 1456.01,1,1,G,14,9,7,21,7,13,39,47,93,75,240,235,293,5,0,6,0,0,0,8,8,0,0,0,3,5,4,3,0,0
G3601030145602,1970,1,2,New York,36,Suffolk,103,,,145602,A,5600,,Tract 1456.02,1,1,G,10,10,0,0,66,16,8,32,69,100,202,308,344,18,5,5,20,13,0,0,0,0,0,0,0,0,0,0,0,0
G3601030145603,1970,1,2,New York,36,Suffolk,103,,,145603,A,5600,,Tract 1456.03,1,1,G,27,21,25,30,53,99,82,56,67,58,123,122,94,19,0,59,25,36,4,17,9,7,12,7,8,0,0,0,0,0
G3601030145604,1970,1,2,New York,36,Suffolk,103,,,145604,A,5600,,Tract 1456.04,1,1,G,8,11,9,50,4,31,16,32,49,52,156,161,133,16,7,6,29,0,5,0,7,6,10,0,0,0,6,0,0,0
G3601030145605,1970,1,2,New York,36,Suffolk,103,,,145605,A,5600,,Tract 1456.05,1,1,G,6,0,4,12,14,4,16,10,45,60,108,137,165,30,4,5,4,4,10,0,5,8,0,4,0,0,0,0,0,0
G3601030145701,1970,1,2,New York,36,Suffolk,103,,,145701,A,5600,,Tract 1457.01,1,1,G,15,23,18,17,4,10,24,32,27,70,142,255,410,24,6,25,12,7,12,14,0,0,5,0,0,7,21,4,0,0
G3601030145702,1970,1,2,New York,36,Suffolk,103,,,145702,A,5600,,Tract 1457.02,1,1,G,26,12,24,24,30,48,38,31,52,59,181,205,220,32,0,7,30,6,7,11,34,4,5,0,0,22,7,0,0,0
G3601030145703,1970,1,2,New York,36,Suffolk,103,,,145703,A,5600,,Tract 1457.03,1,1,G,17,0,9,10,19,32,27,43,51,68,196,153,210,8,0,32,14,5,10,0,11,15,0,0,8,0,0,0,0,0
G3601030145704,1970,1,2,New York,36,Suffolk,103,,,145704,A,5600,,Tract 1457.04,1,1,G,10,33,23,32,20,31,67,90,141,91,216,342,242,20,2,5,11,0,6,17,10,24,12,22,0,14,24,9,0,0
G3601030145801,1970,1,2,New York,36,Suffolk,103,,,145801,A,5600,,Tract 1458.01,1,1,G,8,12,16,45,23,42,55,89,72,147,296,245,360,18,8,12,16,6,14,14,7,28,25,6,17,31,15,18,10,0
G3601030145802,1970,1,2,New York,36,Suffolk,103,,,145802,A,5600,,Tract 1458.02,1,1,G,9,22,65,58,92,67,93,126,200,263,361,494,308,21,0,29,50,28,14,24,14,13,32,11,8,0,14,5,0,0
G3601030145901,1970,1,2,New York,36,Suffolk,103,,,145901,A,5600,,Tract 1459.01,1,1,G,11,5,22,17,12,9,15,25,44,49,113,112,113,0,0,11,13,0,5,0,0,14,4,0,0,0,3,0,0,0
G3601030145902,1970,1,2,New York,36,Suffolk,103,,,145902,A,5600,,Tract 1459.02,1,1,G,8,30,44,10,31,29,27,71,68,41,239,236,222,37,0,29,11,5,10,12,3,0,7,8,5,4,3,0,0,0
G3601030145903,1970,1,2,New York,36,Suffolk,103,,,145903,A,5600,,Tract 1459.03,1,1,G,20,11,18,34,37,43,68,117,94,127,286,352,300,57,10,55,40,39,25,0,11,0,10,0,6,2,13,0,0,0
G3601030146001,1970,1,2,New York,36,Suffolk,103,,,146001,A,5600,,Tract 1460.01,1,1,G,5,0,0,49,24,21,47,43,36,43,138,197,121,15,0,36,35,26,14,17,20,9,30,4,5,0,5,9,0,0
G3601030146002,1970,1,2,New York,36,Suffolk,103,,,146002,A,5600,,Tract 1460.02,1,1,G,19,4,21,19,22,34,65,39,26,60,135,221,190,16,0,36,19,10,12,12,11,6,3,0,0,0,6,5,0,0
G3601030146003,1970,1,2,New York,36,Suffolk,103,,,146003,A,5600,,Tract 1460.03,1,1,G,11,21,25,11,10,20,22,49,95,94,163,206,182,29,0,9,30,0,10,11,16,6,0,6,6,0,10,0,0,0
G3601030146101,1970,1,2,New York,36,Suffolk,103,,,146101,A,5600,,Tract 1461.01,1,1,G,22,9,29,10,28,33,54,100,139,118,482,387,381,52,15,253,106,40,4,23,16,21,0,0,4,16,0,6,0,0
G3601030146102,1970,1,2,New York,36,Suffolk,103,,,146102,A,5600,,Tract 1461.02,1,1,G,0,25,4,4,7,10,10,16,24,24,94,97,71,0,0,0,0,0,0,0,0,0,0,0,0,0,0,0,0,0
G3601030146103,1970,1,2,New York,36,Suffolk,103,,,146103,A,5600,,Tract 1461.03,1,1,G,16,33,11,18,11,30,27,80,72,89,243,320,254,34,0,20,0,9,0,11,0,0,10,10,12,0,0,0,0,0
G3601030146201,1970,1,2,New York,36,Suffolk,103,,,146201,A,5600,,Tract 1462.01,1,1,G,20,5,10,6,26,6,5,51,74,86,191,251,184,14,0,0,6,0,0,0,4,0,0,0,0,11,0,0,0,0
G3601030146202,1970,1,2,New York,36,Suffolk,103,,,146202,A,5600,,Tract 1462.02,1,1,G,7,26,0,19,4,5,38,31,15,42,71,52,56,10,0,5,11,5,0,7,0,11,15,0,0,0,0,5,0,0
G3601030146203,1970,1,2,New York,36,Suffolk,103,,,146203,A,5600,,Tract 1462.03,1,1,G,35,5,65,56,30,42,62,93,73,92,110,150,148,40,0,55,38,24,33,16,18,16,5,13,4,6,0,0,0,4
G3601030146204,1970,1,2,New York,36,Suffolk,103,,,146204,A,5600,,Tract 1462.04,1,1,G,13,10,25,0,10,29,39,31,80,71,243,286,214,4,12,19,0,11,0,5,7,0,0,0,0,0,0,0,0,0
G3601030146205,1970,1,2,New York,36,Suffolk,103,,,146205,A,5600,,Tract 1462.05,1,1,G,0,0,6,5,9,25,5,18,32,33,114,87,95,6,0,15,0,8,0,4,0,5,0,0,0,0,0,0,0,0
G3601030146206,1970,1,2,New York,36,Suffolk,103,,,146206,A,5600,,Tract 1462.06,1,1,G,0,5,6,0,10,7,22,15,15,18,62,46,60,0,0,5,6,0,0,0,0,6,0,0,0,0,0,0,0,0
G36010301463,1970,1,2,New York,36,Suffolk,103,,,1463,A,5600,,Tract 1463,1,1,G,0,0,0,0,0,0,0,0,0,0,0,0,38,41,4,127,39,5,5,0,0,0,0,0,0,0,0,0,5,0
G3601030146401,1970,1,2,New York,36,Suffolk,103,,,146401,A,5600,,Tract 1464.01,1,1,G,34,40,43,35,31,41,115,122,187,172,282,467,260,27,0,30,18,6,17,16,21,10,13,0,20,0,16,0,0,0
G3601030146402,1970,1,2,New York,36,Suffolk,103,,,146402,A,5600,,Tract 1464.02,1,1,G,4,10,9,12,10,16,34,29,89,48,178,169,215,13,0,9,9,19,5,0,9,0,17,0,0,0,0,0,0,0
G36010301465,1970,1,2,New York,36,Suffolk,103,,,1465,A,5600,,Tract 1465,1,1,G,5,0,27,31,30,44,42,41,89,74,197,321,262,34,0,16,35,0,16,11,5,11,25,0,0,4,5,0,0,0
G3601030146601,1970,1,2,New York,36,Suffolk,103,,,146601,A,5600,,Tract 1466.01,1,1,G,4,0,20,33,20,38,36,40,53,52,191,153,166,28,0,34,21,18,13,0,8,15,0,21,0,4,0,0,0,0
G3601030146602,1970,1,2,New York,36,Suffolk,103,,,146602,A,5600,,Tract 1466.02,1,1,G,33,65,26,37,47,47,61,119,162,161,514,463,429,51,0,51,41,30,34,13,36,9,25,7,20,31,5,11,4,0
G3601030146603,1970,1,2,New York,36,Suffolk,103,,,146603,A,5600,,Tract 1466.03,1,1,G,17,74,44,16,64,52,85,129,166,97,435,394,396,43,10,46,23,14,15,4,20,13,14,0,7,14,14,7,6,0
G3601030146701,1970,1,2,New York,36,Suffolk,103,,,146701,A,5600,,Tract 1467.01,1,1,G,15,46,35,25,33,24,62,93,114,114,350,360,330,42,6,14,9,33,0,0,0,8,4,13,4,9,0,0,0,0
G3601030146702,1970,1,2,New York,36,Suffolk,103,,,146702,A,5600,,Tract 1467.02,1,1,G,20,24,41,17,49,48,39,86,110,165,337,415,415,66,5,32,11,13,13,9,2,4,12,14,7,7,0,4,5,0
G36010301468,1970,1,2,New York,36,Suffolk,103,,,1468,A,5600,,Tract 1468,1,1,G,20,14,13,26,42,37,33,68,94,89,289,362,374,36,0,22,9,15,0,5,6,0,0,5,11,12,6,0,0,0
G3601030146901,1970,1,2,New York,36,Suffolk,103,,,146901,A,5600,,Tract 1469.01,1,1,G,9,29,30,27,6,53,40,73,88,156,177,326,609,112,4,24,14,4,25,13,16,13,14,11,11,26,0,0,0,0
G3601030146902,1970,1,2,New York,36,Suffolk,103,,,146902,A,5600,,Tract 1469.02,1,1,G,0,6,0,19,0,25,24,34,22,17,77,122,392,230,21,16,47,12,11,18,13,12,6,0,0,27,6,7,6,0
G3601030147001,1970,1,2,New York,36,Suffolk,103,,,147001,A,5600,,Tract 1470.01,1,1,G,0,21,11,32,16,25,16,49,56,78,166,181,228,43,12,38,13,7,7,0,5,10,7,0,0,0,0,12,0,0
G3601030147002,1970,1,2,New York,36,Suffolk,103,,,147002,A,5600,,Tract 1470.02,1,1,G,25,0,12,27,28,37,39,61,80,72,166,183,355,102,11,8,18,10,11,16,13,10,4,4,6,0,0,0,4,0
G36010301471,1970,1,2,New York,36,Suffolk,103,,,1471,A,5600,,Tract 1471,1,1,G,0,0,23,3,4,10,57,36,24,35,96,172,358,127,59,16,39,20,24,20,29,8,4,7,4,0,3,12,0,0
G36010301472,1970,1,2,New York,36,Suffolk,103,,,1472,A,5600,,Tract 1472,1,1,G,27,31,25,61,89,86,68,88,96,81,155,213,354,111,47,104,137,78,93,42,36,29,21,15,12,32,26,5,0,0
G36010301473,1970,1,2,New York,36,Suffolk,103,,,1473,A,5600,,Tract 1473,1,1,G,31,37,36,52,44,44,89,73,112,114,143,234,245,46,40,103,90,53,100,59,31,38,38,20,8,9,19,5,11,5
G3601030147401,1970,1,2,New York,36,Suffolk,103,,,147401,A,5600,,Tract 1474.01,1,1,G,16,31,50,17,35,55,96,95,99,77,205,200,189,54,4,15,26,48,11,9,6,17,21,10,11,23,30,6,0,0
G3601030147402,1970,1,2,New York,36,Suffolk,103,,,147402,A,5600,,Tract 1474.02,1,1,G,0,0,50,21,5,17,15,39,27,51,118,145,229,101,41,27,23,14,32,10,4,22,5,14,42,0,8,6,0,0
G3601030147501,1970,1,2,New York,36,Suffolk,103,,,147501,A,5600,,Tract 1475.01,1,1,G,15,48,21,50,53,42,58,100,133,134,266,318,364,78,16,50,75,44,28,38,18,14,9,13,4,25,6,0,0,0
G3601030147502,1970,1,2,New York,36,Suffolk,103,,,147502,A,5600,,Tract 1475.02,1,1,G,10,8,13,42,20,24,31,30,34,62,150,286,405,38,0,6,5,12,0,7,0,0,0,0,0,0,13,0,0,0
G3601030147503,1970,1,2,New York,36,Suffolk,103,,,147503,A,5600,,Tract 1475.03,1,1,G,12,14,13,17,12,17,28,24,26,47,122,172,248,93,8,19,14,14,0,6,6,7,7,13,0,7,0,21,0,0
G36010301476,1970,1,2,New York,36,Suffolk,103,,,1476,A,5600,,Tract 1476,1,1,G,25,5,29,37,27,40,50,69,113,86,350,356,592,80,5,23,25,25,21,17,16,0,6,10,17,17,20,19,10,0
G3601030147701,1970,1,2,New York,36,Suffolk,103,,,147701,A,5600,,Tract 1477.01,1,1,G,10,26,15,0,17,24,9,58,42,25,173,98,73,0,5,34,29,24,9,9,0,9,5,4,0,4,0,0,0,0
G3601030147702,1970,1,2,New York,36,Suffolk,103,,,147702,A,5600,,Tract 1477.02,1,1,G,15,39,4,33,17,32,61,40,86,88,198,226,280,58,10,21,23,18,22,32,5,0,10,17,4,5,8,0,0,0
G3601030147801,1970,1,2,New York,36,Suffolk,103,,,147801,A,5600,,Tract 1478.01,1,1,G,27,57,5,32,27,53,66,92,118,136,314,434,401,50,10,57,53,16,21,25,0,14,14,13,0,14,9,9,0,0
G3601030147802,1970,1,2,New York,36,Suffolk,103,,,147802,A,5600,,Tract 1478.02,1,1,G,25,17,9,33,4,26,19,65,29,68,126,140,300,127,22,50,43,45,24,43,42,35,30,18,8,13,26,22,5,0
G3601030147901,1970,1,2,New York,36,Suffolk,103,,,147901,A,5600,,Tract 1479.01,1,1,G,18,8,12,10,39,17,22,32,67,69,185,202,233,43,0,0,8,6,0,9,7,0,0,0,0,0,7,9,0,0
G3601030147902,1970,1,2,New York,36,Suffolk,103,,,147902,A,5600,,Tract 1479.02,1,1,G,13,4,17,33,23,32,54,38,38,40,160,134,333,78,0,9,36,9,19,15,7,27,16,28,17,7,16,16,0,0
G3601030158001,1970,1,2,New York,36,Suffolk,103,,,158001,A,5600,,Tract 1580.01,1,1,G,11,8,19,20,36,31,12,24,35,10,91,77,302,154,33,43,40,21,6,6,16,22,0,5,4,6,0,9,0,0
G3601030158002,1970,1,2,New York,36,Suffolk,103,,,158002,A,5600,,Tract 1580.02,1,1,G,9,22,25,26,14,26,37,26,77,48,139,229,672,238,48,48,72,24,31,32,30,24,0,6,5,21,16,16,5,0
G3601030158003,1970,1,2,New York,36,Suffolk,103,,,158003,A,5600,,Tract 1580.03,1,1,G,16,23,13,19,43,11,13,22,23,42,198,420,720,106,0,2845,1152,399,52,85,293,62,7,29,0,32,8,8,0,0
G3601030158004,1970,1,2,New York,36,Suffolk,103,,,158004,A,5600,,Tract 1580.04,1,1,G,5,25,0,6,0,17,15,15,27,26,82,85,376,165,13,4,3,10,5,3,0,0,5,0,0,0,5,4,0,0
G3601030158005,1970,1,2,New York,36,Suffolk,103,,,158005,A,5600,,Tract 1580.05,1,1,G,29,0,28,30,14,40,27,36,36,32,187,220,443,98,18,0,17,10,19,22,16,17,5,6,12,6,0,0,6,0
G3601030158101,1970,1,2,New York,36,Suffolk,103,,,158101,A,5600,,Tract 1581.01,1,1,G,11,23,10,8,23,49,44,97,143,131,439,405,325,20,0,15,4,0,0,0,0,0,5,0,0,5,26,0,0,0
G3601030158102,1970,1,2,New York,36,Suffolk,103,,,158102,A,5600,,Tract 1581.02,1,1,G,14,9,27,3,9,4,30,48,57,89,126,173,93,10,0,23,23,20,5,3,0,0,7,5,0,0,0,12,0,0
G3601030158103,1970,1,2,New York,36,Suffolk,103,,,158103,A,5600,,Tract 1581.03,1,1,G,22,27,28,22,46,47,25,76,66,80,63,120,108,22,0,14,17,13,6,0,0,0,5,6,0,7,0,0,0,0
G3601030158104,1970,1,2,New York,36,Suffolk,103,,,158104,A,5600,,Tract 1581.04,1,1,G,20,18,15,25,21,55,58,71,52,129,310,206,430,16,0,7,7,11,0,0,0,0,0,4,3,0,4,4,0,5
G3601030158105,1970,1,2,New York,36,Suffolk,103,,,158105,A,5600,,Tract 1581.05,1,1,G,24,4,23,14,19,61,37,93,131,154,367,388,256,0,4,21,14,0,14,16,9,10,0,0,0,5,0,0,0,0
G3601030158106,1970,1,2,New York,36,Suffolk,103,,,158106,A,5600,,Tract 1581.06,1,1,G,0,9,23,18,11,25,31,41,62,55,123,173,176,0,0,25,16,4,0,0,7,0,6,0,0,0,0,0,0,0
G3601030158107,1970,1,2,New York,36,Suffolk,103,,,158107,A,5600,,Tract 1581.07,1,1,G,5,4,21,17,39,22,19,34,41,38,136,131,158,14,4,4,29,16,6,0,9,0,10,20,0,0,9,18,0,0
G3601030158201,1970,1,2,New York,36,Suffolk,103,,,158201,A,5600,,Tract 1582.01,1,1,G,30,40,41,44,47,88,62,69,59,49,231,406,642,233,9,100,105,77,67,23,64,46,29,59,0,27,26,33,5,0
G3601030158202,1970,1,2,New York,36,Suffolk,103,,,158202,A,5600,,Tract 1582.02,1,1,G,41,20,31,22,57,66,33,90,160,166,366,376,298,45,10,76,50,57,17,5,17,16,5,12,14,16,10,5,6,0
G3601030158299,1970,1,2,New York,36,Suffolk,103,,,158299,A,5600,,Tract 1582.99,1,1,G,0,0,0,0,0,0,0,0,0,0,0,0,0,0,0,0,19,0,0,13,6,12,0,19,0,23,11,20,6,0
G3601030158301,1970,1,2,New York,36,Suffolk,103,,,158301,A,5600,,Tract 1583.01,1,1,G,24,45,47,80,94,72,81,82,163,163,320,396,495,109,12,70,77,50,32,17,4,25,16,0,7,4,19,9,4,0
G3601030158302,1970,1,2,New York,36,Suffolk,103,,,158302,A,5600,,Tract 1583.02,1,1,G,17,18,26,31,43,34,51,158,165,227,503,814,847,68,5,49,37,16,27,8,12,6,16,10,4,20,9,10,4,0
G3601030158303,1970,1,2,New York,36,Suffolk,103,,,158303,A,5600,,Tract 1583.03,1,1,G,27,14,16,45,54,28,16,84,56,104,150,193,179,23,0,44,35,38,15,3,9,6,0,3,0,8,7,0,0,0
G36010301584,1970,1,2,New York,36,Suffolk,103,,,1584,A,5600,,Tract 1584,1,1,G,34,28,79,104,165,102,95,79,135,121,432,349,339,37,13,66,128,79,38,33,6,10,8,30,5,31,16,5,0,0
G3601030158501,1970,1,2,New York,36,Suffolk,103,,,158501,A,5600,,Tract 1585.01,1,1,G,34,41,33,50,73,35,91,60,142,146,291,335,222,22,0,59,8,33,4,18,16,15,3,4,4,5,0,0,0,0
G3601030158502,1970,1,2,New York,36,Suffolk,103,,,158502,A,5600,,Tract 1585.02,1,1,G,9,9,0,10,36,24,20,19,42,20,74,84,142,30,0,29,4,9,16,7,15,3,4,0,0,0,0,0,0,0
G3601030158503,1970,1,2,New York,36,Suffolk,103,,,158503,A,5600,,Tract 1585.03,1,1,G,10,14,18,6,39,70,64,85,66,157,355,330,280,22,0,37,22,8,21,15,4,19,10,11,6,4,0,0,0,0
G3601030158504,1970,1,2,New York,36,Suffolk,103,,,158504,A,5600,,Tract 1585.04,1,1,G,47,35,60,30,51,49,67,119,125,125,271,195,142,6,0,73,40,30,16,9,0,6,25,0,5,0,5,6,0,0
G3601030158505,1970,1,2,New York,36,Suffolk,103,,,158505,A,5600,,Tract 1585.05,1,1,G,10,0,0,0,13,18,15,44,28,61,140,212,265,23,0,0,41,5,7,0,0,0,0,0,0,0,8,0,0,0
G3601030158506,1970,1,2,New York,36,Suffolk,103,,,158506,A,5600,,Tract 1585.06,1,1,G,19,17,29,12,31,26,30,30,59,66,78,87,53,0,0,14,13,7,6,0,11,0,0,4,0,7,0,9,0,0
G3601030158601,1970,1,2,New York,36,Suffolk,103,,,158601,A,5600,,Tract 1586.01,1,1,G,31,10,34,15,40,109,87,86,146,196,293,305,309,48,0,38,40,43,40,20,28,14,16,10,5,5,4,10,0,0
G3601030158602,1970,1,2,New York,36,Suffolk,103,,,158602,A,5600,,Tract 1586.02,1,1,G,14,28,49,45,39,87,58,101,122,153,370,362,331,37,0,5,17,20,11,5,0,5,0,0,0,0,0,0,0,0
G3601030158603,1970,1,2,New York,36,Suffolk,103,,,158603,A,5600,,Tract 1586.03,1,1,G,14,4,23,37,52,39,75,103,103,86,210,227,143,9,0,6,48,17,5,19,5,17,6,13,5,0,6,6,0,0
G3601030158701,1970,1,2,New York,36,Suffolk,103,,,158701,A,5600,,Tract 1587.01,1,1,G,5,7,38,19,28,21,11,19,20,30,71,52,56,0,0,27,12,16,3,7,2,3,0,5,0,4,0,0,0,0
G3601030158702,1970,1,2,New York,36,Suffolk,103,,,158702,A,5600,,Tract 1587.02,1,1,G,37,40,37,67,34,66,128,182,143,272,475,300,214,19,0,42,27,5,31,6,19,34,15,6,0,7,0,4,0,0
G3601030158703,1970,1,2,New York,36,Suffolk,103,,,158703,A,5600,,Tract 1587.03,1,1,G,9,4,22,22,17,19,24,31,33,27,72,87,135,6,7,25,26,22,25,16,10,5,9,4,4,48,0,0,0,0
G3601030158801,1970,1,2,New York,36,Suffolk,103,,,158801,A,5600,,Tract 1588.01,1,1,G,58,12,38,54,36,60,68,120,124,121,284,219,252,66,5,32,25,49,18,47,11,25,6,0,5,10,0,6,0,0
G3601030158802,1970,1,2,New York,36,Suffolk,103,,,158802,A,5600,,Tract 1588.02,1,1,G,9,11,19,30,45,16,49,21,74,74,202,196,260,15,18,46,54,61,15,23,0,15,14,17,5,5,0,6,0,0
G36010301589,1970,1,2,New York,36,Suffolk,103,,,1589,A,5600,,Tract 1589,1,1,G,46,54,73,68,117,142,112,159,104,101,261,224,267,78,14,88,148,111,46,56,66,10,20,31,28,16,26,15,4,0
G36010301590,1970,1,2,New York,36,Suffolk,103,,,1590,A,5600,,Tract 1590,1,1,G,22,43,20,49,51,91,82,65,105,112,190,149,204,36,0,53,82,88,43,20,20,34,23,17,10,54,12,0,4,0
G3601030159101,1970,1,2,New York,36,Suffolk,103,,,159101,A,5600,,Tract 1591.01,1,1,G,29,26,29,41,25,46,83,75,90,118,240,272,287,29,6,44,44,21,5,23,8,0,29,8,0,10,7,4,0,0
G3601030159102,1970,1,2,New York,36,Suffolk,103,,,159102,A,5600,,Tract 1591.02,1,1,G,49,34,38,64,44,60,108,67,48,76,176,175,197,48,5,35,39,43,31,25,0,7,15,3,5,13,0,9,0,0
G3601030159103,1970,1,2,New York,36,Suffolk,103,,,159103,A,5600,,Tract 1591.03,1,1,G,63,14,56,70,84,108,106,76,110,111,149,138,141,17,0,45,22,15,13,5,4,12,0,0,0,13,0,0,0,0
G3601030159201,1970,1,2,New York,36,Suffolk,103,,,159201,A,5600,,Tract 1592.01,1,1,G,12,26,9,42,28,27,30,62,63,62,100,144,97,35,0,34,55,0,0,5,0,6,0,0,9,0,0,0,0,0
G3601030159202,1970,1,2,New York,36,Suffolk,103,,,159202,A,5600,,Tract 1592.02,1,1,G,20,40,61,47,55,31,71,114,92,95,274,344,376,105,16,22,57,34,9,16,31,16,27,18,12,18,6,0,0,0
G36010301593,1970,1,2,New York,36,Suffolk,103,,,1593,A,5600,,Tract 1593,1,1,G,28,17,16,32,18,38,22,35,26,18,129,73,220,82,29,21,33,8,3,4,9,15,3,0,10,8,7,21,3,0
G3601030159401,1970,1,2,New York,36,Suffolk,103,,,159401,A,5600,,Tract 1594.01,1,1,G,30,40,97,78,81,44,71,81,119,66,165,134,126,12,0,47,67,27,35,14,0,6,12,0,7,12,0,8,0,0
G3601030159402,1970,1,2,New York,36,Suffolk,103,,,159402,A,5600,,Tract 1594.02,1,1,G,38,45,27,61,51,62,98,40,35,61,117,120,138,8,0,29,25,45,0,8,6,8,7,4,16,5,5,5,0,0
G3601030159501,1970,1,2,New York,36,Suffolk,103,,,159501,A,5600,,Tract 1595.01,1,1,G,38,58,73,105,56,90,114,125,143,157,201,271,188,28,0,75,76,41,11,11,7,8,5,0,5,34,9,22,0,0
G3601030159502,1970,1,2,New York,36,Suffolk,103,,,159502,A,5600,,Tract 1595.02,1,1,G,18,59,93,101,118,88,51,131,145,75,197,141,122,11,0,36,75,37,33,60,29,9,14,15,14,13,31,5,0,0
G36010301596,1970,1,2,New York,36,Suffolk,103,,,1596,A,5600,,Tract 1596,1,1,G,25,19,40,96,52,95,109,116,121,102,255,188,294,43,4,77,58,76,39,37,37,29,25,18,4,15,15,9,6,0
G36010301697,1970,1,2,New York,36,Suffolk,103,,,1697,A,5600,,Tract 1697,1,1,G,25,38,71,138,99,160,121,132,142,105,246,256,234,45,6,81,108,42,60,41,46,37,30,27,12,8,8,0,0,0
G36010301698,1970,1,2,New York,36,Suffolk,103,,,1698,A,5600,,Tract 1698,1,1,G,43,27,71,85,105,61,106,88,142,109,201,190,317,42,5,100,137,69,66,19,32,18,10,16,25,41,22,0,6,0
G36010301699,1970,1,2,New York,36,Suffolk,103,,,1699,A,5600,,Tract 1699,1,1,G,73,32,28,64,82,80,59,87,123,140,276,237,248,68,12,37,48,81,37,37,23,32,14,4,5,11,16,8,0,0
G36010301700,1970,1,2,New York,36,Suffolk,103,,,1700,A,5600,,Tract 1700,1,1,G,59,59,59,55,129,94,164,165,119,129,345,241,349,71,18,104,74,47,34,21,74,30,16,5,10,10,28,42,0,0
G36010301701,1970,1,2,New York,36,Suffolk,103,,,1701,A,5600,,Tract 1701,1,1,G,6,20,29,19,25,43,59,69,73,38,63,73,104,16,0,73,120,43,34,0,26,14,0,6,0,16,0,0,6,0
G36010301702,1970,1,2,New York,36,Suffolk,103,,,1702,A,5600,,Tract 1702,1,1,G,43,17,58,83,77,117,108,181,139,109,277,269,357,104,29,78,86,85,54,49,48,43,24,21,4,26,18,9,11,0
G36010301803,1970,1,2,New York,36,Suffolk,103,,,1803,A,5600,,Tract 1803,1,1,G,4,6,0,18,19,32,29,30,62,41,87,78,114,16,6,6,45,6,17,10,5,23,12,4,22,0,0,6,0,8
G36010301904,1970,1,2,New York,36,Suffolk,103,,,1904,A,5600,,Tract 1904,1,1,G,52,78,42,96,64,105,71,138,123,130,161,190,217,35,6,114,108,53,54,43,56,29,75,15,19,40,17,14,5,9
G36010301905,1970,1,2,New York,36,Suffolk,103,,,1905,A,5600,,Tract 1905,1,1,G,25,37,60,52,71,105,126,71,97,104,211,192,251,107,28,108,82,71,56,68,79,50,17,20,13,33,11,39,9,0
G36010301906,1970,1,2,New York,36,Suffolk,103,,,1906,A,5600,,Tract 1906,1,1,G,48,52,65,109,141,76,155,119,168,130,276,311,353,88,24,71,104,106,49,37,72,8,24,23,9,12,19,8,24,0
G3601030190701,1970,1,2,New York,36,Suffolk,103,,,190701,A,5600,,Tract 1907.01,1,1,G,9,17,24,39,49,83,103,92,104,58,138,165,151,47,5,715,197,24,56,46,4,31,27,13,4,19,7,10,0,0
G3601030190702,1970,1,2,New York,36,Suffolk,103,,,190702,A,5600,,Tract 1907.02,1,1,G,57,32,75,75,81,110,97,164,151,110,177,212,387,76,19,151,157,72,25,42,58,14,28,6,18,5,20,20,18,0
G36010301908,1970,1,2,New York,36,Suffolk,103,,,1908,A,5600,,Tract 1908,1,1,G,18,14,26,24,43,51,71,86,90,45,231,146,250,79,32,72,109,100,65,36,57,41,44,17,5,5,5,22,10,0
G36010302009,1970,1,2,New York,36,Suffolk,103,,,2009,A,5600,,Tract 2009,1,1,G,39,20,66,45,54,57,54,79,96,77,204,174,203,90,24,114,71,36,67,54,32,47,22,17,6,39,12,45,14,0
G36010302010,1970,1,2,New York,36,Suffolk,103,,,2010,,5600,,Tract 2010,1,1,G,16,41,52,75,53,85,123,173,120,62,249,197,191,116,27,107,118,60,78,60,45,34,29,12,0,36,11,14,5,4
G3601030201099,1970,1,2,New York,36,Suffolk,103,,,201099,A,5600,,Tract 2010.99,1,1,G,-1,,,,,,,,,,,,,,,-1,,,,,,,,,,,,,,
G36010700201,1970,1,2,New York,36,Tioga,107,,,0201,,0960,,Tract  201,1,1,03,10,48,35,44,86,117,76,109,126,84,199,190,166,31,5,66,60,28,4,34,15,21,9,14,10,9,5,0,0,0
G36010700202,1970,1,2,New York,36,Tioga,107,,,0202,,0960,,Tract  202,1,1,03,12,58,78,51,53,82,54,104,72,63,165,150,92,5,0,65,45,18,18,10,23,15,20,4,5,5,0,0,0,0
G36010700203,1970,1,2,New York,36,Tioga,107,,,0203,,0960,,Tract  203,1,1,03,10,25,28,14,40,55,76,78,108,82,220,244,534,113,13,70,24,22,21,10,12,10,0,18,10,23,7,0,0,0
G36010700204,1970,1,2,New York,36,Tioga,107,,,0204,,0960,,Tract  204,1,1,03,26,22,29,39,32,50,75,46,85,96,329,419,652,38,0,41,60,15,13,16,18,0,18,27,6,0,21,5,7,0
G36010700205,1970,1,2,New York,36,Tioga,107,,,0205,,0960,,Tract  205,1,1,03,17,37,75,101,56,83,124,49,97,73,174,197,167,19,11,63,78,35,70,30,45,27,22,14,10,20,20,11,0,0
G36010700206,1970,1,2,New York,36,Tioga,107,,,0206,,0960,,Tract  206,1,1,03,32,50,45,54,67,82,87,79,90,100,195,214,234,20,7,109,74,46,31,5,11,23,5,26,5,25,0,11,0,0
G36010700207,1970,1,2,New York,36,Tioga,107,,,0207,,0960,,Tract  207,1,1,03,32,42,70,74,106,130,95,107,136,146,171,150,158,17,10,56,76,45,41,14,16,13,5,6,5,5,11,0,0,0
G36010700208,1970,1,2,New York,36,Tioga,107,,,0208,,0960,,Tract  208,1,1,03,5,37,46,77,99,81,89,111,106,84,216,179,112,10,0,108,177,72,32,31,12,11,9,30,14,21,0,0,0,0
G36011700201,1970,1,2,New York,36,Wayne,117,,,0201,,6840,,Tract  201,1,1,01,0,36,59,22,56,43,76,132,52,83,277,272,383,31,4,63,47,48,27,9,18,43,25,11,17,7,0,0,0,0
G36011700202,1970,1,2,New York,36,Wayne,117,,,0202,,6840,,Tract  202,1,1,01,15,11,18,12,20,37,36,47,72,67,189,217,275,21,0,57,44,34,3,0,6,17,3,11,3,6,22,12,0,0
G36011700203,1970,1,2,New York,36,Wayne,117,,,0203,,6840,,Tract  203,1,1,01,23,10,15,20,66,34,63,63,89,100,233,306,312,30,13,66,37,34,18,16,35,10,42,21,15,9,0,4,0,5
G36011700204,1970,1,2,New York,36,Wayne,117,,,0204,,6840,,Tract  204,1,1,01,16,21,85,30,41,54,86,45,102,122,275,290,343,64,6,81,68,108,22,32,6,26,15,6,26,0,16,22,0,0
G36011700205,1970,1,2,New York,36,Wayne,117,,,0205,,6840,,Tract  205,1,1,01,14,27,23,23,43,50,67,60,65,72,207,118,197,15,0,39,32,28,9,11,18,15,5,0,14,17,0,0,0,0
G36011700206,1970,1,2,New York,36,Wayne,117,,,0206,,6840,,Tract  206,1,1,01,24,14,29,30,23,64,64,42,53,51,170,195,143,0,7,30,25,12,9,10,23,10,23,5,5,0,0,4,0,0
G36011700207,1970,1,2,New York,36,Wayne,117,,,0207,,6840,,Tract  207,1,1,01,10,15,23,40,39,64,30,45,64,65,184,207,160,25,4,54,58,36,30,38,26,21,17,17,15,8,10,0,0,0
G36011700208,1970,1,2,New York,36,Wayne,117,,,0208,,6840,,Tract  208,1,1,01,12,29,25,38,58,36,76,34,61,79,104,126,113,43,10,41,32,36,16,0,37,16,9,28,20,16,0,0,0,0
G36011700209,1970,1,2,New York,36,Wayne,117,,,0209,,6840,,Tract  209,1,1,01,14,61,67,46,87,54,74,108,110,122,243,172,185,48,0,63,69,44,34,46,15,17,27,5,8,0,0,8,0,0
G36011700210,1970,1,2,New York,36,Wayne,117,,,0210,,6840,,Tract  210,1,1,01,13,21,61,31,47,90,115,107,190,138,279,279,315,85,9,47,76,79,60,26,72,33,15,6,0,16,4,9,0,0
G36011700211,1970,1,2,New York,36,Wayne,117,,,0211,,6840,,Tract  211,1,1,01,8,16,43,31,21,38,56,64,90,112,219,225,243,54,0,21,94,77,41,38,42,63,5,11,5,9,13,9,4,0
G36011700212,1970,1,2,New York,36,Wayne,117,,,0212,,6840,,Tract  212,1,1,01,25,38,6,32,19,59,48,54,53,50,84,121,94,9,8,33,45,11,70,33,37,14,20,17,5,6,6,0,0,0
G36011700213,1970,1,2,New York,36,Wayne,117,,,0213,,6840,,Tract  213,1,1,01,0,0,0,0,0,0,0,0,0,0,0,0,0,6,0,20,0,5,0,6,0,0,13,0,5,10,5,5,0,0
G36011700214,1970,1,2,New York,36,Wayne,117,,,0214,,6840,,Tract  214,1,1,01,19,33,25,27,59,49,86,67,102,127,145,207,150,15,16,78,73,67,70,64,60,20,13,22,9,22,11,5,0,0
G36011700215,1970,1,2,New York,36,Wayne,117,,,0215,,6840,,Tract  215,1,1,01,25,23,66,101,110,96,98,88,137,133,153,170,169,39,18,73,114,75,43,56,9,34,9,0,9,21,0,4,0,0
G36011700216,1970,1,2,New York,36,Wayne,117,,,0216,,6840,,Tract  216,1,1,01,26,61,30,58,69,37,71,87,76,99,121,145,137,5,0,34,76,22,38,7,11,10,0,5,12,2,14,0,0,0
G36011700217,1970,1,2,New York,36,Wayne,117,,,0217,,6840,,Tract  217,1,1,01,5,19,20,30,37,64,43,81,48,59,144,123,87,20,0,63,38,7,34,20,0,18,0,0,0,0,0,0,0,0
G36011700218,1970,1,2,New York,36,Wayne,117,,,0218,,6840,,Tract  218,1,1,01,18,22,12,30,15,10,31,40,50,91,166,136,74,23,0,22,46,28,19,28,15,0,5,0,4,4,0,0,0,0
G3601190000101,1970,1,2,New York,36,Westchester,119,,,000101,A,5600,,Tract    1.01,1,1,G,90,14,46,31,87,85,58,88,85,57,145,141,151,22,0,54,101,61,33,11,4,15,67,24,0,36,0,5,0,0
G3601190000102,1970,1,2,New York,36,Westchester,119,,,000102,A,5600,,Tract    1.02,1,1,G,40,10,45,46,54,102,112,123,64,122,173,113,123,20,7,109,84,71,80,50,37,32,76,30,15,19,23,0,0,0
G3601190000201,1970,1,2,New York,36,Westchester,119,,,000201,A,5600,,Tract    2.01,1,1,G,50,17,54,43,64,97,164,94,135,183,284,321,315,46,4,111,151,100,59,44,80,39,60,50,15,27,15,4,5,0
G3601190000202,1970,1,2,New York,36,Westchester,119,,,000202,A,5600,,Tract    2.02,1,1,G,22,15,37,28,20,36,30,69,87,69,202,224,308,130,5,42,23,25,33,34,22,26,43,39,38,36,32,0,5,0
G3601190000203,1970,1,2,New York,36,Westchester,119,,,000203,A,5600,,Tract    2.03,1,1,G,15,16,5,5,18,11,26,44,41,35,87,98,152,33,19,68,49,12,12,12,16,19,17,0,6,20,29,8,0,0
G36011900003,1970,1,2,New York,36,Westchester,119,,,0003,A,5600,,Tract    3,1,0,G,40,27,42,38,32,73,95,71,96,114,193,151,178,13,0,154,155,110,34,45,58,39,18,28,26,11,14,0,0,0
G3601190000401,1970,1,2,New York,36,Westchester,119,,,000401,A,5600,,Tract    4.01,1,0,G,30,23,39,14,51,42,17,55,104,55,104,117,166,26,0,136,79,108,32,42,19,45,18,20,25,11,0,0,0,0
G3601190000402,1970,1,2,New York,36,Westchester,119,,,000402,A,5600,,Tract    4.02,1,1,G,64,68,67,135,60,93,95,124,101,160,213,312,334,99,6,74,108,32,83,82,46,88,60,53,28,43,38,28,0,0
G36011900005,1970,1,2,New York,36,Westchester,119,,,0005,A,5600,,Tract    5,1,1,G,50,56,118,64,20,58,50,75,83,56,93,108,75,25,0,163,225,52,18,26,28,37,11,16,0,11,0,0,0,0
G36011900006,1970,1,2,New York,36,Westchester,119,,,0006,A,5600,,Tract    6,1,1,G,66,28,134,120,75,102,125,199,121,172,276,223,367,47,11,153,232,106,29,59,69,39,27,14,43,33,29,11,5,6
G36011900007,1970,1,2,New York,36,Westchester,119,,,0007,A,5600,,Tract    7,1,1,G,35,22,14,22,24,46,57,43,81,92,168,233,536,151,14,298,146,40,39,36,44,16,32,49,17,17,30,32,11,0
G3601190000801,1970,1,2,New York,36,Westchester,119,,,000801,A,5600,,Tract    8.01,1,1,G,19,35,22,31,26,39,23,42,91,76,186,281,516,149,15,32,24,64,22,26,39,24,0,15,6,22,12,6,0,0
G3601190000802,1970,1,2,New York,36,Westchester,119,,,000802,A,5600,,Tract    8.02,1,1,G,4,14,14,0,5,16,19,30,16,15,86,93,153,15,5,17,6,27,12,7,0,23,12,0,4,0,0,0,0,0
G3601190000803,1970,1,2,New York,36,Westchester,119,,,000803,A,5600,,Tract    8.03,1,1,G,20,36,16,30,25,33,80,46,61,90,219,235,536,133,11,39,29,42,12,11,18,16,13,8,4,17,10,6,0,0
G36011900009,1970,1,2,New York,36,Westchester,119,,,0009,A,5600,,Tract    9,1,1,G,23,11,0,22,9,28,21,59,20,77,135,254,297,56,5,16,30,10,18,52,34,4,14,0,0,4,5,0,0,0
G36011900010,1970,1,2,New York,36,Westchester,119,,,0010,A,5600,,Tract   10,1,1,G,5,31,22,60,41,27,34,65,48,36,94,48,69,0,0,36,90,38,14,14,25,17,12,10,5,14,0,0,0,0
G3601190001101,1970,1,2,New York,36,Westchester,119,,,001101,A,5600,,Tract   11.01,1,1,G,47,18,50,65,34,44,105,45,82,78,185,155,140,20,5,61,65,43,12,22,11,5,10,16,4,9,0,0,0,0
G3601190001102,1970,1,2,New York,36,Westchester,119,,,001102,A,5600,,Tract   11.02,1,1,G,22,17,46,66,76,106,77,132,139,109,214,225,215,47,9,25,69,20,16,33,6,49,35,0,5,0,0,26,14,0
G36011900012,1970,1,2,New York,36,Westchester,119,,,0012,A,5600,,Tract   12,1,1,G,68,59,103,66,86,59,84,115,98,105,230,248,176,45,8,50,79,51,43,41,7,27,26,0,25,5,21,8,0,0
G3601190001301,1970,1,2,New York,36,Westchester,119,,,001301,A,5600,,Tract   13.01,1,1,G,21,4,20,22,8,28,9,31,46,35,105,139,271,135,40,37,27,6,12,9,0,11,5,0,0,12,12,13,0,9
G3601190001302,1970,1,2,New York,36,Westchester,119,,,001302,A,5600,,Tract   13.02,1,1,G,11,25,46,59,52,48,99,55,70,85,212,226,260,21,0,52,80,71,58,15,43,27,14,39,24,5,17,14,0,0
G3601190001303,1970,1,2,New York,36,Westchester,119,,,001303,A,5600,,Tract   13.03,1,1,G,11,30,28,26,67,66,68,128,110,106,230,230,304,25,5,29,47,58,74,26,148,54,52,38,14,35,4,7,0,0
G3601190001401,1970,1,2,New York,36,Westchester,119,,,001401,A,5600,,Tract   14.01,1,1,G,10,17,11,6,26,13,46,21,67,58,147,225,388,132,20,23,18,18,12,0,26,18,7,6,6,18,0,6,0,0
G3601190001402,1970,1,2,New York,36,Westchester,119,,,001402,A,5600,,Tract   14.02,1,1,G,12,5,8,10,20,18,4,16,31,41,83,54,167,176,11,16,0,17,5,13,12,0,0,0,0,0,0,0,0,6
G3601190001403,1970,1,2,New York,36,Westchester,119,,,001403,A,5600,,Tract   14.03,1,1,G,5,15,28,18,26,32,24,58,52,52,144,168,343,43,7,38,39,21,27,0,26,0,5,12,5,12,6,6,6,0
G3601190001502,1970,1,2,New York,36,Westchester,119,,,001502,A,5600,,Tract   15.02,1,1,G,13,16,25,19,42,22,41,60,66,74,152,137,273,86,4,22,44,38,25,17,32,12,10,17,7,32,26,0,0,0
G3601190001503,1970,1,2,New York,36,Westchester,119,,,001503,A,5600,,Tract   15.03,1,1,G,11,5,18,42,4,13,41,43,40,99,150,200,285,54,5,35,59,49,22,17,30,14,17,9,8,0,5,12,0,0
G3601190001504,1970,1,2,New York,36,Westchester,119,,,001504,A,5600,,Tract   15.04,1,1,G,15,22,43,13,25,28,41,62,60,95,167,228,388,72,0,36,38,32,18,10,5,5,7,10,10,4,4,5,0,0
G3601190001505,1970,1,2,New York,36,Westchester,119,,,001505,A,5600,,Tract   15.05,1,1,G,13,21,15,10,11,28,17,58,52,50,154,257,373,66,18,18,8,21,23,23,17,21,64,26,15,12,17,17,5,0
G36011900016,1970,1,2,New York,36,Westchester,119,,,0016,A,5600,,Tract   16,1,1,G,17,16,44,3,22,40,33,86,82,87,165,169,207,30,0,48,42,54,61,16,22,17,34,8,0,0,7,6,0,0
G36011900017,1970,1,2,New York,36,Westchester,119,,,0017,A,5600,,Tract   17,1,1,G,31,21,26,71,11,42,44,59,124,140,247,288,620,183,19,18,43,33,41,28,5,41,22,26,16,15,28,20,12,0
G36011900018,1970,1,2,New York,36,Westchester,119,,,0018,A,5600,,Tract   18,1,1,G,16,0,18,4,4,16,5,18,9,39,36,66,131,17,0,24,24,16,0,25,13,3,7,0,3,4,3,0,4,0
G36011900019,1970,1,2,New York,36,Westchester,119,,,0019,A,5600,,Tract   19,1,1,G,4,17,5,18,11,5,14,24,17,25,56,148,150,56,0,7,0,0,0,4,0,5,0,6,0,0,6,5,4,4
G36011900020,1970,1,2,New York,36,Westchester,119,,,0020,A,5600,,Tract   20,1,1,G,5,29,12,20,18,6,18,43,79,71,167,222,500,128,9,0,8,0,4,0,5,0,0,0,0,10,0,0,4,4
G3601190002101,1970,1,2,New York,36,Westchester,119,,,002101,A,5600,,Tract   21.01,1,1,G,23,21,17,19,23,16,20,67,48,101,149,267,595,219,4,14,9,0,4,9,14,0,21,9,25,16,19,21,0,0
G3601190002103,1970,1,2,New York,36,Westchester,119,,,002103,A,5600,,Tract   21.03,1,1,G,6,0,24,20,5,8,23,10,12,32,71,110,331,219,41,8,23,18,13,4,5,4,4,0,0,17,17,4,0,0
G3601190002104,1970,1,2,New York,36,Westchester,119,,,002104,A,5600,,Tract   21.04,1,1,G,5,9,26,16,19,33,65,37,52,47,181,269,603,316,35,15,24,30,47,25,11,13,7,5,10,19,0,5,0,0
G3601190002105,1970,1,2,New York,36,Westchester,119,,,002105,A,5600,,Tract   21.05,1,1,G,15,12,6,0,8,9,4,9,7,39,50,74,345,182,76,24,20,13,26,0,15,0,4,0,0,5,4,13,0,5
G3601190002106,1970,1,2,New York,36,Westchester,119,,,002106,A,5600,,Tract   21.06,1,1,G,12,0,13,3,6,6,40,36,28,84,165,252,271,33,0,0,6,12,4,27,0,6,17,9,6,6,10,9,0,0
G3601190002201,1970,1,2,New York,36,Westchester,119,,,002201,A,5600,,Tract   22.01,1,1,G,0,5,4,3,11,25,13,34,16,0,72,81,212,159,21,11,10,18,5,20,0,23,0,6,6,9,15,0,4,5
G3601190002202,1970,1,2,New York,36,Westchester,119,,,002202,A,5600,,Tract   22.02,1,1,G,6,11,28,16,16,55,42,39,69,37,122,141,476,249,79,33,63,48,32,42,32,45,25,20,44,54,72,64,43,0
G3601190002203,1970,1,2,New York,36,Westchester,119,,,002203,A,5600,,Tract   22.03,1,1,G,5,18,54,27,24,16,21,38,56,25,78,137,216,31,0,79,100,27,4,13,9,22,22,9,4,0,0,0,0,0
G3601190002204,1970,1,2,New York,36,Westchester,119,,,002204,A,5600,,Tract   22.04,1,1,G,5,17,12,15,19,10,32,44,72,49,84,166,346,189,81,350,76,82,9,26,54,107,4,35,24,56,23,38,12,11
G36011900023,1970,1,2,New York,36,Westchester,119,,,0023,A,5600,,Tract   23,1,1,G,6,10,47,37,37,37,33,30,49,61,186,134,305,40,13,90,39,10,6,25,17,14,11,4,9,10,8,0,11,0
G3601190002401,1970,1,2,New York,36,Westchester,119,,,002401,A,5600,,Tract   24.01,1,1,G,5,11,10,5,7,21,16,16,27,29,68,65,203,58,20,19,17,5,16,26,10,0,6,5,5,11,11,23,9,0
G3601190002402,1970,1,2,New York,36,Westchester,119,,,002402,A,5600,,Tract   24.02,1,1,G,16,20,23,4,17,37,43,43,55,76,237,198,382,69,0,48,42,53,20,35,17,42,47,39,16,53,37,24,21,0
G3601190002403,1970,1,2,New York,36,Westchester,119,,,002403,A,5600,,Tract   24.03,1,1,G,12,31,35,45,5,59,61,84,105,86,280,337,479,78,6,24,62,33,10,28,54,17,29,15,16,6,20,9,4,0
G3601190002404,1970,1,2,New York,36,Westchester,119,,,002404,A,5600,,Tract   24.04,1,1,G,4,11,21,11,20,10,19,40,42,41,165,153,198,66,0,22,30,11,13,5,10,0,6,0,0,5,0,6,5,0
G3601190002405,1970,1,2,New York,36,Westchester,119,,,002405,A,5600,,Tract   24.05,1,1,G,15,30,0,19,12,75,11,27,48,64,170,210,269,48,0,10,15,22,13,35,4,8,12,11,0,18,5,8,4,0
G36011900025,1970,1,2,New York,36,Westchester,119,,,0025,A,5600,,Tract   25,1,1,G,22,4,0,0,10,8,6,10,0,6,5,23,17,0,0,114,19,0,3,12,0,0,5,8,3,0,3,0,0,0
G36011900026,1970,1,2,New York,36,Westchester,119,,,0026,A,5600,,Tract   26,1,1,G,33,17,15,11,44,38,38,44,42,88,118,172,274,45,4,28,27,15,4,18,29,16,13,4,0,19,4,0,0,0
G36011900027,1970,1,2,New York,36,Westchester,119,,,0027,A,5600,,Tract   27,1,1,G,72,28,54,47,59,118,117,68,85,50,114,87,164,31,4,148,100,68,84,24,39,36,18,5,11,14,0,14,0,0
G36011900028,1970,1,2,New York,36,Westchester,119,,,0028,A,5600,,Tract   28,1,1,G,21,13,22,27,12,29,83,71,54,35,72,105,67,10,0,80,65,26,21,27,41,21,11,9,0,0,0,0,10,0
G36011900029,1970,1,2,New York,36,Westchester,119,,,0029,A,5600,,Tract   29,1,1,G,51,65,66,110,69,115,92,72,65,99,144,137,68,34,0,147,182,88,58,55,39,13,18,12,14,6,10,5,5,0
G36011900030,1970,1,2,New York,36,Westchester,119,,,0030,A,5600,,Tract   30,1,1,G,53,5,12,29,44,39,81,68,127,83,107,143,92,19,0,40,94,35,48,34,29,42,17,11,11,10,0,6,0,0
G36011900031,1970,1,2,New York,36,Westchester,119,,,0031,A,5600,,Tract   31,1,1,G,14,18,52,39,76,57,85,50,28,40,143,55,83,0,0,61,79,88,68,35,70,80,16,12,0,8,6,0,0,0
G36011900032,1970,1,2,New York,36,Westchester,119,,,0032,A,5600,,Tract   32,1,1,G,5,13,43,19,16,63,38,69,54,61,111,58,79,3,0,18,74,67,51,33,24,40,42,25,22,9,6,0,0,0
G36011900033,1970,1,2,New York,36,Westchester,119,,,0033,A,5600,,Tract   33,1,1,G,18,16,27,36,40,46,59,26,78,59,125,99,192,64,0,74,48,24,31,36,25,7,15,28,29,9,0,27,0,0
G36011900034,1970,1,2,New York,36,Westchester,119,,,0034,A,5600,,Tract   34,1,1,G,27,0,38,28,86,57,77,100,58,95,129,204,334,33,14,31,53,42,46,24,24,26,6,16,4,28,16,10,0,0
G36011900035,1970,1,2,New York,36,Westchester,119,,,0035,A,5600,,Tract   35,1,1,G,36,4,17,30,47,44,76,41,54,53,91,67,91,10,0,65,35,19,15,15,20,4,0,0,6,6,0,7,0,0
G36011900036,1970,1,2,New York,36,Westchester,119,,,0036,A,5600,,Tract   36,1,1,G,16,23,37,57,38,38,44,107,94,92,86,160,204,14,0,123,111,22,42,42,39,27,10,10,6,29,5,0,0,0
G36011900037,1970,1,2,New York,36,Westchester,119,,,0037,A,5600,,Tract   37,1,1,G,12,8,17,49,32,42,36,80,61,119,136,183,150,3,0,28,66,60,41,19,4,47,0,0,0,8,0,8,0,0
G36011900038,1970,1,2,New York,36,Westchester,119,,,0038,A,5600,,Tract   38,1,1,G,47,33,21,47,15,32,33,47,99,99,173,216,344,91,5,51,57,75,50,32,24,29,42,16,15,31,24,24,0,0
G36011900039,1970,1,2,New York,36,Westchester,119,,,0039,A,5600,,Tract   39,1,1,G,8,16,11,35,34,49,21,48,48,55,123,249,273,104,10,10,41,31,35,15,24,19,17,0,5,10,5,0,0,0
G36011900040,1970,1,2,New York,36,Westchester,119,,,0040,A,5600,,Tract   40,1,1,G,10,47,28,43,42,64,70,36,87,110,206,225,301,42,10,47,130,73,60,60,79,22,49,36,21,42,35,15,15,5
G36011900041,1970,1,2,New York,36,Westchester,119,,,0041,A,5600,,Tract   41,1,1,G,0,20,19,5,13,48,34,38,74,84,145,117,246,137,16,36,40,20,24,10,17,73,15,27,9,20,9,12,0,0
G36011900042,1970,1,2,New York,36,Westchester,119,,,0042,A,5600,,Tract   42,1,1,G,10,16,14,28,33,17,29,54,33,111,161,219,415,222,44,55,62,32,61,25,32,28,37,40,16,20,16,15,0,0
G36011900043,1970,1,2,New York,36,Westchester,119,,,0043,A,5600,,Tract   43,1,1,G,4,0,11,9,16,15,17,6,10,15,83,149,192,56,11,9,30,20,24,7,12,22,6,13,9,4,0,3,9,0
G36011900044,1970,1,2,New York,36,Westchester,119,,,0044,A,5600,,Tract   44,1,1,G,0,0,9,14,20,21,19,63,17,52,73,135,279,330,77,35,20,29,36,9,4,5,23,5,0,9,0,4,0,0
G36011900045,1970,1,2,New York,36,Westchester,119,,,0045,A,5600,,Tract   45,1,1,G,0,0,6,10,5,11,7,11,17,25,55,90,120,90,9,6,14,18,8,8,12,22,21,31,18,26,8,5,0,0
G36011900046,1970,1,2,New York,36,Westchester,119,,,0046,A,5600,,Tract   46,1,1,G,16,10,18,6,0,24,24,35,22,21,51,96,256,198,40,27,51,36,35,23,52,53,32,21,9,57,48,41,47,14
G36011900047,1970,1,2,New York,36,Westchester,119,,,0047,A,5600,,Tract   47,1,1,G,0,35,0,10,21,4,5,12,31,4,53,58,127,254,314,216,82,28,34,41,40,5,9,0,4,25,4,4,14,8
G36011900048,1970,1,2,New York,36,Westchester,119,,,0048,A,5600,,Tract   48,1,1,G,37,26,59,51,81,111,47,89,101,123,227,202,339,123,25,121,141,53,32,29,22,25,21,37,10,31,4,11,0,0
G36011900049,1970,1,2,New York,36,Westchester,119,,,0049,A,5600,,Tract   49,1,1,G,18,11,33,28,33,26,55,28,20,47,106,168,350,202,34,33,30,53,53,37,38,45,38,36,27,65,44,98,4,0
G3601190005001,1970,1,2,New York,36,Westchester,119,,,005001,A,5600,,Tract   50.01,1,1,G,8,5,9,17,25,11,15,21,32,29,124,164,289,87,53,55,24,12,10,9,0,9,13,0,0,13,0,12,0,5
G3601190005002,1970,1,2,New York,36,Westchester,119,,,005002,A,5600,,Tract   50.02,1,1,G,18,11,15,0,21,12,27,11,29,58,88,140,329,264,82,24,18,25,6,7,8,6,0,0,12,0,6,27,0,7
G36011900051,1970,1,2,New York,36,Westchester,119,,,0051,A,5600,,Tract   51,1,1,G,13,11,31,11,20,47,48,51,100,106,205,246,589,240,25,42,51,56,25,37,15,36,26,10,12,48,21,15,5,0
G36011900052,1970,1,2,New York,36,Westchester,119,,,0052,A,5600,,Tract   52,1,1,G,20,10,10,11,23,31,49,35,41,37,180,165,569,417,159,55,20,34,38,24,11,14,20,33,10,24,11,21,15,11
G36011900053,1970,1,2,New York,36,Westchester,119,,,0053,A,5600,,Tract   53,1,1,G,10,21,22,17,40,34,89,76,79,77,145,218,355,109,5,39,55,65,44,51,29,23,18,5,6,21,11,5,0,0
G36011900054,1970,1,2,New York,36,Westchester,119,,,0054,A,5600,,Tract   54,1,1,G,5,0,11,0,0,13,6,0,11,21,56,17,158,168,90,6,12,19,17,6,12,15,6,4,0,6,16,11,16,0
G36011900055,1970,1,2,New York,36,Westchester,119,,,0055,A,5600,,Tract   55,1,1,G,10,10,14,11,31,19,25,21,55,21,100,157,480,557,171,33,71,24,29,45,28,0,4,11,10,33,34,29,10,0
G3601190005701,1970,1,2,New York,36,Westchester,119,,,005701,A,5600,,Tract   57.01,1,1,G,16,6,22,39,41,76,84,74,113,92,259,285,484,138,10,41,45,74,56,26,26,67,54,45,4,76,70,29,19,0
G3601190005702,1970,1,2,New York,36,Westchester,119,,,005702,A,5600,,Tract   57.02,1,1,G,20,8,9,14,17,14,53,52,44,54,102,147,252,45,6,666,153,51,46,25,28,35,29,36,24,40,16,16,6,0
G36011900058,1970,1,2,New York,36,Westchester,119,,,0058,A,5600,,Tract   58,1,1,G,27,23,26,37,38,55,39,41,45,52,78,114,106,29,9,57,96,34,78,38,44,28,39,11,0,13,10,7,0,0
G3601190005901,1970,1,2,New York,36,Westchester,119,,,005901,A,5600,,Tract   59.01,1,1,G,26,13,47,37,35,107,86,69,91,35,161,154,213,57,5,69,91,45,56,43,28,41,28,18,28,18,18,38,6,0
G3601190005902,1970,1,2,New York,36,Westchester,119,,,005902,A,5600,,Tract   59.02,1,1,G,0,5,29,37,29,23,65,52,83,104,287,346,562,223,31,68,10,22,54,25,79,33,37,33,27,20,41,50,25,0
G36011900060,1970,1,2,New York,36,Westchester,119,,,0060,A,5600,,Tract   60,1,1,G,67,14,39,16,67,50,40,68,52,66,111,146,123,46,11,79,39,11,35,31,17,0,6,23,20,23,12,8,0,0
G36011900061,1970,1,2,New York,36,Westchester,119,,,0061,A,5600,,Tract   61,1,1,G,17,23,23,38,37,31,61,41,52,98,92,117,100,14,6,42,57,61,37,14,4,18,18,3,11,10,10,0,0,0
G36011900062,1970,1,2,New York,36,Westchester,119,,,0062,A,5600,,Tract   62,1,1,G,34,72,76,47,83,61,112,96,122,116,137,155,179,62,6,75,118,35,31,23,19,9,12,0,9,0,4,0,0,0
G36011900063,1970,1,2,New York,36,Westchester,119,,,0063,A,5600,,Tract   63,1,1,G,36,45,51,92,41,68,87,117,66,67,188,185,112,22,0,214,116,137,87,53,35,41,41,26,57,16,18,27,0,0
G36011900064,1970,1,2,New York,36,Westchester,119,,,0064,A,5600,,Tract   64,1,1,G,29,15,71,50,113,76,95,128,120,66,187,190,278,89,20,192,93,80,104,42,38,21,9,21,17,4,4,8,0,0
G36011900065,1970,1,2,New York,36,Westchester,119,,,0065,A,5600,,Tract   65,1,1,G,14,26,17,41,70,88,60,92,77,86,163,194,297,90,17,115,69,75,43,43,30,27,10,3,13,26,12,5,4,0
G36011900066,1970,1,2,New York,36,Westchester,119,,,0066,A,5600,,Tract   66,1,1,G,20,16,10,55,46,31,61,22,35,102,163,262,642,257,83,75,63,16,27,37,25,15,10,21,21,17,14,26,10,4
G36011900067,1970,1,2,New York,36,Westchester,119,,,0067,A,5600,,Tract   67,1,1,G,20,11,12,0,5,16,6,14,10,16,74,91,294,558,319,83,47,27,76,3,18,0,11,6,33,11,0,0,10,0
G3601190006801,1970,1,2,New York,36,Westchester,119,,,006801,A,5600,,Tract   68.01,1,1,G,15,0,0,5,23,15,11,22,8,45,54,173,547,589,134,33,10,9,39,5,0,0,5,5,0,4,6,0,5,0
G3601190006802,1970,1,2,New York,36,Westchester,119,,,006802,A,5600,,Tract   68.02,1,1,G,7,5,11,20,5,19,16,27,18,11,88,78,385,660,195,62,28,54,55,21,23,21,14,44,13,5,19,27,18,0
G36011900069,1970,1,2,New York,36,Westchester,119,,,0069,A,5600,,Tract   69,1,1,G,7,0,19,20,31,55,38,42,52,60,80,169,465,375,236,38,30,69,41,0,15,31,11,36,26,10,0,19,5,0
G36011900070,1970,1,2,New York,36,Westchester,119,,,0070,A,5600,,Tract   70,1,1,G,20,30,9,25,40,23,32,27,45,43,158,181,549,534,170,71,64,15,46,46,44,22,39,10,13,37,36,40,20,10
G36011900071,1970,1,2,New York,36,Westchester,119,,,0071,A,5600,,Tract   71,1,1,G,18,21,19,51,20,12,30,52,26,55,84,174,468,509,233,63,77,72,54,110,21,15,30,7,27,22,11,46,0,8
G36011900072,1970,1,2,New York,36,Westchester,119,,,0072,A,5600,,Tract   72,1,1,G,24,9,53,55,22,49,79,77,75,69,208,219,389,270,133,52,54,47,74,65,34,22,37,10,17,28,38,34,11,0
G36011900073,1970,1,2,New York,36,Westchester,119,,,0073,A,5600,,Tract   73,1,1,G,5,36,40,37,37,36,44,29,67,141,179,143,303,114,31,39,76,35,26,15,4,27,0,22,0,6,11,9,0,0
G3601190007401,1970,1,2,New York,36,Westchester,119,,,007401,A,5600,,Tract   74.01,1,1,G,35,5,34,20,24,80,49,66,70,92,167,200,375,97,11,40,33,20,47,21,44,20,4,9,6,0,25,22,0,0
G3601190007402,1970,1,2,New York,36,Westchester,119,,,007402,A,5600,,Tract   74.02,1,1,G,0,0,21,0,15,23,25,22,31,24,62,56,251,163,72,21,20,40,18,9,11,7,4,0,5,0,6,7,13,0
G36011900075,1970,1,2,New York,36,Westchester,119,,,0075,A,5600,,Tract   75,1,1,G,0,0,7,0,4,11,31,13,21,13,71,98,278,402,125,5,0,31,19,20,22,5,10,0,0,17,8,9,0,0
G36011900076,1970,1,2,New York,36,Westchester,119,,,0076,A,5600,,Tract   76,1,1,G,18,6,29,15,23,32,29,30,38,30,182,162,415,390,201,30,27,21,12,24,44,19,0,27,35,0,15,31,25,3
G36011900077,1970,1,2,New York,36,Westchester,119,,,0077,A,5600,,Tract   77,1,1,G,5,10,20,10,5,36,22,50,58,95,133,199,368,280,92,49,72,63,62,54,51,51,37,38,26,29,33,33,23,4
G36011900078,1970,1,2,New York,36,Westchester,119,,,0078,A,5600,,Tract   78,1,1,G,29,26,37,65,77,47,66,98,74,64,142,133,171,10,6,48,32,45,29,18,9,24,24,5,0,0,0,15,0,5
G36011900079,1970,1,2,New York,36,Westchester,119,,,0079,A,5600,,Tract   79,1,1,G,12,35,93,80,36,62,116,113,136,100,223,260,292,57,0,122,100,89,36,72,42,61,47,36,5,41,10,20,4,0
G36011900080,1970,1,2,New York,36,Westchester,119,,,0080,A,5600,,Tract   80,1,1,G,53,43,59,51,75,103,70,79,73,82,138,135,183,8,7,125,100,53,43,111,19,16,15,27,14,31,24,6,0,0
G36011900081,1970,1,2,New York,36,Westchester,119,,,0081,A,5600,,Tract   81,1,1,G,12,24,17,48,29,65,32,67,81,71,110,147,228,4,0,26,73,56,63,5,6,11,0,27,15,30,12,0,0,0
G36011900082,1970,1,2,New York,36,Westchester,119,,,0082,A,5600,,Tract   82,1,1,G,34,21,52,21,47,68,61,55,142,89,227,350,668,198,4,94,70,70,44,60,25,53,29,0,18,18,29,37,13,6
G3601190008301,1970,1,2,New York,36,Westchester,119,,,008301,A,5600,,Tract   83.01,1,1,G,0,0,10,24,4,24,22,51,37,19,69,147,255,82,4,18,42,5,5,21,0,10,0,11,0,10,10,12,0,0
G3601190008302,1970,1,2,New York,36,Westchester,119,,,008302,A,5600,,Tract   83.02,1,1,G,10,6,11,6,4,10,20,33,16,20,99,177,486,402,131,1002,150,31,34,4,5,0,19,21,17,21,13,11,5,0
G3601190008401,1970,1,2,New York,36,Westchester,119,,,008401,A,5600,,Tract   84.01,1,1,G,0,0,0,0,9,5,3,20,18,0,28,32,100,102,162,0,30,7,15,0,7,22,0,6,0,14,7,38,0,0
G3601190008403,1970,1,2,New York,36,Westchester,119,,,008403,A,5600,,Tract   84.03,1,1,G,25,24,15,22,11,21,54,71,23,60,189,216,269,41,0,30,24,24,15,23,8,17,0,0,8,8,0,0,0,0
G3601190008404,1970,1,2,New York,36,Westchester,119,,,008404,A,5600,,Tract   84.04,1,1,G,25,19,56,9,11,29,61,35,81,47,178,287,434,63,12,33,25,23,26,32,37,28,24,18,9,39,33,12,12,0
G36011900085,1970,1,2,New York,36,Westchester,119,,,0085,A,5600,,Tract   85,1,1,G,16,6,0,5,4,5,10,12,3,3,25,26,74,255,370,10,29,56,76,29,21,4,11,0,7,0,0,8,5,13
G36011900086,1970,1,2,New York,36,Westchester,119,,,0086,A,5600,,Tract   86,1,1,G,11,7,9,8,5,10,9,28,30,16,43,53,107,150,31,24,8,23,20,43,15,28,0,0,0,9,0,14,4,0
G36011900087,1970,1,2,New York,36,Westchester,119,,,0087,A,5600,,Tract   87,1,1,G,29,48,33,0,36,25,52,101,98,44,228,311,340,88,6,36,25,19,11,31,36,24,30,7,7,13,18,0,0,0
G36011900088,1970,1,2,New York,36,Westchester,119,,,0088,A,5600,,Tract   88,1,1,G,29,16,30,25,47,48,73,20,84,88,121,181,317,111,0,117,90,82,55,57,52,64,67,59,33,70,85,70,0,0
G36011900089,1970,1,2,New York,36,Westchester,119,,,0089,A,5600,,Tract   89,1,1,G,22,44,22,57,65,114,110,156,118,96,239,312,569,108,12,285,230,80,87,77,69,101,107,59,80,137,78,107,16,0
G36011900090,1970,1,2,New York,36,Westchester,119,,,0090,A,5600,,Tract   90,1,1,G,6,20,4,20,26,35,19,55,40,33,151,156,192,51,9,35,83,61,49,19,25,5,26,17,8,11,0,7,0,0
G36011900091,1970,1,2,New York,36,Westchester,119,,,0091,A,5600,,Tract   91,1,1,G,24,13,37,58,83,48,82,75,71,87,202,217,293,53,0,70,68,53,42,30,26,46,8,15,13,31,34,17,0,0
G36011900092,1970,1,2,New York,36,Westchester,119,,,0092,A,5600,,Tract   92,1,1,G,11,35,33,39,77,60,113,62,75,78,244,230,290,116,6,57,106,87,111,58,49,31,40,20,20,27,33,5,5,0
G36011900093,1970,1,2,New York,36,Westchester,119,,,0093,A,5600,,Tract   93,1,1,G,29,34,31,13,25,41,84,71,29,25,106,70,33,19,0,37,98,27,39,42,66,59,10,21,0,0,5,19,0,0
G36011900094,1970,1,2,New York,36,Westchester,119,,,0094,A,5600,,Tract   94,1,1,G,11,18,6,40,6,25,10,15,48,32,74,82,108,64,16,62,61,53,26,36,35,50,51,17,4,19,30,24,4,0
G36011900095,1970,1,2,New York,36,Westchester,119,,,0095,A,5600,,Tract   95,1,1,G,5,6,37,8,5,31,26,14,47,45,128,130,299,99,22,77,67,62,42,91,37,74,39,43,76,56,45,97,0,0
G36011900096,1970,1,2,New York,36,Westchester,119,,,0096,A,5600,,Tract   96,1,1,G,9,6,0,0,17,28,37,13,26,43,91,131,459,350,97,16,14,51,18,27,24,39,45,0,16,47,14,55,5,9
G3601190009701,1970,1,2,New York,36,Westchester,119,,,009701,A,5600,,Tract   97.01,1,1,G,11,0,10,8,0,8,24,21,33,15,35,57,295,178,118,9,15,34,34,17,7,3,4,14,0,7,0,0,0,0
G3601190009702,1970,1,2,New York,36,Westchester,119,,,009702,A,5600,,Tract   97.02,1,1,G,17,9,8,9,11,15,20,26,33,26,66,86,165,250,91,70,53,30,45,54,88,70,58,58,36,41,29,48,0,5
G3601190009703,1970,1,2,New York,36,Westchester,119,,,009703,A,5600,,Tract   97.03,1,1,G,9,5,2,3,9,4,8,5,0,5,28,61,318,294,195,18,3,7,32,38,0,0,0,4,0,3,13,5,5,0
G36011900098,1970,1,2,New York,36,Westchester,119,,,0098,A,5600,,Tract   98,1,1,G,10,10,12,0,0,9,9,4,6,5,36,63,248,482,370,13,27,25,87,20,3,6,5,0,0,3,0,17,0,11
G36011900099,1970,1,2,New York,36,Westchester,119,,,0099,A,5600,,Tract   99,1,1,G,4,0,0,0,0,0,12,5,4,17,12,13,139,237,394,33,23,41,66,19,29,18,14,0,6,0,12,10,4,4
G36011900100,1970,1,2,New York,36,Westchester,119,,,0100,A,5600,,Tract  100,1,1,G,17,4,0,12,6,0,6,4,21,0,8,69,251,565,453,32,38,42,72,33,9,0,6,0,5,11,11,23,10,14
G36011900101,1970,1,2,New York,36,Westchester,119,,,0101,A,5600,,Tract  101,1,1,G,6,6,11,29,23,33,26,14,17,49,126,108,427,383,192,34,19,47,28,37,21,31,13,31,14,23,25,52,9,11
G36011900102,1970,1,2,New York,36,Westchester,119,,,0102,A,5600,,Tract  102,1,1,G,8,16,10,5,5,22,24,43,44,42,111,235,559,346,75,52,8,12,21,0,8,30,9,17,18,9,18,0,0,0
G36011900103,1970,1,2,New York,36,Westchester,119,,,0103,A,5600,,Tract  103,1,1,G,30,34,50,40,30,48,42,27,64,39,138,101,262,107,23,39,55,27,34,45,32,15,55,32,17,26,33,26,5,0
G36011900104,1970,1,2,New York,36,Westchester,119,,,0104,A,5600,,Tract  104,1,1,G,5,14,34,21,7,20,42,40,58,51,87,121,232,73,21,97,42,85,46,37,32,45,39,43,17,25,28,17,4,0
G36011900105,1970,1,2,New York,36,Westchester,119,,,0105,A,5600,,Tract  105,1,1,G,6,18,27,5,12,11,16,60,45,71,237,243,577,346,42,24,49,4,48,15,52,43,24,37,11,32,72,21,12,0
G36011900106,1970,1,2,New York,36,Westchester,119,,,0106,A,5600,,Tract  106,1,1,G,5,0,0,6,17,6,15,10,34,23,82,149,444,282,58,0,25,11,0,11,4,4,0,15,4,6,10,14,0,0
G36011900107,1970,1,2,New York,36,Westchester,119,,,0107,A,5600,,Tract  107,1,1,G,5,9,0,0,22,5,24,23,55,37,106,181,527,635,278,45,22,32,40,34,25,11,6,9,0,23,30,29,13,0
G3601190010801,1970,1,2,New York,36,Westchester,119,,,010801,A,5600,,Tract  108.01,1,1,G,34,29,28,14,14,15,26,24,49,30,152,151,492,290,100,16,18,69,15,9,28,25,36,86,13,60,39,75,13,0
G3601190010802,1970,1,2,New York,36,Westchester,119,,,010802,A,5600,,Tract  108.02,1,1,G,11,14,36,43,26,29,41,89,106,86,186,261,768,343,48,21,23,44,41,38,72,37,7,7,38,36,46,20,10,8
G3601190010901,1970,1,2,New York,36,Westchester,119,,,010901,A,5600,,Tract  109.01,1,1,G,4,4,0,0,0,9,15,6,0,0,13,60,149,46,16,0,8,6,0,0,9,5,0,0,0,5,0,5,0,0
G3601190010902,1970,1,2,New York,36,Westchester,119,,,010902,A,5600,,Tract  109.02,1,1,G,4,0,35,34,51,43,40,58,114,90,160,290,516,120,0,67,38,42,22,32,14,32,25,16,23,5,25,32,0,0
G3601190010903,1970,1,2,New York,36,Westchester,119,,,010903,A,5600,,Tract  109.03,1,1,G,26,6,35,29,28,23,37,64,46,77,90,154,261,138,10,64,68,43,46,36,41,22,18,25,7,7,5,9,6,0
G36011900110,1970,1,2,New York,36,Westchester,119,,,0110,A,5600,,Tract  110,1,1,G,15,10,7,12,11,0,12,15,33,24,63,112,235,56,7,45,14,11,0,0,5,0,13,0,0,0,0,17,0,0
G3601190011101,1970,1,2,New York,36,Westchester,119,,,011101,A,5600,,Tract  111.01,1,1,G,11,23,30,8,11,31,20,38,23,29,73,125,415,137,35,3,20,10,5,6,5,0,0,4,9,12,0,0,0,0
G3601190011102,1970,1,2,New York,36,Westchester,119,,,011102,A,5600,,Tract  111.02,1,1,G,4,9,5,10,0,11,6,27,17,28,76,100,355,246,21,11,0,17,7,0,0,6,0,0,0,5,0,6,0,0
G36011900112,1970,1,2,New York,36,Westchester,119,,,0112,A,5600,,Tract  112,1,1,G,21,35,27,21,42,31,61,49,28,65,165,104,288,60,12,25,48,37,25,17,17,16,20,14,14,18,17,0,0,0
G36011900113,1970,1,2,New York,36,Westchester,119,,,0113,A,5600,,Tract  113,1,1,G,19,27,9,26,21,27,52,36,88,56,110,217,452,305,106,53,88,55,26,41,55,12,6,38,15,30,6,12,19,5
G36011900114,1970,1,2,New York,36,Westchester,119,,,0114,A,5600,,Tract  114,1,1,G,9,9,20,24,18,18,25,31,19,47,104,219,453,315,69,654,226,86,32,32,19,21,35,24,62,34,40,52,19,0
G36011900115,1970,1,2,New York,36,Westchester,119,,,0115,A,5600,,Tract  115,1,1,G,25,30,33,49,76,71,40,59,105,136,180,211,267,69,5,67,118,52,32,62,24,57,33,39,11,55,21,43,0,5
G36011900116,1970,1,2,New York,36,Westchester,119,,,0116,A,5600,,Tract  116,1,1,G,37,36,46,67,54,72,93,89,117,93,126,221,270,28,0,33,101,41,30,24,51,63,44,25,30,42,15,0,0,0
G36011900117,1970,1,2,New York,36,Westchester,119,,,0117,A,5600,,Tract  117,1,1,G,0,10,7,0,6,15,22,44,17,43,69,89,177,269,27,30,24,6,6,12,7,0,7,25,10,43,0,5,0,0
G36011900118,1970,1,2,New York,36,Westchester,119,,,0118,A,5600,,Tract  118,1,1,G,0,5,4,13,5,5,20,24,37,38,46,92,190,219,41,27,31,9,14,0,15,11,10,0,18,0,0,6,0,0
G3601190011901,1970,1,2,New York,36,Westchester,119,,,011901,A,5600,,Tract  119.01,1,1,G,5,0,0,0,0,0,9,0,0,11,25,5,14,5,0,55,95,45,57,61,45,20,15,31,5,10,0,0,12,5
G3601190011902,1970,1,2,New York,36,Westchester,119,,,011902,A,5600,,Tract  119.02,1,1,G,8,3,17,15,20,23,20,20,55,85,133,159,453,151,10,6,27,27,20,7,32,16,12,7,22,14,8,0,0,5
G36011900120,1970,1,2,New York,36,Westchester,119,,,0120,A,5600,,Tract  120,1,1,G,4,0,10,25,3,25,66,39,35,69,107,253,388,123,0,212,20,10,22,9,20,10,16,0,16,11,4,36,4,0
G36011900121,1970,1,2,New York,36,Westchester,119,,,0121,A,5600,,Tract  121,1,1,G,16,31,5,24,15,50,30,22,36,81,167,400,774,384,65,41,39,6,20,14,10,6,5,4,0,14,41,24,0,0
G36011900122,1970,1,2,New York,36,Westchester,119,,,0122,A,5600,,Tract  122,1,1,G,9,37,15,34,16,60,41,53,116,89,178,283,588,265,23,74,36,37,34,41,34,48,42,46,30,38,40,34,5,0
G3601190012301,1970,1,2,New York,36,Westchester,119,,,012301,A,5600,,Tract  123.01,1,1,G,0,0,11,15,27,20,24,40,18,42,97,120,202,36,9,0,45,0,6,18,9,0,4,4,5,13,0,6,0,0
G3601190012302,1970,1,2,New York,36,Westchester,119,,,012302,A,5600,,Tract  123.02,1,1,G,13,4,24,10,5,18,39,66,58,11,146,131,592,573,92,72,11,14,14,30,0,2,17,4,0,16,15,16,14,12
G36011900124,1970,1,2,New York,36,Westchester,119,,,0124,A,5600,,Tract  124,1,1,G,9,17,7,6,6,10,26,25,21,19,77,94,353,202,142,7,14,5,45,13,16,0,0,6,0,28,7,0,6,0
G36011900125,1970,1,2,New York,36,Westchester,119,,,0125,A,5600,,Tract  125,1,1,G,19,0,20,19,40,40,47,38,64,43,197,212,536,288,65,49,49,17,15,15,0,16,15,6,12,27,38,19,0,0
G36011900126,1970,1,2,New York,36,Westchester,119,,,0126,A,5600,,Tract  126,1,1,G,6,12,8,44,32,15,14,25,16,33,75,170,393,270,82,21,33,49,34,12,24,5,15,14,10,10,9,28,0,0
G36011900127,1970,1,2,New York,36,Westchester,119,,,0127,A,5600,,Tract  127,1,1,G,4,0,7,22,13,5,14,18,40,29,96,58,371,275,75,19,5,21,19,21,0,5,0,21,6,6,4,35,14,0
G36011900128,1970,1,2,New York,36,Westchester,119,,,0128,A,5600,,Tract  128,1,1,G,13,15,16,21,49,32,33,52,69,37,139,236,470,210,97,49,86,48,41,13,62,52,35,38,6,60,34,12,11,0
G36011900129,1970,1,2,New York,36,Westchester,119,,,0129,A,5600,,Tract  129,1,1,G,24,16,24,68,54,54,34,48,79,54,134,187,209,88,8,31,57,71,62,33,32,32,30,18,34,39,14,33,10,0
G36011900130,1970,1,2,New York,36,Westchester,119,,,0130,A,5600,,Tract  130,1,1,G,4,25,21,14,14,13,49,45,44,61,112,217,343,84,25,32,21,46,10,19,20,28,12,34,0,17,17,12,12,0
G3601190013102,1970,1,2,New York,36,Westchester,119,,,013102,A,5600,,Tract  131.02,1,1,G,10,6,18,14,4,0,15,36,21,17,57,57,358,445,163,61,0,23,37,30,22,29,8,8,0,5,5,17,0,9
G3601190013103,1970,1,2,New York,36,Westchester,119,,,013103,A,5600,,Tract  131.03,1,1,G,10,5,9,0,0,5,15,24,4,18,30,96,277,368,179,252,19,21,11,0,16,10,16,0,4,35,25,26,11,15
G3601190013104,1970,1,2,New York,36,Westchester,119,,,013104,A,5600,,Tract  131.04,1,1,G,0,0,18,24,4,4,27,32,11,14,37,81,331,442,267,18,7,16,29,11,3,4,0,12,0,25,9,11,4,0
G3601190013201,1970,1,2,New York,36,Westchester,119,,,013201,A,5600,,Tract  132.01,1,1,G,3,0,7,7,0,5,4,21,3,5,21,16,140,332,109,541,105,35,19,9,0,0,9,0,5,10,0,0,0,15
G3601190013202,1970,1,2,New York,36,Westchester,119,,,013202,A,5600,,Tract  132.02,1,1,G,0,15,16,0,12,12,3,9,19,18,38,56,331,279,64,15,23,0,11,6,15,0,0,4,0,10,6,11,5,0
G3601190013301,1970,1,2,New York,36,Westchester,119,,,013301,A,5600,,Tract  133.01,1,1,G,30,34,22,55,37,41,48,90,59,60,125,71,79,0,5,36,42,32,19,51,34,18,17,5,19,18,0,0,6,0
G3601190013303,1970,1,2,New York,36,Westchester,119,,,013303,A,5600,,Tract  133.03,1,1,G,0,0,0,0,0,0,0,0,0,0,0,0,0,0,0,0,0,0,0,0,0,0,0,0,0,0,0,0,0,0
G3601190013304,1970,1,2,New York,36,Westchester,119,,,013304,A,5600,,Tract  133.04,1,1,G,23,11,9,20,32,23,48,62,52,74,185,231,126,55,4,44,41,32,40,29,35,44,13,8,7,18,10,3,0,0
G36011900134,1970,1,2,New York,36,Westchester,119,,,0134,A,5600,,Tract  134,1,1,G,12,25,21,22,20,69,72,101,124,125,272,424,629,140,10,55,69,54,44,29,41,33,46,41,17,86,50,49,5,0
G36011900135,1970,1,2,New York,36,Westchester,119,,,0135,A,5600,,Tract  135,1,1,G,8,11,18,28,13,29,43,49,49,53,144,164,347,77,5,39,29,36,9,7,18,32,22,0,7,19,0,0,0,0
G36011900136,1970,1,2,New York,36,Westchester,119,,,0136,A,5600,,Tract  136,1,1,G,6,10,12,12,15,8,50,48,45,46,99,105,140,25,0,46,40,35,14,18,8,0,5,9,12,6,24,5,5,5
G36011900137,1970,1,2,New York,36,Westchester,119,,,0137,A,5600,,Tract  137,1,1,G,13,0,17,12,14,11,26,5,48,27,84,121,385,163,37,596,148,124,39,29,23,13,16,0,12,0,0,0,0,0
G36011900138,1970,1,2,New York,36,Westchester,119,,,0138,A,5600,,Tract  138,1,1,G,5,5,6,0,11,23,58,57,18,72,132,176,380,72,0,15,21,16,18,5,0,19,10,19,0,4,5,4,0,0
G36011900139,1970,1,2,New York,36,Westchester,119,,,0139,A,5600,,Tract  139,1,1,G,19,18,22,4,10,16,43,75,40,69,106,147,251,142,27,29,25,50,15,0,20,14,14,5,5,17,15,6,0,0
G36011900140,1970,1,2,New York,36,Westchester,119,,,0140,A,5600,,Tract  140,1,1,G,0,10,15,21,15,27,28,22,25,37,118,107,131,30,5,15,10,24,15,4,5,14,9,4,5,0,0,9,0,0
G36011900141,1970,1,2,New York,36,Westchester,119,,,0141,A,5600,,Tract  141,1,1,G,31,4,27,83,81,71,45,127,136,104,181,227,313,21,6,77,117,78,79,31,38,21,35,19,8,36,5,14,12,0
G36011900142,1970,1,2,New York,36,Westchester,119,,,0142,A,5600,,Tract  142,1,1,G,12,14,38,21,21,64,55,68,61,67,148,114,251,64,11,49,55,27,22,40,17,21,15,11,26,23,6,24,0,0
G36011900143,1970,1,2,New York,36,Westchester,119,,,0143,A,5600,,Tract  143,1,1,G,21,5,42,39,33,94,35,80,28,53,81,118,31,14,0,51,61,80,35,28,24,31,32,41,0,4,17,0,9,0
G36011900144,1970,1,2,New York,36,Westchester,119,,,0144,A,5600,,Tract  144,1,1,G,13,22,27,14,18,16,32,66,52,48,105,156,243,54,6,24,0,51,13,27,16,7,9,7,0,0,22,0,8,0
G36011900145,1970,1,2,New York,36,Westchester,119,,,0145,A,5600,,Tract  145,1,1,G,4,9,40,41,22,14,63,36,38,51,126,85,159,48,4,168,62,21,9,20,33,28,9,16,3,5,13,17,31,0
G3601190014602,1970,1,2,New York,36,Westchester,119,,,014602,A,5600,,Tract  146.02,1,1,G,0,21,33,39,36,60,33,81,88,60,163,324,598,246,41,48,199,127,75,61,66,69,25,15,10,6,5,9,4,0
G3601190014603,1970,1,2,New York,36,Westchester,119,,,014603,A,5600,,Tract  146.03,1,1,G,0,0,0,0,0,0,0,0,0,0,0,0,5,9,0,24,23,20,5,4,14,15,9,10,0,5,0,0,0,0
G3601190014604,1970,1,2,New York,36,Westchester,119,,,014604,A,5600,,Tract  146.04,1,1,G,38,4,19,29,60,42,27,70,86,88,166,262,260,40,0,56,73,12,6,17,14,6,7,28,7,18,6,0,0,0
G3601190014701,1970,1,2,New York,36,Westchester,119,,,014701,A,5600,,Tract  147.01,1,1,G,12,5,4,5,36,21,11,39,25,40,150,234,280,108,10,11,23,39,12,27,0,6,0,0,16,0,4,4,0,0
G3601190014702,1970,1,2,New York,36,Westchester,119,,,014702,A,5600,,Tract  147.02,1,1,G,9,19,37,30,22,23,64,92,72,99,242,367,557,144,0,16,15,23,15,0,14,10,18,10,7,6,0,4,10,0
G3601190014804,1970,1,2,New York,36,Westchester,119,,,014804,A,5600,,Tract  148.04,1,1,G,3,15,20,8,25,22,45,34,67,55,217,262,288,110,0,33,41,35,10,0,10,14,5,8,0,15,10,0,0,0
G3601190014805,1970,1,2,New York,36,Westchester,119,,,014805,A,5600,,Tract  148.05,1,1,G,0,0,13,17,0,13,24,0,36,32,75,92,340,162,35,25,19,11,4,0,5,0,5,0,0,5,12,10,0,5
G3601190014806,1970,1,2,New York,36,Westchester,119,,,014806,A,5600,,Tract  148.06,1,1,G,5,5,17,24,20,5,9,30,36,65,160,314,545,99,15,5,0,0,0,10,0,14,5,10,0,0,0,0,0,0
G3601190014807,1970,1,2,New York,36,Westchester,119,,,014807,A,5600,,Tract  148.07,1,1,G,4,10,6,14,4,26,31,37,67,56,178,301,510,76,10,14,25,24,8,3,12,9,6,0,0,5,6,0,0,0
G3601190014808,1970,1,2,New York,36,Westchester,119,,,014808,A,5600,,Tract  148.08,1,1,G,0,6,6,5,5,6,21,19,41,10,78,99,320,89,33,26,6,0,0,0,4,0,4,4,0,11,0,7,0,0
G3601190014809,1970,1,2,New York,36,Westchester,119,,,014809,A,5600,,Tract  148.09,1,1,G,24,17,13,18,16,45,22,31,34,55,189,215,358,118,18,16,21,21,6,8,9,14,11,12,5,13,8,13,0,0
G3601190014901,1970,1,2,New York,36,Westchester,119,,,014901,A,5600,,Tract  149.01,1,1,G,21,0,43,24,66,34,34,66,85,112,256,248,513,148,0,55,23,23,29,6,12,26,6,0,12,21,29,6,0,0
G3601190014902,1970,1,2,New York,36,Westchester,119,,,014902,A,5600,,Tract  149.02,1,1,G,7,0,6,16,2,0,17,23,0,11,82,88,218,88,14,5,6,0,0,0,5,15,11,0,5,15,0,6,0,6
G36011900150,1970,1,2,New York,36,Westchester,119,,,0150,A,5600,,Tract  150,1,1,G,5,6,10,21,34,35,20,34,43,54,135,136,332,79,23,6,47,11,6,0,5,5,0,0,0,0,12,19,18,0